identity/LineItemId,identity/TimeInterval,bill/PayerAccountId,bill/BillingPeriodStartDate,bill/BillingPeriodEndDate,bill/BillingEntity,lineItem/UsageAccountId,lineItem/LineItemType,lineItem/UsageStartDate,lineItem/UsageEndDate,lineItem/ProductCode,lineItem/UsageType,lineItem/Operation,lineItem/AvailabilityZone,lineItem/ResourceId,lineItem/UsageAmount,lineItem/NormalizationFactor,lineItem/NormalizedUsageAmount,lineItem/UnblendedRate,lineItem/UnblendedCost,lineItem/BlendedRate,lineItem/BlendedCost,pricing/unit,pricing/publicOnDemandRate,pricing/publicOnDemandCost,product/ProductName,product/instanceType,product/vcpu,product/memory,product/operatingSystem,product/region,product/servicecode,resourceMetrics/cpuUtilizationPct,resourceMetrics/memoryUtilizationPct,resourceMetrics/diskUtilizationPct,resourceMetrics/idleHours,resourceMetrics/lastActivityAt,resourceTags/user:Team,resourceTags/user:Environment,resourceTags/user:CostCenter,reservation/ReservationARN,reservation/EffectiveCost,reservation/RecurringFeeForUsage,reservation/AmortizedUpfrontCostForUsage,reservation/UnusedQuantity,reservation/UnusedAmortizedUpfrontFeeForBillingPeriod,reservation/UnusedRecurringFee,savingsPlan/SavingsPlanARN,savingsPlan/SavingsPlanEffectiveCost,savingsPlan/SavingsPlanRate,savingsPlan/UsedCommitment,savingsPlan/TotalCommitmentToDate,savingsPlan/RecurringCommitmentForBillingPeriod
d16c361c079c438fa3e2196be035b84e,2026-02-01T00:00:00Z/2026-02-01T01:00:00Z,112233445566,2026-02-01T00:00:00Z,2026-03-01T00:00:00Z,AWS,112233445566,SavingsPlanCoveredUsage,2026-02-01T00:00:00Z,2026-02-01T01:00:00Z,AmazonEC2,USEA-BoxUsage:t3.medium,RunInstances,us-east-1c,i-0966aabf055ab46fb,1.0,2.0,2.0,0.0416,0.0416,0.027594,0.027594,Hrs,0.0416,0.0416,Amazon Elastic Compute Cloud,t3.medium,2,4 GiB,Linux,us-east-1,AmazonEC2,51.37,51.72,39.66,23,2026-01-30T13:23:59Z,platform,prod,CC100,,,,,,,,arn:aws:savingsplans::112233445566:savingsplan/923ab30f-99fe-4112-add8-d6c7cdbfcd84,0.027594,0.027594,0.027594,,
5729bde577294183b3b88288b264e652,2026-02-01T09:00:00Z/2026-02-01T10:00:00Z,112233445566,2026-02-01T00:00:00Z,2026-03-01T00:00:00Z,AWS,112233445566,SavingsPlanCoveredUsage,2026-02-01T09:00:00Z,2026-02-01T10:00:00Z,AmazonEC2,USEA-BoxUsage:t3.medium,RunInstances,us-east-1c,i-0966aabf055ab46fb,1.0,2.0,2.0,0.0416,0.0416,0.030923,0.030923,Hrs,0.0416,0.0416,Amazon Elastic Compute Cloud,t3.medium,2,4 GiB,Linux,us-east-1,AmazonEC2,39.41,56.56,44.54,6,2026-01-31T14:06:05Z,platform,prod,CC100,,,,,,,,arn:aws:savingsplans::112233445566:savingsplan/923ab30f-99fe-4112-add8-d6c7cdbfcd84,0.030923,0.030923,0.030923,,
b522b0e9f0af4401aa33a89cd535387a,2026-02-01T18:00:00Z/2026-02-01T19:00:00Z,112233445566,2026-02-01T00:00:00Z,2026-03-01T00:00:00Z,AWS,112233445566,SavingsPlanCoveredUsage,2026-02-01T18:00:00Z,2026-02-01T19:00:00Z,AmazonEC2,USEA-BoxUsage:t3.medium,RunInstances,us-east-1c,i-0966aabf055ab46fb,1.0,2.0,2.0,0.0416,0.0416,0.028932,0.028932,Hrs,0.0416,0.0416,Amazon Elastic Compute Cloud,t3.medium,2,4 GiB,Linux,us-east-1,AmazonEC2,33.6,39.65,50.63,15,2026-01-30T23:35:47Z,platform,prod,CC100,,,,,,,,arn:aws:savingsplans::112233445566:savingsplan/923ab30f-99fe-4112-add8-d6c7cdbfcd84,0.028932,0.028932,0.028932,,
766c7a90d83544f4886dd6ebfa4af1fd,2026-02-02T03:00:00Z/2026-02-02T04:00:00Z,112233445566,2026-02-01T00:00:00Z,2026-03-01T00:00:00Z,AWS,112233445566,SavingsPlanCoveredUsage,2026-02-02T03:00:00Z,2026-02-02T04:00:00Z,AmazonEC2,USEA-BoxUsage:t3.medium,RunInstances,us-east-1c,i-0966aabf055ab46fb,1.0,2.0,2.0,0.0416,0.0416,0.028281,0.028281,Hrs,0.0416,0.0416,Amazon Elastic Compute Cloud,t3.medium,2,4 GiB,Linux,us-east-1,AmazonEC2,49.31,60.13,39.13,3,2026-02-01T03:27:30Z,platform,prod,CC100,,,,,,,,arn:aws:savingsplans::112233445566:savingsplan/923ab30f-99fe-4112-add8-d6c7cdbfcd84,0.028281,0.028281,0.028281,,
da0c9c06b06546c292dd781bd18ca82f,2026-02-02T12:00:00Z/2026-02-02T13:00:00Z,112233445566,2026-02-01T00:00:00Z,2026-03-01T00:00:00Z,AWS,112233445566,SavingsPlanCoveredUsage,2026-02-02T12:00:00Z,2026-02-02T13:00:00Z,AmazonEC2,USEA-BoxUsage:t3.medium,RunInstances,us-east-1c,i-0966aabf055ab46fb,1.0,2.0,2.0,0.0416,0.0416,0.030844,0.030844,Hrs,0.0416,0.0416,Amazon Elastic Compute Cloud,t3.medium,2,4 GiB,Linux,us-east-1,AmazonEC2,53.53,39.24,26.31,9,2026-02-01T08:28:10Z,platform,prod,CC100,,,,,,,,arn:aws:savingsplans::112233445566:savingsplan/923ab30f-99fe-4112-add8-d6c7cdbfcd84,0.030844,0.030844,0.030844,,
1a59cd1c129b4dd2a80e8998164c922d,2026-02-02T21:00:00Z/2026-02-02T22:00:00Z,112233445566,2026-02-01T00:00:00Z,2026-03-01T00:00:00Z,AWS,112233445566,SavingsPlanCoveredUsage,2026-02-02T21:00:00Z,2026-02-02T22:00:00Z,AmazonEC2,USEA-BoxUsage:t3.medium,RunInstances,us-east-1c,i-0966aabf055ab46fb,1.0,2.0,2.0,0.0416,0.0416,0.028007,0.028007,Hrs,0.0416,0.0416,Amazon Elastic Compute Cloud,t3.medium,2,4 GiB,Linux,us-east-1,AmazonEC2,49.71,57.24,33.91,15,2026-02-01T10:16:28Z,platform,prod,CC100,,,,,,,,arn:aws:savingsplans::112233445566:savingsplan/923ab30f-99fe-4112-add8-d6c7cdbfcd84,0.028007,0.028007,0.028007,,
04b164ab7bc54409bed5914615d23117,2026-02-03T06:00:00Z/2026-02-03T07:00:00Z,112233445566,2026-02-01T00:00:00Z,2026-03-01T00:00:00Z,AWS,112233445566,SavingsPlanCoveredUsage,2026-02-03T06:00:00Z,2026-02-03T07:00:00Z,AmazonEC2,USEA-BoxUsage:t3.medium,RunInstances,us-east-1c,i-0966aabf055ab46fb,1.0,2.0,2.0,0.0416,0.0416,0.027719,0.027719,Hrs,0.0416,0.0416,Amazon Elastic Compute Cloud,t3.medium,2,4 GiB,Linux,us-east-1,AmazonEC2,52.13,63.35,32.24,21,2026-02-01T05:39:12Z,platform,prod,CC100,,,,,,,,arn:aws:savingsplans::112233445566:savingsplan/923ab30f-99fe-4112-add8-d6c7cdbfcd84,0.027719,0.027719,0.027719,,
5274527ede3f443f9cdb5eed0aad216f,2026-02-03T15:00:00Z/2026-02-03T16:00:00Z,112233445566,2026-02-01T00:00:00Z,2026-03-01T00:00:00Z,AWS,112233445566,SavingsPlanCoveredUsage,2026-02-03T15:00:00Z,2026-02-03T16:00:00Z,AmazonEC2,USEA-BoxUsage:t3.medium,RunInstances,us-east-1c,i-0966aabf055ab46fb,1.0,2.0,2.0,0.0416,0.0416,0.028321,0.028321,Hrs,0.0416,0.0416,Amazon Elastic Compute Cloud,t3.medium,2,4 GiB,Linux,us-east-1,AmazonEC2,50.51,53.04,32.39,4,2026-02-01T23:42:53Z,platform,prod,CC100,,,,,,,,arn:aws:savingsplans::112233445566:savingsplan/923ab30f-99fe-4112-add8-d6c7cdbfcd84,0.028321,0.028321,0.028321,,
f72f337b19c2420b9aef126799b88a4a,2026-02-04T00:00:00Z/2026-02-04T01:00:00Z,112233445566,2026-02-01T00:00:00Z,2026-03-01T00:00:00Z,AWS,112233445566,SavingsPlanCoveredUsage,2026-02-04T00:00:00Z,2026-02-04T01:00:00Z,AmazonEC2,USEA-BoxUsage:t3.medium,RunInstances,us-east-1c,i-0966aabf055ab46fb,1.0,2.0,2.0,0.0416,0.0416,0.031143,0.031143,Hrs,0.0416,0.0416,Amazon Elastic Compute Cloud,t3.medium,2,4 GiB,Linux,us-east-1,AmazonEC2,51.3,53.2,33.44,22,2026-02-03T00:31:08Z,platform,prod,CC100,,,,,,,,arn:aws:savingsplans::112233445566:savingsplan/923ab30f-99fe-4112-add8-d6c7cdbfcd84,0.031143,0.031143,0.031143,,
aded756ed1254bbcab59212dc906b361,2026-02-04T09:00:00Z/2026-02-04T10:00:00Z,112233445566,2026-02-01T00:00:00Z,2026-03-01T00:00:00Z,AWS,112233445566,SavingsPlanCoveredUsage,2026-02-04T09:00:00Z,2026-02-04T10:00:00Z,AmazonEC2,USEA-BoxUsage:t3.medium,RunInstances,us-east-1c,i-0966aabf055ab46fb,1.0,2.0,2.0,0.0416,0.0416,0.027695,0.027695,Hrs,0.0416,0.0416,Amazon Elastic Compute Cloud,t3.medium,2,4 GiB,Linux,us-east-1,AmazonEC2,56.84,38.67,25.93,13,2026-02-03T05:51:35Z,platform,prod,CC100,,,,,,,,arn:aws:savingsplans::112233445566:savingsplan/923ab30f-99fe-4112-add8-d6c7cdbfcd84,0.027695,0.027695,0.027695,,
620689aeff0d4c118a0ec1264f0c2e81,2026-02-04T18:00:00Z/2026-02-04T19:00:00Z,112233445566,2026-02-01T00:00:00Z,2026-03-01T00:00:00Z,AWS,112233445566,SavingsPlanCoveredUsage,2026-02-04T18:00:00Z,2026-02-04T19:00:00Z,AmazonEC2,USEA-BoxUsage:t3.medium,RunInstances,us-east-1c,i-0966aabf055ab46fb,1.0,2.0,2.0,0.0416,0.0416,0.028604,0.028604,Hrs,0.0416,0.0416,Amazon Elastic Compute Cloud,t3.medium,2,4 GiB,Linux,us-east-1,AmazonEC2,46.63,62.5,38.84,7,2026-02-02T12:58:48Z,platform,prod,CC100,,,,,,,,arn:aws:savingsplans::112233445566:savingsplan/923ab30f-99fe-4112-add8-d6c7cdbfcd84,0.028604,0.028604,0.028604,,
a05506c3513e481e9983460d30782dd1,2026-02-05T03:00:00Z/2026-02-05T04:00:00Z,112233445566,2026-02-01T00:00:00Z,2026-03-01T00:00:00Z,AWS,112233445566,SavingsPlanCoveredUsage,2026-02-05T03:00:00Z,2026-02-05T04:00:00Z,AmazonEC2,USEA-BoxUsage:t3.medium,RunInstances,us-east-1c,i-0966aabf055ab46fb,1.0,2.0,2.0,0.0416,0.0416,0.027587,0.027587,Hrs,0.0416,0.0416,Amazon Elastic Compute Cloud,t3.medium,2,4 GiB,Linux,us-east-1,AmazonEC2,37.97,47.0,45.99,21,2026-02-02T17:32:13Z,platform,prod,CC100,,,,,,,,arn:aws:savingsplans::112233445566:savingsplan/923ab30f-99fe-4112-add8-d6c7cdbfcd84,0.027587,0.027587,0.027587,,
c4249437f40b40aa8f25d90312f44632,2026-02-05T12:00:00Z/2026-02-05T13:00:00Z,112233445566,2026-02-01T00:00:00Z,2026-03-01T00:00:00Z,AWS,112233445566,SavingsPlanCoveredUsage,2026-02-05T12:00:00Z,2026-02-05T13:00:00Z,AmazonEC2,USEA-BoxUsage:t3.medium,RunInstances,us-east-1c,i-0966aabf055ab46fb,1.0,2.0,2.0,0.0416,0.0416,0.030536,0.030536,Hrs,0.0416,0.0416,Amazon Elastic Compute Cloud,t3.medium,2,4 GiB,Linux,us-east-1,AmazonEC2,51.93,49.72,41.52,13,2026-02-04T06:19:45Z,platform,prod,CC100,,,,,,,,arn:aws:savingsplans::112233445566:savingsplan/923ab30f-99fe-4112-add8-d6c7cdbfcd84,0.030536,0.030536,0.030536,,
7db793dd822543db8f65d22f67752e1f,2026-02-05T21:00:00Z/2026-02-05T22:00:00Z,112233445566,2026-02-01T00:00:00Z,2026-03-01T00:00:00Z,AWS,112233445566,SavingsPlanCoveredUsage,2026-02-05T21:00:00Z,2026-02-05T22:00:00Z,AmazonEC2,USEA-BoxUsage:t3.medium,RunInstances,us-east-1c,i-0966aabf055ab46fb,1.0,2.0,2.0,0.0416,0.0416,0.028376,0.028376,Hrs,0.0416,0.0416,Amazon Elastic Compute Cloud,t3.medium,2,4 GiB,Linux,us-east-1,AmazonEC2,53.79,42.04,31.27,12,2026-02-04T20:25:27Z,platform,prod,CC100,,,,,,,,arn:aws:savingsplans::112233445566:savingsplan/923ab30f-99fe-4112-add8-d6c7cdbfcd84,0.028376,0.028376,0.028376,,
92f73dc50a7644e9b48c7207484f63aa,2026-02-06T06:00:00Z/2026-02-06T07:00:00Z,112233445566,2026-02-01T00:00:00Z,2026-03-01T00:00:00Z,AWS,112233445566,SavingsPlanCoveredUsage,2026-02-06T06:00:00Z,2026-02-06T07:00:00Z,AmazonEC2,USEA-BoxUsage:t3.medium,RunInstances,us-east-1c,i-0966aabf055ab46fb,1.0,2.0,2.0,0.0416,0.0416,0.027147,0.027147,Hrs,0.0416,0.0416,Amazon Elastic Compute Cloud,t3.medium,2,4 GiB,Linux,us-east-1,AmazonEC2,54.27,62.89,35.53,7,2026-02-04T14:17:52Z,platform,prod,CC100,,,,,,,,arn:aws:savingsplans::112233445566:savingsplan/923ab30f-99fe-4112-add8-d6c7cdbfcd84,0.027147,0.027147,0.027147,,
dc62590a3a23475bb86755d76007ad95,2026-02-06T15:00:00Z/2026-02-06T16:00:00Z,112233445566,2026-02-01T00:00:00Z,2026-03-01T00:00:00Z,AWS,112233445566,SavingsPlanCoveredUsage,2026-02-06T15:00:00Z,2026-02-06T16:00:00Z,AmazonEC2,USEA-BoxUsage:t3.medium,RunInstances,us-east-1c,i-0966aabf055ab46fb,1.0,2.0,2.0,0.0416,0.0416,0.031083,0.031083,Hrs,0.0416,0.0416,Amazon Elastic Compute Cloud,t3.medium,2,4 GiB,Linux,us-east-1,AmazonEC2,46.37,46.55,27.03,12,2026-02-05T03:21:00Z,platform,prod,CC100,,,,,,,,arn:aws:savingsplans::112233445566:savingsplan/923ab30f-99fe-4112-add8-d6c7cdbfcd84,0.031083,0.031083,0.031083,,
5a0ef1de41ad4f5abdeb90c8c950a34c,2026-02-07T00:00:00Z/2026-02-07T01:00:00Z,112233445566,2026-02-01T00:00:00Z,2026-03-01T00:00:00Z,AWS,112233445566,SavingsPlanCoveredUsage,2026-02-07T00:00:00Z,2026-02-07T01:00:00Z,AmazonEC2,USEA-BoxUsage:t3.medium,RunInstances,us-east-1c,i-0966aabf055ab46fb,1.0,2.0,2.0,0.0416,0.0416,0.030694,0.030694,Hrs,0.0416,0.0416,Amazon Elastic Compute Cloud,t3.medium,2,4 GiB,Linux,us-east-1,AmazonEC2,48.28,41.18,32.89,0,2026-02-05T22:33:57Z,platform,prod,CC100,,,,,,,,arn:aws:savingsplans::112233445566:savingsplan/923ab30f-99fe-4112-add8-d6c7cdbfcd84,0.030694,0.030694,0.030694,,
c84c7fcb7b15423b8bc4dc5bf49a4e9b,2026-02-07T09:00:00Z/2026-02-07T10:00:00Z,112233445566,2026-02-01T00:00:00Z,2026-03-01T00:00:00Z,AWS,112233445566,SavingsPlanCoveredUsage,2026-02-07T09:00:00Z,2026-02-07T10:00:00Z,AmazonEC2,USEA-BoxUsage:t3.medium,RunInstances,us-east-1c,i-0966aabf055ab46fb,1.0,2.0,2.0,0.0416,0.0416,0.027798,0.027798,Hrs,0.0416,0.0416,Amazon Elastic Compute Cloud,t3.medium,2,4 GiB,Linux,us-east-1,AmazonEC2,54.3,65.52,42.27,14,2026-02-06T12:30:51Z,platform,prod,CC100,,,,,,,,arn:aws:savingsplans::112233445566:savingsplan/923ab30f-99fe-4112-add8-d6c7cdbfcd84,0.027798,0.027798,0.027798,,
fe66d2c5b2e44180ac1ddd57ae1e50b4,2026-02-07T18:00:00Z/2026-02-07T19:00:00Z,112233445566,2026-02-01T00:00:00Z,2026-03-01T00:00:00Z,AWS,112233445566,SavingsPlanCoveredUsage,2026-02-07T18:00:00Z,2026-02-07T19:00:00Z,AmazonEC2,USEA-BoxUsage:t3.medium,RunInstances,us-east-1c,i-0966aabf055ab46fb,1.0,2.0,2.0,0.0416,0.0416,0.030679,0.030679,Hrs,0.0416,0.0416,Amazon Elastic Compute Cloud,t3.medium,2,4 GiB,Linux,us-east-1,AmazonEC2,44.81,57.71,35.86,22,2026-02-05T14:59:53Z,platform,prod,CC100,,,,,,,,arn:aws:savingsplans::112233445566:savingsplan/923ab30f-99fe-4112-add8-d6c7cdbfcd84,0.030679,0.030679,0.030679,,
36cb41ff991c4b38920d3bdcf39f1aa3,2026-02-08T03:00:00Z/2026-02-08T04:00:00Z,112233445566,2026-02-01T00:00:00Z,2026-03-01T00:00:00Z,AWS,112233445566,SavingsPlanCoveredUsage,2026-02-08T03:00:00Z,2026-02-08T04:00:00Z,AmazonEC2,USEA-BoxUsage:t3.medium,RunInstances,us-east-1c,i-0966aabf055ab46fb,1.0,2.0,2.0,0.0416,0.0416,0.028762,0.028762,Hrs,0.0416,0.0416,Amazon Elastic Compute Cloud,t3.medium,2,4 GiB,Linux,us-east-1,AmazonEC2,41.31,50.62,30.68,18,2026-02-06T04:58:12Z,platform,prod,CC100,,,,,,,,arn:aws:savingsplans::112233445566:savingsplan/923ab30f-99fe-4112-add8-d6c7cdbfcd84,0.028762,0.028762,0.028762,,
3e30c3bfefe146a4b8c0d8b80a869c63,2026-02-08T12:00:00Z/2026-02-08T13:00:00Z,112233445566,2026-02-01T00:00:00Z,2026-03-01T00:00:00Z,AWS,112233445566,SavingsPlanCoveredUsage,2026-02-08T12:00:00Z,2026-02-08T13:00:00Z,AmazonEC2,USEA-BoxUsage:t3.medium,RunInstances,us-east-1c,i-0966aabf055ab46fb,1.0,2.0,2.0,0.0416,0.0416,0.03062,0.03062,Hrs,0.0416,0.0416,Amazon Elastic Compute Cloud,t3.medium,2,4 GiB,Linux,us-east-1,AmazonEC2,49.36,55.45,38.58,8,2026-02-07T05:19:22Z,platform,prod,CC100,,,,,,,,arn:aws:savingsplans::112233445566:savingsplan/923ab30f-99fe-4112-add8-d6c7cdbfcd84,0.03062,0.03062,0.03062,,
3566080956ab4440a38e3f3c970c42e0,2026-02-08T21:00:00Z/2026-02-08T22:00:00Z,112233445566,2026-02-01T00:00:00Z,2026-03-01T00:00:00Z,AWS,112233445566,SavingsPlanCoveredUsage,2026-02-08T21:00:00Z,2026-02-08T22:00:00Z,AmazonEC2,USEA-BoxUsage:t3.medium,RunInstances,us-east-1c,i-0966aabf055ab46fb,1.0,2.0,2.0,0.0416,0.0416,0.027042,0.027042,Hrs,0.0416,0.0416,Amazon Elastic Compute Cloud,t3.medium,2,4 GiB,Linux,us-east-1,AmazonEC2,49.63,42.76,41.31,14,2026-02-06T18:58:54Z,platform,prod,CC100,,,,,,,,arn:aws:savingsplans::112233445566:savingsplan/923ab30f-99fe-4112-add8-d6c7cdbfcd84,0.027042,0.027042,0.027042,,
79ae2d50467c494db35307bf167c6f35,2026-02-09T06:00:00Z/2026-02-09T07:00:00Z,112233445566,2026-02-01T00:00:00Z,2026-03-01T00:00:00Z,AWS,112233445566,SavingsPlanCoveredUsage,2026-02-09T06:00:00Z,2026-02-09T07:00:00Z,AmazonEC2,USEA-BoxUsage:t3.medium,RunInstances,us-east-1c,i-0966aabf055ab46fb,1.0,2.0,2.0,0.0416,0.0416,0.029055,0.029055,Hrs,0.0416,0.0416,Amazon Elastic Compute Cloud,t3.medium,2,4 GiB,Linux,us-east-1,AmazonEC2,34.71,47.78,44.19,16,2026-02-08T08:37:38Z,platform,prod,CC100,,,,,,,,arn:aws:savingsplans::112233445566:savingsplan/923ab30f-99fe-4112-add8-d6c7cdbfcd84,0.029055,0.029055,0.029055,,
d9318244682e48699af43354fb5d66a4,2026-02-09T15:00:00Z/2026-02-09T16:00:00Z,112233445566,2026-02-01T00:00:00Z,2026-03-01T00:00:00Z,AWS,112233445566,SavingsPlanCoveredUsage,2026-02-09T15:00:00Z,2026-02-09T16:00:00Z,AmazonEC2,USEA-BoxUsage:t3.medium,RunInstances,us-east-1c,i-0966aabf055ab46fb,1.0,2.0,2.0,0.0416,0.0416,0.030175,0.030175,Hrs,0.0416,0.0416,Amazon Elastic Compute Cloud,t3.medium,2,4 GiB,Linux,us-east-1,AmazonEC2,36.82,62.62,42.94,22,2026-02-08T12:43:25Z,platform,prod,CC100,,,,,,,,arn:aws:savingsplans::112233445566:savingsplan/923ab30f-99fe-4112-add8-d6c7cdbfcd84,0.030175,0.030175,0.030175,,
585745a10f224c9abb9a6ebd1b0b1e4e,2026-02-10T00:00:00Z/2026-02-10T01:00:00Z,112233445566,2026-02-01T00:00:00Z,2026-03-01T00:00:00Z,AWS,112233445566,SavingsPlanCoveredUsage,2026-02-10T00:00:00Z,2026-02-10T01:00:00Z,AmazonEC2,USEA-BoxUsage:t3.medium,RunInstances,us-east-1c,i-0966aabf055ab46fb,1.0,2.0,2.0,0.0416,0.0416,0.027901,0.027901,Hrs,0.0416,0.0416,Amazon Elastic Compute Cloud,t3.medium,2,4 GiB,Linux,us-east-1,AmazonEC2,55.18,45.5,27.3,15,2026-02-09T09:07:28Z,platform,prod,CC100,,,,,,,,arn:aws:savingsplans::112233445566:savingsplan/923ab30f-99fe-4112-add8-d6c7cdbfcd84,0.027901,0.027901,0.027901,,
2e48a57477f8406395d60784fc72c891,2026-02-10T09:00:00Z/2026-02-10T10:00:00Z,112233445566,2026-02-01T00:00:00Z,2026-03-01T00:00:00Z,AWS,112233445566,SavingsPlanCoveredUsage,2026-02-10T09:00:00Z,2026-02-10T10:00:00Z,AmazonEC2,USEA-BoxUsage:t3.medium,RunInstances,us-east-1c,i-0966aabf055ab46fb,1.0,2.0,2.0,0.0416,0.0416,0.030944,0.030944,Hrs,0.0416,0.0416,Amazon Elastic Compute Cloud,t3.medium,2,4 GiB,Linux,us-east-1,AmazonEC2,50.7,56.69,47.79,3,2026-02-08T15:47:43Z,platform,prod,CC100,,,,,,,,arn:aws:savingsplans::112233445566:savingsplan/923ab30f-99fe-4112-add8-d6c7cdbfcd84,0.030944,0.030944,0.030944,,
a7756025b9e8433a8a5b0f6e6d3d3221,2026-02-10T18:00:00Z/2026-02-10T19:00:00Z,112233445566,2026-02-01T00:00:00Z,2026-03-01T00:00:00Z,AWS,112233445566,SavingsPlanCoveredUsage,2026-02-10T18:00:00Z,2026-02-10T19:00:00Z,AmazonEC2,USEA-BoxUsage:t3.medium,RunInstances,us-east-1c,i-0966aabf055ab46fb,1.0,2.0,2.0,0.0416,0.0416,0.029901,0.029901,Hrs,0.0416,0.0416,Amazon Elastic Compute Cloud,t3.medium,2,4 GiB,Linux,us-east-1,AmazonEC2,57.02,57.98,48.34,23,2026-02-10T02:28:44Z,platform,prod,CC100,,,,,,,,arn:aws:savingsplans::112233445566:savingsplan/923ab30f-99fe-4112-add8-d6c7cdbfcd84,0.029901,0.029901,0.029901,,
c6ee9788546245eebb21e59cab84a8f4,2026-02-11T03:00:00Z/2026-02-11T04:00:00Z,112233445566,2026-02-01T00:00:00Z,2026-03-01T00:00:00Z,AWS,112233445566,SavingsPlanCoveredUsage,2026-02-11T03:00:00Z,2026-02-11T04:00:00Z,AmazonEC2,USEA-BoxUsage:t3.medium,RunInstances,us-east-1c,i-0966aabf055ab46fb,1.0,2.0,2.0,0.0416,0.0416,0.028218,0.028218,Hrs,0.0416,0.0416,Amazon Elastic Compute Cloud,t3.medium,2,4 GiB,Linux,us-east-1,AmazonEC2,36.15,43.99,24.09,6,2026-02-10T02:52:21Z,platform,prod,CC100,,,,,,,,arn:aws:savingsplans::112233445566:savingsplan/923ab30f-99fe-4112-add8-d6c7cdbfcd84,0.028218,0.028218,0.028218,,
e15f9437bf1445f1866489fb37528e92,2026-02-11T12:00:00Z/2026-02-11T13:00:00Z,112233445566,2026-02-01T00:00:00Z,2026-03-01T00:00:00Z,AWS,112233445566,SavingsPlanCoveredUsage,2026-02-11T12:00:00Z,2026-02-11T13:00:00Z,AmazonEC2,USEA-BoxUsage:t3.medium,RunInstances,us-east-1c,i-0966aabf055ab46fb,1.0,2.0,2.0,0.0416,0.0416,0.030238,0.030238,Hrs,0.0416,0.0416,Amazon Elastic Compute Cloud,t3.medium,2,4 GiB,Linux,us-east-1,AmazonEC2,54.73,40.81,33.88,21,2026-02-10T03:23:23Z,platform,prod,CC100,,,,,,,,arn:aws:savingsplans::112233445566:savingsplan/923ab30f-99fe-4112-add8-d6c7cdbfcd84,0.030238,0.030238,0.030238,,
65c0da39f4914033af883164ec1fda0a,2026-02-11T21:00:00Z/2026-02-11T22:00:00Z,112233445566,2026-02-01T00:00:00Z,2026-03-01T00:00:00Z,AWS,112233445566,SavingsPlanCoveredUsage,2026-02-11T21:00:00Z,2026-02-11T22:00:00Z,AmazonEC2,USEA-BoxUsage:t3.medium,RunInstances,us-east-1c,i-0966aabf055ab46fb,1.0,2.0,2.0,0.0416,0.0416,0.030245,0.030245,Hrs,0.0416,0.0416,Amazon Elastic Compute Cloud,t3.medium,2,4 GiB,Linux,us-east-1,AmazonEC2,57.23,47.28,30.25,13,2026-02-09T11:45:29Z,platform,prod,CC100,,,,,,,,arn:aws:savingsplans::112233445566:savingsplan/923ab30f-99fe-4112-add8-d6c7cdbfcd84,0.030245,0.030245,0.030245,,
ad6ece095d1347a4a6099b144c212beb,2026-02-12T06:00:00Z/2026-02-12T07:00:00Z,112233445566,2026-02-01T00:00:00Z,2026-03-01T00:00:00Z,AWS,112233445566,SavingsPlanCoveredUsage,2026-02-12T06:00:00Z,2026-02-12T07:00:00Z,AmazonEC2,USEA-BoxUsage:t3.medium,RunInstances,us-east-1c,i-0966aabf055ab46fb,1.0,2.0,2.0,0.0416,0.0416,0.028795,0.028795,Hrs,0.0416,0.0416,Amazon Elastic Compute Cloud,t3.medium,2,4 GiB,Linux,us-east-1,AmazonEC2,52.43,49.5,33.94,18,2026-02-10T13:37:11Z,platform,prod,CC100,,,,,,,,arn:aws:savingsplans::112233445566:savingsplan/923ab30f-99fe-4112-add8-d6c7cdbfcd84,0.028795,0.028795,0.028795,,
776b6e0a3d8d4ac59704c909e6f6774e,2026-02-12T15:00:00Z/2026-02-12T16:00:00Z,112233445566,2026-02-01T00:00:00Z,2026-03-01T00:00:00Z,AWS,112233445566,SavingsPlanCoveredUsage,2026-02-12T15:00:00Z,2026-02-12T16:00:00Z,AmazonEC2,USEA-BoxUsage:t3.medium,RunInstances,us-east-1c,i-0966aabf055ab46fb,1.0,2.0,2.0,0.0416,0.0416,0.029933,0.029933,Hrs,0.0416,0.0416,Amazon Elastic Compute Cloud,t3.medium,2,4 GiB,Linux,us-east-1,AmazonEC2,57.0,41.7,29.93,9,2026-02-10T05:45:04Z,platform,prod,CC100,,,,,,,,arn:aws:savingsplans::112233445566:savingsplan/923ab30f-99fe-4112-add8-d6c7cdbfcd84,0.029933,0.029933,0.029933,,
d6c65d4a283b4bf39f56c5f336fc240d,2026-02-13T00:00:00Z/2026-02-13T01:00:00Z,112233445566,2026-02-01T00:00:00Z,2026-03-01T00:00:00Z,AWS,112233445566,SavingsPlanCoveredUsage,2026-02-13T00:00:00Z,2026-02-13T01:00:00Z,AmazonEC2,USEA-BoxUsage:t3.medium,RunInstances,us-east-1c,i-0966aabf055ab46fb,1.0,2.0,2.0,0.0416,0.0416,0.027582,0.027582,Hrs,0.0416,0.0416,Amazon Elastic Compute Cloud,t3.medium,2,4 GiB,Linux,us-east-1,AmazonEC2,45.36,44.31,37.01,11,2026-02-11T19:10:53Z,platform,prod,CC100,,,,,,,,arn:aws:savingsplans::112233445566:savingsplan/923ab30f-99fe-4112-add8-d6c7cdbfcd84,0.027582,0.027582,0.027582,,
e6516e0aef784b59a2f3edfa87721668,2026-02-13T09:00:00Z/2026-02-13T10:00:00Z,112233445566,2026-02-01T00:00:00Z,2026-03-01T00:00:00Z,AWS,112233445566,SavingsPlanCoveredUsage,2026-02-13T09:00:00Z,2026-02-13T10:00:00Z,AmazonEC2,USEA-BoxUsage:t3.medium,RunInstances,us-east-1c,i-0966aabf055ab46fb,1.0,2.0,2.0,0.0416,0.0416,0.028873,0.028873,Hrs,0.0416,0.0416,Amazon Elastic Compute Cloud,t3.medium,2,4 GiB,Linux,us-east-1,AmazonEC2,47.54,55.77,41.69,16,2026-02-12T02:19:31Z,platform,prod,CC100,,,,,,,,arn:aws:savingsplans::112233445566:savingsplan/923ab30f-99fe-4112-add8-d6c7cdbfcd84,0.028873,0.028873,0.028873,,
647c904e6b8b4fae9f1156f0fb16d7c9,2026-02-13T18:00:00Z/2026-02-13T19:00:00Z,112233445566,2026-02-01T00:00:00Z,2026-03-01T00:00:00Z,AWS,112233445566,SavingsPlanCoveredUsage,2026-02-13T18:00:00Z,2026-02-13T19:00:00Z,AmazonEC2,USEA-BoxUsage:t3.medium,RunInstances,us-east-1c,i-0966aabf055ab46fb,1.0,2.0,2.0,0.0416,0.0416,0.029604,0.029604,Hrs,0.0416,0.0416,Amazon Elastic Compute Cloud,t3.medium,2,4 GiB,Linux,us-east-1,AmazonEC2,54.91,39.88,27.21,16,2026-02-12T05:16:28Z,platform,prod,CC100,,,,,,,,arn:aws:savingsplans::112233445566:savingsplan/923ab30f-99fe-4112-add8-d6c7cdbfcd84,0.029604,0.029604,0.029604,,
25a727613b154350a7d7c1b42268c525,2026-02-14T03:00:00Z/2026-02-14T04:00:00Z,112233445566,2026-02-01T00:00:00Z,2026-03-01T00:00:00Z,AWS,112233445566,SavingsPlanCoveredUsage,2026-02-14T03:00:00Z,2026-02-14T04:00:00Z,AmazonEC2,USEA-BoxUsage:t3.medium,RunInstances,us-east-1c,i-0966aabf055ab46fb,1.0,2.0,2.0,0.0416,0.0416,0.028154,0.028154,Hrs,0.0416,0.0416,Amazon Elastic Compute Cloud,t3.medium,2,4 GiB,Linux,us-east-1,AmazonEC2,55.01,42.17,30.31,9,2026-02-13T06:25:08Z,platform,prod,CC100,,,,,,,,arn:aws:savingsplans::112233445566:savingsplan/923ab30f-99fe-4112-add8-d6c7cdbfcd84,0.028154,0.028154,0.028154,,
4f4641cd323841e9ad4f5733196ff82a,2026-02-14T12:00:00Z/2026-02-14T13:00:00Z,112233445566,2026-02-01T00:00:00Z,2026-03-01T00:00:00Z,AWS,112233445566,SavingsPlanCoveredUsage,2026-02-14T12:00:00Z,2026-02-14T13:00:00Z,AmazonEC2,USEA-BoxUsage:t3.medium,RunInstances,us-east-1c,i-0966aabf055ab46fb,1.0,2.0,2.0,0.0416,0.0416,0.029547,0.029547,Hrs,0.0416,0.0416,Amazon Elastic Compute Cloud,t3.medium,2,4 GiB,Linux,us-east-1,AmazonEC2,39.63,45.07,40.66,3,2026-02-13T21:41:38Z,platform,prod,CC100,,,,,,,,arn:aws:savingsplans::112233445566:savingsplan/923ab30f-99fe-4112-add8-d6c7cdbfcd84,0.029547,0.029547,0.029547,,
80c709f3debf45778a4b2a4a24e8e8e1,2026-02-14T21:00:00Z/2026-02-14T22:00:00Z,112233445566,2026-02-01T00:00:00Z,2026-03-01T00:00:00Z,AWS,112233445566,SavingsPlanCoveredUsage,2026-02-14T21:00:00Z,2026-02-14T22:00:00Z,AmazonEC2,USEA-BoxUsage:t3.medium,RunInstances,us-east-1c,i-0966aabf055ab46fb,1.0,2.0,2.0,0.0416,0.0416,0.028858,0.028858,Hrs,0.0416,0.0416,Amazon Elastic Compute Cloud,t3.medium,2,4 GiB,Linux,us-east-1,AmazonEC2,45.34,41.47,31.94,19,2026-02-12T15:34:56Z,platform,prod,CC100,,,,,,,,arn:aws:savingsplans::112233445566:savingsplan/923ab30f-99fe-4112-add8-d6c7cdbfcd84,0.028858,0.028858,0.028858,,
067c357b6d0a4fbcae0a3a60adce739d,2026-02-15T06:00:00Z/2026-02-15T07:00:00Z,112233445566,2026-02-01T00:00:00Z,2026-03-01T00:00:00Z,AWS,112233445566,SavingsPlanCoveredUsage,2026-02-15T06:00:00Z,2026-02-15T07:00:00Z,AmazonEC2,USEA-BoxUsage:t3.medium,RunInstances,us-east-1c,i-0966aabf055ab46fb,1.0,2.0,2.0,0.0416,0.0416,0.028124,0.028124,Hrs,0.0416,0.0416,Amazon Elastic Compute Cloud,t3.medium,2,4 GiB,Linux,us-east-1,AmazonEC2,47.24,48.08,42.03,7,2026-02-14T00:03:49Z,platform,prod,CC100,,,,,,,,arn:aws:savingsplans::112233445566:savingsplan/923ab30f-99fe-4112-add8-d6c7cdbfcd84,0.028124,0.028124,0.028124,,
c16241581db14598826a9ea82509f8a4,2026-02-15T15:00:00Z/2026-02-15T16:00:00Z,112233445566,2026-02-01T00:00:00Z,2026-03-01T00:00:00Z,AWS,112233445566,SavingsPlanCoveredUsage,2026-02-15T15:00:00Z,2026-02-15T16:00:00Z,AmazonEC2,USEA-BoxUsage:t3.medium,RunInstances,us-east-1c,i-0966aabf055ab46fb,1.0,2.0,2.0,0.0416,0.0416,0.029482,0.029482,Hrs,0.0416,0.0416,Amazon Elastic Compute Cloud,t3.medium,2,4 GiB,Linux,us-east-1,AmazonEC2,39.8,54.75,40.54,13,2026-02-13T03:12:21Z,platform,prod,CC100,,,,,,,,arn:aws:savingsplans::112233445566:savingsplan/923ab30f-99fe-4112-add8-d6c7cdbfcd84,0.029482,0.029482,0.029482,,
821ef38dd147416eb0c4fa3463ea3eb8,2026-02-16T00:00:00Z/2026-02-16T01:00:00Z,112233445566,2026-02-01T00:00:00Z,2026-03-01T00:00:00Z,AWS,112233445566,SavingsPlanCoveredUsage,2026-02-16T00:00:00Z,2026-02-16T01:00:00Z,AmazonEC2,USEA-BoxUsage:t3.medium,RunInstances,us-east-1c,i-0966aabf055ab46fb,1.0,2.0,2.0,0.0416,0.0416,0.028708,0.028708,Hrs,0.0416,0.0416,Amazon Elastic Compute Cloud,t3.medium,2,4 GiB,Linux,us-east-1,AmazonEC2,54.47,51.99,45.58,21,2026-02-15T00:11:40Z,platform,prod,CC100,,,,,,,,arn:aws:savingsplans::112233445566:savingsplan/923ab30f-99fe-4112-add8-d6c7cdbfcd84,0.028708,0.028708,0.028708,,
2814cb60c373413dbc9d7e2be19fcde0,2026-02-16T09:00:00Z/2026-02-16T10:00:00Z,112233445566,2026-02-01T00:00:00Z,2026-03-01T00:00:00Z,AWS,112233445566,SavingsPlanCoveredUsage,2026-02-16T09:00:00Z,2026-02-16T10:00:00Z,AmazonEC2,USEA-BoxUsage:t3.medium,RunInstances,us-east-1c,i-0966aabf055ab46fb,1.0,2.0,2.0,0.0416,0.0416,0.030402,0.030402,Hrs,0.0416,0.0416,Amazon Elastic Compute Cloud,t3.medium,2,4 GiB,Linux,us-east-1,AmazonEC2,33.76,54.37,34.9,20,2026-02-15T03:28:33Z,platform,prod,CC100,,,,,,,,arn:aws:savingsplans::112233445566:savingsplan/923ab30f-99fe-4112-add8-d6c7cdbfcd84,0.030402,0.030402,0.030402,,
69274d34de1a4f698c6c105d2cb0ed08,2026-02-16T18:00:00Z/2026-02-16T19:00:00Z,112233445566,2026-02-01T00:00:00Z,2026-03-01T00:00:00Z,AWS,112233445566,SavingsPlanCoveredUsage,2026-02-16T18:00:00Z,2026-02-16T19:00:00Z,AmazonEC2,USEA-BoxUsage:t3.medium,RunInstances,us-east-1c,i-0966aabf055ab46fb,1.0,2.0,2.0,0.0416,0.0416,0.029823,0.029823,Hrs,0.0416,0.0416,Amazon Elastic Compute Cloud,t3.medium,2,4 GiB,Linux,us-east-1,AmazonEC2,37.88,52.56,30.61,6,2026-02-16T02:55:40Z,platform,prod,CC100,,,,,,,,arn:aws:savingsplans::112233445566:savingsplan/923ab30f-99fe-4112-add8-d6c7cdbfcd84,0.029823,0.029823,0.029823,,
823dcedae3274831a11d03edbfb75363,2026-02-17T03:00:00Z/2026-02-17T04:00:00Z,112233445566,2026-02-01T00:00:00Z,2026-03-01T00:00:00Z,AWS,112233445566,SavingsPlanCoveredUsage,2026-02-17T03:00:00Z,2026-02-17T04:00:00Z,AmazonEC2,USEA-BoxUsage:t3.medium,RunInstances,us-east-1c,i-0966aabf055ab46fb,1.0,2.0,2.0,0.0416,0.0416,0.02854,0.02854,Hrs,0.0416,0.0416,Amazon Elastic Compute Cloud,t3.medium,2,4 GiB,Linux,us-east-1,AmazonEC2,42.38,59.43,49.6,22,2026-02-16T13:44:34Z,platform,prod,CC100,,,,,,,,arn:aws:savingsplans::112233445566:savingsplan/923ab30f-99fe-4112-add8-d6c7cdbfcd84,0.02854,0.02854,0.02854,,
d9fd3d675fef4920acf65ffc4b2ef413,2026-02-17T21:00:00Z/2026-02-17T22:00:00Z,112233445566,2026-02-01T00:00:00Z,2026-03-01T00:00:00Z,AWS,112233445566,SavingsPlanCoveredUsage,2026-02-17T21:00:00Z,2026-02-17T22:00:00Z,AmazonEC2,USEA-BoxUsage:t3.medium,RunInstances,us-east-1c,i-0966aabf055ab46fb,1.0,2.0,2.0,0.0416,0.0416,0.027427,0.027427,Hrs,0.0416,0.0416,Amazon Elastic Compute Cloud,t3.medium,2,4 GiB,Linux,us-east-1,AmazonEC2,46.38,38.3,48.88,23,2026-02-17T14:52:33Z,platform,prod,CC100,,,,,,,,arn:aws:savingsplans::112233445566:savingsplan/923ab30f-99fe-4112-add8-d6c7cdbfcd84,0.027427,0.027427,0.027427,,
4e097ae7f49744fdb58f00675859dee9,2026-02-18T06:00:00Z/2026-02-18T07:00:00Z,112233445566,2026-02-01T00:00:00Z,2026-03-01T00:00:00Z,AWS,112233445566,SavingsPlanCoveredUsage,2026-02-18T06:00:00Z,2026-02-18T07:00:00Z,AmazonEC2,USEA-BoxUsage:t3.medium,RunInstances,us-east-1c,i-0966aabf055ab46fb,1.0,2.0,2.0,0.0416,0.0416,0.028675,0.028675,Hrs,0.0416,0.0416,Amazon Elastic Compute Cloud,t3.medium,2,4 GiB,Linux,us-east-1,AmazonEC2,34.33,61.97,46.56,7,2026-02-16T14:31:37Z,platform,prod,CC100,,,,,,,,arn:aws:savingsplans::112233445566:savingsplan/923ab30f-99fe-4112-add8-d6c7cdbfcd84,0.028675,0.028675,0.028675,,
f0296210eeb64e68b48e772cbaa4d17d,2026-02-18T15:00:00Z/2026-02-18T16:00:00Z,112233445566,2026-02-01T00:00:00Z,2026-03-01T00:00:00Z,AWS,112233445566,SavingsPlanCoveredUsage,2026-02-18T15:00:00Z,2026-02-18T16:00:00Z,AmazonEC2,USEA-BoxUsage:t3.medium,RunInstances,us-east-1c,i-0966aabf055ab46fb,1.0,2.0,2.0,0.0416,0.0416,0.028912,0.028912,Hrs,0.0416,0.0416,Amazon Elastic Compute Cloud,t3.medium,2,4 GiB,Linux,us-east-1,AmazonEC2,32.91,62.53,38.61,21,2026-02-17T00:04:07Z,platform,prod,CC100,,,,,,,,arn:aws:savingsplans::112233445566:savingsplan/923ab30f-99fe-4112-add8-d6c7cdbfcd84,0.028912,0.028912,0.028912,,
215cc0a7c51b4991922d3057558c710e,2026-02-19T00:00:00Z/2026-02-19T01:00:00Z,112233445566,2026-02-01T00:00:00Z,2026-03-01T00:00:00Z,AWS,112233445566,SavingsPlanCoveredUsage,2026-02-19T00:00:00Z,2026-02-19T01:00:00Z,AmazonEC2,USEA-BoxUsage:t3.medium,RunInstances,us-east-1c,i-0966aabf055ab46fb,1.0,2.0,2.0,0.0416,0.0416,0.029015,0.029015,Hrs,0.0416,0.0416,Amazon Elastic Compute Cloud,t3.medium,2,4 GiB,Linux,us-east-1,AmazonEC2,45.6,41.3,25.64,23,2026-02-18T02:15:08Z,platform,prod,CC100,,,,,,,,arn:aws:savingsplans::112233445566:savingsplan/923ab30f-99fe-4112-add8-d6c7cdbfcd84,0.029015,0.029015,0.029015,,
83f0479191dc4bc4af6c14f16fb7db5a,2026-02-19T09:00:00Z/2026-02-19T10:00:00Z,112233445566,2026-02-01T00:00:00Z,2026-03-01T00:00:00Z,AWS,112233445566,SavingsPlanCoveredUsage,2026-02-19T09:00:00Z,2026-02-19T10:00:00Z,AmazonEC2,USEA-BoxUsage:t3.medium,RunInstances,us-east-1c,i-0966aabf055ab46fb,1.0,2.0,2.0,0.0416,0.0416,0.029678,0.029678,Hrs,0.0416,0.0416,Amazon Elastic Compute Cloud,t3.medium,2,4 GiB,Linux,us-east-1,AmazonEC2,39.2,38.82,47.57,11,2026-02-18T01:09:55Z,platform,prod,CC100,,,,,,,,arn:aws:savingsplans::112233445566:savingsplan/923ab30f-99fe-4112-add8-d6c7cdbfcd84,0.029678,0.029678,0.029678,,
72346a2bdd5444b2b3a92b14ba974908,2026-02-19T18:00:00Z/2026-02-19T19:00:00Z,112233445566,2026-02-01T00:00:00Z,2026-03-01T00:00:00Z,AWS,112233445566,SavingsPlanCoveredUsage,2026-02-19T18:00:00Z,2026-02-19T19:00:00Z,AmazonEC2,USEA-BoxUsage:t3.medium,RunInstances,us-east-1c,i-0966aabf055ab46fb,1.0,2.0,2.0,0.0416,0.0416,0.030916,0.030916,Hrs,0.0416,0.0416,Amazon Elastic Compute Cloud,t3.medium,2,4 GiB,Linux,us-east-1,AmazonEC2,51.95,65.95,29.42,10,2026-02-18T14:30:05Z,platform,prod,CC100,,,,,,,,arn:aws:savingsplans::112233445566:savingsplan/923ab30f-99fe-4112-add8-d6c7cdbfcd84,0.030916,0.030916,0.030916,,
9b61605befb24236b7fc8de089f6bbdd,2026-02-20T03:00:00Z/2026-02-20T04:00:00Z,112233445566,2026-02-01T00:00:00Z,2026-03-01T00:00:00Z,AWS,112233445566,SavingsPlanCoveredUsage,2026-02-20T03:00:00Z,2026-02-20T04:00:00Z,AmazonEC2,USEA-BoxUsage:t3.medium,RunInstances,us-east-1c,i-0966aabf055ab46fb,1.0,2.0,2.0,0.0416,0.0416,0.030419,0.030419,Hrs,0.0416,0.0416,Amazon Elastic Compute Cloud,t3.medium,2,4 GiB,Linux,us-east-1,AmazonEC2,50.11,60.01,33.51,23,2026-02-17T21:01:48Z,platform,prod,CC100,,,,,,,,arn:aws:savingsplans::112233445566:savingsplan/923ab30f-99fe-4112-add8-d6c7cdbfcd84,0.030419,0.030419,0.030419,,
edd61a3cdb4a4263883de2e0cc65e8eb,2026-02-20T12:00:00Z/2026-02-20T13:00:00Z,112233445566,2026-02-01T00:00:00Z,2026-03-01T00:00:00Z,AWS,112233445566,SavingsPlanCoveredUsage,2026-02-20T12:00:00Z,2026-02-20T13:00:00Z,AmazonEC2,USEA-BoxUsage:t3.medium,RunInstances,us-east-1c,i-0966aabf055ab46fb,1.0,2.0,2.0,0.0416,0.0416,0.029285,0.029285,Hrs,0.0416,0.0416,Amazon Elastic Compute Cloud,t3.medium,2,4 GiB,Linux,us-east-1,AmazonEC2,50.68,60.06,26.24,14,2026-02-18T18:34:07Z,platform,prod,CC100,,,,,,,,arn:aws:savingsplans::112233445566:savingsplan/923ab30f-99fe-4112-add8-d6c7cdbfcd84,0.029285,0.029285,0.029285,,
1acc5d7def4c40979c91850319a7281b,2026-02-20T21:00:00Z/2026-02-20T22:00:00Z,112233445566,2026-02-01T00:00:00Z,2026-03-01T00:00:00Z,AWS,112233445566,SavingsPlanCoveredUsage,2026-02-20T21:00:00Z,2026-02-20T22:00:00Z,AmazonEC2,USEA-BoxUsage:t3.medium,RunInstances,us-east-1c,i-0966aabf055ab46fb,1.0,2.0,2.0,0.0416,0.0416,0.027607,0.027607,Hrs,0.0416,0.0416,Amazon Elastic Compute Cloud,t3.medium,2,4 GiB,Linux,us-east-1,AmazonEC2,40.08,48.64,40.73,14,2026-02-18T08:53:05Z,platform,prod,CC100,,,,,,,,arn:aws:savingsplans::112233445566:savingsplan/923ab30f-99fe-4112-add8-d6c7cdbfcd84,0.027607,0.027607,0.027607,,
14f8c77c23b6406b80778bac6c731cd0,2026-02-21T06:00:00Z/2026-02-21T07:00:00Z,112233445566,2026-02-01T00:00:00Z,2026-03-01T00:00:00Z,AWS,112233445566,SavingsPlanCoveredUsage,2026-02-21T06:00:00Z,2026-02-21T07:00:00Z,AmazonEC2,USEA-BoxUsage:t3.medium,RunInstances,us-east-1c,i-0966aabf055ab46fb,1.0,2.0,2.0,0.0416,0.0416,0.029951,0.029951,Hrs,0.0416,0.0416,Amazon Elastic Compute Cloud,t3.medium,2,4 GiB,Linux,us-east-1,AmazonEC2,32.21,46.94,50.3,4,2026-02-20T22:17:43Z,platform,prod,CC100,,,,,,,,arn:aws:savingsplans::112233445566:savingsplan/923ab30f-99fe-4112-add8-d6c7cdbfcd84,0.029951,0.029951,0.029951,,
89eb51a9306f4d4798640bff10e620c1,2026-02-21T15:00:00Z/2026-02-21T16:00:00Z,112233445566,2026-02-01T00:00:00Z,2026-03-01T00:00:00Z,AWS,112233445566,SavingsPlanCoveredUsage,2026-02-21T15:00:00Z,2026-02-21T16:00:00Z,AmazonEC2,USEA-BoxUsage:t3.medium,RunInstances,us-east-1c,i-0966aabf055ab46fb,1.0,2.0,2.0,0.0416,0.0416,0.028265,0.028265,Hrs,0.0416,0.0416,Amazon Elastic Compute Cloud,t3.medium,2,4 GiB,Linux,us-east-1,AmazonEC2,39.72,58.26,24.4,17,2026-02-20T14:16:28Z,platform,prod,CC100,,,,,,,,arn:aws:savingsplans::112233445566:savingsplan/923ab30f-99fe-4112-add8-d6c7cdbfcd84,0.028265,0.028265,0.028265,,
332fdeb307ab4e3aab9b1702172857f8,2026-02-22T00:00:00Z/2026-02-22T01:00:00Z,112233445566,2026-02-01T00:00:00Z,2026-03-01T00:00:00Z,AWS,112233445566,SavingsPlanCoveredUsage,2026-02-22T00:00:00Z,2026-02-22T01:00:00Z,AmazonEC2,USEA-BoxUsage:t3.medium,RunInstances,us-east-1c,i-0966aabf055ab46fb,1.0,2.0,2.0,0.0416,0.0416,0.0298,0.0298,Hrs,0.0416,0.0416,Amazon Elastic Compute Cloud,t3.medium,2,4 GiB,Linux,us-east-1,AmazonEC2,47.52,42.83,29.19,3,2026-02-20T20:03:35Z,platform,prod,CC100,,,,,,,,arn:aws:savingsplans::112233445566:savingsplan/923ab30f-99fe-4112-add8-d6c7cdbfcd84,0.0298,0.0298,0.0298,,
62faf70d7d5c449faa8b1d5a318ab724,2026-02-22T09:00:00Z/2026-02-22T10:00:00Z,112233445566,2026-02-01T00:00:00Z,2026-03-01T00:00:00Z,AWS,112233445566,SavingsPlanCoveredUsage,2026-02-22T09:00:00Z,2026-02-22T10:00:00Z,AmazonEC2,USEA-BoxUsage:t3.medium,RunInstances,us-east-1c,i-0966aabf055ab46fb,1.0,2.0,2.0,0.0416,0.0416,0.030516,0.030516,Hrs,0.0416,0.0416,Amazon Elastic Compute Cloud,t3.medium,2,4 GiB,Linux,us-east-1,AmazonEC2,56.13,39.2,37.95,21,2026-02-21T01:47:35Z,platform,prod,CC100,,,,,,,,arn:aws:savingsplans::112233445566:savingsplan/923ab30f-99fe-4112-add8-d6c7cdbfcd84,0.030516,0.030516,0.030516,,
c173c0a2bde84f65a8785a8e60c06320,2026-02-22T18:00:00Z/2026-02-22T19:00:00Z,112233445566,2026-02-01T00:00:00Z,2026-03-01T00:00:00Z,AWS,112233445566,SavingsPlanCoveredUsage,2026-02-22T18:00:00Z,2026-02-22T19:00:00Z,AmazonEC2,USEA-BoxUsage:t3.medium,RunInstances,us-east-1c,i-0966aabf055ab46fb,1.0,2.0,2.0,0.0416,0.0416,0.028525,0.028525,Hrs,0.0416,0.0416,Amazon Elastic Compute Cloud,t3.medium,2,4 GiB,Linux,us-east-1,AmazonEC2,55.53,44.54,34.56,23,2026-02-21T13:31:14Z,platform,prod,CC100,,,,,,,,arn:aws:savingsplans::112233445566:savingsplan/923ab30f-99fe-4112-add8-d6c7cdbfcd84,0.028525,0.028525,0.028525,,
1cd9140a01034a1cb7036bd2a2b06977,2026-02-23T03:00:00Z/2026-02-23T04:00:00Z,112233445566,2026-02-01T00:00:00Z,2026-03-01T00:00:00Z,AWS,112233445566,SavingsPlanCoveredUsage,2026-02-23T03:00:00Z,2026-02-23T04:00:00Z,AmazonEC2,USEA-BoxUsage:t3.medium,RunInstances,us-east-1c,i-0966aabf055ab46fb,1.0,2.0,2.0,0.0416,0.0416,0.02782,0.02782,Hrs,0.0416,0.0416,Amazon Elastic Compute Cloud,t3.medium,2,4 GiB,Linux,us-east-1,AmazonEC2,42.26,43.96,31.74,26,2026-02-22T18:40:34Z,platform,prod,CC100,,,,,,,,arn:aws:savingsplans::112233445566:savingsplan/923ab30f-99fe-4112-add8-d6c7cdbfcd84,0.02782,0.02782,0.02782,,
e5372f1b5dea4acd9afc5c552d871889,2026-02-23T12:00:00Z/2026-02-23T13:00:00Z,112233445566,2026-02-01T00:00:00Z,2026-03-01T00:00:00Z,AWS,112233445566,SavingsPlanCoveredUsage,2026-02-23T12:00:00Z,2026-02-23T13:00:00Z,AmazonEC2,USEA-BoxUsage:t3.medium,RunInstances,us-east-1c,i-0966aabf055ab46fb,1.0,2.0,2.0,0.0416,0.0416,0.028544,0.028544,Hrs,0.0416,0.0416,Amazon Elastic Compute Cloud,t3.medium,2,4 GiB,Linux,us-east-1,AmazonEC2,35.12,40.92,24.9,19,2026-02-22T22:53:39Z,platform,prod,CC100,,,,,,,,arn:aws:savingsplans::112233445566:savingsplan/923ab30f-99fe-4112-add8-d6c7cdbfcd84,0.028544,0.028544,0.028544,,
a630d0fe1f134f54ae7ad74938cffd6a,2026-02-23T21:00:00Z/2026-02-23T22:00:00Z,112233445566,2026-02-01T00:00:00Z,2026-03-01T00:00:00Z,AWS,112233445566,SavingsPlanCoveredUsage,2026-02-23T21:00:00Z,2026-02-23T22:00:00Z,AmazonEC2,USEA-BoxUsage:t3.medium,RunInstances,us-east-1c,i-0966aabf055ab46fb,1.0,2.0,2.0,0.0416,0.0416,0.030168,0.030168,Hrs,0.0416,0.0416,Amazon Elastic Compute Cloud,t3.medium,2,4 GiB,Linux,us-east-1,AmazonEC2,57.41,53.53,48.74,22,2026-02-21T10:17:19Z,platform,prod,CC100,,,,,,,,arn:aws:savingsplans::112233445566:savingsplan/923ab30f-99fe-4112-add8-d6c7cdbfcd84,0.030168,0.030168,0.030168,,
5563fca391d445d78306f031682a1ca5,2026-02-24T06:00:00Z/2026-02-24T07:00:00Z,112233445566,2026-02-01T00:00:00Z,2026-03-01T00:00:00Z,AWS,112233445566,SavingsPlanCoveredUsage,2026-02-24T06:00:00Z,2026-02-24T07:00:00Z,AmazonEC2,USEA-BoxUsage:t3.medium,RunInstances,us-east-1c,i-0966aabf055ab46fb,1.0,2.0,2.0,0.0416,0.0416,0.027301,0.027301,Hrs,0.0416,0.0416,Amazon Elastic Compute Cloud,t3.medium,2,4 GiB,Linux,us-east-1,AmazonEC2,51.05,59.14,43.69,15,2026-02-23T10:04:07Z,platform,prod,CC100,,,,,,,,arn:aws:savingsplans::112233445566:savingsplan/923ab30f-99fe-4112-add8-d6c7cdbfcd84,0.027301,0.027301,0.027301,,
b19e54624401412bbb26602368e029e9,2026-02-24T15:00:00Z/2026-02-24T16:00:00Z,112233445566,2026-02-01T00:00:00Z,2026-03-01T00:00:00Z,AWS,112233445566,SavingsPlanCoveredUsage,2026-02-24T15:00:00Z,2026-02-24T16:00:00Z,AmazonEC2,USEA-BoxUsage:t3.medium,RunInstances,us-east-1c,i-0966aabf055ab46fb,1.0,2.0,2.0,0.0416,0.0416,0.030219,0.030219,Hrs,0.0416,0.0416,Amazon Elastic Compute Cloud,t3.medium,2,4 GiB,Linux,us-east-1,AmazonEC2,39.92,63.76,51.86,17,2026-02-22T21:27:13Z,platform,prod,CC100,,,,,,,,arn:aws:savingsplans::112233445566:savingsplan/923ab30f-99fe-4112-add8-d6c7cdbfcd84,0.030219,0.030219,0.030219,,
e8b47972a6b245b8949dd91689a24d1b,2026-02-25T00:00:00Z/2026-02-25T01:00:00Z,112233445566,2026-02-01T00:00:00Z,2026-03-01T00:00:00Z,AWS,112233445566,SavingsPlanCoveredUsage,2026-02-25T00:00:00Z,2026-02-25T01:00:00Z,AmazonEC2,USEA-BoxUsage:t3.medium,RunInstances,us-east-1c,i-0966aabf055ab46fb,1.0,2.0,2.0,0.0416,0.0416,0.030523,0.030523,Hrs,0.0416,0.0416,Amazon Elastic Compute Cloud,t3.medium,2,4 GiB,Linux,us-east-1,AmazonEC2,34.81,59.26,33.18,4,2026-02-23T06:06:37Z,platform,prod,CC100,,,,,,,,arn:aws:savingsplans::112233445566:savingsplan/923ab30f-99fe-4112-add8-d6c7cdbfcd84,0.030523,0.030523,0.030523,,
735a95c3aac941ba9e4ddafde3aa4194,2026-02-25T09:00:00Z/2026-02-25T10:00:00Z,112233445566,2026-02-01T00:00:00Z,2026-03-01T00:00:00Z,AWS,112233445566,SavingsPlanCoveredUsage,2026-02-25T09:00:00Z,2026-02-25T10:00:00Z,AmazonEC2,USEA-BoxUsage:t3.medium,RunInstances,us-east-1c,i-0966aabf055ab46fb,1.0,2.0,2.0,0.0416,0.0416,0.028488,0.028488,Hrs,0.0416,0.0416,Amazon Elastic Compute Cloud,t3.medium,2,4 GiB,Linux,us-east-1,AmazonEC2,44.11,53.52,36.15,13,2026-02-24T14:50:13Z,platform,prod,CC100,,,,,,,,arn:aws:savingsplans::112233445566:savingsplan/923ab30f-99fe-4112-add8-d6c7cdbfcd84,0.028488,0.028488,0.028488,,
58bc7d81c6a34a4f8b03cdd8db0ed411,2026-02-25T18:00:00Z/2026-02-25T19:00:00Z,112233445566,2026-02-01T00:00:00Z,2026-03-01T00:00:00Z,AWS,112233445566,SavingsPlanCoveredUsage,2026-02-25T18:00:00Z,2026-02-25T19:00:00Z,AmazonEC2,USEA-BoxUsage:t3.medium,RunInstances,us-east-1c,i-0966aabf055ab46fb,1.0,2.0,2.0,0.0416,0.0416,0.029924,0.029924,Hrs,0.0416,0.0416,Amazon Elastic Compute Cloud,t3.medium,2,4 GiB,Linux,us-east-1,AmazonEC2,52.43,65.52,44.48,9,2026-02-24T01:23:34Z,platform,prod,CC100,,,,,,,,arn:aws:savingsplans::112233445566:savingsplan/923ab30f-99fe-4112-add8-d6c7cdbfcd84,0.029924,0.029924,0.029924,,
ec73b2fc940940bd8eebd6df2cfd39ad,2026-02-26T03:00:00Z/2026-02-26T04:00:00Z,112233445566,2026-02-01T00:00:00Z,2026-03-01T00:00:00Z,AWS,112233445566,SavingsPlanCoveredUsage,2026-02-26T03:00:00Z,2026-02-26T04:00:00Z,AmazonEC2,USEA-BoxUsage:t3.medium,RunInstances,us-east-1c,i-0966aabf055ab46fb,1.0,2.0,2.0,0.0416,0.0416,0.027764,0.027764,Hrs,0.0416,0.0416,Amazon Elastic Compute Cloud,t3.medium,2,4 GiB,Linux,us-east-1,AmazonEC2,41.42,58.67,48.34,6,2026-02-25T02:00:14Z,platform,prod,CC100,,,,,,,,arn:aws:savingsplans::112233445566:savingsplan/923ab30f-99fe-4112-add8-d6c7cdbfcd84,0.027764,0.027764,0.027764,,
26d246fcaa534ea0bbebb07eca1aeba1,2026-02-26T12:00:00Z/2026-02-26T13:00:00Z,112233445566,2026-02-01T00:00:00Z,2026-03-01T00:00:00Z,AWS,112233445566,SavingsPlanCoveredUsage,2026-02-26T12:00:00Z,2026-02-26T13:00:00Z,AmazonEC2,USEA-BoxUsage:t3.medium,RunInstances,us-east-1c,i-0966aabf055ab46fb,1.0,2.0,2.0,0.0416,0.0416,0.029781,0.029781,Hrs,0.0416,0.0416,Amazon Elastic Compute Cloud,t3.medium,2,4 GiB,Linux,us-east-1,AmazonEC2,51.5,62.85,44.45,5,2026-02-24T23:50:27Z,platform,prod,CC100,,,,,,,,arn:aws:savingsplans::112233445566:savingsplan/923ab30f-99fe-4112-add8-d6c7cdbfcd84,0.029781,0.029781,0.029781,,
29d6091d3cf44b8e8c378b4e1ce56589,2026-02-26T21:00:00Z/2026-02-26T22:00:00Z,112233445566,2026-02-01T00:00:00Z,2026-03-01T00:00:00Z,AWS,112233445566,SavingsPlanCoveredUsage,2026-02-26T21:00:00Z,2026-02-26T22:00:00Z,AmazonEC2,USEA-BoxUsage:t3.medium,RunInstances,us-east-1c,i-0966aabf055ab46fb,1.0,2.0,2.0,0.0416,0.0416,0.028233,0.028233,Hrs,0.0416,0.0416,Amazon Elastic Compute Cloud,t3.medium,2,4 GiB,Linux,us-east-1,AmazonEC2,37.5,59.24,50.69,9,2026-02-25T18:13:39Z,platform,prod,CC100,,,,,,,,arn:aws:savingsplans::112233445566:savingsplan/923ab30f-99fe-4112-add8-d6c7cdbfcd84,0.028233,0.028233,0.028233,,
d9b960907e88458483b55540c9fbb5ac,2026-02-27T06:00:00Z/2026-02-27T07:00:00Z,112233445566,2026-02-01T00:00:00Z,2026-03-01T00:00:00Z,AWS,112233445566,SavingsPlanCoveredUsage,2026-02-27T06:00:00Z,2026-02-27T07:00:00Z,AmazonEC2,USEA-BoxUsage:t3.medium,RunInstances,us-east-1c,i-0966aabf055ab46fb,1.0,2.0,2.0,0.0416,0.0416,0.029926,0.029926,Hrs,0.0416,0.0416,Amazon Elastic Compute Cloud,t3.medium,2,4 GiB,Linux,us-east-1,AmazonEC2,48.95,56.23,37.55,3,2026-02-25T07:41:53Z,platform,prod,CC100,,,,,,,,arn:aws:savingsplans::112233445566:savingsplan/923ab30f-99fe-4112-add8-d6c7cdbfcd84,0.029926,0.029926,0.029926,,
8f4d5fe713ce4f4e8b959379972f3f39,2026-02-27T15:00:00Z/2026-02-27T16:00:00Z,112233445566,2026-02-01T00:00:00Z,2026-03-01T00:00:00Z,AWS,112233445566,SavingsPlanCoveredUsage,2026-02-27T15:00:00Z,2026-02-27T16:00:00Z,AmazonEC2,USEA-BoxUsage:t3.medium,RunInstances,us-east-1c,i-0966aabf055ab46fb,1.0,2.0,2.0,0.0416,0.0416,0.03033,0.03033,Hrs,0.0416,0.0416,Amazon Elastic Compute Cloud,t3.medium,2,4 GiB,Linux,us-east-1,AmazonEC2,45.48,56.24,37.07,21,2026-02-25T16:19:50Z,platform,prod,CC100,,,,,,,,arn:aws:savingsplans::112233445566:savingsplan/923ab30f-99fe-4112-add8-d6c7cdbfcd84,0.03033,0.03033,0.03033,,
cefa1a43b2124309bdad288c0addf615,2026-02-01T00:00:00Z/2026-02-01T01:00:00Z,112233445566,2026-02-01T00:00:00Z,2026-03-01T00:00:00Z,AWS,112233445566,SavingsPlanCoveredUsage,2026-02-01T00:00:00Z,2026-02-01T01:00:00Z,AmazonEC2,USEA-BoxUsage:t3.medium,RunInstances,us-east-1a,i-061b542e574d14cd0,1.0,2.0,2.0,0.0416,0.0416,0.028103,0.028103,Hrs,0.0416,0.0416,Amazon Elastic Compute Cloud,t3.medium,2,4 GiB,Linux,us-east-1,AmazonEC2,52.52,46.9,43.03,8,2026-01-30T01:45:04Z,platform,prod,CC100,,,,,,,,arn:aws:savingsplans::112233445566:savingsplan/48902609-d18b-4d37-a2c5-4fe635263542,0.028103,0.028103,0.028103,,
2883b367e2504447a0279883eeea76c1,2026-02-01T09:00:00Z/2026-02-01T10:00:00Z,112233445566,2026-02-01T00:00:00Z,2026-03-01T00:00:00Z,AWS,112233445566,SavingsPlanCoveredUsage,2026-02-01T09:00:00Z,2026-02-01T10:00:00Z,AmazonEC2,USEA-BoxUsage:t3.medium,RunInstances,us-east-1a,i-061b542e574d14cd0,1.0,2.0,2.0,0.0416,0.0416,0.029381,0.029381,Hrs,0.0416,0.0416,Amazon Elastic Compute Cloud,t3.medium,2,4 GiB,Linux,us-east-1,AmazonEC2,56.63,49.0,38.45,7,2026-01-30T16:02:35Z,platform,prod,CC100,,,,,,,,arn:aws:savingsplans::112233445566:savingsplan/48902609-d18b-4d37-a2c5-4fe635263542,0.029381,0.029381,0.029381,,
8e739d474cce49dd92b2b03b9a8a4242,2026-02-01T18:00:00Z/2026-02-01T19:00:00Z,112233445566,2026-02-01T00:00:00Z,2026-03-01T00:00:00Z,AWS,112233445566,SavingsPlanCoveredUsage,2026-02-01T18:00:00Z,2026-02-01T19:00:00Z,AmazonEC2,USEA-BoxUsage:t3.medium,RunInstances,us-east-1a,i-061b542e574d14cd0,1.0,2.0,2.0,0.0416,0.0416,0.02794,0.02794,Hrs,0.0416,0.0416,Amazon Elastic Compute Cloud,t3.medium,2,4 GiB,Linux,us-east-1,AmazonEC2,48.05,56.05,31.96,4,2026-02-01T13:42:55Z,platform,prod,CC100,,,,,,,,arn:aws:savingsplans::112233445566:savingsplan/48902609-d18b-4d37-a2c5-4fe635263542,0.02794,0.02794,0.02794,,
a9420aa75888482f8e82584cebca6288,2026-02-02T03:00:00Z/2026-02-02T04:00:00Z,112233445566,2026-02-01T00:00:00Z,2026-03-01T00:00:00Z,AWS,112233445566,SavingsPlanCoveredUsage,2026-02-02T03:00:00Z,2026-02-02T04:00:00Z,AmazonEC2,USEA-BoxUsage:t3.medium,RunInstances,us-east-1a,i-061b542e574d14cd0,1.0,2.0,2.0,0.0416,0.0416,0.030497,0.030497,Hrs,0.0416,0.0416,Amazon Elastic Compute Cloud,t3.medium,2,4 GiB,Linux,us-east-1,AmazonEC2,56.47,39.74,30.12,20,2026-01-30T19:56:18Z,platform,prod,CC100,,,,,,,,arn:aws:savingsplans::112233445566:savingsplan/48902609-d18b-4d37-a2c5-4fe635263542,0.030497,0.030497,0.030497,,
b008f71a54714f4ea4ec7e38f524ac00,2026-02-02T12:00:00Z/2026-02-02T13:00:00Z,112233445566,2026-02-01T00:00:00Z,2026-03-01T00:00:00Z,AWS,112233445566,SavingsPlanCoveredUsage,2026-02-02T12:00:00Z,2026-02-02T13:00:00Z,AmazonEC2,USEA-BoxUsage:t3.medium,RunInstances,us-east-1a,i-061b542e574d14cd0,1.0,2.0,2.0,0.0416,0.0416,0.027599,0.027599,Hrs,0.0416,0.0416,Amazon Elastic Compute Cloud,t3.medium,2,4 GiB,Linux,us-east-1,AmazonEC2,45.2,54.69,40.73,10,2026-02-01T17:07:33Z,platform,prod,CC100,,,,,,,,arn:aws:savingsplans::112233445566:savingsplan/48902609-d18b-4d37-a2c5-4fe635263542,0.027599,0.027599,0.027599,,
59c36206982d4b24ba55c6a4d9d3ea72,2026-02-02T21:00:00Z/2026-02-02T22:00:00Z,112233445566,2026-02-01T00:00:00Z,2026-03-01T00:00:00Z,AWS,112233445566,SavingsPlanCoveredUsage,2026-02-02T21:00:00Z,2026-02-02T22:00:00Z,AmazonEC2,USEA-BoxUsage:t3.medium,RunInstances,us-east-1a,i-061b542e574d14cd0,1.0,2.0,2.0,0.0416,0.0416,0.030323,0.030323,Hrs,0.0416,0.0416,Amazon Elastic Compute Cloud,t3.medium,2,4 GiB,Linux,us-east-1,AmazonEC2,56.1,56.62,51.97,16,2026-01-31T15:07:31Z,platform,prod,CC100,,,,,,,,arn:aws:savingsplans::112233445566:savingsplan/48902609-d18b-4d37-a2c5-4fe635263542,0.030323,0.030323,0.030323,,
02e9989fbec049699c46ef36126af67c,2026-02-03T06:00:00Z/2026-02-03T07:00:00Z,112233445566,2026-02-01T00:00:00Z,2026-03-01T00:00:00Z,AWS,112233445566,SavingsPlanCoveredUsage,2026-02-03T06:00:00Z,2026-02-03T07:00:00Z,AmazonEC2,USEA-BoxUsage:t3.medium,RunInstances,us-east-1a,i-061b542e574d14cd0,1.0,2.0,2.0,0.0416,0.0416,0.027652,0.027652,Hrs,0.0416,0.0416,Amazon Elastic Compute Cloud,t3.medium,2,4 GiB,Linux,us-east-1,AmazonEC2,47.51,54.79,36.29,19,2026-02-01T10:43:41Z,platform,prod,CC100,,,,,,,,arn:aws:savingsplans::112233445566:savingsplan/48902609-d18b-4d37-a2c5-4fe635263542,0.027652,0.027652,0.027652,,
a4936171771241d7b94530717d59b702,2026-02-03T15:00:00Z/2026-02-03T16:00:00Z,112233445566,2026-02-01T00:00:00Z,2026-03-01T00:00:00Z,AWS,112233445566,SavingsPlanCoveredUsage,2026-02-03T15:00:00Z,2026-02-03T16:00:00Z,AmazonEC2,USEA-BoxUsage:t3.medium,RunInstances,us-east-1a,i-061b542e574d14cd0,1.0,2.0,2.0,0.0416,0.0416,0.029525,0.029525,Hrs,0.0416,0.0416,Amazon Elastic Compute Cloud,t3.medium,2,4 GiB,Linux,us-east-1,AmazonEC2,53.91,38.23,51.09,13,2026-02-01T11:39:37Z,platform,prod,CC100,,,,,,,,arn:aws:savingsplans::112233445566:savingsplan/48902609-d18b-4d37-a2c5-4fe635263542,0.029525,0.029525,0.029525,,
1a2f1f029b4e47bfa4b3fc041d7a1ffc,2026-02-04T09:00:00Z/2026-02-04T10:00:00Z,112233445566,2026-02-01T00:00:00Z,2026-03-01T00:00:00Z,AWS,112233445566,SavingsPlanCoveredUsage,2026-02-04T09:00:00Z,2026-02-04T10:00:00Z,AmazonEC2,USEA-BoxUsage:t3.medium,RunInstances,us-east-1a,i-061b542e574d14cd0,1.0,2.0,2.0,0.0416,0.0416,0.029224,0.029224,Hrs,0.0416,0.0416,Amazon Elastic Compute Cloud,t3.medium,2,4 GiB,Linux,us-east-1,AmazonEC2,38.58,56.96,49.01,8,2026-02-02T23:35:15Z,platform,prod,CC100,,,,,,,,arn:aws:savingsplans::112233445566:savingsplan/48902609-d18b-4d37-a2c5-4fe635263542,0.029224,0.029224,0.029224,,
a0d55fc36f1145aeaac418277d6f0bab,2026-02-04T18:00:00Z/2026-02-04T19:00:00Z,112233445566,2026-02-01T00:00:00Z,2026-03-01T00:00:00Z,AWS,112233445566,SavingsPlanCoveredUsage,2026-02-04T18:00:00Z,2026-02-04T19:00:00Z,AmazonEC2,USEA-BoxUsage:t3.medium,RunInstances,us-east-1a,i-061b542e574d14cd0,1.0,2.0,2.0,0.0416,0.0416,0.028412,0.028412,Hrs,0.0416,0.0416,Amazon Elastic Compute Cloud,t3.medium,2,4 GiB,Linux,us-east-1,AmazonEC2,33.77,51.6,33.83,10,2026-02-04T03:31:57Z,platform,prod,CC100,,,,,,,,arn:aws:savingsplans::112233445566:savingsplan/48902609-d18b-4d37-a2c5-4fe635263542,0.028412,0.028412,0.028412,,
b96f7985aefc4fd383140681950996d9,2026-02-05T03:00:00Z/2026-02-05T04:00:00Z,112233445566,2026-02-01T00:00:00Z,2026-03-01T00:00:00Z,AWS,112233445566,SavingsPlanCoveredUsage,2026-02-05T03:00:00Z,2026-02-05T04:00:00Z,AmazonEC2,USEA-BoxUsage:t3.medium,RunInstances,us-east-1a,i-061b542e574d14cd0,1.0,2.0,2.0,0.0416,0.0416,0.030002,0.030002,Hrs,0.0416,0.0416,Amazon Elastic Compute Cloud,t3.medium,2,4 GiB,Linux,us-east-1,AmazonEC2,53.36,56.17,40.38,15,2026-02-04T06:06:47Z,platform,prod,CC100,,,,,,,,arn:aws:savingsplans::112233445566:savingsplan/48902609-d18b-4d37-a2c5-4fe635263542,0.030002,0.030002,0.030002,,
37a16f32a62d430cbad52eea8ad264dd,2026-02-05T12:00:00Z/2026-02-05T13:00:00Z,112233445566,2026-02-01T00:00:00Z,2026-03-01T00:00:00Z,AWS,112233445566,SavingsPlanCoveredUsage,2026-02-05T12:00:00Z,2026-02-05T13:00:00Z,AmazonEC2,USEA-BoxUsage:t3.medium,RunInstances,us-east-1a,i-061b542e574d14cd0,1.0,2.0,2.0,0.0416,0.0416,0.028595,0.028595,Hrs,0.0416,0.0416,Amazon Elastic Compute Cloud,t3.medium,2,4 GiB,Linux,us-east-1,AmazonEC2,39.38,54.85,34.35,8,2026-02-03T22:51:13Z,platform,prod,CC100,,,,,,,,arn:aws:savingsplans::112233445566:savingsplan/48902609-d18b-4d37-a2c5-4fe635263542,0.028595,0.028595,0.028595,,
34135717fca9483882f5852ee24fcbfe,2026-02-05T21:00:00Z/2026-02-05T22:00:00Z,112233445566,2026-02-01T00:00:00Z,2026-03-01T00:00:00Z,AWS,112233445566,SavingsPlanCoveredUsage,2026-02-05T21:00:00Z,2026-02-05T22:00:00Z,AmazonEC2,USEA-BoxUsage:t3.medium,RunInstances,us-east-1a,i-061b542e574d14cd0,1.0,2.0,2.0,0.0416,0.0416,0.030117,0.030117,Hrs,0.0416,0.0416,Amazon Elastic Compute Cloud,t3.medium,2,4 GiB,Linux,us-east-1,AmazonEC2,51.28,60.31,27.26,16,2026-02-04T13:30:49Z,platform,prod,CC100,,,,,,,,arn:aws:savingsplans::112233445566:savingsplan/48902609-d18b-4d37-a2c5-4fe635263542,0.030117,0.030117,0.030117,,
3c3539c58d9b4bcf810b5648267243cb,2026-02-06T06:00:00Z/2026-02-06T07:00:00Z,112233445566,2026-02-01T00:00:00Z,2026-03-01T00:00:00Z,AWS,112233445566,SavingsPlanCoveredUsage,2026-02-06T06:00:00Z,2026-02-06T07:00:00Z,AmazonEC2,USEA-BoxUsage:t3.medium,RunInstances,us-east-1a,i-061b542e574d14cd0,1.0,2.0,2.0,0.0416,0.0416,0.028296,0.028296,Hrs,0.0416,0.0416,Amazon Elastic Compute Cloud,t3.medium,2,4 GiB,Linux,us-east-1,AmazonEC2,50.18,55.56,51.53,24,2026-02-05T04:12:08Z,platform,prod,CC100,,,,,,,,arn:aws:savingsplans::112233445566:savingsplan/48902609-d18b-4d37-a2c5-4fe635263542,0.028296,0.028296,0.028296,,
55260602df4e4071be848983dfb0ac7a,2026-02-06T15:00:00Z/2026-02-06T16:00:00Z,112233445566,2026-02-01T00:00:00Z,2026-03-01T00:00:00Z,AWS,112233445566,SavingsPlanCoveredUsage,2026-02-06T15:00:00Z,2026-02-06T16:00:00Z,AmazonEC2,USEA-BoxUsage:t3.medium,RunInstances,us-east-1a,i-061b542e574d14cd0,1.0,2.0,2.0,0.0416,0.0416,0.030691,0.030691,Hrs,0.0416,0.0416,Amazon Elastic Compute Cloud,t3.medium,2,4 GiB,Linux,us-east-1,AmazonEC2,51.98,62.15,44.84,22,2026-02-05T02:25:33Z,platform,prod,CC100,,,,,,,,arn:aws:savingsplans::112233445566:savingsplan/48902609-d18b-4d37-a2c5-4fe635263542,0.030691,0.030691,0.030691,,
ebbffe145c1e4fb9a33a475f9deeb8ac,2026-02-07T00:00:00Z/2026-02-07T01:00:00Z,112233445566,2026-02-01T00:00:00Z,2026-03-01T00:00:00Z,AWS,112233445566,SavingsPlanCoveredUsage,2026-02-07T00:00:00Z,2026-02-07T01:00:00Z,AmazonEC2,USEA-BoxUsage:t3.medium,RunInstances,us-east-1a,i-061b542e574d14cd0,1.0,2.0,2.0,0.0416,0.0416,0.029097,0.029097,Hrs,0.0416,0.0416,Amazon Elastic Compute Cloud,t3.medium,2,4 GiB,Linux,us-east-1,AmazonEC2,33.43,53.01,36.01,2,2026-02-05T03:12:25Z,platform,prod,CC100,,,,,,,,arn:aws:savingsplans::112233445566:savingsplan/48902609-d18b-4d37-a2c5-4fe635263542,0.029097,0.029097,0.029097,,
6abf74deb58b42558b1b7283c3178809,2026-02-07T09:00:00Z/2026-02-07T10:00:00Z,112233445566,2026-02-01T00:00:00Z,2026-03-01T00:00:00Z,AWS,112233445566,SavingsPlanCoveredUsage,2026-02-07T09:00:00Z,2026-02-07T10:00:00Z,AmazonEC2,USEA-BoxUsage:t3.medium,RunInstances,us-east-1a,i-061b542e574d14cd0,1.0,2.0,2.0,0.0416,0.0416,0.028211,0.028211,Hrs,0.0416,0.0416,Amazon Elastic Compute Cloud,t3.medium,2,4 GiB,Linux,us-east-1,AmazonEC2,55.13,43.21,41.08,6,2026-02-06T06:35:05Z,platform,prod,CC100,,,,,,,,arn:aws:savingsplans::112233445566:savingsplan/48902609-d18b-4d37-a2c5-4fe635263542,0.028211,0.028211,0.028211,,
271e7a0beac44345a0fc8dc90778b0e7,2026-02-07T18:00:00Z/2026-02-07T19:00:00Z,112233445566,2026-02-01T00:00:00Z,2026-03-01T00:00:00Z,AWS,112233445566,SavingsPlanCoveredUsage,2026-02-07T18:00:00Z,2026-02-07T19:00:00Z,AmazonEC2,USEA-BoxUsage:t3.medium,RunInstances,us-east-1a,i-061b542e574d14cd0,1.0,2.0,2.0,0.0416,0.0416,0.027682,0.027682,Hrs,0.0416,0.0416,Amazon Elastic Compute Cloud,t3.medium,2,4 GiB,Linux,us-east-1,AmazonEC2,55.12,63.24,46.98,19,2026-02-05T07:22:52Z,platform,prod,CC100,,,,,,,,arn:aws:savingsplans::112233445566:savingsplan/48902609-d18b-4d37-a2c5-4fe635263542,0.027682,0.027682,0.027682,,
4289ee49d5394d3b89656b94d8e24a20,2026-02-08T03:00:00Z/2026-02-08T04:00:00Z,112233445566,2026-02-01T00:00:00Z,2026-03-01T00:00:00Z,AWS,112233445566,SavingsPlanCoveredUsage,2026-02-08T03:00:00Z,2026-02-08T04:00:00Z,AmazonEC2,USEA-BoxUsage:t3.medium,RunInstances,us-east-1a,i-061b542e574d14cd0,1.0,2.0,2.0,0.0416,0.0416,0.030211,0.030211,Hrs,0.0416,0.0416,Amazon Elastic Compute Cloud,t3.medium,2,4 GiB,Linux,us-east-1,AmazonEC2,46.48,56.05,32.12,21,2026-02-06T03:59:56Z,platform,prod,CC100,,,,,,,,arn:aws:savingsplans::112233445566:savingsplan/48902609-d18b-4d37-a2c5-4fe635263542,0.030211,0.030211,0.030211,,
b1cf932e7867495cb99577064df792f6,2026-02-08T12:00:00Z/2026-02-08T13:00:00Z,112233445566,2026-02-01T00:00:00Z,2026-03-01T00:00:00Z,AWS,112233445566,SavingsPlanCoveredUsage,2026-02-08T12:00:00Z,2026-02-08T13:00:00Z,AmazonEC2,USEA-BoxUsage:t3.medium,RunInstances,us-east-1a,i-061b542e574d14cd0,1.0,2.0,2.0,0.0416,0.0416,0.029877,0.029877,Hrs,0.0416,0.0416,Amazon Elastic Compute Cloud,t3.medium,2,4 GiB,Linux,us-east-1,AmazonEC2,46.47,39.45,38.6,21,2026-02-06T22:46:55Z,platform,prod,CC100,,,,,,,,arn:aws:savingsplans::112233445566:savingsplan/48902609-d18b-4d37-a2c5-4fe635263542,0.029877,0.029877,0.029877,,
bf26df9aff1a4fe88ee52e063f5eae9d,2026-02-09T06:00:00Z/2026-02-09T07:00:00Z,112233445566,2026-02-01T00:00:00Z,2026-03-01T00:00:00Z,AWS,112233445566,SavingsPlanCoveredUsage,2026-02-09T06:00:00Z,2026-02-09T07:00:00Z,AmazonEC2,USEA-BoxUsage:t3.medium,RunInstances,us-east-1a,i-061b542e574d14cd0,1.0,2.0,2.0,0.0416,0.0416,0.027118,0.027118,Hrs,0.0416,0.0416,Amazon Elastic Compute Cloud,t3.medium,2,4 GiB,Linux,us-east-1,AmazonEC2,49.36,61.53,37.1,23,2026-02-08T22:53:38Z,platform,prod,CC100,,,,,,,,arn:aws:savingsplans::112233445566:savingsplan/48902609-d18b-4d37-a2c5-4fe635263542,0.027118,0.027118,0.027118,,
8b9caa857cc24026a4cb863b03c9c04f,2026-02-09T15:00:00Z/2026-02-09T16:00:00Z,112233445566,2026-02-01T00:00:00Z,2026-03-01T00:00:00Z,AWS,112233445566,SavingsPlanCoveredUsage,2026-02-09T15:00:00Z,2026-02-09T16:00:00Z,AmazonEC2,USEA-BoxUsage:t3.medium,RunInstances,us-east-1a,i-061b542e574d14cd0,1.0,2.0,2.0,0.0416,0.0416,0.030746,0.030746,Hrs,0.0416,0.0416,Amazon Elastic Compute Cloud,t3.medium,2,4 GiB,Linux,us-east-1,AmazonEC2,52.31,60.49,42.63,25,2026-02-07T07:06:42Z,platform,prod,CC100,,,,,,,,arn:aws:savingsplans::112233445566:savingsplan/48902609-d18b-4d37-a2c5-4fe635263542,0.030746,0.030746,0.030746,,
d834a8a08bc74c6ba01962e2d1bb473f,2026-02-10T00:00:00Z/2026-02-10T01:00:00Z,112233445566,2026-02-01T00:00:00Z,2026-03-01T00:00:00Z,AWS,112233445566,SavingsPlanCoveredUsage,2026-02-10T00:00:00Z,2026-02-10T01:00:00Z,AmazonEC2,USEA-BoxUsage:t3.medium,RunInstances,us-east-1a,i-061b542e574d14cd0,1.0,2.0,2.0,0.0416,0.0416,0.029514,0.029514,Hrs,0.0416,0.0416,Amazon Elastic Compute Cloud,t3.medium,2,4 GiB,Linux,us-east-1,AmazonEC2,45.82,45.31,46.85,10,2026-02-09T04:36:41Z,platform,prod,CC100,,,,,,,,arn:aws:savingsplans::112233445566:savingsplan/48902609-d18b-4d37-a2c5-4fe635263542,0.029514,0.029514,0.029514,,
88db85890e0f4f99b91819dee9bbd2f0,2026-02-10T09:00:00Z/2026-02-10T10:00:00Z,112233445566,2026-02-01T00:00:00Z,2026-03-01T00:00:00Z,AWS,112233445566,SavingsPlanCoveredUsage,2026-02-10T09:00:00Z,2026-02-10T10:00:00Z,AmazonEC2,USEA-BoxUsage:t3.medium,RunInstances,us-east-1a,i-061b542e574d14cd0,1.0,2.0,2.0,0.0416,0.0416,0.028092,0.028092,Hrs,0.0416,0.0416,Amazon Elastic Compute Cloud,t3.medium,2,4 GiB,Linux,us-east-1,AmazonEC2,57.71,58.34,37.91,4,2026-02-07T21:03:57Z,platform,prod,CC100,,,,,,,,arn:aws:savingsplans::112233445566:savingsplan/48902609-d18b-4d37-a2c5-4fe635263542,0.028092,0.028092,0.028092,,
0868a14c5fb146f38559974e26368f43,2026-02-10T18:00:00Z/2026-02-10T19:00:00Z,112233445566,2026-02-01T00:00:00Z,2026-03-01T00:00:00Z,AWS,112233445566,SavingsPlanCoveredUsage,2026-02-10T18:00:00Z,2026-02-10T19:00:00Z,AmazonEC2,USEA-BoxUsage:t3.medium,RunInstances,us-east-1a,i-061b542e574d14cd0,1.0,2.0,2.0,0.0416,0.0416,0.028237,0.028237,Hrs,0.0416,0.0416,Amazon Elastic Compute Cloud,t3.medium,2,4 GiB,Linux,us-east-1,AmazonEC2,43.43,59.24,34.57,16,2026-02-08T20:20:05Z,platform,prod,CC100,,,,,,,,arn:aws:savingsplans::112233445566:savingsplan/48902609-d18b-4d37-a2c5-4fe635263542,0.028237,0.028237,0.028237,,
970d618c2cc04a079d552c50683b4a5f,2026-02-11T03:00:00Z/2026-02-11T04:00:00Z,112233445566,2026-02-01T00:00:00Z,2026-03-01T00:00:00Z,AWS,112233445566,SavingsPlanCoveredUsage,2026-02-11T03:00:00Z,2026-02-11T04:00:00Z,AmazonEC2,USEA-BoxUsage:t3.medium,RunInstances,us-east-1a,i-061b542e574d14cd0,1.0,2.0,2.0,0.0416,0.0416,0.029024,0.029024,Hrs,0.0416,0.0416,Amazon Elastic Compute Cloud,t3.medium,2,4 GiB,Linux,us-east-1,AmazonEC2,53.76,44.56,24.03,11,2026-02-10T09:18:13Z,platform,prod,CC100,,,,,,,,arn:aws:savingsplans::112233445566:savingsplan/48902609-d18b-4d37-a2c5-4fe635263542,0.029024,0.029024,0.029024,,
dccd4de235864ba2aa406a227d37ec15,2026-02-11T12:00:00Z/2026-02-11T13:00:00Z,112233445566,2026-02-01T00:00:00Z,2026-03-01T00:00:00Z,AWS,112233445566,SavingsPlanCoveredUsage,2026-02-11T12:00:00Z,2026-02-11T13:00:00Z,AmazonEC2,USEA-BoxUsage:t3.medium,RunInstances,us-east-1a,i-061b542e574d14cd0,1.0,2.0,2.0,0.0416,0.0416,0.031012,0.031012,Hrs,0.0416,0.0416,Amazon Elastic Compute Cloud,t3.medium,2,4 GiB,Linux,us-east-1,AmazonEC2,56.72,38.95,32.34,22,2026-02-10T04:10:39Z,platform,prod,CC100,,,,,,,,arn:aws:savingsplans::112233445566:savingsplan/48902609-d18b-4d37-a2c5-4fe635263542,0.031012,0.031012,0.031012,,
eb718f006f094c9bbf2381bcc0dd45a3,2026-02-11T21:00:00Z/2026-02-11T22:00:00Z,112233445566,2026-02-01T00:00:00Z,2026-03-01T00:00:00Z,AWS,112233445566,SavingsPlanCoveredUsage,2026-02-11T21:00:00Z,2026-02-11T22:00:00Z,AmazonEC2,USEA-BoxUsage:t3.medium,RunInstances,us-east-1a,i-061b542e574d14cd0,1.0,2.0,2.0,0.0416,0.0416,0.030146,0.030146,Hrs,0.0416,0.0416,Amazon Elastic Compute Cloud,t3.medium,2,4 GiB,Linux,us-east-1,AmazonEC2,46.42,39.21,37.32,19,2026-02-10T11:45:57Z,platform,prod,CC100,,,,,,,,arn:aws:savingsplans::112233445566:savingsplan/48902609-d18b-4d37-a2c5-4fe635263542,0.030146,0.030146,0.030146,,
194a20bbd4f443bd8a527615fe854169,2026-02-12T06:00:00Z/2026-02-12T07:00:00Z,112233445566,2026-02-01T00:00:00Z,2026-03-01T00:00:00Z,AWS,112233445566,SavingsPlanCoveredUsage,2026-02-12T06:00:00Z,2026-02-12T07:00:00Z,AmazonEC2,USEA-BoxUsage:t3.medium,RunInstances,us-east-1a,i-061b542e574d14cd0,1.0,2.0,2.0,0.0416,0.0416,0.030305,0.030305,Hrs,0.0416,0.0416,Amazon Elastic Compute Cloud,t3.medium,2,4 GiB,Linux,us-east-1,AmazonEC2,45.77,44.77,39.22,20,2026-02-10T17:36:32Z,platform,prod,CC100,,,,,,,,arn:aws:savingsplans::112233445566:savingsplan/48902609-d18b-4d37-a2c5-4fe635263542,0.030305,0.030305,0.030305,,
c1b5616e1c4347788234f0745c754ef9,2026-02-12T15:00:00Z/2026-02-12T16:00:00Z,112233445566,2026-02-01T00:00:00Z,2026-03-01T00:00:00Z,AWS,112233445566,SavingsPlanCoveredUsage,2026-02-12T15:00:00Z,2026-02-12T16:00:00Z,AmazonEC2,USEA-BoxUsage:t3.medium,RunInstances,us-east-1a,i-061b542e574d14cd0,1.0,2.0,2.0,0.0416,0.0416,0.029604,0.029604,Hrs,0.0416,0.0416,Amazon Elastic Compute Cloud,t3.medium,2,4 GiB,Linux,us-east-1,AmazonEC2,34.42,51.92,28.92,17,2026-02-10T12:32:07Z,platform,prod,CC100,,,,,,,,arn:aws:savingsplans::112233445566:savingsplan/48902609-d18b-4d37-a2c5-4fe635263542,0.029604,0.029604,0.029604,,
ec7669a1eede44dcb860ae2fc88ea422,2026-02-13T00:00:00Z/2026-02-13T01:00:00Z,112233445566,2026-02-01T00:00:00Z,2026-03-01T00:00:00Z,AWS,112233445566,SavingsPlanCoveredUsage,2026-02-13T00:00:00Z,2026-02-13T01:00:00Z,AmazonEC2,USEA-BoxUsage:t3.medium,RunInstances,us-east-1a,i-061b542e574d14cd0,1.0,2.0,2.0,0.0416,0.0416,0.02762,0.02762,Hrs,0.0416,0.0416,Amazon Elastic Compute Cloud,t3.medium,2,4 GiB,Linux,us-east-1,AmazonEC2,48.84,60.11,29.15,14,2026-02-12T19:35:01Z,platform,prod,CC100,,,,,,,,arn:aws:savingsplans::112233445566:savingsplan/48902609-d18b-4d37-a2c5-4fe635263542,0.02762,0.02762,0.02762,,
4bd9175567c84f5d87ff2da5d61ec5ca,2026-02-13T09:00:00Z/2026-02-13T10:00:00Z,112233445566,2026-02-01T00:00:00Z,2026-03-01T00:00:00Z,AWS,112233445566,SavingsPlanCoveredUsage,2026-02-13T09:00:00Z,2026-02-13T10:00:00Z,AmazonEC2,USEA-BoxUsage:t3.medium,RunInstances,us-east-1a,i-061b542e574d14cd0,1.0,2.0,2.0,0.0416,0.0416,0.029199,0.029199,Hrs,0.0416,0.0416,Amazon Elastic Compute Cloud,t3.medium,2,4 GiB,Linux,us-east-1,AmazonEC2,50.52,50.34,45.67,12,2026-02-12T13:11:40Z,platform,prod,CC100,,,,,,,,arn:aws:savingsplans::112233445566:savingsplan/48902609-d18b-4d37-a2c5-4fe635263542,0.029199,0.029199,0.029199,,
7460192e68264173a7fe4de78321a52f,2026-02-13T18:00:00Z/2026-02-13T19:00:00Z,112233445566,2026-02-01T00:00:00Z,2026-03-01T00:00:00Z,AWS,112233445566,SavingsPlanCoveredUsage,2026-02-13T18:00:00Z,2026-02-13T19:00:00Z,AmazonEC2,USEA-BoxUsage:t3.medium,RunInstances,us-east-1a,i-061b542e574d14cd0,1.0,2.0,2.0,0.0416,0.0416,0.031002,0.031002,Hrs,0.0416,0.0416,Amazon Elastic Compute Cloud,t3.medium,2,4 GiB,Linux,us-east-1,AmazonEC2,32.05,65.7,36.91,3,2026-02-12T20:47:31Z,platform,prod,CC100,,,,,,,,arn:aws:savingsplans::112233445566:savingsplan/48902609-d18b-4d37-a2c5-4fe635263542,0.031002,0.031002,0.031002,,
a7e6e9df2d6f4e15ae6b043629c10b53,2026-02-14T03:00:00Z/2026-02-14T04:00:00Z,112233445566,2026-02-01T00:00:00Z,2026-03-01T00:00:00Z,AWS,112233445566,SavingsPlanCoveredUsage,2026-02-14T03:00:00Z,2026-02-14T04:00:00Z,AmazonEC2,USEA-BoxUsage:t3.medium,RunInstances,us-east-1a,i-061b542e574d14cd0,1.0,2.0,2.0,0.0416,0.0416,0.0287,0.0287,Hrs,0.0416,0.0416,Amazon Elastic Compute Cloud,t3.medium,2,4 GiB,Linux,us-east-1,AmazonEC2,44.08,59.15,40.48,11,2026-02-11T19:35:09Z,platform,prod,CC100,,,,,,,,arn:aws:savingsplans::112233445566:savingsplan/48902609-d18b-4d37-a2c5-4fe635263542,0.0287,0.0287,0.0287,,
f5cffdf9f93541b0a2f899b3113aa232,2026-02-14T12:00:00Z/2026-02-14T13:00:00Z,112233445566,2026-02-01T00:00:00Z,2026-03-01T00:00:00Z,AWS,112233445566,SavingsPlanCoveredUsage,2026-02-14T12:00:00Z,2026-02-14T13:00:00Z,AmazonEC2,USEA-BoxUsage:t3.medium,RunInstances,us-east-1a,i-061b542e574d14cd0,1.0,2.0,2.0,0.0416,0.0416,0.030334,0.030334,Hrs,0.0416,0.0416,Amazon Elastic Compute Cloud,t3.medium,2,4 GiB,Linux,us-east-1,AmazonEC2,34.6,58.3,39.64,5,2026-02-13T04:37:01Z,platform,prod,CC100,,,,,,,,arn:aws:savingsplans::112233445566:savingsplan/48902609-d18b-4d37-a2c5-4fe635263542,0.030334,0.030334,0.030334,,
a41beab309e34411a289e2c5d513bb85,2026-02-14T21:00:00Z/2026-02-14T22:00:00Z,112233445566,2026-02-01T00:00:00Z,2026-03-01T00:00:00Z,AWS,112233445566,SavingsPlanCoveredUsage,2026-02-14T21:00:00Z,2026-02-14T22:00:00Z,AmazonEC2,USEA-BoxUsage:t3.medium,RunInstances,us-east-1a,i-061b542e574d14cd0,1.0,2.0,2.0,0.0416,0.0416,0.030817,0.030817,Hrs,0.0416,0.0416,Amazon Elastic Compute Cloud,t3.medium,2,4 GiB,Linux,us-east-1,AmazonEC2,50.04,58.62,26.13,8,2026-02-13T21:47:58Z,platform,prod,CC100,,,,,,,,arn:aws:savingsplans::112233445566:savingsplan/48902609-d18b-4d37-a2c5-4fe635263542,0.030817,0.030817,0.030817,,
7796c6fd67234bc09962df4569343187,2026-02-15T06:00:00Z/2026-02-15T07:00:00Z,112233445566,2026-02-01T00:00:00Z,2026-03-01T00:00:00Z,AWS,112233445566,SavingsPlanCoveredUsage,2026-02-15T06:00:00Z,2026-02-15T07:00:00Z,AmazonEC2,USEA-BoxUsage:t3.medium,RunInstances,us-east-1a,i-061b542e574d14cd0,1.0,2.0,2.0,0.0416,0.0416,0.030491,0.030491,Hrs,0.0416,0.0416,Amazon Elastic Compute Cloud,t3.medium,2,4 GiB,Linux,us-east-1,AmazonEC2,44.26,53.4,30.09,23,2026-02-14T05:31:51Z,platform,prod,CC100,,,,,,,,arn:aws:savingsplans::112233445566:savingsplan/48902609-d18b-4d37-a2c5-4fe635263542,0.030491,0.030491,0.030491,,
9eada55c6789477dbd2a8a545c03cb21,2026-02-15T15:00:00Z/2026-02-15T16:00:00Z,112233445566,2026-02-01T00:00:00Z,2026-03-01T00:00:00Z,AWS,112233445566,SavingsPlanCoveredUsage,2026-02-15T15:00:00Z,2026-02-15T16:00:00Z,AmazonEC2,USEA-BoxUsage:t3.medium,RunInstances,us-east-1a,i-061b542e574d14cd0,1.0,2.0,2.0,0.0416,0.0416,0.029792,0.029792,Hrs,0.0416,0.0416,Amazon Elastic Compute Cloud,t3.medium,2,4 GiB,Linux,us-east-1,AmazonEC2,57.49,57.78,37.52,9,2026-02-13T12:23:48Z,platform,prod,CC100,,,,,,,,arn:aws:savingsplans::112233445566:savingsplan/48902609-d18b-4d37-a2c5-4fe635263542,0.029792,0.029792,0.029792,,
4affa3efaf9d445c9465048da2ed37bc,2026-02-16T00:00:00Z/2026-02-16T01:00:00Z,112233445566,2026-02-01T00:00:00Z,2026-03-01T00:00:00Z,AWS,112233445566,SavingsPlanCoveredUsage,2026-02-16T00:00:00Z,2026-02-16T01:00:00Z,AmazonEC2,USEA-BoxUsage:t3.medium,RunInstances,us-east-1a,i-061b542e574d14cd0,1.0,2.0,2.0,0.0416,0.0416,0.029041,0.029041,Hrs,0.0416,0.0416,Amazon Elastic Compute Cloud,t3.medium,2,4 GiB,Linux,us-east-1,AmazonEC2,43.23,65.87,49.66,17,2026-02-13T23:30:26Z,platform,prod,CC100,,,,,,,,arn:aws:savingsplans::112233445566:savingsplan/48902609-d18b-4d37-a2c5-4fe635263542,0.029041,0.029041,0.029041,,
b4b157a0221f4ac6b5f423ce285df13e,2026-02-16T09:00:00Z/2026-02-16T10:00:00Z,112233445566,2026-02-01T00:00:00Z,2026-03-01T00:00:00Z,AWS,112233445566,SavingsPlanCoveredUsage,2026-02-16T09:00:00Z,2026-02-16T10:00:00Z,AmazonEC2,USEA-BoxUsage:t3.medium,RunInstances,us-east-1a,i-061b542e574d14cd0,1.0,2.0,2.0,0.0416,0.0416,0.030411,0.030411,Hrs,0.0416,0.0416,Amazon Elastic Compute Cloud,t3.medium,2,4 GiB,Linux,us-east-1,AmazonEC2,44.45,63.19,32.47,11,2026-02-14T18:19:07Z,platform,prod,CC100,,,,,,,,arn:aws:savingsplans::112233445566:savingsplan/48902609-d18b-4d37-a2c5-4fe635263542,0.030411,0.030411,0.030411,,
7f8792c3ecee44bbb5002d77ec35cfe6,2026-02-16T18:00:00Z/2026-02-16T19:00:00Z,112233445566,2026-02-01T00:00:00Z,2026-03-01T00:00:00Z,AWS,112233445566,SavingsPlanCoveredUsage,2026-02-16T18:00:00Z,2026-02-16T19:00:00Z,AmazonEC2,USEA-BoxUsage:t3.medium,RunInstances,us-east-1a,i-061b542e574d14cd0,1.0,2.0,2.0,0.0416,0.0416,0.027306,0.027306,Hrs,0.0416,0.0416,Amazon Elastic Compute Cloud,t3.medium,2,4 GiB,Linux,us-east-1,AmazonEC2,40.27,56.2,24.13,22,2026-02-15T10:22:50Z,platform,prod,CC100,,,,,,,,arn:aws:savingsplans::112233445566:savingsplan/48902609-d18b-4d37-a2c5-4fe635263542,0.027306,0.027306,0.027306,,
48bc95a0d75148d4806f54201dc3636d,2026-02-17T03:00:00Z/2026-02-17T04:00:00Z,112233445566,2026-02-01T00:00:00Z,2026-03-01T00:00:00Z,AWS,112233445566,SavingsPlanCoveredUsage,2026-02-17T03:00:00Z,2026-02-17T04:00:00Z,AmazonEC2,USEA-BoxUsage:t3.medium,RunInstances,us-east-1a,i-061b542e574d14cd0,1.0,2.0,2.0,0.0416,0.0416,0.028629,0.028629,Hrs,0.0416,0.0416,Amazon Elastic Compute Cloud,t3.medium,2,4 GiB,Linux,us-east-1,AmazonEC2,43.24,49.83,48.0,15,2026-02-14T21:18:43Z,platform,prod,CC100,,,,,,,,arn:aws:savingsplans::112233445566:savingsplan/48902609-d18b-4d37-a2c5-4fe635263542,0.028629,0.028629,0.028629,,
34432cb07470406e840aacbf51d7f921,2026-02-17T12:00:00Z/2026-02-17T13:00:00Z,112233445566,2026-02-01T00:00:00Z,2026-03-01T00:00:00Z,AWS,112233445566,SavingsPlanCoveredUsage,2026-02-17T12:00:00Z,2026-02-17T13:00:00Z,AmazonEC2,USEA-BoxUsage:t3.medium,RunInstances,us-east-1a,i-061b542e574d14cd0,1.0,2.0,2.0,0.0416,0.0416,0.028718,0.028718,Hrs,0.0416,0.0416,Amazon Elastic Compute Cloud,t3.medium,2,4 GiB,Linux,us-east-1,AmazonEC2,40.77,40.1,24.45,13,2026-02-15T18:41:02Z,platform,prod,CC100,,,,,,,,arn:aws:savingsplans::112233445566:savingsplan/48902609-d18b-4d37-a2c5-4fe635263542,0.028718,0.028718,0.028718,,
79736adbbda64eeb8c6c102155c1f903,2026-02-17T21:00:00Z/2026-02-17T22:00:00Z,112233445566,2026-02-01T00:00:00Z,2026-03-01T00:00:00Z,AWS,112233445566,SavingsPlanCoveredUsage,2026-02-17T21:00:00Z,2026-02-17T22:00:00Z,AmazonEC2,USEA-BoxUsage:t3.medium,RunInstances,us-east-1a,i-061b542e574d14cd0,1.0,2.0,2.0,0.0416,0.0416,0.028257,0.028257,Hrs,0.0416,0.0416,Amazon Elastic Compute Cloud,t3.medium,2,4 GiB,Linux,us-east-1,AmazonEC2,56.15,55.69,25.44,11,2026-02-17T00:22:02Z,platform,prod,CC100,,,,,,,,arn:aws:savingsplans::112233445566:savingsplan/48902609-d18b-4d37-a2c5-4fe635263542,0.028257,0.028257,0.028257,,
20ce7b0312f140e0a9945d089edd1824,2026-02-18T06:00:00Z/2026-02-18T07:00:00Z,112233445566,2026-02-01T00:00:00Z,2026-03-01T00:00:00Z,AWS,112233445566,SavingsPlanCoveredUsage,2026-02-18T06:00:00Z,2026-02-18T07:00:00Z,AmazonEC2,USEA-BoxUsage:t3.medium,RunInstances,us-east-1a,i-061b542e574d14cd0,1.0,2.0,2.0,0.0416,0.0416,0.030563,0.030563,Hrs,0.0416,0.0416,Amazon Elastic Compute Cloud,t3.medium,2,4 GiB,Linux,us-east-1,AmazonEC2,35.47,43.64,47.63,21,2026-02-16T00:26:13Z,platform,prod,CC100,,,,,,,,arn:aws:savingsplans::112233445566:savingsplan/48902609-d18b-4d37-a2c5-4fe635263542,0.030563,0.030563,0.030563,,
2545105ae73346c4bc3482296f61730f,2026-02-18T15:00:00Z/2026-02-18T16:00:00Z,112233445566,2026-02-01T00:00:00Z,2026-03-01T00:00:00Z,AWS,112233445566,SavingsPlanCoveredUsage,2026-02-18T15:00:00Z,2026-02-18T16:00:00Z,AmazonEC2,USEA-BoxUsage:t3.medium,RunInstances,us-east-1a,i-061b542e574d14cd0,1.0,2.0,2.0,0.0416,0.0416,0.030112,0.030112,Hrs,0.0416,0.0416,Amazon Elastic Compute Cloud,t3.medium,2,4 GiB,Linux,us-east-1,AmazonEC2,53.07,60.64,30.5,19,2026-02-17T08:39:40Z,platform,prod,CC100,,,,,,,,arn:aws:savingsplans::112233445566:savingsplan/48902609-d18b-4d37-a2c5-4fe635263542,0.030112,0.030112,0.030112,,
dd3727f33117441ab212d143752a9c4b,2026-02-19T00:00:00Z/2026-02-19T01:00:00Z,112233445566,2026-02-01T00:00:00Z,2026-03-01T00:00:00Z,AWS,112233445566,SavingsPlanCoveredUsage,2026-02-19T00:00:00Z,2026-02-19T01:00:00Z,AmazonEC2,USEA-BoxUsage:t3.medium,RunInstances,us-east-1a,i-061b542e574d14cd0,1.0,2.0,2.0,0.0416,0.0416,0.030306,0.030306,Hrs,0.0416,0.0416,Amazon Elastic Compute Cloud,t3.medium,2,4 GiB,Linux,us-east-1,AmazonEC2,32.16,45.26,36.54,8,2026-02-18T03:58:30Z,platform,prod,CC100,,,,,,,,arn:aws:savingsplans::112233445566:savingsplan/48902609-d18b-4d37-a2c5-4fe635263542,0.030306,0.030306,0.030306,,
cb59289db32c446e84d7c17f8d4a55f8,2026-02-19T09:00:00Z/2026-02-19T10:00:00Z,112233445566,2026-02-01T00:00:00Z,2026-03-01T00:00:00Z,AWS,112233445566,SavingsPlanCoveredUsage,2026-02-19T09:00:00Z,2026-02-19T10:00:00Z,AmazonEC2,USEA-BoxUsage:t3.medium,RunInstances,us-east-1a,i-061b542e574d14cd0,1.0,2.0,2.0,0.0416,0.0416,0.030375,0.030375,Hrs,0.0416,0.0416,Amazon Elastic Compute Cloud,t3.medium,2,4 GiB,Linux,us-east-1,AmazonEC2,38.75,41.8,47.94,21,2026-02-18T13:34:12Z,platform,prod,CC100,,,,,,,,arn:aws:savingsplans::112233445566:savingsplan/48902609-d18b-4d37-a2c5-4fe635263542,0.030375,0.030375,0.030375,,
07c7408291df4c84aad92c42a528572b,2026-02-19T18:00:00Z/2026-02-19T19:00:00Z,112233445566,2026-02-01T00:00:00Z,2026-03-01T00:00:00Z,AWS,112233445566,SavingsPlanCoveredUsage,2026-02-19T18:00:00Z,2026-02-19T19:00:00Z,AmazonEC2,USEA-BoxUsage:t3.medium,RunInstances,us-east-1a,i-061b542e574d14cd0,1.0,2.0,2.0,0.0416,0.0416,0.027189,0.027189,Hrs,0.0416,0.0416,Amazon Elastic Compute Cloud,t3.medium,2,4 GiB,Linux,us-east-1,AmazonEC2,51.31,45.45,45.98,25,2026-02-17T09:48:48Z,platform,prod,CC100,,,,,,,,arn:aws:savingsplans::112233445566:savingsplan/48902609-d18b-4d37-a2c5-4fe635263542,0.027189,0.027189,0.027189,,
7e6f85ee5124493fad6f7776b8cadc23,2026-02-20T03:00:00Z/2026-02-20T04:00:00Z,112233445566,2026-02-01T00:00:00Z,2026-03-01T00:00:00Z,AWS,112233445566,SavingsPlanCoveredUsage,2026-02-20T03:00:00Z,2026-02-20T04:00:00Z,AmazonEC2,USEA-BoxUsage:t3.medium,RunInstances,us-east-1a,i-061b542e574d14cd0,1.0,2.0,2.0,0.0416,0.0416,0.029119,0.029119,Hrs,0.0416,0.0416,Amazon Elastic Compute Cloud,t3.medium,2,4 GiB,Linux,us-east-1,AmazonEC2,45.35,60.35,27.44,4,2026-02-18T19:09:23Z,platform,prod,CC100,,,,,,,,arn:aws:savingsplans::112233445566:savingsplan/48902609-d18b-4d37-a2c5-4fe635263542,0.029119,0.029119,0.029119,,
56542eb9013f43dcb058ec1a17a557fd,2026-02-20T12:00:00Z/2026-02-20T13:00:00Z,112233445566,2026-02-01T00:00:00Z,2026-03-01T00:00:00Z,AWS,112233445566,SavingsPlanCoveredUsage,2026-02-20T12:00:00Z,2026-02-20T13:00:00Z,AmazonEC2,USEA-BoxUsage:t3.medium,RunInstances,us-east-1a,i-061b542e574d14cd0,1.0,2.0,2.0,0.0416,0.0416,0.028896,0.028896,Hrs,0.0416,0.0416,Amazon Elastic Compute Cloud,t3.medium,2,4 GiB,Linux,us-east-1,AmazonEC2,42.89,55.09,36.91,16,2026-02-19T06:19:13Z,platform,prod,CC100,,,,,,,,arn:aws:savingsplans::112233445566:savingsplan/48902609-d18b-4d37-a2c5-4fe635263542,0.028896,0.028896,0.028896,,
41591a5c094b4306ac7d329edc081a4a,2026-02-20T21:00:00Z/2026-02-20T22:00:00Z,112233445566,2026-02-01T00:00:00Z,2026-03-01T00:00:00Z,AWS,112233445566,SavingsPlanCoveredUsage,2026-02-20T21:00:00Z,2026-02-20T22:00:00Z,AmazonEC2,USEA-BoxUsage:t3.medium,RunInstances,us-east-1a,i-061b542e574d14cd0,1.0,2.0,2.0,0.0416,0.0416,0.027622,0.027622,Hrs,0.0416,0.0416,Amazon Elastic Compute Cloud,t3.medium,2,4 GiB,Linux,us-east-1,AmazonEC2,41.31,45.54,32.87,13,2026-02-20T01:03:10Z,platform,prod,CC100,,,,,,,,arn:aws:savingsplans::112233445566:savingsplan/48902609-d18b-4d37-a2c5-4fe635263542,0.027622,0.027622,0.027622,,
d1574453cd924a9fb773e6364bb27328,2026-02-21T06:00:00Z/2026-02-21T07:00:00Z,112233445566,2026-02-01T00:00:00Z,2026-03-01T00:00:00Z,AWS,112233445566,SavingsPlanCoveredUsage,2026-02-21T06:00:00Z,2026-02-21T07:00:00Z,AmazonEC2,USEA-BoxUsage:t3.medium,RunInstances,us-east-1a,i-061b542e574d14cd0,1.0,2.0,2.0,0.0416,0.0416,0.027063,0.027063,Hrs,0.0416,0.0416,Amazon Elastic Compute Cloud,t3.medium,2,4 GiB,Linux,us-east-1,AmazonEC2,37.19,63.9,50.54,19,2026-02-19T12:05:01Z,platform,prod,CC100,,,,,,,,arn:aws:savingsplans::112233445566:savingsplan/48902609-d18b-4d37-a2c5-4fe635263542,0.027063,0.027063,0.027063,,
e55790fbd31544c38f00efd093be0da4,2026-02-21T15:00:00Z/2026-02-21T16:00:00Z,112233445566,2026-02-01T00:00:00Z,2026-03-01T00:00:00Z,AWS,112233445566,SavingsPlanCoveredUsage,2026-02-21T15:00:00Z,2026-02-21T16:00:00Z,AmazonEC2,USEA-BoxUsage:t3.medium,RunInstances,us-east-1a,i-061b542e574d14cd0,1.0,2.0,2.0,0.0416,0.0416,0.029188,0.029188,Hrs,0.0416,0.0416,Amazon Elastic Compute Cloud,t3.medium,2,4 GiB,Linux,us-east-1,AmazonEC2,53.91,46.93,31.53,22,2026-02-21T01:20:37Z,platform,prod,CC100,,,,,,,,arn:aws:savingsplans::112233445566:savingsplan/48902609-d18b-4d37-a2c5-4fe635263542,0.029188,0.029188,0.029188,,
d0250a636ad6471187926ad1fb1bcedc,2026-02-22T00:00:00Z/2026-02-22T01:00:00Z,112233445566,2026-02-01T00:00:00Z,2026-03-01T00:00:00Z,AWS,112233445566,SavingsPlanCoveredUsage,2026-02-22T00:00:00Z,2026-02-22T01:00:00Z,AmazonEC2,USEA-BoxUsage:t3.medium,RunInstances,us-east-1a,i-061b542e574d14cd0,1.0,2.0,2.0,0.0416,0.0416,0.030371,0.030371,Hrs,0.0416,0.0416,Amazon Elastic Compute Cloud,t3.medium,2,4 GiB,Linux,us-east-1,AmazonEC2,40.99,47.4,38.28,21,2026-02-20T07:47:55Z,platform,prod,CC100,,,,,,,,arn:aws:savingsplans::112233445566:savingsplan/48902609-d18b-4d37-a2c5-4fe635263542,0.030371,0.030371,0.030371,,
9d6aa6ed4d314354ab6b1ea24ed0bc74,2026-02-22T09:00:00Z/2026-02-22T10:00:00Z,112233445566,2026-02-01T00:00:00Z,2026-03-01T00:00:00Z,AWS,112233445566,SavingsPlanCoveredUsage,2026-02-22T09:00:00Z,2026-02-22T10:00:00Z,AmazonEC2,USEA-BoxUsage:t3.medium,RunInstances,us-east-1a,i-061b542e574d14cd0,1.0,2.0,2.0,0.0416,0.0416,0.030828,0.030828,Hrs,0.0416,0.0416,Amazon Elastic Compute Cloud,t3.medium,2,4 GiB,Linux,us-east-1,AmazonEC2,33.11,63.43,36.81,24,2026-02-21T00:02:40Z,platform,prod,CC100,,,,,,,,arn:aws:savingsplans::112233445566:savingsplan/48902609-d18b-4d37-a2c5-4fe635263542,0.030828,0.030828,0.030828,,
9e045f3921ab4f6fab360f002b4a8ccb,2026-02-22T18:00:00Z/2026-02-22T19:00:00Z,112233445566,2026-02-01T00:00:00Z,2026-03-01T00:00:00Z,AWS,112233445566,SavingsPlanCoveredUsage,2026-02-22T18:00:00Z,2026-02-22T19:00:00Z,AmazonEC2,USEA-BoxUsage:t3.medium,RunInstances,us-east-1a,i-061b542e574d14cd0,1.0,2.0,2.0,0.0416,0.0416,0.030696,0.030696,Hrs,0.0416,0.0416,Amazon Elastic Compute Cloud,t3.medium,2,4 GiB,Linux,us-east-1,AmazonEC2,38.81,51.47,49.13,14,2026-02-21T23:49:02Z,platform,prod,CC100,,,,,,,,arn:aws:savingsplans::112233445566:savingsplan/48902609-d18b-4d37-a2c5-4fe635263542,0.030696,0.030696,0.030696,,
aca2adb7cee842e99a90ce69f863f206,2026-02-23T03:00:00Z/2026-02-23T04:00:00Z,112233445566,2026-02-01T00:00:00Z,2026-03-01T00:00:00Z,AWS,112233445566,SavingsPlanCoveredUsage,2026-02-23T03:00:00Z,2026-02-23T04:00:00Z,AmazonEC2,USEA-BoxUsage:t3.medium,RunInstances,us-east-1a,i-061b542e574d14cd0,1.0,2.0,2.0,0.0416,0.0416,0.029395,0.029395,Hrs,0.0416,0.0416,Amazon Elastic Compute Cloud,t3.medium,2,4 GiB,Linux,us-east-1,AmazonEC2,36.24,54.24,27.22,20,2026-02-21T08:51:58Z,platform,prod,CC100,,,,,,,,arn:aws:savingsplans::112233445566:savingsplan/48902609-d18b-4d37-a2c5-4fe635263542,0.029395,0.029395,0.029395,,
73c731b03a024e92b5f3f43f34fe9460,2026-02-23T12:00:00Z/2026-02-23T13:00:00Z,112233445566,2026-02-01T00:00:00Z,2026-03-01T00:00:00Z,AWS,112233445566,SavingsPlanCoveredUsage,2026-02-23T12:00:00Z,2026-02-23T13:00:00Z,AmazonEC2,USEA-BoxUsage:t3.medium,RunInstances,us-east-1a,i-061b542e574d14cd0,1.0,2.0,2.0,0.0416,0.0416,0.030092,0.030092,Hrs,0.0416,0.0416,Amazon Elastic Compute Cloud,t3.medium,2,4 GiB,Linux,us-east-1,AmazonEC2,55.34,57.75,40.43,14,2026-02-22T15:33:37Z,platform,prod,CC100,,,,,,,,arn:aws:savingsplans::112233445566:savingsplan/48902609-d18b-4d37-a2c5-4fe635263542,0.030092,0.030092,0.030092,,
b902131720ef4c2496f9b5c7ca87fd79,2026-02-23T21:00:00Z/2026-02-23T22:00:00Z,112233445566,2026-02-01T00:00:00Z,2026-03-01T00:00:00Z,AWS,112233445566,SavingsPlanCoveredUsage,2026-02-23T21:00:00Z,2026-02-23T22:00:00Z,AmazonEC2,USEA-BoxUsage:t3.medium,RunInstances,us-east-1a,i-061b542e574d14cd0,1.0,2.0,2.0,0.0416,0.0416,0.028061,0.028061,Hrs,0.0416,0.0416,Amazon Elastic Compute Cloud,t3.medium,2,4 GiB,Linux,us-east-1,AmazonEC2,42.11,61.75,26.87,25,2026-02-22T11:04:32Z,platform,prod,CC100,,,,,,,,arn:aws:savingsplans::112233445566:savingsplan/48902609-d18b-4d37-a2c5-4fe635263542,0.028061,0.028061,0.028061,,
1012bc52890141819216bc6dc4f3ac85,2026-02-24T06:00:00Z/2026-02-24T07:00:00Z,112233445566,2026-02-01T00:00:00Z,2026-03-01T00:00:00Z,AWS,112233445566,SavingsPlanCoveredUsage,2026-02-24T06:00:00Z,2026-02-24T07:00:00Z,AmazonEC2,USEA-BoxUsage:t3.medium,RunInstances,us-east-1a,i-061b542e574d14cd0,1.0,2.0,2.0,0.0416,0.0416,0.029214,0.029214,Hrs,0.0416,0.0416,Amazon Elastic Compute Cloud,t3.medium,2,4 GiB,Linux,us-east-1,AmazonEC2,48.39,49.28,28.31,20,2026-02-22T07:43:30Z,platform,prod,CC100,,,,,,,,arn:aws:savingsplans::112233445566:savingsplan/48902609-d18b-4d37-a2c5-4fe635263542,0.029214,0.029214,0.029214,,
38d69bcb5d81435985d0643ee92c3cc2,2026-02-24T15:00:00Z/2026-02-24T16:00:00Z,112233445566,2026-02-01T00:00:00Z,2026-03-01T00:00:00Z,AWS,112233445566,SavingsPlanCoveredUsage,2026-02-24T15:00:00Z,2026-02-24T16:00:00Z,AmazonEC2,USEA-BoxUsage:t3.medium,RunInstances,us-east-1a,i-061b542e574d14cd0,1.0,2.0,2.0,0.0416,0.0416,0.02808,0.02808,Hrs,0.0416,0.0416,Amazon Elastic Compute Cloud,t3.medium,2,4 GiB,Linux,us-east-1,AmazonEC2,51.03,65.16,36.35,11,2026-02-24T00:44:36Z,platform,prod,CC100,,,,,,,,arn:aws:savingsplans::112233445566:savingsplan/48902609-d18b-4d37-a2c5-4fe635263542,0.02808,0.02808,0.02808,,
9f80e0726f01469687eb7309108c2cdb,2026-02-25T00:00:00Z/2026-02-25T01:00:00Z,112233445566,2026-02-01T00:00:00Z,2026-03-01T00:00:00Z,AWS,112233445566,SavingsPlanCoveredUsage,2026-02-25T00:00:00Z,2026-02-25T01:00:00Z,AmazonEC2,USEA-BoxUsage:t3.medium,RunInstances,us-east-1a,i-061b542e574d14cd0,1.0,2.0,2.0,0.0416,0.0416,0.028976,0.028976,Hrs,0.0416,0.0416,Amazon Elastic Compute Cloud,t3.medium,2,4 GiB,Linux,us-east-1,AmazonEC2,43.84,54.45,33.66,12,2026-02-23T15:52:04Z,platform,prod,CC100,,,,,,,,arn:aws:savingsplans::112233445566:savingsplan/48902609-d18b-4d37-a2c5-4fe635263542,0.028976,0.028976,0.028976,,
e8ac4aef397142568778b17f588a1322,2026-02-25T09:00:00Z/2026-02-25T10:00:00Z,112233445566,2026-02-01T00:00:00Z,2026-03-01T00:00:00Z,AWS,112233445566,SavingsPlanCoveredUsage,2026-02-25T09:00:00Z,2026-02-25T10:00:00Z,AmazonEC2,USEA-BoxUsage:t3.medium,RunInstances,us-east-1a,i-061b542e574d14cd0,1.0,2.0,2.0,0.0416,0.0416,0.028562,0.028562,Hrs,0.0416,0.0416,Amazon Elastic Compute Cloud,t3.medium,2,4 GiB,Linux,us-east-1,AmazonEC2,34.65,44.55,44.48,18,2026-02-24T06:41:06Z,platform,prod,CC100,,,,,,,,arn:aws:savingsplans::112233445566:savingsplan/48902609-d18b-4d37-a2c5-4fe635263542,0.028562,0.028562,0.028562,,
0f66cb0eeae9421cb43178c5b88fc8e3,2026-02-25T18:00:00Z/2026-02-25T19:00:00Z,112233445566,2026-02-01T00:00:00Z,2026-03-01T00:00:00Z,AWS,112233445566,SavingsPlanCoveredUsage,2026-02-25T18:00:00Z,2026-02-25T19:00:00Z,AmazonEC2,USEA-BoxUsage:t3.medium,RunInstances,us-east-1a,i-061b542e574d14cd0,1.0,2.0,2.0,0.0416,0.0416,0.029222,0.029222,Hrs,0.0416,0.0416,Amazon Elastic Compute Cloud,t3.medium,2,4 GiB,Linux,us-east-1,AmazonEC2,49.99,64.83,25.68,23,2026-02-23T22:27:19Z,platform,prod,CC100,,,,,,,,arn:aws:savingsplans::112233445566:savingsplan/48902609-d18b-4d37-a2c5-4fe635263542,0.029222,0.029222,0.029222,,
e553ca99f3aa44619077b5dff9ce02fd,2026-02-26T03:00:00Z/2026-02-26T04:00:00Z,112233445566,2026-02-01T00:00:00Z,2026-03-01T00:00:00Z,AWS,112233445566,SavingsPlanCoveredUsage,2026-02-26T03:00:00Z,2026-02-26T04:00:00Z,AmazonEC2,USEA-BoxUsage:t3.medium,RunInstances,us-east-1a,i-061b542e574d14cd0,1.0,2.0,2.0,0.0416,0.0416,0.029288,0.029288,Hrs,0.0416,0.0416,Amazon Elastic Compute Cloud,t3.medium,2,4 GiB,Linux,us-east-1,AmazonEC2,56.28,51.79,51.82,18,2026-02-25T00:35:37Z,platform,prod,CC100,,,,,,,,arn:aws:savingsplans::112233445566:savingsplan/48902609-d18b-4d37-a2c5-4fe635263542,0.029288,0.029288,0.029288,,
f4864d1e65ad4364b999a789294877dd,2026-02-26T12:00:00Z/2026-02-26T13:00:00Z,112233445566,2026-02-01T00:00:00Z,2026-03-01T00:00:00Z,AWS,112233445566,SavingsPlanCoveredUsage,2026-02-26T12:00:00Z,2026-02-26T13:00:00Z,AmazonEC2,USEA-BoxUsage:t3.medium,RunInstances,us-east-1a,i-061b542e574d14cd0,1.0,2.0,2.0,0.0416,0.0416,0.030298,0.030298,Hrs,0.0416,0.0416,Amazon Elastic Compute Cloud,t3.medium,2,4 GiB,Linux,us-east-1,AmazonEC2,49.78,42.65,35.3,25,2026-02-25T06:34:37Z,platform,prod,CC100,,,,,,,,arn:aws:savingsplans::112233445566:savingsplan/48902609-d18b-4d37-a2c5-4fe635263542,0.030298,0.030298,0.030298,,
4a16eb04b3564879b679f31deadb154e,2026-02-26T21:00:00Z/2026-02-26T22:00:00Z,112233445566,2026-02-01T00:00:00Z,2026-03-01T00:00:00Z,AWS,112233445566,SavingsPlanCoveredUsage,2026-02-26T21:00:00Z,2026-02-26T22:00:00Z,AmazonEC2,USEA-BoxUsage:t3.medium,RunInstances,us-east-1a,i-061b542e574d14cd0,1.0,2.0,2.0,0.0416,0.0416,0.027813,0.027813,Hrs,0.0416,0.0416,Amazon Elastic Compute Cloud,t3.medium,2,4 GiB,Linux,us-east-1,AmazonEC2,46.56,50.48,51.13,21,2026-02-25T15:33:54Z,platform,prod,CC100,,,,,,,,arn:aws:savingsplans::112233445566:savingsplan/48902609-d18b-4d37-a2c5-4fe635263542,0.027813,0.027813,0.027813,,
940fc6711623484db482f6e39d0284d3,2026-02-27T06:00:00Z/2026-02-27T07:00:00Z,112233445566,2026-02-01T00:00:00Z,2026-03-01T00:00:00Z,AWS,112233445566,SavingsPlanCoveredUsage,2026-02-27T06:00:00Z,2026-02-27T07:00:00Z,AmazonEC2,USEA-BoxUsage:t3.medium,RunInstances,us-east-1a,i-061b542e574d14cd0,1.0,2.0,2.0,0.0416,0.0416,0.030503,0.030503,Hrs,0.0416,0.0416,Amazon Elastic Compute Cloud,t3.medium,2,4 GiB,Linux,us-east-1,AmazonEC2,56.97,60.96,28.42,11,2026-02-26T18:34:18Z,platform,prod,CC100,,,,,,,,arn:aws:savingsplans::112233445566:savingsplan/48902609-d18b-4d37-a2c5-4fe635263542,0.030503,0.030503,0.030503,,
cf868d016acd417c9e30ff747948817e,2026-02-27T15:00:00Z/2026-02-27T16:00:00Z,112233445566,2026-02-01T00:00:00Z,2026-03-01T00:00:00Z,AWS,112233445566,SavingsPlanCoveredUsage,2026-02-27T15:00:00Z,2026-02-27T16:00:00Z,AmazonEC2,USEA-BoxUsage:t3.medium,RunInstances,us-east-1a,i-061b542e574d14cd0,1.0,2.0,2.0,0.0416,0.0416,0.0303,0.0303,Hrs,0.0416,0.0416,Amazon Elastic Compute Cloud,t3.medium,2,4 GiB,Linux,us-east-1,AmazonEC2,50.22,56.09,45.81,3,2026-02-27T03:19:44Z,platform,prod,CC100,,,,,,,,arn:aws:savingsplans::112233445566:savingsplan/48902609-d18b-4d37-a2c5-4fe635263542,0.0303,0.0303,0.0303,,
62295513c1e14cfb8c0785e84ac6c02f,2026-02-01T00:00:00Z/2026-02-01T01:00:00Z,112233445566,2026-02-01T00:00:00Z,2026-03-01T00:00:00Z,AWS,334455667788,DiscountedUsage,2026-02-01T00:00:00Z,2026-02-01T01:00:00Z,AmazonEC2,USEA-BoxUsage:m5.large,RunInstances,us-east-1b,i-0958f244fd78740cb,1.0,4.0,4.0,0.0,0.0,0.054544,0.054544,Hrs,0.096,0.096,Amazon Elastic Compute Cloud,m5.large,2,8 GiB,Linux,us-east-1,AmazonEC2,41.67,34.43,28.83,23,2026-01-30T07:02:39Z,backend,prod,CC400,arn:aws:ec2:us-east-1:334455667788:reserved-instances/1a22394b-7338-485a-8a9b-0880e154f09b,0.054544,0.046362,0.008182,,,,,,,,,
adebe7aad69d4988a7421a716d6efb6e,2026-02-01T09:00:00Z/2026-02-01T10:00:00Z,112233445566,2026-02-01T00:00:00Z,2026-03-01T00:00:00Z,AWS,334455667788,DiscountedUsage,2026-02-01T09:00:00Z,2026-02-01T10:00:00Z,AmazonEC2,USEA-BoxUsage:m5.large,RunInstances,us-east-1b,i-0958f244fd78740cb,1.0,4.0,4.0,0.0,0.0,0.063244,0.063244,Hrs,0.096,0.096,Amazon Elastic Compute Cloud,m5.large,2,8 GiB,Linux,us-east-1,AmazonEC2,40.06,31.89,36.78,14,2026-01-29T10:19:20Z,backend,prod,CC400,arn:aws:ec2:us-east-1:334455667788:reserved-instances/1a22394b-7338-485a-8a9b-0880e154f09b,0.063244,0.053757,0.009487,,,,,,,,,
10a82268c982406a948b8f23cabd859e,2026-02-01T18:00:00Z/2026-02-01T19:00:00Z,112233445566,2026-02-01T00:00:00Z,2026-03-01T00:00:00Z,AWS,334455667788,DiscountedUsage,2026-02-01T18:00:00Z,2026-02-01T19:00:00Z,AmazonEC2,USEA-BoxUsage:m5.large,RunInstances,us-east-1b,i-0958f244fd78740cb,1.0,4.0,4.0,0.0,0.0,0.055907,0.055907,Hrs,0.096,0.096,Amazon Elastic Compute Cloud,m5.large,2,8 GiB,Linux,us-east-1,AmazonEC2,22.63,44.84,36.0,40,2026-01-31T07:01:42Z,backend,prod,CC400,arn:aws:ec2:us-east-1:334455667788:reserved-instances/1a22394b-7338-485a-8a9b-0880e154f09b,0.055907,0.047521,0.008386,,,,,,,,,
4d2713ba69fe464ca0f7670c283a3cc9,2026-02-02T03:00:00Z/2026-02-02T04:00:00Z,112233445566,2026-02-01T00:00:00Z,2026-03-01T00:00:00Z,AWS,334455667788,DiscountedUsage,2026-02-02T03:00:00Z,2026-02-02T04:00:00Z,AmazonEC2,USEA-BoxUsage:m5.large,RunInstances,us-east-1b,i-0958f244fd78740cb,1.0,4.0,4.0,0.0,0.0,0.061574,0.061574,Hrs,0.096,0.096,Amazon Elastic Compute Cloud,m5.large,2,8 GiB,Linux,us-east-1,AmazonEC2,27.07,29.99,35.87,23,2026-01-30T20:41:44Z,backend,prod,CC400,arn:aws:ec2:us-east-1:334455667788:reserved-instances/1a22394b-7338-485a-8a9b-0880e154f09b,0.061574,0.052338,0.009236,,,,,,,,,
554ce5b4b8fa4726b38b83c27852401a,2026-02-02T12:00:00Z/2026-02-02T13:00:00Z,112233445566,2026-02-01T00:00:00Z,2026-03-01T00:00:00Z,AWS,334455667788,DiscountedUsage,2026-02-02T12:00:00Z,2026-02-02T13:00:00Z,AmazonEC2,USEA-BoxUsage:m5.large,RunInstances,us-east-1b,i-0958f244fd78740cb,1.0,4.0,4.0,0.0,0.0,0.066616,0.066616,Hrs,0.096,0.096,Amazon Elastic Compute Cloud,m5.large,2,8 GiB,Linux,us-east-1,AmazonEC2,38.38,42.27,26.67,17,2026-01-31T08:26:33Z,backend,prod,CC400,arn:aws:ec2:us-east-1:334455667788:reserved-instances/1a22394b-7338-485a-8a9b-0880e154f09b,0.066616,0.056624,0.009992,,,,,,,,,
84dd798dc12c441e9d2a41ce2efa2859,2026-02-02T21:00:00Z/2026-02-02T22:00:00Z,112233445566,2026-02-01T00:00:00Z,2026-03-01T00:00:00Z,AWS,334455667788,DiscountedUsage,2026-02-02T21:00:00Z,2026-02-02T22:00:00Z,AmazonEC2,USEA-BoxUsage:m5.large,RunInstances,us-east-1b,i-0958f244fd78740cb,1.0,4.0,4.0,0.0,0.0,0.058404,0.058404,Hrs,0.096,0.096,Amazon Elastic Compute Cloud,m5.large,2,8 GiB,Linux,us-east-1,AmazonEC2,25.96,48.95,26.21,61,2026-01-29T08:53:27Z,backend,prod,CC400,arn:aws:ec2:us-east-1:334455667788:reserved-instances/1a22394b-7338-485a-8a9b-0880e154f09b,0.058404,0.049643,0.008761,,,,,,,,,
8aa66a616ed143eaa6fba778e9864610,2026-02-03T06:00:00Z/2026-02-03T07:00:00Z,112233445566,2026-02-01T00:00:00Z,2026-03-01T00:00:00Z,AWS,334455667788,DiscountedUsage,2026-02-03T06:00:00Z,2026-02-03T07:00:00Z,AmazonEC2,USEA-BoxUsage:m5.large,RunInstances,us-east-1b,i-0958f244fd78740cb,1.0,4.0,4.0,0.0,0.0,0.05598,0.05598,Hrs,0.096,0.096,Amazon Elastic Compute Cloud,m5.large,2,8 GiB,Linux,us-east-1,AmazonEC2,24.74,42.59,21.68,24,2026-01-30T09:05:43Z,backend,prod,CC400,arn:aws:ec2:us-east-1:334455667788:reserved-instances/1a22394b-7338-485a-8a9b-0880e154f09b,0.05598,0.047583,0.008397,,,,,,,,,
737efaad5f9e4c5392ca004ef585ccc8,2026-02-03T15:00:00Z/2026-02-03T16:00:00Z,112233445566,2026-02-01T00:00:00Z,2026-03-01T00:00:00Z,AWS,334455667788,DiscountedUsage,2026-02-03T15:00:00Z,2026-02-03T16:00:00Z,AmazonEC2,USEA-BoxUsage:m5.large,RunInstances,us-east-1b,i-0958f244fd78740cb,1.0,4.0,4.0,0.0,0.0,0.059673,0.059673,Hrs,0.096,0.096,Amazon Elastic Compute Cloud,m5.large,2,8 GiB,Linux,us-east-1,AmazonEC2,25.22,41.49,39.18,25,2026-02-01T19:25:41Z,backend,prod,CC400,arn:aws:ec2:us-east-1:334455667788:reserved-instances/1a22394b-7338-485a-8a9b-0880e154f09b,0.059673,0.050722,0.008951,,,,,,,,,
d0e26a9c9c0e4a59b927e0114ed4595f,2026-02-04T00:00:00Z/2026-02-04T01:00:00Z,112233445566,2026-02-01T00:00:00Z,2026-03-01T00:00:00Z,AWS,334455667788,DiscountedUsage,2026-02-04T00:00:00Z,2026-02-04T01:00:00Z,AmazonEC2,USEA-BoxUsage:m5.large,RunInstances,us-east-1b,i-0958f244fd78740cb,1.0,4.0,4.0,0.0,0.0,0.06013,0.06013,Hrs,0.096,0.096,Amazon Elastic Compute Cloud,m5.large,2,8 GiB,Linux,us-east-1,AmazonEC2,37.05,43.43,26.07,64,2026-01-31T03:10:52Z,backend,prod,CC400,arn:aws:ec2:us-east-1:334455667788:reserved-instances/1a22394b-7338-485a-8a9b-0880e154f09b,0.06013,0.051111,0.009019,,,,,,,,,
e521947050784da88ede217109862156,2026-02-04T09:00:00Z/2026-02-04T10:00:00Z,112233445566,2026-02-01T00:00:00Z,2026-03-01T00:00:00Z,AWS,334455667788,DiscountedUsage,2026-02-04T09:00:00Z,2026-02-04T10:00:00Z,AmazonEC2,USEA-BoxUsage:m5.large,RunInstances,us-east-1b,i-0958f244fd78740cb,1.0,4.0,4.0,0.0,0.0,0.053292,0.053292,Hrs,0.096,0.096,Amazon Elastic Compute Cloud,m5.large,2,8 GiB,Linux,us-east-1,AmazonEC2,22.98,33.51,37.44,17,2026-02-02T15:40:47Z,backend,prod,CC400,arn:aws:ec2:us-east-1:334455667788:reserved-instances/1a22394b-7338-485a-8a9b-0880e154f09b,0.053292,0.045298,0.007994,,,,,,,,,
8f4236d8451443a6a38de178a02accec,2026-02-04T18:00:00Z/2026-02-04T19:00:00Z,112233445566,2026-02-01T00:00:00Z,2026-03-01T00:00:00Z,AWS,334455667788,DiscountedUsage,2026-02-04T18:00:00Z,2026-02-04T19:00:00Z,AmazonEC2,USEA-BoxUsage:m5.large,RunInstances,us-east-1b,i-0958f244fd78740cb,1.0,4.0,4.0,0.0,0.0,0.062536,0.062536,Hrs,0.096,0.096,Amazon Elastic Compute Cloud,m5.large,2,8 GiB,Linux,us-east-1,AmazonEC2,38.65,51.64,41.88,34,2026-02-03T03:17:26Z,backend,prod,CC400,arn:aws:ec2:us-east-1:334455667788:reserved-instances/1a22394b-7338-485a-8a9b-0880e154f09b,0.062536,0.053156,0.00938,,,,,,,,,
aadb1ab365654fc788a60bfde16a50ce,2026-02-05T03:00:00Z/2026-02-05T04:00:00Z,112233445566,2026-02-01T00:00:00Z,2026-03-01T00:00:00Z,AWS,334455667788,DiscountedUsage,2026-02-05T03:00:00Z,2026-02-05T04:00:00Z,AmazonEC2,USEA-BoxUsage:m5.large,RunInstances,us-east-1b,i-0958f244fd78740cb,1.0,4.0,4.0,0.0,0.0,0.061367,0.061367,Hrs,0.096,0.096,Amazon Elastic Compute Cloud,m5.large,2,8 GiB,Linux,us-east-1,AmazonEC2,30.82,37.08,29.22,35,2026-02-01T15:08:39Z,backend,prod,CC400,arn:aws:ec2:us-east-1:334455667788:reserved-instances/1a22394b-7338-485a-8a9b-0880e154f09b,0.061367,0.052162,0.009205,,,,,,,,,
4c4f9915e60c4b9d9e32f98988bc9f04,2026-02-05T21:00:00Z/2026-02-05T22:00:00Z,112233445566,2026-02-01T00:00:00Z,2026-03-01T00:00:00Z,AWS,334455667788,DiscountedUsage,2026-02-05T21:00:00Z,2026-02-05T22:00:00Z,AmazonEC2,USEA-BoxUsage:m5.large,RunInstances,us-east-1b,i-0958f244fd78740cb,1.0,4.0,4.0,0.0,0.0,0.066028,0.066028,Hrs,0.096,0.096,Amazon Elastic Compute Cloud,m5.large,2,8 GiB,Linux,us-east-1,AmazonEC2,30.7,46.7,41.33,36,2026-02-03T18:37:44Z,backend,prod,CC400,arn:aws:ec2:us-east-1:334455667788:reserved-instances/1a22394b-7338-485a-8a9b-0880e154f09b,0.066028,0.056124,0.009904,,,,,,,,,
915e61668b374138a019e3c560e80462,2026-02-06T06:00:00Z/2026-02-06T07:00:00Z,112233445566,2026-02-01T00:00:00Z,2026-03-01T00:00:00Z,AWS,334455667788,DiscountedUsage,2026-02-06T06:00:00Z,2026-02-06T07:00:00Z,AmazonEC2,USEA-BoxUsage:m5.large,RunInstances,us-east-1b,i-0958f244fd78740cb,1.0,4.0,4.0,0.0,0.0,0.064287,0.064287,Hrs,0.096,0.096,Amazon Elastic Compute Cloud,m5.large,2,8 GiB,Linux,us-east-1,AmazonEC2,25.18,48.39,31.08,14,2026-02-04T14:32:12Z,backend,prod,CC400,arn:aws:ec2:us-east-1:334455667788:reserved-instances/1a22394b-7338-485a-8a9b-0880e154f09b,0.064287,0.054644,0.009643,,,,,,,,,
e22dfa7361e647d983630df0d4692807,2026-02-06T15:00:00Z/2026-02-06T16:00:00Z,112233445566,2026-02-01T00:00:00Z,2026-03-01T00:00:00Z,AWS,334455667788,DiscountedUsage,2026-02-06T15:00:00Z,2026-02-06T16:00:00Z,AmazonEC2,USEA-BoxUsage:m5.large,RunInstances,us-east-1b,i-0958f244fd78740cb,1.0,4.0,4.0,0.0,0.0,0.055333,0.055333,Hrs,0.096,0.096,Amazon Elastic Compute Cloud,m5.large,2,8 GiB,Linux,us-east-1,AmazonEC2,27.47,39.19,31.78,62,2026-02-04T17:05:09Z,backend,prod,CC400,arn:aws:ec2:us-east-1:334455667788:reserved-instances/1a22394b-7338-485a-8a9b-0880e154f09b,0.055333,0.047033,0.0083,,,,,,,,,
2d0bf54023574a2fb2d3f5c9ea3f8513,2026-02-07T00:00:00Z/2026-02-07T01:00:00Z,112233445566,2026-02-01T00:00:00Z,2026-03-01T00:00:00Z,AWS,334455667788,DiscountedUsage,2026-02-07T00:00:00Z,2026-02-07T01:00:00Z,AmazonEC2,USEA-BoxUsage:m5.large,RunInstances,us-east-1b,i-0958f244fd78740cb,1.0,4.0,4.0,0.0,0.0,0.057721,0.057721,Hrs,0.096,0.096,Amazon Elastic Compute Cloud,m5.large,2,8 GiB,Linux,us-east-1,AmazonEC2,35.15,36.83,31.51,45,2026-02-04T02:06:18Z,backend,prod,CC400,arn:aws:ec2:us-east-1:334455667788:reserved-instances/1a22394b-7338-485a-8a9b-0880e154f09b,0.057721,0.049063,0.008658,,,,,,,,,
7c2b16ac56284197b96dc95f0ac5c2a4,2026-02-07T09:00:00Z/2026-02-07T10:00:00Z,112233445566,2026-02-01T00:00:00Z,2026-03-01T00:00:00Z,AWS,334455667788,DiscountedUsage,2026-02-07T09:00:00Z,2026-02-07T10:00:00Z,AmazonEC2,USEA-BoxUsage:m5.large,RunInstances,us-east-1b,i-0958f244fd78740cb,1.0,4.0,4.0,0.0,0.0,0.06322,0.06322,Hrs,0.096,0.096,Amazon Elastic Compute Cloud,m5.large,2,8 GiB,Linux,us-east-1,AmazonEC2,29.29,50.38,40.42,21,2026-02-05T16:18:31Z,backend,prod,CC400,arn:aws:ec2:us-east-1:334455667788:reserved-instances/1a22394b-7338-485a-8a9b-0880e154f09b,0.06322,0.053737,0.009483,,,,,,,,,
4c88e0993eee4cb7a8fb80ac97e952b1,2026-02-07T18:00:00Z/2026-02-07T19:00:00Z,112233445566,2026-02-01T00:00:00Z,2026-03-01T00:00:00Z,AWS,334455667788,DiscountedUsage,2026-02-07T18:00:00Z,2026-02-07T19:00:00Z,AmazonEC2,USEA-BoxUsage:m5.large,RunInstances,us-east-1b,i-0958f244fd78740cb,1.0,4.0,4.0,0.0,0.0,0.055919,0.055919,Hrs,0.096,0.096,Amazon Elastic Compute Cloud,m5.large,2,8 GiB,Linux,us-east-1,AmazonEC2,33.59,39.09,20.81,32,2026-02-06T01:57:42Z,backend,prod,CC400,arn:aws:ec2:us-east-1:334455667788:reserved-instances/1a22394b-7338-485a-8a9b-0880e154f09b,0.055919,0.047531,0.008388,,,,,,,,,
8a89e62f57da495c963d8bd90a1ba8fe,2026-02-08T03:00:00Z/2026-02-08T04:00:00Z,112233445566,2026-02-01T00:00:00Z,2026-03-01T00:00:00Z,AWS,334455667788,DiscountedUsage,2026-02-08T03:00:00Z,2026-02-08T04:00:00Z,AmazonEC2,USEA-BoxUsage:m5.large,RunInstances,us-east-1b,i-0958f244fd78740cb,1.0,4.0,4.0,0.0,0.0,0.05907,0.05907,Hrs,0.096,0.096,Amazon Elastic Compute Cloud,m5.large,2,8 GiB,Linux,us-east-1,AmazonEC2,30.58,39.48,37.77,32,2026-02-05T12:39:47Z,backend,prod,CC400,arn:aws:ec2:us-east-1:334455667788:reserved-instances/1a22394b-7338-485a-8a9b-0880e154f09b,0.05907,0.050209,0.00886,,,,,,,,,
15ea0038ba654b50923a453e2b586aa4,2026-02-08T12:00:00Z/2026-02-08T13:00:00Z,112233445566,2026-02-01T00:00:00Z,2026-03-01T00:00:00Z,AWS,334455667788,DiscountedUsage,2026-02-08T12:00:00Z,2026-02-08T13:00:00Z,AmazonEC2,USEA-BoxUsage:m5.large,RunInstances,us-east-1b,i-0958f244fd78740cb,1.0,4.0,4.0,0.0,0.0,0.05408,0.05408,Hrs,0.096,0.096,Amazon Elastic Compute Cloud,m5.large,2,8 GiB,Linux,us-east-1,AmazonEC2,27.01,38.18,19.11,13,2026-02-04T08:49:38Z,backend,prod,CC400,arn:aws:ec2:us-east-1:334455667788:reserved-instances/1a22394b-7338-485a-8a9b-0880e154f09b,0.05408,0.045968,0.008112,,,,,,,,,
931e013b07124377a8e6134e68321d75,2026-02-08T21:00:00Z/2026-02-08T22:00:00Z,112233445566,2026-02-01T00:00:00Z,2026-03-01T00:00:00Z,AWS,334455667788,DiscountedUsage,2026-02-08T21:00:00Z,2026-02-08T22:00:00Z,AmazonEC2,USEA-BoxUsage:m5.large,RunInstances,us-east-1b,i-0958f244fd78740cb,1.0,4.0,4.0,0.0,0.0,0.060713,0.060713,Hrs,0.096,0.096,Amazon Elastic Compute Cloud,m5.large,2,8 GiB,Linux,us-east-1,AmazonEC2,30.76,29.4,39.22,25,2026-02-06T08:00:29Z,backend,prod,CC400,arn:aws:ec2:us-east-1:334455667788:reserved-instances/1a22394b-7338-485a-8a9b-0880e154f09b,0.060713,0.051606,0.009107,,,,,,,,,
59cffee1336e4d96ae13832b7bac6cbf,2026-02-09T06:00:00Z/2026-02-09T07:00:00Z,112233445566,2026-02-01T00:00:00Z,2026-03-01T00:00:00Z,AWS,334455667788,DiscountedUsage,2026-02-09T06:00:00Z,2026-02-09T07:00:00Z,AmazonEC2,USEA-BoxUsage:m5.large,RunInstances,us-east-1b,i-0958f244fd78740cb,1.0,4.0,4.0,0.0,0.0,0.062952,0.062952,Hrs,0.096,0.096,Amazon Elastic Compute Cloud,m5.large,2,8 GiB,Linux,us-east-1,AmazonEC2,38.34,33.41,29.9,35,2026-02-07T05:50:20Z,backend,prod,CC400,arn:aws:ec2:us-east-1:334455667788:reserved-instances/1a22394b-7338-485a-8a9b-0880e154f09b,0.062952,0.053509,0.009443,,,,,,,,,
46af681d7a394199bf7a0cc885095934,2026-02-09T15:00:00Z/2026-02-09T16:00:00Z,112233445566,2026-02-01T00:00:00Z,2026-03-01T00:00:00Z,AWS,334455667788,DiscountedUsage,2026-02-09T15:00:00Z,2026-02-09T16:00:00Z,AmazonEC2,USEA-BoxUsage:m5.large,RunInstances,us-east-1b,i-0958f244fd78740cb,1.0,4.0,4.0,0.0,0.0,0.058652,0.058652,Hrs,0.096,0.096,Amazon Elastic Compute Cloud,m5.large,2,8 GiB,Linux,us-east-1,AmazonEC2,40.82,45.76,27.54,40,2026-02-05T17:15:26Z,backend,prod,CC400,arn:aws:ec2:us-east-1:334455667788:reserved-instances/1a22394b-7338-485a-8a9b-0880e154f09b,0.058652,0.049854,0.008798,,,,,,,,,
2bd2e6e3eca84e62982bf6e5f7dba307,2026-02-10T00:00:00Z/2026-02-10T01:00:00Z,112233445566,2026-02-01T00:00:00Z,2026-03-01T00:00:00Z,AWS,334455667788,DiscountedUsage,2026-02-10T00:00:00Z,2026-02-10T01:00:00Z,AmazonEC2,USEA-BoxUsage:m5.large,RunInstances,us-east-1b,i-0958f244fd78740cb,1.0,4.0,4.0,0.0,0.0,0.062849,0.062849,Hrs,0.096,0.096,Amazon Elastic Compute Cloud,m5.large,2,8 GiB,Linux,us-east-1,AmazonEC2,31.78,32.02,38.67,12,2026-02-06T21:06:48Z,backend,prod,CC400,arn:aws:ec2:us-east-1:334455667788:reserved-instances/1a22394b-7338-485a-8a9b-0880e154f09b,0.062849,0.053422,0.009427,,,,,,,,,
6d50abfb99b444599176626a984c3660,2026-02-10T09:00:00Z/2026-02-10T10:00:00Z,112233445566,2026-02-01T00:00:00Z,2026-03-01T00:00:00Z,AWS,334455667788,DiscountedUsage,2026-02-10T09:00:00Z,2026-02-10T10:00:00Z,AmazonEC2,USEA-BoxUsage:m5.large,RunInstances,us-east-1b,i-0958f244fd78740cb,1.0,4.0,4.0,0.0,0.0,0.063919,0.063919,Hrs,0.096,0.096,Amazon Elastic Compute Cloud,m5.large,2,8 GiB,Linux,us-east-1,AmazonEC2,23.78,38.12,20.98,53,2026-02-08T05:47:24Z,backend,prod,CC400,arn:aws:ec2:us-east-1:334455667788:reserved-instances/1a22394b-7338-485a-8a9b-0880e154f09b,0.063919,0.054331,0.009588,,,,,,,,,
aab405728ca4401ba15d184561ce4626,2026-02-10T18:00:00Z/2026-02-10T19:00:00Z,112233445566,2026-02-01T00:00:00Z,2026-03-01T00:00:00Z,AWS,334455667788,DiscountedUsage,2026-02-10T18:00:00Z,2026-02-10T19:00:00Z,AmazonEC2,USEA-BoxUsage:m5.large,RunInstances,us-east-1b,i-0958f244fd78740cb,1.0,4.0,4.0,0.0,0.0,0.064816,0.064816,Hrs,0.096,0.096,Amazon Elastic Compute Cloud,m5.large,2,8 GiB,Linux,us-east-1,AmazonEC2,26.5,43.97,30.27,22,2026-02-07T04:54:49Z,backend,prod,CC400,arn:aws:ec2:us-east-1:334455667788:reserved-instances/1a22394b-7338-485a-8a9b-0880e154f09b,0.064816,0.055094,0.009722,,,,,,,,,
b993fcca197b430caa216124efebe4e8,2026-02-11T03:00:00Z/2026-02-11T04:00:00Z,112233445566,2026-02-01T00:00:00Z,2026-03-01T00:00:00Z,AWS,334455667788,DiscountedUsage,2026-02-11T03:00:00Z,2026-02-11T04:00:00Z,AmazonEC2,USEA-BoxUsage:m5.large,RunInstances,us-east-1b,i-0958f244fd78740cb,1.0,4.0,4.0,0.0,0.0,0.055163,0.055163,Hrs,0.096,0.096,Amazon Elastic Compute Cloud,m5.large,2,8 GiB,Linux,us-east-1,AmazonEC2,38.99,49.2,28.09,43,2026-02-09T10:06:26Z,backend,prod,CC400,arn:aws:ec2:us-east-1:334455667788:reserved-instances/1a22394b-7338-485a-8a9b-0880e154f09b,0.055163,0.046889,0.008274,,,,,,,,,
319d30471c954ac09f6ebe7b9083cc10,2026-02-11T12:00:00Z/2026-02-11T13:00:00Z,112233445566,2026-02-01T00:00:00Z,2026-03-01T00:00:00Z,AWS,334455667788,DiscountedUsage,2026-02-11T12:00:00Z,2026-02-11T13:00:00Z,AmazonEC2,USEA-BoxUsage:m5.large,RunInstances,us-east-1b,i-0958f244fd78740cb,1.0,4.0,4.0,0.0,0.0,0.059179,0.059179,Hrs,0.096,0.096,Amazon Elastic Compute Cloud,m5.large,2,8 GiB,Linux,us-east-1,AmazonEC2,41.68,29.56,24.76,17,2026-02-07T16:31:29Z,backend,prod,CC400,arn:aws:ec2:us-east-1:334455667788:reserved-instances/1a22394b-7338-485a-8a9b-0880e154f09b,0.059179,0.050302,0.008877,,,,,,,,,
1ee8f20d2c07406fa2306f30eea65593,2026-02-11T21:00:00Z/2026-02-11T22:00:00Z,112233445566,2026-02-01T00:00:00Z,2026-03-01T00:00:00Z,AWS,334455667788,DiscountedUsage,2026-02-11T21:00:00Z,2026-02-11T22:00:00Z,AmazonEC2,USEA-BoxUsage:m5.large,RunInstances,us-east-1b,i-0958f244fd78740cb,1.0,4.0,4.0,0.0,0.0,0.059859,0.059859,Hrs,0.096,0.096,Amazon Elastic Compute Cloud,m5.large,2,8 GiB,Linux,us-east-1,AmazonEC2,35.11,35.09,34.43,24,2026-02-07T21:58:54Z,backend,prod,CC400,arn:aws:ec2:us-east-1:334455667788:reserved-instances/1a22394b-7338-485a-8a9b-0880e154f09b,0.059859,0.05088,0.008979,,,,,,,,,
ae14e77b50ab42078e5ed2d3a8321f8e,2026-02-12T06:00:00Z/2026-02-12T07:00:00Z,112233445566,2026-02-01T00:00:00Z,2026-03-01T00:00:00Z,AWS,334455667788,DiscountedUsage,2026-02-12T06:00:00Z,2026-02-12T07:00:00Z,AmazonEC2,USEA-BoxUsage:m5.large,RunInstances,us-east-1b,i-0958f244fd78740cb,1.0,4.0,4.0,0.0,0.0,0.058564,0.058564,Hrs,0.096,0.096,Amazon Elastic Compute Cloud,m5.large,2,8 GiB,Linux,us-east-1,AmazonEC2,37.74,32.2,21.05,28,2026-02-08T15:35:16Z,backend,prod,CC400,arn:aws:ec2:us-east-1:334455667788:reserved-instances/1a22394b-7338-485a-8a9b-0880e154f09b,0.058564,0.049779,0.008785,,,,,,,,,
8073586ad25e46618d5e392163e9c85e,2026-02-12T15:00:00Z/2026-02-12T16:00:00Z,112233445566,2026-02-01T00:00:00Z,2026-03-01T00:00:00Z,AWS,334455667788,DiscountedUsage,2026-02-12T15:00:00Z,2026-02-12T16:00:00Z,AmazonEC2,USEA-BoxUsage:m5.large,RunInstances,us-east-1b,i-0958f244fd78740cb,1.0,4.0,4.0,0.0,0.0,0.056491,0.056491,Hrs,0.096,0.096,Amazon Elastic Compute Cloud,m5.large,2,8 GiB,Linux,us-east-1,AmazonEC2,34.56,41.93,41.34,55,2026-02-10T05:57:49Z,backend,prod,CC400,arn:aws:ec2:us-east-1:334455667788:reserved-instances/1a22394b-7338-485a-8a9b-0880e154f09b,0.056491,0.048017,0.008474,,,,,,,,,
e434b6919ebc4a9dad2f39a2c22dcbac,2026-02-13T00:00:00Z/2026-02-13T01:00:00Z,112233445566,2026-02-01T00:00:00Z,2026-03-01T00:00:00Z,AWS,334455667788,DiscountedUsage,2026-02-13T00:00:00Z,2026-02-13T01:00:00Z,AmazonEC2,USEA-BoxUsage:m5.large,RunInstances,us-east-1b,i-0958f244fd78740cb,1.0,4.0,4.0,0.0,0.0,0.053272,0.053272,Hrs,0.096,0.096,Amazon Elastic Compute Cloud,m5.large,2,8 GiB,Linux,us-east-1,AmazonEC2,22.39,44.46,36.63,16,2026-02-08T17:06:32Z,backend,prod,CC400,arn:aws:ec2:us-east-1:334455667788:reserved-instances/1a22394b-7338-485a-8a9b-0880e154f09b,0.053272,0.045281,0.007991,,,,,,,,,
fbdb4d7e70ca43e1b3d1e1fa796faac0,2026-02-13T09:00:00Z/2026-02-13T10:00:00Z,112233445566,2026-02-01T00:00:00Z,2026-03-01T00:00:00Z,AWS,334455667788,DiscountedUsage,2026-02-13T09:00:00Z,2026-02-13T10:00:00Z,AmazonEC2,USEA-BoxUsage:m5.large,RunInstances,us-east-1b,i-0958f244fd78740cb,1.0,4.0,4.0,0.0,0.0,0.058367,0.058367,Hrs,0.096,0.096,Amazon Elastic Compute Cloud,m5.large,2,8 GiB,Linux,us-east-1,AmazonEC2,35.73,51.21,31.79,16,2026-02-10T10:26:52Z,backend,prod,CC400,arn:aws:ec2:us-east-1:334455667788:reserved-instances/1a22394b-7338-485a-8a9b-0880e154f09b,0.058367,0.049612,0.008755,,,,,,,,,
7166c76611f841a7a9037f5fa39700ff,2026-02-13T18:00:00Z/2026-02-13T19:00:00Z,112233445566,2026-02-01T00:00:00Z,2026-03-01T00:00:00Z,AWS,334455667788,DiscountedUsage,2026-02-13T18:00:00Z,2026-02-13T19:00:00Z,AmazonEC2,USEA-BoxUsage:m5.large,RunInstances,us-east-1b,i-0958f244fd78740cb,1.0,4.0,4.0,0.0,0.0,0.05529,0.05529,Hrs,0.096,0.096,Amazon Elastic Compute Cloud,m5.large,2,8 GiB,Linux,us-east-1,AmazonEC2,36.05,46.22,20.42,27,2026-02-10T18:17:18Z,backend,prod,CC400,arn:aws:ec2:us-east-1:334455667788:reserved-instances/1a22394b-7338-485a-8a9b-0880e154f09b,0.05529,0.046996,0.008293,,,,,,,,,
495dbb8f650e459492c24c76fcc458dd,2026-02-14T03:00:00Z/2026-02-14T04:00:00Z,112233445566,2026-02-01T00:00:00Z,2026-03-01T00:00:00Z,AWS,334455667788,DiscountedUsage,2026-02-14T03:00:00Z,2026-02-14T04:00:00Z,AmazonEC2,USEA-BoxUsage:m5.large,RunInstances,us-east-1b,i-0958f244fd78740cb,1.0,4.0,4.0,0.0,0.0,0.059551,0.059551,Hrs,0.096,0.096,Amazon Elastic Compute Cloud,m5.large,2,8 GiB,Linux,us-east-1,AmazonEC2,30.57,30.75,22.9,66,2026-02-09T20:09:56Z,backend,prod,CC400,arn:aws:ec2:us-east-1:334455667788:reserved-instances/1a22394b-7338-485a-8a9b-0880e154f09b,0.059551,0.050618,0.008933,,,,,,,,,
deefa33a32be4658a626e3d5766e2f26,2026-02-14T12:00:00Z/2026-02-14T13:00:00Z,112233445566,2026-02-01T00:00:00Z,2026-03-01T00:00:00Z,AWS,334455667788,DiscountedUsage,2026-02-14T12:00:00Z,2026-02-14T13:00:00Z,AmazonEC2,USEA-BoxUsage:m5.large,RunInstances,us-east-1b,i-0958f244fd78740cb,1.0,4.0,4.0,0.0,0.0,0.053795,0.053795,Hrs,0.096,0.096,Amazon Elastic Compute Cloud,m5.large,2,8 GiB,Linux,us-east-1,AmazonEC2,28.13,30.36,18.85,71,2026-02-10T09:43:02Z,backend,prod,CC400,arn:aws:ec2:us-east-1:334455667788:reserved-instances/1a22394b-7338-485a-8a9b-0880e154f09b,0.053795,0.045726,0.008069,,,,,,,,,
8d6e2bbc71ae4045802e260d1290de0d,2026-02-14T21:00:00Z/2026-02-14T22:00:00Z,112233445566,2026-02-01T00:00:00Z,2026-03-01T00:00:00Z,AWS,334455667788,DiscountedUsage,2026-02-14T21:00:00Z,2026-02-14T22:00:00Z,AmazonEC2,USEA-BoxUsage:m5.large,RunInstances,us-east-1b,i-0958f244fd78740cb,1.0,4.0,4.0,0.0,0.0,0.057379,0.057379,Hrs,0.096,0.096,Amazon Elastic Compute Cloud,m5.large,2,8 GiB,Linux,us-east-1,AmazonEC2,30.67,46.48,26.05,29,2026-02-12T07:55:18Z,backend,prod,CC400,arn:aws:ec2:us-east-1:334455667788:reserved-instances/1a22394b-7338-485a-8a9b-0880e154f09b,0.057379,0.048772,0.008607,,,,,,,,,
5c4d8be642ee4da9a6a00f334a509938,2026-02-15T06:00:00Z/2026-02-15T07:00:00Z,112233445566,2026-02-01T00:00:00Z,2026-03-01T00:00:00Z,AWS,334455667788,DiscountedUsage,2026-02-15T06:00:00Z,2026-02-15T07:00:00Z,AmazonEC2,USEA-BoxUsage:m5.large,RunInstances,us-east-1b,i-0958f244fd78740cb,1.0,4.0,4.0,0.0,0.0,0.057203,0.057203,Hrs,0.096,0.096,Amazon Elastic Compute Cloud,m5.large,2,8 GiB,Linux,us-east-1,AmazonEC2,40.08,51.28,18.81,20,2026-02-13T13:56:19Z,backend,prod,CC400,arn:aws:ec2:us-east-1:334455667788:reserved-instances/1a22394b-7338-485a-8a9b-0880e154f09b,0.057203,0.048623,0.00858,,,,,,,,,
8b5141e1b883475691723c7750bb40da,2026-02-15T15:00:00Z/2026-02-15T16:00:00Z,112233445566,2026-02-01T00:00:00Z,2026-03-01T00:00:00Z,AWS,334455667788,DiscountedUsage,2026-02-15T15:00:00Z,2026-02-15T16:00:00Z,AmazonEC2,USEA-BoxUsage:m5.large,RunInstances,us-east-1b,i-0958f244fd78740cb,1.0,4.0,4.0,0.0,0.0,0.064803,0.064803,Hrs,0.096,0.096,Amazon Elastic Compute Cloud,m5.large,2,8 GiB,Linux,us-east-1,AmazonEC2,36.09,36.6,40.51,67,2026-02-11T19:14:17Z,backend,prod,CC400,arn:aws:ec2:us-east-1:334455667788:reserved-instances/1a22394b-7338-485a-8a9b-0880e154f09b,0.064803,0.055083,0.00972,,,,,,,,,
b41e06f129994a0c8b4465363d4bc127,2026-02-16T00:00:00Z/2026-02-16T01:00:00Z,112233445566,2026-02-01T00:00:00Z,2026-03-01T00:00:00Z,AWS,334455667788,DiscountedUsage,2026-02-16T00:00:00Z,2026-02-16T01:00:00Z,AmazonEC2,USEA-BoxUsage:m5.large,RunInstances,us-east-1b,i-0958f244fd78740cb,1.0,4.0,4.0,0.0,0.0,0.063914,0.063914,Hrs,0.096,0.096,Amazon Elastic Compute Cloud,m5.large,2,8 GiB,Linux,us-east-1,AmazonEC2,39.48,48.26,41.61,42,2026-02-12T23:49:14Z,backend,prod,CC400,arn:aws:ec2:us-east-1:334455667788:reserved-instances/1a22394b-7338-485a-8a9b-0880e154f09b,0.063914,0.054327,0.009587,,,,,,,,,
aaf74405ff954e7383fceb1e7c023d97,2026-02-16T09:00:00Z/2026-02-16T10:00:00Z,112233445566,2026-02-01T00:00:00Z,2026-03-01T00:00:00Z,AWS,334455667788,DiscountedUsage,2026-02-16T09:00:00Z,2026-02-16T10:00:00Z,AmazonEC2,USEA-BoxUsage:m5.large,RunInstances,us-east-1b,i-0958f244fd78740cb,1.0,4.0,4.0,0.0,0.0,0.061022,0.061022,Hrs,0.096,0.096,Amazon Elastic Compute Cloud,m5.large,2,8 GiB,Linux,us-east-1,AmazonEC2,41.0,35.95,24.75,60,2026-02-14T04:24:08Z,backend,prod,CC400,arn:aws:ec2:us-east-1:334455667788:reserved-instances/1a22394b-7338-485a-8a9b-0880e154f09b,0.061022,0.051869,0.009153,,,,,,,,,
03f73db75bd54b88bf09359b308ffa7b,2026-02-16T18:00:00Z/2026-02-16T19:00:00Z,112233445566,2026-02-01T00:00:00Z,2026-03-01T00:00:00Z,AWS,334455667788,DiscountedUsage,2026-02-16T18:00:00Z,2026-02-16T19:00:00Z,AmazonEC2,USEA-BoxUsage:m5.large,RunInstances,us-east-1b,i-0958f244fd78740cb,1.0,4.0,4.0,0.0,0.0,0.057594,0.057594,Hrs,0.096,0.096,Amazon Elastic Compute Cloud,m5.large,2,8 GiB,Linux,us-east-1,AmazonEC2,40.96,33.74,22.48,39,2026-02-14T13:07:42Z,backend,prod,CC400,arn:aws:ec2:us-east-1:334455667788:reserved-instances/1a22394b-7338-485a-8a9b-0880e154f09b,0.057594,0.048955,0.008639,,,,,,,,,
181e88e5dea14b99a0aeeefa54f53e83,2026-02-17T03:00:00Z/2026-02-17T04:00:00Z,112233445566,2026-02-01T00:00:00Z,2026-03-01T00:00:00Z,AWS,334455667788,DiscountedUsage,2026-02-17T03:00:00Z,2026-02-17T04:00:00Z,AmazonEC2,USEA-BoxUsage:m5.large,RunInstances,us-east-1b,i-0958f244fd78740cb,1.0,4.0,4.0,0.0,0.0,0.053905,0.053905,Hrs,0.096,0.096,Amazon Elastic Compute Cloud,m5.large,2,8 GiB,Linux,us-east-1,AmazonEC2,36.92,44.55,38.8,50,2026-02-14T15:07:18Z,backend,prod,CC400,arn:aws:ec2:us-east-1:334455667788:reserved-instances/1a22394b-7338-485a-8a9b-0880e154f09b,0.053905,0.045819,0.008086,,,,,,,,,
3a98ab7290a24c97ad1344e9c89fd9bf,2026-02-17T12:00:00Z/2026-02-17T13:00:00Z,112233445566,2026-02-01T00:00:00Z,2026-03-01T00:00:00Z,AWS,334455667788,DiscountedUsage,2026-02-17T12:00:00Z,2026-02-17T13:00:00Z,AmazonEC2,USEA-BoxUsage:m5.large,RunInstances,us-east-1b,i-0958f244fd78740cb,1.0,4.0,4.0,0.0,0.0,0.060753,0.060753,Hrs,0.096,0.096,Amazon Elastic Compute Cloud,m5.large,2,8 GiB,Linux,us-east-1,AmazonEC2,37.87,35.28,22.73,14,2026-02-15T13:30:22Z,backend,prod,CC400,arn:aws:ec2:us-east-1:334455667788:reserved-instances/1a22394b-7338-485a-8a9b-0880e154f09b,0.060753,0.05164,0.009113,,,,,,,,,
70dadea46a874d5093e56adc95ab4ef5,2026-02-17T21:00:00Z/2026-02-17T22:00:00Z,112233445566,2026-02-01T00:00:00Z,2026-03-01T00:00:00Z,AWS,334455667788,DiscountedUsage,2026-02-17T21:00:00Z,2026-02-17T22:00:00Z,AmazonEC2,USEA-BoxUsage:m5.large,RunInstances,us-east-1b,i-0958f244fd78740cb,1.0,4.0,4.0,0.0,0.0,0.060361,0.060361,Hrs,0.096,0.096,Amazon Elastic Compute Cloud,m5.large,2,8 GiB,Linux,us-east-1,AmazonEC2,27.86,44.72,33.78,63,2026-02-15T11:54:38Z,backend,prod,CC400,arn:aws:ec2:us-east-1:334455667788:reserved-instances/1a22394b-7338-485a-8a9b-0880e154f09b,0.060361,0.051307,0.009054,,,,,,,,,
133d1e79ebbb4920897fc0ad517683e2,2026-02-18T06:00:00Z/2026-02-18T07:00:00Z,112233445566,2026-02-01T00:00:00Z,2026-03-01T00:00:00Z,AWS,334455667788,DiscountedUsage,2026-02-18T06:00:00Z,2026-02-18T07:00:00Z,AmazonEC2,USEA-BoxUsage:m5.large,RunInstances,us-east-1b,i-0958f244fd78740cb,1.0,4.0,4.0,0.0,0.0,0.059547,0.059547,Hrs,0.096,0.096,Amazon Elastic Compute Cloud,m5.large,2,8 GiB,Linux,us-east-1,AmazonEC2,35.14,50.44,27.35,49,2026-02-16T11:09:45Z,backend,prod,CC400,arn:aws:ec2:us-east-1:334455667788:reserved-instances/1a22394b-7338-485a-8a9b-0880e154f09b,0.059547,0.050615,0.008932,,,,,,,,,
833099227ebe4a0691c94d0daa4944c4,2026-02-18T15:00:00Z/2026-02-18T16:00:00Z,112233445566,2026-02-01T00:00:00Z,2026-03-01T00:00:00Z,AWS,334455667788,DiscountedUsage,2026-02-18T15:00:00Z,2026-02-18T16:00:00Z,AmazonEC2,USEA-BoxUsage:m5.large,RunInstances,us-east-1b,i-0958f244fd78740cb,1.0,4.0,4.0,0.0,0.0,0.059803,0.059803,Hrs,0.096,0.096,Amazon Elastic Compute Cloud,m5.large,2,8 GiB,Linux,us-east-1,AmazonEC2,36.31,36.79,29.59,21,2026-02-16T01:45:02Z,backend,prod,CC400,arn:aws:ec2:us-east-1:334455667788:reserved-instances/1a22394b-7338-485a-8a9b-0880e154f09b,0.059803,0.050833,0.00897,,,,,,,,,
5c3ade1017b24168a40172e0752d5934,2026-02-19T00:00:00Z/2026-02-19T01:00:00Z,112233445566,2026-02-01T00:00:00Z,2026-03-01T00:00:00Z,AWS,334455667788,DiscountedUsage,2026-02-19T00:00:00Z,2026-02-19T01:00:00Z,AmazonEC2,USEA-BoxUsage:m5.large,RunInstances,us-east-1b,i-0958f244fd78740cb,1.0,4.0,4.0,0.0,0.0,0.058973,0.058973,Hrs,0.096,0.096,Amazon Elastic Compute Cloud,m5.large,2,8 GiB,Linux,us-east-1,AmazonEC2,27.84,45.94,37.55,46,2026-02-14T19:27:10Z,backend,prod,CC400,arn:aws:ec2:us-east-1:334455667788:reserved-instances/1a22394b-7338-485a-8a9b-0880e154f09b,0.058973,0.050127,0.008846,,,,,,,,,
45238c087f45417185406b1d3821ed92,2026-02-19T09:00:00Z/2026-02-19T10:00:00Z,112233445566,2026-02-01T00:00:00Z,2026-03-01T00:00:00Z,AWS,334455667788,DiscountedUsage,2026-02-19T09:00:00Z,2026-02-19T10:00:00Z,AmazonEC2,USEA-BoxUsage:m5.large,RunInstances,us-east-1b,i-0958f244fd78740cb,1.0,4.0,4.0,0.0,0.0,0.066223,0.066223,Hrs,0.096,0.096,Amazon Elastic Compute Cloud,m5.large,2,8 GiB,Linux,us-east-1,AmazonEC2,38.73,47.75,34.04,47,2026-02-16T16:49:00Z,backend,prod,CC400,arn:aws:ec2:us-east-1:334455667788:reserved-instances/1a22394b-7338-485a-8a9b-0880e154f09b,0.066223,0.05629,0.009933,,,,,,,,,
8e029958da5647c0a682a4093c22a42f,2026-02-19T18:00:00Z/2026-02-19T19:00:00Z,112233445566,2026-02-01T00:00:00Z,2026-03-01T00:00:00Z,AWS,334455667788,DiscountedUsage,2026-02-19T18:00:00Z,2026-02-19T19:00:00Z,AmazonEC2,USEA-BoxUsage:m5.large,RunInstances,us-east-1b,i-0958f244fd78740cb,1.0,4.0,4.0,0.0,0.0,0.063571,0.063571,Hrs,0.096,0.096,Amazon Elastic Compute Cloud,m5.large,2,8 GiB,Linux,us-east-1,AmazonEC2,22.57,38.24,41.6,38,2026-02-18T01:19:19Z,backend,prod,CC400,arn:aws:ec2:us-east-1:334455667788:reserved-instances/1a22394b-7338-485a-8a9b-0880e154f09b,0.063571,0.054035,0.009536,,,,,,,,,
17e277e83ff04a798d088f8b384cc80d,2026-02-20T03:00:00Z/2026-02-20T04:00:00Z,112233445566,2026-02-01T00:00:00Z,2026-03-01T00:00:00Z,AWS,334455667788,DiscountedUsage,2026-02-20T03:00:00Z,2026-02-20T04:00:00Z,AmazonEC2,USEA-BoxUsage:m5.large,RunInstances,us-east-1b,i-0958f244fd78740cb,1.0,4.0,4.0,0.0,0.0,0.056263,0.056263,Hrs,0.096,0.096,Amazon Elastic Compute Cloud,m5.large,2,8 GiB,Linux,us-east-1,AmazonEC2,24.87,33.73,20.91,43,2026-02-18T06:53:41Z,backend,prod,CC400,arn:aws:ec2:us-east-1:334455667788:reserved-instances/1a22394b-7338-485a-8a9b-0880e154f09b,0.056263,0.047824,0.008439,,,,,,,,,
823b5026f02a48d49e89f2a9479fb0e9,2026-02-20T12:00:00Z/2026-02-20T13:00:00Z,112233445566,2026-02-01T00:00:00Z,2026-03-01T00:00:00Z,AWS,334455667788,DiscountedUsage,2026-02-20T12:00:00Z,2026-02-20T13:00:00Z,AmazonEC2,USEA-BoxUsage:m5.large,RunInstances,us-east-1b,i-0958f244fd78740cb,1.0,4.0,4.0,0.0,0.0,0.066624,0.066624,Hrs,0.096,0.096,Amazon Elastic Compute Cloud,m5.large,2,8 GiB,Linux,us-east-1,AmazonEC2,33.21,43.91,33.21,54,2026-02-16T16:16:31Z,backend,prod,CC400,arn:aws:ec2:us-east-1:334455667788:reserved-instances/1a22394b-7338-485a-8a9b-0880e154f09b,0.066624,0.05663,0.009994,,,,,,,,,
8b0f3e319c594e66ab0581645dddc40a,2026-02-20T21:00:00Z/2026-02-20T22:00:00Z,112233445566,2026-02-01T00:00:00Z,2026-03-01T00:00:00Z,AWS,334455667788,DiscountedUsage,2026-02-20T21:00:00Z,2026-02-20T22:00:00Z,AmazonEC2,USEA-BoxUsage:m5.large,RunInstances,us-east-1b,i-0958f244fd78740cb,1.0,4.0,4.0,0.0,0.0,0.057203,0.057203,Hrs,0.096,0.096,Amazon Elastic Compute Cloud,m5.large,2,8 GiB,Linux,us-east-1,AmazonEC2,40.18,34.9,39.98,42,2026-02-16T20:35:14Z,backend,prod,CC400,arn:aws:ec2:us-east-1:334455667788:reserved-instances/1a22394b-7338-485a-8a9b-0880e154f09b,0.057203,0.048623,0.00858,,,,,,,,,
898520ba78794e20b8742db34fb063c4,2026-02-21T06:00:00Z/2026-02-21T07:00:00Z,112233445566,2026-02-01T00:00:00Z,2026-03-01T00:00:00Z,AWS,334455667788,DiscountedUsage,2026-02-21T06:00:00Z,2026-02-21T07:00:00Z,AmazonEC2,USEA-BoxUsage:m5.large,RunInstances,us-east-1b,i-0958f244fd78740cb,1.0,4.0,4.0,0.0,0.0,0.066453,0.066453,Hrs,0.096,0.096,Amazon Elastic Compute Cloud,m5.large,2,8 GiB,Linux,us-east-1,AmazonEC2,39.21,34.1,31.05,39,2026-02-20T04:07:44Z,backend,prod,CC400,arn:aws:ec2:us-east-1:334455667788:reserved-instances/1a22394b-7338-485a-8a9b-0880e154f09b,0.066453,0.056485,0.009968,,,,,,,,,
708a1f80f2ec46f9bfd1a83e75a12ca0,2026-02-21T15:00:00Z/2026-02-21T16:00:00Z,112233445566,2026-02-01T00:00:00Z,2026-03-01T00:00:00Z,AWS,334455667788,DiscountedUsage,2026-02-21T15:00:00Z,2026-02-21T16:00:00Z,AmazonEC2,USEA-BoxUsage:m5.large,RunInstances,us-east-1b,i-0958f244fd78740cb,1.0,4.0,4.0,0.0,0.0,0.060735,0.060735,Hrs,0.096,0.096,Amazon Elastic Compute Cloud,m5.large,2,8 GiB,Linux,us-east-1,AmazonEC2,31.87,44.2,32.39,55,2026-02-19T16:46:38Z,backend,prod,CC400,arn:aws:ec2:us-east-1:334455667788:reserved-instances/1a22394b-7338-485a-8a9b-0880e154f09b,0.060735,0.051625,0.00911,,,,,,,,,
d71695c66af7469f9384b156c9d89d2c,2026-02-22T00:00:00Z/2026-02-22T01:00:00Z,112233445566,2026-02-01T00:00:00Z,2026-03-01T00:00:00Z,AWS,334455667788,DiscountedUsage,2026-02-22T00:00:00Z,2026-02-22T01:00:00Z,AmazonEC2,USEA-BoxUsage:m5.large,RunInstances,us-east-1b,i-0958f244fd78740cb,1.0,4.0,4.0,0.0,0.0,0.065586,0.065586,Hrs,0.096,0.096,Amazon Elastic Compute Cloud,m5.large,2,8 GiB,Linux,us-east-1,AmazonEC2,26.83,30.72,39.32,37,2026-02-18T18:31:19Z,backend,prod,CC400,arn:aws:ec2:us-east-1:334455667788:reserved-instances/1a22394b-7338-485a-8a9b-0880e154f09b,0.065586,0.055748,0.009838,,,,,,,,,
73fe30d4ac374beeb47e0a6d0e3a3333,2026-02-22T09:00:00Z/2026-02-22T10:00:00Z,112233445566,2026-02-01T00:00:00Z,2026-03-01T00:00:00Z,AWS,334455667788,DiscountedUsage,2026-02-22T09:00:00Z,2026-02-22T10:00:00Z,AmazonEC2,USEA-BoxUsage:m5.large,RunInstances,us-east-1b,i-0958f244fd78740cb,1.0,4.0,4.0,0.0,0.0,0.060587,0.060587,Hrs,0.096,0.096,Amazon Elastic Compute Cloud,m5.large,2,8 GiB,Linux,us-east-1,AmazonEC2,38.82,35.35,20.6,30,2026-02-19T20:04:06Z,backend,prod,CC400,arn:aws:ec2:us-east-1:334455667788:reserved-instances/1a22394b-7338-485a-8a9b-0880e154f09b,0.060587,0.051499,0.009088,,,,,,,,,
ed74db9604b84fb5bb81c93c8e076f31,2026-02-22T18:00:00Z/2026-02-22T19:00:00Z,112233445566,2026-02-01T00:00:00Z,2026-03-01T00:00:00Z,AWS,334455667788,DiscountedUsage,2026-02-22T18:00:00Z,2026-02-22T19:00:00Z,AmazonEC2,USEA-BoxUsage:m5.large,RunInstances,us-east-1b,i-0958f244fd78740cb,1.0,4.0,4.0,0.0,0.0,0.064374,0.064374,Hrs,0.096,0.096,Amazon Elastic Compute Cloud,m5.large,2,8 GiB,Linux,us-east-1,AmazonEC2,24.81,47.33,31.71,26,2026-02-21T06:38:03Z,backend,prod,CC400,arn:aws:ec2:us-east-1:334455667788:reserved-instances/1a22394b-7338-485a-8a9b-0880e154f09b,0.064374,0.054718,0.009656,,,,,,,,,
631bca0e352f40f68b19b1215d9f132b,2026-02-23T03:00:00Z/2026-02-23T04:00:00Z,112233445566,2026-02-01T00:00:00Z,2026-03-01T00:00:00Z,AWS,334455667788,DiscountedUsage,2026-02-23T03:00:00Z,2026-02-23T04:00:00Z,AmazonEC2,USEA-BoxUsage:m5.large,RunInstances,us-east-1b,i-0958f244fd78740cb,1.0,4.0,4.0,0.0,0.0,0.053258,0.053258,Hrs,0.096,0.096,Amazon Elastic Compute Cloud,m5.large,2,8 GiB,Linux,us-east-1,AmazonEC2,31.29,42.61,21.18,28,2026-02-21T10:46:59Z,backend,prod,CC400,arn:aws:ec2:us-east-1:334455667788:reserved-instances/1a22394b-7338-485a-8a9b-0880e154f09b,0.053258,0.045269,0.007989,,,,,,,,,
1e28ea62f3264962865a79f04d1abb37,2026-02-23T12:00:00Z/2026-02-23T13:00:00Z,112233445566,2026-02-01T00:00:00Z,2026-03-01T00:00:00Z,AWS,334455667788,DiscountedUsage,2026-02-23T12:00:00Z,2026-02-23T13:00:00Z,AmazonEC2,USEA-BoxUsage:m5.large,RunInstances,us-east-1b,i-0958f244fd78740cb,1.0,4.0,4.0,0.0,0.0,0.060558,0.060558,Hrs,0.096,0.096,Amazon Elastic Compute Cloud,m5.large,2,8 GiB,Linux,us-east-1,AmazonEC2,24.83,42.92,18.2,36,2026-02-21T11:29:05Z,backend,prod,CC400,arn:aws:ec2:us-east-1:334455667788:reserved-instances/1a22394b-7338-485a-8a9b-0880e154f09b,0.060558,0.051474,0.009084,,,,,,,,,
ee6db55d32c34180a9431481ea727c10,2026-02-23T21:00:00Z/2026-02-23T22:00:00Z,112233445566,2026-02-01T00:00:00Z,2026-03-01T00:00:00Z,AWS,334455667788,DiscountedUsage,2026-02-23T21:00:00Z,2026-02-23T22:00:00Z,AmazonEC2,USEA-BoxUsage:m5.large,RunInstances,us-east-1b,i-0958f244fd78740cb,1.0,4.0,4.0,0.0,0.0,0.061564,0.061564,Hrs,0.096,0.096,Amazon Elastic Compute Cloud,m5.large,2,8 GiB,Linux,us-east-1,AmazonEC2,29.44,35.68,20.65,41,2026-02-19T14:53:30Z,backend,prod,CC400,arn:aws:ec2:us-east-1:334455667788:reserved-instances/1a22394b-7338-485a-8a9b-0880e154f09b,0.061564,0.052329,0.009235,,,,,,,,,
2a423340d5f7422dac1b057dddf8d0c9,2026-02-24T06:00:00Z/2026-02-24T07:00:00Z,112233445566,2026-02-01T00:00:00Z,2026-03-01T00:00:00Z,AWS,334455667788,DiscountedUsage,2026-02-24T06:00:00Z,2026-02-24T07:00:00Z,AmazonEC2,USEA-BoxUsage:m5.large,RunInstances,us-east-1b,i-0958f244fd78740cb,1.0,4.0,4.0,0.0,0.0,0.065278,0.065278,Hrs,0.096,0.096,Amazon Elastic Compute Cloud,m5.large,2,8 GiB,Linux,us-east-1,AmazonEC2,26.17,47.45,24.49,49,2026-02-21T11:38:43Z,backend,prod,CC400,arn:aws:ec2:us-east-1:334455667788:reserved-instances/1a22394b-7338-485a-8a9b-0880e154f09b,0.065278,0.055486,0.009792,,,,,,,,,
2387837b00d14cce962a69d52de7ef7f,2026-02-24T15:00:00Z/2026-02-24T16:00:00Z,112233445566,2026-02-01T00:00:00Z,2026-03-01T00:00:00Z,AWS,334455667788,DiscountedUsage,2026-02-24T15:00:00Z,2026-02-24T16:00:00Z,AmazonEC2,USEA-BoxUsage:m5.large,RunInstances,us-east-1b,i-0958f244fd78740cb,1.0,4.0,4.0,0.0,0.0,0.061889,0.061889,Hrs,0.096,0.096,Amazon Elastic Compute Cloud,m5.large,2,8 GiB,Linux,us-east-1,AmazonEC2,39.35,40.04,37.25,61,2026-02-20T13:28:31Z,backend,prod,CC400,arn:aws:ec2:us-east-1:334455667788:reserved-instances/1a22394b-7338-485a-8a9b-0880e154f09b,0.061889,0.052606,0.009283,,,,,,,,,
e6a68cd17d634167bde8b0a32a2ec9fd,2026-02-25T00:00:00Z/2026-02-25T01:00:00Z,112233445566,2026-02-01T00:00:00Z,2026-03-01T00:00:00Z,AWS,334455667788,DiscountedUsage,2026-02-25T00:00:00Z,2026-02-25T01:00:00Z,AmazonEC2,USEA-BoxUsage:m5.large,RunInstances,us-east-1b,i-0958f244fd78740cb,1.0,4.0,4.0,0.0,0.0,0.056575,0.056575,Hrs,0.096,0.096,Amazon Elastic Compute Cloud,m5.large,2,8 GiB,Linux,us-east-1,AmazonEC2,26.11,35.57,20.24,15,2026-02-22T19:17:32Z,backend,prod,CC400,arn:aws:ec2:us-east-1:334455667788:reserved-instances/1a22394b-7338-485a-8a9b-0880e154f09b,0.056575,0.048089,0.008486,,,,,,,,,
58b3fd1075b0481c8475c84a1731aba0,2026-02-25T09:00:00Z/2026-02-25T10:00:00Z,112233445566,2026-02-01T00:00:00Z,2026-03-01T00:00:00Z,AWS,334455667788,DiscountedUsage,2026-02-25T09:00:00Z,2026-02-25T10:00:00Z,AmazonEC2,USEA-BoxUsage:m5.large,RunInstances,us-east-1b,i-0958f244fd78740cb,1.0,4.0,4.0,0.0,0.0,0.053997,0.053997,Hrs,0.096,0.096,Amazon Elastic Compute Cloud,m5.large,2,8 GiB,Linux,us-east-1,AmazonEC2,41.74,31.2,28.39,43,2026-02-23T16:12:55Z,backend,prod,CC400,arn:aws:ec2:us-east-1:334455667788:reserved-instances/1a22394b-7338-485a-8a9b-0880e154f09b,0.053997,0.045897,0.0081,,,,,,,,,
516d9b0e6f7a47b0b298e3c66557f0ef,2026-02-25T18:00:00Z/2026-02-25T19:00:00Z,112233445566,2026-02-01T00:00:00Z,2026-03-01T00:00:00Z,AWS,334455667788,DiscountedUsage,2026-02-25T18:00:00Z,2026-02-25T19:00:00Z,AmazonEC2,USEA-BoxUsage:m5.large,RunInstances,us-east-1b,i-0958f244fd78740cb,1.0,4.0,4.0,0.0,0.0,0.057634,0.057634,Hrs,0.096,0.096,Amazon Elastic Compute Cloud,m5.large,2,8 GiB,Linux,us-east-1,AmazonEC2,31.39,45.07,22.62,33,2026-02-24T13:17:57Z,backend,prod,CC400,arn:aws:ec2:us-east-1:334455667788:reserved-instances/1a22394b-7338-485a-8a9b-0880e154f09b,0.057634,0.048989,0.008645,,,,,,,,,
c6fc86730fa24884a2d95d94867bb0ea,2026-02-26T03:00:00Z/2026-02-26T04:00:00Z,112233445566,2026-02-01T00:00:00Z,2026-03-01T00:00:00Z,AWS,334455667788,DiscountedUsage,2026-02-26T03:00:00Z,2026-02-26T04:00:00Z,AmazonEC2,USEA-BoxUsage:m5.large,RunInstances,us-east-1b,i-0958f244fd78740cb,1.0,4.0,4.0,0.0,0.0,0.056841,0.056841,Hrs,0.096,0.096,Amazon Elastic Compute Cloud,m5.large,2,8 GiB,Linux,us-east-1,AmazonEC2,24.53,47.9,37.54,25,2026-02-24T06:44:06Z,backend,prod,CC400,arn:aws:ec2:us-east-1:334455667788:reserved-instances/1a22394b-7338-485a-8a9b-0880e154f09b,0.056841,0.048315,0.008526,,,,,,,,,
8242b11a821c48989f03989ff5c22ae8,2026-02-26T12:00:00Z/2026-02-26T13:00:00Z,112233445566,2026-02-01T00:00:00Z,2026-03-01T00:00:00Z,AWS,334455667788,DiscountedUsage,2026-02-26T12:00:00Z,2026-02-26T13:00:00Z,AmazonEC2,USEA-BoxUsage:m5.large,RunInstances,us-east-1b,i-0958f244fd78740cb,1.0,4.0,4.0,0.0,0.0,0.059612,0.059612,Hrs,0.096,0.096,Amazon Elastic Compute Cloud,m5.large,2,8 GiB,Linux,us-east-1,AmazonEC2,31.16,40.08,31.49,48,2026-02-23T01:58:25Z,backend,prod,CC400,arn:aws:ec2:us-east-1:334455667788:reserved-instances/1a22394b-7338-485a-8a9b-0880e154f09b,0.059612,0.05067,0.008942,,,,,,,,,
9e4c16804c4a4660a35ef5085fdb5674,2026-02-26T21:00:00Z/2026-02-26T22:00:00Z,112233445566,2026-02-01T00:00:00Z,2026-03-01T00:00:00Z,AWS,334455667788,DiscountedUsage,2026-02-26T21:00:00Z,2026-02-26T22:00:00Z,AmazonEC2,USEA-BoxUsage:m5.large,RunInstances,us-east-1b,i-0958f244fd78740cb,1.0,4.0,4.0,0.0,0.0,0.065374,0.065374,Hrs,0.096,0.096,Amazon Elastic Compute Cloud,m5.large,2,8 GiB,Linux,us-east-1,AmazonEC2,24.28,37.97,20.82,57,2026-02-24T17:53:10Z,backend,prod,CC400,arn:aws:ec2:us-east-1:334455667788:reserved-instances/1a22394b-7338-485a-8a9b-0880e154f09b,0.065374,0.055568,0.009806,,,,,,,,,
900f84f95b174d239587d50f25e7751b,2026-02-27T06:00:00Z/2026-02-27T07:00:00Z,112233445566,2026-02-01T00:00:00Z,2026-03-01T00:00:00Z,AWS,334455667788,DiscountedUsage,2026-02-27T06:00:00Z,2026-02-27T07:00:00Z,AmazonEC2,USEA-BoxUsage:m5.large,RunInstances,us-east-1b,i-0958f244fd78740cb,1.0,4.0,4.0,0.0,0.0,0.061626,0.061626,Hrs,0.096,0.096,Amazon Elastic Compute Cloud,m5.large,2,8 GiB,Linux,us-east-1,AmazonEC2,28.25,38.02,27.86,34,2026-02-25T15:19:37Z,backend,prod,CC400,arn:aws:ec2:us-east-1:334455667788:reserved-instances/1a22394b-7338-485a-8a9b-0880e154f09b,0.061626,0.052382,0.009244,,,,,,,,,
29ca5f11ca2848229eae53baf9e54ab3,2026-02-27T15:00:00Z/2026-02-27T16:00:00Z,112233445566,2026-02-01T00:00:00Z,2026-03-01T00:00:00Z,AWS,334455667788,DiscountedUsage,2026-02-27T15:00:00Z,2026-02-27T16:00:00Z,AmazonEC2,USEA-BoxUsage:m5.large,RunInstances,us-east-1b,i-0958f244fd78740cb,1.0,4.0,4.0,0.0,0.0,0.062995,0.062995,Hrs,0.096,0.096,Amazon Elastic Compute Cloud,m5.large,2,8 GiB,Linux,us-east-1,AmazonEC2,23.3,46.15,24.37,34,2026-02-24T11:51:58Z,backend,prod,CC400,arn:aws:ec2:us-east-1:334455667788:reserved-instances/1a22394b-7338-485a-8a9b-0880e154f09b,0.062995,0.053546,0.009449,,,,,,,,,
5cbc1e7b19884df98ce8c26d25a4c18b,2026-02-01T00:00:00Z/2026-02-01T01:00:00Z,112233445566,2026-02-01T00:00:00Z,2026-03-01T00:00:00Z,AWS,334455667788,Usage,2026-02-01T00:00:00Z,2026-02-01T01:00:00Z,AmazonEC2,USEA-BoxUsage:m5.large,RunInstances,us-east-1a,i-06c7aeca485544c83,1.0,4.0,4.0,0.096,0.096,0.09563,0.097782,Hrs,0.096,0.096,Amazon Elastic Compute Cloud,m5.large,2,8 GiB,Linux,us-east-1,AmazonEC2,36.7,29.61,21.11,26,2026-01-30T12:47:35Z,backend,prod,CC400,,,,,,,,,,,,,
0e349d0e69e04e5aad7aa0d71a0a17a1,2026-02-01T09:00:00Z/2026-02-01T10:00:00Z,112233445566,2026-02-01T00:00:00Z,2026-03-01T00:00:00Z,AWS,334455667788,Usage,2026-02-01T09:00:00Z,2026-02-01T10:00:00Z,AmazonEC2,USEA-BoxUsage:m5.large,RunInstances,us-east-1a,i-06c7aeca485544c83,1.0,4.0,4.0,0.096,0.096,0.094037,0.100192,Hrs,0.096,0.096,Amazon Elastic Compute Cloud,m5.large,2,8 GiB,Linux,us-east-1,AmazonEC2,40.34,47.12,36.05,70,2026-01-28T12:10:26Z,backend,prod,CC400,,,,,,,,,,,,,
1566ad3544444e4f840a09528fbb9d7d,2026-02-01T18:00:00Z/2026-02-01T19:00:00Z,112233445566,2026-02-01T00:00:00Z,2026-03-01T00:00:00Z,AWS,334455667788,Usage,2026-02-01T18:00:00Z,2026-02-01T19:00:00Z,AmazonEC2,USEA-BoxUsage:m5.large,RunInstances,us-east-1a,i-06c7aeca485544c83,1.0,4.0,4.0,0.096,0.096,0.097071,0.093905,Hrs,0.096,0.096,Amazon Elastic Compute Cloud,m5.large,2,8 GiB,Linux,us-east-1,AmazonEC2,34.07,36.19,35.55,63,2026-01-30T23:42:58Z,backend,prod,CC400,,,,,,,,,,,,,
613a4ed36bc04dea99c3c9bcd1969b42,2026-02-02T03:00:00Z/2026-02-02T04:00:00Z,112233445566,2026-02-01T00:00:00Z,2026-03-01T00:00:00Z,AWS,334455667788,Usage,2026-02-02T03:00:00Z,2026-02-02T04:00:00Z,AmazonEC2,USEA-BoxUsage:m5.large,RunInstances,us-east-1a,i-06c7aeca485544c83,1.0,4.0,4.0,0.096,0.096,0.099814,0.094378,Hrs,0.096,0.096,Amazon Elastic Compute Cloud,m5.large,2,8 GiB,Linux,us-east-1,AmazonEC2,34.56,43.6,28.09,15,2026-01-31T03:22:29Z,backend,prod,CC400,,,,,,,,,,,,,
c73c5acfbb68484fa17d7cd987f8acd3,2026-02-02T12:00:00Z/2026-02-02T13:00:00Z,112233445566,2026-02-01T00:00:00Z,2026-03-01T00:00:00Z,AWS,334455667788,Usage,2026-02-02T12:00:00Z,2026-02-02T13:00:00Z,AmazonEC2,USEA-BoxUsage:m5.large,RunInstances,us-east-1a,i-06c7aeca485544c83,1.0,4.0,4.0,0.096,0.096,0.096585,0.09351,Hrs,0.096,0.096,Amazon Elastic Compute Cloud,m5.large,2,8 GiB,Linux,us-east-1,AmazonEC2,24.82,42.51,25.46,23,2026-01-30T03:43:09Z,backend,prod,CC400,,,,,,,,,,,,,
cf498c76666544a0b684f1a11544e1da,2026-02-02T21:00:00Z/2026-02-02T22:00:00Z,112233445566,2026-02-01T00:00:00Z,2026-03-01T00:00:00Z,AWS,334455667788,Usage,2026-02-02T21:00:00Z,2026-02-02T22:00:00Z,AmazonEC2,USEA-BoxUsage:m5.large,RunInstances,us-east-1a,i-06c7aeca485544c83,1.0,4.0,4.0,0.096,0.096,0.098448,0.09296,Hrs,0.096,0.096,Amazon Elastic Compute Cloud,m5.large,2,8 GiB,Linux,us-east-1,AmazonEC2,22.15,31.2,34.57,66,2026-01-30T21:32:59Z,backend,prod,CC400,,,,,,,,,,,,,
7fac9dbf4e5243fa86451b7d71c20414,2026-02-03T06:00:00Z/2026-02-03T07:00:00Z,112233445566,2026-02-01T00:00:00Z,2026-03-01T00:00:00Z,AWS,334455667788,Usage,2026-02-03T06:00:00Z,2026-02-03T07:00:00Z,AmazonEC2,USEA-BoxUsage:m5.large,RunInstances,us-east-1a,i-06c7aeca485544c83,1.0,4.0,4.0,0.096,0.096,0.09251,0.093559,Hrs,0.096,0.096,Amazon Elastic Compute Cloud,m5.large,2,8 GiB,Linux,us-east-1,AmazonEC2,35.46,28.82,34.29,59,2026-01-31T03:29:35Z,backend,prod,CC400,,,,,,,,,,,,,
a1c1ec8d11334295bd5a8c6d5c2bf69a,2026-02-03T15:00:00Z/2026-02-03T16:00:00Z,112233445566,2026-02-01T00:00:00Z,2026-03-01T00:00:00Z,AWS,334455667788,Usage,2026-02-03T15:00:00Z,2026-02-03T16:00:00Z,AmazonEC2,USEA-BoxUsage:m5.large,RunInstances,us-east-1a,i-06c7aeca485544c83,1.0,4.0,4.0,0.096,0.096,0.095984,0.091478,Hrs,0.096,0.096,Amazon Elastic Compute Cloud,m5.large,2,8 GiB,Linux,us-east-1,AmazonEC2,37.58,40.47,22.73,30,2026-02-02T06:08:19Z,backend,prod,CC400,,,,,,,,,,,,,
0ca115c185f64212870168c7655f2357,2026-02-04T00:00:00Z/2026-02-04T01:00:00Z,112233445566,2026-02-01T00:00:00Z,2026-03-01T00:00:00Z,AWS,334455667788,Usage,2026-02-04T00:00:00Z,2026-02-04T01:00:00Z,AmazonEC2,USEA-BoxUsage:m5.large,RunInstances,us-east-1a,i-06c7aeca485544c83,1.0,4.0,4.0,0.096,0.096,0.09164,0.09702,Hrs,0.096,0.096,Amazon Elastic Compute Cloud,m5.large,2,8 GiB,Linux,us-east-1,AmazonEC2,33.03,38.4,34.62,62,2026-02-01T06:00:25Z,backend,prod,CC400,,,,,,,,,,,,,
081662cd815d4ed398f7cd74d481e4b8,2026-02-04T09:00:00Z/2026-02-04T10:00:00Z,112233445566,2026-02-01T00:00:00Z,2026-03-01T00:00:00Z,AWS,334455667788,Usage,2026-02-04T09:00:00Z,2026-02-04T10:00:00Z,AmazonEC2,USEA-BoxUsage:m5.large,RunInstances,us-east-1a,i-06c7aeca485544c83,1.0,4.0,4.0,0.096,0.096,0.100541,0.098946,Hrs,0.096,0.096,Amazon Elastic Compute Cloud,m5.large,2,8 GiB,Linux,us-east-1,AmazonEC2,23.79,47.03,31.15,49,2026-02-02T03:03:43Z,backend,prod,CC400,,,,,,,,,,,,,
5f5a24c8890847dfa37aa4a5946b44ad,2026-02-04T18:00:00Z/2026-02-04T19:00:00Z,112233445566,2026-02-01T00:00:00Z,2026-03-01T00:00:00Z,AWS,334455667788,Usage,2026-02-04T18:00:00Z,2026-02-04T19:00:00Z,AmazonEC2,USEA-BoxUsage:m5.large,RunInstances,us-east-1a,i-06c7aeca485544c83,1.0,4.0,4.0,0.096,0.096,0.097266,0.097954,Hrs,0.096,0.096,Amazon Elastic Compute Cloud,m5.large,2,8 GiB,Linux,us-east-1,AmazonEC2,31.09,32.43,24.51,36,2026-01-31T14:58:46Z,backend,prod,CC400,,,,,,,,,,,,,
120e4c81a0734404b9fcf30e2ca4b503,2026-02-05T03:00:00Z/2026-02-05T04:00:00Z,112233445566,2026-02-01T00:00:00Z,2026-03-01T00:00:00Z,AWS,334455667788,Usage,2026-02-05T03:00:00Z,2026-02-05T04:00:00Z,AmazonEC2,USEA-BoxUsage:m5.large,RunInstances,us-east-1a,i-06c7aeca485544c83,1.0,4.0,4.0,0.096,0.096,0.091375,0.09615,Hrs,0.096,0.096,Amazon Elastic Compute Cloud,m5.large,2,8 GiB,Linux,us-east-1,AmazonEC2,23.95,47.69,31.36,47,2026-02-01T09:40:57Z,backend,prod,CC400,,,,,,,,,,,,,
f703f7e7edfe433a82796f38d99d3354,2026-02-05T12:00:00Z/2026-02-05T13:00:00Z,112233445566,2026-02-01T00:00:00Z,2026-03-01T00:00:00Z,AWS,334455667788,Usage,2026-02-05T12:00:00Z,2026-02-05T13:00:00Z,AmazonEC2,USEA-BoxUsage:m5.large,RunInstances,us-east-1a,i-06c7aeca485544c83,1.0,4.0,4.0,0.096,0.096,0.095819,0.093433,Hrs,0.096,0.096,Amazon Elastic Compute Cloud,m5.large,2,8 GiB,Linux,us-east-1,AmazonEC2,40.17,39.69,28.85,55,2026-02-03T21:48:37Z,backend,prod,CC400,,,,,,,,,,,,,
e448ba5e4f56447b9d8518bc9ab6acec,2026-02-06T06:00:00Z/2026-02-06T07:00:00Z,112233445566,2026-02-01T00:00:00Z,2026-03-01T00:00:00Z,AWS,334455667788,Usage,2026-02-06T06:00:00Z,2026-02-06T07:00:00Z,AmazonEC2,USEA-BoxUsage:m5.large,RunInstances,us-east-1a,i-06c7aeca485544c83,1.0,4.0,4.0,0.096,0.096,0.096105,0.092408,Hrs,0.096,0.096,Amazon Elastic Compute Cloud,m5.large,2,8 GiB,Linux,us-east-1,AmazonEC2,36.84,34.39,35.66,55,2026-02-03T11:47:32Z,backend,prod,CC400,,,,,,,,,,,,,
164eba1655404fd0b8b2477de9a21817,2026-02-06T15:00:00Z/2026-02-06T16:00:00Z,112233445566,2026-02-01T00:00:00Z,2026-03-01T00:00:00Z,AWS,334455667788,Usage,2026-02-06T15:00:00Z,2026-02-06T16:00:00Z,AmazonEC2,USEA-BoxUsage:m5.large,RunInstances,us-east-1a,i-06c7aeca485544c83,1.0,4.0,4.0,0.096,0.096,0.100045,0.091664,Hrs,0.096,0.096,Amazon Elastic Compute Cloud,m5.large,2,8 GiB,Linux,us-east-1,AmazonEC2,23.46,35.26,23.65,23,2026-02-04T14:06:43Z,backend,prod,CC400,,,,,,,,,,,,,
ae63d137b45c4d8bbadf1399ed6e3964,2026-02-07T00:00:00Z/2026-02-07T01:00:00Z,112233445566,2026-02-01T00:00:00Z,2026-03-01T00:00:00Z,AWS,334455667788,Usage,2026-02-07T00:00:00Z,2026-02-07T01:00:00Z,AmazonEC2,USEA-BoxUsage:m5.large,RunInstances,us-east-1a,i-06c7aeca485544c83,1.0,4.0,4.0,0.096,0.096,0.099709,0.100705,Hrs,0.096,0.096,Amazon Elastic Compute Cloud,m5.large,2,8 GiB,Linux,us-east-1,AmazonEC2,35.03,35.37,37.42,61,2026-02-05T05:04:10Z,backend,prod,CC400,,,,,,,,,,,,,
e4c34b39de9c4250b46b7e181f6f8506,2026-02-07T09:00:00Z/2026-02-07T10:00:00Z,112233445566,2026-02-01T00:00:00Z,2026-03-01T00:00:00Z,AWS,334455667788,Usage,2026-02-07T09:00:00Z,2026-02-07T10:00:00Z,AmazonEC2,USEA-BoxUsage:m5.large,RunInstances,us-east-1a,i-06c7aeca485544c83,1.0,4.0,4.0,0.096,0.096,0.093115,0.091936,Hrs,0.096,0.096,Amazon Elastic Compute Cloud,m5.large,2,8 GiB,Linux,us-east-1,AmazonEC2,39.12,51.16,35.62,29,2026-02-04T01:13:14Z,backend,prod,CC400,,,,,,,,,,,,,
b7ffd41eefc4462cb0d4f8d927aeacae,2026-02-07T18:00:00Z/2026-02-07T19:00:00Z,112233445566,2026-02-01T00:00:00Z,2026-03-01T00:00:00Z,AWS,334455667788,Usage,2026-02-07T18:00:00Z,2026-02-07T19:00:00Z,AmazonEC2,USEA-BoxUsage:m5.large,RunInstances,us-east-1a,i-06c7aeca485544c83,1.0,4.0,4.0,0.096,0.096,0.09606,0.097482,Hrs,0.096,0.096,Amazon Elastic Compute Cloud,m5.large,2,8 GiB,Linux,us-east-1,AmazonEC2,41.68,45.63,20.93,34,2026-02-06T01:03:57Z,backend,prod,CC400,,,,,,,,,,,,,
9fa62cab89204412a4e90f96fc72feac,2026-02-08T03:00:00Z/2026-02-08T04:00:00Z,112233445566,2026-02-01T00:00:00Z,2026-03-01T00:00:00Z,AWS,334455667788,Usage,2026-02-08T03:00:00Z,2026-02-08T04:00:00Z,AmazonEC2,USEA-BoxUsage:m5.large,RunInstances,us-east-1a,i-06c7aeca485544c83,1.0,4.0,4.0,0.096,0.096,0.093019,0.100224,Hrs,0.096,0.096,Amazon Elastic Compute Cloud,m5.large,2,8 GiB,Linux,us-east-1,AmazonEC2,33.37,34.62,30.14,55,2026-02-03T19:42:42Z,backend,prod,CC400,,,,,,,,,,,,,
12bbbdf301674380b2b9418ffd8bd1a0,2026-02-08T12:00:00Z/2026-02-08T13:00:00Z,112233445566,2026-02-01T00:00:00Z,2026-03-01T00:00:00Z,AWS,334455667788,Usage,2026-02-08T12:00:00Z,2026-02-08T13:00:00Z,AmazonEC2,USEA-BoxUsage:m5.large,RunInstances,us-east-1a,i-06c7aeca485544c83,1.0,4.0,4.0,0.096,0.096,0.095162,0.097132,Hrs,0.096,0.096,Amazon Elastic Compute Cloud,m5.large,2,8 GiB,Linux,us-east-1,AmazonEC2,23.24,40.95,22.53,39,2026-02-07T02:36:59Z,backend,prod,CC400,,,,,,,,,,,,,
ebca7f61f32349fcbc93a5e9706fe0cb,2026-02-08T21:00:00Z/2026-02-08T22:00:00Z,112233445566,2026-02-01T00:00:00Z,2026-03-01T00:00:00Z,AWS,334455667788,Usage,2026-02-08T21:00:00Z,2026-02-08T22:00:00Z,AmazonEC2,USEA-BoxUsage:m5.large,RunInstances,us-east-1a,i-06c7aeca485544c83,1.0,4.0,4.0,0.096,0.096,0.098872,0.098066,Hrs,0.096,0.096,Amazon Elastic Compute Cloud,m5.large,2,8 GiB,Linux,us-east-1,AmazonEC2,30.42,37.38,28.4,44,2026-02-07T02:11:52Z,backend,prod,CC400,,,,,,,,,,,,,
9b4749ab2283490783edf0b3d15d2462,2026-02-09T06:00:00Z/2026-02-09T07:00:00Z,112233445566,2026-02-01T00:00:00Z,2026-03-01T00:00:00Z,AWS,334455667788,Usage,2026-02-09T06:00:00Z,2026-02-09T07:00:00Z,AmazonEC2,USEA-BoxUsage:m5.large,RunInstances,us-east-1a,i-06c7aeca485544c83,1.0,4.0,4.0,0.096,0.096,0.091757,0.097907,Hrs,0.096,0.096,Amazon Elastic Compute Cloud,m5.large,2,8 GiB,Linux,us-east-1,AmazonEC2,26.11,32.42,24.16,71,2026-02-07T14:48:27Z,backend,prod,CC400,,,,,,,,,,,,,
01fcda87b2254d6d99776a272ba4be92,2026-02-09T15:00:00Z/2026-02-09T16:00:00Z,112233445566,2026-02-01T00:00:00Z,2026-03-01T00:00:00Z,AWS,334455667788,Usage,2026-02-09T15:00:00Z,2026-02-09T16:00:00Z,AmazonEC2,USEA-BoxUsage:m5.large,RunInstances,us-east-1a,i-06c7aeca485544c83,1.0,4.0,4.0,0.096,0.096,0.091765,0.094895,Hrs,0.096,0.096,Amazon Elastic Compute Cloud,m5.large,2,8 GiB,Linux,us-east-1,AmazonEC2,26.43,34.09,40.65,49,2026-02-05T15:00:16Z,backend,prod,CC400,,,,,,,,,,,,,
6a031dfff4cd4479bdf109ae34bd2003,2026-02-10T00:00:00Z/2026-02-10T01:00:00Z,112233445566,2026-02-01T00:00:00Z,2026-03-01T00:00:00Z,AWS,334455667788,Usage,2026-02-10T00:00:00Z,2026-02-10T01:00:00Z,AmazonEC2,USEA-BoxUsage:m5.large,RunInstances,us-east-1a,i-06c7aeca485544c83,1.0,4.0,4.0,0.096,0.096,0.098932,0.095818,Hrs,0.096,0.096,Amazon Elastic Compute Cloud,m5.large,2,8 GiB,Linux,us-east-1,AmazonEC2,28.23,38.75,39.6,32,2026-02-06T17:24:50Z,backend,prod,CC400,,,,,,,,,,,,,
56187a08f5ed480685e08544cf916dd6,2026-02-10T09:00:00Z/2026-02-10T10:00:00Z,112233445566,2026-02-01T00:00:00Z,2026-03-01T00:00:00Z,AWS,334455667788,Usage,2026-02-10T09:00:00Z,2026-02-10T10:00:00Z,AmazonEC2,USEA-BoxUsage:m5.large,RunInstances,us-east-1a,i-06c7aeca485544c83,1.0,4.0,4.0,0.096,0.096,0.09912,0.099065,Hrs,0.096,0.096,Amazon Elastic Compute Cloud,m5.large,2,8 GiB,Linux,us-east-1,AmazonEC2,31.99,34.68,33.05,50,2026-02-07T18:33:34Z,backend,prod,CC400,,,,,,,,,,,,,
3437ca68e5074f53b06155200eb0312b,2026-02-10T18:00:00Z/2026-02-10T19:00:00Z,112233445566,2026-02-01T00:00:00Z,2026-03-01T00:00:00Z,AWS,334455667788,Usage,2026-02-10T18:00:00Z,2026-02-10T19:00:00Z,AmazonEC2,USEA-BoxUsage:m5.large,RunInstances,us-east-1a,i-06c7aeca485544c83,1.0,4.0,4.0,0.096,0.096,0.094866,0.098157,Hrs,0.096,0.096,Amazon Elastic Compute Cloud,m5.large,2,8 GiB,Linux,us-east-1,AmazonEC2,31.31,45.71,29.35,32,2026-02-07T00:22:53Z,backend,prod,CC400,,,,,,,,,,,,,
456cb96a332445c3aecd3f687f436034,2026-02-11T03:00:00Z/2026-02-11T04:00:00Z,112233445566,2026-02-01T00:00:00Z,2026-03-01T00:00:00Z,AWS,334455667788,Usage,2026-02-11T03:00:00Z,2026-02-11T04:00:00Z,AmazonEC2,USEA-BoxUsage:m5.large,RunInstances,us-east-1a,i-06c7aeca485544c83,1.0,4.0,4.0,0.096,0.096,0.095042,0.096849,Hrs,0.096,0.096,Amazon Elastic Compute Cloud,m5.large,2,8 GiB,Linux,us-east-1,AmazonEC2,39.27,32.49,37.04,41,2026-02-07T03:50:49Z,backend,prod,CC400,,,,,,,,,,,,,
5e2de5e9aed8426589e330a60835c8ee,2026-02-11T12:00:00Z/2026-02-11T13:00:00Z,112233445566,2026-02-01T00:00:00Z,2026-03-01T00:00:00Z,AWS,334455667788,Usage,2026-02-11T12:00:00Z,2026-02-11T13:00:00Z,AmazonEC2,USEA-BoxUsage:m5.large,RunInstances,us-east-1a,i-06c7aeca485544c83,1.0,4.0,4.0,0.096,0.096,0.099162,0.096135,Hrs,0.096,0.096,Amazon Elastic Compute Cloud,m5.large,2,8 GiB,Linux,us-east-1,AmazonEC2,31.86,45.51,41.43,19,2026-02-07T15:31:27Z,backend,prod,CC400,,,,,,,,,,,,,
884e97301ffd4c7bb58a10e0fde4fecd,2026-02-11T21:00:00Z/2026-02-11T22:00:00Z,112233445566,2026-02-01T00:00:00Z,2026-03-01T00:00:00Z,AWS,334455667788,Usage,2026-02-11T21:00:00Z,2026-02-11T22:00:00Z,AmazonEC2,USEA-BoxUsage:m5.large,RunInstances,us-east-1a,i-06c7aeca485544c83,1.0,4.0,4.0,0.096,0.096,0.094722,0.100038,Hrs,0.096,0.096,Amazon Elastic Compute Cloud,m5.large,2,8 GiB,Linux,us-east-1,AmazonEC2,40.9,50.57,23.21,17,2026-02-09T18:19:47Z,backend,prod,CC400,,,,,,,,,,,,,
ddc1d3277ee34053b40b5be433b35aa0,2026-02-12T06:00:00Z/2026-02-12T07:00:00Z,112233445566,2026-02-01T00:00:00Z,2026-03-01T00:00:00Z,AWS,334455667788,Usage,2026-02-12T06:00:00Z,2026-02-12T07:00:00Z,AmazonEC2,USEA-BoxUsage:m5.large,RunInstances,us-east-1a,i-06c7aeca485544c83,1.0,4.0,4.0,0.096,0.096,0.100703,0.096752,Hrs,0.096,0.096,Amazon Elastic Compute Cloud,m5.large,2,8 GiB,Linux,us-east-1,AmazonEC2,30.71,30.76,31.79,37,2026-02-09T18:19:21Z,backend,prod,CC400,,,,,,,,,,,,,
11e2c33a6e5a468bb7fa60da3bdeeb56,2026-02-12T15:00:00Z/2026-02-12T16:00:00Z,112233445566,2026-02-01T00:00:00Z,2026-03-01T00:00:00Z,AWS,334455667788,Usage,2026-02-12T15:00:00Z,2026-02-12T16:00:00Z,AmazonEC2,USEA-BoxUsage:m5.large,RunInstances,us-east-1a,i-06c7aeca485544c83,1.0,4.0,4.0,0.096,0.096,0.099574,0.095303,Hrs,0.096,0.096,Amazon Elastic Compute Cloud,m5.large,2,8 GiB,Linux,us-east-1,AmazonEC2,32.3,47.94,18.85,29,2026-02-11T02:53:07Z,backend,prod,CC400,,,,,,,,,,,,,
952f3533fb1b40b4944a299dedca647f,2026-02-13T00:00:00Z/2026-02-13T01:00:00Z,112233445566,2026-02-01T00:00:00Z,2026-03-01T00:00:00Z,AWS,334455667788,Usage,2026-02-13T00:00:00Z,2026-02-13T01:00:00Z,AmazonEC2,USEA-BoxUsage:m5.large,RunInstances,us-east-1a,i-06c7aeca485544c83,1.0,4.0,4.0,0.096,0.096,0.091866,0.100612,Hrs,0.096,0.096,Amazon Elastic Compute Cloud,m5.large,2,8 GiB,Linux,us-east-1,AmazonEC2,29.95,41.78,41.88,64,2026-02-11T14:09:56Z,backend,prod,CC400,,,,,,,,,,,,,
3d869288ebe9474da7ec8b7a594437a7,2026-02-13T09:00:00Z/2026-02-13T10:00:00Z,112233445566,2026-02-01T00:00:00Z,2026-03-01T00:00:00Z,AWS,334455667788,Usage,2026-02-13T09:00:00Z,2026-02-13T10:00:00Z,AmazonEC2,USEA-BoxUsage:m5.large,RunInstances,us-east-1a,i-06c7aeca485544c83,1.0,4.0,4.0,0.096,0.096,0.098672,0.093691,Hrs,0.096,0.096,Amazon Elastic Compute Cloud,m5.large,2,8 GiB,Linux,us-east-1,AmazonEC2,26.61,30.89,20.66,67,2026-02-09T14:22:20Z,backend,prod,CC400,,,,,,,,,,,,,
6d5fa74bc5be4b6eabed0a2a86f40a85,2026-02-13T18:00:00Z/2026-02-13T19:00:00Z,112233445566,2026-02-01T00:00:00Z,2026-03-01T00:00:00Z,AWS,334455667788,Usage,2026-02-13T18:00:00Z,2026-02-13T19:00:00Z,AmazonEC2,USEA-BoxUsage:m5.large,RunInstances,us-east-1a,i-06c7aeca485544c83,1.0,4.0,4.0,0.096,0.096,0.096617,0.096308,Hrs,0.096,0.096,Amazon Elastic Compute Cloud,m5.large,2,8 GiB,Linux,us-east-1,AmazonEC2,27.06,45.21,27.1,41,2026-02-10T18:40:07Z,backend,prod,CC400,,,,,,,,,,,,,
bef9db6caf5d47cdb015285e372fb7e7,2026-02-14T03:00:00Z/2026-02-14T04:00:00Z,112233445566,2026-02-01T00:00:00Z,2026-03-01T00:00:00Z,AWS,334455667788,Usage,2026-02-14T03:00:00Z,2026-02-14T04:00:00Z,AmazonEC2,USEA-BoxUsage:m5.large,RunInstances,us-east-1a,i-06c7aeca485544c83,1.0,4.0,4.0,0.096,0.096,0.097337,0.098644,Hrs,0.096,0.096,Amazon Elastic Compute Cloud,m5.large,2,8 GiB,Linux,us-east-1,AmazonEC2,34.05,42.63,21.95,43,2026-02-11T22:44:54Z,backend,prod,CC400,,,,,,,,,,,,,
e48c7e19040b42b5a9196b5225eed3aa,2026-02-14T12:00:00Z/2026-02-14T13:00:00Z,112233445566,2026-02-01T00:00:00Z,2026-03-01T00:00:00Z,AWS,334455667788,Usage,2026-02-14T12:00:00Z,2026-02-14T13:00:00Z,AmazonEC2,USEA-BoxUsage:m5.large,RunInstances,us-east-1a,i-06c7aeca485544c83,1.0,4.0,4.0,0.096,0.096,0.097678,0.093831,Hrs,0.096,0.096,Amazon Elastic Compute Cloud,m5.large,2,8 GiB,Linux,us-east-1,AmazonEC2,26.43,30.19,26.06,43,2026-02-12T15:11:33Z,backend,prod,CC400,,,,,,,,,,,,,
7cc21b7d039a44e5a1ccb53e55fda2a8,2026-02-14T21:00:00Z/2026-02-14T22:00:00Z,112233445566,2026-02-01T00:00:00Z,2026-03-01T00:00:00Z,AWS,334455667788,Usage,2026-02-14T21:00:00Z,2026-02-14T22:00:00Z,AmazonEC2,USEA-BoxUsage:m5.large,RunInstances,us-east-1a,i-06c7aeca485544c83,1.0,4.0,4.0,0.096,0.096,0.09608,0.097065,Hrs,0.096,0.096,Amazon Elastic Compute Cloud,m5.large,2,8 GiB,Linux,us-east-1,AmazonEC2,29.14,39.68,34.32,61,2026-02-11T06:37:20Z,backend,prod,CC400,,,,,,,,,,,,,
6bbac2fcdbfa4c6faabd83e5dc0ac0a6,2026-02-15T06:00:00Z/2026-02-15T07:00:00Z,112233445566,2026-02-01T00:00:00Z,2026-03-01T00:00:00Z,AWS,334455667788,Usage,2026-02-15T06:00:00Z,2026-02-15T07:00:00Z,AmazonEC2,USEA-BoxUsage:m5.large,RunInstances,us-east-1a,i-06c7aeca485544c83,1.0,4.0,4.0,0.096,0.096,0.091742,0.098084,Hrs,0.096,0.096,Amazon Elastic Compute Cloud,m5.large,2,8 GiB,Linux,us-east-1,AmazonEC2,26.21,42.13,22.75,27,2026-02-10T22:35:46Z,backend,prod,CC400,,,,,,,,,,,,,
8e9fdb4f3fc9460db4cbd9d4fcb470b6,2026-02-15T15:00:00Z/2026-02-15T16:00:00Z,112233445566,2026-02-01T00:00:00Z,2026-03-01T00:00:00Z,AWS,334455667788,Usage,2026-02-15T15:00:00Z,2026-02-15T16:00:00Z,AmazonEC2,USEA-BoxUsage:m5.large,RunInstances,us-east-1a,i-06c7aeca485544c83,1.0,4.0,4.0,0.096,0.096,0.095515,0.095124,Hrs,0.096,0.096,Amazon Elastic Compute Cloud,m5.large,2,8 GiB,Linux,us-east-1,AmazonEC2,35.82,42.42,25.56,68,2026-02-14T08:49:22Z,backend,prod,CC400,,,,,,,,,,,,,
fe26296239044e67a4c6c07ffb236bc4,2026-02-16T00:00:00Z/2026-02-16T01:00:00Z,112233445566,2026-02-01T00:00:00Z,2026-03-01T00:00:00Z,AWS,334455667788,Usage,2026-02-16T00:00:00Z,2026-02-16T01:00:00Z,AmazonEC2,USEA-BoxUsage:m5.large,RunInstances,us-east-1a,i-06c7aeca485544c83,1.0,4.0,4.0,0.096,0.096,0.092742,0.094595,Hrs,0.096,0.096,Amazon Elastic Compute Cloud,m5.large,2,8 GiB,Linux,us-east-1,AmazonEC2,32.27,28.71,39.08,54,2026-02-13T19:21:06Z,backend,prod,CC400,,,,,,,,,,,,,
86b24b11d8204d11badaf7e3c9fb7b23,2026-02-16T18:00:00Z/2026-02-16T19:00:00Z,112233445566,2026-02-01T00:00:00Z,2026-03-01T00:00:00Z,AWS,334455667788,Usage,2026-02-16T18:00:00Z,2026-02-16T19:00:00Z,AmazonEC2,USEA-BoxUsage:m5.large,RunInstances,us-east-1a,i-06c7aeca485544c83,1.0,4.0,4.0,0.096,0.096,0.095228,0.099079,Hrs,0.096,0.096,Amazon Elastic Compute Cloud,m5.large,2,8 GiB,Linux,us-east-1,AmazonEC2,24.33,29.1,23.64,24,2026-02-13T19:56:58Z,backend,prod,CC400,,,,,,,,,,,,,
ae92cb28afd24432802142d0952d51f2,2026-02-17T03:00:00Z/2026-02-17T04:00:00Z,112233445566,2026-02-01T00:00:00Z,2026-03-01T00:00:00Z,AWS,334455667788,Usage,2026-02-17T03:00:00Z,2026-02-17T04:00:00Z,AmazonEC2,USEA-BoxUsage:m5.large,RunInstances,us-east-1a,i-06c7aeca485544c83,1.0,4.0,4.0,0.096,0.096,0.096891,0.09381,Hrs,0.096,0.096,Amazon Elastic Compute Cloud,m5.large,2,8 GiB,Linux,us-east-1,AmazonEC2,36.09,39.14,20.29,40,2026-02-14T19:30:14Z,backend,prod,CC400,,,,,,,,,,,,,
8ac9cb85ab0947d884d95af5f7ee94f1,2026-02-17T12:00:00Z/2026-02-17T13:00:00Z,112233445566,2026-02-01T00:00:00Z,2026-03-01T00:00:00Z,AWS,334455667788,Usage,2026-02-17T12:00:00Z,2026-02-17T13:00:00Z,AmazonEC2,USEA-BoxUsage:m5.large,RunInstances,us-east-1a,i-06c7aeca485544c83,1.0,4.0,4.0,0.096,0.096,0.092603,0.100076,Hrs,0.096,0.096,Amazon Elastic Compute Cloud,m5.large,2,8 GiB,Linux,us-east-1,AmazonEC2,35.93,45.17,41.39,57,2026-02-14T17:19:02Z,backend,prod,CC400,,,,,,,,,,,,,
570f1414e07f4e7bb754c1c23bd7d947,2026-02-17T21:00:00Z/2026-02-17T22:00:00Z,112233445566,2026-02-01T00:00:00Z,2026-03-01T00:00:00Z,AWS,334455667788,Usage,2026-02-17T21:00:00Z,2026-02-17T22:00:00Z,AmazonEC2,USEA-BoxUsage:m5.large,RunInstances,us-east-1a,i-06c7aeca485544c83,1.0,4.0,4.0,0.096,0.096,0.099905,0.091209,Hrs,0.096,0.096,Amazon Elastic Compute Cloud,m5.large,2,8 GiB,Linux,us-east-1,AmazonEC2,40.49,51.34,36.58,50,2026-02-13T13:31:22Z,backend,prod,CC400,,,,,,,,,,,,,
fb8ee54a0a7c44f184d13b852b537066,2026-02-18T06:00:00Z/2026-02-18T07:00:00Z,112233445566,2026-02-01T00:00:00Z,2026-03-01T00:00:00Z,AWS,334455667788,Usage,2026-02-18T06:00:00Z,2026-02-18T07:00:00Z,AmazonEC2,USEA-BoxUsage:m5.large,RunInstances,us-east-1a,i-06c7aeca485544c83,1.0,4.0,4.0,0.096,0.096,0.100083,0.099097,Hrs,0.096,0.096,Amazon Elastic Compute Cloud,m5.large,2,8 GiB,Linux,us-east-1,AmazonEC2,22.14,45.48,38.42,44,2026-02-15T19:45:34Z,backend,prod,CC400,,,,,,,,,,,,,
fbf93f6c169a45c1995a25769a207c3e,2026-02-18T15:00:00Z/2026-02-18T16:00:00Z,112233445566,2026-02-01T00:00:00Z,2026-03-01T00:00:00Z,AWS,334455667788,Usage,2026-02-18T15:00:00Z,2026-02-18T16:00:00Z,AmazonEC2,USEA-BoxUsage:m5.large,RunInstances,us-east-1a,i-06c7aeca485544c83,1.0,4.0,4.0,0.096,0.096,0.093139,0.100197,Hrs,0.096,0.096,Amazon Elastic Compute Cloud,m5.large,2,8 GiB,Linux,us-east-1,AmazonEC2,24.65,29.44,18.54,13,2026-02-17T08:07:09Z,backend,prod,CC400,,,,,,,,,,,,,
054d3abcdd71434ab6bcb28f1037d3d1,2026-02-19T00:00:00Z/2026-02-19T01:00:00Z,112233445566,2026-02-01T00:00:00Z,2026-03-01T00:00:00Z,AWS,334455667788,Usage,2026-02-19T00:00:00Z,2026-02-19T01:00:00Z,AmazonEC2,USEA-BoxUsage:m5.large,RunInstances,us-east-1a,i-06c7aeca485544c83,1.0,4.0,4.0,0.096,0.096,0.097405,0.096354,Hrs,0.096,0.096,Amazon Elastic Compute Cloud,m5.large,2,8 GiB,Linux,us-east-1,AmazonEC2,27.81,31.17,20.77,64,2026-02-16T21:20:47Z,backend,prod,CC400,,,,,,,,,,,,,
e3371c8a882e41c7ad9a75823f3e9006,2026-02-19T09:00:00Z/2026-02-19T10:00:00Z,112233445566,2026-02-01T00:00:00Z,2026-03-01T00:00:00Z,AWS,334455667788,Usage,2026-02-19T09:00:00Z,2026-02-19T10:00:00Z,AmazonEC2,USEA-BoxUsage:m5.large,RunInstances,us-east-1a,i-06c7aeca485544c83,1.0,4.0,4.0,0.096,0.096,0.099309,0.093957,Hrs,0.096,0.096,Amazon Elastic Compute Cloud,m5.large,2,8 GiB,Linux,us-east-1,AmazonEC2,29.95,38.09,19.49,45,2026-02-16T16:45:02Z,backend,prod,CC400,,,,,,,,,,,,,
402b3ba52db940f29e7a748d984a3516,2026-02-19T18:00:00Z/2026-02-19T19:00:00Z,112233445566,2026-02-01T00:00:00Z,2026-03-01T00:00:00Z,AWS,334455667788,Usage,2026-02-19T18:00:00Z,2026-02-19T19:00:00Z,AmazonEC2,USEA-BoxUsage:m5.large,RunInstances,us-east-1a,i-06c7aeca485544c83,1.0,4.0,4.0,0.096,0.096,0.095066,0.093121,Hrs,0.096,0.096,Amazon Elastic Compute Cloud,m5.large,2,8 GiB,Linux,us-east-1,AmazonEC2,28.35,30.67,35.61,52,2026-02-17T07:20:59Z,backend,prod,CC400,,,,,,,,,,,,,
fcc819fad85146b4b62c3be755c39d54,2026-02-20T03:00:00Z/2026-02-20T04:00:00Z,112233445566,2026-02-01T00:00:00Z,2026-03-01T00:00:00Z,AWS,334455667788,Usage,2026-02-20T03:00:00Z,2026-02-20T04:00:00Z,AmazonEC2,USEA-BoxUsage:m5.large,RunInstances,us-east-1a,i-06c7aeca485544c83,1.0,4.0,4.0,0.096,0.096,0.095829,0.097811,Hrs,0.096,0.096,Amazon Elastic Compute Cloud,m5.large,2,8 GiB,Linux,us-east-1,AmazonEC2,29.95,38.4,35.92,70,2026-02-17T12:22:48Z,backend,prod,CC400,,,,,,,,,,,,,
c067cda4ed964d8f91a08b3c56601ce4,2026-02-20T12:00:00Z/2026-02-20T13:00:00Z,112233445566,2026-02-01T00:00:00Z,2026-03-01T00:00:00Z,AWS,334455667788,Usage,2026-02-20T12:00:00Z,2026-02-20T13:00:00Z,AmazonEC2,USEA-BoxUsage:m5.large,RunInstances,us-east-1a,i-06c7aeca485544c83,1.0,4.0,4.0,0.096,0.096,0.095653,0.095626,Hrs,0.096,0.096,Amazon Elastic Compute Cloud,m5.large,2,8 GiB,Linux,us-east-1,AmazonEC2,24.49,44.6,36.76,13,2026-02-16T23:25:41Z,backend,prod,CC400,,,,,,,,,,,,,
6c7aae90bbaf422894efc8ff2f6f2712,2026-02-20T21:00:00Z/2026-02-20T22:00:00Z,112233445566,2026-02-01T00:00:00Z,2026-03-01T00:00:00Z,AWS,334455667788,Usage,2026-02-20T21:00:00Z,2026-02-20T22:00:00Z,AmazonEC2,USEA-BoxUsage:m5.large,RunInstances,us-east-1a,i-06c7aeca485544c83,1.0,4.0,4.0,0.096,0.096,0.096064,0.093584,Hrs,0.096,0.096,Amazon Elastic Compute Cloud,m5.large,2,8 GiB,Linux,us-east-1,AmazonEC2,40.35,31.48,20.88,24,2026-02-18T04:46:07Z,backend,prod,CC400,,,,,,,,,,,,,
bb694fb9fe364826a9cf8edf3acc11c6,2026-02-21T06:00:00Z/2026-02-21T07:00:00Z,112233445566,2026-02-01T00:00:00Z,2026-03-01T00:00:00Z,AWS,334455667788,Usage,2026-02-21T06:00:00Z,2026-02-21T07:00:00Z,AmazonEC2,USEA-BoxUsage:m5.large,RunInstances,us-east-1a,i-06c7aeca485544c83,1.0,4.0,4.0,0.096,0.096,0.091994,0.099089,Hrs,0.096,0.096,Amazon Elastic Compute Cloud,m5.large,2,8 GiB,Linux,us-east-1,AmazonEC2,27.6,31.46,38.09,28,2026-02-17T09:03:24Z,backend,prod,CC400,,,,,,,,,,,,,
ffd3ac09350f4b43abe34a5165dc0026,2026-02-21T15:00:00Z/2026-02-21T16:00:00Z,112233445566,2026-02-01T00:00:00Z,2026-03-01T00:00:00Z,AWS,334455667788,Usage,2026-02-21T15:00:00Z,2026-02-21T16:00:00Z,AmazonEC2,USEA-BoxUsage:m5.large,RunInstances,us-east-1a,i-06c7aeca485544c83,1.0,4.0,4.0,0.096,0.096,0.097963,0.095401,Hrs,0.096,0.096,Amazon Elastic Compute Cloud,m5.large,2,8 GiB,Linux,us-east-1,AmazonEC2,38.6,42.87,36.98,16,2026-02-19T17:21:28Z,backend,prod,CC400,,,,,,,,,,,,,
a7abd7070a5543c5be57bd4de1c00c82,2026-02-22T00:00:00Z/2026-02-22T01:00:00Z,112233445566,2026-02-01T00:00:00Z,2026-03-01T00:00:00Z,AWS,334455667788,Usage,2026-02-22T00:00:00Z,2026-02-22T01:00:00Z,AmazonEC2,USEA-BoxUsage:m5.large,RunInstances,us-east-1a,i-06c7aeca485544c83,1.0,4.0,4.0,0.096,0.096,0.091453,0.092348,Hrs,0.096,0.096,Amazon Elastic Compute Cloud,m5.large,2,8 GiB,Linux,us-east-1,AmazonEC2,35.74,45.66,26.18,48,2026-02-19T20:03:10Z,backend,prod,CC400,,,,,,,,,,,,,
cee51faa29b94bba91905d1e4a2310d6,2026-02-22T09:00:00Z/2026-02-22T10:00:00Z,112233445566,2026-02-01T00:00:00Z,2026-03-01T00:00:00Z,AWS,334455667788,Usage,2026-02-22T09:00:00Z,2026-02-22T10:00:00Z,AmazonEC2,USEA-BoxUsage:m5.large,RunInstances,us-east-1a,i-06c7aeca485544c83,1.0,4.0,4.0,0.096,0.096,0.092272,0.092675,Hrs,0.096,0.096,Amazon Elastic Compute Cloud,m5.large,2,8 GiB,Linux,us-east-1,AmazonEC2,22.07,29.69,28.68,67,2026-02-20T08:45:51Z,backend,prod,CC400,,,,,,,,,,,,,
c7bce9f7f45a4cf6bb354fd4797bf5a1,2026-02-22T18:00:00Z/2026-02-22T19:00:00Z,112233445566,2026-02-01T00:00:00Z,2026-03-01T00:00:00Z,AWS,334455667788,Usage,2026-02-22T18:00:00Z,2026-02-22T19:00:00Z,AmazonEC2,USEA-BoxUsage:m5.large,RunInstances,us-east-1a,i-06c7aeca485544c83,1.0,4.0,4.0,0.096,0.096,0.095976,0.092215,Hrs,0.096,0.096,Amazon Elastic Compute Cloud,m5.large,2,8 GiB,Linux,us-east-1,AmazonEC2,41.02,46.4,23.97,37,2026-02-21T03:45:19Z,backend,prod,CC400,,,,,,,,,,,,,
7fa562e182324bc58eecc1db3a94d776,2026-02-23T03:00:00Z/2026-02-23T04:00:00Z,112233445566,2026-02-01T00:00:00Z,2026-03-01T00:00:00Z,AWS,334455667788,Usage,2026-02-23T03:00:00Z,2026-02-23T04:00:00Z,AmazonEC2,USEA-BoxUsage:m5.large,RunInstances,us-east-1a,i-06c7aeca485544c83,1.0,4.0,4.0,0.096,0.096,0.097329,0.094504,Hrs,0.096,0.096,Amazon Elastic Compute Cloud,m5.large,2,8 GiB,Linux,us-east-1,AmazonEC2,29.91,32.12,39.1,17,2026-02-21T13:47:48Z,backend,prod,CC400,,,,,,,,,,,,,
c770d30daab443bca5ba825ab2bfacdc,2026-02-23T12:00:00Z/2026-02-23T13:00:00Z,112233445566,2026-02-01T00:00:00Z,2026-03-01T00:00:00Z,AWS,334455667788,Usage,2026-02-23T12:00:00Z,2026-02-23T13:00:00Z,AmazonEC2,USEA-BoxUsage:m5.large,RunInstances,us-east-1a,i-06c7aeca485544c83,1.0,4.0,4.0,0.096,0.096,0.093909,0.097515,Hrs,0.096,0.096,Amazon Elastic Compute Cloud,m5.large,2,8 GiB,Linux,us-east-1,AmazonEC2,24.85,39.05,23.45,29,2026-02-21T02:03:39Z,backend,prod,CC400,,,,,,,,,,,,,
275d097c51f146ae980c23f7f8ecec49,2026-02-23T21:00:00Z/2026-02-23T22:00:00Z,112233445566,2026-02-01T00:00:00Z,2026-03-01T00:00:00Z,AWS,334455667788,Usage,2026-02-23T21:00:00Z,2026-02-23T22:00:00Z,AmazonEC2,USEA-BoxUsage:m5.large,RunInstances,us-east-1a,i-06c7aeca485544c83,1.0,4.0,4.0,0.096,0.096,0.091285,0.093998,Hrs,0.096,0.096,Amazon Elastic Compute Cloud,m5.large,2,8 GiB,Linux,us-east-1,AmazonEC2,28.8,34.58,18.95,54,2026-02-20T22:18:18Z,backend,prod,CC400,,,,,,,,,,,,,
0575213599b24b8cb304eab4bc00bb18,2026-02-24T06:00:00Z/2026-02-24T07:00:00Z,112233445566,2026-02-01T00:00:00Z,2026-03-01T00:00:00Z,AWS,334455667788,Usage,2026-02-24T06:00:00Z,2026-02-24T07:00:00Z,AmazonEC2,USEA-BoxUsage:m5.large,RunInstances,us-east-1a,i-06c7aeca485544c83,1.0,4.0,4.0,0.096,0.096,0.096205,0.096794,Hrs,0.096,0.096,Amazon Elastic Compute Cloud,m5.large,2,8 GiB,Linux,us-east-1,AmazonEC2,31.76,35.67,20.37,16,2026-02-21T10:41:49Z,backend,prod,CC400,,,,,,,,,,,,,
f5fd0136018e4d809e4d3e1c18239dee,2026-02-24T15:00:00Z/2026-02-24T16:00:00Z,112233445566,2026-02-01T00:00:00Z,2026-03-01T00:00:00Z,AWS,334455667788,Usage,2026-02-24T15:00:00Z,2026-02-24T16:00:00Z,AmazonEC2,USEA-BoxUsage:m5.large,RunInstances,us-east-1a,i-06c7aeca485544c83,1.0,4.0,4.0,0.096,0.096,0.100532,0.09818,Hrs,0.096,0.096,Amazon Elastic Compute Cloud,m5.large,2,8 GiB,Linux,us-east-1,AmazonEC2,36.44,41.61,35.28,44,2026-02-22T01:23:35Z,backend,prod,CC400,,,,,,,,,,,,,
3bb6552c699c4f98bfde2380c3087f77,2026-02-25T00:00:00Z/2026-02-25T01:00:00Z,112233445566,2026-02-01T00:00:00Z,2026-03-01T00:00:00Z,AWS,334455667788,Usage,2026-02-25T00:00:00Z,2026-02-25T01:00:00Z,AmazonEC2,USEA-BoxUsage:m5.large,RunInstances,us-east-1a,i-06c7aeca485544c83,1.0,4.0,4.0,0.096,0.096,0.098711,0.094458,Hrs,0.096,0.096,Amazon Elastic Compute Cloud,m5.large,2,8 GiB,Linux,us-east-1,AmazonEC2,41.84,46.71,37.46,30,2026-02-21T19:42:15Z,backend,prod,CC400,,,,,,,,,,,,,
51f4e20831c748d8b89e81dc84d81b7b,2026-02-25T09:00:00Z/2026-02-25T10:00:00Z,112233445566,2026-02-01T00:00:00Z,2026-03-01T00:00:00Z,AWS,334455667788,Usage,2026-02-25T09:00:00Z,2026-02-25T10:00:00Z,AmazonEC2,USEA-BoxUsage:m5.large,RunInstances,us-east-1a,i-06c7aeca485544c83,1.0,4.0,4.0,0.096,0.096,0.098838,0.091984,Hrs,0.096,0.096,Amazon Elastic Compute Cloud,m5.large,2,8 GiB,Linux,us-east-1,AmazonEC2,25.23,31.35,24.72,34,2026-02-21T10:34:11Z,backend,prod,CC400,,,,,,,,,,,,,
b54c60fd58df4678964b423ea63845b4,2026-02-25T18:00:00Z/2026-02-25T19:00:00Z,112233445566,2026-02-01T00:00:00Z,2026-03-01T00:00:00Z,AWS,334455667788,Usage,2026-02-25T18:00:00Z,2026-02-25T19:00:00Z,AmazonEC2,USEA-BoxUsage:m5.large,RunInstances,us-east-1a,i-06c7aeca485544c83,1.0,4.0,4.0,0.096,0.096,0.096919,0.094287,Hrs,0.096,0.096,Amazon Elastic Compute Cloud,m5.large,2,8 GiB,Linux,us-east-1,AmazonEC2,40.69,45.15,34.96,18,2026-02-22T05:50:24Z,backend,prod,CC400,,,,,,,,,,,,,
edb712fe12b24e3ebcaa105b2c4761d4,2026-02-26T03:00:00Z/2026-02-26T04:00:00Z,112233445566,2026-02-01T00:00:00Z,2026-03-01T00:00:00Z,AWS,334455667788,Usage,2026-02-26T03:00:00Z,2026-02-26T04:00:00Z,AmazonEC2,USEA-BoxUsage:m5.large,RunInstances,us-east-1a,i-06c7aeca485544c83,1.0,4.0,4.0,0.096,0.096,0.092659,0.096978,Hrs,0.096,0.096,Amazon Elastic Compute Cloud,m5.large,2,8 GiB,Linux,us-east-1,AmazonEC2,29.82,46.41,39.83,63,2026-02-23T16:28:38Z,backend,prod,CC400,,,,,,,,,,,,,
432b6ff3926c4b5fb801446d779dd744,2026-02-26T12:00:00Z/2026-02-26T13:00:00Z,112233445566,2026-02-01T00:00:00Z,2026-03-01T00:00:00Z,AWS,334455667788,Usage,2026-02-26T12:00:00Z,2026-02-26T13:00:00Z,AmazonEC2,USEA-BoxUsage:m5.large,RunInstances,us-east-1a,i-06c7aeca485544c83,1.0,4.0,4.0,0.096,0.096,0.098314,0.0916,Hrs,0.096,0.096,Amazon Elastic Compute Cloud,m5.large,2,8 GiB,Linux,us-east-1,AmazonEC2,35.25,46.73,26.22,28,2026-02-22T04:35:55Z,backend,prod,CC400,,,,,,,,,,,,,
ce6a9ce9283f44a1b61178f0d5bd039e,2026-02-26T21:00:00Z/2026-02-26T22:00:00Z,112233445566,2026-02-01T00:00:00Z,2026-03-01T00:00:00Z,AWS,334455667788,Usage,2026-02-26T21:00:00Z,2026-02-26T22:00:00Z,AmazonEC2,USEA-BoxUsage:m5.large,RunInstances,us-east-1a,i-06c7aeca485544c83,1.0,4.0,4.0,0.096,0.096,0.098439,0.097943,Hrs,0.096,0.096,Amazon Elastic Compute Cloud,m5.large,2,8 GiB,Linux,us-east-1,AmazonEC2,27.23,50.98,38.37,67,2026-02-23T12:40:30Z,backend,prod,CC400,,,,,,,,,,,,,
0d00e3ec0f9a44c7ae69656ec464f3c0,2026-02-27T06:00:00Z/2026-02-27T07:00:00Z,112233445566,2026-02-01T00:00:00Z,2026-03-01T00:00:00Z,AWS,334455667788,Usage,2026-02-27T06:00:00Z,2026-02-27T07:00:00Z,AmazonEC2,USEA-BoxUsage:m5.large,RunInstances,us-east-1a,i-06c7aeca485544c83,1.0,4.0,4.0,0.096,0.096,0.094827,0.093037,Hrs,0.096,0.096,Amazon Elastic Compute Cloud,m5.large,2,8 GiB,Linux,us-east-1,AmazonEC2,27.3,33.93,19.22,53,2026-02-24T01:21:54Z,backend,prod,CC400,,,,,,,,,,,,,
ee0d0192904940c3b4b13377ae86aff0,2026-02-27T15:00:00Z/2026-02-27T16:00:00Z,112233445566,2026-02-01T00:00:00Z,2026-03-01T00:00:00Z,AWS,334455667788,Usage,2026-02-27T15:00:00Z,2026-02-27T16:00:00Z,AmazonEC2,USEA-BoxUsage:m5.large,RunInstances,us-east-1a,i-06c7aeca485544c83,1.0,4.0,4.0,0.096,0.096,0.099545,0.095087,Hrs,0.096,0.096,Amazon Elastic Compute Cloud,m5.large,2,8 GiB,Linux,us-east-1,AmazonEC2,35.7,50.1,18.61,70,2026-02-25T19:45:48Z,backend,prod,CC400,,,,,,,,,,,,,
61ca9b3b252546f1aece2e7686f808e4,2026-02-01T00:00:00Z/2026-02-01T01:00:00Z,112233445566,2026-02-01T00:00:00Z,2026-03-01T00:00:00Z,AWS,334455667788,Usage,2026-02-01T00:00:00Z,2026-02-01T01:00:00Z,AmazonEC2,USEA-BoxUsage:m5.xlarge,RunInstances,us-east-1c,i-0d09935cef598497b,1.0,8.0,8.0,0.192,0.192,0.194569,0.184465,Hrs,0.192,0.192,Amazon Elastic Compute Cloud,m5.xlarge,4,16 GiB,Linux,us-east-1,AmazonEC2,32.74,34.92,29.08,12,2026-01-28T09:50:00Z,backend,prod,CC400,,,,,,,,,,,,,
dd9519131ef24c098859f1be5ef1ae84,2026-02-01T09:00:00Z/2026-02-01T10:00:00Z,112233445566,2026-02-01T00:00:00Z,2026-03-01T00:00:00Z,AWS,334455667788,Usage,2026-02-01T09:00:00Z,2026-02-01T10:00:00Z,AmazonEC2,USEA-BoxUsage:m5.xlarge,RunInstances,us-east-1c,i-0d09935cef598497b,1.0,8.0,8.0,0.192,0.192,0.185008,0.199266,Hrs,0.192,0.192,Amazon Elastic Compute Cloud,m5.xlarge,4,16 GiB,Linux,us-east-1,AmazonEC2,30.41,43.85,40.14,16,2026-01-27T20:51:27Z,backend,prod,CC400,,,,,,,,,,,,,
97affc1f5dfd4b59a3d233160ed4d32b,2026-02-01T18:00:00Z/2026-02-01T19:00:00Z,112233445566,2026-02-01T00:00:00Z,2026-03-01T00:00:00Z,AWS,334455667788,Usage,2026-02-01T18:00:00Z,2026-02-01T19:00:00Z,AmazonEC2,USEA-BoxUsage:m5.xlarge,RunInstances,us-east-1c,i-0d09935cef598497b,1.0,8.0,8.0,0.192,0.192,0.196052,0.191189,Hrs,0.192,0.192,Amazon Elastic Compute Cloud,m5.xlarge,4,16 GiB,Linux,us-east-1,AmazonEC2,31.24,44.62,29.51,53,2026-01-28T20:55:59Z,backend,prod,CC400,,,,,,,,,,,,,
5686f73c38134109a36a2307b55c055d,2026-02-02T03:00:00Z/2026-02-02T04:00:00Z,112233445566,2026-02-01T00:00:00Z,2026-03-01T00:00:00Z,AWS,334455667788,Usage,2026-02-02T03:00:00Z,2026-02-02T04:00:00Z,AmazonEC2,USEA-BoxUsage:m5.xlarge,RunInstances,us-east-1c,i-0d09935cef598497b,1.0,8.0,8.0,0.192,0.192,0.195441,0.198662,Hrs,0.192,0.192,Amazon Elastic Compute Cloud,m5.xlarge,4,16 GiB,Linux,us-east-1,AmazonEC2,40.13,40.6,19.7,55,2026-01-28T20:37:52Z,backend,prod,CC400,,,,,,,,,,,,,
e25cf26f25a4453190a9326c8660f588,2026-02-02T12:00:00Z/2026-02-02T13:00:00Z,112233445566,2026-02-01T00:00:00Z,2026-03-01T00:00:00Z,AWS,334455667788,Usage,2026-02-02T12:00:00Z,2026-02-02T13:00:00Z,AmazonEC2,USEA-BoxUsage:m5.xlarge,RunInstances,us-east-1c,i-0d09935cef598497b,1.0,8.0,8.0,0.192,0.192,0.187689,0.194607,Hrs,0.192,0.192,Amazon Elastic Compute Cloud,m5.xlarge,4,16 GiB,Linux,us-east-1,AmazonEC2,41.86,45.48,21.71,68,2026-01-30T21:55:18Z,backend,prod,CC400,,,,,,,,,,,,,
a1b0cb96163342abb6db10fb69b4ba91,2026-02-02T21:00:00Z/2026-02-02T22:00:00Z,112233445566,2026-02-01T00:00:00Z,2026-03-01T00:00:00Z,AWS,334455667788,Usage,2026-02-02T21:00:00Z,2026-02-02T22:00:00Z,AmazonEC2,USEA-BoxUsage:m5.xlarge,RunInstances,us-east-1c,i-0d09935cef598497b,1.0,8.0,8.0,0.192,0.192,0.197772,0.184945,Hrs,0.192,0.192,Amazon Elastic Compute Cloud,m5.xlarge,4,16 GiB,Linux,us-east-1,AmazonEC2,28.6,35.47,31.48,60,2026-01-30T17:30:20Z,backend,prod,CC400,,,,,,,,,,,,,
e37d3a6f443442c09ddc87240d7f9b98,2026-02-03T06:00:00Z/2026-02-03T07:00:00Z,112233445566,2026-02-01T00:00:00Z,2026-03-01T00:00:00Z,AWS,334455667788,Usage,2026-02-03T06:00:00Z,2026-02-03T07:00:00Z,AmazonEC2,USEA-BoxUsage:m5.xlarge,RunInstances,us-east-1c,i-0d09935cef598497b,1.0,8.0,8.0,0.192,0.192,0.200513,0.190409,Hrs,0.192,0.192,Amazon Elastic Compute Cloud,m5.xlarge,4,16 GiB,Linux,us-east-1,AmazonEC2,24.69,43.39,25.66,67,2026-01-30T05:39:15Z,backend,prod,CC400,,,,,,,,,,,,,
e00f773ea5c541c197023952c3df1918,2026-02-03T15:00:00Z/2026-02-03T16:00:00Z,112233445566,2026-02-01T00:00:00Z,2026-03-01T00:00:00Z,AWS,334455667788,Usage,2026-02-03T15:00:00Z,2026-02-03T16:00:00Z,AmazonEC2,USEA-BoxUsage:m5.xlarge,RunInstances,us-east-1c,i-0d09935cef598497b,1.0,8.0,8.0,0.192,0.192,0.192918,0.186523,Hrs,0.192,0.192,Amazon Elastic Compute Cloud,m5.xlarge,4,16 GiB,Linux,us-east-1,AmazonEC2,25.73,30.3,32.8,40,2026-01-31T18:39:40Z,backend,prod,CC400,,,,,,,,,,,,,
f209d58f5d714ddf9622ebd1ee678d8a,2026-02-04T00:00:00Z/2026-02-04T01:00:00Z,112233445566,2026-02-01T00:00:00Z,2026-03-01T00:00:00Z,AWS,334455667788,Usage,2026-02-04T00:00:00Z,2026-02-04T01:00:00Z,AmazonEC2,USEA-BoxUsage:m5.xlarge,RunInstances,us-east-1c,i-0d09935cef598497b,1.0,8.0,8.0,0.192,0.192,0.198052,0.189211,Hrs,0.192,0.192,Amazon Elastic Compute Cloud,m5.xlarge,4,16 GiB,Linux,us-east-1,AmazonEC2,40.5,33.32,33.75,22,2026-01-30T12:31:58Z,backend,prod,CC400,,,,,,,,,,,,,
3d2788951d8d45dd914bd118ffd08fc3,2026-02-04T09:00:00Z/2026-02-04T10:00:00Z,112233445566,2026-02-01T00:00:00Z,2026-03-01T00:00:00Z,AWS,334455667788,Usage,2026-02-04T09:00:00Z,2026-02-04T10:00:00Z,AmazonEC2,USEA-BoxUsage:m5.xlarge,RunInstances,us-east-1c,i-0d09935cef598497b,1.0,8.0,8.0,0.192,0.192,0.197701,0.196841,Hrs,0.192,0.192,Amazon Elastic Compute Cloud,m5.xlarge,4,16 GiB,Linux,us-east-1,AmazonEC2,27.83,37.15,32.39,64,2026-01-31T21:49:04Z,backend,prod,CC400,,,,,,,,,,,,,
0b0a9de90e43473db2feedf3d52d2409,2026-02-04T18:00:00Z/2026-02-04T19:00:00Z,112233445566,2026-02-01T00:00:00Z,2026-03-01T00:00:00Z,AWS,334455667788,Usage,2026-02-04T18:00:00Z,2026-02-04T19:00:00Z,AmazonEC2,USEA-BoxUsage:m5.xlarge,RunInstances,us-east-1c,i-0d09935cef598497b,1.0,8.0,8.0,0.192,0.192,0.197061,0.185731,Hrs,0.192,0.192,Amazon Elastic Compute Cloud,m5.xlarge,4,16 GiB,Linux,us-east-1,AmazonEC2,36.09,31.16,36.8,56,2026-02-01T16:03:17Z,backend,prod,CC400,,,,,,,,,,,,,
8321061514b2494ea6da4fbd03f79a47,2026-02-05T03:00:00Z/2026-02-05T04:00:00Z,112233445566,2026-02-01T00:00:00Z,2026-03-01T00:00:00Z,AWS,334455667788,Usage,2026-02-05T03:00:00Z,2026-02-05T04:00:00Z,AmazonEC2,USEA-BoxUsage:m5.xlarge,RunInstances,us-east-1c,i-0d09935cef598497b,1.0,8.0,8.0,0.192,0.192,0.191266,0.200205,Hrs,0.192,0.192,Amazon Elastic Compute Cloud,m5.xlarge,4,16 GiB,Linux,us-east-1,AmazonEC2,34.36,51.82,37.73,34,2026-01-31T18:00:13Z,backend,prod,CC400,,,,,,,,,,,,,
08e76172aeca4b63b4a9887e1a7908ed,2026-02-05T12:00:00Z/2026-02-05T13:00:00Z,112233445566,2026-02-01T00:00:00Z,2026-03-01T00:00:00Z,AWS,334455667788,Usage,2026-02-05T12:00:00Z,2026-02-05T13:00:00Z,AmazonEC2,USEA-BoxUsage:m5.xlarge,RunInstances,us-east-1c,i-0d09935cef598497b,1.0,8.0,8.0,0.192,0.192,0.195807,0.188249,Hrs,0.192,0.192,Amazon Elastic Compute Cloud,m5.xlarge,4,16 GiB,Linux,us-east-1,AmazonEC2,24.86,35.55,35.08,32,2026-02-01T07:34:01Z,backend,prod,CC400,,,,,,,,,,,,,
4c786143b5dc4b01a800a0e227cc09b9,2026-02-05T21:00:00Z/2026-02-05T22:00:00Z,112233445566,2026-02-01T00:00:00Z,2026-03-01T00:00:00Z,AWS,334455667788,Usage,2026-02-05T21:00:00Z,2026-02-05T22:00:00Z,AmazonEC2,USEA-BoxUsage:m5.xlarge,RunInstances,us-east-1c,i-0d09935cef598497b,1.0,8.0,8.0,0.192,0.192,0.183015,0.193179,Hrs,0.192,0.192,Amazon Elastic Compute Cloud,m5.xlarge,4,16 GiB,Linux,us-east-1,AmazonEC2,41.92,45.22,19.51,62,2026-02-04T01:54:19Z,backend,prod,CC400,,,,,,,,,,,,,
6ea176264f6b44588464fea37bda3fc2,2026-02-06T06:00:00Z/2026-02-06T07:00:00Z,112233445566,2026-02-01T00:00:00Z,2026-03-01T00:00:00Z,AWS,334455667788,Usage,2026-02-06T06:00:00Z,2026-02-06T07:00:00Z,AmazonEC2,USEA-BoxUsage:m5.xlarge,RunInstances,us-east-1c,i-0d09935cef598497b,1.0,8.0,8.0,0.192,0.192,0.195618,0.186689,Hrs,0.192,0.192,Amazon Elastic Compute Cloud,m5.xlarge,4,16 GiB,Linux,us-east-1,AmazonEC2,28.49,31.36,33.9,33,2026-02-02T04:54:53Z,backend,prod,CC400,,,,,,,,,,,,,
95140129e5a44ad395aa3252659469ec,2026-02-06T15:00:00Z/2026-02-06T16:00:00Z,112233445566,2026-02-01T00:00:00Z,2026-03-01T00:00:00Z,AWS,334455667788,Usage,2026-02-06T15:00:00Z,2026-02-06T16:00:00Z,AmazonEC2,USEA-BoxUsage:m5.xlarge,RunInstances,us-east-1c,i-0d09935cef598497b,1.0,8.0,8.0,0.192,0.192,0.18787,0.183594,Hrs,0.192,0.192,Amazon Elastic Compute Cloud,m5.xlarge,4,16 GiB,Linux,us-east-1,AmazonEC2,27.34,43.51,30.34,49,2026-02-03T12:41:06Z,backend,prod,CC400,,,,,,,,,,,,,
45f75e533ada4d6e86b2fee28579d5c8,2026-02-07T00:00:00Z/2026-02-07T01:00:00Z,112233445566,2026-02-01T00:00:00Z,2026-03-01T00:00:00Z,AWS,334455667788,Usage,2026-02-07T00:00:00Z,2026-02-07T01:00:00Z,AmazonEC2,USEA-BoxUsage:m5.xlarge,RunInstances,us-east-1c,i-0d09935cef598497b,1.0,8.0,8.0,0.192,0.192,0.200918,0.198075,Hrs,0.192,0.192,Amazon Elastic Compute Cloud,m5.xlarge,4,16 GiB,Linux,us-east-1,AmazonEC2,25.07,35.83,41.54,63,2026-02-05T10:22:43Z,backend,prod,CC400,,,,,,,,,,,,,
bc8afa56d8134db5a5ef5db33e01c56e,2026-02-07T09:00:00Z/2026-02-07T10:00:00Z,112233445566,2026-02-01T00:00:00Z,2026-03-01T00:00:00Z,AWS,334455667788,Usage,2026-02-07T09:00:00Z,2026-02-07T10:00:00Z,AmazonEC2,USEA-BoxUsage:m5.xlarge,RunInstances,us-east-1c,i-0d09935cef598497b,1.0,8.0,8.0,0.192,0.192,0.188317,0.195933,Hrs,0.192,0.192,Amazon Elastic Compute Cloud,m5.xlarge,4,16 GiB,Linux,us-east-1,AmazonEC2,35.42,46.55,31.29,13,2026-02-06T00:12:23Z,backend,prod,CC400,,,,,,,,,,,,,
db203170b5274eb1a23cc1bcaa745484,2026-02-07T18:00:00Z/2026-02-07T19:00:00Z,112233445566,2026-02-01T00:00:00Z,2026-03-01T00:00:00Z,AWS,334455667788,Usage,2026-02-07T18:00:00Z,2026-02-07T19:00:00Z,AmazonEC2,USEA-BoxUsage:m5.xlarge,RunInstances,us-east-1c,i-0d09935cef598497b,1.0,8.0,8.0,0.192,0.192,0.189819,0.190508,Hrs,0.192,0.192,Amazon Elastic Compute Cloud,m5.xlarge,4,16 GiB,Linux,us-east-1,AmazonEC2,31.83,33.23,22.27,44,2026-02-03T18:25:04Z,backend,prod,CC400,,,,,,,,,,,,,
d61bd7030645495d94492dda1d68bed9,2026-02-08T03:00:00Z/2026-02-08T04:00:00Z,112233445566,2026-02-01T00:00:00Z,2026-03-01T00:00:00Z,AWS,334455667788,Usage,2026-02-08T03:00:00Z,2026-02-08T04:00:00Z,AmazonEC2,USEA-BoxUsage:m5.xlarge,RunInstances,us-east-1c,i-0d09935cef598497b,1.0,8.0,8.0,0.192,0.192,0.182902,0.200865,Hrs,0.192,0.192,Amazon Elastic Compute Cloud,m5.xlarge,4,16 GiB,Linux,us-east-1,AmazonEC2,26.2,38.28,25.64,27,2026-02-04T15:44:49Z,backend,prod,CC400,,,,,,,,,,,,,
73ad0b1fa7644aeeaaf693a4a6937de1,2026-02-08T12:00:00Z/2026-02-08T13:00:00Z,112233445566,2026-02-01T00:00:00Z,2026-03-01T00:00:00Z,AWS,334455667788,Usage,2026-02-08T12:00:00Z,2026-02-08T13:00:00Z,AmazonEC2,USEA-BoxUsage:m5.xlarge,RunInstances,us-east-1c,i-0d09935cef598497b,1.0,8.0,8.0,0.192,0.192,0.199348,0.189614,Hrs,0.192,0.192,Amazon Elastic Compute Cloud,m5.xlarge,4,16 GiB,Linux,us-east-1,AmazonEC2,39.38,28.84,22.16,18,2026-02-05T15:15:00Z,backend,prod,CC400,,,,,,,,,,,,,
9d1e13be7b1b4a98b75d07b48598213d,2026-02-08T21:00:00Z/2026-02-08T22:00:00Z,112233445566,2026-02-01T00:00:00Z,2026-03-01T00:00:00Z,AWS,334455667788,Usage,2026-02-08T21:00:00Z,2026-02-08T22:00:00Z,AmazonEC2,USEA-BoxUsage:m5.xlarge,RunInstances,us-east-1c,i-0d09935cef598497b,1.0,8.0,8.0,0.192,0.192,0.18942,0.185947,Hrs,0.192,0.192,Amazon Elastic Compute Cloud,m5.xlarge,4,16 GiB,Linux,us-east-1,AmazonEC2,40.1,34.9,34.06,24,2026-02-06T21:11:03Z,backend,prod,CC400,,,,,,,,,,,,,
d2db45164945462883b0734747246374,2026-02-09T06:00:00Z/2026-02-09T07:00:00Z,112233445566,2026-02-01T00:00:00Z,2026-03-01T00:00:00Z,AWS,334455667788,Usage,2026-02-09T06:00:00Z,2026-02-09T07:00:00Z,AmazonEC2,USEA-BoxUsage:m5.xlarge,RunInstances,us-east-1c,i-0d09935cef598497b,1.0,8.0,8.0,0.192,0.192,0.19606,0.196508,Hrs,0.192,0.192,Amazon Elastic Compute Cloud,m5.xlarge,4,16 GiB,Linux,us-east-1,AmazonEC2,37.65,50.46,23.49,41,2026-02-05T11:04:13Z,backend,prod,CC400,,,,,,,,,,,,,
3bd680176a7c4b4682c62d0485dc79f2,2026-02-09T15:00:00Z/2026-02-09T16:00:00Z,112233445566,2026-02-01T00:00:00Z,2026-03-01T00:00:00Z,AWS,334455667788,Usage,2026-02-09T15:00:00Z,2026-02-09T16:00:00Z,AmazonEC2,USEA-BoxUsage:m5.xlarge,RunInstances,us-east-1c,i-0d09935cef598497b,1.0,8.0,8.0,0.192,0.192,0.190857,0.185766,Hrs,0.192,0.192,Amazon Elastic Compute Cloud,m5.xlarge,4,16 GiB,Linux,us-east-1,AmazonEC2,25.29,28.25,40.03,27,2026-02-05T15:12:09Z,backend,prod,CC400,,,,,,,,,,,,,
21efb196b0c74abea7e9fe8d2d8f05e2,2026-02-10T00:00:00Z/2026-02-10T01:00:00Z,112233445566,2026-02-01T00:00:00Z,2026-03-01T00:00:00Z,AWS,334455667788,Usage,2026-02-10T00:00:00Z,2026-02-10T01:00:00Z,AmazonEC2,USEA-BoxUsage:m5.xlarge,RunInstances,us-east-1c,i-0d09935cef598497b,1.0,8.0,8.0,0.192,0.192,0.185788,0.1953,Hrs,0.192,0.192,Amazon Elastic Compute Cloud,m5.xlarge,4,16 GiB,Linux,us-east-1,AmazonEC2,35.19,51.33,33.19,41,2026-02-07T12:28:35Z,backend,prod,CC400,,,,,,,,,,,,,
28324ec3d6c54ba683d8f8fd9740fe4c,2026-02-10T09:00:00Z/2026-02-10T10:00:00Z,112233445566,2026-02-01T00:00:00Z,2026-03-01T00:00:00Z,AWS,334455667788,Usage,2026-02-10T09:00:00Z,2026-02-10T10:00:00Z,AmazonEC2,USEA-BoxUsage:m5.xlarge,RunInstances,us-east-1c,i-0d09935cef598497b,1.0,8.0,8.0,0.192,0.192,0.18987,0.191379,Hrs,0.192,0.192,Amazon Elastic Compute Cloud,m5.xlarge,4,16 GiB,Linux,us-east-1,AmazonEC2,27.72,46.72,25.2,30,2026-02-08T21:06:02Z,backend,prod,CC400,,,,,,,,,,,,,
f00cf31fa4e84edfbb9b6fd2fd3e88cb,2026-02-10T18:00:00Z/2026-02-10T19:00:00Z,112233445566,2026-02-01T00:00:00Z,2026-03-01T00:00:00Z,AWS,334455667788,Usage,2026-02-10T18:00:00Z,2026-02-10T19:00:00Z,AmazonEC2,USEA-BoxUsage:m5.xlarge,RunInstances,us-east-1c,i-0d09935cef598497b,1.0,8.0,8.0,0.192,0.192,0.187757,0.183386,Hrs,0.192,0.192,Amazon Elastic Compute Cloud,m5.xlarge,4,16 GiB,Linux,us-east-1,AmazonEC2,40.48,29.97,36.2,42,2026-02-07T01:07:42Z,backend,prod,CC400,,,,,,,,,,,,,
6e6a6f8899d44c569d7a34df4887aaa8,2026-02-11T12:00:00Z/2026-02-11T13:00:00Z,112233445566,2026-02-01T00:00:00Z,2026-03-01T00:00:00Z,AWS,334455667788,Usage,2026-02-11T12:00:00Z,2026-02-11T13:00:00Z,AmazonEC2,USEA-BoxUsage:m5.xlarge,RunInstances,us-east-1c,i-0d09935cef598497b,1.0,8.0,8.0,0.192,0.192,0.191581,0.195187,Hrs,0.192,0.192,Amazon Elastic Compute Cloud,m5.xlarge,4,16 GiB,Linux,us-east-1,AmazonEC2,31.86,41.72,30.86,16,2026-02-09T04:41:39Z,backend,prod,CC400,,,,,,,,,,,,,
10aa48a5967042289bbbd1ca33211c10,2026-02-11T21:00:00Z/2026-02-11T22:00:00Z,112233445566,2026-02-01T00:00:00Z,2026-03-01T00:00:00Z,AWS,334455667788,Usage,2026-02-11T21:00:00Z,2026-02-11T22:00:00Z,AmazonEC2,USEA-BoxUsage:m5.xlarge,RunInstances,us-east-1c,i-0d09935cef598497b,1.0,8.0,8.0,0.192,0.192,0.192135,0.184239,Hrs,0.192,0.192,Amazon Elastic Compute Cloud,m5.xlarge,4,16 GiB,Linux,us-east-1,AmazonEC2,33.37,37.24,35.03,16,2026-02-09T20:14:32Z,backend,prod,CC400,,,,,,,,,,,,,
ceda0ed3857347ca8d0f4db6d16b8a46,2026-02-12T06:00:00Z/2026-02-12T07:00:00Z,112233445566,2026-02-01T00:00:00Z,2026-03-01T00:00:00Z,AWS,334455667788,Usage,2026-02-12T06:00:00Z,2026-02-12T07:00:00Z,AmazonEC2,USEA-BoxUsage:m5.xlarge,RunInstances,us-east-1c,i-0d09935cef598497b,1.0,8.0,8.0,0.192,0.192,0.185499,0.199285,Hrs,0.192,0.192,Amazon Elastic Compute Cloud,m5.xlarge,4,16 GiB,Linux,us-east-1,AmazonEC2,34.25,42.13,38.01,29,2026-02-07T22:46:03Z,backend,prod,CC400,,,,,,,,,,,,,
2ec26273066346c3823f54b243fee70f,2026-02-12T15:00:00Z/2026-02-12T16:00:00Z,112233445566,2026-02-01T00:00:00Z,2026-03-01T00:00:00Z,AWS,334455667788,Usage,2026-02-12T15:00:00Z,2026-02-12T16:00:00Z,AmazonEC2,USEA-BoxUsage:m5.xlarge,RunInstances,us-east-1c,i-0d09935cef598497b,1.0,8.0,8.0,0.192,0.192,0.195106,0.197322,Hrs,0.192,0.192,Amazon Elastic Compute Cloud,m5.xlarge,4,16 GiB,Linux,us-east-1,AmazonEC2,38.73,29.83,36.52,68,2026-02-10T20:05:21Z,backend,prod,CC400,,,,,,,,,,,,,
7df26d0ce57c4e3e8de1534a068546cf,2026-02-13T09:00:00Z/2026-02-13T10:00:00Z,112233445566,2026-02-01T00:00:00Z,2026-03-01T00:00:00Z,AWS,334455667788,Usage,2026-02-13T09:00:00Z,2026-02-13T10:00:00Z,AmazonEC2,USEA-BoxUsage:m5.xlarge,RunInstances,us-east-1c,i-0d09935cef598497b,1.0,8.0,8.0,0.192,0.192,0.199079,0.183088,Hrs,0.192,0.192,Amazon Elastic Compute Cloud,m5.xlarge,4,16 GiB,Linux,us-east-1,AmazonEC2,29.18,39.53,21.37,42,2026-02-10T06:10:12Z,backend,prod,CC400,,,,,,,,,,,,,
03e62e1138834ad7867bf03c69738623,2026-02-13T18:00:00Z/2026-02-13T19:00:00Z,112233445566,2026-02-01T00:00:00Z,2026-03-01T00:00:00Z,AWS,334455667788,Usage,2026-02-13T18:00:00Z,2026-02-13T19:00:00Z,AmazonEC2,USEA-BoxUsage:m5.xlarge,RunInstances,us-east-1c,i-0d09935cef598497b,1.0,8.0,8.0,0.192,0.192,0.189359,0.182405,Hrs,0.192,0.192,Amazon Elastic Compute Cloud,m5.xlarge,4,16 GiB,Linux,us-east-1,AmazonEC2,25.66,41.66,21.2,17,2026-02-09T19:11:40Z,backend,prod,CC400,,,,,,,,,,,,,
c61bd39b09194ca0b684907940492c52,2026-02-14T03:00:00Z/2026-02-14T04:00:00Z,112233445566,2026-02-01T00:00:00Z,2026-03-01T00:00:00Z,AWS,334455667788,Usage,2026-02-14T03:00:00Z,2026-02-14T04:00:00Z,AmazonEC2,USEA-BoxUsage:m5.xlarge,RunInstances,us-east-1c,i-0d09935cef598497b,1.0,8.0,8.0,0.192,0.192,0.191973,0.189957,Hrs,0.192,0.192,Amazon Elastic Compute Cloud,m5.xlarge,4,16 GiB,Linux,us-east-1,AmazonEC2,34.93,32.87,24.73,22,2026-02-10T16:15:10Z,backend,prod,CC400,,,,,,,,,,,,,
f607c8ac9d85483c9f959bb3c3b7204c,2026-02-14T12:00:00Z/2026-02-14T13:00:00Z,112233445566,2026-02-01T00:00:00Z,2026-03-01T00:00:00Z,AWS,334455667788,Usage,2026-02-14T12:00:00Z,2026-02-14T13:00:00Z,AmazonEC2,USEA-BoxUsage:m5.xlarge,RunInstances,us-east-1c,i-0d09935cef598497b,1.0,8.0,8.0,0.192,0.192,0.18683,0.188146,Hrs,0.192,0.192,Amazon Elastic Compute Cloud,m5.xlarge,4,16 GiB,Linux,us-east-1,AmazonEC2,26.19,31.01,33.34,24,2026-02-10T11:52:39Z,backend,prod,CC400,,,,,,,,,,,,,
12899c190e7f4b5bb88f0b60423fc43e,2026-02-14T21:00:00Z/2026-02-14T22:00:00Z,112233445566,2026-02-01T00:00:00Z,2026-03-01T00:00:00Z,AWS,334455667788,Usage,2026-02-14T21:00:00Z,2026-02-14T22:00:00Z,AmazonEC2,USEA-BoxUsage:m5.xlarge,RunInstances,us-east-1c,i-0d09935cef598497b,1.0,8.0,8.0,0.192,0.192,0.18933,0.184212,Hrs,0.192,0.192,Amazon Elastic Compute Cloud,m5.xlarge,4,16 GiB,Linux,us-east-1,AmazonEC2,33.66,28.44,28.17,27,2026-02-10T16:54:33Z,backend,prod,CC400,,,,,,,,,,,,,
63d8f2ecbef94da89c333ebecd84dd38,2026-02-15T06:00:00Z/2026-02-15T07:00:00Z,112233445566,2026-02-01T00:00:00Z,2026-03-01T00:00:00Z,AWS,334455667788,Usage,2026-02-15T06:00:00Z,2026-02-15T07:00:00Z,AmazonEC2,USEA-BoxUsage:m5.xlarge,RunInstances,us-east-1c,i-0d09935cef598497b,1.0,8.0,8.0,0.192,0.192,0.194163,0.189342,Hrs,0.192,0.192,Amazon Elastic Compute Cloud,m5.xlarge,4,16 GiB,Linux,us-east-1,AmazonEC2,27.57,34.11,40.11,48,2026-02-11T19:21:41Z,backend,prod,CC400,,,,,,,,,,,,,
470e03cd198a4f208d3ad367f5e5c9a2,2026-02-15T15:00:00Z/2026-02-15T16:00:00Z,112233445566,2026-02-01T00:00:00Z,2026-03-01T00:00:00Z,AWS,334455667788,Usage,2026-02-15T15:00:00Z,2026-02-15T16:00:00Z,AmazonEC2,USEA-BoxUsage:m5.xlarge,RunInstances,us-east-1c,i-0d09935cef598497b,1.0,8.0,8.0,0.192,0.192,0.193636,0.18465,Hrs,0.192,0.192,Amazon Elastic Compute Cloud,m5.xlarge,4,16 GiB,Linux,us-east-1,AmazonEC2,29.47,37.95,28.79,50,2026-02-13T01:26:48Z,backend,prod,CC400,,,,,,,,,,,,,
9ae20d27102f40deb118bb590db5ccf0,2026-02-16T00:00:00Z/2026-02-16T01:00:00Z,112233445566,2026-02-01T00:00:00Z,2026-03-01T00:00:00Z,AWS,334455667788,Usage,2026-02-16T00:00:00Z,2026-02-16T01:00:00Z,AmazonEC2,USEA-BoxUsage:m5.xlarge,RunInstances,us-east-1c,i-0d09935cef598497b,1.0,8.0,8.0,0.192,0.192,0.183282,0.194289,Hrs,0.192,0.192,Amazon Elastic Compute Cloud,m5.xlarge,4,16 GiB,Linux,us-east-1,AmazonEC2,37.22,34.53,38.67,63,2026-02-13T13:24:28Z,backend,prod,CC400,,,,,,,,,,,,,
e413b2dfb5004b39990a457cce696b05,2026-02-16T09:00:00Z/2026-02-16T10:00:00Z,112233445566,2026-02-01T00:00:00Z,2026-03-01T00:00:00Z,AWS,334455667788,Usage,2026-02-16T09:00:00Z,2026-02-16T10:00:00Z,AmazonEC2,USEA-BoxUsage:m5.xlarge,RunInstances,us-east-1c,i-0d09935cef598497b,1.0,8.0,8.0,0.192,0.192,0.201063,0.195263,Hrs,0.192,0.192,Amazon Elastic Compute Cloud,m5.xlarge,4,16 GiB,Linux,us-east-1,AmazonEC2,29.57,30.93,23.56,53,2026-02-13T10:47:50Z,backend,prod,CC400,,,,,,,,,,,,,
149e84182a1a4fc59f55201b7966a956,2026-02-16T18:00:00Z/2026-02-16T19:00:00Z,112233445566,2026-02-01T00:00:00Z,2026-03-01T00:00:00Z,AWS,334455667788,Usage,2026-02-16T18:00:00Z,2026-02-16T19:00:00Z,AmazonEC2,USEA-BoxUsage:m5.xlarge,RunInstances,us-east-1c,i-0d09935cef598497b,1.0,8.0,8.0,0.192,0.192,0.196986,0.20095,Hrs,0.192,0.192,Amazon Elastic Compute Cloud,m5.xlarge,4,16 GiB,Linux,us-east-1,AmazonEC2,24.39,39.93,27.93,39,2026-02-12T06:38:02Z,backend,prod,CC400,,,,,,,,,,,,,
35685f2b2b8d473f87bd490512c8f5ae,2026-02-17T03:00:00Z/2026-02-17T04:00:00Z,112233445566,2026-02-01T00:00:00Z,2026-03-01T00:00:00Z,AWS,334455667788,Usage,2026-02-17T03:00:00Z,2026-02-17T04:00:00Z,AmazonEC2,USEA-BoxUsage:m5.xlarge,RunInstances,us-east-1c,i-0d09935cef598497b,1.0,8.0,8.0,0.192,0.192,0.183732,0.193784,Hrs,0.192,0.192,Amazon Elastic Compute Cloud,m5.xlarge,4,16 GiB,Linux,us-east-1,AmazonEC2,32.34,33.64,26.29,55,2026-02-15T10:44:36Z,backend,prod,CC400,,,,,,,,,,,,,
1b4afac3bf6346afaca05b2767366836,2026-02-17T12:00:00Z/2026-02-17T13:00:00Z,112233445566,2026-02-01T00:00:00Z,2026-03-01T00:00:00Z,AWS,334455667788,Usage,2026-02-17T12:00:00Z,2026-02-17T13:00:00Z,AmazonEC2,USEA-BoxUsage:m5.xlarge,RunInstances,us-east-1c,i-0d09935cef598497b,1.0,8.0,8.0,0.192,0.192,0.201481,0.194674,Hrs,0.192,0.192,Amazon Elastic Compute Cloud,m5.xlarge,4,16 GiB,Linux,us-east-1,AmazonEC2,37.77,40.8,41.28,51,2026-02-15T09:57:31Z,backend,prod,CC400,,,,,,,,,,,,,
95af8946898e457bbc2333ebc658e205,2026-02-17T21:00:00Z/2026-02-17T22:00:00Z,112233445566,2026-02-01T00:00:00Z,2026-03-01T00:00:00Z,AWS,334455667788,Usage,2026-02-17T21:00:00Z,2026-02-17T22:00:00Z,AmazonEC2,USEA-BoxUsage:m5.xlarge,RunInstances,us-east-1c,i-0d09935cef598497b,1.0,8.0,8.0,0.192,0.192,0.188744,0.186914,Hrs,0.192,0.192,Amazon Elastic Compute Cloud,m5.xlarge,4,16 GiB,Linux,us-east-1,AmazonEC2,38.4,37.93,31.27,63,2026-02-15T16:41:18Z,backend,prod,CC400,,,,,,,,,,,,,
fc9ebee0219d4c3ab3cb60670abeb232,2026-02-18T06:00:00Z/2026-02-18T07:00:00Z,112233445566,2026-02-01T00:00:00Z,2026-03-01T00:00:00Z,AWS,334455667788,Usage,2026-02-18T06:00:00Z,2026-02-18T07:00:00Z,AmazonEC2,USEA-BoxUsage:m5.xlarge,RunInstances,us-east-1c,i-0d09935cef598497b,1.0,8.0,8.0,0.192,0.192,0.194341,0.195618,Hrs,0.192,0.192,Amazon Elastic Compute Cloud,m5.xlarge,4,16 GiB,Linux,us-east-1,AmazonEC2,30.55,43.82,33.75,55,2026-02-15T12:24:20Z,backend,prod,CC400,,,,,,,,,,,,,
55f5a103ae6a4381968e63026c114a4c,2026-02-18T15:00:00Z/2026-02-18T16:00:00Z,112233445566,2026-02-01T00:00:00Z,2026-03-01T00:00:00Z,AWS,334455667788,Usage,2026-02-18T15:00:00Z,2026-02-18T16:00:00Z,AmazonEC2,USEA-BoxUsage:m5.xlarge,RunInstances,us-east-1c,i-0d09935cef598497b,1.0,8.0,8.0,0.192,0.192,0.201267,0.186237,Hrs,0.192,0.192,Amazon Elastic Compute Cloud,m5.xlarge,4,16 GiB,Linux,us-east-1,AmazonEC2,35.19,40.83,26.54,16,2026-02-16T10:08:14Z,backend,prod,CC400,,,,,,,,,,,,,
c2cf783a691943278e692a7a30cdffa3,2026-02-19T00:00:00Z/2026-02-19T01:00:00Z,112233445566,2026-02-01T00:00:00Z,2026-03-01T00:00:00Z,AWS,334455667788,Usage,2026-02-19T00:00:00Z,2026-02-19T01:00:00Z,AmazonEC2,USEA-BoxUsage:m5.xlarge,RunInstances,us-east-1c,i-0d09935cef598497b,1.0,8.0,8.0,0.192,0.192,0.190079,0.189738,Hrs,0.192,0.192,Amazon Elastic Compute Cloud,m5.xlarge,4,16 GiB,Linux,us-east-1,AmazonEC2,41.92,35.17,36.76,30,2026-02-17T08:07:29Z,backend,prod,CC400,,,,,,,,,,,,,
03155fd01e184dfbb77c64dd7c1b5cd8,2026-02-19T09:00:00Z/2026-02-19T10:00:00Z,112233445566,2026-02-01T00:00:00Z,2026-03-01T00:00:00Z,AWS,334455667788,Usage,2026-02-19T09:00:00Z,2026-02-19T10:00:00Z,AmazonEC2,USEA-BoxUsage:m5.xlarge,RunInstances,us-east-1c,i-0d09935cef598497b,1.0,8.0,8.0,0.192,0.192,0.18975,0.201104,Hrs,0.192,0.192,Amazon Elastic Compute Cloud,m5.xlarge,4,16 GiB,Linux,us-east-1,AmazonEC2,35.89,38.36,18.5,67,2026-02-16T03:28:44Z,backend,prod,CC400,,,,,,,,,,,,,
0cb14b5016f641a4a35072f2eb1888ca,2026-02-19T18:00:00Z/2026-02-19T19:00:00Z,112233445566,2026-02-01T00:00:00Z,2026-03-01T00:00:00Z,AWS,334455667788,Usage,2026-02-19T18:00:00Z,2026-02-19T19:00:00Z,AmazonEC2,USEA-BoxUsage:m5.xlarge,RunInstances,us-east-1c,i-0d09935cef598497b,1.0,8.0,8.0,0.192,0.192,0.198552,0.190526,Hrs,0.192,0.192,Amazon Elastic Compute Cloud,m5.xlarge,4,16 GiB,Linux,us-east-1,AmazonEC2,38.68,49.38,29.84,47,2026-02-17T14:02:17Z,backend,prod,CC400,,,,,,,,,,,,,
b85bb25f479d4b79ac5d016b18382d84,2026-02-20T03:00:00Z/2026-02-20T04:00:00Z,112233445566,2026-02-01T00:00:00Z,2026-03-01T00:00:00Z,AWS,334455667788,Usage,2026-02-20T03:00:00Z,2026-02-20T04:00:00Z,AmazonEC2,USEA-BoxUsage:m5.xlarge,RunInstances,us-east-1c,i-0d09935cef598497b,1.0,8.0,8.0,0.192,0.192,0.190071,0.197678,Hrs,0.192,0.192,Amazon Elastic Compute Cloud,m5.xlarge,4,16 GiB,Linux,us-east-1,AmazonEC2,27.58,32.25,33.94,19,2026-02-17T11:26:21Z,backend,prod,CC400,,,,,,,,,,,,,
c8151bd0ff08419b856f1f01d70959f0,2026-02-20T12:00:00Z/2026-02-20T13:00:00Z,112233445566,2026-02-01T00:00:00Z,2026-03-01T00:00:00Z,AWS,334455667788,Usage,2026-02-20T12:00:00Z,2026-02-20T13:00:00Z,AmazonEC2,USEA-BoxUsage:m5.xlarge,RunInstances,us-east-1c,i-0d09935cef598497b,1.0,8.0,8.0,0.192,0.192,0.187999,0.200606,Hrs,0.192,0.192,Amazon Elastic Compute Cloud,m5.xlarge,4,16 GiB,Linux,us-east-1,AmazonEC2,38.1,48.93,38.72,35,2026-02-19T02:35:38Z,backend,prod,CC400,,,,,,,,,,,,,
239f57c48803432bbc61fd2a83cf840c,2026-02-20T21:00:00Z/2026-02-20T22:00:00Z,112233445566,2026-02-01T00:00:00Z,2026-03-01T00:00:00Z,AWS,334455667788,Usage,2026-02-20T21:00:00Z,2026-02-20T22:00:00Z,AmazonEC2,USEA-BoxUsage:m5.xlarge,RunInstances,us-east-1c,i-0d09935cef598497b,1.0,8.0,8.0,0.192,0.192,0.18262,0.183652,Hrs,0.192,0.192,Amazon Elastic Compute Cloud,m5.xlarge,4,16 GiB,Linux,us-east-1,AmazonEC2,23.53,36.59,32.7,35,2026-02-18T08:38:27Z,backend,prod,CC400,,,,,,,,,,,,,
baf31de671714bbc8b68c877fbd831ae,2026-02-21T06:00:00Z/2026-02-21T07:00:00Z,112233445566,2026-02-01T00:00:00Z,2026-03-01T00:00:00Z,AWS,334455667788,Usage,2026-02-21T06:00:00Z,2026-02-21T07:00:00Z,AmazonEC2,USEA-BoxUsage:m5.xlarge,RunInstances,us-east-1c,i-0d09935cef598497b,1.0,8.0,8.0,0.192,0.192,0.193309,0.189664,Hrs,0.192,0.192,Amazon Elastic Compute Cloud,m5.xlarge,4,16 GiB,Linux,us-east-1,AmazonEC2,33.2,51.74,25.5,51,2026-02-17T08:43:49Z,backend,prod,CC400,,,,,,,,,,,,,
6c7c3f2aa63e42d3982fa0dc50a74e66,2026-02-21T15:00:00Z/2026-02-21T16:00:00Z,112233445566,2026-02-01T00:00:00Z,2026-03-01T00:00:00Z,AWS,334455667788,Usage,2026-02-21T15:00:00Z,2026-02-21T16:00:00Z,AmazonEC2,USEA-BoxUsage:m5.xlarge,RunInstances,us-east-1c,i-0d09935cef598497b,1.0,8.0,8.0,0.192,0.192,0.201599,0.191571,Hrs,0.192,0.192,Amazon Elastic Compute Cloud,m5.xlarge,4,16 GiB,Linux,us-east-1,AmazonEC2,29.67,28.73,21.87,33,2026-02-19T08:33:53Z,backend,prod,CC400,,,,,,,,,,,,,
afaee194400248c9b3d38eeb24728467,2026-02-22T00:00:00Z/2026-02-22T01:00:00Z,112233445566,2026-02-01T00:00:00Z,2026-03-01T00:00:00Z,AWS,334455667788,Usage,2026-02-22T00:00:00Z,2026-02-22T01:00:00Z,AmazonEC2,USEA-BoxUsage:m5.xlarge,RunInstances,us-east-1c,i-0d09935cef598497b,1.0,8.0,8.0,0.192,0.192,0.193414,0.195266,Hrs,0.192,0.192,Amazon Elastic Compute Cloud,m5.xlarge,4,16 GiB,Linux,us-east-1,AmazonEC2,25.32,36.89,31.72,49,2026-02-18T05:19:10Z,backend,prod,CC400,,,,,,,,,,,,,
9573696da35f467aa602ad8e523380a9,2026-02-22T09:00:00Z/2026-02-22T10:00:00Z,112233445566,2026-02-01T00:00:00Z,2026-03-01T00:00:00Z,AWS,334455667788,Usage,2026-02-22T09:00:00Z,2026-02-22T10:00:00Z,AmazonEC2,USEA-BoxUsage:m5.xlarge,RunInstances,us-east-1c,i-0d09935cef598497b,1.0,8.0,8.0,0.192,0.192,0.184566,0.199267,Hrs,0.192,0.192,Amazon Elastic Compute Cloud,m5.xlarge,4,16 GiB,Linux,us-east-1,AmazonEC2,30.0,35.64,37.66,31,2026-02-20T07:25:11Z,backend,prod,CC400,,,,,,,,,,,,,
e9132e77f90d4b35876232962ec9858e,2026-02-22T18:00:00Z/2026-02-22T19:00:00Z,112233445566,2026-02-01T00:00:00Z,2026-03-01T00:00:00Z,AWS,334455667788,Usage,2026-02-22T18:00:00Z,2026-02-22T19:00:00Z,AmazonEC2,USEA-BoxUsage:m5.xlarge,RunInstances,us-east-1c,i-0d09935cef598497b,1.0,8.0,8.0,0.192,0.192,0.189333,0.201259,Hrs,0.192,0.192,Amazon Elastic Compute Cloud,m5.xlarge,4,16 GiB,Linux,us-east-1,AmazonEC2,34.39,33.97,21.26,36,2026-02-19T12:54:58Z,backend,prod,CC400,,,,,,,,,,,,,
a6351955d09340048203bc34eb5d3bc5,2026-02-23T03:00:00Z/2026-02-23T04:00:00Z,112233445566,2026-02-01T00:00:00Z,2026-03-01T00:00:00Z,AWS,334455667788,Usage,2026-02-23T03:00:00Z,2026-02-23T04:00:00Z,AmazonEC2,USEA-BoxUsage:m5.xlarge,RunInstances,us-east-1c,i-0d09935cef598497b,1.0,8.0,8.0,0.192,0.192,0.201105,0.188723,Hrs,0.192,0.192,Amazon Elastic Compute Cloud,m5.xlarge,4,16 GiB,Linux,us-east-1,AmazonEC2,26.11,31.09,31.91,12,2026-02-18T16:36:32Z,backend,prod,CC400,,,,,,,,,,,,,
7841c88ad62344fc94f806d3b52ca55e,2026-02-23T12:00:00Z/2026-02-23T13:00:00Z,112233445566,2026-02-01T00:00:00Z,2026-03-01T00:00:00Z,AWS,334455667788,Usage,2026-02-23T12:00:00Z,2026-02-23T13:00:00Z,AmazonEC2,USEA-BoxUsage:m5.xlarge,RunInstances,us-east-1c,i-0d09935cef598497b,1.0,8.0,8.0,0.192,0.192,0.191429,0.194674,Hrs,0.192,0.192,Amazon Elastic Compute Cloud,m5.xlarge,4,16 GiB,Linux,us-east-1,AmazonEC2,39.5,35.61,27.14,15,2026-02-20T03:20:29Z,backend,prod,CC400,,,,,,,,,,,,,
33a079e875964086aa98750fcf53ad0b,2026-02-23T21:00:00Z/2026-02-23T22:00:00Z,112233445566,2026-02-01T00:00:00Z,2026-03-01T00:00:00Z,AWS,334455667788,Usage,2026-02-23T21:00:00Z,2026-02-23T22:00:00Z,AmazonEC2,USEA-BoxUsage:m5.xlarge,RunInstances,us-east-1c,i-0d09935cef598497b,1.0,8.0,8.0,0.192,0.192,0.19823,0.190059,Hrs,0.192,0.192,Amazon Elastic Compute Cloud,m5.xlarge,4,16 GiB,Linux,us-east-1,AmazonEC2,38.73,37.89,22.64,62,2026-02-22T09:10:15Z,backend,prod,CC400,,,,,,,,,,,,,
73aa9467688a4f4188955bb2a993f16c,2026-02-24T06:00:00Z/2026-02-24T07:00:00Z,112233445566,2026-02-01T00:00:00Z,2026-03-01T00:00:00Z,AWS,334455667788,Usage,2026-02-24T06:00:00Z,2026-02-24T07:00:00Z,AmazonEC2,USEA-BoxUsage:m5.xlarge,RunInstances,us-east-1c,i-0d09935cef598497b,1.0,8.0,8.0,0.192,0.192,0.195972,0.197093,Hrs,0.192,0.192,Amazon Elastic Compute Cloud,m5.xlarge,4,16 GiB,Linux,us-east-1,AmazonEC2,40.81,34.58,32.1,30,2026-02-20T21:12:25Z,backend,prod,CC400,,,,,,,,,,,,,
cd7192b2a84c4dd0baeb75d1ffe31fe7,2026-02-24T15:00:00Z/2026-02-24T16:00:00Z,112233445566,2026-02-01T00:00:00Z,2026-03-01T00:00:00Z,AWS,334455667788,Usage,2026-02-24T15:00:00Z,2026-02-24T16:00:00Z,AmazonEC2,USEA-BoxUsage:m5.xlarge,RunInstances,us-east-1c,i-0d09935cef598497b,1.0,8.0,8.0,0.192,0.192,0.191328,0.187596,Hrs,0.192,0.192,Amazon Elastic Compute Cloud,m5.xlarge,4,16 GiB,Linux,us-east-1,AmazonEC2,28.82,39.14,39.25,72,2026-02-22T21:29:18Z,backend,prod,CC400,,,,,,,,,,,,,
828299a99c4041609a6f336a47728f86,2026-02-25T00:00:00Z/2026-02-25T01:00:00Z,112233445566,2026-02-01T00:00:00Z,2026-03-01T00:00:00Z,AWS,334455667788,Usage,2026-02-25T00:00:00Z,2026-02-25T01:00:00Z,AmazonEC2,USEA-BoxUsage:m5.xlarge,RunInstances,us-east-1c,i-0d09935cef598497b,1.0,8.0,8.0,0.192,0.192,0.19768,0.200068,Hrs,0.192,0.192,Amazon Elastic Compute Cloud,m5.xlarge,4,16 GiB,Linux,us-east-1,AmazonEC2,33.68,39.49,21.95,22,2026-02-22T16:10:10Z,backend,prod,CC400,,,,,,,,,,,,,
63d664acfce74e38b6b406f884cd544e,2026-02-25T09:00:00Z/2026-02-25T10:00:00Z,112233445566,2026-02-01T00:00:00Z,2026-03-01T00:00:00Z,AWS,334455667788,Usage,2026-02-25T09:00:00Z,2026-02-25T10:00:00Z,AmazonEC2,USEA-BoxUsage:m5.xlarge,RunInstances,us-east-1c,i-0d09935cef598497b,1.0,8.0,8.0,0.192,0.192,0.200439,0.201167,Hrs,0.192,0.192,Amazon Elastic Compute Cloud,m5.xlarge,4,16 GiB,Linux,us-east-1,AmazonEC2,24.56,34.84,18.23,38,2026-02-23T05:30:08Z,backend,prod,CC400,,,,,,,,,,,,,
d19601078c8b457d8ff1a2e88b42fe90,2026-02-25T18:00:00Z/2026-02-25T19:00:00Z,112233445566,2026-02-01T00:00:00Z,2026-03-01T00:00:00Z,AWS,334455667788,Usage,2026-02-25T18:00:00Z,2026-02-25T19:00:00Z,AmazonEC2,USEA-BoxUsage:m5.xlarge,RunInstances,us-east-1c,i-0d09935cef598497b,1.0,8.0,8.0,0.192,0.192,0.188791,0.188048,Hrs,0.192,0.192,Amazon Elastic Compute Cloud,m5.xlarge,4,16 GiB,Linux,us-east-1,AmazonEC2,24.05,41.61,29.33,39,2026-02-23T19:10:57Z,backend,prod,CC400,,,,,,,,,,,,,
65a4ab1021c649be83bbdaf32d400ff5,2026-02-26T03:00:00Z/2026-02-26T04:00:00Z,112233445566,2026-02-01T00:00:00Z,2026-03-01T00:00:00Z,AWS,334455667788,Usage,2026-02-26T03:00:00Z,2026-02-26T04:00:00Z,AmazonEC2,USEA-BoxUsage:m5.xlarge,RunInstances,us-east-1c,i-0d09935cef598497b,1.0,8.0,8.0,0.192,0.192,0.196855,0.18336,Hrs,0.192,0.192,Amazon Elastic Compute Cloud,m5.xlarge,4,16 GiB,Linux,us-east-1,AmazonEC2,23.07,29.49,41.2,57,2026-02-22T23:41:51Z,backend,prod,CC400,,,,,,,,,,,,,
a7978b607ef14babb282ae7a96636315,2026-02-26T12:00:00Z/2026-02-26T13:00:00Z,112233445566,2026-02-01T00:00:00Z,2026-03-01T00:00:00Z,AWS,334455667788,Usage,2026-02-26T12:00:00Z,2026-02-26T13:00:00Z,AmazonEC2,USEA-BoxUsage:m5.xlarge,RunInstances,us-east-1c,i-0d09935cef598497b,1.0,8.0,8.0,0.192,0.192,0.186368,0.187373,Hrs,0.192,0.192,Amazon Elastic Compute Cloud,m5.xlarge,4,16 GiB,Linux,us-east-1,AmazonEC2,41.47,50.89,25.42,54,2026-02-24T17:12:00Z,backend,prod,CC400,,,,,,,,,,,,,
27b58ff72143431c9554ab0f5f95f278,2026-02-26T21:00:00Z/2026-02-26T22:00:00Z,112233445566,2026-02-01T00:00:00Z,2026-03-01T00:00:00Z,AWS,334455667788,Usage,2026-02-26T21:00:00Z,2026-02-26T22:00:00Z,AmazonEC2,USEA-BoxUsage:m5.xlarge,RunInstances,us-east-1c,i-0d09935cef598497b,1.0,8.0,8.0,0.192,0.192,0.200279,0.187424,Hrs,0.192,0.192,Amazon Elastic Compute Cloud,m5.xlarge,4,16 GiB,Linux,us-east-1,AmazonEC2,23.16,46.87,19.34,67,2026-02-22T18:23:40Z,backend,prod,CC400,,,,,,,,,,,,,
a4034701555844ddbc8f66d000686937,2026-02-27T06:00:00Z/2026-02-27T07:00:00Z,112233445566,2026-02-01T00:00:00Z,2026-03-01T00:00:00Z,AWS,334455667788,Usage,2026-02-27T06:00:00Z,2026-02-27T07:00:00Z,AmazonEC2,USEA-BoxUsage:m5.xlarge,RunInstances,us-east-1c,i-0d09935cef598497b,1.0,8.0,8.0,0.192,0.192,0.190296,0.197328,Hrs,0.192,0.192,Amazon Elastic Compute Cloud,m5.xlarge,4,16 GiB,Linux,us-east-1,AmazonEC2,38.88,35.26,32.65,51,2026-02-23T14:12:46Z,backend,prod,CC400,,,,,,,,,,,,,
184e19fa84e245e2b766663a77d7e09c,2026-02-27T15:00:00Z/2026-02-27T16:00:00Z,112233445566,2026-02-01T00:00:00Z,2026-03-01T00:00:00Z,AWS,334455667788,Usage,2026-02-27T15:00:00Z,2026-02-27T16:00:00Z,AmazonEC2,USEA-BoxUsage:m5.xlarge,RunInstances,us-east-1c,i-0d09935cef598497b,1.0,8.0,8.0,0.192,0.192,0.188555,0.189044,Hrs,0.192,0.192,Amazon Elastic Compute Cloud,m5.xlarge,4,16 GiB,Linux,us-east-1,AmazonEC2,23.55,45.76,30.21,27,2026-02-23T16:11:59Z,backend,prod,CC400,,,,,,,,,,,,,
c6907d267f264f1c93088db0a2e6b692,2026-02-01T00:00:00Z/2026-02-01T01:00:00Z,112233445566,2026-02-01T00:00:00Z,2026-03-01T00:00:00Z,AWS,223344556677,DiscountedUsage,2026-02-01T00:00:00Z,2026-02-01T01:00:00Z,AmazonEC2,USWE-BoxUsage:c5.large,RunInstances,us-west-2a,i-09539d92f4d0943c9,1.0,4.0,4.0,0.0,0.0,0.055423,0.055423,Hrs,0.085,0.085,Amazon Elastic Compute Cloud,c5.large,2,4 GiB,Linux,us-west-2,AmazonEC2,29.31,32.86,21.78,50,2026-01-27T19:58:28Z,data-eng,prod,CC200,arn:aws:ec2:us-west-2:223344556677:reserved-instances/f6636a9d-2832-447b-94f9-8585195185d5,0.055423,0.04711,0.008313,,,,,,,,,
c7aca0b270c349cd836a169fe2452cb4,2026-02-01T09:00:00Z/2026-02-01T10:00:00Z,112233445566,2026-02-01T00:00:00Z,2026-03-01T00:00:00Z,AWS,223344556677,DiscountedUsage,2026-02-01T09:00:00Z,2026-02-01T10:00:00Z,AmazonEC2,USWE-BoxUsage:c5.large,RunInstances,us-west-2a,i-09539d92f4d0943c9,1.0,4.0,4.0,0.0,0.0,0.049217,0.049217,Hrs,0.085,0.085,Amazon Elastic Compute Cloud,c5.large,2,4 GiB,Linux,us-west-2,AmazonEC2,40.44,39.84,37.37,18,2026-01-30T14:47:37Z,data-eng,prod,CC200,arn:aws:ec2:us-west-2:223344556677:reserved-instances/f6636a9d-2832-447b-94f9-8585195185d5,0.049217,0.041834,0.007383,,,,,,,,,
affdb8db00bb42a2aace2ae91eaf0bc0,2026-02-01T18:00:00Z/2026-02-01T19:00:00Z,112233445566,2026-02-01T00:00:00Z,2026-03-01T00:00:00Z,AWS,223344556677,DiscountedUsage,2026-02-01T18:00:00Z,2026-02-01T19:00:00Z,AmazonEC2,USWE-BoxUsage:c5.large,RunInstances,us-west-2a,i-09539d92f4d0943c9,1.0,4.0,4.0,0.0,0.0,0.051441,0.051441,Hrs,0.085,0.085,Amazon Elastic Compute Cloud,c5.large,2,4 GiB,Linux,us-west-2,AmazonEC2,31.88,28.96,27.96,58,2026-01-29T06:33:51Z,data-eng,prod,CC200,arn:aws:ec2:us-west-2:223344556677:reserved-instances/f6636a9d-2832-447b-94f9-8585195185d5,0.051441,0.043725,0.007716,,,,,,,,,
47b527669e9a4db797e45c6fd3001795,2026-02-02T03:00:00Z/2026-02-02T04:00:00Z,112233445566,2026-02-01T00:00:00Z,2026-03-01T00:00:00Z,AWS,223344556677,DiscountedUsage,2026-02-02T03:00:00Z,2026-02-02T04:00:00Z,AmazonEC2,USWE-BoxUsage:c5.large,RunInstances,us-west-2a,i-09539d92f4d0943c9,1.0,4.0,4.0,0.0,0.0,0.058914,0.058914,Hrs,0.085,0.085,Amazon Elastic Compute Cloud,c5.large,2,4 GiB,Linux,us-west-2,AmazonEC2,37.54,36.93,31.45,24,2026-01-30T06:27:53Z,data-eng,prod,CC200,arn:aws:ec2:us-west-2:223344556677:reserved-instances/f6636a9d-2832-447b-94f9-8585195185d5,0.058914,0.050077,0.008837,,,,,,,,,
fc42dbf3032b4b9e86834529b344e4d6,2026-02-02T12:00:00Z/2026-02-02T13:00:00Z,112233445566,2026-02-01T00:00:00Z,2026-03-01T00:00:00Z,AWS,223344556677,DiscountedUsage,2026-02-02T12:00:00Z,2026-02-02T13:00:00Z,AmazonEC2,USWE-BoxUsage:c5.large,RunInstances,us-west-2a,i-09539d92f4d0943c9,1.0,4.0,4.0,0.0,0.0,0.049743,0.049743,Hrs,0.085,0.085,Amazon Elastic Compute Cloud,c5.large,2,4 GiB,Linux,us-west-2,AmazonEC2,33.22,34.62,22.35,18,2026-01-28T22:00:08Z,data-eng,prod,CC200,arn:aws:ec2:us-west-2:223344556677:reserved-instances/f6636a9d-2832-447b-94f9-8585195185d5,0.049743,0.042282,0.007461,,,,,,,,,
3196ff5dd5e44568a6b2d44c651ed09a,2026-02-02T21:00:00Z/2026-02-02T22:00:00Z,112233445566,2026-02-01T00:00:00Z,2026-03-01T00:00:00Z,AWS,223344556677,DiscountedUsage,2026-02-02T21:00:00Z,2026-02-02T22:00:00Z,AmazonEC2,USWE-BoxUsage:c5.large,RunInstances,us-west-2a,i-09539d92f4d0943c9,1.0,4.0,4.0,0.0,0.0,0.056535,0.056535,Hrs,0.085,0.085,Amazon Elastic Compute Cloud,c5.large,2,4 GiB,Linux,us-west-2,AmazonEC2,40.92,45.9,18.51,65,2026-01-31T15:02:35Z,data-eng,prod,CC200,arn:aws:ec2:us-west-2:223344556677:reserved-instances/f6636a9d-2832-447b-94f9-8585195185d5,0.056535,0.048055,0.00848,,,,,,,,,
add1cb56ce7443979a5aad01092ee32b,2026-02-03T06:00:00Z/2026-02-03T07:00:00Z,112233445566,2026-02-01T00:00:00Z,2026-03-01T00:00:00Z,AWS,223344556677,DiscountedUsage,2026-02-03T06:00:00Z,2026-02-03T07:00:00Z,AmazonEC2,USWE-BoxUsage:c5.large,RunInstances,us-west-2a,i-09539d92f4d0943c9,1.0,4.0,4.0,0.0,0.0,0.050681,0.050681,Hrs,0.085,0.085,Amazon Elastic Compute Cloud,c5.large,2,4 GiB,Linux,us-west-2,AmazonEC2,29.64,34.13,26.37,31,2026-01-31T16:36:47Z,data-eng,prod,CC200,arn:aws:ec2:us-west-2:223344556677:reserved-instances/f6636a9d-2832-447b-94f9-8585195185d5,0.050681,0.043079,0.007602,,,,,,,,,
3b9a332d46dc40499c0fa3fe7a77fdb9,2026-02-03T15:00:00Z/2026-02-03T16:00:00Z,112233445566,2026-02-01T00:00:00Z,2026-03-01T00:00:00Z,AWS,223344556677,DiscountedUsage,2026-02-03T15:00:00Z,2026-02-03T16:00:00Z,AmazonEC2,USWE-BoxUsage:c5.large,RunInstances,us-west-2a,i-09539d92f4d0943c9,1.0,4.0,4.0,0.0,0.0,0.059395,0.059395,Hrs,0.085,0.085,Amazon Elastic Compute Cloud,c5.large,2,4 GiB,Linux,us-west-2,AmazonEC2,22.74,46.94,19.83,16,2026-01-31T15:01:51Z,data-eng,prod,CC200,arn:aws:ec2:us-west-2:223344556677:reserved-instances/f6636a9d-2832-447b-94f9-8585195185d5,0.059395,0.050486,0.008909,,,,,,,,,
8c177f6c22c2402888418fbadf64399b,2026-02-04T00:00:00Z/2026-02-04T01:00:00Z,112233445566,2026-02-01T00:00:00Z,2026-03-01T00:00:00Z,AWS,223344556677,DiscountedUsage,2026-02-04T00:00:00Z,2026-02-04T01:00:00Z,AmazonEC2,USWE-BoxUsage:c5.large,RunInstances,us-west-2a,i-09539d92f4d0943c9,1.0,4.0,4.0,0.0,0.0,0.053375,0.053375,Hrs,0.085,0.085,Amazon Elastic Compute Cloud,c5.large,2,4 GiB,Linux,us-west-2,AmazonEC2,38.02,38.38,34.9,29,2026-02-02T02:08:53Z,data-eng,prod,CC200,arn:aws:ec2:us-west-2:223344556677:reserved-instances/f6636a9d-2832-447b-94f9-8585195185d5,0.053375,0.045369,0.008006,,,,,,,,,
f6da04ec0a9847febc96307f968d04e5,2026-02-04T09:00:00Z/2026-02-04T10:00:00Z,112233445566,2026-02-01T00:00:00Z,2026-03-01T00:00:00Z,AWS,223344556677,DiscountedUsage,2026-02-04T09:00:00Z,2026-02-04T10:00:00Z,AmazonEC2,USWE-BoxUsage:c5.large,RunInstances,us-west-2a,i-09539d92f4d0943c9,1.0,4.0,4.0,0.0,0.0,0.052111,0.052111,Hrs,0.085,0.085,Amazon Elastic Compute Cloud,c5.large,2,4 GiB,Linux,us-west-2,AmazonEC2,26.28,45.48,29.38,48,2026-02-02T11:59:13Z,data-eng,prod,CC200,arn:aws:ec2:us-west-2:223344556677:reserved-instances/f6636a9d-2832-447b-94f9-8585195185d5,0.052111,0.044294,0.007817,,,,,,,,,
d12c7f1f193148cea5cc5a05174fd341,2026-02-04T18:00:00Z/2026-02-04T19:00:00Z,112233445566,2026-02-01T00:00:00Z,2026-03-01T00:00:00Z,AWS,223344556677,DiscountedUsage,2026-02-04T18:00:00Z,2026-02-04T19:00:00Z,AmazonEC2,USWE-BoxUsage:c5.large,RunInstances,us-west-2a,i-09539d92f4d0943c9,1.0,4.0,4.0,0.0,0.0,0.047037,0.047037,Hrs,0.085,0.085,Amazon Elastic Compute Cloud,c5.large,2,4 GiB,Linux,us-west-2,AmazonEC2,24.15,45.01,23.6,61,2026-01-31T13:50:44Z,data-eng,prod,CC200,arn:aws:ec2:us-west-2:223344556677:reserved-instances/f6636a9d-2832-447b-94f9-8585195185d5,0.047037,0.039981,0.007056,,,,,,,,,
f895f6b123fb4d04aaef5abc4abf965b,2026-02-05T03:00:00Z/2026-02-05T04:00:00Z,112233445566,2026-02-01T00:00:00Z,2026-03-01T00:00:00Z,AWS,223344556677,DiscountedUsage,2026-02-05T03:00:00Z,2026-02-05T04:00:00Z,AmazonEC2,USWE-BoxUsage:c5.large,RunInstances,us-west-2a,i-09539d92f4d0943c9,1.0,4.0,4.0,0.0,0.0,0.049317,0.049317,Hrs,0.085,0.085,Amazon Elastic Compute Cloud,c5.large,2,4 GiB,Linux,us-west-2,AmazonEC2,39.56,39.73,34.52,32,2026-02-03T03:22:31Z,data-eng,prod,CC200,arn:aws:ec2:us-west-2:223344556677:reserved-instances/f6636a9d-2832-447b-94f9-8585195185d5,0.049317,0.041919,0.007398,,,,,,,,,
e1bcd7ee4e8a411196ecb631c5b610d6,2026-02-05T12:00:00Z/2026-02-05T13:00:00Z,112233445566,2026-02-01T00:00:00Z,2026-03-01T00:00:00Z,AWS,223344556677,DiscountedUsage,2026-02-05T12:00:00Z,2026-02-05T13:00:00Z,AmazonEC2,USWE-BoxUsage:c5.large,RunInstances,us-west-2a,i-09539d92f4d0943c9,1.0,4.0,4.0,0.0,0.0,0.050518,0.050518,Hrs,0.085,0.085,Amazon Elastic Compute Cloud,c5.large,2,4 GiB,Linux,us-west-2,AmazonEC2,31.12,28.26,19.12,39,2026-02-01T16:24:27Z,data-eng,prod,CC200,arn:aws:ec2:us-west-2:223344556677:reserved-instances/f6636a9d-2832-447b-94f9-8585195185d5,0.050518,0.04294,0.007578,,,,,,,,,
27f9aa99571c4a85aaf349692eac91db,2026-02-05T21:00:00Z/2026-02-05T22:00:00Z,112233445566,2026-02-01T00:00:00Z,2026-03-01T00:00:00Z,AWS,223344556677,DiscountedUsage,2026-02-05T21:00:00Z,2026-02-05T22:00:00Z,AmazonEC2,USWE-BoxUsage:c5.large,RunInstances,us-west-2a,i-09539d92f4d0943c9,1.0,4.0,4.0,0.0,0.0,0.053658,0.053658,Hrs,0.085,0.085,Amazon Elastic Compute Cloud,c5.large,2,4 GiB,Linux,us-west-2,AmazonEC2,30.75,40.15,28.44,54,2026-02-04T01:05:05Z,data-eng,prod,CC200,arn:aws:ec2:us-west-2:223344556677:reserved-instances/f6636a9d-2832-447b-94f9-8585195185d5,0.053658,0.045609,0.008049,,,,,,,,,
2d51b0590dd7419eb58933a94fd01013,2026-02-06T06:00:00Z/2026-02-06T07:00:00Z,112233445566,2026-02-01T00:00:00Z,2026-03-01T00:00:00Z,AWS,223344556677,DiscountedUsage,2026-02-06T06:00:00Z,2026-02-06T07:00:00Z,AmazonEC2,USWE-BoxUsage:c5.large,RunInstances,us-west-2a,i-09539d92f4d0943c9,1.0,4.0,4.0,0.0,0.0,0.054849,0.054849,Hrs,0.085,0.085,Amazon Elastic Compute Cloud,c5.large,2,4 GiB,Linux,us-west-2,AmazonEC2,39.22,41.09,34.55,31,2026-02-03T07:52:05Z,data-eng,prod,CC200,arn:aws:ec2:us-west-2:223344556677:reserved-instances/f6636a9d-2832-447b-94f9-8585195185d5,0.054849,0.046622,0.008227,,,,,,,,,
b07bf7cb7de84828aae58b7738c5e9c3,2026-02-06T15:00:00Z/2026-02-06T16:00:00Z,112233445566,2026-02-01T00:00:00Z,2026-03-01T00:00:00Z,AWS,223344556677,DiscountedUsage,2026-02-06T15:00:00Z,2026-02-06T16:00:00Z,AmazonEC2,USWE-BoxUsage:c5.large,RunInstances,us-west-2a,i-09539d92f4d0943c9,1.0,4.0,4.0,0.0,0.0,0.058934,0.058934,Hrs,0.085,0.085,Amazon Elastic Compute Cloud,c5.large,2,4 GiB,Linux,us-west-2,AmazonEC2,30.98,33.75,25.18,33,2026-02-04T12:32:16Z,data-eng,prod,CC200,arn:aws:ec2:us-west-2:223344556677:reserved-instances/f6636a9d-2832-447b-94f9-8585195185d5,0.058934,0.050094,0.00884,,,,,,,,,
050b6a20f40f461cb894c809b38ddecd,2026-02-07T00:00:00Z/2026-02-07T01:00:00Z,112233445566,2026-02-01T00:00:00Z,2026-03-01T00:00:00Z,AWS,223344556677,DiscountedUsage,2026-02-07T00:00:00Z,2026-02-07T01:00:00Z,AmazonEC2,USWE-BoxUsage:c5.large,RunInstances,us-west-2a,i-09539d92f4d0943c9,1.0,4.0,4.0,0.0,0.0,0.059071,0.059071,Hrs,0.085,0.085,Amazon Elastic Compute Cloud,c5.large,2,4 GiB,Linux,us-west-2,AmazonEC2,33.94,45.39,25.62,18,2026-02-03T22:00:11Z,data-eng,prod,CC200,arn:aws:ec2:us-west-2:223344556677:reserved-instances/f6636a9d-2832-447b-94f9-8585195185d5,0.059071,0.05021,0.008861,,,,,,,,,
48b9157d0d394c41b8f34834b98bef88,2026-02-07T09:00:00Z/2026-02-07T10:00:00Z,112233445566,2026-02-01T00:00:00Z,2026-03-01T00:00:00Z,AWS,223344556677,DiscountedUsage,2026-02-07T09:00:00Z,2026-02-07T10:00:00Z,AmazonEC2,USWE-BoxUsage:c5.large,RunInstances,us-west-2a,i-09539d92f4d0943c9,1.0,4.0,4.0,0.0,0.0,0.052209,0.052209,Hrs,0.085,0.085,Amazon Elastic Compute Cloud,c5.large,2,4 GiB,Linux,us-west-2,AmazonEC2,23.76,39.5,37.44,64,2026-02-04T00:48:31Z,data-eng,prod,CC200,arn:aws:ec2:us-west-2:223344556677:reserved-instances/f6636a9d-2832-447b-94f9-8585195185d5,0.052209,0.044378,0.007831,,,,,,,,,
c1914b64f4a544b7929aa3ef1a3e27af,2026-02-07T18:00:00Z/2026-02-07T19:00:00Z,112233445566,2026-02-01T00:00:00Z,2026-03-01T00:00:00Z,AWS,223344556677,DiscountedUsage,2026-02-07T18:00:00Z,2026-02-07T19:00:00Z,AmazonEC2,USWE-BoxUsage:c5.large,RunInstances,us-west-2a,i-09539d92f4d0943c9,1.0,4.0,4.0,0.0,0.0,0.055988,0.055988,Hrs,0.085,0.085,Amazon Elastic Compute Cloud,c5.large,2,4 GiB,Linux,us-west-2,AmazonEC2,39.54,48.6,18.04,57,2026-02-04T20:17:02Z,data-eng,prod,CC200,arn:aws:ec2:us-west-2:223344556677:reserved-instances/f6636a9d-2832-447b-94f9-8585195185d5,0.055988,0.04759,0.008398,,,,,,,,,
cdc090121ab240099d23d43a40dba4e1,2026-02-08T03:00:00Z/2026-02-08T04:00:00Z,112233445566,2026-02-01T00:00:00Z,2026-03-01T00:00:00Z,AWS,223344556677,DiscountedUsage,2026-02-08T03:00:00Z,2026-02-08T04:00:00Z,AmazonEC2,USWE-BoxUsage:c5.large,RunInstances,us-west-2a,i-09539d92f4d0943c9,1.0,4.0,4.0,0.0,0.0,0.055665,0.055665,Hrs,0.085,0.085,Amazon Elastic Compute Cloud,c5.large,2,4 GiB,Linux,us-west-2,AmazonEC2,29.06,51.18,29.84,66,2026-02-04T19:19:27Z,data-eng,prod,CC200,arn:aws:ec2:us-west-2:223344556677:reserved-instances/f6636a9d-2832-447b-94f9-8585195185d5,0.055665,0.047315,0.00835,,,,,,,,,
b8c450ee87534eb789beb7572edf28c6,2026-02-08T12:00:00Z/2026-02-08T13:00:00Z,112233445566,2026-02-01T00:00:00Z,2026-03-01T00:00:00Z,AWS,223344556677,DiscountedUsage,2026-02-08T12:00:00Z,2026-02-08T13:00:00Z,AmazonEC2,USWE-BoxUsage:c5.large,RunInstances,us-west-2a,i-09539d92f4d0943c9,1.0,4.0,4.0,0.0,0.0,0.051413,0.051413,Hrs,0.085,0.085,Amazon Elastic Compute Cloud,c5.large,2,4 GiB,Linux,us-west-2,AmazonEC2,40.88,46.65,31.04,15,2026-02-04T10:42:57Z,data-eng,prod,CC200,arn:aws:ec2:us-west-2:223344556677:reserved-instances/f6636a9d-2832-447b-94f9-8585195185d5,0.051413,0.043701,0.007712,,,,,,,,,
f8f9f2c0bc98491893418ec6c25cd6ed,2026-02-08T21:00:00Z/2026-02-08T22:00:00Z,112233445566,2026-02-01T00:00:00Z,2026-03-01T00:00:00Z,AWS,223344556677,DiscountedUsage,2026-02-08T21:00:00Z,2026-02-08T22:00:00Z,AmazonEC2,USWE-BoxUsage:c5.large,RunInstances,us-west-2a,i-09539d92f4d0943c9,1.0,4.0,4.0,0.0,0.0,0.058832,0.058832,Hrs,0.085,0.085,Amazon Elastic Compute Cloud,c5.large,2,4 GiB,Linux,us-west-2,AmazonEC2,24.85,40.36,34.62,49,2026-02-04T22:44:24Z,data-eng,prod,CC200,arn:aws:ec2:us-west-2:223344556677:reserved-instances/f6636a9d-2832-447b-94f9-8585195185d5,0.058832,0.050007,0.008825,,,,,,,,,
084ad898dd88419490e8687ccaec428a,2026-02-09T06:00:00Z/2026-02-09T07:00:00Z,112233445566,2026-02-01T00:00:00Z,2026-03-01T00:00:00Z,AWS,223344556677,DiscountedUsage,2026-02-09T06:00:00Z,2026-02-09T07:00:00Z,AmazonEC2,USWE-BoxUsage:c5.large,RunInstances,us-west-2a,i-09539d92f4d0943c9,1.0,4.0,4.0,0.0,0.0,0.052547,0.052547,Hrs,0.085,0.085,Amazon Elastic Compute Cloud,c5.large,2,4 GiB,Linux,us-west-2,AmazonEC2,35.92,48.36,21.6,52,2026-02-06T09:29:15Z,data-eng,prod,CC200,arn:aws:ec2:us-west-2:223344556677:reserved-instances/f6636a9d-2832-447b-94f9-8585195185d5,0.052547,0.044665,0.007882,,,,,,,,,
d3447f3443da4e34ac2e7df094c74395,2026-02-09T15:00:00Z/2026-02-09T16:00:00Z,112233445566,2026-02-01T00:00:00Z,2026-03-01T00:00:00Z,AWS,223344556677,DiscountedUsage,2026-02-09T15:00:00Z,2026-02-09T16:00:00Z,AmazonEC2,USWE-BoxUsage:c5.large,RunInstances,us-west-2a,i-09539d92f4d0943c9,1.0,4.0,4.0,0.0,0.0,0.048554,0.048554,Hrs,0.085,0.085,Amazon Elastic Compute Cloud,c5.large,2,4 GiB,Linux,us-west-2,AmazonEC2,26.81,40.6,39.33,52,2026-02-07T19:02:55Z,data-eng,prod,CC200,arn:aws:ec2:us-west-2:223344556677:reserved-instances/f6636a9d-2832-447b-94f9-8585195185d5,0.048554,0.041271,0.007283,,,,,,,,,
af4a039c640847678dccaaa5e3e40b43,2026-02-10T00:00:00Z/2026-02-10T01:00:00Z,112233445566,2026-02-01T00:00:00Z,2026-03-01T00:00:00Z,AWS,223344556677,DiscountedUsage,2026-02-10T00:00:00Z,2026-02-10T01:00:00Z,AmazonEC2,USWE-BoxUsage:c5.large,RunInstances,us-west-2a,i-09539d92f4d0943c9,1.0,4.0,4.0,0.0,0.0,0.053976,0.053976,Hrs,0.085,0.085,Amazon Elastic Compute Cloud,c5.large,2,4 GiB,Linux,us-west-2,AmazonEC2,40.88,48.68,24.92,52,2026-02-07T10:02:48Z,data-eng,prod,CC200,arn:aws:ec2:us-west-2:223344556677:reserved-instances/f6636a9d-2832-447b-94f9-8585195185d5,0.053976,0.04588,0.008096,,,,,,,,,
a48b069937b741d2a059a0bcdfb5a498,2026-02-10T09:00:00Z/2026-02-10T10:00:00Z,112233445566,2026-02-01T00:00:00Z,2026-03-01T00:00:00Z,AWS,223344556677,DiscountedUsage,2026-02-10T09:00:00Z,2026-02-10T10:00:00Z,AmazonEC2,USWE-BoxUsage:c5.large,RunInstances,us-west-2a,i-09539d92f4d0943c9,1.0,4.0,4.0,0.0,0.0,0.052698,0.052698,Hrs,0.085,0.085,Amazon Elastic Compute Cloud,c5.large,2,4 GiB,Linux,us-west-2,AmazonEC2,22.46,28.04,22.73,20,2026-02-07T22:33:49Z,data-eng,prod,CC200,arn:aws:ec2:us-west-2:223344556677:reserved-instances/f6636a9d-2832-447b-94f9-8585195185d5,0.052698,0.044793,0.007905,,,,,,,,,
a713f2bd910a4402b22392df22dc20a3,2026-02-10T18:00:00Z/2026-02-10T19:00:00Z,112233445566,2026-02-01T00:00:00Z,2026-03-01T00:00:00Z,AWS,223344556677,DiscountedUsage,2026-02-10T18:00:00Z,2026-02-10T19:00:00Z,AmazonEC2,USWE-BoxUsage:c5.large,RunInstances,us-west-2a,i-09539d92f4d0943c9,1.0,4.0,4.0,0.0,0.0,0.056237,0.056237,Hrs,0.085,0.085,Amazon Elastic Compute Cloud,c5.large,2,4 GiB,Linux,us-west-2,AmazonEC2,29.51,48.28,19.72,19,2026-02-07T19:28:00Z,data-eng,prod,CC200,arn:aws:ec2:us-west-2:223344556677:reserved-instances/f6636a9d-2832-447b-94f9-8585195185d5,0.056237,0.047801,0.008436,,,,,,,,,
fc526fc77a2147728e696d0522da8f88,2026-02-11T03:00:00Z/2026-02-11T04:00:00Z,112233445566,2026-02-01T00:00:00Z,2026-03-01T00:00:00Z,AWS,223344556677,DiscountedUsage,2026-02-11T03:00:00Z,2026-02-11T04:00:00Z,AmazonEC2,USWE-BoxUsage:c5.large,RunInstances,us-west-2a,i-09539d92f4d0943c9,1.0,4.0,4.0,0.0,0.0,0.049492,0.049492,Hrs,0.085,0.085,Amazon Elastic Compute Cloud,c5.large,2,4 GiB,Linux,us-west-2,AmazonEC2,28.89,45.97,22.79,64,2026-02-08T00:26:52Z,data-eng,prod,CC200,arn:aws:ec2:us-west-2:223344556677:reserved-instances/f6636a9d-2832-447b-94f9-8585195185d5,0.049492,0.042068,0.007424,,,,,,,,,
6039ae81166d4a82a4a250e7634723aa,2026-02-11T12:00:00Z/2026-02-11T13:00:00Z,112233445566,2026-02-01T00:00:00Z,2026-03-01T00:00:00Z,AWS,223344556677,DiscountedUsage,2026-02-11T12:00:00Z,2026-02-11T13:00:00Z,AmazonEC2,USWE-BoxUsage:c5.large,RunInstances,us-west-2a,i-09539d92f4d0943c9,1.0,4.0,4.0,0.0,0.0,0.048836,0.048836,Hrs,0.085,0.085,Amazon Elastic Compute Cloud,c5.large,2,4 GiB,Linux,us-west-2,AmazonEC2,30.37,31.55,21.76,28,2026-02-09T18:39:54Z,data-eng,prod,CC200,arn:aws:ec2:us-west-2:223344556677:reserved-instances/f6636a9d-2832-447b-94f9-8585195185d5,0.048836,0.041511,0.007325,,,,,,,,,
84a515f76f094a6c884ae5265128beb3,2026-02-11T21:00:00Z/2026-02-11T22:00:00Z,112233445566,2026-02-01T00:00:00Z,2026-03-01T00:00:00Z,AWS,223344556677,DiscountedUsage,2026-02-11T21:00:00Z,2026-02-11T22:00:00Z,AmazonEC2,USWE-BoxUsage:c5.large,RunInstances,us-west-2a,i-09539d92f4d0943c9,1.0,4.0,4.0,0.0,0.0,0.046858,0.046858,Hrs,0.085,0.085,Amazon Elastic Compute Cloud,c5.large,2,4 GiB,Linux,us-west-2,AmazonEC2,31.92,28.68,20.83,45,2026-02-08T22:34:01Z,data-eng,prod,CC200,arn:aws:ec2:us-west-2:223344556677:reserved-instances/f6636a9d-2832-447b-94f9-8585195185d5,0.046858,0.039829,0.007029,,,,,,,,,
842b1da0290e4a69914e94e7c67a07ae,2026-02-12T06:00:00Z/2026-02-12T07:00:00Z,112233445566,2026-02-01T00:00:00Z,2026-03-01T00:00:00Z,AWS,223344556677,DiscountedUsage,2026-02-12T06:00:00Z,2026-02-12T07:00:00Z,AmazonEC2,USWE-BoxUsage:c5.large,RunInstances,us-west-2a,i-09539d92f4d0943c9,1.0,4.0,4.0,0.0,0.0,0.052122,0.052122,Hrs,0.085,0.085,Amazon Elastic Compute Cloud,c5.large,2,4 GiB,Linux,us-west-2,AmazonEC2,22.68,48.05,35.98,63,2026-02-09T00:39:32Z,data-eng,prod,CC200,arn:aws:ec2:us-west-2:223344556677:reserved-instances/f6636a9d-2832-447b-94f9-8585195185d5,0.052122,0.044304,0.007818,,,,,,,,,
4f6b3636d5af428db661fd46cbcc5b74,2026-02-12T15:00:00Z/2026-02-12T16:00:00Z,112233445566,2026-02-01T00:00:00Z,2026-03-01T00:00:00Z,AWS,223344556677,DiscountedUsage,2026-02-12T15:00:00Z,2026-02-12T16:00:00Z,AmazonEC2,USWE-BoxUsage:c5.large,RunInstances,us-west-2a,i-09539d92f4d0943c9,1.0,4.0,4.0,0.0,0.0,0.057026,0.057026,Hrs,0.085,0.085,Amazon Elastic Compute Cloud,c5.large,2,4 GiB,Linux,us-west-2,AmazonEC2,38.14,46.49,39.62,13,2026-02-08T06:37:47Z,data-eng,prod,CC200,arn:aws:ec2:us-west-2:223344556677:reserved-instances/f6636a9d-2832-447b-94f9-8585195185d5,0.057026,0.048472,0.008554,,,,,,,,,
3ff358ca87a04b358f6dc25a888ce891,2026-02-13T00:00:00Z/2026-02-13T01:00:00Z,112233445566,2026-02-01T00:00:00Z,2026-03-01T00:00:00Z,AWS,223344556677,DiscountedUsage,2026-02-13T00:00:00Z,2026-02-13T01:00:00Z,AmazonEC2,USWE-BoxUsage:c5.large,RunInstances,us-west-2a,i-09539d92f4d0943c9,1.0,4.0,4.0,0.0,0.0,0.0586,0.0586,Hrs,0.085,0.085,Amazon Elastic Compute Cloud,c5.large,2,4 GiB,Linux,us-west-2,AmazonEC2,36.42,28.73,39.25,20,2026-02-09T04:08:32Z,data-eng,prod,CC200,arn:aws:ec2:us-west-2:223344556677:reserved-instances/f6636a9d-2832-447b-94f9-8585195185d5,0.0586,0.04981,0.00879,,,,,,,,,
6e6e88c2bc794b63b298f87b4840154a,2026-02-13T09:00:00Z/2026-02-13T10:00:00Z,112233445566,2026-02-01T00:00:00Z,2026-03-01T00:00:00Z,AWS,223344556677,DiscountedUsage,2026-02-13T09:00:00Z,2026-02-13T10:00:00Z,AmazonEC2,USWE-BoxUsage:c5.large,RunInstances,us-west-2a,i-09539d92f4d0943c9,1.0,4.0,4.0,0.0,0.0,0.058724,0.058724,Hrs,0.085,0.085,Amazon Elastic Compute Cloud,c5.large,2,4 GiB,Linux,us-west-2,AmazonEC2,33.36,31.01,19.6,39,2026-02-11T16:21:08Z,data-eng,prod,CC200,arn:aws:ec2:us-west-2:223344556677:reserved-instances/f6636a9d-2832-447b-94f9-8585195185d5,0.058724,0.049915,0.008809,,,,,,,,,
abe267f10cf544d4aab9812f90017280,2026-02-13T18:00:00Z/2026-02-13T19:00:00Z,112233445566,2026-02-01T00:00:00Z,2026-03-01T00:00:00Z,AWS,223344556677,DiscountedUsage,2026-02-13T18:00:00Z,2026-02-13T19:00:00Z,AmazonEC2,USWE-BoxUsage:c5.large,RunInstances,us-west-2a,i-09539d92f4d0943c9,1.0,4.0,4.0,0.0,0.0,0.046819,0.046819,Hrs,0.085,0.085,Amazon Elastic Compute Cloud,c5.large,2,4 GiB,Linux,us-west-2,AmazonEC2,22.08,38.95,37.44,30,2026-02-12T01:26:41Z,data-eng,prod,CC200,arn:aws:ec2:us-west-2:223344556677:reserved-instances/f6636a9d-2832-447b-94f9-8585195185d5,0.046819,0.039796,0.007023,,,,,,,,,
e5fde60b99bc4fcb9ff023ed2be898f2,2026-02-14T03:00:00Z/2026-02-14T04:00:00Z,112233445566,2026-02-01T00:00:00Z,2026-03-01T00:00:00Z,AWS,223344556677,DiscountedUsage,2026-02-14T03:00:00Z,2026-02-14T04:00:00Z,AmazonEC2,USWE-BoxUsage:c5.large,RunInstances,us-west-2a,i-09539d92f4d0943c9,1.0,4.0,4.0,0.0,0.0,0.051019,0.051019,Hrs,0.085,0.085,Amazon Elastic Compute Cloud,c5.large,2,4 GiB,Linux,us-west-2,AmazonEC2,27.58,44.92,29.4,57,2026-02-10T03:36:42Z,data-eng,prod,CC200,arn:aws:ec2:us-west-2:223344556677:reserved-instances/f6636a9d-2832-447b-94f9-8585195185d5,0.051019,0.043366,0.007653,,,,,,,,,
99ae2ce8981640a4af3130e87461457e,2026-02-14T12:00:00Z/2026-02-14T13:00:00Z,112233445566,2026-02-01T00:00:00Z,2026-03-01T00:00:00Z,AWS,223344556677,DiscountedUsage,2026-02-14T12:00:00Z,2026-02-14T13:00:00Z,AmazonEC2,USWE-BoxUsage:c5.large,RunInstances,us-west-2a,i-09539d92f4d0943c9,1.0,4.0,4.0,0.0,0.0,0.059104,0.059104,Hrs,0.085,0.085,Amazon Elastic Compute Cloud,c5.large,2,4 GiB,Linux,us-west-2,AmazonEC2,24.01,49.86,21.8,38,2026-02-11T16:40:06Z,data-eng,prod,CC200,arn:aws:ec2:us-west-2:223344556677:reserved-instances/f6636a9d-2832-447b-94f9-8585195185d5,0.059104,0.050238,0.008866,,,,,,,,,
dddaef14d0684993ac722797205e8d25,2026-02-14T21:00:00Z/2026-02-14T22:00:00Z,112233445566,2026-02-01T00:00:00Z,2026-03-01T00:00:00Z,AWS,223344556677,DiscountedUsage,2026-02-14T21:00:00Z,2026-02-14T22:00:00Z,AmazonEC2,USWE-BoxUsage:c5.large,RunInstances,us-west-2a,i-09539d92f4d0943c9,1.0,4.0,4.0,0.0,0.0,0.055474,0.055474,Hrs,0.085,0.085,Amazon Elastic Compute Cloud,c5.large,2,4 GiB,Linux,us-west-2,AmazonEC2,34.0,28.49,35.27,31,2026-02-13T07:52:48Z,data-eng,prod,CC200,arn:aws:ec2:us-west-2:223344556677:reserved-instances/f6636a9d-2832-447b-94f9-8585195185d5,0.055474,0.047153,0.008321,,,,,,,,,
53ab8e403eb4434fb716bd0c726da8ae,2026-02-15T06:00:00Z/2026-02-15T07:00:00Z,112233445566,2026-02-01T00:00:00Z,2026-03-01T00:00:00Z,AWS,223344556677,DiscountedUsage,2026-02-15T06:00:00Z,2026-02-15T07:00:00Z,AmazonEC2,USWE-BoxUsage:c5.large,RunInstances,us-west-2a,i-09539d92f4d0943c9,1.0,4.0,4.0,0.0,0.0,0.049275,0.049275,Hrs,0.085,0.085,Amazon Elastic Compute Cloud,c5.large,2,4 GiB,Linux,us-west-2,AmazonEC2,36.17,50.53,23.33,41,2026-02-12T10:47:50Z,data-eng,prod,CC200,arn:aws:ec2:us-west-2:223344556677:reserved-instances/f6636a9d-2832-447b-94f9-8585195185d5,0.049275,0.041884,0.007391,,,,,,,,,
fed256d6a25a488a93bcf291a59a4cf9,2026-02-15T15:00:00Z/2026-02-15T16:00:00Z,112233445566,2026-02-01T00:00:00Z,2026-03-01T00:00:00Z,AWS,223344556677,DiscountedUsage,2026-02-15T15:00:00Z,2026-02-15T16:00:00Z,AmazonEC2,USWE-BoxUsage:c5.large,RunInstances,us-west-2a,i-09539d92f4d0943c9,1.0,4.0,4.0,0.0,0.0,0.052968,0.052968,Hrs,0.085,0.085,Amazon Elastic Compute Cloud,c5.large,2,4 GiB,Linux,us-west-2,AmazonEC2,41.75,47.18,18.35,60,2026-02-13T21:47:46Z,data-eng,prod,CC200,arn:aws:ec2:us-west-2:223344556677:reserved-instances/f6636a9d-2832-447b-94f9-8585195185d5,0.052968,0.045023,0.007945,,,,,,,,,
548dc77f03614e48aba2e8f7b6e6f48c,2026-02-16T00:00:00Z/2026-02-16T01:00:00Z,112233445566,2026-02-01T00:00:00Z,2026-03-01T00:00:00Z,AWS,223344556677,DiscountedUsage,2026-02-16T00:00:00Z,2026-02-16T01:00:00Z,AmazonEC2,USWE-BoxUsage:c5.large,RunInstances,us-west-2a,i-09539d92f4d0943c9,1.0,4.0,4.0,0.0,0.0,0.058972,0.058972,Hrs,0.085,0.085,Amazon Elastic Compute Cloud,c5.large,2,4 GiB,Linux,us-west-2,AmazonEC2,23.99,51.47,41.73,43,2026-02-14T08:39:13Z,data-eng,prod,CC200,arn:aws:ec2:us-west-2:223344556677:reserved-instances/f6636a9d-2832-447b-94f9-8585195185d5,0.058972,0.050126,0.008846,,,,,,,,,
ec0e653f3f514a869d0e4c3ec4f4160a,2026-02-16T09:00:00Z/2026-02-16T10:00:00Z,112233445566,2026-02-01T00:00:00Z,2026-03-01T00:00:00Z,AWS,223344556677,DiscountedUsage,2026-02-16T09:00:00Z,2026-02-16T10:00:00Z,AmazonEC2,USWE-BoxUsage:c5.large,RunInstances,us-west-2a,i-09539d92f4d0943c9,1.0,4.0,4.0,0.0,0.0,0.052279,0.052279,Hrs,0.085,0.085,Amazon Elastic Compute Cloud,c5.large,2,4 GiB,Linux,us-west-2,AmazonEC2,39.93,43.25,33.23,33,2026-02-14T17:37:31Z,data-eng,prod,CC200,arn:aws:ec2:us-west-2:223344556677:reserved-instances/f6636a9d-2832-447b-94f9-8585195185d5,0.052279,0.044437,0.007842,,,,,,,,,
d940dc8eca544205961b884f0e68a6ee,2026-02-16T18:00:00Z/2026-02-16T19:00:00Z,112233445566,2026-02-01T00:00:00Z,2026-03-01T00:00:00Z,AWS,223344556677,DiscountedUsage,2026-02-16T18:00:00Z,2026-02-16T19:00:00Z,AmazonEC2,USWE-BoxUsage:c5.large,RunInstances,us-west-2a,i-09539d92f4d0943c9,1.0,4.0,4.0,0.0,0.0,0.054277,0.054277,Hrs,0.085,0.085,Amazon Elastic Compute Cloud,c5.large,2,4 GiB,Linux,us-west-2,AmazonEC2,36.75,34.99,32.39,46,2026-02-12T03:23:59Z,data-eng,prod,CC200,arn:aws:ec2:us-west-2:223344556677:reserved-instances/f6636a9d-2832-447b-94f9-8585195185d5,0.054277,0.046135,0.008142,,,,,,,,,
b35535abc95a493da5605a8d05d57d1a,2026-02-17T03:00:00Z/2026-02-17T04:00:00Z,112233445566,2026-02-01T00:00:00Z,2026-03-01T00:00:00Z,AWS,223344556677,DiscountedUsage,2026-02-17T03:00:00Z,2026-02-17T04:00:00Z,AmazonEC2,USWE-BoxUsage:c5.large,RunInstances,us-west-2a,i-09539d92f4d0943c9,1.0,4.0,4.0,0.0,0.0,0.052331,0.052331,Hrs,0.085,0.085,Amazon Elastic Compute Cloud,c5.large,2,4 GiB,Linux,us-west-2,AmazonEC2,32.57,40.97,39.32,29,2026-02-13T16:14:26Z,data-eng,prod,CC200,arn:aws:ec2:us-west-2:223344556677:reserved-instances/f6636a9d-2832-447b-94f9-8585195185d5,0.052331,0.044481,0.00785,,,,,,,,,
3a0896e916ae418ea03a3bb8e478ad61,2026-02-17T12:00:00Z/2026-02-17T13:00:00Z,112233445566,2026-02-01T00:00:00Z,2026-03-01T00:00:00Z,AWS,223344556677,DiscountedUsage,2026-02-17T12:00:00Z,2026-02-17T13:00:00Z,AmazonEC2,USWE-BoxUsage:c5.large,RunInstances,us-west-2a,i-09539d92f4d0943c9,1.0,4.0,4.0,0.0,0.0,0.05928,0.05928,Hrs,0.085,0.085,Amazon Elastic Compute Cloud,c5.large,2,4 GiB,Linux,us-west-2,AmazonEC2,27.4,43.11,32.25,13,2026-02-15T20:29:01Z,data-eng,prod,CC200,arn:aws:ec2:us-west-2:223344556677:reserved-instances/f6636a9d-2832-447b-94f9-8585195185d5,0.05928,0.050388,0.008892,,,,,,,,,
8441495dc1e248a88eab105c740882d2,2026-02-17T21:00:00Z/2026-02-17T22:00:00Z,112233445566,2026-02-01T00:00:00Z,2026-03-01T00:00:00Z,AWS,223344556677,DiscountedUsage,2026-02-17T21:00:00Z,2026-02-17T22:00:00Z,AmazonEC2,USWE-BoxUsage:c5.large,RunInstances,us-west-2a,i-09539d92f4d0943c9,1.0,4.0,4.0,0.0,0.0,0.05549,0.05549,Hrs,0.085,0.085,Amazon Elastic Compute Cloud,c5.large,2,4 GiB,Linux,us-west-2,AmazonEC2,36.78,34.91,33.09,34,2026-02-15T14:41:44Z,data-eng,prod,CC200,arn:aws:ec2:us-west-2:223344556677:reserved-instances/f6636a9d-2832-447b-94f9-8585195185d5,0.05549,0.047167,0.008323,,,,,,,,,
26162cd0a99848f0b54514d2c4049ab5,2026-02-18T06:00:00Z/2026-02-18T07:00:00Z,112233445566,2026-02-01T00:00:00Z,2026-03-01T00:00:00Z,AWS,223344556677,DiscountedUsage,2026-02-18T06:00:00Z,2026-02-18T07:00:00Z,AmazonEC2,USWE-BoxUsage:c5.large,RunInstances,us-west-2a,i-09539d92f4d0943c9,1.0,4.0,4.0,0.0,0.0,0.050053,0.050053,Hrs,0.085,0.085,Amazon Elastic Compute Cloud,c5.large,2,4 GiB,Linux,us-west-2,AmazonEC2,30.02,39.86,38.31,16,2026-02-15T23:20:23Z,data-eng,prod,CC200,arn:aws:ec2:us-west-2:223344556677:reserved-instances/f6636a9d-2832-447b-94f9-8585195185d5,0.050053,0.042545,0.007508,,,,,,,,,
dab34b972d37443d82d466573bbfbcd3,2026-02-18T15:00:00Z/2026-02-18T16:00:00Z,112233445566,2026-02-01T00:00:00Z,2026-03-01T00:00:00Z,AWS,223344556677,DiscountedUsage,2026-02-18T15:00:00Z,2026-02-18T16:00:00Z,AmazonEC2,USWE-BoxUsage:c5.large,RunInstances,us-west-2a,i-09539d92f4d0943c9,1.0,4.0,4.0,0.0,0.0,0.048109,0.048109,Hrs,0.085,0.085,Amazon Elastic Compute Cloud,c5.large,2,4 GiB,Linux,us-west-2,AmazonEC2,24.8,37.88,22.05,16,2026-02-15T08:49:12Z,data-eng,prod,CC200,arn:aws:ec2:us-west-2:223344556677:reserved-instances/f6636a9d-2832-447b-94f9-8585195185d5,0.048109,0.040893,0.007216,,,,,,,,,
9c83c66cd9c64e76ab884eea9fc0a273,2026-02-19T00:00:00Z/2026-02-19T01:00:00Z,112233445566,2026-02-01T00:00:00Z,2026-03-01T00:00:00Z,AWS,223344556677,DiscountedUsage,2026-02-19T00:00:00Z,2026-02-19T01:00:00Z,AmazonEC2,USWE-BoxUsage:c5.large,RunInstances,us-west-2a,i-09539d92f4d0943c9,1.0,4.0,4.0,0.0,0.0,0.050819,0.050819,Hrs,0.085,0.085,Amazon Elastic Compute Cloud,c5.large,2,4 GiB,Linux,us-west-2,AmazonEC2,38.73,51.7,41.58,35,2026-02-15T06:42:49Z,data-eng,prod,CC200,arn:aws:ec2:us-west-2:223344556677:reserved-instances/f6636a9d-2832-447b-94f9-8585195185d5,0.050819,0.043196,0.007623,,,,,,,,,
56ad9f322e904e85b78a59ffaaa8cb3a,2026-02-19T09:00:00Z/2026-02-19T10:00:00Z,112233445566,2026-02-01T00:00:00Z,2026-03-01T00:00:00Z,AWS,223344556677,DiscountedUsage,2026-02-19T09:00:00Z,2026-02-19T10:00:00Z,AmazonEC2,USWE-BoxUsage:c5.large,RunInstances,us-west-2a,i-09539d92f4d0943c9,1.0,4.0,4.0,0.0,0.0,0.047053,0.047053,Hrs,0.085,0.085,Amazon Elastic Compute Cloud,c5.large,2,4 GiB,Linux,us-west-2,AmazonEC2,36.26,36.45,26.1,34,2026-02-17T11:11:03Z,data-eng,prod,CC200,arn:aws:ec2:us-west-2:223344556677:reserved-instances/f6636a9d-2832-447b-94f9-8585195185d5,0.047053,0.039995,0.007058,,,,,,,,,
869b290ab136495cab175c192d7937b1,2026-02-19T18:00:00Z/2026-02-19T19:00:00Z,112233445566,2026-02-01T00:00:00Z,2026-03-01T00:00:00Z,AWS,223344556677,DiscountedUsage,2026-02-19T18:00:00Z,2026-02-19T19:00:00Z,AmazonEC2,USWE-BoxUsage:c5.large,RunInstances,us-west-2a,i-09539d92f4d0943c9,1.0,4.0,4.0,0.0,0.0,0.053257,0.053257,Hrs,0.085,0.085,Amazon Elastic Compute Cloud,c5.large,2,4 GiB,Linux,us-west-2,AmazonEC2,23.36,48.77,18.66,51,2026-02-18T13:24:47Z,data-eng,prod,CC200,arn:aws:ec2:us-west-2:223344556677:reserved-instances/f6636a9d-2832-447b-94f9-8585195185d5,0.053257,0.045268,0.007989,,,,,,,,,
c25b9f8bc6f24767a51c494f81738987,2026-02-20T03:00:00Z/2026-02-20T04:00:00Z,112233445566,2026-02-01T00:00:00Z,2026-03-01T00:00:00Z,AWS,223344556677,DiscountedUsage,2026-02-20T03:00:00Z,2026-02-20T04:00:00Z,AmazonEC2,USWE-BoxUsage:c5.large,RunInstances,us-west-2a,i-09539d92f4d0943c9,1.0,4.0,4.0,0.0,0.0,0.056503,0.056503,Hrs,0.085,0.085,Amazon Elastic Compute Cloud,c5.large,2,4 GiB,Linux,us-west-2,AmazonEC2,30.55,50.5,24.68,13,2026-02-17T10:39:07Z,data-eng,prod,CC200,arn:aws:ec2:us-west-2:223344556677:reserved-instances/f6636a9d-2832-447b-94f9-8585195185d5,0.056503,0.048028,0.008475,,,,,,,,,
fe1205f3c1844c789f9055d87e294511,2026-02-20T12:00:00Z/2026-02-20T13:00:00Z,112233445566,2026-02-01T00:00:00Z,2026-03-01T00:00:00Z,AWS,223344556677,DiscountedUsage,2026-02-20T12:00:00Z,2026-02-20T13:00:00Z,AmazonEC2,USWE-BoxUsage:c5.large,RunInstances,us-west-2a,i-09539d92f4d0943c9,1.0,4.0,4.0,0.0,0.0,0.053635,0.053635,Hrs,0.085,0.085,Amazon Elastic Compute Cloud,c5.large,2,4 GiB,Linux,us-west-2,AmazonEC2,37.93,28.41,37.49,42,2026-02-18T17:41:47Z,data-eng,prod,CC200,arn:aws:ec2:us-west-2:223344556677:reserved-instances/f6636a9d-2832-447b-94f9-8585195185d5,0.053635,0.04559,0.008045,,,,,,,,,
7c066e326e4f44989621e2fab5f78db4,2026-02-20T21:00:00Z/2026-02-20T22:00:00Z,112233445566,2026-02-01T00:00:00Z,2026-03-01T00:00:00Z,AWS,223344556677,DiscountedUsage,2026-02-20T21:00:00Z,2026-02-20T22:00:00Z,AmazonEC2,USWE-BoxUsage:c5.large,RunInstances,us-west-2a,i-09539d92f4d0943c9,1.0,4.0,4.0,0.0,0.0,0.054195,0.054195,Hrs,0.085,0.085,Amazon Elastic Compute Cloud,c5.large,2,4 GiB,Linux,us-west-2,AmazonEC2,32.1,35.08,28.18,28,2026-02-17T00:17:18Z,data-eng,prod,CC200,arn:aws:ec2:us-west-2:223344556677:reserved-instances/f6636a9d-2832-447b-94f9-8585195185d5,0.054195,0.046066,0.008129,,,,,,,,,
412b2884048d4f659d5077620fc51caf,2026-02-21T06:00:00Z/2026-02-21T07:00:00Z,112233445566,2026-02-01T00:00:00Z,2026-03-01T00:00:00Z,AWS,223344556677,DiscountedUsage,2026-02-21T06:00:00Z,2026-02-21T07:00:00Z,AmazonEC2,USWE-BoxUsage:c5.large,RunInstances,us-west-2a,i-09539d92f4d0943c9,1.0,4.0,4.0,0.0,0.0,0.059222,0.059222,Hrs,0.085,0.085,Amazon Elastic Compute Cloud,c5.large,2,4 GiB,Linux,us-west-2,AmazonEC2,37.78,42.35,23.0,39,2026-02-17T15:59:03Z,data-eng,prod,CC200,arn:aws:ec2:us-west-2:223344556677:reserved-instances/f6636a9d-2832-447b-94f9-8585195185d5,0.059222,0.050339,0.008883,,,,,,,,,
80f15ec9c19c4e3dbbf547213e06a034,2026-02-21T15:00:00Z/2026-02-21T16:00:00Z,112233445566,2026-02-01T00:00:00Z,2026-03-01T00:00:00Z,AWS,223344556677,DiscountedUsage,2026-02-21T15:00:00Z,2026-02-21T16:00:00Z,AmazonEC2,USWE-BoxUsage:c5.large,RunInstances,us-west-2a,i-09539d92f4d0943c9,1.0,4.0,4.0,0.0,0.0,0.055432,0.055432,Hrs,0.085,0.085,Amazon Elastic Compute Cloud,c5.large,2,4 GiB,Linux,us-west-2,AmazonEC2,39.62,34.42,19.79,54,2026-02-19T11:43:03Z,data-eng,prod,CC200,arn:aws:ec2:us-west-2:223344556677:reserved-instances/f6636a9d-2832-447b-94f9-8585195185d5,0.055432,0.047117,0.008315,,,,,,,,,
3eccc7b2e9d74e1985bab5a55c8ab93a,2026-02-22T00:00:00Z/2026-02-22T01:00:00Z,112233445566,2026-02-01T00:00:00Z,2026-03-01T00:00:00Z,AWS,223344556677,DiscountedUsage,2026-02-22T00:00:00Z,2026-02-22T01:00:00Z,AmazonEC2,USWE-BoxUsage:c5.large,RunInstances,us-west-2a,i-09539d92f4d0943c9,1.0,4.0,4.0,0.0,0.0,0.054313,0.054313,Hrs,0.085,0.085,Amazon Elastic Compute Cloud,c5.large,2,4 GiB,Linux,us-west-2,AmazonEC2,39.44,32.56,34.89,17,2026-02-18T04:53:47Z,data-eng,prod,CC200,arn:aws:ec2:us-west-2:223344556677:reserved-instances/f6636a9d-2832-447b-94f9-8585195185d5,0.054313,0.046166,0.008147,,,,,,,,,
c3db2f192417479cbe375329194cd42d,2026-02-22T09:00:00Z/2026-02-22T10:00:00Z,112233445566,2026-02-01T00:00:00Z,2026-03-01T00:00:00Z,AWS,223344556677,DiscountedUsage,2026-02-22T09:00:00Z,2026-02-22T10:00:00Z,AmazonEC2,USWE-BoxUsage:c5.large,RunInstances,us-west-2a,i-09539d92f4d0943c9,1.0,4.0,4.0,0.0,0.0,0.054782,0.054782,Hrs,0.085,0.085,Amazon Elastic Compute Cloud,c5.large,2,4 GiB,Linux,us-west-2,AmazonEC2,35.96,43.03,20.85,39,2026-02-19T09:41:59Z,data-eng,prod,CC200,arn:aws:ec2:us-west-2:223344556677:reserved-instances/f6636a9d-2832-447b-94f9-8585195185d5,0.054782,0.046565,0.008217,,,,,,,,,
8a3cb7b78d8d4247b612b9fc5f0c8d36,2026-02-22T18:00:00Z/2026-02-22T19:00:00Z,112233445566,2026-02-01T00:00:00Z,2026-03-01T00:00:00Z,AWS,223344556677,DiscountedUsage,2026-02-22T18:00:00Z,2026-02-22T19:00:00Z,AmazonEC2,USWE-BoxUsage:c5.large,RunInstances,us-west-2a,i-09539d92f4d0943c9,1.0,4.0,4.0,0.0,0.0,0.051194,0.051194,Hrs,0.085,0.085,Amazon Elastic Compute Cloud,c5.large,2,4 GiB,Linux,us-west-2,AmazonEC2,41.41,36.61,23.96,19,2026-02-19T12:09:34Z,data-eng,prod,CC200,arn:aws:ec2:us-west-2:223344556677:reserved-instances/f6636a9d-2832-447b-94f9-8585195185d5,0.051194,0.043515,0.007679,,,,,,,,,
38b746158c69479480ef628c96b09bf2,2026-02-23T03:00:00Z/2026-02-23T04:00:00Z,112233445566,2026-02-01T00:00:00Z,2026-03-01T00:00:00Z,AWS,223344556677,DiscountedUsage,2026-02-23T03:00:00Z,2026-02-23T04:00:00Z,AmazonEC2,USWE-BoxUsage:c5.large,RunInstances,us-west-2a,i-09539d92f4d0943c9,1.0,4.0,4.0,0.0,0.0,0.0483,0.0483,Hrs,0.085,0.085,Amazon Elastic Compute Cloud,c5.large,2,4 GiB,Linux,us-west-2,AmazonEC2,31.47,47.25,40.23,44,2026-02-18T23:03:40Z,data-eng,prod,CC200,arn:aws:ec2:us-west-2:223344556677:reserved-instances/f6636a9d-2832-447b-94f9-8585195185d5,0.0483,0.041055,0.007245,,,,,,,,,
1806c1fb9bec443d9b0ddd60601a9475,2026-02-23T12:00:00Z/2026-02-23T13:00:00Z,112233445566,2026-02-01T00:00:00Z,2026-03-01T00:00:00Z,AWS,223344556677,DiscountedUsage,2026-02-23T12:00:00Z,2026-02-23T13:00:00Z,AmazonEC2,USWE-BoxUsage:c5.large,RunInstances,us-west-2a,i-09539d92f4d0943c9,1.0,4.0,4.0,0.0,0.0,0.04875,0.04875,Hrs,0.085,0.085,Amazon Elastic Compute Cloud,c5.large,2,4 GiB,Linux,us-west-2,AmazonEC2,31.95,40.2,37.39,66,2026-02-20T09:30:39Z,data-eng,prod,CC200,arn:aws:ec2:us-west-2:223344556677:reserved-instances/f6636a9d-2832-447b-94f9-8585195185d5,0.04875,0.041438,0.007312,,,,,,,,,
bc0812a43e9d4e368e317f8b0858a78c,2026-02-23T21:00:00Z/2026-02-23T22:00:00Z,112233445566,2026-02-01T00:00:00Z,2026-03-01T00:00:00Z,AWS,223344556677,DiscountedUsage,2026-02-23T21:00:00Z,2026-02-23T22:00:00Z,AmazonEC2,USWE-BoxUsage:c5.large,RunInstances,us-west-2a,i-09539d92f4d0943c9,1.0,4.0,4.0,0.0,0.0,0.047055,0.047055,Hrs,0.085,0.085,Amazon Elastic Compute Cloud,c5.large,2,4 GiB,Linux,us-west-2,AmazonEC2,39.69,38.47,29.51,27,2026-02-21T11:46:59Z,data-eng,prod,CC200,arn:aws:ec2:us-west-2:223344556677:reserved-instances/f6636a9d-2832-447b-94f9-8585195185d5,0.047055,0.039997,0.007058,,,,,,,,,
f250ae77ae55406f8a86ec75c29cc49c,2026-02-24T06:00:00Z/2026-02-24T07:00:00Z,112233445566,2026-02-01T00:00:00Z,2026-03-01T00:00:00Z,AWS,223344556677,DiscountedUsage,2026-02-24T06:00:00Z,2026-02-24T07:00:00Z,AmazonEC2,USWE-BoxUsage:c5.large,RunInstances,us-west-2a,i-09539d92f4d0943c9,1.0,4.0,4.0,0.0,0.0,0.058798,0.058798,Hrs,0.085,0.085,Amazon Elastic Compute Cloud,c5.large,2,4 GiB,Linux,us-west-2,AmazonEC2,29.58,46.2,38.24,66,2026-02-21T15:19:59Z,data-eng,prod,CC200,arn:aws:ec2:us-west-2:223344556677:reserved-instances/f6636a9d-2832-447b-94f9-8585195185d5,0.058798,0.049978,0.00882,,,,,,,,,
33e585b30f5f4281b02704369d84b3e8,2026-02-24T15:00:00Z/2026-02-24T16:00:00Z,112233445566,2026-02-01T00:00:00Z,2026-03-01T00:00:00Z,AWS,223344556677,DiscountedUsage,2026-02-24T15:00:00Z,2026-02-24T16:00:00Z,AmazonEC2,USWE-BoxUsage:c5.large,RunInstances,us-west-2a,i-09539d92f4d0943c9,1.0,4.0,4.0,0.0,0.0,0.057826,0.057826,Hrs,0.085,0.085,Amazon Elastic Compute Cloud,c5.large,2,4 GiB,Linux,us-west-2,AmazonEC2,38.16,32.12,39.18,44,2026-02-22T23:26:02Z,data-eng,prod,CC200,arn:aws:ec2:us-west-2:223344556677:reserved-instances/f6636a9d-2832-447b-94f9-8585195185d5,0.057826,0.049152,0.008674,,,,,,,,,
0486a3321af3445d96e6c940c1417b06,2026-02-25T00:00:00Z/2026-02-25T01:00:00Z,112233445566,2026-02-01T00:00:00Z,2026-03-01T00:00:00Z,AWS,223344556677,DiscountedUsage,2026-02-25T00:00:00Z,2026-02-25T01:00:00Z,AmazonEC2,USWE-BoxUsage:c5.large,RunInstances,us-west-2a,i-09539d92f4d0943c9,1.0,4.0,4.0,0.0,0.0,0.0535,0.0535,Hrs,0.085,0.085,Amazon Elastic Compute Cloud,c5.large,2,4 GiB,Linux,us-west-2,AmazonEC2,39.84,49.9,31.06,55,2026-02-22T13:06:45Z,data-eng,prod,CC200,arn:aws:ec2:us-west-2:223344556677:reserved-instances/f6636a9d-2832-447b-94f9-8585195185d5,0.0535,0.045475,0.008025,,,,,,,,,
27fd0f5acc4f4bd1addb65302ba73321,2026-02-25T09:00:00Z/2026-02-25T10:00:00Z,112233445566,2026-02-01T00:00:00Z,2026-03-01T00:00:00Z,AWS,223344556677,DiscountedUsage,2026-02-25T09:00:00Z,2026-02-25T10:00:00Z,AmazonEC2,USWE-BoxUsage:c5.large,RunInstances,us-west-2a,i-09539d92f4d0943c9,1.0,4.0,4.0,0.0,0.0,0.058348,0.058348,Hrs,0.085,0.085,Amazon Elastic Compute Cloud,c5.large,2,4 GiB,Linux,us-west-2,AmazonEC2,31.1,41.52,35.5,28,2026-02-21T09:09:59Z,data-eng,prod,CC200,arn:aws:ec2:us-west-2:223344556677:reserved-instances/f6636a9d-2832-447b-94f9-8585195185d5,0.058348,0.049596,0.008752,,,,,,,,,
f0ab08491a0548ce8d9b5f70dae57919,2026-02-25T18:00:00Z/2026-02-25T19:00:00Z,112233445566,2026-02-01T00:00:00Z,2026-03-01T00:00:00Z,AWS,223344556677,DiscountedUsage,2026-02-25T18:00:00Z,2026-02-25T19:00:00Z,AmazonEC2,USWE-BoxUsage:c5.large,RunInstances,us-west-2a,i-09539d92f4d0943c9,1.0,4.0,4.0,0.0,0.0,0.051345,0.051345,Hrs,0.085,0.085,Amazon Elastic Compute Cloud,c5.large,2,4 GiB,Linux,us-west-2,AmazonEC2,32.93,30.67,29.91,63,2026-02-22T15:53:15Z,data-eng,prod,CC200,arn:aws:ec2:us-west-2:223344556677:reserved-instances/f6636a9d-2832-447b-94f9-8585195185d5,0.051345,0.043643,0.007702,,,,,,,,,
45a701667a614f2d80eeaad93e1fade0,2026-02-26T03:00:00Z/2026-02-26T04:00:00Z,112233445566,2026-02-01T00:00:00Z,2026-03-01T00:00:00Z,AWS,223344556677,DiscountedUsage,2026-02-26T03:00:00Z,2026-02-26T04:00:00Z,AmazonEC2,USWE-BoxUsage:c5.large,RunInstances,us-west-2a,i-09539d92f4d0943c9,1.0,4.0,4.0,0.0,0.0,0.051257,0.051257,Hrs,0.085,0.085,Amazon Elastic Compute Cloud,c5.large,2,4 GiB,Linux,us-west-2,AmazonEC2,39.91,28.64,24.99,60,2026-02-23T16:52:59Z,data-eng,prod,CC200,arn:aws:ec2:us-west-2:223344556677:reserved-instances/f6636a9d-2832-447b-94f9-8585195185d5,0.051257,0.043568,0.007689,,,,,,,,,
dc6f24943ff246208eac2e16321848d2,2026-02-26T12:00:00Z/2026-02-26T13:00:00Z,112233445566,2026-02-01T00:00:00Z,2026-03-01T00:00:00Z,AWS,223344556677,DiscountedUsage,2026-02-26T12:00:00Z,2026-02-26T13:00:00Z,AmazonEC2,USWE-BoxUsage:c5.large,RunInstances,us-west-2a,i-09539d92f4d0943c9,1.0,4.0,4.0,0.0,0.0,0.049215,0.049215,Hrs,0.085,0.085,Amazon Elastic Compute Cloud,c5.large,2,4 GiB,Linux,us-west-2,AmazonEC2,23.13,40.03,18.75,71,2026-02-23T01:00:54Z,data-eng,prod,CC200,arn:aws:ec2:us-west-2:223344556677:reserved-instances/f6636a9d-2832-447b-94f9-8585195185d5,0.049215,0.041833,0.007382,,,,,,,,,
3ded8f38190d4409b0125d524cc1daa4,2026-02-26T21:00:00Z/2026-02-26T22:00:00Z,112233445566,2026-02-01T00:00:00Z,2026-03-01T00:00:00Z,AWS,223344556677,DiscountedUsage,2026-02-26T21:00:00Z,2026-02-26T22:00:00Z,AmazonEC2,USWE-BoxUsage:c5.large,RunInstances,us-west-2a,i-09539d92f4d0943c9,1.0,4.0,4.0,0.0,0.0,0.049433,0.049433,Hrs,0.085,0.085,Amazon Elastic Compute Cloud,c5.large,2,4 GiB,Linux,us-west-2,AmazonEC2,35.21,34.67,34.53,34,2026-02-23T10:27:20Z,data-eng,prod,CC200,arn:aws:ec2:us-west-2:223344556677:reserved-instances/f6636a9d-2832-447b-94f9-8585195185d5,0.049433,0.042018,0.007415,,,,,,,,,
99094f4effe04ef88baf76ca2464dc74,2026-02-27T06:00:00Z/2026-02-27T07:00:00Z,112233445566,2026-02-01T00:00:00Z,2026-03-01T00:00:00Z,AWS,223344556677,DiscountedUsage,2026-02-27T06:00:00Z,2026-02-27T07:00:00Z,AmazonEC2,USWE-BoxUsage:c5.large,RunInstances,us-west-2a,i-09539d92f4d0943c9,1.0,4.0,4.0,0.0,0.0,0.048217,0.048217,Hrs,0.085,0.085,Amazon Elastic Compute Cloud,c5.large,2,4 GiB,Linux,us-west-2,AmazonEC2,39.17,34.13,37.84,46,2026-02-24T15:55:47Z,data-eng,prod,CC200,arn:aws:ec2:us-west-2:223344556677:reserved-instances/f6636a9d-2832-447b-94f9-8585195185d5,0.048217,0.040984,0.007233,,,,,,,,,
8a62e9e112cd41f0a2a7c8991d1d69f9,2026-02-27T15:00:00Z/2026-02-27T16:00:00Z,112233445566,2026-02-01T00:00:00Z,2026-03-01T00:00:00Z,AWS,223344556677,DiscountedUsage,2026-02-27T15:00:00Z,2026-02-27T16:00:00Z,AmazonEC2,USWE-BoxUsage:c5.large,RunInstances,us-west-2a,i-09539d92f4d0943c9,1.0,4.0,4.0,0.0,0.0,0.047503,0.047503,Hrs,0.085,0.085,Amazon Elastic Compute Cloud,c5.large,2,4 GiB,Linux,us-west-2,AmazonEC2,26.0,48.32,37.08,23,2026-02-23T12:45:36Z,data-eng,prod,CC200,arn:aws:ec2:us-west-2:223344556677:reserved-instances/f6636a9d-2832-447b-94f9-8585195185d5,0.047503,0.040378,0.007125,,,,,,,,,
d27386ae50d04da48a0583b2ae4bd1a7,2026-02-01T00:00:00Z/2026-02-01T01:00:00Z,112233445566,2026-02-01T00:00:00Z,2026-03-01T00:00:00Z,AWS,223344556677,Usage,2026-02-01T00:00:00Z,2026-02-01T01:00:00Z,AmazonEC2,USWE-BoxUsage:c5.xlarge,RunInstances,us-west-2a,i-042b847d0faeb4101,1.0,8.0,8.0,0.17,0.17,0.162678,0.173649,Hrs,0.17,0.17,Amazon Elastic Compute Cloud,c5.xlarge,4,8 GiB,Linux,us-west-2,AmazonEC2,2.82,4.56,1.25,626,2025-12-22T03:01:39Z,,,,,,,,,,,,,,,,
46c0749697034a97b177b12b18535226,2026-02-01T09:00:00Z/2026-02-01T10:00:00Z,112233445566,2026-02-01T00:00:00Z,2026-03-01T00:00:00Z,AWS,223344556677,Usage,2026-02-01T09:00:00Z,2026-02-01T10:00:00Z,AmazonEC2,USWE-BoxUsage:c5.xlarge,RunInstances,us-west-2a,i-042b847d0faeb4101,1.0,8.0,8.0,0.17,0.17,0.169932,0.173582,Hrs,0.17,0.17,Amazon Elastic Compute Cloud,c5.xlarge,4,8 GiB,Linux,us-west-2,AmazonEC2,1.71,5.34,6.8,668,2026-01-03T09:01:11Z,,,,,,,,,,,,,,,,
613e8ab94b2a43efae4681b0606f67f7,2026-02-01T18:00:00Z/2026-02-01T19:00:00Z,112233445566,2026-02-01T00:00:00Z,2026-03-01T00:00:00Z,AWS,223344556677,Usage,2026-02-01T18:00:00Z,2026-02-01T19:00:00Z,AmazonEC2,USWE-BoxUsage:c5.xlarge,RunInstances,us-west-2a,i-042b847d0faeb4101,1.0,8.0,8.0,0.17,0.17,0.162131,0.17273,Hrs,0.17,0.17,Amazon Elastic Compute Cloud,c5.xlarge,4,8 GiB,Linux,us-west-2,AmazonEC2,2.79,8.45,5.34,620,2026-01-13T13:27:10Z,,,,,,,,,,,,,,,,
23a341620340488fa5f7811085779ecd,2026-02-02T03:00:00Z/2026-02-02T04:00:00Z,112233445566,2026-02-01T00:00:00Z,2026-03-01T00:00:00Z,AWS,223344556677,Usage,2026-02-02T03:00:00Z,2026-02-02T04:00:00Z,AmazonEC2,USWE-BoxUsage:c5.xlarge,RunInstances,us-west-2a,i-042b847d0faeb4101,1.0,8.0,8.0,0.17,0.17,0.177766,0.164945,Hrs,0.17,0.17,Amazon Elastic Compute Cloud,c5.xlarge,4,8 GiB,Linux,us-west-2,AmazonEC2,0.77,2.37,6.4,700,2026-01-12T09:01:36Z,,,,,,,,,,,,,,,,
05f6b90ce1184404b687e5a401f8faab,2026-02-02T12:00:00Z/2026-02-02T13:00:00Z,112233445566,2026-02-01T00:00:00Z,2026-03-01T00:00:00Z,AWS,223344556677,Usage,2026-02-02T12:00:00Z,2026-02-02T13:00:00Z,AmazonEC2,USWE-BoxUsage:c5.xlarge,RunInstances,us-west-2a,i-042b847d0faeb4101,1.0,8.0,8.0,0.17,0.17,0.162609,0.163609,Hrs,0.17,0.17,Amazon Elastic Compute Cloud,c5.xlarge,4,8 GiB,Linux,us-west-2,AmazonEC2,0.52,6.39,7.35,690,2025-12-21T19:53:58Z,,,,,,,,,,,,,,,,
cdf751ac687949be93990ee7a414f7f3,2026-02-02T21:00:00Z/2026-02-02T22:00:00Z,112233445566,2026-02-01T00:00:00Z,2026-03-01T00:00:00Z,AWS,223344556677,Usage,2026-02-02T21:00:00Z,2026-02-02T22:00:00Z,AmazonEC2,USWE-BoxUsage:c5.xlarge,RunInstances,us-west-2a,i-042b847d0faeb4101,1.0,8.0,8.0,0.17,0.17,0.173504,0.174401,Hrs,0.17,0.17,Amazon Elastic Compute Cloud,c5.xlarge,4,8 GiB,Linux,us-west-2,AmazonEC2,3.9,4.95,4.09,561,2026-01-10T03:55:29Z,,,,,,,,,,,,,,,,
7024b7853e1543709c8144a54ba98f19,2026-02-03T06:00:00Z/2026-02-03T07:00:00Z,112233445566,2026-02-01T00:00:00Z,2026-03-01T00:00:00Z,AWS,223344556677,Usage,2026-02-03T06:00:00Z,2026-02-03T07:00:00Z,AmazonEC2,USWE-BoxUsage:c5.xlarge,RunInstances,us-west-2a,i-042b847d0faeb4101,1.0,8.0,8.0,0.17,0.17,0.175412,0.164854,Hrs,0.17,0.17,Amazon Elastic Compute Cloud,c5.xlarge,4,8 GiB,Linux,us-west-2,AmazonEC2,2.61,9.66,1.28,377,2026-01-17T22:36:08Z,,,,,,,,,,,,,,,,
1b7d54dfcc8f4a20b9f41ec35b1a63fc,2026-02-03T15:00:00Z/2026-02-03T16:00:00Z,112233445566,2026-02-01T00:00:00Z,2026-03-01T00:00:00Z,AWS,223344556677,Usage,2026-02-03T15:00:00Z,2026-02-03T16:00:00Z,AmazonEC2,USWE-BoxUsage:c5.xlarge,RunInstances,us-west-2a,i-042b847d0faeb4101,1.0,8.0,8.0,0.17,0.17,0.167484,0.167431,Hrs,0.17,0.17,Amazon Elastic Compute Cloud,c5.xlarge,4,8 GiB,Linux,us-west-2,AmazonEC2,3.09,3.0,6.32,295,2026-01-05T23:30:31Z,,,,,,,,,,,,,,,,
f4b1a47e54d1442986e5b5e12645a7e2,2026-02-04T00:00:00Z/2026-02-04T01:00:00Z,112233445566,2026-02-01T00:00:00Z,2026-03-01T00:00:00Z,AWS,223344556677,Usage,2026-02-04T00:00:00Z,2026-02-04T01:00:00Z,AmazonEC2,USWE-BoxUsage:c5.xlarge,RunInstances,us-west-2a,i-042b847d0faeb4101,1.0,8.0,8.0,0.17,0.17,0.16694,0.170053,Hrs,0.17,0.17,Amazon Elastic Compute Cloud,c5.xlarge,4,8 GiB,Linux,us-west-2,AmazonEC2,4.56,6.33,1.47,491,2026-01-01T07:02:43Z,,,,,,,,,,,,,,,,
9775c185ebb649cba58c49c20530d69e,2026-02-04T09:00:00Z/2026-02-04T10:00:00Z,112233445566,2026-02-01T00:00:00Z,2026-03-01T00:00:00Z,AWS,223344556677,Usage,2026-02-04T09:00:00Z,2026-02-04T10:00:00Z,AmazonEC2,USWE-BoxUsage:c5.xlarge,RunInstances,us-west-2a,i-042b847d0faeb4101,1.0,8.0,8.0,0.17,0.17,0.172751,0.177998,Hrs,0.17,0.17,Amazon Elastic Compute Cloud,c5.xlarge,4,8 GiB,Linux,us-west-2,AmazonEC2,1.19,3.56,1.91,431,2025-12-27T19:46:32Z,,,,,,,,,,,,,,,,
64effd9555a54dc2b331337af1941cf5,2026-02-04T18:00:00Z/2026-02-04T19:00:00Z,112233445566,2026-02-01T00:00:00Z,2026-03-01T00:00:00Z,AWS,223344556677,Usage,2026-02-04T18:00:00Z,2026-02-04T19:00:00Z,AmazonEC2,USWE-BoxUsage:c5.xlarge,RunInstances,us-west-2a,i-042b847d0faeb4101,1.0,8.0,8.0,0.17,0.17,0.164452,0.164019,Hrs,0.17,0.17,Amazon Elastic Compute Cloud,c5.xlarge,4,8 GiB,Linux,us-west-2,AmazonEC2,4.1,4.91,2.51,600,2026-01-07T00:28:39Z,,,,,,,,,,,,,,,,
2a4ee6d645a9462797f4a5269c3756df,2026-02-05T03:00:00Z/2026-02-05T04:00:00Z,112233445566,2026-02-01T00:00:00Z,2026-03-01T00:00:00Z,AWS,223344556677,Usage,2026-02-05T03:00:00Z,2026-02-05T04:00:00Z,AmazonEC2,USWE-BoxUsage:c5.xlarge,RunInstances,us-west-2a,i-042b847d0faeb4101,1.0,8.0,8.0,0.17,0.17,0.16404,0.162359,Hrs,0.17,0.17,Amazon Elastic Compute Cloud,c5.xlarge,4,8 GiB,Linux,us-west-2,AmazonEC2,2.39,8.12,7.36,377,2025-12-30T18:08:17Z,,,,,,,,,,,,,,,,
69c99b5a3a1843b09b8a125394712c5c,2026-02-05T12:00:00Z/2026-02-05T13:00:00Z,112233445566,2026-02-01T00:00:00Z,2026-03-01T00:00:00Z,AWS,223344556677,Usage,2026-02-05T12:00:00Z,2026-02-05T13:00:00Z,AmazonEC2,USWE-BoxUsage:c5.xlarge,RunInstances,us-west-2a,i-042b847d0faeb4101,1.0,8.0,8.0,0.17,0.17,0.165457,0.163415,Hrs,0.17,0.17,Amazon Elastic Compute Cloud,c5.xlarge,4,8 GiB,Linux,us-west-2,AmazonEC2,1.52,7.54,2.48,509,2026-01-05T20:56:54Z,,,,,,,,,,,,,,,,
dc7e8bcf70e5427ead5e88447ee0ebe3,2026-02-05T21:00:00Z/2026-02-05T22:00:00Z,112233445566,2026-02-01T00:00:00Z,2026-03-01T00:00:00Z,AWS,223344556677,Usage,2026-02-05T21:00:00Z,2026-02-05T22:00:00Z,AmazonEC2,USWE-BoxUsage:c5.xlarge,RunInstances,us-west-2a,i-042b847d0faeb4101,1.0,8.0,8.0,0.17,0.17,0.163775,0.17743,Hrs,0.17,0.17,Amazon Elastic Compute Cloud,c5.xlarge,4,8 GiB,Linux,us-west-2,AmazonEC2,2.64,3.04,5.7,660,2025-12-28T09:45:07Z,,,,,,,,,,,,,,,,
831250b9893341c1aabeb400a99ca3f3,2026-02-06T06:00:00Z/2026-02-06T07:00:00Z,112233445566,2026-02-01T00:00:00Z,2026-03-01T00:00:00Z,AWS,223344556677,Usage,2026-02-06T06:00:00Z,2026-02-06T07:00:00Z,AmazonEC2,USWE-BoxUsage:c5.xlarge,RunInstances,us-west-2a,i-042b847d0faeb4101,1.0,8.0,8.0,0.17,0.17,0.169431,0.16245,Hrs,0.17,0.17,Amazon Elastic Compute Cloud,c5.xlarge,4,8 GiB,Linux,us-west-2,AmazonEC2,4.1,5.06,5.38,457,2026-01-10T02:50:20Z,,,,,,,,,,,,,,,,
f7ca98d4a1dc401290f94494e98032ca,2026-02-06T15:00:00Z/2026-02-06T16:00:00Z,112233445566,2026-02-01T00:00:00Z,2026-03-01T00:00:00Z,AWS,223344556677,Usage,2026-02-06T15:00:00Z,2026-02-06T16:00:00Z,AmazonEC2,USWE-BoxUsage:c5.xlarge,RunInstances,us-west-2a,i-042b847d0faeb4101,1.0,8.0,8.0,0.17,0.17,0.171709,0.1744,Hrs,0.17,0.17,Amazon Elastic Compute Cloud,c5.xlarge,4,8 GiB,Linux,us-west-2,AmazonEC2,4.07,8.1,1.19,702,2026-01-03T16:33:56Z,,,,,,,,,,,,,,,,
9fb79059aa7e4b988ee320bc85988743,2026-02-07T00:00:00Z/2026-02-07T01:00:00Z,112233445566,2026-02-01T00:00:00Z,2026-03-01T00:00:00Z,AWS,223344556677,Usage,2026-02-07T00:00:00Z,2026-02-07T01:00:00Z,AmazonEC2,USWE-BoxUsage:c5.xlarge,RunInstances,us-west-2a,i-042b847d0faeb4101,1.0,8.0,8.0,0.17,0.17,0.164046,0.167114,Hrs,0.17,0.17,Amazon Elastic Compute Cloud,c5.xlarge,4,8 GiB,Linux,us-west-2,AmazonEC2,2.78,8.56,6.2,642,2026-01-08T16:38:19Z,,,,,,,,,,,,,,,,
9002648a276e4a5da16613a66d9e58b5,2026-02-07T09:00:00Z/2026-02-07T10:00:00Z,112233445566,2026-02-01T00:00:00Z,2026-03-01T00:00:00Z,AWS,223344556677,Usage,2026-02-07T09:00:00Z,2026-02-07T10:00:00Z,AmazonEC2,USWE-BoxUsage:c5.xlarge,RunInstances,us-west-2a,i-042b847d0faeb4101,1.0,8.0,8.0,0.17,0.17,0.167907,0.166777,Hrs,0.17,0.17,Amazon Elastic Compute Cloud,c5.xlarge,4,8 GiB,Linux,us-west-2,AmazonEC2,4.88,9.04,6.95,538,2025-12-28T19:03:49Z,,,,,,,,,,,,,,,,
90db7f4580e94266a1d09cc7e3cf467c,2026-02-07T18:00:00Z/2026-02-07T19:00:00Z,112233445566,2026-02-01T00:00:00Z,2026-03-01T00:00:00Z,AWS,223344556677,Usage,2026-02-07T18:00:00Z,2026-02-07T19:00:00Z,AmazonEC2,USWE-BoxUsage:c5.xlarge,RunInstances,us-west-2a,i-042b847d0faeb4101,1.0,8.0,8.0,0.17,0.17,0.170478,0.171782,Hrs,0.17,0.17,Amazon Elastic Compute Cloud,c5.xlarge,4,8 GiB,Linux,us-west-2,AmazonEC2,2.49,2.05,1.66,421,2026-01-21T09:24:32Z,,,,,,,,,,,,,,,,
f3288fe65f0a4eca94fe8b8f2fcdcd74,2026-02-08T03:00:00Z/2026-02-08T04:00:00Z,112233445566,2026-02-01T00:00:00Z,2026-03-01T00:00:00Z,AWS,223344556677,Usage,2026-02-08T03:00:00Z,2026-02-08T04:00:00Z,AmazonEC2,USWE-BoxUsage:c5.xlarge,RunInstances,us-west-2a,i-042b847d0faeb4101,1.0,8.0,8.0,0.17,0.17,0.163795,0.161799,Hrs,0.17,0.17,Amazon Elastic Compute Cloud,c5.xlarge,4,8 GiB,Linux,us-west-2,AmazonEC2,1.4,3.54,5.97,513,2026-01-10T06:15:18Z,,,,,,,,,,,,,,,,
42a6094bc27b41ba881bd63321828f15,2026-02-08T12:00:00Z/2026-02-08T13:00:00Z,112233445566,2026-02-01T00:00:00Z,2026-03-01T00:00:00Z,AWS,223344556677,Usage,2026-02-08T12:00:00Z,2026-02-08T13:00:00Z,AmazonEC2,USWE-BoxUsage:c5.xlarge,RunInstances,us-west-2a,i-042b847d0faeb4101,1.0,8.0,8.0,0.17,0.17,0.173957,0.164114,Hrs,0.17,0.17,Amazon Elastic Compute Cloud,c5.xlarge,4,8 GiB,Linux,us-west-2,AmazonEC2,1.46,4.5,5.29,309,2025-12-31T00:20:54Z,,,,,,,,,,,,,,,,
88dabe5e210743f5a5c81928292c9fa9,2026-02-08T21:00:00Z/2026-02-08T22:00:00Z,112233445566,2026-02-01T00:00:00Z,2026-03-01T00:00:00Z,AWS,223344556677,Usage,2026-02-08T21:00:00Z,2026-02-08T22:00:00Z,AmazonEC2,USWE-BoxUsage:c5.xlarge,RunInstances,us-west-2a,i-042b847d0faeb4101,1.0,8.0,8.0,0.17,0.17,0.165872,0.168279,Hrs,0.17,0.17,Amazon Elastic Compute Cloud,c5.xlarge,4,8 GiB,Linux,us-west-2,AmazonEC2,3.18,2.64,4.01,691,2026-01-08T01:38:23Z,,,,,,,,,,,,,,,,
b38b32015f3b4d18b71a75737f841239,2026-02-09T06:00:00Z/2026-02-09T07:00:00Z,112233445566,2026-02-01T00:00:00Z,2026-03-01T00:00:00Z,AWS,223344556677,Usage,2026-02-09T06:00:00Z,2026-02-09T07:00:00Z,AmazonEC2,USWE-BoxUsage:c5.xlarge,RunInstances,us-west-2a,i-042b847d0faeb4101,1.0,8.0,8.0,0.17,0.17,0.171129,0.174576,Hrs,0.17,0.17,Amazon Elastic Compute Cloud,c5.xlarge,4,8 GiB,Linux,us-west-2,AmazonEC2,2.78,7.94,1.15,653,2026-01-19T18:30:01Z,,,,,,,,,,,,,,,,
84ccdefc24a3400c9380ce09825d1b95,2026-02-09T15:00:00Z/2026-02-09T16:00:00Z,112233445566,2026-02-01T00:00:00Z,2026-03-01T00:00:00Z,AWS,223344556677,Usage,2026-02-09T15:00:00Z,2026-02-09T16:00:00Z,AmazonEC2,USWE-BoxUsage:c5.xlarge,RunInstances,us-west-2a,i-042b847d0faeb4101,1.0,8.0,8.0,0.17,0.17,0.173779,0.164673,Hrs,0.17,0.17,Amazon Elastic Compute Cloud,c5.xlarge,4,8 GiB,Linux,us-west-2,AmazonEC2,3.26,2.15,3.73,718,2025-12-28T05:38:45Z,,,,,,,,,,,,,,,,
3cd4739a0cc346d4b27694a756e91ce2,2026-02-10T00:00:00Z/2026-02-10T01:00:00Z,112233445566,2026-02-01T00:00:00Z,2026-03-01T00:00:00Z,AWS,223344556677,Usage,2026-02-10T00:00:00Z,2026-02-10T01:00:00Z,AmazonEC2,USWE-BoxUsage:c5.xlarge,RunInstances,us-west-2a,i-042b847d0faeb4101,1.0,8.0,8.0,0.17,0.17,0.172061,0.173442,Hrs,0.17,0.17,Amazon Elastic Compute Cloud,c5.xlarge,4,8 GiB,Linux,us-west-2,AmazonEC2,2.94,6.5,4.59,469,2026-01-21T05:44:45Z,,,,,,,,,,,,,,,,
7de4690deb274580abf30e23cff8773d,2026-02-10T09:00:00Z/2026-02-10T10:00:00Z,112233445566,2026-02-01T00:00:00Z,2026-03-01T00:00:00Z,AWS,223344556677,Usage,2026-02-10T09:00:00Z,2026-02-10T10:00:00Z,AmazonEC2,USWE-BoxUsage:c5.xlarge,RunInstances,us-west-2a,i-042b847d0faeb4101,1.0,8.0,8.0,0.17,0.17,0.174237,0.17413,Hrs,0.17,0.17,Amazon Elastic Compute Cloud,c5.xlarge,4,8 GiB,Linux,us-west-2,AmazonEC2,3.91,6.72,6.9,492,2026-01-15T04:22:45Z,,,,,,,,,,,,,,,,
fee53a7969bd4284a3045f498a72d465,2026-02-10T18:00:00Z/2026-02-10T19:00:00Z,112233445566,2026-02-01T00:00:00Z,2026-03-01T00:00:00Z,AWS,223344556677,Usage,2026-02-10T18:00:00Z,2026-02-10T19:00:00Z,AmazonEC2,USWE-BoxUsage:c5.xlarge,RunInstances,us-west-2a,i-042b847d0faeb4101,1.0,8.0,8.0,0.17,0.17,0.167356,0.174768,Hrs,0.17,0.17,Amazon Elastic Compute Cloud,c5.xlarge,4,8 GiB,Linux,us-west-2,AmazonEC2,4.29,5.11,7.77,643,2025-12-29T12:11:10Z,,,,,,,,,,,,,,,,
f72cefd666e741d0b826350bb3a62a8f,2026-02-11T03:00:00Z/2026-02-11T04:00:00Z,112233445566,2026-02-01T00:00:00Z,2026-03-01T00:00:00Z,AWS,223344556677,Usage,2026-02-11T03:00:00Z,2026-02-11T04:00:00Z,AmazonEC2,USWE-BoxUsage:c5.xlarge,RunInstances,us-west-2a,i-042b847d0faeb4101,1.0,8.0,8.0,0.17,0.17,0.173298,0.162766,Hrs,0.17,0.17,Amazon Elastic Compute Cloud,c5.xlarge,4,8 GiB,Linux,us-west-2,AmazonEC2,4.28,5.21,3.6,342,2026-01-15T00:51:58Z,,,,,,,,,,,,,,,,
78e30dec64dd46f0acbc16cd56af9351,2026-02-11T12:00:00Z/2026-02-11T13:00:00Z,112233445566,2026-02-01T00:00:00Z,2026-03-01T00:00:00Z,AWS,223344556677,Usage,2026-02-11T12:00:00Z,2026-02-11T13:00:00Z,AmazonEC2,USWE-BoxUsage:c5.xlarge,RunInstances,us-west-2a,i-042b847d0faeb4101,1.0,8.0,8.0,0.17,0.17,0.170133,0.164793,Hrs,0.17,0.17,Amazon Elastic Compute Cloud,c5.xlarge,4,8 GiB,Linux,us-west-2,AmazonEC2,0.71,5.11,3.93,503,2025-12-29T12:44:50Z,,,,,,,,,,,,,,,,
963136e3e3f74b4db9306114978c38aa,2026-02-11T21:00:00Z/2026-02-11T22:00:00Z,112233445566,2026-02-01T00:00:00Z,2026-03-01T00:00:00Z,AWS,223344556677,Usage,2026-02-11T21:00:00Z,2026-02-11T22:00:00Z,AmazonEC2,USWE-BoxUsage:c5.xlarge,RunInstances,us-west-2a,i-042b847d0faeb4101,1.0,8.0,8.0,0.17,0.17,0.175356,0.173296,Hrs,0.17,0.17,Amazon Elastic Compute Cloud,c5.xlarge,4,8 GiB,Linux,us-west-2,AmazonEC2,3.41,9.41,3.31,522,2026-01-23T02:32:49Z,,,,,,,,,,,,,,,,
818cbd3fe86344b5b858dcbf28002093,2026-02-12T06:00:00Z/2026-02-12T07:00:00Z,112233445566,2026-02-01T00:00:00Z,2026-03-01T00:00:00Z,AWS,223344556677,Usage,2026-02-12T06:00:00Z,2026-02-12T07:00:00Z,AmazonEC2,USWE-BoxUsage:c5.xlarge,RunInstances,us-west-2a,i-042b847d0faeb4101,1.0,8.0,8.0,0.17,0.17,0.167974,0.164597,Hrs,0.17,0.17,Amazon Elastic Compute Cloud,c5.xlarge,4,8 GiB,Linux,us-west-2,AmazonEC2,3.61,5.91,6.39,660,2026-01-28T04:15:18Z,,,,,,,,,,,,,,,,
36da9ed3e5e845478f2f3f345d45235a,2026-02-12T15:00:00Z/2026-02-12T16:00:00Z,112233445566,2026-02-01T00:00:00Z,2026-03-01T00:00:00Z,AWS,223344556677,Usage,2026-02-12T15:00:00Z,2026-02-12T16:00:00Z,AmazonEC2,USWE-BoxUsage:c5.xlarge,RunInstances,us-west-2a,i-042b847d0faeb4101,1.0,8.0,8.0,0.17,0.17,0.165052,0.174426,Hrs,0.17,0.17,Amazon Elastic Compute Cloud,c5.xlarge,4,8 GiB,Linux,us-west-2,AmazonEC2,4.23,5.33,2.51,332,2026-01-23T00:11:46Z,,,,,,,,,,,,,,,,
634ed829436b49a4a3ef465a8dfa8a6b,2026-02-13T00:00:00Z/2026-02-13T01:00:00Z,112233445566,2026-02-01T00:00:00Z,2026-03-01T00:00:00Z,AWS,223344556677,Usage,2026-02-13T00:00:00Z,2026-02-13T01:00:00Z,AmazonEC2,USWE-BoxUsage:c5.xlarge,RunInstances,us-west-2a,i-042b847d0faeb4101,1.0,8.0,8.0,0.17,0.17,0.172075,0.176607,Hrs,0.17,0.17,Amazon Elastic Compute Cloud,c5.xlarge,4,8 GiB,Linux,us-west-2,AmazonEC2,4.23,9.75,7.46,549,2025-12-30T07:57:19Z,,,,,,,,,,,,,,,,
ff31c5f3a0dd4965abc1a061811ac6d6,2026-02-13T09:00:00Z/2026-02-13T10:00:00Z,112233445566,2026-02-01T00:00:00Z,2026-03-01T00:00:00Z,AWS,223344556677,Usage,2026-02-13T09:00:00Z,2026-02-13T10:00:00Z,AmazonEC2,USWE-BoxUsage:c5.xlarge,RunInstances,us-west-2a,i-042b847d0faeb4101,1.0,8.0,8.0,0.17,0.17,0.162847,0.16551,Hrs,0.17,0.17,Amazon Elastic Compute Cloud,c5.xlarge,4,8 GiB,Linux,us-west-2,AmazonEC2,4.44,7.04,7.75,588,2026-01-10T13:29:36Z,,,,,,,,,,,,,,,,
f9ad1796b4624cb4a2d1dc0bff277e10,2026-02-13T18:00:00Z/2026-02-13T19:00:00Z,112233445566,2026-02-01T00:00:00Z,2026-03-01T00:00:00Z,AWS,223344556677,Usage,2026-02-13T18:00:00Z,2026-02-13T19:00:00Z,AmazonEC2,USWE-BoxUsage:c5.xlarge,RunInstances,us-west-2a,i-042b847d0faeb4101,1.0,8.0,8.0,0.17,0.17,0.162073,0.163427,Hrs,0.17,0.17,Amazon Elastic Compute Cloud,c5.xlarge,4,8 GiB,Linux,us-west-2,AmazonEC2,1.36,2.27,5.88,439,2026-01-23T11:44:47Z,,,,,,,,,,,,,,,,
f9cd27c429d8409ba09af6ce04247748,2026-02-14T03:00:00Z/2026-02-14T04:00:00Z,112233445566,2026-02-01T00:00:00Z,2026-03-01T00:00:00Z,AWS,223344556677,Usage,2026-02-14T03:00:00Z,2026-02-14T04:00:00Z,AmazonEC2,USWE-BoxUsage:c5.xlarge,RunInstances,us-west-2a,i-042b847d0faeb4101,1.0,8.0,8.0,0.17,0.17,0.175383,0.175748,Hrs,0.17,0.17,Amazon Elastic Compute Cloud,c5.xlarge,4,8 GiB,Linux,us-west-2,AmazonEC2,0.91,8.47,5.29,382,2026-01-14T22:51:07Z,,,,,,,,,,,,,,,,
ac03096c55d0430caa47e11a6a0ce597,2026-02-14T12:00:00Z/2026-02-14T13:00:00Z,112233445566,2026-02-01T00:00:00Z,2026-03-01T00:00:00Z,AWS,223344556677,Usage,2026-02-14T12:00:00Z,2026-02-14T13:00:00Z,AmazonEC2,USWE-BoxUsage:c5.xlarge,RunInstances,us-west-2a,i-042b847d0faeb4101,1.0,8.0,8.0,0.17,0.17,0.169325,0.167215,Hrs,0.17,0.17,Amazon Elastic Compute Cloud,c5.xlarge,4,8 GiB,Linux,us-west-2,AmazonEC2,2.83,3.19,3.81,543,2026-01-11T04:07:32Z,,,,,,,,,,,,,,,,
e89e74a231c04a9994a4cd48be6426eb,2026-02-14T21:00:00Z/2026-02-14T22:00:00Z,112233445566,2026-02-01T00:00:00Z,2026-03-01T00:00:00Z,AWS,223344556677,Usage,2026-02-14T21:00:00Z,2026-02-14T22:00:00Z,AmazonEC2,USWE-BoxUsage:c5.xlarge,RunInstances,us-west-2a,i-042b847d0faeb4101,1.0,8.0,8.0,0.17,0.17,0.170377,0.16526,Hrs,0.17,0.17,Amazon Elastic Compute Cloud,c5.xlarge,4,8 GiB,Linux,us-west-2,AmazonEC2,3.2,2.21,2.72,400,2026-01-04T08:00:21Z,,,,,,,,,,,,,,,,
f655c745366042a88158a09900836d10,2026-02-15T06:00:00Z/2026-02-15T07:00:00Z,112233445566,2026-02-01T00:00:00Z,2026-03-01T00:00:00Z,AWS,223344556677,Usage,2026-02-15T06:00:00Z,2026-02-15T07:00:00Z,AmazonEC2,USWE-BoxUsage:c5.xlarge,RunInstances,us-west-2a,i-042b847d0faeb4101,1.0,8.0,8.0,0.17,0.17,0.173303,0.175833,Hrs,0.17,0.17,Amazon Elastic Compute Cloud,c5.xlarge,4,8 GiB,Linux,us-west-2,AmazonEC2,0.78,6.0,3.55,496,2026-01-02T17:31:20Z,,,,,,,,,,,,,,,,
069c7801a2734b2790cd0497c7e207fb,2026-02-15T15:00:00Z/2026-02-15T16:00:00Z,112233445566,2026-02-01T00:00:00Z,2026-03-01T00:00:00Z,AWS,223344556677,Usage,2026-02-15T15:00:00Z,2026-02-15T16:00:00Z,AmazonEC2,USWE-BoxUsage:c5.xlarge,RunInstances,us-west-2a,i-042b847d0faeb4101,1.0,8.0,8.0,0.17,0.17,0.168978,0.173042,Hrs,0.17,0.17,Amazon Elastic Compute Cloud,c5.xlarge,4,8 GiB,Linux,us-west-2,AmazonEC2,3.15,5.84,3.78,692,2026-01-16T01:31:20Z,,,,,,,,,,,,,,,,
2a0440c478bd4ec2b7068d3e60d2a031,2026-02-16T00:00:00Z/2026-02-16T01:00:00Z,112233445566,2026-02-01T00:00:00Z,2026-03-01T00:00:00Z,AWS,223344556677,Usage,2026-02-16T00:00:00Z,2026-02-16T01:00:00Z,AmazonEC2,USWE-BoxUsage:c5.xlarge,RunInstances,us-west-2a,i-042b847d0faeb4101,1.0,8.0,8.0,0.17,0.17,0.173628,0.172185,Hrs,0.17,0.17,Amazon Elastic Compute Cloud,c5.xlarge,4,8 GiB,Linux,us-west-2,AmazonEC2,4.87,8.09,2.37,348,2026-01-05T03:47:53Z,,,,,,,,,,,,,,,,
beb866d4f2074c7cb857d0189ca22e2f,2026-02-16T09:00:00Z/2026-02-16T10:00:00Z,112233445566,2026-02-01T00:00:00Z,2026-03-01T00:00:00Z,AWS,223344556677,Usage,2026-02-16T09:00:00Z,2026-02-16T10:00:00Z,AmazonEC2,USWE-BoxUsage:c5.xlarge,RunInstances,us-west-2a,i-042b847d0faeb4101,1.0,8.0,8.0,0.17,0.17,0.173768,0.177347,Hrs,0.17,0.17,Amazon Elastic Compute Cloud,c5.xlarge,4,8 GiB,Linux,us-west-2,AmazonEC2,1.71,9.42,6.95,344,2026-01-16T07:26:55Z,,,,,,,,,,,,,,,,
18f616433bc1475a9e18cf2cfd1de237,2026-02-16T18:00:00Z/2026-02-16T19:00:00Z,112233445566,2026-02-01T00:00:00Z,2026-03-01T00:00:00Z,AWS,223344556677,Usage,2026-02-16T18:00:00Z,2026-02-16T19:00:00Z,AmazonEC2,USWE-BoxUsage:c5.xlarge,RunInstances,us-west-2a,i-042b847d0faeb4101,1.0,8.0,8.0,0.17,0.17,0.173776,0.177368,Hrs,0.17,0.17,Amazon Elastic Compute Cloud,c5.xlarge,4,8 GiB,Linux,us-west-2,AmazonEC2,4.78,4.0,7.99,695,2026-01-19T12:47:37Z,,,,,,,,,,,,,,,,
4911c257eeb8453788b8ae0460e5e93d,2026-02-17T03:00:00Z/2026-02-17T04:00:00Z,112233445566,2026-02-01T00:00:00Z,2026-03-01T00:00:00Z,AWS,223344556677,Usage,2026-02-17T03:00:00Z,2026-02-17T04:00:00Z,AmazonEC2,USWE-BoxUsage:c5.xlarge,RunInstances,us-west-2a,i-042b847d0faeb4101,1.0,8.0,8.0,0.17,0.17,0.164573,0.172023,Hrs,0.17,0.17,Amazon Elastic Compute Cloud,c5.xlarge,4,8 GiB,Linux,us-west-2,AmazonEC2,2.94,4.41,3.64,618,2026-02-02T11:38:56Z,,,,,,,,,,,,,,,,
7bcb4a5aa4284130914f0f5e2166f2a7,2026-02-17T12:00:00Z/2026-02-17T13:00:00Z,112233445566,2026-02-01T00:00:00Z,2026-03-01T00:00:00Z,AWS,223344556677,Usage,2026-02-17T12:00:00Z,2026-02-17T13:00:00Z,AmazonEC2,USWE-BoxUsage:c5.xlarge,RunInstances,us-west-2a,i-042b847d0faeb4101,1.0,8.0,8.0,0.17,0.17,0.168909,0.174471,Hrs,0.17,0.17,Amazon Elastic Compute Cloud,c5.xlarge,4,8 GiB,Linux,us-west-2,AmazonEC2,3.57,3.41,3.72,603,2026-01-05T09:02:44Z,,,,,,,,,,,,,,,,
6e05c19fa14d4cc4a972e8c02f0c55e7,2026-02-17T21:00:00Z/2026-02-17T22:00:00Z,112233445566,2026-02-01T00:00:00Z,2026-03-01T00:00:00Z,AWS,223344556677,Usage,2026-02-17T21:00:00Z,2026-02-17T22:00:00Z,AmazonEC2,USWE-BoxUsage:c5.xlarge,RunInstances,us-west-2a,i-042b847d0faeb4101,1.0,8.0,8.0,0.17,0.17,0.169137,0.162472,Hrs,0.17,0.17,Amazon Elastic Compute Cloud,c5.xlarge,4,8 GiB,Linux,us-west-2,AmazonEC2,2.62,9.92,6.02,622,2026-01-15T07:19:12Z,,,,,,,,,,,,,,,,
598a935bbfc741cba8a428ea8637c65f,2026-02-18T06:00:00Z/2026-02-18T07:00:00Z,112233445566,2026-02-01T00:00:00Z,2026-03-01T00:00:00Z,AWS,223344556677,Usage,2026-02-18T06:00:00Z,2026-02-18T07:00:00Z,AmazonEC2,USWE-BoxUsage:c5.xlarge,RunInstances,us-west-2a,i-042b847d0faeb4101,1.0,8.0,8.0,0.17,0.17,0.174609,0.167515,Hrs,0.17,0.17,Amazon Elastic Compute Cloud,c5.xlarge,4,8 GiB,Linux,us-west-2,AmazonEC2,4.65,8.82,7.57,685,2026-01-17T12:49:42Z,,,,,,,,,,,,,,,,
6d759722a68f41e3a01c213848609ebe,2026-02-18T15:00:00Z/2026-02-18T16:00:00Z,112233445566,2026-02-01T00:00:00Z,2026-03-01T00:00:00Z,AWS,223344556677,Usage,2026-02-18T15:00:00Z,2026-02-18T16:00:00Z,AmazonEC2,USWE-BoxUsage:c5.xlarge,RunInstances,us-west-2a,i-042b847d0faeb4101,1.0,8.0,8.0,0.17,0.17,0.174729,0.167888,Hrs,0.17,0.17,Amazon Elastic Compute Cloud,c5.xlarge,4,8 GiB,Linux,us-west-2,AmazonEC2,1.34,5.56,3.68,582,2026-01-29T13:38:17Z,,,,,,,,,,,,,,,,
0c28e51e17f648cfb2ead10d3cf07c45,2026-02-19T00:00:00Z/2026-02-19T01:00:00Z,112233445566,2026-02-01T00:00:00Z,2026-03-01T00:00:00Z,AWS,223344556677,Usage,2026-02-19T00:00:00Z,2026-02-19T01:00:00Z,AmazonEC2,USWE-BoxUsage:c5.xlarge,RunInstances,us-west-2a,i-042b847d0faeb4101,1.0,8.0,8.0,0.17,0.17,0.164265,0.172607,Hrs,0.17,0.17,Amazon Elastic Compute Cloud,c5.xlarge,4,8 GiB,Linux,us-west-2,AmazonEC2,2.06,2.63,2.85,676,2026-01-25T15:21:42Z,,,,,,,,,,,,,,,,
f948ec789a0f49afa1db6c23a5fa20fd,2026-02-19T09:00:00Z/2026-02-19T10:00:00Z,112233445566,2026-02-01T00:00:00Z,2026-03-01T00:00:00Z,AWS,223344556677,Usage,2026-02-19T09:00:00Z,2026-02-19T10:00:00Z,AmazonEC2,USWE-BoxUsage:c5.xlarge,RunInstances,us-west-2a,i-042b847d0faeb4101,1.0,8.0,8.0,0.17,0.17,0.165323,0.163118,Hrs,0.17,0.17,Amazon Elastic Compute Cloud,c5.xlarge,4,8 GiB,Linux,us-west-2,AmazonEC2,1.36,3.71,3.88,672,2026-02-03T07:29:44Z,,,,,,,,,,,,,,,,
178f836414384af5bed24f19096cbfe0,2026-02-19T18:00:00Z/2026-02-19T19:00:00Z,112233445566,2026-02-01T00:00:00Z,2026-03-01T00:00:00Z,AWS,223344556677,Usage,2026-02-19T18:00:00Z,2026-02-19T19:00:00Z,AmazonEC2,USWE-BoxUsage:c5.xlarge,RunInstances,us-west-2a,i-042b847d0faeb4101,1.0,8.0,8.0,0.17,0.17,0.162982,0.176528,Hrs,0.17,0.17,Amazon Elastic Compute Cloud,c5.xlarge,4,8 GiB,Linux,us-west-2,AmazonEC2,1.83,6.14,3.23,633,2026-02-02T07:07:27Z,,,,,,,,,,,,,,,,
82f2a282995f40bca1245595e849a8de,2026-02-20T03:00:00Z/2026-02-20T04:00:00Z,112233445566,2026-02-01T00:00:00Z,2026-03-01T00:00:00Z,AWS,223344556677,Usage,2026-02-20T03:00:00Z,2026-02-20T04:00:00Z,AmazonEC2,USWE-BoxUsage:c5.xlarge,RunInstances,us-west-2a,i-042b847d0faeb4101,1.0,8.0,8.0,0.17,0.17,0.17752,0.168483,Hrs,0.17,0.17,Amazon Elastic Compute Cloud,c5.xlarge,4,8 GiB,Linux,us-west-2,AmazonEC2,2.11,3.19,3.77,714,2026-02-01T06:25:09Z,,,,,,,,,,,,,,,,
ff680689fba74db4b4a07eb48adc3e82,2026-02-20T12:00:00Z/2026-02-20T13:00:00Z,112233445566,2026-02-01T00:00:00Z,2026-03-01T00:00:00Z,AWS,223344556677,Usage,2026-02-20T12:00:00Z,2026-02-20T13:00:00Z,AmazonEC2,USWE-BoxUsage:c5.xlarge,RunInstances,us-west-2a,i-042b847d0faeb4101,1.0,8.0,8.0,0.17,0.17,0.162933,0.175968,Hrs,0.17,0.17,Amazon Elastic Compute Cloud,c5.xlarge,4,8 GiB,Linux,us-west-2,AmazonEC2,2.08,4.53,4.68,470,2026-02-01T06:18:13Z,,,,,,,,,,,,,,,,
8efa926839cd400280a93b947c788cec,2026-02-20T21:00:00Z/2026-02-20T22:00:00Z,112233445566,2026-02-01T00:00:00Z,2026-03-01T00:00:00Z,AWS,223344556677,Usage,2026-02-20T21:00:00Z,2026-02-20T22:00:00Z,AmazonEC2,USWE-BoxUsage:c5.xlarge,RunInstances,us-west-2a,i-042b847d0faeb4101,1.0,8.0,8.0,0.17,0.17,0.177751,0.174964,Hrs,0.17,0.17,Amazon Elastic Compute Cloud,c5.xlarge,4,8 GiB,Linux,us-west-2,AmazonEC2,4.36,8.58,7.48,471,2026-01-07T17:55:55Z,,,,,,,,,,,,,,,,
6d0282ea7ece46e7bbbc0523a0050450,2026-02-21T06:00:00Z/2026-02-21T07:00:00Z,112233445566,2026-02-01T00:00:00Z,2026-03-01T00:00:00Z,AWS,223344556677,Usage,2026-02-21T06:00:00Z,2026-02-21T07:00:00Z,AmazonEC2,USWE-BoxUsage:c5.xlarge,RunInstances,us-west-2a,i-042b847d0faeb4101,1.0,8.0,8.0,0.17,0.17,0.175952,0.172983,Hrs,0.17,0.17,Amazon Elastic Compute Cloud,c5.xlarge,4,8 GiB,Linux,us-west-2,AmazonEC2,1.12,4.06,7.73,614,2026-01-09T12:58:04Z,,,,,,,,,,,,,,,,
1cc8a7ab4f4a4b08abbba9a2b0ab1163,2026-02-21T15:00:00Z/2026-02-21T16:00:00Z,112233445566,2026-02-01T00:00:00Z,2026-03-01T00:00:00Z,AWS,223344556677,Usage,2026-02-21T15:00:00Z,2026-02-21T16:00:00Z,AmazonEC2,USWE-BoxUsage:c5.xlarge,RunInstances,us-west-2a,i-042b847d0faeb4101,1.0,8.0,8.0,0.17,0.17,0.163839,0.167456,Hrs,0.17,0.17,Amazon Elastic Compute Cloud,c5.xlarge,4,8 GiB,Linux,us-west-2,AmazonEC2,0.95,3.47,1.41,668,2026-02-07T06:34:05Z,,,,,,,,,,,,,,,,
d55a29c7e41943db871fc6d6c996451d,2026-02-22T00:00:00Z/2026-02-22T01:00:00Z,112233445566,2026-02-01T00:00:00Z,2026-03-01T00:00:00Z,AWS,223344556677,Usage,2026-02-22T00:00:00Z,2026-02-22T01:00:00Z,AmazonEC2,USWE-BoxUsage:c5.xlarge,RunInstances,us-west-2a,i-042b847d0faeb4101,1.0,8.0,8.0,0.17,0.17,0.173123,0.175742,Hrs,0.17,0.17,Amazon Elastic Compute Cloud,c5.xlarge,4,8 GiB,Linux,us-west-2,AmazonEC2,1.4,3.45,1.95,689,2026-01-10T17:19:55Z,,,,,,,,,,,,,,,,
f66c8af0d5ca4d8c9d0efb9e831d45f0,2026-02-22T09:00:00Z/2026-02-22T10:00:00Z,112233445566,2026-02-01T00:00:00Z,2026-03-01T00:00:00Z,AWS,223344556677,Usage,2026-02-22T09:00:00Z,2026-02-22T10:00:00Z,AmazonEC2,USWE-BoxUsage:c5.xlarge,RunInstances,us-west-2a,i-042b847d0faeb4101,1.0,8.0,8.0,0.17,0.17,0.17459,0.175766,Hrs,0.17,0.17,Amazon Elastic Compute Cloud,c5.xlarge,4,8 GiB,Linux,us-west-2,AmazonEC2,4.87,9.4,1.56,427,2026-01-26T03:55:33Z,,,,,,,,,,,,,,,,
0832db29744e40ee885c981dfa1bffc4,2026-02-22T18:00:00Z/2026-02-22T19:00:00Z,112233445566,2026-02-01T00:00:00Z,2026-03-01T00:00:00Z,AWS,223344556677,Usage,2026-02-22T18:00:00Z,2026-02-22T19:00:00Z,AmazonEC2,USWE-BoxUsage:c5.xlarge,RunInstances,us-west-2a,i-042b847d0faeb4101,1.0,8.0,8.0,0.17,0.17,0.162656,0.169128,Hrs,0.17,0.17,Amazon Elastic Compute Cloud,c5.xlarge,4,8 GiB,Linux,us-west-2,AmazonEC2,0.53,3.51,1.35,667,2026-01-21T07:56:00Z,,,,,,,,,,,,,,,,
2706577799984642ba35ff8ff2bccc43,2026-02-23T03:00:00Z/2026-02-23T04:00:00Z,112233445566,2026-02-01T00:00:00Z,2026-03-01T00:00:00Z,AWS,223344556677,Usage,2026-02-23T03:00:00Z,2026-02-23T04:00:00Z,AmazonEC2,USWE-BoxUsage:c5.xlarge,RunInstances,us-west-2a,i-042b847d0faeb4101,1.0,8.0,8.0,0.17,0.17,0.165632,0.175279,Hrs,0.17,0.17,Amazon Elastic Compute Cloud,c5.xlarge,4,8 GiB,Linux,us-west-2,AmazonEC2,2.11,2.83,1.0,523,2026-01-17T08:45:30Z,,,,,,,,,,,,,,,,
2e91fc207f754a8e8a50ff70afee48ce,2026-02-23T12:00:00Z/2026-02-23T13:00:00Z,112233445566,2026-02-01T00:00:00Z,2026-03-01T00:00:00Z,AWS,223344556677,Usage,2026-02-23T12:00:00Z,2026-02-23T13:00:00Z,AmazonEC2,USWE-BoxUsage:c5.xlarge,RunInstances,us-west-2a,i-042b847d0faeb4101,1.0,8.0,8.0,0.17,0.17,0.178097,0.173082,Hrs,0.17,0.17,Amazon Elastic Compute Cloud,c5.xlarge,4,8 GiB,Linux,us-west-2,AmazonEC2,2.38,7.61,5.89,480,2026-01-11T00:19:58Z,,,,,,,,,,,,,,,,
420a62d16add4596ab2549bb667af0a0,2026-02-23T21:00:00Z/2026-02-23T22:00:00Z,112233445566,2026-02-01T00:00:00Z,2026-03-01T00:00:00Z,AWS,223344556677,Usage,2026-02-23T21:00:00Z,2026-02-23T22:00:00Z,AmazonEC2,USWE-BoxUsage:c5.xlarge,RunInstances,us-west-2a,i-042b847d0faeb4101,1.0,8.0,8.0,0.17,0.17,0.167318,0.163496,Hrs,0.17,0.17,Amazon Elastic Compute Cloud,c5.xlarge,4,8 GiB,Linux,us-west-2,AmazonEC2,2.08,8.67,7.68,344,2026-02-05T08:18:52Z,,,,,,,,,,,,,,,,
707031d2d8b74ddeab9de37e0bae80a3,2026-02-24T06:00:00Z/2026-02-24T07:00:00Z,112233445566,2026-02-01T00:00:00Z,2026-03-01T00:00:00Z,AWS,223344556677,Usage,2026-02-24T06:00:00Z,2026-02-24T07:00:00Z,AmazonEC2,USWE-BoxUsage:c5.xlarge,RunInstances,us-west-2a,i-042b847d0faeb4101,1.0,8.0,8.0,0.17,0.17,0.176452,0.169321,Hrs,0.17,0.17,Amazon Elastic Compute Cloud,c5.xlarge,4,8 GiB,Linux,us-west-2,AmazonEC2,3.1,5.45,5.0,594,2026-02-05T08:26:28Z,,,,,,,,,,,,,,,,
181a43e3ffab4565a8e646ad8af2d30e,2026-02-24T15:00:00Z/2026-02-24T16:00:00Z,112233445566,2026-02-01T00:00:00Z,2026-03-01T00:00:00Z,AWS,223344556677,Usage,2026-02-24T15:00:00Z,2026-02-24T16:00:00Z,AmazonEC2,USWE-BoxUsage:c5.xlarge,RunInstances,us-west-2a,i-042b847d0faeb4101,1.0,8.0,8.0,0.17,0.17,0.172727,0.16976,Hrs,0.17,0.17,Amazon Elastic Compute Cloud,c5.xlarge,4,8 GiB,Linux,us-west-2,AmazonEC2,2.78,3.01,4.56,498,2026-01-19T17:45:16Z,,,,,,,,,,,,,,,,
e95074902b134e17a8d39cf81e54f18e,2026-02-25T00:00:00Z/2026-02-25T01:00:00Z,112233445566,2026-02-01T00:00:00Z,2026-03-01T00:00:00Z,AWS,223344556677,Usage,2026-02-25T00:00:00Z,2026-02-25T01:00:00Z,AmazonEC2,USWE-BoxUsage:c5.xlarge,RunInstances,us-west-2a,i-042b847d0faeb4101,1.0,8.0,8.0,0.17,0.17,0.163249,0.178244,Hrs,0.17,0.17,Amazon Elastic Compute Cloud,c5.xlarge,4,8 GiB,Linux,us-west-2,AmazonEC2,1.75,4.02,3.62,470,2026-01-20T01:02:58Z,,,,,,,,,,,,,,,,
ae90b081ca3d4b79bfd5a1502a1c4fda,2026-02-25T09:00:00Z/2026-02-25T10:00:00Z,112233445566,2026-02-01T00:00:00Z,2026-03-01T00:00:00Z,AWS,223344556677,Usage,2026-02-25T09:00:00Z,2026-02-25T10:00:00Z,AmazonEC2,USWE-BoxUsage:c5.xlarge,RunInstances,us-west-2a,i-042b847d0faeb4101,1.0,8.0,8.0,0.17,0.17,0.170311,0.171982,Hrs,0.17,0.17,Amazon Elastic Compute Cloud,c5.xlarge,4,8 GiB,Linux,us-west-2,AmazonEC2,3.08,7.01,2.69,485,2026-01-25T06:20:30Z,,,,,,,,,,,,,,,,
a7c3e6548e3e4619a272a0956140a583,2026-02-25T18:00:00Z/2026-02-25T19:00:00Z,112233445566,2026-02-01T00:00:00Z,2026-03-01T00:00:00Z,AWS,223344556677,Usage,2026-02-25T18:00:00Z,2026-02-25T19:00:00Z,AmazonEC2,USWE-BoxUsage:c5.xlarge,RunInstances,us-west-2a,i-042b847d0faeb4101,1.0,8.0,8.0,0.17,0.17,0.169677,0.163752,Hrs,0.17,0.17,Amazon Elastic Compute Cloud,c5.xlarge,4,8 GiB,Linux,us-west-2,AmazonEC2,1.96,3.18,1.31,653,2026-01-22T20:02:32Z,,,,,,,,,,,,,,,,
e36d9e761b714dbb806792eb3b8b5def,2026-02-26T03:00:00Z/2026-02-26T04:00:00Z,112233445566,2026-02-01T00:00:00Z,2026-03-01T00:00:00Z,AWS,223344556677,Usage,2026-02-26T03:00:00Z,2026-02-26T04:00:00Z,AmazonEC2,USWE-BoxUsage:c5.xlarge,RunInstances,us-west-2a,i-042b847d0faeb4101,1.0,8.0,8.0,0.17,0.17,0.175243,0.165962,Hrs,0.17,0.17,Amazon Elastic Compute Cloud,c5.xlarge,4,8 GiB,Linux,us-west-2,AmazonEC2,0.86,8.62,2.14,478,2026-01-22T12:03:37Z,,,,,,,,,,,,,,,,
60a1dec739434a1b93046472a8e94660,2026-02-26T12:00:00Z/2026-02-26T13:00:00Z,112233445566,2026-02-01T00:00:00Z,2026-03-01T00:00:00Z,AWS,223344556677,Usage,2026-02-26T12:00:00Z,2026-02-26T13:00:00Z,AmazonEC2,USWE-BoxUsage:c5.xlarge,RunInstances,us-west-2a,i-042b847d0faeb4101,1.0,8.0,8.0,0.17,0.17,0.175944,0.16461,Hrs,0.17,0.17,Amazon Elastic Compute Cloud,c5.xlarge,4,8 GiB,Linux,us-west-2,AmazonEC2,3.85,7.7,5.19,531,2026-01-14T10:29:01Z,,,,,,,,,,,,,,,,
a621738e8bf2491998245e74d08304e4,2026-02-26T21:00:00Z/2026-02-26T22:00:00Z,112233445566,2026-02-01T00:00:00Z,2026-03-01T00:00:00Z,AWS,223344556677,Usage,2026-02-26T21:00:00Z,2026-02-26T22:00:00Z,AmazonEC2,USWE-BoxUsage:c5.xlarge,RunInstances,us-west-2a,i-042b847d0faeb4101,1.0,8.0,8.0,0.17,0.17,0.1679,0.169906,Hrs,0.17,0.17,Amazon Elastic Compute Cloud,c5.xlarge,4,8 GiB,Linux,us-west-2,AmazonEC2,3.86,6.05,2.73,415,2026-02-06T12:42:12Z,,,,,,,,,,,,,,,,
c21ddf14db3f432cbd4fec5c88613ad3,2026-02-27T06:00:00Z/2026-02-27T07:00:00Z,112233445566,2026-02-01T00:00:00Z,2026-03-01T00:00:00Z,AWS,223344556677,Usage,2026-02-27T06:00:00Z,2026-02-27T07:00:00Z,AmazonEC2,USWE-BoxUsage:c5.xlarge,RunInstances,us-west-2a,i-042b847d0faeb4101,1.0,8.0,8.0,0.17,0.17,0.162096,0.177281,Hrs,0.17,0.17,Amazon Elastic Compute Cloud,c5.xlarge,4,8 GiB,Linux,us-west-2,AmazonEC2,4.42,8.53,6.4,470,2026-01-15T13:11:12Z,,,,,,,,,,,,,,,,
e82cf124f5ef4f42a3092cebb7cfd8a0,2026-02-27T15:00:00Z/2026-02-27T16:00:00Z,112233445566,2026-02-01T00:00:00Z,2026-03-01T00:00:00Z,AWS,223344556677,Usage,2026-02-27T15:00:00Z,2026-02-27T16:00:00Z,AmazonEC2,USWE-BoxUsage:c5.xlarge,RunInstances,us-west-2a,i-042b847d0faeb4101,1.0,8.0,8.0,0.17,0.17,0.166619,0.170956,Hrs,0.17,0.17,Amazon Elastic Compute Cloud,c5.xlarge,4,8 GiB,Linux,us-west-2,AmazonEC2,0.95,2.45,2.95,597,2026-02-03T08:23:06Z,,,,,,,,,,,,,,,,
e0c2b51896a640d6aa2411cc308353d1,2026-02-01T00:00:00Z/2026-02-01T01:00:00Z,112233445566,2026-02-01T00:00:00Z,2026-03-01T00:00:00Z,AWS,223344556677,SavingsPlanCoveredUsage,2026-02-01T00:00:00Z,2026-02-01T01:00:00Z,AmazonEC2,USWE-BoxUsage:r5.large,RunInstances,us-west-2a,i-0322eef1dbc14485e,1.0,4.0,4.0,0.126,0.126,0.089705,0.089705,Hrs,0.126,0.126,Amazon Elastic Compute Cloud,r5.large,2,16 GiB,Linux,us-west-2,AmazonEC2,40.5,51.01,33.81,44,2026-01-29T06:59:10Z,ml,prod,CC500,,,,,,,,arn:aws:savingsplans::223344556677:savingsplan/4ae7ee2b-e013-4194-847d-3da85f7e610f,0.089705,0.089705,0.089705,,
307c021764764ad5829c51765f1ae9f6,2026-02-01T09:00:00Z/2026-02-01T10:00:00Z,112233445566,2026-02-01T00:00:00Z,2026-03-01T00:00:00Z,AWS,223344556677,SavingsPlanCoveredUsage,2026-02-01T09:00:00Z,2026-02-01T10:00:00Z,AmazonEC2,USWE-BoxUsage:r5.large,RunInstances,us-west-2a,i-0322eef1dbc14485e,1.0,4.0,4.0,0.126,0.126,0.089198,0.089198,Hrs,0.126,0.126,Amazon Elastic Compute Cloud,r5.large,2,16 GiB,Linux,us-west-2,AmazonEC2,30.5,43.94,23.34,65,2026-01-29T15:02:56Z,ml,prod,CC500,,,,,,,,arn:aws:savingsplans::223344556677:savingsplan/4ae7ee2b-e013-4194-847d-3da85f7e610f,0.089198,0.089198,0.089198,,
9a82e53f7b8446f587428e88f8c50bae,2026-02-01T18:00:00Z/2026-02-01T19:00:00Z,112233445566,2026-02-01T00:00:00Z,2026-03-01T00:00:00Z,AWS,223344556677,SavingsPlanCoveredUsage,2026-02-01T18:00:00Z,2026-02-01T19:00:00Z,AmazonEC2,USWE-BoxUsage:r5.large,RunInstances,us-west-2a,i-0322eef1dbc14485e,1.0,4.0,4.0,0.126,0.126,0.089053,0.089053,Hrs,0.126,0.126,Amazon Elastic Compute Cloud,r5.large,2,16 GiB,Linux,us-west-2,AmazonEC2,35.73,46.92,19.12,67,2026-01-29T12:38:39Z,ml,prod,CC500,,,,,,,,arn:aws:savingsplans::223344556677:savingsplan/4ae7ee2b-e013-4194-847d-3da85f7e610f,0.089053,0.089053,0.089053,,
3f00b12f3abb422fad6cc6e9cab269b4,2026-02-02T03:00:00Z/2026-02-02T04:00:00Z,112233445566,2026-02-01T00:00:00Z,2026-03-01T00:00:00Z,AWS,223344556677,SavingsPlanCoveredUsage,2026-02-02T03:00:00Z,2026-02-02T04:00:00Z,AmazonEC2,USWE-BoxUsage:r5.large,RunInstances,us-west-2a,i-0322eef1dbc14485e,1.0,4.0,4.0,0.126,0.126,0.082746,0.082746,Hrs,0.126,0.126,Amazon Elastic Compute Cloud,r5.large,2,16 GiB,Linux,us-west-2,AmazonEC2,38.97,33.7,26.3,67,2026-01-30T22:34:24Z,ml,prod,CC500,,,,,,,,arn:aws:savingsplans::223344556677:savingsplan/4ae7ee2b-e013-4194-847d-3da85f7e610f,0.082746,0.082746,0.082746,,
a6d10436bfd6437f98b27b6211d77b4c,2026-02-02T12:00:00Z/2026-02-02T13:00:00Z,112233445566,2026-02-01T00:00:00Z,2026-03-01T00:00:00Z,AWS,223344556677,SavingsPlanCoveredUsage,2026-02-02T12:00:00Z,2026-02-02T13:00:00Z,AmazonEC2,USWE-BoxUsage:r5.large,RunInstances,us-west-2a,i-0322eef1dbc14485e,1.0,4.0,4.0,0.126,0.126,0.088884,0.088884,Hrs,0.126,0.126,Amazon Elastic Compute Cloud,r5.large,2,16 GiB,Linux,us-west-2,AmazonEC2,33.43,37.63,41.51,35,2026-01-29T15:33:42Z,ml,prod,CC500,,,,,,,,arn:aws:savingsplans::223344556677:savingsplan/4ae7ee2b-e013-4194-847d-3da85f7e610f,0.088884,0.088884,0.088884,,
742e934566df4e34ae22f26dc2569175,2026-02-02T21:00:00Z/2026-02-02T22:00:00Z,112233445566,2026-02-01T00:00:00Z,2026-03-01T00:00:00Z,AWS,223344556677,SavingsPlanCoveredUsage,2026-02-02T21:00:00Z,2026-02-02T22:00:00Z,AmazonEC2,USWE-BoxUsage:r5.large,RunInstances,us-west-2a,i-0322eef1dbc14485e,1.0,4.0,4.0,0.126,0.126,0.086217,0.086217,Hrs,0.126,0.126,Amazon Elastic Compute Cloud,r5.large,2,16 GiB,Linux,us-west-2,AmazonEC2,32.43,39.96,28.08,70,2026-02-01T02:35:18Z,ml,prod,CC500,,,,,,,,arn:aws:savingsplans::223344556677:savingsplan/4ae7ee2b-e013-4194-847d-3da85f7e610f,0.086217,0.086217,0.086217,,
7b6c0ed8e48243dcb03612526e3e7724,2026-02-03T06:00:00Z/2026-02-03T07:00:00Z,112233445566,2026-02-01T00:00:00Z,2026-03-01T00:00:00Z,AWS,223344556677,SavingsPlanCoveredUsage,2026-02-03T06:00:00Z,2026-02-03T07:00:00Z,AmazonEC2,USWE-BoxUsage:r5.large,RunInstances,us-west-2a,i-0322eef1dbc14485e,1.0,4.0,4.0,0.126,0.126,0.094198,0.094198,Hrs,0.126,0.126,Amazon Elastic Compute Cloud,r5.large,2,16 GiB,Linux,us-west-2,AmazonEC2,30.34,40.64,39.63,51,2026-01-31T15:58:56Z,ml,prod,CC500,,,,,,,,arn:aws:savingsplans::223344556677:savingsplan/4ae7ee2b-e013-4194-847d-3da85f7e610f,0.094198,0.094198,0.094198,,
5d827bb14fd04fcfa76c020dd8e9beda,2026-02-03T15:00:00Z/2026-02-03T16:00:00Z,112233445566,2026-02-01T00:00:00Z,2026-03-01T00:00:00Z,AWS,223344556677,SavingsPlanCoveredUsage,2026-02-03T15:00:00Z,2026-02-03T16:00:00Z,AmazonEC2,USWE-BoxUsage:r5.large,RunInstances,us-west-2a,i-0322eef1dbc14485e,1.0,4.0,4.0,0.126,0.126,0.087146,0.087146,Hrs,0.126,0.126,Amazon Elastic Compute Cloud,r5.large,2,16 GiB,Linux,us-west-2,AmazonEC2,37.86,50.01,21.82,58,2026-01-30T14:37:20Z,ml,prod,CC500,,,,,,,,arn:aws:savingsplans::223344556677:savingsplan/4ae7ee2b-e013-4194-847d-3da85f7e610f,0.087146,0.087146,0.087146,,
ba7f29a8728546b19836a6a7cc15f312,2026-02-04T00:00:00Z/2026-02-04T01:00:00Z,112233445566,2026-02-01T00:00:00Z,2026-03-01T00:00:00Z,AWS,223344556677,SavingsPlanCoveredUsage,2026-02-04T00:00:00Z,2026-02-04T01:00:00Z,AmazonEC2,USWE-BoxUsage:r5.large,RunInstances,us-west-2a,i-0322eef1dbc14485e,1.0,4.0,4.0,0.126,0.126,0.088949,0.088949,Hrs,0.126,0.126,Amazon Elastic Compute Cloud,r5.large,2,16 GiB,Linux,us-west-2,AmazonEC2,30.64,47.44,28.53,71,2026-01-31T20:59:07Z,ml,prod,CC500,,,,,,,,arn:aws:savingsplans::223344556677:savingsplan/4ae7ee2b-e013-4194-847d-3da85f7e610f,0.088949,0.088949,0.088949,,
71cd46c0e37f4a958986db6b9ffe3391,2026-02-04T09:00:00Z/2026-02-04T10:00:00Z,112233445566,2026-02-01T00:00:00Z,2026-03-01T00:00:00Z,AWS,223344556677,SavingsPlanCoveredUsage,2026-02-04T09:00:00Z,2026-02-04T10:00:00Z,AmazonEC2,USWE-BoxUsage:r5.large,RunInstances,us-west-2a,i-0322eef1dbc14485e,1.0,4.0,4.0,0.126,0.126,0.091854,0.091854,Hrs,0.126,0.126,Amazon Elastic Compute Cloud,r5.large,2,16 GiB,Linux,us-west-2,AmazonEC2,38.8,31.19,33.15,15,2026-02-01T04:50:44Z,ml,prod,CC500,,,,,,,,arn:aws:savingsplans::223344556677:savingsplan/4ae7ee2b-e013-4194-847d-3da85f7e610f,0.091854,0.091854,0.091854,,
43083a5fc5cf429aa65b9011c4f09af9,2026-02-04T18:00:00Z/2026-02-04T19:00:00Z,112233445566,2026-02-01T00:00:00Z,2026-03-01T00:00:00Z,AWS,223344556677,SavingsPlanCoveredUsage,2026-02-04T18:00:00Z,2026-02-04T19:00:00Z,AmazonEC2,USWE-BoxUsage:r5.large,RunInstances,us-west-2a,i-0322eef1dbc14485e,1.0,4.0,4.0,0.126,0.126,0.092274,0.092274,Hrs,0.126,0.126,Amazon Elastic Compute Cloud,r5.large,2,16 GiB,Linux,us-west-2,AmazonEC2,41.17,43.97,37.99,37,2026-02-02T18:46:37Z,ml,prod,CC500,,,,,,,,arn:aws:savingsplans::223344556677:savingsplan/4ae7ee2b-e013-4194-847d-3da85f7e610f,0.092274,0.092274,0.092274,,
391c97c2ded7487d88651b28795bdabf,2026-02-05T03:00:00Z/2026-02-05T04:00:00Z,112233445566,2026-02-01T00:00:00Z,2026-03-01T00:00:00Z,AWS,223344556677,SavingsPlanCoveredUsage,2026-02-05T03:00:00Z,2026-02-05T04:00:00Z,AmazonEC2,USWE-BoxUsage:r5.large,RunInstances,us-west-2a,i-0322eef1dbc14485e,1.0,4.0,4.0,0.126,0.126,0.093537,0.093537,Hrs,0.126,0.126,Amazon Elastic Compute Cloud,r5.large,2,16 GiB,Linux,us-west-2,AmazonEC2,30.75,35.82,23.11,69,2026-02-03T12:30:34Z,ml,prod,CC500,,,,,,,,arn:aws:savingsplans::223344556677:savingsplan/4ae7ee2b-e013-4194-847d-3da85f7e610f,0.093537,0.093537,0.093537,,
07197e2793844e7f9d158a2e06f331cc,2026-02-05T12:00:00Z/2026-02-05T13:00:00Z,112233445566,2026-02-01T00:00:00Z,2026-03-01T00:00:00Z,AWS,223344556677,SavingsPlanCoveredUsage,2026-02-05T12:00:00Z,2026-02-05T13:00:00Z,AmazonEC2,USWE-BoxUsage:r5.large,RunInstances,us-west-2a,i-0322eef1dbc14485e,1.0,4.0,4.0,0.126,0.126,0.089662,0.089662,Hrs,0.126,0.126,Amazon Elastic Compute Cloud,r5.large,2,16 GiB,Linux,us-west-2,AmazonEC2,39.98,43.81,33.55,33,2026-02-03T16:10:35Z,ml,prod,CC500,,,,,,,,arn:aws:savingsplans::223344556677:savingsplan/4ae7ee2b-e013-4194-847d-3da85f7e610f,0.089662,0.089662,0.089662,,
c9b1657cdb22415daaabb93e64cbec97,2026-02-05T21:00:00Z/2026-02-05T22:00:00Z,112233445566,2026-02-01T00:00:00Z,2026-03-01T00:00:00Z,AWS,223344556677,SavingsPlanCoveredUsage,2026-02-05T21:00:00Z,2026-02-05T22:00:00Z,AmazonEC2,USWE-BoxUsage:r5.large,RunInstances,us-west-2a,i-0322eef1dbc14485e,1.0,4.0,4.0,0.126,0.126,0.088614,0.088614,Hrs,0.126,0.126,Amazon Elastic Compute Cloud,r5.large,2,16 GiB,Linux,us-west-2,AmazonEC2,41.07,46.34,22.66,19,2026-02-03T04:00:35Z,ml,prod,CC500,,,,,,,,arn:aws:savingsplans::223344556677:savingsplan/4ae7ee2b-e013-4194-847d-3da85f7e610f,0.088614,0.088614,0.088614,,
f8a0631d8a5f4bbc9f3935b73f2e603e,2026-02-06T06:00:00Z/2026-02-06T07:00:00Z,112233445566,2026-02-01T00:00:00Z,2026-03-01T00:00:00Z,AWS,223344556677,SavingsPlanCoveredUsage,2026-02-06T06:00:00Z,2026-02-06T07:00:00Z,AmazonEC2,USWE-BoxUsage:r5.large,RunInstances,us-west-2a,i-0322eef1dbc14485e,1.0,4.0,4.0,0.126,0.126,0.08947,0.08947,Hrs,0.126,0.126,Amazon Elastic Compute Cloud,r5.large,2,16 GiB,Linux,us-west-2,AmazonEC2,41.33,38.69,36.9,31,2026-02-03T16:54:14Z,ml,prod,CC500,,,,,,,,arn:aws:savingsplans::223344556677:savingsplan/4ae7ee2b-e013-4194-847d-3da85f7e610f,0.08947,0.08947,0.08947,,
f6dadecb37b945b1a78080ac3bae082b,2026-02-06T15:00:00Z/2026-02-06T16:00:00Z,112233445566,2026-02-01T00:00:00Z,2026-03-01T00:00:00Z,AWS,223344556677,SavingsPlanCoveredUsage,2026-02-06T15:00:00Z,2026-02-06T16:00:00Z,AmazonEC2,USWE-BoxUsage:r5.large,RunInstances,us-west-2a,i-0322eef1dbc14485e,1.0,4.0,4.0,0.126,0.126,0.092342,0.092342,Hrs,0.126,0.126,Amazon Elastic Compute Cloud,r5.large,2,16 GiB,Linux,us-west-2,AmazonEC2,23.69,37.47,24.05,65,2026-02-02T07:40:14Z,ml,prod,CC500,,,,,,,,arn:aws:savingsplans::223344556677:savingsplan/4ae7ee2b-e013-4194-847d-3da85f7e610f,0.092342,0.092342,0.092342,,
f9855eb3d6a04b698caaeddebdd177d6,2026-02-07T00:00:00Z/2026-02-07T01:00:00Z,112233445566,2026-02-01T00:00:00Z,2026-03-01T00:00:00Z,AWS,223344556677,SavingsPlanCoveredUsage,2026-02-07T00:00:00Z,2026-02-07T01:00:00Z,AmazonEC2,USWE-BoxUsage:r5.large,RunInstances,us-west-2a,i-0322eef1dbc14485e,1.0,4.0,4.0,0.126,0.126,0.084123,0.084123,Hrs,0.126,0.126,Amazon Elastic Compute Cloud,r5.large,2,16 GiB,Linux,us-west-2,AmazonEC2,24.79,38.95,29.81,70,2026-02-03T03:51:37Z,ml,prod,CC500,,,,,,,,arn:aws:savingsplans::223344556677:savingsplan/4ae7ee2b-e013-4194-847d-3da85f7e610f,0.084123,0.084123,0.084123,,
9bf4cd54f916407a88e10d52ea7623fa,2026-02-07T09:00:00Z/2026-02-07T10:00:00Z,112233445566,2026-02-01T00:00:00Z,2026-03-01T00:00:00Z,AWS,223344556677,SavingsPlanCoveredUsage,2026-02-07T09:00:00Z,2026-02-07T10:00:00Z,AmazonEC2,USWE-BoxUsage:r5.large,RunInstances,us-west-2a,i-0322eef1dbc14485e,1.0,4.0,4.0,0.126,0.126,0.083052,0.083052,Hrs,0.126,0.126,Amazon Elastic Compute Cloud,r5.large,2,16 GiB,Linux,us-west-2,AmazonEC2,23.05,35.03,19.6,48,2026-02-03T03:53:57Z,ml,prod,CC500,,,,,,,,arn:aws:savingsplans::223344556677:savingsplan/4ae7ee2b-e013-4194-847d-3da85f7e610f,0.083052,0.083052,0.083052,,
8da65fbe24cd47d8a763a05238c77b24,2026-02-07T18:00:00Z/2026-02-07T19:00:00Z,112233445566,2026-02-01T00:00:00Z,2026-03-01T00:00:00Z,AWS,223344556677,SavingsPlanCoveredUsage,2026-02-07T18:00:00Z,2026-02-07T19:00:00Z,AmazonEC2,USWE-BoxUsage:r5.large,RunInstances,us-west-2a,i-0322eef1dbc14485e,1.0,4.0,4.0,0.126,0.126,0.089494,0.089494,Hrs,0.126,0.126,Amazon Elastic Compute Cloud,r5.large,2,16 GiB,Linux,us-west-2,AmazonEC2,26.41,35.71,41.46,29,2026-02-04T11:28:29Z,ml,prod,CC500,,,,,,,,arn:aws:savingsplans::223344556677:savingsplan/4ae7ee2b-e013-4194-847d-3da85f7e610f,0.089494,0.089494,0.089494,,
8ba3417e8f734296895826943ac3284e,2026-02-08T03:00:00Z/2026-02-08T04:00:00Z,112233445566,2026-02-01T00:00:00Z,2026-03-01T00:00:00Z,AWS,223344556677,SavingsPlanCoveredUsage,2026-02-08T03:00:00Z,2026-02-08T04:00:00Z,AmazonEC2,USWE-BoxUsage:r5.large,RunInstances,us-west-2a,i-0322eef1dbc14485e,1.0,4.0,4.0,0.126,0.126,0.08507,0.08507,Hrs,0.126,0.126,Amazon Elastic Compute Cloud,r5.large,2,16 GiB,Linux,us-west-2,AmazonEC2,28.3,39.28,25.76,24,2026-02-03T18:29:04Z,ml,prod,CC500,,,,,,,,arn:aws:savingsplans::223344556677:savingsplan/4ae7ee2b-e013-4194-847d-3da85f7e610f,0.08507,0.08507,0.08507,,
a422ae1e0ad24f1ca795ee674f7fd204,2026-02-08T12:00:00Z/2026-02-08T13:00:00Z,112233445566,2026-02-01T00:00:00Z,2026-03-01T00:00:00Z,AWS,223344556677,SavingsPlanCoveredUsage,2026-02-08T12:00:00Z,2026-02-08T13:00:00Z,AmazonEC2,USWE-BoxUsage:r5.large,RunInstances,us-west-2a,i-0322eef1dbc14485e,1.0,4.0,4.0,0.126,0.126,0.082742,0.082742,Hrs,0.126,0.126,Amazon Elastic Compute Cloud,r5.large,2,16 GiB,Linux,us-west-2,AmazonEC2,28.6,38.05,22.37,50,2026-02-05T17:55:59Z,ml,prod,CC500,,,,,,,,arn:aws:savingsplans::223344556677:savingsplan/4ae7ee2b-e013-4194-847d-3da85f7e610f,0.082742,0.082742,0.082742,,
9108ce8d22c4432a9a24025eda053f64,2026-02-08T21:00:00Z/2026-02-08T22:00:00Z,112233445566,2026-02-01T00:00:00Z,2026-03-01T00:00:00Z,AWS,223344556677,SavingsPlanCoveredUsage,2026-02-08T21:00:00Z,2026-02-08T22:00:00Z,AmazonEC2,USWE-BoxUsage:r5.large,RunInstances,us-west-2a,i-0322eef1dbc14485e,1.0,4.0,4.0,0.126,0.126,0.091647,0.091647,Hrs,0.126,0.126,Amazon Elastic Compute Cloud,r5.large,2,16 GiB,Linux,us-west-2,AmazonEC2,30.26,48.2,24.53,14,2026-02-05T19:28:43Z,ml,prod,CC500,,,,,,,,arn:aws:savingsplans::223344556677:savingsplan/4ae7ee2b-e013-4194-847d-3da85f7e610f,0.091647,0.091647,0.091647,,
f58135f1c0ce429f82deb8d7b12a3b1f,2026-02-09T06:00:00Z/2026-02-09T07:00:00Z,112233445566,2026-02-01T00:00:00Z,2026-03-01T00:00:00Z,AWS,223344556677,SavingsPlanCoveredUsage,2026-02-09T06:00:00Z,2026-02-09T07:00:00Z,AmazonEC2,USWE-BoxUsage:r5.large,RunInstances,us-west-2a,i-0322eef1dbc14485e,1.0,4.0,4.0,0.126,0.126,0.086135,0.086135,Hrs,0.126,0.126,Amazon Elastic Compute Cloud,r5.large,2,16 GiB,Linux,us-west-2,AmazonEC2,36.07,38.69,41.0,71,2026-02-07T16:33:37Z,ml,prod,CC500,,,,,,,,arn:aws:savingsplans::223344556677:savingsplan/4ae7ee2b-e013-4194-847d-3da85f7e610f,0.086135,0.086135,0.086135,,
df3e610186dc409cb804993c5e2e5a81,2026-02-09T15:00:00Z/2026-02-09T16:00:00Z,112233445566,2026-02-01T00:00:00Z,2026-03-01T00:00:00Z,AWS,223344556677,SavingsPlanCoveredUsage,2026-02-09T15:00:00Z,2026-02-09T16:00:00Z,AmazonEC2,USWE-BoxUsage:r5.large,RunInstances,us-west-2a,i-0322eef1dbc14485e,1.0,4.0,4.0,0.126,0.126,0.093817,0.093817,Hrs,0.126,0.126,Amazon Elastic Compute Cloud,r5.large,2,16 GiB,Linux,us-west-2,AmazonEC2,27.15,43.35,21.19,54,2026-02-06T18:32:18Z,ml,prod,CC500,,,,,,,,arn:aws:savingsplans::223344556677:savingsplan/4ae7ee2b-e013-4194-847d-3da85f7e610f,0.093817,0.093817,0.093817,,
1a147d11073c439691ddaf704f06ab1a,2026-02-10T00:00:00Z/2026-02-10T01:00:00Z,112233445566,2026-02-01T00:00:00Z,2026-03-01T00:00:00Z,AWS,223344556677,SavingsPlanCoveredUsage,2026-02-10T00:00:00Z,2026-02-10T01:00:00Z,AmazonEC2,USWE-BoxUsage:r5.large,RunInstances,us-west-2a,i-0322eef1dbc14485e,1.0,4.0,4.0,0.126,0.126,0.087941,0.087941,Hrs,0.126,0.126,Amazon Elastic Compute Cloud,r5.large,2,16 GiB,Linux,us-west-2,AmazonEC2,32.9,44.2,28.09,54,2026-02-06T20:52:52Z,ml,prod,CC500,,,,,,,,arn:aws:savingsplans::223344556677:savingsplan/4ae7ee2b-e013-4194-847d-3da85f7e610f,0.087941,0.087941,0.087941,,
af6baf88c43f49b1b84b602994cd3ff5,2026-02-10T09:00:00Z/2026-02-10T10:00:00Z,112233445566,2026-02-01T00:00:00Z,2026-03-01T00:00:00Z,AWS,223344556677,SavingsPlanCoveredUsage,2026-02-10T09:00:00Z,2026-02-10T10:00:00Z,AmazonEC2,USWE-BoxUsage:r5.large,RunInstances,us-west-2a,i-0322eef1dbc14485e,1.0,4.0,4.0,0.126,0.126,0.087863,0.087863,Hrs,0.126,0.126,Amazon Elastic Compute Cloud,r5.large,2,16 GiB,Linux,us-west-2,AmazonEC2,24.25,51.84,29.46,63,2026-02-06T03:56:42Z,ml,prod,CC500,,,,,,,,arn:aws:savingsplans::223344556677:savingsplan/4ae7ee2b-e013-4194-847d-3da85f7e610f,0.087863,0.087863,0.087863,,
dc44ff69118e4a76882dd3de9c23e8e3,2026-02-10T18:00:00Z/2026-02-10T19:00:00Z,112233445566,2026-02-01T00:00:00Z,2026-03-01T00:00:00Z,AWS,223344556677,SavingsPlanCoveredUsage,2026-02-10T18:00:00Z,2026-02-10T19:00:00Z,AmazonEC2,USWE-BoxUsage:r5.large,RunInstances,us-west-2a,i-0322eef1dbc14485e,1.0,4.0,4.0,0.126,0.126,0.086776,0.086776,Hrs,0.126,0.126,Amazon Elastic Compute Cloud,r5.large,2,16 GiB,Linux,us-west-2,AmazonEC2,37.32,37.58,29.0,27,2026-02-08T22:27:49Z,ml,prod,CC500,,,,,,,,arn:aws:savingsplans::223344556677:savingsplan/4ae7ee2b-e013-4194-847d-3da85f7e610f,0.086776,0.086776,0.086776,,
3e80f2eab6ad4c299f54d06a8b136719,2026-02-11T03:00:00Z/2026-02-11T04:00:00Z,112233445566,2026-02-01T00:00:00Z,2026-03-01T00:00:00Z,AWS,223344556677,SavingsPlanCoveredUsage,2026-02-11T03:00:00Z,2026-02-11T04:00:00Z,AmazonEC2,USWE-BoxUsage:r5.large,RunInstances,us-west-2a,i-0322eef1dbc14485e,1.0,4.0,4.0,0.126,0.126,0.090396,0.090396,Hrs,0.126,0.126,Amazon Elastic Compute Cloud,r5.large,2,16 GiB,Linux,us-west-2,AmazonEC2,29.27,46.91,20.82,51,2026-02-09T01:00:57Z,ml,prod,CC500,,,,,,,,arn:aws:savingsplans::223344556677:savingsplan/4ae7ee2b-e013-4194-847d-3da85f7e610f,0.090396,0.090396,0.090396,,
d1995af503cb4893bbda1843d87ec98a,2026-02-11T12:00:00Z/2026-02-11T13:00:00Z,112233445566,2026-02-01T00:00:00Z,2026-03-01T00:00:00Z,AWS,223344556677,SavingsPlanCoveredUsage,2026-02-11T12:00:00Z,2026-02-11T13:00:00Z,AmazonEC2,USWE-BoxUsage:r5.large,RunInstances,us-west-2a,i-0322eef1dbc14485e,1.0,4.0,4.0,0.126,0.126,0.084017,0.084017,Hrs,0.126,0.126,Amazon Elastic Compute Cloud,r5.large,2,16 GiB,Linux,us-west-2,AmazonEC2,26.14,48.74,30.63,50,2026-02-09T20:22:22Z,ml,prod,CC500,,,,,,,,arn:aws:savingsplans::223344556677:savingsplan/4ae7ee2b-e013-4194-847d-3da85f7e610f,0.084017,0.084017,0.084017,,
6dd7a1017add4be28e26bca2e4cff570,2026-02-11T21:00:00Z/2026-02-11T22:00:00Z,112233445566,2026-02-01T00:00:00Z,2026-03-01T00:00:00Z,AWS,223344556677,SavingsPlanCoveredUsage,2026-02-11T21:00:00Z,2026-02-11T22:00:00Z,AmazonEC2,USWE-BoxUsage:r5.large,RunInstances,us-west-2a,i-0322eef1dbc14485e,1.0,4.0,4.0,0.126,0.126,0.092229,0.092229,Hrs,0.126,0.126,Amazon Elastic Compute Cloud,r5.large,2,16 GiB,Linux,us-west-2,AmazonEC2,25.32,48.16,20.48,50,2026-02-10T12:14:09Z,ml,prod,CC500,,,,,,,,arn:aws:savingsplans::223344556677:savingsplan/4ae7ee2b-e013-4194-847d-3da85f7e610f,0.092229,0.092229,0.092229,,
5024f5ddc8064b0f85306ef5ade07e48,2026-02-12T06:00:00Z/2026-02-12T07:00:00Z,112233445566,2026-02-01T00:00:00Z,2026-03-01T00:00:00Z,AWS,223344556677,SavingsPlanCoveredUsage,2026-02-12T06:00:00Z,2026-02-12T07:00:00Z,AmazonEC2,USWE-BoxUsage:r5.large,RunInstances,us-west-2a,i-0322eef1dbc14485e,1.0,4.0,4.0,0.126,0.126,0.083709,0.083709,Hrs,0.126,0.126,Amazon Elastic Compute Cloud,r5.large,2,16 GiB,Linux,us-west-2,AmazonEC2,26.68,43.62,34.78,59,2026-02-10T16:43:17Z,ml,prod,CC500,,,,,,,,arn:aws:savingsplans::223344556677:savingsplan/4ae7ee2b-e013-4194-847d-3da85f7e610f,0.083709,0.083709,0.083709,,
02b851eb505e47b6b9adf85eeace557a,2026-02-12T15:00:00Z/2026-02-12T16:00:00Z,112233445566,2026-02-01T00:00:00Z,2026-03-01T00:00:00Z,AWS,223344556677,SavingsPlanCoveredUsage,2026-02-12T15:00:00Z,2026-02-12T16:00:00Z,AmazonEC2,USWE-BoxUsage:r5.large,RunInstances,us-west-2a,i-0322eef1dbc14485e,1.0,4.0,4.0,0.126,0.126,0.090372,0.090372,Hrs,0.126,0.126,Amazon Elastic Compute Cloud,r5.large,2,16 GiB,Linux,us-west-2,AmazonEC2,22.24,36.27,38.47,29,2026-02-10T08:39:04Z,ml,prod,CC500,,,,,,,,arn:aws:savingsplans::223344556677:savingsplan/4ae7ee2b-e013-4194-847d-3da85f7e610f,0.090372,0.090372,0.090372,,
0a17767a539242c992ae4094739470bc,2026-02-13T00:00:00Z/2026-02-13T01:00:00Z,112233445566,2026-02-01T00:00:00Z,2026-03-01T00:00:00Z,AWS,223344556677,SavingsPlanCoveredUsage,2026-02-13T00:00:00Z,2026-02-13T01:00:00Z,AmazonEC2,USWE-BoxUsage:r5.large,RunInstances,us-west-2a,i-0322eef1dbc14485e,1.0,4.0,4.0,0.126,0.126,0.085693,0.085693,Hrs,0.126,0.126,Amazon Elastic Compute Cloud,r5.large,2,16 GiB,Linux,us-west-2,AmazonEC2,24.07,28.42,32.8,44,2026-02-09T06:19:51Z,ml,prod,CC500,,,,,,,,arn:aws:savingsplans::223344556677:savingsplan/4ae7ee2b-e013-4194-847d-3da85f7e610f,0.085693,0.085693,0.085693,,
1f66209f66fc44268e0a8c8169050f6e,2026-02-13T18:00:00Z/2026-02-13T19:00:00Z,112233445566,2026-02-01T00:00:00Z,2026-03-01T00:00:00Z,AWS,223344556677,SavingsPlanCoveredUsage,2026-02-13T18:00:00Z,2026-02-13T19:00:00Z,AmazonEC2,USWE-BoxUsage:r5.large,RunInstances,us-west-2a,i-0322eef1dbc14485e,1.0,4.0,4.0,0.126,0.126,0.083898,0.083898,Hrs,0.126,0.126,Amazon Elastic Compute Cloud,r5.large,2,16 GiB,Linux,us-west-2,AmazonEC2,27.15,34.3,35.78,51,2026-02-11T18:35:45Z,ml,prod,CC500,,,,,,,,arn:aws:savingsplans::223344556677:savingsplan/4ae7ee2b-e013-4194-847d-3da85f7e610f,0.083898,0.083898,0.083898,,
c2ff8f839adc4637bc49e9203a131ba3,2026-02-14T03:00:00Z/2026-02-14T04:00:00Z,112233445566,2026-02-01T00:00:00Z,2026-03-01T00:00:00Z,AWS,223344556677,SavingsPlanCoveredUsage,2026-02-14T03:00:00Z,2026-02-14T04:00:00Z,AmazonEC2,USWE-BoxUsage:r5.large,RunInstances,us-west-2a,i-0322eef1dbc14485e,1.0,4.0,4.0,0.126,0.126,0.091305,0.091305,Hrs,0.126,0.126,Amazon Elastic Compute Cloud,r5.large,2,16 GiB,Linux,us-west-2,AmazonEC2,40.72,28.55,36.94,59,2026-02-10T21:00:54Z,ml,prod,CC500,,,,,,,,arn:aws:savingsplans::223344556677:savingsplan/4ae7ee2b-e013-4194-847d-3da85f7e610f,0.091305,0.091305,0.091305,,
ed13aeccfc8a476d98783cd000547067,2026-02-14T12:00:00Z/2026-02-14T13:00:00Z,112233445566,2026-02-01T00:00:00Z,2026-03-01T00:00:00Z,AWS,223344556677,SavingsPlanCoveredUsage,2026-02-14T12:00:00Z,2026-02-14T13:00:00Z,AmazonEC2,USWE-BoxUsage:r5.large,RunInstances,us-west-2a,i-0322eef1dbc14485e,1.0,4.0,4.0,0.126,0.126,0.086542,0.086542,Hrs,0.126,0.126,Amazon Elastic Compute Cloud,r5.large,2,16 GiB,Linux,us-west-2,AmazonEC2,37.49,33.54,27.63,47,2026-02-11T11:31:19Z,ml,prod,CC500,,,,,,,,arn:aws:savingsplans::223344556677:savingsplan/4ae7ee2b-e013-4194-847d-3da85f7e610f,0.086542,0.086542,0.086542,,
5f199ee5a86a474baa8bd66448067521,2026-02-14T21:00:00Z/2026-02-14T22:00:00Z,112233445566,2026-02-01T00:00:00Z,2026-03-01T00:00:00Z,AWS,223344556677,SavingsPlanCoveredUsage,2026-02-14T21:00:00Z,2026-02-14T22:00:00Z,AmazonEC2,USWE-BoxUsage:r5.large,RunInstances,us-west-2a,i-0322eef1dbc14485e,1.0,4.0,4.0,0.126,0.126,0.090195,0.090195,Hrs,0.126,0.126,Amazon Elastic Compute Cloud,r5.large,2,16 GiB,Linux,us-west-2,AmazonEC2,29.61,28.07,36.89,16,2026-02-13T04:28:11Z,ml,prod,CC500,,,,,,,,arn:aws:savingsplans::223344556677:savingsplan/4ae7ee2b-e013-4194-847d-3da85f7e610f,0.090195,0.090195,0.090195,,
8b3add3a785c40c99afaa2ecd1f78b89,2026-02-15T06:00:00Z/2026-02-15T07:00:00Z,112233445566,2026-02-01T00:00:00Z,2026-03-01T00:00:00Z,AWS,223344556677,SavingsPlanCoveredUsage,2026-02-15T06:00:00Z,2026-02-15T07:00:00Z,AmazonEC2,USWE-BoxUsage:r5.large,RunInstances,us-west-2a,i-0322eef1dbc14485e,1.0,4.0,4.0,0.126,0.126,0.09077,0.09077,Hrs,0.126,0.126,Amazon Elastic Compute Cloud,r5.large,2,16 GiB,Linux,us-west-2,AmazonEC2,32.95,47.64,27.63,22,2026-02-13T08:29:06Z,ml,prod,CC500,,,,,,,,arn:aws:savingsplans::223344556677:savingsplan/4ae7ee2b-e013-4194-847d-3da85f7e610f,0.09077,0.09077,0.09077,,
f397998a35544a668a31324d569421bb,2026-02-15T15:00:00Z/2026-02-15T16:00:00Z,112233445566,2026-02-01T00:00:00Z,2026-03-01T00:00:00Z,AWS,223344556677,SavingsPlanCoveredUsage,2026-02-15T15:00:00Z,2026-02-15T16:00:00Z,AmazonEC2,USWE-BoxUsage:r5.large,RunInstances,us-west-2a,i-0322eef1dbc14485e,1.0,4.0,4.0,0.126,0.126,0.087812,0.087812,Hrs,0.126,0.126,Amazon Elastic Compute Cloud,r5.large,2,16 GiB,Linux,us-west-2,AmazonEC2,26.53,35.16,19.73,24,2026-02-14T11:33:57Z,ml,prod,CC500,,,,,,,,arn:aws:savingsplans::223344556677:savingsplan/4ae7ee2b-e013-4194-847d-3da85f7e610f,0.087812,0.087812,0.087812,,
4c4ca4f303d041b58ca36792de6f6788,2026-02-16T00:00:00Z/2026-02-16T01:00:00Z,112233445566,2026-02-01T00:00:00Z,2026-03-01T00:00:00Z,AWS,223344556677,SavingsPlanCoveredUsage,2026-02-16T00:00:00Z,2026-02-16T01:00:00Z,AmazonEC2,USWE-BoxUsage:r5.large,RunInstances,us-west-2a,i-0322eef1dbc14485e,1.0,4.0,4.0,0.126,0.126,0.088752,0.088752,Hrs,0.126,0.126,Amazon Elastic Compute Cloud,r5.large,2,16 GiB,Linux,us-west-2,AmazonEC2,30.84,31.72,25.15,69,2026-02-13T05:26:42Z,ml,prod,CC500,,,,,,,,arn:aws:savingsplans::223344556677:savingsplan/4ae7ee2b-e013-4194-847d-3da85f7e610f,0.088752,0.088752,0.088752,,
7b223946557b4d6ebf37ecdfb8c8d551,2026-02-16T09:00:00Z/2026-02-16T10:00:00Z,112233445566,2026-02-01T00:00:00Z,2026-03-01T00:00:00Z,AWS,223344556677,SavingsPlanCoveredUsage,2026-02-16T09:00:00Z,2026-02-16T10:00:00Z,AmazonEC2,USWE-BoxUsage:r5.large,RunInstances,us-west-2a,i-0322eef1dbc14485e,1.0,4.0,4.0,0.126,0.126,0.093864,0.093864,Hrs,0.126,0.126,Amazon Elastic Compute Cloud,r5.large,2,16 GiB,Linux,us-west-2,AmazonEC2,40.25,36.55,24.49,46,2026-02-13T01:44:48Z,ml,prod,CC500,,,,,,,,arn:aws:savingsplans::223344556677:savingsplan/4ae7ee2b-e013-4194-847d-3da85f7e610f,0.093864,0.093864,0.093864,,
e17b7d9227ba408a8661b596483d1699,2026-02-16T18:00:00Z/2026-02-16T19:00:00Z,112233445566,2026-02-01T00:00:00Z,2026-03-01T00:00:00Z,AWS,223344556677,SavingsPlanCoveredUsage,2026-02-16T18:00:00Z,2026-02-16T19:00:00Z,AmazonEC2,USWE-BoxUsage:r5.large,RunInstances,us-west-2a,i-0322eef1dbc14485e,1.0,4.0,4.0,0.126,0.126,0.090439,0.090439,Hrs,0.126,0.126,Amazon Elastic Compute Cloud,r5.large,2,16 GiB,Linux,us-west-2,AmazonEC2,30.29,29.1,27.94,55,2026-02-13T14:45:03Z,ml,prod,CC500,,,,,,,,arn:aws:savingsplans::223344556677:savingsplan/4ae7ee2b-e013-4194-847d-3da85f7e610f,0.090439,0.090439,0.090439,,
5fe0eb5a0b1b443f81008c613d87acd6,2026-02-17T03:00:00Z/2026-02-17T04:00:00Z,112233445566,2026-02-01T00:00:00Z,2026-03-01T00:00:00Z,AWS,223344556677,SavingsPlanCoveredUsage,2026-02-17T03:00:00Z,2026-02-17T04:00:00Z,AmazonEC2,USWE-BoxUsage:r5.large,RunInstances,us-west-2a,i-0322eef1dbc14485e,1.0,4.0,4.0,0.126,0.126,0.087663,0.087663,Hrs,0.126,0.126,Amazon Elastic Compute Cloud,r5.large,2,16 GiB,Linux,us-west-2,AmazonEC2,22.65,45.0,39.7,28,2026-02-13T15:33:01Z,ml,prod,CC500,,,,,,,,arn:aws:savingsplans::223344556677:savingsplan/4ae7ee2b-e013-4194-847d-3da85f7e610f,0.087663,0.087663,0.087663,,
57f9f7044ed443acb9449f0311598af3,2026-02-17T12:00:00Z/2026-02-17T13:00:00Z,112233445566,2026-02-01T00:00:00Z,2026-03-01T00:00:00Z,AWS,223344556677,SavingsPlanCoveredUsage,2026-02-17T12:00:00Z,2026-02-17T13:00:00Z,AmazonEC2,USWE-BoxUsage:r5.large,RunInstances,us-west-2a,i-0322eef1dbc14485e,1.0,4.0,4.0,0.126,0.126,0.089169,0.089169,Hrs,0.126,0.126,Amazon Elastic Compute Cloud,r5.large,2,16 GiB,Linux,us-west-2,AmazonEC2,38.22,29.73,32.65,41,2026-02-13T19:55:44Z,ml,prod,CC500,,,,,,,,arn:aws:savingsplans::223344556677:savingsplan/4ae7ee2b-e013-4194-847d-3da85f7e610f,0.089169,0.089169,0.089169,,
2d6f52570b144e7fae533023c533f314,2026-02-17T21:00:00Z/2026-02-17T22:00:00Z,112233445566,2026-02-01T00:00:00Z,2026-03-01T00:00:00Z,AWS,223344556677,SavingsPlanCoveredUsage,2026-02-17T21:00:00Z,2026-02-17T22:00:00Z,AmazonEC2,USWE-BoxUsage:r5.large,RunInstances,us-west-2a,i-0322eef1dbc14485e,1.0,4.0,4.0,0.126,0.126,0.083929,0.083929,Hrs,0.126,0.126,Amazon Elastic Compute Cloud,r5.large,2,16 GiB,Linux,us-west-2,AmazonEC2,33.83,30.07,29.47,58,2026-02-16T07:53:22Z,ml,prod,CC500,,,,,,,,arn:aws:savingsplans::223344556677:savingsplan/4ae7ee2b-e013-4194-847d-3da85f7e610f,0.083929,0.083929,0.083929,,
ed541022d30343bba01cd8e5e1c91475,2026-02-18T06:00:00Z/2026-02-18T07:00:00Z,112233445566,2026-02-01T00:00:00Z,2026-03-01T00:00:00Z,AWS,223344556677,SavingsPlanCoveredUsage,2026-02-18T06:00:00Z,2026-02-18T07:00:00Z,AmazonEC2,USWE-BoxUsage:r5.large,RunInstances,us-west-2a,i-0322eef1dbc14485e,1.0,4.0,4.0,0.126,0.126,0.088625,0.088625,Hrs,0.126,0.126,Amazon Elastic Compute Cloud,r5.large,2,16 GiB,Linux,us-west-2,AmazonEC2,25.52,45.49,29.6,71,2026-02-17T00:11:46Z,ml,prod,CC500,,,,,,,,arn:aws:savingsplans::223344556677:savingsplan/4ae7ee2b-e013-4194-847d-3da85f7e610f,0.088625,0.088625,0.088625,,
429108c4dc624469bb3ce93652fba915,2026-02-18T15:00:00Z/2026-02-18T16:00:00Z,112233445566,2026-02-01T00:00:00Z,2026-03-01T00:00:00Z,AWS,223344556677,SavingsPlanCoveredUsage,2026-02-18T15:00:00Z,2026-02-18T16:00:00Z,AmazonEC2,USWE-BoxUsage:r5.large,RunInstances,us-west-2a,i-0322eef1dbc14485e,1.0,4.0,4.0,0.126,0.126,0.08277,0.08277,Hrs,0.126,0.126,Amazon Elastic Compute Cloud,r5.large,2,16 GiB,Linux,us-west-2,AmazonEC2,27.5,50.49,41.49,52,2026-02-16T13:16:09Z,ml,prod,CC500,,,,,,,,arn:aws:savingsplans::223344556677:savingsplan/4ae7ee2b-e013-4194-847d-3da85f7e610f,0.08277,0.08277,0.08277,,
60a01851082940959da3bbd80e59084e,2026-02-19T00:00:00Z/2026-02-19T01:00:00Z,112233445566,2026-02-01T00:00:00Z,2026-03-01T00:00:00Z,AWS,223344556677,SavingsPlanCoveredUsage,2026-02-19T00:00:00Z,2026-02-19T01:00:00Z,AmazonEC2,USWE-BoxUsage:r5.large,RunInstances,us-west-2a,i-0322eef1dbc14485e,1.0,4.0,4.0,0.126,0.126,0.08808,0.08808,Hrs,0.126,0.126,Amazon Elastic Compute Cloud,r5.large,2,16 GiB,Linux,us-west-2,AmazonEC2,30.0,38.67,28.07,66,2026-02-15T10:44:22Z,ml,prod,CC500,,,,,,,,arn:aws:savingsplans::223344556677:savingsplan/4ae7ee2b-e013-4194-847d-3da85f7e610f,0.08808,0.08808,0.08808,,
800d6127bd4d425ebb5e6db9297e0df3,2026-02-19T09:00:00Z/2026-02-19T10:00:00Z,112233445566,2026-02-01T00:00:00Z,2026-03-01T00:00:00Z,AWS,223344556677,SavingsPlanCoveredUsage,2026-02-19T09:00:00Z,2026-02-19T10:00:00Z,AmazonEC2,USWE-BoxUsage:r5.large,RunInstances,us-west-2a,i-0322eef1dbc14485e,1.0,4.0,4.0,0.126,0.126,0.087604,0.087604,Hrs,0.126,0.126,Amazon Elastic Compute Cloud,r5.large,2,16 GiB,Linux,us-west-2,AmazonEC2,35.05,36.73,33.31,23,2026-02-15T04:20:12Z,ml,prod,CC500,,,,,,,,arn:aws:savingsplans::223344556677:savingsplan/4ae7ee2b-e013-4194-847d-3da85f7e610f,0.087604,0.087604,0.087604,,
82eed603e7134f55a3653ca578058b04,2026-02-19T18:00:00Z/2026-02-19T19:00:00Z,112233445566,2026-02-01T00:00:00Z,2026-03-01T00:00:00Z,AWS,223344556677,SavingsPlanCoveredUsage,2026-02-19T18:00:00Z,2026-02-19T19:00:00Z,AmazonEC2,USWE-BoxUsage:r5.large,RunInstances,us-west-2a,i-0322eef1dbc14485e,1.0,4.0,4.0,0.126,0.126,0.092967,0.092967,Hrs,0.126,0.126,Amazon Elastic Compute Cloud,r5.large,2,16 GiB,Linux,us-west-2,AmazonEC2,40.64,39.88,26.91,43,2026-02-18T02:49:37Z,ml,prod,CC500,,,,,,,,arn:aws:savingsplans::223344556677:savingsplan/4ae7ee2b-e013-4194-847d-3da85f7e610f,0.092967,0.092967,0.092967,,
63ffd228261a426bbaf5ed02241ace34,2026-02-20T03:00:00Z/2026-02-20T04:00:00Z,112233445566,2026-02-01T00:00:00Z,2026-03-01T00:00:00Z,AWS,223344556677,SavingsPlanCoveredUsage,2026-02-20T03:00:00Z,2026-02-20T04:00:00Z,AmazonEC2,USWE-BoxUsage:r5.large,RunInstances,us-west-2a,i-0322eef1dbc14485e,1.0,4.0,4.0,0.126,0.126,0.093893,0.093893,Hrs,0.126,0.126,Amazon Elastic Compute Cloud,r5.large,2,16 GiB,Linux,us-west-2,AmazonEC2,34.76,33.29,18.78,66,2026-02-18T08:37:35Z,ml,prod,CC500,,,,,,,,arn:aws:savingsplans::223344556677:savingsplan/4ae7ee2b-e013-4194-847d-3da85f7e610f,0.093893,0.093893,0.093893,,
2412f4779ce14c1a86e425c8808cc1e8,2026-02-20T12:00:00Z/2026-02-20T13:00:00Z,112233445566,2026-02-01T00:00:00Z,2026-03-01T00:00:00Z,AWS,223344556677,SavingsPlanCoveredUsage,2026-02-20T12:00:00Z,2026-02-20T13:00:00Z,AmazonEC2,USWE-BoxUsage:r5.large,RunInstances,us-west-2a,i-0322eef1dbc14485e,1.0,4.0,4.0,0.126,0.126,0.085384,0.085384,Hrs,0.126,0.126,Amazon Elastic Compute Cloud,r5.large,2,16 GiB,Linux,us-west-2,AmazonEC2,22.65,44.17,38.44,61,2026-02-18T18:15:18Z,ml,prod,CC500,,,,,,,,arn:aws:savingsplans::223344556677:savingsplan/4ae7ee2b-e013-4194-847d-3da85f7e610f,0.085384,0.085384,0.085384,,
87cdcdf6e2854670b954b34da592225c,2026-02-20T21:00:00Z/2026-02-20T22:00:00Z,112233445566,2026-02-01T00:00:00Z,2026-03-01T00:00:00Z,AWS,223344556677,SavingsPlanCoveredUsage,2026-02-20T21:00:00Z,2026-02-20T22:00:00Z,AmazonEC2,USWE-BoxUsage:r5.large,RunInstances,us-west-2a,i-0322eef1dbc14485e,1.0,4.0,4.0,0.126,0.126,0.091675,0.091675,Hrs,0.126,0.126,Amazon Elastic Compute Cloud,r5.large,2,16 GiB,Linux,us-west-2,AmazonEC2,36.53,41.77,25.5,66,2026-02-17T13:34:37Z,ml,prod,CC500,,,,,,,,arn:aws:savingsplans::223344556677:savingsplan/4ae7ee2b-e013-4194-847d-3da85f7e610f,0.091675,0.091675,0.091675,,
70a4e1bfad5d4f7684364fa0e92a41a7,2026-02-21T06:00:00Z/2026-02-21T07:00:00Z,112233445566,2026-02-01T00:00:00Z,2026-03-01T00:00:00Z,AWS,223344556677,SavingsPlanCoveredUsage,2026-02-21T06:00:00Z,2026-02-21T07:00:00Z,AmazonEC2,USWE-BoxUsage:r5.large,RunInstances,us-west-2a,i-0322eef1dbc14485e,1.0,4.0,4.0,0.126,0.126,0.083631,0.083631,Hrs,0.126,0.126,Amazon Elastic Compute Cloud,r5.large,2,16 GiB,Linux,us-west-2,AmazonEC2,33.87,46.87,25.63,22,2026-02-19T00:02:01Z,ml,prod,CC500,,,,,,,,arn:aws:savingsplans::223344556677:savingsplan/4ae7ee2b-e013-4194-847d-3da85f7e610f,0.083631,0.083631,0.083631,,
d6b0ad974823448399a3163931d035f8,2026-02-21T15:00:00Z/2026-02-21T16:00:00Z,112233445566,2026-02-01T00:00:00Z,2026-03-01T00:00:00Z,AWS,223344556677,SavingsPlanCoveredUsage,2026-02-21T15:00:00Z,2026-02-21T16:00:00Z,AmazonEC2,USWE-BoxUsage:r5.large,RunInstances,us-west-2a,i-0322eef1dbc14485e,1.0,4.0,4.0,0.126,0.126,0.090865,0.090865,Hrs,0.126,0.126,Amazon Elastic Compute Cloud,r5.large,2,16 GiB,Linux,us-west-2,AmazonEC2,40.81,51.53,41.28,48,2026-02-18T15:06:18Z,ml,prod,CC500,,,,,,,,arn:aws:savingsplans::223344556677:savingsplan/4ae7ee2b-e013-4194-847d-3da85f7e610f,0.090865,0.090865,0.090865,,
1dc6925201334f8c842797b5818ee06c,2026-02-22T00:00:00Z/2026-02-22T01:00:00Z,112233445566,2026-02-01T00:00:00Z,2026-03-01T00:00:00Z,AWS,223344556677,SavingsPlanCoveredUsage,2026-02-22T00:00:00Z,2026-02-22T01:00:00Z,AmazonEC2,USWE-BoxUsage:r5.large,RunInstances,us-west-2a,i-0322eef1dbc14485e,1.0,4.0,4.0,0.126,0.126,0.084076,0.084076,Hrs,0.126,0.126,Amazon Elastic Compute Cloud,r5.large,2,16 GiB,Linux,us-west-2,AmazonEC2,26.49,46.11,36.73,13,2026-02-17T23:22:49Z,ml,prod,CC500,,,,,,,,arn:aws:savingsplans::223344556677:savingsplan/4ae7ee2b-e013-4194-847d-3da85f7e610f,0.084076,0.084076,0.084076,,
b2c8644799594916a3913481d4b9d08f,2026-02-22T09:00:00Z/2026-02-22T10:00:00Z,112233445566,2026-02-01T00:00:00Z,2026-03-01T00:00:00Z,AWS,223344556677,SavingsPlanCoveredUsage,2026-02-22T09:00:00Z,2026-02-22T10:00:00Z,AmazonEC2,USWE-BoxUsage:r5.large,RunInstances,us-west-2a,i-0322eef1dbc14485e,1.0,4.0,4.0,0.126,0.126,0.086129,0.086129,Hrs,0.126,0.126,Amazon Elastic Compute Cloud,r5.large,2,16 GiB,Linux,us-west-2,AmazonEC2,38.22,30.65,20.09,52,2026-02-20T15:12:04Z,ml,prod,CC500,,,,,,,,arn:aws:savingsplans::223344556677:savingsplan/4ae7ee2b-e013-4194-847d-3da85f7e610f,0.086129,0.086129,0.086129,,
1565c7fc58af47409a2d714a1700b034,2026-02-22T18:00:00Z/2026-02-22T19:00:00Z,112233445566,2026-02-01T00:00:00Z,2026-03-01T00:00:00Z,AWS,223344556677,SavingsPlanCoveredUsage,2026-02-22T18:00:00Z,2026-02-22T19:00:00Z,AmazonEC2,USWE-BoxUsage:r5.large,RunInstances,us-west-2a,i-0322eef1dbc14485e,1.0,4.0,4.0,0.126,0.126,0.08894,0.08894,Hrs,0.126,0.126,Amazon Elastic Compute Cloud,r5.large,2,16 GiB,Linux,us-west-2,AmazonEC2,26.12,42.03,34.94,37,2026-02-20T08:31:58Z,ml,prod,CC500,,,,,,,,arn:aws:savingsplans::223344556677:savingsplan/4ae7ee2b-e013-4194-847d-3da85f7e610f,0.08894,0.08894,0.08894,,
8c172b7e276a44979be5801df46a4dbe,2026-02-23T03:00:00Z/2026-02-23T04:00:00Z,112233445566,2026-02-01T00:00:00Z,2026-03-01T00:00:00Z,AWS,223344556677,SavingsPlanCoveredUsage,2026-02-23T03:00:00Z,2026-02-23T04:00:00Z,AmazonEC2,USWE-BoxUsage:r5.large,RunInstances,us-west-2a,i-0322eef1dbc14485e,1.0,4.0,4.0,0.126,0.126,0.090551,0.090551,Hrs,0.126,0.126,Amazon Elastic Compute Cloud,r5.large,2,16 GiB,Linux,us-west-2,AmazonEC2,23.12,29.93,36.42,29,2026-02-19T13:08:13Z,ml,prod,CC500,,,,,,,,arn:aws:savingsplans::223344556677:savingsplan/4ae7ee2b-e013-4194-847d-3da85f7e610f,0.090551,0.090551,0.090551,,
5b874045b09443ae91bd63fe27bc08b5,2026-02-23T12:00:00Z/2026-02-23T13:00:00Z,112233445566,2026-02-01T00:00:00Z,2026-03-01T00:00:00Z,AWS,223344556677,SavingsPlanCoveredUsage,2026-02-23T12:00:00Z,2026-02-23T13:00:00Z,AmazonEC2,USWE-BoxUsage:r5.large,RunInstances,us-west-2a,i-0322eef1dbc14485e,1.0,4.0,4.0,0.126,0.126,0.083692,0.083692,Hrs,0.126,0.126,Amazon Elastic Compute Cloud,r5.large,2,16 GiB,Linux,us-west-2,AmazonEC2,32.71,36.98,20.16,32,2026-02-19T14:20:30Z,ml,prod,CC500,,,,,,,,arn:aws:savingsplans::223344556677:savingsplan/4ae7ee2b-e013-4194-847d-3da85f7e610f,0.083692,0.083692,0.083692,,
793750404eb04d19baaaade2e0552259,2026-02-23T21:00:00Z/2026-02-23T22:00:00Z,112233445566,2026-02-01T00:00:00Z,2026-03-01T00:00:00Z,AWS,223344556677,SavingsPlanCoveredUsage,2026-02-23T21:00:00Z,2026-02-23T22:00:00Z,AmazonEC2,USWE-BoxUsage:r5.large,RunInstances,us-west-2a,i-0322eef1dbc14485e,1.0,4.0,4.0,0.126,0.126,0.088313,0.088313,Hrs,0.126,0.126,Amazon Elastic Compute Cloud,r5.large,2,16 GiB,Linux,us-west-2,AmazonEC2,28.06,38.03,32.67,51,2026-02-20T08:26:14Z,ml,prod,CC500,,,,,,,,arn:aws:savingsplans::223344556677:savingsplan/4ae7ee2b-e013-4194-847d-3da85f7e610f,0.088313,0.088313,0.088313,,
820ed7b1f1e24002b1b15416adf7cc16,2026-02-24T06:00:00Z/2026-02-24T07:00:00Z,112233445566,2026-02-01T00:00:00Z,2026-03-01T00:00:00Z,AWS,223344556677,SavingsPlanCoveredUsage,2026-02-24T06:00:00Z,2026-02-24T07:00:00Z,AmazonEC2,USWE-BoxUsage:r5.large,RunInstances,us-west-2a,i-0322eef1dbc14485e,1.0,4.0,4.0,0.126,0.126,0.085673,0.085673,Hrs,0.126,0.126,Amazon Elastic Compute Cloud,r5.large,2,16 GiB,Linux,us-west-2,AmazonEC2,25.92,41.03,29.75,43,2026-02-21T11:01:23Z,ml,prod,CC500,,,,,,,,arn:aws:savingsplans::223344556677:savingsplan/4ae7ee2b-e013-4194-847d-3da85f7e610f,0.085673,0.085673,0.085673,,
e1ff5e256edd46549b0faa2250d60530,2026-02-24T15:00:00Z/2026-02-24T16:00:00Z,112233445566,2026-02-01T00:00:00Z,2026-03-01T00:00:00Z,AWS,223344556677,SavingsPlanCoveredUsage,2026-02-24T15:00:00Z,2026-02-24T16:00:00Z,AmazonEC2,USWE-BoxUsage:r5.large,RunInstances,us-west-2a,i-0322eef1dbc14485e,1.0,4.0,4.0,0.126,0.126,0.084135,0.084135,Hrs,0.126,0.126,Amazon Elastic Compute Cloud,r5.large,2,16 GiB,Linux,us-west-2,AmazonEC2,39.98,32.44,29.51,31,2026-02-21T03:44:07Z,ml,prod,CC500,,,,,,,,arn:aws:savingsplans::223344556677:savingsplan/4ae7ee2b-e013-4194-847d-3da85f7e610f,0.084135,0.084135,0.084135,,
c9c238353b3741e0965b78193f07b4cf,2026-02-25T00:00:00Z/2026-02-25T01:00:00Z,112233445566,2026-02-01T00:00:00Z,2026-03-01T00:00:00Z,AWS,223344556677,SavingsPlanCoveredUsage,2026-02-25T00:00:00Z,2026-02-25T01:00:00Z,AmazonEC2,USWE-BoxUsage:r5.large,RunInstances,us-west-2a,i-0322eef1dbc14485e,1.0,4.0,4.0,0.126,0.126,0.0845,0.0845,Hrs,0.126,0.126,Amazon Elastic Compute Cloud,r5.large,2,16 GiB,Linux,us-west-2,AmazonEC2,38.27,51.59,39.48,58,2026-02-21T23:02:15Z,ml,prod,CC500,,,,,,,,arn:aws:savingsplans::223344556677:savingsplan/4ae7ee2b-e013-4194-847d-3da85f7e610f,0.0845,0.0845,0.0845,,
465ea6e2b0044de5ae3e30c97657c8b6,2026-02-25T09:00:00Z/2026-02-25T10:00:00Z,112233445566,2026-02-01T00:00:00Z,2026-03-01T00:00:00Z,AWS,223344556677,SavingsPlanCoveredUsage,2026-02-25T09:00:00Z,2026-02-25T10:00:00Z,AmazonEC2,USWE-BoxUsage:r5.large,RunInstances,us-west-2a,i-0322eef1dbc14485e,1.0,4.0,4.0,0.126,0.126,0.090733,0.090733,Hrs,0.126,0.126,Amazon Elastic Compute Cloud,r5.large,2,16 GiB,Linux,us-west-2,AmazonEC2,29.26,29.42,38.19,42,2026-02-23T11:28:23Z,ml,prod,CC500,,,,,,,,arn:aws:savingsplans::223344556677:savingsplan/4ae7ee2b-e013-4194-847d-3da85f7e610f,0.090733,0.090733,0.090733,,
814dfeef53c94a19b8f75278abd18c17,2026-02-25T18:00:00Z/2026-02-25T19:00:00Z,112233445566,2026-02-01T00:00:00Z,2026-03-01T00:00:00Z,AWS,223344556677,SavingsPlanCoveredUsage,2026-02-25T18:00:00Z,2026-02-25T19:00:00Z,AmazonEC2,USWE-BoxUsage:r5.large,RunInstances,us-west-2a,i-0322eef1dbc14485e,1.0,4.0,4.0,0.126,0.126,0.093073,0.093073,Hrs,0.126,0.126,Amazon Elastic Compute Cloud,r5.large,2,16 GiB,Linux,us-west-2,AmazonEC2,32.01,35.1,20.28,27,2026-02-24T04:07:22Z,ml,prod,CC500,,,,,,,,arn:aws:savingsplans::223344556677:savingsplan/4ae7ee2b-e013-4194-847d-3da85f7e610f,0.093073,0.093073,0.093073,,
fe40ed79f1974a048613a5282ce238f0,2026-02-26T03:00:00Z/2026-02-26T04:00:00Z,112233445566,2026-02-01T00:00:00Z,2026-03-01T00:00:00Z,AWS,223344556677,SavingsPlanCoveredUsage,2026-02-26T03:00:00Z,2026-02-26T04:00:00Z,AmazonEC2,USWE-BoxUsage:r5.large,RunInstances,us-west-2a,i-0322eef1dbc14485e,1.0,4.0,4.0,0.126,0.126,0.091182,0.091182,Hrs,0.126,0.126,Amazon Elastic Compute Cloud,r5.large,2,16 GiB,Linux,us-west-2,AmazonEC2,35.77,31.25,18.81,33,2026-02-21T17:35:58Z,ml,prod,CC500,,,,,,,,arn:aws:savingsplans::223344556677:savingsplan/4ae7ee2b-e013-4194-847d-3da85f7e610f,0.091182,0.091182,0.091182,,
fcb91e1cd39749299063137c170e7c16,2026-02-26T12:00:00Z/2026-02-26T13:00:00Z,112233445566,2026-02-01T00:00:00Z,2026-03-01T00:00:00Z,AWS,223344556677,SavingsPlanCoveredUsage,2026-02-26T12:00:00Z,2026-02-26T13:00:00Z,AmazonEC2,USWE-BoxUsage:r5.large,RunInstances,us-west-2a,i-0322eef1dbc14485e,1.0,4.0,4.0,0.126,0.126,0.093332,0.093332,Hrs,0.126,0.126,Amazon Elastic Compute Cloud,r5.large,2,16 GiB,Linux,us-west-2,AmazonEC2,34.99,35.81,37.39,65,2026-02-24T21:28:59Z,ml,prod,CC500,,,,,,,,arn:aws:savingsplans::223344556677:savingsplan/4ae7ee2b-e013-4194-847d-3da85f7e610f,0.093332,0.093332,0.093332,,
0a4f56bc8e324b29ba2b7f4b5a919e68,2026-02-26T21:00:00Z/2026-02-26T22:00:00Z,112233445566,2026-02-01T00:00:00Z,2026-03-01T00:00:00Z,AWS,223344556677,SavingsPlanCoveredUsage,2026-02-26T21:00:00Z,2026-02-26T22:00:00Z,AmazonEC2,USWE-BoxUsage:r5.large,RunInstances,us-west-2a,i-0322eef1dbc14485e,1.0,4.0,4.0,0.126,0.126,0.084188,0.084188,Hrs,0.126,0.126,Amazon Elastic Compute Cloud,r5.large,2,16 GiB,Linux,us-west-2,AmazonEC2,24.61,41.7,40.19,51,2026-02-22T04:22:48Z,ml,prod,CC500,,,,,,,,arn:aws:savingsplans::223344556677:savingsplan/4ae7ee2b-e013-4194-847d-3da85f7e610f,0.084188,0.084188,0.084188,,
0fe1a749ffea44a0891541910a4f0ca4,2026-02-27T06:00:00Z/2026-02-27T07:00:00Z,112233445566,2026-02-01T00:00:00Z,2026-03-01T00:00:00Z,AWS,223344556677,SavingsPlanCoveredUsage,2026-02-27T06:00:00Z,2026-02-27T07:00:00Z,AmazonEC2,USWE-BoxUsage:r5.large,RunInstances,us-west-2a,i-0322eef1dbc14485e,1.0,4.0,4.0,0.126,0.126,0.087401,0.087401,Hrs,0.126,0.126,Amazon Elastic Compute Cloud,r5.large,2,16 GiB,Linux,us-west-2,AmazonEC2,26.73,44.85,18.55,41,2026-02-23T16:53:40Z,ml,prod,CC500,,,,,,,,arn:aws:savingsplans::223344556677:savingsplan/4ae7ee2b-e013-4194-847d-3da85f7e610f,0.087401,0.087401,0.087401,,
c29a0028cd3f4fe08641945be50a1883,2026-02-27T15:00:00Z/2026-02-27T16:00:00Z,112233445566,2026-02-01T00:00:00Z,2026-03-01T00:00:00Z,AWS,223344556677,SavingsPlanCoveredUsage,2026-02-27T15:00:00Z,2026-02-27T16:00:00Z,AmazonEC2,USWE-BoxUsage:r5.large,RunInstances,us-west-2a,i-0322eef1dbc14485e,1.0,4.0,4.0,0.126,0.126,0.088032,0.088032,Hrs,0.126,0.126,Amazon Elastic Compute Cloud,r5.large,2,16 GiB,Linux,us-west-2,AmazonEC2,23.99,36.96,37.08,67,2026-02-23T11:51:13Z,ml,prod,CC500,,,,,,,,arn:aws:savingsplans::223344556677:savingsplan/4ae7ee2b-e013-4194-847d-3da85f7e610f,0.088032,0.088032,0.088032,,
48a6dbc6cf7f451b86af490ff7363479,2026-02-01T00:00:00Z/2026-02-01T01:00:00Z,112233445566,2026-02-01T00:00:00Z,2026-03-01T00:00:00Z,AWS,223344556677,Usage,2026-02-01T00:00:00Z,2026-02-01T01:00:00Z,AmazonEC2,USWE-BoxUsage:r5.xlarge,RunInstances,us-west-2a,i-083c41c053f4d4b2c,1.0,8.0,8.0,0.252,0.252,0.257709,0.247022,Hrs,0.252,0.252,Amazon Elastic Compute Cloud,r5.xlarge,4,32 GiB,Linux,us-west-2,AmazonEC2,33.19,37.08,22.01,51,2026-01-30T00:56:15Z,ml,prod,CC500,,,,,,,,,,,,,
229ccdab92794692a363a780ee80cf80,2026-02-01T09:00:00Z/2026-02-01T10:00:00Z,112233445566,2026-02-01T00:00:00Z,2026-03-01T00:00:00Z,AWS,223344556677,Usage,2026-02-01T09:00:00Z,2026-02-01T10:00:00Z,AmazonEC2,USWE-BoxUsage:r5.xlarge,RunInstances,us-west-2a,i-083c41c053f4d4b2c,1.0,8.0,8.0,0.252,0.252,0.24994,0.244101,Hrs,0.252,0.252,Amazon Elastic Compute Cloud,r5.xlarge,4,32 GiB,Linux,us-west-2,AmazonEC2,34.33,30.57,24.53,29,2026-01-29T04:57:18Z,ml,prod,CC500,,,,,,,,,,,,,
b227b124a34e4594ac62025d1f2ef514,2026-02-01T18:00:00Z/2026-02-01T19:00:00Z,112233445566,2026-02-01T00:00:00Z,2026-03-01T00:00:00Z,AWS,223344556677,Usage,2026-02-01T18:00:00Z,2026-02-01T19:00:00Z,AmazonEC2,USWE-BoxUsage:r5.xlarge,RunInstances,us-west-2a,i-083c41c053f4d4b2c,1.0,8.0,8.0,0.252,0.252,0.254948,0.262726,Hrs,0.252,0.252,Amazon Elastic Compute Cloud,r5.xlarge,4,32 GiB,Linux,us-west-2,AmazonEC2,22.26,38.78,31.51,40,2026-01-28T06:12:29Z,ml,prod,CC500,,,,,,,,,,,,,
294960d8482a4c4dbba4bf0fdfb24c6d,2026-02-02T03:00:00Z/2026-02-02T04:00:00Z,112233445566,2026-02-01T00:00:00Z,2026-03-01T00:00:00Z,AWS,223344556677,Usage,2026-02-02T03:00:00Z,2026-02-02T04:00:00Z,AmazonEC2,USWE-BoxUsage:r5.xlarge,RunInstances,us-west-2a,i-083c41c053f4d4b2c,1.0,8.0,8.0,0.252,0.252,0.245983,0.24245,Hrs,0.252,0.252,Amazon Elastic Compute Cloud,r5.xlarge,4,32 GiB,Linux,us-west-2,AmazonEC2,25.68,31.98,21.6,47,2026-01-30T05:00:36Z,ml,prod,CC500,,,,,,,,,,,,,
a594184bfb2e454390de41f757f688cd,2026-02-02T12:00:00Z/2026-02-02T13:00:00Z,112233445566,2026-02-01T00:00:00Z,2026-03-01T00:00:00Z,AWS,223344556677,Usage,2026-02-02T12:00:00Z,2026-02-02T13:00:00Z,AmazonEC2,USWE-BoxUsage:r5.xlarge,RunInstances,us-west-2a,i-083c41c053f4d4b2c,1.0,8.0,8.0,0.252,0.252,0.260631,0.257245,Hrs,0.252,0.252,Amazon Elastic Compute Cloud,r5.xlarge,4,32 GiB,Linux,us-west-2,AmazonEC2,22.33,39.09,25.83,35,2026-01-29T14:40:17Z,ml,prod,CC500,,,,,,,,,,,,,
c072e6fbb7a84be2930d1058fef3dc9e,2026-02-02T21:00:00Z/2026-02-02T22:00:00Z,112233445566,2026-02-01T00:00:00Z,2026-03-01T00:00:00Z,AWS,223344556677,Usage,2026-02-02T21:00:00Z,2026-02-02T22:00:00Z,AmazonEC2,USWE-BoxUsage:r5.xlarge,RunInstances,us-west-2a,i-083c41c053f4d4b2c,1.0,8.0,8.0,0.252,0.252,0.240195,0.258002,Hrs,0.252,0.252,Amazon Elastic Compute Cloud,r5.xlarge,4,32 GiB,Linux,us-west-2,AmazonEC2,35.96,47.45,39.34,33,2026-01-30T21:09:00Z,ml,prod,CC500,,,,,,,,,,,,,
25c284df93d344edbe597b3754ed396b,2026-02-03T06:00:00Z/2026-02-03T07:00:00Z,112233445566,2026-02-01T00:00:00Z,2026-03-01T00:00:00Z,AWS,223344556677,Usage,2026-02-03T06:00:00Z,2026-02-03T07:00:00Z,AmazonEC2,USWE-BoxUsage:r5.xlarge,RunInstances,us-west-2a,i-083c41c053f4d4b2c,1.0,8.0,8.0,0.252,0.252,0.257223,0.262246,Hrs,0.252,0.252,Amazon Elastic Compute Cloud,r5.xlarge,4,32 GiB,Linux,us-west-2,AmazonEC2,41.03,33.17,20.68,63,2026-02-01T11:53:51Z,ml,prod,CC500,,,,,,,,,,,,,
06a8907c52f7470eb0da372d803ccb12,2026-02-03T15:00:00Z/2026-02-03T16:00:00Z,112233445566,2026-02-01T00:00:00Z,2026-03-01T00:00:00Z,AWS,223344556677,Usage,2026-02-03T15:00:00Z,2026-02-03T16:00:00Z,AmazonEC2,USWE-BoxUsage:r5.xlarge,RunInstances,us-west-2a,i-083c41c053f4d4b2c,1.0,8.0,8.0,0.252,0.252,0.249862,0.257604,Hrs,0.252,0.252,Amazon Elastic Compute Cloud,r5.xlarge,4,32 GiB,Linux,us-west-2,AmazonEC2,27.72,47.02,30.43,50,2026-02-02T00:42:19Z,ml,prod,CC500,,,,,,,,,,,,,
9975145027b14a879b92fbea472fcc1a,2026-02-04T00:00:00Z/2026-02-04T01:00:00Z,112233445566,2026-02-01T00:00:00Z,2026-03-01T00:00:00Z,AWS,223344556677,Usage,2026-02-04T00:00:00Z,2026-02-04T01:00:00Z,AmazonEC2,USWE-BoxUsage:r5.xlarge,RunInstances,us-west-2a,i-083c41c053f4d4b2c,1.0,8.0,8.0,0.252,0.252,0.260632,0.246059,Hrs,0.252,0.252,Amazon Elastic Compute Cloud,r5.xlarge,4,32 GiB,Linux,us-west-2,AmazonEC2,23.48,37.67,33.37,72,2026-02-01T15:46:57Z,ml,prod,CC500,,,,,,,,,,,,,
15b6469f0abb47f9aaf1ae85eb56d3f3,2026-02-04T09:00:00Z/2026-02-04T10:00:00Z,112233445566,2026-02-01T00:00:00Z,2026-03-01T00:00:00Z,AWS,223344556677,Usage,2026-02-04T09:00:00Z,2026-02-04T10:00:00Z,AmazonEC2,USWE-BoxUsage:r5.xlarge,RunInstances,us-west-2a,i-083c41c053f4d4b2c,1.0,8.0,8.0,0.252,0.252,0.261563,0.258309,Hrs,0.252,0.252,Amazon Elastic Compute Cloud,r5.xlarge,4,32 GiB,Linux,us-west-2,AmazonEC2,26.42,51.91,37.36,32,2026-02-01T07:57:26Z,ml,prod,CC500,,,,,,,,,,,,,
f33688729e51427ea79cf0af88aaec95,2026-02-04T18:00:00Z/2026-02-04T19:00:00Z,112233445566,2026-02-01T00:00:00Z,2026-03-01T00:00:00Z,AWS,223344556677,Usage,2026-02-04T18:00:00Z,2026-02-04T19:00:00Z,AmazonEC2,USWE-BoxUsage:r5.xlarge,RunInstances,us-west-2a,i-083c41c053f4d4b2c,1.0,8.0,8.0,0.252,0.252,0.240621,0.2646,Hrs,0.252,0.252,Amazon Elastic Compute Cloud,r5.xlarge,4,32 GiB,Linux,us-west-2,AmazonEC2,28.88,37.19,33.1,50,2026-02-03T01:53:43Z,ml,prod,CC500,,,,,,,,,,,,,
07a07987d3424dab8e1da9c09e5ac205,2026-02-05T03:00:00Z/2026-02-05T04:00:00Z,112233445566,2026-02-01T00:00:00Z,2026-03-01T00:00:00Z,AWS,223344556677,Usage,2026-02-05T03:00:00Z,2026-02-05T04:00:00Z,AmazonEC2,USWE-BoxUsage:r5.xlarge,RunInstances,us-west-2a,i-083c41c053f4d4b2c,1.0,8.0,8.0,0.252,0.252,0.252233,0.248157,Hrs,0.252,0.252,Amazon Elastic Compute Cloud,r5.xlarge,4,32 GiB,Linux,us-west-2,AmazonEC2,39.49,42.34,24.47,67,2026-02-01T09:02:31Z,ml,prod,CC500,,,,,,,,,,,,,
0add94a95f594595b11a059ce36ee259,2026-02-05T12:00:00Z/2026-02-05T13:00:00Z,112233445566,2026-02-01T00:00:00Z,2026-03-01T00:00:00Z,AWS,223344556677,Usage,2026-02-05T12:00:00Z,2026-02-05T13:00:00Z,AmazonEC2,USWE-BoxUsage:r5.xlarge,RunInstances,us-west-2a,i-083c41c053f4d4b2c,1.0,8.0,8.0,0.252,0.252,0.254949,0.242592,Hrs,0.252,0.252,Amazon Elastic Compute Cloud,r5.xlarge,4,32 GiB,Linux,us-west-2,AmazonEC2,34.99,35.95,35.06,61,2026-02-03T11:15:09Z,ml,prod,CC500,,,,,,,,,,,,,
92916bd20bd44086805c4d57e9a728b0,2026-02-05T21:00:00Z/2026-02-05T22:00:00Z,112233445566,2026-02-01T00:00:00Z,2026-03-01T00:00:00Z,AWS,223344556677,Usage,2026-02-05T21:00:00Z,2026-02-05T22:00:00Z,AmazonEC2,USWE-BoxUsage:r5.xlarge,RunInstances,us-west-2a,i-083c41c053f4d4b2c,1.0,8.0,8.0,0.252,0.252,0.261071,0.250385,Hrs,0.252,0.252,Amazon Elastic Compute Cloud,r5.xlarge,4,32 GiB,Linux,us-west-2,AmazonEC2,22.44,43.99,23.82,15,2026-02-03T13:18:56Z,ml,prod,CC500,,,,,,,,,,,,,
07ac629570e6460b8263ddb61a04e855,2026-02-06T06:00:00Z/2026-02-06T07:00:00Z,112233445566,2026-02-01T00:00:00Z,2026-03-01T00:00:00Z,AWS,223344556677,Usage,2026-02-06T06:00:00Z,2026-02-06T07:00:00Z,AmazonEC2,USWE-BoxUsage:r5.xlarge,RunInstances,us-west-2a,i-083c41c053f4d4b2c,1.0,8.0,8.0,0.252,0.252,0.260956,0.25413,Hrs,0.252,0.252,Amazon Elastic Compute Cloud,r5.xlarge,4,32 GiB,Linux,us-west-2,AmazonEC2,34.24,30.73,36.15,17,2026-02-04T04:49:20Z,ml,prod,CC500,,,,,,,,,,,,,
13a1871fb926415aadfd1d47d24c1e68,2026-02-06T15:00:00Z/2026-02-06T16:00:00Z,112233445566,2026-02-01T00:00:00Z,2026-03-01T00:00:00Z,AWS,223344556677,Usage,2026-02-06T15:00:00Z,2026-02-06T16:00:00Z,AmazonEC2,USWE-BoxUsage:r5.xlarge,RunInstances,us-west-2a,i-083c41c053f4d4b2c,1.0,8.0,8.0,0.252,0.252,0.249727,0.258108,Hrs,0.252,0.252,Amazon Elastic Compute Cloud,r5.xlarge,4,32 GiB,Linux,us-west-2,AmazonEC2,23.03,29.87,37.42,32,2026-02-04T05:28:13Z,ml,prod,CC500,,,,,,,,,,,,,
05f3f540fab14023943b55325fe46269,2026-02-07T00:00:00Z/2026-02-07T01:00:00Z,112233445566,2026-02-01T00:00:00Z,2026-03-01T00:00:00Z,AWS,223344556677,Usage,2026-02-07T00:00:00Z,2026-02-07T01:00:00Z,AmazonEC2,USWE-BoxUsage:r5.xlarge,RunInstances,us-west-2a,i-083c41c053f4d4b2c,1.0,8.0,8.0,0.252,0.252,0.2611,0.244191,Hrs,0.252,0.252,Amazon Elastic Compute Cloud,r5.xlarge,4,32 GiB,Linux,us-west-2,AmazonEC2,39.36,35.89,26.31,40,2026-02-03T18:37:18Z,ml,prod,CC500,,,,,,,,,,,,,
4d285f5ee5bb43eaa9d71beeb682d1a0,2026-02-07T09:00:00Z/2026-02-07T10:00:00Z,112233445566,2026-02-01T00:00:00Z,2026-03-01T00:00:00Z,AWS,223344556677,Usage,2026-02-07T09:00:00Z,2026-02-07T10:00:00Z,AmazonEC2,USWE-BoxUsage:r5.xlarge,RunInstances,us-west-2a,i-083c41c053f4d4b2c,1.0,8.0,8.0,0.252,0.252,0.246816,0.244958,Hrs,0.252,0.252,Amazon Elastic Compute Cloud,r5.xlarge,4,32 GiB,Linux,us-west-2,AmazonEC2,30.04,45.6,19.13,20,2026-02-05T04:12:24Z,ml,prod,CC500,,,,,,,,,,,,,
a75ce7d846504af28cca3b35468cd776,2026-02-07T18:00:00Z/2026-02-07T19:00:00Z,112233445566,2026-02-01T00:00:00Z,2026-03-01T00:00:00Z,AWS,223344556677,Usage,2026-02-07T18:00:00Z,2026-02-07T19:00:00Z,AmazonEC2,USWE-BoxUsage:r5.xlarge,RunInstances,us-west-2a,i-083c41c053f4d4b2c,1.0,8.0,8.0,0.252,0.252,0.262092,0.245981,Hrs,0.252,0.252,Amazon Elastic Compute Cloud,r5.xlarge,4,32 GiB,Linux,us-west-2,AmazonEC2,37.16,35.85,41.02,60,2026-02-05T06:22:48Z,ml,prod,CC500,,,,,,,,,,,,,
b44ba1c96eb74f37a753f7f1a88a1c8b,2026-02-08T03:00:00Z/2026-02-08T04:00:00Z,112233445566,2026-02-01T00:00:00Z,2026-03-01T00:00:00Z,AWS,223344556677,Usage,2026-02-08T03:00:00Z,2026-02-08T04:00:00Z,AmazonEC2,USWE-BoxUsage:r5.xlarge,RunInstances,us-west-2a,i-083c41c053f4d4b2c,1.0,8.0,8.0,0.252,0.252,0.260292,0.239535,Hrs,0.252,0.252,Amazon Elastic Compute Cloud,r5.xlarge,4,32 GiB,Linux,us-west-2,AmazonEC2,22.43,50.14,25.09,48,2026-02-04T16:32:16Z,ml,prod,CC500,,,,,,,,,,,,,
7bb6ae17193849f3a66a1bd1916f41bc,2026-02-08T12:00:00Z/2026-02-08T13:00:00Z,112233445566,2026-02-01T00:00:00Z,2026-03-01T00:00:00Z,AWS,223344556677,Usage,2026-02-08T12:00:00Z,2026-02-08T13:00:00Z,AmazonEC2,USWE-BoxUsage:r5.xlarge,RunInstances,us-west-2a,i-083c41c053f4d4b2c,1.0,8.0,8.0,0.252,0.252,0.253079,0.260483,Hrs,0.252,0.252,Amazon Elastic Compute Cloud,r5.xlarge,4,32 GiB,Linux,us-west-2,AmazonEC2,24.08,35.31,33.34,40,2026-02-05T09:47:06Z,ml,prod,CC500,,,,,,,,,,,,,
8aaea618763e49789e962139ff520dd8,2026-02-08T21:00:00Z/2026-02-08T22:00:00Z,112233445566,2026-02-01T00:00:00Z,2026-03-01T00:00:00Z,AWS,223344556677,Usage,2026-02-08T21:00:00Z,2026-02-08T22:00:00Z,AmazonEC2,USWE-BoxUsage:r5.xlarge,RunInstances,us-west-2a,i-083c41c053f4d4b2c,1.0,8.0,8.0,0.252,0.252,0.259268,0.255957,Hrs,0.252,0.252,Amazon Elastic Compute Cloud,r5.xlarge,4,32 GiB,Linux,us-west-2,AmazonEC2,27.96,36.81,37.83,54,2026-02-06T01:52:23Z,ml,prod,CC500,,,,,,,,,,,,,
c149c55cf79b4ab0be0a426ddc4337c0,2026-02-09T06:00:00Z/2026-02-09T07:00:00Z,112233445566,2026-02-01T00:00:00Z,2026-03-01T00:00:00Z,AWS,223344556677,Usage,2026-02-09T06:00:00Z,2026-02-09T07:00:00Z,AmazonEC2,USWE-BoxUsage:r5.xlarge,RunInstances,us-west-2a,i-083c41c053f4d4b2c,1.0,8.0,8.0,0.252,0.252,0.24964,0.243341,Hrs,0.252,0.252,Amazon Elastic Compute Cloud,r5.xlarge,4,32 GiB,Linux,us-west-2,AmazonEC2,37.51,29.15,38.94,50,2026-02-05T08:24:24Z,ml,prod,CC500,,,,,,,,,,,,,
97912ddd52814bad80a18d0f32153a79,2026-02-09T15:00:00Z/2026-02-09T16:00:00Z,112233445566,2026-02-01T00:00:00Z,2026-03-01T00:00:00Z,AWS,223344556677,Usage,2026-02-09T15:00:00Z,2026-02-09T16:00:00Z,AmazonEC2,USWE-BoxUsage:r5.xlarge,RunInstances,us-west-2a,i-083c41c053f4d4b2c,1.0,8.0,8.0,0.252,0.252,0.258689,0.25981,Hrs,0.252,0.252,Amazon Elastic Compute Cloud,r5.xlarge,4,32 GiB,Linux,us-west-2,AmazonEC2,24.5,51.85,20.8,58,2026-02-08T06:00:36Z,ml,prod,CC500,,,,,,,,,,,,,
385700ffb50e4f1c95063aa3c0a798e6,2026-02-10T00:00:00Z/2026-02-10T01:00:00Z,112233445566,2026-02-01T00:00:00Z,2026-03-01T00:00:00Z,AWS,223344556677,Usage,2026-02-10T00:00:00Z,2026-02-10T01:00:00Z,AmazonEC2,USWE-BoxUsage:r5.xlarge,RunInstances,us-west-2a,i-083c41c053f4d4b2c,1.0,8.0,8.0,0.252,0.252,0.259127,0.247914,Hrs,0.252,0.252,Amazon Elastic Compute Cloud,r5.xlarge,4,32 GiB,Linux,us-west-2,AmazonEC2,36.23,43.13,19.93,41,2026-02-08T00:31:32Z,ml,prod,CC500,,,,,,,,,,,,,
6479b86107ee4cf787a14506d1cdf8f5,2026-02-10T18:00:00Z/2026-02-10T19:00:00Z,112233445566,2026-02-01T00:00:00Z,2026-03-01T00:00:00Z,AWS,223344556677,Usage,2026-02-10T18:00:00Z,2026-02-10T19:00:00Z,AmazonEC2,USWE-BoxUsage:r5.xlarge,RunInstances,us-west-2a,i-083c41c053f4d4b2c,1.0,8.0,8.0,0.252,0.252,0.258912,0.262448,Hrs,0.252,0.252,Amazon Elastic Compute Cloud,r5.xlarge,4,32 GiB,Linux,us-west-2,AmazonEC2,26.37,34.31,19.92,44,2026-02-08T02:20:28Z,ml,prod,CC500,,,,,,,,,,,,,
0a325519d60f4a1d951706700147da34,2026-02-11T03:00:00Z/2026-02-11T04:00:00Z,112233445566,2026-02-01T00:00:00Z,2026-03-01T00:00:00Z,AWS,223344556677,Usage,2026-02-11T03:00:00Z,2026-02-11T04:00:00Z,AmazonEC2,USWE-BoxUsage:r5.xlarge,RunInstances,us-west-2a,i-083c41c053f4d4b2c,1.0,8.0,8.0,0.252,0.252,0.256141,0.248579,Hrs,0.252,0.252,Amazon Elastic Compute Cloud,r5.xlarge,4,32 GiB,Linux,us-west-2,AmazonEC2,32.42,51.59,27.24,65,2026-02-08T15:23:02Z,ml,prod,CC500,,,,,,,,,,,,,
940b5a85c3f0420982c0548d48e5e842,2026-02-11T12:00:00Z/2026-02-11T13:00:00Z,112233445566,2026-02-01T00:00:00Z,2026-03-01T00:00:00Z,AWS,223344556677,Usage,2026-02-11T12:00:00Z,2026-02-11T13:00:00Z,AmazonEC2,USWE-BoxUsage:r5.xlarge,RunInstances,us-west-2a,i-083c41c053f4d4b2c,1.0,8.0,8.0,0.252,0.252,0.251277,0.260874,Hrs,0.252,0.252,Amazon Elastic Compute Cloud,r5.xlarge,4,32 GiB,Linux,us-west-2,AmazonEC2,41.68,34.5,28.43,17,2026-02-08T07:02:41Z,ml,prod,CC500,,,,,,,,,,,,,
b4b24c7d24d9422e995cb51b47aa11e1,2026-02-11T21:00:00Z/2026-02-11T22:00:00Z,112233445566,2026-02-01T00:00:00Z,2026-03-01T00:00:00Z,AWS,223344556677,Usage,2026-02-11T21:00:00Z,2026-02-11T22:00:00Z,AmazonEC2,USWE-BoxUsage:r5.xlarge,RunInstances,us-west-2a,i-083c41c053f4d4b2c,1.0,8.0,8.0,0.252,0.252,0.245301,0.256559,Hrs,0.252,0.252,Amazon Elastic Compute Cloud,r5.xlarge,4,32 GiB,Linux,us-west-2,AmazonEC2,29.43,42.71,18.42,12,2026-02-08T18:43:36Z,ml,prod,CC500,,,,,,,,,,,,,
58fee416b09641e1b71017403add9afb,2026-02-12T06:00:00Z/2026-02-12T07:00:00Z,112233445566,2026-02-01T00:00:00Z,2026-03-01T00:00:00Z,AWS,223344556677,Usage,2026-02-12T06:00:00Z,2026-02-12T07:00:00Z,AmazonEC2,USWE-BoxUsage:r5.xlarge,RunInstances,us-west-2a,i-083c41c053f4d4b2c,1.0,8.0,8.0,0.252,0.252,0.257196,0.254494,Hrs,0.252,0.252,Amazon Elastic Compute Cloud,r5.xlarge,4,32 GiB,Linux,us-west-2,AmazonEC2,24.88,37.17,28.79,29,2026-02-10T13:38:52Z,ml,prod,CC500,,,,,,,,,,,,,
a8d35f2775b548a49c4db00d3aca6727,2026-02-12T15:00:00Z/2026-02-12T16:00:00Z,112233445566,2026-02-01T00:00:00Z,2026-03-01T00:00:00Z,AWS,223344556677,Usage,2026-02-12T15:00:00Z,2026-02-12T16:00:00Z,AmazonEC2,USWE-BoxUsage:r5.xlarge,RunInstances,us-west-2a,i-083c41c053f4d4b2c,1.0,8.0,8.0,0.252,0.252,0.25801,0.244326,Hrs,0.252,0.252,Amazon Elastic Compute Cloud,r5.xlarge,4,32 GiB,Linux,us-west-2,AmazonEC2,23.86,48.35,27.4,26,2026-02-09T03:02:55Z,ml,prod,CC500,,,,,,,,,,,,,
05f7cbe4c8434e5cb10047c769ae8362,2026-02-13T00:00:00Z/2026-02-13T01:00:00Z,112233445566,2026-02-01T00:00:00Z,2026-03-01T00:00:00Z,AWS,223344556677,Usage,2026-02-13T00:00:00Z,2026-02-13T01:00:00Z,AmazonEC2,USWE-BoxUsage:r5.xlarge,RunInstances,us-west-2a,i-083c41c053f4d4b2c,1.0,8.0,8.0,0.252,0.252,0.251277,0.247347,Hrs,0.252,0.252,Amazon Elastic Compute Cloud,r5.xlarge,4,32 GiB,Linux,us-west-2,AmazonEC2,37.31,41.98,28.16,28,2026-02-10T18:45:03Z,ml,prod,CC500,,,,,,,,,,,,,
cbd7e33f286b4a319a33d256a4a42343,2026-02-13T09:00:00Z/2026-02-13T10:00:00Z,112233445566,2026-02-01T00:00:00Z,2026-03-01T00:00:00Z,AWS,223344556677,Usage,2026-02-13T09:00:00Z,2026-02-13T10:00:00Z,AmazonEC2,USWE-BoxUsage:r5.xlarge,RunInstances,us-west-2a,i-083c41c053f4d4b2c,1.0,8.0,8.0,0.252,0.252,0.261057,0.260674,Hrs,0.252,0.252,Amazon Elastic Compute Cloud,r5.xlarge,4,32 GiB,Linux,us-west-2,AmazonEC2,28.95,41.49,23.75,70,2026-02-11T06:33:10Z,ml,prod,CC500,,,,,,,,,,,,,
c796c6d73c454b38ac182a0a9cad89c5,2026-02-13T18:00:00Z/2026-02-13T19:00:00Z,112233445566,2026-02-01T00:00:00Z,2026-03-01T00:00:00Z,AWS,223344556677,Usage,2026-02-13T18:00:00Z,2026-02-13T19:00:00Z,AmazonEC2,USWE-BoxUsage:r5.xlarge,RunInstances,us-west-2a,i-083c41c053f4d4b2c,1.0,8.0,8.0,0.252,0.252,0.254929,0.243704,Hrs,0.252,0.252,Amazon Elastic Compute Cloud,r5.xlarge,4,32 GiB,Linux,us-west-2,AmazonEC2,36.65,29.46,24.57,58,2026-02-10T20:11:35Z,ml,prod,CC500,,,,,,,,,,,,,
738997eb11f84fa180fcfa708ac15d97,2026-02-14T03:00:00Z/2026-02-14T04:00:00Z,112233445566,2026-02-01T00:00:00Z,2026-03-01T00:00:00Z,AWS,223344556677,Usage,2026-02-14T03:00:00Z,2026-02-14T04:00:00Z,AmazonEC2,USWE-BoxUsage:r5.xlarge,RunInstances,us-west-2a,i-083c41c053f4d4b2c,1.0,8.0,8.0,0.252,0.252,0.26321,0.256601,Hrs,0.252,0.252,Amazon Elastic Compute Cloud,r5.xlarge,4,32 GiB,Linux,us-west-2,AmazonEC2,35.1,44.86,33.06,41,2026-02-12T12:16:25Z,ml,prod,CC500,,,,,,,,,,,,,
4409b83457744a0381b3d73119be0065,2026-02-14T12:00:00Z/2026-02-14T13:00:00Z,112233445566,2026-02-01T00:00:00Z,2026-03-01T00:00:00Z,AWS,223344556677,Usage,2026-02-14T12:00:00Z,2026-02-14T13:00:00Z,AmazonEC2,USWE-BoxUsage:r5.xlarge,RunInstances,us-west-2a,i-083c41c053f4d4b2c,1.0,8.0,8.0,0.252,0.252,0.257426,0.249835,Hrs,0.252,0.252,Amazon Elastic Compute Cloud,r5.xlarge,4,32 GiB,Linux,us-west-2,AmazonEC2,29.27,40.91,41.51,35,2026-02-10T02:02:55Z,ml,prod,CC500,,,,,,,,,,,,,
08553d0cd92b40c3b433c9bbb933548f,2026-02-14T21:00:00Z/2026-02-14T22:00:00Z,112233445566,2026-02-01T00:00:00Z,2026-03-01T00:00:00Z,AWS,223344556677,Usage,2026-02-14T21:00:00Z,2026-02-14T22:00:00Z,AmazonEC2,USWE-BoxUsage:r5.xlarge,RunInstances,us-west-2a,i-083c41c053f4d4b2c,1.0,8.0,8.0,0.252,0.252,0.254604,0.24862,Hrs,0.252,0.252,Amazon Elastic Compute Cloud,r5.xlarge,4,32 GiB,Linux,us-west-2,AmazonEC2,34.06,32.42,35.92,64,2026-02-10T14:36:50Z,ml,prod,CC500,,,,,,,,,,,,,
d3e899adca124e0aa9f4d5c635b202b1,2026-02-15T06:00:00Z/2026-02-15T07:00:00Z,112233445566,2026-02-01T00:00:00Z,2026-03-01T00:00:00Z,AWS,223344556677,Usage,2026-02-15T06:00:00Z,2026-02-15T07:00:00Z,AmazonEC2,USWE-BoxUsage:r5.xlarge,RunInstances,us-west-2a,i-083c41c053f4d4b2c,1.0,8.0,8.0,0.252,0.252,0.259226,0.255926,Hrs,0.252,0.252,Amazon Elastic Compute Cloud,r5.xlarge,4,32 GiB,Linux,us-west-2,AmazonEC2,41.51,30.91,36.52,58,2026-02-13T20:27:45Z,ml,prod,CC500,,,,,,,,,,,,,
9a434c3db63d44bfa343363c52075f72,2026-02-15T15:00:00Z/2026-02-15T16:00:00Z,112233445566,2026-02-01T00:00:00Z,2026-03-01T00:00:00Z,AWS,223344556677,Usage,2026-02-15T15:00:00Z,2026-02-15T16:00:00Z,AmazonEC2,USWE-BoxUsage:r5.xlarge,RunInstances,us-west-2a,i-083c41c053f4d4b2c,1.0,8.0,8.0,0.252,0.252,0.253037,0.242969,Hrs,0.252,0.252,Amazon Elastic Compute Cloud,r5.xlarge,4,32 GiB,Linux,us-west-2,AmazonEC2,35.29,38.52,19.15,69,2026-02-12T01:19:39Z,ml,prod,CC500,,,,,,,,,,,,,
1871c0e616464b9cb2e828d58c3b1ae3,2026-02-16T00:00:00Z/2026-02-16T01:00:00Z,112233445566,2026-02-01T00:00:00Z,2026-03-01T00:00:00Z,AWS,223344556677,Usage,2026-02-16T00:00:00Z,2026-02-16T01:00:00Z,AmazonEC2,USWE-BoxUsage:r5.xlarge,RunInstances,us-west-2a,i-083c41c053f4d4b2c,1.0,8.0,8.0,0.252,0.252,0.262492,0.261788,Hrs,0.252,0.252,Amazon Elastic Compute Cloud,r5.xlarge,4,32 GiB,Linux,us-west-2,AmazonEC2,22.08,36.23,39.05,24,2026-02-13T07:52:44Z,ml,prod,CC500,,,,,,,,,,,,,
6cc4f9a69c2a4602879ffd5954868366,2026-02-16T18:00:00Z/2026-02-16T19:00:00Z,112233445566,2026-02-01T00:00:00Z,2026-03-01T00:00:00Z,AWS,223344556677,Usage,2026-02-16T18:00:00Z,2026-02-16T19:00:00Z,AmazonEC2,USWE-BoxUsage:r5.xlarge,RunInstances,us-west-2a,i-083c41c053f4d4b2c,1.0,8.0,8.0,0.252,0.252,0.245969,0.244987,Hrs,0.252,0.252,Amazon Elastic Compute Cloud,r5.xlarge,4,32 GiB,Linux,us-west-2,AmazonEC2,24.4,35.91,29.81,39,2026-02-14T22:10:55Z,ml,prod,CC500,,,,,,,,,,,,,
5c1349a92b91410fbfa9363332d813bc,2026-02-17T03:00:00Z/2026-02-17T04:00:00Z,112233445566,2026-02-01T00:00:00Z,2026-03-01T00:00:00Z,AWS,223344556677,Usage,2026-02-17T03:00:00Z,2026-02-17T04:00:00Z,AmazonEC2,USWE-BoxUsage:r5.xlarge,RunInstances,us-west-2a,i-083c41c053f4d4b2c,1.0,8.0,8.0,0.252,0.252,0.240328,0.261828,Hrs,0.252,0.252,Amazon Elastic Compute Cloud,r5.xlarge,4,32 GiB,Linux,us-west-2,AmazonEC2,26.89,36.11,29.29,25,2026-02-12T17:53:00Z,ml,prod,CC500,,,,,,,,,,,,,
e0be1ed74c24455195ee0a07b792159c,2026-02-17T12:00:00Z/2026-02-17T13:00:00Z,112233445566,2026-02-01T00:00:00Z,2026-03-01T00:00:00Z,AWS,223344556677,Usage,2026-02-17T12:00:00Z,2026-02-17T13:00:00Z,AmazonEC2,USWE-BoxUsage:r5.xlarge,RunInstances,us-west-2a,i-083c41c053f4d4b2c,1.0,8.0,8.0,0.252,0.252,0.25787,0.248647,Hrs,0.252,0.252,Amazon Elastic Compute Cloud,r5.xlarge,4,32 GiB,Linux,us-west-2,AmazonEC2,31.22,28.76,20.75,33,2026-02-14T17:18:01Z,ml,prod,CC500,,,,,,,,,,,,,
6f6a58ec0e6b463aae56b9b331aaf40c,2026-02-17T21:00:00Z/2026-02-17T22:00:00Z,112233445566,2026-02-01T00:00:00Z,2026-03-01T00:00:00Z,AWS,223344556677,Usage,2026-02-17T21:00:00Z,2026-02-17T22:00:00Z,AmazonEC2,USWE-BoxUsage:r5.xlarge,RunInstances,us-west-2a,i-083c41c053f4d4b2c,1.0,8.0,8.0,0.252,0.252,0.257814,0.247586,Hrs,0.252,0.252,Amazon Elastic Compute Cloud,r5.xlarge,4,32 GiB,Linux,us-west-2,AmazonEC2,30.85,48.12,36.05,49,2026-02-16T00:23:21Z,ml,prod,CC500,,,,,,,,,,,,,
ac95e92093a94c42b1314b4384869f7f,2026-02-18T06:00:00Z/2026-02-18T07:00:00Z,112233445566,2026-02-01T00:00:00Z,2026-03-01T00:00:00Z,AWS,223344556677,Usage,2026-02-18T06:00:00Z,2026-02-18T07:00:00Z,AmazonEC2,USWE-BoxUsage:r5.xlarge,RunInstances,us-west-2a,i-083c41c053f4d4b2c,1.0,8.0,8.0,0.252,0.252,0.245091,0.261569,Hrs,0.252,0.252,Amazon Elastic Compute Cloud,r5.xlarge,4,32 GiB,Linux,us-west-2,AmazonEC2,40.94,28.17,27.54,36,2026-02-14T08:59:01Z,ml,prod,CC500,,,,,,,,,,,,,
4649a539a66d4a6b9d898c3f4b510d7f,2026-02-18T15:00:00Z/2026-02-18T16:00:00Z,112233445566,2026-02-01T00:00:00Z,2026-03-01T00:00:00Z,AWS,223344556677,Usage,2026-02-18T15:00:00Z,2026-02-18T16:00:00Z,AmazonEC2,USWE-BoxUsage:r5.xlarge,RunInstances,us-west-2a,i-083c41c053f4d4b2c,1.0,8.0,8.0,0.252,0.252,0.251439,0.244443,Hrs,0.252,0.252,Amazon Elastic Compute Cloud,r5.xlarge,4,32 GiB,Linux,us-west-2,AmazonEC2,26.39,37.63,27.71,15,2026-02-16T22:27:02Z,ml,prod,CC500,,,,,,,,,,,,,
e42d242f3ba148dbb126ea023a561503,2026-02-19T00:00:00Z/2026-02-19T01:00:00Z,112233445566,2026-02-01T00:00:00Z,2026-03-01T00:00:00Z,AWS,223344556677,Usage,2026-02-19T00:00:00Z,2026-02-19T01:00:00Z,AmazonEC2,USWE-BoxUsage:r5.xlarge,RunInstances,us-west-2a,i-083c41c053f4d4b2c,1.0,8.0,8.0,0.252,0.252,0.262001,0.249083,Hrs,0.252,0.252,Amazon Elastic Compute Cloud,r5.xlarge,4,32 GiB,Linux,us-west-2,AmazonEC2,25.1,48.04,25.94,51,2026-02-14T20:44:12Z,ml,prod,CC500,,,,,,,,,,,,,
ef7bd28bc4474bee8c324dd37d7ebf23,2026-02-19T09:00:00Z/2026-02-19T10:00:00Z,112233445566,2026-02-01T00:00:00Z,2026-03-01T00:00:00Z,AWS,223344556677,Usage,2026-02-19T09:00:00Z,2026-02-19T10:00:00Z,AmazonEC2,USWE-BoxUsage:r5.xlarge,RunInstances,us-west-2a,i-083c41c053f4d4b2c,1.0,8.0,8.0,0.252,0.252,0.256149,0.257968,Hrs,0.252,0.252,Amazon Elastic Compute Cloud,r5.xlarge,4,32 GiB,Linux,us-west-2,AmazonEC2,39.22,47.95,38.7,40,2026-02-16T12:44:09Z,ml,prod,CC500,,,,,,,,,,,,,
7700d26d585b4bb6a974df4ab61ad4f6,2026-02-19T18:00:00Z/2026-02-19T19:00:00Z,112233445566,2026-02-01T00:00:00Z,2026-03-01T00:00:00Z,AWS,223344556677,Usage,2026-02-19T18:00:00Z,2026-02-19T19:00:00Z,AmazonEC2,USWE-BoxUsage:r5.xlarge,RunInstances,us-west-2a,i-083c41c053f4d4b2c,1.0,8.0,8.0,0.252,0.252,0.253174,0.247227,Hrs,0.252,0.252,Amazon Elastic Compute Cloud,r5.xlarge,4,32 GiB,Linux,us-west-2,AmazonEC2,31.31,41.61,18.58,58,2026-02-18T01:48:47Z,ml,prod,CC500,,,,,,,,,,,,,
1e7741a376104e0db305ef10042c8427,2026-02-20T03:00:00Z/2026-02-20T04:00:00Z,112233445566,2026-02-01T00:00:00Z,2026-03-01T00:00:00Z,AWS,223344556677,Usage,2026-02-20T03:00:00Z,2026-02-20T04:00:00Z,AmazonEC2,USWE-BoxUsage:r5.xlarge,RunInstances,us-west-2a,i-083c41c053f4d4b2c,1.0,8.0,8.0,0.252,0.252,0.24792,0.244788,Hrs,0.252,0.252,Amazon Elastic Compute Cloud,r5.xlarge,4,32 GiB,Linux,us-west-2,AmazonEC2,30.96,39.42,23.5,49,2026-02-17T02:49:58Z,ml,prod,CC500,,,,,,,,,,,,,
0f241618d71f47d59842b59141332ad5,2026-02-20T12:00:00Z/2026-02-20T13:00:00Z,112233445566,2026-02-01T00:00:00Z,2026-03-01T00:00:00Z,AWS,223344556677,Usage,2026-02-20T12:00:00Z,2026-02-20T13:00:00Z,AmazonEC2,USWE-BoxUsage:r5.xlarge,RunInstances,us-west-2a,i-083c41c053f4d4b2c,1.0,8.0,8.0,0.252,0.252,0.260533,0.241671,Hrs,0.252,0.252,Amazon Elastic Compute Cloud,r5.xlarge,4,32 GiB,Linux,us-west-2,AmazonEC2,38.48,47.62,36.45,36,2026-02-18T11:05:34Z,ml,prod,CC500,,,,,,,,,,,,,
4a1bd903460f46319e3dd78b4bccf4f9,2026-02-20T21:00:00Z/2026-02-20T22:00:00Z,112233445566,2026-02-01T00:00:00Z,2026-03-01T00:00:00Z,AWS,223344556677,Usage,2026-02-20T21:00:00Z,2026-02-20T22:00:00Z,AmazonEC2,USWE-BoxUsage:r5.xlarge,RunInstances,us-west-2a,i-083c41c053f4d4b2c,1.0,8.0,8.0,0.252,0.252,0.239646,0.256721,Hrs,0.252,0.252,Amazon Elastic Compute Cloud,r5.xlarge,4,32 GiB,Linux,us-west-2,AmazonEC2,40.26,42.13,19.96,22,2026-02-17T10:57:49Z,ml,prod,CC500,,,,,,,,,,,,,
25f52ded70bc4b8890448dc33ce2b0f6,2026-02-21T06:00:00Z/2026-02-21T07:00:00Z,112233445566,2026-02-01T00:00:00Z,2026-03-01T00:00:00Z,AWS,223344556677,Usage,2026-02-21T06:00:00Z,2026-02-21T07:00:00Z,AmazonEC2,USWE-BoxUsage:r5.xlarge,RunInstances,us-west-2a,i-083c41c053f4d4b2c,1.0,8.0,8.0,0.252,0.252,0.246775,0.249718,Hrs,0.252,0.252,Amazon Elastic Compute Cloud,r5.xlarge,4,32 GiB,Linux,us-west-2,AmazonEC2,29.25,43.86,36.04,57,2026-02-17T08:44:39Z,ml,prod,CC500,,,,,,,,,,,,,
b5fa2e710a574060960dc3c05608d0a6,2026-02-21T15:00:00Z/2026-02-21T16:00:00Z,112233445566,2026-02-01T00:00:00Z,2026-03-01T00:00:00Z,AWS,223344556677,Usage,2026-02-21T15:00:00Z,2026-02-21T16:00:00Z,AmazonEC2,USWE-BoxUsage:r5.xlarge,RunInstances,us-west-2a,i-083c41c053f4d4b2c,1.0,8.0,8.0,0.252,0.252,0.246411,0.251324,Hrs,0.252,0.252,Amazon Elastic Compute Cloud,r5.xlarge,4,32 GiB,Linux,us-west-2,AmazonEC2,22.48,51.24,22.88,14,2026-02-18T08:51:20Z,ml,prod,CC500,,,,,,,,,,,,,
5e603ba976d9423f8e5b79c24d209e15,2026-02-22T00:00:00Z/2026-02-22T01:00:00Z,112233445566,2026-02-01T00:00:00Z,2026-03-01T00:00:00Z,AWS,223344556677,Usage,2026-02-22T00:00:00Z,2026-02-22T01:00:00Z,AmazonEC2,USWE-BoxUsage:r5.xlarge,RunInstances,us-west-2a,i-083c41c053f4d4b2c,1.0,8.0,8.0,0.252,0.252,0.245546,0.243895,Hrs,0.252,0.252,Amazon Elastic Compute Cloud,r5.xlarge,4,32 GiB,Linux,us-west-2,AmazonEC2,32.39,28.43,36.88,64,2026-02-20T12:23:13Z,ml,prod,CC500,,,,,,,,,,,,,
6faeaf89fb8d439bbd5abaf48cc5f594,2026-02-22T09:00:00Z/2026-02-22T10:00:00Z,112233445566,2026-02-01T00:00:00Z,2026-03-01T00:00:00Z,AWS,223344556677,Usage,2026-02-22T09:00:00Z,2026-02-22T10:00:00Z,AmazonEC2,USWE-BoxUsage:r5.xlarge,RunInstances,us-west-2a,i-083c41c053f4d4b2c,1.0,8.0,8.0,0.252,0.252,0.245418,0.242433,Hrs,0.252,0.252,Amazon Elastic Compute Cloud,r5.xlarge,4,32 GiB,Linux,us-west-2,AmazonEC2,37.96,44.74,24.48,45,2026-02-20T05:46:37Z,ml,prod,CC500,,,,,,,,,,,,,
e3d30448d9a64384b0628e31ad708593,2026-02-22T18:00:00Z/2026-02-22T19:00:00Z,112233445566,2026-02-01T00:00:00Z,2026-03-01T00:00:00Z,AWS,223344556677,Usage,2026-02-22T18:00:00Z,2026-02-22T19:00:00Z,AmazonEC2,USWE-BoxUsage:r5.xlarge,RunInstances,us-west-2a,i-083c41c053f4d4b2c,1.0,8.0,8.0,0.252,0.252,0.248204,0.241216,Hrs,0.252,0.252,Amazon Elastic Compute Cloud,r5.xlarge,4,32 GiB,Linux,us-west-2,AmazonEC2,41.22,43.74,31.89,38,2026-02-18T15:55:17Z,ml,prod,CC500,,,,,,,,,,,,,
f541aec9f9ba41ae8064c9b5f61c3235,2026-02-23T03:00:00Z/2026-02-23T04:00:00Z,112233445566,2026-02-01T00:00:00Z,2026-03-01T00:00:00Z,AWS,223344556677,Usage,2026-02-23T03:00:00Z,2026-02-23T04:00:00Z,AmazonEC2,USWE-BoxUsage:r5.xlarge,RunInstances,us-west-2a,i-083c41c053f4d4b2c,1.0,8.0,8.0,0.252,0.252,0.242644,0.248179,Hrs,0.252,0.252,Amazon Elastic Compute Cloud,r5.xlarge,4,32 GiB,Linux,us-west-2,AmazonEC2,24.71,32.37,37.67,59,2026-02-20T23:15:50Z,ml,prod,CC500,,,,,,,,,,,,,
38be096fe708473a98f01366bd83f3f5,2026-02-23T12:00:00Z/2026-02-23T13:00:00Z,112233445566,2026-02-01T00:00:00Z,2026-03-01T00:00:00Z,AWS,223344556677,Usage,2026-02-23T12:00:00Z,2026-02-23T13:00:00Z,AmazonEC2,USWE-BoxUsage:r5.xlarge,RunInstances,us-west-2a,i-083c41c053f4d4b2c,1.0,8.0,8.0,0.252,0.252,0.256821,0.239681,Hrs,0.252,0.252,Amazon Elastic Compute Cloud,r5.xlarge,4,32 GiB,Linux,us-west-2,AmazonEC2,29.24,29.73,33.15,65,2026-02-20T17:30:12Z,ml,prod,CC500,,,,,,,,,,,,,
9712b100c2a44f1986444679f447216c,2026-02-23T21:00:00Z/2026-02-23T22:00:00Z,112233445566,2026-02-01T00:00:00Z,2026-03-01T00:00:00Z,AWS,223344556677,Usage,2026-02-23T21:00:00Z,2026-02-23T22:00:00Z,AmazonEC2,USWE-BoxUsage:r5.xlarge,RunInstances,us-west-2a,i-083c41c053f4d4b2c,1.0,8.0,8.0,0.252,0.252,0.245215,0.247159,Hrs,0.252,0.252,Amazon Elastic Compute Cloud,r5.xlarge,4,32 GiB,Linux,us-west-2,AmazonEC2,34.69,49.4,34.31,44,2026-02-21T11:08:34Z,ml,prod,CC500,,,,,,,,,,,,,
2af4a0a7f9dd485ab76fc0d492a6f9aa,2026-02-24T06:00:00Z/2026-02-24T07:00:00Z,112233445566,2026-02-01T00:00:00Z,2026-03-01T00:00:00Z,AWS,223344556677,Usage,2026-02-24T06:00:00Z,2026-02-24T07:00:00Z,AmazonEC2,USWE-BoxUsage:r5.xlarge,RunInstances,us-west-2a,i-083c41c053f4d4b2c,1.0,8.0,8.0,0.252,0.252,0.251271,0.247617,Hrs,0.252,0.252,Amazon Elastic Compute Cloud,r5.xlarge,4,32 GiB,Linux,us-west-2,AmazonEC2,24.38,48.81,29.39,71,2026-02-20T02:00:14Z,ml,prod,CC500,,,,,,,,,,,,,
0a6918f835a44412a3bb8439c10c7518,2026-02-24T15:00:00Z/2026-02-24T16:00:00Z,112233445566,2026-02-01T00:00:00Z,2026-03-01T00:00:00Z,AWS,223344556677,Usage,2026-02-24T15:00:00Z,2026-02-24T16:00:00Z,AmazonEC2,USWE-BoxUsage:r5.xlarge,RunInstances,us-west-2a,i-083c41c053f4d4b2c,1.0,8.0,8.0,0.252,0.252,0.241832,0.239637,Hrs,0.252,0.252,Amazon Elastic Compute Cloud,r5.xlarge,4,32 GiB,Linux,us-west-2,AmazonEC2,38.94,31.97,32.61,41,2026-02-22T03:24:30Z,ml,prod,CC500,,,,,,,,,,,,,
45c0f7c22ccf4f1face90a87b0f0823d,2026-02-25T00:00:00Z/2026-02-25T01:00:00Z,112233445566,2026-02-01T00:00:00Z,2026-03-01T00:00:00Z,AWS,223344556677,Usage,2026-02-25T00:00:00Z,2026-02-25T01:00:00Z,AmazonEC2,USWE-BoxUsage:r5.xlarge,RunInstances,us-west-2a,i-083c41c053f4d4b2c,1.0,8.0,8.0,0.252,0.252,0.243071,0.263094,Hrs,0.252,0.252,Amazon Elastic Compute Cloud,r5.xlarge,4,32 GiB,Linux,us-west-2,AmazonEC2,34.38,36.91,24.07,47,2026-02-21T11:40:03Z,ml,prod,CC500,,,,,,,,,,,,,
584083709aee442b82260e818d487901,2026-02-25T09:00:00Z/2026-02-25T10:00:00Z,112233445566,2026-02-01T00:00:00Z,2026-03-01T00:00:00Z,AWS,223344556677,Usage,2026-02-25T09:00:00Z,2026-02-25T10:00:00Z,AmazonEC2,USWE-BoxUsage:r5.xlarge,RunInstances,us-west-2a,i-083c41c053f4d4b2c,1.0,8.0,8.0,0.252,0.252,0.257935,0.253226,Hrs,0.252,0.252,Amazon Elastic Compute Cloud,r5.xlarge,4,32 GiB,Linux,us-west-2,AmazonEC2,31.48,40.28,38.87,21,2026-02-23T08:28:53Z,ml,prod,CC500,,,,,,,,,,,,,
4fcbf440eb294a119b404e513f528a29,2026-02-25T18:00:00Z/2026-02-25T19:00:00Z,112233445566,2026-02-01T00:00:00Z,2026-03-01T00:00:00Z,AWS,223344556677,Usage,2026-02-25T18:00:00Z,2026-02-25T19:00:00Z,AmazonEC2,USWE-BoxUsage:r5.xlarge,RunInstances,us-west-2a,i-083c41c053f4d4b2c,1.0,8.0,8.0,0.252,0.252,0.245105,0.244444,Hrs,0.252,0.252,Amazon Elastic Compute Cloud,r5.xlarge,4,32 GiB,Linux,us-west-2,AmazonEC2,30.14,50.77,41.41,58,2026-02-23T07:32:15Z,ml,prod,CC500,,,,,,,,,,,,,
62361209ff6b4d14b6900e8c4e57a1f9,2026-02-26T03:00:00Z/2026-02-26T04:00:00Z,112233445566,2026-02-01T00:00:00Z,2026-03-01T00:00:00Z,AWS,223344556677,Usage,2026-02-26T03:00:00Z,2026-02-26T04:00:00Z,AmazonEC2,USWE-BoxUsage:r5.xlarge,RunInstances,us-west-2a,i-083c41c053f4d4b2c,1.0,8.0,8.0,0.252,0.252,0.2579,0.251434,Hrs,0.252,0.252,Amazon Elastic Compute Cloud,r5.xlarge,4,32 GiB,Linux,us-west-2,AmazonEC2,26.98,37.6,37.67,13,2026-02-22T18:48:57Z,ml,prod,CC500,,,,,,,,,,,,,
7706e4c6d27840c78968bd69e8211a75,2026-02-26T12:00:00Z/2026-02-26T13:00:00Z,112233445566,2026-02-01T00:00:00Z,2026-03-01T00:00:00Z,AWS,223344556677,Usage,2026-02-26T12:00:00Z,2026-02-26T13:00:00Z,AmazonEC2,USWE-BoxUsage:r5.xlarge,RunInstances,us-west-2a,i-083c41c053f4d4b2c,1.0,8.0,8.0,0.252,0.252,0.26431,0.264157,Hrs,0.252,0.252,Amazon Elastic Compute Cloud,r5.xlarge,4,32 GiB,Linux,us-west-2,AmazonEC2,27.63,34.09,26.48,67,2026-02-24T07:11:24Z,ml,prod,CC500,,,,,,,,,,,,,
26a46aa0e5ae468a88f45704d7b60627,2026-02-26T21:00:00Z/2026-02-26T22:00:00Z,112233445566,2026-02-01T00:00:00Z,2026-03-01T00:00:00Z,AWS,223344556677,Usage,2026-02-26T21:00:00Z,2026-02-26T22:00:00Z,AmazonEC2,USWE-BoxUsage:r5.xlarge,RunInstances,us-west-2a,i-083c41c053f4d4b2c,1.0,8.0,8.0,0.252,0.252,0.255355,0.240128,Hrs,0.252,0.252,Amazon Elastic Compute Cloud,r5.xlarge,4,32 GiB,Linux,us-west-2,AmazonEC2,23.78,29.18,20.27,25,2026-02-22T11:24:24Z,ml,prod,CC500,,,,,,,,,,,,,
f4877b5d191a497e895d915bd10e9f30,2026-02-27T06:00:00Z/2026-02-27T07:00:00Z,112233445566,2026-02-01T00:00:00Z,2026-03-01T00:00:00Z,AWS,223344556677,Usage,2026-02-27T06:00:00Z,2026-02-27T07:00:00Z,AmazonEC2,USWE-BoxUsage:r5.xlarge,RunInstances,us-west-2a,i-083c41c053f4d4b2c,1.0,8.0,8.0,0.252,0.252,0.241421,0.246798,Hrs,0.252,0.252,Amazon Elastic Compute Cloud,r5.xlarge,4,32 GiB,Linux,us-west-2,AmazonEC2,25.54,38.52,31.23,21,2026-02-23T11:41:23Z,ml,prod,CC500,,,,,,,,,,,,,
b121d9079fc345eabd77b80bc80fb8ea,2026-02-27T15:00:00Z/2026-02-27T16:00:00Z,112233445566,2026-02-01T00:00:00Z,2026-03-01T00:00:00Z,AWS,223344556677,Usage,2026-02-27T15:00:00Z,2026-02-27T16:00:00Z,AmazonEC2,USWE-BoxUsage:r5.xlarge,RunInstances,us-west-2a,i-083c41c053f4d4b2c,1.0,8.0,8.0,0.252,0.252,0.260193,0.251498,Hrs,0.252,0.252,Amazon Elastic Compute Cloud,r5.xlarge,4,32 GiB,Linux,us-west-2,AmazonEC2,31.92,36.39,20.84,36,2026-02-25T10:30:23Z,ml,prod,CC500,,,,,,,,,,,,,
d7e09cd1272c4f82a47fc6ec8a4e2d45,2026-02-01T00:00:00Z/2026-02-01T01:00:00Z,112233445566,2026-02-01T00:00:00Z,2026-03-01T00:00:00Z,AWS,334455667788,DiscountedUsage,2026-02-01T00:00:00Z,2026-02-01T01:00:00Z,AmazonEC2,EUWE-BoxUsage:t3.large,RunInstances,eu-west-1b,i-0f30e42a39f90416a,1.0,4.0,4.0,0.0,0.0,0.049629,0.049629,Hrs,0.0832,0.0832,Amazon Elastic Compute Cloud,t3.large,2,8 GiB,Linux,eu-west-1,AmazonEC2,39.66,37.26,28.35,36,2026-01-28T06:04:26Z,frontend,prod,CC300,arn:aws:ec2:eu-west-1:334455667788:reserved-instances/4db9c93c-5b51-4e68-b7e7-6e5442ea48da,0.049629,0.042185,0.007444,,,,,,,,,
768f7cb1a2414797a785209ab08b9cea,2026-02-01T09:00:00Z/2026-02-01T10:00:00Z,112233445566,2026-02-01T00:00:00Z,2026-03-01T00:00:00Z,AWS,334455667788,DiscountedUsage,2026-02-01T09:00:00Z,2026-02-01T10:00:00Z,AmazonEC2,EUWE-BoxUsage:t3.large,RunInstances,eu-west-1b,i-0f30e42a39f90416a,1.0,4.0,4.0,0.0,0.0,0.057055,0.057055,Hrs,0.0832,0.0832,Amazon Elastic Compute Cloud,t3.large,2,8 GiB,Linux,eu-west-1,AmazonEC2,30.67,31.82,18.02,18,2026-01-30T00:21:51Z,frontend,prod,CC300,arn:aws:ec2:eu-west-1:334455667788:reserved-instances/4db9c93c-5b51-4e68-b7e7-6e5442ea48da,0.057055,0.048497,0.008558,,,,,,,,,
edc407fd4f8445c1a571dfecd9481527,2026-02-01T18:00:00Z/2026-02-01T19:00:00Z,112233445566,2026-02-01T00:00:00Z,2026-03-01T00:00:00Z,AWS,334455667788,DiscountedUsage,2026-02-01T18:00:00Z,2026-02-01T19:00:00Z,AmazonEC2,EUWE-BoxUsage:t3.large,RunInstances,eu-west-1b,i-0f30e42a39f90416a,1.0,4.0,4.0,0.0,0.0,0.057616,0.057616,Hrs,0.0832,0.0832,Amazon Elastic Compute Cloud,t3.large,2,8 GiB,Linux,eu-west-1,AmazonEC2,27.74,40.21,33.27,51,2026-01-29T20:55:23Z,frontend,prod,CC300,arn:aws:ec2:eu-west-1:334455667788:reserved-instances/4db9c93c-5b51-4e68-b7e7-6e5442ea48da,0.057616,0.048974,0.008642,,,,,,,,,
a6e18b79c4c3446ea227b4b53d50e71f,2026-02-02T03:00:00Z/2026-02-02T04:00:00Z,112233445566,2026-02-01T00:00:00Z,2026-03-01T00:00:00Z,AWS,334455667788,DiscountedUsage,2026-02-02T03:00:00Z,2026-02-02T04:00:00Z,AmazonEC2,EUWE-BoxUsage:t3.large,RunInstances,eu-west-1b,i-0f30e42a39f90416a,1.0,4.0,4.0,0.0,0.0,0.056033,0.056033,Hrs,0.0832,0.0832,Amazon Elastic Compute Cloud,t3.large,2,8 GiB,Linux,eu-west-1,AmazonEC2,40.66,38.43,40.92,36,2026-01-30T11:40:47Z,frontend,prod,CC300,arn:aws:ec2:eu-west-1:334455667788:reserved-instances/4db9c93c-5b51-4e68-b7e7-6e5442ea48da,0.056033,0.047628,0.008405,,,,,,,,,
57949d1f043840948d49ad489f4df2ec,2026-02-02T12:00:00Z/2026-02-02T13:00:00Z,112233445566,2026-02-01T00:00:00Z,2026-03-01T00:00:00Z,AWS,334455667788,DiscountedUsage,2026-02-02T12:00:00Z,2026-02-02T13:00:00Z,AmazonEC2,EUWE-BoxUsage:t3.large,RunInstances,eu-west-1b,i-0f30e42a39f90416a,1.0,4.0,4.0,0.0,0.0,0.055713,0.055713,Hrs,0.0832,0.0832,Amazon Elastic Compute Cloud,t3.large,2,8 GiB,Linux,eu-west-1,AmazonEC2,38.91,31.46,33.96,39,2026-01-28T22:15:25Z,frontend,prod,CC300,arn:aws:ec2:eu-west-1:334455667788:reserved-instances/4db9c93c-5b51-4e68-b7e7-6e5442ea48da,0.055713,0.047356,0.008357,,,,,,,,,
92da069d99fe4a7e8d0821c6a95a2d29,2026-02-02T21:00:00Z/2026-02-02T22:00:00Z,112233445566,2026-02-01T00:00:00Z,2026-03-01T00:00:00Z,AWS,334455667788,DiscountedUsage,2026-02-02T21:00:00Z,2026-02-02T22:00:00Z,AmazonEC2,EUWE-BoxUsage:t3.large,RunInstances,eu-west-1b,i-0f30e42a39f90416a,1.0,4.0,4.0,0.0,0.0,0.048151,0.048151,Hrs,0.0832,0.0832,Amazon Elastic Compute Cloud,t3.large,2,8 GiB,Linux,eu-west-1,AmazonEC2,23.24,49.14,27.74,63,2026-01-30T02:50:56Z,frontend,prod,CC300,arn:aws:ec2:eu-west-1:334455667788:reserved-instances/4db9c93c-5b51-4e68-b7e7-6e5442ea48da,0.048151,0.040928,0.007223,,,,,,,,,
6255e7e74632493f860c96a1da86ba90,2026-02-03T06:00:00Z/2026-02-03T07:00:00Z,112233445566,2026-02-01T00:00:00Z,2026-03-01T00:00:00Z,AWS,334455667788,DiscountedUsage,2026-02-03T06:00:00Z,2026-02-03T07:00:00Z,AmazonEC2,EUWE-BoxUsage:t3.large,RunInstances,eu-west-1b,i-0f30e42a39f90416a,1.0,4.0,4.0,0.0,0.0,0.047376,0.047376,Hrs,0.0832,0.0832,Amazon Elastic Compute Cloud,t3.large,2,8 GiB,Linux,eu-west-1,AmazonEC2,27.92,38.86,34.38,44,2026-02-01T13:12:47Z,frontend,prod,CC300,arn:aws:ec2:eu-west-1:334455667788:reserved-instances/4db9c93c-5b51-4e68-b7e7-6e5442ea48da,0.047376,0.04027,0.007106,,,,,,,,,
bd9944a57c194cdc98046dfae11e80e7,2026-02-03T15:00:00Z/2026-02-03T16:00:00Z,112233445566,2026-02-01T00:00:00Z,2026-03-01T00:00:00Z,AWS,334455667788,DiscountedUsage,2026-02-03T15:00:00Z,2026-02-03T16:00:00Z,AmazonEC2,EUWE-BoxUsage:t3.large,RunInstances,eu-west-1b,i-0f30e42a39f90416a,1.0,4.0,4.0,0.0,0.0,0.04642,0.04642,Hrs,0.0832,0.0832,Amazon Elastic Compute Cloud,t3.large,2,8 GiB,Linux,eu-west-1,AmazonEC2,40.34,44.39,23.37,41,2026-01-30T15:55:43Z,frontend,prod,CC300,arn:aws:ec2:eu-west-1:334455667788:reserved-instances/4db9c93c-5b51-4e68-b7e7-6e5442ea48da,0.04642,0.039457,0.006963,,,,,,,,,
2fd78d1a54d54b5d99cd35d9372f2ad2,2026-02-04T00:00:00Z/2026-02-04T01:00:00Z,112233445566,2026-02-01T00:00:00Z,2026-03-01T00:00:00Z,AWS,334455667788,DiscountedUsage,2026-02-04T00:00:00Z,2026-02-04T01:00:00Z,AmazonEC2,EUWE-BoxUsage:t3.large,RunInstances,eu-west-1b,i-0f30e42a39f90416a,1.0,4.0,4.0,0.0,0.0,0.047079,0.047079,Hrs,0.0832,0.0832,Amazon Elastic Compute Cloud,t3.large,2,8 GiB,Linux,eu-west-1,AmazonEC2,34.89,49.26,37.54,26,2026-01-31T15:27:44Z,frontend,prod,CC300,arn:aws:ec2:eu-west-1:334455667788:reserved-instances/4db9c93c-5b51-4e68-b7e7-6e5442ea48da,0.047079,0.040017,0.007062,,,,,,,,,
dbc9f878412b41d7ae7ffc913ae131cf,2026-02-04T09:00:00Z/2026-02-04T10:00:00Z,112233445566,2026-02-01T00:00:00Z,2026-03-01T00:00:00Z,AWS,334455667788,DiscountedUsage,2026-02-04T09:00:00Z,2026-02-04T10:00:00Z,AmazonEC2,EUWE-BoxUsage:t3.large,RunInstances,eu-west-1b,i-0f30e42a39f90416a,1.0,4.0,4.0,0.0,0.0,0.054335,0.054335,Hrs,0.0832,0.0832,Amazon Elastic Compute Cloud,t3.large,2,8 GiB,Linux,eu-west-1,AmazonEC2,31.96,40.17,28.03,33,2026-02-01T10:30:58Z,frontend,prod,CC300,arn:aws:ec2:eu-west-1:334455667788:reserved-instances/4db9c93c-5b51-4e68-b7e7-6e5442ea48da,0.054335,0.046185,0.00815,,,,,,,,,
7eb81fe3ae3540fa95e63164c7e9de4a,2026-02-04T18:00:00Z/2026-02-04T19:00:00Z,112233445566,2026-02-01T00:00:00Z,2026-03-01T00:00:00Z,AWS,334455667788,DiscountedUsage,2026-02-04T18:00:00Z,2026-02-04T19:00:00Z,AmazonEC2,EUWE-BoxUsage:t3.large,RunInstances,eu-west-1b,i-0f30e42a39f90416a,1.0,4.0,4.0,0.0,0.0,0.052016,0.052016,Hrs,0.0832,0.0832,Amazon Elastic Compute Cloud,t3.large,2,8 GiB,Linux,eu-west-1,AmazonEC2,26.51,51.62,23.28,33,2026-02-02T07:52:04Z,frontend,prod,CC300,arn:aws:ec2:eu-west-1:334455667788:reserved-instances/4db9c93c-5b51-4e68-b7e7-6e5442ea48da,0.052016,0.044214,0.007802,,,,,,,,,
1779f85788a64acda016a9bb84c116e2,2026-02-05T03:00:00Z/2026-02-05T04:00:00Z,112233445566,2026-02-01T00:00:00Z,2026-03-01T00:00:00Z,AWS,334455667788,DiscountedUsage,2026-02-05T03:00:00Z,2026-02-05T04:00:00Z,AmazonEC2,EUWE-BoxUsage:t3.large,RunInstances,eu-west-1b,i-0f30e42a39f90416a,1.0,4.0,4.0,0.0,0.0,0.051377,0.051377,Hrs,0.0832,0.0832,Amazon Elastic Compute Cloud,t3.large,2,8 GiB,Linux,eu-west-1,AmazonEC2,36.0,33.85,18.9,38,2026-02-03T12:57:40Z,frontend,prod,CC300,arn:aws:ec2:eu-west-1:334455667788:reserved-instances/4db9c93c-5b51-4e68-b7e7-6e5442ea48da,0.051377,0.04367,0.007707,,,,,,,,,
657d488a80564f35a9f2a09a885c01c1,2026-02-05T12:00:00Z/2026-02-05T13:00:00Z,112233445566,2026-02-01T00:00:00Z,2026-03-01T00:00:00Z,AWS,334455667788,DiscountedUsage,2026-02-05T12:00:00Z,2026-02-05T13:00:00Z,AmazonEC2,EUWE-BoxUsage:t3.large,RunInstances,eu-west-1b,i-0f30e42a39f90416a,1.0,4.0,4.0,0.0,0.0,0.051043,0.051043,Hrs,0.0832,0.0832,Amazon Elastic Compute Cloud,t3.large,2,8 GiB,Linux,eu-west-1,AmazonEC2,35.74,44.38,31.66,27,2026-02-02T20:10:34Z,frontend,prod,CC300,arn:aws:ec2:eu-west-1:334455667788:reserved-instances/4db9c93c-5b51-4e68-b7e7-6e5442ea48da,0.051043,0.043387,0.007656,,,,,,,,,
3198d13c917a464fb31ec314dd99adf0,2026-02-05T21:00:00Z/2026-02-05T22:00:00Z,112233445566,2026-02-01T00:00:00Z,2026-03-01T00:00:00Z,AWS,334455667788,DiscountedUsage,2026-02-05T21:00:00Z,2026-02-05T22:00:00Z,AmazonEC2,EUWE-BoxUsage:t3.large,RunInstances,eu-west-1b,i-0f30e42a39f90416a,1.0,4.0,4.0,0.0,0.0,0.048712,0.048712,Hrs,0.0832,0.0832,Amazon Elastic Compute Cloud,t3.large,2,8 GiB,Linux,eu-west-1,AmazonEC2,28.18,45.04,22.11,54,2026-02-02T00:56:22Z,frontend,prod,CC300,arn:aws:ec2:eu-west-1:334455667788:reserved-instances/4db9c93c-5b51-4e68-b7e7-6e5442ea48da,0.048712,0.041405,0.007307,,,,,,,,,
a6288a7035cf4cffa75a94bdd04feaf6,2026-02-06T06:00:00Z/2026-02-06T07:00:00Z,112233445566,2026-02-01T00:00:00Z,2026-03-01T00:00:00Z,AWS,334455667788,DiscountedUsage,2026-02-06T06:00:00Z,2026-02-06T07:00:00Z,AmazonEC2,EUWE-BoxUsage:t3.large,RunInstances,eu-west-1b,i-0f30e42a39f90416a,1.0,4.0,4.0,0.0,0.0,0.053234,0.053234,Hrs,0.0832,0.0832,Amazon Elastic Compute Cloud,t3.large,2,8 GiB,Linux,eu-west-1,AmazonEC2,34.81,29.33,31.53,62,2026-02-04T17:02:53Z,frontend,prod,CC300,arn:aws:ec2:eu-west-1:334455667788:reserved-instances/4db9c93c-5b51-4e68-b7e7-6e5442ea48da,0.053234,0.045249,0.007985,,,,,,,,,
aaa32b5da56147559888512b11f9f243,2026-02-06T15:00:00Z/2026-02-06T16:00:00Z,112233445566,2026-02-01T00:00:00Z,2026-03-01T00:00:00Z,AWS,334455667788,DiscountedUsage,2026-02-06T15:00:00Z,2026-02-06T16:00:00Z,AmazonEC2,EUWE-BoxUsage:t3.large,RunInstances,eu-west-1b,i-0f30e42a39f90416a,1.0,4.0,4.0,0.0,0.0,0.049537,0.049537,Hrs,0.0832,0.0832,Amazon Elastic Compute Cloud,t3.large,2,8 GiB,Linux,eu-west-1,AmazonEC2,30.82,49.02,38.01,28,2026-02-02T14:56:00Z,frontend,prod,CC300,arn:aws:ec2:eu-west-1:334455667788:reserved-instances/4db9c93c-5b51-4e68-b7e7-6e5442ea48da,0.049537,0.042106,0.007431,,,,,,,,,
2e731869032142a3972ad177e7648a35,2026-02-07T00:00:00Z/2026-02-07T01:00:00Z,112233445566,2026-02-01T00:00:00Z,2026-03-01T00:00:00Z,AWS,334455667788,DiscountedUsage,2026-02-07T00:00:00Z,2026-02-07T01:00:00Z,AmazonEC2,EUWE-BoxUsage:t3.large,RunInstances,eu-west-1b,i-0f30e42a39f90416a,1.0,4.0,4.0,0.0,0.0,0.049026,0.049026,Hrs,0.0832,0.0832,Amazon Elastic Compute Cloud,t3.large,2,8 GiB,Linux,eu-west-1,AmazonEC2,29.73,28.81,27.15,14,2026-02-04T11:19:08Z,frontend,prod,CC300,arn:aws:ec2:eu-west-1:334455667788:reserved-instances/4db9c93c-5b51-4e68-b7e7-6e5442ea48da,0.049026,0.041672,0.007354,,,,,,,,,
330d3ff7e3c441efb8867bde627d66eb,2026-02-07T09:00:00Z/2026-02-07T10:00:00Z,112233445566,2026-02-01T00:00:00Z,2026-03-01T00:00:00Z,AWS,334455667788,DiscountedUsage,2026-02-07T09:00:00Z,2026-02-07T10:00:00Z,AmazonEC2,EUWE-BoxUsage:t3.large,RunInstances,eu-west-1b,i-0f30e42a39f90416a,1.0,4.0,4.0,0.0,0.0,0.049862,0.049862,Hrs,0.0832,0.0832,Amazon Elastic Compute Cloud,t3.large,2,8 GiB,Linux,eu-west-1,AmazonEC2,30.9,45.84,28.58,58,2026-02-02T23:29:44Z,frontend,prod,CC300,arn:aws:ec2:eu-west-1:334455667788:reserved-instances/4db9c93c-5b51-4e68-b7e7-6e5442ea48da,0.049862,0.042383,0.007479,,,,,,,,,
e36021eb4929413893cfadc72dbe31af,2026-02-07T18:00:00Z/2026-02-07T19:00:00Z,112233445566,2026-02-01T00:00:00Z,2026-03-01T00:00:00Z,AWS,334455667788,DiscountedUsage,2026-02-07T18:00:00Z,2026-02-07T19:00:00Z,AmazonEC2,EUWE-BoxUsage:t3.large,RunInstances,eu-west-1b,i-0f30e42a39f90416a,1.0,4.0,4.0,0.0,0.0,0.051751,0.051751,Hrs,0.0832,0.0832,Amazon Elastic Compute Cloud,t3.large,2,8 GiB,Linux,eu-west-1,AmazonEC2,26.16,48.71,21.69,12,2026-02-03T22:10:34Z,frontend,prod,CC300,arn:aws:ec2:eu-west-1:334455667788:reserved-instances/4db9c93c-5b51-4e68-b7e7-6e5442ea48da,0.051751,0.043988,0.007763,,,,,,,,,
1d5a6a1cfa8640beaa23dac8d4118531,2026-02-08T03:00:00Z/2026-02-08T04:00:00Z,112233445566,2026-02-01T00:00:00Z,2026-03-01T00:00:00Z,AWS,334455667788,DiscountedUsage,2026-02-08T03:00:00Z,2026-02-08T04:00:00Z,AmazonEC2,EUWE-BoxUsage:t3.large,RunInstances,eu-west-1b,i-0f30e42a39f90416a,1.0,4.0,4.0,0.0,0.0,0.055644,0.055644,Hrs,0.0832,0.0832,Amazon Elastic Compute Cloud,t3.large,2,8 GiB,Linux,eu-west-1,AmazonEC2,22.68,50.78,35.32,19,2026-02-06T11:19:52Z,frontend,prod,CC300,arn:aws:ec2:eu-west-1:334455667788:reserved-instances/4db9c93c-5b51-4e68-b7e7-6e5442ea48da,0.055644,0.047297,0.008347,,,,,,,,,
fd40267f2d354a1ead5ed43c901a1d56,2026-02-08T12:00:00Z/2026-02-08T13:00:00Z,112233445566,2026-02-01T00:00:00Z,2026-03-01T00:00:00Z,AWS,334455667788,DiscountedUsage,2026-02-08T12:00:00Z,2026-02-08T13:00:00Z,AmazonEC2,EUWE-BoxUsage:t3.large,RunInstances,eu-west-1b,i-0f30e42a39f90416a,1.0,4.0,4.0,0.0,0.0,0.058129,0.058129,Hrs,0.0832,0.0832,Amazon Elastic Compute Cloud,t3.large,2,8 GiB,Linux,eu-west-1,AmazonEC2,24.08,44.05,21.1,53,2026-02-03T23:13:51Z,frontend,prod,CC300,arn:aws:ec2:eu-west-1:334455667788:reserved-instances/4db9c93c-5b51-4e68-b7e7-6e5442ea48da,0.058129,0.04941,0.008719,,,,,,,,,
41524dd8ad7f4b7ab88043acbb6cfa39,2026-02-08T21:00:00Z/2026-02-08T22:00:00Z,112233445566,2026-02-01T00:00:00Z,2026-03-01T00:00:00Z,AWS,334455667788,DiscountedUsage,2026-02-08T21:00:00Z,2026-02-08T22:00:00Z,AmazonEC2,EUWE-BoxUsage:t3.large,RunInstances,eu-west-1b,i-0f30e42a39f90416a,1.0,4.0,4.0,0.0,0.0,0.055855,0.055855,Hrs,0.0832,0.0832,Amazon Elastic Compute Cloud,t3.large,2,8 GiB,Linux,eu-west-1,AmazonEC2,26.29,41.19,19.41,68,2026-02-04T18:32:56Z,frontend,prod,CC300,arn:aws:ec2:eu-west-1:334455667788:reserved-instances/4db9c93c-5b51-4e68-b7e7-6e5442ea48da,0.055855,0.047477,0.008378,,,,,,,,,
b849c25481b94e56aef9b4223b1c2d20,2026-02-09T06:00:00Z/2026-02-09T07:00:00Z,112233445566,2026-02-01T00:00:00Z,2026-03-01T00:00:00Z,AWS,334455667788,DiscountedUsage,2026-02-09T06:00:00Z,2026-02-09T07:00:00Z,AmazonEC2,EUWE-BoxUsage:t3.large,RunInstances,eu-west-1b,i-0f30e42a39f90416a,1.0,4.0,4.0,0.0,0.0,0.049199,0.049199,Hrs,0.0832,0.0832,Amazon Elastic Compute Cloud,t3.large,2,8 GiB,Linux,eu-west-1,AmazonEC2,39.62,42.0,39.69,62,2026-02-06T21:03:09Z,frontend,prod,CC300,arn:aws:ec2:eu-west-1:334455667788:reserved-instances/4db9c93c-5b51-4e68-b7e7-6e5442ea48da,0.049199,0.041819,0.00738,,,,,,,,,
e43ae65dc1174bb885a620a3a999a89b,2026-02-09T15:00:00Z/2026-02-09T16:00:00Z,112233445566,2026-02-01T00:00:00Z,2026-03-01T00:00:00Z,AWS,334455667788,DiscountedUsage,2026-02-09T15:00:00Z,2026-02-09T16:00:00Z,AmazonEC2,EUWE-BoxUsage:t3.large,RunInstances,eu-west-1b,i-0f30e42a39f90416a,1.0,4.0,4.0,0.0,0.0,0.057641,0.057641,Hrs,0.0832,0.0832,Amazon Elastic Compute Cloud,t3.large,2,8 GiB,Linux,eu-west-1,AmazonEC2,32.48,46.67,18.3,36,2026-02-06T03:22:49Z,frontend,prod,CC300,arn:aws:ec2:eu-west-1:334455667788:reserved-instances/4db9c93c-5b51-4e68-b7e7-6e5442ea48da,0.057641,0.048995,0.008646,,,,,,,,,
60ccea0fe3d9415f93a94bc541eff314,2026-02-10T00:00:00Z/2026-02-10T01:00:00Z,112233445566,2026-02-01T00:00:00Z,2026-03-01T00:00:00Z,AWS,334455667788,DiscountedUsage,2026-02-10T00:00:00Z,2026-02-10T01:00:00Z,AmazonEC2,EUWE-BoxUsage:t3.large,RunInstances,eu-west-1b,i-0f30e42a39f90416a,1.0,4.0,4.0,0.0,0.0,0.050332,0.050332,Hrs,0.0832,0.0832,Amazon Elastic Compute Cloud,t3.large,2,8 GiB,Linux,eu-west-1,AmazonEC2,41.79,44.31,40.53,22,2026-02-05T22:46:19Z,frontend,prod,CC300,arn:aws:ec2:eu-west-1:334455667788:reserved-instances/4db9c93c-5b51-4e68-b7e7-6e5442ea48da,0.050332,0.042782,0.00755,,,,,,,,,
37889b2771c04867ac7813a285ba59ee,2026-02-10T09:00:00Z/2026-02-10T10:00:00Z,112233445566,2026-02-01T00:00:00Z,2026-03-01T00:00:00Z,AWS,334455667788,DiscountedUsage,2026-02-10T09:00:00Z,2026-02-10T10:00:00Z,AmazonEC2,EUWE-BoxUsage:t3.large,RunInstances,eu-west-1b,i-0f30e42a39f90416a,1.0,4.0,4.0,0.0,0.0,0.051645,0.051645,Hrs,0.0832,0.0832,Amazon Elastic Compute Cloud,t3.large,2,8 GiB,Linux,eu-west-1,AmazonEC2,36.05,45.99,18.07,62,2026-02-07T22:31:33Z,frontend,prod,CC300,arn:aws:ec2:eu-west-1:334455667788:reserved-instances/4db9c93c-5b51-4e68-b7e7-6e5442ea48da,0.051645,0.043898,0.007747,,,,,,,,,
a89e6fb81ac543d99ba6a0d769ae44f1,2026-02-10T18:00:00Z/2026-02-10T19:00:00Z,112233445566,2026-02-01T00:00:00Z,2026-03-01T00:00:00Z,AWS,334455667788,DiscountedUsage,2026-02-10T18:00:00Z,2026-02-10T19:00:00Z,AmazonEC2,EUWE-BoxUsage:t3.large,RunInstances,eu-west-1b,i-0f30e42a39f90416a,1.0,4.0,4.0,0.0,0.0,0.048959,0.048959,Hrs,0.0832,0.0832,Amazon Elastic Compute Cloud,t3.large,2,8 GiB,Linux,eu-west-1,AmazonEC2,26.86,33.52,32.64,22,2026-02-07T07:29:49Z,frontend,prod,CC300,arn:aws:ec2:eu-west-1:334455667788:reserved-instances/4db9c93c-5b51-4e68-b7e7-6e5442ea48da,0.048959,0.041615,0.007344,,,,,,,,,
e8bbf6d2d8ae42a1b1a6d115c75317ce,2026-02-11T03:00:00Z/2026-02-11T04:00:00Z,112233445566,2026-02-01T00:00:00Z,2026-03-01T00:00:00Z,AWS,334455667788,DiscountedUsage,2026-02-11T03:00:00Z,2026-02-11T04:00:00Z,AmazonEC2,EUWE-BoxUsage:t3.large,RunInstances,eu-west-1b,i-0f30e42a39f90416a,1.0,4.0,4.0,0.0,0.0,0.052077,0.052077,Hrs,0.0832,0.0832,Amazon Elastic Compute Cloud,t3.large,2,8 GiB,Linux,eu-west-1,AmazonEC2,41.94,29.75,24.6,56,2026-02-06T17:11:58Z,frontend,prod,CC300,arn:aws:ec2:eu-west-1:334455667788:reserved-instances/4db9c93c-5b51-4e68-b7e7-6e5442ea48da,0.052077,0.044265,0.007812,,,,,,,,,
13db3549d6e645598892c8e7d8fb0cb8,2026-02-11T12:00:00Z/2026-02-11T13:00:00Z,112233445566,2026-02-01T00:00:00Z,2026-03-01T00:00:00Z,AWS,334455667788,DiscountedUsage,2026-02-11T12:00:00Z,2026-02-11T13:00:00Z,AmazonEC2,EUWE-BoxUsage:t3.large,RunInstances,eu-west-1b,i-0f30e42a39f90416a,1.0,4.0,4.0,0.0,0.0,0.05175,0.05175,Hrs,0.0832,0.0832,Amazon Elastic Compute Cloud,t3.large,2,8 GiB,Linux,eu-west-1,AmazonEC2,22.93,38.16,25.5,71,2026-02-09T10:23:10Z,frontend,prod,CC300,arn:aws:ec2:eu-west-1:334455667788:reserved-instances/4db9c93c-5b51-4e68-b7e7-6e5442ea48da,0.05175,0.043987,0.007762,,,,,,,,,
a5070c699d694c88b8da83c70ad1f880,2026-02-11T21:00:00Z/2026-02-11T22:00:00Z,112233445566,2026-02-01T00:00:00Z,2026-03-01T00:00:00Z,AWS,334455667788,DiscountedUsage,2026-02-11T21:00:00Z,2026-02-11T22:00:00Z,AmazonEC2,EUWE-BoxUsage:t3.large,RunInstances,eu-west-1b,i-0f30e42a39f90416a,1.0,4.0,4.0,0.0,0.0,0.049282,0.049282,Hrs,0.0832,0.0832,Amazon Elastic Compute Cloud,t3.large,2,8 GiB,Linux,eu-west-1,AmazonEC2,36.3,33.85,18.66,70,2026-02-09T18:12:47Z,frontend,prod,CC300,arn:aws:ec2:eu-west-1:334455667788:reserved-instances/4db9c93c-5b51-4e68-b7e7-6e5442ea48da,0.049282,0.04189,0.007392,,,,,,,,,
291fc852a2e24e5394615ba1ae972613,2026-02-12T06:00:00Z/2026-02-12T07:00:00Z,112233445566,2026-02-01T00:00:00Z,2026-03-01T00:00:00Z,AWS,334455667788,DiscountedUsage,2026-02-12T06:00:00Z,2026-02-12T07:00:00Z,AmazonEC2,EUWE-BoxUsage:t3.large,RunInstances,eu-west-1b,i-0f30e42a39f90416a,1.0,4.0,4.0,0.0,0.0,0.047847,0.047847,Hrs,0.0832,0.0832,Amazon Elastic Compute Cloud,t3.large,2,8 GiB,Linux,eu-west-1,AmazonEC2,35.55,49.11,27.37,61,2026-02-08T04:15:10Z,frontend,prod,CC300,arn:aws:ec2:eu-west-1:334455667788:reserved-instances/4db9c93c-5b51-4e68-b7e7-6e5442ea48da,0.047847,0.04067,0.007177,,,,,,,,,
ec391162e1ff4935876681ee0ec2417f,2026-02-12T15:00:00Z/2026-02-12T16:00:00Z,112233445566,2026-02-01T00:00:00Z,2026-03-01T00:00:00Z,AWS,334455667788,DiscountedUsage,2026-02-12T15:00:00Z,2026-02-12T16:00:00Z,AmazonEC2,EUWE-BoxUsage:t3.large,RunInstances,eu-west-1b,i-0f30e42a39f90416a,1.0,4.0,4.0,0.0,0.0,0.057045,0.057045,Hrs,0.0832,0.0832,Amazon Elastic Compute Cloud,t3.large,2,8 GiB,Linux,eu-west-1,AmazonEC2,38.71,36.36,21.11,24,2026-02-10T09:50:17Z,frontend,prod,CC300,arn:aws:ec2:eu-west-1:334455667788:reserved-instances/4db9c93c-5b51-4e68-b7e7-6e5442ea48da,0.057045,0.048488,0.008557,,,,,,,,,
71b0a8c0334849a489596e5a9484b5c6,2026-02-13T00:00:00Z/2026-02-13T01:00:00Z,112233445566,2026-02-01T00:00:00Z,2026-03-01T00:00:00Z,AWS,334455667788,DiscountedUsage,2026-02-13T00:00:00Z,2026-02-13T01:00:00Z,AmazonEC2,EUWE-BoxUsage:t3.large,RunInstances,eu-west-1b,i-0f30e42a39f90416a,1.0,4.0,4.0,0.0,0.0,0.050408,0.050408,Hrs,0.0832,0.0832,Amazon Elastic Compute Cloud,t3.large,2,8 GiB,Linux,eu-west-1,AmazonEC2,41.79,31.78,21.83,58,2026-02-09T18:12:55Z,frontend,prod,CC300,arn:aws:ec2:eu-west-1:334455667788:reserved-instances/4db9c93c-5b51-4e68-b7e7-6e5442ea48da,0.050408,0.042847,0.007561,,,,,,,,,
3bdf1656e2754c1999a4fbd3668a7f12,2026-02-13T09:00:00Z/2026-02-13T10:00:00Z,112233445566,2026-02-01T00:00:00Z,2026-03-01T00:00:00Z,AWS,334455667788,DiscountedUsage,2026-02-13T09:00:00Z,2026-02-13T10:00:00Z,AmazonEC2,EUWE-BoxUsage:t3.large,RunInstances,eu-west-1b,i-0f30e42a39f90416a,1.0,4.0,4.0,0.0,0.0,0.057703,0.057703,Hrs,0.0832,0.0832,Amazon Elastic Compute Cloud,t3.large,2,8 GiB,Linux,eu-west-1,AmazonEC2,32.72,29.89,27.55,69,2026-02-09T18:02:57Z,frontend,prod,CC300,arn:aws:ec2:eu-west-1:334455667788:reserved-instances/4db9c93c-5b51-4e68-b7e7-6e5442ea48da,0.057703,0.049048,0.008655,,,,,,,,,
ec5bbd86f35c40e5b92b0e9bb3396f9c,2026-02-13T18:00:00Z/2026-02-13T19:00:00Z,112233445566,2026-02-01T00:00:00Z,2026-03-01T00:00:00Z,AWS,334455667788,DiscountedUsage,2026-02-13T18:00:00Z,2026-02-13T19:00:00Z,AmazonEC2,EUWE-BoxUsage:t3.large,RunInstances,eu-west-1b,i-0f30e42a39f90416a,1.0,4.0,4.0,0.0,0.0,0.05125,0.05125,Hrs,0.0832,0.0832,Amazon Elastic Compute Cloud,t3.large,2,8 GiB,Linux,eu-west-1,AmazonEC2,30.58,30.28,41.91,48,2026-02-11T00:01:28Z,frontend,prod,CC300,arn:aws:ec2:eu-west-1:334455667788:reserved-instances/4db9c93c-5b51-4e68-b7e7-6e5442ea48da,0.05125,0.043562,0.007687,,,,,,,,,
610ca2bd313c4fd0942eb450df63ff50,2026-02-14T03:00:00Z/2026-02-14T04:00:00Z,112233445566,2026-02-01T00:00:00Z,2026-03-01T00:00:00Z,AWS,334455667788,DiscountedUsage,2026-02-14T03:00:00Z,2026-02-14T04:00:00Z,AmazonEC2,EUWE-BoxUsage:t3.large,RunInstances,eu-west-1b,i-0f30e42a39f90416a,1.0,4.0,4.0,0.0,0.0,0.052642,0.052642,Hrs,0.0832,0.0832,Amazon Elastic Compute Cloud,t3.large,2,8 GiB,Linux,eu-west-1,AmazonEC2,25.64,33.85,26.63,66,2026-02-10T08:49:28Z,frontend,prod,CC300,arn:aws:ec2:eu-west-1:334455667788:reserved-instances/4db9c93c-5b51-4e68-b7e7-6e5442ea48da,0.052642,0.044746,0.007896,,,,,,,,,
a722cfaae2cc4b82abef9814b66b0ec5,2026-02-14T12:00:00Z/2026-02-14T13:00:00Z,112233445566,2026-02-01T00:00:00Z,2026-03-01T00:00:00Z,AWS,334455667788,DiscountedUsage,2026-02-14T12:00:00Z,2026-02-14T13:00:00Z,AmazonEC2,EUWE-BoxUsage:t3.large,RunInstances,eu-west-1b,i-0f30e42a39f90416a,1.0,4.0,4.0,0.0,0.0,0.048609,0.048609,Hrs,0.0832,0.0832,Amazon Elastic Compute Cloud,t3.large,2,8 GiB,Linux,eu-west-1,AmazonEC2,39.04,37.26,32.76,52,2026-02-12T04:56:01Z,frontend,prod,CC300,arn:aws:ec2:eu-west-1:334455667788:reserved-instances/4db9c93c-5b51-4e68-b7e7-6e5442ea48da,0.048609,0.041318,0.007291,,,,,,,,,
2d7a72c13cd64b3580a06aaf76406e57,2026-02-14T21:00:00Z/2026-02-14T22:00:00Z,112233445566,2026-02-01T00:00:00Z,2026-03-01T00:00:00Z,AWS,334455667788,DiscountedUsage,2026-02-14T21:00:00Z,2026-02-14T22:00:00Z,AmazonEC2,EUWE-BoxUsage:t3.large,RunInstances,eu-west-1b,i-0f30e42a39f90416a,1.0,4.0,4.0,0.0,0.0,0.053995,0.053995,Hrs,0.0832,0.0832,Amazon Elastic Compute Cloud,t3.large,2,8 GiB,Linux,eu-west-1,AmazonEC2,27.65,47.65,29.55,38,2026-02-10T18:47:37Z,frontend,prod,CC300,arn:aws:ec2:eu-west-1:334455667788:reserved-instances/4db9c93c-5b51-4e68-b7e7-6e5442ea48da,0.053995,0.045896,0.008099,,,,,,,,,
26f74abc7e724619b3fa1d0a8af9d67d,2026-02-15T06:00:00Z/2026-02-15T07:00:00Z,112233445566,2026-02-01T00:00:00Z,2026-03-01T00:00:00Z,AWS,334455667788,DiscountedUsage,2026-02-15T06:00:00Z,2026-02-15T07:00:00Z,AmazonEC2,EUWE-BoxUsage:t3.large,RunInstances,eu-west-1b,i-0f30e42a39f90416a,1.0,4.0,4.0,0.0,0.0,0.053152,0.053152,Hrs,0.0832,0.0832,Amazon Elastic Compute Cloud,t3.large,2,8 GiB,Linux,eu-west-1,AmazonEC2,22.27,45.85,38.64,33,2026-02-13T08:16:17Z,frontend,prod,CC300,arn:aws:ec2:eu-west-1:334455667788:reserved-instances/4db9c93c-5b51-4e68-b7e7-6e5442ea48da,0.053152,0.045179,0.007973,,,,,,,,,
85b60d9fd1ce46fe925266f17777cc15,2026-02-15T15:00:00Z/2026-02-15T16:00:00Z,112233445566,2026-02-01T00:00:00Z,2026-03-01T00:00:00Z,AWS,334455667788,DiscountedUsage,2026-02-15T15:00:00Z,2026-02-15T16:00:00Z,AmazonEC2,EUWE-BoxUsage:t3.large,RunInstances,eu-west-1b,i-0f30e42a39f90416a,1.0,4.0,4.0,0.0,0.0,0.048808,0.048808,Hrs,0.0832,0.0832,Amazon Elastic Compute Cloud,t3.large,2,8 GiB,Linux,eu-west-1,AmazonEC2,35.72,46.88,39.98,14,2026-02-12T14:20:17Z,frontend,prod,CC300,arn:aws:ec2:eu-west-1:334455667788:reserved-instances/4db9c93c-5b51-4e68-b7e7-6e5442ea48da,0.048808,0.041487,0.007321,,,,,,,,,
b9dfba38b3c74ef5a1a5d0a589c698c0,2026-02-16T00:00:00Z/2026-02-16T01:00:00Z,112233445566,2026-02-01T00:00:00Z,2026-03-01T00:00:00Z,AWS,334455667788,DiscountedUsage,2026-02-16T00:00:00Z,2026-02-16T01:00:00Z,AmazonEC2,EUWE-BoxUsage:t3.large,RunInstances,eu-west-1b,i-0f30e42a39f90416a,1.0,4.0,4.0,0.0,0.0,0.054107,0.054107,Hrs,0.0832,0.0832,Amazon Elastic Compute Cloud,t3.large,2,8 GiB,Linux,eu-west-1,AmazonEC2,22.15,43.23,38.11,64,2026-02-12T18:36:24Z,frontend,prod,CC300,arn:aws:ec2:eu-west-1:334455667788:reserved-instances/4db9c93c-5b51-4e68-b7e7-6e5442ea48da,0.054107,0.045991,0.008116,,,,,,,,,
858c31bbf6314d35a7b972a157085234,2026-02-16T09:00:00Z/2026-02-16T10:00:00Z,112233445566,2026-02-01T00:00:00Z,2026-03-01T00:00:00Z,AWS,334455667788,DiscountedUsage,2026-02-16T09:00:00Z,2026-02-16T10:00:00Z,AmazonEC2,EUWE-BoxUsage:t3.large,RunInstances,eu-west-1b,i-0f30e42a39f90416a,1.0,4.0,4.0,0.0,0.0,0.056828,0.056828,Hrs,0.0832,0.0832,Amazon Elastic Compute Cloud,t3.large,2,8 GiB,Linux,eu-west-1,AmazonEC2,27.94,33.11,25.45,40,2026-02-12T07:29:00Z,frontend,prod,CC300,arn:aws:ec2:eu-west-1:334455667788:reserved-instances/4db9c93c-5b51-4e68-b7e7-6e5442ea48da,0.056828,0.048304,0.008524,,,,,,,,,
eedb221b732f4a3593c5615e1b5df66b,2026-02-16T18:00:00Z/2026-02-16T19:00:00Z,112233445566,2026-02-01T00:00:00Z,2026-03-01T00:00:00Z,AWS,334455667788,DiscountedUsage,2026-02-16T18:00:00Z,2026-02-16T19:00:00Z,AmazonEC2,EUWE-BoxUsage:t3.large,RunInstances,eu-west-1b,i-0f30e42a39f90416a,1.0,4.0,4.0,0.0,0.0,0.057505,0.057505,Hrs,0.0832,0.0832,Amazon Elastic Compute Cloud,t3.large,2,8 GiB,Linux,eu-west-1,AmazonEC2,22.05,46.89,32.97,31,2026-02-15T04:20:45Z,frontend,prod,CC300,arn:aws:ec2:eu-west-1:334455667788:reserved-instances/4db9c93c-5b51-4e68-b7e7-6e5442ea48da,0.057505,0.048879,0.008626,,,,,,,,,
3fe65ad8926b42f18f76145a6c23e8ef,2026-02-17T03:00:00Z/2026-02-17T04:00:00Z,112233445566,2026-02-01T00:00:00Z,2026-03-01T00:00:00Z,AWS,334455667788,DiscountedUsage,2026-02-17T03:00:00Z,2026-02-17T04:00:00Z,AmazonEC2,EUWE-BoxUsage:t3.large,RunInstances,eu-west-1b,i-0f30e42a39f90416a,1.0,4.0,4.0,0.0,0.0,0.058199,0.058199,Hrs,0.0832,0.0832,Amazon Elastic Compute Cloud,t3.large,2,8 GiB,Linux,eu-west-1,AmazonEC2,22.02,31.3,38.0,51,2026-02-13T13:41:23Z,frontend,prod,CC300,arn:aws:ec2:eu-west-1:334455667788:reserved-instances/4db9c93c-5b51-4e68-b7e7-6e5442ea48da,0.058199,0.049469,0.00873,,,,,,,,,
ac9df3c9f1664da6a73444fe33989d12,2026-02-17T21:00:00Z/2026-02-17T22:00:00Z,112233445566,2026-02-01T00:00:00Z,2026-03-01T00:00:00Z,AWS,334455667788,DiscountedUsage,2026-02-17T21:00:00Z,2026-02-17T22:00:00Z,AmazonEC2,EUWE-BoxUsage:t3.large,RunInstances,eu-west-1b,i-0f30e42a39f90416a,1.0,4.0,4.0,0.0,0.0,0.051046,0.051046,Hrs,0.0832,0.0832,Amazon Elastic Compute Cloud,t3.large,2,8 GiB,Linux,eu-west-1,AmazonEC2,23.05,37.44,35.32,69,2026-02-15T12:58:08Z,frontend,prod,CC300,arn:aws:ec2:eu-west-1:334455667788:reserved-instances/4db9c93c-5b51-4e68-b7e7-6e5442ea48da,0.051046,0.043389,0.007657,,,,,,,,,
50ecb4c44acf4912bf3ca805f5e4b28b,2026-02-18T06:00:00Z/2026-02-18T07:00:00Z,112233445566,2026-02-01T00:00:00Z,2026-03-01T00:00:00Z,AWS,334455667788,DiscountedUsage,2026-02-18T06:00:00Z,2026-02-18T07:00:00Z,AmazonEC2,EUWE-BoxUsage:t3.large,RunInstances,eu-west-1b,i-0f30e42a39f90416a,1.0,4.0,4.0,0.0,0.0,0.054339,0.054339,Hrs,0.0832,0.0832,Amazon Elastic Compute Cloud,t3.large,2,8 GiB,Linux,eu-west-1,AmazonEC2,34.64,32.62,32.68,56,2026-02-15T15:12:12Z,frontend,prod,CC300,arn:aws:ec2:eu-west-1:334455667788:reserved-instances/4db9c93c-5b51-4e68-b7e7-6e5442ea48da,0.054339,0.046188,0.008151,,,,,,,,,
625e8ce4599c4ca3acecb2a46556a588,2026-02-18T15:00:00Z/2026-02-18T16:00:00Z,112233445566,2026-02-01T00:00:00Z,2026-03-01T00:00:00Z,AWS,334455667788,DiscountedUsage,2026-02-18T15:00:00Z,2026-02-18T16:00:00Z,AmazonEC2,EUWE-BoxUsage:t3.large,RunInstances,eu-west-1b,i-0f30e42a39f90416a,1.0,4.0,4.0,0.0,0.0,0.055192,0.055192,Hrs,0.0832,0.0832,Amazon Elastic Compute Cloud,t3.large,2,8 GiB,Linux,eu-west-1,AmazonEC2,34.48,33.5,26.04,32,2026-02-14T08:45:01Z,frontend,prod,CC300,arn:aws:ec2:eu-west-1:334455667788:reserved-instances/4db9c93c-5b51-4e68-b7e7-6e5442ea48da,0.055192,0.046913,0.008279,,,,,,,,,
8a8898b657bb44e9b3e68b952ef0f6e0,2026-02-19T00:00:00Z/2026-02-19T01:00:00Z,112233445566,2026-02-01T00:00:00Z,2026-03-01T00:00:00Z,AWS,334455667788,DiscountedUsage,2026-02-19T00:00:00Z,2026-02-19T01:00:00Z,AmazonEC2,EUWE-BoxUsage:t3.large,RunInstances,eu-west-1b,i-0f30e42a39f90416a,1.0,4.0,4.0,0.0,0.0,0.047789,0.047789,Hrs,0.0832,0.0832,Amazon Elastic Compute Cloud,t3.large,2,8 GiB,Linux,eu-west-1,AmazonEC2,39.41,43.26,21.83,51,2026-02-16T16:39:06Z,frontend,prod,CC300,arn:aws:ec2:eu-west-1:334455667788:reserved-instances/4db9c93c-5b51-4e68-b7e7-6e5442ea48da,0.047789,0.040621,0.007168,,,,,,,,,
34afdcbb07084f69895f9252a6e2baac,2026-02-19T09:00:00Z/2026-02-19T10:00:00Z,112233445566,2026-02-01T00:00:00Z,2026-03-01T00:00:00Z,AWS,334455667788,DiscountedUsage,2026-02-19T09:00:00Z,2026-02-19T10:00:00Z,AmazonEC2,EUWE-BoxUsage:t3.large,RunInstances,eu-west-1b,i-0f30e42a39f90416a,1.0,4.0,4.0,0.0,0.0,0.051795,0.051795,Hrs,0.0832,0.0832,Amazon Elastic Compute Cloud,t3.large,2,8 GiB,Linux,eu-west-1,AmazonEC2,33.9,42.14,23.59,32,2026-02-17T13:33:54Z,frontend,prod,CC300,arn:aws:ec2:eu-west-1:334455667788:reserved-instances/4db9c93c-5b51-4e68-b7e7-6e5442ea48da,0.051795,0.044026,0.007769,,,,,,,,,
b349b726e77847faa4aa38ec3cfb6b4e,2026-02-19T18:00:00Z/2026-02-19T19:00:00Z,112233445566,2026-02-01T00:00:00Z,2026-03-01T00:00:00Z,AWS,334455667788,DiscountedUsage,2026-02-19T18:00:00Z,2026-02-19T19:00:00Z,AmazonEC2,EUWE-BoxUsage:t3.large,RunInstances,eu-west-1b,i-0f30e42a39f90416a,1.0,4.0,4.0,0.0,0.0,0.055657,0.055657,Hrs,0.0832,0.0832,Amazon Elastic Compute Cloud,t3.large,2,8 GiB,Linux,eu-west-1,AmazonEC2,23.74,36.57,18.85,53,2026-02-15T22:17:26Z,frontend,prod,CC300,arn:aws:ec2:eu-west-1:334455667788:reserved-instances/4db9c93c-5b51-4e68-b7e7-6e5442ea48da,0.055657,0.047308,0.008349,,,,,,,,,
ddebf6bd9fee479cb605d86332c8c22b,2026-02-20T03:00:00Z/2026-02-20T04:00:00Z,112233445566,2026-02-01T00:00:00Z,2026-03-01T00:00:00Z,AWS,334455667788,DiscountedUsage,2026-02-20T03:00:00Z,2026-02-20T04:00:00Z,AmazonEC2,EUWE-BoxUsage:t3.large,RunInstances,eu-west-1b,i-0f30e42a39f90416a,1.0,4.0,4.0,0.0,0.0,0.04833,0.04833,Hrs,0.0832,0.0832,Amazon Elastic Compute Cloud,t3.large,2,8 GiB,Linux,eu-west-1,AmazonEC2,26.62,42.64,18.31,30,2026-02-17T22:01:16Z,frontend,prod,CC300,arn:aws:ec2:eu-west-1:334455667788:reserved-instances/4db9c93c-5b51-4e68-b7e7-6e5442ea48da,0.04833,0.04108,0.007249,,,,,,,,,
4484c7ed5ebe4e978916f85ec01de1fa,2026-02-20T12:00:00Z/2026-02-20T13:00:00Z,112233445566,2026-02-01T00:00:00Z,2026-03-01T00:00:00Z,AWS,334455667788,DiscountedUsage,2026-02-20T12:00:00Z,2026-02-20T13:00:00Z,AmazonEC2,EUWE-BoxUsage:t3.large,RunInstances,eu-west-1b,i-0f30e42a39f90416a,1.0,4.0,4.0,0.0,0.0,0.050586,0.050586,Hrs,0.0832,0.0832,Amazon Elastic Compute Cloud,t3.large,2,8 GiB,Linux,eu-west-1,AmazonEC2,37.1,39.93,23.27,63,2026-02-16T14:26:35Z,frontend,prod,CC300,arn:aws:ec2:eu-west-1:334455667788:reserved-instances/4db9c93c-5b51-4e68-b7e7-6e5442ea48da,0.050586,0.042998,0.007588,,,,,,,,,
71e81780056d464cadbd357ee5c69aea,2026-02-20T21:00:00Z/2026-02-20T22:00:00Z,112233445566,2026-02-01T00:00:00Z,2026-03-01T00:00:00Z,AWS,334455667788,DiscountedUsage,2026-02-20T21:00:00Z,2026-02-20T22:00:00Z,AmazonEC2,EUWE-BoxUsage:t3.large,RunInstances,eu-west-1b,i-0f30e42a39f90416a,1.0,4.0,4.0,0.0,0.0,0.051639,0.051639,Hrs,0.0832,0.0832,Amazon Elastic Compute Cloud,t3.large,2,8 GiB,Linux,eu-west-1,AmazonEC2,24.62,33.01,32.69,26,2026-02-18T08:02:14Z,frontend,prod,CC300,arn:aws:ec2:eu-west-1:334455667788:reserved-instances/4db9c93c-5b51-4e68-b7e7-6e5442ea48da,0.051639,0.043893,0.007746,,,,,,,,,
50940c4307ff4929945501a561296702,2026-02-21T06:00:00Z/2026-02-21T07:00:00Z,112233445566,2026-02-01T00:00:00Z,2026-03-01T00:00:00Z,AWS,334455667788,DiscountedUsage,2026-02-21T06:00:00Z,2026-02-21T07:00:00Z,AmazonEC2,EUWE-BoxUsage:t3.large,RunInstances,eu-west-1b,i-0f30e42a39f90416a,1.0,4.0,4.0,0.0,0.0,0.057934,0.057934,Hrs,0.0832,0.0832,Amazon Elastic Compute Cloud,t3.large,2,8 GiB,Linux,eu-west-1,AmazonEC2,41.02,37.04,33.84,21,2026-02-17T15:31:56Z,frontend,prod,CC300,arn:aws:ec2:eu-west-1:334455667788:reserved-instances/4db9c93c-5b51-4e68-b7e7-6e5442ea48da,0.057934,0.049244,0.00869,,,,,,,,,
e95bea6897f84ebda081b1960046a3dd,2026-02-21T15:00:00Z/2026-02-21T16:00:00Z,112233445566,2026-02-01T00:00:00Z,2026-03-01T00:00:00Z,AWS,334455667788,DiscountedUsage,2026-02-21T15:00:00Z,2026-02-21T16:00:00Z,AmazonEC2,EUWE-BoxUsage:t3.large,RunInstances,eu-west-1b,i-0f30e42a39f90416a,1.0,4.0,4.0,0.0,0.0,0.054475,0.054475,Hrs,0.0832,0.0832,Amazon Elastic Compute Cloud,t3.large,2,8 GiB,Linux,eu-west-1,AmazonEC2,22.28,38.31,28.51,26,2026-02-18T01:10:34Z,frontend,prod,CC300,arn:aws:ec2:eu-west-1:334455667788:reserved-instances/4db9c93c-5b51-4e68-b7e7-6e5442ea48da,0.054475,0.046304,0.008171,,,,,,,,,
2bdba0b3da7e4579a26ecaae59cdfce0,2026-02-22T00:00:00Z/2026-02-22T01:00:00Z,112233445566,2026-02-01T00:00:00Z,2026-03-01T00:00:00Z,AWS,334455667788,DiscountedUsage,2026-02-22T00:00:00Z,2026-02-22T01:00:00Z,AmazonEC2,EUWE-BoxUsage:t3.large,RunInstances,eu-west-1b,i-0f30e42a39f90416a,1.0,4.0,4.0,0.0,0.0,0.048657,0.048657,Hrs,0.0832,0.0832,Amazon Elastic Compute Cloud,t3.large,2,8 GiB,Linux,eu-west-1,AmazonEC2,38.13,49.44,39.47,67,2026-02-19T12:03:23Z,frontend,prod,CC300,arn:aws:ec2:eu-west-1:334455667788:reserved-instances/4db9c93c-5b51-4e68-b7e7-6e5442ea48da,0.048657,0.041358,0.007299,,,,,,,,,
93be440ae6c347ecbf009b73a7b3a513,2026-02-22T09:00:00Z/2026-02-22T10:00:00Z,112233445566,2026-02-01T00:00:00Z,2026-03-01T00:00:00Z,AWS,334455667788,DiscountedUsage,2026-02-22T09:00:00Z,2026-02-22T10:00:00Z,AmazonEC2,EUWE-BoxUsage:t3.large,RunInstances,eu-west-1b,i-0f30e42a39f90416a,1.0,4.0,4.0,0.0,0.0,0.053772,0.053772,Hrs,0.0832,0.0832,Amazon Elastic Compute Cloud,t3.large,2,8 GiB,Linux,eu-west-1,AmazonEC2,23.97,42.09,38.78,71,2026-02-20T12:40:20Z,frontend,prod,CC300,arn:aws:ec2:eu-west-1:334455667788:reserved-instances/4db9c93c-5b51-4e68-b7e7-6e5442ea48da,0.053772,0.045706,0.008066,,,,,,,,,
9034e4eabaaa4348b3da2ecf5cc16711,2026-02-22T18:00:00Z/2026-02-22T19:00:00Z,112233445566,2026-02-01T00:00:00Z,2026-03-01T00:00:00Z,AWS,334455667788,DiscountedUsage,2026-02-22T18:00:00Z,2026-02-22T19:00:00Z,AmazonEC2,EUWE-BoxUsage:t3.large,RunInstances,eu-west-1b,i-0f30e42a39f90416a,1.0,4.0,4.0,0.0,0.0,0.051602,0.051602,Hrs,0.0832,0.0832,Amazon Elastic Compute Cloud,t3.large,2,8 GiB,Linux,eu-west-1,AmazonEC2,24.5,39.39,29.64,21,2026-02-18T17:00:32Z,frontend,prod,CC300,arn:aws:ec2:eu-west-1:334455667788:reserved-instances/4db9c93c-5b51-4e68-b7e7-6e5442ea48da,0.051602,0.043862,0.00774,,,,,,,,,
f87201424d704dd2bf7e09962eff13f5,2026-02-23T03:00:00Z/2026-02-23T04:00:00Z,112233445566,2026-02-01T00:00:00Z,2026-03-01T00:00:00Z,AWS,334455667788,DiscountedUsage,2026-02-23T03:00:00Z,2026-02-23T04:00:00Z,AmazonEC2,EUWE-BoxUsage:t3.large,RunInstances,eu-west-1b,i-0f30e42a39f90416a,1.0,4.0,4.0,0.0,0.0,0.056441,0.056441,Hrs,0.0832,0.0832,Amazon Elastic Compute Cloud,t3.large,2,8 GiB,Linux,eu-west-1,AmazonEC2,36.81,35.85,40.58,18,2026-02-20T12:04:07Z,frontend,prod,CC300,arn:aws:ec2:eu-west-1:334455667788:reserved-instances/4db9c93c-5b51-4e68-b7e7-6e5442ea48da,0.056441,0.047975,0.008466,,,,,,,,,
c7d1ee64a63848019b541997d9166265,2026-02-23T12:00:00Z/2026-02-23T13:00:00Z,112233445566,2026-02-01T00:00:00Z,2026-03-01T00:00:00Z,AWS,334455667788,DiscountedUsage,2026-02-23T12:00:00Z,2026-02-23T13:00:00Z,AmazonEC2,EUWE-BoxUsage:t3.large,RunInstances,eu-west-1b,i-0f30e42a39f90416a,1.0,4.0,4.0,0.0,0.0,0.057873,0.057873,Hrs,0.0832,0.0832,Amazon Elastic Compute Cloud,t3.large,2,8 GiB,Linux,eu-west-1,AmazonEC2,32.57,33.3,35.42,49,2026-02-20T21:21:21Z,frontend,prod,CC300,arn:aws:ec2:eu-west-1:334455667788:reserved-instances/4db9c93c-5b51-4e68-b7e7-6e5442ea48da,0.057873,0.049192,0.008681,,,,,,,,,
37726059679e4727847908d8a0e2f971,2026-02-23T21:00:00Z/2026-02-23T22:00:00Z,112233445566,2026-02-01T00:00:00Z,2026-03-01T00:00:00Z,AWS,334455667788,DiscountedUsage,2026-02-23T21:00:00Z,2026-02-23T22:00:00Z,AmazonEC2,EUWE-BoxUsage:t3.large,RunInstances,eu-west-1b,i-0f30e42a39f90416a,1.0,4.0,4.0,0.0,0.0,0.053739,0.053739,Hrs,0.0832,0.0832,Amazon Elastic Compute Cloud,t3.large,2,8 GiB,Linux,eu-west-1,AmazonEC2,39.38,36.36,33.64,51,2026-02-21T05:26:09Z,frontend,prod,CC300,arn:aws:ec2:eu-west-1:334455667788:reserved-instances/4db9c93c-5b51-4e68-b7e7-6e5442ea48da,0.053739,0.045678,0.008061,,,,,,,,,
f2b0308e17894a49a0ad869260a599c8,2026-02-24T06:00:00Z/2026-02-24T07:00:00Z,112233445566,2026-02-01T00:00:00Z,2026-03-01T00:00:00Z,AWS,334455667788,DiscountedUsage,2026-02-24T06:00:00Z,2026-02-24T07:00:00Z,AmazonEC2,EUWE-BoxUsage:t3.large,RunInstances,eu-west-1b,i-0f30e42a39f90416a,1.0,4.0,4.0,0.0,0.0,0.051772,0.051772,Hrs,0.0832,0.0832,Amazon Elastic Compute Cloud,t3.large,2,8 GiB,Linux,eu-west-1,AmazonEC2,22.96,48.14,39.24,60,2026-02-21T22:58:17Z,frontend,prod,CC300,arn:aws:ec2:eu-west-1:334455667788:reserved-instances/4db9c93c-5b51-4e68-b7e7-6e5442ea48da,0.051772,0.044006,0.007766,,,,,,,,,
f7c13f73315444d0b5a06cede3360ad2,2026-02-25T00:00:00Z/2026-02-25T01:00:00Z,112233445566,2026-02-01T00:00:00Z,2026-03-01T00:00:00Z,AWS,334455667788,DiscountedUsage,2026-02-25T00:00:00Z,2026-02-25T01:00:00Z,AmazonEC2,EUWE-BoxUsage:t3.large,RunInstances,eu-west-1b,i-0f30e42a39f90416a,1.0,4.0,4.0,0.0,0.0,0.04837,0.04837,Hrs,0.0832,0.0832,Amazon Elastic Compute Cloud,t3.large,2,8 GiB,Linux,eu-west-1,AmazonEC2,30.39,39.29,39.1,29,2026-02-21T14:29:09Z,frontend,prod,CC300,arn:aws:ec2:eu-west-1:334455667788:reserved-instances/4db9c93c-5b51-4e68-b7e7-6e5442ea48da,0.04837,0.041114,0.007255,,,,,,,,,
ad96c01d735f4d438b3362da9111f6ec,2026-02-25T09:00:00Z/2026-02-25T10:00:00Z,112233445566,2026-02-01T00:00:00Z,2026-03-01T00:00:00Z,AWS,334455667788,DiscountedUsage,2026-02-25T09:00:00Z,2026-02-25T10:00:00Z,AmazonEC2,EUWE-BoxUsage:t3.large,RunInstances,eu-west-1b,i-0f30e42a39f90416a,1.0,4.0,4.0,0.0,0.0,0.049637,0.049637,Hrs,0.0832,0.0832,Amazon Elastic Compute Cloud,t3.large,2,8 GiB,Linux,eu-west-1,AmazonEC2,35.65,44.06,30.52,26,2026-02-22T12:07:54Z,frontend,prod,CC300,arn:aws:ec2:eu-west-1:334455667788:reserved-instances/4db9c93c-5b51-4e68-b7e7-6e5442ea48da,0.049637,0.042191,0.007446,,,,,,,,,
50c760303cb7450a98487664d69320ca,2026-02-25T18:00:00Z/2026-02-25T19:00:00Z,112233445566,2026-02-01T00:00:00Z,2026-03-01T00:00:00Z,AWS,334455667788,DiscountedUsage,2026-02-25T18:00:00Z,2026-02-25T19:00:00Z,AmazonEC2,EUWE-BoxUsage:t3.large,RunInstances,eu-west-1b,i-0f30e42a39f90416a,1.0,4.0,4.0,0.0,0.0,0.049332,0.049332,Hrs,0.0832,0.0832,Amazon Elastic Compute Cloud,t3.large,2,8 GiB,Linux,eu-west-1,AmazonEC2,24.95,35.82,22.51,16,2026-02-22T02:40:14Z,frontend,prod,CC300,arn:aws:ec2:eu-west-1:334455667788:reserved-instances/4db9c93c-5b51-4e68-b7e7-6e5442ea48da,0.049332,0.041932,0.0074,,,,,,,,,
a67f2d3489d74090a09aab517c976715,2026-02-26T03:00:00Z/2026-02-26T04:00:00Z,112233445566,2026-02-01T00:00:00Z,2026-03-01T00:00:00Z,AWS,334455667788,DiscountedUsage,2026-02-26T03:00:00Z,2026-02-26T04:00:00Z,AmazonEC2,EUWE-BoxUsage:t3.large,RunInstances,eu-west-1b,i-0f30e42a39f90416a,1.0,4.0,4.0,0.0,0.0,0.050374,0.050374,Hrs,0.0832,0.0832,Amazon Elastic Compute Cloud,t3.large,2,8 GiB,Linux,eu-west-1,AmazonEC2,29.21,44.52,41.13,43,2026-02-22T19:59:14Z,frontend,prod,CC300,arn:aws:ec2:eu-west-1:334455667788:reserved-instances/4db9c93c-5b51-4e68-b7e7-6e5442ea48da,0.050374,0.042818,0.007556,,,,,,,,,
4054e57cf5e1482198335486c2f944a4,2026-02-26T12:00:00Z/2026-02-26T13:00:00Z,112233445566,2026-02-01T00:00:00Z,2026-03-01T00:00:00Z,AWS,334455667788,DiscountedUsage,2026-02-26T12:00:00Z,2026-02-26T13:00:00Z,AmazonEC2,EUWE-BoxUsage:t3.large,RunInstances,eu-west-1b,i-0f30e42a39f90416a,1.0,4.0,4.0,0.0,0.0,0.045824,0.045824,Hrs,0.0832,0.0832,Amazon Elastic Compute Cloud,t3.large,2,8 GiB,Linux,eu-west-1,AmazonEC2,24.58,50.63,27.28,67,2026-02-24T00:59:04Z,frontend,prod,CC300,arn:aws:ec2:eu-west-1:334455667788:reserved-instances/4db9c93c-5b51-4e68-b7e7-6e5442ea48da,0.045824,0.03895,0.006874,,,,,,,,,
c23308d5243e4814b663967537b13554,2026-02-26T21:00:00Z/2026-02-26T22:00:00Z,112233445566,2026-02-01T00:00:00Z,2026-03-01T00:00:00Z,AWS,334455667788,DiscountedUsage,2026-02-26T21:00:00Z,2026-02-26T22:00:00Z,AmazonEC2,EUWE-BoxUsage:t3.large,RunInstances,eu-west-1b,i-0f30e42a39f90416a,1.0,4.0,4.0,0.0,0.0,0.050036,0.050036,Hrs,0.0832,0.0832,Amazon Elastic Compute Cloud,t3.large,2,8 GiB,Linux,eu-west-1,AmazonEC2,38.22,39.89,41.51,20,2026-02-24T17:20:12Z,frontend,prod,CC300,arn:aws:ec2:eu-west-1:334455667788:reserved-instances/4db9c93c-5b51-4e68-b7e7-6e5442ea48da,0.050036,0.042531,0.007505,,,,,,,,,
f3c137ec01d64c0ebfe0c71734ea7c96,2026-02-27T06:00:00Z/2026-02-27T07:00:00Z,112233445566,2026-02-01T00:00:00Z,2026-03-01T00:00:00Z,AWS,334455667788,DiscountedUsage,2026-02-27T06:00:00Z,2026-02-27T07:00:00Z,AmazonEC2,EUWE-BoxUsage:t3.large,RunInstances,eu-west-1b,i-0f30e42a39f90416a,1.0,4.0,4.0,0.0,0.0,0.051722,0.051722,Hrs,0.0832,0.0832,Amazon Elastic Compute Cloud,t3.large,2,8 GiB,Linux,eu-west-1,AmazonEC2,28.89,29.55,25.31,51,2026-02-24T10:19:57Z,frontend,prod,CC300,arn:aws:ec2:eu-west-1:334455667788:reserved-instances/4db9c93c-5b51-4e68-b7e7-6e5442ea48da,0.051722,0.043964,0.007758,,,,,,,,,
b336bb1b4326441d867693b192bbe064,2026-02-27T15:00:00Z/2026-02-27T16:00:00Z,112233445566,2026-02-01T00:00:00Z,2026-03-01T00:00:00Z,AWS,334455667788,DiscountedUsage,2026-02-27T15:00:00Z,2026-02-27T16:00:00Z,AmazonEC2,EUWE-BoxUsage:t3.large,RunInstances,eu-west-1b,i-0f30e42a39f90416a,1.0,4.0,4.0,0.0,0.0,0.049998,0.049998,Hrs,0.0832,0.0832,Amazon Elastic Compute Cloud,t3.large,2,8 GiB,Linux,eu-west-1,AmazonEC2,28.0,32.86,41.93,58,2026-02-25T13:13:28Z,frontend,prod,CC300,arn:aws:ec2:eu-west-1:334455667788:reserved-instances/4db9c93c-5b51-4e68-b7e7-6e5442ea48da,0.049998,0.042498,0.0075,,,,,,,,,
864d36d8dc1248c3a6a9116b1abf3f69,2026-02-01T00:00:00Z/2026-02-01T01:00:00Z,112233445566,2026-02-01T00:00:00Z,2026-03-01T00:00:00Z,AWS,334455667788,Usage,2026-02-01T00:00:00Z,2026-02-01T01:00:00Z,AmazonEC2,EUWE-BoxUsage:t3.large,RunInstances,eu-west-1b,i-066608086110c45c3,1.0,4.0,4.0,0.0832,0.0832,0.085148,0.085873,Hrs,0.0832,0.0832,Amazon Elastic Compute Cloud,t3.large,2,8 GiB,Linux,eu-west-1,AmazonEC2,33.52,44.59,27.38,70,2026-01-28T23:22:18Z,frontend,prod,CC300,,,,,,,,,,,,,
5b6581ecf9864d55894744fdf69a0baf,2026-02-01T18:00:00Z/2026-02-01T19:00:00Z,112233445566,2026-02-01T00:00:00Z,2026-03-01T00:00:00Z,AWS,334455667788,Usage,2026-02-01T18:00:00Z,2026-02-01T19:00:00Z,AmazonEC2,EUWE-BoxUsage:t3.large,RunInstances,eu-west-1b,i-066608086110c45c3,1.0,4.0,4.0,0.0832,0.0832,0.081514,0.086768,Hrs,0.0832,0.0832,Amazon Elastic Compute Cloud,t3.large,2,8 GiB,Linux,eu-west-1,AmazonEC2,34.56,50.89,23.68,25,2026-01-31T12:12:14Z,frontend,prod,CC300,,,,,,,,,,,,,
3589a415665d464d950490369a616d96,2026-02-02T03:00:00Z/2026-02-02T04:00:00Z,112233445566,2026-02-01T00:00:00Z,2026-03-01T00:00:00Z,AWS,334455667788,Usage,2026-02-02T03:00:00Z,2026-02-02T04:00:00Z,AmazonEC2,EUWE-BoxUsage:t3.large,RunInstances,eu-west-1b,i-066608086110c45c3,1.0,4.0,4.0,0.0832,0.0832,0.084716,0.085614,Hrs,0.0832,0.0832,Amazon Elastic Compute Cloud,t3.large,2,8 GiB,Linux,eu-west-1,AmazonEC2,31.74,48.96,31.78,18,2026-01-30T16:24:25Z,frontend,prod,CC300,,,,,,,,,,,,,
4caf2ed4cd1a4bfcb8fdec2381f0f655,2026-02-02T12:00:00Z/2026-02-02T13:00:00Z,112233445566,2026-02-01T00:00:00Z,2026-03-01T00:00:00Z,AWS,334455667788,Usage,2026-02-02T12:00:00Z,2026-02-02T13:00:00Z,AmazonEC2,EUWE-BoxUsage:t3.large,RunInstances,eu-west-1b,i-066608086110c45c3,1.0,4.0,4.0,0.0832,0.0832,0.087045,0.086104,Hrs,0.0832,0.0832,Amazon Elastic Compute Cloud,t3.large,2,8 GiB,Linux,eu-west-1,AmazonEC2,32.92,38.21,29.36,35,2026-01-30T21:37:08Z,frontend,prod,CC300,,,,,,,,,,,,,
d437180e57284102b516df180f451bb0,2026-02-02T21:00:00Z/2026-02-02T22:00:00Z,112233445566,2026-02-01T00:00:00Z,2026-03-01T00:00:00Z,AWS,334455667788,Usage,2026-02-02T21:00:00Z,2026-02-02T22:00:00Z,AmazonEC2,EUWE-BoxUsage:t3.large,RunInstances,eu-west-1b,i-066608086110c45c3,1.0,4.0,4.0,0.0832,0.0832,0.083821,0.083436,Hrs,0.0832,0.0832,Amazon Elastic Compute Cloud,t3.large,2,8 GiB,Linux,eu-west-1,AmazonEC2,24.1,35.1,29.4,58,2026-01-31T13:00:57Z,frontend,prod,CC300,,,,,,,,,,,,,
45b478ff1007496196b1a337b9d3cebe,2026-02-03T06:00:00Z/2026-02-03T07:00:00Z,112233445566,2026-02-01T00:00:00Z,2026-03-01T00:00:00Z,AWS,334455667788,Usage,2026-02-03T06:00:00Z,2026-02-03T07:00:00Z,AmazonEC2,EUWE-BoxUsage:t3.large,RunInstances,eu-west-1b,i-066608086110c45c3,1.0,4.0,4.0,0.0832,0.0832,0.081559,0.081388,Hrs,0.0832,0.0832,Amazon Elastic Compute Cloud,t3.large,2,8 GiB,Linux,eu-west-1,AmazonEC2,29.29,42.33,31.09,39,2026-01-31T18:25:09Z,frontend,prod,CC300,,,,,,,,,,,,,
65f6a9eb483b4359bff2e2f2e1b9c52a,2026-02-03T15:00:00Z/2026-02-03T16:00:00Z,112233445566,2026-02-01T00:00:00Z,2026-03-01T00:00:00Z,AWS,334455667788,Usage,2026-02-03T15:00:00Z,2026-02-03T16:00:00Z,AmazonEC2,EUWE-BoxUsage:t3.large,RunInstances,eu-west-1b,i-066608086110c45c3,1.0,4.0,4.0,0.0832,0.0832,0.081886,0.085667,Hrs,0.0832,0.0832,Amazon Elastic Compute Cloud,t3.large,2,8 GiB,Linux,eu-west-1,AmazonEC2,25.19,48.42,35.49,54,2026-02-01T20:51:02Z,frontend,prod,CC300,,,,,,,,,,,,,
1146c96bfbfb4081b0dd2ce2b69f2998,2026-02-04T00:00:00Z/2026-02-04T01:00:00Z,112233445566,2026-02-01T00:00:00Z,2026-03-01T00:00:00Z,AWS,334455667788,Usage,2026-02-04T00:00:00Z,2026-02-04T01:00:00Z,AmazonEC2,EUWE-BoxUsage:t3.large,RunInstances,eu-west-1b,i-066608086110c45c3,1.0,4.0,4.0,0.0832,0.0832,0.079911,0.080328,Hrs,0.0832,0.0832,Amazon Elastic Compute Cloud,t3.large,2,8 GiB,Linux,eu-west-1,AmazonEC2,23.79,40.49,38.35,15,2026-01-31T14:40:57Z,frontend,prod,CC300,,,,,,,,,,,,,
ea2ec28bd077475ea6ff7ad3c1d6bd05,2026-02-04T09:00:00Z/2026-02-04T10:00:00Z,112233445566,2026-02-01T00:00:00Z,2026-03-01T00:00:00Z,AWS,334455667788,Usage,2026-02-04T09:00:00Z,2026-02-04T10:00:00Z,AmazonEC2,EUWE-BoxUsage:t3.large,RunInstances,eu-west-1b,i-066608086110c45c3,1.0,4.0,4.0,0.0832,0.0832,0.084969,0.08571,Hrs,0.0832,0.0832,Amazon Elastic Compute Cloud,t3.large,2,8 GiB,Linux,eu-west-1,AmazonEC2,36.48,35.45,18.9,59,2026-02-01T16:26:23Z,frontend,prod,CC300,,,,,,,,,,,,,
085153c92b6645709174c4982c7cdeb4,2026-02-04T18:00:00Z/2026-02-04T19:00:00Z,112233445566,2026-02-01T00:00:00Z,2026-03-01T00:00:00Z,AWS,334455667788,Usage,2026-02-04T18:00:00Z,2026-02-04T19:00:00Z,AmazonEC2,EUWE-BoxUsage:t3.large,RunInstances,eu-west-1b,i-066608086110c45c3,1.0,4.0,4.0,0.0832,0.0832,0.082102,0.079535,Hrs,0.0832,0.0832,Amazon Elastic Compute Cloud,t3.large,2,8 GiB,Linux,eu-west-1,AmazonEC2,39.76,51.25,23.72,45,2026-02-03T05:27:35Z,frontend,prod,CC300,,,,,,,,,,,,,
8f5b7a8b59574114b4d4aba5d4c3b0f4,2026-02-05T03:00:00Z/2026-02-05T04:00:00Z,112233445566,2026-02-01T00:00:00Z,2026-03-01T00:00:00Z,AWS,334455667788,Usage,2026-02-05T03:00:00Z,2026-02-05T04:00:00Z,AmazonEC2,EUWE-BoxUsage:t3.large,RunInstances,eu-west-1b,i-066608086110c45c3,1.0,4.0,4.0,0.0832,0.0832,0.08535,0.084163,Hrs,0.0832,0.0832,Amazon Elastic Compute Cloud,t3.large,2,8 GiB,Linux,eu-west-1,AmazonEC2,39.6,34.43,38.88,61,2026-02-01T02:12:08Z,frontend,prod,CC300,,,,,,,,,,,,,
e6e1c6b9f16a431f9f0fc205652a3873,2026-02-05T12:00:00Z/2026-02-05T13:00:00Z,112233445566,2026-02-01T00:00:00Z,2026-03-01T00:00:00Z,AWS,334455667788,Usage,2026-02-05T12:00:00Z,2026-02-05T13:00:00Z,AmazonEC2,EUWE-BoxUsage:t3.large,RunInstances,eu-west-1b,i-066608086110c45c3,1.0,4.0,4.0,0.0832,0.0832,0.084416,0.083569,Hrs,0.0832,0.0832,Amazon Elastic Compute Cloud,t3.large,2,8 GiB,Linux,eu-west-1,AmazonEC2,28.74,32.27,25.12,19,2026-02-03T21:46:02Z,frontend,prod,CC300,,,,,,,,,,,,,
0b864b8d97224aa989cc6655bcd5e48a,2026-02-05T21:00:00Z/2026-02-05T22:00:00Z,112233445566,2026-02-01T00:00:00Z,2026-03-01T00:00:00Z,AWS,334455667788,Usage,2026-02-05T21:00:00Z,2026-02-05T22:00:00Z,AmazonEC2,EUWE-BoxUsage:t3.large,RunInstances,eu-west-1b,i-066608086110c45c3,1.0,4.0,4.0,0.0832,0.0832,0.083892,0.084993,Hrs,0.0832,0.0832,Amazon Elastic Compute Cloud,t3.large,2,8 GiB,Linux,eu-west-1,AmazonEC2,32.47,32.52,41.66,60,2026-02-03T12:13:03Z,frontend,prod,CC300,,,,,,,,,,,,,
c19f0dcfd9a94918bf2af3fb428395fb,2026-02-06T06:00:00Z/2026-02-06T07:00:00Z,112233445566,2026-02-01T00:00:00Z,2026-03-01T00:00:00Z,AWS,334455667788,Usage,2026-02-06T06:00:00Z,2026-02-06T07:00:00Z,AmazonEC2,EUWE-BoxUsage:t3.large,RunInstances,eu-west-1b,i-066608086110c45c3,1.0,4.0,4.0,0.0832,0.0832,0.085479,0.081752,Hrs,0.0832,0.0832,Amazon Elastic Compute Cloud,t3.large,2,8 GiB,Linux,eu-west-1,AmazonEC2,40.85,40.07,29.05,15,2026-02-03T10:05:18Z,frontend,prod,CC300,,,,,,,,,,,,,
0a09ba83848e4527afa791592fd89d8c,2026-02-06T15:00:00Z/2026-02-06T16:00:00Z,112233445566,2026-02-01T00:00:00Z,2026-03-01T00:00:00Z,AWS,334455667788,Usage,2026-02-06T15:00:00Z,2026-02-06T16:00:00Z,AmazonEC2,EUWE-BoxUsage:t3.large,RunInstances,eu-west-1b,i-066608086110c45c3,1.0,4.0,4.0,0.0832,0.0832,0.08194,0.08406,Hrs,0.0832,0.0832,Amazon Elastic Compute Cloud,t3.large,2,8 GiB,Linux,eu-west-1,AmazonEC2,26.83,39.74,37.67,40,2026-02-03T00:08:58Z,frontend,prod,CC300,,,,,,,,,,,,,
76e73460d79147f38b00068b8df20bf9,2026-02-07T00:00:00Z/2026-02-07T01:00:00Z,112233445566,2026-02-01T00:00:00Z,2026-03-01T00:00:00Z,AWS,334455667788,Usage,2026-02-07T00:00:00Z,2026-02-07T01:00:00Z,AmazonEC2,EUWE-BoxUsage:t3.large,RunInstances,eu-west-1b,i-066608086110c45c3,1.0,4.0,4.0,0.0832,0.0832,0.082129,0.084818,Hrs,0.0832,0.0832,Amazon Elastic Compute Cloud,t3.large,2,8 GiB,Linux,eu-west-1,AmazonEC2,27.49,47.8,38.46,55,2026-02-02T22:15:00Z,frontend,prod,CC300,,,,,,,,,,,,,
16b8266483a14b938cf74af8b6c18ffe,2026-02-07T09:00:00Z/2026-02-07T10:00:00Z,112233445566,2026-02-01T00:00:00Z,2026-03-01T00:00:00Z,AWS,334455667788,Usage,2026-02-07T09:00:00Z,2026-02-07T10:00:00Z,AmazonEC2,EUWE-BoxUsage:t3.large,RunInstances,eu-west-1b,i-066608086110c45c3,1.0,4.0,4.0,0.0832,0.0832,0.085638,0.085848,Hrs,0.0832,0.0832,Amazon Elastic Compute Cloud,t3.large,2,8 GiB,Linux,eu-west-1,AmazonEC2,33.98,47.24,22.21,57,2026-02-05T02:34:41Z,frontend,prod,CC300,,,,,,,,,,,,,
499bd467711647bdab7ed2a1c6b323b3,2026-02-07T18:00:00Z/2026-02-07T19:00:00Z,112233445566,2026-02-01T00:00:00Z,2026-03-01T00:00:00Z,AWS,334455667788,Usage,2026-02-07T18:00:00Z,2026-02-07T19:00:00Z,AmazonEC2,EUWE-BoxUsage:t3.large,RunInstances,eu-west-1b,i-066608086110c45c3,1.0,4.0,4.0,0.0832,0.0832,0.083836,0.083513,Hrs,0.0832,0.0832,Amazon Elastic Compute Cloud,t3.large,2,8 GiB,Linux,eu-west-1,AmazonEC2,26.52,51.79,18.25,39,2026-02-06T07:37:17Z,frontend,prod,CC300,,,,,,,,,,,,,
4dcd0cffb6994dd88381a6b9d4ac68ab,2026-02-08T03:00:00Z/2026-02-08T04:00:00Z,112233445566,2026-02-01T00:00:00Z,2026-03-01T00:00:00Z,AWS,334455667788,Usage,2026-02-08T03:00:00Z,2026-02-08T04:00:00Z,AmazonEC2,EUWE-BoxUsage:t3.large,RunInstances,eu-west-1b,i-066608086110c45c3,1.0,4.0,4.0,0.0832,0.0832,0.082402,0.085106,Hrs,0.0832,0.0832,Amazon Elastic Compute Cloud,t3.large,2,8 GiB,Linux,eu-west-1,AmazonEC2,32.84,50.96,21.22,34,2026-02-05T23:51:52Z,frontend,prod,CC300,,,,,,,,,,,,,
e7151090a13d4e5c9c9f5849dabae15c,2026-02-08T12:00:00Z/2026-02-08T13:00:00Z,112233445566,2026-02-01T00:00:00Z,2026-03-01T00:00:00Z,AWS,334455667788,Usage,2026-02-08T12:00:00Z,2026-02-08T13:00:00Z,AmazonEC2,EUWE-BoxUsage:t3.large,RunInstances,eu-west-1b,i-066608086110c45c3,1.0,4.0,4.0,0.0832,0.0832,0.081312,0.08118,Hrs,0.0832,0.0832,Amazon Elastic Compute Cloud,t3.large,2,8 GiB,Linux,eu-west-1,AmazonEC2,34.07,35.14,40.64,12,2026-02-06T08:57:30Z,frontend,prod,CC300,,,,,,,,,,,,,
a714327c806f422386eb8b514a652c88,2026-02-08T21:00:00Z/2026-02-08T22:00:00Z,112233445566,2026-02-01T00:00:00Z,2026-03-01T00:00:00Z,AWS,334455667788,Usage,2026-02-08T21:00:00Z,2026-02-08T22:00:00Z,AmazonEC2,EUWE-BoxUsage:t3.large,RunInstances,eu-west-1b,i-066608086110c45c3,1.0,4.0,4.0,0.0832,0.0832,0.080103,0.08594,Hrs,0.0832,0.0832,Amazon Elastic Compute Cloud,t3.large,2,8 GiB,Linux,eu-west-1,AmazonEC2,30.31,45.52,27.27,14,2026-02-05T10:17:48Z,frontend,prod,CC300,,,,,,,,,,,,,
712936b082424c0682cdc76c54d7ab8f,2026-02-09T06:00:00Z/2026-02-09T07:00:00Z,112233445566,2026-02-01T00:00:00Z,2026-03-01T00:00:00Z,AWS,334455667788,Usage,2026-02-09T06:00:00Z,2026-02-09T07:00:00Z,AmazonEC2,EUWE-BoxUsage:t3.large,RunInstances,eu-west-1b,i-066608086110c45c3,1.0,4.0,4.0,0.0832,0.0832,0.083012,0.080109,Hrs,0.0832,0.0832,Amazon Elastic Compute Cloud,t3.large,2,8 GiB,Linux,eu-west-1,AmazonEC2,34.99,41.78,36.0,51,2026-02-05T18:25:21Z,frontend,prod,CC300,,,,,,,,,,,,,
425bb8e70cc54b9ba54d353ebd3833e6,2026-02-09T15:00:00Z/2026-02-09T16:00:00Z,112233445566,2026-02-01T00:00:00Z,2026-03-01T00:00:00Z,AWS,334455667788,Usage,2026-02-09T15:00:00Z,2026-02-09T16:00:00Z,AmazonEC2,EUWE-BoxUsage:t3.large,RunInstances,eu-west-1b,i-066608086110c45c3,1.0,4.0,4.0,0.0832,0.0832,0.082284,0.087018,Hrs,0.0832,0.0832,Amazon Elastic Compute Cloud,t3.large,2,8 GiB,Linux,eu-west-1,AmazonEC2,30.38,41.67,25.29,33,2026-02-06T09:04:48Z,frontend,prod,CC300,,,,,,,,,,,,,
6aae8917de9642048b7cca97430bd417,2026-02-10T00:00:00Z/2026-02-10T01:00:00Z,112233445566,2026-02-01T00:00:00Z,2026-03-01T00:00:00Z,AWS,334455667788,Usage,2026-02-10T00:00:00Z,2026-02-10T01:00:00Z,AmazonEC2,EUWE-BoxUsage:t3.large,RunInstances,eu-west-1b,i-066608086110c45c3,1.0,4.0,4.0,0.0832,0.0832,0.084907,0.082062,Hrs,0.0832,0.0832,Amazon Elastic Compute Cloud,t3.large,2,8 GiB,Linux,eu-west-1,AmazonEC2,23.54,39.64,32.85,20,2026-02-07T13:52:19Z,frontend,prod,CC300,,,,,,,,,,,,,
168d810f2c314094985274ed336ee139,2026-02-10T09:00:00Z/2026-02-10T10:00:00Z,112233445566,2026-02-01T00:00:00Z,2026-03-01T00:00:00Z,AWS,334455667788,Usage,2026-02-10T09:00:00Z,2026-02-10T10:00:00Z,AmazonEC2,EUWE-BoxUsage:t3.large,RunInstances,eu-west-1b,i-066608086110c45c3,1.0,4.0,4.0,0.0832,0.0832,0.080824,0.081942,Hrs,0.0832,0.0832,Amazon Elastic Compute Cloud,t3.large,2,8 GiB,Linux,eu-west-1,AmazonEC2,26.92,39.59,31.81,58,2026-02-07T12:23:32Z,frontend,prod,CC300,,,,,,,,,,,,,
91c1af22572445e6b89705641fd938ad,2026-02-10T18:00:00Z/2026-02-10T19:00:00Z,112233445566,2026-02-01T00:00:00Z,2026-03-01T00:00:00Z,AWS,334455667788,Usage,2026-02-10T18:00:00Z,2026-02-10T19:00:00Z,AmazonEC2,EUWE-BoxUsage:t3.large,RunInstances,eu-west-1b,i-066608086110c45c3,1.0,4.0,4.0,0.0832,0.0832,0.086093,0.079283,Hrs,0.0832,0.0832,Amazon Elastic Compute Cloud,t3.large,2,8 GiB,Linux,eu-west-1,AmazonEC2,29.17,36.23,25.29,60,2026-02-06T21:56:32Z,frontend,prod,CC300,,,,,,,,,,,,,
e72b5ddaa7a94b1a8e5a706439e937ba,2026-02-11T03:00:00Z/2026-02-11T04:00:00Z,112233445566,2026-02-01T00:00:00Z,2026-03-01T00:00:00Z,AWS,334455667788,Usage,2026-02-11T03:00:00Z,2026-02-11T04:00:00Z,AmazonEC2,EUWE-BoxUsage:t3.large,RunInstances,eu-west-1b,i-066608086110c45c3,1.0,4.0,4.0,0.0832,0.0832,0.085898,0.084459,Hrs,0.0832,0.0832,Amazon Elastic Compute Cloud,t3.large,2,8 GiB,Linux,eu-west-1,AmazonEC2,26.88,46.44,38.44,66,2026-02-06T20:33:43Z,frontend,prod,CC300,,,,,,,,,,,,,
713c9e3ccf024932af7c8adba0bdc615,2026-02-11T12:00:00Z/2026-02-11T13:00:00Z,112233445566,2026-02-01T00:00:00Z,2026-03-01T00:00:00Z,AWS,334455667788,Usage,2026-02-11T12:00:00Z,2026-02-11T13:00:00Z,AmazonEC2,EUWE-BoxUsage:t3.large,RunInstances,eu-west-1b,i-066608086110c45c3,1.0,4.0,4.0,0.0832,0.0832,0.082502,0.080785,Hrs,0.0832,0.0832,Amazon Elastic Compute Cloud,t3.large,2,8 GiB,Linux,eu-west-1,AmazonEC2,24.47,33.66,27.28,16,2026-02-08T11:38:37Z,frontend,prod,CC300,,,,,,,,,,,,,
db1733848ef349dc9caef5e7fb00df08,2026-02-11T21:00:00Z/2026-02-11T22:00:00Z,112233445566,2026-02-01T00:00:00Z,2026-03-01T00:00:00Z,AWS,334455667788,Usage,2026-02-11T21:00:00Z,2026-02-11T22:00:00Z,AmazonEC2,EUWE-BoxUsage:t3.large,RunInstances,eu-west-1b,i-066608086110c45c3,1.0,4.0,4.0,0.0832,0.0832,0.081563,0.081808,Hrs,0.0832,0.0832,Amazon Elastic Compute Cloud,t3.large,2,8 GiB,Linux,eu-west-1,AmazonEC2,34.01,46.34,29.36,64,2026-02-08T22:03:35Z,frontend,prod,CC300,,,,,,,,,,,,,
0db843bd6e1145e0bee7c68ce224e5a9,2026-02-12T06:00:00Z/2026-02-12T07:00:00Z,112233445566,2026-02-01T00:00:00Z,2026-03-01T00:00:00Z,AWS,334455667788,Usage,2026-02-12T06:00:00Z,2026-02-12T07:00:00Z,AmazonEC2,EUWE-BoxUsage:t3.large,RunInstances,eu-west-1b,i-066608086110c45c3,1.0,4.0,4.0,0.0832,0.0832,0.087011,0.084583,Hrs,0.0832,0.0832,Amazon Elastic Compute Cloud,t3.large,2,8 GiB,Linux,eu-west-1,AmazonEC2,35.86,28.89,27.79,68,2026-02-09T14:11:28Z,frontend,prod,CC300,,,,,,,,,,,,,
db7d057b7d0e4a6ea6c272d80e3bfe33,2026-02-12T15:00:00Z/2026-02-12T16:00:00Z,112233445566,2026-02-01T00:00:00Z,2026-03-01T00:00:00Z,AWS,334455667788,Usage,2026-02-12T15:00:00Z,2026-02-12T16:00:00Z,AmazonEC2,EUWE-BoxUsage:t3.large,RunInstances,eu-west-1b,i-066608086110c45c3,1.0,4.0,4.0,0.0832,0.0832,0.087092,0.081268,Hrs,0.0832,0.0832,Amazon Elastic Compute Cloud,t3.large,2,8 GiB,Linux,eu-west-1,AmazonEC2,23.86,36.35,34.27,14,2026-02-10T06:56:34Z,frontend,prod,CC300,,,,,,,,,,,,,
9d9b8b35735e472dbc82ea53c866f635,2026-02-13T00:00:00Z/2026-02-13T01:00:00Z,112233445566,2026-02-01T00:00:00Z,2026-03-01T00:00:00Z,AWS,334455667788,Usage,2026-02-13T00:00:00Z,2026-02-13T01:00:00Z,AmazonEC2,EUWE-BoxUsage:t3.large,RunInstances,eu-west-1b,i-066608086110c45c3,1.0,4.0,4.0,0.0832,0.0832,0.085812,0.079406,Hrs,0.0832,0.0832,Amazon Elastic Compute Cloud,t3.large,2,8 GiB,Linux,eu-west-1,AmazonEC2,32.71,47.81,18.53,53,2026-02-10T02:29:49Z,frontend,prod,CC300,,,,,,,,,,,,,
4287b37586b645379261b9c6ea5de2b9,2026-02-13T09:00:00Z/2026-02-13T10:00:00Z,112233445566,2026-02-01T00:00:00Z,2026-03-01T00:00:00Z,AWS,334455667788,Usage,2026-02-13T09:00:00Z,2026-02-13T10:00:00Z,AmazonEC2,EUWE-BoxUsage:t3.large,RunInstances,eu-west-1b,i-066608086110c45c3,1.0,4.0,4.0,0.0832,0.0832,0.080455,0.086006,Hrs,0.0832,0.0832,Amazon Elastic Compute Cloud,t3.large,2,8 GiB,Linux,eu-west-1,AmazonEC2,25.34,41.43,28.54,43,2026-02-10T04:31:25Z,frontend,prod,CC300,,,,,,,,,,,,,
e7be0b8d3ec54f7aa18c70474dc6fca9,2026-02-13T18:00:00Z/2026-02-13T19:00:00Z,112233445566,2026-02-01T00:00:00Z,2026-03-01T00:00:00Z,AWS,334455667788,Usage,2026-02-13T18:00:00Z,2026-02-13T19:00:00Z,AmazonEC2,EUWE-BoxUsage:t3.large,RunInstances,eu-west-1b,i-066608086110c45c3,1.0,4.0,4.0,0.0832,0.0832,0.083329,0.081004,Hrs,0.0832,0.0832,Amazon Elastic Compute Cloud,t3.large,2,8 GiB,Linux,eu-west-1,AmazonEC2,23.38,51.73,18.44,72,2026-02-11T07:47:50Z,frontend,prod,CC300,,,,,,,,,,,,,
ca28f77f74b74309807c21e5b30b13f3,2026-02-14T03:00:00Z/2026-02-14T04:00:00Z,112233445566,2026-02-01T00:00:00Z,2026-03-01T00:00:00Z,AWS,334455667788,Usage,2026-02-14T03:00:00Z,2026-02-14T04:00:00Z,AmazonEC2,EUWE-BoxUsage:t3.large,RunInstances,eu-west-1b,i-066608086110c45c3,1.0,4.0,4.0,0.0832,0.0832,0.081804,0.086441,Hrs,0.0832,0.0832,Amazon Elastic Compute Cloud,t3.large,2,8 GiB,Linux,eu-west-1,AmazonEC2,24.65,34.16,41.47,26,2026-02-11T06:44:44Z,frontend,prod,CC300,,,,,,,,,,,,,
166ef3292ef647a2b8d213e87bba98d8,2026-02-14T12:00:00Z/2026-02-14T13:00:00Z,112233445566,2026-02-01T00:00:00Z,2026-03-01T00:00:00Z,AWS,334455667788,Usage,2026-02-14T12:00:00Z,2026-02-14T13:00:00Z,AmazonEC2,EUWE-BoxUsage:t3.large,RunInstances,eu-west-1b,i-066608086110c45c3,1.0,4.0,4.0,0.0832,0.0832,0.079573,0.086221,Hrs,0.0832,0.0832,Amazon Elastic Compute Cloud,t3.large,2,8 GiB,Linux,eu-west-1,AmazonEC2,24.48,49.49,32.49,20,2026-02-11T13:36:58Z,frontend,prod,CC300,,,,,,,,,,,,,
480201e63b104e5eaa4f542251a2c0f1,2026-02-14T21:00:00Z/2026-02-14T22:00:00Z,112233445566,2026-02-01T00:00:00Z,2026-03-01T00:00:00Z,AWS,334455667788,Usage,2026-02-14T21:00:00Z,2026-02-14T22:00:00Z,AmazonEC2,EUWE-BoxUsage:t3.large,RunInstances,eu-west-1b,i-066608086110c45c3,1.0,4.0,4.0,0.0832,0.0832,0.081875,0.086266,Hrs,0.0832,0.0832,Amazon Elastic Compute Cloud,t3.large,2,8 GiB,Linux,eu-west-1,AmazonEC2,35.79,35.28,20.36,45,2026-02-11T05:43:03Z,frontend,prod,CC300,,,,,,,,,,,,,
3a794030c11b46d3b49be8e61c5c8f5a,2026-02-15T06:00:00Z/2026-02-15T07:00:00Z,112233445566,2026-02-01T00:00:00Z,2026-03-01T00:00:00Z,AWS,334455667788,Usage,2026-02-15T06:00:00Z,2026-02-15T07:00:00Z,AmazonEC2,EUWE-BoxUsage:t3.large,RunInstances,eu-west-1b,i-066608086110c45c3,1.0,4.0,4.0,0.0832,0.0832,0.079469,0.082935,Hrs,0.0832,0.0832,Amazon Elastic Compute Cloud,t3.large,2,8 GiB,Linux,eu-west-1,AmazonEC2,26.51,30.95,22.55,56,2026-02-11T15:04:47Z,frontend,prod,CC300,,,,,,,,,,,,,
b6d2c37f63ab426e8a73e5028fba10f5,2026-02-15T15:00:00Z/2026-02-15T16:00:00Z,112233445566,2026-02-01T00:00:00Z,2026-03-01T00:00:00Z,AWS,334455667788,Usage,2026-02-15T15:00:00Z,2026-02-15T16:00:00Z,AmazonEC2,EUWE-BoxUsage:t3.large,RunInstances,eu-west-1b,i-066608086110c45c3,1.0,4.0,4.0,0.0832,0.0832,0.085461,0.084306,Hrs,0.0832,0.0832,Amazon Elastic Compute Cloud,t3.large,2,8 GiB,Linux,eu-west-1,AmazonEC2,39.45,38.06,39.87,23,2026-02-12T09:40:31Z,frontend,prod,CC300,,,,,,,,,,,,,
37f29b975cb94c0e81cef3620ef39433,2026-02-16T00:00:00Z/2026-02-16T01:00:00Z,112233445566,2026-02-01T00:00:00Z,2026-03-01T00:00:00Z,AWS,334455667788,Usage,2026-02-16T00:00:00Z,2026-02-16T01:00:00Z,AmazonEC2,EUWE-BoxUsage:t3.large,RunInstances,eu-west-1b,i-066608086110c45c3,1.0,4.0,4.0,0.0832,0.0832,0.085245,0.082055,Hrs,0.0832,0.0832,Amazon Elastic Compute Cloud,t3.large,2,8 GiB,Linux,eu-west-1,AmazonEC2,34.97,41.21,38.86,20,2026-02-11T10:47:11Z,frontend,prod,CC300,,,,,,,,,,,,,
2c7c1704d165409b8737894a469afb2d,2026-02-16T09:00:00Z/2026-02-16T10:00:00Z,112233445566,2026-02-01T00:00:00Z,2026-03-01T00:00:00Z,AWS,334455667788,Usage,2026-02-16T09:00:00Z,2026-02-16T10:00:00Z,AmazonEC2,EUWE-BoxUsage:t3.large,RunInstances,eu-west-1b,i-066608086110c45c3,1.0,4.0,4.0,0.0832,0.0832,0.084145,0.083009,Hrs,0.0832,0.0832,Amazon Elastic Compute Cloud,t3.large,2,8 GiB,Linux,eu-west-1,AmazonEC2,23.85,41.43,18.46,22,2026-02-13T01:00:16Z,frontend,prod,CC300,,,,,,,,,,,,,
47fe27ca368f4600a14c00b649d75e39,2026-02-16T18:00:00Z/2026-02-16T19:00:00Z,112233445566,2026-02-01T00:00:00Z,2026-03-01T00:00:00Z,AWS,334455667788,Usage,2026-02-16T18:00:00Z,2026-02-16T19:00:00Z,AmazonEC2,EUWE-BoxUsage:t3.large,RunInstances,eu-west-1b,i-066608086110c45c3,1.0,4.0,4.0,0.0832,0.0832,0.084316,0.07951,Hrs,0.0832,0.0832,Amazon Elastic Compute Cloud,t3.large,2,8 GiB,Linux,eu-west-1,AmazonEC2,26.39,34.99,35.54,43,2026-02-13T12:50:55Z,frontend,prod,CC300,,,,,,,,,,,,,
ffad13ab353347848ec83f7023f472b8,2026-02-17T03:00:00Z/2026-02-17T04:00:00Z,112233445566,2026-02-01T00:00:00Z,2026-03-01T00:00:00Z,AWS,334455667788,Usage,2026-02-17T03:00:00Z,2026-02-17T04:00:00Z,AmazonEC2,EUWE-BoxUsage:t3.large,RunInstances,eu-west-1b,i-066608086110c45c3,1.0,4.0,4.0,0.0832,0.0832,0.081634,0.085412,Hrs,0.0832,0.0832,Amazon Elastic Compute Cloud,t3.large,2,8 GiB,Linux,eu-west-1,AmazonEC2,31.86,51.33,33.66,67,2026-02-14T06:11:59Z,frontend,prod,CC300,,,,,,,,,,,,,
df0da9ff7af145eca4d40e0f9bdffe20,2026-02-17T12:00:00Z/2026-02-17T13:00:00Z,112233445566,2026-02-01T00:00:00Z,2026-03-01T00:00:00Z,AWS,334455667788,Usage,2026-02-17T12:00:00Z,2026-02-17T13:00:00Z,AmazonEC2,EUWE-BoxUsage:t3.large,RunInstances,eu-west-1b,i-066608086110c45c3,1.0,4.0,4.0,0.0832,0.0832,0.084746,0.085776,Hrs,0.0832,0.0832,Amazon Elastic Compute Cloud,t3.large,2,8 GiB,Linux,eu-west-1,AmazonEC2,40.83,43.89,39.36,55,2026-02-15T15:48:46Z,frontend,prod,CC300,,,,,,,,,,,,,
0f6ea109da35485d85ee2b9ecb5ce483,2026-02-17T21:00:00Z/2026-02-17T22:00:00Z,112233445566,2026-02-01T00:00:00Z,2026-03-01T00:00:00Z,AWS,334455667788,Usage,2026-02-17T21:00:00Z,2026-02-17T22:00:00Z,AmazonEC2,EUWE-BoxUsage:t3.large,RunInstances,eu-west-1b,i-066608086110c45c3,1.0,4.0,4.0,0.0832,0.0832,0.083609,0.085942,Hrs,0.0832,0.0832,Amazon Elastic Compute Cloud,t3.large,2,8 GiB,Linux,eu-west-1,AmazonEC2,33.05,32.68,21.42,24,2026-02-16T05:29:31Z,frontend,prod,CC300,,,,,,,,,,,,,
a91c37310a0043ccaefbfb49d7dae66d,2026-02-18T06:00:00Z/2026-02-18T07:00:00Z,112233445566,2026-02-01T00:00:00Z,2026-03-01T00:00:00Z,AWS,334455667788,Usage,2026-02-18T06:00:00Z,2026-02-18T07:00:00Z,AmazonEC2,EUWE-BoxUsage:t3.large,RunInstances,eu-west-1b,i-066608086110c45c3,1.0,4.0,4.0,0.0832,0.0832,0.07992,0.083253,Hrs,0.0832,0.0832,Amazon Elastic Compute Cloud,t3.large,2,8 GiB,Linux,eu-west-1,AmazonEC2,40.72,49.66,28.97,34,2026-02-15T08:17:13Z,frontend,prod,CC300,,,,,,,,,,,,,
8bc83b7b882e4695a23159bec0120511,2026-02-18T15:00:00Z/2026-02-18T16:00:00Z,112233445566,2026-02-01T00:00:00Z,2026-03-01T00:00:00Z,AWS,334455667788,Usage,2026-02-18T15:00:00Z,2026-02-18T16:00:00Z,AmazonEC2,EUWE-BoxUsage:t3.large,RunInstances,eu-west-1b,i-066608086110c45c3,1.0,4.0,4.0,0.0832,0.0832,0.079765,0.079896,Hrs,0.0832,0.0832,Amazon Elastic Compute Cloud,t3.large,2,8 GiB,Linux,eu-west-1,AmazonEC2,33.39,34.53,22.81,17,2026-02-15T03:04:57Z,frontend,prod,CC300,,,,,,,,,,,,,
f6d2d15cb0d447ea89ffb6734dfa2306,2026-02-19T00:00:00Z/2026-02-19T01:00:00Z,112233445566,2026-02-01T00:00:00Z,2026-03-01T00:00:00Z,AWS,334455667788,Usage,2026-02-19T00:00:00Z,2026-02-19T01:00:00Z,AmazonEC2,EUWE-BoxUsage:t3.large,RunInstances,eu-west-1b,i-066608086110c45c3,1.0,4.0,4.0,0.0832,0.0832,0.079805,0.081086,Hrs,0.0832,0.0832,Amazon Elastic Compute Cloud,t3.large,2,8 GiB,Linux,eu-west-1,AmazonEC2,33.98,30.97,32.18,36,2026-02-16T05:12:04Z,frontend,prod,CC300,,,,,,,,,,,,,
9b276f9cb753489ebca8b5d0f0b0ff48,2026-02-19T09:00:00Z/2026-02-19T10:00:00Z,112233445566,2026-02-01T00:00:00Z,2026-03-01T00:00:00Z,AWS,334455667788,Usage,2026-02-19T09:00:00Z,2026-02-19T10:00:00Z,AmazonEC2,EUWE-BoxUsage:t3.large,RunInstances,eu-west-1b,i-066608086110c45c3,1.0,4.0,4.0,0.0832,0.0832,0.082056,0.083267,Hrs,0.0832,0.0832,Amazon Elastic Compute Cloud,t3.large,2,8 GiB,Linux,eu-west-1,AmazonEC2,28.52,41.63,38.97,65,2026-02-17T04:55:50Z,frontend,prod,CC300,,,,,,,,,,,,,
9a07d8f6d1dd4d4bbca93fa58b3b009c,2026-02-19T18:00:00Z/2026-02-19T19:00:00Z,112233445566,2026-02-01T00:00:00Z,2026-03-01T00:00:00Z,AWS,334455667788,Usage,2026-02-19T18:00:00Z,2026-02-19T19:00:00Z,AmazonEC2,EUWE-BoxUsage:t3.large,RunInstances,eu-west-1b,i-066608086110c45c3,1.0,4.0,4.0,0.0832,0.0832,0.079707,0.086546,Hrs,0.0832,0.0832,Amazon Elastic Compute Cloud,t3.large,2,8 GiB,Linux,eu-west-1,AmazonEC2,41.17,50.7,37.93,71,2026-02-15T09:34:26Z,frontend,prod,CC300,,,,,,,,,,,,,
b3b8319ae87c404ca9fdf4163d4861bd,2026-02-20T03:00:00Z/2026-02-20T04:00:00Z,112233445566,2026-02-01T00:00:00Z,2026-03-01T00:00:00Z,AWS,334455667788,Usage,2026-02-20T03:00:00Z,2026-02-20T04:00:00Z,AmazonEC2,EUWE-BoxUsage:t3.large,RunInstances,eu-west-1b,i-066608086110c45c3,1.0,4.0,4.0,0.0832,0.0832,0.082096,0.083551,Hrs,0.0832,0.0832,Amazon Elastic Compute Cloud,t3.large,2,8 GiB,Linux,eu-west-1,AmazonEC2,24.35,37.46,22.95,42,2026-02-16T00:18:17Z,frontend,prod,CC300,,,,,,,,,,,,,
bb59f02af1fb46ea8fe8020dfbc6107e,2026-02-20T12:00:00Z/2026-02-20T13:00:00Z,112233445566,2026-02-01T00:00:00Z,2026-03-01T00:00:00Z,AWS,334455667788,Usage,2026-02-20T12:00:00Z,2026-02-20T13:00:00Z,AmazonEC2,EUWE-BoxUsage:t3.large,RunInstances,eu-west-1b,i-066608086110c45c3,1.0,4.0,4.0,0.0832,0.0832,0.086175,0.081325,Hrs,0.0832,0.0832,Amazon Elastic Compute Cloud,t3.large,2,8 GiB,Linux,eu-west-1,AmazonEC2,41.02,32.51,38.2,48,2026-02-17T03:48:14Z,frontend,prod,CC300,,,,,,,,,,,,,
362f4cd2a59946b69b2d451c2f3b617e,2026-02-20T21:00:00Z/2026-02-20T22:00:00Z,112233445566,2026-02-01T00:00:00Z,2026-03-01T00:00:00Z,AWS,334455667788,Usage,2026-02-20T21:00:00Z,2026-02-20T22:00:00Z,AmazonEC2,EUWE-BoxUsage:t3.large,RunInstances,eu-west-1b,i-066608086110c45c3,1.0,4.0,4.0,0.0832,0.0832,0.083783,0.087036,Hrs,0.0832,0.0832,Amazon Elastic Compute Cloud,t3.large,2,8 GiB,Linux,eu-west-1,AmazonEC2,37.5,45.08,28.09,41,2026-02-16T16:01:53Z,frontend,prod,CC300,,,,,,,,,,,,,
eee38e2ea01e4beba7d7e2448ef6c9a5,2026-02-21T06:00:00Z/2026-02-21T07:00:00Z,112233445566,2026-02-01T00:00:00Z,2026-03-01T00:00:00Z,AWS,334455667788,Usage,2026-02-21T06:00:00Z,2026-02-21T07:00:00Z,AmazonEC2,EUWE-BoxUsage:t3.large,RunInstances,eu-west-1b,i-066608086110c45c3,1.0,4.0,4.0,0.0832,0.0832,0.085484,0.085729,Hrs,0.0832,0.0832,Amazon Elastic Compute Cloud,t3.large,2,8 GiB,Linux,eu-west-1,AmazonEC2,35.32,32.22,20.08,23,2026-02-17T01:44:32Z,frontend,prod,CC300,,,,,,,,,,,,,
d150a0d7de8041bebbebdba9eef1474f,2026-02-21T15:00:00Z/2026-02-21T16:00:00Z,112233445566,2026-02-01T00:00:00Z,2026-03-01T00:00:00Z,AWS,334455667788,Usage,2026-02-21T15:00:00Z,2026-02-21T16:00:00Z,AmazonEC2,EUWE-BoxUsage:t3.large,RunInstances,eu-west-1b,i-066608086110c45c3,1.0,4.0,4.0,0.0832,0.0832,0.08003,0.084537,Hrs,0.0832,0.0832,Amazon Elastic Compute Cloud,t3.large,2,8 GiB,Linux,eu-west-1,AmazonEC2,32.04,31.26,20.62,25,2026-02-20T04:10:11Z,frontend,prod,CC300,,,,,,,,,,,,,
808bcc4203bc4411b1f4f19d16ca2863,2026-02-22T00:00:00Z/2026-02-22T01:00:00Z,112233445566,2026-02-01T00:00:00Z,2026-03-01T00:00:00Z,AWS,334455667788,Usage,2026-02-22T00:00:00Z,2026-02-22T01:00:00Z,AmazonEC2,EUWE-BoxUsage:t3.large,RunInstances,eu-west-1b,i-066608086110c45c3,1.0,4.0,4.0,0.0832,0.0832,0.082412,0.082705,Hrs,0.0832,0.0832,Amazon Elastic Compute Cloud,t3.large,2,8 GiB,Linux,eu-west-1,AmazonEC2,27.51,36.02,27.39,15,2026-02-20T09:52:10Z,frontend,prod,CC300,,,,,,,,,,,,,
7b697dfeb1234816a27e975ed2a9ef10,2026-02-22T09:00:00Z/2026-02-22T10:00:00Z,112233445566,2026-02-01T00:00:00Z,2026-03-01T00:00:00Z,AWS,334455667788,Usage,2026-02-22T09:00:00Z,2026-02-22T10:00:00Z,AmazonEC2,EUWE-BoxUsage:t3.large,RunInstances,eu-west-1b,i-066608086110c45c3,1.0,4.0,4.0,0.0832,0.0832,0.086427,0.085156,Hrs,0.0832,0.0832,Amazon Elastic Compute Cloud,t3.large,2,8 GiB,Linux,eu-west-1,AmazonEC2,24.15,42.99,20.9,19,2026-02-20T10:32:54Z,frontend,prod,CC300,,,,,,,,,,,,,
78846ec67de94bed9b9b60dd91b53407,2026-02-22T18:00:00Z/2026-02-22T19:00:00Z,112233445566,2026-02-01T00:00:00Z,2026-03-01T00:00:00Z,AWS,334455667788,Usage,2026-02-22T18:00:00Z,2026-02-22T19:00:00Z,AmazonEC2,EUWE-BoxUsage:t3.large,RunInstances,eu-west-1b,i-066608086110c45c3,1.0,4.0,4.0,0.0832,0.0832,0.079514,0.079448,Hrs,0.0832,0.0832,Amazon Elastic Compute Cloud,t3.large,2,8 GiB,Linux,eu-west-1,AmazonEC2,41.78,49.95,41.15,44,2026-02-18T22:15:22Z,frontend,prod,CC300,,,,,,,,,,,,,
cf4a092e2acc41bd9c62bb71fff3bd8f,2026-02-23T03:00:00Z/2026-02-23T04:00:00Z,112233445566,2026-02-01T00:00:00Z,2026-03-01T00:00:00Z,AWS,334455667788,Usage,2026-02-23T03:00:00Z,2026-02-23T04:00:00Z,AmazonEC2,EUWE-BoxUsage:t3.large,RunInstances,eu-west-1b,i-066608086110c45c3,1.0,4.0,4.0,0.0832,0.0832,0.082515,0.079072,Hrs,0.0832,0.0832,Amazon Elastic Compute Cloud,t3.large,2,8 GiB,Linux,eu-west-1,AmazonEC2,28.9,44.66,41.96,40,2026-02-19T16:30:20Z,frontend,prod,CC300,,,,,,,,,,,,,
7ee3cce908e24787aa673005c8c7b3d1,2026-02-23T12:00:00Z/2026-02-23T13:00:00Z,112233445566,2026-02-01T00:00:00Z,2026-03-01T00:00:00Z,AWS,334455667788,Usage,2026-02-23T12:00:00Z,2026-02-23T13:00:00Z,AmazonEC2,EUWE-BoxUsage:t3.large,RunInstances,eu-west-1b,i-066608086110c45c3,1.0,4.0,4.0,0.0832,0.0832,0.084339,0.082552,Hrs,0.0832,0.0832,Amazon Elastic Compute Cloud,t3.large,2,8 GiB,Linux,eu-west-1,AmazonEC2,30.85,48.55,33.36,46,2026-02-20T23:05:41Z,frontend,prod,CC300,,,,,,,,,,,,,
5e52a2d066a740dc9ea8f25743453bcd,2026-02-23T21:00:00Z/2026-02-23T22:00:00Z,112233445566,2026-02-01T00:00:00Z,2026-03-01T00:00:00Z,AWS,334455667788,Usage,2026-02-23T21:00:00Z,2026-02-23T22:00:00Z,AmazonEC2,EUWE-BoxUsage:t3.large,RunInstances,eu-west-1b,i-066608086110c45c3,1.0,4.0,4.0,0.0832,0.0832,0.087319,0.087237,Hrs,0.0832,0.0832,Amazon Elastic Compute Cloud,t3.large,2,8 GiB,Linux,eu-west-1,AmazonEC2,39.44,33.58,36.48,12,2026-02-20T19:26:06Z,frontend,prod,CC300,,,,,,,,,,,,,
58e508cc7ab648b4bdb818e601d3f25e,2026-02-24T06:00:00Z/2026-02-24T07:00:00Z,112233445566,2026-02-01T00:00:00Z,2026-03-01T00:00:00Z,AWS,334455667788,Usage,2026-02-24T06:00:00Z,2026-02-24T07:00:00Z,AmazonEC2,EUWE-BoxUsage:t3.large,RunInstances,eu-west-1b,i-066608086110c45c3,1.0,4.0,4.0,0.0832,0.0832,0.085961,0.08046,Hrs,0.0832,0.0832,Amazon Elastic Compute Cloud,t3.large,2,8 GiB,Linux,eu-west-1,AmazonEC2,28.11,37.47,34.94,52,2026-02-22T14:34:49Z,frontend,prod,CC300,,,,,,,,,,,,,
141c136a5a044cbc98f54c787a07a076,2026-02-24T15:00:00Z/2026-02-24T16:00:00Z,112233445566,2026-02-01T00:00:00Z,2026-03-01T00:00:00Z,AWS,334455667788,Usage,2026-02-24T15:00:00Z,2026-02-24T16:00:00Z,AmazonEC2,EUWE-BoxUsage:t3.large,RunInstances,eu-west-1b,i-066608086110c45c3,1.0,4.0,4.0,0.0832,0.0832,0.084406,0.081063,Hrs,0.0832,0.0832,Amazon Elastic Compute Cloud,t3.large,2,8 GiB,Linux,eu-west-1,AmazonEC2,34.01,33.89,35.07,52,2026-02-20T09:21:50Z,frontend,prod,CC300,,,,,,,,,,,,,
8eba93f72a244d99949d178b39bcf6e9,2026-02-25T00:00:00Z/2026-02-25T01:00:00Z,112233445566,2026-02-01T00:00:00Z,2026-03-01T00:00:00Z,AWS,334455667788,Usage,2026-02-25T00:00:00Z,2026-02-25T01:00:00Z,AmazonEC2,EUWE-BoxUsage:t3.large,RunInstances,eu-west-1b,i-066608086110c45c3,1.0,4.0,4.0,0.0832,0.0832,0.082937,0.085933,Hrs,0.0832,0.0832,Amazon Elastic Compute Cloud,t3.large,2,8 GiB,Linux,eu-west-1,AmazonEC2,25.08,38.62,21.74,39,2026-02-22T17:52:08Z,frontend,prod,CC300,,,,,,,,,,,,,
c6b393d8b6874011b8cf01e30fee9540,2026-02-25T09:00:00Z/2026-02-25T10:00:00Z,112233445566,2026-02-01T00:00:00Z,2026-03-01T00:00:00Z,AWS,334455667788,Usage,2026-02-25T09:00:00Z,2026-02-25T10:00:00Z,AmazonEC2,EUWE-BoxUsage:t3.large,RunInstances,eu-west-1b,i-066608086110c45c3,1.0,4.0,4.0,0.0832,0.0832,0.086439,0.081069,Hrs,0.0832,0.0832,Amazon Elastic Compute Cloud,t3.large,2,8 GiB,Linux,eu-west-1,AmazonEC2,22.89,41.03,40.45,37,2026-02-21T22:21:57Z,frontend,prod,CC300,,,,,,,,,,,,,
89abad6219c84217b9925df8e720f223,2026-02-25T18:00:00Z/2026-02-25T19:00:00Z,112233445566,2026-02-01T00:00:00Z,2026-03-01T00:00:00Z,AWS,334455667788,Usage,2026-02-25T18:00:00Z,2026-02-25T19:00:00Z,AmazonEC2,EUWE-BoxUsage:t3.large,RunInstances,eu-west-1b,i-066608086110c45c3,1.0,4.0,4.0,0.0832,0.0832,0.080734,0.08125,Hrs,0.0832,0.0832,Amazon Elastic Compute Cloud,t3.large,2,8 GiB,Linux,eu-west-1,AmazonEC2,29.58,35.31,27.36,31,2026-02-24T06:16:19Z,frontend,prod,CC300,,,,,,,,,,,,,
d7984d4f593d435db416ef9c073c5345,2026-02-26T03:00:00Z/2026-02-26T04:00:00Z,112233445566,2026-02-01T00:00:00Z,2026-03-01T00:00:00Z,AWS,334455667788,Usage,2026-02-26T03:00:00Z,2026-02-26T04:00:00Z,AmazonEC2,EUWE-BoxUsage:t3.large,RunInstances,eu-west-1b,i-066608086110c45c3,1.0,4.0,4.0,0.0832,0.0832,0.087111,0.081816,Hrs,0.0832,0.0832,Amazon Elastic Compute Cloud,t3.large,2,8 GiB,Linux,eu-west-1,AmazonEC2,41.06,41.36,30.86,34,2026-02-22T22:36:20Z,frontend,prod,CC300,,,,,,,,,,,,,
42bd39758b0f4d66baa84112076ed4df,2026-02-26T12:00:00Z/2026-02-26T13:00:00Z,112233445566,2026-02-01T00:00:00Z,2026-03-01T00:00:00Z,AWS,334455667788,Usage,2026-02-26T12:00:00Z,2026-02-26T13:00:00Z,AmazonEC2,EUWE-BoxUsage:t3.large,RunInstances,eu-west-1b,i-066608086110c45c3,1.0,4.0,4.0,0.0832,0.0832,0.08521,0.087018,Hrs,0.0832,0.0832,Amazon Elastic Compute Cloud,t3.large,2,8 GiB,Linux,eu-west-1,AmazonEC2,41.31,32.69,26.06,65,2026-02-22T12:54:33Z,frontend,prod,CC300,,,,,,,,,,,,,
f2a11b1aba894b5bbd0c1b315d24ee6a,2026-02-26T21:00:00Z/2026-02-26T22:00:00Z,112233445566,2026-02-01T00:00:00Z,2026-03-01T00:00:00Z,AWS,334455667788,Usage,2026-02-26T21:00:00Z,2026-02-26T22:00:00Z,AmazonEC2,EUWE-BoxUsage:t3.large,RunInstances,eu-west-1b,i-066608086110c45c3,1.0,4.0,4.0,0.0832,0.0832,0.079081,0.087152,Hrs,0.0832,0.0832,Amazon Elastic Compute Cloud,t3.large,2,8 GiB,Linux,eu-west-1,AmazonEC2,26.15,28.0,34.09,35,2026-02-24T22:10:12Z,frontend,prod,CC300,,,,,,,,,,,,,
b307d34b63454013b230afb9072be78f,2026-02-27T06:00:00Z/2026-02-27T07:00:00Z,112233445566,2026-02-01T00:00:00Z,2026-03-01T00:00:00Z,AWS,334455667788,Usage,2026-02-27T06:00:00Z,2026-02-27T07:00:00Z,AmazonEC2,EUWE-BoxUsage:t3.large,RunInstances,eu-west-1b,i-066608086110c45c3,1.0,4.0,4.0,0.0832,0.0832,0.080493,0.083251,Hrs,0.0832,0.0832,Amazon Elastic Compute Cloud,t3.large,2,8 GiB,Linux,eu-west-1,AmazonEC2,24.73,42.84,31.07,35,2026-02-22T19:52:30Z,frontend,prod,CC300,,,,,,,,,,,,,
ad5579fb8ba84522800062ece3b522b1,2026-02-27T15:00:00Z/2026-02-27T16:00:00Z,112233445566,2026-02-01T00:00:00Z,2026-03-01T00:00:00Z,AWS,334455667788,Usage,2026-02-27T15:00:00Z,2026-02-27T16:00:00Z,AmazonEC2,EUWE-BoxUsage:t3.large,RunInstances,eu-west-1b,i-066608086110c45c3,1.0,4.0,4.0,0.0832,0.0832,0.079471,0.086346,Hrs,0.0832,0.0832,Amazon Elastic Compute Cloud,t3.large,2,8 GiB,Linux,eu-west-1,AmazonEC2,25.61,45.89,35.24,17,2026-02-23T03:46:53Z,frontend,prod,CC300,,,,,,,,,,,,,
47021437e55445d2846486766e984921,2026-02-01T00:00:00Z/2026-02-01T01:00:00Z,112233445566,2026-02-01T00:00:00Z,2026-03-01T00:00:00Z,AWS,112233445566,Usage,2026-02-01T00:00:00Z,2026-02-01T01:00:00Z,AmazonEC2,USEA-BoxUsage:t3.small,RunInstances,us-east-1a,i-0a62189e1486c421f,1.0,1.0,1.0,0.0208,0.0208,0.020511,0.020133,Hrs,0.0208,0.0208,Amazon Elastic Compute Cloud,t3.small,2,2 GiB,Linux,us-east-1,AmazonEC2,9.9,12.1,12.73,97,2026-01-22T12:39:23Z,platform,staging,CC100,,,,,,,,,,,,,
6154888797174ab782885c46648d0aad,2026-02-01T09:00:00Z/2026-02-01T10:00:00Z,112233445566,2026-02-01T00:00:00Z,2026-03-01T00:00:00Z,AWS,112233445566,Usage,2026-02-01T09:00:00Z,2026-02-01T10:00:00Z,AmazonEC2,USEA-BoxUsage:t3.small,RunInstances,us-east-1a,i-0a62189e1486c421f,1.0,1.0,1.0,0.0208,0.0208,0.020563,0.020992,Hrs,0.0208,0.0208,Amazon Elastic Compute Cloud,t3.small,2,2 GiB,Linux,us-east-1,AmazonEC2,7.17,27.77,21.77,132,2026-01-25T17:55:32Z,platform,staging,CC100,,,,,,,,,,,,,
897bb071076c4f818c510d7877ee563a,2026-02-01T18:00:00Z/2026-02-01T19:00:00Z,112233445566,2026-02-01T00:00:00Z,2026-03-01T00:00:00Z,AWS,112233445566,Usage,2026-02-01T18:00:00Z,2026-02-01T19:00:00Z,AmazonEC2,USEA-BoxUsage:t3.small,RunInstances,us-east-1a,i-0a62189e1486c421f,1.0,1.0,1.0,0.0208,0.0208,0.02018,0.021165,Hrs,0.0208,0.0208,Amazon Elastic Compute Cloud,t3.small,2,2 GiB,Linux,us-east-1,AmazonEC2,14.99,12.69,22.27,173,2026-01-25T12:49:51Z,platform,staging,CC100,,,,,,,,,,,,,
5b4cb770c4aa490083790eb6fab95059,2026-02-02T03:00:00Z/2026-02-02T04:00:00Z,112233445566,2026-02-01T00:00:00Z,2026-03-01T00:00:00Z,AWS,112233445566,Usage,2026-02-02T03:00:00Z,2026-02-02T04:00:00Z,AmazonEC2,USEA-BoxUsage:t3.small,RunInstances,us-east-1a,i-0a62189e1486c421f,1.0,1.0,1.0,0.0208,0.0208,0.020711,0.021835,Hrs,0.0208,0.0208,Amazon Elastic Compute Cloud,t3.small,2,2 GiB,Linux,us-east-1,AmazonEC2,16.58,25.16,22.39,152,2026-01-24T20:46:29Z,platform,staging,CC100,,,,,,,,,,,,,
8f9bf2e54e6a447f864a83739cecfa9f,2026-02-02T12:00:00Z/2026-02-02T13:00:00Z,112233445566,2026-02-01T00:00:00Z,2026-03-01T00:00:00Z,AWS,112233445566,Usage,2026-02-02T12:00:00Z,2026-02-02T13:00:00Z,AmazonEC2,USEA-BoxUsage:t3.small,RunInstances,us-east-1a,i-0a62189e1486c421f,1.0,1.0,1.0,0.0208,0.0208,0.020428,0.020083,Hrs,0.0208,0.0208,Amazon Elastic Compute Cloud,t3.small,2,2 GiB,Linux,us-east-1,AmazonEC2,13.39,24.58,10.99,199,2026-01-27T13:38:57Z,platform,staging,CC100,,,,,,,,,,,,,
6353d8a7545f4795b5ac190a3d0469e2,2026-02-02T21:00:00Z/2026-02-02T22:00:00Z,112233445566,2026-02-01T00:00:00Z,2026-03-01T00:00:00Z,AWS,112233445566,Usage,2026-02-02T21:00:00Z,2026-02-02T22:00:00Z,AmazonEC2,USEA-BoxUsage:t3.small,RunInstances,us-east-1a,i-0a62189e1486c421f,1.0,1.0,1.0,0.0208,0.0208,0.02054,0.020646,Hrs,0.0208,0.0208,Amazon Elastic Compute Cloud,t3.small,2,2 GiB,Linux,us-east-1,AmazonEC2,13.05,13.97,13.46,161,2026-01-25T14:23:30Z,platform,staging,CC100,,,,,,,,,,,,,
4c881284a7f14f84830565447254d4dd,2026-02-03T06:00:00Z/2026-02-03T07:00:00Z,112233445566,2026-02-01T00:00:00Z,2026-03-01T00:00:00Z,AWS,112233445566,Usage,2026-02-03T06:00:00Z,2026-02-03T07:00:00Z,AmazonEC2,USEA-BoxUsage:t3.small,RunInstances,us-east-1a,i-0a62189e1486c421f,1.0,1.0,1.0,0.0208,0.0208,0.021022,0.020331,Hrs,0.0208,0.0208,Amazon Elastic Compute Cloud,t3.small,2,2 GiB,Linux,us-east-1,AmazonEC2,9.87,15.73,19.53,77,2026-01-23T04:23:15Z,platform,staging,CC100,,,,,,,,,,,,,
260e96e701904c3e95f9b7c0c999c931,2026-02-03T15:00:00Z/2026-02-03T16:00:00Z,112233445566,2026-02-01T00:00:00Z,2026-03-01T00:00:00Z,AWS,112233445566,Usage,2026-02-03T15:00:00Z,2026-02-03T16:00:00Z,AmazonEC2,USEA-BoxUsage:t3.small,RunInstances,us-east-1a,i-0a62189e1486c421f,1.0,1.0,1.0,0.0208,0.0208,0.020227,0.021368,Hrs,0.0208,0.0208,Amazon Elastic Compute Cloud,t3.small,2,2 GiB,Linux,us-east-1,AmazonEC2,15.08,16.11,9.33,180,2026-01-30T19:47:10Z,platform,staging,CC100,,,,,,,,,,,,,
3b04b051cca345a581301334b2a7e6a8,2026-02-04T00:00:00Z/2026-02-04T01:00:00Z,112233445566,2026-02-01T00:00:00Z,2026-03-01T00:00:00Z,AWS,112233445566,Usage,2026-02-04T00:00:00Z,2026-02-04T01:00:00Z,AmazonEC2,USEA-BoxUsage:t3.small,RunInstances,us-east-1a,i-0a62189e1486c421f,1.0,1.0,1.0,0.0208,0.0208,0.02152,0.02063,Hrs,0.0208,0.0208,Amazon Elastic Compute Cloud,t3.small,2,2 GiB,Linux,us-east-1,AmazonEC2,11.37,15.48,12.99,153,2026-01-31T12:49:05Z,platform,staging,CC100,,,,,,,,,,,,,
df367d061b964b89aaaee9f82ee8e1d8,2026-02-04T09:00:00Z/2026-02-04T10:00:00Z,112233445566,2026-02-01T00:00:00Z,2026-03-01T00:00:00Z,AWS,112233445566,Usage,2026-02-04T09:00:00Z,2026-02-04T10:00:00Z,AmazonEC2,USEA-BoxUsage:t3.small,RunInstances,us-east-1a,i-0a62189e1486c421f,1.0,1.0,1.0,0.0208,0.0208,0.020956,0.021376,Hrs,0.0208,0.0208,Amazon Elastic Compute Cloud,t3.small,2,2 GiB,Linux,us-east-1,AmazonEC2,16.06,17.04,11.42,190,2026-01-23T21:07:02Z,platform,staging,CC100,,,,,,,,,,,,,
496c36354da14807bf3da66bfed329f4,2026-02-04T18:00:00Z/2026-02-04T19:00:00Z,112233445566,2026-02-01T00:00:00Z,2026-03-01T00:00:00Z,AWS,112233445566,Usage,2026-02-04T18:00:00Z,2026-02-04T19:00:00Z,AmazonEC2,USEA-BoxUsage:t3.small,RunInstances,us-east-1a,i-0a62189e1486c421f,1.0,1.0,1.0,0.0208,0.0208,0.021461,0.020799,Hrs,0.0208,0.0208,Amazon Elastic Compute Cloud,t3.small,2,2 GiB,Linux,us-east-1,AmazonEC2,8.09,13.81,18.66,151,2026-01-24T11:53:19Z,platform,staging,CC100,,,,,,,,,,,,,
b6c0ef49b4124a5f8c2608d39f22e458,2026-02-05T03:00:00Z/2026-02-05T04:00:00Z,112233445566,2026-02-01T00:00:00Z,2026-03-01T00:00:00Z,AWS,112233445566,Usage,2026-02-05T03:00:00Z,2026-02-05T04:00:00Z,AmazonEC2,USEA-BoxUsage:t3.small,RunInstances,us-east-1a,i-0a62189e1486c421f,1.0,1.0,1.0,0.0208,0.0208,0.021581,0.020455,Hrs,0.0208,0.0208,Amazon Elastic Compute Cloud,t3.small,2,2 GiB,Linux,us-east-1,AmazonEC2,8.04,25.27,10.03,75,2026-01-28T20:19:55Z,platform,staging,CC100,,,,,,,,,,,,,
c49a77102dae4bc58d47a9319a28c3a0,2026-02-05T12:00:00Z/2026-02-05T13:00:00Z,112233445566,2026-02-01T00:00:00Z,2026-03-01T00:00:00Z,AWS,112233445566,Usage,2026-02-05T12:00:00Z,2026-02-05T13:00:00Z,AmazonEC2,USEA-BoxUsage:t3.small,RunInstances,us-east-1a,i-0a62189e1486c421f,1.0,1.0,1.0,0.0208,0.0208,0.0212,0.020072,Hrs,0.0208,0.0208,Amazon Elastic Compute Cloud,t3.small,2,2 GiB,Linux,us-east-1,AmazonEC2,9.53,27.85,22.32,186,2026-01-27T17:13:58Z,platform,staging,CC100,,,,,,,,,,,,,
b3fc01470d5e40ef9fc6d13755fff121,2026-02-05T21:00:00Z/2026-02-05T22:00:00Z,112233445566,2026-02-01T00:00:00Z,2026-03-01T00:00:00Z,AWS,112233445566,Usage,2026-02-05T21:00:00Z,2026-02-05T22:00:00Z,AmazonEC2,USEA-BoxUsage:t3.small,RunInstances,us-east-1a,i-0a62189e1486c421f,1.0,1.0,1.0,0.0208,0.0208,0.01986,0.021503,Hrs,0.0208,0.0208,Amazon Elastic Compute Cloud,t3.small,2,2 GiB,Linux,us-east-1,AmazonEC2,8.38,21.86,13.9,112,2026-01-30T11:24:07Z,platform,staging,CC100,,,,,,,,,,,,,
862d3e864245450ea86ca1d0f25c9ace,2026-02-06T06:00:00Z/2026-02-06T07:00:00Z,112233445566,2026-02-01T00:00:00Z,2026-03-01T00:00:00Z,AWS,112233445566,Usage,2026-02-06T06:00:00Z,2026-02-06T07:00:00Z,AmazonEC2,USEA-BoxUsage:t3.small,RunInstances,us-east-1a,i-0a62189e1486c421f,1.0,1.0,1.0,0.0208,0.0208,0.020879,0.021467,Hrs,0.0208,0.0208,Amazon Elastic Compute Cloud,t3.small,2,2 GiB,Linux,us-east-1,AmazonEC2,8.92,20.09,9.92,144,2026-01-26T11:40:57Z,platform,staging,CC100,,,,,,,,,,,,,
ca468601f3ee43779c09d07318fa10b4,2026-02-06T15:00:00Z/2026-02-06T16:00:00Z,112233445566,2026-02-01T00:00:00Z,2026-03-01T00:00:00Z,AWS,112233445566,Usage,2026-02-06T15:00:00Z,2026-02-06T16:00:00Z,AmazonEC2,USEA-BoxUsage:t3.small,RunInstances,us-east-1a,i-0a62189e1486c421f,1.0,1.0,1.0,0.0208,0.0208,0.020036,0.019926,Hrs,0.0208,0.0208,Amazon Elastic Compute Cloud,t3.small,2,2 GiB,Linux,us-east-1,AmazonEC2,17.4,19.54,20.41,106,2026-02-01T00:05:58Z,platform,staging,CC100,,,,,,,,,,,,,
10464bd258784c70a39f139f630cdbbd,2026-02-07T00:00:00Z/2026-02-07T01:00:00Z,112233445566,2026-02-01T00:00:00Z,2026-03-01T00:00:00Z,AWS,112233445566,Usage,2026-02-07T00:00:00Z,2026-02-07T01:00:00Z,AmazonEC2,USEA-BoxUsage:t3.small,RunInstances,us-east-1a,i-0a62189e1486c421f,1.0,1.0,1.0,0.0208,0.0208,0.02094,0.02007,Hrs,0.0208,0.0208,Amazon Elastic Compute Cloud,t3.small,2,2 GiB,Linux,us-east-1,AmazonEC2,8.3,25.2,16.04,157,2026-02-03T03:53:20Z,platform,staging,CC100,,,,,,,,,,,,,
79b54eed6a284ebc9f15bf18daca5c01,2026-02-07T09:00:00Z/2026-02-07T10:00:00Z,112233445566,2026-02-01T00:00:00Z,2026-03-01T00:00:00Z,AWS,112233445566,Usage,2026-02-07T09:00:00Z,2026-02-07T10:00:00Z,AmazonEC2,USEA-BoxUsage:t3.small,RunInstances,us-east-1a,i-0a62189e1486c421f,1.0,1.0,1.0,0.0208,0.0208,0.020623,0.02116,Hrs,0.0208,0.0208,Amazon Elastic Compute Cloud,t3.small,2,2 GiB,Linux,us-east-1,AmazonEC2,19.3,25.43,18.8,143,2026-01-28T02:12:08Z,platform,staging,CC100,,,,,,,,,,,,,
446af92860be4b7ba268b409700f9086,2026-02-07T18:00:00Z/2026-02-07T19:00:00Z,112233445566,2026-02-01T00:00:00Z,2026-03-01T00:00:00Z,AWS,112233445566,Usage,2026-02-07T18:00:00Z,2026-02-07T19:00:00Z,AmazonEC2,USEA-BoxUsage:t3.small,RunInstances,us-east-1a,i-0a62189e1486c421f,1.0,1.0,1.0,0.0208,0.0208,0.019786,0.019889,Hrs,0.0208,0.0208,Amazon Elastic Compute Cloud,t3.small,2,2 GiB,Linux,us-east-1,AmazonEC2,19.0,26.04,13.45,91,2026-02-02T12:25:24Z,platform,staging,CC100,,,,,,,,,,,,,
b45043fc9e514fba9a1e279b9e12a6b5,2026-02-08T03:00:00Z/2026-02-08T04:00:00Z,112233445566,2026-02-01T00:00:00Z,2026-03-01T00:00:00Z,AWS,112233445566,Usage,2026-02-08T03:00:00Z,2026-02-08T04:00:00Z,AmazonEC2,USEA-BoxUsage:t3.small,RunInstances,us-east-1a,i-0a62189e1486c421f,1.0,1.0,1.0,0.0208,0.0208,0.020151,0.02172,Hrs,0.0208,0.0208,Amazon Elastic Compute Cloud,t3.small,2,2 GiB,Linux,us-east-1,AmazonEC2,17.27,13.44,9.07,178,2026-02-03T01:48:37Z,platform,staging,CC100,,,,,,,,,,,,,
d0b7767b73854288bf291c1025a281c4,2026-02-08T12:00:00Z/2026-02-08T13:00:00Z,112233445566,2026-02-01T00:00:00Z,2026-03-01T00:00:00Z,AWS,112233445566,Usage,2026-02-08T12:00:00Z,2026-02-08T13:00:00Z,AmazonEC2,USEA-BoxUsage:t3.small,RunInstances,us-east-1a,i-0a62189e1486c421f,1.0,1.0,1.0,0.0208,0.0208,0.020471,0.021491,Hrs,0.0208,0.0208,Amazon Elastic Compute Cloud,t3.small,2,2 GiB,Linux,us-east-1,AmazonEC2,15.96,19.36,14.2,217,2026-01-30T19:40:23Z,platform,staging,CC100,,,,,,,,,,,,,
d159d41bc5184c9aa3b041d748ccf5c3,2026-02-08T21:00:00Z/2026-02-08T22:00:00Z,112233445566,2026-02-01T00:00:00Z,2026-03-01T00:00:00Z,AWS,112233445566,Usage,2026-02-08T21:00:00Z,2026-02-08T22:00:00Z,AmazonEC2,USEA-BoxUsage:t3.small,RunInstances,us-east-1a,i-0a62189e1486c421f,1.0,1.0,1.0,0.0208,0.0208,0.01998,0.020511,Hrs,0.0208,0.0208,Amazon Elastic Compute Cloud,t3.small,2,2 GiB,Linux,us-east-1,AmazonEC2,18.05,12.57,15.25,151,2026-02-03T00:44:23Z,platform,staging,CC100,,,,,,,,,,,,,
a80e8347e06d40a6b6adf6bf216472e5,2026-02-09T06:00:00Z/2026-02-09T07:00:00Z,112233445566,2026-02-01T00:00:00Z,2026-03-01T00:00:00Z,AWS,112233445566,Usage,2026-02-09T06:00:00Z,2026-02-09T07:00:00Z,AmazonEC2,USEA-BoxUsage:t3.small,RunInstances,us-east-1a,i-0a62189e1486c421f,1.0,1.0,1.0,0.0208,0.0208,0.020265,0.020272,Hrs,0.0208,0.0208,Amazon Elastic Compute Cloud,t3.small,2,2 GiB,Linux,us-east-1,AmazonEC2,13.59,22.02,23.74,153,2026-02-04T04:27:09Z,platform,staging,CC100,,,,,,,,,,,,,
05a8903dba124aef863538ce3a3930c1,2026-02-09T15:00:00Z/2026-02-09T16:00:00Z,112233445566,2026-02-01T00:00:00Z,2026-03-01T00:00:00Z,AWS,112233445566,Usage,2026-02-09T15:00:00Z,2026-02-09T16:00:00Z,AmazonEC2,USEA-BoxUsage:t3.small,RunInstances,us-east-1a,i-0a62189e1486c421f,1.0,1.0,1.0,0.0208,0.0208,0.020855,0.020314,Hrs,0.0208,0.0208,Amazon Elastic Compute Cloud,t3.small,2,2 GiB,Linux,us-east-1,AmazonEC2,15.81,18.13,23.04,107,2026-02-01T21:31:06Z,platform,staging,CC100,,,,,,,,,,,,,
6e50600c771d4669a4c279b8ba88c8a8,2026-02-10T00:00:00Z/2026-02-10T01:00:00Z,112233445566,2026-02-01T00:00:00Z,2026-03-01T00:00:00Z,AWS,112233445566,Usage,2026-02-10T00:00:00Z,2026-02-10T01:00:00Z,AmazonEC2,USEA-BoxUsage:t3.small,RunInstances,us-east-1a,i-0a62189e1486c421f,1.0,1.0,1.0,0.0208,0.0208,0.020736,0.021638,Hrs,0.0208,0.0208,Amazon Elastic Compute Cloud,t3.small,2,2 GiB,Linux,us-east-1,AmazonEC2,16.21,25.46,14.71,113,2026-02-01T14:49:44Z,platform,staging,CC100,,,,,,,,,,,,,
cbd1ca98214245ceb0a2c4b8df819a03,2026-02-10T09:00:00Z/2026-02-10T10:00:00Z,112233445566,2026-02-01T00:00:00Z,2026-03-01T00:00:00Z,AWS,112233445566,Usage,2026-02-10T09:00:00Z,2026-02-10T10:00:00Z,AmazonEC2,USEA-BoxUsage:t3.small,RunInstances,us-east-1a,i-0a62189e1486c421f,1.0,1.0,1.0,0.0208,0.0208,0.021398,0.021727,Hrs,0.0208,0.0208,Amazon Elastic Compute Cloud,t3.small,2,2 GiB,Linux,us-east-1,AmazonEC2,13.09,12.02,17.26,200,2026-01-31T19:28:05Z,platform,staging,CC100,,,,,,,,,,,,,
cd1dc77dec8746bab4e17cdd21ef15da,2026-02-10T18:00:00Z/2026-02-10T19:00:00Z,112233445566,2026-02-01T00:00:00Z,2026-03-01T00:00:00Z,AWS,112233445566,Usage,2026-02-10T18:00:00Z,2026-02-10T19:00:00Z,AmazonEC2,USEA-BoxUsage:t3.small,RunInstances,us-east-1a,i-0a62189e1486c421f,1.0,1.0,1.0,0.0208,0.0208,0.02036,0.021427,Hrs,0.0208,0.0208,Amazon Elastic Compute Cloud,t3.small,2,2 GiB,Linux,us-east-1,AmazonEC2,8.01,20.35,17.65,127,2026-02-03T10:06:29Z,platform,staging,CC100,,,,,,,,,,,,,
2e6a9c353bb84b7fb119f3f1e61255f6,2026-02-11T03:00:00Z/2026-02-11T04:00:00Z,112233445566,2026-02-01T00:00:00Z,2026-03-01T00:00:00Z,AWS,112233445566,Usage,2026-02-11T03:00:00Z,2026-02-11T04:00:00Z,AmazonEC2,USEA-BoxUsage:t3.small,RunInstances,us-east-1a,i-0a62189e1486c421f,1.0,1.0,1.0,0.0208,0.0208,0.019786,0.019804,Hrs,0.0208,0.0208,Amazon Elastic Compute Cloud,t3.small,2,2 GiB,Linux,us-east-1,AmazonEC2,18.11,19.11,18.4,154,2026-02-01T21:28:21Z,platform,staging,CC100,,,,,,,,,,,,,
e329431de28b4b3481afb5114644e287,2026-02-11T12:00:00Z/2026-02-11T13:00:00Z,112233445566,2026-02-01T00:00:00Z,2026-03-01T00:00:00Z,AWS,112233445566,Usage,2026-02-11T12:00:00Z,2026-02-11T13:00:00Z,AmazonEC2,USEA-BoxUsage:t3.small,RunInstances,us-east-1a,i-0a62189e1486c421f,1.0,1.0,1.0,0.0208,0.0208,0.021049,0.021709,Hrs,0.0208,0.0208,Amazon Elastic Compute Cloud,t3.small,2,2 GiB,Linux,us-east-1,AmazonEC2,18.82,15.01,11.77,166,2026-02-04T09:00:03Z,platform,staging,CC100,,,,,,,,,,,,,
3c77dc0f86aa4126a291afb0d5b336a3,2026-02-11T21:00:00Z/2026-02-11T22:00:00Z,112233445566,2026-02-01T00:00:00Z,2026-03-01T00:00:00Z,AWS,112233445566,Usage,2026-02-11T21:00:00Z,2026-02-11T22:00:00Z,AmazonEC2,USEA-BoxUsage:t3.small,RunInstances,us-east-1a,i-0a62189e1486c421f,1.0,1.0,1.0,0.0208,0.0208,0.021687,0.020941,Hrs,0.0208,0.0208,Amazon Elastic Compute Cloud,t3.small,2,2 GiB,Linux,us-east-1,AmazonEC2,15.62,15.0,9.13,122,2026-02-05T16:47:53Z,platform,staging,CC100,,,,,,,,,,,,,
32c66feb66694aecb95f7aaab51b9c1c,2026-02-12T06:00:00Z/2026-02-12T07:00:00Z,112233445566,2026-02-01T00:00:00Z,2026-03-01T00:00:00Z,AWS,112233445566,Usage,2026-02-12T06:00:00Z,2026-02-12T07:00:00Z,AmazonEC2,USEA-BoxUsage:t3.small,RunInstances,us-east-1a,i-0a62189e1486c421f,1.0,1.0,1.0,0.0208,0.0208,0.020879,0.021503,Hrs,0.0208,0.0208,Amazon Elastic Compute Cloud,t3.small,2,2 GiB,Linux,us-east-1,AmazonEC2,14.17,12.46,23.76,89,2026-01-30T19:14:45Z,platform,staging,CC100,,,,,,,,,,,,,
5d0994e350c74def9a5a3d9283dd07a7,2026-02-12T15:00:00Z/2026-02-12T16:00:00Z,112233445566,2026-02-01T00:00:00Z,2026-03-01T00:00:00Z,AWS,112233445566,Usage,2026-02-12T15:00:00Z,2026-02-12T16:00:00Z,AmazonEC2,USEA-BoxUsage:t3.small,RunInstances,us-east-1a,i-0a62189e1486c421f,1.0,1.0,1.0,0.0208,0.0208,0.021699,0.020583,Hrs,0.0208,0.0208,Amazon Elastic Compute Cloud,t3.small,2,2 GiB,Linux,us-east-1,AmazonEC2,8.75,21.44,13.12,153,2026-02-03T15:49:08Z,platform,staging,CC100,,,,,,,,,,,,,
2d56d6994d934e2d858bbc2a8b5e5664,2026-02-13T00:00:00Z/2026-02-13T01:00:00Z,112233445566,2026-02-01T00:00:00Z,2026-03-01T00:00:00Z,AWS,112233445566,Usage,2026-02-13T00:00:00Z,2026-02-13T01:00:00Z,AmazonEC2,USEA-BoxUsage:t3.small,RunInstances,us-east-1a,i-0a62189e1486c421f,1.0,1.0,1.0,0.0208,0.0208,0.021462,0.021356,Hrs,0.0208,0.0208,Amazon Elastic Compute Cloud,t3.small,2,2 GiB,Linux,us-east-1,AmazonEC2,14.49,21.27,10.09,126,2026-01-31T21:40:29Z,platform,staging,CC100,,,,,,,,,,,,,
3eaadf78cb124ea6a127a1f875114a34,2026-02-13T09:00:00Z/2026-02-13T10:00:00Z,112233445566,2026-02-01T00:00:00Z,2026-03-01T00:00:00Z,AWS,112233445566,Usage,2026-02-13T09:00:00Z,2026-02-13T10:00:00Z,AmazonEC2,USEA-BoxUsage:t3.small,RunInstances,us-east-1a,i-0a62189e1486c421f,1.0,1.0,1.0,0.0208,0.0208,0.021628,0.020405,Hrs,0.0208,0.0208,Amazon Elastic Compute Cloud,t3.small,2,2 GiB,Linux,us-east-1,AmazonEC2,8.28,12.74,14.37,190,2026-02-06T12:00:54Z,platform,staging,CC100,,,,,,,,,,,,,
63a336abf31649639c8eb91399cf60c8,2026-02-13T18:00:00Z/2026-02-13T19:00:00Z,112233445566,2026-02-01T00:00:00Z,2026-03-01T00:00:00Z,AWS,112233445566,Usage,2026-02-13T18:00:00Z,2026-02-13T19:00:00Z,AmazonEC2,USEA-BoxUsage:t3.small,RunInstances,us-east-1a,i-0a62189e1486c421f,1.0,1.0,1.0,0.0208,0.0208,0.02147,0.020133,Hrs,0.0208,0.0208,Amazon Elastic Compute Cloud,t3.small,2,2 GiB,Linux,us-east-1,AmazonEC2,14.47,20.27,18.56,120,2026-02-04T01:51:31Z,platform,staging,CC100,,,,,,,,,,,,,
5b36b62963884c4e81c998b655ad02b7,2026-02-14T03:00:00Z/2026-02-14T04:00:00Z,112233445566,2026-02-01T00:00:00Z,2026-03-01T00:00:00Z,AWS,112233445566,Usage,2026-02-14T03:00:00Z,2026-02-14T04:00:00Z,AmazonEC2,USEA-BoxUsage:t3.small,RunInstances,us-east-1a,i-0a62189e1486c421f,1.0,1.0,1.0,0.0208,0.0208,0.020726,0.021323,Hrs,0.0208,0.0208,Amazon Elastic Compute Cloud,t3.small,2,2 GiB,Linux,us-east-1,AmazonEC2,15.11,18.19,20.51,158,2026-02-04T03:40:49Z,platform,staging,CC100,,,,,,,,,,,,,
d09a69576efa4b8e87510927d91197e0,2026-02-14T12:00:00Z/2026-02-14T13:00:00Z,112233445566,2026-02-01T00:00:00Z,2026-03-01T00:00:00Z,AWS,112233445566,Usage,2026-02-14T12:00:00Z,2026-02-14T13:00:00Z,AmazonEC2,USEA-BoxUsage:t3.small,RunInstances,us-east-1a,i-0a62189e1486c421f,1.0,1.0,1.0,0.0208,0.0208,0.020822,0.020858,Hrs,0.0208,0.0208,Amazon Elastic Compute Cloud,t3.small,2,2 GiB,Linux,us-east-1,AmazonEC2,8.56,13.48,13.09,183,2026-02-02T04:52:09Z,platform,staging,CC100,,,,,,,,,,,,,
02ef98200ad64e1eabaefd158d9ae1ba,2026-02-14T21:00:00Z/2026-02-14T22:00:00Z,112233445566,2026-02-01T00:00:00Z,2026-03-01T00:00:00Z,AWS,112233445566,Usage,2026-02-14T21:00:00Z,2026-02-14T22:00:00Z,AmazonEC2,USEA-BoxUsage:t3.small,RunInstances,us-east-1a,i-0a62189e1486c421f,1.0,1.0,1.0,0.0208,0.0208,0.02161,0.021454,Hrs,0.0208,0.0208,Amazon Elastic Compute Cloud,t3.small,2,2 GiB,Linux,us-east-1,AmazonEC2,12.34,24.34,21.74,148,2026-02-05T08:36:50Z,platform,staging,CC100,,,,,,,,,,,,,
8bffcdbcb979476a9c53e29198656f46,2026-02-15T06:00:00Z/2026-02-15T07:00:00Z,112233445566,2026-02-01T00:00:00Z,2026-03-01T00:00:00Z,AWS,112233445566,Usage,2026-02-15T06:00:00Z,2026-02-15T07:00:00Z,AmazonEC2,USEA-BoxUsage:t3.small,RunInstances,us-east-1a,i-0a62189e1486c421f,1.0,1.0,1.0,0.0208,0.0208,0.019805,0.020862,Hrs,0.0208,0.0208,Amazon Elastic Compute Cloud,t3.small,2,2 GiB,Linux,us-east-1,AmazonEC2,15.19,22.05,17.52,104,2026-02-11T15:03:34Z,platform,staging,CC100,,,,,,,,,,,,,
8782bafc02cb421b82da59166925b1a0,2026-02-15T15:00:00Z/2026-02-15T16:00:00Z,112233445566,2026-02-01T00:00:00Z,2026-03-01T00:00:00Z,AWS,112233445566,Usage,2026-02-15T15:00:00Z,2026-02-15T16:00:00Z,AmazonEC2,USEA-BoxUsage:t3.small,RunInstances,us-east-1a,i-0a62189e1486c421f,1.0,1.0,1.0,0.0208,0.0208,0.0209,0.020678,Hrs,0.0208,0.0208,Amazon Elastic Compute Cloud,t3.small,2,2 GiB,Linux,us-east-1,AmazonEC2,17.29,22.28,9.82,198,2026-02-07T08:20:28Z,platform,staging,CC100,,,,,,,,,,,,,
a9d029447de548f697db513a8754d245,2026-02-16T00:00:00Z/2026-02-16T01:00:00Z,112233445566,2026-02-01T00:00:00Z,2026-03-01T00:00:00Z,AWS,112233445566,Usage,2026-02-16T00:00:00Z,2026-02-16T01:00:00Z,AmazonEC2,USEA-BoxUsage:t3.small,RunInstances,us-east-1a,i-0a62189e1486c421f,1.0,1.0,1.0,0.0208,0.0208,0.01998,0.021061,Hrs,0.0208,0.0208,Amazon Elastic Compute Cloud,t3.small,2,2 GiB,Linux,us-east-1,AmazonEC2,16.73,12.66,20.62,133,2026-02-09T12:06:25Z,platform,staging,CC100,,,,,,,,,,,,,
d4899275d3c845feac51680e9fd7f717,2026-02-16T09:00:00Z/2026-02-16T10:00:00Z,112233445566,2026-02-01T00:00:00Z,2026-03-01T00:00:00Z,AWS,112233445566,Usage,2026-02-16T09:00:00Z,2026-02-16T10:00:00Z,AmazonEC2,USEA-BoxUsage:t3.small,RunInstances,us-east-1a,i-0a62189e1486c421f,1.0,1.0,1.0,0.0208,0.0208,0.020632,0.020615,Hrs,0.0208,0.0208,Amazon Elastic Compute Cloud,t3.small,2,2 GiB,Linux,us-east-1,AmazonEC2,19.98,27.23,11.38,91,2026-02-08T00:45:15Z,platform,staging,CC100,,,,,,,,,,,,,
e416d45a37734e149eca5565d03ecae5,2026-02-16T18:00:00Z/2026-02-16T19:00:00Z,112233445566,2026-02-01T00:00:00Z,2026-03-01T00:00:00Z,AWS,112233445566,Usage,2026-02-16T18:00:00Z,2026-02-16T19:00:00Z,AmazonEC2,USEA-BoxUsage:t3.small,RunInstances,us-east-1a,i-0a62189e1486c421f,1.0,1.0,1.0,0.0208,0.0208,0.02126,0.021588,Hrs,0.0208,0.0208,Amazon Elastic Compute Cloud,t3.small,2,2 GiB,Linux,us-east-1,AmazonEC2,10.31,15.73,21.88,89,2026-02-08T17:20:38Z,platform,staging,CC100,,,,,,,,,,,,,
1515e40eb7ed4634ae667828b3342c53,2026-02-17T03:00:00Z/2026-02-17T04:00:00Z,112233445566,2026-02-01T00:00:00Z,2026-03-01T00:00:00Z,AWS,112233445566,Usage,2026-02-17T03:00:00Z,2026-02-17T04:00:00Z,AmazonEC2,USEA-BoxUsage:t3.small,RunInstances,us-east-1a,i-0a62189e1486c421f,1.0,1.0,1.0,0.0208,0.0208,0.021498,0.021548,Hrs,0.0208,0.0208,Amazon Elastic Compute Cloud,t3.small,2,2 GiB,Linux,us-east-1,AmazonEC2,14.14,21.71,23.66,124,2026-02-12T06:34:56Z,platform,staging,CC100,,,,,,,,,,,,,
54046cefff254997a49f30f64c19c986,2026-02-17T12:00:00Z/2026-02-17T13:00:00Z,112233445566,2026-02-01T00:00:00Z,2026-03-01T00:00:00Z,AWS,112233445566,Usage,2026-02-17T12:00:00Z,2026-02-17T13:00:00Z,AmazonEC2,USEA-BoxUsage:t3.small,RunInstances,us-east-1a,i-0a62189e1486c421f,1.0,1.0,1.0,0.0208,0.0208,0.019966,0.019889,Hrs,0.0208,0.0208,Amazon Elastic Compute Cloud,t3.small,2,2 GiB,Linux,us-east-1,AmazonEC2,15.61,16.43,18.39,217,2026-02-05T18:45:47Z,platform,staging,CC100,,,,,,,,,,,,,
f92b4d7d3cb649aaa0f55dcfb79a1c6c,2026-02-17T21:00:00Z/2026-02-17T22:00:00Z,112233445566,2026-02-01T00:00:00Z,2026-03-01T00:00:00Z,AWS,112233445566,Usage,2026-02-17T21:00:00Z,2026-02-17T22:00:00Z,AmazonEC2,USEA-BoxUsage:t3.small,RunInstances,us-east-1a,i-0a62189e1486c421f,1.0,1.0,1.0,0.0208,0.0208,0.020884,0.0213,Hrs,0.0208,0.0208,Amazon Elastic Compute Cloud,t3.small,2,2 GiB,Linux,us-east-1,AmazonEC2,11.34,13.74,14.53,189,2026-02-12T20:00:35Z,platform,staging,CC100,,,,,,,,,,,,,
54a8535d8a4b4190af826dd1bfd30f87,2026-02-18T06:00:00Z/2026-02-18T07:00:00Z,112233445566,2026-02-01T00:00:00Z,2026-03-01T00:00:00Z,AWS,112233445566,Usage,2026-02-18T06:00:00Z,2026-02-18T07:00:00Z,AmazonEC2,USEA-BoxUsage:t3.small,RunInstances,us-east-1a,i-0a62189e1486c421f,1.0,1.0,1.0,0.0208,0.0208,0.020057,0.020396,Hrs,0.0208,0.0208,Amazon Elastic Compute Cloud,t3.small,2,2 GiB,Linux,us-east-1,AmazonEC2,15.29,13.63,17.38,148,2026-02-14T05:45:08Z,platform,staging,CC100,,,,,,,,,,,,,
6995ede66be546809c64433e38dae24e,2026-02-18T15:00:00Z/2026-02-18T16:00:00Z,112233445566,2026-02-01T00:00:00Z,2026-03-01T00:00:00Z,AWS,112233445566,Usage,2026-02-18T15:00:00Z,2026-02-18T16:00:00Z,AmazonEC2,USEA-BoxUsage:t3.small,RunInstances,us-east-1a,i-0a62189e1486c421f,1.0,1.0,1.0,0.0208,0.0208,0.020865,0.02088,Hrs,0.0208,0.0208,Amazon Elastic Compute Cloud,t3.small,2,2 GiB,Linux,us-east-1,AmazonEC2,8.68,17.64,23.76,165,2026-02-06T11:44:09Z,platform,staging,CC100,,,,,,,,,,,,,
2d8f250d4b7e4978bea5a13605988aab,2026-02-19T00:00:00Z/2026-02-19T01:00:00Z,112233445566,2026-02-01T00:00:00Z,2026-03-01T00:00:00Z,AWS,112233445566,Usage,2026-02-19T00:00:00Z,2026-02-19T01:00:00Z,AmazonEC2,USEA-BoxUsage:t3.small,RunInstances,us-east-1a,i-0a62189e1486c421f,1.0,1.0,1.0,0.0208,0.0208,0.020738,0.021798,Hrs,0.0208,0.0208,Amazon Elastic Compute Cloud,t3.small,2,2 GiB,Linux,us-east-1,AmazonEC2,15.69,19.04,12.75,212,2026-02-12T17:07:49Z,platform,staging,CC100,,,,,,,,,,,,,
210baadef81e4aa79720a3321eb18cb1,2026-02-19T09:00:00Z/2026-02-19T10:00:00Z,112233445566,2026-02-01T00:00:00Z,2026-03-01T00:00:00Z,AWS,112233445566,Usage,2026-02-19T09:00:00Z,2026-02-19T10:00:00Z,AmazonEC2,USEA-BoxUsage:t3.small,RunInstances,us-east-1a,i-0a62189e1486c421f,1.0,1.0,1.0,0.0208,0.0208,0.021467,0.020664,Hrs,0.0208,0.0208,Amazon Elastic Compute Cloud,t3.small,2,2 GiB,Linux,us-east-1,AmazonEC2,11.89,19.72,14.73,117,2026-02-08T09:58:24Z,platform,staging,CC100,,,,,,,,,,,,,
49d77a3935ac40688cc54f5053156cdd,2026-02-19T18:00:00Z/2026-02-19T19:00:00Z,112233445566,2026-02-01T00:00:00Z,2026-03-01T00:00:00Z,AWS,112233445566,Usage,2026-02-19T18:00:00Z,2026-02-19T19:00:00Z,AmazonEC2,USEA-BoxUsage:t3.small,RunInstances,us-east-1a,i-0a62189e1486c421f,1.0,1.0,1.0,0.0208,0.0208,0.020266,0.019925,Hrs,0.0208,0.0208,Amazon Elastic Compute Cloud,t3.small,2,2 GiB,Linux,us-east-1,AmazonEC2,19.2,26.86,17.21,150,2026-02-07T20:24:34Z,platform,staging,CC100,,,,,,,,,,,,,
a9e27a4475ab40f6898b09575755b4d6,2026-02-20T03:00:00Z/2026-02-20T04:00:00Z,112233445566,2026-02-01T00:00:00Z,2026-03-01T00:00:00Z,AWS,112233445566,Usage,2026-02-20T03:00:00Z,2026-02-20T04:00:00Z,AmazonEC2,USEA-BoxUsage:t3.small,RunInstances,us-east-1a,i-0a62189e1486c421f,1.0,1.0,1.0,0.0208,0.0208,0.020372,0.020404,Hrs,0.0208,0.0208,Amazon Elastic Compute Cloud,t3.small,2,2 GiB,Linux,us-east-1,AmazonEC2,15.47,21.64,19.92,214,2026-02-14T06:53:55Z,platform,staging,CC100,,,,,,,,,,,,,
42a74cd1037447d58cc670c79e59969b,2026-02-20T12:00:00Z/2026-02-20T13:00:00Z,112233445566,2026-02-01T00:00:00Z,2026-03-01T00:00:00Z,AWS,112233445566,Usage,2026-02-20T12:00:00Z,2026-02-20T13:00:00Z,AmazonEC2,USEA-BoxUsage:t3.small,RunInstances,us-east-1a,i-0a62189e1486c421f,1.0,1.0,1.0,0.0208,0.0208,0.020491,0.019915,Hrs,0.0208,0.0208,Amazon Elastic Compute Cloud,t3.small,2,2 GiB,Linux,us-east-1,AmazonEC2,13.9,15.94,19.93,160,2026-02-13T22:08:17Z,platform,staging,CC100,,,,,,,,,,,,,
56ca598f377c400194b7c79b8cecdacb,2026-02-20T21:00:00Z/2026-02-20T22:00:00Z,112233445566,2026-02-01T00:00:00Z,2026-03-01T00:00:00Z,AWS,112233445566,Usage,2026-02-20T21:00:00Z,2026-02-20T22:00:00Z,AmazonEC2,USEA-BoxUsage:t3.small,RunInstances,us-east-1a,i-0a62189e1486c421f,1.0,1.0,1.0,0.0208,0.0208,0.020386,0.020322,Hrs,0.0208,0.0208,Amazon Elastic Compute Cloud,t3.small,2,2 GiB,Linux,us-east-1,AmazonEC2,15.97,23.66,19.39,104,2026-02-10T06:43:02Z,platform,staging,CC100,,,,,,,,,,,,,
4b4de846911145248d966deccb916ed8,2026-02-21T06:00:00Z/2026-02-21T07:00:00Z,112233445566,2026-02-01T00:00:00Z,2026-03-01T00:00:00Z,AWS,112233445566,Usage,2026-02-21T06:00:00Z,2026-02-21T07:00:00Z,AmazonEC2,USEA-BoxUsage:t3.small,RunInstances,us-east-1a,i-0a62189e1486c421f,1.0,1.0,1.0,0.0208,0.0208,0.021659,0.021838,Hrs,0.0208,0.0208,Amazon Elastic Compute Cloud,t3.small,2,2 GiB,Linux,us-east-1,AmazonEC2,12.43,19.39,13.33,219,2026-02-10T06:00:58Z,platform,staging,CC100,,,,,,,,,,,,,
0beda61eeefd4a8a91d0db911eaed393,2026-02-21T15:00:00Z/2026-02-21T16:00:00Z,112233445566,2026-02-01T00:00:00Z,2026-03-01T00:00:00Z,AWS,112233445566,Usage,2026-02-21T15:00:00Z,2026-02-21T16:00:00Z,AmazonEC2,USEA-BoxUsage:t3.small,RunInstances,us-east-1a,i-0a62189e1486c421f,1.0,1.0,1.0,0.0208,0.0208,0.020659,0.019987,Hrs,0.0208,0.0208,Amazon Elastic Compute Cloud,t3.small,2,2 GiB,Linux,us-east-1,AmazonEC2,10.92,25.55,12.92,88,2026-02-11T12:37:31Z,platform,staging,CC100,,,,,,,,,,,,,
89135c8e3dff469f9e2554588564d38d,2026-02-22T00:00:00Z/2026-02-22T01:00:00Z,112233445566,2026-02-01T00:00:00Z,2026-03-01T00:00:00Z,AWS,112233445566,Usage,2026-02-22T00:00:00Z,2026-02-22T01:00:00Z,AmazonEC2,USEA-BoxUsage:t3.small,RunInstances,us-east-1a,i-0a62189e1486c421f,1.0,1.0,1.0,0.0208,0.0208,0.020096,0.020584,Hrs,0.0208,0.0208,Amazon Elastic Compute Cloud,t3.small,2,2 GiB,Linux,us-east-1,AmazonEC2,10.02,27.55,22.02,138,2026-02-09T15:04:21Z,platform,staging,CC100,,,,,,,,,,,,,
0e26c53ca8b241febc2c3faa9be59708,2026-02-22T09:00:00Z/2026-02-22T10:00:00Z,112233445566,2026-02-01T00:00:00Z,2026-03-01T00:00:00Z,AWS,112233445566,Usage,2026-02-22T09:00:00Z,2026-02-22T10:00:00Z,AmazonEC2,USEA-BoxUsage:t3.small,RunInstances,us-east-1a,i-0a62189e1486c421f,1.0,1.0,1.0,0.0208,0.0208,0.019846,0.020843,Hrs,0.0208,0.0208,Amazon Elastic Compute Cloud,t3.small,2,2 GiB,Linux,us-east-1,AmazonEC2,15.46,25.59,15.27,212,2026-02-13T18:13:44Z,platform,staging,CC100,,,,,,,,,,,,,
91bdd8c3cdcc46e5a48de94a9b2d614a,2026-02-22T18:00:00Z/2026-02-22T19:00:00Z,112233445566,2026-02-01T00:00:00Z,2026-03-01T00:00:00Z,AWS,112233445566,Usage,2026-02-22T18:00:00Z,2026-02-22T19:00:00Z,AmazonEC2,USEA-BoxUsage:t3.small,RunInstances,us-east-1a,i-0a62189e1486c421f,1.0,1.0,1.0,0.0208,0.0208,0.021391,0.020879,Hrs,0.0208,0.0208,Amazon Elastic Compute Cloud,t3.small,2,2 GiB,Linux,us-east-1,AmazonEC2,14.64,13.16,21.74,87,2026-02-19T13:21:44Z,platform,staging,CC100,,,,,,,,,,,,,
e68f542587a54ec0b98158682103c1d3,2026-02-23T03:00:00Z/2026-02-23T04:00:00Z,112233445566,2026-02-01T00:00:00Z,2026-03-01T00:00:00Z,AWS,112233445566,Usage,2026-02-23T03:00:00Z,2026-02-23T04:00:00Z,AmazonEC2,USEA-BoxUsage:t3.small,RunInstances,us-east-1a,i-0a62189e1486c421f,1.0,1.0,1.0,0.0208,0.0208,0.020342,0.021655,Hrs,0.0208,0.0208,Amazon Elastic Compute Cloud,t3.small,2,2 GiB,Linux,us-east-1,AmazonEC2,18.93,20.49,16.11,184,2026-02-17T00:09:32Z,platform,staging,CC100,,,,,,,,,,,,,
ae114f97f3f2416fa550fd414cfbfd8d,2026-02-23T12:00:00Z/2026-02-23T13:00:00Z,112233445566,2026-02-01T00:00:00Z,2026-03-01T00:00:00Z,AWS,112233445566,Usage,2026-02-23T12:00:00Z,2026-02-23T13:00:00Z,AmazonEC2,USEA-BoxUsage:t3.small,RunInstances,us-east-1a,i-0a62189e1486c421f,1.0,1.0,1.0,0.0208,0.0208,0.020257,0.021556,Hrs,0.0208,0.0208,Amazon Elastic Compute Cloud,t3.small,2,2 GiB,Linux,us-east-1,AmazonEC2,18.86,20.47,14.75,140,2026-02-16T02:20:57Z,platform,staging,CC100,,,,,,,,,,,,,
331bea0908c34cf69c1ad633edebe878,2026-02-23T21:00:00Z/2026-02-23T22:00:00Z,112233445566,2026-02-01T00:00:00Z,2026-03-01T00:00:00Z,AWS,112233445566,Usage,2026-02-23T21:00:00Z,2026-02-23T22:00:00Z,AmazonEC2,USEA-BoxUsage:t3.small,RunInstances,us-east-1a,i-0a62189e1486c421f,1.0,1.0,1.0,0.0208,0.0208,0.020364,0.020151,Hrs,0.0208,0.0208,Amazon Elastic Compute Cloud,t3.small,2,2 GiB,Linux,us-east-1,AmazonEC2,14.69,17.72,13.92,163,2026-02-19T00:46:34Z,platform,staging,CC100,,,,,,,,,,,,,
22c79feb7a984cecbc57c379dae19b06,2026-02-24T06:00:00Z/2026-02-24T07:00:00Z,112233445566,2026-02-01T00:00:00Z,2026-03-01T00:00:00Z,AWS,112233445566,Usage,2026-02-24T06:00:00Z,2026-02-24T07:00:00Z,AmazonEC2,USEA-BoxUsage:t3.small,RunInstances,us-east-1a,i-0a62189e1486c421f,1.0,1.0,1.0,0.0208,0.0208,0.020188,0.019912,Hrs,0.0208,0.0208,Amazon Elastic Compute Cloud,t3.small,2,2 GiB,Linux,us-east-1,AmazonEC2,8.57,23.28,12.03,178,2026-02-14T10:38:24Z,platform,staging,CC100,,,,,,,,,,,,,
e8b3bf3559bb4b72ae6d206e1f139ff2,2026-02-24T15:00:00Z/2026-02-24T16:00:00Z,112233445566,2026-02-01T00:00:00Z,2026-03-01T00:00:00Z,AWS,112233445566,Usage,2026-02-24T15:00:00Z,2026-02-24T16:00:00Z,AmazonEC2,USEA-BoxUsage:t3.small,RunInstances,us-east-1a,i-0a62189e1486c421f,1.0,1.0,1.0,0.0208,0.0208,0.02035,0.021691,Hrs,0.0208,0.0208,Amazon Elastic Compute Cloud,t3.small,2,2 GiB,Linux,us-east-1,AmazonEC2,11.47,26.96,9.39,95,2026-02-16T05:16:25Z,platform,staging,CC100,,,,,,,,,,,,,
f207d49cfed443a1884d41d1486df2ba,2026-02-25T09:00:00Z/2026-02-25T10:00:00Z,112233445566,2026-02-01T00:00:00Z,2026-03-01T00:00:00Z,AWS,112233445566,Usage,2026-02-25T09:00:00Z,2026-02-25T10:00:00Z,AmazonEC2,USEA-BoxUsage:t3.small,RunInstances,us-east-1a,i-0a62189e1486c421f,1.0,1.0,1.0,0.0208,0.0208,0.02158,0.020384,Hrs,0.0208,0.0208,Amazon Elastic Compute Cloud,t3.small,2,2 GiB,Linux,us-east-1,AmazonEC2,16.92,22.43,17.62,117,2026-02-21T13:20:07Z,platform,staging,CC100,,,,,,,,,,,,,
97214f03b24649658282f729d961f05b,2026-02-25T18:00:00Z/2026-02-25T19:00:00Z,112233445566,2026-02-01T00:00:00Z,2026-03-01T00:00:00Z,AWS,112233445566,Usage,2026-02-25T18:00:00Z,2026-02-25T19:00:00Z,AmazonEC2,USEA-BoxUsage:t3.small,RunInstances,us-east-1a,i-0a62189e1486c421f,1.0,1.0,1.0,0.0208,0.0208,0.020103,0.02158,Hrs,0.0208,0.0208,Amazon Elastic Compute Cloud,t3.small,2,2 GiB,Linux,us-east-1,AmazonEC2,19.05,12.23,19.43,203,2026-02-17T04:33:12Z,platform,staging,CC100,,,,,,,,,,,,,
07ac532bb2d5447dbfa5817ed03c202c,2026-02-26T12:00:00Z/2026-02-26T13:00:00Z,112233445566,2026-02-01T00:00:00Z,2026-03-01T00:00:00Z,AWS,112233445566,Usage,2026-02-26T12:00:00Z,2026-02-26T13:00:00Z,AmazonEC2,USEA-BoxUsage:t3.small,RunInstances,us-east-1a,i-0a62189e1486c421f,1.0,1.0,1.0,0.0208,0.0208,0.020255,0.020852,Hrs,0.0208,0.0208,Amazon Elastic Compute Cloud,t3.small,2,2 GiB,Linux,us-east-1,AmazonEC2,16.58,16.04,10.02,89,2026-02-20T00:14:35Z,platform,staging,CC100,,,,,,,,,,,,,
6de5771ffb6149c5b2c6f3741a3db9af,2026-02-26T21:00:00Z/2026-02-26T22:00:00Z,112233445566,2026-02-01T00:00:00Z,2026-03-01T00:00:00Z,AWS,112233445566,Usage,2026-02-26T21:00:00Z,2026-02-26T22:00:00Z,AmazonEC2,USEA-BoxUsage:t3.small,RunInstances,us-east-1a,i-0a62189e1486c421f,1.0,1.0,1.0,0.0208,0.0208,0.021558,0.021711,Hrs,0.0208,0.0208,Amazon Elastic Compute Cloud,t3.small,2,2 GiB,Linux,us-east-1,AmazonEC2,14.27,18.62,14.82,134,2026-02-15T00:01:28Z,platform,staging,CC100,,,,,,,,,,,,,
878e36bfd8c244f68dc399b229ea2ba6,2026-02-27T06:00:00Z/2026-02-27T07:00:00Z,112233445566,2026-02-01T00:00:00Z,2026-03-01T00:00:00Z,AWS,112233445566,Usage,2026-02-27T06:00:00Z,2026-02-27T07:00:00Z,AmazonEC2,USEA-BoxUsage:t3.small,RunInstances,us-east-1a,i-0a62189e1486c421f,1.0,1.0,1.0,0.0208,0.0208,0.020155,0.020199,Hrs,0.0208,0.0208,Amazon Elastic Compute Cloud,t3.small,2,2 GiB,Linux,us-east-1,AmazonEC2,19.12,24.75,16.54,104,2026-02-23T14:53:21Z,platform,staging,CC100,,,,,,,,,,,,,
01607eb7fac647abbe2ce4faa63c25db,2026-02-27T15:00:00Z/2026-02-27T16:00:00Z,112233445566,2026-02-01T00:00:00Z,2026-03-01T00:00:00Z,AWS,112233445566,Usage,2026-02-27T15:00:00Z,2026-02-27T16:00:00Z,AmazonEC2,USEA-BoxUsage:t3.small,RunInstances,us-east-1a,i-0a62189e1486c421f,1.0,1.0,1.0,0.0208,0.0208,0.02139,0.020829,Hrs,0.0208,0.0208,Amazon Elastic Compute Cloud,t3.small,2,2 GiB,Linux,us-east-1,AmazonEC2,19.11,16.48,17.46,213,2026-02-19T20:05:06Z,platform,staging,CC100,,,,,,,,,,,,,
580ece87c61a427eb831df393845aa39,2026-02-01T00:00:00Z/2026-02-01T01:00:00Z,112233445566,2026-02-01T00:00:00Z,2026-03-01T00:00:00Z,AWS,334455667788,SavingsPlanCoveredUsage,2026-02-01T00:00:00Z,2026-02-01T01:00:00Z,AmazonEC2,USEA-BoxUsage:t3.micro,RunInstances,us-east-1b,i-0ca58f3cc60ce4d71,1.0,0.5,0.5,0.0104,0.0104,0.007101,0.007101,Hrs,0.0104,0.0104,Amazon Elastic Compute Cloud,t3.micro,2,1 GiB,Linux,us-east-1,AmazonEC2,4.64,5.0,7.49,497,2026-01-03T16:19:28Z,,,,,,,,,,,arn:aws:savingsplans::334455667788:savingsplan/2c282100-49d4-4d15-8399-6f58e67345ca,0.007101,0.007101,0.007101,,
7f392d62c7ac42e0b56179f4cc5eb2c7,2026-02-01T09:00:00Z/2026-02-01T10:00:00Z,112233445566,2026-02-01T00:00:00Z,2026-03-01T00:00:00Z,AWS,334455667788,SavingsPlanCoveredUsage,2026-02-01T09:00:00Z,2026-02-01T10:00:00Z,AmazonEC2,USEA-BoxUsage:t3.micro,RunInstances,us-east-1b,i-0ca58f3cc60ce4d71,1.0,0.5,0.5,0.0104,0.0104,0.007514,0.007514,Hrs,0.0104,0.0104,Amazon Elastic Compute Cloud,t3.micro,2,1 GiB,Linux,us-east-1,AmazonEC2,2.65,9.23,3.82,478,2026-01-15T03:18:36Z,,,,,,,,,,,arn:aws:savingsplans::334455667788:savingsplan/2c282100-49d4-4d15-8399-6f58e67345ca,0.007514,0.007514,0.007514,,
0dba41af6a3648eb838284b138a6413c,2026-02-01T18:00:00Z/2026-02-01T19:00:00Z,112233445566,2026-02-01T00:00:00Z,2026-03-01T00:00:00Z,AWS,334455667788,SavingsPlanCoveredUsage,2026-02-01T18:00:00Z,2026-02-01T19:00:00Z,AmazonEC2,USEA-BoxUsage:t3.micro,RunInstances,us-east-1b,i-0ca58f3cc60ce4d71,1.0,0.5,0.5,0.0104,0.0104,0.007693,0.007693,Hrs,0.0104,0.0104,Amazon Elastic Compute Cloud,t3.micro,2,1 GiB,Linux,us-east-1,AmazonEC2,4.22,3.98,7.15,485,2026-01-12T13:18:39Z,,,,,,,,,,,arn:aws:savingsplans::334455667788:savingsplan/2c282100-49d4-4d15-8399-6f58e67345ca,0.007693,0.007693,0.007693,,
a80c0fbec69d447aa606f8451bfda29a,2026-02-02T03:00:00Z/2026-02-02T04:00:00Z,112233445566,2026-02-01T00:00:00Z,2026-03-01T00:00:00Z,AWS,334455667788,SavingsPlanCoveredUsage,2026-02-02T03:00:00Z,2026-02-02T04:00:00Z,AmazonEC2,USEA-BoxUsage:t3.micro,RunInstances,us-east-1b,i-0ca58f3cc60ce4d71,1.0,0.5,0.5,0.0104,0.0104,0.007463,0.007463,Hrs,0.0104,0.0104,Amazon Elastic Compute Cloud,t3.micro,2,1 GiB,Linux,us-east-1,AmazonEC2,2.49,3.53,1.83,717,2025-12-25T20:41:53Z,,,,,,,,,,,arn:aws:savingsplans::334455667788:savingsplan/2c282100-49d4-4d15-8399-6f58e67345ca,0.007463,0.007463,0.007463,,
b9226bd165704a9697276e47aa6070f8,2026-02-02T12:00:00Z/2026-02-02T13:00:00Z,112233445566,2026-02-01T00:00:00Z,2026-03-01T00:00:00Z,AWS,334455667788,SavingsPlanCoveredUsage,2026-02-02T12:00:00Z,2026-02-02T13:00:00Z,AmazonEC2,USEA-BoxUsage:t3.micro,RunInstances,us-east-1b,i-0ca58f3cc60ce4d71,1.0,0.5,0.5,0.0104,0.0104,0.006907,0.006907,Hrs,0.0104,0.0104,Amazon Elastic Compute Cloud,t3.micro,2,1 GiB,Linux,us-east-1,AmazonEC2,0.57,2.05,4.84,390,2026-01-18T07:28:54Z,,,,,,,,,,,arn:aws:savingsplans::334455667788:savingsplan/2c282100-49d4-4d15-8399-6f58e67345ca,0.006907,0.006907,0.006907,,
b90f9bcda3d143e8a77a51771c33ea97,2026-02-02T21:00:00Z/2026-02-02T22:00:00Z,112233445566,2026-02-01T00:00:00Z,2026-03-01T00:00:00Z,AWS,334455667788,SavingsPlanCoveredUsage,2026-02-02T21:00:00Z,2026-02-02T22:00:00Z,AmazonEC2,USEA-BoxUsage:t3.micro,RunInstances,us-east-1b,i-0ca58f3cc60ce4d71,1.0,0.5,0.5,0.0104,0.0104,0.007382,0.007382,Hrs,0.0104,0.0104,Amazon Elastic Compute Cloud,t3.micro,2,1 GiB,Linux,us-east-1,AmazonEC2,3.77,9.15,3.53,686,2026-01-07T10:11:08Z,,,,,,,,,,,arn:aws:savingsplans::334455667788:savingsplan/2c282100-49d4-4d15-8399-6f58e67345ca,0.007382,0.007382,0.007382,,
2e8b254981ac4f9ca51aca298bb6aac3,2026-02-03T06:00:00Z/2026-02-03T07:00:00Z,112233445566,2026-02-01T00:00:00Z,2026-03-01T00:00:00Z,AWS,334455667788,SavingsPlanCoveredUsage,2026-02-03T06:00:00Z,2026-02-03T07:00:00Z,AmazonEC2,USEA-BoxUsage:t3.micro,RunInstances,us-east-1b,i-0ca58f3cc60ce4d71,1.0,0.5,0.5,0.0104,0.0104,0.007045,0.007045,Hrs,0.0104,0.0104,Amazon Elastic Compute Cloud,t3.micro,2,1 GiB,Linux,us-east-1,AmazonEC2,3.79,7.96,6.83,539,2026-01-05T22:09:38Z,,,,,,,,,,,arn:aws:savingsplans::334455667788:savingsplan/2c282100-49d4-4d15-8399-6f58e67345ca,0.007045,0.007045,0.007045,,
ebaf99f5fcd34a32b51acc72fd7051e5,2026-02-03T15:00:00Z/2026-02-03T16:00:00Z,112233445566,2026-02-01T00:00:00Z,2026-03-01T00:00:00Z,AWS,334455667788,SavingsPlanCoveredUsage,2026-02-03T15:00:00Z,2026-02-03T16:00:00Z,AmazonEC2,USEA-BoxUsage:t3.micro,RunInstances,us-east-1b,i-0ca58f3cc60ce4d71,1.0,0.5,0.5,0.0104,0.0104,0.007485,0.007485,Hrs,0.0104,0.0104,Amazon Elastic Compute Cloud,t3.micro,2,1 GiB,Linux,us-east-1,AmazonEC2,2.95,8.39,7.41,636,2026-01-08T19:14:46Z,,,,,,,,,,,arn:aws:savingsplans::334455667788:savingsplan/2c282100-49d4-4d15-8399-6f58e67345ca,0.007485,0.007485,0.007485,,
e3f329f603684886a5cd21b75367cf98,2026-02-04T00:00:00Z/2026-02-04T01:00:00Z,112233445566,2026-02-01T00:00:00Z,2026-03-01T00:00:00Z,AWS,334455667788,SavingsPlanCoveredUsage,2026-02-04T00:00:00Z,2026-02-04T01:00:00Z,AmazonEC2,USEA-BoxUsage:t3.micro,RunInstances,us-east-1b,i-0ca58f3cc60ce4d71,1.0,0.5,0.5,0.0104,0.0104,0.007377,0.007377,Hrs,0.0104,0.0104,Amazon Elastic Compute Cloud,t3.micro,2,1 GiB,Linux,us-east-1,AmazonEC2,3.3,9.65,4.42,472,2026-01-09T10:09:47Z,,,,,,,,,,,arn:aws:savingsplans::334455667788:savingsplan/2c282100-49d4-4d15-8399-6f58e67345ca,0.007377,0.007377,0.007377,,
04017dc41f3f4248a1404d3f17a6c9db,2026-02-04T09:00:00Z/2026-02-04T10:00:00Z,112233445566,2026-02-01T00:00:00Z,2026-03-01T00:00:00Z,AWS,334455667788,SavingsPlanCoveredUsage,2026-02-04T09:00:00Z,2026-02-04T10:00:00Z,AmazonEC2,USEA-BoxUsage:t3.micro,RunInstances,us-east-1b,i-0ca58f3cc60ce4d71,1.0,0.5,0.5,0.0104,0.0104,0.006831,0.006831,Hrs,0.0104,0.0104,Amazon Elastic Compute Cloud,t3.micro,2,1 GiB,Linux,us-east-1,AmazonEC2,2.16,3.36,5.79,644,2026-01-15T19:56:35Z,,,,,,,,,,,arn:aws:savingsplans::334455667788:savingsplan/2c282100-49d4-4d15-8399-6f58e67345ca,0.006831,0.006831,0.006831,,
3d1118422af44ecb90121211c60f0329,2026-02-04T18:00:00Z/2026-02-04T19:00:00Z,112233445566,2026-02-01T00:00:00Z,2026-03-01T00:00:00Z,AWS,334455667788,SavingsPlanCoveredUsage,2026-02-04T18:00:00Z,2026-02-04T19:00:00Z,AmazonEC2,USEA-BoxUsage:t3.micro,RunInstances,us-east-1b,i-0ca58f3cc60ce4d71,1.0,0.5,0.5,0.0104,0.0104,0.007405,0.007405,Hrs,0.0104,0.0104,Amazon Elastic Compute Cloud,t3.micro,2,1 GiB,Linux,us-east-1,AmazonEC2,3.68,5.61,4.54,685,2026-01-05T20:32:38Z,,,,,,,,,,,arn:aws:savingsplans::334455667788:savingsplan/2c282100-49d4-4d15-8399-6f58e67345ca,0.007405,0.007405,0.007405,,
a61ee757722c4baf8636e8c1f8813da1,2026-02-05T03:00:00Z/2026-02-05T04:00:00Z,112233445566,2026-02-01T00:00:00Z,2026-03-01T00:00:00Z,AWS,334455667788,SavingsPlanCoveredUsage,2026-02-05T03:00:00Z,2026-02-05T04:00:00Z,AmazonEC2,USEA-BoxUsage:t3.micro,RunInstances,us-east-1b,i-0ca58f3cc60ce4d71,1.0,0.5,0.5,0.0104,0.0104,0.007093,0.007093,Hrs,0.0104,0.0104,Amazon Elastic Compute Cloud,t3.micro,2,1 GiB,Linux,us-east-1,AmazonEC2,1.62,9.76,2.92,572,2025-12-24T06:23:52Z,,,,,,,,,,,arn:aws:savingsplans::334455667788:savingsplan/2c282100-49d4-4d15-8399-6f58e67345ca,0.007093,0.007093,0.007093,,
f6fd4cb18acb4f1fabc5cc830955a3a4,2026-02-05T12:00:00Z/2026-02-05T13:00:00Z,112233445566,2026-02-01T00:00:00Z,2026-03-01T00:00:00Z,AWS,334455667788,SavingsPlanCoveredUsage,2026-02-05T12:00:00Z,2026-02-05T13:00:00Z,AmazonEC2,USEA-BoxUsage:t3.micro,RunInstances,us-east-1b,i-0ca58f3cc60ce4d71,1.0,0.5,0.5,0.0104,0.0104,0.006882,0.006882,Hrs,0.0104,0.0104,Amazon Elastic Compute Cloud,t3.micro,2,1 GiB,Linux,us-east-1,AmazonEC2,3.3,6.7,2.14,712,2025-12-28T15:52:11Z,,,,,,,,,,,arn:aws:savingsplans::334455667788:savingsplan/2c282100-49d4-4d15-8399-6f58e67345ca,0.006882,0.006882,0.006882,,
9911b66499c94627bdbcbcc442d023d3,2026-02-05T21:00:00Z/2026-02-05T22:00:00Z,112233445566,2026-02-01T00:00:00Z,2026-03-01T00:00:00Z,AWS,334455667788,SavingsPlanCoveredUsage,2026-02-05T21:00:00Z,2026-02-05T22:00:00Z,AmazonEC2,USEA-BoxUsage:t3.micro,RunInstances,us-east-1b,i-0ca58f3cc60ce4d71,1.0,0.5,0.5,0.0104,0.0104,0.007716,0.007716,Hrs,0.0104,0.0104,Amazon Elastic Compute Cloud,t3.micro,2,1 GiB,Linux,us-east-1,AmazonEC2,3.6,8.61,5.67,390,2026-01-12T18:44:04Z,,,,,,,,,,,arn:aws:savingsplans::334455667788:savingsplan/2c282100-49d4-4d15-8399-6f58e67345ca,0.007716,0.007716,0.007716,,
7d32adfb0bac4d6da5b74067ca3daa46,2026-02-06T06:00:00Z/2026-02-06T07:00:00Z,112233445566,2026-02-01T00:00:00Z,2026-03-01T00:00:00Z,AWS,334455667788,SavingsPlanCoveredUsage,2026-02-06T06:00:00Z,2026-02-06T07:00:00Z,AmazonEC2,USEA-BoxUsage:t3.micro,RunInstances,us-east-1b,i-0ca58f3cc60ce4d71,1.0,0.5,0.5,0.0104,0.0104,0.006824,0.006824,Hrs,0.0104,0.0104,Amazon Elastic Compute Cloud,t3.micro,2,1 GiB,Linux,us-east-1,AmazonEC2,4.07,9.92,4.97,666,2026-01-08T17:30:15Z,,,,,,,,,,,arn:aws:savingsplans::334455667788:savingsplan/2c282100-49d4-4d15-8399-6f58e67345ca,0.006824,0.006824,0.006824,,
43992f2e504b4c35b3e9463e8e573e60,2026-02-06T15:00:00Z/2026-02-06T16:00:00Z,112233445566,2026-02-01T00:00:00Z,2026-03-01T00:00:00Z,AWS,334455667788,SavingsPlanCoveredUsage,2026-02-06T15:00:00Z,2026-02-06T16:00:00Z,AmazonEC2,USEA-BoxUsage:t3.micro,RunInstances,us-east-1b,i-0ca58f3cc60ce4d71,1.0,0.5,0.5,0.0104,0.0104,0.007103,0.007103,Hrs,0.0104,0.0104,Amazon Elastic Compute Cloud,t3.micro,2,1 GiB,Linux,us-east-1,AmazonEC2,2.18,9.53,6.74,353,2026-01-18T18:11:09Z,,,,,,,,,,,arn:aws:savingsplans::334455667788:savingsplan/2c282100-49d4-4d15-8399-6f58e67345ca,0.007103,0.007103,0.007103,,
67c4760897234ca1b7ba64bf9d41868e,2026-02-07T00:00:00Z/2026-02-07T01:00:00Z,112233445566,2026-02-01T00:00:00Z,2026-03-01T00:00:00Z,AWS,334455667788,SavingsPlanCoveredUsage,2026-02-07T00:00:00Z,2026-02-07T01:00:00Z,AmazonEC2,USEA-BoxUsage:t3.micro,RunInstances,us-east-1b,i-0ca58f3cc60ce4d71,1.0,0.5,0.5,0.0104,0.0104,0.006828,0.006828,Hrs,0.0104,0.0104,Amazon Elastic Compute Cloud,t3.micro,2,1 GiB,Linux,us-east-1,AmazonEC2,3.92,4.96,3.46,705,2025-12-30T03:34:47Z,,,,,,,,,,,arn:aws:savingsplans::334455667788:savingsplan/2c282100-49d4-4d15-8399-6f58e67345ca,0.006828,0.006828,0.006828,,
a45a1f2cb48b4f65bc0f1ca0393977bb,2026-02-07T09:00:00Z/2026-02-07T10:00:00Z,112233445566,2026-02-01T00:00:00Z,2026-03-01T00:00:00Z,AWS,334455667788,SavingsPlanCoveredUsage,2026-02-07T09:00:00Z,2026-02-07T10:00:00Z,AmazonEC2,USEA-BoxUsage:t3.micro,RunInstances,us-east-1b,i-0ca58f3cc60ce4d71,1.0,0.5,0.5,0.0104,0.0104,0.007663,0.007663,Hrs,0.0104,0.0104,Amazon Elastic Compute Cloud,t3.micro,2,1 GiB,Linux,us-east-1,AmazonEC2,2.96,4.84,2.11,699,2026-01-06T08:31:54Z,,,,,,,,,,,arn:aws:savingsplans::334455667788:savingsplan/2c282100-49d4-4d15-8399-6f58e67345ca,0.007663,0.007663,0.007663,,
9a9e01bd01b34690bd251d9c0b090e6c,2026-02-07T18:00:00Z/2026-02-07T19:00:00Z,112233445566,2026-02-01T00:00:00Z,2026-03-01T00:00:00Z,AWS,334455667788,SavingsPlanCoveredUsage,2026-02-07T18:00:00Z,2026-02-07T19:00:00Z,AmazonEC2,USEA-BoxUsage:t3.micro,RunInstances,us-east-1b,i-0ca58f3cc60ce4d71,1.0,0.5,0.5,0.0104,0.0104,0.007376,0.007376,Hrs,0.0104,0.0104,Amazon Elastic Compute Cloud,t3.micro,2,1 GiB,Linux,us-east-1,AmazonEC2,2.2,5.57,1.96,601,2025-12-29T20:53:35Z,,,,,,,,,,,arn:aws:savingsplans::334455667788:savingsplan/2c282100-49d4-4d15-8399-6f58e67345ca,0.007376,0.007376,0.007376,,
a852352f65e74da284f10b90c15bccd7,2026-02-08T03:00:00Z/2026-02-08T04:00:00Z,112233445566,2026-02-01T00:00:00Z,2026-03-01T00:00:00Z,AWS,334455667788,SavingsPlanCoveredUsage,2026-02-08T03:00:00Z,2026-02-08T04:00:00Z,AmazonEC2,USEA-BoxUsage:t3.micro,RunInstances,us-east-1b,i-0ca58f3cc60ce4d71,1.0,0.5,0.5,0.0104,0.0104,0.007146,0.007146,Hrs,0.0104,0.0104,Amazon Elastic Compute Cloud,t3.micro,2,1 GiB,Linux,us-east-1,AmazonEC2,2.88,2.59,5.77,618,2026-01-16T00:54:49Z,,,,,,,,,,,arn:aws:savingsplans::334455667788:savingsplan/2c282100-49d4-4d15-8399-6f58e67345ca,0.007146,0.007146,0.007146,,
75213de40bdd47169bcf8a54ad77d66a,2026-02-08T12:00:00Z/2026-02-08T13:00:00Z,112233445566,2026-02-01T00:00:00Z,2026-03-01T00:00:00Z,AWS,334455667788,SavingsPlanCoveredUsage,2026-02-08T12:00:00Z,2026-02-08T13:00:00Z,AmazonEC2,USEA-BoxUsage:t3.micro,RunInstances,us-east-1b,i-0ca58f3cc60ce4d71,1.0,0.5,0.5,0.0104,0.0104,0.00772,0.00772,Hrs,0.0104,0.0104,Amazon Elastic Compute Cloud,t3.micro,2,1 GiB,Linux,us-east-1,AmazonEC2,3.87,9.73,7.95,581,2026-01-24T13:32:39Z,,,,,,,,,,,arn:aws:savingsplans::334455667788:savingsplan/2c282100-49d4-4d15-8399-6f58e67345ca,0.00772,0.00772,0.00772,,
da309e8e0a8a49619e138ee170672249,2026-02-08T21:00:00Z/2026-02-08T22:00:00Z,112233445566,2026-02-01T00:00:00Z,2026-03-01T00:00:00Z,AWS,334455667788,SavingsPlanCoveredUsage,2026-02-08T21:00:00Z,2026-02-08T22:00:00Z,AmazonEC2,USEA-BoxUsage:t3.micro,RunInstances,us-east-1b,i-0ca58f3cc60ce4d71,1.0,0.5,0.5,0.0104,0.0104,0.006803,0.006803,Hrs,0.0104,0.0104,Amazon Elastic Compute Cloud,t3.micro,2,1 GiB,Linux,us-east-1,AmazonEC2,4.67,3.33,4.89,584,2025-12-26T15:00:15Z,,,,,,,,,,,arn:aws:savingsplans::334455667788:savingsplan/2c282100-49d4-4d15-8399-6f58e67345ca,0.006803,0.006803,0.006803,,
d4698f564fe64f5795e2044595532143,2026-02-09T06:00:00Z/2026-02-09T07:00:00Z,112233445566,2026-02-01T00:00:00Z,2026-03-01T00:00:00Z,AWS,334455667788,SavingsPlanCoveredUsage,2026-02-09T06:00:00Z,2026-02-09T07:00:00Z,AmazonEC2,USEA-BoxUsage:t3.micro,RunInstances,us-east-1b,i-0ca58f3cc60ce4d71,1.0,0.5,0.5,0.0104,0.0104,0.007288,0.007288,Hrs,0.0104,0.0104,Amazon Elastic Compute Cloud,t3.micro,2,1 GiB,Linux,us-east-1,AmazonEC2,4.84,8.37,7.97,715,2026-01-09T09:12:00Z,,,,,,,,,,,arn:aws:savingsplans::334455667788:savingsplan/2c282100-49d4-4d15-8399-6f58e67345ca,0.007288,0.007288,0.007288,,
7501ae6d703247478e62adce2783594b,2026-02-09T15:00:00Z/2026-02-09T16:00:00Z,112233445566,2026-02-01T00:00:00Z,2026-03-01T00:00:00Z,AWS,334455667788,SavingsPlanCoveredUsage,2026-02-09T15:00:00Z,2026-02-09T16:00:00Z,AmazonEC2,USEA-BoxUsage:t3.micro,RunInstances,us-east-1b,i-0ca58f3cc60ce4d71,1.0,0.5,0.5,0.0104,0.0104,0.007202,0.007202,Hrs,0.0104,0.0104,Amazon Elastic Compute Cloud,t3.micro,2,1 GiB,Linux,us-east-1,AmazonEC2,2.1,4.9,1.97,480,2025-12-30T04:38:13Z,,,,,,,,,,,arn:aws:savingsplans::334455667788:savingsplan/2c282100-49d4-4d15-8399-6f58e67345ca,0.007202,0.007202,0.007202,,
c168e60e56a749cc95d7a1810163d42d,2026-02-10T00:00:00Z/2026-02-10T01:00:00Z,112233445566,2026-02-01T00:00:00Z,2026-03-01T00:00:00Z,AWS,334455667788,SavingsPlanCoveredUsage,2026-02-10T00:00:00Z,2026-02-10T01:00:00Z,AmazonEC2,USEA-BoxUsage:t3.micro,RunInstances,us-east-1b,i-0ca58f3cc60ce4d71,1.0,0.5,0.5,0.0104,0.0104,0.007332,0.007332,Hrs,0.0104,0.0104,Amazon Elastic Compute Cloud,t3.micro,2,1 GiB,Linux,us-east-1,AmazonEC2,2.94,2.93,3.43,608,2026-01-16T20:33:01Z,,,,,,,,,,,arn:aws:savingsplans::334455667788:savingsplan/2c282100-49d4-4d15-8399-6f58e67345ca,0.007332,0.007332,0.007332,,
9335e09777ec4f87802a9eb8d4e99e0b,2026-02-10T09:00:00Z/2026-02-10T10:00:00Z,112233445566,2026-02-01T00:00:00Z,2026-03-01T00:00:00Z,AWS,334455667788,SavingsPlanCoveredUsage,2026-02-10T09:00:00Z,2026-02-10T10:00:00Z,AmazonEC2,USEA-BoxUsage:t3.micro,RunInstances,us-east-1b,i-0ca58f3cc60ce4d71,1.0,0.5,0.5,0.0104,0.0104,0.007198,0.007198,Hrs,0.0104,0.0104,Amazon Elastic Compute Cloud,t3.micro,2,1 GiB,Linux,us-east-1,AmazonEC2,0.83,9.81,1.17,483,2026-01-04T07:54:14Z,,,,,,,,,,,arn:aws:savingsplans::334455667788:savingsplan/2c282100-49d4-4d15-8399-6f58e67345ca,0.007198,0.007198,0.007198,,
8cab3c5faf0f48d18daa23fe1e74f4b8,2026-02-10T18:00:00Z/2026-02-10T19:00:00Z,112233445566,2026-02-01T00:00:00Z,2026-03-01T00:00:00Z,AWS,334455667788,SavingsPlanCoveredUsage,2026-02-10T18:00:00Z,2026-02-10T19:00:00Z,AmazonEC2,USEA-BoxUsage:t3.micro,RunInstances,us-east-1b,i-0ca58f3cc60ce4d71,1.0,0.5,0.5,0.0104,0.0104,0.007199,0.007199,Hrs,0.0104,0.0104,Amazon Elastic Compute Cloud,t3.micro,2,1 GiB,Linux,us-east-1,AmazonEC2,3.99,6.18,6.29,532,2026-01-18T08:51:52Z,,,,,,,,,,,arn:aws:savingsplans::334455667788:savingsplan/2c282100-49d4-4d15-8399-6f58e67345ca,0.007199,0.007199,0.007199,,
b7cd774e659a471f8c9eced22ba5ade5,2026-02-11T03:00:00Z/2026-02-11T04:00:00Z,112233445566,2026-02-01T00:00:00Z,2026-03-01T00:00:00Z,AWS,334455667788,SavingsPlanCoveredUsage,2026-02-11T03:00:00Z,2026-02-11T04:00:00Z,AmazonEC2,USEA-BoxUsage:t3.micro,RunInstances,us-east-1b,i-0ca58f3cc60ce4d71,1.0,0.5,0.5,0.0104,0.0104,0.007524,0.007524,Hrs,0.0104,0.0104,Amazon Elastic Compute Cloud,t3.micro,2,1 GiB,Linux,us-east-1,AmazonEC2,2.97,9.81,1.56,575,2026-01-05T08:42:55Z,,,,,,,,,,,arn:aws:savingsplans::334455667788:savingsplan/2c282100-49d4-4d15-8399-6f58e67345ca,0.007524,0.007524,0.007524,,
a0c9493b88184d7b8d94a02ca35c1238,2026-02-11T12:00:00Z/2026-02-11T13:00:00Z,112233445566,2026-02-01T00:00:00Z,2026-03-01T00:00:00Z,AWS,334455667788,SavingsPlanCoveredUsage,2026-02-11T12:00:00Z,2026-02-11T13:00:00Z,AmazonEC2,USEA-BoxUsage:t3.micro,RunInstances,us-east-1b,i-0ca58f3cc60ce4d71,1.0,0.5,0.5,0.0104,0.0104,0.007567,0.007567,Hrs,0.0104,0.0104,Amazon Elastic Compute Cloud,t3.micro,2,1 GiB,Linux,us-east-1,AmazonEC2,4.47,5.14,2.0,426,2025-12-30T20:47:46Z,,,,,,,,,,,arn:aws:savingsplans::334455667788:savingsplan/2c282100-49d4-4d15-8399-6f58e67345ca,0.007567,0.007567,0.007567,,
3328fd8723cf424e9b3f899314806829,2026-02-11T21:00:00Z/2026-02-11T22:00:00Z,112233445566,2026-02-01T00:00:00Z,2026-03-01T00:00:00Z,AWS,334455667788,SavingsPlanCoveredUsage,2026-02-11T21:00:00Z,2026-02-11T22:00:00Z,AmazonEC2,USEA-BoxUsage:t3.micro,RunInstances,us-east-1b,i-0ca58f3cc60ce4d71,1.0,0.5,0.5,0.0104,0.0104,0.006886,0.006886,Hrs,0.0104,0.0104,Amazon Elastic Compute Cloud,t3.micro,2,1 GiB,Linux,us-east-1,AmazonEC2,4.18,6.6,1.44,652,2026-01-24T15:35:05Z,,,,,,,,,,,arn:aws:savingsplans::334455667788:savingsplan/2c282100-49d4-4d15-8399-6f58e67345ca,0.006886,0.006886,0.006886,,
ec3099f6f87b413c814a254004ccc7f2,2026-02-12T06:00:00Z/2026-02-12T07:00:00Z,112233445566,2026-02-01T00:00:00Z,2026-03-01T00:00:00Z,AWS,334455667788,SavingsPlanCoveredUsage,2026-02-12T06:00:00Z,2026-02-12T07:00:00Z,AmazonEC2,USEA-BoxUsage:t3.micro,RunInstances,us-east-1b,i-0ca58f3cc60ce4d71,1.0,0.5,0.5,0.0104,0.0104,0.006901,0.006901,Hrs,0.0104,0.0104,Amazon Elastic Compute Cloud,t3.micro,2,1 GiB,Linux,us-east-1,AmazonEC2,2.85,8.8,2.15,642,2026-01-21T09:39:54Z,,,,,,,,,,,arn:aws:savingsplans::334455667788:savingsplan/2c282100-49d4-4d15-8399-6f58e67345ca,0.006901,0.006901,0.006901,,
aacd27108b57401ab1ae562f46b74f2a,2026-02-12T15:00:00Z/2026-02-12T16:00:00Z,112233445566,2026-02-01T00:00:00Z,2026-03-01T00:00:00Z,AWS,334455667788,SavingsPlanCoveredUsage,2026-02-12T15:00:00Z,2026-02-12T16:00:00Z,AmazonEC2,USEA-BoxUsage:t3.micro,RunInstances,us-east-1b,i-0ca58f3cc60ce4d71,1.0,0.5,0.5,0.0104,0.0104,0.007466,0.007466,Hrs,0.0104,0.0104,Amazon Elastic Compute Cloud,t3.micro,2,1 GiB,Linux,us-east-1,AmazonEC2,3.21,6.35,7.99,444,2026-01-01T13:12:40Z,,,,,,,,,,,arn:aws:savingsplans::334455667788:savingsplan/2c282100-49d4-4d15-8399-6f58e67345ca,0.007466,0.007466,0.007466,,
db72ce163dfc4e84a0120847d316cb86,2026-02-13T00:00:00Z/2026-02-13T01:00:00Z,112233445566,2026-02-01T00:00:00Z,2026-03-01T00:00:00Z,AWS,334455667788,SavingsPlanCoveredUsage,2026-02-13T00:00:00Z,2026-02-13T01:00:00Z,AmazonEC2,USEA-BoxUsage:t3.micro,RunInstances,us-east-1b,i-0ca58f3cc60ce4d71,1.0,0.5,0.5,0.0104,0.0104,0.007609,0.007609,Hrs,0.0104,0.0104,Amazon Elastic Compute Cloud,t3.micro,2,1 GiB,Linux,us-east-1,AmazonEC2,2.34,9.27,7.35,481,2026-01-20T21:32:11Z,,,,,,,,,,,arn:aws:savingsplans::334455667788:savingsplan/2c282100-49d4-4d15-8399-6f58e67345ca,0.007609,0.007609,0.007609,,
8877ab00aa3548c3901e9982f7b26b72,2026-02-13T09:00:00Z/2026-02-13T10:00:00Z,112233445566,2026-02-01T00:00:00Z,2026-03-01T00:00:00Z,AWS,334455667788,SavingsPlanCoveredUsage,2026-02-13T09:00:00Z,2026-02-13T10:00:00Z,AmazonEC2,USEA-BoxUsage:t3.micro,RunInstances,us-east-1b,i-0ca58f3cc60ce4d71,1.0,0.5,0.5,0.0104,0.0104,0.007411,0.007411,Hrs,0.0104,0.0104,Amazon Elastic Compute Cloud,t3.micro,2,1 GiB,Linux,us-east-1,AmazonEC2,1.73,6.49,1.89,709,2026-01-29T17:05:11Z,,,,,,,,,,,arn:aws:savingsplans::334455667788:savingsplan/2c282100-49d4-4d15-8399-6f58e67345ca,0.007411,0.007411,0.007411,,
0f868ab42484478ebada96f9763c909f,2026-02-13T18:00:00Z/2026-02-13T19:00:00Z,112233445566,2026-02-01T00:00:00Z,2026-03-01T00:00:00Z,AWS,334455667788,SavingsPlanCoveredUsage,2026-02-13T18:00:00Z,2026-02-13T19:00:00Z,AmazonEC2,USEA-BoxUsage:t3.micro,RunInstances,us-east-1b,i-0ca58f3cc60ce4d71,1.0,0.5,0.5,0.0104,0.0104,0.007473,0.007473,Hrs,0.0104,0.0104,Amazon Elastic Compute Cloud,t3.micro,2,1 GiB,Linux,us-east-1,AmazonEC2,1.66,3.04,2.34,696,2026-01-19T20:00:04Z,,,,,,,,,,,arn:aws:savingsplans::334455667788:savingsplan/2c282100-49d4-4d15-8399-6f58e67345ca,0.007473,0.007473,0.007473,,
07af5e03dced4e4c9db6afcf981a4985,2026-02-14T03:00:00Z/2026-02-14T04:00:00Z,112233445566,2026-02-01T00:00:00Z,2026-03-01T00:00:00Z,AWS,334455667788,SavingsPlanCoveredUsage,2026-02-14T03:00:00Z,2026-02-14T04:00:00Z,AmazonEC2,USEA-BoxUsage:t3.micro,RunInstances,us-east-1b,i-0ca58f3cc60ce4d71,1.0,0.5,0.5,0.0104,0.0104,0.00754,0.00754,Hrs,0.0104,0.0104,Amazon Elastic Compute Cloud,t3.micro,2,1 GiB,Linux,us-east-1,AmazonEC2,4.94,6.14,3.49,664,2025-12-31T05:08:01Z,,,,,,,,,,,arn:aws:savingsplans::334455667788:savingsplan/2c282100-49d4-4d15-8399-6f58e67345ca,0.00754,0.00754,0.00754,,
8b96a273d71742c09300a29bc3dec175,2026-02-14T12:00:00Z/2026-02-14T13:00:00Z,112233445566,2026-02-01T00:00:00Z,2026-03-01T00:00:00Z,AWS,334455667788,SavingsPlanCoveredUsage,2026-02-14T12:00:00Z,2026-02-14T13:00:00Z,AmazonEC2,USEA-BoxUsage:t3.micro,RunInstances,us-east-1b,i-0ca58f3cc60ce4d71,1.0,0.5,0.5,0.0104,0.0104,0.007074,0.007074,Hrs,0.0104,0.0104,Amazon Elastic Compute Cloud,t3.micro,2,1 GiB,Linux,us-east-1,AmazonEC2,0.82,9.67,5.38,487,2026-01-10T16:01:00Z,,,,,,,,,,,arn:aws:savingsplans::334455667788:savingsplan/2c282100-49d4-4d15-8399-6f58e67345ca,0.007074,0.007074,0.007074,,
34b02dd176994a91ae0005d0a2de7ddc,2026-02-14T21:00:00Z/2026-02-14T22:00:00Z,112233445566,2026-02-01T00:00:00Z,2026-03-01T00:00:00Z,AWS,334455667788,SavingsPlanCoveredUsage,2026-02-14T21:00:00Z,2026-02-14T22:00:00Z,AmazonEC2,USEA-BoxUsage:t3.micro,RunInstances,us-east-1b,i-0ca58f3cc60ce4d71,1.0,0.5,0.5,0.0104,0.0104,0.007607,0.007607,Hrs,0.0104,0.0104,Amazon Elastic Compute Cloud,t3.micro,2,1 GiB,Linux,us-east-1,AmazonEC2,4.0,5.28,1.01,554,2026-01-10T16:36:13Z,,,,,,,,,,,arn:aws:savingsplans::334455667788:savingsplan/2c282100-49d4-4d15-8399-6f58e67345ca,0.007607,0.007607,0.007607,,
f0665bec66834c8f88fc8cd034175852,2026-02-15T06:00:00Z/2026-02-15T07:00:00Z,112233445566,2026-02-01T00:00:00Z,2026-03-01T00:00:00Z,AWS,334455667788,SavingsPlanCoveredUsage,2026-02-15T06:00:00Z,2026-02-15T07:00:00Z,AmazonEC2,USEA-BoxUsage:t3.micro,RunInstances,us-east-1b,i-0ca58f3cc60ce4d71,1.0,0.5,0.5,0.0104,0.0104,0.007077,0.007077,Hrs,0.0104,0.0104,Amazon Elastic Compute Cloud,t3.micro,2,1 GiB,Linux,us-east-1,AmazonEC2,1.93,6.54,1.67,626,2026-01-15T22:23:54Z,,,,,,,,,,,arn:aws:savingsplans::334455667788:savingsplan/2c282100-49d4-4d15-8399-6f58e67345ca,0.007077,0.007077,0.007077,,
d5800e3fc622492c8f8e826c62bc4132,2026-02-15T15:00:00Z/2026-02-15T16:00:00Z,112233445566,2026-02-01T00:00:00Z,2026-03-01T00:00:00Z,AWS,334455667788,SavingsPlanCoveredUsage,2026-02-15T15:00:00Z,2026-02-15T16:00:00Z,AmazonEC2,USEA-BoxUsage:t3.micro,RunInstances,us-east-1b,i-0ca58f3cc60ce4d71,1.0,0.5,0.5,0.0104,0.0104,0.00759,0.00759,Hrs,0.0104,0.0104,Amazon Elastic Compute Cloud,t3.micro,2,1 GiB,Linux,us-east-1,AmazonEC2,4.96,9.32,5.05,432,2026-01-14T17:25:04Z,,,,,,,,,,,arn:aws:savingsplans::334455667788:savingsplan/2c282100-49d4-4d15-8399-6f58e67345ca,0.00759,0.00759,0.00759,,
a98ba2249bdf4f17b20e553fc1162cbf,2026-02-16T09:00:00Z/2026-02-16T10:00:00Z,112233445566,2026-02-01T00:00:00Z,2026-03-01T00:00:00Z,AWS,334455667788,SavingsPlanCoveredUsage,2026-02-16T09:00:00Z,2026-02-16T10:00:00Z,AmazonEC2,USEA-BoxUsage:t3.micro,RunInstances,us-east-1b,i-0ca58f3cc60ce4d71,1.0,0.5,0.5,0.0104,0.0104,0.007417,0.007417,Hrs,0.0104,0.0104,Amazon Elastic Compute Cloud,t3.micro,2,1 GiB,Linux,us-east-1,AmazonEC2,2.36,4.2,4.06,477,2026-01-18T14:03:27Z,,,,,,,,,,,arn:aws:savingsplans::334455667788:savingsplan/2c282100-49d4-4d15-8399-6f58e67345ca,0.007417,0.007417,0.007417,,
e411690e244c48c99dd6e539c77700da,2026-02-16T18:00:00Z/2026-02-16T19:00:00Z,112233445566,2026-02-01T00:00:00Z,2026-03-01T00:00:00Z,AWS,334455667788,SavingsPlanCoveredUsage,2026-02-16T18:00:00Z,2026-02-16T19:00:00Z,AmazonEC2,USEA-BoxUsage:t3.micro,RunInstances,us-east-1b,i-0ca58f3cc60ce4d71,1.0,0.5,0.5,0.0104,0.0104,0.006845,0.006845,Hrs,0.0104,0.0104,Amazon Elastic Compute Cloud,t3.micro,2,1 GiB,Linux,us-east-1,AmazonEC2,2.5,2.86,3.82,600,2026-01-16T14:16:42Z,,,,,,,,,,,arn:aws:savingsplans::334455667788:savingsplan/2c282100-49d4-4d15-8399-6f58e67345ca,0.006845,0.006845,0.006845,,
5cc239db71334a36a2e0cced3f8f40e4,2026-02-17T03:00:00Z/2026-02-17T04:00:00Z,112233445566,2026-02-01T00:00:00Z,2026-03-01T00:00:00Z,AWS,334455667788,SavingsPlanCoveredUsage,2026-02-17T03:00:00Z,2026-02-17T04:00:00Z,AmazonEC2,USEA-BoxUsage:t3.micro,RunInstances,us-east-1b,i-0ca58f3cc60ce4d71,1.0,0.5,0.5,0.0104,0.0104,0.007516,0.007516,Hrs,0.0104,0.0104,Amazon Elastic Compute Cloud,t3.micro,2,1 GiB,Linux,us-east-1,AmazonEC2,3.4,4.68,2.62,697,2026-02-01T10:02:17Z,,,,,,,,,,,arn:aws:savingsplans::334455667788:savingsplan/2c282100-49d4-4d15-8399-6f58e67345ca,0.007516,0.007516,0.007516,,
a95da7e41ba94e53b5c43b9a19c2867f,2026-02-17T12:00:00Z/2026-02-17T13:00:00Z,112233445566,2026-02-01T00:00:00Z,2026-03-01T00:00:00Z,AWS,334455667788,SavingsPlanCoveredUsage,2026-02-17T12:00:00Z,2026-02-17T13:00:00Z,AmazonEC2,USEA-BoxUsage:t3.micro,RunInstances,us-east-1b,i-0ca58f3cc60ce4d71,1.0,0.5,0.5,0.0104,0.0104,0.007025,0.007025,Hrs,0.0104,0.0104,Amazon Elastic Compute Cloud,t3.micro,2,1 GiB,Linux,us-east-1,AmazonEC2,1.62,5.67,7.74,488,2026-01-07T05:33:56Z,,,,,,,,,,,arn:aws:savingsplans::334455667788:savingsplan/2c282100-49d4-4d15-8399-6f58e67345ca,0.007025,0.007025,0.007025,,
a79a7e19529d459c81dd5eaaa5838ed7,2026-02-17T21:00:00Z/2026-02-17T22:00:00Z,112233445566,2026-02-01T00:00:00Z,2026-03-01T00:00:00Z,AWS,334455667788,SavingsPlanCoveredUsage,2026-02-17T21:00:00Z,2026-02-17T22:00:00Z,AmazonEC2,USEA-BoxUsage:t3.micro,RunInstances,us-east-1b,i-0ca58f3cc60ce4d71,1.0,0.5,0.5,0.0104,0.0104,0.007462,0.007462,Hrs,0.0104,0.0104,Amazon Elastic Compute Cloud,t3.micro,2,1 GiB,Linux,us-east-1,AmazonEC2,1.75,9.67,3.37,681,2026-01-07T21:30:31Z,,,,,,,,,,,arn:aws:savingsplans::334455667788:savingsplan/2c282100-49d4-4d15-8399-6f58e67345ca,0.007462,0.007462,0.007462,,
fa350b7ffacf468da576103cf0c9e157,2026-02-18T06:00:00Z/2026-02-18T07:00:00Z,112233445566,2026-02-01T00:00:00Z,2026-03-01T00:00:00Z,AWS,334455667788,SavingsPlanCoveredUsage,2026-02-18T06:00:00Z,2026-02-18T07:00:00Z,AmazonEC2,USEA-BoxUsage:t3.micro,RunInstances,us-east-1b,i-0ca58f3cc60ce4d71,1.0,0.5,0.5,0.0104,0.0104,0.007532,0.007532,Hrs,0.0104,0.0104,Amazon Elastic Compute Cloud,t3.micro,2,1 GiB,Linux,us-east-1,AmazonEC2,2.85,3.96,1.22,565,2026-02-03T08:10:01Z,,,,,,,,,,,arn:aws:savingsplans::334455667788:savingsplan/2c282100-49d4-4d15-8399-6f58e67345ca,0.007532,0.007532,0.007532,,
3f33eb4bc19148cda4f05b6089d36cdc,2026-02-19T00:00:00Z/2026-02-19T01:00:00Z,112233445566,2026-02-01T00:00:00Z,2026-03-01T00:00:00Z,AWS,334455667788,SavingsPlanCoveredUsage,2026-02-19T00:00:00Z,2026-02-19T01:00:00Z,AmazonEC2,USEA-BoxUsage:t3.micro,RunInstances,us-east-1b,i-0ca58f3cc60ce4d71,1.0,0.5,0.5,0.0104,0.0104,0.007624,0.007624,Hrs,0.0104,0.0104,Amazon Elastic Compute Cloud,t3.micro,2,1 GiB,Linux,us-east-1,AmazonEC2,0.56,3.8,1.2,601,2026-01-12T21:23:41Z,,,,,,,,,,,arn:aws:savingsplans::334455667788:savingsplan/2c282100-49d4-4d15-8399-6f58e67345ca,0.007624,0.007624,0.007624,,
a5db5bd0ac8641ccaebfd67e5502d464,2026-02-19T09:00:00Z/2026-02-19T10:00:00Z,112233445566,2026-02-01T00:00:00Z,2026-03-01T00:00:00Z,AWS,334455667788,SavingsPlanCoveredUsage,2026-02-19T09:00:00Z,2026-02-19T10:00:00Z,AmazonEC2,USEA-BoxUsage:t3.micro,RunInstances,us-east-1b,i-0ca58f3cc60ce4d71,1.0,0.5,0.5,0.0104,0.0104,0.007587,0.007587,Hrs,0.0104,0.0104,Amazon Elastic Compute Cloud,t3.micro,2,1 GiB,Linux,us-east-1,AmazonEC2,3.0,3.0,3.46,715,2026-02-04T07:55:46Z,,,,,,,,,,,arn:aws:savingsplans::334455667788:savingsplan/2c282100-49d4-4d15-8399-6f58e67345ca,0.007587,0.007587,0.007587,,
077bdc42275c44728310facbda53933f,2026-02-19T18:00:00Z/2026-02-19T19:00:00Z,112233445566,2026-02-01T00:00:00Z,2026-03-01T00:00:00Z,AWS,334455667788,SavingsPlanCoveredUsage,2026-02-19T18:00:00Z,2026-02-19T19:00:00Z,AmazonEC2,USEA-BoxUsage:t3.micro,RunInstances,us-east-1b,i-0ca58f3cc60ce4d71,1.0,0.5,0.5,0.0104,0.0104,0.007236,0.007236,Hrs,0.0104,0.0104,Amazon Elastic Compute Cloud,t3.micro,2,1 GiB,Linux,us-east-1,AmazonEC2,1.17,2.99,5.63,688,2026-01-06T13:30:48Z,,,,,,,,,,,arn:aws:savingsplans::334455667788:savingsplan/2c282100-49d4-4d15-8399-6f58e67345ca,0.007236,0.007236,0.007236,,
7761b269e1fa4e45b02c1c92e552eaff,2026-02-20T03:00:00Z/2026-02-20T04:00:00Z,112233445566,2026-02-01T00:00:00Z,2026-03-01T00:00:00Z,AWS,334455667788,SavingsPlanCoveredUsage,2026-02-20T03:00:00Z,2026-02-20T04:00:00Z,AmazonEC2,USEA-BoxUsage:t3.micro,RunInstances,us-east-1b,i-0ca58f3cc60ce4d71,1.0,0.5,0.5,0.0104,0.0104,0.007093,0.007093,Hrs,0.0104,0.0104,Amazon Elastic Compute Cloud,t3.micro,2,1 GiB,Linux,us-east-1,AmazonEC2,4.06,8.28,4.18,495,2026-01-28T10:46:25Z,,,,,,,,,,,arn:aws:savingsplans::334455667788:savingsplan/2c282100-49d4-4d15-8399-6f58e67345ca,0.007093,0.007093,0.007093,,
d19bc2da0dbc4c3c90643a725256f1d4,2026-02-20T12:00:00Z/2026-02-20T13:00:00Z,112233445566,2026-02-01T00:00:00Z,2026-03-01T00:00:00Z,AWS,334455667788,SavingsPlanCoveredUsage,2026-02-20T12:00:00Z,2026-02-20T13:00:00Z,AmazonEC2,USEA-BoxUsage:t3.micro,RunInstances,us-east-1b,i-0ca58f3cc60ce4d71,1.0,0.5,0.5,0.0104,0.0104,0.007085,0.007085,Hrs,0.0104,0.0104,Amazon Elastic Compute Cloud,t3.micro,2,1 GiB,Linux,us-east-1,AmazonEC2,1.89,4.24,2.84,692,2026-01-15T17:30:43Z,,,,,,,,,,,arn:aws:savingsplans::334455667788:savingsplan/2c282100-49d4-4d15-8399-6f58e67345ca,0.007085,0.007085,0.007085,,
a90007b6de974a3db9d299ec7cfe0d91,2026-02-20T21:00:00Z/2026-02-20T22:00:00Z,112233445566,2026-02-01T00:00:00Z,2026-03-01T00:00:00Z,AWS,334455667788,SavingsPlanCoveredUsage,2026-02-20T21:00:00Z,2026-02-20T22:00:00Z,AmazonEC2,USEA-BoxUsage:t3.micro,RunInstances,us-east-1b,i-0ca58f3cc60ce4d71,1.0,0.5,0.5,0.0104,0.0104,0.006806,0.006806,Hrs,0.0104,0.0104,Amazon Elastic Compute Cloud,t3.micro,2,1 GiB,Linux,us-east-1,AmazonEC2,1.88,6.25,5.84,452,2026-01-12T07:43:38Z,,,,,,,,,,,arn:aws:savingsplans::334455667788:savingsplan/2c282100-49d4-4d15-8399-6f58e67345ca,0.006806,0.006806,0.006806,,
a62d87fe49024116884db7f1569654bf,2026-02-21T06:00:00Z/2026-02-21T07:00:00Z,112233445566,2026-02-01T00:00:00Z,2026-03-01T00:00:00Z,AWS,334455667788,SavingsPlanCoveredUsage,2026-02-21T06:00:00Z,2026-02-21T07:00:00Z,AmazonEC2,USEA-BoxUsage:t3.micro,RunInstances,us-east-1b,i-0ca58f3cc60ce4d71,1.0,0.5,0.5,0.0104,0.0104,0.006964,0.006964,Hrs,0.0104,0.0104,Amazon Elastic Compute Cloud,t3.micro,2,1 GiB,Linux,us-east-1,AmazonEC2,1.71,2.04,7.82,532,2026-01-13T01:13:47Z,,,,,,,,,,,arn:aws:savingsplans::334455667788:savingsplan/2c282100-49d4-4d15-8399-6f58e67345ca,0.006964,0.006964,0.006964,,
a863455fecce45a98e849009b64f39ec,2026-02-21T15:00:00Z/2026-02-21T16:00:00Z,112233445566,2026-02-01T00:00:00Z,2026-03-01T00:00:00Z,AWS,334455667788,SavingsPlanCoveredUsage,2026-02-21T15:00:00Z,2026-02-21T16:00:00Z,AmazonEC2,USEA-BoxUsage:t3.micro,RunInstances,us-east-1b,i-0ca58f3cc60ce4d71,1.0,0.5,0.5,0.0104,0.0104,0.007285,0.007285,Hrs,0.0104,0.0104,Amazon Elastic Compute Cloud,t3.micro,2,1 GiB,Linux,us-east-1,AmazonEC2,1.68,7.15,5.47,705,2026-02-05T20:42:51Z,,,,,,,,,,,arn:aws:savingsplans::334455667788:savingsplan/2c282100-49d4-4d15-8399-6f58e67345ca,0.007285,0.007285,0.007285,,
cc0eb480b2be437b8d9cb4cef82e45b3,2026-02-22T00:00:00Z/2026-02-22T01:00:00Z,112233445566,2026-02-01T00:00:00Z,2026-03-01T00:00:00Z,AWS,334455667788,SavingsPlanCoveredUsage,2026-02-22T00:00:00Z,2026-02-22T01:00:00Z,AmazonEC2,USEA-BoxUsage:t3.micro,RunInstances,us-east-1b,i-0ca58f3cc60ce4d71,1.0,0.5,0.5,0.0104,0.0104,0.006985,0.006985,Hrs,0.0104,0.0104,Amazon Elastic Compute Cloud,t3.micro,2,1 GiB,Linux,us-east-1,AmazonEC2,2.69,4.1,6.23,506,2026-01-16T07:07:29Z,,,,,,,,,,,arn:aws:savingsplans::334455667788:savingsplan/2c282100-49d4-4d15-8399-6f58e67345ca,0.006985,0.006985,0.006985,,
beadd92f9dca4ff0b00a24096b09852a,2026-02-22T09:00:00Z/2026-02-22T10:00:00Z,112233445566,2026-02-01T00:00:00Z,2026-03-01T00:00:00Z,AWS,334455667788,SavingsPlanCoveredUsage,2026-02-22T09:00:00Z,2026-02-22T10:00:00Z,AmazonEC2,USEA-BoxUsage:t3.micro,RunInstances,us-east-1b,i-0ca58f3cc60ce4d71,1.0,0.5,0.5,0.0104,0.0104,0.007592,0.007592,Hrs,0.0104,0.0104,Amazon Elastic Compute Cloud,t3.micro,2,1 GiB,Linux,us-east-1,AmazonEC2,1.99,4.26,2.86,541,2026-01-16T17:14:51Z,,,,,,,,,,,arn:aws:savingsplans::334455667788:savingsplan/2c282100-49d4-4d15-8399-6f58e67345ca,0.007592,0.007592,0.007592,,
d368da4b652344999530f3a38f5a0b47,2026-02-22T18:00:00Z/2026-02-22T19:00:00Z,112233445566,2026-02-01T00:00:00Z,2026-03-01T00:00:00Z,AWS,334455667788,SavingsPlanCoveredUsage,2026-02-22T18:00:00Z,2026-02-22T19:00:00Z,AmazonEC2,USEA-BoxUsage:t3.micro,RunInstances,us-east-1b,i-0ca58f3cc60ce4d71,1.0,0.5,0.5,0.0104,0.0104,0.007709,0.007709,Hrs,0.0104,0.0104,Amazon Elastic Compute Cloud,t3.micro,2,1 GiB,Linux,us-east-1,AmazonEC2,2.69,8.43,6.07,425,2026-02-01T06:36:29Z,,,,,,,,,,,arn:aws:savingsplans::334455667788:savingsplan/2c282100-49d4-4d15-8399-6f58e67345ca,0.007709,0.007709,0.007709,,
93737745f326443ca7c18b07c910d529,2026-02-23T03:00:00Z/2026-02-23T04:00:00Z,112233445566,2026-02-01T00:00:00Z,2026-03-01T00:00:00Z,AWS,334455667788,SavingsPlanCoveredUsage,2026-02-23T03:00:00Z,2026-02-23T04:00:00Z,AmazonEC2,USEA-BoxUsage:t3.micro,RunInstances,us-east-1b,i-0ca58f3cc60ce4d71,1.0,0.5,0.5,0.0104,0.0104,0.007162,0.007162,Hrs,0.0104,0.0104,Amazon Elastic Compute Cloud,t3.micro,2,1 GiB,Linux,us-east-1,AmazonEC2,1.44,6.2,4.3,664,2026-02-08T14:34:19Z,,,,,,,,,,,arn:aws:savingsplans::334455667788:savingsplan/2c282100-49d4-4d15-8399-6f58e67345ca,0.007162,0.007162,0.007162,,
d9bd1a77d9bd4830889f9a88ec6e49cd,2026-02-23T12:00:00Z/2026-02-23T13:00:00Z,112233445566,2026-02-01T00:00:00Z,2026-03-01T00:00:00Z,AWS,334455667788,SavingsPlanCoveredUsage,2026-02-23T12:00:00Z,2026-02-23T13:00:00Z,AmazonEC2,USEA-BoxUsage:t3.micro,RunInstances,us-east-1b,i-0ca58f3cc60ce4d71,1.0,0.5,0.5,0.0104,0.0104,0.007118,0.007118,Hrs,0.0104,0.0104,Amazon Elastic Compute Cloud,t3.micro,2,1 GiB,Linux,us-east-1,AmazonEC2,3.49,7.51,5.26,692,2026-02-01T06:47:44Z,,,,,,,,,,,arn:aws:savingsplans::334455667788:savingsplan/2c282100-49d4-4d15-8399-6f58e67345ca,0.007118,0.007118,0.007118,,
595f564f480e4eb8a892ba269a81800f,2026-02-23T21:00:00Z/2026-02-23T22:00:00Z,112233445566,2026-02-01T00:00:00Z,2026-03-01T00:00:00Z,AWS,334455667788,SavingsPlanCoveredUsage,2026-02-23T21:00:00Z,2026-02-23T22:00:00Z,AmazonEC2,USEA-BoxUsage:t3.micro,RunInstances,us-east-1b,i-0ca58f3cc60ce4d71,1.0,0.5,0.5,0.0104,0.0104,0.00755,0.00755,Hrs,0.0104,0.0104,Amazon Elastic Compute Cloud,t3.micro,2,1 GiB,Linux,us-east-1,AmazonEC2,3.69,3.14,5.26,592,2026-01-29T18:37:53Z,,,,,,,,,,,arn:aws:savingsplans::334455667788:savingsplan/2c282100-49d4-4d15-8399-6f58e67345ca,0.00755,0.00755,0.00755,,
1069f9f16ed54cdb80c2f5bf3ea28de6,2026-02-24T06:00:00Z/2026-02-24T07:00:00Z,112233445566,2026-02-01T00:00:00Z,2026-03-01T00:00:00Z,AWS,334455667788,SavingsPlanCoveredUsage,2026-02-24T06:00:00Z,2026-02-24T07:00:00Z,AmazonEC2,USEA-BoxUsage:t3.micro,RunInstances,us-east-1b,i-0ca58f3cc60ce4d71,1.0,0.5,0.5,0.0104,0.0104,0.007773,0.007773,Hrs,0.0104,0.0104,Amazon Elastic Compute Cloud,t3.micro,2,1 GiB,Linux,us-east-1,AmazonEC2,3.5,8.84,7.16,712,2026-02-01T08:28:50Z,,,,,,,,,,,arn:aws:savingsplans::334455667788:savingsplan/2c282100-49d4-4d15-8399-6f58e67345ca,0.007773,0.007773,0.007773,,
efaf5fdfad404d0ca547464943e91793,2026-02-24T15:00:00Z/2026-02-24T16:00:00Z,112233445566,2026-02-01T00:00:00Z,2026-03-01T00:00:00Z,AWS,334455667788,SavingsPlanCoveredUsage,2026-02-24T15:00:00Z,2026-02-24T16:00:00Z,AmazonEC2,USEA-BoxUsage:t3.micro,RunInstances,us-east-1b,i-0ca58f3cc60ce4d71,1.0,0.5,0.5,0.0104,0.0104,0.007129,0.007129,Hrs,0.0104,0.0104,Amazon Elastic Compute Cloud,t3.micro,2,1 GiB,Linux,us-east-1,AmazonEC2,2.28,7.8,3.67,504,2026-01-24T12:50:13Z,,,,,,,,,,,arn:aws:savingsplans::334455667788:savingsplan/2c282100-49d4-4d15-8399-6f58e67345ca,0.007129,0.007129,0.007129,,
95129b6289804f60ac70fb36f68b9ab1,2026-02-25T00:00:00Z/2026-02-25T01:00:00Z,112233445566,2026-02-01T00:00:00Z,2026-03-01T00:00:00Z,AWS,334455667788,SavingsPlanCoveredUsage,2026-02-25T00:00:00Z,2026-02-25T01:00:00Z,AmazonEC2,USEA-BoxUsage:t3.micro,RunInstances,us-east-1b,i-0ca58f3cc60ce4d71,1.0,0.5,0.5,0.0104,0.0104,0.006998,0.006998,Hrs,0.0104,0.0104,Amazon Elastic Compute Cloud,t3.micro,2,1 GiB,Linux,us-east-1,AmazonEC2,3.61,2.54,1.74,610,2026-01-14T19:00:36Z,,,,,,,,,,,arn:aws:savingsplans::334455667788:savingsplan/2c282100-49d4-4d15-8399-6f58e67345ca,0.006998,0.006998,0.006998,,
f67ead60590e4992810be1789efa2fbb,2026-02-25T09:00:00Z/2026-02-25T10:00:00Z,112233445566,2026-02-01T00:00:00Z,2026-03-01T00:00:00Z,AWS,334455667788,SavingsPlanCoveredUsage,2026-02-25T09:00:00Z,2026-02-25T10:00:00Z,AmazonEC2,USEA-BoxUsage:t3.micro,RunInstances,us-east-1b,i-0ca58f3cc60ce4d71,1.0,0.5,0.5,0.0104,0.0104,0.00731,0.00731,Hrs,0.0104,0.0104,Amazon Elastic Compute Cloud,t3.micro,2,1 GiB,Linux,us-east-1,AmazonEC2,3.75,3.54,7.64,662,2026-01-12T10:18:34Z,,,,,,,,,,,arn:aws:savingsplans::334455667788:savingsplan/2c282100-49d4-4d15-8399-6f58e67345ca,0.00731,0.00731,0.00731,,
00165aee469b4efd845480169ab70208,2026-02-25T18:00:00Z/2026-02-25T19:00:00Z,112233445566,2026-02-01T00:00:00Z,2026-03-01T00:00:00Z,AWS,334455667788,SavingsPlanCoveredUsage,2026-02-25T18:00:00Z,2026-02-25T19:00:00Z,AmazonEC2,USEA-BoxUsage:t3.micro,RunInstances,us-east-1b,i-0ca58f3cc60ce4d71,1.0,0.5,0.5,0.0104,0.0104,0.007738,0.007738,Hrs,0.0104,0.0104,Amazon Elastic Compute Cloud,t3.micro,2,1 GiB,Linux,us-east-1,AmazonEC2,2.95,8.97,4.04,510,2026-02-07T20:19:27Z,,,,,,,,,,,arn:aws:savingsplans::334455667788:savingsplan/2c282100-49d4-4d15-8399-6f58e67345ca,0.007738,0.007738,0.007738,,
e11ce2b3eafa4623a32e75a7e5445025,2026-02-26T03:00:00Z/2026-02-26T04:00:00Z,112233445566,2026-02-01T00:00:00Z,2026-03-01T00:00:00Z,AWS,334455667788,SavingsPlanCoveredUsage,2026-02-26T03:00:00Z,2026-02-26T04:00:00Z,AmazonEC2,USEA-BoxUsage:t3.micro,RunInstances,us-east-1b,i-0ca58f3cc60ce4d71,1.0,0.5,0.5,0.0104,0.0104,0.007437,0.007437,Hrs,0.0104,0.0104,Amazon Elastic Compute Cloud,t3.micro,2,1 GiB,Linux,us-east-1,AmazonEC2,0.96,7.42,3.62,390,2026-01-24T16:34:35Z,,,,,,,,,,,arn:aws:savingsplans::334455667788:savingsplan/2c282100-49d4-4d15-8399-6f58e67345ca,0.007437,0.007437,0.007437,,
2b6ec9fb2db1405c8a15b9d3db11b148,2026-02-26T12:00:00Z/2026-02-26T13:00:00Z,112233445566,2026-02-01T00:00:00Z,2026-03-01T00:00:00Z,AWS,334455667788,SavingsPlanCoveredUsage,2026-02-26T12:00:00Z,2026-02-26T13:00:00Z,AmazonEC2,USEA-BoxUsage:t3.micro,RunInstances,us-east-1b,i-0ca58f3cc60ce4d71,1.0,0.5,0.5,0.0104,0.0104,0.007544,0.007544,Hrs,0.0104,0.0104,Amazon Elastic Compute Cloud,t3.micro,2,1 GiB,Linux,us-east-1,AmazonEC2,1.93,4.34,2.85,687,2026-01-23T03:53:35Z,,,,,,,,,,,arn:aws:savingsplans::334455667788:savingsplan/2c282100-49d4-4d15-8399-6f58e67345ca,0.007544,0.007544,0.007544,,
a82437214a7644fc8456614e7f1c5f62,2026-02-26T21:00:00Z/2026-02-26T22:00:00Z,112233445566,2026-02-01T00:00:00Z,2026-03-01T00:00:00Z,AWS,334455667788,SavingsPlanCoveredUsage,2026-02-26T21:00:00Z,2026-02-26T22:00:00Z,AmazonEC2,USEA-BoxUsage:t3.micro,RunInstances,us-east-1b,i-0ca58f3cc60ce4d71,1.0,0.5,0.5,0.0104,0.0104,0.007528,0.007528,Hrs,0.0104,0.0104,Amazon Elastic Compute Cloud,t3.micro,2,1 GiB,Linux,us-east-1,AmazonEC2,2.42,4.71,4.48,690,2026-02-02T08:27:27Z,,,,,,,,,,,arn:aws:savingsplans::334455667788:savingsplan/2c282100-49d4-4d15-8399-6f58e67345ca,0.007528,0.007528,0.007528,,
ae558812b6dd437d800e7c646958183c,2026-02-27T06:00:00Z/2026-02-27T07:00:00Z,112233445566,2026-02-01T00:00:00Z,2026-03-01T00:00:00Z,AWS,334455667788,SavingsPlanCoveredUsage,2026-02-27T06:00:00Z,2026-02-27T07:00:00Z,AmazonEC2,USEA-BoxUsage:t3.micro,RunInstances,us-east-1b,i-0ca58f3cc60ce4d71,1.0,0.5,0.5,0.0104,0.0104,0.007674,0.007674,Hrs,0.0104,0.0104,Amazon Elastic Compute Cloud,t3.micro,2,1 GiB,Linux,us-east-1,AmazonEC2,3.93,7.81,6.85,415,2026-01-30T12:18:21Z,,,,,,,,,,,arn:aws:savingsplans::334455667788:savingsplan/2c282100-49d4-4d15-8399-6f58e67345ca,0.007674,0.007674,0.007674,,
cbbd56c941ed42f79b0eea759f7c2a5c,2026-02-27T15:00:00Z/2026-02-27T16:00:00Z,112233445566,2026-02-01T00:00:00Z,2026-03-01T00:00:00Z,AWS,334455667788,SavingsPlanCoveredUsage,2026-02-27T15:00:00Z,2026-02-27T16:00:00Z,AmazonEC2,USEA-BoxUsage:t3.micro,RunInstances,us-east-1b,i-0ca58f3cc60ce4d71,1.0,0.5,0.5,0.0104,0.0104,0.00742,0.00742,Hrs,0.0104,0.0104,Amazon Elastic Compute Cloud,t3.micro,2,1 GiB,Linux,us-east-1,AmazonEC2,4.95,9.53,2.3,259,2026-02-03T00:39:38Z,,,,,,,,,,,arn:aws:savingsplans::334455667788:savingsplan/2c282100-49d4-4d15-8399-6f58e67345ca,0.00742,0.00742,0.00742,,
1a6e4de98568426c850ab490b4def387,2026-02-01T00:00:00Z/2026-02-01T01:00:00Z,112233445566,2026-02-01T00:00:00Z,2026-03-01T00:00:00Z,AWS,223344556677,SavingsPlanCoveredUsage,2026-02-01T00:00:00Z,2026-02-01T01:00:00Z,AmazonEC2,USWE-BoxUsage:m5.2xlarge,RunInstances,us-west-2a,i-0f260a39315fa4849,1.0,16.0,16.0,0.384,0.384,0.262799,0.262799,Hrs,0.384,0.384,Amazon Elastic Compute Cloud,m5.2xlarge,8,32 GiB,Linux,us-west-2,AmazonEC2,41.33,39.4,33.81,46,2026-01-30T07:31:44Z,data-eng,prod,CC200,,,,,,,,arn:aws:savingsplans::223344556677:savingsplan/a267a586-6733-4c23-8aa7-2602a07aede2,0.262799,0.262799,0.262799,,
ee3410913d67401ba9d95bec1ea6d5db,2026-02-01T09:00:00Z/2026-02-01T10:00:00Z,112233445566,2026-02-01T00:00:00Z,2026-03-01T00:00:00Z,AWS,223344556677,SavingsPlanCoveredUsage,2026-02-01T09:00:00Z,2026-02-01T10:00:00Z,AmazonEC2,USWE-BoxUsage:m5.2xlarge,RunInstances,us-west-2a,i-0f260a39315fa4849,1.0,16.0,16.0,0.384,0.384,0.260359,0.260359,Hrs,0.384,0.384,Amazon Elastic Compute Cloud,m5.2xlarge,8,32 GiB,Linux,us-west-2,AmazonEC2,25.2,43.76,36.33,41,2026-01-30T06:11:55Z,data-eng,prod,CC200,,,,,,,,arn:aws:savingsplans::223344556677:savingsplan/a267a586-6733-4c23-8aa7-2602a07aede2,0.260359,0.260359,0.260359,,
7a43ae8d4fbe433688cc0a70116d536e,2026-02-01T18:00:00Z/2026-02-01T19:00:00Z,112233445566,2026-02-01T00:00:00Z,2026-03-01T00:00:00Z,AWS,223344556677,SavingsPlanCoveredUsage,2026-02-01T18:00:00Z,2026-02-01T19:00:00Z,AmazonEC2,USWE-BoxUsage:m5.2xlarge,RunInstances,us-west-2a,i-0f260a39315fa4849,1.0,16.0,16.0,0.384,0.384,0.277419,0.277419,Hrs,0.384,0.384,Amazon Elastic Compute Cloud,m5.2xlarge,8,32 GiB,Linux,us-west-2,AmazonEC2,23.39,44.07,19.44,61,2026-01-31T04:50:46Z,data-eng,prod,CC200,,,,,,,,arn:aws:savingsplans::223344556677:savingsplan/a267a586-6733-4c23-8aa7-2602a07aede2,0.277419,0.277419,0.277419,,
b824cf5e91cf43b0b6f4568ebf44a0e6,2026-02-02T03:00:00Z/2026-02-02T04:00:00Z,112233445566,2026-02-01T00:00:00Z,2026-03-01T00:00:00Z,AWS,223344556677,SavingsPlanCoveredUsage,2026-02-02T03:00:00Z,2026-02-02T04:00:00Z,AmazonEC2,USWE-BoxUsage:m5.2xlarge,RunInstances,us-west-2a,i-0f260a39315fa4849,1.0,16.0,16.0,0.384,0.384,0.271796,0.271796,Hrs,0.384,0.384,Amazon Elastic Compute Cloud,m5.2xlarge,8,32 GiB,Linux,us-west-2,AmazonEC2,37.38,32.89,36.72,69,2026-01-29T03:09:22Z,data-eng,prod,CC200,,,,,,,,arn:aws:savingsplans::223344556677:savingsplan/a267a586-6733-4c23-8aa7-2602a07aede2,0.271796,0.271796,0.271796,,
1e93234a91404f85a978edd0c38257d2,2026-02-02T12:00:00Z/2026-02-02T13:00:00Z,112233445566,2026-02-01T00:00:00Z,2026-03-01T00:00:00Z,AWS,223344556677,SavingsPlanCoveredUsage,2026-02-02T12:00:00Z,2026-02-02T13:00:00Z,AmazonEC2,USWE-BoxUsage:m5.2xlarge,RunInstances,us-west-2a,i-0f260a39315fa4849,1.0,16.0,16.0,0.384,0.384,0.286154,0.286154,Hrs,0.384,0.384,Amazon Elastic Compute Cloud,m5.2xlarge,8,32 GiB,Linux,us-west-2,AmazonEC2,34.03,44.75,35.28,71,2026-01-29T10:31:36Z,data-eng,prod,CC200,,,,,,,,arn:aws:savingsplans::223344556677:savingsplan/a267a586-6733-4c23-8aa7-2602a07aede2,0.286154,0.286154,0.286154,,
dfa5722077db40e5aed399bb97162823,2026-02-02T21:00:00Z/2026-02-02T22:00:00Z,112233445566,2026-02-01T00:00:00Z,2026-03-01T00:00:00Z,AWS,223344556677,SavingsPlanCoveredUsage,2026-02-02T21:00:00Z,2026-02-02T22:00:00Z,AmazonEC2,USWE-BoxUsage:m5.2xlarge,RunInstances,us-west-2a,i-0f260a39315fa4849,1.0,16.0,16.0,0.384,0.384,0.286823,0.286823,Hrs,0.384,0.384,Amazon Elastic Compute Cloud,m5.2xlarge,8,32 GiB,Linux,us-west-2,AmazonEC2,36.63,36.93,31.86,50,2026-01-31T06:06:25Z,data-eng,prod,CC200,,,,,,,,arn:aws:savingsplans::223344556677:savingsplan/a267a586-6733-4c23-8aa7-2602a07aede2,0.286823,0.286823,0.286823,,
a20d4f1f08de4b2da3bdc97b03dbcba4,2026-02-03T06:00:00Z/2026-02-03T07:00:00Z,112233445566,2026-02-01T00:00:00Z,2026-03-01T00:00:00Z,AWS,223344556677,SavingsPlanCoveredUsage,2026-02-03T06:00:00Z,2026-02-03T07:00:00Z,AmazonEC2,USWE-BoxUsage:m5.2xlarge,RunInstances,us-west-2a,i-0f260a39315fa4849,1.0,16.0,16.0,0.384,0.384,0.283581,0.283581,Hrs,0.384,0.384,Amazon Elastic Compute Cloud,m5.2xlarge,8,32 GiB,Linux,us-west-2,AmazonEC2,37.41,43.26,41.33,53,2026-01-31T00:44:37Z,data-eng,prod,CC200,,,,,,,,arn:aws:savingsplans::223344556677:savingsplan/a267a586-6733-4c23-8aa7-2602a07aede2,0.283581,0.283581,0.283581,,
f03423c1eefd473d83e95db32a876a1a,2026-02-03T15:00:00Z/2026-02-03T16:00:00Z,112233445566,2026-02-01T00:00:00Z,2026-03-01T00:00:00Z,AWS,223344556677,SavingsPlanCoveredUsage,2026-02-03T15:00:00Z,2026-02-03T16:00:00Z,AmazonEC2,USWE-BoxUsage:m5.2xlarge,RunInstances,us-west-2a,i-0f260a39315fa4849,1.0,16.0,16.0,0.384,0.384,0.277018,0.277018,Hrs,0.384,0.384,Amazon Elastic Compute Cloud,m5.2xlarge,8,32 GiB,Linux,us-west-2,AmazonEC2,34.32,47.61,22.83,37,2026-02-01T11:21:09Z,data-eng,prod,CC200,,,,,,,,arn:aws:savingsplans::223344556677:savingsplan/a267a586-6733-4c23-8aa7-2602a07aede2,0.277018,0.277018,0.277018,,
a1824d28ce2843df951d5fa4423135ab,2026-02-04T00:00:00Z/2026-02-04T01:00:00Z,112233445566,2026-02-01T00:00:00Z,2026-03-01T00:00:00Z,AWS,223344556677,SavingsPlanCoveredUsage,2026-02-04T00:00:00Z,2026-02-04T01:00:00Z,AmazonEC2,USWE-BoxUsage:m5.2xlarge,RunInstances,us-west-2a,i-0f260a39315fa4849,1.0,16.0,16.0,0.384,0.384,0.276265,0.276265,Hrs,0.384,0.384,Amazon Elastic Compute Cloud,m5.2xlarge,8,32 GiB,Linux,us-west-2,AmazonEC2,29.36,48.54,19.69,13,2026-01-31T16:08:58Z,data-eng,prod,CC200,,,,,,,,arn:aws:savingsplans::223344556677:savingsplan/a267a586-6733-4c23-8aa7-2602a07aede2,0.276265,0.276265,0.276265,,
31768d72a7a042d38075c46da5603674,2026-02-04T09:00:00Z/2026-02-04T10:00:00Z,112233445566,2026-02-01T00:00:00Z,2026-03-01T00:00:00Z,AWS,223344556677,SavingsPlanCoveredUsage,2026-02-04T09:00:00Z,2026-02-04T10:00:00Z,AmazonEC2,USWE-BoxUsage:m5.2xlarge,RunInstances,us-west-2a,i-0f260a39315fa4849,1.0,16.0,16.0,0.384,0.384,0.257308,0.257308,Hrs,0.384,0.384,Amazon Elastic Compute Cloud,m5.2xlarge,8,32 GiB,Linux,us-west-2,AmazonEC2,32.53,50.51,18.79,35,2026-02-02T14:02:32Z,data-eng,prod,CC200,,,,,,,,arn:aws:savingsplans::223344556677:savingsplan/a267a586-6733-4c23-8aa7-2602a07aede2,0.257308,0.257308,0.257308,,
9fb7c22d209b492eb6cd0255561ce3e1,2026-02-04T18:00:00Z/2026-02-04T19:00:00Z,112233445566,2026-02-01T00:00:00Z,2026-03-01T00:00:00Z,AWS,223344556677,SavingsPlanCoveredUsage,2026-02-04T18:00:00Z,2026-02-04T19:00:00Z,AmazonEC2,USWE-BoxUsage:m5.2xlarge,RunInstances,us-west-2a,i-0f260a39315fa4849,1.0,16.0,16.0,0.384,0.384,0.287125,0.287125,Hrs,0.384,0.384,Amazon Elastic Compute Cloud,m5.2xlarge,8,32 GiB,Linux,us-west-2,AmazonEC2,24.07,37.2,31.58,14,2026-02-03T04:27:36Z,data-eng,prod,CC200,,,,,,,,arn:aws:savingsplans::223344556677:savingsplan/a267a586-6733-4c23-8aa7-2602a07aede2,0.287125,0.287125,0.287125,,
f3daddd812ed4e95a455e5a330898cf9,2026-02-05T12:00:00Z/2026-02-05T13:00:00Z,112233445566,2026-02-01T00:00:00Z,2026-03-01T00:00:00Z,AWS,223344556677,SavingsPlanCoveredUsage,2026-02-05T12:00:00Z,2026-02-05T13:00:00Z,AmazonEC2,USWE-BoxUsage:m5.2xlarge,RunInstances,us-west-2a,i-0f260a39315fa4849,1.0,16.0,16.0,0.384,0.384,0.24998,0.24998,Hrs,0.384,0.384,Amazon Elastic Compute Cloud,m5.2xlarge,8,32 GiB,Linux,us-west-2,AmazonEC2,30.6,44.33,23.5,15,2026-02-03T10:43:11Z,data-eng,prod,CC200,,,,,,,,arn:aws:savingsplans::223344556677:savingsplan/a267a586-6733-4c23-8aa7-2602a07aede2,0.24998,0.24998,0.24998,,
051f3fc00a574df9a89baa479a885c62,2026-02-05T21:00:00Z/2026-02-05T22:00:00Z,112233445566,2026-02-01T00:00:00Z,2026-03-01T00:00:00Z,AWS,223344556677,SavingsPlanCoveredUsage,2026-02-05T21:00:00Z,2026-02-05T22:00:00Z,AmazonEC2,USWE-BoxUsage:m5.2xlarge,RunInstances,us-west-2a,i-0f260a39315fa4849,1.0,16.0,16.0,0.384,0.384,0.252589,0.252589,Hrs,0.384,0.384,Amazon Elastic Compute Cloud,m5.2xlarge,8,32 GiB,Linux,us-west-2,AmazonEC2,37.42,41.69,33.89,65,2026-02-03T04:49:33Z,data-eng,prod,CC200,,,,,,,,arn:aws:savingsplans::223344556677:savingsplan/a267a586-6733-4c23-8aa7-2602a07aede2,0.252589,0.252589,0.252589,,
49eacc1e39dd48988fa1e8836517fe7e,2026-02-06T06:00:00Z/2026-02-06T07:00:00Z,112233445566,2026-02-01T00:00:00Z,2026-03-01T00:00:00Z,AWS,223344556677,SavingsPlanCoveredUsage,2026-02-06T06:00:00Z,2026-02-06T07:00:00Z,AmazonEC2,USWE-BoxUsage:m5.2xlarge,RunInstances,us-west-2a,i-0f260a39315fa4849,1.0,16.0,16.0,0.384,0.384,0.285216,0.285216,Hrs,0.384,0.384,Amazon Elastic Compute Cloud,m5.2xlarge,8,32 GiB,Linux,us-west-2,AmazonEC2,33.85,36.44,23.37,17,2026-02-04T12:45:25Z,data-eng,prod,CC200,,,,,,,,arn:aws:savingsplans::223344556677:savingsplan/a267a586-6733-4c23-8aa7-2602a07aede2,0.285216,0.285216,0.285216,,
3bd1399826c54d62884fd1013f66df9a,2026-02-06T15:00:00Z/2026-02-06T16:00:00Z,112233445566,2026-02-01T00:00:00Z,2026-03-01T00:00:00Z,AWS,223344556677,SavingsPlanCoveredUsage,2026-02-06T15:00:00Z,2026-02-06T16:00:00Z,AmazonEC2,USWE-BoxUsage:m5.2xlarge,RunInstances,us-west-2a,i-0f260a39315fa4849,1.0,16.0,16.0,0.384,0.384,0.282157,0.282157,Hrs,0.384,0.384,Amazon Elastic Compute Cloud,m5.2xlarge,8,32 GiB,Linux,us-west-2,AmazonEC2,40.09,47.6,38.7,43,2026-02-03T21:53:44Z,data-eng,prod,CC200,,,,,,,,arn:aws:savingsplans::223344556677:savingsplan/a267a586-6733-4c23-8aa7-2602a07aede2,0.282157,0.282157,0.282157,,
86fc0c93f945487bba22ca361d0ab63a,2026-02-07T00:00:00Z/2026-02-07T01:00:00Z,112233445566,2026-02-01T00:00:00Z,2026-03-01T00:00:00Z,AWS,223344556677,SavingsPlanCoveredUsage,2026-02-07T00:00:00Z,2026-02-07T01:00:00Z,AmazonEC2,USWE-BoxUsage:m5.2xlarge,RunInstances,us-west-2a,i-0f260a39315fa4849,1.0,16.0,16.0,0.384,0.384,0.278466,0.278466,Hrs,0.384,0.384,Amazon Elastic Compute Cloud,m5.2xlarge,8,32 GiB,Linux,us-west-2,AmazonEC2,40.76,38.76,37.19,60,2026-02-04T13:50:40Z,data-eng,prod,CC200,,,,,,,,arn:aws:savingsplans::223344556677:savingsplan/a267a586-6733-4c23-8aa7-2602a07aede2,0.278466,0.278466,0.278466,,
6282163d4b6b42c9a3962e7f314ba511,2026-02-07T09:00:00Z/2026-02-07T10:00:00Z,112233445566,2026-02-01T00:00:00Z,2026-03-01T00:00:00Z,AWS,223344556677,SavingsPlanCoveredUsage,2026-02-07T09:00:00Z,2026-02-07T10:00:00Z,AmazonEC2,USWE-BoxUsage:m5.2xlarge,RunInstances,us-west-2a,i-0f260a39315fa4849,1.0,16.0,16.0,0.384,0.384,0.255862,0.255862,Hrs,0.384,0.384,Amazon Elastic Compute Cloud,m5.2xlarge,8,32 GiB,Linux,us-west-2,AmazonEC2,39.44,48.14,40.29,55,2026-02-06T03:25:50Z,data-eng,prod,CC200,,,,,,,,arn:aws:savingsplans::223344556677:savingsplan/a267a586-6733-4c23-8aa7-2602a07aede2,0.255862,0.255862,0.255862,,
105de81d527a42bba548bb9150f0ca60,2026-02-07T18:00:00Z/2026-02-07T19:00:00Z,112233445566,2026-02-01T00:00:00Z,2026-03-01T00:00:00Z,AWS,223344556677,SavingsPlanCoveredUsage,2026-02-07T18:00:00Z,2026-02-07T19:00:00Z,AmazonEC2,USWE-BoxUsage:m5.2xlarge,RunInstances,us-west-2a,i-0f260a39315fa4849,1.0,16.0,16.0,0.384,0.384,0.27889,0.27889,Hrs,0.384,0.384,Amazon Elastic Compute Cloud,m5.2xlarge,8,32 GiB,Linux,us-west-2,AmazonEC2,26.95,31.04,23.83,71,2026-02-06T10:49:45Z,data-eng,prod,CC200,,,,,,,,arn:aws:savingsplans::223344556677:savingsplan/a267a586-6733-4c23-8aa7-2602a07aede2,0.27889,0.27889,0.27889,,
46bdafa7896749b9934b2c678013181e,2026-02-08T03:00:00Z/2026-02-08T04:00:00Z,112233445566,2026-02-01T00:00:00Z,2026-03-01T00:00:00Z,AWS,223344556677,SavingsPlanCoveredUsage,2026-02-08T03:00:00Z,2026-02-08T04:00:00Z,AmazonEC2,USWE-BoxUsage:m5.2xlarge,RunInstances,us-west-2a,i-0f260a39315fa4849,1.0,16.0,16.0,0.384,0.384,0.259572,0.259572,Hrs,0.384,0.384,Amazon Elastic Compute Cloud,m5.2xlarge,8,32 GiB,Linux,us-west-2,AmazonEC2,41.56,49.11,27.19,48,2026-02-05T11:48:12Z,data-eng,prod,CC200,,,,,,,,arn:aws:savingsplans::223344556677:savingsplan/a267a586-6733-4c23-8aa7-2602a07aede2,0.259572,0.259572,0.259572,,
78a15ab8fac64a48925199bf116a6b3b,2026-02-08T12:00:00Z/2026-02-08T13:00:00Z,112233445566,2026-02-01T00:00:00Z,2026-03-01T00:00:00Z,AWS,223344556677,SavingsPlanCoveredUsage,2026-02-08T12:00:00Z,2026-02-08T13:00:00Z,AmazonEC2,USWE-BoxUsage:m5.2xlarge,RunInstances,us-west-2a,i-0f260a39315fa4849,1.0,16.0,16.0,0.384,0.384,0.267875,0.267875,Hrs,0.384,0.384,Amazon Elastic Compute Cloud,m5.2xlarge,8,32 GiB,Linux,us-west-2,AmazonEC2,28.14,28.6,22.12,71,2026-02-05T12:55:03Z,data-eng,prod,CC200,,,,,,,,arn:aws:savingsplans::223344556677:savingsplan/a267a586-6733-4c23-8aa7-2602a07aede2,0.267875,0.267875,0.267875,,
02ecc15e26b346ad8b6fda58ffa6582a,2026-02-08T21:00:00Z/2026-02-08T22:00:00Z,112233445566,2026-02-01T00:00:00Z,2026-03-01T00:00:00Z,AWS,223344556677,SavingsPlanCoveredUsage,2026-02-08T21:00:00Z,2026-02-08T22:00:00Z,AmazonEC2,USWE-BoxUsage:m5.2xlarge,RunInstances,us-west-2a,i-0f260a39315fa4849,1.0,16.0,16.0,0.384,0.384,0.283073,0.283073,Hrs,0.384,0.384,Amazon Elastic Compute Cloud,m5.2xlarge,8,32 GiB,Linux,us-west-2,AmazonEC2,41.57,50.52,36.3,42,2026-02-05T15:29:31Z,data-eng,prod,CC200,,,,,,,,arn:aws:savingsplans::223344556677:savingsplan/a267a586-6733-4c23-8aa7-2602a07aede2,0.283073,0.283073,0.283073,,
68c8b0236e0545f9b5dd3fcb539cff99,2026-02-09T06:00:00Z/2026-02-09T07:00:00Z,112233445566,2026-02-01T00:00:00Z,2026-03-01T00:00:00Z,AWS,223344556677,SavingsPlanCoveredUsage,2026-02-09T06:00:00Z,2026-02-09T07:00:00Z,AmazonEC2,USWE-BoxUsage:m5.2xlarge,RunInstances,us-west-2a,i-0f260a39315fa4849,1.0,16.0,16.0,0.384,0.384,0.278904,0.278904,Hrs,0.384,0.384,Amazon Elastic Compute Cloud,m5.2xlarge,8,32 GiB,Linux,us-west-2,AmazonEC2,30.16,37.08,36.05,42,2026-02-05T02:11:24Z,data-eng,prod,CC200,,,,,,,,arn:aws:savingsplans::223344556677:savingsplan/a267a586-6733-4c23-8aa7-2602a07aede2,0.278904,0.278904,0.278904,,
283c81958f5d4e42b77701b4237701b1,2026-02-09T15:00:00Z/2026-02-09T16:00:00Z,112233445566,2026-02-01T00:00:00Z,2026-03-01T00:00:00Z,AWS,223344556677,SavingsPlanCoveredUsage,2026-02-09T15:00:00Z,2026-02-09T16:00:00Z,AmazonEC2,USWE-BoxUsage:m5.2xlarge,RunInstances,us-west-2a,i-0f260a39315fa4849,1.0,16.0,16.0,0.384,0.384,0.275219,0.275219,Hrs,0.384,0.384,Amazon Elastic Compute Cloud,m5.2xlarge,8,32 GiB,Linux,us-west-2,AmazonEC2,40.37,28.5,21.44,37,2026-02-05T14:43:52Z,data-eng,prod,CC200,,,,,,,,arn:aws:savingsplans::223344556677:savingsplan/a267a586-6733-4c23-8aa7-2602a07aede2,0.275219,0.275219,0.275219,,
a9b1c356875147a8bb87f9b8cd7d3963,2026-02-10T00:00:00Z/2026-02-10T01:00:00Z,112233445566,2026-02-01T00:00:00Z,2026-03-01T00:00:00Z,AWS,223344556677,SavingsPlanCoveredUsage,2026-02-10T00:00:00Z,2026-02-10T01:00:00Z,AmazonEC2,USWE-BoxUsage:m5.2xlarge,RunInstances,us-west-2a,i-0f260a39315fa4849,1.0,16.0,16.0,0.384,0.384,0.258996,0.258996,Hrs,0.384,0.384,Amazon Elastic Compute Cloud,m5.2xlarge,8,32 GiB,Linux,us-west-2,AmazonEC2,38.04,29.77,24.37,17,2026-02-06T11:47:11Z,data-eng,prod,CC200,,,,,,,,arn:aws:savingsplans::223344556677:savingsplan/a267a586-6733-4c23-8aa7-2602a07aede2,0.258996,0.258996,0.258996,,
92a741284e97499c86e96ed6f65bfd7c,2026-02-10T09:00:00Z/2026-02-10T10:00:00Z,112233445566,2026-02-01T00:00:00Z,2026-03-01T00:00:00Z,AWS,223344556677,SavingsPlanCoveredUsage,2026-02-10T09:00:00Z,2026-02-10T10:00:00Z,AmazonEC2,USWE-BoxUsage:m5.2xlarge,RunInstances,us-west-2a,i-0f260a39315fa4849,1.0,16.0,16.0,0.384,0.384,0.255032,0.255032,Hrs,0.384,0.384,Amazon Elastic Compute Cloud,m5.2xlarge,8,32 GiB,Linux,us-west-2,AmazonEC2,25.74,42.28,30.75,58,2026-02-07T18:26:39Z,data-eng,prod,CC200,,,,,,,,arn:aws:savingsplans::223344556677:savingsplan/a267a586-6733-4c23-8aa7-2602a07aede2,0.255032,0.255032,0.255032,,
d45f4a84c2cd4b13ad3c77e208a0b4a5,2026-02-10T18:00:00Z/2026-02-10T19:00:00Z,112233445566,2026-02-01T00:00:00Z,2026-03-01T00:00:00Z,AWS,223344556677,SavingsPlanCoveredUsage,2026-02-10T18:00:00Z,2026-02-10T19:00:00Z,AmazonEC2,USWE-BoxUsage:m5.2xlarge,RunInstances,us-west-2a,i-0f260a39315fa4849,1.0,16.0,16.0,0.384,0.384,0.271444,0.271444,Hrs,0.384,0.384,Amazon Elastic Compute Cloud,m5.2xlarge,8,32 GiB,Linux,us-west-2,AmazonEC2,38.3,41.97,39.83,39,2026-02-07T03:02:08Z,data-eng,prod,CC200,,,,,,,,arn:aws:savingsplans::223344556677:savingsplan/a267a586-6733-4c23-8aa7-2602a07aede2,0.271444,0.271444,0.271444,,
e3e7879f03294175ac9854212b7f1704,2026-02-11T03:00:00Z/2026-02-11T04:00:00Z,112233445566,2026-02-01T00:00:00Z,2026-03-01T00:00:00Z,AWS,223344556677,SavingsPlanCoveredUsage,2026-02-11T03:00:00Z,2026-02-11T04:00:00Z,AmazonEC2,USWE-BoxUsage:m5.2xlarge,RunInstances,us-west-2a,i-0f260a39315fa4849,1.0,16.0,16.0,0.384,0.384,0.262787,0.262787,Hrs,0.384,0.384,Amazon Elastic Compute Cloud,m5.2xlarge,8,32 GiB,Linux,us-west-2,AmazonEC2,29.36,38.64,23.59,35,2026-02-08T22:07:54Z,data-eng,prod,CC200,,,,,,,,arn:aws:savingsplans::223344556677:savingsplan/a267a586-6733-4c23-8aa7-2602a07aede2,0.262787,0.262787,0.262787,,
0bc530d3f32545ea90317c4c9701ff5c,2026-02-11T12:00:00Z/2026-02-11T13:00:00Z,112233445566,2026-02-01T00:00:00Z,2026-03-01T00:00:00Z,AWS,223344556677,SavingsPlanCoveredUsage,2026-02-11T12:00:00Z,2026-02-11T13:00:00Z,AmazonEC2,USWE-BoxUsage:m5.2xlarge,RunInstances,us-west-2a,i-0f260a39315fa4849,1.0,16.0,16.0,0.384,0.384,0.262314,0.262314,Hrs,0.384,0.384,Amazon Elastic Compute Cloud,m5.2xlarge,8,32 GiB,Linux,us-west-2,AmazonEC2,26.34,33.39,28.32,16,2026-02-07T04:29:09Z,data-eng,prod,CC200,,,,,,,,arn:aws:savingsplans::223344556677:savingsplan/a267a586-6733-4c23-8aa7-2602a07aede2,0.262314,0.262314,0.262314,,
5b11899735a6469f908ff74c62027f93,2026-02-11T21:00:00Z/2026-02-11T22:00:00Z,112233445566,2026-02-01T00:00:00Z,2026-03-01T00:00:00Z,AWS,223344556677,SavingsPlanCoveredUsage,2026-02-11T21:00:00Z,2026-02-11T22:00:00Z,AmazonEC2,USWE-BoxUsage:m5.2xlarge,RunInstances,us-west-2a,i-0f260a39315fa4849,1.0,16.0,16.0,0.384,0.384,0.273151,0.273151,Hrs,0.384,0.384,Amazon Elastic Compute Cloud,m5.2xlarge,8,32 GiB,Linux,us-west-2,AmazonEC2,36.88,38.31,25.42,17,2026-02-08T04:58:43Z,data-eng,prod,CC200,,,,,,,,arn:aws:savingsplans::223344556677:savingsplan/a267a586-6733-4c23-8aa7-2602a07aede2,0.273151,0.273151,0.273151,,
596ebcefb9b141ab827a20b0f38e6b7c,2026-02-12T06:00:00Z/2026-02-12T07:00:00Z,112233445566,2026-02-01T00:00:00Z,2026-03-01T00:00:00Z,AWS,223344556677,SavingsPlanCoveredUsage,2026-02-12T06:00:00Z,2026-02-12T07:00:00Z,AmazonEC2,USWE-BoxUsage:m5.2xlarge,RunInstances,us-west-2a,i-0f260a39315fa4849,1.0,16.0,16.0,0.384,0.384,0.25802,0.25802,Hrs,0.384,0.384,Amazon Elastic Compute Cloud,m5.2xlarge,8,32 GiB,Linux,us-west-2,AmazonEC2,32.66,32.48,30.79,13,2026-02-09T20:42:37Z,data-eng,prod,CC200,,,,,,,,arn:aws:savingsplans::223344556677:savingsplan/a267a586-6733-4c23-8aa7-2602a07aede2,0.25802,0.25802,0.25802,,
e73b6917ea4b49469b451b0464fcbfd6,2026-02-12T15:00:00Z/2026-02-12T16:00:00Z,112233445566,2026-02-01T00:00:00Z,2026-03-01T00:00:00Z,AWS,223344556677,SavingsPlanCoveredUsage,2026-02-12T15:00:00Z,2026-02-12T16:00:00Z,AmazonEC2,USWE-BoxUsage:m5.2xlarge,RunInstances,us-west-2a,i-0f260a39315fa4849,1.0,16.0,16.0,0.384,0.384,0.270856,0.270856,Hrs,0.384,0.384,Amazon Elastic Compute Cloud,m5.2xlarge,8,32 GiB,Linux,us-west-2,AmazonEC2,39.02,43.99,40.83,65,2026-02-10T04:35:35Z,data-eng,prod,CC200,,,,,,,,arn:aws:savingsplans::223344556677:savingsplan/a267a586-6733-4c23-8aa7-2602a07aede2,0.270856,0.270856,0.270856,,
c8974665042c4a738ab6482fce5af62c,2026-02-13T00:00:00Z/2026-02-13T01:00:00Z,112233445566,2026-02-01T00:00:00Z,2026-03-01T00:00:00Z,AWS,223344556677,SavingsPlanCoveredUsage,2026-02-13T00:00:00Z,2026-02-13T01:00:00Z,AmazonEC2,USWE-BoxUsage:m5.2xlarge,RunInstances,us-west-2a,i-0f260a39315fa4849,1.0,16.0,16.0,0.384,0.384,0.257982,0.257982,Hrs,0.384,0.384,Amazon Elastic Compute Cloud,m5.2xlarge,8,32 GiB,Linux,us-west-2,AmazonEC2,24.5,38.01,26.16,56,2026-02-08T18:50:03Z,data-eng,prod,CC200,,,,,,,,arn:aws:savingsplans::223344556677:savingsplan/a267a586-6733-4c23-8aa7-2602a07aede2,0.257982,0.257982,0.257982,,
bed2b9d8d30d41b5afa713287f858664,2026-02-13T09:00:00Z/2026-02-13T10:00:00Z,112233445566,2026-02-01T00:00:00Z,2026-03-01T00:00:00Z,AWS,223344556677,SavingsPlanCoveredUsage,2026-02-13T09:00:00Z,2026-02-13T10:00:00Z,AmazonEC2,USWE-BoxUsage:m5.2xlarge,RunInstances,us-west-2a,i-0f260a39315fa4849,1.0,16.0,16.0,0.384,0.384,0.25694,0.25694,Hrs,0.384,0.384,Amazon Elastic Compute Cloud,m5.2xlarge,8,32 GiB,Linux,us-west-2,AmazonEC2,35.61,44.76,19.57,14,2026-02-09T11:26:39Z,data-eng,prod,CC200,,,,,,,,arn:aws:savingsplans::223344556677:savingsplan/a267a586-6733-4c23-8aa7-2602a07aede2,0.25694,0.25694,0.25694,,
d5b416de0ab44fd08b66a87e2fde714d,2026-02-13T18:00:00Z/2026-02-13T19:00:00Z,112233445566,2026-02-01T00:00:00Z,2026-03-01T00:00:00Z,AWS,223344556677,SavingsPlanCoveredUsage,2026-02-13T18:00:00Z,2026-02-13T19:00:00Z,AmazonEC2,USWE-BoxUsage:m5.2xlarge,RunInstances,us-west-2a,i-0f260a39315fa4849,1.0,16.0,16.0,0.384,0.384,0.27396,0.27396,Hrs,0.384,0.384,Amazon Elastic Compute Cloud,m5.2xlarge,8,32 GiB,Linux,us-west-2,AmazonEC2,34.77,30.18,27.34,15,2026-02-09T17:20:32Z,data-eng,prod,CC200,,,,,,,,arn:aws:savingsplans::223344556677:savingsplan/a267a586-6733-4c23-8aa7-2602a07aede2,0.27396,0.27396,0.27396,,
d1bd238991b346179de0b8e91c2e50d6,2026-02-14T03:00:00Z/2026-02-14T04:00:00Z,112233445566,2026-02-01T00:00:00Z,2026-03-01T00:00:00Z,AWS,223344556677,SavingsPlanCoveredUsage,2026-02-14T03:00:00Z,2026-02-14T04:00:00Z,AmazonEC2,USWE-BoxUsage:m5.2xlarge,RunInstances,us-west-2a,i-0f260a39315fa4849,1.0,16.0,16.0,0.384,0.384,0.272405,0.272405,Hrs,0.384,0.384,Amazon Elastic Compute Cloud,m5.2xlarge,8,32 GiB,Linux,us-west-2,AmazonEC2,23.43,51.03,33.3,59,2026-02-11T03:35:20Z,data-eng,prod,CC200,,,,,,,,arn:aws:savingsplans::223344556677:savingsplan/a267a586-6733-4c23-8aa7-2602a07aede2,0.272405,0.272405,0.272405,,
5cfc7ef4539244589c3c7adde58207db,2026-02-14T12:00:00Z/2026-02-14T13:00:00Z,112233445566,2026-02-01T00:00:00Z,2026-03-01T00:00:00Z,AWS,223344556677,SavingsPlanCoveredUsage,2026-02-14T12:00:00Z,2026-02-14T13:00:00Z,AmazonEC2,USWE-BoxUsage:m5.2xlarge,RunInstances,us-west-2a,i-0f260a39315fa4849,1.0,16.0,16.0,0.384,0.384,0.275559,0.275559,Hrs,0.384,0.384,Amazon Elastic Compute Cloud,m5.2xlarge,8,32 GiB,Linux,us-west-2,AmazonEC2,36.29,29.4,35.04,21,2026-02-11T15:27:44Z,data-eng,prod,CC200,,,,,,,,arn:aws:savingsplans::223344556677:savingsplan/a267a586-6733-4c23-8aa7-2602a07aede2,0.275559,0.275559,0.275559,,
f825c62f603a4966b20f4bb22e406fc9,2026-02-14T21:00:00Z/2026-02-14T22:00:00Z,112233445566,2026-02-01T00:00:00Z,2026-03-01T00:00:00Z,AWS,223344556677,SavingsPlanCoveredUsage,2026-02-14T21:00:00Z,2026-02-14T22:00:00Z,AmazonEC2,USWE-BoxUsage:m5.2xlarge,RunInstances,us-west-2a,i-0f260a39315fa4849,1.0,16.0,16.0,0.384,0.384,0.268515,0.268515,Hrs,0.384,0.384,Amazon Elastic Compute Cloud,m5.2xlarge,8,32 GiB,Linux,us-west-2,AmazonEC2,27.69,50.22,29.85,25,2026-02-10T12:28:37Z,data-eng,prod,CC200,,,,,,,,arn:aws:savingsplans::223344556677:savingsplan/a267a586-6733-4c23-8aa7-2602a07aede2,0.268515,0.268515,0.268515,,
b7773a03b84c4299ae6333127be43528,2026-02-15T06:00:00Z/2026-02-15T07:00:00Z,112233445566,2026-02-01T00:00:00Z,2026-03-01T00:00:00Z,AWS,223344556677,SavingsPlanCoveredUsage,2026-02-15T06:00:00Z,2026-02-15T07:00:00Z,AmazonEC2,USWE-BoxUsage:m5.2xlarge,RunInstances,us-west-2a,i-0f260a39315fa4849,1.0,16.0,16.0,0.384,0.384,0.287085,0.287085,Hrs,0.384,0.384,Amazon Elastic Compute Cloud,m5.2xlarge,8,32 GiB,Linux,us-west-2,AmazonEC2,41.16,31.13,26.43,49,2026-02-11T01:28:38Z,data-eng,prod,CC200,,,,,,,,arn:aws:savingsplans::223344556677:savingsplan/a267a586-6733-4c23-8aa7-2602a07aede2,0.287085,0.287085,0.287085,,
83d2ee84b2a84b51a2fad84edd0e8910,2026-02-15T15:00:00Z/2026-02-15T16:00:00Z,112233445566,2026-02-01T00:00:00Z,2026-03-01T00:00:00Z,AWS,223344556677,SavingsPlanCoveredUsage,2026-02-15T15:00:00Z,2026-02-15T16:00:00Z,AmazonEC2,USWE-BoxUsage:m5.2xlarge,RunInstances,us-west-2a,i-0f260a39315fa4849,1.0,16.0,16.0,0.384,0.384,0.257078,0.257078,Hrs,0.384,0.384,Amazon Elastic Compute Cloud,m5.2xlarge,8,32 GiB,Linux,us-west-2,AmazonEC2,22.94,47.02,38.73,37,2026-02-12T04:39:45Z,data-eng,prod,CC200,,,,,,,,arn:aws:savingsplans::223344556677:savingsplan/a267a586-6733-4c23-8aa7-2602a07aede2,0.257078,0.257078,0.257078,,
18f389d8b66c4cd590ada21c647e307c,2026-02-16T00:00:00Z/2026-02-16T01:00:00Z,112233445566,2026-02-01T00:00:00Z,2026-03-01T00:00:00Z,AWS,223344556677,SavingsPlanCoveredUsage,2026-02-16T00:00:00Z,2026-02-16T01:00:00Z,AmazonEC2,USWE-BoxUsage:m5.2xlarge,RunInstances,us-west-2a,i-0f260a39315fa4849,1.0,16.0,16.0,0.384,0.384,0.267881,0.267881,Hrs,0.384,0.384,Amazon Elastic Compute Cloud,m5.2xlarge,8,32 GiB,Linux,us-west-2,AmazonEC2,29.82,41.74,36.57,69,2026-02-13T06:39:27Z,data-eng,prod,CC200,,,,,,,,arn:aws:savingsplans::223344556677:savingsplan/a267a586-6733-4c23-8aa7-2602a07aede2,0.267881,0.267881,0.267881,,
ce6064d8c9ec4b38bf923a3800a0eb5a,2026-02-16T09:00:00Z/2026-02-16T10:00:00Z,112233445566,2026-02-01T00:00:00Z,2026-03-01T00:00:00Z,AWS,223344556677,SavingsPlanCoveredUsage,2026-02-16T09:00:00Z,2026-02-16T10:00:00Z,AmazonEC2,USWE-BoxUsage:m5.2xlarge,RunInstances,us-west-2a,i-0f260a39315fa4849,1.0,16.0,16.0,0.384,0.384,0.258241,0.258241,Hrs,0.384,0.384,Amazon Elastic Compute Cloud,m5.2xlarge,8,32 GiB,Linux,us-west-2,AmazonEC2,29.88,35.44,33.07,27,2026-02-12T15:51:04Z,data-eng,prod,CC200,,,,,,,,arn:aws:savingsplans::223344556677:savingsplan/a267a586-6733-4c23-8aa7-2602a07aede2,0.258241,0.258241,0.258241,,
e2fbe1df3830472f8778d56ddd022b9f,2026-02-16T18:00:00Z/2026-02-16T19:00:00Z,112233445566,2026-02-01T00:00:00Z,2026-03-01T00:00:00Z,AWS,223344556677,SavingsPlanCoveredUsage,2026-02-16T18:00:00Z,2026-02-16T19:00:00Z,AmazonEC2,USWE-BoxUsage:m5.2xlarge,RunInstances,us-west-2a,i-0f260a39315fa4849,1.0,16.0,16.0,0.384,0.384,0.252097,0.252097,Hrs,0.384,0.384,Amazon Elastic Compute Cloud,m5.2xlarge,8,32 GiB,Linux,us-west-2,AmazonEC2,25.08,31.8,33.94,45,2026-02-12T22:37:14Z,data-eng,prod,CC200,,,,,,,,arn:aws:savingsplans::223344556677:savingsplan/a267a586-6733-4c23-8aa7-2602a07aede2,0.252097,0.252097,0.252097,,
41fe49da56484392970ce8cb98b6f74d,2026-02-17T03:00:00Z/2026-02-17T04:00:00Z,112233445566,2026-02-01T00:00:00Z,2026-03-01T00:00:00Z,AWS,223344556677,SavingsPlanCoveredUsage,2026-02-17T03:00:00Z,2026-02-17T04:00:00Z,AmazonEC2,USWE-BoxUsage:m5.2xlarge,RunInstances,us-west-2a,i-0f260a39315fa4849,1.0,16.0,16.0,0.384,0.384,0.259224,0.259224,Hrs,0.384,0.384,Amazon Elastic Compute Cloud,m5.2xlarge,8,32 GiB,Linux,us-west-2,AmazonEC2,31.16,34.41,27.7,65,2026-02-15T00:49:48Z,data-eng,prod,CC200,,,,,,,,arn:aws:savingsplans::223344556677:savingsplan/a267a586-6733-4c23-8aa7-2602a07aede2,0.259224,0.259224,0.259224,,
9ddb78b921684d6c932af05fdfc6c66a,2026-02-17T12:00:00Z/2026-02-17T13:00:00Z,112233445566,2026-02-01T00:00:00Z,2026-03-01T00:00:00Z,AWS,223344556677,SavingsPlanCoveredUsage,2026-02-17T12:00:00Z,2026-02-17T13:00:00Z,AmazonEC2,USWE-BoxUsage:m5.2xlarge,RunInstances,us-west-2a,i-0f260a39315fa4849,1.0,16.0,16.0,0.384,0.384,0.254277,0.254277,Hrs,0.384,0.384,Amazon Elastic Compute Cloud,m5.2xlarge,8,32 GiB,Linux,us-west-2,AmazonEC2,29.49,46.85,31.46,31,2026-02-13T16:18:57Z,data-eng,prod,CC200,,,,,,,,arn:aws:savingsplans::223344556677:savingsplan/a267a586-6733-4c23-8aa7-2602a07aede2,0.254277,0.254277,0.254277,,
265b3e5fa5e147498706657c025b1356,2026-02-17T21:00:00Z/2026-02-17T22:00:00Z,112233445566,2026-02-01T00:00:00Z,2026-03-01T00:00:00Z,AWS,223344556677,SavingsPlanCoveredUsage,2026-02-17T21:00:00Z,2026-02-17T22:00:00Z,AmazonEC2,USWE-BoxUsage:m5.2xlarge,RunInstances,us-west-2a,i-0f260a39315fa4849,1.0,16.0,16.0,0.384,0.384,0.279493,0.279493,Hrs,0.384,0.384,Amazon Elastic Compute Cloud,m5.2xlarge,8,32 GiB,Linux,us-west-2,AmazonEC2,29.03,33.73,32.31,46,2026-02-14T01:33:43Z,data-eng,prod,CC200,,,,,,,,arn:aws:savingsplans::223344556677:savingsplan/a267a586-6733-4c23-8aa7-2602a07aede2,0.279493,0.279493,0.279493,,
22c5c8ce599f418da3a430e0b3d44993,2026-02-18T06:00:00Z/2026-02-18T07:00:00Z,112233445566,2026-02-01T00:00:00Z,2026-03-01T00:00:00Z,AWS,223344556677,SavingsPlanCoveredUsage,2026-02-18T06:00:00Z,2026-02-18T07:00:00Z,AmazonEC2,USWE-BoxUsage:m5.2xlarge,RunInstances,us-west-2a,i-0f260a39315fa4849,1.0,16.0,16.0,0.384,0.384,0.258798,0.258798,Hrs,0.384,0.384,Amazon Elastic Compute Cloud,m5.2xlarge,8,32 GiB,Linux,us-west-2,AmazonEC2,32.27,29.59,30.74,57,2026-02-13T18:04:16Z,data-eng,prod,CC200,,,,,,,,arn:aws:savingsplans::223344556677:savingsplan/a267a586-6733-4c23-8aa7-2602a07aede2,0.258798,0.258798,0.258798,,
820ec421b48045d2966c60be8ecdeefd,2026-02-18T15:00:00Z/2026-02-18T16:00:00Z,112233445566,2026-02-01T00:00:00Z,2026-03-01T00:00:00Z,AWS,223344556677,SavingsPlanCoveredUsage,2026-02-18T15:00:00Z,2026-02-18T16:00:00Z,AmazonEC2,USWE-BoxUsage:m5.2xlarge,RunInstances,us-west-2a,i-0f260a39315fa4849,1.0,16.0,16.0,0.384,0.384,0.277729,0.277729,Hrs,0.384,0.384,Amazon Elastic Compute Cloud,m5.2xlarge,8,32 GiB,Linux,us-west-2,AmazonEC2,28.35,48.76,39.0,14,2026-02-14T14:04:45Z,data-eng,prod,CC200,,,,,,,,arn:aws:savingsplans::223344556677:savingsplan/a267a586-6733-4c23-8aa7-2602a07aede2,0.277729,0.277729,0.277729,,
0d5c4d33e0b3407696e7292443b7f11f,2026-02-19T00:00:00Z/2026-02-19T01:00:00Z,112233445566,2026-02-01T00:00:00Z,2026-03-01T00:00:00Z,AWS,223344556677,SavingsPlanCoveredUsage,2026-02-19T00:00:00Z,2026-02-19T01:00:00Z,AmazonEC2,USWE-BoxUsage:m5.2xlarge,RunInstances,us-west-2a,i-0f260a39315fa4849,1.0,16.0,16.0,0.384,0.384,0.287433,0.287433,Hrs,0.384,0.384,Amazon Elastic Compute Cloud,m5.2xlarge,8,32 GiB,Linux,us-west-2,AmazonEC2,24.5,38.49,38.78,19,2026-02-15T16:32:35Z,data-eng,prod,CC200,,,,,,,,arn:aws:savingsplans::223344556677:savingsplan/a267a586-6733-4c23-8aa7-2602a07aede2,0.287433,0.287433,0.287433,,
852ddc5750564ca49b0b6482b3362bc4,2026-02-19T09:00:00Z/2026-02-19T10:00:00Z,112233445566,2026-02-01T00:00:00Z,2026-03-01T00:00:00Z,AWS,223344556677,SavingsPlanCoveredUsage,2026-02-19T09:00:00Z,2026-02-19T10:00:00Z,AmazonEC2,USWE-BoxUsage:m5.2xlarge,RunInstances,us-west-2a,i-0f260a39315fa4849,1.0,16.0,16.0,0.384,0.384,0.249924,0.249924,Hrs,0.384,0.384,Amazon Elastic Compute Cloud,m5.2xlarge,8,32 GiB,Linux,us-west-2,AmazonEC2,27.97,47.81,22.72,27,2026-02-16T22:03:46Z,data-eng,prod,CC200,,,,,,,,arn:aws:savingsplans::223344556677:savingsplan/a267a586-6733-4c23-8aa7-2602a07aede2,0.249924,0.249924,0.249924,,
e187bf21355f4d989cf8364f930d7219,2026-02-19T18:00:00Z/2026-02-19T19:00:00Z,112233445566,2026-02-01T00:00:00Z,2026-03-01T00:00:00Z,AWS,223344556677,SavingsPlanCoveredUsage,2026-02-19T18:00:00Z,2026-02-19T19:00:00Z,AmazonEC2,USWE-BoxUsage:m5.2xlarge,RunInstances,us-west-2a,i-0f260a39315fa4849,1.0,16.0,16.0,0.384,0.384,0.282619,0.282619,Hrs,0.384,0.384,Amazon Elastic Compute Cloud,m5.2xlarge,8,32 GiB,Linux,us-west-2,AmazonEC2,26.36,49.57,41.84,24,2026-02-17T18:11:17Z,data-eng,prod,CC200,,,,,,,,arn:aws:savingsplans::223344556677:savingsplan/a267a586-6733-4c23-8aa7-2602a07aede2,0.282619,0.282619,0.282619,,
11165d0287184bd49bd9b0f0edc0a606,2026-02-20T03:00:00Z/2026-02-20T04:00:00Z,112233445566,2026-02-01T00:00:00Z,2026-03-01T00:00:00Z,AWS,223344556677,SavingsPlanCoveredUsage,2026-02-20T03:00:00Z,2026-02-20T04:00:00Z,AmazonEC2,USWE-BoxUsage:m5.2xlarge,RunInstances,us-west-2a,i-0f260a39315fa4849,1.0,16.0,16.0,0.384,0.384,0.250641,0.250641,Hrs,0.384,0.384,Amazon Elastic Compute Cloud,m5.2xlarge,8,32 GiB,Linux,us-west-2,AmazonEC2,22.15,31.27,20.27,49,2026-02-17T14:21:20Z,data-eng,prod,CC200,,,,,,,,arn:aws:savingsplans::223344556677:savingsplan/a267a586-6733-4c23-8aa7-2602a07aede2,0.250641,0.250641,0.250641,,
4fffae558f7b479a91193eb2eccbf788,2026-02-20T12:00:00Z/2026-02-20T13:00:00Z,112233445566,2026-02-01T00:00:00Z,2026-03-01T00:00:00Z,AWS,223344556677,SavingsPlanCoveredUsage,2026-02-20T12:00:00Z,2026-02-20T13:00:00Z,AmazonEC2,USWE-BoxUsage:m5.2xlarge,RunInstances,us-west-2a,i-0f260a39315fa4849,1.0,16.0,16.0,0.384,0.384,0.284035,0.284035,Hrs,0.384,0.384,Amazon Elastic Compute Cloud,m5.2xlarge,8,32 GiB,Linux,us-west-2,AmazonEC2,39.57,33.83,20.13,65,2026-02-16T07:10:38Z,data-eng,prod,CC200,,,,,,,,arn:aws:savingsplans::223344556677:savingsplan/a267a586-6733-4c23-8aa7-2602a07aede2,0.284035,0.284035,0.284035,,
c6029bd29b3e45b6b8b2753da24c8095,2026-02-20T21:00:00Z/2026-02-20T22:00:00Z,112233445566,2026-02-01T00:00:00Z,2026-03-01T00:00:00Z,AWS,223344556677,SavingsPlanCoveredUsage,2026-02-20T21:00:00Z,2026-02-20T22:00:00Z,AmazonEC2,USWE-BoxUsage:m5.2xlarge,RunInstances,us-west-2a,i-0f260a39315fa4849,1.0,16.0,16.0,0.384,0.384,0.254725,0.254725,Hrs,0.384,0.384,Amazon Elastic Compute Cloud,m5.2xlarge,8,32 GiB,Linux,us-west-2,AmazonEC2,29.08,30.59,28.51,65,2026-02-18T12:00:09Z,data-eng,prod,CC200,,,,,,,,arn:aws:savingsplans::223344556677:savingsplan/a267a586-6733-4c23-8aa7-2602a07aede2,0.254725,0.254725,0.254725,,
acb3c0dfbb134d3bab8696f52d66cf1f,2026-02-21T06:00:00Z/2026-02-21T07:00:00Z,112233445566,2026-02-01T00:00:00Z,2026-03-01T00:00:00Z,AWS,223344556677,SavingsPlanCoveredUsage,2026-02-21T06:00:00Z,2026-02-21T07:00:00Z,AmazonEC2,USWE-BoxUsage:m5.2xlarge,RunInstances,us-west-2a,i-0f260a39315fa4849,1.0,16.0,16.0,0.384,0.384,0.286084,0.286084,Hrs,0.384,0.384,Amazon Elastic Compute Cloud,m5.2xlarge,8,32 GiB,Linux,us-west-2,AmazonEC2,27.81,37.12,40.66,22,2026-02-20T02:11:16Z,data-eng,prod,CC200,,,,,,,,arn:aws:savingsplans::223344556677:savingsplan/a267a586-6733-4c23-8aa7-2602a07aede2,0.286084,0.286084,0.286084,,
e0d0c796e8a34148941af86d16a9fba0,2026-02-21T15:00:00Z/2026-02-21T16:00:00Z,112233445566,2026-02-01T00:00:00Z,2026-03-01T00:00:00Z,AWS,223344556677,SavingsPlanCoveredUsage,2026-02-21T15:00:00Z,2026-02-21T16:00:00Z,AmazonEC2,USWE-BoxUsage:m5.2xlarge,RunInstances,us-west-2a,i-0f260a39315fa4849,1.0,16.0,16.0,0.384,0.384,0.274998,0.274998,Hrs,0.384,0.384,Amazon Elastic Compute Cloud,m5.2xlarge,8,32 GiB,Linux,us-west-2,AmazonEC2,38.75,30.47,38.34,39,2026-02-17T19:19:14Z,data-eng,prod,CC200,,,,,,,,arn:aws:savingsplans::223344556677:savingsplan/a267a586-6733-4c23-8aa7-2602a07aede2,0.274998,0.274998,0.274998,,
6919ea8edf724d7aa80313e18211c9df,2026-02-22T00:00:00Z/2026-02-22T01:00:00Z,112233445566,2026-02-01T00:00:00Z,2026-03-01T00:00:00Z,AWS,223344556677,SavingsPlanCoveredUsage,2026-02-22T00:00:00Z,2026-02-22T01:00:00Z,AmazonEC2,USWE-BoxUsage:m5.2xlarge,RunInstances,us-west-2a,i-0f260a39315fa4849,1.0,16.0,16.0,0.384,0.384,0.27733,0.27733,Hrs,0.384,0.384,Amazon Elastic Compute Cloud,m5.2xlarge,8,32 GiB,Linux,us-west-2,AmazonEC2,37.0,34.79,27.05,49,2026-02-18T20:07:34Z,data-eng,prod,CC200,,,,,,,,arn:aws:savingsplans::223344556677:savingsplan/a267a586-6733-4c23-8aa7-2602a07aede2,0.27733,0.27733,0.27733,,
e47610e0a1f04f10a3d6e193e8faa3e4,2026-02-22T09:00:00Z/2026-02-22T10:00:00Z,112233445566,2026-02-01T00:00:00Z,2026-03-01T00:00:00Z,AWS,223344556677,SavingsPlanCoveredUsage,2026-02-22T09:00:00Z,2026-02-22T10:00:00Z,AmazonEC2,USWE-BoxUsage:m5.2xlarge,RunInstances,us-west-2a,i-0f260a39315fa4849,1.0,16.0,16.0,0.384,0.384,0.275737,0.275737,Hrs,0.384,0.384,Amazon Elastic Compute Cloud,m5.2xlarge,8,32 GiB,Linux,us-west-2,AmazonEC2,30.94,35.28,31.41,61,2026-02-18T04:26:13Z,data-eng,prod,CC200,,,,,,,,arn:aws:savingsplans::223344556677:savingsplan/a267a586-6733-4c23-8aa7-2602a07aede2,0.275737,0.275737,0.275737,,
84fab68adc9442e681b051a623c93676,2026-02-22T18:00:00Z/2026-02-22T19:00:00Z,112233445566,2026-02-01T00:00:00Z,2026-03-01T00:00:00Z,AWS,223344556677,SavingsPlanCoveredUsage,2026-02-22T18:00:00Z,2026-02-22T19:00:00Z,AmazonEC2,USWE-BoxUsage:m5.2xlarge,RunInstances,us-west-2a,i-0f260a39315fa4849,1.0,16.0,16.0,0.384,0.384,0.255695,0.255695,Hrs,0.384,0.384,Amazon Elastic Compute Cloud,m5.2xlarge,8,32 GiB,Linux,us-west-2,AmazonEC2,26.12,45.9,22.37,39,2026-02-20T11:44:17Z,data-eng,prod,CC200,,,,,,,,arn:aws:savingsplans::223344556677:savingsplan/a267a586-6733-4c23-8aa7-2602a07aede2,0.255695,0.255695,0.255695,,
3c0bde6f2c9b4702a7df142c543cade7,2026-02-23T03:00:00Z/2026-02-23T04:00:00Z,112233445566,2026-02-01T00:00:00Z,2026-03-01T00:00:00Z,AWS,223344556677,SavingsPlanCoveredUsage,2026-02-23T03:00:00Z,2026-02-23T04:00:00Z,AmazonEC2,USWE-BoxUsage:m5.2xlarge,RunInstances,us-west-2a,i-0f260a39315fa4849,1.0,16.0,16.0,0.384,0.384,0.257457,0.257457,Hrs,0.384,0.384,Amazon Elastic Compute Cloud,m5.2xlarge,8,32 GiB,Linux,us-west-2,AmazonEC2,28.75,34.43,33.23,53,2026-02-20T19:29:27Z,data-eng,prod,CC200,,,,,,,,arn:aws:savingsplans::223344556677:savingsplan/a267a586-6733-4c23-8aa7-2602a07aede2,0.257457,0.257457,0.257457,,
581d5747147443248148eefe417a5cbe,2026-02-23T12:00:00Z/2026-02-23T13:00:00Z,112233445566,2026-02-01T00:00:00Z,2026-03-01T00:00:00Z,AWS,223344556677,SavingsPlanCoveredUsage,2026-02-23T12:00:00Z,2026-02-23T13:00:00Z,AmazonEC2,USWE-BoxUsage:m5.2xlarge,RunInstances,us-west-2a,i-0f260a39315fa4849,1.0,16.0,16.0,0.384,0.384,0.287336,0.287336,Hrs,0.384,0.384,Amazon Elastic Compute Cloud,m5.2xlarge,8,32 GiB,Linux,us-west-2,AmazonEC2,28.32,43.5,25.3,16,2026-02-19T13:59:07Z,data-eng,prod,CC200,,,,,,,,arn:aws:savingsplans::223344556677:savingsplan/a267a586-6733-4c23-8aa7-2602a07aede2,0.287336,0.287336,0.287336,,
34f1a3fb6b864a298e7f8d801f693bea,2026-02-23T21:00:00Z/2026-02-23T22:00:00Z,112233445566,2026-02-01T00:00:00Z,2026-03-01T00:00:00Z,AWS,223344556677,SavingsPlanCoveredUsage,2026-02-23T21:00:00Z,2026-02-23T22:00:00Z,AmazonEC2,USWE-BoxUsage:m5.2xlarge,RunInstances,us-west-2a,i-0f260a39315fa4849,1.0,16.0,16.0,0.384,0.384,0.272161,0.272161,Hrs,0.384,0.384,Amazon Elastic Compute Cloud,m5.2xlarge,8,32 GiB,Linux,us-west-2,AmazonEC2,23.89,42.39,19.98,13,2026-02-21T10:53:34Z,data-eng,prod,CC200,,,,,,,,arn:aws:savingsplans::223344556677:savingsplan/a267a586-6733-4c23-8aa7-2602a07aede2,0.272161,0.272161,0.272161,,
d2a85e8fdf88404e8eb3e32702efa412,2026-02-24T06:00:00Z/2026-02-24T07:00:00Z,112233445566,2026-02-01T00:00:00Z,2026-03-01T00:00:00Z,AWS,223344556677,SavingsPlanCoveredUsage,2026-02-24T06:00:00Z,2026-02-24T07:00:00Z,AmazonEC2,USWE-BoxUsage:m5.2xlarge,RunInstances,us-west-2a,i-0f260a39315fa4849,1.0,16.0,16.0,0.384,0.384,0.266411,0.266411,Hrs,0.384,0.384,Amazon Elastic Compute Cloud,m5.2xlarge,8,32 GiB,Linux,us-west-2,AmazonEC2,36.92,35.45,18.76,14,2026-02-23T01:36:34Z,data-eng,prod,CC200,,,,,,,,arn:aws:savingsplans::223344556677:savingsplan/a267a586-6733-4c23-8aa7-2602a07aede2,0.266411,0.266411,0.266411,,
2f60737277bc49be81a4b33c52f17072,2026-02-24T15:00:00Z/2026-02-24T16:00:00Z,112233445566,2026-02-01T00:00:00Z,2026-03-01T00:00:00Z,AWS,223344556677,SavingsPlanCoveredUsage,2026-02-24T15:00:00Z,2026-02-24T16:00:00Z,AmazonEC2,USWE-BoxUsage:m5.2xlarge,RunInstances,us-west-2a,i-0f260a39315fa4849,1.0,16.0,16.0,0.384,0.384,0.281212,0.281212,Hrs,0.384,0.384,Amazon Elastic Compute Cloud,m5.2xlarge,8,32 GiB,Linux,us-west-2,AmazonEC2,26.65,51.39,37.82,27,2026-02-22T12:05:24Z,data-eng,prod,CC200,,,,,,,,arn:aws:savingsplans::223344556677:savingsplan/a267a586-6733-4c23-8aa7-2602a07aede2,0.281212,0.281212,0.281212,,
f6f05081d9474a8f86214d8b06f1b8a1,2026-02-25T00:00:00Z/2026-02-25T01:00:00Z,112233445566,2026-02-01T00:00:00Z,2026-03-01T00:00:00Z,AWS,223344556677,SavingsPlanCoveredUsage,2026-02-25T00:00:00Z,2026-02-25T01:00:00Z,AmazonEC2,USWE-BoxUsage:m5.2xlarge,RunInstances,us-west-2a,i-0f260a39315fa4849,1.0,16.0,16.0,0.384,0.384,0.281487,0.281487,Hrs,0.384,0.384,Amazon Elastic Compute Cloud,m5.2xlarge,8,32 GiB,Linux,us-west-2,AmazonEC2,23.98,44.12,23.31,25,2026-02-22T19:44:34Z,data-eng,prod,CC200,,,,,,,,arn:aws:savingsplans::223344556677:savingsplan/a267a586-6733-4c23-8aa7-2602a07aede2,0.281487,0.281487,0.281487,,
8441ad92097f4521aa462badb097d962,2026-02-25T18:00:00Z/2026-02-25T19:00:00Z,112233445566,2026-02-01T00:00:00Z,2026-03-01T00:00:00Z,AWS,223344556677,SavingsPlanCoveredUsage,2026-02-25T18:00:00Z,2026-02-25T19:00:00Z,AmazonEC2,USWE-BoxUsage:m5.2xlarge,RunInstances,us-west-2a,i-0f260a39315fa4849,1.0,16.0,16.0,0.384,0.384,0.279986,0.279986,Hrs,0.384,0.384,Amazon Elastic Compute Cloud,m5.2xlarge,8,32 GiB,Linux,us-west-2,AmazonEC2,24.38,49.3,41.35,20,2026-02-23T09:54:43Z,data-eng,prod,CC200,,,,,,,,arn:aws:savingsplans::223344556677:savingsplan/a267a586-6733-4c23-8aa7-2602a07aede2,0.279986,0.279986,0.279986,,
eb839db8216546f2997f052a1bfee323,2026-02-26T03:00:00Z/2026-02-26T04:00:00Z,112233445566,2026-02-01T00:00:00Z,2026-03-01T00:00:00Z,AWS,223344556677,SavingsPlanCoveredUsage,2026-02-26T03:00:00Z,2026-02-26T04:00:00Z,AmazonEC2,USWE-BoxUsage:m5.2xlarge,RunInstances,us-west-2a,i-0f260a39315fa4849,1.0,16.0,16.0,0.384,0.384,0.264416,0.264416,Hrs,0.384,0.384,Amazon Elastic Compute Cloud,m5.2xlarge,8,32 GiB,Linux,us-west-2,AmazonEC2,27.13,32.62,37.21,61,2026-02-24T14:30:12Z,data-eng,prod,CC200,,,,,,,,arn:aws:savingsplans::223344556677:savingsplan/a267a586-6733-4c23-8aa7-2602a07aede2,0.264416,0.264416,0.264416,,
86d1003212da40278ab83343d147cd1a,2026-02-26T12:00:00Z/2026-02-26T13:00:00Z,112233445566,2026-02-01T00:00:00Z,2026-03-01T00:00:00Z,AWS,223344556677,SavingsPlanCoveredUsage,2026-02-26T12:00:00Z,2026-02-26T13:00:00Z,AmazonEC2,USWE-BoxUsage:m5.2xlarge,RunInstances,us-west-2a,i-0f260a39315fa4849,1.0,16.0,16.0,0.384,0.384,0.282264,0.282264,Hrs,0.384,0.384,Amazon Elastic Compute Cloud,m5.2xlarge,8,32 GiB,Linux,us-west-2,AmazonEC2,31.82,40.63,24.46,14,2026-02-23T02:42:12Z,data-eng,prod,CC200,,,,,,,,arn:aws:savingsplans::223344556677:savingsplan/a267a586-6733-4c23-8aa7-2602a07aede2,0.282264,0.282264,0.282264,,
92e885109cda49919bca7d15d6fe2d03,2026-02-26T21:00:00Z/2026-02-26T22:00:00Z,112233445566,2026-02-01T00:00:00Z,2026-03-01T00:00:00Z,AWS,223344556677,SavingsPlanCoveredUsage,2026-02-26T21:00:00Z,2026-02-26T22:00:00Z,AmazonEC2,USWE-BoxUsage:m5.2xlarge,RunInstances,us-west-2a,i-0f260a39315fa4849,1.0,16.0,16.0,0.384,0.384,0.252009,0.252009,Hrs,0.384,0.384,Amazon Elastic Compute Cloud,m5.2xlarge,8,32 GiB,Linux,us-west-2,AmazonEC2,36.37,32.62,35.87,22,2026-02-23T00:06:58Z,data-eng,prod,CC200,,,,,,,,arn:aws:savingsplans::223344556677:savingsplan/a267a586-6733-4c23-8aa7-2602a07aede2,0.252009,0.252009,0.252009,,
491ca4d79f204e82b1dff498f1110600,2026-02-27T06:00:00Z/2026-02-27T07:00:00Z,112233445566,2026-02-01T00:00:00Z,2026-03-01T00:00:00Z,AWS,223344556677,SavingsPlanCoveredUsage,2026-02-27T06:00:00Z,2026-02-27T07:00:00Z,AmazonEC2,USWE-BoxUsage:m5.2xlarge,RunInstances,us-west-2a,i-0f260a39315fa4849,1.0,16.0,16.0,0.384,0.384,0.27312,0.27312,Hrs,0.384,0.384,Amazon Elastic Compute Cloud,m5.2xlarge,8,32 GiB,Linux,us-west-2,AmazonEC2,26.36,35.09,20.6,20,2026-02-23T15:04:46Z,data-eng,prod,CC200,,,,,,,,arn:aws:savingsplans::223344556677:savingsplan/a267a586-6733-4c23-8aa7-2602a07aede2,0.27312,0.27312,0.27312,,
0c62b2c4d7954ba6a18448e627721011,2026-02-27T15:00:00Z/2026-02-27T16:00:00Z,112233445566,2026-02-01T00:00:00Z,2026-03-01T00:00:00Z,AWS,223344556677,SavingsPlanCoveredUsage,2026-02-27T15:00:00Z,2026-02-27T16:00:00Z,AmazonEC2,USWE-BoxUsage:m5.2xlarge,RunInstances,us-west-2a,i-0f260a39315fa4849,1.0,16.0,16.0,0.384,0.384,0.277211,0.277211,Hrs,0.384,0.384,Amazon Elastic Compute Cloud,m5.2xlarge,8,32 GiB,Linux,us-west-2,AmazonEC2,33.12,49.85,39.29,69,2026-02-24T01:38:41Z,data-eng,prod,CC200,,,,,,,,arn:aws:savingsplans::223344556677:savingsplan/a267a586-6733-4c23-8aa7-2602a07aede2,0.277211,0.277211,0.277211,,
84c518172da74049bbdd18525c071cc2,2026-02-01T00:00:00Z/2026-02-01T01:00:00Z,112233445566,2026-02-01T00:00:00Z,2026-03-01T00:00:00Z,AWS,112233445566,Usage,2026-02-01T00:00:00Z,2026-02-01T01:00:00Z,AmazonS3,USEA-TimedStorage-ByteHrs,StandardStorage,,arn:aws:s3:::platform-assets-bucket,419.8193,,,3.19444e-05,0.01366533,3.19444e-05,0.01366533,GB-Mo,0.023,0.01366533,Amazon Simple Storage Service,,,,,us-east-1,AmazonS3,0.0,0.0,58.23,24,2026-01-30T14:53:00Z,platform,prod,CC100,,,,,,,,,,,,,
d3fd85cbd2ce4b95a589e8f04246ae44,2026-02-01T09:00:00Z/2026-02-01T10:00:00Z,112233445566,2026-02-01T00:00:00Z,2026-03-01T00:00:00Z,AWS,112233445566,Usage,2026-02-01T09:00:00Z,2026-02-01T10:00:00Z,AmazonS3,USEA-TimedStorage-ByteHrs,StandardStorage,,arn:aws:s3:::platform-assets-bucket,419.7985,,,3.19444e-05,0.01340121,3.19444e-05,0.01340121,GB-Mo,0.023,0.01340121,Amazon Simple Storage Service,,,,,us-east-1,AmazonS3,0.0,0.0,46.26,17,2026-01-31T06:22:43Z,platform,prod,CC100,,,,,,,,,,,,,
8adbdc25700847da8646519ce339261e,2026-02-01T18:00:00Z/2026-02-01T19:00:00Z,112233445566,2026-02-01T00:00:00Z,2026-03-01T00:00:00Z,AWS,112233445566,Usage,2026-02-01T18:00:00Z,2026-02-01T19:00:00Z,AmazonS3,USEA-TimedStorage-ByteHrs,StandardStorage,,arn:aws:s3:::platform-assets-bucket,419.6919,,,3.19444e-05,0.01320402,3.19444e-05,0.01320402,GB-Mo,0.023,0.01320402,Amazon Simple Storage Service,,,,,us-east-1,AmazonS3,0.0,0.0,30.2,13,2026-01-31T09:10:56Z,platform,prod,CC100,,,,,,,,,,,,,
b758d96ad9b24bb7aa7ba6d4fe4387fb,2026-02-02T03:00:00Z/2026-02-02T04:00:00Z,112233445566,2026-02-01T00:00:00Z,2026-03-01T00:00:00Z,AWS,112233445566,Usage,2026-02-02T03:00:00Z,2026-02-02T04:00:00Z,AmazonS3,USEA-TimedStorage-ByteHrs,StandardStorage,,arn:aws:s3:::platform-assets-bucket,420.2006,,,3.19444e-05,0.01327308,3.19444e-05,0.01327308,GB-Mo,0.023,0.01327308,Amazon Simple Storage Service,,,,,us-east-1,AmazonS3,0.0,0.0,28.65,1,2026-02-01T09:59:48Z,platform,prod,CC100,,,,,,,,,,,,,
6b5fe87d68da40a084f1d49fd67cf7e1,2026-02-02T12:00:00Z/2026-02-02T13:00:00Z,112233445566,2026-02-01T00:00:00Z,2026-03-01T00:00:00Z,AWS,112233445566,Usage,2026-02-02T12:00:00Z,2026-02-02T13:00:00Z,AmazonS3,USEA-TimedStorage-ByteHrs,StandardStorage,,arn:aws:s3:::platform-assets-bucket,419.6795,,,3.19444e-05,0.01326092,3.19444e-05,0.01326092,GB-Mo,0.023,0.01326092,Amazon Simple Storage Service,,,,,us-east-1,AmazonS3,0.0,0.0,61.44,11,2026-02-01T14:46:12Z,platform,prod,CC100,,,,,,,,,,,,,
81904295acb94cd19093ca094965d74a,2026-02-02T21:00:00Z/2026-02-02T22:00:00Z,112233445566,2026-02-01T00:00:00Z,2026-03-01T00:00:00Z,AWS,112233445566,Usage,2026-02-02T21:00:00Z,2026-02-02T22:00:00Z,AmazonS3,USEA-TimedStorage-ByteHrs,StandardStorage,,arn:aws:s3:::platform-assets-bucket,419.7144,,,3.19444e-05,0.01342044,3.19444e-05,0.01342044,GB-Mo,0.023,0.01342044,Amazon Simple Storage Service,,,,,us-east-1,AmazonS3,0.0,0.0,38.3,4,2026-02-02T05:32:29Z,platform,prod,CC100,,,,,,,,,,,,,
e92320c86fb54d1f95660a2fe83a4da3,2026-02-03T06:00:00Z/2026-02-03T07:00:00Z,112233445566,2026-02-01T00:00:00Z,2026-03-01T00:00:00Z,AWS,112233445566,Usage,2026-02-03T06:00:00Z,2026-02-03T07:00:00Z,AmazonS3,USEA-TimedStorage-ByteHrs,StandardStorage,,arn:aws:s3:::platform-assets-bucket,419.6249,,,3.19444e-05,0.01365027,3.19444e-05,0.01365027,GB-Mo,0.023,0.01365027,Amazon Simple Storage Service,,,,,us-east-1,AmazonS3,0.0,0.0,29.79,0,2026-02-02T11:10:59Z,platform,prod,CC100,,,,,,,,,,,,,
2d8a931dde3b4adaa9199703609295da,2026-02-03T15:00:00Z/2026-02-03T16:00:00Z,112233445566,2026-02-01T00:00:00Z,2026-03-01T00:00:00Z,AWS,112233445566,Usage,2026-02-03T15:00:00Z,2026-02-03T16:00:00Z,AmazonS3,USEA-TimedStorage-ByteHrs,StandardStorage,,arn:aws:s3:::platform-assets-bucket,419.9879,,,3.19444e-05,0.01341943,3.19444e-05,0.01341943,GB-Mo,0.023,0.01341943,Amazon Simple Storage Service,,,,,us-east-1,AmazonS3,0.0,0.0,28.37,0,2026-02-02T19:50:07Z,platform,prod,CC100,,,,,,,,,,,,,
46fe70c4f0144dbf829bf480859b91cf,2026-02-04T00:00:00Z/2026-02-04T01:00:00Z,112233445566,2026-02-01T00:00:00Z,2026-03-01T00:00:00Z,AWS,112233445566,Usage,2026-02-04T00:00:00Z,2026-02-04T01:00:00Z,AmazonS3,USEA-TimedStorage-ByteHrs,StandardStorage,,arn:aws:s3:::platform-assets-bucket,419.7855,,,3.19444e-05,0.01358244,3.19444e-05,0.01358244,GB-Mo,0.023,0.01358244,Amazon Simple Storage Service,,,,,us-east-1,AmazonS3,0.0,0.0,52.55,0,2026-02-02T07:21:22Z,platform,prod,CC100,,,,,,,,,,,,,
2f4b65a024b44fc68c77bcac30770217,2026-02-04T09:00:00Z/2026-02-04T10:00:00Z,112233445566,2026-02-01T00:00:00Z,2026-03-01T00:00:00Z,AWS,112233445566,Usage,2026-02-04T09:00:00Z,2026-02-04T10:00:00Z,AmazonS3,USEA-TimedStorage-ByteHrs,StandardStorage,,arn:aws:s3:::platform-assets-bucket,419.6825,,,3.19444e-05,0.01337612,3.19444e-05,0.01337612,GB-Mo,0.023,0.01337612,Amazon Simple Storage Service,,,,,us-east-1,AmazonS3,0.0,0.0,39.35,17,2026-02-03T21:25:35Z,platform,prod,CC100,,,,,,,,,,,,,
b88d7aebf206473d8a804fe8b4aa9b98,2026-02-04T18:00:00Z/2026-02-04T19:00:00Z,112233445566,2026-02-01T00:00:00Z,2026-03-01T00:00:00Z,AWS,112233445566,Usage,2026-02-04T18:00:00Z,2026-02-04T19:00:00Z,AmazonS3,USEA-TimedStorage-ByteHrs,StandardStorage,,arn:aws:s3:::platform-assets-bucket,420.271,,,3.19444e-05,0.01324521,3.19444e-05,0.01324521,GB-Mo,0.023,0.01324521,Amazon Simple Storage Service,,,,,us-east-1,AmazonS3,0.0,0.0,37.53,16,2026-02-03T21:31:36Z,platform,prod,CC100,,,,,,,,,,,,,
4ac959148b544a38bbed45c4f16f2cb6,2026-02-05T03:00:00Z/2026-02-05T04:00:00Z,112233445566,2026-02-01T00:00:00Z,2026-03-01T00:00:00Z,AWS,112233445566,Usage,2026-02-05T03:00:00Z,2026-02-05T04:00:00Z,AmazonS3,USEA-TimedStorage-ByteHrs,StandardStorage,,arn:aws:s3:::platform-assets-bucket,419.865,,,3.19444e-05,0.01339441,3.19444e-05,0.01339441,GB-Mo,0.023,0.01339441,Amazon Simple Storage Service,,,,,us-east-1,AmazonS3,0.0,0.0,52.62,1,2026-02-03T14:43:04Z,platform,prod,CC100,,,,,,,,,,,,,
e086893185e049909d73ef434fd35fc9,2026-02-05T12:00:00Z/2026-02-05T13:00:00Z,112233445566,2026-02-01T00:00:00Z,2026-03-01T00:00:00Z,AWS,112233445566,Usage,2026-02-05T12:00:00Z,2026-02-05T13:00:00Z,AmazonS3,USEA-TimedStorage-ByteHrs,StandardStorage,,arn:aws:s3:::platform-assets-bucket,419.6861,,,3.19444e-05,0.01327695,3.19444e-05,0.01327695,GB-Mo,0.023,0.01327695,Amazon Simple Storage Service,,,,,us-east-1,AmazonS3,0.0,0.0,38.63,18,2026-02-04T05:47:24Z,platform,prod,CC100,,,,,,,,,,,,,
56b542e28c0f4b0e91d298e217b8bc8a,2026-02-05T21:00:00Z/2026-02-05T22:00:00Z,112233445566,2026-02-01T00:00:00Z,2026-03-01T00:00:00Z,AWS,112233445566,Usage,2026-02-05T21:00:00Z,2026-02-05T22:00:00Z,AmazonS3,USEA-TimedStorage-ByteHrs,StandardStorage,,arn:aws:s3:::platform-assets-bucket,420.1057,,,3.19444e-05,0.01325845,3.19444e-05,0.01325845,GB-Mo,0.023,0.01325845,Amazon Simple Storage Service,,,,,us-east-1,AmazonS3,0.0,0.0,31.63,11,2026-02-04T12:43:00Z,platform,prod,CC100,,,,,,,,,,,,,
3a38e2659b044da88941ea772ef35622,2026-02-06T06:00:00Z/2026-02-06T07:00:00Z,112233445566,2026-02-01T00:00:00Z,2026-03-01T00:00:00Z,AWS,112233445566,Usage,2026-02-06T06:00:00Z,2026-02-06T07:00:00Z,AmazonS3,USEA-TimedStorage-ByteHrs,StandardStorage,,arn:aws:s3:::platform-assets-bucket,420.0237,,,3.19444e-05,0.01318283,3.19444e-05,0.01318283,GB-Mo,0.023,0.01318283,Amazon Simple Storage Service,,,,,us-east-1,AmazonS3,0.0,0.0,54.35,10,2026-02-04T23:55:15Z,platform,prod,CC100,,,,,,,,,,,,,
c3efef5d9d4f415cba01f5329d1f90bb,2026-02-06T15:00:00Z/2026-02-06T16:00:00Z,112233445566,2026-02-01T00:00:00Z,2026-03-01T00:00:00Z,AWS,112233445566,Usage,2026-02-06T15:00:00Z,2026-02-06T16:00:00Z,AmazonS3,USEA-TimedStorage-ByteHrs,StandardStorage,,arn:aws:s3:::platform-assets-bucket,420.336,,,3.19444e-05,0.01328396,3.19444e-05,0.01328396,GB-Mo,0.023,0.01328396,Amazon Simple Storage Service,,,,,us-east-1,AmazonS3,0.0,0.0,29.46,6,2026-02-04T19:19:12Z,platform,prod,CC100,,,,,,,,,,,,,
9805a7b83f164b1fbabf386f6e321940,2026-02-07T00:00:00Z/2026-02-07T01:00:00Z,112233445566,2026-02-01T00:00:00Z,2026-03-01T00:00:00Z,AWS,112233445566,Usage,2026-02-07T00:00:00Z,2026-02-07T01:00:00Z,AmazonS3,USEA-TimedStorage-ByteHrs,StandardStorage,,arn:aws:s3:::platform-assets-bucket,420.183,,,3.19444e-05,0.01340463,3.19444e-05,0.01340463,GB-Mo,0.023,0.01340463,Amazon Simple Storage Service,,,,,us-east-1,AmazonS3,0.0,0.0,29.26,17,2026-02-05T22:27:24Z,platform,prod,CC100,,,,,,,,,,,,,
a6fee4ee75f74dc6812eaaecb5e8f78c,2026-02-07T09:00:00Z/2026-02-07T10:00:00Z,112233445566,2026-02-01T00:00:00Z,2026-03-01T00:00:00Z,AWS,112233445566,Usage,2026-02-07T09:00:00Z,2026-02-07T10:00:00Z,AmazonS3,USEA-TimedStorage-ByteHrs,StandardStorage,,arn:aws:s3:::platform-assets-bucket,419.8803,,,3.19444e-05,0.0134588,3.19444e-05,0.0134588,GB-Mo,0.023,0.0134588,Amazon Simple Storage Service,,,,,us-east-1,AmazonS3,0.0,0.0,37.06,0,2026-02-05T06:44:48Z,platform,prod,CC100,,,,,,,,,,,,,
57d3503e3d664d1c8d0160c8e4c048b6,2026-02-07T18:00:00Z/2026-02-07T19:00:00Z,112233445566,2026-02-01T00:00:00Z,2026-03-01T00:00:00Z,AWS,112233445566,Usage,2026-02-07T18:00:00Z,2026-02-07T19:00:00Z,AmazonS3,USEA-TimedStorage-ByteHrs,StandardStorage,,arn:aws:s3:::platform-assets-bucket,419.6098,,,3.19444e-05,0.01327247,3.19444e-05,0.01327247,GB-Mo,0.023,0.01327247,Amazon Simple Storage Service,,,,,us-east-1,AmazonS3,0.0,0.0,32.16,10,2026-02-05T10:59:44Z,platform,prod,CC100,,,,,,,,,,,,,
4ccaa5bbbc284cd7a334f721765ea366,2026-02-08T03:00:00Z/2026-02-08T04:00:00Z,112233445566,2026-02-01T00:00:00Z,2026-03-01T00:00:00Z,AWS,112233445566,Usage,2026-02-08T03:00:00Z,2026-02-08T04:00:00Z,AmazonS3,USEA-TimedStorage-ByteHrs,StandardStorage,,arn:aws:s3:::platform-assets-bucket,419.6256,,,3.19444e-05,0.01361938,3.19444e-05,0.01361938,GB-Mo,0.023,0.01361938,Amazon Simple Storage Service,,,,,us-east-1,AmazonS3,0.0,0.0,52.02,20,2026-02-06T02:58:58Z,platform,prod,CC100,,,,,,,,,,,,,
07c43e49ad424e6db877247a3564fc11,2026-02-08T12:00:00Z/2026-02-08T13:00:00Z,112233445566,2026-02-01T00:00:00Z,2026-03-01T00:00:00Z,AWS,112233445566,Usage,2026-02-08T12:00:00Z,2026-02-08T13:00:00Z,AmazonS3,USEA-TimedStorage-ByteHrs,StandardStorage,,arn:aws:s3:::platform-assets-bucket,419.8029,,,3.19444e-05,0.01356571,3.19444e-05,0.01356571,GB-Mo,0.023,0.01356571,Amazon Simple Storage Service,,,,,us-east-1,AmazonS3,0.0,0.0,34.89,2,2026-02-07T16:03:18Z,platform,prod,CC100,,,,,,,,,,,,,
801884ab121649d298f05aac9c614fe6,2026-02-08T21:00:00Z/2026-02-08T22:00:00Z,112233445566,2026-02-01T00:00:00Z,2026-03-01T00:00:00Z,AWS,112233445566,Usage,2026-02-08T21:00:00Z,2026-02-08T22:00:00Z,AmazonS3,USEA-TimedStorage-ByteHrs,StandardStorage,,arn:aws:s3:::platform-assets-bucket,419.6696,,,3.19444e-05,0.01333915,3.19444e-05,0.01333915,GB-Mo,0.023,0.01333915,Amazon Simple Storage Service,,,,,us-east-1,AmazonS3,0.0,0.0,29.71,0,2026-02-07T00:18:40Z,platform,prod,CC100,,,,,,,,,,,,,
cdcb47d3f2344770b8e8119b27998428,2026-02-09T06:00:00Z/2026-02-09T07:00:00Z,112233445566,2026-02-01T00:00:00Z,2026-03-01T00:00:00Z,AWS,112233445566,Usage,2026-02-09T06:00:00Z,2026-02-09T07:00:00Z,AmazonS3,USEA-TimedStorage-ByteHrs,StandardStorage,,arn:aws:s3:::platform-assets-bucket,420.0442,,,3.19444e-05,0.01334428,3.19444e-05,0.01334428,GB-Mo,0.023,0.01334428,Amazon Simple Storage Service,,,,,us-east-1,AmazonS3,0.0,0.0,36.86,18,2026-02-08T16:16:02Z,platform,prod,CC100,,,,,,,,,,,,,
c9f80e57b1064d18a7f50da9f0e5bb5d,2026-02-09T15:00:00Z/2026-02-09T16:00:00Z,112233445566,2026-02-01T00:00:00Z,2026-03-01T00:00:00Z,AWS,112233445566,Usage,2026-02-09T15:00:00Z,2026-02-09T16:00:00Z,AmazonS3,USEA-TimedStorage-ByteHrs,StandardStorage,,arn:aws:s3:::platform-assets-bucket,419.87,,,3.19444e-05,0.01352459,3.19444e-05,0.01352459,GB-Mo,0.023,0.01352459,Amazon Simple Storage Service,,,,,us-east-1,AmazonS3,0.0,0.0,49.19,18,2026-02-07T08:30:16Z,platform,prod,CC100,,,,,,,,,,,,,
60003fea99804f1aa4e11cacc123da3d,2026-02-10T00:00:00Z/2026-02-10T01:00:00Z,112233445566,2026-02-01T00:00:00Z,2026-03-01T00:00:00Z,AWS,112233445566,Usage,2026-02-10T00:00:00Z,2026-02-10T01:00:00Z,AmazonS3,USEA-TimedStorage-ByteHrs,StandardStorage,,arn:aws:s3:::platform-assets-bucket,419.8025,,,3.19444e-05,0.01350984,3.19444e-05,0.01350984,GB-Mo,0.023,0.01350984,Amazon Simple Storage Service,,,,,us-east-1,AmazonS3,0.0,0.0,44.2,15,2026-02-08T10:21:59Z,platform,prod,CC100,,,,,,,,,,,,,
fedd1fe6374c42039be3aeb5550872ac,2026-02-10T09:00:00Z/2026-02-10T10:00:00Z,112233445566,2026-02-01T00:00:00Z,2026-03-01T00:00:00Z,AWS,112233445566,Usage,2026-02-10T09:00:00Z,2026-02-10T10:00:00Z,AmazonS3,USEA-TimedStorage-ByteHrs,StandardStorage,,arn:aws:s3:::platform-assets-bucket,420.1913,,,3.19444e-05,0.01355298,3.19444e-05,0.01355298,GB-Mo,0.023,0.01355298,Amazon Simple Storage Service,,,,,us-east-1,AmazonS3,0.0,0.0,43.51,3,2026-02-09T11:05:06Z,platform,prod,CC100,,,,,,,,,,,,,
467e8a39a6ff4d88a690022a38cd3a0d,2026-02-10T18:00:00Z/2026-02-10T19:00:00Z,112233445566,2026-02-01T00:00:00Z,2026-03-01T00:00:00Z,AWS,112233445566,Usage,2026-02-10T18:00:00Z,2026-02-10T19:00:00Z,AmazonS3,USEA-TimedStorage-ByteHrs,StandardStorage,,arn:aws:s3:::platform-assets-bucket,419.9259,,,3.19444e-05,0.01342889,3.19444e-05,0.01342889,GB-Mo,0.023,0.01342889,Amazon Simple Storage Service,,,,,us-east-1,AmazonS3,0.0,0.0,61.63,7,2026-02-08T21:06:14Z,platform,prod,CC100,,,,,,,,,,,,,
0c1c72960bbf4106a60e69135bca328e,2026-02-11T03:00:00Z/2026-02-11T04:00:00Z,112233445566,2026-02-01T00:00:00Z,2026-03-01T00:00:00Z,AWS,112233445566,Usage,2026-02-11T03:00:00Z,2026-02-11T04:00:00Z,AmazonS3,USEA-TimedStorage-ByteHrs,StandardStorage,,arn:aws:s3:::platform-assets-bucket,420.0062,,,3.19444e-05,0.01325986,3.19444e-05,0.01325986,GB-Mo,0.023,0.01325986,Amazon Simple Storage Service,,,,,us-east-1,AmazonS3,0.0,0.0,55.53,6,2026-02-10T08:29:58Z,platform,prod,CC100,,,,,,,,,,,,,
b8e5755ae3194aeead54a8a5b13bf62b,2026-02-11T12:00:00Z/2026-02-11T13:00:00Z,112233445566,2026-02-01T00:00:00Z,2026-03-01T00:00:00Z,AWS,112233445566,Usage,2026-02-11T12:00:00Z,2026-02-11T13:00:00Z,AmazonS3,USEA-TimedStorage-ByteHrs,StandardStorage,,arn:aws:s3:::platform-assets-bucket,420.1333,,,3.19444e-05,0.01318485,3.19444e-05,0.01318485,GB-Mo,0.023,0.01318485,Amazon Simple Storage Service,,,,,us-east-1,AmazonS3,0.0,0.0,60.32,1,2026-02-09T19:41:58Z,platform,prod,CC100,,,,,,,,,,,,,
7e255f60229642e7a5e3ff2ca7f9d126,2026-02-11T21:00:00Z/2026-02-11T22:00:00Z,112233445566,2026-02-01T00:00:00Z,2026-03-01T00:00:00Z,AWS,112233445566,Usage,2026-02-11T21:00:00Z,2026-02-11T22:00:00Z,AmazonS3,USEA-TimedStorage-ByteHrs,StandardStorage,,arn:aws:s3:::platform-assets-bucket,420.392,,,3.19444e-05,0.01315217,3.19444e-05,0.01315217,GB-Mo,0.023,0.01315217,Amazon Simple Storage Service,,,,,us-east-1,AmazonS3,0.0,0.0,44.83,23,2026-02-11T00:31:12Z,platform,prod,CC100,,,,,,,,,,,,,
66cc10ff4dac40b8aa611d0414bdc93d,2026-02-12T06:00:00Z/2026-02-12T07:00:00Z,112233445566,2026-02-01T00:00:00Z,2026-03-01T00:00:00Z,AWS,112233445566,Usage,2026-02-12T06:00:00Z,2026-02-12T07:00:00Z,AmazonS3,USEA-TimedStorage-ByteHrs,StandardStorage,,arn:aws:s3:::platform-assets-bucket,420.0205,,,3.19444e-05,0.01326587,3.19444e-05,0.01326587,GB-Mo,0.023,0.01326587,Amazon Simple Storage Service,,,,,us-east-1,AmazonS3,0.0,0.0,59.07,18,2026-02-10T13:27:10Z,platform,prod,CC100,,,,,,,,,,,,,
73f94b46b1d346949c7a25000da597df,2026-02-12T15:00:00Z/2026-02-12T16:00:00Z,112233445566,2026-02-01T00:00:00Z,2026-03-01T00:00:00Z,AWS,112233445566,Usage,2026-02-12T15:00:00Z,2026-02-12T16:00:00Z,AmazonS3,USEA-TimedStorage-ByteHrs,StandardStorage,,arn:aws:s3:::platform-assets-bucket,420.1752,,,3.19444e-05,0.01360664,3.19444e-05,0.01360664,GB-Mo,0.023,0.01360664,Amazon Simple Storage Service,,,,,us-east-1,AmazonS3,0.0,0.0,58.34,10,2026-02-10T20:56:49Z,platform,prod,CC100,,,,,,,,,,,,,
44948a4ecf4c4e85b3ff9acdaab87287,2026-02-13T00:00:00Z/2026-02-13T01:00:00Z,112233445566,2026-02-01T00:00:00Z,2026-03-01T00:00:00Z,AWS,112233445566,Usage,2026-02-13T00:00:00Z,2026-02-13T01:00:00Z,AmazonS3,USEA-TimedStorage-ByteHrs,StandardStorage,,arn:aws:s3:::platform-assets-bucket,419.9314,,,3.19444e-05,0.01353344,3.19444e-05,0.01353344,GB-Mo,0.023,0.01353344,Amazon Simple Storage Service,,,,,us-east-1,AmazonS3,0.0,0.0,31.66,14,2026-02-11T13:00:33Z,platform,prod,CC100,,,,,,,,,,,,,
5e73a85060c64680bd091adcec115dc8,2026-02-13T09:00:00Z/2026-02-13T10:00:00Z,112233445566,2026-02-01T00:00:00Z,2026-03-01T00:00:00Z,AWS,112233445566,Usage,2026-02-13T09:00:00Z,2026-02-13T10:00:00Z,AmazonS3,USEA-TimedStorage-ByteHrs,StandardStorage,,arn:aws:s3:::platform-assets-bucket,419.6039,,,3.19444e-05,0.01339298,3.19444e-05,0.01339298,GB-Mo,0.023,0.01339298,Amazon Simple Storage Service,,,,,us-east-1,AmazonS3,0.0,0.0,43.26,12,2026-02-11T23:45:59Z,platform,prod,CC100,,,,,,,,,,,,,
c4db4f76bb0d4c82b41d18d8df15de2c,2026-02-13T18:00:00Z/2026-02-13T19:00:00Z,112233445566,2026-02-01T00:00:00Z,2026-03-01T00:00:00Z,AWS,112233445566,Usage,2026-02-13T18:00:00Z,2026-02-13T19:00:00Z,AmazonS3,USEA-TimedStorage-ByteHrs,StandardStorage,,arn:aws:s3:::platform-assets-bucket,420.2556,,,3.19444e-05,0.01341503,3.19444e-05,0.01341503,GB-Mo,0.023,0.01341503,Amazon Simple Storage Service,,,,,us-east-1,AmazonS3,0.0,0.0,59.84,3,2026-02-12T09:05:36Z,platform,prod,CC100,,,,,,,,,,,,,
0b60e9c78ffa4c7fa771cc83b906b3ae,2026-02-14T03:00:00Z/2026-02-14T04:00:00Z,112233445566,2026-02-01T00:00:00Z,2026-03-01T00:00:00Z,AWS,112233445566,Usage,2026-02-14T03:00:00Z,2026-02-14T04:00:00Z,AmazonS3,USEA-TimedStorage-ByteHrs,StandardStorage,,arn:aws:s3:::platform-assets-bucket,419.8209,,,3.19444e-05,0.01351257,3.19444e-05,0.01351257,GB-Mo,0.023,0.01351257,Amazon Simple Storage Service,,,,,us-east-1,AmazonS3,0.0,0.0,43.77,1,2026-02-12T13:57:49Z,platform,prod,CC100,,,,,,,,,,,,,
30b86e37c30d4dd4ae4d4f71dc6494bf,2026-02-14T12:00:00Z/2026-02-14T13:00:00Z,112233445566,2026-02-01T00:00:00Z,2026-03-01T00:00:00Z,AWS,112233445566,Usage,2026-02-14T12:00:00Z,2026-02-14T13:00:00Z,AmazonS3,USEA-TimedStorage-ByteHrs,StandardStorage,,arn:aws:s3:::platform-assets-bucket,419.8426,,,3.19444e-05,0.01320136,3.19444e-05,0.01320136,GB-Mo,0.023,0.01320136,Amazon Simple Storage Service,,,,,us-east-1,AmazonS3,0.0,0.0,50.43,19,2026-02-12T05:46:01Z,platform,prod,CC100,,,,,,,,,,,,,
f25a3b92f7d145b59ae6ab4ff87b09d2,2026-02-14T21:00:00Z/2026-02-14T22:00:00Z,112233445566,2026-02-01T00:00:00Z,2026-03-01T00:00:00Z,AWS,112233445566,Usage,2026-02-14T21:00:00Z,2026-02-14T22:00:00Z,AmazonS3,USEA-TimedStorage-ByteHrs,StandardStorage,,arn:aws:s3:::platform-assets-bucket,420.3681,,,3.19444e-05,0.01345246,3.19444e-05,0.01345246,GB-Mo,0.023,0.01345246,Amazon Simple Storage Service,,,,,us-east-1,AmazonS3,0.0,0.0,34.48,17,2026-02-14T13:42:53Z,platform,prod,CC100,,,,,,,,,,,,,
cae07442a4a340d5a6736aec8991e4af,2026-02-15T06:00:00Z/2026-02-15T07:00:00Z,112233445566,2026-02-01T00:00:00Z,2026-03-01T00:00:00Z,AWS,112233445566,Usage,2026-02-15T06:00:00Z,2026-02-15T07:00:00Z,AmazonS3,USEA-TimedStorage-ByteHrs,StandardStorage,,arn:aws:s3:::platform-assets-bucket,419.9917,,,3.19444e-05,0.01322166,3.19444e-05,0.01322166,GB-Mo,0.023,0.01322166,Amazon Simple Storage Service,,,,,us-east-1,AmazonS3,0.0,0.0,33.12,20,2026-02-14T02:27:23Z,platform,prod,CC100,,,,,,,,,,,,,
6e5acd3118c14003ba942291f7ee02b8,2026-02-15T15:00:00Z/2026-02-15T16:00:00Z,112233445566,2026-02-01T00:00:00Z,2026-03-01T00:00:00Z,AWS,112233445566,Usage,2026-02-15T15:00:00Z,2026-02-15T16:00:00Z,AmazonS3,USEA-TimedStorage-ByteHrs,StandardStorage,,arn:aws:s3:::platform-assets-bucket,420.2419,,,3.19444e-05,0.01350303,3.19444e-05,0.01350303,GB-Mo,0.023,0.01350303,Amazon Simple Storage Service,,,,,us-east-1,AmazonS3,0.0,0.0,33.37,16,2026-02-14T15:30:59Z,platform,prod,CC100,,,,,,,,,,,,,
219fef6c0d5040d1821e5048fc3fb655,2026-02-16T00:00:00Z/2026-02-16T01:00:00Z,112233445566,2026-02-01T00:00:00Z,2026-03-01T00:00:00Z,AWS,112233445566,Usage,2026-02-16T00:00:00Z,2026-02-16T01:00:00Z,AmazonS3,USEA-TimedStorage-ByteHrs,StandardStorage,,arn:aws:s3:::platform-assets-bucket,420.3754,,,3.19444e-05,0.01341312,3.19444e-05,0.01341312,GB-Mo,0.023,0.01341312,Amazon Simple Storage Service,,,,,us-east-1,AmazonS3,0.0,0.0,49.73,20,2026-02-13T20:30:23Z,platform,prod,CC100,,,,,,,,,,,,,
3cc9799373874f12a0b7ace0c1e1df18,2026-02-16T09:00:00Z/2026-02-16T10:00:00Z,112233445566,2026-02-01T00:00:00Z,2026-03-01T00:00:00Z,AWS,112233445566,Usage,2026-02-16T09:00:00Z,2026-02-16T10:00:00Z,AmazonS3,USEA-TimedStorage-ByteHrs,StandardStorage,,arn:aws:s3:::platform-assets-bucket,419.82,,,3.19444e-05,0.01341122,3.19444e-05,0.01341122,GB-Mo,0.023,0.01341122,Amazon Simple Storage Service,,,,,us-east-1,AmazonS3,0.0,0.0,39.27,7,2026-02-14T17:17:37Z,platform,prod,CC100,,,,,,,,,,,,,
3fd175daa007407ea8228f2773355ea1,2026-02-16T18:00:00Z/2026-02-16T19:00:00Z,112233445566,2026-02-01T00:00:00Z,2026-03-01T00:00:00Z,AWS,112233445566,Usage,2026-02-16T18:00:00Z,2026-02-16T19:00:00Z,AmazonS3,USEA-TimedStorage-ByteHrs,StandardStorage,,arn:aws:s3:::platform-assets-bucket,420.3281,,,3.19444e-05,0.01364513,3.19444e-05,0.01364513,GB-Mo,0.023,0.01364513,Amazon Simple Storage Service,,,,,us-east-1,AmazonS3,0.0,0.0,36.71,15,2026-02-14T19:44:38Z,platform,prod,CC100,,,,,,,,,,,,,
43f204c41e7148eaaa238c8e5bdd45b7,2026-02-17T03:00:00Z/2026-02-17T04:00:00Z,112233445566,2026-02-01T00:00:00Z,2026-03-01T00:00:00Z,AWS,112233445566,Usage,2026-02-17T03:00:00Z,2026-02-17T04:00:00Z,AmazonS3,USEA-TimedStorage-ByteHrs,StandardStorage,,arn:aws:s3:::platform-assets-bucket,420.3804,,,3.19444e-05,0.01349572,3.19444e-05,0.01349572,GB-Mo,0.023,0.01349572,Amazon Simple Storage Service,,,,,us-east-1,AmazonS3,0.0,0.0,29.22,3,2026-02-16T10:45:23Z,platform,prod,CC100,,,,,,,,,,,,,
01b8621e69754086b566f0a5d2096249,2026-02-17T12:00:00Z/2026-02-17T13:00:00Z,112233445566,2026-02-01T00:00:00Z,2026-03-01T00:00:00Z,AWS,112233445566,Usage,2026-02-17T12:00:00Z,2026-02-17T13:00:00Z,AmazonS3,USEA-TimedStorage-ByteHrs,StandardStorage,,arn:aws:s3:::platform-assets-bucket,419.9143,,,3.19444e-05,0.01346151,3.19444e-05,0.01346151,GB-Mo,0.023,0.01346151,Amazon Simple Storage Service,,,,,us-east-1,AmazonS3,0.0,0.0,55.75,4,2026-02-16T18:20:24Z,platform,prod,CC100,,,,,,,,,,,,,
a20ae185c9f24803a0f4ea2e1cc25d84,2026-02-17T21:00:00Z/2026-02-17T22:00:00Z,112233445566,2026-02-01T00:00:00Z,2026-03-01T00:00:00Z,AWS,112233445566,Usage,2026-02-17T21:00:00Z,2026-02-17T22:00:00Z,AmazonS3,USEA-TimedStorage-ByteHrs,StandardStorage,,arn:aws:s3:::platform-assets-bucket,419.8472,,,3.19444e-05,0.0136287,3.19444e-05,0.0136287,GB-Mo,0.023,0.0136287,Amazon Simple Storage Service,,,,,us-east-1,AmazonS3,0.0,0.0,50.49,7,2026-02-16T01:13:22Z,platform,prod,CC100,,,,,,,,,,,,,
c21f1f64c65e44e18c90dac48ad08813,2026-02-18T06:00:00Z/2026-02-18T07:00:00Z,112233445566,2026-02-01T00:00:00Z,2026-03-01T00:00:00Z,AWS,112233445566,Usage,2026-02-18T06:00:00Z,2026-02-18T07:00:00Z,AmazonS3,USEA-TimedStorage-ByteHrs,StandardStorage,,arn:aws:s3:::platform-assets-bucket,420.3071,,,3.19444e-05,0.01324311,3.19444e-05,0.01324311,GB-Mo,0.023,0.01324311,Amazon Simple Storage Service,,,,,us-east-1,AmazonS3,0.0,0.0,49.12,12,2026-02-16T14:08:08Z,platform,prod,CC100,,,,,,,,,,,,,
4f593f5dc308476fbbcea3a1763e02ca,2026-02-18T15:00:00Z/2026-02-18T16:00:00Z,112233445566,2026-02-01T00:00:00Z,2026-03-01T00:00:00Z,AWS,112233445566,Usage,2026-02-18T15:00:00Z,2026-02-18T16:00:00Z,AmazonS3,USEA-TimedStorage-ByteHrs,StandardStorage,,arn:aws:s3:::platform-assets-bucket,419.9696,,,3.19444e-05,0.01325175,3.19444e-05,0.01325175,GB-Mo,0.023,0.01325175,Amazon Simple Storage Service,,,,,us-east-1,AmazonS3,0.0,0.0,42.08,10,2026-02-18T07:40:04Z,platform,prod,CC100,,,,,,,,,,,,,
5f076187f46d432b8eadd2326fa2c382,2026-02-19T00:00:00Z/2026-02-19T01:00:00Z,112233445566,2026-02-01T00:00:00Z,2026-03-01T00:00:00Z,AWS,112233445566,Usage,2026-02-19T00:00:00Z,2026-02-19T01:00:00Z,AmazonS3,USEA-TimedStorage-ByteHrs,StandardStorage,,arn:aws:s3:::platform-assets-bucket,419.6369,,,3.19444e-05,0.01352186,3.19444e-05,0.01352186,GB-Mo,0.023,0.01352186,Amazon Simple Storage Service,,,,,us-east-1,AmazonS3,0.0,0.0,30.96,6,2026-02-18T00:12:48Z,platform,prod,CC100,,,,,,,,,,,,,
f5a941a9cf95420c854c6dec64a6e573,2026-02-19T09:00:00Z/2026-02-19T10:00:00Z,112233445566,2026-02-01T00:00:00Z,2026-03-01T00:00:00Z,AWS,112233445566,Usage,2026-02-19T09:00:00Z,2026-02-19T10:00:00Z,AmazonS3,USEA-TimedStorage-ByteHrs,StandardStorage,,arn:aws:s3:::platform-assets-bucket,419.9004,,,3.19444e-05,0.01316025,3.19444e-05,0.01316025,GB-Mo,0.023,0.01316025,Amazon Simple Storage Service,,,,,us-east-1,AmazonS3,0.0,0.0,55.45,7,2026-02-17T06:17:49Z,platform,prod,CC100,,,,,,,,,,,,,
eb234747b8d342e9ab8c7fdbc406b093,2026-02-19T18:00:00Z/2026-02-19T19:00:00Z,112233445566,2026-02-01T00:00:00Z,2026-03-01T00:00:00Z,AWS,112233445566,Usage,2026-02-19T18:00:00Z,2026-02-19T19:00:00Z,AmazonS3,USEA-TimedStorage-ByteHrs,StandardStorage,,arn:aws:s3:::platform-assets-bucket,420.3707,,,3.19444e-05,0.01364129,3.19444e-05,0.01364129,GB-Mo,0.023,0.01364129,Amazon Simple Storage Service,,,,,us-east-1,AmazonS3,0.0,0.0,55.55,5,2026-02-17T02:34:03Z,platform,prod,CC100,,,,,,,,,,,,,
6a7e6102895f4635897c0d1cfb56d988,2026-02-20T03:00:00Z/2026-02-20T04:00:00Z,112233445566,2026-02-01T00:00:00Z,2026-03-01T00:00:00Z,AWS,112233445566,Usage,2026-02-20T03:00:00Z,2026-02-20T04:00:00Z,AmazonS3,USEA-TimedStorage-ByteHrs,StandardStorage,,arn:aws:s3:::platform-assets-bucket,419.6884,,,3.19444e-05,0.0133972,3.19444e-05,0.0133972,GB-Mo,0.023,0.0133972,Amazon Simple Storage Service,,,,,us-east-1,AmazonS3,0.0,0.0,31.24,0,2026-02-19T09:10:07Z,platform,prod,CC100,,,,,,,,,,,,,
df055c6589b54dc6bbea032c75acf5e7,2026-02-20T12:00:00Z/2026-02-20T13:00:00Z,112233445566,2026-02-01T00:00:00Z,2026-03-01T00:00:00Z,AWS,112233445566,Usage,2026-02-20T12:00:00Z,2026-02-20T13:00:00Z,AmazonS3,USEA-TimedStorage-ByteHrs,StandardStorage,,arn:aws:s3:::platform-assets-bucket,420.4124,,,3.19444e-05,0.01317724,3.19444e-05,0.01317724,GB-Mo,0.023,0.01317724,Amazon Simple Storage Service,,,,,us-east-1,AmazonS3,0.0,0.0,46.1,0,2026-02-19T21:55:48Z,platform,prod,CC100,,,,,,,,,,,,,
588de7f3727c4547bdd50ab4cee48ce2,2026-02-20T21:00:00Z/2026-02-20T22:00:00Z,112233445566,2026-02-01T00:00:00Z,2026-03-01T00:00:00Z,AWS,112233445566,Usage,2026-02-20T21:00:00Z,2026-02-20T22:00:00Z,AmazonS3,USEA-TimedStorage-ByteHrs,StandardStorage,,arn:aws:s3:::platform-assets-bucket,420.074,,,3.19444e-05,0.01333689,3.19444e-05,0.01333689,GB-Mo,0.023,0.01333689,Amazon Simple Storage Service,,,,,us-east-1,AmazonS3,0.0,0.0,50.03,20,2026-02-19T20:00:18Z,platform,prod,CC100,,,,,,,,,,,,,
e6ec21864bf743c9b77fddba9d903211,2026-02-21T06:00:00Z/2026-02-21T07:00:00Z,112233445566,2026-02-01T00:00:00Z,2026-03-01T00:00:00Z,AWS,112233445566,Usage,2026-02-21T06:00:00Z,2026-02-21T07:00:00Z,AmazonS3,USEA-TimedStorage-ByteHrs,StandardStorage,,arn:aws:s3:::platform-assets-bucket,420.2457,,,3.19444e-05,0.01328894,3.19444e-05,0.01328894,GB-Mo,0.023,0.01328894,Amazon Simple Storage Service,,,,,us-east-1,AmazonS3,0.0,0.0,55.4,24,2026-02-20T23:44:21Z,platform,prod,CC100,,,,,,,,,,,,,
f006dbbb7ded40739ad6b45c8a7b137a,2026-02-21T15:00:00Z/2026-02-21T16:00:00Z,112233445566,2026-02-01T00:00:00Z,2026-03-01T00:00:00Z,AWS,112233445566,Usage,2026-02-21T15:00:00Z,2026-02-21T16:00:00Z,AmazonS3,USEA-TimedStorage-ByteHrs,StandardStorage,,arn:aws:s3:::platform-assets-bucket,419.6905,,,3.19444e-05,0.01354129,3.19444e-05,0.01354129,GB-Mo,0.023,0.01354129,Amazon Simple Storage Service,,,,,us-east-1,AmazonS3,0.0,0.0,31.11,0,2026-02-19T12:22:01Z,platform,prod,CC100,,,,,,,,,,,,,
1e7f57115a8c4e8585d35df2b812834f,2026-02-22T00:00:00Z/2026-02-22T01:00:00Z,112233445566,2026-02-01T00:00:00Z,2026-03-01T00:00:00Z,AWS,112233445566,Usage,2026-02-22T00:00:00Z,2026-02-22T01:00:00Z,AmazonS3,USEA-TimedStorage-ByteHrs,StandardStorage,,arn:aws:s3:::platform-assets-bucket,420.3155,,,3.19444e-05,0.01359667,3.19444e-05,0.01359667,GB-Mo,0.023,0.01359667,Amazon Simple Storage Service,,,,,us-east-1,AmazonS3,0.0,0.0,42.32,0,2026-02-20T06:30:34Z,platform,prod,CC100,,,,,,,,,,,,,
5eba0a1cce8a4827aaefc3583815e448,2026-02-22T09:00:00Z/2026-02-22T10:00:00Z,112233445566,2026-02-01T00:00:00Z,2026-03-01T00:00:00Z,AWS,112233445566,Usage,2026-02-22T09:00:00Z,2026-02-22T10:00:00Z,AmazonS3,USEA-TimedStorage-ByteHrs,StandardStorage,,arn:aws:s3:::platform-assets-bucket,420.2401,,,3.19444e-05,0.01350218,3.19444e-05,0.01350218,GB-Mo,0.023,0.01350218,Amazon Simple Storage Service,,,,,us-east-1,AmazonS3,0.0,0.0,33.65,8,2026-02-20T10:30:19Z,platform,prod,CC100,,,,,,,,,,,,,
acf950bf4faf4ef88b5d887b958b2912,2026-02-22T18:00:00Z/2026-02-22T19:00:00Z,112233445566,2026-02-01T00:00:00Z,2026-03-01T00:00:00Z,AWS,112233445566,Usage,2026-02-22T18:00:00Z,2026-02-22T19:00:00Z,AmazonS3,USEA-TimedStorage-ByteHrs,StandardStorage,,arn:aws:s3:::platform-assets-bucket,420.221,,,3.19444e-05,0.01352631,3.19444e-05,0.01352631,GB-Mo,0.023,0.01352631,Amazon Simple Storage Service,,,,,us-east-1,AmazonS3,0.0,0.0,29.67,17,2026-02-20T01:45:34Z,platform,prod,CC100,,,,,,,,,,,,,
c2a1ca32c63b47e499bf3079b35b4c33,2026-02-23T03:00:00Z/2026-02-23T04:00:00Z,112233445566,2026-02-01T00:00:00Z,2026-03-01T00:00:00Z,AWS,112233445566,Usage,2026-02-23T03:00:00Z,2026-02-23T04:00:00Z,AmazonS3,USEA-TimedStorage-ByteHrs,StandardStorage,,arn:aws:s3:::platform-assets-bucket,419.8012,,,3.19444e-05,0.01354868,3.19444e-05,0.01354868,GB-Mo,0.023,0.01354868,Amazon Simple Storage Service,,,,,us-east-1,AmazonS3,0.0,0.0,30.83,17,2026-02-21T13:57:13Z,platform,prod,CC100,,,,,,,,,,,,,
8062b9634c5c4959b91c69ce624c403e,2026-02-23T12:00:00Z/2026-02-23T13:00:00Z,112233445566,2026-02-01T00:00:00Z,2026-03-01T00:00:00Z,AWS,112233445566,Usage,2026-02-23T12:00:00Z,2026-02-23T13:00:00Z,AmazonS3,USEA-TimedStorage-ByteHrs,StandardStorage,,arn:aws:s3:::platform-assets-bucket,420.2813,,,3.19444e-05,0.01359248,3.19444e-05,0.01359248,GB-Mo,0.023,0.01359248,Amazon Simple Storage Service,,,,,us-east-1,AmazonS3,0.0,0.0,59.94,8,2026-02-21T13:27:09Z,platform,prod,CC100,,,,,,,,,,,,,
e767337a632347719296fdc8877c34f1,2026-02-23T21:00:00Z/2026-02-23T22:00:00Z,112233445566,2026-02-01T00:00:00Z,2026-03-01T00:00:00Z,AWS,112233445566,Usage,2026-02-23T21:00:00Z,2026-02-23T22:00:00Z,AmazonS3,USEA-TimedStorage-ByteHrs,StandardStorage,,arn:aws:s3:::platform-assets-bucket,419.8911,,,3.19444e-05,0.01351532,3.19444e-05,0.01351532,GB-Mo,0.023,0.01351532,Amazon Simple Storage Service,,,,,us-east-1,AmazonS3,0.0,0.0,46.0,12,2026-02-22T20:27:49Z,platform,prod,CC100,,,,,,,,,,,,,
7852dd450ffb40d2aad80a0d5c2b33db,2026-02-24T06:00:00Z/2026-02-24T07:00:00Z,112233445566,2026-02-01T00:00:00Z,2026-03-01T00:00:00Z,AWS,112233445566,Usage,2026-02-24T06:00:00Z,2026-02-24T07:00:00Z,AmazonS3,USEA-TimedStorage-ByteHrs,StandardStorage,,arn:aws:s3:::platform-assets-bucket,420.098,,,3.19444e-05,0.01328657,3.19444e-05,0.01328657,GB-Mo,0.023,0.01328657,Amazon Simple Storage Service,,,,,us-east-1,AmazonS3,0.0,0.0,61.34,2,2026-02-23T08:12:39Z,platform,prod,CC100,,,,,,,,,,,,,
4e378800f32546c790cd199738904c5f,2026-02-24T15:00:00Z/2026-02-24T16:00:00Z,112233445566,2026-02-01T00:00:00Z,2026-03-01T00:00:00Z,AWS,112233445566,Usage,2026-02-24T15:00:00Z,2026-02-24T16:00:00Z,AmazonS3,USEA-TimedStorage-ByteHrs,StandardStorage,,arn:aws:s3:::platform-assets-bucket,419.8653,,,3.19444e-05,0.01344803,3.19444e-05,0.01344803,GB-Mo,0.023,0.01344803,Amazon Simple Storage Service,,,,,us-east-1,AmazonS3,0.0,0.0,47.35,17,2026-02-23T07:12:46Z,platform,prod,CC100,,,,,,,,,,,,,
382ecbb10c0a4b889b3d83f5dd2fce3a,2026-02-25T00:00:00Z/2026-02-25T01:00:00Z,112233445566,2026-02-01T00:00:00Z,2026-03-01T00:00:00Z,AWS,112233445566,Usage,2026-02-25T00:00:00Z,2026-02-25T01:00:00Z,AmazonS3,USEA-TimedStorage-ByteHrs,StandardStorage,,arn:aws:s3:::platform-assets-bucket,420.0516,,,3.19444e-05,0.01323152,3.19444e-05,0.01323152,GB-Mo,0.023,0.01323152,Amazon Simple Storage Service,,,,,us-east-1,AmazonS3,0.0,0.0,57.87,16,2026-02-22T23:43:50Z,platform,prod,CC100,,,,,,,,,,,,,
d1f3d59490554d5cb1aaed7aab9bd28c,2026-02-25T09:00:00Z/2026-02-25T10:00:00Z,112233445566,2026-02-01T00:00:00Z,2026-03-01T00:00:00Z,AWS,112233445566,Usage,2026-02-25T09:00:00Z,2026-02-25T10:00:00Z,AmazonS3,USEA-TimedStorage-ByteHrs,StandardStorage,,arn:aws:s3:::platform-assets-bucket,420.1987,,,3.19444e-05,0.01331934,3.19444e-05,0.01331934,GB-Mo,0.023,0.01331934,Amazon Simple Storage Service,,,,,us-east-1,AmazonS3,0.0,0.0,46.95,13,2026-02-23T14:03:30Z,platform,prod,CC100,,,,,,,,,,,,,
5d445d9275754fff8f7301fcaaf25aaf,2026-02-25T18:00:00Z/2026-02-25T19:00:00Z,112233445566,2026-02-01T00:00:00Z,2026-03-01T00:00:00Z,AWS,112233445566,Usage,2026-02-25T18:00:00Z,2026-02-25T19:00:00Z,AmazonS3,USEA-TimedStorage-ByteHrs,StandardStorage,,arn:aws:s3:::platform-assets-bucket,420.2171,,,3.19444e-05,0.01364388,3.19444e-05,0.01364388,GB-Mo,0.023,0.01364388,Amazon Simple Storage Service,,,,,us-east-1,AmazonS3,0.0,0.0,49.91,15,2026-02-24T03:11:28Z,platform,prod,CC100,,,,,,,,,,,,,
a3b79bfbd538495ca11eff456242e760,2026-02-26T03:00:00Z/2026-02-26T04:00:00Z,112233445566,2026-02-01T00:00:00Z,2026-03-01T00:00:00Z,AWS,112233445566,Usage,2026-02-26T03:00:00Z,2026-02-26T04:00:00Z,AmazonS3,USEA-TimedStorage-ByteHrs,StandardStorage,,arn:aws:s3:::platform-assets-bucket,419.9896,,,3.19444e-05,0.01321239,3.19444e-05,0.01321239,GB-Mo,0.023,0.01321239,Amazon Simple Storage Service,,,,,us-east-1,AmazonS3,0.0,0.0,30.14,12,2026-02-24T00:15:48Z,platform,prod,CC100,,,,,,,,,,,,,
fb56374b501e490886db2ab93bd1a011,2026-02-26T12:00:00Z/2026-02-26T13:00:00Z,112233445566,2026-02-01T00:00:00Z,2026-03-01T00:00:00Z,AWS,112233445566,Usage,2026-02-26T12:00:00Z,2026-02-26T13:00:00Z,AmazonS3,USEA-TimedStorage-ByteHrs,StandardStorage,,arn:aws:s3:::platform-assets-bucket,419.7439,,,3.19444e-05,0.01319636,3.19444e-05,0.01319636,GB-Mo,0.023,0.01319636,Amazon Simple Storage Service,,,,,us-east-1,AmazonS3,0.0,0.0,53.46,13,2026-02-23T23:48:48Z,platform,prod,CC100,,,,,,,,,,,,,
dcb20c9d1fe24f1e8977720ff9cf4eee,2026-02-26T21:00:00Z/2026-02-26T22:00:00Z,112233445566,2026-02-01T00:00:00Z,2026-03-01T00:00:00Z,AWS,112233445566,Usage,2026-02-26T21:00:00Z,2026-02-26T22:00:00Z,AmazonS3,USEA-TimedStorage-ByteHrs,StandardStorage,,arn:aws:s3:::platform-assets-bucket,419.6061,,,3.19444e-05,0.01347478,3.19444e-05,0.01347478,GB-Mo,0.023,0.01347478,Amazon Simple Storage Service,,,,,us-east-1,AmazonS3,0.0,0.0,36.97,2,2026-02-25T18:45:55Z,platform,prod,CC100,,,,,,,,,,,,,
224ce1bd2ac841b6b30d4ef276a7ee12,2026-02-27T06:00:00Z/2026-02-27T07:00:00Z,112233445566,2026-02-01T00:00:00Z,2026-03-01T00:00:00Z,AWS,112233445566,Usage,2026-02-27T06:00:00Z,2026-02-27T07:00:00Z,AmazonS3,USEA-TimedStorage-ByteHrs,StandardStorage,,arn:aws:s3:::platform-assets-bucket,419.5857,,,3.19444e-05,0.01340917,3.19444e-05,0.01340917,GB-Mo,0.023,0.01340917,Amazon Simple Storage Service,,,,,us-east-1,AmazonS3,0.0,0.0,61.16,0,2026-02-27T00:48:51Z,platform,prod,CC100,,,,,,,,,,,,,
a6fe83d3b9d442dfa7283a5b71a4eba7,2026-02-27T15:00:00Z/2026-02-27T16:00:00Z,112233445566,2026-02-01T00:00:00Z,2026-03-01T00:00:00Z,AWS,112233445566,Usage,2026-02-27T15:00:00Z,2026-02-27T16:00:00Z,AmazonS3,USEA-TimedStorage-ByteHrs,StandardStorage,,arn:aws:s3:::platform-assets-bucket,420.2951,,,3.19444e-05,0.01346956,3.19444e-05,0.01346956,GB-Mo,0.023,0.01346956,Amazon Simple Storage Service,,,,,us-east-1,AmazonS3,0.0,0.0,38.73,14,2026-02-26T00:46:19Z,platform,prod,CC100,,,,,,,,,,,,,
b9c42b7ae7ab4725ba51d010a6fd2f2f,2026-02-01T00:00:00Z/2026-02-01T01:00:00Z,112233445566,2026-02-01T00:00:00Z,2026-03-01T00:00:00Z,AWS,223344556677,Usage,2026-02-01T00:00:00Z,2026-02-01T01:00:00Z,AmazonS3,USWE-TimedStorage-ByteHrs,StandardStorage,,arn:aws:s3:::data-lake-raw,1850.4955,,,3.19444e-05,0.05899041,3.19444e-05,0.05899041,GB-Mo,0.023,0.05899041,Amazon Simple Storage Service,,,,,us-west-2,AmazonS3,0.0,0.0,61.61,0,2026-01-29T18:42:05Z,data-eng,prod,CC200,,,,,,,,,,,,,
f88ad0c3341a4683ab0c7a98f54ed5f4,2026-02-01T09:00:00Z/2026-02-01T10:00:00Z,112233445566,2026-02-01T00:00:00Z,2026-03-01T00:00:00Z,AWS,223344556677,Usage,2026-02-01T09:00:00Z,2026-02-01T10:00:00Z,AmazonS3,USWE-TimedStorage-ByteHrs,StandardStorage,,arn:aws:s3:::data-lake-raw,1848.9623,,,3.19444e-05,0.05926867,3.19444e-05,0.05926867,GB-Mo,0.023,0.05926867,Amazon Simple Storage Service,,,,,us-west-2,AmazonS3,0.0,0.0,57.58,11,2026-01-31T06:07:07Z,data-eng,prod,CC200,,,,,,,,,,,,,
de6912a3bee347fa885272e8b5bcd6ea,2026-02-01T18:00:00Z/2026-02-01T19:00:00Z,112233445566,2026-02-01T00:00:00Z,2026-03-01T00:00:00Z,AWS,223344556677,Usage,2026-02-01T18:00:00Z,2026-02-01T19:00:00Z,AmazonS3,USWE-TimedStorage-ByteHrs,StandardStorage,,arn:aws:s3:::data-lake-raw,1851.011,,,3.19444e-05,0.05799484,3.19444e-05,0.05799484,GB-Mo,0.023,0.05799484,Amazon Simple Storage Service,,,,,us-west-2,AmazonS3,0.0,0.0,48.95,9,2026-01-30T14:04:45Z,data-eng,prod,CC200,,,,,,,,,,,,,
6ba61f0633854e6889bd7a31f9edc265,2026-02-02T03:00:00Z/2026-02-02T04:00:00Z,112233445566,2026-02-01T00:00:00Z,2026-03-01T00:00:00Z,AWS,223344556677,Usage,2026-02-02T03:00:00Z,2026-02-02T04:00:00Z,AmazonS3,USWE-TimedStorage-ByteHrs,StandardStorage,,arn:aws:s3:::data-lake-raw,1848.8908,,,3.19444e-05,0.05836766,3.19444e-05,0.05836766,GB-Mo,0.023,0.05836766,Amazon Simple Storage Service,,,,,us-west-2,AmazonS3,0.0,0.0,31.49,7,2026-01-31T04:47:53Z,data-eng,prod,CC200,,,,,,,,,,,,,
c79b0e14ffa849ef81b9e35301aef55a,2026-02-02T12:00:00Z/2026-02-02T13:00:00Z,112233445566,2026-02-01T00:00:00Z,2026-03-01T00:00:00Z,AWS,223344556677,Usage,2026-02-02T12:00:00Z,2026-02-02T13:00:00Z,AmazonS3,USWE-TimedStorage-ByteHrs,StandardStorage,,arn:aws:s3:::data-lake-raw,1850.0082,,,3.19444e-05,0.0590844,3.19444e-05,0.0590844,GB-Mo,0.023,0.0590844,Amazon Simple Storage Service,,,,,us-west-2,AmazonS3,0.0,0.0,45.84,16,2026-01-31T21:05:54Z,data-eng,prod,CC200,,,,,,,,,,,,,
783f620905914a88b4521ff34d22b3be,2026-02-02T21:00:00Z/2026-02-02T22:00:00Z,112233445566,2026-02-01T00:00:00Z,2026-03-01T00:00:00Z,AWS,223344556677,Usage,2026-02-02T21:00:00Z,2026-02-02T22:00:00Z,AmazonS3,USWE-TimedStorage-ByteHrs,StandardStorage,,arn:aws:s3:::data-lake-raw,1849.4092,,,3.19444e-05,0.05822819,3.19444e-05,0.05822819,GB-Mo,0.023,0.05822819,Amazon Simple Storage Service,,,,,us-west-2,AmazonS3,0.0,0.0,43.27,9,2026-01-31T15:38:37Z,data-eng,prod,CC200,,,,,,,,,,,,,
46a4fc6925714243950585aef15352e3,2026-02-03T06:00:00Z/2026-02-03T07:00:00Z,112233445566,2026-02-01T00:00:00Z,2026-03-01T00:00:00Z,AWS,223344556677,Usage,2026-02-03T06:00:00Z,2026-02-03T07:00:00Z,AmazonS3,USWE-TimedStorage-ByteHrs,StandardStorage,,arn:aws:s3:::data-lake-raw,1851.4409,,,3.19444e-05,0.059393,3.19444e-05,0.059393,GB-Mo,0.023,0.059393,Amazon Simple Storage Service,,,,,us-west-2,AmazonS3,0.0,0.0,42.25,1,2026-02-02T01:52:29Z,data-eng,prod,CC200,,,,,,,,,,,,,
ead742393b774ac582a28b424d8adf2b,2026-02-03T15:00:00Z/2026-02-03T16:00:00Z,112233445566,2026-02-01T00:00:00Z,2026-03-01T00:00:00Z,AWS,223344556677,Usage,2026-02-03T15:00:00Z,2026-02-03T16:00:00Z,AmazonS3,USWE-TimedStorage-ByteHrs,StandardStorage,,arn:aws:s3:::data-lake-raw,1850.7569,,,3.19444e-05,0.05838263,3.19444e-05,0.05838263,GB-Mo,0.023,0.05838263,Amazon Simple Storage Service,,,,,us-west-2,AmazonS3,0.0,0.0,32.15,17,2026-02-03T01:59:47Z,data-eng,prod,CC200,,,,,,,,,,,,,
6cf62c65ee9a48eebe18e4f5fa789342,2026-02-04T00:00:00Z/2026-02-04T01:00:00Z,112233445566,2026-02-01T00:00:00Z,2026-03-01T00:00:00Z,AWS,223344556677,Usage,2026-02-04T00:00:00Z,2026-02-04T01:00:00Z,AmazonS3,USWE-TimedStorage-ByteHrs,StandardStorage,,arn:aws:s3:::data-lake-raw,1848.8622,,,3.19444e-05,0.05824272,3.19444e-05,0.05824272,GB-Mo,0.023,0.05824272,Amazon Simple Storage Service,,,,,us-west-2,AmazonS3,0.0,0.0,31.1,3,2026-02-02T10:21:24Z,data-eng,prod,CC200,,,,,,,,,,,,,
4f78213b125f4b129ed54fe03bf8ece8,2026-02-04T09:00:00Z/2026-02-04T10:00:00Z,112233445566,2026-02-01T00:00:00Z,2026-03-01T00:00:00Z,AWS,223344556677,Usage,2026-02-04T09:00:00Z,2026-02-04T10:00:00Z,AmazonS3,USWE-TimedStorage-ByteHrs,StandardStorage,,arn:aws:s3:::data-lake-raw,1848.7005,,,3.19444e-05,0.0581168,3.19444e-05,0.0581168,GB-Mo,0.023,0.0581168,Amazon Simple Storage Service,,,,,us-west-2,AmazonS3,0.0,0.0,49.7,20,2026-02-02T05:14:06Z,data-eng,prod,CC200,,,,,,,,,,,,,
51c93a77b940413b9d3547f9adc64ea8,2026-02-04T18:00:00Z/2026-02-04T19:00:00Z,112233445566,2026-02-01T00:00:00Z,2026-03-01T00:00:00Z,AWS,223344556677,Usage,2026-02-04T18:00:00Z,2026-02-04T19:00:00Z,AmazonS3,USWE-TimedStorage-ByteHrs,StandardStorage,,arn:aws:s3:::data-lake-raw,1850.1665,,,3.19444e-05,0.0581118,3.19444e-05,0.0581118,GB-Mo,0.023,0.0581118,Amazon Simple Storage Service,,,,,us-west-2,AmazonS3,0.0,0.0,58.06,10,2026-02-03T15:36:50Z,data-eng,prod,CC200,,,,,,,,,,,,,
76429156043f4d7e9fb90f04a9f034a9,2026-02-05T03:00:00Z/2026-02-05T04:00:00Z,112233445566,2026-02-01T00:00:00Z,2026-03-01T00:00:00Z,AWS,223344556677,Usage,2026-02-05T03:00:00Z,2026-02-05T04:00:00Z,AmazonS3,USWE-TimedStorage-ByteHrs,StandardStorage,,arn:aws:s3:::data-lake-raw,1851.2087,,,3.19444e-05,0.0586858,3.19444e-05,0.0586858,GB-Mo,0.023,0.0586858,Amazon Simple Storage Service,,,,,us-west-2,AmazonS3,0.0,0.0,49.07,4,2026-02-04T05:14:33Z,data-eng,prod,CC200,,,,,,,,,,,,,
5e13d1c011f340fea19ed3774ca5adef,2026-02-05T12:00:00Z/2026-02-05T13:00:00Z,112233445566,2026-02-01T00:00:00Z,2026-03-01T00:00:00Z,AWS,223344556677,Usage,2026-02-05T12:00:00Z,2026-02-05T13:00:00Z,AmazonS3,USWE-TimedStorage-ByteHrs,StandardStorage,,arn:aws:s3:::data-lake-raw,1851.389,,,3.19444e-05,0.0583485,3.19444e-05,0.0583485,GB-Mo,0.023,0.0583485,Amazon Simple Storage Service,,,,,us-west-2,AmazonS3,0.0,0.0,50.06,14,2026-02-04T11:51:16Z,data-eng,prod,CC200,,,,,,,,,,,,,
b8f37fa0161e4890a2c9699f3bff3867,2026-02-05T21:00:00Z/2026-02-05T22:00:00Z,112233445566,2026-02-01T00:00:00Z,2026-03-01T00:00:00Z,AWS,223344556677,Usage,2026-02-05T21:00:00Z,2026-02-05T22:00:00Z,AmazonS3,USWE-TimedStorage-ByteHrs,StandardStorage,,arn:aws:s3:::data-lake-raw,1848.9142,,,3.19444e-05,0.05795123,3.19444e-05,0.05795123,GB-Mo,0.023,0.05795123,Amazon Simple Storage Service,,,,,us-west-2,AmazonS3,0.0,0.0,42.63,7,2026-02-04T14:24:08Z,data-eng,prod,CC200,,,,,,,,,,,,,
990c1ac32f6342f5a8ce4f9d81bb9f5a,2026-02-06T06:00:00Z/2026-02-06T07:00:00Z,112233445566,2026-02-01T00:00:00Z,2026-03-01T00:00:00Z,AWS,223344556677,Usage,2026-02-06T06:00:00Z,2026-02-06T07:00:00Z,AmazonS3,USWE-TimedStorage-ByteHrs,StandardStorage,,arn:aws:s3:::data-lake-raw,1851.3271,,,3.19444e-05,0.05899986,3.19444e-05,0.05899986,GB-Mo,0.023,0.05899986,Amazon Simple Storage Service,,,,,us-west-2,AmazonS3,0.0,0.0,53.61,7,2026-02-04T21:16:11Z,data-eng,prod,CC200,,,,,,,,,,,,,
271df5e97a4344c99d340479d8708338,2026-02-06T15:00:00Z/2026-02-06T16:00:00Z,112233445566,2026-02-01T00:00:00Z,2026-03-01T00:00:00Z,AWS,223344556677,Usage,2026-02-06T15:00:00Z,2026-02-06T16:00:00Z,AmazonS3,USWE-TimedStorage-ByteHrs,StandardStorage,,arn:aws:s3:::data-lake-raw,1850.4211,,,3.19444e-05,0.05827764,3.19444e-05,0.05827764,GB-Mo,0.023,0.05827764,Amazon Simple Storage Service,,,,,us-west-2,AmazonS3,0.0,0.0,33.97,0,2026-02-04T13:11:13Z,data-eng,prod,CC200,,,,,,,,,,,,,
9b77355590824fbb9f554caa27e64dec,2026-02-07T00:00:00Z/2026-02-07T01:00:00Z,112233445566,2026-02-01T00:00:00Z,2026-03-01T00:00:00Z,AWS,223344556677,Usage,2026-02-07T00:00:00Z,2026-02-07T01:00:00Z,AmazonS3,USWE-TimedStorage-ByteHrs,StandardStorage,,arn:aws:s3:::data-lake-raw,1850.9533,,,3.19444e-05,0.0598352,3.19444e-05,0.0598352,GB-Mo,0.023,0.0598352,Amazon Simple Storage Service,,,,,us-west-2,AmazonS3,0.0,0.0,52.59,9,2026-02-05T16:35:36Z,data-eng,prod,CC200,,,,,,,,,,,,,
1e3efd26da4f443f85f1a080ebc15aaa,2026-02-07T09:00:00Z/2026-02-07T10:00:00Z,112233445566,2026-02-01T00:00:00Z,2026-03-01T00:00:00Z,AWS,223344556677,Usage,2026-02-07T09:00:00Z,2026-02-07T10:00:00Z,AmazonS3,USWE-TimedStorage-ByteHrs,StandardStorage,,arn:aws:s3:::data-lake-raw,1848.7582,,,3.19444e-05,0.05903656,3.19444e-05,0.05903656,GB-Mo,0.023,0.05903656,Amazon Simple Storage Service,,,,,us-west-2,AmazonS3,0.0,0.0,31.6,23,2026-02-05T16:37:40Z,data-eng,prod,CC200,,,,,,,,,,,,,
085a7c0c1a5b4b91af5ed37e3c056a9b,2026-02-07T18:00:00Z/2026-02-07T19:00:00Z,112233445566,2026-02-01T00:00:00Z,2026-03-01T00:00:00Z,AWS,223344556677,Usage,2026-02-07T18:00:00Z,2026-02-07T19:00:00Z,AmazonS3,USWE-TimedStorage-ByteHrs,StandardStorage,,arn:aws:s3:::data-lake-raw,1849.1809,,,3.19444e-05,0.05900745,3.19444e-05,0.05900745,GB-Mo,0.023,0.05900745,Amazon Simple Storage Service,,,,,us-west-2,AmazonS3,0.0,0.0,28.43,4,2026-02-06T01:27:07Z,data-eng,prod,CC200,,,,,,,,,,,,,
141bfed5de8b4618b4533554dafd20a6,2026-02-08T03:00:00Z/2026-02-08T04:00:00Z,112233445566,2026-02-01T00:00:00Z,2026-03-01T00:00:00Z,AWS,223344556677,Usage,2026-02-08T03:00:00Z,2026-02-08T04:00:00Z,AmazonS3,USWE-TimedStorage-ByteHrs,StandardStorage,,arn:aws:s3:::data-lake-raw,1850.6377,,,3.19444e-05,0.06015501,3.19444e-05,0.06015501,GB-Mo,0.023,0.06015501,Amazon Simple Storage Service,,,,,us-west-2,AmazonS3,0.0,0.0,60.03,4,2026-02-06T03:22:24Z,data-eng,prod,CC200,,,,,,,,,,,,,
b742ec4a505d43779785940a57a48703,2026-02-08T12:00:00Z/2026-02-08T13:00:00Z,112233445566,2026-02-01T00:00:00Z,2026-03-01T00:00:00Z,AWS,223344556677,Usage,2026-02-08T12:00:00Z,2026-02-08T13:00:00Z,AmazonS3,USWE-TimedStorage-ByteHrs,StandardStorage,,arn:aws:s3:::data-lake-raw,1850.7733,,,3.19444e-05,0.0584935,3.19444e-05,0.0584935,GB-Mo,0.023,0.0584935,Amazon Simple Storage Service,,,,,us-west-2,AmazonS3,0.0,0.0,50.86,22,2026-02-06T08:28:06Z,data-eng,prod,CC200,,,,,,,,,,,,,
93deef90f3cd4cff9ee801323eced902,2026-02-08T21:00:00Z/2026-02-08T22:00:00Z,112233445566,2026-02-01T00:00:00Z,2026-03-01T00:00:00Z,AWS,223344556677,Usage,2026-02-08T21:00:00Z,2026-02-08T22:00:00Z,AmazonS3,USWE-TimedStorage-ByteHrs,StandardStorage,,arn:aws:s3:::data-lake-raw,1848.6441,,,3.19444e-05,0.05880036,3.19444e-05,0.05880036,GB-Mo,0.023,0.05880036,Amazon Simple Storage Service,,,,,us-west-2,AmazonS3,0.0,0.0,30.64,2,2026-02-08T08:51:54Z,data-eng,prod,CC200,,,,,,,,,,,,,
156cb6588e9847d09d0f543af6c2cb24,2026-02-09T06:00:00Z/2026-02-09T07:00:00Z,112233445566,2026-02-01T00:00:00Z,2026-03-01T00:00:00Z,AWS,223344556677,Usage,2026-02-09T06:00:00Z,2026-02-09T07:00:00Z,AmazonS3,USWE-TimedStorage-ByteHrs,StandardStorage,,arn:aws:s3:::data-lake-raw,1850.461,,,3.19444e-05,0.05871812,3.19444e-05,0.05871812,GB-Mo,0.023,0.05871812,Amazon Simple Storage Service,,,,,us-west-2,AmazonS3,0.0,0.0,58.99,17,2026-02-08T20:13:40Z,data-eng,prod,CC200,,,,,,,,,,,,,
5ad13d56c4564f33bf32ae014c9de2fe,2026-02-09T15:00:00Z/2026-02-09T16:00:00Z,112233445566,2026-02-01T00:00:00Z,2026-03-01T00:00:00Z,AWS,223344556677,Usage,2026-02-09T15:00:00Z,2026-02-09T16:00:00Z,AmazonS3,USWE-TimedStorage-ByteHrs,StandardStorage,,arn:aws:s3:::data-lake-raw,1851.3366,,,3.19444e-05,0.05935143,3.19444e-05,0.05935143,GB-Mo,0.023,0.05935143,Amazon Simple Storage Service,,,,,us-west-2,AmazonS3,0.0,0.0,37.76,14,2026-02-08T17:12:19Z,data-eng,prod,CC200,,,,,,,,,,,,,
5ad3b2a06e6b4ef8a4d2b4be21cb7de1,2026-02-10T00:00:00Z/2026-02-10T01:00:00Z,112233445566,2026-02-01T00:00:00Z,2026-03-01T00:00:00Z,AWS,223344556677,Usage,2026-02-10T00:00:00Z,2026-02-10T01:00:00Z,AmazonS3,USWE-TimedStorage-ByteHrs,StandardStorage,,arn:aws:s3:::data-lake-raw,1851.1119,,,3.19444e-05,0.06023685,3.19444e-05,0.06023685,GB-Mo,0.023,0.06023685,Amazon Simple Storage Service,,,,,us-west-2,AmazonS3,0.0,0.0,43.42,2,2026-02-08T05:23:01Z,data-eng,prod,CC200,,,,,,,,,,,,,
67494fc4d1ab4525b8dc63fd9c15d2b4,2026-02-10T09:00:00Z/2026-02-10T10:00:00Z,112233445566,2026-02-01T00:00:00Z,2026-03-01T00:00:00Z,AWS,223344556677,Usage,2026-02-10T09:00:00Z,2026-02-10T10:00:00Z,AmazonS3,USWE-TimedStorage-ByteHrs,StandardStorage,,arn:aws:s3:::data-lake-raw,1850.5952,,,3.19444e-05,0.05858087,3.19444e-05,0.05858087,GB-Mo,0.023,0.05858087,Amazon Simple Storage Service,,,,,us-west-2,AmazonS3,0.0,0.0,56.95,1,2026-02-07T22:17:55Z,data-eng,prod,CC200,,,,,,,,,,,,,
e7f42bf3ca30415d9709a1a87bbcb0bd,2026-02-10T18:00:00Z/2026-02-10T19:00:00Z,112233445566,2026-02-01T00:00:00Z,2026-03-01T00:00:00Z,AWS,223344556677,Usage,2026-02-10T18:00:00Z,2026-02-10T19:00:00Z,AmazonS3,USWE-TimedStorage-ByteHrs,StandardStorage,,arn:aws:s3:::data-lake-raw,1851.6771,,,3.19444e-05,0.05904101,3.19444e-05,0.05904101,GB-Mo,0.023,0.05904101,Amazon Simple Storage Service,,,,,us-west-2,AmazonS3,0.0,0.0,44.57,17,2026-02-10T03:28:07Z,data-eng,prod,CC200,,,,,,,,,,,,,
f46e2908a6e248fab592ce084011b694,2026-02-11T03:00:00Z/2026-02-11T04:00:00Z,112233445566,2026-02-01T00:00:00Z,2026-03-01T00:00:00Z,AWS,223344556677,Usage,2026-02-11T03:00:00Z,2026-02-11T04:00:00Z,AmazonS3,USWE-TimedStorage-ByteHrs,StandardStorage,,arn:aws:s3:::data-lake-raw,1849.2754,,,3.19444e-05,0.06002401,3.19444e-05,0.06002401,GB-Mo,0.023,0.06002401,Amazon Simple Storage Service,,,,,us-west-2,AmazonS3,0.0,0.0,48.67,0,2026-02-08T15:02:55Z,data-eng,prod,CC200,,,,,,,,,,,,,
1e79b110585744bcb9be6ab127f133dc,2026-02-11T12:00:00Z/2026-02-11T13:00:00Z,112233445566,2026-02-01T00:00:00Z,2026-03-01T00:00:00Z,AWS,223344556677,Usage,2026-02-11T12:00:00Z,2026-02-11T13:00:00Z,AmazonS3,USWE-TimedStorage-ByteHrs,StandardStorage,,arn:aws:s3:::data-lake-raw,1849.7998,,,3.19444e-05,0.05893686,3.19444e-05,0.05893686,GB-Mo,0.023,0.05893686,Amazon Simple Storage Service,,,,,us-west-2,AmazonS3,0.0,0.0,34.04,10,2026-02-09T16:19:21Z,data-eng,prod,CC200,,,,,,,,,,,,,
7a719b04b11e43a29f4a6599aef6af5d,2026-02-11T21:00:00Z/2026-02-11T22:00:00Z,112233445566,2026-02-01T00:00:00Z,2026-03-01T00:00:00Z,AWS,223344556677,Usage,2026-02-11T21:00:00Z,2026-02-11T22:00:00Z,AmazonS3,USWE-TimedStorage-ByteHrs,StandardStorage,,arn:aws:s3:::data-lake-raw,1851.2397,,,3.19444e-05,0.05884048,3.19444e-05,0.05884048,GB-Mo,0.023,0.05884048,Amazon Simple Storage Service,,,,,us-west-2,AmazonS3,0.0,0.0,31.05,7,2026-02-09T21:02:29Z,data-eng,prod,CC200,,,,,,,,,,,,,
b5272708daba43e7a7d87b61b871d042,2026-02-12T06:00:00Z/2026-02-12T07:00:00Z,112233445566,2026-02-01T00:00:00Z,2026-03-01T00:00:00Z,AWS,223344556677,Usage,2026-02-12T06:00:00Z,2026-02-12T07:00:00Z,AmazonS3,USWE-TimedStorage-ByteHrs,StandardStorage,,arn:aws:s3:::data-lake-raw,1850.9046,,,3.19444e-05,0.05964558,3.19444e-05,0.05964558,GB-Mo,0.023,0.05964558,Amazon Simple Storage Service,,,,,us-west-2,AmazonS3,0.0,0.0,55.83,0,2026-02-11T22:34:38Z,data-eng,prod,CC200,,,,,,,,,,,,,
d2443674c7f84919ba140d0f0799b04c,2026-02-12T15:00:00Z/2026-02-12T16:00:00Z,112233445566,2026-02-01T00:00:00Z,2026-03-01T00:00:00Z,AWS,223344556677,Usage,2026-02-12T15:00:00Z,2026-02-12T16:00:00Z,AmazonS3,USWE-TimedStorage-ByteHrs,StandardStorage,,arn:aws:s3:::data-lake-raw,1851.2856,,,3.19444e-05,0.05913246,3.19444e-05,0.05913246,GB-Mo,0.023,0.05913246,Amazon Simple Storage Service,,,,,us-west-2,AmazonS3,0.0,0.0,46.87,16,2026-02-11T07:44:38Z,data-eng,prod,CC200,,,,,,,,,,,,,
8e8e2f85bae34f7eb479fbc8d50a00aa,2026-02-13T00:00:00Z/2026-02-13T01:00:00Z,112233445566,2026-02-01T00:00:00Z,2026-03-01T00:00:00Z,AWS,223344556677,Usage,2026-02-13T00:00:00Z,2026-02-13T01:00:00Z,AmazonS3,USWE-TimedStorage-ByteHrs,StandardStorage,,arn:aws:s3:::data-lake-raw,1848.1944,,,3.19444e-05,0.05957488,3.19444e-05,0.05957488,GB-Mo,0.023,0.05957488,Amazon Simple Storage Service,,,,,us-west-2,AmazonS3,0.0,0.0,46.42,15,2026-02-12T11:50:06Z,data-eng,prod,CC200,,,,,,,,,,,,,
182872742ec242a4bd062b7d7d3c1df6,2026-02-13T09:00:00Z/2026-02-13T10:00:00Z,112233445566,2026-02-01T00:00:00Z,2026-03-01T00:00:00Z,AWS,223344556677,Usage,2026-02-13T09:00:00Z,2026-02-13T10:00:00Z,AmazonS3,USWE-TimedStorage-ByteHrs,StandardStorage,,arn:aws:s3:::data-lake-raw,1850.1325,,,3.19444e-05,0.05903473,3.19444e-05,0.05903473,GB-Mo,0.023,0.05903473,Amazon Simple Storage Service,,,,,us-west-2,AmazonS3,0.0,0.0,41.39,11,2026-02-11T05:10:59Z,data-eng,prod,CC200,,,,,,,,,,,,,
786e719c582c4b2084dca57818022a84,2026-02-13T18:00:00Z/2026-02-13T19:00:00Z,112233445566,2026-02-01T00:00:00Z,2026-03-01T00:00:00Z,AWS,223344556677,Usage,2026-02-13T18:00:00Z,2026-02-13T19:00:00Z,AmazonS3,USWE-TimedStorage-ByteHrs,StandardStorage,,arn:aws:s3:::data-lake-raw,1849.7521,,,3.19444e-05,0.06024289,3.19444e-05,0.06024289,GB-Mo,0.023,0.06024289,Amazon Simple Storage Service,,,,,us-west-2,AmazonS3,0.0,0.0,50.29,2,2026-02-12T11:24:16Z,data-eng,prod,CC200,,,,,,,,,,,,,
467233a8b5224dbe8d9990e560baa00b,2026-02-14T03:00:00Z/2026-02-14T04:00:00Z,112233445566,2026-02-01T00:00:00Z,2026-03-01T00:00:00Z,AWS,223344556677,Usage,2026-02-14T03:00:00Z,2026-02-14T04:00:00Z,AmazonS3,USWE-TimedStorage-ByteHrs,StandardStorage,,arn:aws:s3:::data-lake-raw,1848.9291,,,3.19444e-05,0.05949631,3.19444e-05,0.05949631,GB-Mo,0.023,0.05949631,Amazon Simple Storage Service,,,,,us-west-2,AmazonS3,0.0,0.0,55.01,19,2026-02-11T20:08:33Z,data-eng,prod,CC200,,,,,,,,,,,,,
72a971d0080a47878c82f23bba4a8e02,2026-02-14T12:00:00Z/2026-02-14T13:00:00Z,112233445566,2026-02-01T00:00:00Z,2026-03-01T00:00:00Z,AWS,223344556677,Usage,2026-02-14T12:00:00Z,2026-02-14T13:00:00Z,AmazonS3,USWE-TimedStorage-ByteHrs,StandardStorage,,arn:aws:s3:::data-lake-raw,1848.1595,,,3.19444e-05,0.05999201,3.19444e-05,0.05999201,GB-Mo,0.023,0.05999201,Amazon Simple Storage Service,,,,,us-west-2,AmazonS3,0.0,0.0,38.89,17,2026-02-12T03:30:43Z,data-eng,prod,CC200,,,,,,,,,,,,,
b3e0449731dd4ea4a9e84003929ddbe8,2026-02-14T21:00:00Z/2026-02-14T22:00:00Z,112233445566,2026-02-01T00:00:00Z,2026-03-01T00:00:00Z,AWS,223344556677,Usage,2026-02-14T21:00:00Z,2026-02-14T22:00:00Z,AmazonS3,USWE-TimedStorage-ByteHrs,StandardStorage,,arn:aws:s3:::data-lake-raw,1849.9734,,,3.19444e-05,0.05868881,3.19444e-05,0.05868881,GB-Mo,0.023,0.05868881,Amazon Simple Storage Service,,,,,us-west-2,AmazonS3,0.0,0.0,57.58,7,2026-02-12T18:29:01Z,data-eng,prod,CC200,,,,,,,,,,,,,
ebac9901b5bc49a8afc8387a1e60ce64,2026-02-15T06:00:00Z/2026-02-15T07:00:00Z,112233445566,2026-02-01T00:00:00Z,2026-03-01T00:00:00Z,AWS,223344556677,Usage,2026-02-15T06:00:00Z,2026-02-15T07:00:00Z,AmazonS3,USWE-TimedStorage-ByteHrs,StandardStorage,,arn:aws:s3:::data-lake-raw,1850.5582,,,3.19444e-05,0.05979471,3.19444e-05,0.05979471,GB-Mo,0.023,0.05979471,Amazon Simple Storage Service,,,,,us-west-2,AmazonS3,0.0,0.0,51.52,9,2026-02-14T11:43:33Z,data-eng,prod,CC200,,,,,,,,,,,,,
c2c157ebae014c31b45dd5b49c4b8eb3,2026-02-15T15:00:00Z/2026-02-15T16:00:00Z,112233445566,2026-02-01T00:00:00Z,2026-03-01T00:00:00Z,AWS,223344556677,Usage,2026-02-15T15:00:00Z,2026-02-15T16:00:00Z,AmazonS3,USWE-TimedStorage-ByteHrs,StandardStorage,,arn:aws:s3:::data-lake-raw,1849.8216,,,3.19444e-05,0.05852576,3.19444e-05,0.05852576,GB-Mo,0.023,0.05852576,Amazon Simple Storage Service,,,,,us-west-2,AmazonS3,0.0,0.0,48.19,8,2026-02-14T09:27:59Z,data-eng,prod,CC200,,,,,,,,,,,,,
43273f54aa164a48b07ce2df0ae01a2e,2026-02-16T00:00:00Z/2026-02-16T01:00:00Z,112233445566,2026-02-01T00:00:00Z,2026-03-01T00:00:00Z,AWS,223344556677,Usage,2026-02-16T00:00:00Z,2026-02-16T01:00:00Z,AmazonS3,USWE-TimedStorage-ByteHrs,StandardStorage,,arn:aws:s3:::data-lake-raw,1851.6485,,,3.19444e-05,0.05984034,3.19444e-05,0.05984034,GB-Mo,0.023,0.05984034,Amazon Simple Storage Service,,,,,us-west-2,AmazonS3,0.0,0.0,31.04,17,2026-02-14T07:58:26Z,data-eng,prod,CC200,,,,,,,,,,,,,
5bdadc69e634410dbe53114f3ca8f0c2,2026-02-16T09:00:00Z/2026-02-16T10:00:00Z,112233445566,2026-02-01T00:00:00Z,2026-03-01T00:00:00Z,AWS,223344556677,Usage,2026-02-16T09:00:00Z,2026-02-16T10:00:00Z,AmazonS3,USWE-TimedStorage-ByteHrs,StandardStorage,,arn:aws:s3:::data-lake-raw,1851.4137,,,3.19444e-05,0.05996025,3.19444e-05,0.05996025,GB-Mo,0.023,0.05996025,Amazon Simple Storage Service,,,,,us-west-2,AmazonS3,0.0,0.0,39.19,6,2026-02-14T17:52:15Z,data-eng,prod,CC200,,,,,,,,,,,,,
af6a59d8d49b4a2396df030ffd29999b,2026-02-16T18:00:00Z/2026-02-16T19:00:00Z,112233445566,2026-02-01T00:00:00Z,2026-03-01T00:00:00Z,AWS,223344556677,Usage,2026-02-16T18:00:00Z,2026-02-16T19:00:00Z,AmazonS3,USWE-TimedStorage-ByteHrs,StandardStorage,,arn:aws:s3:::data-lake-raw,1851.4197,,,3.19444e-05,0.0592003,3.19444e-05,0.0592003,GB-Mo,0.023,0.0592003,Amazon Simple Storage Service,,,,,us-west-2,AmazonS3,0.0,0.0,33.66,11,2026-02-16T14:50:42Z,data-eng,prod,CC200,,,,,,,,,,,,,
9d82f990d0e44700a3a679a782c528b5,2026-02-17T03:00:00Z/2026-02-17T04:00:00Z,112233445566,2026-02-01T00:00:00Z,2026-03-01T00:00:00Z,AWS,223344556677,Usage,2026-02-17T03:00:00Z,2026-02-17T04:00:00Z,AmazonS3,USWE-TimedStorage-ByteHrs,StandardStorage,,arn:aws:s3:::data-lake-raw,1851.7868,,,3.19444e-05,0.05818794,3.19444e-05,0.05818794,GB-Mo,0.023,0.05818794,Amazon Simple Storage Service,,,,,us-west-2,AmazonS3,0.0,0.0,48.51,6,2026-02-15T23:13:55Z,data-eng,prod,CC200,,,,,,,,,,,,,
ed4f8f15584344859fdbabab74efcda0,2026-02-17T12:00:00Z/2026-02-17T13:00:00Z,112233445566,2026-02-01T00:00:00Z,2026-03-01T00:00:00Z,AWS,223344556677,Usage,2026-02-17T12:00:00Z,2026-02-17T13:00:00Z,AmazonS3,USWE-TimedStorage-ByteHrs,StandardStorage,,arn:aws:s3:::data-lake-raw,1849.3984,,,3.19444e-05,0.0598935,3.19444e-05,0.0598935,GB-Mo,0.023,0.0598935,Amazon Simple Storage Service,,,,,us-west-2,AmazonS3,0.0,0.0,43.97,0,2026-02-16T06:29:48Z,data-eng,prod,CC200,,,,,,,,,,,,,
d46fbebbebb64b8a9dfeadabae711ddd,2026-02-17T21:00:00Z/2026-02-17T22:00:00Z,112233445566,2026-02-01T00:00:00Z,2026-03-01T00:00:00Z,AWS,223344556677,Usage,2026-02-17T21:00:00Z,2026-02-17T22:00:00Z,AmazonS3,USWE-TimedStorage-ByteHrs,StandardStorage,,arn:aws:s3:::data-lake-raw,1848.9361,,,3.19444e-05,0.05799539,3.19444e-05,0.05799539,GB-Mo,0.023,0.05799539,Amazon Simple Storage Service,,,,,us-west-2,AmazonS3,0.0,0.0,60.11,18,2026-02-17T04:28:55Z,data-eng,prod,CC200,,,,,,,,,,,,,
7a91485b38c042879c89d14d3f58d25e,2026-02-18T06:00:00Z/2026-02-18T07:00:00Z,112233445566,2026-02-01T00:00:00Z,2026-03-01T00:00:00Z,AWS,223344556677,Usage,2026-02-18T06:00:00Z,2026-02-18T07:00:00Z,AmazonS3,USWE-TimedStorage-ByteHrs,StandardStorage,,arn:aws:s3:::data-lake-raw,1848.909,,,3.19444e-05,0.05929744,3.19444e-05,0.05929744,GB-Mo,0.023,0.05929744,Amazon Simple Storage Service,,,,,us-west-2,AmazonS3,0.0,0.0,28.09,18,2026-02-16T05:25:18Z,data-eng,prod,CC200,,,,,,,,,,,,,
b2189eae279344e89d62bcf6b36bf1e5,2026-02-18T15:00:00Z/2026-02-18T16:00:00Z,112233445566,2026-02-01T00:00:00Z,2026-03-01T00:00:00Z,AWS,223344556677,Usage,2026-02-18T15:00:00Z,2026-02-18T16:00:00Z,AmazonS3,USWE-TimedStorage-ByteHrs,StandardStorage,,arn:aws:s3:::data-lake-raw,1848.6633,,,3.19444e-05,0.05830515,3.19444e-05,0.05830515,GB-Mo,0.023,0.05830515,Amazon Simple Storage Service,,,,,us-west-2,AmazonS3,0.0,0.0,33.02,1,2026-02-16T16:48:27Z,data-eng,prod,CC200,,,,,,,,,,,,,
875876753fd84158acb7abf4ca411af0,2026-02-19T00:00:00Z/2026-02-19T01:00:00Z,112233445566,2026-02-01T00:00:00Z,2026-03-01T00:00:00Z,AWS,223344556677,Usage,2026-02-19T00:00:00Z,2026-02-19T01:00:00Z,AmazonS3,USWE-TimedStorage-ByteHrs,StandardStorage,,arn:aws:s3:::data-lake-raw,1851.8355,,,3.19444e-05,0.05814501,3.19444e-05,0.05814501,GB-Mo,0.023,0.05814501,Amazon Simple Storage Service,,,,,us-west-2,AmazonS3,0.0,0.0,38.72,7,2026-02-17T10:36:13Z,data-eng,prod,CC200,,,,,,,,,,,,,
77fa48bf102547de971a34ceb27278a0,2026-02-19T09:00:00Z/2026-02-19T10:00:00Z,112233445566,2026-02-01T00:00:00Z,2026-03-01T00:00:00Z,AWS,223344556677,Usage,2026-02-19T09:00:00Z,2026-02-19T10:00:00Z,AmazonS3,USWE-TimedStorage-ByteHrs,StandardStorage,,arn:aws:s3:::data-lake-raw,1848.9329,,,3.19444e-05,0.0599831,3.19444e-05,0.0599831,GB-Mo,0.023,0.0599831,Amazon Simple Storage Service,,,,,us-west-2,AmazonS3,0.0,0.0,57.32,2,2026-02-18T11:31:27Z,data-eng,prod,CC200,,,,,,,,,,,,,
710f863589074912a086caf87189620f,2026-02-19T18:00:00Z/2026-02-19T19:00:00Z,112233445566,2026-02-01T00:00:00Z,2026-03-01T00:00:00Z,AWS,223344556677,Usage,2026-02-19T18:00:00Z,2026-02-19T19:00:00Z,AmazonS3,USWE-TimedStorage-ByteHrs,StandardStorage,,arn:aws:s3:::data-lake-raw,1849.6108,,,3.19444e-05,0.05846156,3.19444e-05,0.05846156,GB-Mo,0.023,0.05846156,Amazon Simple Storage Service,,,,,us-west-2,AmazonS3,0.0,0.0,32.45,16,2026-02-17T23:42:14Z,data-eng,prod,CC200,,,,,,,,,,,,,
9470caed944c44619b726b71d88471fb,2026-02-20T03:00:00Z/2026-02-20T04:00:00Z,112233445566,2026-02-01T00:00:00Z,2026-03-01T00:00:00Z,AWS,223344556677,Usage,2026-02-20T03:00:00Z,2026-02-20T04:00:00Z,AmazonS3,USWE-TimedStorage-ByteHrs,StandardStorage,,arn:aws:s3:::data-lake-raw,1848.3827,,,3.19444e-05,0.06013079,3.19444e-05,0.06013079,GB-Mo,0.023,0.06013079,Amazon Simple Storage Service,,,,,us-west-2,AmazonS3,0.0,0.0,51.71,19,2026-02-19T00:59:23Z,data-eng,prod,CC200,,,,,,,,,,,,,
3d71e89396b24f40a9ac5cbb202a6e87,2026-02-20T12:00:00Z/2026-02-20T13:00:00Z,112233445566,2026-02-01T00:00:00Z,2026-03-01T00:00:00Z,AWS,223344556677,Usage,2026-02-20T12:00:00Z,2026-02-20T13:00:00Z,AmazonS3,USWE-TimedStorage-ByteHrs,StandardStorage,,arn:aws:s3:::data-lake-raw,1850.0301,,,3.19444e-05,0.05986707,3.19444e-05,0.05986707,GB-Mo,0.023,0.05986707,Amazon Simple Storage Service,,,,,us-west-2,AmazonS3,0.0,0.0,48.07,0,2026-02-18T21:20:05Z,data-eng,prod,CC200,,,,,,,,,,,,,
d4be892de03a48289d20d6b09ebffad3,2026-02-20T21:00:00Z/2026-02-20T22:00:00Z,112233445566,2026-02-01T00:00:00Z,2026-03-01T00:00:00Z,AWS,223344556677,Usage,2026-02-20T21:00:00Z,2026-02-20T22:00:00Z,AmazonS3,USWE-TimedStorage-ByteHrs,StandardStorage,,arn:aws:s3:::data-lake-raw,1849.9875,,,3.19444e-05,0.05858204,3.19444e-05,0.05858204,GB-Mo,0.023,0.05858204,Amazon Simple Storage Service,,,,,us-west-2,AmazonS3,0.0,0.0,34.42,7,2026-02-19T04:20:45Z,data-eng,prod,CC200,,,,,,,,,,,,,
c5ca80b8c2764927b31aa4463f69b57a,2026-02-21T06:00:00Z/2026-02-21T07:00:00Z,112233445566,2026-02-01T00:00:00Z,2026-03-01T00:00:00Z,AWS,223344556677,Usage,2026-02-21T06:00:00Z,2026-02-21T07:00:00Z,AmazonS3,USWE-TimedStorage-ByteHrs,StandardStorage,,arn:aws:s3:::data-lake-raw,1850.5172,,,3.19444e-05,0.05881262,3.19444e-05,0.05881262,GB-Mo,0.023,0.05881262,Amazon Simple Storage Service,,,,,us-west-2,AmazonS3,0.0,0.0,32.15,8,2026-02-19T23:02:21Z,data-eng,prod,CC200,,,,,,,,,,,,,
6c4a885d523b4b59acb09fbb5f36beef,2026-02-21T15:00:00Z/2026-02-21T16:00:00Z,112233445566,2026-02-01T00:00:00Z,2026-03-01T00:00:00Z,AWS,223344556677,Usage,2026-02-21T15:00:00Z,2026-02-21T16:00:00Z,AmazonS3,USWE-TimedStorage-ByteHrs,StandardStorage,,arn:aws:s3:::data-lake-raw,1848.886,,,3.19444e-05,0.05834204,3.19444e-05,0.05834204,GB-Mo,0.023,0.05834204,Amazon Simple Storage Service,,,,,us-west-2,AmazonS3,0.0,0.0,60.05,13,2026-02-20T19:01:49Z,data-eng,prod,CC200,,,,,,,,,,,,,
dabacee55dae473f89d69d9c9dd9d5c9,2026-02-22T00:00:00Z/2026-02-22T01:00:00Z,112233445566,2026-02-01T00:00:00Z,2026-03-01T00:00:00Z,AWS,223344556677,Usage,2026-02-22T00:00:00Z,2026-02-22T01:00:00Z,AmazonS3,USWE-TimedStorage-ByteHrs,StandardStorage,,arn:aws:s3:::data-lake-raw,1848.2839,,,3.19444e-05,0.05803796,3.19444e-05,0.05803796,GB-Mo,0.023,0.05803796,Amazon Simple Storage Service,,,,,us-west-2,AmazonS3,0.0,0.0,51.76,10,2026-02-21T03:54:10Z,data-eng,prod,CC200,,,,,,,,,,,,,
116c36b8d5dc44c18c09c2b40542c3f3,2026-02-22T09:00:00Z/2026-02-22T10:00:00Z,112233445566,2026-02-01T00:00:00Z,2026-03-01T00:00:00Z,AWS,223344556677,Usage,2026-02-22T09:00:00Z,2026-02-22T10:00:00Z,AmazonS3,USWE-TimedStorage-ByteHrs,StandardStorage,,arn:aws:s3:::data-lake-raw,1851.2413,,,3.19444e-05,0.06023386,3.19444e-05,0.06023386,GB-Mo,0.023,0.06023386,Amazon Simple Storage Service,,,,,us-west-2,AmazonS3,0.0,0.0,57.34,18,2026-02-21T08:20:04Z,data-eng,prod,CC200,,,,,,,,,,,,,
632b7d51e1f449089ce945466082142c,2026-02-22T18:00:00Z/2026-02-22T19:00:00Z,112233445566,2026-02-01T00:00:00Z,2026-03-01T00:00:00Z,AWS,223344556677,Usage,2026-02-22T18:00:00Z,2026-02-22T19:00:00Z,AmazonS3,USWE-TimedStorage-ByteHrs,StandardStorage,,arn:aws:s3:::data-lake-raw,1848.9173,,,3.19444e-05,0.05928815,3.19444e-05,0.05928815,GB-Mo,0.023,0.05928815,Amazon Simple Storage Service,,,,,us-west-2,AmazonS3,0.0,0.0,42.41,9,2026-02-21T23:45:30Z,data-eng,prod,CC200,,,,,,,,,,,,,
d6dab351e73d4764908a1559ec28f32d,2026-02-23T03:00:00Z/2026-02-23T04:00:00Z,112233445566,2026-02-01T00:00:00Z,2026-03-01T00:00:00Z,AWS,223344556677,Usage,2026-02-23T03:00:00Z,2026-02-23T04:00:00Z,AmazonS3,USWE-TimedStorage-ByteHrs,StandardStorage,,arn:aws:s3:::data-lake-raw,1848.2921,,,3.19444e-05,0.05946332,3.19444e-05,0.05946332,GB-Mo,0.023,0.05946332,Amazon Simple Storage Service,,,,,us-west-2,AmazonS3,0.0,0.0,57.92,23,2026-02-22T01:50:56Z,data-eng,prod,CC200,,,,,,,,,,,,,
cc79d9a66f9149c1b5465c65a05e9c9e,2026-02-23T12:00:00Z/2026-02-23T13:00:00Z,112233445566,2026-02-01T00:00:00Z,2026-03-01T00:00:00Z,AWS,223344556677,Usage,2026-02-23T12:00:00Z,2026-02-23T13:00:00Z,AmazonS3,USWE-TimedStorage-ByteHrs,StandardStorage,,arn:aws:s3:::data-lake-raw,1848.2521,,,3.19444e-05,0.05901293,3.19444e-05,0.05901293,GB-Mo,0.023,0.05901293,Amazon Simple Storage Service,,,,,us-west-2,AmazonS3,0.0,0.0,55.76,0,2026-02-22T22:43:09Z,data-eng,prod,CC200,,,,,,,,,,,,,
583e0c6d5d6548a1bcd7b02e15ddc805,2026-02-23T21:00:00Z/2026-02-23T22:00:00Z,112233445566,2026-02-01T00:00:00Z,2026-03-01T00:00:00Z,AWS,223344556677,Usage,2026-02-23T21:00:00Z,2026-02-23T22:00:00Z,AmazonS3,USWE-TimedStorage-ByteHrs,StandardStorage,,arn:aws:s3:::data-lake-raw,1848.8294,,,3.19444e-05,0.0593646,3.19444e-05,0.0593646,GB-Mo,0.023,0.0593646,Amazon Simple Storage Service,,,,,us-west-2,AmazonS3,0.0,0.0,47.36,19,2026-02-21T23:55:03Z,data-eng,prod,CC200,,,,,,,,,,,,,
95852b0726eb49229fc9f0d04b51d44c,2026-02-24T06:00:00Z/2026-02-24T07:00:00Z,112233445566,2026-02-01T00:00:00Z,2026-03-01T00:00:00Z,AWS,223344556677,Usage,2026-02-24T06:00:00Z,2026-02-24T07:00:00Z,AmazonS3,USWE-TimedStorage-ByteHrs,StandardStorage,,arn:aws:s3:::data-lake-raw,1848.8799,,,3.19444e-05,0.05923678,3.19444e-05,0.05923678,GB-Mo,0.023,0.05923678,Amazon Simple Storage Service,,,,,us-west-2,AmazonS3,0.0,0.0,42.56,8,2026-02-22T09:55:13Z,data-eng,prod,CC200,,,,,,,,,,,,,
1c932a575bfc4e5bb7630123f248f498,2026-02-24T15:00:00Z/2026-02-24T16:00:00Z,112233445566,2026-02-01T00:00:00Z,2026-03-01T00:00:00Z,AWS,223344556677,Usage,2026-02-24T15:00:00Z,2026-02-24T16:00:00Z,AmazonS3,USWE-TimedStorage-ByteHrs,StandardStorage,,arn:aws:s3:::data-lake-raw,1851.5766,,,3.19444e-05,0.05874228,3.19444e-05,0.05874228,GB-Mo,0.023,0.05874228,Amazon Simple Storage Service,,,,,us-west-2,AmazonS3,0.0,0.0,37.82,1,2026-02-24T07:36:00Z,data-eng,prod,CC200,,,,,,,,,,,,,
45dc236eb6c34cdaa6e756c20766cb07,2026-02-25T00:00:00Z/2026-02-25T01:00:00Z,112233445566,2026-02-01T00:00:00Z,2026-03-01T00:00:00Z,AWS,223344556677,Usage,2026-02-25T00:00:00Z,2026-02-25T01:00:00Z,AmazonS3,USWE-TimedStorage-ByteHrs,StandardStorage,,arn:aws:s3:::data-lake-raw,1851.6386,,,3.19444e-05,0.05991103,3.19444e-05,0.05991103,GB-Mo,0.023,0.05991103,Amazon Simple Storage Service,,,,,us-west-2,AmazonS3,0.0,0.0,56.14,7,2026-02-23T11:31:40Z,data-eng,prod,CC200,,,,,,,,,,,,,
45838c3fcbdb4661a32a4c5fc8fadf09,2026-02-25T09:00:00Z/2026-02-25T10:00:00Z,112233445566,2026-02-01T00:00:00Z,2026-03-01T00:00:00Z,AWS,223344556677,Usage,2026-02-25T09:00:00Z,2026-02-25T10:00:00Z,AmazonS3,USWE-TimedStorage-ByteHrs,StandardStorage,,arn:aws:s3:::data-lake-raw,1849.5563,,,3.19444e-05,0.05915773,3.19444e-05,0.05915773,GB-Mo,0.023,0.05915773,Amazon Simple Storage Service,,,,,us-west-2,AmazonS3,0.0,0.0,60.64,7,2026-02-24T05:11:31Z,data-eng,prod,CC200,,,,,,,,,,,,,
627a094141d349d4a858736cc82eae94,2026-02-25T18:00:00Z/2026-02-25T19:00:00Z,112233445566,2026-02-01T00:00:00Z,2026-03-01T00:00:00Z,AWS,223344556677,Usage,2026-02-25T18:00:00Z,2026-02-25T19:00:00Z,AmazonS3,USWE-TimedStorage-ByteHrs,StandardStorage,,arn:aws:s3:::data-lake-raw,1851.6003,,,3.19444e-05,0.05869481,3.19444e-05,0.05869481,GB-Mo,0.023,0.05869481,Amazon Simple Storage Service,,,,,us-west-2,AmazonS3,0.0,0.0,60.7,4,2026-02-25T07:17:38Z,data-eng,prod,CC200,,,,,,,,,,,,,
151c8a0d4572401c808e19288fbc5aff,2026-02-26T03:00:00Z/2026-02-26T04:00:00Z,112233445566,2026-02-01T00:00:00Z,2026-03-01T00:00:00Z,AWS,223344556677,Usage,2026-02-26T03:00:00Z,2026-02-26T04:00:00Z,AmazonS3,USWE-TimedStorage-ByteHrs,StandardStorage,,arn:aws:s3:::data-lake-raw,1849.3473,,,3.19444e-05,0.06027909,3.19444e-05,0.06027909,GB-Mo,0.023,0.06027909,Amazon Simple Storage Service,,,,,us-west-2,AmazonS3,0.0,0.0,38.0,19,2026-02-23T14:07:57Z,data-eng,prod,CC200,,,,,,,,,,,,,
642bf2cff9844e3ba7c452ecc4e3137e,2026-02-26T12:00:00Z/2026-02-26T13:00:00Z,112233445566,2026-02-01T00:00:00Z,2026-03-01T00:00:00Z,AWS,223344556677,Usage,2026-02-26T12:00:00Z,2026-02-26T13:00:00Z,AmazonS3,USWE-TimedStorage-ByteHrs,StandardStorage,,arn:aws:s3:::data-lake-raw,1848.9866,,,3.19444e-05,0.0588703,3.19444e-05,0.0588703,GB-Mo,0.023,0.0588703,Amazon Simple Storage Service,,,,,us-west-2,AmazonS3,0.0,0.0,48.04,2,2026-02-24T19:33:52Z,data-eng,prod,CC200,,,,,,,,,,,,,
62e559a4851a4d36b244ca88034f15c9,2026-02-26T21:00:00Z/2026-02-26T22:00:00Z,112233445566,2026-02-01T00:00:00Z,2026-03-01T00:00:00Z,AWS,223344556677,Usage,2026-02-26T21:00:00Z,2026-02-26T22:00:00Z,AmazonS3,USWE-TimedStorage-ByteHrs,StandardStorage,,arn:aws:s3:::data-lake-raw,1848.6255,,,3.19444e-05,0.05960974,3.19444e-05,0.05960974,GB-Mo,0.023,0.05960974,Amazon Simple Storage Service,,,,,us-west-2,AmazonS3,0.0,0.0,32.45,18,2026-02-25T05:56:14Z,data-eng,prod,CC200,,,,,,,,,,,,,
c0b1f25cf5ff4578b8e28e553049bd32,2026-02-27T06:00:00Z/2026-02-27T07:00:00Z,112233445566,2026-02-01T00:00:00Z,2026-03-01T00:00:00Z,AWS,223344556677,Usage,2026-02-27T06:00:00Z,2026-02-27T07:00:00Z,AmazonS3,USWE-TimedStorage-ByteHrs,StandardStorage,,arn:aws:s3:::data-lake-raw,1849.1596,,,3.19444e-05,0.05851583,3.19444e-05,0.05851583,GB-Mo,0.023,0.05851583,Amazon Simple Storage Service,,,,,us-west-2,AmazonS3,0.0,0.0,37.78,14,2026-02-25T09:27:02Z,data-eng,prod,CC200,,,,,,,,,,,,,
5e5b228c6ee84e469146795ec55cb687,2026-02-27T15:00:00Z/2026-02-27T16:00:00Z,112233445566,2026-02-01T00:00:00Z,2026-03-01T00:00:00Z,AWS,223344556677,Usage,2026-02-27T15:00:00Z,2026-02-27T16:00:00Z,AmazonS3,USWE-TimedStorage-ByteHrs,StandardStorage,,arn:aws:s3:::data-lake-raw,1850.5938,,,3.19444e-05,0.05853573,3.19444e-05,0.05853573,GB-Mo,0.023,0.05853573,Amazon Simple Storage Service,,,,,us-west-2,AmazonS3,0.0,0.0,33.47,1,2026-02-26T08:28:29Z,data-eng,prod,CC200,,,,,,,,,,,,,
291293cae4774bf9a76030af6f5cf246,2026-02-01T00:00:00Z/2026-02-01T01:00:00Z,112233445566,2026-02-01T00:00:00Z,2026-03-01T00:00:00Z,AWS,223344556677,Usage,2026-02-01T00:00:00Z,2026-02-01T01:00:00Z,AmazonS3,USWE-TimedStorage-ByteHrs,StandardStorage,,arn:aws:s3:::data-lake-processed,940.2518,,,3.19444e-05,0.02971647,3.19444e-05,0.02971647,GB-Mo,0.023,0.02971647,Amazon Simple Storage Service,,,,,us-west-2,AmazonS3,0.0,0.0,61.07,11,2026-01-29T08:39:26Z,data-eng,prod,CC200,,,,,,,,,,,,,
65faf7e7cb5e40eb8b99b4c7735292eb,2026-02-01T09:00:00Z/2026-02-01T10:00:00Z,112233445566,2026-02-01T00:00:00Z,2026-03-01T00:00:00Z,AWS,223344556677,Usage,2026-02-01T09:00:00Z,2026-02-01T10:00:00Z,AmazonS3,USWE-TimedStorage-ByteHrs,StandardStorage,,arn:aws:s3:::data-lake-processed,939.6817,,,3.19444e-05,0.03052688,3.19444e-05,0.03052688,GB-Mo,0.023,0.03052688,Amazon Simple Storage Service,,,,,us-west-2,AmazonS3,0.0,0.0,28.9,11,2026-01-30T06:34:25Z,data-eng,prod,CC200,,,,,,,,,,,,,
fbb5fe3b258c4c9ea01b4a955259723c,2026-02-01T18:00:00Z/2026-02-01T19:00:00Z,112233445566,2026-02-01T00:00:00Z,2026-03-01T00:00:00Z,AWS,223344556677,Usage,2026-02-01T18:00:00Z,2026-02-01T19:00:00Z,AmazonS3,USWE-TimedStorage-ByteHrs,StandardStorage,,arn:aws:s3:::data-lake-processed,940.7031,,,3.19444e-05,0.02993108,3.19444e-05,0.02993108,GB-Mo,0.023,0.02993108,Amazon Simple Storage Service,,,,,us-west-2,AmazonS3,0.0,0.0,46.16,0,2026-01-31T12:45:19Z,data-eng,prod,CC200,,,,,,,,,,,,,
dc7d677fb85b4841b23c3abe10c301bf,2026-02-02T03:00:00Z/2026-02-02T04:00:00Z,112233445566,2026-02-01T00:00:00Z,2026-03-01T00:00:00Z,AWS,223344556677,Usage,2026-02-02T03:00:00Z,2026-02-02T04:00:00Z,AmazonS3,USWE-TimedStorage-ByteHrs,StandardStorage,,arn:aws:s3:::data-lake-processed,940.2522,,,3.19444e-05,0.03005612,3.19444e-05,0.03005612,GB-Mo,0.023,0.03005612,Amazon Simple Storage Service,,,,,us-west-2,AmazonS3,0.0,0.0,51.28,10,2026-01-31T14:56:05Z,data-eng,prod,CC200,,,,,,,,,,,,,
2ccb8ff698364adcaa736269d3594b0c,2026-02-02T12:00:00Z/2026-02-02T13:00:00Z,112233445566,2026-02-01T00:00:00Z,2026-03-01T00:00:00Z,AWS,223344556677,Usage,2026-02-02T12:00:00Z,2026-02-02T13:00:00Z,AmazonS3,USWE-TimedStorage-ByteHrs,StandardStorage,,arn:aws:s3:::data-lake-processed,940.8409,,,3.19444e-05,0.03024592,3.19444e-05,0.03024592,GB-Mo,0.023,0.03024592,Amazon Simple Storage Service,,,,,us-west-2,AmazonS3,0.0,0.0,44.75,4,2026-01-31T04:56:28Z,data-eng,prod,CC200,,,,,,,,,,,,,
d7066c5077814988ab4e708e0129d423,2026-02-02T21:00:00Z/2026-02-02T22:00:00Z,112233445566,2026-02-01T00:00:00Z,2026-03-01T00:00:00Z,AWS,223344556677,Usage,2026-02-02T21:00:00Z,2026-02-02T22:00:00Z,AmazonS3,USWE-TimedStorage-ByteHrs,StandardStorage,,arn:aws:s3:::data-lake-processed,940.5285,,,3.19444e-05,0.03019823,3.19444e-05,0.03019823,GB-Mo,0.023,0.03019823,Amazon Simple Storage Service,,,,,us-west-2,AmazonS3,0.0,0.0,54.13,12,2026-02-01T22:00:08Z,data-eng,prod,CC200,,,,,,,,,,,,,
0932d24ce6394fbda51320652bd202a1,2026-02-03T06:00:00Z/2026-02-03T07:00:00Z,112233445566,2026-02-01T00:00:00Z,2026-03-01T00:00:00Z,AWS,223344556677,Usage,2026-02-03T06:00:00Z,2026-02-03T07:00:00Z,AmazonS3,USWE-TimedStorage-ByteHrs,StandardStorage,,arn:aws:s3:::data-lake-processed,940.1939,,,3.19444e-05,0.0305215,3.19444e-05,0.0305215,GB-Mo,0.023,0.0305215,Amazon Simple Storage Service,,,,,us-west-2,AmazonS3,0.0,0.0,33.78,3,2026-02-01T16:08:32Z,data-eng,prod,CC200,,,,,,,,,,,,,
3f47f315e956449ab5f4df6dd320ff2f,2026-02-03T15:00:00Z/2026-02-03T16:00:00Z,112233445566,2026-02-01T00:00:00Z,2026-03-01T00:00:00Z,AWS,223344556677,Usage,2026-02-03T15:00:00Z,2026-02-03T16:00:00Z,AmazonS3,USWE-TimedStorage-ByteHrs,StandardStorage,,arn:aws:s3:::data-lake-processed,939.2595,,,3.19444e-05,0.02997646,3.19444e-05,0.02997646,GB-Mo,0.023,0.02997646,Amazon Simple Storage Service,,,,,us-west-2,AmazonS3,0.0,0.0,35.95,3,2026-02-02T19:40:36Z,data-eng,prod,CC200,,,,,,,,,,,,,
94ed73b6841945959ffba93c63302677,2026-02-04T00:00:00Z/2026-02-04T01:00:00Z,112233445566,2026-02-01T00:00:00Z,2026-03-01T00:00:00Z,AWS,223344556677,Usage,2026-02-04T00:00:00Z,2026-02-04T01:00:00Z,AmazonS3,USWE-TimedStorage-ByteHrs,StandardStorage,,arn:aws:s3:::data-lake-processed,939.1127,,,3.19444e-05,0.02983878,3.19444e-05,0.02983878,GB-Mo,0.023,0.02983878,Amazon Simple Storage Service,,,,,us-west-2,AmazonS3,0.0,0.0,54.73,5,2026-02-01T11:45:00Z,data-eng,prod,CC200,,,,,,,,,,,,,
6212228904ec426f9bafda1c0e34098b,2026-02-04T09:00:00Z/2026-02-04T10:00:00Z,112233445566,2026-02-01T00:00:00Z,2026-03-01T00:00:00Z,AWS,223344556677,Usage,2026-02-04T09:00:00Z,2026-02-04T10:00:00Z,AmazonS3,USWE-TimedStorage-ByteHrs,StandardStorage,,arn:aws:s3:::data-lake-processed,940.8637,,,3.19444e-05,0.02969198,3.19444e-05,0.02969198,GB-Mo,0.023,0.02969198,Amazon Simple Storage Service,,,,,us-west-2,AmazonS3,0.0,0.0,49.91,3,2026-02-03T03:35:40Z,data-eng,prod,CC200,,,,,,,,,,,,,
94a38f7b876e40a2a60de940920a4d8b,2026-02-04T18:00:00Z/2026-02-04T19:00:00Z,112233445566,2026-02-01T00:00:00Z,2026-03-01T00:00:00Z,AWS,223344556677,Usage,2026-02-04T18:00:00Z,2026-02-04T19:00:00Z,AmazonS3,USWE-TimedStorage-ByteHrs,StandardStorage,,arn:aws:s3:::data-lake-processed,940.759,,,3.19444e-05,0.03047606,3.19444e-05,0.03047606,GB-Mo,0.023,0.03047606,Amazon Simple Storage Service,,,,,us-west-2,AmazonS3,0.0,0.0,41.93,15,2026-02-02T22:09:12Z,data-eng,prod,CC200,,,,,,,,,,,,,
0ae24343e3f443b2a6c64ebab25af4ae,2026-02-05T03:00:00Z/2026-02-05T04:00:00Z,112233445566,2026-02-01T00:00:00Z,2026-03-01T00:00:00Z,AWS,223344556677,Usage,2026-02-05T03:00:00Z,2026-02-05T04:00:00Z,AmazonS3,USWE-TimedStorage-ByteHrs,StandardStorage,,arn:aws:s3:::data-lake-processed,940.4558,,,3.19444e-05,0.03052391,3.19444e-05,0.03052391,GB-Mo,0.023,0.03052391,Amazon Simple Storage Service,,,,,us-west-2,AmazonS3,0.0,0.0,30.41,1,2026-02-02T20:29:01Z,data-eng,prod,CC200,,,,,,,,,,,,,
2f23126e4f06493c8dcb72cedb60a4f2,2026-02-05T12:00:00Z/2026-02-05T13:00:00Z,112233445566,2026-02-01T00:00:00Z,2026-03-01T00:00:00Z,AWS,223344556677,Usage,2026-02-05T12:00:00Z,2026-02-05T13:00:00Z,AmazonS3,USWE-TimedStorage-ByteHrs,StandardStorage,,arn:aws:s3:::data-lake-processed,940.3763,,,3.19444e-05,0.02947058,3.19444e-05,0.02947058,GB-Mo,0.023,0.02947058,Amazon Simple Storage Service,,,,,us-west-2,AmazonS3,0.0,0.0,51.57,2,2026-02-04T02:14:41Z,data-eng,prod,CC200,,,,,,,,,,,,,
5bdcefa877a645f884c11ecffe2b8e65,2026-02-05T21:00:00Z/2026-02-05T22:00:00Z,112233445566,2026-02-01T00:00:00Z,2026-03-01T00:00:00Z,AWS,223344556677,Usage,2026-02-05T21:00:00Z,2026-02-05T22:00:00Z,AmazonS3,USWE-TimedStorage-ByteHrs,StandardStorage,,arn:aws:s3:::data-lake-processed,940.7401,,,3.19444e-05,0.03040854,3.19444e-05,0.03040854,GB-Mo,0.023,0.03040854,Amazon Simple Storage Service,,,,,us-west-2,AmazonS3,0.0,0.0,44.91,11,2026-02-05T07:17:47Z,data-eng,prod,CC200,,,,,,,,,,,,,
dfa27a0eccb848d1902ac485b8135d49,2026-02-06T06:00:00Z/2026-02-06T07:00:00Z,112233445566,2026-02-01T00:00:00Z,2026-03-01T00:00:00Z,AWS,223344556677,Usage,2026-02-06T06:00:00Z,2026-02-06T07:00:00Z,AmazonS3,USWE-TimedStorage-ByteHrs,StandardStorage,,arn:aws:s3:::data-lake-processed,939.9223,,,3.19444e-05,0.03005059,3.19444e-05,0.03005059,GB-Mo,0.023,0.03005059,Amazon Simple Storage Service,,,,,us-west-2,AmazonS3,0.0,0.0,60.13,24,2026-02-04T02:27:11Z,data-eng,prod,CC200,,,,,,,,,,,,,
b83934d0a65b455a8171a4408ca95054,2026-02-06T15:00:00Z/2026-02-06T16:00:00Z,112233445566,2026-02-01T00:00:00Z,2026-03-01T00:00:00Z,AWS,223344556677,Usage,2026-02-06T15:00:00Z,2026-02-06T16:00:00Z,AmazonS3,USWE-TimedStorage-ByteHrs,StandardStorage,,arn:aws:s3:::data-lake-processed,940.6817,,,3.19444e-05,0.03015874,3.19444e-05,0.03015874,GB-Mo,0.023,0.03015874,Amazon Simple Storage Service,,,,,us-west-2,AmazonS3,0.0,0.0,45.95,14,2026-02-04T16:20:08Z,data-eng,prod,CC200,,,,,,,,,,,,,
27f6b3eb39da4a989d3ac93f9e3ac872,2026-02-07T00:00:00Z/2026-02-07T01:00:00Z,112233445566,2026-02-01T00:00:00Z,2026-03-01T00:00:00Z,AWS,223344556677,Usage,2026-02-07T00:00:00Z,2026-02-07T01:00:00Z,AmazonS3,USWE-TimedStorage-ByteHrs,StandardStorage,,arn:aws:s3:::data-lake-processed,939.6677,,,3.19444e-05,0.03001321,3.19444e-05,0.03001321,GB-Mo,0.023,0.03001321,Amazon Simple Storage Service,,,,,us-west-2,AmazonS3,0.0,0.0,39.93,3,2026-02-04T19:30:15Z,data-eng,prod,CC200,,,,,,,,,,,,,
1264799f185b457fbd8f2f128b42b0e2,2026-02-07T09:00:00Z/2026-02-07T10:00:00Z,112233445566,2026-02-01T00:00:00Z,2026-03-01T00:00:00Z,AWS,223344556677,Usage,2026-02-07T09:00:00Z,2026-02-07T10:00:00Z,AmazonS3,USWE-TimedStorage-ByteHrs,StandardStorage,,arn:aws:s3:::data-lake-processed,940.7673,,,3.19444e-05,0.02952984,3.19444e-05,0.02952984,GB-Mo,0.023,0.02952984,Amazon Simple Storage Service,,,,,us-west-2,AmazonS3,0.0,0.0,28.26,0,2026-02-05T18:11:56Z,data-eng,prod,CC200,,,,,,,,,,,,,
a8a3df6783b0447098832b79465da235,2026-02-07T18:00:00Z/2026-02-07T19:00:00Z,112233445566,2026-02-01T00:00:00Z,2026-03-01T00:00:00Z,AWS,223344556677,Usage,2026-02-07T18:00:00Z,2026-02-07T19:00:00Z,AmazonS3,USWE-TimedStorage-ByteHrs,StandardStorage,,arn:aws:s3:::data-lake-processed,939.6282,,,3.19444e-05,0.03045222,3.19444e-05,0.03045222,GB-Mo,0.023,0.03045222,Amazon Simple Storage Service,,,,,us-west-2,AmazonS3,0.0,0.0,54.0,0,2026-02-05T21:37:49Z,data-eng,prod,CC200,,,,,,,,,,,,,
c1c62934280d407d81b3f242b9599cd1,2026-02-08T03:00:00Z/2026-02-08T04:00:00Z,112233445566,2026-02-01T00:00:00Z,2026-03-01T00:00:00Z,AWS,223344556677,Usage,2026-02-08T03:00:00Z,2026-02-08T04:00:00Z,AmazonS3,USWE-TimedStorage-ByteHrs,StandardStorage,,arn:aws:s3:::data-lake-processed,940.4925,,,3.19444e-05,0.03001933,3.19444e-05,0.03001933,GB-Mo,0.023,0.03001933,Amazon Simple Storage Service,,,,,us-west-2,AmazonS3,0.0,0.0,55.25,4,2026-02-05T19:20:35Z,data-eng,prod,CC200,,,,,,,,,,,,,
a2d917cb8ecf4fb4a5f70ef9e79d042f,2026-02-08T12:00:00Z/2026-02-08T13:00:00Z,112233445566,2026-02-01T00:00:00Z,2026-03-01T00:00:00Z,AWS,223344556677,Usage,2026-02-08T12:00:00Z,2026-02-08T13:00:00Z,AmazonS3,USWE-TimedStorage-ByteHrs,StandardStorage,,arn:aws:s3:::data-lake-processed,939.4789,,,3.19444e-05,0.02988479,3.19444e-05,0.02988479,GB-Mo,0.023,0.02988479,Amazon Simple Storage Service,,,,,us-west-2,AmazonS3,0.0,0.0,42.86,11,2026-02-07T15:13:46Z,data-eng,prod,CC200,,,,,,,,,,,,,
5732b61c9eba4c6d8dadfd853c6b149d,2026-02-08T21:00:00Z/2026-02-08T22:00:00Z,112233445566,2026-02-01T00:00:00Z,2026-03-01T00:00:00Z,AWS,223344556677,Usage,2026-02-08T21:00:00Z,2026-02-08T22:00:00Z,AmazonS3,USWE-TimedStorage-ByteHrs,StandardStorage,,arn:aws:s3:::data-lake-processed,939.5592,,,3.19444e-05,0.03012379,3.19444e-05,0.03012379,GB-Mo,0.023,0.03012379,Amazon Simple Storage Service,,,,,us-west-2,AmazonS3,0.0,0.0,30.9,8,2026-02-07T15:56:30Z,data-eng,prod,CC200,,,,,,,,,,,,,
d4fe70350c1c40f3b69818c4b12cc14e,2026-02-09T06:00:00Z/2026-02-09T07:00:00Z,112233445566,2026-02-01T00:00:00Z,2026-03-01T00:00:00Z,AWS,223344556677,Usage,2026-02-09T06:00:00Z,2026-02-09T07:00:00Z,AmazonS3,USWE-TimedStorage-ByteHrs,StandardStorage,,arn:aws:s3:::data-lake-processed,939.6163,,,3.19444e-05,0.03015228,3.19444e-05,0.03015228,GB-Mo,0.023,0.03015228,Amazon Simple Storage Service,,,,,us-west-2,AmazonS3,0.0,0.0,47.14,13,2026-02-08T11:38:29Z,data-eng,prod,CC200,,,,,,,,,,,,,
8388aa203da44ca4b509c53cece1e90a,2026-02-09T15:00:00Z/2026-02-09T16:00:00Z,112233445566,2026-02-01T00:00:00Z,2026-03-01T00:00:00Z,AWS,223344556677,Usage,2026-02-09T15:00:00Z,2026-02-09T16:00:00Z,AmazonS3,USWE-TimedStorage-ByteHrs,StandardStorage,,arn:aws:s3:::data-lake-processed,940.1729,,,3.19444e-05,0.03047141,3.19444e-05,0.03047141,GB-Mo,0.023,0.03047141,Amazon Simple Storage Service,,,,,us-west-2,AmazonS3,0.0,0.0,28.45,24,2026-02-07T12:40:49Z,data-eng,prod,CC200,,,,,,,,,,,,,
5e38572573ae4f8bbdd262a74af72768,2026-02-10T00:00:00Z/2026-02-10T01:00:00Z,112233445566,2026-02-01T00:00:00Z,2026-03-01T00:00:00Z,AWS,223344556677,Usage,2026-02-10T00:00:00Z,2026-02-10T01:00:00Z,AmazonS3,USWE-TimedStorage-ByteHrs,StandardStorage,,arn:aws:s3:::data-lake-processed,940.6198,,,3.19444e-05,0.03048408,3.19444e-05,0.03048408,GB-Mo,0.023,0.03048408,Amazon Simple Storage Service,,,,,us-west-2,AmazonS3,0.0,0.0,28.93,0,2026-02-07T17:24:51Z,data-eng,prod,CC200,,,,,,,,,,,,,
74fccc5f6ea14d12bcea81f8073f9254,2026-02-10T09:00:00Z/2026-02-10T10:00:00Z,112233445566,2026-02-01T00:00:00Z,2026-03-01T00:00:00Z,AWS,223344556677,Usage,2026-02-10T09:00:00Z,2026-02-10T10:00:00Z,AmazonS3,USWE-TimedStorage-ByteHrs,StandardStorage,,arn:aws:s3:::data-lake-processed,939.2174,,,3.19444e-05,0.03019736,3.19444e-05,0.03019736,GB-Mo,0.023,0.03019736,Amazon Simple Storage Service,,,,,us-west-2,AmazonS3,0.0,0.0,32.46,0,2026-02-09T20:25:17Z,data-eng,prod,CC200,,,,,,,,,,,,,
18952ef072b7464db53ae6226e217b4b,2026-02-10T18:00:00Z/2026-02-10T19:00:00Z,112233445566,2026-02-01T00:00:00Z,2026-03-01T00:00:00Z,AWS,223344556677,Usage,2026-02-10T18:00:00Z,2026-02-10T19:00:00Z,AmazonS3,USWE-TimedStorage-ByteHrs,StandardStorage,,arn:aws:s3:::data-lake-processed,939.9962,,,3.19444e-05,0.02958382,3.19444e-05,0.02958382,GB-Mo,0.023,0.02958382,Amazon Simple Storage Service,,,,,us-west-2,AmazonS3,0.0,0.0,35.51,4,2026-02-10T10:23:28Z,data-eng,prod,CC200,,,,,,,,,,,,,
cc7c51461b5b4aa096c9ee237e016d7b,2026-02-11T03:00:00Z/2026-02-11T04:00:00Z,112233445566,2026-02-01T00:00:00Z,2026-03-01T00:00:00Z,AWS,223344556677,Usage,2026-02-11T03:00:00Z,2026-02-11T04:00:00Z,AmazonS3,USWE-TimedStorage-ByteHrs,StandardStorage,,arn:aws:s3:::data-lake-processed,939.81,,,3.19444e-05,0.03052662,3.19444e-05,0.03052662,GB-Mo,0.023,0.03052662,Amazon Simple Storage Service,,,,,us-west-2,AmazonS3,0.0,0.0,47.07,10,2026-02-09T01:18:47Z,data-eng,prod,CC200,,,,,,,,,,,,,
d4425c4ff719407ab7c3c12e2d44cb22,2026-02-11T12:00:00Z/2026-02-11T13:00:00Z,112233445566,2026-02-01T00:00:00Z,2026-03-01T00:00:00Z,AWS,223344556677,Usage,2026-02-11T12:00:00Z,2026-02-11T13:00:00Z,AmazonS3,USWE-TimedStorage-ByteHrs,StandardStorage,,arn:aws:s3:::data-lake-processed,939.2163,,,3.19444e-05,0.029861,3.19444e-05,0.029861,GB-Mo,0.023,0.029861,Amazon Simple Storage Service,,,,,us-west-2,AmazonS3,0.0,0.0,31.7,20,2026-02-10T13:34:56Z,data-eng,prod,CC200,,,,,,,,,,,,,
75a715b23f554be0aa8119089eb85a30,2026-02-11T21:00:00Z/2026-02-11T22:00:00Z,112233445566,2026-02-01T00:00:00Z,2026-03-01T00:00:00Z,AWS,223344556677,Usage,2026-02-11T21:00:00Z,2026-02-11T22:00:00Z,AmazonS3,USWE-TimedStorage-ByteHrs,StandardStorage,,arn:aws:s3:::data-lake-processed,940.141,,,3.19444e-05,0.03059674,3.19444e-05,0.03059674,GB-Mo,0.023,0.03059674,Amazon Simple Storage Service,,,,,us-west-2,AmazonS3,0.0,0.0,57.24,16,2026-02-10T03:49:45Z,data-eng,prod,CC200,,,,,,,,,,,,,
8ab7a0eb324a4149aeecfafc668f3310,2026-02-12T06:00:00Z/2026-02-12T07:00:00Z,112233445566,2026-02-01T00:00:00Z,2026-03-01T00:00:00Z,AWS,223344556677,Usage,2026-02-12T06:00:00Z,2026-02-12T07:00:00Z,AmazonS3,USWE-TimedStorage-ByteHrs,StandardStorage,,arn:aws:s3:::data-lake-processed,939.8707,,,3.19444e-05,0.03030092,3.19444e-05,0.03030092,GB-Mo,0.023,0.03030092,Amazon Simple Storage Service,,,,,us-west-2,AmazonS3,0.0,0.0,59.64,11,2026-02-11T03:34:00Z,data-eng,prod,CC200,,,,,,,,,,,,,
971a46560d5c4af6a0fa4c0fc7cbc294,2026-02-12T15:00:00Z/2026-02-12T16:00:00Z,112233445566,2026-02-01T00:00:00Z,2026-03-01T00:00:00Z,AWS,223344556677,Usage,2026-02-12T15:00:00Z,2026-02-12T16:00:00Z,AmazonS3,USWE-TimedStorage-ByteHrs,StandardStorage,,arn:aws:s3:::data-lake-processed,940.4917,,,3.19444e-05,0.02951256,3.19444e-05,0.02951256,GB-Mo,0.023,0.02951256,Amazon Simple Storage Service,,,,,us-west-2,AmazonS3,0.0,0.0,58.28,15,2026-02-12T10:57:37Z,data-eng,prod,CC200,,,,,,,,,,,,,
33102ddd536d420894b59b5bcad21ca6,2026-02-13T00:00:00Z/2026-02-13T01:00:00Z,112233445566,2026-02-01T00:00:00Z,2026-03-01T00:00:00Z,AWS,223344556677,Usage,2026-02-13T00:00:00Z,2026-02-13T01:00:00Z,AmazonS3,USWE-TimedStorage-ByteHrs,StandardStorage,,arn:aws:s3:::data-lake-processed,939.9693,,,3.19444e-05,0.02994835,3.19444e-05,0.02994835,GB-Mo,0.023,0.02994835,Amazon Simple Storage Service,,,,,us-west-2,AmazonS3,0.0,0.0,45.58,4,2026-02-11T00:49:20Z,data-eng,prod,CC200,,,,,,,,,,,,,
682f0b54159c49acaeba991e69f448a6,2026-02-13T09:00:00Z/2026-02-13T10:00:00Z,112233445566,2026-02-01T00:00:00Z,2026-03-01T00:00:00Z,AWS,223344556677,Usage,2026-02-13T09:00:00Z,2026-02-13T10:00:00Z,AmazonS3,USWE-TimedStorage-ByteHrs,StandardStorage,,arn:aws:s3:::data-lake-processed,939.6045,,,3.19444e-05,0.03040061,3.19444e-05,0.03040061,GB-Mo,0.023,0.03040061,Amazon Simple Storage Service,,,,,us-west-2,AmazonS3,0.0,0.0,54.27,0,2026-02-11T19:56:24Z,data-eng,prod,CC200,,,,,,,,,,,,,
0286dfdedace47cab463315f7d677094,2026-02-13T18:00:00Z/2026-02-13T19:00:00Z,112233445566,2026-02-01T00:00:00Z,2026-03-01T00:00:00Z,AWS,223344556677,Usage,2026-02-13T18:00:00Z,2026-02-13T19:00:00Z,AmazonS3,USWE-TimedStorage-ByteHrs,StandardStorage,,arn:aws:s3:::data-lake-processed,940.9324,,,3.19444e-05,0.03026615,3.19444e-05,0.03026615,GB-Mo,0.023,0.03026615,Amazon Simple Storage Service,,,,,us-west-2,AmazonS3,0.0,0.0,38.67,5,2026-02-11T14:57:49Z,data-eng,prod,CC200,,,,,,,,,,,,,
cf94aa7b958c4fb8bd5cd24d11733c47,2026-02-14T03:00:00Z/2026-02-14T04:00:00Z,112233445566,2026-02-01T00:00:00Z,2026-03-01T00:00:00Z,AWS,223344556677,Usage,2026-02-14T03:00:00Z,2026-02-14T04:00:00Z,AmazonS3,USWE-TimedStorage-ByteHrs,StandardStorage,,arn:aws:s3:::data-lake-processed,940.8387,,,3.19444e-05,0.03053723,3.19444e-05,0.03053723,GB-Mo,0.023,0.03053723,Amazon Simple Storage Service,,,,,us-west-2,AmazonS3,0.0,0.0,43.84,16,2026-02-12T22:57:35Z,data-eng,prod,CC200,,,,,,,,,,,,,
b2e9ff458c6341d299cfd4ffeb04092b,2026-02-14T12:00:00Z/2026-02-14T13:00:00Z,112233445566,2026-02-01T00:00:00Z,2026-03-01T00:00:00Z,AWS,223344556677,Usage,2026-02-14T12:00:00Z,2026-02-14T13:00:00Z,AmazonS3,USWE-TimedStorage-ByteHrs,StandardStorage,,arn:aws:s3:::data-lake-processed,939.0673,,,3.19444e-05,0.02995461,3.19444e-05,0.02995461,GB-Mo,0.023,0.02995461,Amazon Simple Storage Service,,,,,us-west-2,AmazonS3,0.0,0.0,47.5,0,2026-02-12T19:18:46Z,data-eng,prod,CC200,,,,,,,,,,,,,
5100d4299eba4de8abc96ebeb745eab8,2026-02-14T21:00:00Z/2026-02-14T22:00:00Z,112233445566,2026-02-01T00:00:00Z,2026-03-01T00:00:00Z,AWS,223344556677,Usage,2026-02-14T21:00:00Z,2026-02-14T22:00:00Z,AmazonS3,USWE-TimedStorage-ByteHrs,StandardStorage,,arn:aws:s3:::data-lake-processed,940.3861,,,3.19444e-05,0.03025718,3.19444e-05,0.03025718,GB-Mo,0.023,0.03025718,Amazon Simple Storage Service,,,,,us-west-2,AmazonS3,0.0,0.0,41.25,14,2026-02-14T03:07:51Z,data-eng,prod,CC200,,,,,,,,,,,,,
d10bd2069b2849bdad28378f2303e2b9,2026-02-15T06:00:00Z/2026-02-15T07:00:00Z,112233445566,2026-02-01T00:00:00Z,2026-03-01T00:00:00Z,AWS,223344556677,Usage,2026-02-15T06:00:00Z,2026-02-15T07:00:00Z,AmazonS3,USWE-TimedStorage-ByteHrs,StandardStorage,,arn:aws:s3:::data-lake-processed,939.9646,,,3.19444e-05,0.02968195,3.19444e-05,0.02968195,GB-Mo,0.023,0.02968195,Amazon Simple Storage Service,,,,,us-west-2,AmazonS3,0.0,0.0,55.17,14,2026-02-13T07:39:29Z,data-eng,prod,CC200,,,,,,,,,,,,,
c0d765765425473d8f0c5257e1452abe,2026-02-15T15:00:00Z/2026-02-15T16:00:00Z,112233445566,2026-02-01T00:00:00Z,2026-03-01T00:00:00Z,AWS,223344556677,Usage,2026-02-15T15:00:00Z,2026-02-15T16:00:00Z,AmazonS3,USWE-TimedStorage-ByteHrs,StandardStorage,,arn:aws:s3:::data-lake-processed,939.6341,,,3.19444e-05,0.03024524,3.19444e-05,0.03024524,GB-Mo,0.023,0.03024524,Amazon Simple Storage Service,,,,,us-west-2,AmazonS3,0.0,0.0,55.86,8,2026-02-13T00:15:11Z,data-eng,prod,CC200,,,,,,,,,,,,,
4a2fe46522464c5e9849dd77dffdc291,2026-02-16T00:00:00Z/2026-02-16T01:00:00Z,112233445566,2026-02-01T00:00:00Z,2026-03-01T00:00:00Z,AWS,223344556677,Usage,2026-02-16T00:00:00Z,2026-02-16T01:00:00Z,AmazonS3,USWE-TimedStorage-ByteHrs,StandardStorage,,arn:aws:s3:::data-lake-processed,939.283,,,3.19444e-05,0.0298933,3.19444e-05,0.0298933,GB-Mo,0.023,0.0298933,Amazon Simple Storage Service,,,,,us-west-2,AmazonS3,0.0,0.0,56.75,22,2026-02-14T18:23:36Z,data-eng,prod,CC200,,,,,,,,,,,,,
1d6c2c26f2de472c856a08dda49381aa,2026-02-16T09:00:00Z/2026-02-16T10:00:00Z,112233445566,2026-02-01T00:00:00Z,2026-03-01T00:00:00Z,AWS,223344556677,Usage,2026-02-16T09:00:00Z,2026-02-16T10:00:00Z,AmazonS3,USWE-TimedStorage-ByteHrs,StandardStorage,,arn:aws:s3:::data-lake-processed,939.8112,,,3.19444e-05,0.02949091,3.19444e-05,0.02949091,GB-Mo,0.023,0.02949091,Amazon Simple Storage Service,,,,,us-west-2,AmazonS3,0.0,0.0,46.35,19,2026-02-14T10:19:02Z,data-eng,prod,CC200,,,,,,,,,,,,,
6e63160f59d54e9986345a27e24e6384,2026-02-16T18:00:00Z/2026-02-16T19:00:00Z,112233445566,2026-02-01T00:00:00Z,2026-03-01T00:00:00Z,AWS,223344556677,Usage,2026-02-16T18:00:00Z,2026-02-16T19:00:00Z,AmazonS3,USWE-TimedStorage-ByteHrs,StandardStorage,,arn:aws:s3:::data-lake-processed,939.9469,,,3.19444e-05,0.03045861,3.19444e-05,0.03045861,GB-Mo,0.023,0.03045861,Amazon Simple Storage Service,,,,,us-west-2,AmazonS3,0.0,0.0,59.76,16,2026-02-14T21:03:21Z,data-eng,prod,CC200,,,,,,,,,,,,,
4e23887b070645e7be7ea623656bdcb6,2026-02-17T03:00:00Z/2026-02-17T04:00:00Z,112233445566,2026-02-01T00:00:00Z,2026-03-01T00:00:00Z,AWS,223344556677,Usage,2026-02-17T03:00:00Z,2026-02-17T04:00:00Z,AmazonS3,USWE-TimedStorage-ByteHrs,StandardStorage,,arn:aws:s3:::data-lake-processed,940.8618,,,3.19444e-05,0.02990079,3.19444e-05,0.02990079,GB-Mo,0.023,0.02990079,Amazon Simple Storage Service,,,,,us-west-2,AmazonS3,0.0,0.0,61.83,13,2026-02-15T05:03:32Z,data-eng,prod,CC200,,,,,,,,,,,,,
c520ef6e25bb444ba09831ecf661f957,2026-02-17T12:00:00Z/2026-02-17T13:00:00Z,112233445566,2026-02-01T00:00:00Z,2026-03-01T00:00:00Z,AWS,223344556677,Usage,2026-02-17T12:00:00Z,2026-02-17T13:00:00Z,AmazonS3,USWE-TimedStorage-ByteHrs,StandardStorage,,arn:aws:s3:::data-lake-processed,940.3617,,,3.19444e-05,0.02973441,3.19444e-05,0.02973441,GB-Mo,0.023,0.02973441,Amazon Simple Storage Service,,,,,us-west-2,AmazonS3,0.0,0.0,51.22,5,2026-02-15T06:31:12Z,data-eng,prod,CC200,,,,,,,,,,,,,
aa9a536e558c4f91be84c63082a8ccf7,2026-02-17T21:00:00Z/2026-02-17T22:00:00Z,112233445566,2026-02-01T00:00:00Z,2026-03-01T00:00:00Z,AWS,223344556677,Usage,2026-02-17T21:00:00Z,2026-02-17T22:00:00Z,AmazonS3,USWE-TimedStorage-ByteHrs,StandardStorage,,arn:aws:s3:::data-lake-processed,940.1976,,,3.19444e-05,0.02988199,3.19444e-05,0.02988199,GB-Mo,0.023,0.02988199,Amazon Simple Storage Service,,,,,us-west-2,AmazonS3,0.0,0.0,36.8,10,2026-02-17T01:12:18Z,data-eng,prod,CC200,,,,,,,,,,,,,
53e7d3e7cac74d9d84c1675ef256efb0,2026-02-18T06:00:00Z/2026-02-18T07:00:00Z,112233445566,2026-02-01T00:00:00Z,2026-03-01T00:00:00Z,AWS,223344556677,Usage,2026-02-18T06:00:00Z,2026-02-18T07:00:00Z,AmazonS3,USWE-TimedStorage-ByteHrs,StandardStorage,,arn:aws:s3:::data-lake-processed,939.6896,,,3.19444e-05,0.02974637,3.19444e-05,0.02974637,GB-Mo,0.023,0.02974637,Amazon Simple Storage Service,,,,,us-west-2,AmazonS3,0.0,0.0,47.34,16,2026-02-16T21:34:28Z,data-eng,prod,CC200,,,,,,,,,,,,,
39968c81b7f4403b884169abf81ea83d,2026-02-18T15:00:00Z/2026-02-18T16:00:00Z,112233445566,2026-02-01T00:00:00Z,2026-03-01T00:00:00Z,AWS,223344556677,Usage,2026-02-18T15:00:00Z,2026-02-18T16:00:00Z,AmazonS3,USWE-TimedStorage-ByteHrs,StandardStorage,,arn:aws:s3:::data-lake-processed,939.9854,,,3.19444e-05,0.02976701,3.19444e-05,0.02976701,GB-Mo,0.023,0.02976701,Amazon Simple Storage Service,,,,,us-west-2,AmazonS3,0.0,0.0,29.62,0,2026-02-17T10:27:16Z,data-eng,prod,CC200,,,,,,,,,,,,,
bccfa3539f0646c8953316e51470c556,2026-02-19T00:00:00Z/2026-02-19T01:00:00Z,112233445566,2026-02-01T00:00:00Z,2026-03-01T00:00:00Z,AWS,223344556677,Usage,2026-02-19T00:00:00Z,2026-02-19T01:00:00Z,AmazonS3,USWE-TimedStorage-ByteHrs,StandardStorage,,arn:aws:s3:::data-lake-processed,939.327,,,3.19444e-05,0.0301988,3.19444e-05,0.0301988,GB-Mo,0.023,0.0301988,Amazon Simple Storage Service,,,,,us-west-2,AmazonS3,0.0,0.0,50.0,13,2026-02-16T09:39:53Z,data-eng,prod,CC200,,,,,,,,,,,,,
57f91658866341b6ad64ecd309ae16a9,2026-02-19T09:00:00Z/2026-02-19T10:00:00Z,112233445566,2026-02-01T00:00:00Z,2026-03-01T00:00:00Z,AWS,223344556677,Usage,2026-02-19T09:00:00Z,2026-02-19T10:00:00Z,AmazonS3,USWE-TimedStorage-ByteHrs,StandardStorage,,arn:aws:s3:::data-lake-processed,940.7814,,,3.19444e-05,0.02994447,3.19444e-05,0.02994447,GB-Mo,0.023,0.02994447,Amazon Simple Storage Service,,,,,us-west-2,AmazonS3,0.0,0.0,29.39,18,2026-02-18T06:07:49Z,data-eng,prod,CC200,,,,,,,,,,,,,
2f79586b7cf041fc8d4f739fe8c11a5e,2026-02-19T18:00:00Z/2026-02-19T19:00:00Z,112233445566,2026-02-01T00:00:00Z,2026-03-01T00:00:00Z,AWS,223344556677,Usage,2026-02-19T18:00:00Z,2026-02-19T19:00:00Z,AmazonS3,USWE-TimedStorage-ByteHrs,StandardStorage,,arn:aws:s3:::data-lake-processed,940.2537,,,3.19444e-05,0.03005022,3.19444e-05,0.03005022,GB-Mo,0.023,0.03005022,Amazon Simple Storage Service,,,,,us-west-2,AmazonS3,0.0,0.0,46.34,17,2026-02-19T01:53:36Z,data-eng,prod,CC200,,,,,,,,,,,,,
27cf611ac63a483caac2376bfe7c2fae,2026-02-20T03:00:00Z/2026-02-20T04:00:00Z,112233445566,2026-02-01T00:00:00Z,2026-03-01T00:00:00Z,AWS,223344556677,Usage,2026-02-20T03:00:00Z,2026-02-20T04:00:00Z,AmazonS3,USWE-TimedStorage-ByteHrs,StandardStorage,,arn:aws:s3:::data-lake-processed,939.6199,,,3.19444e-05,0.02949629,3.19444e-05,0.02949629,GB-Mo,0.023,0.02949629,Amazon Simple Storage Service,,,,,us-west-2,AmazonS3,0.0,0.0,51.66,16,2026-02-19T16:46:36Z,data-eng,prod,CC200,,,,,,,,,,,,,
63b22ccf95f14c748e1f84318639d36e,2026-02-20T12:00:00Z/2026-02-20T13:00:00Z,112233445566,2026-02-01T00:00:00Z,2026-03-01T00:00:00Z,AWS,223344556677,Usage,2026-02-20T12:00:00Z,2026-02-20T13:00:00Z,AmazonS3,USWE-TimedStorage-ByteHrs,StandardStorage,,arn:aws:s3:::data-lake-processed,940.6073,,,3.19444e-05,0.02989957,3.19444e-05,0.02989957,GB-Mo,0.023,0.02989957,Amazon Simple Storage Service,,,,,us-west-2,AmazonS3,0.0,0.0,40.44,23,2026-02-19T21:41:13Z,data-eng,prod,CC200,,,,,,,,,,,,,
b569d38d50e544f1982a6960c220c02f,2026-02-20T21:00:00Z/2026-02-20T22:00:00Z,112233445566,2026-02-01T00:00:00Z,2026-03-01T00:00:00Z,AWS,223344556677,Usage,2026-02-20T21:00:00Z,2026-02-20T22:00:00Z,AmazonS3,USWE-TimedStorage-ByteHrs,StandardStorage,,arn:aws:s3:::data-lake-processed,940.6696,,,3.19444e-05,0.02964327,3.19444e-05,0.02964327,GB-Mo,0.023,0.02964327,Amazon Simple Storage Service,,,,,us-west-2,AmazonS3,0.0,0.0,61.03,0,2026-02-19T12:53:39Z,data-eng,prod,CC200,,,,,,,,,,,,,
ba773b6ffa794148af4a3dc7b3f08395,2026-02-21T06:00:00Z/2026-02-21T07:00:00Z,112233445566,2026-02-01T00:00:00Z,2026-03-01T00:00:00Z,AWS,223344556677,Usage,2026-02-21T06:00:00Z,2026-02-21T07:00:00Z,AmazonS3,USWE-TimedStorage-ByteHrs,StandardStorage,,arn:aws:s3:::data-lake-processed,940.5855,,,3.19444e-05,0.03018995,3.19444e-05,0.03018995,GB-Mo,0.023,0.03018995,Amazon Simple Storage Service,,,,,us-west-2,AmazonS3,0.0,0.0,39.69,4,2026-02-19T18:00:07Z,data-eng,prod,CC200,,,,,,,,,,,,,
8f2ee50bd4914aec8f131c701558227b,2026-02-21T15:00:00Z/2026-02-21T16:00:00Z,112233445566,2026-02-01T00:00:00Z,2026-03-01T00:00:00Z,AWS,223344556677,Usage,2026-02-21T15:00:00Z,2026-02-21T16:00:00Z,AmazonS3,USWE-TimedStorage-ByteHrs,StandardStorage,,arn:aws:s3:::data-lake-processed,940.6442,,,3.19444e-05,0.02952708,3.19444e-05,0.02952708,GB-Mo,0.023,0.02952708,Amazon Simple Storage Service,,,,,us-west-2,AmazonS3,0.0,0.0,31.57,9,2026-02-19T05:08:15Z,data-eng,prod,CC200,,,,,,,,,,,,,
508bd49d883148e6ace0eab76c73cd84,2026-02-22T00:00:00Z/2026-02-22T01:00:00Z,112233445566,2026-02-01T00:00:00Z,2026-03-01T00:00:00Z,AWS,223344556677,Usage,2026-02-22T00:00:00Z,2026-02-22T01:00:00Z,AmazonS3,USWE-TimedStorage-ByteHrs,StandardStorage,,arn:aws:s3:::data-lake-processed,939.7481,,,3.19444e-05,0.03033325,3.19444e-05,0.03033325,GB-Mo,0.023,0.03033325,Amazon Simple Storage Service,,,,,us-west-2,AmazonS3,0.0,0.0,56.09,0,2026-02-21T21:12:53Z,data-eng,prod,CC200,,,,,,,,,,,,,
5b699a3fdf9e444a93045f10713d69ae,2026-02-22T09:00:00Z/2026-02-22T10:00:00Z,112233445566,2026-02-01T00:00:00Z,2026-03-01T00:00:00Z,AWS,223344556677,Usage,2026-02-22T09:00:00Z,2026-02-22T10:00:00Z,AmazonS3,USWE-TimedStorage-ByteHrs,StandardStorage,,arn:aws:s3:::data-lake-processed,939.7982,,,3.19444e-05,0.02955431,3.19444e-05,0.02955431,GB-Mo,0.023,0.02955431,Amazon Simple Storage Service,,,,,us-west-2,AmazonS3,0.0,0.0,33.23,0,2026-02-20T01:29:45Z,data-eng,prod,CC200,,,,,,,,,,,,,
faaad32b38da4d00971f46944f69388d,2026-02-22T18:00:00Z/2026-02-22T19:00:00Z,112233445566,2026-02-01T00:00:00Z,2026-03-01T00:00:00Z,AWS,223344556677,Usage,2026-02-22T18:00:00Z,2026-02-22T19:00:00Z,AmazonS3,USWE-TimedStorage-ByteHrs,StandardStorage,,arn:aws:s3:::data-lake-processed,939.5445,,,3.19444e-05,0.02972302,3.19444e-05,0.02972302,GB-Mo,0.023,0.02972302,Amazon Simple Storage Service,,,,,us-west-2,AmazonS3,0.0,0.0,38.97,17,2026-02-20T21:06:31Z,data-eng,prod,CC200,,,,,,,,,,,,,
4edecc9c4e934beaaa17e85914a8af51,2026-02-23T03:00:00Z/2026-02-23T04:00:00Z,112233445566,2026-02-01T00:00:00Z,2026-03-01T00:00:00Z,AWS,223344556677,Usage,2026-02-23T03:00:00Z,2026-02-23T04:00:00Z,AmazonS3,USWE-TimedStorage-ByteHrs,StandardStorage,,arn:aws:s3:::data-lake-processed,939.3874,,,3.19444e-05,0.03020773,3.19444e-05,0.03020773,GB-Mo,0.023,0.03020773,Amazon Simple Storage Service,,,,,us-west-2,AmazonS3,0.0,0.0,51.45,13,2026-02-21T10:46:36Z,data-eng,prod,CC200,,,,,,,,,,,,,
280fa5ccbea64a6f9fc2039db353a865,2026-02-23T12:00:00Z/2026-02-23T13:00:00Z,112233445566,2026-02-01T00:00:00Z,2026-03-01T00:00:00Z,AWS,223344556677,Usage,2026-02-23T12:00:00Z,2026-02-23T13:00:00Z,AmazonS3,USWE-TimedStorage-ByteHrs,StandardStorage,,arn:aws:s3:::data-lake-processed,940.2523,,,3.19444e-05,0.03007386,3.19444e-05,0.03007386,GB-Mo,0.023,0.03007386,Amazon Simple Storage Service,,,,,us-west-2,AmazonS3,0.0,0.0,49.45,2,2026-02-23T00:12:46Z,data-eng,prod,CC200,,,,,,,,,,,,,
ab235886a3364b5da5e1984fe6affd3f,2026-02-23T21:00:00Z/2026-02-23T22:00:00Z,112233445566,2026-02-01T00:00:00Z,2026-03-01T00:00:00Z,AWS,223344556677,Usage,2026-02-23T21:00:00Z,2026-02-23T22:00:00Z,AmazonS3,USWE-TimedStorage-ByteHrs,StandardStorage,,arn:aws:s3:::data-lake-processed,940.4887,,,3.19444e-05,0.0296007,3.19444e-05,0.0296007,GB-Mo,0.023,0.0296007,Amazon Simple Storage Service,,,,,us-west-2,AmazonS3,0.0,0.0,53.62,6,2026-02-22T08:01:18Z,data-eng,prod,CC200,,,,,,,,,,,,,
e5794faeca194eb9a5a204aeeb9cd9af,2026-02-24T06:00:00Z/2026-02-24T07:00:00Z,112233445566,2026-02-01T00:00:00Z,2026-03-01T00:00:00Z,AWS,223344556677,Usage,2026-02-24T06:00:00Z,2026-02-24T07:00:00Z,AmazonS3,USWE-TimedStorage-ByteHrs,StandardStorage,,arn:aws:s3:::data-lake-processed,939.4445,,,3.19444e-05,0.03050296,3.19444e-05,0.03050296,GB-Mo,0.023,0.03050296,Amazon Simple Storage Service,,,,,us-west-2,AmazonS3,0.0,0.0,37.89,6,2026-02-22T21:12:01Z,data-eng,prod,CC200,,,,,,,,,,,,,
4ea77fbb41b84972ab6d4fce244b3e84,2026-02-24T15:00:00Z/2026-02-24T16:00:00Z,112233445566,2026-02-01T00:00:00Z,2026-03-01T00:00:00Z,AWS,223344556677,Usage,2026-02-24T15:00:00Z,2026-02-24T16:00:00Z,AmazonS3,USWE-TimedStorage-ByteHrs,StandardStorage,,arn:aws:s3:::data-lake-processed,939.3247,,,3.19444e-05,0.02963472,3.19444e-05,0.02963472,GB-Mo,0.023,0.02963472,Amazon Simple Storage Service,,,,,us-west-2,AmazonS3,0.0,0.0,48.0,3,2026-02-23T22:05:13Z,data-eng,prod,CC200,,,,,,,,,,,,,
d347fb3cea3f49f5856e821d51b451cd,2026-02-25T00:00:00Z/2026-02-25T01:00:00Z,112233445566,2026-02-01T00:00:00Z,2026-03-01T00:00:00Z,AWS,223344556677,Usage,2026-02-25T00:00:00Z,2026-02-25T01:00:00Z,AmazonS3,USWE-TimedStorage-ByteHrs,StandardStorage,,arn:aws:s3:::data-lake-processed,940.3538,,,3.19444e-05,0.02981897,3.19444e-05,0.02981897,GB-Mo,0.023,0.02981897,Amazon Simple Storage Service,,,,,us-west-2,AmazonS3,0.0,0.0,29.68,3,2026-02-22T19:57:51Z,data-eng,prod,CC200,,,,,,,,,,,,,
fb4ed47089fc49ecb6dbb06041f36cf0,2026-02-25T09:00:00Z/2026-02-25T10:00:00Z,112233445566,2026-02-01T00:00:00Z,2026-03-01T00:00:00Z,AWS,223344556677,Usage,2026-02-25T09:00:00Z,2026-02-25T10:00:00Z,AmazonS3,USWE-TimedStorage-ByteHrs,StandardStorage,,arn:aws:s3:::data-lake-processed,940.2494,,,3.19444e-05,0.03013636,3.19444e-05,0.03013636,GB-Mo,0.023,0.03013636,Amazon Simple Storage Service,,,,,us-west-2,AmazonS3,0.0,0.0,59.56,2,2026-02-23T16:47:30Z,data-eng,prod,CC200,,,,,,,,,,,,,
1622285e8b184b3c9b2c7a70eaa47ca5,2026-02-25T18:00:00Z/2026-02-25T19:00:00Z,112233445566,2026-02-01T00:00:00Z,2026-03-01T00:00:00Z,AWS,223344556677,Usage,2026-02-25T18:00:00Z,2026-02-25T19:00:00Z,AmazonS3,USWE-TimedStorage-ByteHrs,StandardStorage,,arn:aws:s3:::data-lake-processed,939.8351,,,3.19444e-05,0.02991039,3.19444e-05,0.02991039,GB-Mo,0.023,0.02991039,Amazon Simple Storage Service,,,,,us-west-2,AmazonS3,0.0,0.0,48.56,3,2026-02-24T14:34:29Z,data-eng,prod,CC200,,,,,,,,,,,,,
e69e22f11a134d58a1a705bc2ec2d6d9,2026-02-26T03:00:00Z/2026-02-26T04:00:00Z,112233445566,2026-02-01T00:00:00Z,2026-03-01T00:00:00Z,AWS,223344556677,Usage,2026-02-26T03:00:00Z,2026-02-26T04:00:00Z,AmazonS3,USWE-TimedStorage-ByteHrs,StandardStorage,,arn:aws:s3:::data-lake-processed,939.9318,,,3.19444e-05,0.02992724,3.19444e-05,0.02992724,GB-Mo,0.023,0.02992724,Amazon Simple Storage Service,,,,,us-west-2,AmazonS3,0.0,0.0,28.65,1,2026-02-24T01:32:30Z,data-eng,prod,CC200,,,,,,,,,,,,,
cdb136d57c9b447c80b6b107de335b46,2026-02-26T12:00:00Z/2026-02-26T13:00:00Z,112233445566,2026-02-01T00:00:00Z,2026-03-01T00:00:00Z,AWS,223344556677,Usage,2026-02-26T12:00:00Z,2026-02-26T13:00:00Z,AmazonS3,USWE-TimedStorage-ByteHrs,StandardStorage,,arn:aws:s3:::data-lake-processed,939.7197,,,3.19444e-05,0.02975402,3.19444e-05,0.02975402,GB-Mo,0.023,0.02975402,Amazon Simple Storage Service,,,,,us-west-2,AmazonS3,0.0,0.0,57.91,5,2026-02-26T02:05:00Z,data-eng,prod,CC200,,,,,,,,,,,,,
05b5026acc8a411a9bd6e14eab05e66d,2026-02-26T21:00:00Z/2026-02-26T22:00:00Z,112233445566,2026-02-01T00:00:00Z,2026-03-01T00:00:00Z,AWS,223344556677,Usage,2026-02-26T21:00:00Z,2026-02-26T22:00:00Z,AmazonS3,USWE-TimedStorage-ByteHrs,StandardStorage,,arn:aws:s3:::data-lake-processed,939.548,,,3.19444e-05,0.0299261,3.19444e-05,0.0299261,GB-Mo,0.023,0.0299261,Amazon Simple Storage Service,,,,,us-west-2,AmazonS3,0.0,0.0,39.18,4,2026-02-24T14:01:55Z,data-eng,prod,CC200,,,,,,,,,,,,,
e269b3e6d91e4932bd6fb5f7629d6d2f,2026-02-27T06:00:00Z/2026-02-27T07:00:00Z,112233445566,2026-02-01T00:00:00Z,2026-03-01T00:00:00Z,AWS,223344556677,Usage,2026-02-27T06:00:00Z,2026-02-27T07:00:00Z,AmazonS3,USWE-TimedStorage-ByteHrs,StandardStorage,,arn:aws:s3:::data-lake-processed,939.157,,,3.19444e-05,0.02972763,3.19444e-05,0.02972763,GB-Mo,0.023,0.02972763,Amazon Simple Storage Service,,,,,us-west-2,AmazonS3,0.0,0.0,49.82,1,2026-02-25T03:04:01Z,data-eng,prod,CC200,,,,,,,,,,,,,
cf7302aa072a46aab85377045006104b,2026-02-27T15:00:00Z/2026-02-27T16:00:00Z,112233445566,2026-02-01T00:00:00Z,2026-03-01T00:00:00Z,AWS,223344556677,Usage,2026-02-27T15:00:00Z,2026-02-27T16:00:00Z,AmazonS3,USWE-TimedStorage-ByteHrs,StandardStorage,,arn:aws:s3:::data-lake-processed,940.4302,,,3.19444e-05,0.03035406,3.19444e-05,0.03035406,GB-Mo,0.023,0.03035406,Amazon Simple Storage Service,,,,,us-west-2,AmazonS3,0.0,0.0,53.43,4,2026-02-26T15:05:50Z,data-eng,prod,CC200,,,,,,,,,,,,,
b053f5b74f9e44ed955e66f6ef70bba1,2026-02-01T00:00:00Z/2026-02-01T01:00:00Z,112233445566,2026-02-01T00:00:00Z,2026-03-01T00:00:00Z,AWS,334455667788,Usage,2026-02-01T00:00:00Z,2026-02-01T01:00:00Z,AmazonS3,USEA-TimedStorage-ByteHrs,StandardStorage,,arn:aws:s3:::app-static-assets,310.0002,,,3.19444e-05,0.01008974,3.19444e-05,0.01008974,GB-Mo,0.023,0.01008974,Amazon Simple Storage Service,,,,,us-east-1,AmazonS3,0.0,0.0,52.42,10,2026-01-31T03:30:22Z,frontend,prod,CC300,,,,,,,,,,,,,
6ff336cf9dce45c281208d7f2fd57da4,2026-02-01T09:00:00Z/2026-02-01T10:00:00Z,112233445566,2026-02-01T00:00:00Z,2026-03-01T00:00:00Z,AWS,334455667788,Usage,2026-02-01T09:00:00Z,2026-02-01T10:00:00Z,AmazonS3,USEA-TimedStorage-ByteHrs,StandardStorage,,arn:aws:s3:::app-static-assets,310.2592,,,3.19444e-05,0.01005485,3.19444e-05,0.01005485,GB-Mo,0.023,0.01005485,Amazon Simple Storage Service,,,,,us-east-1,AmazonS3,0.0,0.0,34.8,9,2026-01-31T03:31:19Z,frontend,prod,CC300,,,,,,,,,,,,,
0e5a5a338c0e46c7a5963fb1bcaef6e1,2026-02-01T18:00:00Z/2026-02-01T19:00:00Z,112233445566,2026-02-01T00:00:00Z,2026-03-01T00:00:00Z,AWS,334455667788,Usage,2026-02-01T18:00:00Z,2026-02-01T19:00:00Z,AmazonS3,USEA-TimedStorage-ByteHrs,StandardStorage,,arn:aws:s3:::app-static-assets,310.0488,,,3.19444e-05,0.00999775,3.19444e-05,0.00999775,GB-Mo,0.023,0.00999775,Amazon Simple Storage Service,,,,,us-east-1,AmazonS3,0.0,0.0,47.96,19,2026-01-30T18:37:02Z,frontend,prod,CC300,,,,,,,,,,,,,
fee56b9c13c54935b03ac2ab218c547b,2026-02-02T03:00:00Z/2026-02-02T04:00:00Z,112233445566,2026-02-01T00:00:00Z,2026-03-01T00:00:00Z,AWS,334455667788,Usage,2026-02-02T03:00:00Z,2026-02-02T04:00:00Z,AmazonS3,USEA-TimedStorage-ByteHrs,StandardStorage,,arn:aws:s3:::app-static-assets,310.0225,,,3.19444e-05,0.00992028,3.19444e-05,0.00992028,GB-Mo,0.023,0.00992028,Amazon Simple Storage Service,,,,,us-east-1,AmazonS3,0.0,0.0,60.6,8,2026-02-01T12:40:12Z,frontend,prod,CC300,,,,,,,,,,,,,
804a6a82b4674d5ebac850368aec8959,2026-02-02T12:00:00Z/2026-02-02T13:00:00Z,112233445566,2026-02-01T00:00:00Z,2026-03-01T00:00:00Z,AWS,334455667788,Usage,2026-02-02T12:00:00Z,2026-02-02T13:00:00Z,AmazonS3,USEA-TimedStorage-ByteHrs,StandardStorage,,arn:aws:s3:::app-static-assets,310.2439,,,3.19444e-05,0.0100217,3.19444e-05,0.0100217,GB-Mo,0.023,0.0100217,Amazon Simple Storage Service,,,,,us-east-1,AmazonS3,0.0,0.0,46.89,17,2026-01-30T23:04:52Z,frontend,prod,CC300,,,,,,,,,,,,,
530e019df99f49278b8b7b4b9fada958,2026-02-02T21:00:00Z/2026-02-02T22:00:00Z,112233445566,2026-02-01T00:00:00Z,2026-03-01T00:00:00Z,AWS,334455667788,Usage,2026-02-02T21:00:00Z,2026-02-02T22:00:00Z,AmazonS3,USEA-TimedStorage-ByteHrs,StandardStorage,,arn:aws:s3:::app-static-assets,310.2605,,,3.19444e-05,0.0100433,3.19444e-05,0.0100433,GB-Mo,0.023,0.0100433,Amazon Simple Storage Service,,,,,us-east-1,AmazonS3,0.0,0.0,59.74,19,2026-02-01T11:36:53Z,frontend,prod,CC300,,,,,,,,,,,,,
f7b0db835a16405ebfac1bebdf1d94a4,2026-02-03T06:00:00Z/2026-02-03T07:00:00Z,112233445566,2026-02-01T00:00:00Z,2026-03-01T00:00:00Z,AWS,334455667788,Usage,2026-02-03T06:00:00Z,2026-02-03T07:00:00Z,AmazonS3,USEA-TimedStorage-ByteHrs,StandardStorage,,arn:aws:s3:::app-static-assets,310.1036,,,3.19444e-05,0.01007725,3.19444e-05,0.01007725,GB-Mo,0.023,0.01007725,Amazon Simple Storage Service,,,,,us-east-1,AmazonS3,0.0,0.0,33.45,3,2026-02-03T00:21:02Z,frontend,prod,CC300,,,,,,,,,,,,,
99718df2434840ab83373a22da2b1453,2026-02-03T15:00:00Z/2026-02-03T16:00:00Z,112233445566,2026-02-01T00:00:00Z,2026-03-01T00:00:00Z,AWS,334455667788,Usage,2026-02-03T15:00:00Z,2026-02-03T16:00:00Z,AmazonS3,USEA-TimedStorage-ByteHrs,StandardStorage,,arn:aws:s3:::app-static-assets,309.8133,,,3.19444e-05,0.01006222,3.19444e-05,0.01006222,GB-Mo,0.023,0.01006222,Amazon Simple Storage Service,,,,,us-east-1,AmazonS3,0.0,0.0,36.26,10,2026-02-02T16:30:58Z,frontend,prod,CC300,,,,,,,,,,,,,
3a835e3c03b44d3db5840f69466a85ad,2026-02-04T00:00:00Z/2026-02-04T01:00:00Z,112233445566,2026-02-01T00:00:00Z,2026-03-01T00:00:00Z,AWS,334455667788,Usage,2026-02-04T00:00:00Z,2026-02-04T01:00:00Z,AmazonS3,USEA-TimedStorage-ByteHrs,StandardStorage,,arn:aws:s3:::app-static-assets,310.0722,,,3.19444e-05,0.0099197,3.19444e-05,0.0099197,GB-Mo,0.023,0.0099197,Amazon Simple Storage Service,,,,,us-east-1,AmazonS3,0.0,0.0,58.22,12,2026-02-02T03:07:13Z,frontend,prod,CC300,,,,,,,,,,,,,
09aa61a7c43844b4888183153e88dddb,2026-02-04T09:00:00Z/2026-02-04T10:00:00Z,112233445566,2026-02-01T00:00:00Z,2026-03-01T00:00:00Z,AWS,334455667788,Usage,2026-02-04T09:00:00Z,2026-02-04T10:00:00Z,AmazonS3,USEA-TimedStorage-ByteHrs,StandardStorage,,arn:aws:s3:::app-static-assets,310.0582,,,3.19444e-05,0.01001391,3.19444e-05,0.01001391,GB-Mo,0.023,0.01001391,Amazon Simple Storage Service,,,,,us-east-1,AmazonS3,0.0,0.0,46.71,13,2026-02-02T16:19:57Z,frontend,prod,CC300,,,,,,,,,,,,,
55d8cda7185f4078a4ce9ace2476f01e,2026-02-04T18:00:00Z/2026-02-04T19:00:00Z,112233445566,2026-02-01T00:00:00Z,2026-03-01T00:00:00Z,AWS,334455667788,Usage,2026-02-04T18:00:00Z,2026-02-04T19:00:00Z,AmazonS3,USEA-TimedStorage-ByteHrs,StandardStorage,,arn:aws:s3:::app-static-assets,309.7394,,,3.19444e-05,0.01004408,3.19444e-05,0.01004408,GB-Mo,0.023,0.01004408,Amazon Simple Storage Service,,,,,us-east-1,AmazonS3,0.0,0.0,45.83,12,2026-02-03T16:28:49Z,frontend,prod,CC300,,,,,,,,,,,,,
26c5e3ce30894d659fb5819bfa2f0a76,2026-02-05T03:00:00Z/2026-02-05T04:00:00Z,112233445566,2026-02-01T00:00:00Z,2026-03-01T00:00:00Z,AWS,334455667788,Usage,2026-02-05T03:00:00Z,2026-02-05T04:00:00Z,AmazonS3,USEA-TimedStorage-ByteHrs,StandardStorage,,arn:aws:s3:::app-static-assets,310.2666,,,3.19444e-05,0.0097066,3.19444e-05,0.0097066,GB-Mo,0.023,0.0097066,Amazon Simple Storage Service,,,,,us-east-1,AmazonS3,0.0,0.0,61.83,15,2026-02-03T20:20:53Z,frontend,prod,CC300,,,,,,,,,,,,,
40efa16d829e43b09a45ae27fea6ccbd,2026-02-05T12:00:00Z/2026-02-05T13:00:00Z,112233445566,2026-02-01T00:00:00Z,2026-03-01T00:00:00Z,AWS,334455667788,Usage,2026-02-05T12:00:00Z,2026-02-05T13:00:00Z,AmazonS3,USEA-TimedStorage-ByteHrs,StandardStorage,,arn:aws:s3:::app-static-assets,310.2858,,,3.19444e-05,0.0097874,3.19444e-05,0.0097874,GB-Mo,0.023,0.0097874,Amazon Simple Storage Service,,,,,us-east-1,AmazonS3,0.0,0.0,59.31,9,2026-02-04T13:24:13Z,frontend,prod,CC300,,,,,,,,,,,,,
9cfb7709d5b04ad789a1dcc4503c5660,2026-02-05T21:00:00Z/2026-02-05T22:00:00Z,112233445566,2026-02-01T00:00:00Z,2026-03-01T00:00:00Z,AWS,334455667788,Usage,2026-02-05T21:00:00Z,2026-02-05T22:00:00Z,AmazonS3,USEA-TimedStorage-ByteHrs,StandardStorage,,arn:aws:s3:::app-static-assets,310.1791,,,3.19444e-05,0.00994706,3.19444e-05,0.00994706,GB-Mo,0.023,0.00994706,Amazon Simple Storage Service,,,,,us-east-1,AmazonS3,0.0,0.0,43.86,17,2026-02-05T00:04:46Z,frontend,prod,CC300,,,,,,,,,,,,,
40bb9676de164db7ae7af247ba6715f3,2026-02-06T06:00:00Z/2026-02-06T07:00:00Z,112233445566,2026-02-01T00:00:00Z,2026-03-01T00:00:00Z,AWS,334455667788,Usage,2026-02-06T06:00:00Z,2026-02-06T07:00:00Z,AmazonS3,USEA-TimedStorage-ByteHrs,StandardStorage,,arn:aws:s3:::app-static-assets,309.7016,,,3.19444e-05,0.01007336,3.19444e-05,0.01007336,GB-Mo,0.023,0.01007336,Amazon Simple Storage Service,,,,,us-east-1,AmazonS3,0.0,0.0,43.39,19,2026-02-04T05:05:15Z,frontend,prod,CC300,,,,,,,,,,,,,
acc79c3b19a14d21be437eab3a86f75d,2026-02-06T15:00:00Z/2026-02-06T16:00:00Z,112233445566,2026-02-01T00:00:00Z,2026-03-01T00:00:00Z,AWS,334455667788,Usage,2026-02-06T15:00:00Z,2026-02-06T16:00:00Z,AmazonS3,USEA-TimedStorage-ByteHrs,StandardStorage,,arn:aws:s3:::app-static-assets,310.1465,,,3.19444e-05,0.00998748,3.19444e-05,0.00998748,GB-Mo,0.023,0.00998748,Amazon Simple Storage Service,,,,,us-east-1,AmazonS3,0.0,0.0,53.06,6,2026-02-06T03:38:36Z,frontend,prod,CC300,,,,,,,,,,,,,
3974874198a0447d8776f89b4cf41938,2026-02-07T00:00:00Z/2026-02-07T01:00:00Z,112233445566,2026-02-01T00:00:00Z,2026-03-01T00:00:00Z,AWS,334455667788,Usage,2026-02-07T00:00:00Z,2026-02-07T01:00:00Z,AmazonS3,USEA-TimedStorage-ByteHrs,StandardStorage,,arn:aws:s3:::app-static-assets,309.9453,,,3.19444e-05,0.00971347,3.19444e-05,0.00971347,GB-Mo,0.023,0.00971347,Amazon Simple Storage Service,,,,,us-east-1,AmazonS3,0.0,0.0,59.67,6,2026-02-06T09:31:19Z,frontend,prod,CC300,,,,,,,,,,,,,
6f559fe4edce4cdcb70c6e2899dfa8f9,2026-02-07T09:00:00Z/2026-02-07T10:00:00Z,112233445566,2026-02-01T00:00:00Z,2026-03-01T00:00:00Z,AWS,334455667788,Usage,2026-02-07T09:00:00Z,2026-02-07T10:00:00Z,AmazonS3,USEA-TimedStorage-ByteHrs,StandardStorage,,arn:aws:s3:::app-static-assets,310.0901,,,3.19444e-05,0.00973136,3.19444e-05,0.00973136,GB-Mo,0.023,0.00973136,Amazon Simple Storage Service,,,,,us-east-1,AmazonS3,0.0,0.0,54.52,13,2026-02-06T17:16:09Z,frontend,prod,CC300,,,,,,,,,,,,,
3713c43455414c9aab2d9b6cebe4e4d6,2026-02-07T18:00:00Z/2026-02-07T19:00:00Z,112233445566,2026-02-01T00:00:00Z,2026-03-01T00:00:00Z,AWS,334455667788,Usage,2026-02-07T18:00:00Z,2026-02-07T19:00:00Z,AmazonS3,USEA-TimedStorage-ByteHrs,StandardStorage,,arn:aws:s3:::app-static-assets,309.8506,,,3.19444e-05,0.00987821,3.19444e-05,0.00987821,GB-Mo,0.023,0.00987821,Amazon Simple Storage Service,,,,,us-east-1,AmazonS3,0.0,0.0,40.45,0,2026-02-06T10:25:40Z,frontend,prod,CC300,,,,,,,,,,,,,
9a03dc8d6fea44cba8a7833dbf83baff,2026-02-08T03:00:00Z/2026-02-08T04:00:00Z,112233445566,2026-02-01T00:00:00Z,2026-03-01T00:00:00Z,AWS,334455667788,Usage,2026-02-08T03:00:00Z,2026-02-08T04:00:00Z,AmazonS3,USEA-TimedStorage-ByteHrs,StandardStorage,,arn:aws:s3:::app-static-assets,309.9724,,,3.19444e-05,0.01008759,3.19444e-05,0.01008759,GB-Mo,0.023,0.01008759,Amazon Simple Storage Service,,,,,us-east-1,AmazonS3,0.0,0.0,61.85,16,2026-02-06T04:06:50Z,frontend,prod,CC300,,,,,,,,,,,,,
9402ab5408814e00af972706e9a550f4,2026-02-08T12:00:00Z/2026-02-08T13:00:00Z,112233445566,2026-02-01T00:00:00Z,2026-03-01T00:00:00Z,AWS,334455667788,Usage,2026-02-08T12:00:00Z,2026-02-08T13:00:00Z,AmazonS3,USEA-TimedStorage-ByteHrs,StandardStorage,,arn:aws:s3:::app-static-assets,309.8561,,,3.19444e-05,0.00978189,3.19444e-05,0.00978189,GB-Mo,0.023,0.00978189,Amazon Simple Storage Service,,,,,us-east-1,AmazonS3,0.0,0.0,44.31,0,2026-02-07T19:30:36Z,frontend,prod,CC300,,,,,,,,,,,,,
0692c6d908bf4c5ea26a5b933e8e7817,2026-02-08T21:00:00Z/2026-02-08T22:00:00Z,112233445566,2026-02-01T00:00:00Z,2026-03-01T00:00:00Z,AWS,334455667788,Usage,2026-02-08T21:00:00Z,2026-02-08T22:00:00Z,AmazonS3,USEA-TimedStorage-ByteHrs,StandardStorage,,arn:aws:s3:::app-static-assets,310.2896,,,3.19444e-05,0.00975825,3.19444e-05,0.00975825,GB-Mo,0.023,0.00975825,Amazon Simple Storage Service,,,,,us-east-1,AmazonS3,0.0,0.0,58.98,15,2026-02-06T21:51:57Z,frontend,prod,CC300,,,,,,,,,,,,,
068e8f72dfab471687dcbfc2e9466afd,2026-02-09T06:00:00Z/2026-02-09T07:00:00Z,112233445566,2026-02-01T00:00:00Z,2026-03-01T00:00:00Z,AWS,334455667788,Usage,2026-02-09T06:00:00Z,2026-02-09T07:00:00Z,AmazonS3,USEA-TimedStorage-ByteHrs,StandardStorage,,arn:aws:s3:::app-static-assets,309.96,,,3.19444e-05,0.009747,3.19444e-05,0.009747,GB-Mo,0.023,0.009747,Amazon Simple Storage Service,,,,,us-east-1,AmazonS3,0.0,0.0,44.34,0,2026-02-08T08:47:22Z,frontend,prod,CC300,,,,,,,,,,,,,
6bff8e34ee1a44139706e7aba6957499,2026-02-09T15:00:00Z/2026-02-09T16:00:00Z,112233445566,2026-02-01T00:00:00Z,2026-03-01T00:00:00Z,AWS,334455667788,Usage,2026-02-09T15:00:00Z,2026-02-09T16:00:00Z,AmazonS3,USEA-TimedStorage-ByteHrs,StandardStorage,,arn:aws:s3:::app-static-assets,310.1628,,,3.19444e-05,0.01001455,3.19444e-05,0.01001455,GB-Mo,0.023,0.01001455,Amazon Simple Storage Service,,,,,us-east-1,AmazonS3,0.0,0.0,45.58,5,2026-02-08T19:28:42Z,frontend,prod,CC300,,,,,,,,,,,,,
f6bcc986730f479d999055c0821d202a,2026-02-10T00:00:00Z/2026-02-10T01:00:00Z,112233445566,2026-02-01T00:00:00Z,2026-03-01T00:00:00Z,AWS,334455667788,Usage,2026-02-10T00:00:00Z,2026-02-10T01:00:00Z,AmazonS3,USEA-TimedStorage-ByteHrs,StandardStorage,,arn:aws:s3:::app-static-assets,309.7969,,,3.19444e-05,0.00991583,3.19444e-05,0.00991583,GB-Mo,0.023,0.00991583,Amazon Simple Storage Service,,,,,us-east-1,AmazonS3,0.0,0.0,58.07,0,2026-02-09T11:10:04Z,frontend,prod,CC300,,,,,,,,,,,,,
0e4b3a858ee1412b892800d6d9cc4304,2026-02-10T09:00:00Z/2026-02-10T10:00:00Z,112233445566,2026-02-01T00:00:00Z,2026-03-01T00:00:00Z,AWS,334455667788,Usage,2026-02-10T09:00:00Z,2026-02-10T10:00:00Z,AmazonS3,USEA-TimedStorage-ByteHrs,StandardStorage,,arn:aws:s3:::app-static-assets,309.8989,,,3.19444e-05,0.01000963,3.19444e-05,0.01000963,GB-Mo,0.023,0.01000963,Amazon Simple Storage Service,,,,,us-east-1,AmazonS3,0.0,0.0,44.52,17,2026-02-08T21:26:17Z,frontend,prod,CC300,,,,,,,,,,,,,
e422c36038e9414c84075f5ee2255fdb,2026-02-10T18:00:00Z/2026-02-10T19:00:00Z,112233445566,2026-02-01T00:00:00Z,2026-03-01T00:00:00Z,AWS,334455667788,Usage,2026-02-10T18:00:00Z,2026-02-10T19:00:00Z,AmazonS3,USEA-TimedStorage-ByteHrs,StandardStorage,,arn:aws:s3:::app-static-assets,310.0511,,,3.19444e-05,0.00971226,3.19444e-05,0.00971226,GB-Mo,0.023,0.00971226,Amazon Simple Storage Service,,,,,us-east-1,AmazonS3,0.0,0.0,45.99,1,2026-02-10T10:12:08Z,frontend,prod,CC300,,,,,,,,,,,,,
81be0847ac8944e0ac5cf4d752fa7d79,2026-02-11T03:00:00Z/2026-02-11T04:00:00Z,112233445566,2026-02-01T00:00:00Z,2026-03-01T00:00:00Z,AWS,334455667788,Usage,2026-02-11T03:00:00Z,2026-02-11T04:00:00Z,AmazonS3,USEA-TimedStorage-ByteHrs,StandardStorage,,arn:aws:s3:::app-static-assets,309.7925,,,3.19444e-05,0.0100385,3.19444e-05,0.0100385,GB-Mo,0.023,0.0100385,Amazon Simple Storage Service,,,,,us-east-1,AmazonS3,0.0,0.0,53.23,19,2026-02-08T13:47:36Z,frontend,prod,CC300,,,,,,,,,,,,,
1edef2e86ccb4ccd8167c862a072d3e5,2026-02-11T12:00:00Z/2026-02-11T13:00:00Z,112233445566,2026-02-01T00:00:00Z,2026-03-01T00:00:00Z,AWS,334455667788,Usage,2026-02-11T12:00:00Z,2026-02-11T13:00:00Z,AmazonS3,USEA-TimedStorage-ByteHrs,StandardStorage,,arn:aws:s3:::app-static-assets,309.8095,,,3.19444e-05,0.00976825,3.19444e-05,0.00976825,GB-Mo,0.023,0.00976825,Amazon Simple Storage Service,,,,,us-east-1,AmazonS3,0.0,0.0,30.76,12,2026-02-10T09:38:41Z,frontend,prod,CC300,,,,,,,,,,,,,
e03f82f625764566a87df52db642b0cf,2026-02-11T21:00:00Z/2026-02-11T22:00:00Z,112233445566,2026-02-01T00:00:00Z,2026-03-01T00:00:00Z,AWS,334455667788,Usage,2026-02-11T21:00:00Z,2026-02-11T22:00:00Z,AmazonS3,USEA-TimedStorage-ByteHrs,StandardStorage,,arn:aws:s3:::app-static-assets,309.9469,,,3.19444e-05,0.00984888,3.19444e-05,0.00984888,GB-Mo,0.023,0.00984888,Amazon Simple Storage Service,,,,,us-east-1,AmazonS3,0.0,0.0,39.88,9,2026-02-09T16:57:36Z,frontend,prod,CC300,,,,,,,,,,,,,
c7c1b4480973473882de357dbb4af81b,2026-02-12T06:00:00Z/2026-02-12T07:00:00Z,112233445566,2026-02-01T00:00:00Z,2026-03-01T00:00:00Z,AWS,334455667788,Usage,2026-02-12T06:00:00Z,2026-02-12T07:00:00Z,AmazonS3,USEA-TimedStorage-ByteHrs,StandardStorage,,arn:aws:s3:::app-static-assets,310.118,,,3.19444e-05,0.00997305,3.19444e-05,0.00997305,GB-Mo,0.023,0.00997305,Amazon Simple Storage Service,,,,,us-east-1,AmazonS3,0.0,0.0,50.5,5,2026-02-10T16:36:54Z,frontend,prod,CC300,,,,,,,,,,,,,
802f7a8069b043eaae7fd771d40ac0c9,2026-02-12T15:00:00Z/2026-02-12T16:00:00Z,112233445566,2026-02-01T00:00:00Z,2026-03-01T00:00:00Z,AWS,334455667788,Usage,2026-02-12T15:00:00Z,2026-02-12T16:00:00Z,AmazonS3,USEA-TimedStorage-ByteHrs,StandardStorage,,arn:aws:s3:::app-static-assets,309.9751,,,3.19444e-05,0.01008827,3.19444e-05,0.01008827,GB-Mo,0.023,0.01008827,Amazon Simple Storage Service,,,,,us-east-1,AmazonS3,0.0,0.0,55.73,3,2026-02-10T21:46:51Z,frontend,prod,CC300,,,,,,,,,,,,,
1a6ab9aeb67f44f680103db94e382d44,2026-02-13T00:00:00Z/2026-02-13T01:00:00Z,112233445566,2026-02-01T00:00:00Z,2026-03-01T00:00:00Z,AWS,334455667788,Usage,2026-02-13T00:00:00Z,2026-02-13T01:00:00Z,AmazonS3,USEA-TimedStorage-ByteHrs,StandardStorage,,arn:aws:s3:::app-static-assets,310.1601,,,3.19444e-05,0.00978848,3.19444e-05,0.00978848,GB-Mo,0.023,0.00978848,Amazon Simple Storage Service,,,,,us-east-1,AmazonS3,0.0,0.0,48.57,13,2026-02-11T10:08:23Z,frontend,prod,CC300,,,,,,,,,,,,,
85f42d0a8cc44e0e902a835c3ba731ab,2026-02-13T09:00:00Z/2026-02-13T10:00:00Z,112233445566,2026-02-01T00:00:00Z,2026-03-01T00:00:00Z,AWS,334455667788,Usage,2026-02-13T09:00:00Z,2026-02-13T10:00:00Z,AmazonS3,USEA-TimedStorage-ByteHrs,StandardStorage,,arn:aws:s3:::app-static-assets,310.0301,,,3.19444e-05,0.00989568,3.19444e-05,0.00989568,GB-Mo,0.023,0.00989568,Amazon Simple Storage Service,,,,,us-east-1,AmazonS3,0.0,0.0,28.5,19,2026-02-13T04:29:40Z,frontend,prod,CC300,,,,,,,,,,,,,
4b5eba04f8d844f4984684ea535da198,2026-02-13T18:00:00Z/2026-02-13T19:00:00Z,112233445566,2026-02-01T00:00:00Z,2026-03-01T00:00:00Z,AWS,334455667788,Usage,2026-02-13T18:00:00Z,2026-02-13T19:00:00Z,AmazonS3,USEA-TimedStorage-ByteHrs,StandardStorage,,arn:aws:s3:::app-static-assets,310.0795,,,3.19444e-05,0.00984418,3.19444e-05,0.00984418,GB-Mo,0.023,0.00984418,Amazon Simple Storage Service,,,,,us-east-1,AmazonS3,0.0,0.0,40.56,3,2026-02-12T14:32:18Z,frontend,prod,CC300,,,,,,,,,,,,,
03e4a3a3132143b6ade35cfbdf64beee,2026-02-14T03:00:00Z/2026-02-14T04:00:00Z,112233445566,2026-02-01T00:00:00Z,2026-03-01T00:00:00Z,AWS,334455667788,Usage,2026-02-14T03:00:00Z,2026-02-14T04:00:00Z,AmazonS3,USEA-TimedStorage-ByteHrs,StandardStorage,,arn:aws:s3:::app-static-assets,310.0167,,,3.19444e-05,0.01000935,3.19444e-05,0.01000935,GB-Mo,0.023,0.01000935,Amazon Simple Storage Service,,,,,us-east-1,AmazonS3,0.0,0.0,36.88,17,2026-02-12T15:57:03Z,frontend,prod,CC300,,,,,,,,,,,,,
91c08290b70240c28b30f9333d7c62b1,2026-02-14T12:00:00Z/2026-02-14T13:00:00Z,112233445566,2026-02-01T00:00:00Z,2026-03-01T00:00:00Z,AWS,334455667788,Usage,2026-02-14T12:00:00Z,2026-02-14T13:00:00Z,AmazonS3,USEA-TimedStorage-ByteHrs,StandardStorage,,arn:aws:s3:::app-static-assets,310.2447,,,3.19444e-05,0.00991281,3.19444e-05,0.00991281,GB-Mo,0.023,0.00991281,Amazon Simple Storage Service,,,,,us-east-1,AmazonS3,0.0,0.0,34.06,14,2026-02-12T23:25:34Z,frontend,prod,CC300,,,,,,,,,,,,,
76b818809ef94d4db5a55ace279ada3d,2026-02-14T21:00:00Z/2026-02-14T22:00:00Z,112233445566,2026-02-01T00:00:00Z,2026-03-01T00:00:00Z,AWS,334455667788,Usage,2026-02-14T21:00:00Z,2026-02-14T22:00:00Z,AmazonS3,USEA-TimedStorage-ByteHrs,StandardStorage,,arn:aws:s3:::app-static-assets,310.0311,,,3.19444e-05,0.00982277,3.19444e-05,0.00982277,GB-Mo,0.023,0.00982277,Amazon Simple Storage Service,,,,,us-east-1,AmazonS3,0.0,0.0,48.64,3,2026-02-14T18:27:50Z,frontend,prod,CC300,,,,,,,,,,,,,
e4d847a782ea464f9063f120987001f3,2026-02-15T06:00:00Z/2026-02-15T07:00:00Z,112233445566,2026-02-01T00:00:00Z,2026-03-01T00:00:00Z,AWS,334455667788,Usage,2026-02-15T06:00:00Z,2026-02-15T07:00:00Z,AmazonS3,USEA-TimedStorage-ByteHrs,StandardStorage,,arn:aws:s3:::app-static-assets,310.2257,,,3.19444e-05,0.01003966,3.19444e-05,0.01003966,GB-Mo,0.023,0.01003966,Amazon Simple Storage Service,,,,,us-east-1,AmazonS3,0.0,0.0,46.86,8,2026-02-14T01:07:09Z,frontend,prod,CC300,,,,,,,,,,,,,
3bf62a8b0ce64e18bbe54d7ecc9db978,2026-02-15T15:00:00Z/2026-02-15T16:00:00Z,112233445566,2026-02-01T00:00:00Z,2026-03-01T00:00:00Z,AWS,334455667788,Usage,2026-02-15T15:00:00Z,2026-02-15T16:00:00Z,AmazonS3,USEA-TimedStorage-ByteHrs,StandardStorage,,arn:aws:s3:::app-static-assets,310.1425,,,3.19444e-05,0.00994198,3.19444e-05,0.00994198,GB-Mo,0.023,0.00994198,Amazon Simple Storage Service,,,,,us-east-1,AmazonS3,0.0,0.0,56.29,10,2026-02-14T12:32:42Z,frontend,prod,CC300,,,,,,,,,,,,,
73afbbab0dc54d04b31547adf8ceae13,2026-02-16T00:00:00Z/2026-02-16T01:00:00Z,112233445566,2026-02-01T00:00:00Z,2026-03-01T00:00:00Z,AWS,334455667788,Usage,2026-02-16T00:00:00Z,2026-02-16T01:00:00Z,AmazonS3,USEA-TimedStorage-ByteHrs,StandardStorage,,arn:aws:s3:::app-static-assets,309.9666,,,3.19444e-05,0.00991546,3.19444e-05,0.00991546,GB-Mo,0.023,0.00991546,Amazon Simple Storage Service,,,,,us-east-1,AmazonS3,0.0,0.0,45.88,18,2026-02-13T23:17:42Z,frontend,prod,CC300,,,,,,,,,,,,,
4863855d49134c3eaf1b3aec9b7566a6,2026-02-16T09:00:00Z/2026-02-16T10:00:00Z,112233445566,2026-02-01T00:00:00Z,2026-03-01T00:00:00Z,AWS,334455667788,Usage,2026-02-16T09:00:00Z,2026-02-16T10:00:00Z,AmazonS3,USEA-TimedStorage-ByteHrs,StandardStorage,,arn:aws:s3:::app-static-assets,309.7913,,,3.19444e-05,0.01004188,3.19444e-05,0.01004188,GB-Mo,0.023,0.01004188,Amazon Simple Storage Service,,,,,us-east-1,AmazonS3,0.0,0.0,34.45,20,2026-02-15T15:36:32Z,frontend,prod,CC300,,,,,,,,,,,,,
864dadf12beb4bc2af6711b961cc3610,2026-02-16T18:00:00Z/2026-02-16T19:00:00Z,112233445566,2026-02-01T00:00:00Z,2026-03-01T00:00:00Z,AWS,334455667788,Usage,2026-02-16T18:00:00Z,2026-02-16T19:00:00Z,AmazonS3,USEA-TimedStorage-ByteHrs,StandardStorage,,arn:aws:s3:::app-static-assets,310.2882,,,3.19444e-05,0.00972384,3.19444e-05,0.00972384,GB-Mo,0.023,0.00972384,Amazon Simple Storage Service,,,,,us-east-1,AmazonS3,0.0,0.0,34.01,5,2026-02-14T16:40:36Z,frontend,prod,CC300,,,,,,,,,,,,,
888a6d949dd5495abee9336f39b3f38d,2026-02-17T03:00:00Z/2026-02-17T04:00:00Z,112233445566,2026-02-01T00:00:00Z,2026-03-01T00:00:00Z,AWS,334455667788,Usage,2026-02-17T03:00:00Z,2026-02-17T04:00:00Z,AmazonS3,USEA-TimedStorage-ByteHrs,StandardStorage,,arn:aws:s3:::app-static-assets,309.7911,,,3.19444e-05,0.00996541,3.19444e-05,0.00996541,GB-Mo,0.023,0.00996541,Amazon Simple Storage Service,,,,,us-east-1,AmazonS3,0.0,0.0,45.48,8,2026-02-15T13:16:24Z,frontend,prod,CC300,,,,,,,,,,,,,
f9c21a4dffe64b679e1db25e310f77fd,2026-02-17T12:00:00Z/2026-02-17T13:00:00Z,112233445566,2026-02-01T00:00:00Z,2026-03-01T00:00:00Z,AWS,334455667788,Usage,2026-02-17T12:00:00Z,2026-02-17T13:00:00Z,AmazonS3,USEA-TimedStorage-ByteHrs,StandardStorage,,arn:aws:s3:::app-static-assets,309.7868,,,3.19444e-05,0.0099115,3.19444e-05,0.0099115,GB-Mo,0.023,0.0099115,Amazon Simple Storage Service,,,,,us-east-1,AmazonS3,0.0,0.0,53.78,11,2026-02-15T19:45:41Z,frontend,prod,CC300,,,,,,,,,,,,,
2db9191797d340838d7660501ed4580f,2026-02-17T21:00:00Z/2026-02-17T22:00:00Z,112233445566,2026-02-01T00:00:00Z,2026-03-01T00:00:00Z,AWS,334455667788,Usage,2026-02-17T21:00:00Z,2026-02-17T22:00:00Z,AmazonS3,USEA-TimedStorage-ByteHrs,StandardStorage,,arn:aws:s3:::app-static-assets,310.2771,,,3.19444e-05,0.00992879,3.19444e-05,0.00992879,GB-Mo,0.023,0.00992879,Amazon Simple Storage Service,,,,,us-east-1,AmazonS3,0.0,0.0,47.07,11,2026-02-16T00:06:39Z,frontend,prod,CC300,,,,,,,,,,,,,
b6732526a1384d9f84f88c43a85ec200,2026-02-18T06:00:00Z/2026-02-18T07:00:00Z,112233445566,2026-02-01T00:00:00Z,2026-03-01T00:00:00Z,AWS,334455667788,Usage,2026-02-18T06:00:00Z,2026-02-18T07:00:00Z,AmazonS3,USEA-TimedStorage-ByteHrs,StandardStorage,,arn:aws:s3:::app-static-assets,310.2558,,,3.19444e-05,0.00973903,3.19444e-05,0.00973903,GB-Mo,0.023,0.00973903,Amazon Simple Storage Service,,,,,us-east-1,AmazonS3,0.0,0.0,33.38,20,2026-02-17T02:16:02Z,frontend,prod,CC300,,,,,,,,,,,,,
a9a6705aa04046f7a4f64744d1b17334,2026-02-18T15:00:00Z/2026-02-18T16:00:00Z,112233445566,2026-02-01T00:00:00Z,2026-03-01T00:00:00Z,AWS,334455667788,Usage,2026-02-18T15:00:00Z,2026-02-18T16:00:00Z,AmazonS3,USEA-TimedStorage-ByteHrs,StandardStorage,,arn:aws:s3:::app-static-assets,309.7588,,,3.19444e-05,0.0098964,3.19444e-05,0.0098964,GB-Mo,0.023,0.0098964,Amazon Simple Storage Service,,,,,us-east-1,AmazonS3,0.0,0.0,55.94,4,2026-02-16T14:45:24Z,frontend,prod,CC300,,,,,,,,,,,,,
40b26fa63d3e4bb1b99fa01f4fcc6194,2026-02-19T00:00:00Z/2026-02-19T01:00:00Z,112233445566,2026-02-01T00:00:00Z,2026-03-01T00:00:00Z,AWS,334455667788,Usage,2026-02-19T00:00:00Z,2026-02-19T01:00:00Z,AmazonS3,USEA-TimedStorage-ByteHrs,StandardStorage,,arn:aws:s3:::app-static-assets,310.0792,,,3.19444e-05,0.01006228,3.19444e-05,0.01006228,GB-Mo,0.023,0.01006228,Amazon Simple Storage Service,,,,,us-east-1,AmazonS3,0.0,0.0,31.18,7,2026-02-18T04:58:21Z,frontend,prod,CC300,,,,,,,,,,,,,
4b1e89e060634184bf3a337b80c5ca23,2026-02-19T09:00:00Z/2026-02-19T10:00:00Z,112233445566,2026-02-01T00:00:00Z,2026-03-01T00:00:00Z,AWS,334455667788,Usage,2026-02-19T09:00:00Z,2026-02-19T10:00:00Z,AmazonS3,USEA-TimedStorage-ByteHrs,StandardStorage,,arn:aws:s3:::app-static-assets,309.71,,,3.19444e-05,0.010096,3.19444e-05,0.010096,GB-Mo,0.023,0.010096,Amazon Simple Storage Service,,,,,us-east-1,AmazonS3,0.0,0.0,55.43,6,2026-02-17T09:56:41Z,frontend,prod,CC300,,,,,,,,,,,,,
36d3c1df4e07463aa64a6cba318c6d7b,2026-02-19T18:00:00Z/2026-02-19T19:00:00Z,112233445566,2026-02-01T00:00:00Z,2026-03-01T00:00:00Z,AWS,334455667788,Usage,2026-02-19T18:00:00Z,2026-02-19T19:00:00Z,AmazonS3,USEA-TimedStorage-ByteHrs,StandardStorage,,arn:aws:s3:::app-static-assets,310.0365,,,3.19444e-05,0.00988208,3.19444e-05,0.00988208,GB-Mo,0.023,0.00988208,Amazon Simple Storage Service,,,,,us-east-1,AmazonS3,0.0,0.0,46.97,12,2026-02-18T11:28:33Z,frontend,prod,CC300,,,,,,,,,,,,,
77b11dbbe0834c04bd080771e6821641,2026-02-20T03:00:00Z/2026-02-20T04:00:00Z,112233445566,2026-02-01T00:00:00Z,2026-03-01T00:00:00Z,AWS,334455667788,Usage,2026-02-20T03:00:00Z,2026-02-20T04:00:00Z,AmazonS3,USEA-TimedStorage-ByteHrs,StandardStorage,,arn:aws:s3:::app-static-assets,309.9051,,,3.19444e-05,0.00975687,3.19444e-05,0.00975687,GB-Mo,0.023,0.00975687,Amazon Simple Storage Service,,,,,us-east-1,AmazonS3,0.0,0.0,51.19,13,2026-02-18T20:07:20Z,frontend,prod,CC300,,,,,,,,,,,,,
c72967636d7845079a5fb05a5e70db04,2026-02-20T12:00:00Z/2026-02-20T13:00:00Z,112233445566,2026-02-01T00:00:00Z,2026-03-01T00:00:00Z,AWS,334455667788,Usage,2026-02-20T12:00:00Z,2026-02-20T13:00:00Z,AmazonS3,USEA-TimedStorage-ByteHrs,StandardStorage,,arn:aws:s3:::app-static-assets,309.8416,,,3.19444e-05,0.01006212,3.19444e-05,0.01006212,GB-Mo,0.023,0.01006212,Amazon Simple Storage Service,,,,,us-east-1,AmazonS3,0.0,0.0,33.61,18,2026-02-18T11:51:20Z,frontend,prod,CC300,,,,,,,,,,,,,
c5005751fdb146daa9fe84593997324a,2026-02-20T21:00:00Z/2026-02-20T22:00:00Z,112233445566,2026-02-01T00:00:00Z,2026-03-01T00:00:00Z,AWS,334455667788,Usage,2026-02-20T21:00:00Z,2026-02-20T22:00:00Z,AmazonS3,USEA-TimedStorage-ByteHrs,StandardStorage,,arn:aws:s3:::app-static-assets,309.8008,,,3.19444e-05,0.00979124,3.19444e-05,0.00979124,GB-Mo,0.023,0.00979124,Amazon Simple Storage Service,,,,,us-east-1,AmazonS3,0.0,0.0,43.6,10,2026-02-19T15:05:07Z,frontend,prod,CC300,,,,,,,,,,,,,
81c383a674564c47a52189208847f44f,2026-02-21T06:00:00Z/2026-02-21T07:00:00Z,112233445566,2026-02-01T00:00:00Z,2026-03-01T00:00:00Z,AWS,334455667788,Usage,2026-02-21T06:00:00Z,2026-02-21T07:00:00Z,AmazonS3,USEA-TimedStorage-ByteHrs,StandardStorage,,arn:aws:s3:::app-static-assets,309.8916,,,3.19444e-05,0.00995608,3.19444e-05,0.00995608,GB-Mo,0.023,0.00995608,Amazon Simple Storage Service,,,,,us-east-1,AmazonS3,0.0,0.0,28.17,14,2026-02-19T18:59:38Z,frontend,prod,CC300,,,,,,,,,,,,,
f3bae65986ff48a59d687462dfd9bc73,2026-02-21T15:00:00Z/2026-02-21T16:00:00Z,112233445566,2026-02-01T00:00:00Z,2026-03-01T00:00:00Z,AWS,334455667788,Usage,2026-02-21T15:00:00Z,2026-02-21T16:00:00Z,AmazonS3,USEA-TimedStorage-ByteHrs,StandardStorage,,arn:aws:s3:::app-static-assets,309.8095,,,3.19444e-05,0.01002534,3.19444e-05,0.01002534,GB-Mo,0.023,0.01002534,Amazon Simple Storage Service,,,,,us-east-1,AmazonS3,0.0,0.0,46.05,20,2026-02-19T08:46:08Z,frontend,prod,CC300,,,,,,,,,,,,,
bc66bf356e7a4648b1b2ada978ae8a02,2026-02-22T00:00:00Z/2026-02-22T01:00:00Z,112233445566,2026-02-01T00:00:00Z,2026-03-01T00:00:00Z,AWS,334455667788,Usage,2026-02-22T00:00:00Z,2026-02-22T01:00:00Z,AmazonS3,USEA-TimedStorage-ByteHrs,StandardStorage,,arn:aws:s3:::app-static-assets,309.9692,,,3.19444e-05,0.01008019,3.19444e-05,0.01008019,GB-Mo,0.023,0.01008019,Amazon Simple Storage Service,,,,,us-east-1,AmazonS3,0.0,0.0,42.1,9,2026-02-19T23:10:28Z,frontend,prod,CC300,,,,,,,,,,,,,
c935731038a943b9aaeb7a0986c2fff0,2026-02-22T09:00:00Z/2026-02-22T10:00:00Z,112233445566,2026-02-01T00:00:00Z,2026-03-01T00:00:00Z,AWS,334455667788,Usage,2026-02-22T09:00:00Z,2026-02-22T10:00:00Z,AmazonS3,USEA-TimedStorage-ByteHrs,StandardStorage,,arn:aws:s3:::app-static-assets,309.9314,,,3.19444e-05,0.00994402,3.19444e-05,0.00994402,GB-Mo,0.023,0.00994402,Amazon Simple Storage Service,,,,,us-east-1,AmazonS3,0.0,0.0,38.6,0,2026-02-20T02:02:06Z,frontend,prod,CC300,,,,,,,,,,,,,
dbfa93f4d2ff4c34b71fde1fbddf7057,2026-02-22T18:00:00Z/2026-02-22T19:00:00Z,112233445566,2026-02-01T00:00:00Z,2026-03-01T00:00:00Z,AWS,334455667788,Usage,2026-02-22T18:00:00Z,2026-02-22T19:00:00Z,AmazonS3,USEA-TimedStorage-ByteHrs,StandardStorage,,arn:aws:s3:::app-static-assets,309.9854,,,3.19444e-05,0.01002985,3.19444e-05,0.01002985,GB-Mo,0.023,0.01002985,Amazon Simple Storage Service,,,,,us-east-1,AmazonS3,0.0,0.0,43.26,17,2026-02-20T15:45:58Z,frontend,prod,CC300,,,,,,,,,,,,,
91a228cab2464738885d29dc4712bb91,2026-02-23T03:00:00Z/2026-02-23T04:00:00Z,112233445566,2026-02-01T00:00:00Z,2026-03-01T00:00:00Z,AWS,334455667788,Usage,2026-02-23T03:00:00Z,2026-02-23T04:00:00Z,AmazonS3,USEA-TimedStorage-ByteHrs,StandardStorage,,arn:aws:s3:::app-static-assets,310.1529,,,3.19444e-05,0.01003478,3.19444e-05,0.01003478,GB-Mo,0.023,0.01003478,Amazon Simple Storage Service,,,,,us-east-1,AmazonS3,0.0,0.0,42.97,2,2026-02-22T10:25:36Z,frontend,prod,CC300,,,,,,,,,,,,,
9640c809c60546c2b64c6fc8bf3d4920,2026-02-23T12:00:00Z/2026-02-23T13:00:00Z,112233445566,2026-02-01T00:00:00Z,2026-03-01T00:00:00Z,AWS,334455667788,Usage,2026-02-23T12:00:00Z,2026-02-23T13:00:00Z,AmazonS3,USEA-TimedStorage-ByteHrs,StandardStorage,,arn:aws:s3:::app-static-assets,310.0466,,,3.19444e-05,0.00975914,3.19444e-05,0.00975914,GB-Mo,0.023,0.00975914,Amazon Simple Storage Service,,,,,us-east-1,AmazonS3,0.0,0.0,53.2,3,2026-02-21T13:33:51Z,frontend,prod,CC300,,,,,,,,,,,,,
8d8f797b214e45acb34c84b4aaf90c50,2026-02-23T21:00:00Z/2026-02-23T22:00:00Z,112233445566,2026-02-01T00:00:00Z,2026-03-01T00:00:00Z,AWS,334455667788,Usage,2026-02-23T21:00:00Z,2026-02-23T22:00:00Z,AmazonS3,USEA-TimedStorage-ByteHrs,StandardStorage,,arn:aws:s3:::app-static-assets,310.0184,,,3.19444e-05,0.01003581,3.19444e-05,0.01003581,GB-Mo,0.023,0.01003581,Amazon Simple Storage Service,,,,,us-east-1,AmazonS3,0.0,0.0,56.69,7,2026-02-22T01:36:19Z,frontend,prod,CC300,,,,,,,,,,,,,
4b0f14d8e8fe46b89eb9d06985029042,2026-02-24T06:00:00Z/2026-02-24T07:00:00Z,112233445566,2026-02-01T00:00:00Z,2026-03-01T00:00:00Z,AWS,334455667788,Usage,2026-02-24T06:00:00Z,2026-02-24T07:00:00Z,AmazonS3,USEA-TimedStorage-ByteHrs,StandardStorage,,arn:aws:s3:::app-static-assets,310.1794,,,3.19444e-05,0.00985225,3.19444e-05,0.00985225,GB-Mo,0.023,0.00985225,Amazon Simple Storage Service,,,,,us-east-1,AmazonS3,0.0,0.0,61.92,6,2026-02-22T11:41:51Z,frontend,prod,CC300,,,,,,,,,,,,,
44b1b1b98770444c894d09feedf13030,2026-02-24T15:00:00Z/2026-02-24T16:00:00Z,112233445566,2026-02-01T00:00:00Z,2026-03-01T00:00:00Z,AWS,334455667788,Usage,2026-02-24T15:00:00Z,2026-02-24T16:00:00Z,AmazonS3,USEA-TimedStorage-ByteHrs,StandardStorage,,arn:aws:s3:::app-static-assets,310.2182,,,3.19444e-05,0.01004399,3.19444e-05,0.01004399,GB-Mo,0.023,0.01004399,Amazon Simple Storage Service,,,,,us-east-1,AmazonS3,0.0,0.0,33.73,15,2026-02-23T21:11:41Z,frontend,prod,CC300,,,,,,,,,,,,,
262157b40dce4eba83994f5004cf4a3f,2026-02-25T00:00:00Z/2026-02-25T01:00:00Z,112233445566,2026-02-01T00:00:00Z,2026-03-01T00:00:00Z,AWS,334455667788,Usage,2026-02-25T00:00:00Z,2026-02-25T01:00:00Z,AmazonS3,USEA-TimedStorage-ByteHrs,StandardStorage,,arn:aws:s3:::app-static-assets,310.2096,,,3.19444e-05,0.00989199,3.19444e-05,0.00989199,GB-Mo,0.023,0.00989199,Amazon Simple Storage Service,,,,,us-east-1,AmazonS3,0.0,0.0,43.11,5,2026-02-23T06:54:45Z,frontend,prod,CC300,,,,,,,,,,,,,
73c9985f3f964f12ae2324ed65556d22,2026-02-25T09:00:00Z/2026-02-25T10:00:00Z,112233445566,2026-02-01T00:00:00Z,2026-03-01T00:00:00Z,AWS,334455667788,Usage,2026-02-25T09:00:00Z,2026-02-25T10:00:00Z,AmazonS3,USEA-TimedStorage-ByteHrs,StandardStorage,,arn:aws:s3:::app-static-assets,309.827,,,3.19444e-05,0.00979274,3.19444e-05,0.00979274,GB-Mo,0.023,0.00979274,Amazon Simple Storage Service,,,,,us-east-1,AmazonS3,0.0,0.0,53.18,3,2026-02-23T17:05:34Z,frontend,prod,CC300,,,,,,,,,,,,,
5f5a80f0ece84ff098492c44b62f7edc,2026-02-25T18:00:00Z/2026-02-25T19:00:00Z,112233445566,2026-02-01T00:00:00Z,2026-03-01T00:00:00Z,AWS,334455667788,Usage,2026-02-25T18:00:00Z,2026-02-25T19:00:00Z,AmazonS3,USEA-TimedStorage-ByteHrs,StandardStorage,,arn:aws:s3:::app-static-assets,309.8974,,,3.19444e-05,0.01000907,3.19444e-05,0.01000907,GB-Mo,0.023,0.01000907,Amazon Simple Storage Service,,,,,us-east-1,AmazonS3,0.0,0.0,29.56,8,2026-02-25T06:16:47Z,frontend,prod,CC300,,,,,,,,,,,,,
2f65eb921b914774a02f6108e3eae3ce,2026-02-26T03:00:00Z/2026-02-26T04:00:00Z,112233445566,2026-02-01T00:00:00Z,2026-03-01T00:00:00Z,AWS,334455667788,Usage,2026-02-26T03:00:00Z,2026-02-26T04:00:00Z,AmazonS3,USEA-TimedStorage-ByteHrs,StandardStorage,,arn:aws:s3:::app-static-assets,309.9956,,,3.19444e-05,0.01000488,3.19444e-05,0.01000488,GB-Mo,0.023,0.01000488,Amazon Simple Storage Service,,,,,us-east-1,AmazonS3,0.0,0.0,56.19,5,2026-02-24T09:27:25Z,frontend,prod,CC300,,,,,,,,,,,,,
aafa4d247f7e463c8d1cac2832ee05ca,2026-02-26T12:00:00Z/2026-02-26T13:00:00Z,112233445566,2026-02-01T00:00:00Z,2026-03-01T00:00:00Z,AWS,334455667788,Usage,2026-02-26T12:00:00Z,2026-02-26T13:00:00Z,AmazonS3,USEA-TimedStorage-ByteHrs,StandardStorage,,arn:aws:s3:::app-static-assets,309.996,,,3.19444e-05,0.00994435,3.19444e-05,0.00994435,GB-Mo,0.023,0.00994435,Amazon Simple Storage Service,,,,,us-east-1,AmazonS3,0.0,0.0,28.0,12,2026-02-24T01:41:43Z,frontend,prod,CC300,,,,,,,,,,,,,
56bed5a5c9f54e39b39074dd1076acc0,2026-02-26T21:00:00Z/2026-02-26T22:00:00Z,112233445566,2026-02-01T00:00:00Z,2026-03-01T00:00:00Z,AWS,334455667788,Usage,2026-02-26T21:00:00Z,2026-02-26T22:00:00Z,AmazonS3,USEA-TimedStorage-ByteHrs,StandardStorage,,arn:aws:s3:::app-static-assets,310.0604,,,3.19444e-05,0.00982906,3.19444e-05,0.00982906,GB-Mo,0.023,0.00982906,Amazon Simple Storage Service,,,,,us-east-1,AmazonS3,0.0,0.0,54.88,20,2026-02-25T13:45:59Z,frontend,prod,CC300,,,,,,,,,,,,,
f91304d87c354f3cb3d8cc1da023f29d,2026-02-27T06:00:00Z/2026-02-27T07:00:00Z,112233445566,2026-02-01T00:00:00Z,2026-03-01T00:00:00Z,AWS,334455667788,Usage,2026-02-27T06:00:00Z,2026-02-27T07:00:00Z,AmazonS3,USEA-TimedStorage-ByteHrs,StandardStorage,,arn:aws:s3:::app-static-assets,310.0525,,,3.19444e-05,0.01008393,3.19444e-05,0.01008393,GB-Mo,0.023,0.01008393,Amazon Simple Storage Service,,,,,us-east-1,AmazonS3,0.0,0.0,34.76,2,2026-02-26T15:08:42Z,frontend,prod,CC300,,,,,,,,,,,,,
a97a282c603d414885370b2bae17f3ba,2026-02-27T15:00:00Z/2026-02-27T16:00:00Z,112233445566,2026-02-01T00:00:00Z,2026-03-01T00:00:00Z,AWS,334455667788,Usage,2026-02-27T15:00:00Z,2026-02-27T16:00:00Z,AmazonS3,USEA-TimedStorage-ByteHrs,StandardStorage,,arn:aws:s3:::app-static-assets,309.8787,,,3.19444e-05,0.01000246,3.19444e-05,0.01000246,GB-Mo,0.023,0.01000246,Amazon Simple Storage Service,,,,,us-east-1,AmazonS3,0.0,0.0,46.1,2,2026-02-25T19:55:06Z,frontend,prod,CC300,,,,,,,,,,,,,
e3a5be6823624cf0b7953573a922910f,2026-02-01T00:00:00Z/2026-02-01T01:00:00Z,112233445566,2026-02-01T00:00:00Z,2026-03-01T00:00:00Z,AWS,223344556677,Usage,2026-02-01T00:00:00Z,2026-02-01T01:00:00Z,AmazonS3,USWE-TimedStorage-ByteHrs,StandardStorage,,arn:aws:s3:::ml-model-artifacts,779.7389,,,3.19444e-05,0.02451741,3.19444e-05,0.02451741,GB-Mo,0.023,0.02451741,Amazon Simple Storage Service,,,,,us-west-2,AmazonS3,0.0,0.0,35.32,19,2026-01-29T19:59:25Z,ml,prod,CC500,,,,,,,,,,,,,
122b74195e4941bb8e1bc7659bc4567d,2026-02-01T09:00:00Z/2026-02-01T10:00:00Z,112233445566,2026-02-01T00:00:00Z,2026-03-01T00:00:00Z,AWS,223344556677,Usage,2026-02-01T09:00:00Z,2026-02-01T10:00:00Z,AmazonS3,USWE-TimedStorage-ByteHrs,StandardStorage,,arn:aws:s3:::ml-model-artifacts,779.4933,,,3.19444e-05,0.02482682,3.19444e-05,0.02482682,GB-Mo,0.023,0.02482682,Amazon Simple Storage Service,,,,,us-west-2,AmazonS3,0.0,0.0,31.04,19,2026-01-31T11:55:13Z,ml,prod,CC500,,,,,,,,,,,,,
6fae5718803f4147b170bb5b24a9e4a5,2026-02-01T18:00:00Z/2026-02-01T19:00:00Z,112233445566,2026-02-01T00:00:00Z,2026-03-01T00:00:00Z,AWS,223344556677,Usage,2026-02-01T18:00:00Z,2026-02-01T19:00:00Z,AmazonS3,USWE-TimedStorage-ByteHrs,StandardStorage,,arn:aws:s3:::ml-model-artifacts,780.212,,,3.19444e-05,0.02540761,3.19444e-05,0.02540761,GB-Mo,0.023,0.02540761,Amazon Simple Storage Service,,,,,us-west-2,AmazonS3,0.0,0.0,61.99,5,2026-02-01T01:34:59Z,ml,prod,CC500,,,,,,,,,,,,,
96a2a6abeb104c7ba17eda6e67797339,2026-02-02T03:00:00Z/2026-02-02T04:00:00Z,112233445566,2026-02-01T00:00:00Z,2026-03-01T00:00:00Z,AWS,223344556677,Usage,2026-02-02T03:00:00Z,2026-02-02T04:00:00Z,AmazonS3,USWE-TimedStorage-ByteHrs,StandardStorage,,arn:aws:s3:::ml-model-artifacts,780.5219,,,3.19444e-05,0.02508975,3.19444e-05,0.02508975,GB-Mo,0.023,0.02508975,Amazon Simple Storage Service,,,,,us-west-2,AmazonS3,0.0,0.0,37.64,4,2026-01-30T19:02:40Z,ml,prod,CC500,,,,,,,,,,,,,
b68976ec9a3d49068e0e31fc3a285c87,2026-02-02T12:00:00Z/2026-02-02T13:00:00Z,112233445566,2026-02-01T00:00:00Z,2026-03-01T00:00:00Z,AWS,223344556677,Usage,2026-02-02T12:00:00Z,2026-02-02T13:00:00Z,AmazonS3,USWE-TimedStorage-ByteHrs,StandardStorage,,arn:aws:s3:::ml-model-artifacts,780.5556,,,3.19444e-05,0.02481277,3.19444e-05,0.02481277,GB-Mo,0.023,0.02481277,Amazon Simple Storage Service,,,,,us-west-2,AmazonS3,0.0,0.0,61.54,0,2026-02-02T01:10:20Z,ml,prod,CC500,,,,,,,,,,,,,
2a76970df447456492f1c5ed552f9776,2026-02-02T21:00:00Z/2026-02-02T22:00:00Z,112233445566,2026-02-01T00:00:00Z,2026-03-01T00:00:00Z,AWS,223344556677,Usage,2026-02-02T21:00:00Z,2026-02-02T22:00:00Z,AmazonS3,USWE-TimedStorage-ByteHrs,StandardStorage,,arn:aws:s3:::ml-model-artifacts,779.4066,,,3.19444e-05,0.02475096,3.19444e-05,0.02475096,GB-Mo,0.023,0.02475096,Amazon Simple Storage Service,,,,,us-west-2,AmazonS3,0.0,0.0,28.95,7,2026-02-01T04:36:27Z,ml,prod,CC500,,,,,,,,,,,,,
172990a771ea4618a1285a6580891aa6,2026-02-03T06:00:00Z/2026-02-03T07:00:00Z,112233445566,2026-02-01T00:00:00Z,2026-03-01T00:00:00Z,AWS,223344556677,Usage,2026-02-03T06:00:00Z,2026-02-03T07:00:00Z,AmazonS3,USWE-TimedStorage-ByteHrs,StandardStorage,,arn:aws:s3:::ml-model-artifacts,780.6423,,,3.19444e-05,0.02537052,3.19444e-05,0.02537052,GB-Mo,0.023,0.02537052,Amazon Simple Storage Service,,,,,us-west-2,AmazonS3,0.0,0.0,39.04,0,2026-02-01T22:59:30Z,ml,prod,CC500,,,,,,,,,,,,,
63d58df3aeee4d40a72c017c4d999621,2026-02-03T15:00:00Z/2026-02-03T16:00:00Z,112233445566,2026-02-01T00:00:00Z,2026-03-01T00:00:00Z,AWS,223344556677,Usage,2026-02-03T15:00:00Z,2026-02-03T16:00:00Z,AmazonS3,USWE-TimedStorage-ByteHrs,StandardStorage,,arn:aws:s3:::ml-model-artifacts,780.6615,,,3.19444e-05,0.02515405,3.19444e-05,0.02515405,GB-Mo,0.023,0.02515405,Amazon Simple Storage Service,,,,,us-west-2,AmazonS3,0.0,0.0,52.08,3,2026-02-01T20:07:38Z,ml,prod,CC500,,,,,,,,,,,,,
dba5dcada4314e54983e48fe58e99f67,2026-02-04T00:00:00Z/2026-02-04T01:00:00Z,112233445566,2026-02-01T00:00:00Z,2026-03-01T00:00:00Z,AWS,223344556677,Usage,2026-02-04T00:00:00Z,2026-02-04T01:00:00Z,AmazonS3,USWE-TimedStorage-ByteHrs,StandardStorage,,arn:aws:s3:::ml-model-artifacts,780.0145,,,3.19444e-05,0.0247273,3.19444e-05,0.0247273,GB-Mo,0.023,0.0247273,Amazon Simple Storage Service,,,,,us-west-2,AmazonS3,0.0,0.0,60.9,10,2026-02-02T23:29:33Z,ml,prod,CC500,,,,,,,,,,,,,
65b1a425a6b045d788c12646a9a9672a,2026-02-04T09:00:00Z/2026-02-04T10:00:00Z,112233445566,2026-02-01T00:00:00Z,2026-03-01T00:00:00Z,AWS,223344556677,Usage,2026-02-04T09:00:00Z,2026-02-04T10:00:00Z,AmazonS3,USWE-TimedStorage-ByteHrs,StandardStorage,,arn:aws:s3:::ml-model-artifacts,779.4379,,,3.19444e-05,0.02530281,3.19444e-05,0.02530281,GB-Mo,0.023,0.02530281,Amazon Simple Storage Service,,,,,us-west-2,AmazonS3,0.0,0.0,42.66,1,2026-02-02T17:37:55Z,ml,prod,CC500,,,,,,,,,,,,,
025a7ec04eaa41a7a62d8214ae61fac8,2026-02-04T18:00:00Z/2026-02-04T19:00:00Z,112233445566,2026-02-01T00:00:00Z,2026-03-01T00:00:00Z,AWS,223344556677,Usage,2026-02-04T18:00:00Z,2026-02-04T19:00:00Z,AmazonS3,USWE-TimedStorage-ByteHrs,StandardStorage,,arn:aws:s3:::ml-model-artifacts,780.7709,,,3.19444e-05,0.02490697,3.19444e-05,0.02490697,GB-Mo,0.023,0.02490697,Amazon Simple Storage Service,,,,,us-west-2,AmazonS3,0.0,0.0,32.29,1,2026-02-02T05:41:25Z,ml,prod,CC500,,,,,,,,,,,,,
fc8973c02e92443faa2c05a41145410f,2026-02-05T03:00:00Z/2026-02-05T04:00:00Z,112233445566,2026-02-01T00:00:00Z,2026-03-01T00:00:00Z,AWS,223344556677,Usage,2026-02-05T03:00:00Z,2026-02-05T04:00:00Z,AmazonS3,USWE-TimedStorage-ByteHrs,StandardStorage,,arn:aws:s3:::ml-model-artifacts,779.2757,,,3.19444e-05,0.02518596,3.19444e-05,0.02518596,GB-Mo,0.023,0.02518596,Amazon Simple Storage Service,,,,,us-west-2,AmazonS3,0.0,0.0,38.1,0,2026-02-04T18:56:17Z,ml,prod,CC500,,,,,,,,,,,,,
06584e9e1ef443759610af4e138ba2c3,2026-02-05T12:00:00Z/2026-02-05T13:00:00Z,112233445566,2026-02-01T00:00:00Z,2026-03-01T00:00:00Z,AWS,223344556677,Usage,2026-02-05T12:00:00Z,2026-02-05T13:00:00Z,AmazonS3,USWE-TimedStorage-ByteHrs,StandardStorage,,arn:aws:s3:::ml-model-artifacts,780.4271,,,3.19444e-05,0.02523417,3.19444e-05,0.02523417,GB-Mo,0.023,0.02523417,Amazon Simple Storage Service,,,,,us-west-2,AmazonS3,0.0,0.0,41.88,17,2026-02-03T18:20:06Z,ml,prod,CC500,,,,,,,,,,,,,
f0b59cfe2e804880b66087f89a6dc5f3,2026-02-05T21:00:00Z/2026-02-05T22:00:00Z,112233445566,2026-02-01T00:00:00Z,2026-03-01T00:00:00Z,AWS,223344556677,Usage,2026-02-05T21:00:00Z,2026-02-05T22:00:00Z,AmazonS3,USWE-TimedStorage-ByteHrs,StandardStorage,,arn:aws:s3:::ml-model-artifacts,779.6477,,,3.19444e-05,0.02502394,3.19444e-05,0.02502394,GB-Mo,0.023,0.02502394,Amazon Simple Storage Service,,,,,us-west-2,AmazonS3,0.0,0.0,52.8,20,2026-02-04T14:20:29Z,ml,prod,CC500,,,,,,,,,,,,,
8a7eabc568a44013980fec1328f06a7e,2026-02-06T06:00:00Z/2026-02-06T07:00:00Z,112233445566,2026-02-01T00:00:00Z,2026-03-01T00:00:00Z,AWS,223344556677,Usage,2026-02-06T06:00:00Z,2026-02-06T07:00:00Z,AmazonS3,USWE-TimedStorage-ByteHrs,StandardStorage,,arn:aws:s3:::ml-model-artifacts,779.8875,,,3.19444e-05,0.02473292,3.19444e-05,0.02473292,GB-Mo,0.023,0.02473292,Amazon Simple Storage Service,,,,,us-west-2,AmazonS3,0.0,0.0,47.81,0,2026-02-05T19:52:27Z,ml,prod,CC500,,,,,,,,,,,,,
f997a04562374d978612a6298ad208a9,2026-02-06T15:00:00Z/2026-02-06T16:00:00Z,112233445566,2026-02-01T00:00:00Z,2026-03-01T00:00:00Z,AWS,223344556677,Usage,2026-02-06T15:00:00Z,2026-02-06T16:00:00Z,AmazonS3,USWE-TimedStorage-ByteHrs,StandardStorage,,arn:aws:s3:::ml-model-artifacts,779.8833,,,3.19444e-05,0.02459276,3.19444e-05,0.02459276,GB-Mo,0.023,0.02459276,Amazon Simple Storage Service,,,,,us-west-2,AmazonS3,0.0,0.0,33.26,10,2026-02-05T15:07:06Z,ml,prod,CC500,,,,,,,,,,,,,
1d85861797fd438abfab5c56da633dc2,2026-02-07T00:00:00Z/2026-02-07T01:00:00Z,112233445566,2026-02-01T00:00:00Z,2026-03-01T00:00:00Z,AWS,223344556677,Usage,2026-02-07T00:00:00Z,2026-02-07T01:00:00Z,AmazonS3,USWE-TimedStorage-ByteHrs,StandardStorage,,arn:aws:s3:::ml-model-artifacts,779.8699,,,3.19444e-05,0.02486401,3.19444e-05,0.02486401,GB-Mo,0.023,0.02486401,Amazon Simple Storage Service,,,,,us-west-2,AmazonS3,0.0,0.0,60.55,17,2026-02-05T12:28:41Z,ml,prod,CC500,,,,,,,,,,,,,
54c0d033103549848e73b51f84539973,2026-02-07T09:00:00Z/2026-02-07T10:00:00Z,112233445566,2026-02-01T00:00:00Z,2026-03-01T00:00:00Z,AWS,223344556677,Usage,2026-02-07T09:00:00Z,2026-02-07T10:00:00Z,AmazonS3,USWE-TimedStorage-ByteHrs,StandardStorage,,arn:aws:s3:::ml-model-artifacts,780.5255,,,3.19444e-05,0.0253739,3.19444e-05,0.0253739,GB-Mo,0.023,0.0253739,Amazon Simple Storage Service,,,,,us-west-2,AmazonS3,0.0,0.0,40.77,22,2026-02-05T21:02:51Z,ml,prod,CC500,,,,,,,,,,,,,
4362ecf9cdb1411ba4f6ea87fa80be5a,2026-02-07T18:00:00Z/2026-02-07T19:00:00Z,112233445566,2026-02-01T00:00:00Z,2026-03-01T00:00:00Z,AWS,223344556677,Usage,2026-02-07T18:00:00Z,2026-02-07T19:00:00Z,AmazonS3,USWE-TimedStorage-ByteHrs,StandardStorage,,arn:aws:s3:::ml-model-artifacts,780.4777,,,3.19444e-05,0.02474418,3.19444e-05,0.02474418,GB-Mo,0.023,0.02474418,Amazon Simple Storage Service,,,,,us-west-2,AmazonS3,0.0,0.0,36.65,21,2026-02-05T13:43:54Z,ml,prod,CC500,,,,,,,,,,,,,
dc8cc08fa62d4e0fbab0135c1c333b81,2026-02-08T03:00:00Z/2026-02-08T04:00:00Z,112233445566,2026-02-01T00:00:00Z,2026-03-01T00:00:00Z,AWS,223344556677,Usage,2026-02-08T03:00:00Z,2026-02-08T04:00:00Z,AmazonS3,USWE-TimedStorage-ByteHrs,StandardStorage,,arn:aws:s3:::ml-model-artifacts,779.7724,,,3.19444e-05,0.02469491,3.19444e-05,0.02469491,GB-Mo,0.023,0.02469491,Amazon Simple Storage Service,,,,,us-west-2,AmazonS3,0.0,0.0,52.16,17,2026-02-07T05:45:42Z,ml,prod,CC500,,,,,,,,,,,,,
7f1b174e81f14de0b49d29dbb1e0c228,2026-02-08T12:00:00Z/2026-02-08T13:00:00Z,112233445566,2026-02-01T00:00:00Z,2026-03-01T00:00:00Z,AWS,223344556677,Usage,2026-02-08T12:00:00Z,2026-02-08T13:00:00Z,AmazonS3,USWE-TimedStorage-ByteHrs,StandardStorage,,arn:aws:s3:::ml-model-artifacts,780.6877,,,3.19444e-05,0.02528987,3.19444e-05,0.02528987,GB-Mo,0.023,0.02528987,Amazon Simple Storage Service,,,,,us-west-2,AmazonS3,0.0,0.0,58.38,2,2026-02-06T17:08:09Z,ml,prod,CC500,,,,,,,,,,,,,
c8b478565d5f4a1e90b1200b534d7b77,2026-02-08T21:00:00Z/2026-02-08T22:00:00Z,112233445566,2026-02-01T00:00:00Z,2026-03-01T00:00:00Z,AWS,223344556677,Usage,2026-02-08T21:00:00Z,2026-02-08T22:00:00Z,AmazonS3,USWE-TimedStorage-ByteHrs,StandardStorage,,arn:aws:s3:::ml-model-artifacts,780.5485,,,3.19444e-05,0.02520746,3.19444e-05,0.02520746,GB-Mo,0.023,0.02520746,Amazon Simple Storage Service,,,,,us-west-2,AmazonS3,0.0,0.0,58.76,0,2026-02-07T23:11:18Z,ml,prod,CC500,,,,,,,,,,,,,
336faa180a5b49c89278dc827cc8522c,2026-02-09T06:00:00Z/2026-02-09T07:00:00Z,112233445566,2026-02-01T00:00:00Z,2026-03-01T00:00:00Z,AWS,223344556677,Usage,2026-02-09T06:00:00Z,2026-02-09T07:00:00Z,AmazonS3,USWE-TimedStorage-ByteHrs,StandardStorage,,arn:aws:s3:::ml-model-artifacts,779.5217,,,3.19444e-05,0.02443827,3.19444e-05,0.02443827,GB-Mo,0.023,0.02443827,Amazon Simple Storage Service,,,,,us-west-2,AmazonS3,0.0,0.0,38.07,6,2026-02-08T09:42:23Z,ml,prod,CC500,,,,,,,,,,,,,
eb7ab9748bbf456a8b4f56516f576413,2026-02-09T15:00:00Z/2026-02-09T16:00:00Z,112233445566,2026-02-01T00:00:00Z,2026-03-01T00:00:00Z,AWS,223344556677,Usage,2026-02-09T15:00:00Z,2026-02-09T16:00:00Z,AmazonS3,USWE-TimedStorage-ByteHrs,StandardStorage,,arn:aws:s3:::ml-model-artifacts,779.6484,,,3.19444e-05,0.02485337,3.19444e-05,0.02485337,GB-Mo,0.023,0.02485337,Amazon Simple Storage Service,,,,,us-west-2,AmazonS3,0.0,0.0,41.74,19,2026-02-07T03:39:14Z,ml,prod,CC500,,,,,,,,,,,,,
a37204da88d74510a13eec0e9c8756bc,2026-02-10T00:00:00Z/2026-02-10T01:00:00Z,112233445566,2026-02-01T00:00:00Z,2026-03-01T00:00:00Z,AWS,223344556677,Usage,2026-02-10T00:00:00Z,2026-02-10T01:00:00Z,AmazonS3,USWE-TimedStorage-ByteHrs,StandardStorage,,arn:aws:s3:::ml-model-artifacts,780.4609,,,3.19444e-05,0.02455958,3.19444e-05,0.02455958,GB-Mo,0.023,0.02455958,Amazon Simple Storage Service,,,,,us-west-2,AmazonS3,0.0,0.0,37.52,10,2026-02-09T00:46:38Z,ml,prod,CC500,,,,,,,,,,,,,
b358725b14df47809627910a93ca3bfa,2026-02-10T09:00:00Z/2026-02-10T10:00:00Z,112233445566,2026-02-01T00:00:00Z,2026-03-01T00:00:00Z,AWS,223344556677,Usage,2026-02-10T09:00:00Z,2026-02-10T10:00:00Z,AmazonS3,USWE-TimedStorage-ByteHrs,StandardStorage,,arn:aws:s3:::ml-model-artifacts,779.9406,,,3.19444e-05,0.02497033,3.19444e-05,0.02497033,GB-Mo,0.023,0.02497033,Amazon Simple Storage Service,,,,,us-west-2,AmazonS3,0.0,0.0,53.37,13,2026-02-09T13:58:55Z,ml,prod,CC500,,,,,,,,,,,,,
91a3c12203fe49ff9030dd995d860d0b,2026-02-10T18:00:00Z/2026-02-10T19:00:00Z,112233445566,2026-02-01T00:00:00Z,2026-03-01T00:00:00Z,AWS,223344556677,Usage,2026-02-10T18:00:00Z,2026-02-10T19:00:00Z,AmazonS3,USWE-TimedStorage-ByteHrs,StandardStorage,,arn:aws:s3:::ml-model-artifacts,780.2001,,,3.19444e-05,0.02514399,3.19444e-05,0.02514399,GB-Mo,0.023,0.02514399,Amazon Simple Storage Service,,,,,us-west-2,AmazonS3,0.0,0.0,37.92,3,2026-02-09T10:20:26Z,ml,prod,CC500,,,,,,,,,,,,,
86d4e20628024a2d95cc737b40d411c3,2026-02-11T03:00:00Z/2026-02-11T04:00:00Z,112233445566,2026-02-01T00:00:00Z,2026-03-01T00:00:00Z,AWS,223344556677,Usage,2026-02-11T03:00:00Z,2026-02-11T04:00:00Z,AmazonS3,USWE-TimedStorage-ByteHrs,StandardStorage,,arn:aws:s3:::ml-model-artifacts,779.3252,,,3.19444e-05,0.0251503,3.19444e-05,0.0251503,GB-Mo,0.023,0.0251503,Amazon Simple Storage Service,,,,,us-west-2,AmazonS3,0.0,0.0,51.04,1,2026-02-10T23:46:03Z,ml,prod,CC500,,,,,,,,,,,,,
2ee63300e9ab4e1683e28620e7689804,2026-02-11T12:00:00Z/2026-02-11T13:00:00Z,112233445566,2026-02-01T00:00:00Z,2026-03-01T00:00:00Z,AWS,223344556677,Usage,2026-02-11T12:00:00Z,2026-02-11T13:00:00Z,AmazonS3,USWE-TimedStorage-ByteHrs,StandardStorage,,arn:aws:s3:::ml-model-artifacts,779.3899,,,3.19444e-05,0.02465649,3.19444e-05,0.02465649,GB-Mo,0.023,0.02465649,Amazon Simple Storage Service,,,,,us-west-2,AmazonS3,0.0,0.0,51.59,4,2026-02-10T05:00:46Z,ml,prod,CC500,,,,,,,,,,,,,
3dd47f629c9c450db350edd67ccdea3e,2026-02-11T21:00:00Z/2026-02-11T22:00:00Z,112233445566,2026-02-01T00:00:00Z,2026-03-01T00:00:00Z,AWS,223344556677,Usage,2026-02-11T21:00:00Z,2026-02-11T22:00:00Z,AmazonS3,USWE-TimedStorage-ByteHrs,StandardStorage,,arn:aws:s3:::ml-model-artifacts,779.4361,,,3.19444e-05,0.02505483,3.19444e-05,0.02505483,GB-Mo,0.023,0.02505483,Amazon Simple Storage Service,,,,,us-west-2,AmazonS3,0.0,0.0,33.48,0,2026-02-09T14:28:24Z,ml,prod,CC500,,,,,,,,,,,,,
4bd8a44ea52245a68ff1efec55ded3fe,2026-02-12T06:00:00Z/2026-02-12T07:00:00Z,112233445566,2026-02-01T00:00:00Z,2026-03-01T00:00:00Z,AWS,223344556677,Usage,2026-02-12T06:00:00Z,2026-02-12T07:00:00Z,AmazonS3,USWE-TimedStorage-ByteHrs,StandardStorage,,arn:aws:s3:::ml-model-artifacts,779.8094,,,3.19444e-05,0.02497034,3.19444e-05,0.02497034,GB-Mo,0.023,0.02497034,Amazon Simple Storage Service,,,,,us-west-2,AmazonS3,0.0,0.0,47.02,17,2026-02-10T02:53:26Z,ml,prod,CC500,,,,,,,,,,,,,
b1bcde676b904fab96477ff85d1eca1f,2026-02-12T15:00:00Z/2026-02-12T16:00:00Z,112233445566,2026-02-01T00:00:00Z,2026-03-01T00:00:00Z,AWS,223344556677,Usage,2026-02-12T15:00:00Z,2026-02-12T16:00:00Z,AmazonS3,USWE-TimedStorage-ByteHrs,StandardStorage,,arn:aws:s3:::ml-model-artifacts,779.8659,,,3.19444e-05,0.02476884,3.19444e-05,0.02476884,GB-Mo,0.023,0.02476884,Amazon Simple Storage Service,,,,,us-west-2,AmazonS3,0.0,0.0,36.9,15,2026-02-11T21:31:17Z,ml,prod,CC500,,,,,,,,,,,,,
622ffc3b0d064710a67ebae0006a51d4,2026-02-13T00:00:00Z/2026-02-13T01:00:00Z,112233445566,2026-02-01T00:00:00Z,2026-03-01T00:00:00Z,AWS,223344556677,Usage,2026-02-13T00:00:00Z,2026-02-13T01:00:00Z,AmazonS3,USWE-TimedStorage-ByteHrs,StandardStorage,,arn:aws:s3:::ml-model-artifacts,780.3936,,,3.19444e-05,0.02499281,3.19444e-05,0.02499281,GB-Mo,0.023,0.02499281,Amazon Simple Storage Service,,,,,us-west-2,AmazonS3,0.0,0.0,35.26,15,2026-02-10T20:37:19Z,ml,prod,CC500,,,,,,,,,,,,,
c7cb45b4dac7426094b49dfb1c55bcbe,2026-02-13T09:00:00Z/2026-02-13T10:00:00Z,112233445566,2026-02-01T00:00:00Z,2026-03-01T00:00:00Z,AWS,223344556677,Usage,2026-02-13T09:00:00Z,2026-02-13T10:00:00Z,AmazonS3,USWE-TimedStorage-ByteHrs,StandardStorage,,arn:aws:s3:::ml-model-artifacts,779.7504,,,3.19444e-05,0.02463551,3.19444e-05,0.02463551,GB-Mo,0.023,0.02463551,Amazon Simple Storage Service,,,,,us-west-2,AmazonS3,0.0,0.0,34.56,0,2026-02-11T04:05:12Z,ml,prod,CC500,,,,,,,,,,,,,
79db40c2e80745cd9d2b888550d93fdd,2026-02-13T18:00:00Z/2026-02-13T19:00:00Z,112233445566,2026-02-01T00:00:00Z,2026-03-01T00:00:00Z,AWS,223344556677,Usage,2026-02-13T18:00:00Z,2026-02-13T19:00:00Z,AmazonS3,USWE-TimedStorage-ByteHrs,StandardStorage,,arn:aws:s3:::ml-model-artifacts,780.0901,,,3.19444e-05,0.02458068,3.19444e-05,0.02458068,GB-Mo,0.023,0.02458068,Amazon Simple Storage Service,,,,,us-west-2,AmazonS3,0.0,0.0,61.51,0,2026-02-13T11:44:56Z,ml,prod,CC500,,,,,,,,,,,,,
784ab5a14a5c45d8bf64736a3d4d1269,2026-02-14T03:00:00Z/2026-02-14T04:00:00Z,112233445566,2026-02-01T00:00:00Z,2026-03-01T00:00:00Z,AWS,223344556677,Usage,2026-02-14T03:00:00Z,2026-02-14T04:00:00Z,AmazonS3,USWE-TimedStorage-ByteHrs,StandardStorage,,arn:aws:s3:::ml-model-artifacts,780.5529,,,3.19444e-05,0.02463421,3.19444e-05,0.02463421,GB-Mo,0.023,0.02463421,Amazon Simple Storage Service,,,,,us-west-2,AmazonS3,0.0,0.0,58.11,14,2026-02-12T16:20:45Z,ml,prod,CC500,,,,,,,,,,,,,
eb7d798ad7d644328f45331450c16ee1,2026-02-14T12:00:00Z/2026-02-14T13:00:00Z,112233445566,2026-02-01T00:00:00Z,2026-03-01T00:00:00Z,AWS,223344556677,Usage,2026-02-14T12:00:00Z,2026-02-14T13:00:00Z,AmazonS3,USWE-TimedStorage-ByteHrs,StandardStorage,,arn:aws:s3:::ml-model-artifacts,780.2468,,,3.19444e-05,0.02495545,3.19444e-05,0.02495545,GB-Mo,0.023,0.02495545,Amazon Simple Storage Service,,,,,us-west-2,AmazonS3,0.0,0.0,42.52,12,2026-02-12T11:40:22Z,ml,prod,CC500,,,,,,,,,,,,,
970f0b9e180044cf9f5be7a1469cebf8,2026-02-14T21:00:00Z/2026-02-14T22:00:00Z,112233445566,2026-02-01T00:00:00Z,2026-03-01T00:00:00Z,AWS,223344556677,Usage,2026-02-14T21:00:00Z,2026-02-14T22:00:00Z,AmazonS3,USWE-TimedStorage-ByteHrs,StandardStorage,,arn:aws:s3:::ml-model-artifacts,779.8492,,,3.19444e-05,0.02504575,3.19444e-05,0.02504575,GB-Mo,0.023,0.02504575,Amazon Simple Storage Service,,,,,us-west-2,AmazonS3,0.0,0.0,53.92,11,2026-02-14T09:47:17Z,ml,prod,CC500,,,,,,,,,,,,,
c48d2f4e88154c518e967ac4255ce2a6,2026-02-15T06:00:00Z/2026-02-15T07:00:00Z,112233445566,2026-02-01T00:00:00Z,2026-03-01T00:00:00Z,AWS,223344556677,Usage,2026-02-15T06:00:00Z,2026-02-15T07:00:00Z,AmazonS3,USWE-TimedStorage-ByteHrs,StandardStorage,,arn:aws:s3:::ml-model-artifacts,779.5584,,,3.19444e-05,0.02540958,3.19444e-05,0.02540958,GB-Mo,0.023,0.02540958,Amazon Simple Storage Service,,,,,us-west-2,AmazonS3,0.0,0.0,60.2,10,2026-02-13T00:11:29Z,ml,prod,CC500,,,,,,,,,,,,,
45d37ab923fe477c8848f297f3290b73,2026-02-15T15:00:00Z/2026-02-15T16:00:00Z,112233445566,2026-02-01T00:00:00Z,2026-03-01T00:00:00Z,AWS,223344556677,Usage,2026-02-15T15:00:00Z,2026-02-15T16:00:00Z,AmazonS3,USWE-TimedStorage-ByteHrs,StandardStorage,,arn:aws:s3:::ml-model-artifacts,780.1661,,,3.19444e-05,0.02479939,3.19444e-05,0.02479939,GB-Mo,0.023,0.02479939,Amazon Simple Storage Service,,,,,us-west-2,AmazonS3,0.0,0.0,28.3,13,2026-02-14T19:05:06Z,ml,prod,CC500,,,,,,,,,,,,,
0b640537e35549a49a116453c4cbb968,2026-02-16T00:00:00Z/2026-02-16T01:00:00Z,112233445566,2026-02-01T00:00:00Z,2026-03-01T00:00:00Z,AWS,223344556677,Usage,2026-02-16T00:00:00Z,2026-02-16T01:00:00Z,AmazonS3,USWE-TimedStorage-ByteHrs,StandardStorage,,arn:aws:s3:::ml-model-artifacts,780.1129,,,3.19444e-05,0.02509146,3.19444e-05,0.02509146,GB-Mo,0.023,0.02509146,Amazon Simple Storage Service,,,,,us-west-2,AmazonS3,0.0,0.0,56.4,0,2026-02-13T14:30:25Z,ml,prod,CC500,,,,,,,,,,,,,
9065ee3b670743868ebf81bbf808eafc,2026-02-16T09:00:00Z/2026-02-16T10:00:00Z,112233445566,2026-02-01T00:00:00Z,2026-03-01T00:00:00Z,AWS,223344556677,Usage,2026-02-16T09:00:00Z,2026-02-16T10:00:00Z,AmazonS3,USWE-TimedStorage-ByteHrs,StandardStorage,,arn:aws:s3:::ml-model-artifacts,780.2666,,,3.19444e-05,0.02475129,3.19444e-05,0.02475129,GB-Mo,0.023,0.02475129,Amazon Simple Storage Service,,,,,us-west-2,AmazonS3,0.0,0.0,31.85,17,2026-02-15T01:59:12Z,ml,prod,CC500,,,,,,,,,,,,,
7ae64b225f18491fa2e894846d373e0e,2026-02-16T18:00:00Z/2026-02-16T19:00:00Z,112233445566,2026-02-01T00:00:00Z,2026-03-01T00:00:00Z,AWS,223344556677,Usage,2026-02-16T18:00:00Z,2026-02-16T19:00:00Z,AmazonS3,USWE-TimedStorage-ByteHrs,StandardStorage,,arn:aws:s3:::ml-model-artifacts,779.6303,,,3.19444e-05,0.02526291,3.19444e-05,0.02526291,GB-Mo,0.023,0.02526291,Amazon Simple Storage Service,,,,,us-west-2,AmazonS3,0.0,0.0,47.93,10,2026-02-15T04:26:06Z,ml,prod,CC500,,,,,,,,,,,,,
8be4bb4bb9b24bc59c5d65e33a9227fc,2026-02-17T03:00:00Z/2026-02-17T04:00:00Z,112233445566,2026-02-01T00:00:00Z,2026-03-01T00:00:00Z,AWS,223344556677,Usage,2026-02-17T03:00:00Z,2026-02-17T04:00:00Z,AmazonS3,USWE-TimedStorage-ByteHrs,StandardStorage,,arn:aws:s3:::ml-model-artifacts,780.5102,,,3.19444e-05,0.02538681,3.19444e-05,0.02538681,GB-Mo,0.023,0.02538681,Amazon Simple Storage Service,,,,,us-west-2,AmazonS3,0.0,0.0,36.23,17,2026-02-15T05:39:41Z,ml,prod,CC500,,,,,,,,,,,,,
0178981316354e45b180883be3c220d3,2026-02-17T12:00:00Z/2026-02-17T13:00:00Z,112233445566,2026-02-01T00:00:00Z,2026-03-01T00:00:00Z,AWS,223344556677,Usage,2026-02-17T12:00:00Z,2026-02-17T13:00:00Z,AmazonS3,USWE-TimedStorage-ByteHrs,StandardStorage,,arn:aws:s3:::ml-model-artifacts,780.7291,,,3.19444e-05,0.02511205,3.19444e-05,0.02511205,GB-Mo,0.023,0.02511205,Amazon Simple Storage Service,,,,,us-west-2,AmazonS3,0.0,0.0,41.9,3,2026-02-16T00:30:48Z,ml,prod,CC500,,,,,,,,,,,,,
45fd88017f6d4773a6e5816c6cfc8657,2026-02-17T21:00:00Z/2026-02-17T22:00:00Z,112233445566,2026-02-01T00:00:00Z,2026-03-01T00:00:00Z,AWS,223344556677,Usage,2026-02-17T21:00:00Z,2026-02-17T22:00:00Z,AmazonS3,USWE-TimedStorage-ByteHrs,StandardStorage,,arn:aws:s3:::ml-model-artifacts,779.6431,,,3.19444e-05,0.02444739,3.19444e-05,0.02444739,GB-Mo,0.023,0.02444739,Amazon Simple Storage Service,,,,,us-west-2,AmazonS3,0.0,0.0,33.28,6,2026-02-16T11:42:32Z,ml,prod,CC500,,,,,,,,,,,,,
c227b104eee4408a82ec3073270ef9f4,2026-02-18T06:00:00Z/2026-02-18T07:00:00Z,112233445566,2026-02-01T00:00:00Z,2026-03-01T00:00:00Z,AWS,223344556677,Usage,2026-02-18T06:00:00Z,2026-02-18T07:00:00Z,AmazonS3,USWE-TimedStorage-ByteHrs,StandardStorage,,arn:aws:s3:::ml-model-artifacts,780.1202,,,3.19444e-05,0.02502239,3.19444e-05,0.02502239,GB-Mo,0.023,0.02502239,Amazon Simple Storage Service,,,,,us-west-2,AmazonS3,0.0,0.0,45.58,13,2026-02-17T15:43:37Z,ml,prod,CC500,,,,,,,,,,,,,
490d6657e63c4897be2a83f932351cbf,2026-02-18T15:00:00Z/2026-02-18T16:00:00Z,112233445566,2026-02-01T00:00:00Z,2026-03-01T00:00:00Z,AWS,223344556677,Usage,2026-02-18T15:00:00Z,2026-02-18T16:00:00Z,AmazonS3,USWE-TimedStorage-ByteHrs,StandardStorage,,arn:aws:s3:::ml-model-artifacts,779.2625,,,3.19444e-05,0.02483292,3.19444e-05,0.02483292,GB-Mo,0.023,0.02483292,Amazon Simple Storage Service,,,,,us-west-2,AmazonS3,0.0,0.0,61.33,13,2026-02-18T01:38:07Z,ml,prod,CC500,,,,,,,,,,,,,
dde32b4c23b247418b794226a3a3e2b7,2026-02-19T00:00:00Z/2026-02-19T01:00:00Z,112233445566,2026-02-01T00:00:00Z,2026-03-01T00:00:00Z,AWS,223344556677,Usage,2026-02-19T00:00:00Z,2026-02-19T01:00:00Z,AmazonS3,USWE-TimedStorage-ByteHrs,StandardStorage,,arn:aws:s3:::ml-model-artifacts,780.6148,,,3.19444e-05,0.02517018,3.19444e-05,0.02517018,GB-Mo,0.023,0.02517018,Amazon Simple Storage Service,,,,,us-west-2,AmazonS3,0.0,0.0,52.3,9,2026-02-17T17:28:37Z,ml,prod,CC500,,,,,,,,,,,,,
9b37beccc3f043ee9fa590f9f79ace95,2026-02-19T09:00:00Z/2026-02-19T10:00:00Z,112233445566,2026-02-01T00:00:00Z,2026-03-01T00:00:00Z,AWS,223344556677,Usage,2026-02-19T09:00:00Z,2026-02-19T10:00:00Z,AmazonS3,USWE-TimedStorage-ByteHrs,StandardStorage,,arn:aws:s3:::ml-model-artifacts,779.9116,,,3.19444e-05,0.02446029,3.19444e-05,0.02446029,GB-Mo,0.023,0.02446029,Amazon Simple Storage Service,,,,,us-west-2,AmazonS3,0.0,0.0,45.83,0,2026-02-18T00:34:45Z,ml,prod,CC500,,,,,,,,,,,,,
c08e34ddf5c345c0804f828a06bc7aa7,2026-02-19T18:00:00Z/2026-02-19T19:00:00Z,112233445566,2026-02-01T00:00:00Z,2026-03-01T00:00:00Z,AWS,223344556677,Usage,2026-02-19T18:00:00Z,2026-02-19T19:00:00Z,AmazonS3,USWE-TimedStorage-ByteHrs,StandardStorage,,arn:aws:s3:::ml-model-artifacts,780.7487,,,3.19444e-05,0.02505906,3.19444e-05,0.02505906,GB-Mo,0.023,0.02505906,Amazon Simple Storage Service,,,,,us-west-2,AmazonS3,0.0,0.0,53.84,0,2026-02-18T21:39:30Z,ml,prod,CC500,,,,,,,,,,,,,
d1c2cb15ebb34f808f8efd6877047a71,2026-02-20T03:00:00Z/2026-02-20T04:00:00Z,112233445566,2026-02-01T00:00:00Z,2026-03-01T00:00:00Z,AWS,223344556677,Usage,2026-02-20T03:00:00Z,2026-02-20T04:00:00Z,AmazonS3,USWE-TimedStorage-ByteHrs,StandardStorage,,arn:aws:s3:::ml-model-artifacts,779.6511,,,3.19444e-05,0.02479671,3.19444e-05,0.02479671,GB-Mo,0.023,0.02479671,Amazon Simple Storage Service,,,,,us-west-2,AmazonS3,0.0,0.0,53.8,2,2026-02-19T18:09:44Z,ml,prod,CC500,,,,,,,,,,,,,
416c54c6af14417c8f48236376729253,2026-02-20T12:00:00Z/2026-02-20T13:00:00Z,112233445566,2026-02-01T00:00:00Z,2026-03-01T00:00:00Z,AWS,223344556677,Usage,2026-02-20T12:00:00Z,2026-02-20T13:00:00Z,AmazonS3,USWE-TimedStorage-ByteHrs,StandardStorage,,arn:aws:s3:::ml-model-artifacts,780.038,,,3.19444e-05,0.024445,3.19444e-05,0.024445,GB-Mo,0.023,0.024445,Amazon Simple Storage Service,,,,,us-west-2,AmazonS3,0.0,0.0,56.19,11,2026-02-19T18:33:46Z,ml,prod,CC500,,,,,,,,,,,,,
092690666d954dc493d0346e841e2057,2026-02-20T21:00:00Z/2026-02-20T22:00:00Z,112233445566,2026-02-01T00:00:00Z,2026-03-01T00:00:00Z,AWS,223344556677,Usage,2026-02-20T21:00:00Z,2026-02-20T22:00:00Z,AmazonS3,USWE-TimedStorage-ByteHrs,StandardStorage,,arn:aws:s3:::ml-model-artifacts,779.4459,,,3.19444e-05,0.02482522,3.19444e-05,0.02482522,GB-Mo,0.023,0.02482522,Amazon Simple Storage Service,,,,,us-west-2,AmazonS3,0.0,0.0,30.69,18,2026-02-19T21:08:06Z,ml,prod,CC500,,,,,,,,,,,,,
6fb39bedea9d4332a5a356e7352e3d81,2026-02-21T06:00:00Z/2026-02-21T07:00:00Z,112233445566,2026-02-01T00:00:00Z,2026-03-01T00:00:00Z,AWS,223344556677,Usage,2026-02-21T06:00:00Z,2026-02-21T07:00:00Z,AmazonS3,USWE-TimedStorage-ByteHrs,StandardStorage,,arn:aws:s3:::ml-model-artifacts,779.7928,,,3.19444e-05,0.02474122,3.19444e-05,0.02474122,GB-Mo,0.023,0.02474122,Amazon Simple Storage Service,,,,,us-west-2,AmazonS3,0.0,0.0,43.66,6,2026-02-21T02:06:55Z,ml,prod,CC500,,,,,,,,,,,,,
0a792afe993f4118a81c06685ff57ca1,2026-02-21T15:00:00Z/2026-02-21T16:00:00Z,112233445566,2026-02-01T00:00:00Z,2026-03-01T00:00:00Z,AWS,223344556677,Usage,2026-02-21T15:00:00Z,2026-02-21T16:00:00Z,AmazonS3,USWE-TimedStorage-ByteHrs,StandardStorage,,arn:aws:s3:::ml-model-artifacts,779.9337,,,3.19444e-05,0.02483587,3.19444e-05,0.02483587,GB-Mo,0.023,0.02483587,Amazon Simple Storage Service,,,,,us-west-2,AmazonS3,0.0,0.0,50.31,11,2026-02-18T22:37:52Z,ml,prod,CC500,,,,,,,,,,,,,
ebf478caddc04a068db3883f3154a3bc,2026-02-22T00:00:00Z/2026-02-22T01:00:00Z,112233445566,2026-02-01T00:00:00Z,2026-03-01T00:00:00Z,AWS,223344556677,Usage,2026-02-22T00:00:00Z,2026-02-22T01:00:00Z,AmazonS3,USWE-TimedStorage-ByteHrs,StandardStorage,,arn:aws:s3:::ml-model-artifacts,779.9601,,,3.19444e-05,0.02466971,3.19444e-05,0.02466971,GB-Mo,0.023,0.02466971,Amazon Simple Storage Service,,,,,us-west-2,AmazonS3,0.0,0.0,44.51,21,2026-02-21T05:21:53Z,ml,prod,CC500,,,,,,,,,,,,,
15694b05efc54d76b8200bb0a2a7d1af,2026-02-22T09:00:00Z/2026-02-22T10:00:00Z,112233445566,2026-02-01T00:00:00Z,2026-03-01T00:00:00Z,AWS,223344556677,Usage,2026-02-22T09:00:00Z,2026-02-22T10:00:00Z,AmazonS3,USWE-TimedStorage-ByteHrs,StandardStorage,,arn:aws:s3:::ml-model-artifacts,779.9873,,,3.19444e-05,0.02470927,3.19444e-05,0.02470927,GB-Mo,0.023,0.02470927,Amazon Simple Storage Service,,,,,us-west-2,AmazonS3,0.0,0.0,59.51,0,2026-02-21T19:19:05Z,ml,prod,CC500,,,,,,,,,,,,,
f44d99504a494c848a7a2c949effe77c,2026-02-22T18:00:00Z/2026-02-22T19:00:00Z,112233445566,2026-02-01T00:00:00Z,2026-03-01T00:00:00Z,AWS,223344556677,Usage,2026-02-22T18:00:00Z,2026-02-22T19:00:00Z,AmazonS3,USWE-TimedStorage-ByteHrs,StandardStorage,,arn:aws:s3:::ml-model-artifacts,779.5879,,,3.19444e-05,0.0250209,3.19444e-05,0.0250209,GB-Mo,0.023,0.0250209,Amazon Simple Storage Service,,,,,us-west-2,AmazonS3,0.0,0.0,44.0,16,2026-02-20T05:59:14Z,ml,prod,CC500,,,,,,,,,,,,,
07179ed6d25f46ad8ea28c49d3f39dfd,2026-02-23T03:00:00Z/2026-02-23T04:00:00Z,112233445566,2026-02-01T00:00:00Z,2026-03-01T00:00:00Z,AWS,223344556677,Usage,2026-02-23T03:00:00Z,2026-02-23T04:00:00Z,AmazonS3,USWE-TimedStorage-ByteHrs,StandardStorage,,arn:aws:s3:::ml-model-artifacts,779.5322,,,3.19444e-05,0.02523686,3.19444e-05,0.02523686,GB-Mo,0.023,0.02523686,Amazon Simple Storage Service,,,,,us-west-2,AmazonS3,0.0,0.0,48.01,6,2026-02-22T06:07:41Z,ml,prod,CC500,,,,,,,,,,,,,
139a1e4fb7ae4cc99666e42e9d66bcd3,2026-02-23T12:00:00Z/2026-02-23T13:00:00Z,112233445566,2026-02-01T00:00:00Z,2026-03-01T00:00:00Z,AWS,223344556677,Usage,2026-02-23T12:00:00Z,2026-02-23T13:00:00Z,AmazonS3,USWE-TimedStorage-ByteHrs,StandardStorage,,arn:aws:s3:::ml-model-artifacts,779.7225,,,3.19444e-05,0.02529621,3.19444e-05,0.02529621,GB-Mo,0.023,0.02529621,Amazon Simple Storage Service,,,,,us-west-2,AmazonS3,0.0,0.0,45.62,10,2026-02-23T00:04:26Z,ml,prod,CC500,,,,,,,,,,,,,
09f131e7eacb4a48b65c585412610410,2026-02-23T21:00:00Z/2026-02-23T22:00:00Z,112233445566,2026-02-01T00:00:00Z,2026-03-01T00:00:00Z,AWS,223344556677,Usage,2026-02-23T21:00:00Z,2026-02-23T22:00:00Z,AmazonS3,USWE-TimedStorage-ByteHrs,StandardStorage,,arn:aws:s3:::ml-model-artifacts,779.7188,,,3.19444e-05,0.02491064,3.19444e-05,0.02491064,GB-Mo,0.023,0.02491064,Amazon Simple Storage Service,,,,,us-west-2,AmazonS3,0.0,0.0,45.25,8,2026-02-23T05:48:08Z,ml,prod,CC500,,,,,,,,,,,,,
73695300381e4f64b375a0a3776f8c23,2026-02-24T06:00:00Z/2026-02-24T07:00:00Z,112233445566,2026-02-01T00:00:00Z,2026-03-01T00:00:00Z,AWS,223344556677,Usage,2026-02-24T06:00:00Z,2026-02-24T07:00:00Z,AmazonS3,USWE-TimedStorage-ByteHrs,StandardStorage,,arn:aws:s3:::ml-model-artifacts,779.3065,,,3.19444e-05,0.02475377,3.19444e-05,0.02475377,GB-Mo,0.023,0.02475377,Amazon Simple Storage Service,,,,,us-west-2,AmazonS3,0.0,0.0,30.63,16,2026-02-22T04:27:37Z,ml,prod,CC500,,,,,,,,,,,,,
8074a30c41ce4bed80ab5c716d9e140e,2026-02-24T15:00:00Z/2026-02-24T16:00:00Z,112233445566,2026-02-01T00:00:00Z,2026-03-01T00:00:00Z,AWS,223344556677,Usage,2026-02-24T15:00:00Z,2026-02-24T16:00:00Z,AmazonS3,USWE-TimedStorage-ByteHrs,StandardStorage,,arn:aws:s3:::ml-model-artifacts,780.0946,,,3.19444e-05,0.02451373,3.19444e-05,0.02451373,GB-Mo,0.023,0.02451373,Amazon Simple Storage Service,,,,,us-west-2,AmazonS3,0.0,0.0,33.82,9,2026-02-22T19:23:38Z,ml,prod,CC500,,,,,,,,,,,,,
5886a8e88c004f5baa87e04146926fbb,2026-02-25T00:00:00Z/2026-02-25T01:00:00Z,112233445566,2026-02-01T00:00:00Z,2026-03-01T00:00:00Z,AWS,223344556677,Usage,2026-02-25T00:00:00Z,2026-02-25T01:00:00Z,AmazonS3,USWE-TimedStorage-ByteHrs,StandardStorage,,arn:aws:s3:::ml-model-artifacts,779.932,,,3.19444e-05,0.02460188,3.19444e-05,0.02460188,GB-Mo,0.023,0.02460188,Amazon Simple Storage Service,,,,,us-west-2,AmazonS3,0.0,0.0,42.42,3,2026-02-23T03:52:51Z,ml,prod,CC500,,,,,,,,,,,,,
0776a0f4105d47ebafbb3620711959da,2026-02-25T09:00:00Z/2026-02-25T10:00:00Z,112233445566,2026-02-01T00:00:00Z,2026-03-01T00:00:00Z,AWS,223344556677,Usage,2026-02-25T09:00:00Z,2026-02-25T10:00:00Z,AmazonS3,USWE-TimedStorage-ByteHrs,StandardStorage,,arn:aws:s3:::ml-model-artifacts,780.1932,,,3.19444e-05,0.02505479,3.19444e-05,0.02505479,GB-Mo,0.023,0.02505479,Amazon Simple Storage Service,,,,,us-west-2,AmazonS3,0.0,0.0,45.43,14,2026-02-23T04:54:31Z,ml,prod,CC500,,,,,,,,,,,,,
b22a714230e24bd1900aea791b340dba,2026-02-25T18:00:00Z/2026-02-25T19:00:00Z,112233445566,2026-02-01T00:00:00Z,2026-03-01T00:00:00Z,AWS,223344556677,Usage,2026-02-25T18:00:00Z,2026-02-25T19:00:00Z,AmazonS3,USWE-TimedStorage-ByteHrs,StandardStorage,,arn:aws:s3:::ml-model-artifacts,779.4401,,,3.19444e-05,0.02538063,3.19444e-05,0.02538063,GB-Mo,0.023,0.02538063,Amazon Simple Storage Service,,,,,us-west-2,AmazonS3,0.0,0.0,42.54,8,2026-02-24T23:09:59Z,ml,prod,CC500,,,,,,,,,,,,,
4ba15d6590174e1fb02d34b530eac754,2026-02-26T03:00:00Z/2026-02-26T04:00:00Z,112233445566,2026-02-01T00:00:00Z,2026-03-01T00:00:00Z,AWS,223344556677,Usage,2026-02-26T03:00:00Z,2026-02-26T04:00:00Z,AmazonS3,USWE-TimedStorage-ByteHrs,StandardStorage,,arn:aws:s3:::ml-model-artifacts,780.5808,,,3.19444e-05,0.02454371,3.19444e-05,0.02454371,GB-Mo,0.023,0.02454371,Amazon Simple Storage Service,,,,,us-west-2,AmazonS3,0.0,0.0,60.18,0,2026-02-24T23:39:57Z,ml,prod,CC500,,,,,,,,,,,,,
0825ebc642dc4b7092f7c626d2fac43b,2026-02-26T12:00:00Z/2026-02-26T13:00:00Z,112233445566,2026-02-01T00:00:00Z,2026-03-01T00:00:00Z,AWS,223344556677,Usage,2026-02-26T12:00:00Z,2026-02-26T13:00:00Z,AmazonS3,USWE-TimedStorage-ByteHrs,StandardStorage,,arn:aws:s3:::ml-model-artifacts,780.4297,,,3.19444e-05,0.02452531,3.19444e-05,0.02452531,GB-Mo,0.023,0.02452531,Amazon Simple Storage Service,,,,,us-west-2,AmazonS3,0.0,0.0,50.26,15,2026-02-25T21:22:46Z,ml,prod,CC500,,,,,,,,,,,,,
b53f175806244e23a58d19b4b418d69f,2026-02-26T21:00:00Z/2026-02-26T22:00:00Z,112233445566,2026-02-01T00:00:00Z,2026-03-01T00:00:00Z,AWS,223344556677,Usage,2026-02-26T21:00:00Z,2026-02-26T22:00:00Z,AmazonS3,USWE-TimedStorage-ByteHrs,StandardStorage,,arn:aws:s3:::ml-model-artifacts,780.3656,,,3.19444e-05,0.02475871,3.19444e-05,0.02475871,GB-Mo,0.023,0.02475871,Amazon Simple Storage Service,,,,,us-west-2,AmazonS3,0.0,0.0,42.91,6,2026-02-24T21:13:38Z,ml,prod,CC500,,,,,,,,,,,,,
d5324d49a64a4d9e9c2b3cb27b27f81e,2026-02-27T06:00:00Z/2026-02-27T07:00:00Z,112233445566,2026-02-01T00:00:00Z,2026-03-01T00:00:00Z,AWS,223344556677,Usage,2026-02-27T06:00:00Z,2026-02-27T07:00:00Z,AmazonS3,USWE-TimedStorage-ByteHrs,StandardStorage,,arn:aws:s3:::ml-model-artifacts,779.6284,,,3.19444e-05,0.02479534,3.19444e-05,0.02479534,GB-Mo,0.023,0.02479534,Amazon Simple Storage Service,,,,,us-west-2,AmazonS3,0.0,0.0,34.59,8,2026-02-26T07:32:34Z,ml,prod,CC500,,,,,,,,,,,,,
318dd61da26c4baaac0669abf5a51fba,2026-02-27T15:00:00Z/2026-02-27T16:00:00Z,112233445566,2026-02-01T00:00:00Z,2026-03-01T00:00:00Z,AWS,223344556677,Usage,2026-02-27T15:00:00Z,2026-02-27T16:00:00Z,AmazonS3,USWE-TimedStorage-ByteHrs,StandardStorage,,arn:aws:s3:::ml-model-artifacts,780.6488,,,3.19444e-05,0.02527894,3.19444e-05,0.02527894,GB-Mo,0.023,0.02527894,Amazon Simple Storage Service,,,,,us-west-2,AmazonS3,0.0,0.0,30.5,6,2026-02-25T04:55:53Z,ml,prod,CC500,,,,,,,,,,,,,
769c2f3b60b64c34acf27e2283850cf0,2026-02-01T00:00:00Z/2026-02-01T01:00:00Z,112233445566,2026-02-01T00:00:00Z,2026-03-01T00:00:00Z,AWS,334455667788,Usage,2026-02-01T00:00:00Z,2026-02-01T01:00:00Z,AmazonS3,USEA-TimedStorage-ByteHrs,StandardStorage,,arn:aws:s3:::dev-scratch-bucket,55.0456,,,3.19444e-05,0.00177881,3.19444e-05,0.00177881,GB-Mo,0.023,0.00177881,Amazon Simple Storage Service,,,,,us-east-1,AmazonS3,0.0,0.0,8.3,539,2025-12-11T19:30:53Z,,,,,,,,,,,,,,,,
82945fcd896240a0beca1fd76eb06329,2026-02-01T09:00:00Z/2026-02-01T10:00:00Z,112233445566,2026-02-01T00:00:00Z,2026-03-01T00:00:00Z,AWS,334455667788,Usage,2026-02-01T09:00:00Z,2026-02-01T10:00:00Z,AmazonS3,USEA-TimedStorage-ByteHrs,StandardStorage,,arn:aws:s3:::dev-scratch-bucket,55.0368,,,3.19444e-05,0.00172631,3.19444e-05,0.00172631,GB-Mo,0.023,0.00172631,Amazon Simple Storage Service,,,,,us-east-1,AmazonS3,0.0,0.0,4.94,699,2025-12-22T18:13:46Z,,,,,,,,,,,,,,,,
05555e9bf20f4c5ba5be2b6095e447dd,2026-02-01T18:00:00Z/2026-02-01T19:00:00Z,112233445566,2026-02-01T00:00:00Z,2026-03-01T00:00:00Z,AWS,334455667788,Usage,2026-02-01T18:00:00Z,2026-02-01T19:00:00Z,AmazonS3,USEA-TimedStorage-ByteHrs,StandardStorage,,arn:aws:s3:::dev-scratch-bucket,55.0468,,,3.19444e-05,0.0017283,3.19444e-05,0.0017283,GB-Mo,0.023,0.0017283,Amazon Simple Storage Service,,,,,us-east-1,AmazonS3,0.0,0.0,4.42,575,2026-01-03T21:15:08Z,,,,,,,,,,,,,,,,
4488ad4c776c4b54b64a449d9fd3c902,2026-02-02T03:00:00Z/2026-02-02T04:00:00Z,112233445566,2026-02-01T00:00:00Z,2026-03-01T00:00:00Z,AWS,334455667788,Usage,2026-02-02T03:00:00Z,2026-02-02T04:00:00Z,AmazonS3,USEA-TimedStorage-ByteHrs,StandardStorage,,arn:aws:s3:::dev-scratch-bucket,55.0356,,,3.19444e-05,0.00175107,3.19444e-05,0.00175107,GB-Mo,0.023,0.00175107,Amazon Simple Storage Service,,,,,us-east-1,AmazonS3,0.0,0.0,6.7,487,2025-12-22T05:55:51Z,,,,,,,,,,,,,,,,
253738f8e39446e884b27537a22b8278,2026-02-02T12:00:00Z/2026-02-02T13:00:00Z,112233445566,2026-02-01T00:00:00Z,2026-03-01T00:00:00Z,AWS,334455667788,Usage,2026-02-02T12:00:00Z,2026-02-02T13:00:00Z,AmazonS3,USEA-TimedStorage-ByteHrs,StandardStorage,,arn:aws:s3:::dev-scratch-bucket,54.9727,,,3.19444e-05,0.0017697,3.19444e-05,0.0017697,GB-Mo,0.023,0.0017697,Amazon Simple Storage Service,,,,,us-east-1,AmazonS3,0.0,0.0,8.46,474,2025-12-13T09:26:21Z,,,,,,,,,,,,,,,,
2d4f6d2f46b84ac6b028f151f4b9ad4e,2026-02-02T21:00:00Z/2026-02-02T22:00:00Z,112233445566,2026-02-01T00:00:00Z,2026-03-01T00:00:00Z,AWS,334455667788,Usage,2026-02-02T21:00:00Z,2026-02-02T22:00:00Z,AmazonS3,USEA-TimedStorage-ByteHrs,StandardStorage,,arn:aws:s3:::dev-scratch-bucket,54.9898,,,3.19444e-05,0.00173882,3.19444e-05,0.00173882,GB-Mo,0.023,0.00173882,Amazon Simple Storage Service,,,,,us-east-1,AmazonS3,0.0,0.0,4.1,556,2026-01-02T01:53:23Z,,,,,,,,,,,,,,,,
26ad9a478aa64ac3846a83ea1eba9b2d,2026-02-03T06:00:00Z/2026-02-03T07:00:00Z,112233445566,2026-02-01T00:00:00Z,2026-03-01T00:00:00Z,AWS,334455667788,Usage,2026-02-03T06:00:00Z,2026-02-03T07:00:00Z,AmazonS3,USEA-TimedStorage-ByteHrs,StandardStorage,,arn:aws:s3:::dev-scratch-bucket,55.002,,,3.19444e-05,0.00172416,3.19444e-05,0.00172416,GB-Mo,0.023,0.00172416,Amazon Simple Storage Service,,,,,us-east-1,AmazonS3,0.0,0.0,1.8,643,2026-01-06T14:01:52Z,,,,,,,,,,,,,,,,
518f3a0c31c64b82b4a0dfc1525578a8,2026-02-03T15:00:00Z/2026-02-03T16:00:00Z,112233445566,2026-02-01T00:00:00Z,2026-03-01T00:00:00Z,AWS,334455667788,Usage,2026-02-03T15:00:00Z,2026-02-03T16:00:00Z,AmazonS3,USEA-TimedStorage-ByteHrs,StandardStorage,,arn:aws:s3:::dev-scratch-bucket,55.0218,,,3.19444e-05,0.00177662,3.19444e-05,0.00177662,GB-Mo,0.023,0.00177662,Amazon Simple Storage Service,,,,,us-east-1,AmazonS3,0.0,0.0,7.14,655,2026-01-06T22:01:45Z,,,,,,,,,,,,,,,,
93acb0057cbb4d779b67b57c7592d083,2026-02-04T00:00:00Z/2026-02-04T01:00:00Z,112233445566,2026-02-01T00:00:00Z,2026-03-01T00:00:00Z,AWS,334455667788,Usage,2026-02-04T00:00:00Z,2026-02-04T01:00:00Z,AmazonS3,USEA-TimedStorage-ByteHrs,StandardStorage,,arn:aws:s3:::dev-scratch-bucket,55.0484,,,3.19444e-05,0.00177714,3.19444e-05,0.00177714,GB-Mo,0.023,0.00177714,Amazon Simple Storage Service,,,,,us-east-1,AmazonS3,0.0,0.0,3.06,356,2025-12-08T07:43:31Z,,,,,,,,,,,,,,,,
892aa0d014444561ba32e5c318db87b0,2026-02-04T09:00:00Z/2026-02-04T10:00:00Z,112233445566,2026-02-01T00:00:00Z,2026-03-01T00:00:00Z,AWS,334455667788,Usage,2026-02-04T09:00:00Z,2026-02-04T10:00:00Z,AmazonS3,USEA-TimedStorage-ByteHrs,StandardStorage,,arn:aws:s3:::dev-scratch-bucket,54.9704,,,3.19444e-05,0.00172768,3.19444e-05,0.00172768,GB-Mo,0.023,0.00172768,Amazon Simple Storage Service,,,,,us-east-1,AmazonS3,0.0,0.0,2.54,595,2025-12-25T22:37:03Z,,,,,,,,,,,,,,,,
3f17b4acea1544ad81ce5ca72fa69e18,2026-02-04T18:00:00Z/2026-02-04T19:00:00Z,112233445566,2026-02-01T00:00:00Z,2026-03-01T00:00:00Z,AWS,334455667788,Usage,2026-02-04T18:00:00Z,2026-02-04T19:00:00Z,AmazonS3,USEA-TimedStorage-ByteHrs,StandardStorage,,arn:aws:s3:::dev-scratch-bucket,54.9688,,,3.19444e-05,0.00173013,3.19444e-05,0.00173013,GB-Mo,0.023,0.00173013,Amazon Simple Storage Service,,,,,us-east-1,AmazonS3,0.0,0.0,7.9,684,2025-12-26T22:37:03Z,,,,,,,,,,,,,,,,
3227e8a965754569800037d7e849cc07,2026-02-05T03:00:00Z/2026-02-05T04:00:00Z,112233445566,2026-02-01T00:00:00Z,2026-03-01T00:00:00Z,AWS,334455667788,Usage,2026-02-05T03:00:00Z,2026-02-05T04:00:00Z,AmazonS3,USEA-TimedStorage-ByteHrs,StandardStorage,,arn:aws:s3:::dev-scratch-bucket,54.963,,,3.19444e-05,0.00177013,3.19444e-05,0.00177013,GB-Mo,0.023,0.00177013,Amazon Simple Storage Service,,,,,us-east-1,AmazonS3,0.0,0.0,1.04,527,2026-01-14T06:47:06Z,,,,,,,,,,,,,,,,
06adac2bc5a14b7ab0840e218ccb5337,2026-02-05T12:00:00Z/2026-02-05T13:00:00Z,112233445566,2026-02-01T00:00:00Z,2026-03-01T00:00:00Z,AWS,334455667788,Usage,2026-02-05T12:00:00Z,2026-02-05T13:00:00Z,AmazonS3,USEA-TimedStorage-ByteHrs,StandardStorage,,arn:aws:s3:::dev-scratch-bucket,54.9777,,,3.19444e-05,0.00177934,3.19444e-05,0.00177934,GB-Mo,0.023,0.00177934,Amazon Simple Storage Service,,,,,us-east-1,AmazonS3,0.0,0.0,2.35,631,2025-12-16T18:20:15Z,,,,,,,,,,,,,,,,
3a799bfdf8ce4413a9ae4d56df44171e,2026-02-05T21:00:00Z/2026-02-05T22:00:00Z,112233445566,2026-02-01T00:00:00Z,2026-03-01T00:00:00Z,AWS,334455667788,Usage,2026-02-05T21:00:00Z,2026-02-05T22:00:00Z,AmazonS3,USEA-TimedStorage-ByteHrs,StandardStorage,,arn:aws:s3:::dev-scratch-bucket,55.0059,,,3.19444e-05,0.00177574,3.19444e-05,0.00177574,GB-Mo,0.023,0.00177574,Amazon Simple Storage Service,,,,,us-east-1,AmazonS3,0.0,0.0,8.6,633,2025-12-26T03:11:23Z,,,,,,,,,,,,,,,,
7581350cc53246348d8bebcd3e08597a,2026-02-06T06:00:00Z/2026-02-06T07:00:00Z,112233445566,2026-02-01T00:00:00Z,2026-03-01T00:00:00Z,AWS,334455667788,Usage,2026-02-06T06:00:00Z,2026-02-06T07:00:00Z,AmazonS3,USEA-TimedStorage-ByteHrs,StandardStorage,,arn:aws:s3:::dev-scratch-bucket,54.9954,,,3.19444e-05,0.00173495,3.19444e-05,0.00173495,GB-Mo,0.023,0.00173495,Amazon Simple Storage Service,,,,,us-east-1,AmazonS3,0.0,0.0,7.61,660,2025-12-28T03:34:26Z,,,,,,,,,,,,,,,,
e97cb4e11b304e3985cac6a24da6709a,2026-02-06T15:00:00Z/2026-02-06T16:00:00Z,112233445566,2026-02-01T00:00:00Z,2026-03-01T00:00:00Z,AWS,334455667788,Usage,2026-02-06T15:00:00Z,2026-02-06T16:00:00Z,AmazonS3,USEA-TimedStorage-ByteHrs,StandardStorage,,arn:aws:s3:::dev-scratch-bucket,54.9939,,,3.19444e-05,0.00174031,3.19444e-05,0.00174031,GB-Mo,0.023,0.00174031,Amazon Simple Storage Service,,,,,us-east-1,AmazonS3,0.0,0.0,3.53,644,2025-12-30T16:58:14Z,,,,,,,,,,,,,,,,
2829056aaeec4126845b17eb03167943,2026-02-07T00:00:00Z/2026-02-07T01:00:00Z,112233445566,2026-02-01T00:00:00Z,2026-03-01T00:00:00Z,AWS,334455667788,Usage,2026-02-07T00:00:00Z,2026-02-07T01:00:00Z,AmazonS3,USEA-TimedStorage-ByteHrs,StandardStorage,,arn:aws:s3:::dev-scratch-bucket,54.9575,,,3.19444e-05,0.00175896,3.19444e-05,0.00175896,GB-Mo,0.023,0.00175896,Amazon Simple Storage Service,,,,,us-east-1,AmazonS3,0.0,0.0,9.47,564,2025-12-09T04:06:50Z,,,,,,,,,,,,,,,,
232e488b90dd4f94b9c23261b3bf802e,2026-02-07T09:00:00Z/2026-02-07T10:00:00Z,112233445566,2026-02-01T00:00:00Z,2026-03-01T00:00:00Z,AWS,334455667788,Usage,2026-02-07T09:00:00Z,2026-02-07T10:00:00Z,AmazonS3,USEA-TimedStorage-ByteHrs,StandardStorage,,arn:aws:s3:::dev-scratch-bucket,54.9787,,,3.19444e-05,0.00172625,3.19444e-05,0.00172625,GB-Mo,0.023,0.00172625,Amazon Simple Storage Service,,,,,us-east-1,AmazonS3,0.0,0.0,8.7,621,2026-01-19T08:26:31Z,,,,,,,,,,,,,,,,
f0f29920639849948aa6598d00e6dde0,2026-02-07T18:00:00Z/2026-02-07T19:00:00Z,112233445566,2026-02-01T00:00:00Z,2026-03-01T00:00:00Z,AWS,334455667788,Usage,2026-02-07T18:00:00Z,2026-02-07T19:00:00Z,AmazonS3,USEA-TimedStorage-ByteHrs,StandardStorage,,arn:aws:s3:::dev-scratch-bucket,55.0384,,,3.19444e-05,0.00172273,3.19444e-05,0.00172273,GB-Mo,0.023,0.00172273,Amazon Simple Storage Service,,,,,us-east-1,AmazonS3,0.0,0.0,2.05,633,2026-01-20T18:30:24Z,,,,,,,,,,,,,,,,
388bd4dfe28f4cbe8bd4bff71aea203c,2026-02-08T03:00:00Z/2026-02-08T04:00:00Z,112233445566,2026-02-01T00:00:00Z,2026-03-01T00:00:00Z,AWS,334455667788,Usage,2026-02-08T03:00:00Z,2026-02-08T04:00:00Z,AmazonS3,USEA-TimedStorage-ByteHrs,StandardStorage,,arn:aws:s3:::dev-scratch-bucket,54.9925,,,3.19444e-05,0.00175357,3.19444e-05,0.00175357,GB-Mo,0.023,0.00175357,Amazon Simple Storage Service,,,,,us-east-1,AmazonS3,0.0,0.0,4.2,633,2026-01-23T14:35:24Z,,,,,,,,,,,,,,,,
3b1bbb2a9a1445e29673ea2e49893e6d,2026-02-08T12:00:00Z/2026-02-08T13:00:00Z,112233445566,2026-02-01T00:00:00Z,2026-03-01T00:00:00Z,AWS,334455667788,Usage,2026-02-08T12:00:00Z,2026-02-08T13:00:00Z,AmazonS3,USEA-TimedStorage-ByteHrs,StandardStorage,,arn:aws:s3:::dev-scratch-bucket,55.0314,,,3.19444e-05,0.00176843,3.19444e-05,0.00176843,GB-Mo,0.023,0.00176843,Amazon Simple Storage Service,,,,,us-east-1,AmazonS3,0.0,0.0,8.3,599,2026-01-10T03:27:00Z,,,,,,,,,,,,,,,,
45f51c88403a4d39ae07f55252d1aa3f,2026-02-08T21:00:00Z/2026-02-08T22:00:00Z,112233445566,2026-02-01T00:00:00Z,2026-03-01T00:00:00Z,AWS,334455667788,Usage,2026-02-08T21:00:00Z,2026-02-08T22:00:00Z,AmazonS3,USEA-TimedStorage-ByteHrs,StandardStorage,,arn:aws:s3:::dev-scratch-bucket,54.9501,,,3.19444e-05,0.0017672,3.19444e-05,0.0017672,GB-Mo,0.023,0.0017672,Amazon Simple Storage Service,,,,,us-east-1,AmazonS3,0.0,0.0,6.97,508,2025-12-28T04:00:07Z,,,,,,,,,,,,,,,,
fefc1ff4f1404e49bfc8f7f204e4bee0,2026-02-09T06:00:00Z/2026-02-09T07:00:00Z,112233445566,2026-02-01T00:00:00Z,2026-03-01T00:00:00Z,AWS,334455667788,Usage,2026-02-09T06:00:00Z,2026-02-09T07:00:00Z,AmazonS3,USEA-TimedStorage-ByteHrs,StandardStorage,,arn:aws:s3:::dev-scratch-bucket,54.9645,,,3.19444e-05,0.00173224,3.19444e-05,0.00173224,GB-Mo,0.023,0.00173224,Amazon Simple Storage Service,,,,,us-east-1,AmazonS3,0.0,0.0,6.92,599,2026-01-21T21:26:46Z,,,,,,,,,,,,,,,,
71937821fd9141459779695eee2a9832,2026-02-09T15:00:00Z/2026-02-09T16:00:00Z,112233445566,2026-02-01T00:00:00Z,2026-03-01T00:00:00Z,AWS,334455667788,Usage,2026-02-09T15:00:00Z,2026-02-09T16:00:00Z,AmazonS3,USEA-TimedStorage-ByteHrs,StandardStorage,,arn:aws:s3:::dev-scratch-bucket,54.963,,,3.19444e-05,0.0017263,3.19444e-05,0.0017263,GB-Mo,0.023,0.0017263,Amazon Simple Storage Service,,,,,us-east-1,AmazonS3,0.0,0.0,6.0,690,2025-12-28T14:38:27Z,,,,,,,,,,,,,,,,
fa6b94056c9e493782c21e3a227b5af0,2026-02-10T00:00:00Z/2026-02-10T01:00:00Z,112233445566,2026-02-01T00:00:00Z,2026-03-01T00:00:00Z,AWS,334455667788,Usage,2026-02-10T00:00:00Z,2026-02-10T01:00:00Z,AmazonS3,USEA-TimedStorage-ByteHrs,StandardStorage,,arn:aws:s3:::dev-scratch-bucket,55.0367,,,3.19444e-05,0.00178679,3.19444e-05,0.00178679,GB-Mo,0.023,0.00178679,Amazon Simple Storage Service,,,,,us-east-1,AmazonS3,0.0,0.0,4.76,658,2026-01-08T06:34:37Z,,,,,,,,,,,,,,,,
79868c7a68eb499c9c370f32adeb7bd9,2026-02-10T09:00:00Z/2026-02-10T10:00:00Z,112233445566,2026-02-01T00:00:00Z,2026-03-01T00:00:00Z,AWS,334455667788,Usage,2026-02-10T09:00:00Z,2026-02-10T10:00:00Z,AmazonS3,USEA-TimedStorage-ByteHrs,StandardStorage,,arn:aws:s3:::dev-scratch-bucket,55.0269,,,3.19444e-05,0.0017613,3.19444e-05,0.0017613,GB-Mo,0.023,0.0017613,Amazon Simple Storage Service,,,,,us-east-1,AmazonS3,0.0,0.0,5.11,493,2026-01-16T10:20:36Z,,,,,,,,,,,,,,,,
0070e51cac0248f6ba741a40d7ce7bda,2026-02-10T18:00:00Z/2026-02-10T19:00:00Z,112233445566,2026-02-01T00:00:00Z,2026-03-01T00:00:00Z,AWS,334455667788,Usage,2026-02-10T18:00:00Z,2026-02-10T19:00:00Z,AmazonS3,USEA-TimedStorage-ByteHrs,StandardStorage,,arn:aws:s3:::dev-scratch-bucket,55.0143,,,3.19444e-05,0.00173684,3.19444e-05,0.00173684,GB-Mo,0.023,0.00173684,Amazon Simple Storage Service,,,,,us-east-1,AmazonS3,0.0,0.0,5.52,427,2025-12-28T03:29:13Z,,,,,,,,,,,,,,,,
6a70310b930941648b14016622990fa3,2026-02-11T03:00:00Z/2026-02-11T04:00:00Z,112233445566,2026-02-01T00:00:00Z,2026-03-01T00:00:00Z,AWS,334455667788,Usage,2026-02-11T03:00:00Z,2026-02-11T04:00:00Z,AmazonS3,USEA-TimedStorage-ByteHrs,StandardStorage,,arn:aws:s3:::dev-scratch-bucket,54.9891,,,3.19444e-05,0.00176376,3.19444e-05,0.00176376,GB-Mo,0.023,0.00176376,Amazon Simple Storage Service,,,,,us-east-1,AmazonS3,0.0,0.0,9.5,513,2025-12-16T06:06:05Z,,,,,,,,,,,,,,,,
7dd57296338d49edb8f094579a8f4e96,2026-02-11T12:00:00Z/2026-02-11T13:00:00Z,112233445566,2026-02-01T00:00:00Z,2026-03-01T00:00:00Z,AWS,334455667788,Usage,2026-02-11T12:00:00Z,2026-02-11T13:00:00Z,AmazonS3,USEA-TimedStorage-ByteHrs,StandardStorage,,arn:aws:s3:::dev-scratch-bucket,55.0138,,,3.19444e-05,0.00174497,3.19444e-05,0.00174497,GB-Mo,0.023,0.00174497,Amazon Simple Storage Service,,,,,us-east-1,AmazonS3,0.0,0.0,5.86,450,2025-12-24T08:34:15Z,,,,,,,,,,,,,,,,
3a7f21c5607f4d15a692804f998ddfa3,2026-02-11T21:00:00Z/2026-02-11T22:00:00Z,112233445566,2026-02-01T00:00:00Z,2026-03-01T00:00:00Z,AWS,334455667788,Usage,2026-02-11T21:00:00Z,2026-02-11T22:00:00Z,AmazonS3,USEA-TimedStorage-ByteHrs,StandardStorage,,arn:aws:s3:::dev-scratch-bucket,54.9561,,,3.19444e-05,0.00178506,3.19444e-05,0.00178506,GB-Mo,0.023,0.00178506,Amazon Simple Storage Service,,,,,us-east-1,AmazonS3,0.0,0.0,5.08,522,2026-01-15T04:12:04Z,,,,,,,,,,,,,,,,
63714b194745427d9691677e07164f0c,2026-02-12T06:00:00Z/2026-02-12T07:00:00Z,112233445566,2026-02-01T00:00:00Z,2026-03-01T00:00:00Z,AWS,334455667788,Usage,2026-02-12T06:00:00Z,2026-02-12T07:00:00Z,AmazonS3,USEA-TimedStorage-ByteHrs,StandardStorage,,arn:aws:s3:::dev-scratch-bucket,54.9618,,,3.19444e-05,0.00172904,3.19444e-05,0.00172904,GB-Mo,0.023,0.00172904,Amazon Simple Storage Service,,,,,us-east-1,AmazonS3,0.0,0.0,4.16,623,2025-12-22T21:08:57Z,,,,,,,,,,,,,,,,
5458407ba0ca4cf4a3ef1893cb4910ce,2026-02-12T15:00:00Z/2026-02-12T16:00:00Z,112233445566,2026-02-01T00:00:00Z,2026-03-01T00:00:00Z,AWS,334455667788,Usage,2026-02-12T15:00:00Z,2026-02-12T16:00:00Z,AmazonS3,USEA-TimedStorage-ByteHrs,StandardStorage,,arn:aws:s3:::dev-scratch-bucket,54.9887,,,3.19444e-05,0.00173242,3.19444e-05,0.00173242,GB-Mo,0.023,0.00173242,Amazon Simple Storage Service,,,,,us-east-1,AmazonS3,0.0,0.0,8.77,659,2026-01-04T16:38:00Z,,,,,,,,,,,,,,,,
7596d2b67c2642d19479838b27344aa1,2026-02-13T00:00:00Z/2026-02-13T01:00:00Z,112233445566,2026-02-01T00:00:00Z,2026-03-01T00:00:00Z,AWS,334455667788,Usage,2026-02-13T00:00:00Z,2026-02-13T01:00:00Z,AmazonS3,USEA-TimedStorage-ByteHrs,StandardStorage,,arn:aws:s3:::dev-scratch-bucket,54.9589,,,3.19444e-05,0.00175017,3.19444e-05,0.00175017,GB-Mo,0.023,0.00175017,Amazon Simple Storage Service,,,,,us-east-1,AmazonS3,0.0,0.0,3.31,489,2026-01-14T00:33:17Z,,,,,,,,,,,,,,,,
f20eafa5b2dd4bd198ef4abe6d55b2f9,2026-02-13T09:00:00Z/2026-02-13T10:00:00Z,112233445566,2026-02-01T00:00:00Z,2026-03-01T00:00:00Z,AWS,334455667788,Usage,2026-02-13T09:00:00Z,2026-02-13T10:00:00Z,AmazonS3,USEA-TimedStorage-ByteHrs,StandardStorage,,arn:aws:s3:::dev-scratch-bucket,55.0465,,,3.19444e-05,0.00174897,3.19444e-05,0.00174897,GB-Mo,0.023,0.00174897,Amazon Simple Storage Service,,,,,us-east-1,AmazonS3,0.0,0.0,3.35,560,2025-12-22T00:55:48Z,,,,,,,,,,,,,,,,
2b524735110c48cc8ef5323ed4afc62c,2026-02-13T18:00:00Z/2026-02-13T19:00:00Z,112233445566,2026-02-01T00:00:00Z,2026-03-01T00:00:00Z,AWS,334455667788,Usage,2026-02-13T18:00:00Z,2026-02-13T19:00:00Z,AmazonS3,USEA-TimedStorage-ByteHrs,StandardStorage,,arn:aws:s3:::dev-scratch-bucket,55.0234,,,3.19444e-05,0.00176966,3.19444e-05,0.00176966,GB-Mo,0.023,0.00176966,Amazon Simple Storage Service,,,,,us-east-1,AmazonS3,0.0,0.0,2.03,276,2026-01-01T21:05:06Z,,,,,,,,,,,,,,,,
4b52168108b84201b092ae975d87c6bf,2026-02-14T03:00:00Z/2026-02-14T04:00:00Z,112233445566,2026-02-01T00:00:00Z,2026-03-01T00:00:00Z,AWS,334455667788,Usage,2026-02-14T03:00:00Z,2026-02-14T04:00:00Z,AmazonS3,USEA-TimedStorage-ByteHrs,StandardStorage,,arn:aws:s3:::dev-scratch-bucket,55.0093,,,3.19444e-05,0.00177874,3.19444e-05,0.00177874,GB-Mo,0.023,0.00177874,Amazon Simple Storage Service,,,,,us-east-1,AmazonS3,0.0,0.0,8.33,681,2026-01-01T06:13:37Z,,,,,,,,,,,,,,,,
3b93c4e0ae6047ed87252923b5c19bcd,2026-02-14T12:00:00Z/2026-02-14T13:00:00Z,112233445566,2026-02-01T00:00:00Z,2026-03-01T00:00:00Z,AWS,334455667788,Usage,2026-02-14T12:00:00Z,2026-02-14T13:00:00Z,AmazonS3,USEA-TimedStorage-ByteHrs,StandardStorage,,arn:aws:s3:::dev-scratch-bucket,54.9677,,,3.19444e-05,0.00177084,3.19444e-05,0.00177084,GB-Mo,0.023,0.00177084,Amazon Simple Storage Service,,,,,us-east-1,AmazonS3,0.0,0.0,4.85,688,2026-01-20T08:44:07Z,,,,,,,,,,,,,,,,
69a1cbc51c664e85bdfec1e84207b917,2026-02-14T21:00:00Z/2026-02-14T22:00:00Z,112233445566,2026-02-01T00:00:00Z,2026-03-01T00:00:00Z,AWS,334455667788,Usage,2026-02-14T21:00:00Z,2026-02-14T22:00:00Z,AmazonS3,USEA-TimedStorage-ByteHrs,StandardStorage,,arn:aws:s3:::dev-scratch-bucket,55.0189,,,3.19444e-05,0.00178816,3.19444e-05,0.00178816,GB-Mo,0.023,0.00178816,Amazon Simple Storage Service,,,,,us-east-1,AmazonS3,0.0,0.0,5.74,537,2025-12-29T03:44:25Z,,,,,,,,,,,,,,,,
5a986823902e49bdb78727e9e1406d87,2026-02-15T06:00:00Z/2026-02-15T07:00:00Z,112233445566,2026-02-01T00:00:00Z,2026-03-01T00:00:00Z,AWS,334455667788,Usage,2026-02-15T06:00:00Z,2026-02-15T07:00:00Z,AmazonS3,USEA-TimedStorage-ByteHrs,StandardStorage,,arn:aws:s3:::dev-scratch-bucket,55.0457,,,3.19444e-05,0.00176172,3.19444e-05,0.00176172,GB-Mo,0.023,0.00176172,Amazon Simple Storage Service,,,,,us-east-1,AmazonS3,0.0,0.0,5.77,500,2026-01-04T16:06:51Z,,,,,,,,,,,,,,,,
6f3bf7dcbc5d4fc09bc755f6a7377b55,2026-02-15T15:00:00Z/2026-02-15T16:00:00Z,112233445566,2026-02-01T00:00:00Z,2026-03-01T00:00:00Z,AWS,334455667788,Usage,2026-02-15T15:00:00Z,2026-02-15T16:00:00Z,AmazonS3,USEA-TimedStorage-ByteHrs,StandardStorage,,arn:aws:s3:::dev-scratch-bucket,54.9971,,,3.19444e-05,0.00173537,3.19444e-05,0.00173537,GB-Mo,0.023,0.00173537,Amazon Simple Storage Service,,,,,us-east-1,AmazonS3,0.0,0.0,5.41,585,2026-01-27T19:41:19Z,,,,,,,,,,,,,,,,
7e99827bceb84cfda3ff44fef53b198d,2026-02-16T00:00:00Z/2026-02-16T01:00:00Z,112233445566,2026-02-01T00:00:00Z,2026-03-01T00:00:00Z,AWS,334455667788,Usage,2026-02-16T00:00:00Z,2026-02-16T01:00:00Z,AmazonS3,USEA-TimedStorage-ByteHrs,StandardStorage,,arn:aws:s3:::dev-scratch-bucket,55.0522,,,3.19444e-05,0.00176697,3.19444e-05,0.00176697,GB-Mo,0.023,0.00176697,Amazon Simple Storage Service,,,,,us-east-1,AmazonS3,0.0,0.0,4.62,328,2025-12-21T10:52:18Z,,,,,,,,,,,,,,,,
bbd094718f7a4ec4a5f25e1cd011ec5f,2026-02-16T09:00:00Z/2026-02-16T10:00:00Z,112233445566,2026-02-01T00:00:00Z,2026-03-01T00:00:00Z,AWS,334455667788,Usage,2026-02-16T09:00:00Z,2026-02-16T10:00:00Z,AmazonS3,USEA-TimedStorage-ByteHrs,StandardStorage,,arn:aws:s3:::dev-scratch-bucket,54.9715,,,3.19444e-05,0.0017647,3.19444e-05,0.0017647,GB-Mo,0.023,0.0017647,Amazon Simple Storage Service,,,,,us-east-1,AmazonS3,0.0,0.0,7.71,655,2026-01-18T10:25:52Z,,,,,,,,,,,,,,,,
157549bde9dd42ecba1202b625b896a6,2026-02-16T18:00:00Z/2026-02-16T19:00:00Z,112233445566,2026-02-01T00:00:00Z,2026-03-01T00:00:00Z,AWS,334455667788,Usage,2026-02-16T18:00:00Z,2026-02-16T19:00:00Z,AmazonS3,USEA-TimedStorage-ByteHrs,StandardStorage,,arn:aws:s3:::dev-scratch-bucket,54.9544,,,3.19444e-05,0.00175042,3.19444e-05,0.00175042,GB-Mo,0.023,0.00175042,Amazon Simple Storage Service,,,,,us-east-1,AmazonS3,0.0,0.0,7.45,650,2025-12-20T07:07:34Z,,,,,,,,,,,,,,,,
8596b3c375a544daa077cd9e0cabc0b8,2026-02-17T03:00:00Z/2026-02-17T04:00:00Z,112233445566,2026-02-01T00:00:00Z,2026-03-01T00:00:00Z,AWS,334455667788,Usage,2026-02-17T03:00:00Z,2026-02-17T04:00:00Z,AmazonS3,USEA-TimedStorage-ByteHrs,StandardStorage,,arn:aws:s3:::dev-scratch-bucket,54.973,,,3.19444e-05,0.00173237,3.19444e-05,0.00173237,GB-Mo,0.023,0.00173237,Amazon Simple Storage Service,,,,,us-east-1,AmazonS3,0.0,0.0,9.11,555,2026-01-13T03:44:11Z,,,,,,,,,,,,,,,,
b3def723d5bb4c47a93e556bb7f9287a,2026-02-17T12:00:00Z/2026-02-17T13:00:00Z,112233445566,2026-02-01T00:00:00Z,2026-03-01T00:00:00Z,AWS,334455667788,Usage,2026-02-17T12:00:00Z,2026-02-17T13:00:00Z,AmazonS3,USEA-TimedStorage-ByteHrs,StandardStorage,,arn:aws:s3:::dev-scratch-bucket,54.9951,,,3.19444e-05,0.00173086,3.19444e-05,0.00173086,GB-Mo,0.023,0.00173086,Amazon Simple Storage Service,,,,,us-east-1,AmazonS3,0.0,0.0,8.37,531,2026-01-16T09:23:48Z,,,,,,,,,,,,,,,,
032252de995e460981dc18477da5e2c3,2026-02-17T21:00:00Z/2026-02-17T22:00:00Z,112233445566,2026-02-01T00:00:00Z,2026-03-01T00:00:00Z,AWS,334455667788,Usage,2026-02-17T21:00:00Z,2026-02-17T22:00:00Z,AmazonS3,USEA-TimedStorage-ByteHrs,StandardStorage,,arn:aws:s3:::dev-scratch-bucket,55.0113,,,3.19444e-05,0.00175278,3.19444e-05,0.00175278,GB-Mo,0.023,0.00175278,Amazon Simple Storage Service,,,,,us-east-1,AmazonS3,0.0,0.0,2.08,418,2026-01-30T18:09:46Z,,,,,,,,,,,,,,,,
87ad949dea7343399d6ee9d3e409fa4b,2026-02-18T06:00:00Z/2026-02-18T07:00:00Z,112233445566,2026-02-01T00:00:00Z,2026-03-01T00:00:00Z,AWS,334455667788,Usage,2026-02-18T06:00:00Z,2026-02-18T07:00:00Z,AmazonS3,USEA-TimedStorage-ByteHrs,StandardStorage,,arn:aws:s3:::dev-scratch-bucket,55.0346,,,3.19444e-05,0.00174234,3.19444e-05,0.00174234,GB-Mo,0.023,0.00174234,Amazon Simple Storage Service,,,,,us-east-1,AmazonS3,0.0,0.0,8.46,719,2025-12-25T02:49:44Z,,,,,,,,,,,,,,,,
30e5c70790834332845ef86c788080d9,2026-02-18T15:00:00Z/2026-02-18T16:00:00Z,112233445566,2026-02-01T00:00:00Z,2026-03-01T00:00:00Z,AWS,334455667788,Usage,2026-02-18T15:00:00Z,2026-02-18T16:00:00Z,AmazonS3,USEA-TimedStorage-ByteHrs,StandardStorage,,arn:aws:s3:::dev-scratch-bucket,54.9855,,,3.19444e-05,0.00176059,3.19444e-05,0.00176059,GB-Mo,0.023,0.00176059,Amazon Simple Storage Service,,,,,us-east-1,AmazonS3,0.0,0.0,6.59,665,2026-01-08T22:08:46Z,,,,,,,,,,,,,,,,
542ed93f35254093893fa64314c5397c,2026-02-19T00:00:00Z/2026-02-19T01:00:00Z,112233445566,2026-02-01T00:00:00Z,2026-03-01T00:00:00Z,AWS,334455667788,Usage,2026-02-19T00:00:00Z,2026-02-19T01:00:00Z,AmazonS3,USEA-TimedStorage-ByteHrs,StandardStorage,,arn:aws:s3:::dev-scratch-bucket,55.0049,,,3.19444e-05,0.00176782,3.19444e-05,0.00176782,GB-Mo,0.023,0.00176782,Amazon Simple Storage Service,,,,,us-east-1,AmazonS3,0.0,0.0,5.34,639,2025-12-26T11:32:29Z,,,,,,,,,,,,,,,,
60b512dc98ab412d99b5ae1670636dff,2026-02-19T09:00:00Z/2026-02-19T10:00:00Z,112233445566,2026-02-01T00:00:00Z,2026-03-01T00:00:00Z,AWS,334455667788,Usage,2026-02-19T09:00:00Z,2026-02-19T10:00:00Z,AmazonS3,USEA-TimedStorage-ByteHrs,StandardStorage,,arn:aws:s3:::dev-scratch-bucket,54.9946,,,3.19444e-05,0.00174283,3.19444e-05,0.00174283,GB-Mo,0.023,0.00174283,Amazon Simple Storage Service,,,,,us-east-1,AmazonS3,0.0,0.0,6.8,580,2026-01-27T04:28:01Z,,,,,,,,,,,,,,,,
af8ea20a4d554a27b50ed2cc9476fcf7,2026-02-19T18:00:00Z/2026-02-19T19:00:00Z,112233445566,2026-02-01T00:00:00Z,2026-03-01T00:00:00Z,AWS,334455667788,Usage,2026-02-19T18:00:00Z,2026-02-19T19:00:00Z,AmazonS3,USEA-TimedStorage-ByteHrs,StandardStorage,,arn:aws:s3:::dev-scratch-bucket,55.0393,,,3.19444e-05,0.00174141,3.19444e-05,0.00174141,GB-Mo,0.023,0.00174141,Amazon Simple Storage Service,,,,,us-east-1,AmazonS3,0.0,0.0,7.71,664,2025-12-25T06:23:56Z,,,,,,,,,,,,,,,,
b97cc9ff04bb4870b8aa391ceaec1a2f,2026-02-20T03:00:00Z/2026-02-20T04:00:00Z,112233445566,2026-02-01T00:00:00Z,2026-03-01T00:00:00Z,AWS,334455667788,Usage,2026-02-20T03:00:00Z,2026-02-20T04:00:00Z,AmazonS3,USEA-TimedStorage-ByteHrs,StandardStorage,,arn:aws:s3:::dev-scratch-bucket,54.9847,,,3.19444e-05,0.00173438,3.19444e-05,0.00173438,GB-Mo,0.023,0.00173438,Amazon Simple Storage Service,,,,,us-east-1,AmazonS3,0.0,0.0,7.34,549,2025-12-26T21:02:07Z,,,,,,,,,,,,,,,,
d88c607c08194867b6c4cba17623860d,2026-02-20T12:00:00Z/2026-02-20T13:00:00Z,112233445566,2026-02-01T00:00:00Z,2026-03-01T00:00:00Z,AWS,334455667788,Usage,2026-02-20T12:00:00Z,2026-02-20T13:00:00Z,AmazonS3,USEA-TimedStorage-ByteHrs,StandardStorage,,arn:aws:s3:::dev-scratch-bucket,54.9778,,,3.19444e-05,0.00177511,3.19444e-05,0.00177511,GB-Mo,0.023,0.00177511,Amazon Simple Storage Service,,,,,us-east-1,AmazonS3,0.0,0.0,2.81,619,2026-01-26T14:34:44Z,,,,,,,,,,,,,,,,
cb666349f4a844a1ae28f32b2bdb72da,2026-02-20T21:00:00Z/2026-02-20T22:00:00Z,112233445566,2026-02-01T00:00:00Z,2026-03-01T00:00:00Z,AWS,334455667788,Usage,2026-02-20T21:00:00Z,2026-02-20T22:00:00Z,AmazonS3,USEA-TimedStorage-ByteHrs,StandardStorage,,arn:aws:s3:::dev-scratch-bucket,55.018,,,3.19444e-05,0.0017468,3.19444e-05,0.0017468,GB-Mo,0.023,0.0017468,Amazon Simple Storage Service,,,,,us-east-1,AmazonS3,0.0,0.0,5.05,461,2025-12-30T13:52:09Z,,,,,,,,,,,,,,,,
5189dc1355294d6e986051b2a3c40289,2026-02-21T06:00:00Z/2026-02-21T07:00:00Z,112233445566,2026-02-01T00:00:00Z,2026-03-01T00:00:00Z,AWS,334455667788,Usage,2026-02-21T06:00:00Z,2026-02-21T07:00:00Z,AmazonS3,USEA-TimedStorage-ByteHrs,StandardStorage,,arn:aws:s3:::dev-scratch-bucket,55.0233,,,3.19444e-05,0.00175819,3.19444e-05,0.00175819,GB-Mo,0.023,0.00175819,Amazon Simple Storage Service,,,,,us-east-1,AmazonS3,0.0,0.0,2.41,361,2026-01-26T02:35:45Z,,,,,,,,,,,,,,,,
a574b24c37044edaa1a3a7a19e85eaba,2026-02-21T15:00:00Z/2026-02-21T16:00:00Z,112233445566,2026-02-01T00:00:00Z,2026-03-01T00:00:00Z,AWS,334455667788,Usage,2026-02-21T15:00:00Z,2026-02-21T16:00:00Z,AmazonS3,USEA-TimedStorage-ByteHrs,StandardStorage,,arn:aws:s3:::dev-scratch-bucket,54.9883,,,3.19444e-05,0.00178294,3.19444e-05,0.00178294,GB-Mo,0.023,0.00178294,Amazon Simple Storage Service,,,,,us-east-1,AmazonS3,0.0,0.0,3.44,706,2026-01-01T00:48:04Z,,,,,,,,,,,,,,,,
2996ace15f4349f9b3a4a8d2df1f1342,2026-02-22T00:00:00Z/2026-02-22T01:00:00Z,112233445566,2026-02-01T00:00:00Z,2026-03-01T00:00:00Z,AWS,334455667788,Usage,2026-02-22T00:00:00Z,2026-02-22T01:00:00Z,AmazonS3,USEA-TimedStorage-ByteHrs,StandardStorage,,arn:aws:s3:::dev-scratch-bucket,55.0344,,,3.19444e-05,0.00172476,3.19444e-05,0.00172476,GB-Mo,0.023,0.00172476,Amazon Simple Storage Service,,,,,us-east-1,AmazonS3,0.0,0.0,5.41,692,2025-12-30T17:02:58Z,,,,,,,,,,,,,,,,
22fa9ac54a2545c59f47fe6630389ae0,2026-02-22T09:00:00Z/2026-02-22T10:00:00Z,112233445566,2026-02-01T00:00:00Z,2026-03-01T00:00:00Z,AWS,334455667788,Usage,2026-02-22T09:00:00Z,2026-02-22T10:00:00Z,AmazonS3,USEA-TimedStorage-ByteHrs,StandardStorage,,arn:aws:s3:::dev-scratch-bucket,54.9658,,,3.19444e-05,0.00176881,3.19444e-05,0.00176881,GB-Mo,0.023,0.00176881,Amazon Simple Storage Service,,,,,us-east-1,AmazonS3,0.0,0.0,5.35,474,2026-01-28T21:16:53Z,,,,,,,,,,,,,,,,
d6c3b25ae94d43988b6145fe9bf738bc,2026-02-22T18:00:00Z/2026-02-22T19:00:00Z,112233445566,2026-02-01T00:00:00Z,2026-03-01T00:00:00Z,AWS,334455667788,Usage,2026-02-22T18:00:00Z,2026-02-22T19:00:00Z,AmazonS3,USEA-TimedStorage-ByteHrs,StandardStorage,,arn:aws:s3:::dev-scratch-bucket,55.0073,,,3.19444e-05,0.00178198,3.19444e-05,0.00178198,GB-Mo,0.023,0.00178198,Amazon Simple Storage Service,,,,,us-east-1,AmazonS3,0.0,0.0,5.33,539,2026-01-11T15:25:40Z,,,,,,,,,,,,,,,,
779995ef54964942930687510fd3a56a,2026-02-23T03:00:00Z/2026-02-23T04:00:00Z,112233445566,2026-02-01T00:00:00Z,2026-03-01T00:00:00Z,AWS,334455667788,Usage,2026-02-23T03:00:00Z,2026-02-23T04:00:00Z,AmazonS3,USEA-TimedStorage-ByteHrs,StandardStorage,,arn:aws:s3:::dev-scratch-bucket,54.9763,,,3.19444e-05,0.00177429,3.19444e-05,0.00177429,GB-Mo,0.023,0.00177429,Amazon Simple Storage Service,,,,,us-east-1,AmazonS3,0.0,0.0,8.28,312,2026-01-09T17:40:19Z,,,,,,,,,,,,,,,,
d5bb50e8d0ea4880814f4f3dd41daa70,2026-02-23T12:00:00Z/2026-02-23T13:00:00Z,112233445566,2026-02-01T00:00:00Z,2026-03-01T00:00:00Z,AWS,334455667788,Usage,2026-02-23T12:00:00Z,2026-02-23T13:00:00Z,AmazonS3,USEA-TimedStorage-ByteHrs,StandardStorage,,arn:aws:s3:::dev-scratch-bucket,55.0468,,,3.19444e-05,0.00178398,3.19444e-05,0.00178398,GB-Mo,0.023,0.00178398,Amazon Simple Storage Service,,,,,us-east-1,AmazonS3,0.0,0.0,6.93,692,2026-01-28T12:15:38Z,,,,,,,,,,,,,,,,
0c89c977f6734d3ea59bf324186d4c04,2026-02-23T21:00:00Z/2026-02-23T22:00:00Z,112233445566,2026-02-01T00:00:00Z,2026-03-01T00:00:00Z,AWS,334455667788,Usage,2026-02-23T21:00:00Z,2026-02-23T22:00:00Z,AmazonS3,USEA-TimedStorage-ByteHrs,StandardStorage,,arn:aws:s3:::dev-scratch-bucket,54.9794,,,3.19444e-05,0.00177262,3.19444e-05,0.00177262,GB-Mo,0.023,0.00177262,Amazon Simple Storage Service,,,,,us-east-1,AmazonS3,0.0,0.0,4.39,435,2026-01-04T16:15:55Z,,,,,,,,,,,,,,,,
4cfe012c360046aaa9ab9097368413bc,2026-02-24T06:00:00Z/2026-02-24T07:00:00Z,112233445566,2026-02-01T00:00:00Z,2026-03-01T00:00:00Z,AWS,334455667788,Usage,2026-02-24T06:00:00Z,2026-02-24T07:00:00Z,AmazonS3,USEA-TimedStorage-ByteHrs,StandardStorage,,arn:aws:s3:::dev-scratch-bucket,54.9555,,,3.19444e-05,0.0017225,3.19444e-05,0.0017225,GB-Mo,0.023,0.0017225,Amazon Simple Storage Service,,,,,us-east-1,AmazonS3,0.0,0.0,7.48,248,2026-02-01T03:41:41Z,,,,,,,,,,,,,,,,
b291b3f90b8e4a3f9a633afdc6d1f294,2026-02-24T15:00:00Z/2026-02-24T16:00:00Z,112233445566,2026-02-01T00:00:00Z,2026-03-01T00:00:00Z,AWS,334455667788,Usage,2026-02-24T15:00:00Z,2026-02-24T16:00:00Z,AmazonS3,USEA-TimedStorage-ByteHrs,StandardStorage,,arn:aws:s3:::dev-scratch-bucket,55.0499,,,3.19444e-05,0.00177634,3.19444e-05,0.00177634,GB-Mo,0.023,0.00177634,Amazon Simple Storage Service,,,,,us-east-1,AmazonS3,0.0,0.0,8.66,630,2026-02-06T13:28:06Z,,,,,,,,,,,,,,,,
49c7c67a02984442b107a205317ec94c,2026-02-25T00:00:00Z/2026-02-25T01:00:00Z,112233445566,2026-02-01T00:00:00Z,2026-03-01T00:00:00Z,AWS,334455667788,Usage,2026-02-25T00:00:00Z,2026-02-25T01:00:00Z,AmazonS3,USEA-TimedStorage-ByteHrs,StandardStorage,,arn:aws:s3:::dev-scratch-bucket,55.0405,,,3.19444e-05,0.00176899,3.19444e-05,0.00176899,GB-Mo,0.023,0.00176899,Amazon Simple Storage Service,,,,,us-east-1,AmazonS3,0.0,0.0,6.96,373,2026-01-28T21:02:25Z,,,,,,,,,,,,,,,,
d2a924288aa04ed7a6e34db9788ac1bd,2026-02-25T09:00:00Z/2026-02-25T10:00:00Z,112233445566,2026-02-01T00:00:00Z,2026-03-01T00:00:00Z,AWS,334455667788,Usage,2026-02-25T09:00:00Z,2026-02-25T10:00:00Z,AmazonS3,USEA-TimedStorage-ByteHrs,StandardStorage,,arn:aws:s3:::dev-scratch-bucket,55.0129,,,3.19444e-05,0.00172922,3.19444e-05,0.00172922,GB-Mo,0.023,0.00172922,Amazon Simple Storage Service,,,,,us-east-1,AmazonS3,0.0,0.0,5.45,627,2026-02-07T19:33:13Z,,,,,,,,,,,,,,,,
447c8d37082b4fc6a7a425683bc36118,2026-02-25T18:00:00Z/2026-02-25T19:00:00Z,112233445566,2026-02-01T00:00:00Z,2026-03-01T00:00:00Z,AWS,334455667788,Usage,2026-02-25T18:00:00Z,2026-02-25T19:00:00Z,AmazonS3,USEA-TimedStorage-ByteHrs,StandardStorage,,arn:aws:s3:::dev-scratch-bucket,55.0247,,,3.19444e-05,0.00179033,3.19444e-05,0.00179033,GB-Mo,0.023,0.00179033,Amazon Simple Storage Service,,,,,us-east-1,AmazonS3,0.0,0.0,6.05,583,2026-01-12T19:54:36Z,,,,,,,,,,,,,,,,
ca5ec0370c05487cb3d0c4ce2173ce3c,2026-02-26T03:00:00Z/2026-02-26T04:00:00Z,112233445566,2026-02-01T00:00:00Z,2026-03-01T00:00:00Z,AWS,334455667788,Usage,2026-02-26T03:00:00Z,2026-02-26T04:00:00Z,AmazonS3,USEA-TimedStorage-ByteHrs,StandardStorage,,arn:aws:s3:::dev-scratch-bucket,55.0443,,,3.19444e-05,0.00175168,3.19444e-05,0.00175168,GB-Mo,0.023,0.00175168,Amazon Simple Storage Service,,,,,us-east-1,AmazonS3,0.0,0.0,5.94,496,2026-02-08T13:50:54Z,,,,,,,,,,,,,,,,
8d5bff6abc414c55969d3d13ed3d760f,2026-02-26T12:00:00Z/2026-02-26T13:00:00Z,112233445566,2026-02-01T00:00:00Z,2026-03-01T00:00:00Z,AWS,334455667788,Usage,2026-02-26T12:00:00Z,2026-02-26T13:00:00Z,AmazonS3,USEA-TimedStorage-ByteHrs,StandardStorage,,arn:aws:s3:::dev-scratch-bucket,55.0384,,,3.19444e-05,0.00174536,3.19444e-05,0.00174536,GB-Mo,0.023,0.00174536,Amazon Simple Storage Service,,,,,us-east-1,AmazonS3,0.0,0.0,3.48,659,2026-01-03T12:50:35Z,,,,,,,,,,,,,,,,
2bfcc715340d455a89494577321abbcb,2026-02-26T21:00:00Z/2026-02-26T22:00:00Z,112233445566,2026-02-01T00:00:00Z,2026-03-01T00:00:00Z,AWS,334455667788,Usage,2026-02-26T21:00:00Z,2026-02-26T22:00:00Z,AmazonS3,USEA-TimedStorage-ByteHrs,StandardStorage,,arn:aws:s3:::dev-scratch-bucket,54.9842,,,3.19444e-05,0.00177682,3.19444e-05,0.00177682,GB-Mo,0.023,0.00177682,Amazon Simple Storage Service,,,,,us-east-1,AmazonS3,0.0,0.0,3.8,505,2025-12-30T06:23:14Z,,,,,,,,,,,,,,,,
0e090d77fc94404fb5ee738278780d0e,2026-02-27T06:00:00Z/2026-02-27T07:00:00Z,112233445566,2026-02-01T00:00:00Z,2026-03-01T00:00:00Z,AWS,334455667788,Usage,2026-02-27T06:00:00Z,2026-02-27T07:00:00Z,AmazonS3,USEA-TimedStorage-ByteHrs,StandardStorage,,arn:aws:s3:::dev-scratch-bucket,55.0174,,,3.19444e-05,0.00176227,3.19444e-05,0.00176227,GB-Mo,0.023,0.00176227,Amazon Simple Storage Service,,,,,us-east-1,AmazonS3,0.0,0.0,4.38,402,2026-01-31T08:54:18Z,,,,,,,,,,,,,,,,
66f1b1eec1084cbea0b86b5b12cb665b,2026-02-27T15:00:00Z/2026-02-27T16:00:00Z,112233445566,2026-02-01T00:00:00Z,2026-03-01T00:00:00Z,AWS,334455667788,Usage,2026-02-27T15:00:00Z,2026-02-27T16:00:00Z,AmazonS3,USEA-TimedStorage-ByteHrs,StandardStorage,,arn:aws:s3:::dev-scratch-bucket,54.9692,,,3.19444e-05,0.00173888,3.19444e-05,0.00173888,GB-Mo,0.023,0.00173888,Amazon Simple Storage Service,,,,,us-east-1,AmazonS3,0.0,0.0,8.35,711,2026-01-31T04:23:40Z,,,,,,,,,,,,,,,,
2010de08b9884f878363e92090b7bfbf,2026-02-01T00:00:00Z/2026-02-01T01:00:00Z,112233445566,2026-02-01T00:00:00Z,2026-03-01T00:00:00Z,AWS,112233445566,Usage,2026-02-01T00:00:00Z,2026-02-01T01:00:00Z,AmazonVPC,USE1-NatGateway-Hours,NatGateway,,arn:aws:ec2:us-east-1:112233445566:natgateway/nat-8b714b12d4994f138,1.0,,,0.045,0.044396,0.045,0.044396,Hrs,0.045,0.044396,Amazon Virtual Private Cloud,,,,,us-east-1,AmazonVPC,,,,,,,,,,,,,,,,,,,,,
433739cc5c3040d6a6853be30e2741b7,2026-02-01T09:00:00Z/2026-02-01T10:00:00Z,112233445566,2026-02-01T00:00:00Z,2026-03-01T00:00:00Z,AWS,112233445566,Usage,2026-02-01T09:00:00Z,2026-02-01T10:00:00Z,AmazonVPC,USE1-NatGateway-Hours,NatGateway,,arn:aws:ec2:us-east-1:112233445566:natgateway/nat-8b714b12d4994f138,1.0,,,0.045,0.044349,0.045,0.044349,Hrs,0.045,0.044349,Amazon Virtual Private Cloud,,,,,us-east-1,AmazonVPC,,,,,,,,,,,,,,,,,,,,,
c6dcbbef7f1d4633806bef45efbeeecb,2026-02-01T18:00:00Z/2026-02-01T19:00:00Z,112233445566,2026-02-01T00:00:00Z,2026-03-01T00:00:00Z,AWS,112233445566,Usage,2026-02-01T18:00:00Z,2026-02-01T19:00:00Z,AmazonVPC,USE1-NatGateway-Hours,NatGateway,,arn:aws:ec2:us-east-1:112233445566:natgateway/nat-8b714b12d4994f138,1.0,,,0.045,0.044478,0.045,0.044478,Hrs,0.045,0.044478,Amazon Virtual Private Cloud,,,,,us-east-1,AmazonVPC,,,,,,,,,,,,,,,,,,,,,
a7174b9e88c047d9ae989549affff1b9,2026-02-02T03:00:00Z/2026-02-02T04:00:00Z,112233445566,2026-02-01T00:00:00Z,2026-03-01T00:00:00Z,AWS,112233445566,Usage,2026-02-02T03:00:00Z,2026-02-02T04:00:00Z,AmazonVPC,USE1-NatGateway-Hours,NatGateway,,arn:aws:ec2:us-east-1:112233445566:natgateway/nat-8b714b12d4994f138,1.0,,,0.045,0.044213,0.045,0.044213,Hrs,0.045,0.044213,Amazon Virtual Private Cloud,,,,,us-east-1,AmazonVPC,,,,,,,,,,,,,,,,,,,,,
bcbbd2824d514f02a22ab5c5e47914c0,2026-02-02T12:00:00Z/2026-02-02T13:00:00Z,112233445566,2026-02-01T00:00:00Z,2026-03-01T00:00:00Z,AWS,112233445566,Usage,2026-02-02T12:00:00Z,2026-02-02T13:00:00Z,AmazonVPC,USE1-NatGateway-Hours,NatGateway,,arn:aws:ec2:us-east-1:112233445566:natgateway/nat-8b714b12d4994f138,1.0,,,0.045,0.044588,0.045,0.044588,Hrs,0.045,0.044588,Amazon Virtual Private Cloud,,,,,us-east-1,AmazonVPC,,,,,,,,,,,,,,,,,,,,,
91bcc692bb3c4a43b35adb8d600c3f0d,2026-02-02T21:00:00Z/2026-02-02T22:00:00Z,112233445566,2026-02-01T00:00:00Z,2026-03-01T00:00:00Z,AWS,112233445566,Usage,2026-02-02T21:00:00Z,2026-02-02T22:00:00Z,AmazonVPC,USE1-NatGateway-Hours,NatGateway,,arn:aws:ec2:us-east-1:112233445566:natgateway/nat-8b714b12d4994f138,1.0,,,0.045,0.044643,0.045,0.044643,Hrs,0.045,0.044643,Amazon Virtual Private Cloud,,,,,us-east-1,AmazonVPC,,,,,,,,,,,,,,,,,,,,,
e648bd7390414b72bb1bcb34e4fce54b,2026-02-03T06:00:00Z/2026-02-03T07:00:00Z,112233445566,2026-02-01T00:00:00Z,2026-03-01T00:00:00Z,AWS,112233445566,Usage,2026-02-03T06:00:00Z,2026-02-03T07:00:00Z,AmazonVPC,USE1-NatGateway-Hours,NatGateway,,arn:aws:ec2:us-east-1:112233445566:natgateway/nat-8b714b12d4994f138,1.0,,,0.045,0.045361,0.045,0.045361,Hrs,0.045,0.045361,Amazon Virtual Private Cloud,,,,,us-east-1,AmazonVPC,,,,,,,,,,,,,,,,,,,,,
d17eb55720ac4e30b4206e65d40a626e,2026-02-03T15:00:00Z/2026-02-03T16:00:00Z,112233445566,2026-02-01T00:00:00Z,2026-03-01T00:00:00Z,AWS,112233445566,Usage,2026-02-03T15:00:00Z,2026-02-03T16:00:00Z,AmazonVPC,USE1-NatGateway-Hours,NatGateway,,arn:aws:ec2:us-east-1:112233445566:natgateway/nat-8b714b12d4994f138,1.0,,,0.045,0.04469,0.045,0.04469,Hrs,0.045,0.04469,Amazon Virtual Private Cloud,,,,,us-east-1,AmazonVPC,,,,,,,,,,,,,,,,,,,,,
2fbf968e4e4e45af9f019fa43b9162fb,2026-02-04T00:00:00Z/2026-02-04T01:00:00Z,112233445566,2026-02-01T00:00:00Z,2026-03-01T00:00:00Z,AWS,112233445566,Usage,2026-02-04T00:00:00Z,2026-02-04T01:00:00Z,AmazonVPC,USE1-NatGateway-Hours,NatGateway,,arn:aws:ec2:us-east-1:112233445566:natgateway/nat-8b714b12d4994f138,1.0,,,0.045,0.044674,0.045,0.044674,Hrs,0.045,0.044674,Amazon Virtual Private Cloud,,,,,us-east-1,AmazonVPC,,,,,,,,,,,,,,,,,,,,,
560587450e124805914c3dd16e9dc163,2026-02-04T09:00:00Z/2026-02-04T10:00:00Z,112233445566,2026-02-01T00:00:00Z,2026-03-01T00:00:00Z,AWS,112233445566,Usage,2026-02-04T09:00:00Z,2026-02-04T10:00:00Z,AmazonVPC,USE1-NatGateway-Hours,NatGateway,,arn:aws:ec2:us-east-1:112233445566:natgateway/nat-8b714b12d4994f138,1.0,,,0.045,0.044703,0.045,0.044703,Hrs,0.045,0.044703,Amazon Virtual Private Cloud,,,,,us-east-1,AmazonVPC,,,,,,,,,,,,,,,,,,,,,
b61c7d061cad47a493d52d6dd5ea85b6,2026-02-04T18:00:00Z/2026-02-04T19:00:00Z,112233445566,2026-02-01T00:00:00Z,2026-03-01T00:00:00Z,AWS,112233445566,Usage,2026-02-04T18:00:00Z,2026-02-04T19:00:00Z,AmazonVPC,USE1-NatGateway-Hours,NatGateway,,arn:aws:ec2:us-east-1:112233445566:natgateway/nat-8b714b12d4994f138,1.0,,,0.045,0.045219,0.045,0.045219,Hrs,0.045,0.045219,Amazon Virtual Private Cloud,,,,,us-east-1,AmazonVPC,,,,,,,,,,,,,,,,,,,,,
ffaf3278dbe9437595a1cbdbf5ccc2bb,2026-02-05T03:00:00Z/2026-02-05T04:00:00Z,112233445566,2026-02-01T00:00:00Z,2026-03-01T00:00:00Z,AWS,112233445566,Usage,2026-02-05T03:00:00Z,2026-02-05T04:00:00Z,AmazonVPC,USE1-NatGateway-Hours,NatGateway,,arn:aws:ec2:us-east-1:112233445566:natgateway/nat-8b714b12d4994f138,1.0,,,0.045,0.044108,0.045,0.044108,Hrs,0.045,0.044108,Amazon Virtual Private Cloud,,,,,us-east-1,AmazonVPC,,,,,,,,,,,,,,,,,,,,,
c64cec98f0df427bb67a9866a0fa64da,2026-02-05T12:00:00Z/2026-02-05T13:00:00Z,112233445566,2026-02-01T00:00:00Z,2026-03-01T00:00:00Z,AWS,112233445566,Usage,2026-02-05T12:00:00Z,2026-02-05T13:00:00Z,AmazonVPC,USE1-NatGateway-Hours,NatGateway,,arn:aws:ec2:us-east-1:112233445566:natgateway/nat-8b714b12d4994f138,1.0,,,0.045,0.044817,0.045,0.044817,Hrs,0.045,0.044817,Amazon Virtual Private Cloud,,,,,us-east-1,AmazonVPC,,,,,,,,,,,,,,,,,,,,,
dd76f0b2b416461795e480538ae3f0a3,2026-02-05T21:00:00Z/2026-02-05T22:00:00Z,112233445566,2026-02-01T00:00:00Z,2026-03-01T00:00:00Z,AWS,112233445566,Usage,2026-02-05T21:00:00Z,2026-02-05T22:00:00Z,AmazonVPC,USE1-NatGateway-Hours,NatGateway,,arn:aws:ec2:us-east-1:112233445566:natgateway/nat-8b714b12d4994f138,1.0,,,0.045,0.044667,0.045,0.044667,Hrs,0.045,0.044667,Amazon Virtual Private Cloud,,,,,us-east-1,AmazonVPC,,,,,,,,,,,,,,,,,,,,,
71f34ab2063d481097082f6f0bcce947,2026-02-06T06:00:00Z/2026-02-06T07:00:00Z,112233445566,2026-02-01T00:00:00Z,2026-03-01T00:00:00Z,AWS,112233445566,Usage,2026-02-06T06:00:00Z,2026-02-06T07:00:00Z,AmazonVPC,USE1-NatGateway-Hours,NatGateway,,arn:aws:ec2:us-east-1:112233445566:natgateway/nat-8b714b12d4994f138,1.0,,,0.045,0.045203,0.045,0.045203,Hrs,0.045,0.045203,Amazon Virtual Private Cloud,,,,,us-east-1,AmazonVPC,,,,,,,,,,,,,,,,,,,,,
a33ca5a1383e46d68ed14596655ef02d,2026-02-06T15:00:00Z/2026-02-06T16:00:00Z,112233445566,2026-02-01T00:00:00Z,2026-03-01T00:00:00Z,AWS,112233445566,Usage,2026-02-06T15:00:00Z,2026-02-06T16:00:00Z,AmazonVPC,USE1-NatGateway-Hours,NatGateway,,arn:aws:ec2:us-east-1:112233445566:natgateway/nat-8b714b12d4994f138,1.0,,,0.045,0.04416,0.045,0.04416,Hrs,0.045,0.04416,Amazon Virtual Private Cloud,,,,,us-east-1,AmazonVPC,,,,,,,,,,,,,,,,,,,,,
0b9291b7cce7496fa4464ddec4c3c7b3,2026-02-07T00:00:00Z/2026-02-07T01:00:00Z,112233445566,2026-02-01T00:00:00Z,2026-03-01T00:00:00Z,AWS,112233445566,Usage,2026-02-07T00:00:00Z,2026-02-07T01:00:00Z,AmazonVPC,USE1-NatGateway-Hours,NatGateway,,arn:aws:ec2:us-east-1:112233445566:natgateway/nat-8b714b12d4994f138,1.0,,,0.045,0.045537,0.045,0.045537,Hrs,0.045,0.045537,Amazon Virtual Private Cloud,,,,,us-east-1,AmazonVPC,,,,,,,,,,,,,,,,,,,,,
7b9f292385ea40ce8c4620afea0763d5,2026-02-07T09:00:00Z/2026-02-07T10:00:00Z,112233445566,2026-02-01T00:00:00Z,2026-03-01T00:00:00Z,AWS,112233445566,Usage,2026-02-07T09:00:00Z,2026-02-07T10:00:00Z,AmazonVPC,USE1-NatGateway-Hours,NatGateway,,arn:aws:ec2:us-east-1:112233445566:natgateway/nat-8b714b12d4994f138,1.0,,,0.045,0.045249,0.045,0.045249,Hrs,0.045,0.045249,Amazon Virtual Private Cloud,,,,,us-east-1,AmazonVPC,,,,,,,,,,,,,,,,,,,,,
2184afc685d241eba39e465482e2897b,2026-02-07T18:00:00Z/2026-02-07T19:00:00Z,112233445566,2026-02-01T00:00:00Z,2026-03-01T00:00:00Z,AWS,112233445566,Usage,2026-02-07T18:00:00Z,2026-02-07T19:00:00Z,AmazonVPC,USE1-NatGateway-Hours,NatGateway,,arn:aws:ec2:us-east-1:112233445566:natgateway/nat-8b714b12d4994f138,1.0,,,0.045,0.04447,0.045,0.04447,Hrs,0.045,0.04447,Amazon Virtual Private Cloud,,,,,us-east-1,AmazonVPC,,,,,,,,,,,,,,,,,,,,,
a8fc1bde169a49e2a1210a855dc0169a,2026-02-08T03:00:00Z/2026-02-08T04:00:00Z,112233445566,2026-02-01T00:00:00Z,2026-03-01T00:00:00Z,AWS,112233445566,Usage,2026-02-08T03:00:00Z,2026-02-08T04:00:00Z,AmazonVPC,USE1-NatGateway-Hours,NatGateway,,arn:aws:ec2:us-east-1:112233445566:natgateway/nat-8b714b12d4994f138,1.0,,,0.045,0.045283,0.045,0.045283,Hrs,0.045,0.045283,Amazon Virtual Private Cloud,,,,,us-east-1,AmazonVPC,,,,,,,,,,,,,,,,,,,,,
e40e86e0ba4b47048c1ca11a8d57e323,2026-02-08T12:00:00Z/2026-02-08T13:00:00Z,112233445566,2026-02-01T00:00:00Z,2026-03-01T00:00:00Z,AWS,112233445566,Usage,2026-02-08T12:00:00Z,2026-02-08T13:00:00Z,AmazonVPC,USE1-NatGateway-Hours,NatGateway,,arn:aws:ec2:us-east-1:112233445566:natgateway/nat-8b714b12d4994f138,1.0,,,0.045,0.045804,0.045,0.045804,Hrs,0.045,0.045804,Amazon Virtual Private Cloud,,,,,us-east-1,AmazonVPC,,,,,,,,,,,,,,,,,,,,,
2ca6e21d44fc4bb3b4bfd6289370b302,2026-02-08T21:00:00Z/2026-02-08T22:00:00Z,112233445566,2026-02-01T00:00:00Z,2026-03-01T00:00:00Z,AWS,112233445566,Usage,2026-02-08T21:00:00Z,2026-02-08T22:00:00Z,AmazonVPC,USE1-NatGateway-Hours,NatGateway,,arn:aws:ec2:us-east-1:112233445566:natgateway/nat-8b714b12d4994f138,1.0,,,0.045,0.044597,0.045,0.044597,Hrs,0.045,0.044597,Amazon Virtual Private Cloud,,,,,us-east-1,AmazonVPC,,,,,,,,,,,,,,,,,,,,,
846623fc246f4ae8a12bd19111502677,2026-02-09T06:00:00Z/2026-02-09T07:00:00Z,112233445566,2026-02-01T00:00:00Z,2026-03-01T00:00:00Z,AWS,112233445566,Usage,2026-02-09T06:00:00Z,2026-02-09T07:00:00Z,AmazonVPC,USE1-NatGateway-Hours,NatGateway,,arn:aws:ec2:us-east-1:112233445566:natgateway/nat-8b714b12d4994f138,1.0,,,0.045,0.044375,0.045,0.044375,Hrs,0.045,0.044375,Amazon Virtual Private Cloud,,,,,us-east-1,AmazonVPC,,,,,,,,,,,,,,,,,,,,,
68c736f9745b4c38aaf620e46a06c3d8,2026-02-09T15:00:00Z/2026-02-09T16:00:00Z,112233445566,2026-02-01T00:00:00Z,2026-03-01T00:00:00Z,AWS,112233445566,Usage,2026-02-09T15:00:00Z,2026-02-09T16:00:00Z,AmazonVPC,USE1-NatGateway-Hours,NatGateway,,arn:aws:ec2:us-east-1:112233445566:natgateway/nat-8b714b12d4994f138,1.0,,,0.045,0.04564,0.045,0.04564,Hrs,0.045,0.04564,Amazon Virtual Private Cloud,,,,,us-east-1,AmazonVPC,,,,,,,,,,,,,,,,,,,,,
634059fc552c4769bbb7b0ebf46a8848,2026-02-10T00:00:00Z/2026-02-10T01:00:00Z,112233445566,2026-02-01T00:00:00Z,2026-03-01T00:00:00Z,AWS,112233445566,Usage,2026-02-10T00:00:00Z,2026-02-10T01:00:00Z,AmazonVPC,USE1-NatGateway-Hours,NatGateway,,arn:aws:ec2:us-east-1:112233445566:natgateway/nat-8b714b12d4994f138,1.0,,,0.045,0.044101,0.045,0.044101,Hrs,0.045,0.044101,Amazon Virtual Private Cloud,,,,,us-east-1,AmazonVPC,,,,,,,,,,,,,,,,,,,,,
cd5ad54b6467432190eca588fab7e0b3,2026-02-10T09:00:00Z/2026-02-10T10:00:00Z,112233445566,2026-02-01T00:00:00Z,2026-03-01T00:00:00Z,AWS,112233445566,Usage,2026-02-10T09:00:00Z,2026-02-10T10:00:00Z,AmazonVPC,USE1-NatGateway-Hours,NatGateway,,arn:aws:ec2:us-east-1:112233445566:natgateway/nat-8b714b12d4994f138,1.0,,,0.045,0.045028,0.045,0.045028,Hrs,0.045,0.045028,Amazon Virtual Private Cloud,,,,,us-east-1,AmazonVPC,,,,,,,,,,,,,,,,,,,,,
f631096c77d3417dabea62f017890faf,2026-02-10T18:00:00Z/2026-02-10T19:00:00Z,112233445566,2026-02-01T00:00:00Z,2026-03-01T00:00:00Z,AWS,112233445566,Usage,2026-02-10T18:00:00Z,2026-02-10T19:00:00Z,AmazonVPC,USE1-NatGateway-Hours,NatGateway,,arn:aws:ec2:us-east-1:112233445566:natgateway/nat-8b714b12d4994f138,1.0,,,0.045,0.045572,0.045,0.045572,Hrs,0.045,0.045572,Amazon Virtual Private Cloud,,,,,us-east-1,AmazonVPC,,,,,,,,,,,,,,,,,,,,,
5b055d44547143168bad71015b485473,2026-02-11T03:00:00Z/2026-02-11T04:00:00Z,112233445566,2026-02-01T00:00:00Z,2026-03-01T00:00:00Z,AWS,112233445566,Usage,2026-02-11T03:00:00Z,2026-02-11T04:00:00Z,AmazonVPC,USE1-NatGateway-Hours,NatGateway,,arn:aws:ec2:us-east-1:112233445566:natgateway/nat-8b714b12d4994f138,1.0,,,0.045,0.04525,0.045,0.04525,Hrs,0.045,0.04525,Amazon Virtual Private Cloud,,,,,us-east-1,AmazonVPC,,,,,,,,,,,,,,,,,,,,,
a7778465d6fa43dfa7b36f597273cacf,2026-02-11T12:00:00Z/2026-02-11T13:00:00Z,112233445566,2026-02-01T00:00:00Z,2026-03-01T00:00:00Z,AWS,112233445566,Usage,2026-02-11T12:00:00Z,2026-02-11T13:00:00Z,AmazonVPC,USE1-NatGateway-Hours,NatGateway,,arn:aws:ec2:us-east-1:112233445566:natgateway/nat-8b714b12d4994f138,1.0,,,0.045,0.044625,0.045,0.044625,Hrs,0.045,0.044625,Amazon Virtual Private Cloud,,,,,us-east-1,AmazonVPC,,,,,,,,,,,,,,,,,,,,,
504c928bf9dd4d85bb2e526a6e0c8c39,2026-02-11T21:00:00Z/2026-02-11T22:00:00Z,112233445566,2026-02-01T00:00:00Z,2026-03-01T00:00:00Z,AWS,112233445566,Usage,2026-02-11T21:00:00Z,2026-02-11T22:00:00Z,AmazonVPC,USE1-NatGateway-Hours,NatGateway,,arn:aws:ec2:us-east-1:112233445566:natgateway/nat-8b714b12d4994f138,1.0,,,0.045,0.04464,0.045,0.04464,Hrs,0.045,0.04464,Amazon Virtual Private Cloud,,,,,us-east-1,AmazonVPC,,,,,,,,,,,,,,,,,,,,,
9916b78359b94d5fba1db3b8f7eb1789,2026-02-12T06:00:00Z/2026-02-12T07:00:00Z,112233445566,2026-02-01T00:00:00Z,2026-03-01T00:00:00Z,AWS,112233445566,Usage,2026-02-12T06:00:00Z,2026-02-12T07:00:00Z,AmazonVPC,USE1-NatGateway-Hours,NatGateway,,arn:aws:ec2:us-east-1:112233445566:natgateway/nat-8b714b12d4994f138,1.0,,,0.045,0.0444,0.045,0.0444,Hrs,0.045,0.0444,Amazon Virtual Private Cloud,,,,,us-east-1,AmazonVPC,,,,,,,,,,,,,,,,,,,,,
4bc722a5d22b4b0d8f4a2e48f979f041,2026-02-12T15:00:00Z/2026-02-12T16:00:00Z,112233445566,2026-02-01T00:00:00Z,2026-03-01T00:00:00Z,AWS,112233445566,Usage,2026-02-12T15:00:00Z,2026-02-12T16:00:00Z,AmazonVPC,USE1-NatGateway-Hours,NatGateway,,arn:aws:ec2:us-east-1:112233445566:natgateway/nat-8b714b12d4994f138,1.0,,,0.045,0.044252,0.045,0.044252,Hrs,0.045,0.044252,Amazon Virtual Private Cloud,,,,,us-east-1,AmazonVPC,,,,,,,,,,,,,,,,,,,,,
cd3b5c99f41a48458b3b055448465b9d,2026-02-13T00:00:00Z/2026-02-13T01:00:00Z,112233445566,2026-02-01T00:00:00Z,2026-03-01T00:00:00Z,AWS,112233445566,Usage,2026-02-13T00:00:00Z,2026-02-13T01:00:00Z,AmazonVPC,USE1-NatGateway-Hours,NatGateway,,arn:aws:ec2:us-east-1:112233445566:natgateway/nat-8b714b12d4994f138,1.0,,,0.045,0.044611,0.045,0.044611,Hrs,0.045,0.044611,Amazon Virtual Private Cloud,,,,,us-east-1,AmazonVPC,,,,,,,,,,,,,,,,,,,,,
6bfd42941de14d8b802b79e81b8206a9,2026-02-13T09:00:00Z/2026-02-13T10:00:00Z,112233445566,2026-02-01T00:00:00Z,2026-03-01T00:00:00Z,AWS,112233445566,Usage,2026-02-13T09:00:00Z,2026-02-13T10:00:00Z,AmazonVPC,USE1-NatGateway-Hours,NatGateway,,arn:aws:ec2:us-east-1:112233445566:natgateway/nat-8b714b12d4994f138,1.0,,,0.045,0.045596,0.045,0.045596,Hrs,0.045,0.045596,Amazon Virtual Private Cloud,,,,,us-east-1,AmazonVPC,,,,,,,,,,,,,,,,,,,,,
432fdb80f6584b3591ca174254fa20fb,2026-02-13T18:00:00Z/2026-02-13T19:00:00Z,112233445566,2026-02-01T00:00:00Z,2026-03-01T00:00:00Z,AWS,112233445566,Usage,2026-02-13T18:00:00Z,2026-02-13T19:00:00Z,AmazonVPC,USE1-NatGateway-Hours,NatGateway,,arn:aws:ec2:us-east-1:112233445566:natgateway/nat-8b714b12d4994f138,1.0,,,0.045,0.04551,0.045,0.04551,Hrs,0.045,0.04551,Amazon Virtual Private Cloud,,,,,us-east-1,AmazonVPC,,,,,,,,,,,,,,,,,,,,,
a5c1261fe68548eb9e2f02eeb4e3e205,2026-02-14T03:00:00Z/2026-02-14T04:00:00Z,112233445566,2026-02-01T00:00:00Z,2026-03-01T00:00:00Z,AWS,112233445566,Usage,2026-02-14T03:00:00Z,2026-02-14T04:00:00Z,AmazonVPC,USE1-NatGateway-Hours,NatGateway,,arn:aws:ec2:us-east-1:112233445566:natgateway/nat-8b714b12d4994f138,1.0,,,0.045,0.044235,0.045,0.044235,Hrs,0.045,0.044235,Amazon Virtual Private Cloud,,,,,us-east-1,AmazonVPC,,,,,,,,,,,,,,,,,,,,,
de211ff10ace4e58842892f7641bf3b8,2026-02-14T12:00:00Z/2026-02-14T13:00:00Z,112233445566,2026-02-01T00:00:00Z,2026-03-01T00:00:00Z,AWS,112233445566,Usage,2026-02-14T12:00:00Z,2026-02-14T13:00:00Z,AmazonVPC,USE1-NatGateway-Hours,NatGateway,,arn:aws:ec2:us-east-1:112233445566:natgateway/nat-8b714b12d4994f138,1.0,,,0.045,0.045649,0.045,0.045649,Hrs,0.045,0.045649,Amazon Virtual Private Cloud,,,,,us-east-1,AmazonVPC,,,,,,,,,,,,,,,,,,,,,
4c65a1bb5fc946cb9e385a627f01aa08,2026-02-14T21:00:00Z/2026-02-14T22:00:00Z,112233445566,2026-02-01T00:00:00Z,2026-03-01T00:00:00Z,AWS,112233445566,Usage,2026-02-14T21:00:00Z,2026-02-14T22:00:00Z,AmazonVPC,USE1-NatGateway-Hours,NatGateway,,arn:aws:ec2:us-east-1:112233445566:natgateway/nat-8b714b12d4994f138,1.0,,,0.045,0.044992,0.045,0.044992,Hrs,0.045,0.044992,Amazon Virtual Private Cloud,,,,,us-east-1,AmazonVPC,,,,,,,,,,,,,,,,,,,,,
b285304bd8ae463aa96b5ce4c13dc40e,2026-02-15T06:00:00Z/2026-02-15T07:00:00Z,112233445566,2026-02-01T00:00:00Z,2026-03-01T00:00:00Z,AWS,112233445566,Usage,2026-02-15T06:00:00Z,2026-02-15T07:00:00Z,AmazonVPC,USE1-NatGateway-Hours,NatGateway,,arn:aws:ec2:us-east-1:112233445566:natgateway/nat-8b714b12d4994f138,1.0,,,0.045,0.045324,0.045,0.045324,Hrs,0.045,0.045324,Amazon Virtual Private Cloud,,,,,us-east-1,AmazonVPC,,,,,,,,,,,,,,,,,,,,,
f132a923ad4746b7bece0301f0708282,2026-02-15T15:00:00Z/2026-02-15T16:00:00Z,112233445566,2026-02-01T00:00:00Z,2026-03-01T00:00:00Z,AWS,112233445566,Usage,2026-02-15T15:00:00Z,2026-02-15T16:00:00Z,AmazonVPC,USE1-NatGateway-Hours,NatGateway,,arn:aws:ec2:us-east-1:112233445566:natgateway/nat-8b714b12d4994f138,1.0,,,0.045,0.044175,0.045,0.044175,Hrs,0.045,0.044175,Amazon Virtual Private Cloud,,,,,us-east-1,AmazonVPC,,,,,,,,,,,,,,,,,,,,,
57ae5cdadf0a4ae2915c33c40d1b4391,2026-02-16T00:00:00Z/2026-02-16T01:00:00Z,112233445566,2026-02-01T00:00:00Z,2026-03-01T00:00:00Z,AWS,112233445566,Usage,2026-02-16T00:00:00Z,2026-02-16T01:00:00Z,AmazonVPC,USE1-NatGateway-Hours,NatGateway,,arn:aws:ec2:us-east-1:112233445566:natgateway/nat-8b714b12d4994f138,1.0,,,0.045,0.044829,0.045,0.044829,Hrs,0.045,0.044829,Amazon Virtual Private Cloud,,,,,us-east-1,AmazonVPC,,,,,,,,,,,,,,,,,,,,,
e07a79180cf844c0a71db45963930008,2026-02-16T09:00:00Z/2026-02-16T10:00:00Z,112233445566,2026-02-01T00:00:00Z,2026-03-01T00:00:00Z,AWS,112233445566,Usage,2026-02-16T09:00:00Z,2026-02-16T10:00:00Z,AmazonVPC,USE1-NatGateway-Hours,NatGateway,,arn:aws:ec2:us-east-1:112233445566:natgateway/nat-8b714b12d4994f138,1.0,,,0.045,0.045595,0.045,0.045595,Hrs,0.045,0.045595,Amazon Virtual Private Cloud,,,,,us-east-1,AmazonVPC,,,,,,,,,,,,,,,,,,,,,
ae9b93530ef446f781cd406b3ca371eb,2026-02-16T18:00:00Z/2026-02-16T19:00:00Z,112233445566,2026-02-01T00:00:00Z,2026-03-01T00:00:00Z,AWS,112233445566,Usage,2026-02-16T18:00:00Z,2026-02-16T19:00:00Z,AmazonVPC,USE1-NatGateway-Hours,NatGateway,,arn:aws:ec2:us-east-1:112233445566:natgateway/nat-8b714b12d4994f138,1.0,,,0.045,0.044303,0.045,0.044303,Hrs,0.045,0.044303,Amazon Virtual Private Cloud,,,,,us-east-1,AmazonVPC,,,,,,,,,,,,,,,,,,,,,
f230ebbae9fa4eefa2659443024f3990,2026-02-17T03:00:00Z/2026-02-17T04:00:00Z,112233445566,2026-02-01T00:00:00Z,2026-03-01T00:00:00Z,AWS,112233445566,Usage,2026-02-17T03:00:00Z,2026-02-17T04:00:00Z,AmazonVPC,USE1-NatGateway-Hours,NatGateway,,arn:aws:ec2:us-east-1:112233445566:natgateway/nat-8b714b12d4994f138,1.0,,,0.045,0.045319,0.045,0.045319,Hrs,0.045,0.045319,Amazon Virtual Private Cloud,,,,,us-east-1,AmazonVPC,,,,,,,,,,,,,,,,,,,,,
d10ff4338aca4e8f9e93f4fde443d685,2026-02-17T12:00:00Z/2026-02-17T13:00:00Z,112233445566,2026-02-01T00:00:00Z,2026-03-01T00:00:00Z,AWS,112233445566,Usage,2026-02-17T12:00:00Z,2026-02-17T13:00:00Z,AmazonVPC,USE1-NatGateway-Hours,NatGateway,,arn:aws:ec2:us-east-1:112233445566:natgateway/nat-8b714b12d4994f138,1.0,,,0.045,0.045428,0.045,0.045428,Hrs,0.045,0.045428,Amazon Virtual Private Cloud,,,,,us-east-1,AmazonVPC,,,,,,,,,,,,,,,,,,,,,
3e4266b37a184566a15b81a08febc3f8,2026-02-17T21:00:00Z/2026-02-17T22:00:00Z,112233445566,2026-02-01T00:00:00Z,2026-03-01T00:00:00Z,AWS,112233445566,Usage,2026-02-17T21:00:00Z,2026-02-17T22:00:00Z,AmazonVPC,USE1-NatGateway-Hours,NatGateway,,arn:aws:ec2:us-east-1:112233445566:natgateway/nat-8b714b12d4994f138,1.0,,,0.045,0.045297,0.045,0.045297,Hrs,0.045,0.045297,Amazon Virtual Private Cloud,,,,,us-east-1,AmazonVPC,,,,,,,,,,,,,,,,,,,,,
8e2d7ca68efe4079aabca46113dc865d,2026-02-18T06:00:00Z/2026-02-18T07:00:00Z,112233445566,2026-02-01T00:00:00Z,2026-03-01T00:00:00Z,AWS,112233445566,Usage,2026-02-18T06:00:00Z,2026-02-18T07:00:00Z,AmazonVPC,USE1-NatGateway-Hours,NatGateway,,arn:aws:ec2:us-east-1:112233445566:natgateway/nat-8b714b12d4994f138,1.0,,,0.045,0.04453,0.045,0.04453,Hrs,0.045,0.04453,Amazon Virtual Private Cloud,,,,,us-east-1,AmazonVPC,,,,,,,,,,,,,,,,,,,,,
9f2895a7df844b4b94b066fac52126b6,2026-02-18T15:00:00Z/2026-02-18T16:00:00Z,112233445566,2026-02-01T00:00:00Z,2026-03-01T00:00:00Z,AWS,112233445566,Usage,2026-02-18T15:00:00Z,2026-02-18T16:00:00Z,AmazonVPC,USE1-NatGateway-Hours,NatGateway,,arn:aws:ec2:us-east-1:112233445566:natgateway/nat-8b714b12d4994f138,1.0,,,0.045,0.044879,0.045,0.044879,Hrs,0.045,0.044879,Amazon Virtual Private Cloud,,,,,us-east-1,AmazonVPC,,,,,,,,,,,,,,,,,,,,,
42b7294a5f27446bae7393fbb0879718,2026-02-19T00:00:00Z/2026-02-19T01:00:00Z,112233445566,2026-02-01T00:00:00Z,2026-03-01T00:00:00Z,AWS,112233445566,Usage,2026-02-19T00:00:00Z,2026-02-19T01:00:00Z,AmazonVPC,USE1-NatGateway-Hours,NatGateway,,arn:aws:ec2:us-east-1:112233445566:natgateway/nat-8b714b12d4994f138,1.0,,,0.045,0.044649,0.045,0.044649,Hrs,0.045,0.044649,Amazon Virtual Private Cloud,,,,,us-east-1,AmazonVPC,,,,,,,,,,,,,,,,,,,,,
64b39b8349e3432e8a8d8143a1607dc6,2026-02-19T09:00:00Z/2026-02-19T10:00:00Z,112233445566,2026-02-01T00:00:00Z,2026-03-01T00:00:00Z,AWS,112233445566,Usage,2026-02-19T09:00:00Z,2026-02-19T10:00:00Z,AmazonVPC,USE1-NatGateway-Hours,NatGateway,,arn:aws:ec2:us-east-1:112233445566:natgateway/nat-8b714b12d4994f138,1.0,,,0.045,0.044195,0.045,0.044195,Hrs,0.045,0.044195,Amazon Virtual Private Cloud,,,,,us-east-1,AmazonVPC,,,,,,,,,,,,,,,,,,,,,
c975cfdabcbf46139f2d9642fd005540,2026-02-19T18:00:00Z/2026-02-19T19:00:00Z,112233445566,2026-02-01T00:00:00Z,2026-03-01T00:00:00Z,AWS,112233445566,Usage,2026-02-19T18:00:00Z,2026-02-19T19:00:00Z,AmazonVPC,USE1-NatGateway-Hours,NatGateway,,arn:aws:ec2:us-east-1:112233445566:natgateway/nat-8b714b12d4994f138,1.0,,,0.045,0.045377,0.045,0.045377,Hrs,0.045,0.045377,Amazon Virtual Private Cloud,,,,,us-east-1,AmazonVPC,,,,,,,,,,,,,,,,,,,,,
008bedb519e749a0b4e7975ec7ccab92,2026-02-20T03:00:00Z/2026-02-20T04:00:00Z,112233445566,2026-02-01T00:00:00Z,2026-03-01T00:00:00Z,AWS,112233445566,Usage,2026-02-20T03:00:00Z,2026-02-20T04:00:00Z,AmazonVPC,USE1-NatGateway-Hours,NatGateway,,arn:aws:ec2:us-east-1:112233445566:natgateway/nat-8b714b12d4994f138,1.0,,,0.045,0.045041,0.045,0.045041,Hrs,0.045,0.045041,Amazon Virtual Private Cloud,,,,,us-east-1,AmazonVPC,,,,,,,,,,,,,,,,,,,,,
82947eb37d794ff0a8a031f43f4f988c,2026-02-20T12:00:00Z/2026-02-20T13:00:00Z,112233445566,2026-02-01T00:00:00Z,2026-03-01T00:00:00Z,AWS,112233445566,Usage,2026-02-20T12:00:00Z,2026-02-20T13:00:00Z,AmazonVPC,USE1-NatGateway-Hours,NatGateway,,arn:aws:ec2:us-east-1:112233445566:natgateway/nat-8b714b12d4994f138,1.0,,,0.045,0.045199,0.045,0.045199,Hrs,0.045,0.045199,Amazon Virtual Private Cloud,,,,,us-east-1,AmazonVPC,,,,,,,,,,,,,,,,,,,,,
e79b234ba8114da287fb8ff05a05d59b,2026-02-20T21:00:00Z/2026-02-20T22:00:00Z,112233445566,2026-02-01T00:00:00Z,2026-03-01T00:00:00Z,AWS,112233445566,Usage,2026-02-20T21:00:00Z,2026-02-20T22:00:00Z,AmazonVPC,USE1-NatGateway-Hours,NatGateway,,arn:aws:ec2:us-east-1:112233445566:natgateway/nat-8b714b12d4994f138,1.0,,,0.045,0.045563,0.045,0.045563,Hrs,0.045,0.045563,Amazon Virtual Private Cloud,,,,,us-east-1,AmazonVPC,,,,,,,,,,,,,,,,,,,,,
bb36f359a115478e92eca6a6cf6d1677,2026-02-21T06:00:00Z/2026-02-21T07:00:00Z,112233445566,2026-02-01T00:00:00Z,2026-03-01T00:00:00Z,AWS,112233445566,Usage,2026-02-21T06:00:00Z,2026-02-21T07:00:00Z,AmazonVPC,USE1-NatGateway-Hours,NatGateway,,arn:aws:ec2:us-east-1:112233445566:natgateway/nat-8b714b12d4994f138,1.0,,,0.045,0.045826,0.045,0.045826,Hrs,0.045,0.045826,Amazon Virtual Private Cloud,,,,,us-east-1,AmazonVPC,,,,,,,,,,,,,,,,,,,,,
caec7c9ba8a049bcbd871aa699b28bf8,2026-02-21T15:00:00Z/2026-02-21T16:00:00Z,112233445566,2026-02-01T00:00:00Z,2026-03-01T00:00:00Z,AWS,112233445566,Usage,2026-02-21T15:00:00Z,2026-02-21T16:00:00Z,AmazonVPC,USE1-NatGateway-Hours,NatGateway,,arn:aws:ec2:us-east-1:112233445566:natgateway/nat-8b714b12d4994f138,1.0,,,0.045,0.044321,0.045,0.044321,Hrs,0.045,0.044321,Amazon Virtual Private Cloud,,,,,us-east-1,AmazonVPC,,,,,,,,,,,,,,,,,,,,,
7f643785d49f49b2971804dd68161185,2026-02-22T00:00:00Z/2026-02-22T01:00:00Z,112233445566,2026-02-01T00:00:00Z,2026-03-01T00:00:00Z,AWS,112233445566,Usage,2026-02-22T00:00:00Z,2026-02-22T01:00:00Z,AmazonVPC,USE1-NatGateway-Hours,NatGateway,,arn:aws:ec2:us-east-1:112233445566:natgateway/nat-8b714b12d4994f138,1.0,,,0.045,0.044346,0.045,0.044346,Hrs,0.045,0.044346,Amazon Virtual Private Cloud,,,,,us-east-1,AmazonVPC,,,,,,,,,,,,,,,,,,,,,
198a464cef4e4d55ba173c2a363c169d,2026-02-22T09:00:00Z/2026-02-22T10:00:00Z,112233445566,2026-02-01T00:00:00Z,2026-03-01T00:00:00Z,AWS,112233445566,Usage,2026-02-22T09:00:00Z,2026-02-22T10:00:00Z,AmazonVPC,USE1-NatGateway-Hours,NatGateway,,arn:aws:ec2:us-east-1:112233445566:natgateway/nat-8b714b12d4994f138,1.0,,,0.045,0.044308,0.045,0.044308,Hrs,0.045,0.044308,Amazon Virtual Private Cloud,,,,,us-east-1,AmazonVPC,,,,,,,,,,,,,,,,,,,,,
44dd21aac9ce4b68bf6b28072b680f82,2026-02-22T18:00:00Z/2026-02-22T19:00:00Z,112233445566,2026-02-01T00:00:00Z,2026-03-01T00:00:00Z,AWS,112233445566,Usage,2026-02-22T18:00:00Z,2026-02-22T19:00:00Z,AmazonVPC,USE1-NatGateway-Hours,NatGateway,,arn:aws:ec2:us-east-1:112233445566:natgateway/nat-8b714b12d4994f138,1.0,,,0.045,0.0456,0.045,0.0456,Hrs,0.045,0.0456,Amazon Virtual Private Cloud,,,,,us-east-1,AmazonVPC,,,,,,,,,,,,,,,,,,,,,
c7703faf895644518bffa3eb6fe1497d,2026-02-23T03:00:00Z/2026-02-23T04:00:00Z,112233445566,2026-02-01T00:00:00Z,2026-03-01T00:00:00Z,AWS,112233445566,Usage,2026-02-23T03:00:00Z,2026-02-23T04:00:00Z,AmazonVPC,USE1-NatGateway-Hours,NatGateway,,arn:aws:ec2:us-east-1:112233445566:natgateway/nat-8b714b12d4994f138,1.0,,,0.045,0.045632,0.045,0.045632,Hrs,0.045,0.045632,Amazon Virtual Private Cloud,,,,,us-east-1,AmazonVPC,,,,,,,,,,,,,,,,,,,,,
8fd2615a6d67441c9758f9d3f413d9b0,2026-02-23T12:00:00Z/2026-02-23T13:00:00Z,112233445566,2026-02-01T00:00:00Z,2026-03-01T00:00:00Z,AWS,112233445566,Usage,2026-02-23T12:00:00Z,2026-02-23T13:00:00Z,AmazonVPC,USE1-NatGateway-Hours,NatGateway,,arn:aws:ec2:us-east-1:112233445566:natgateway/nat-8b714b12d4994f138,1.0,,,0.045,0.045545,0.045,0.045545,Hrs,0.045,0.045545,Amazon Virtual Private Cloud,,,,,us-east-1,AmazonVPC,,,,,,,,,,,,,,,,,,,,,
e0f90c9cec514642aa7c91493be4e7a6,2026-02-23T21:00:00Z/2026-02-23T22:00:00Z,112233445566,2026-02-01T00:00:00Z,2026-03-01T00:00:00Z,AWS,112233445566,Usage,2026-02-23T21:00:00Z,2026-02-23T22:00:00Z,AmazonVPC,USE1-NatGateway-Hours,NatGateway,,arn:aws:ec2:us-east-1:112233445566:natgateway/nat-8b714b12d4994f138,1.0,,,0.045,0.044832,0.045,0.044832,Hrs,0.045,0.044832,Amazon Virtual Private Cloud,,,,,us-east-1,AmazonVPC,,,,,,,,,,,,,,,,,,,,,
a94bd298e1124c3e94de3f63670afcd5,2026-02-24T06:00:00Z/2026-02-24T07:00:00Z,112233445566,2026-02-01T00:00:00Z,2026-03-01T00:00:00Z,AWS,112233445566,Usage,2026-02-24T06:00:00Z,2026-02-24T07:00:00Z,AmazonVPC,USE1-NatGateway-Hours,NatGateway,,arn:aws:ec2:us-east-1:112233445566:natgateway/nat-8b714b12d4994f138,1.0,,,0.045,0.045332,0.045,0.045332,Hrs,0.045,0.045332,Amazon Virtual Private Cloud,,,,,us-east-1,AmazonVPC,,,,,,,,,,,,,,,,,,,,,
2ad942e7efb343a4b76eb3a86b451ab5,2026-02-24T15:00:00Z/2026-02-24T16:00:00Z,112233445566,2026-02-01T00:00:00Z,2026-03-01T00:00:00Z,AWS,112233445566,Usage,2026-02-24T15:00:00Z,2026-02-24T16:00:00Z,AmazonVPC,USE1-NatGateway-Hours,NatGateway,,arn:aws:ec2:us-east-1:112233445566:natgateway/nat-8b714b12d4994f138,1.0,,,0.045,0.045473,0.045,0.045473,Hrs,0.045,0.045473,Amazon Virtual Private Cloud,,,,,us-east-1,AmazonVPC,,,,,,,,,,,,,,,,,,,,,
d704a4c04db3417498962262d46f9028,2026-02-25T00:00:00Z/2026-02-25T01:00:00Z,112233445566,2026-02-01T00:00:00Z,2026-03-01T00:00:00Z,AWS,112233445566,Usage,2026-02-25T00:00:00Z,2026-02-25T01:00:00Z,AmazonVPC,USE1-NatGateway-Hours,NatGateway,,arn:aws:ec2:us-east-1:112233445566:natgateway/nat-8b714b12d4994f138,1.0,,,0.045,0.045889,0.045,0.045889,Hrs,0.045,0.045889,Amazon Virtual Private Cloud,,,,,us-east-1,AmazonVPC,,,,,,,,,,,,,,,,,,,,,
67c5ae594cfb46688d294716b1a53e5a,2026-02-25T09:00:00Z/2026-02-25T10:00:00Z,112233445566,2026-02-01T00:00:00Z,2026-03-01T00:00:00Z,AWS,112233445566,Usage,2026-02-25T09:00:00Z,2026-02-25T10:00:00Z,AmazonVPC,USE1-NatGateway-Hours,NatGateway,,arn:aws:ec2:us-east-1:112233445566:natgateway/nat-8b714b12d4994f138,1.0,,,0.045,0.045338,0.045,0.045338,Hrs,0.045,0.045338,Amazon Virtual Private Cloud,,,,,us-east-1,AmazonVPC,,,,,,,,,,,,,,,,,,,,,
543629d10ed74cd789a4487607efffe9,2026-02-25T18:00:00Z/2026-02-25T19:00:00Z,112233445566,2026-02-01T00:00:00Z,2026-03-01T00:00:00Z,AWS,112233445566,Usage,2026-02-25T18:00:00Z,2026-02-25T19:00:00Z,AmazonVPC,USE1-NatGateway-Hours,NatGateway,,arn:aws:ec2:us-east-1:112233445566:natgateway/nat-8b714b12d4994f138,1.0,,,0.045,0.045121,0.045,0.045121,Hrs,0.045,0.045121,Amazon Virtual Private Cloud,,,,,us-east-1,AmazonVPC,,,,,,,,,,,,,,,,,,,,,
b29af0090059401bb9a979820d133e27,2026-02-26T03:00:00Z/2026-02-26T04:00:00Z,112233445566,2026-02-01T00:00:00Z,2026-03-01T00:00:00Z,AWS,112233445566,Usage,2026-02-26T03:00:00Z,2026-02-26T04:00:00Z,AmazonVPC,USE1-NatGateway-Hours,NatGateway,,arn:aws:ec2:us-east-1:112233445566:natgateway/nat-8b714b12d4994f138,1.0,,,0.045,0.044645,0.045,0.044645,Hrs,0.045,0.044645,Amazon Virtual Private Cloud,,,,,us-east-1,AmazonVPC,,,,,,,,,,,,,,,,,,,,,
a400075130f044d687242166d66f5114,2026-02-26T12:00:00Z/2026-02-26T13:00:00Z,112233445566,2026-02-01T00:00:00Z,2026-03-01T00:00:00Z,AWS,112233445566,Usage,2026-02-26T12:00:00Z,2026-02-26T13:00:00Z,AmazonVPC,USE1-NatGateway-Hours,NatGateway,,arn:aws:ec2:us-east-1:112233445566:natgateway/nat-8b714b12d4994f138,1.0,,,0.045,0.044768,0.045,0.044768,Hrs,0.045,0.044768,Amazon Virtual Private Cloud,,,,,us-east-1,AmazonVPC,,,,,,,,,,,,,,,,,,,,,
e0a1989264e5430e965debc46505b2e3,2026-02-26T21:00:00Z/2026-02-26T22:00:00Z,112233445566,2026-02-01T00:00:00Z,2026-03-01T00:00:00Z,AWS,112233445566,Usage,2026-02-26T21:00:00Z,2026-02-26T22:00:00Z,AmazonVPC,USE1-NatGateway-Hours,NatGateway,,arn:aws:ec2:us-east-1:112233445566:natgateway/nat-8b714b12d4994f138,1.0,,,0.045,0.044539,0.045,0.044539,Hrs,0.045,0.044539,Amazon Virtual Private Cloud,,,,,us-east-1,AmazonVPC,,,,,,,,,,,,,,,,,,,,,
1b0fb54e57814a63a7252d73379d60cc,2026-02-27T06:00:00Z/2026-02-27T07:00:00Z,112233445566,2026-02-01T00:00:00Z,2026-03-01T00:00:00Z,AWS,112233445566,Usage,2026-02-27T06:00:00Z,2026-02-27T07:00:00Z,AmazonVPC,USE1-NatGateway-Hours,NatGateway,,arn:aws:ec2:us-east-1:112233445566:natgateway/nat-8b714b12d4994f138,1.0,,,0.045,0.044757,0.045,0.044757,Hrs,0.045,0.044757,Amazon Virtual Private Cloud,,,,,us-east-1,AmazonVPC,,,,,,,,,,,,,,,,,,,,,
ba6da388aa9443d6be89e5e851614f0f,2026-02-27T15:00:00Z/2026-02-27T16:00:00Z,112233445566,2026-02-01T00:00:00Z,2026-03-01T00:00:00Z,AWS,112233445566,Usage,2026-02-27T15:00:00Z,2026-02-27T16:00:00Z,AmazonVPC,USE1-NatGateway-Hours,NatGateway,,arn:aws:ec2:us-east-1:112233445566:natgateway/nat-8b714b12d4994f138,1.0,,,0.045,0.045274,0.045,0.045274,Hrs,0.045,0.045274,Amazon Virtual Private Cloud,,,,,us-east-1,AmazonVPC,,,,,,,,,,,,,,,,,,,,,
6948de9298c747129b5b6a55ef1c9b34,2026-02-01T00:00:00Z/2026-02-01T01:00:00Z,112233445566,2026-02-01T00:00:00Z,2026-03-01T00:00:00Z,AWS,112233445566,Usage,2026-02-01T00:00:00Z,2026-02-01T01:00:00Z,AmazonVPC,USE1-VPN-Usage-Hours,CreateVpnConnection,,arn:aws:ec2:us-east-1:112233445566:vpn-connection/vpn-da84ce00,1.0,,,0.05,0.049941,0.05,0.049941,Hrs,0.05,0.049941,Amazon Virtual Private Cloud,,,,,us-east-1,AmazonVPC,,,,,,,,,,,,,,,,,,,,,
d2780716a83348b3b3ae9a612f386b75,2026-02-01T09:00:00Z/2026-02-01T10:00:00Z,112233445566,2026-02-01T00:00:00Z,2026-03-01T00:00:00Z,AWS,112233445566,Usage,2026-02-01T09:00:00Z,2026-02-01T10:00:00Z,AmazonVPC,USE1-VPN-Usage-Hours,CreateVpnConnection,,arn:aws:ec2:us-east-1:112233445566:vpn-connection/vpn-da84ce00,1.0,,,0.05,0.05016,0.05,0.05016,Hrs,0.05,0.05016,Amazon Virtual Private Cloud,,,,,us-east-1,AmazonVPC,,,,,,,,,,,,,,,,,,,,,
9e0515335c7241f980355ecb6f07326a,2026-02-01T18:00:00Z/2026-02-01T19:00:00Z,112233445566,2026-02-01T00:00:00Z,2026-03-01T00:00:00Z,AWS,112233445566,Usage,2026-02-01T18:00:00Z,2026-02-01T19:00:00Z,AmazonVPC,USE1-VPN-Usage-Hours,CreateVpnConnection,,arn:aws:ec2:us-east-1:112233445566:vpn-connection/vpn-da84ce00,1.0,,,0.05,0.049919,0.05,0.049919,Hrs,0.05,0.049919,Amazon Virtual Private Cloud,,,,,us-east-1,AmazonVPC,,,,,,,,,,,,,,,,,,,,,
46ac8da53b234686a3e36043e28dcfdd,2026-02-02T03:00:00Z/2026-02-02T04:00:00Z,112233445566,2026-02-01T00:00:00Z,2026-03-01T00:00:00Z,AWS,112233445566,Usage,2026-02-02T03:00:00Z,2026-02-02T04:00:00Z,AmazonVPC,USE1-VPN-Usage-Hours,CreateVpnConnection,,arn:aws:ec2:us-east-1:112233445566:vpn-connection/vpn-da84ce00,1.0,,,0.05,0.050332,0.05,0.050332,Hrs,0.05,0.050332,Amazon Virtual Private Cloud,,,,,us-east-1,AmazonVPC,,,,,,,,,,,,,,,,,,,,,
7a87c484cc5849c58e166893705cb1a7,2026-02-02T12:00:00Z/2026-02-02T13:00:00Z,112233445566,2026-02-01T00:00:00Z,2026-03-01T00:00:00Z,AWS,112233445566,Usage,2026-02-02T12:00:00Z,2026-02-02T13:00:00Z,AmazonVPC,USE1-VPN-Usage-Hours,CreateVpnConnection,,arn:aws:ec2:us-east-1:112233445566:vpn-connection/vpn-da84ce00,1.0,,,0.05,0.049343,0.05,0.049343,Hrs,0.05,0.049343,Amazon Virtual Private Cloud,,,,,us-east-1,AmazonVPC,,,,,,,,,,,,,,,,,,,,,
a9509225c39e4c799ba855a13435f3a4,2026-02-02T21:00:00Z/2026-02-02T22:00:00Z,112233445566,2026-02-01T00:00:00Z,2026-03-01T00:00:00Z,AWS,112233445566,Usage,2026-02-02T21:00:00Z,2026-02-02T22:00:00Z,AmazonVPC,USE1-VPN-Usage-Hours,CreateVpnConnection,,arn:aws:ec2:us-east-1:112233445566:vpn-connection/vpn-da84ce00,1.0,,,0.05,0.050205,0.05,0.050205,Hrs,0.05,0.050205,Amazon Virtual Private Cloud,,,,,us-east-1,AmazonVPC,,,,,,,,,,,,,,,,,,,,,
84b2fcb3799041c6a7f1f9549add6a61,2026-02-03T06:00:00Z/2026-02-03T07:00:00Z,112233445566,2026-02-01T00:00:00Z,2026-03-01T00:00:00Z,AWS,112233445566,Usage,2026-02-03T06:00:00Z,2026-02-03T07:00:00Z,AmazonVPC,USE1-VPN-Usage-Hours,CreateVpnConnection,,arn:aws:ec2:us-east-1:112233445566:vpn-connection/vpn-da84ce00,1.0,,,0.05,0.050018,0.05,0.050018,Hrs,0.05,0.050018,Amazon Virtual Private Cloud,,,,,us-east-1,AmazonVPC,,,,,,,,,,,,,,,,,,,,,
e23932d2d7e249d1b29cdd2773de9931,2026-02-03T15:00:00Z/2026-02-03T16:00:00Z,112233445566,2026-02-01T00:00:00Z,2026-03-01T00:00:00Z,AWS,112233445566,Usage,2026-02-03T15:00:00Z,2026-02-03T16:00:00Z,AmazonVPC,USE1-VPN-Usage-Hours,CreateVpnConnection,,arn:aws:ec2:us-east-1:112233445566:vpn-connection/vpn-da84ce00,1.0,,,0.05,0.049315,0.05,0.049315,Hrs,0.05,0.049315,Amazon Virtual Private Cloud,,,,,us-east-1,AmazonVPC,,,,,,,,,,,,,,,,,,,,,
34a35244608b4b2abd8703807f10b0c4,2026-02-04T00:00:00Z/2026-02-04T01:00:00Z,112233445566,2026-02-01T00:00:00Z,2026-03-01T00:00:00Z,AWS,112233445566,Usage,2026-02-04T00:00:00Z,2026-02-04T01:00:00Z,AmazonVPC,USE1-VPN-Usage-Hours,CreateVpnConnection,,arn:aws:ec2:us-east-1:112233445566:vpn-connection/vpn-da84ce00,1.0,,,0.05,0.050469,0.05,0.050469,Hrs,0.05,0.050469,Amazon Virtual Private Cloud,,,,,us-east-1,AmazonVPC,,,,,,,,,,,,,,,,,,,,,
ffcc9769e41a4e70a42cbbe22d19befc,2026-02-04T09:00:00Z/2026-02-04T10:00:00Z,112233445566,2026-02-01T00:00:00Z,2026-03-01T00:00:00Z,AWS,112233445566,Usage,2026-02-04T09:00:00Z,2026-02-04T10:00:00Z,AmazonVPC,USE1-VPN-Usage-Hours,CreateVpnConnection,,arn:aws:ec2:us-east-1:112233445566:vpn-connection/vpn-da84ce00,1.0,,,0.05,0.050304,0.05,0.050304,Hrs,0.05,0.050304,Amazon Virtual Private Cloud,,,,,us-east-1,AmazonVPC,,,,,,,,,,,,,,,,,,,,,
d4e01be63d8b406cbb53930cca8ddc51,2026-02-04T18:00:00Z/2026-02-04T19:00:00Z,112233445566,2026-02-01T00:00:00Z,2026-03-01T00:00:00Z,AWS,112233445566,Usage,2026-02-04T18:00:00Z,2026-02-04T19:00:00Z,AmazonVPC,USE1-VPN-Usage-Hours,CreateVpnConnection,,arn:aws:ec2:us-east-1:112233445566:vpn-connection/vpn-da84ce00,1.0,,,0.05,0.050951,0.05,0.050951,Hrs,0.05,0.050951,Amazon Virtual Private Cloud,,,,,us-east-1,AmazonVPC,,,,,,,,,,,,,,,,,,,,,
b6976f5b5db34845b400956ba7ae761f,2026-02-05T03:00:00Z/2026-02-05T04:00:00Z,112233445566,2026-02-01T00:00:00Z,2026-03-01T00:00:00Z,AWS,112233445566,Usage,2026-02-05T03:00:00Z,2026-02-05T04:00:00Z,AmazonVPC,USE1-VPN-Usage-Hours,CreateVpnConnection,,arn:aws:ec2:us-east-1:112233445566:vpn-connection/vpn-da84ce00,1.0,,,0.05,0.049357,0.05,0.049357,Hrs,0.05,0.049357,Amazon Virtual Private Cloud,,,,,us-east-1,AmazonVPC,,,,,,,,,,,,,,,,,,,,,
31b13a59ff03493fbda4f551cfbc0419,2026-02-05T12:00:00Z/2026-02-05T13:00:00Z,112233445566,2026-02-01T00:00:00Z,2026-03-01T00:00:00Z,AWS,112233445566,Usage,2026-02-05T12:00:00Z,2026-02-05T13:00:00Z,AmazonVPC,USE1-VPN-Usage-Hours,CreateVpnConnection,,arn:aws:ec2:us-east-1:112233445566:vpn-connection/vpn-da84ce00,1.0,,,0.05,0.05093,0.05,0.05093,Hrs,0.05,0.05093,Amazon Virtual Private Cloud,,,,,us-east-1,AmazonVPC,,,,,,,,,,,,,,,,,,,,,
ad0e8fa1fc7a498393f86ee5203d3287,2026-02-05T21:00:00Z/2026-02-05T22:00:00Z,112233445566,2026-02-01T00:00:00Z,2026-03-01T00:00:00Z,AWS,112233445566,Usage,2026-02-05T21:00:00Z,2026-02-05T22:00:00Z,AmazonVPC,USE1-VPN-Usage-Hours,CreateVpnConnection,,arn:aws:ec2:us-east-1:112233445566:vpn-connection/vpn-da84ce00,1.0,,,0.05,0.050168,0.05,0.050168,Hrs,0.05,0.050168,Amazon Virtual Private Cloud,,,,,us-east-1,AmazonVPC,,,,,,,,,,,,,,,,,,,,,
57e058bbba844a8285fa70e13bcab44b,2026-02-06T06:00:00Z/2026-02-06T07:00:00Z,112233445566,2026-02-01T00:00:00Z,2026-03-01T00:00:00Z,AWS,112233445566,Usage,2026-02-06T06:00:00Z,2026-02-06T07:00:00Z,AmazonVPC,USE1-VPN-Usage-Hours,CreateVpnConnection,,arn:aws:ec2:us-east-1:112233445566:vpn-connection/vpn-da84ce00,1.0,,,0.05,0.050188,0.05,0.050188,Hrs,0.05,0.050188,Amazon Virtual Private Cloud,,,,,us-east-1,AmazonVPC,,,,,,,,,,,,,,,,,,,,,
20b3fbff01ec4f06b756073e877e320b,2026-02-06T15:00:00Z/2026-02-06T16:00:00Z,112233445566,2026-02-01T00:00:00Z,2026-03-01T00:00:00Z,AWS,112233445566,Usage,2026-02-06T15:00:00Z,2026-02-06T16:00:00Z,AmazonVPC,USE1-VPN-Usage-Hours,CreateVpnConnection,,arn:aws:ec2:us-east-1:112233445566:vpn-connection/vpn-da84ce00,1.0,,,0.05,0.049147,0.05,0.049147,Hrs,0.05,0.049147,Amazon Virtual Private Cloud,,,,,us-east-1,AmazonVPC,,,,,,,,,,,,,,,,,,,,,
8388d30e830f489bb4d34b6be02d3f11,2026-02-07T00:00:00Z/2026-02-07T01:00:00Z,112233445566,2026-02-01T00:00:00Z,2026-03-01T00:00:00Z,AWS,112233445566,Usage,2026-02-07T00:00:00Z,2026-02-07T01:00:00Z,AmazonVPC,USE1-VPN-Usage-Hours,CreateVpnConnection,,arn:aws:ec2:us-east-1:112233445566:vpn-connection/vpn-da84ce00,1.0,,,0.05,0.049702,0.05,0.049702,Hrs,0.05,0.049702,Amazon Virtual Private Cloud,,,,,us-east-1,AmazonVPC,,,,,,,,,,,,,,,,,,,,,
8b00170e82e044e19a01539a29d26871,2026-02-07T09:00:00Z/2026-02-07T10:00:00Z,112233445566,2026-02-01T00:00:00Z,2026-03-01T00:00:00Z,AWS,112233445566,Usage,2026-02-07T09:00:00Z,2026-02-07T10:00:00Z,AmazonVPC,USE1-VPN-Usage-Hours,CreateVpnConnection,,arn:aws:ec2:us-east-1:112233445566:vpn-connection/vpn-da84ce00,1.0,,,0.05,0.049668,0.05,0.049668,Hrs,0.05,0.049668,Amazon Virtual Private Cloud,,,,,us-east-1,AmazonVPC,,,,,,,,,,,,,,,,,,,,,
5269032b15044a889ae6e9c791f0b142,2026-02-07T18:00:00Z/2026-02-07T19:00:00Z,112233445566,2026-02-01T00:00:00Z,2026-03-01T00:00:00Z,AWS,112233445566,Usage,2026-02-07T18:00:00Z,2026-02-07T19:00:00Z,AmazonVPC,USE1-VPN-Usage-Hours,CreateVpnConnection,,arn:aws:ec2:us-east-1:112233445566:vpn-connection/vpn-da84ce00,1.0,,,0.05,0.049403,0.05,0.049403,Hrs,0.05,0.049403,Amazon Virtual Private Cloud,,,,,us-east-1,AmazonVPC,,,,,,,,,,,,,,,,,,,,,
d0a73bd80ec8495296f520ba2807da80,2026-02-08T03:00:00Z/2026-02-08T04:00:00Z,112233445566,2026-02-01T00:00:00Z,2026-03-01T00:00:00Z,AWS,112233445566,Usage,2026-02-08T03:00:00Z,2026-02-08T04:00:00Z,AmazonVPC,USE1-VPN-Usage-Hours,CreateVpnConnection,,arn:aws:ec2:us-east-1:112233445566:vpn-connection/vpn-da84ce00,1.0,,,0.05,0.049144,0.05,0.049144,Hrs,0.05,0.049144,Amazon Virtual Private Cloud,,,,,us-east-1,AmazonVPC,,,,,,,,,,,,,,,,,,,,,
ca23215a7623429094ad3a46eee5d296,2026-02-08T12:00:00Z/2026-02-08T13:00:00Z,112233445566,2026-02-01T00:00:00Z,2026-03-01T00:00:00Z,AWS,112233445566,Usage,2026-02-08T12:00:00Z,2026-02-08T13:00:00Z,AmazonVPC,USE1-VPN-Usage-Hours,CreateVpnConnection,,arn:aws:ec2:us-east-1:112233445566:vpn-connection/vpn-da84ce00,1.0,,,0.05,0.049566,0.05,0.049566,Hrs,0.05,0.049566,Amazon Virtual Private Cloud,,,,,us-east-1,AmazonVPC,,,,,,,,,,,,,,,,,,,,,
375db67048984cd1baf67e3f053d4a16,2026-02-08T21:00:00Z/2026-02-08T22:00:00Z,112233445566,2026-02-01T00:00:00Z,2026-03-01T00:00:00Z,AWS,112233445566,Usage,2026-02-08T21:00:00Z,2026-02-08T22:00:00Z,AmazonVPC,USE1-VPN-Usage-Hours,CreateVpnConnection,,arn:aws:ec2:us-east-1:112233445566:vpn-connection/vpn-da84ce00,1.0,,,0.05,0.049047,0.05,0.049047,Hrs,0.05,0.049047,Amazon Virtual Private Cloud,,,,,us-east-1,AmazonVPC,,,,,,,,,,,,,,,,,,,,,
ee50e0027c5a4425b6892827dda4e0c6,2026-02-09T06:00:00Z/2026-02-09T07:00:00Z,112233445566,2026-02-01T00:00:00Z,2026-03-01T00:00:00Z,AWS,112233445566,Usage,2026-02-09T06:00:00Z,2026-02-09T07:00:00Z,AmazonVPC,USE1-VPN-Usage-Hours,CreateVpnConnection,,arn:aws:ec2:us-east-1:112233445566:vpn-connection/vpn-da84ce00,1.0,,,0.05,0.05016,0.05,0.05016,Hrs,0.05,0.05016,Amazon Virtual Private Cloud,,,,,us-east-1,AmazonVPC,,,,,,,,,,,,,,,,,,,,,
b2e3bfbb335d405e89b73c1275f0fdef,2026-02-09T15:00:00Z/2026-02-09T16:00:00Z,112233445566,2026-02-01T00:00:00Z,2026-03-01T00:00:00Z,AWS,112233445566,Usage,2026-02-09T15:00:00Z,2026-02-09T16:00:00Z,AmazonVPC,USE1-VPN-Usage-Hours,CreateVpnConnection,,arn:aws:ec2:us-east-1:112233445566:vpn-connection/vpn-da84ce00,1.0,,,0.05,0.05096,0.05,0.05096,Hrs,0.05,0.05096,Amazon Virtual Private Cloud,,,,,us-east-1,AmazonVPC,,,,,,,,,,,,,,,,,,,,,
770a8dca56ba4cedb9d56ade06fa1ac2,2026-02-10T00:00:00Z/2026-02-10T01:00:00Z,112233445566,2026-02-01T00:00:00Z,2026-03-01T00:00:00Z,AWS,112233445566,Usage,2026-02-10T00:00:00Z,2026-02-10T01:00:00Z,AmazonVPC,USE1-VPN-Usage-Hours,CreateVpnConnection,,arn:aws:ec2:us-east-1:112233445566:vpn-connection/vpn-da84ce00,1.0,,,0.05,0.050055,0.05,0.050055,Hrs,0.05,0.050055,Amazon Virtual Private Cloud,,,,,us-east-1,AmazonVPC,,,,,,,,,,,,,,,,,,,,,
9c1511506bd647afaaa197740539f8a0,2026-02-10T09:00:00Z/2026-02-10T10:00:00Z,112233445566,2026-02-01T00:00:00Z,2026-03-01T00:00:00Z,AWS,112233445566,Usage,2026-02-10T09:00:00Z,2026-02-10T10:00:00Z,AmazonVPC,USE1-VPN-Usage-Hours,CreateVpnConnection,,arn:aws:ec2:us-east-1:112233445566:vpn-connection/vpn-da84ce00,1.0,,,0.05,0.049489,0.05,0.049489,Hrs,0.05,0.049489,Amazon Virtual Private Cloud,,,,,us-east-1,AmazonVPC,,,,,,,,,,,,,,,,,,,,,
4c87cab543624f1e97eb0487e8fd0de4,2026-02-10T18:00:00Z/2026-02-10T19:00:00Z,112233445566,2026-02-01T00:00:00Z,2026-03-01T00:00:00Z,AWS,112233445566,Usage,2026-02-10T18:00:00Z,2026-02-10T19:00:00Z,AmazonVPC,USE1-VPN-Usage-Hours,CreateVpnConnection,,arn:aws:ec2:us-east-1:112233445566:vpn-connection/vpn-da84ce00,1.0,,,0.05,0.049675,0.05,0.049675,Hrs,0.05,0.049675,Amazon Virtual Private Cloud,,,,,us-east-1,AmazonVPC,,,,,,,,,,,,,,,,,,,,,
cc42f935135640979b81bcc48d0aa2f3,2026-02-11T03:00:00Z/2026-02-11T04:00:00Z,112233445566,2026-02-01T00:00:00Z,2026-03-01T00:00:00Z,AWS,112233445566,Usage,2026-02-11T03:00:00Z,2026-02-11T04:00:00Z,AmazonVPC,USE1-VPN-Usage-Hours,CreateVpnConnection,,arn:aws:ec2:us-east-1:112233445566:vpn-connection/vpn-da84ce00,1.0,,,0.05,0.049859,0.05,0.049859,Hrs,0.05,0.049859,Amazon Virtual Private Cloud,,,,,us-east-1,AmazonVPC,,,,,,,,,,,,,,,,,,,,,
7fc553019ac449cea6056b6e3f9bd3db,2026-02-11T12:00:00Z/2026-02-11T13:00:00Z,112233445566,2026-02-01T00:00:00Z,2026-03-01T00:00:00Z,AWS,112233445566,Usage,2026-02-11T12:00:00Z,2026-02-11T13:00:00Z,AmazonVPC,USE1-VPN-Usage-Hours,CreateVpnConnection,,arn:aws:ec2:us-east-1:112233445566:vpn-connection/vpn-da84ce00,1.0,,,0.05,0.049397,0.05,0.049397,Hrs,0.05,0.049397,Amazon Virtual Private Cloud,,,,,us-east-1,AmazonVPC,,,,,,,,,,,,,,,,,,,,,
9bce3f2563e64a77aa55c579f0a25bc3,2026-02-11T21:00:00Z/2026-02-11T22:00:00Z,112233445566,2026-02-01T00:00:00Z,2026-03-01T00:00:00Z,AWS,112233445566,Usage,2026-02-11T21:00:00Z,2026-02-11T22:00:00Z,AmazonVPC,USE1-VPN-Usage-Hours,CreateVpnConnection,,arn:aws:ec2:us-east-1:112233445566:vpn-connection/vpn-da84ce00,1.0,,,0.05,0.049644,0.05,0.049644,Hrs,0.05,0.049644,Amazon Virtual Private Cloud,,,,,us-east-1,AmazonVPC,,,,,,,,,,,,,,,,,,,,,
7e8525064bab4c50b6ca0a0d15a6e667,2026-02-12T06:00:00Z/2026-02-12T07:00:00Z,112233445566,2026-02-01T00:00:00Z,2026-03-01T00:00:00Z,AWS,112233445566,Usage,2026-02-12T06:00:00Z,2026-02-12T07:00:00Z,AmazonVPC,USE1-VPN-Usage-Hours,CreateVpnConnection,,arn:aws:ec2:us-east-1:112233445566:vpn-connection/vpn-da84ce00,1.0,,,0.05,0.049557,0.05,0.049557,Hrs,0.05,0.049557,Amazon Virtual Private Cloud,,,,,us-east-1,AmazonVPC,,,,,,,,,,,,,,,,,,,,,
7480b5d8501c42beb6b743b360b157d0,2026-02-12T15:00:00Z/2026-02-12T16:00:00Z,112233445566,2026-02-01T00:00:00Z,2026-03-01T00:00:00Z,AWS,112233445566,Usage,2026-02-12T15:00:00Z,2026-02-12T16:00:00Z,AmazonVPC,USE1-VPN-Usage-Hours,CreateVpnConnection,,arn:aws:ec2:us-east-1:112233445566:vpn-connection/vpn-da84ce00,1.0,,,0.05,0.050776,0.05,0.050776,Hrs,0.05,0.050776,Amazon Virtual Private Cloud,,,,,us-east-1,AmazonVPC,,,,,,,,,,,,,,,,,,,,,
88d9306ed82c4eddb92efd6e7e98bffd,2026-02-13T00:00:00Z/2026-02-13T01:00:00Z,112233445566,2026-02-01T00:00:00Z,2026-03-01T00:00:00Z,AWS,112233445566,Usage,2026-02-13T00:00:00Z,2026-02-13T01:00:00Z,AmazonVPC,USE1-VPN-Usage-Hours,CreateVpnConnection,,arn:aws:ec2:us-east-1:112233445566:vpn-connection/vpn-da84ce00,1.0,,,0.05,0.049783,0.05,0.049783,Hrs,0.05,0.049783,Amazon Virtual Private Cloud,,,,,us-east-1,AmazonVPC,,,,,,,,,,,,,,,,,,,,,
b099c5384c8b4f3eb0ec319e02ea5e21,2026-02-13T09:00:00Z/2026-02-13T10:00:00Z,112233445566,2026-02-01T00:00:00Z,2026-03-01T00:00:00Z,AWS,112233445566,Usage,2026-02-13T09:00:00Z,2026-02-13T10:00:00Z,AmazonVPC,USE1-VPN-Usage-Hours,CreateVpnConnection,,arn:aws:ec2:us-east-1:112233445566:vpn-connection/vpn-da84ce00,1.0,,,0.05,0.049584,0.05,0.049584,Hrs,0.05,0.049584,Amazon Virtual Private Cloud,,,,,us-east-1,AmazonVPC,,,,,,,,,,,,,,,,,,,,,
29e0fffa295f4edab9217ecff7887f79,2026-02-13T18:00:00Z/2026-02-13T19:00:00Z,112233445566,2026-02-01T00:00:00Z,2026-03-01T00:00:00Z,AWS,112233445566,Usage,2026-02-13T18:00:00Z,2026-02-13T19:00:00Z,AmazonVPC,USE1-VPN-Usage-Hours,CreateVpnConnection,,arn:aws:ec2:us-east-1:112233445566:vpn-connection/vpn-da84ce00,1.0,,,0.05,0.049232,0.05,0.049232,Hrs,0.05,0.049232,Amazon Virtual Private Cloud,,,,,us-east-1,AmazonVPC,,,,,,,,,,,,,,,,,,,,,
a4b8a8c482b94916b5dacf84202d59a8,2026-02-14T03:00:00Z/2026-02-14T04:00:00Z,112233445566,2026-02-01T00:00:00Z,2026-03-01T00:00:00Z,AWS,112233445566,Usage,2026-02-14T03:00:00Z,2026-02-14T04:00:00Z,AmazonVPC,USE1-VPN-Usage-Hours,CreateVpnConnection,,arn:aws:ec2:us-east-1:112233445566:vpn-connection/vpn-da84ce00,1.0,,,0.05,0.049867,0.05,0.049867,Hrs,0.05,0.049867,Amazon Virtual Private Cloud,,,,,us-east-1,AmazonVPC,,,,,,,,,,,,,,,,,,,,,
dcd3e1941d7a443c95f967d35794b78a,2026-02-14T12:00:00Z/2026-02-14T13:00:00Z,112233445566,2026-02-01T00:00:00Z,2026-03-01T00:00:00Z,AWS,112233445566,Usage,2026-02-14T12:00:00Z,2026-02-14T13:00:00Z,AmazonVPC,USE1-VPN-Usage-Hours,CreateVpnConnection,,arn:aws:ec2:us-east-1:112233445566:vpn-connection/vpn-da84ce00,1.0,,,0.05,0.049646,0.05,0.049646,Hrs,0.05,0.049646,Amazon Virtual Private Cloud,,,,,us-east-1,AmazonVPC,,,,,,,,,,,,,,,,,,,,,
93c458053d2449bc88d1552c71bb7144,2026-02-14T21:00:00Z/2026-02-14T22:00:00Z,112233445566,2026-02-01T00:00:00Z,2026-03-01T00:00:00Z,AWS,112233445566,Usage,2026-02-14T21:00:00Z,2026-02-14T22:00:00Z,AmazonVPC,USE1-VPN-Usage-Hours,CreateVpnConnection,,arn:aws:ec2:us-east-1:112233445566:vpn-connection/vpn-da84ce00,1.0,,,0.05,0.049115,0.05,0.049115,Hrs,0.05,0.049115,Amazon Virtual Private Cloud,,,,,us-east-1,AmazonVPC,,,,,,,,,,,,,,,,,,,,,
33485723fb2e48a3bed7d69ff225dda3,2026-02-15T06:00:00Z/2026-02-15T07:00:00Z,112233445566,2026-02-01T00:00:00Z,2026-03-01T00:00:00Z,AWS,112233445566,Usage,2026-02-15T06:00:00Z,2026-02-15T07:00:00Z,AmazonVPC,USE1-VPN-Usage-Hours,CreateVpnConnection,,arn:aws:ec2:us-east-1:112233445566:vpn-connection/vpn-da84ce00,1.0,,,0.05,0.050975,0.05,0.050975,Hrs,0.05,0.050975,Amazon Virtual Private Cloud,,,,,us-east-1,AmazonVPC,,,,,,,,,,,,,,,,,,,,,
65bc5a48b2164c799410a1a7433fae2a,2026-02-15T15:00:00Z/2026-02-15T16:00:00Z,112233445566,2026-02-01T00:00:00Z,2026-03-01T00:00:00Z,AWS,112233445566,Usage,2026-02-15T15:00:00Z,2026-02-15T16:00:00Z,AmazonVPC,USE1-VPN-Usage-Hours,CreateVpnConnection,,arn:aws:ec2:us-east-1:112233445566:vpn-connection/vpn-da84ce00,1.0,,,0.05,0.050717,0.05,0.050717,Hrs,0.05,0.050717,Amazon Virtual Private Cloud,,,,,us-east-1,AmazonVPC,,,,,,,,,,,,,,,,,,,,,
dd61d5a6f50f451b85945f23e3b187a1,2026-02-16T00:00:00Z/2026-02-16T01:00:00Z,112233445566,2026-02-01T00:00:00Z,2026-03-01T00:00:00Z,AWS,112233445566,Usage,2026-02-16T00:00:00Z,2026-02-16T01:00:00Z,AmazonVPC,USE1-VPN-Usage-Hours,CreateVpnConnection,,arn:aws:ec2:us-east-1:112233445566:vpn-connection/vpn-da84ce00,1.0,,,0.05,0.049292,0.05,0.049292,Hrs,0.05,0.049292,Amazon Virtual Private Cloud,,,,,us-east-1,AmazonVPC,,,,,,,,,,,,,,,,,,,,,
767eee3c710442308388376a2a3430ea,2026-02-16T09:00:00Z/2026-02-16T10:00:00Z,112233445566,2026-02-01T00:00:00Z,2026-03-01T00:00:00Z,AWS,112233445566,Usage,2026-02-16T09:00:00Z,2026-02-16T10:00:00Z,AmazonVPC,USE1-VPN-Usage-Hours,CreateVpnConnection,,arn:aws:ec2:us-east-1:112233445566:vpn-connection/vpn-da84ce00,1.0,,,0.05,0.049196,0.05,0.049196,Hrs,0.05,0.049196,Amazon Virtual Private Cloud,,,,,us-east-1,AmazonVPC,,,,,,,,,,,,,,,,,,,,,
cf81a4e465fb49ba8d38c9026eaaf8ad,2026-02-16T18:00:00Z/2026-02-16T19:00:00Z,112233445566,2026-02-01T00:00:00Z,2026-03-01T00:00:00Z,AWS,112233445566,Usage,2026-02-16T18:00:00Z,2026-02-16T19:00:00Z,AmazonVPC,USE1-VPN-Usage-Hours,CreateVpnConnection,,arn:aws:ec2:us-east-1:112233445566:vpn-connection/vpn-da84ce00,1.0,,,0.05,0.049189,0.05,0.049189,Hrs,0.05,0.049189,Amazon Virtual Private Cloud,,,,,us-east-1,AmazonVPC,,,,,,,,,,,,,,,,,,,,,
16af31dfb4f343839d1eb1671c82a833,2026-02-17T03:00:00Z/2026-02-17T04:00:00Z,112233445566,2026-02-01T00:00:00Z,2026-03-01T00:00:00Z,AWS,112233445566,Usage,2026-02-17T03:00:00Z,2026-02-17T04:00:00Z,AmazonVPC,USE1-VPN-Usage-Hours,CreateVpnConnection,,arn:aws:ec2:us-east-1:112233445566:vpn-connection/vpn-da84ce00,1.0,,,0.05,0.050406,0.05,0.050406,Hrs,0.05,0.050406,Amazon Virtual Private Cloud,,,,,us-east-1,AmazonVPC,,,,,,,,,,,,,,,,,,,,,
fe4e08e09d1541b695926a917a14a288,2026-02-17T12:00:00Z/2026-02-17T13:00:00Z,112233445566,2026-02-01T00:00:00Z,2026-03-01T00:00:00Z,AWS,112233445566,Usage,2026-02-17T12:00:00Z,2026-02-17T13:00:00Z,AmazonVPC,USE1-VPN-Usage-Hours,CreateVpnConnection,,arn:aws:ec2:us-east-1:112233445566:vpn-connection/vpn-da84ce00,1.0,,,0.05,0.049147,0.05,0.049147,Hrs,0.05,0.049147,Amazon Virtual Private Cloud,,,,,us-east-1,AmazonVPC,,,,,,,,,,,,,,,,,,,,,
d5c4a68eb9144c0da061f4826fc4ee6a,2026-02-17T21:00:00Z/2026-02-17T22:00:00Z,112233445566,2026-02-01T00:00:00Z,2026-03-01T00:00:00Z,AWS,112233445566,Usage,2026-02-17T21:00:00Z,2026-02-17T22:00:00Z,AmazonVPC,USE1-VPN-Usage-Hours,CreateVpnConnection,,arn:aws:ec2:us-east-1:112233445566:vpn-connection/vpn-da84ce00,1.0,,,0.05,0.050678,0.05,0.050678,Hrs,0.05,0.050678,Amazon Virtual Private Cloud,,,,,us-east-1,AmazonVPC,,,,,,,,,,,,,,,,,,,,,
6a1f2530aaeb4972b2f56c66cbfb6a5c,2026-02-18T06:00:00Z/2026-02-18T07:00:00Z,112233445566,2026-02-01T00:00:00Z,2026-03-01T00:00:00Z,AWS,112233445566,Usage,2026-02-18T06:00:00Z,2026-02-18T07:00:00Z,AmazonVPC,USE1-VPN-Usage-Hours,CreateVpnConnection,,arn:aws:ec2:us-east-1:112233445566:vpn-connection/vpn-da84ce00,1.0,,,0.05,0.050572,0.05,0.050572,Hrs,0.05,0.050572,Amazon Virtual Private Cloud,,,,,us-east-1,AmazonVPC,,,,,,,,,,,,,,,,,,,,,
3bb118cd257f460c8f7395bd75b6c999,2026-02-18T15:00:00Z/2026-02-18T16:00:00Z,112233445566,2026-02-01T00:00:00Z,2026-03-01T00:00:00Z,AWS,112233445566,Usage,2026-02-18T15:00:00Z,2026-02-18T16:00:00Z,AmazonVPC,USE1-VPN-Usage-Hours,CreateVpnConnection,,arn:aws:ec2:us-east-1:112233445566:vpn-connection/vpn-da84ce00,1.0,,,0.05,0.050368,0.05,0.050368,Hrs,0.05,0.050368,Amazon Virtual Private Cloud,,,,,us-east-1,AmazonVPC,,,,,,,,,,,,,,,,,,,,,
c1c3caed0f0d4a4395672b291129ed12,2026-02-19T00:00:00Z/2026-02-19T01:00:00Z,112233445566,2026-02-01T00:00:00Z,2026-03-01T00:00:00Z,AWS,112233445566,Usage,2026-02-19T00:00:00Z,2026-02-19T01:00:00Z,AmazonVPC,USE1-VPN-Usage-Hours,CreateVpnConnection,,arn:aws:ec2:us-east-1:112233445566:vpn-connection/vpn-da84ce00,1.0,,,0.05,0.049606,0.05,0.049606,Hrs,0.05,0.049606,Amazon Virtual Private Cloud,,,,,us-east-1,AmazonVPC,,,,,,,,,,,,,,,,,,,,,
151a17d956284b2bb1aeb3920467c213,2026-02-19T09:00:00Z/2026-02-19T10:00:00Z,112233445566,2026-02-01T00:00:00Z,2026-03-01T00:00:00Z,AWS,112233445566,Usage,2026-02-19T09:00:00Z,2026-02-19T10:00:00Z,AmazonVPC,USE1-VPN-Usage-Hours,CreateVpnConnection,,arn:aws:ec2:us-east-1:112233445566:vpn-connection/vpn-da84ce00,1.0,,,0.05,0.050147,0.05,0.050147,Hrs,0.05,0.050147,Amazon Virtual Private Cloud,,,,,us-east-1,AmazonVPC,,,,,,,,,,,,,,,,,,,,,
f01c199737c44ee19144f97d084dc7d5,2026-02-19T18:00:00Z/2026-02-19T19:00:00Z,112233445566,2026-02-01T00:00:00Z,2026-03-01T00:00:00Z,AWS,112233445566,Usage,2026-02-19T18:00:00Z,2026-02-19T19:00:00Z,AmazonVPC,USE1-VPN-Usage-Hours,CreateVpnConnection,,arn:aws:ec2:us-east-1:112233445566:vpn-connection/vpn-da84ce00,1.0,,,0.05,0.049569,0.05,0.049569,Hrs,0.05,0.049569,Amazon Virtual Private Cloud,,,,,us-east-1,AmazonVPC,,,,,,,,,,,,,,,,,,,,,
67d4d8425805485d9e66adfe581422a2,2026-02-20T03:00:00Z/2026-02-20T04:00:00Z,112233445566,2026-02-01T00:00:00Z,2026-03-01T00:00:00Z,AWS,112233445566,Usage,2026-02-20T03:00:00Z,2026-02-20T04:00:00Z,AmazonVPC,USE1-VPN-Usage-Hours,CreateVpnConnection,,arn:aws:ec2:us-east-1:112233445566:vpn-connection/vpn-da84ce00,1.0,,,0.05,0.050081,0.05,0.050081,Hrs,0.05,0.050081,Amazon Virtual Private Cloud,,,,,us-east-1,AmazonVPC,,,,,,,,,,,,,,,,,,,,,
71f31101a0e7426eaaeeba223ac4c918,2026-02-20T12:00:00Z/2026-02-20T13:00:00Z,112233445566,2026-02-01T00:00:00Z,2026-03-01T00:00:00Z,AWS,112233445566,Usage,2026-02-20T12:00:00Z,2026-02-20T13:00:00Z,AmazonVPC,USE1-VPN-Usage-Hours,CreateVpnConnection,,arn:aws:ec2:us-east-1:112233445566:vpn-connection/vpn-da84ce00,1.0,,,0.05,0.05033,0.05,0.05033,Hrs,0.05,0.05033,Amazon Virtual Private Cloud,,,,,us-east-1,AmazonVPC,,,,,,,,,,,,,,,,,,,,,
480cfba9646a40349126d111b294e80d,2026-02-20T21:00:00Z/2026-02-20T22:00:00Z,112233445566,2026-02-01T00:00:00Z,2026-03-01T00:00:00Z,AWS,112233445566,Usage,2026-02-20T21:00:00Z,2026-02-20T22:00:00Z,AmazonVPC,USE1-VPN-Usage-Hours,CreateVpnConnection,,arn:aws:ec2:us-east-1:112233445566:vpn-connection/vpn-da84ce00,1.0,,,0.05,0.049375,0.05,0.049375,Hrs,0.05,0.049375,Amazon Virtual Private Cloud,,,,,us-east-1,AmazonVPC,,,,,,,,,,,,,,,,,,,,,
ea4f34506ad440e9a996a085e3225eea,2026-02-21T06:00:00Z/2026-02-21T07:00:00Z,112233445566,2026-02-01T00:00:00Z,2026-03-01T00:00:00Z,AWS,112233445566,Usage,2026-02-21T06:00:00Z,2026-02-21T07:00:00Z,AmazonVPC,USE1-VPN-Usage-Hours,CreateVpnConnection,,arn:aws:ec2:us-east-1:112233445566:vpn-connection/vpn-da84ce00,1.0,,,0.05,0.050715,0.05,0.050715,Hrs,0.05,0.050715,Amazon Virtual Private Cloud,,,,,us-east-1,AmazonVPC,,,,,,,,,,,,,,,,,,,,,
c151b6ab485f4180bfac486b8a29c855,2026-02-21T15:00:00Z/2026-02-21T16:00:00Z,112233445566,2026-02-01T00:00:00Z,2026-03-01T00:00:00Z,AWS,112233445566,Usage,2026-02-21T15:00:00Z,2026-02-21T16:00:00Z,AmazonVPC,USE1-VPN-Usage-Hours,CreateVpnConnection,,arn:aws:ec2:us-east-1:112233445566:vpn-connection/vpn-da84ce00,1.0,,,0.05,0.050705,0.05,0.050705,Hrs,0.05,0.050705,Amazon Virtual Private Cloud,,,,,us-east-1,AmazonVPC,,,,,,,,,,,,,,,,,,,,,
abf0e810dc22487e815afcd6ae650ef9,2026-02-22T00:00:00Z/2026-02-22T01:00:00Z,112233445566,2026-02-01T00:00:00Z,2026-03-01T00:00:00Z,AWS,112233445566,Usage,2026-02-22T00:00:00Z,2026-02-22T01:00:00Z,AmazonVPC,USE1-VPN-Usage-Hours,CreateVpnConnection,,arn:aws:ec2:us-east-1:112233445566:vpn-connection/vpn-da84ce00,1.0,,,0.05,0.049611,0.05,0.049611,Hrs,0.05,0.049611,Amazon Virtual Private Cloud,,,,,us-east-1,AmazonVPC,,,,,,,,,,,,,,,,,,,,,
2a54b0755c3d47ebb492355db14a59b2,2026-02-22T09:00:00Z/2026-02-22T10:00:00Z,112233445566,2026-02-01T00:00:00Z,2026-03-01T00:00:00Z,AWS,112233445566,Usage,2026-02-22T09:00:00Z,2026-02-22T10:00:00Z,AmazonVPC,USE1-VPN-Usage-Hours,CreateVpnConnection,,arn:aws:ec2:us-east-1:112233445566:vpn-connection/vpn-da84ce00,1.0,,,0.05,0.049258,0.05,0.049258,Hrs,0.05,0.049258,Amazon Virtual Private Cloud,,,,,us-east-1,AmazonVPC,,,,,,,,,,,,,,,,,,,,,
17fcd70e20094a0dad6e3f6fccb5a188,2026-02-22T18:00:00Z/2026-02-22T19:00:00Z,112233445566,2026-02-01T00:00:00Z,2026-03-01T00:00:00Z,AWS,112233445566,Usage,2026-02-22T18:00:00Z,2026-02-22T19:00:00Z,AmazonVPC,USE1-VPN-Usage-Hours,CreateVpnConnection,,arn:aws:ec2:us-east-1:112233445566:vpn-connection/vpn-da84ce00,1.0,,,0.05,0.050463,0.05,0.050463,Hrs,0.05,0.050463,Amazon Virtual Private Cloud,,,,,us-east-1,AmazonVPC,,,,,,,,,,,,,,,,,,,,,
3bf5e0bdb3084cc5b2b5595689c81959,2026-02-23T03:00:00Z/2026-02-23T04:00:00Z,112233445566,2026-02-01T00:00:00Z,2026-03-01T00:00:00Z,AWS,112233445566,Usage,2026-02-23T03:00:00Z,2026-02-23T04:00:00Z,AmazonVPC,USE1-VPN-Usage-Hours,CreateVpnConnection,,arn:aws:ec2:us-east-1:112233445566:vpn-connection/vpn-da84ce00,1.0,,,0.05,0.050048,0.05,0.050048,Hrs,0.05,0.050048,Amazon Virtual Private Cloud,,,,,us-east-1,AmazonVPC,,,,,,,,,,,,,,,,,,,,,
4e22b7d4e32e466392cdc4a88d46c40c,2026-02-23T12:00:00Z/2026-02-23T13:00:00Z,112233445566,2026-02-01T00:00:00Z,2026-03-01T00:00:00Z,AWS,112233445566,Usage,2026-02-23T12:00:00Z,2026-02-23T13:00:00Z,AmazonVPC,USE1-VPN-Usage-Hours,CreateVpnConnection,,arn:aws:ec2:us-east-1:112233445566:vpn-connection/vpn-da84ce00,1.0,,,0.05,0.050411,0.05,0.050411,Hrs,0.05,0.050411,Amazon Virtual Private Cloud,,,,,us-east-1,AmazonVPC,,,,,,,,,,,,,,,,,,,,,
6ad4ffb3cec145a9972eea915b28e278,2026-02-23T21:00:00Z/2026-02-23T22:00:00Z,112233445566,2026-02-01T00:00:00Z,2026-03-01T00:00:00Z,AWS,112233445566,Usage,2026-02-23T21:00:00Z,2026-02-23T22:00:00Z,AmazonVPC,USE1-VPN-Usage-Hours,CreateVpnConnection,,arn:aws:ec2:us-east-1:112233445566:vpn-connection/vpn-da84ce00,1.0,,,0.05,0.04928,0.05,0.04928,Hrs,0.05,0.04928,Amazon Virtual Private Cloud,,,,,us-east-1,AmazonVPC,,,,,,,,,,,,,,,,,,,,,
5734c3e4efa04870818d6a706d5b3443,2026-02-24T06:00:00Z/2026-02-24T07:00:00Z,112233445566,2026-02-01T00:00:00Z,2026-03-01T00:00:00Z,AWS,112233445566,Usage,2026-02-24T06:00:00Z,2026-02-24T07:00:00Z,AmazonVPC,USE1-VPN-Usage-Hours,CreateVpnConnection,,arn:aws:ec2:us-east-1:112233445566:vpn-connection/vpn-da84ce00,1.0,,,0.05,0.050033,0.05,0.050033,Hrs,0.05,0.050033,Amazon Virtual Private Cloud,,,,,us-east-1,AmazonVPC,,,,,,,,,,,,,,,,,,,,,
c702feca2c514ab1876012d56698cf10,2026-02-24T15:00:00Z/2026-02-24T16:00:00Z,112233445566,2026-02-01T00:00:00Z,2026-03-01T00:00:00Z,AWS,112233445566,Usage,2026-02-24T15:00:00Z,2026-02-24T16:00:00Z,AmazonVPC,USE1-VPN-Usage-Hours,CreateVpnConnection,,arn:aws:ec2:us-east-1:112233445566:vpn-connection/vpn-da84ce00,1.0,,,0.05,0.049297,0.05,0.049297,Hrs,0.05,0.049297,Amazon Virtual Private Cloud,,,,,us-east-1,AmazonVPC,,,,,,,,,,,,,,,,,,,,,
daab6890f865440d83230f28672e8182,2026-02-25T00:00:00Z/2026-02-25T01:00:00Z,112233445566,2026-02-01T00:00:00Z,2026-03-01T00:00:00Z,AWS,112233445566,Usage,2026-02-25T00:00:00Z,2026-02-25T01:00:00Z,AmazonVPC,USE1-VPN-Usage-Hours,CreateVpnConnection,,arn:aws:ec2:us-east-1:112233445566:vpn-connection/vpn-da84ce00,1.0,,,0.05,0.049351,0.05,0.049351,Hrs,0.05,0.049351,Amazon Virtual Private Cloud,,,,,us-east-1,AmazonVPC,,,,,,,,,,,,,,,,,,,,,
8e7df25ad1374446b5a705573ed20b78,2026-02-25T09:00:00Z/2026-02-25T10:00:00Z,112233445566,2026-02-01T00:00:00Z,2026-03-01T00:00:00Z,AWS,112233445566,Usage,2026-02-25T09:00:00Z,2026-02-25T10:00:00Z,AmazonVPC,USE1-VPN-Usage-Hours,CreateVpnConnection,,arn:aws:ec2:us-east-1:112233445566:vpn-connection/vpn-da84ce00,1.0,,,0.05,0.049568,0.05,0.049568,Hrs,0.05,0.049568,Amazon Virtual Private Cloud,,,,,us-east-1,AmazonVPC,,,,,,,,,,,,,,,,,,,,,
f5825afbf03b44c7a903807de13f5e7d,2026-02-25T18:00:00Z/2026-02-25T19:00:00Z,112233445566,2026-02-01T00:00:00Z,2026-03-01T00:00:00Z,AWS,112233445566,Usage,2026-02-25T18:00:00Z,2026-02-25T19:00:00Z,AmazonVPC,USE1-VPN-Usage-Hours,CreateVpnConnection,,arn:aws:ec2:us-east-1:112233445566:vpn-connection/vpn-da84ce00,1.0,,,0.05,0.050255,0.05,0.050255,Hrs,0.05,0.050255,Amazon Virtual Private Cloud,,,,,us-east-1,AmazonVPC,,,,,,,,,,,,,,,,,,,,,
d13d749b8ee4462a82d1c6c8b091a9cf,2026-02-26T03:00:00Z/2026-02-26T04:00:00Z,112233445566,2026-02-01T00:00:00Z,2026-03-01T00:00:00Z,AWS,112233445566,Usage,2026-02-26T03:00:00Z,2026-02-26T04:00:00Z,AmazonVPC,USE1-VPN-Usage-Hours,CreateVpnConnection,,arn:aws:ec2:us-east-1:112233445566:vpn-connection/vpn-da84ce00,1.0,,,0.05,0.050538,0.05,0.050538,Hrs,0.05,0.050538,Amazon Virtual Private Cloud,,,,,us-east-1,AmazonVPC,,,,,,,,,,,,,,,,,,,,,
f5758f6456ad4a4386dd42b5a828e449,2026-02-26T12:00:00Z/2026-02-26T13:00:00Z,112233445566,2026-02-01T00:00:00Z,2026-03-01T00:00:00Z,AWS,112233445566,Usage,2026-02-26T12:00:00Z,2026-02-26T13:00:00Z,AmazonVPC,USE1-VPN-Usage-Hours,CreateVpnConnection,,arn:aws:ec2:us-east-1:112233445566:vpn-connection/vpn-da84ce00,1.0,,,0.05,0.049813,0.05,0.049813,Hrs,0.05,0.049813,Amazon Virtual Private Cloud,,,,,us-east-1,AmazonVPC,,,,,,,,,,,,,,,,,,,,,
68b1521c19f146dc90f586b5f3fb2f1f,2026-02-26T21:00:00Z/2026-02-26T22:00:00Z,112233445566,2026-02-01T00:00:00Z,2026-03-01T00:00:00Z,AWS,112233445566,Usage,2026-02-26T21:00:00Z,2026-02-26T22:00:00Z,AmazonVPC,USE1-VPN-Usage-Hours,CreateVpnConnection,,arn:aws:ec2:us-east-1:112233445566:vpn-connection/vpn-da84ce00,1.0,,,0.05,0.049594,0.05,0.049594,Hrs,0.05,0.049594,Amazon Virtual Private Cloud,,,,,us-east-1,AmazonVPC,,,,,,,,,,,,,,,,,,,,,
88686de7bfa04e6dba4ef69e6d16d0e8,2026-02-27T06:00:00Z/2026-02-27T07:00:00Z,112233445566,2026-02-01T00:00:00Z,2026-03-01T00:00:00Z,AWS,112233445566,Usage,2026-02-27T06:00:00Z,2026-02-27T07:00:00Z,AmazonVPC,USE1-VPN-Usage-Hours,CreateVpnConnection,,arn:aws:ec2:us-east-1:112233445566:vpn-connection/vpn-da84ce00,1.0,,,0.05,0.05038,0.05,0.05038,Hrs,0.05,0.05038,Amazon Virtual Private Cloud,,,,,us-east-1,AmazonVPC,,,,,,,,,,,,,,,,,,,,,
2193839ecbf44c7b99d5d1030e7584f2,2026-02-27T15:00:00Z/2026-02-27T16:00:00Z,112233445566,2026-02-01T00:00:00Z,2026-03-01T00:00:00Z,AWS,112233445566,Usage,2026-02-27T15:00:00Z,2026-02-27T16:00:00Z,AmazonVPC,USE1-VPN-Usage-Hours,CreateVpnConnection,,arn:aws:ec2:us-east-1:112233445566:vpn-connection/vpn-da84ce00,1.0,,,0.05,0.050195,0.05,0.050195,Hrs,0.05,0.050195,Amazon Virtual Private Cloud,,,,,us-east-1,AmazonVPC,,,,,,,,,,,,,,,,,,,,,
477d9a6cea05488faf08f050342784fb,2026-02-01T00:00:00Z/2026-02-01T01:00:00Z,112233445566,2026-02-01T00:00:00Z,2026-03-01T00:00:00Z,AWS,112233445566,Usage,2026-02-01T00:00:00Z,2026-02-01T01:00:00Z,AWSCloudTrail,USE1-DigestEvent,LookupEvents,,arn:aws:cloudtrail:us-east-1:112233445566:trail/org-trail,1.0,,,0.1,0.101917,0.1,0.101917,Hrs,0.1,0.101917,AWS CloudTrail,,,,,us-east-1,AWSCloudTrail,,,,,,,,,,,,,,,,,,,,,
e20bb5f6f0b446d38056d6428824f59d,2026-02-01T09:00:00Z/2026-02-01T10:00:00Z,112233445566,2026-02-01T00:00:00Z,2026-03-01T00:00:00Z,AWS,112233445566,Usage,2026-02-01T09:00:00Z,2026-02-01T10:00:00Z,AWSCloudTrail,USE1-DigestEvent,LookupEvents,,arn:aws:cloudtrail:us-east-1:112233445566:trail/org-trail,1.0,,,0.1,0.101235,0.1,0.101235,Hrs,0.1,0.101235,AWS CloudTrail,,,,,us-east-1,AWSCloudTrail,,,,,,,,,,,,,,,,,,,,,
9f5daecec43b49559cea5d3326b6469e,2026-02-01T18:00:00Z/2026-02-01T19:00:00Z,112233445566,2026-02-01T00:00:00Z,2026-03-01T00:00:00Z,AWS,112233445566,Usage,2026-02-01T18:00:00Z,2026-02-01T19:00:00Z,AWSCloudTrail,USE1-DigestEvent,LookupEvents,,arn:aws:cloudtrail:us-east-1:112233445566:trail/org-trail,1.0,,,0.1,0.101738,0.1,0.101738,Hrs,0.1,0.101738,AWS CloudTrail,,,,,us-east-1,AWSCloudTrail,,,,,,,,,,,,,,,,,,,,,
378e52cb909e4b43aaa990fe106db4c3,2026-02-02T03:00:00Z/2026-02-02T04:00:00Z,112233445566,2026-02-01T00:00:00Z,2026-03-01T00:00:00Z,AWS,112233445566,Usage,2026-02-02T03:00:00Z,2026-02-02T04:00:00Z,AWSCloudTrail,USE1-DigestEvent,LookupEvents,,arn:aws:cloudtrail:us-east-1:112233445566:trail/org-trail,1.0,,,0.1,0.098419,0.1,0.098419,Hrs,0.1,0.098419,AWS CloudTrail,,,,,us-east-1,AWSCloudTrail,,,,,,,,,,,,,,,,,,,,,
8ceab8e5a27f456fa96ae6a43d101e89,2026-02-02T12:00:00Z/2026-02-02T13:00:00Z,112233445566,2026-02-01T00:00:00Z,2026-03-01T00:00:00Z,AWS,112233445566,Usage,2026-02-02T12:00:00Z,2026-02-02T13:00:00Z,AWSCloudTrail,USE1-DigestEvent,LookupEvents,,arn:aws:cloudtrail:us-east-1:112233445566:trail/org-trail,1.0,,,0.1,0.100829,0.1,0.100829,Hrs,0.1,0.100829,AWS CloudTrail,,,,,us-east-1,AWSCloudTrail,,,,,,,,,,,,,,,,,,,,,
5cc2e949a4d34fed8e54b74b6b2a9d08,2026-02-02T21:00:00Z/2026-02-02T22:00:00Z,112233445566,2026-02-01T00:00:00Z,2026-03-01T00:00:00Z,AWS,112233445566,Usage,2026-02-02T21:00:00Z,2026-02-02T22:00:00Z,AWSCloudTrail,USE1-DigestEvent,LookupEvents,,arn:aws:cloudtrail:us-east-1:112233445566:trail/org-trail,1.0,,,0.1,0.100035,0.1,0.100035,Hrs,0.1,0.100035,AWS CloudTrail,,,,,us-east-1,AWSCloudTrail,,,,,,,,,,,,,,,,,,,,,
64576cd3e91744968965d2eafe97db74,2026-02-03T06:00:00Z/2026-02-03T07:00:00Z,112233445566,2026-02-01T00:00:00Z,2026-03-01T00:00:00Z,AWS,112233445566,Usage,2026-02-03T06:00:00Z,2026-02-03T07:00:00Z,AWSCloudTrail,USE1-DigestEvent,LookupEvents,,arn:aws:cloudtrail:us-east-1:112233445566:trail/org-trail,1.0,,,0.1,0.101196,0.1,0.101196,Hrs,0.1,0.101196,AWS CloudTrail,,,,,us-east-1,AWSCloudTrail,,,,,,,,,,,,,,,,,,,,,
3ab85981ec364a8ca6f9c1d7281b77b0,2026-02-03T15:00:00Z/2026-02-03T16:00:00Z,112233445566,2026-02-01T00:00:00Z,2026-03-01T00:00:00Z,AWS,112233445566,Usage,2026-02-03T15:00:00Z,2026-02-03T16:00:00Z,AWSCloudTrail,USE1-DigestEvent,LookupEvents,,arn:aws:cloudtrail:us-east-1:112233445566:trail/org-trail,1.0,,,0.1,0.101918,0.1,0.101918,Hrs,0.1,0.101918,AWS CloudTrail,,,,,us-east-1,AWSCloudTrail,,,,,,,,,,,,,,,,,,,,,
69e89d8eb4254ad989c5969571292d22,2026-02-04T00:00:00Z/2026-02-04T01:00:00Z,112233445566,2026-02-01T00:00:00Z,2026-03-01T00:00:00Z,AWS,112233445566,Usage,2026-02-04T00:00:00Z,2026-02-04T01:00:00Z,AWSCloudTrail,USE1-DigestEvent,LookupEvents,,arn:aws:cloudtrail:us-east-1:112233445566:trail/org-trail,1.0,,,0.1,0.099981,0.1,0.099981,Hrs,0.1,0.099981,AWS CloudTrail,,,,,us-east-1,AWSCloudTrail,,,,,,,,,,,,,,,,,,,,,
accc4d6bfc0548efaced75b74492f0e5,2026-02-04T09:00:00Z/2026-02-04T10:00:00Z,112233445566,2026-02-01T00:00:00Z,2026-03-01T00:00:00Z,AWS,112233445566,Usage,2026-02-04T09:00:00Z,2026-02-04T10:00:00Z,AWSCloudTrail,USE1-DigestEvent,LookupEvents,,arn:aws:cloudtrail:us-east-1:112233445566:trail/org-trail,1.0,,,0.1,0.100571,0.1,0.100571,Hrs,0.1,0.100571,AWS CloudTrail,,,,,us-east-1,AWSCloudTrail,,,,,,,,,,,,,,,,,,,,,
c216a8f33b0f4a53ae192efacd25a529,2026-02-04T18:00:00Z/2026-02-04T19:00:00Z,112233445566,2026-02-01T00:00:00Z,2026-03-01T00:00:00Z,AWS,112233445566,Usage,2026-02-04T18:00:00Z,2026-02-04T19:00:00Z,AWSCloudTrail,USE1-DigestEvent,LookupEvents,,arn:aws:cloudtrail:us-east-1:112233445566:trail/org-trail,1.0,,,0.1,0.101988,0.1,0.101988,Hrs,0.1,0.101988,AWS CloudTrail,,,,,us-east-1,AWSCloudTrail,,,,,,,,,,,,,,,,,,,,,
3f7d38efad3b487399733c89261840f2,2026-02-05T03:00:00Z/2026-02-05T04:00:00Z,112233445566,2026-02-01T00:00:00Z,2026-03-01T00:00:00Z,AWS,112233445566,Usage,2026-02-05T03:00:00Z,2026-02-05T04:00:00Z,AWSCloudTrail,USE1-DigestEvent,LookupEvents,,arn:aws:cloudtrail:us-east-1:112233445566:trail/org-trail,1.0,,,0.1,0.099522,0.1,0.099522,Hrs,0.1,0.099522,AWS CloudTrail,,,,,us-east-1,AWSCloudTrail,,,,,,,,,,,,,,,,,,,,,
71a858088723436fbe7d518cbef965f4,2026-02-05T12:00:00Z/2026-02-05T13:00:00Z,112233445566,2026-02-01T00:00:00Z,2026-03-01T00:00:00Z,AWS,112233445566,Usage,2026-02-05T12:00:00Z,2026-02-05T13:00:00Z,AWSCloudTrail,USE1-DigestEvent,LookupEvents,,arn:aws:cloudtrail:us-east-1:112233445566:trail/org-trail,1.0,,,0.1,0.100206,0.1,0.100206,Hrs,0.1,0.100206,AWS CloudTrail,,,,,us-east-1,AWSCloudTrail,,,,,,,,,,,,,,,,,,,,,
a5c0eaefffe149a6a6b0ed3de2d90f5d,2026-02-05T21:00:00Z/2026-02-05T22:00:00Z,112233445566,2026-02-01T00:00:00Z,2026-03-01T00:00:00Z,AWS,112233445566,Usage,2026-02-05T21:00:00Z,2026-02-05T22:00:00Z,AWSCloudTrail,USE1-DigestEvent,LookupEvents,,arn:aws:cloudtrail:us-east-1:112233445566:trail/org-trail,1.0,,,0.1,0.100446,0.1,0.100446,Hrs,0.1,0.100446,AWS CloudTrail,,,,,us-east-1,AWSCloudTrail,,,,,,,,,,,,,,,,,,,,,
03f8f9d62f4a43ffad3fb308a4d7fe5f,2026-02-06T06:00:00Z/2026-02-06T07:00:00Z,112233445566,2026-02-01T00:00:00Z,2026-03-01T00:00:00Z,AWS,112233445566,Usage,2026-02-06T06:00:00Z,2026-02-06T07:00:00Z,AWSCloudTrail,USE1-DigestEvent,LookupEvents,,arn:aws:cloudtrail:us-east-1:112233445566:trail/org-trail,1.0,,,0.1,0.101487,0.1,0.101487,Hrs,0.1,0.101487,AWS CloudTrail,,,,,us-east-1,AWSCloudTrail,,,,,,,,,,,,,,,,,,,,,
970c474ff9884e38a724b6e8dfc97c53,2026-02-06T15:00:00Z/2026-02-06T16:00:00Z,112233445566,2026-02-01T00:00:00Z,2026-03-01T00:00:00Z,AWS,112233445566,Usage,2026-02-06T15:00:00Z,2026-02-06T16:00:00Z,AWSCloudTrail,USE1-DigestEvent,LookupEvents,,arn:aws:cloudtrail:us-east-1:112233445566:trail/org-trail,1.0,,,0.1,0.101646,0.1,0.101646,Hrs,0.1,0.101646,AWS CloudTrail,,,,,us-east-1,AWSCloudTrail,,,,,,,,,,,,,,,,,,,,,
4f50a59873fa41c2bd47a0e612dec291,2026-02-07T00:00:00Z/2026-02-07T01:00:00Z,112233445566,2026-02-01T00:00:00Z,2026-03-01T00:00:00Z,AWS,112233445566,Usage,2026-02-07T00:00:00Z,2026-02-07T01:00:00Z,AWSCloudTrail,USE1-DigestEvent,LookupEvents,,arn:aws:cloudtrail:us-east-1:112233445566:trail/org-trail,1.0,,,0.1,0.101789,0.1,0.101789,Hrs,0.1,0.101789,AWS CloudTrail,,,,,us-east-1,AWSCloudTrail,,,,,,,,,,,,,,,,,,,,,
c2e7887f87244de89a0d989b9c41952d,2026-02-07T09:00:00Z/2026-02-07T10:00:00Z,112233445566,2026-02-01T00:00:00Z,2026-03-01T00:00:00Z,AWS,112233445566,Usage,2026-02-07T09:00:00Z,2026-02-07T10:00:00Z,AWSCloudTrail,USE1-DigestEvent,LookupEvents,,arn:aws:cloudtrail:us-east-1:112233445566:trail/org-trail,1.0,,,0.1,0.098986,0.1,0.098986,Hrs,0.1,0.098986,AWS CloudTrail,,,,,us-east-1,AWSCloudTrail,,,,,,,,,,,,,,,,,,,,,
6f8416b42f0647a6bad918e61943a157,2026-02-07T18:00:00Z/2026-02-07T19:00:00Z,112233445566,2026-02-01T00:00:00Z,2026-03-01T00:00:00Z,AWS,112233445566,Usage,2026-02-07T18:00:00Z,2026-02-07T19:00:00Z,AWSCloudTrail,USE1-DigestEvent,LookupEvents,,arn:aws:cloudtrail:us-east-1:112233445566:trail/org-trail,1.0,,,0.1,0.098464,0.1,0.098464,Hrs,0.1,0.098464,AWS CloudTrail,,,,,us-east-1,AWSCloudTrail,,,,,,,,,,,,,,,,,,,,,
19e3705899f943aab7e9d5622d79bc63,2026-02-08T03:00:00Z/2026-02-08T04:00:00Z,112233445566,2026-02-01T00:00:00Z,2026-03-01T00:00:00Z,AWS,112233445566,Usage,2026-02-08T03:00:00Z,2026-02-08T04:00:00Z,AWSCloudTrail,USE1-DigestEvent,LookupEvents,,arn:aws:cloudtrail:us-east-1:112233445566:trail/org-trail,1.0,,,0.1,0.100506,0.1,0.100506,Hrs,0.1,0.100506,AWS CloudTrail,,,,,us-east-1,AWSCloudTrail,,,,,,,,,,,,,,,,,,,,,
3df431fac3a34300a8ddf92b4a8f9a5d,2026-02-08T12:00:00Z/2026-02-08T13:00:00Z,112233445566,2026-02-01T00:00:00Z,2026-03-01T00:00:00Z,AWS,112233445566,Usage,2026-02-08T12:00:00Z,2026-02-08T13:00:00Z,AWSCloudTrail,USE1-DigestEvent,LookupEvents,,arn:aws:cloudtrail:us-east-1:112233445566:trail/org-trail,1.0,,,0.1,0.100241,0.1,0.100241,Hrs,0.1,0.100241,AWS CloudTrail,,,,,us-east-1,AWSCloudTrail,,,,,,,,,,,,,,,,,,,,,
75722681f9fa4281b533a21f131aa0fe,2026-02-08T21:00:00Z/2026-02-08T22:00:00Z,112233445566,2026-02-01T00:00:00Z,2026-03-01T00:00:00Z,AWS,112233445566,Usage,2026-02-08T21:00:00Z,2026-02-08T22:00:00Z,AWSCloudTrail,USE1-DigestEvent,LookupEvents,,arn:aws:cloudtrail:us-east-1:112233445566:trail/org-trail,1.0,,,0.1,0.100139,0.1,0.100139,Hrs,0.1,0.100139,AWS CloudTrail,,,,,us-east-1,AWSCloudTrail,,,,,,,,,,,,,,,,,,,,,
227c9e21a2e041d3ae94a1a3166cf4fd,2026-02-09T06:00:00Z/2026-02-09T07:00:00Z,112233445566,2026-02-01T00:00:00Z,2026-03-01T00:00:00Z,AWS,112233445566,Usage,2026-02-09T06:00:00Z,2026-02-09T07:00:00Z,AWSCloudTrail,USE1-DigestEvent,LookupEvents,,arn:aws:cloudtrail:us-east-1:112233445566:trail/org-trail,1.0,,,0.1,0.099151,0.1,0.099151,Hrs,0.1,0.099151,AWS CloudTrail,,,,,us-east-1,AWSCloudTrail,,,,,,,,,,,,,,,,,,,,,
3515bf52b36a4afd91bb9b263ff76739,2026-02-09T15:00:00Z/2026-02-09T16:00:00Z,112233445566,2026-02-01T00:00:00Z,2026-03-01T00:00:00Z,AWS,112233445566,Usage,2026-02-09T15:00:00Z,2026-02-09T16:00:00Z,AWSCloudTrail,USE1-DigestEvent,LookupEvents,,arn:aws:cloudtrail:us-east-1:112233445566:trail/org-trail,1.0,,,0.1,0.101526,0.1,0.101526,Hrs,0.1,0.101526,AWS CloudTrail,,,,,us-east-1,AWSCloudTrail,,,,,,,,,,,,,,,,,,,,,
8c82a136997c4e5dbcc7b82dee4ea66c,2026-02-10T00:00:00Z/2026-02-10T01:00:00Z,112233445566,2026-02-01T00:00:00Z,2026-03-01T00:00:00Z,AWS,112233445566,Usage,2026-02-10T00:00:00Z,2026-02-10T01:00:00Z,AWSCloudTrail,USE1-DigestEvent,LookupEvents,,arn:aws:cloudtrail:us-east-1:112233445566:trail/org-trail,1.0,,,0.1,0.099303,0.1,0.099303,Hrs,0.1,0.099303,AWS CloudTrail,,,,,us-east-1,AWSCloudTrail,,,,,,,,,,,,,,,,,,,,,
ae6e2b4a06e647ea9cce0f54618b5895,2026-02-10T09:00:00Z/2026-02-10T10:00:00Z,112233445566,2026-02-01T00:00:00Z,2026-03-01T00:00:00Z,AWS,112233445566,Usage,2026-02-10T09:00:00Z,2026-02-10T10:00:00Z,AWSCloudTrail,USE1-DigestEvent,LookupEvents,,arn:aws:cloudtrail:us-east-1:112233445566:trail/org-trail,1.0,,,0.1,0.098074,0.1,0.098074,Hrs,0.1,0.098074,AWS CloudTrail,,,,,us-east-1,AWSCloudTrail,,,,,,,,,,,,,,,,,,,,,
f826f40b269b4310a266064c6885baf9,2026-02-10T18:00:00Z/2026-02-10T19:00:00Z,112233445566,2026-02-01T00:00:00Z,2026-03-01T00:00:00Z,AWS,112233445566,Usage,2026-02-10T18:00:00Z,2026-02-10T19:00:00Z,AWSCloudTrail,USE1-DigestEvent,LookupEvents,,arn:aws:cloudtrail:us-east-1:112233445566:trail/org-trail,1.0,,,0.1,0.099068,0.1,0.099068,Hrs,0.1,0.099068,AWS CloudTrail,,,,,us-east-1,AWSCloudTrail,,,,,,,,,,,,,,,,,,,,,
5386a8352cb4410aaeca989f0b046e60,2026-02-11T03:00:00Z/2026-02-11T04:00:00Z,112233445566,2026-02-01T00:00:00Z,2026-03-01T00:00:00Z,AWS,112233445566,Usage,2026-02-11T03:00:00Z,2026-02-11T04:00:00Z,AWSCloudTrail,USE1-DigestEvent,LookupEvents,,arn:aws:cloudtrail:us-east-1:112233445566:trail/org-trail,1.0,,,0.1,0.099537,0.1,0.099537,Hrs,0.1,0.099537,AWS CloudTrail,,,,,us-east-1,AWSCloudTrail,,,,,,,,,,,,,,,,,,,,,
a3d44225e04e4b3eb6d4fd2bc0ca9014,2026-02-11T12:00:00Z/2026-02-11T13:00:00Z,112233445566,2026-02-01T00:00:00Z,2026-03-01T00:00:00Z,AWS,112233445566,Usage,2026-02-11T12:00:00Z,2026-02-11T13:00:00Z,AWSCloudTrail,USE1-DigestEvent,LookupEvents,,arn:aws:cloudtrail:us-east-1:112233445566:trail/org-trail,1.0,,,0.1,0.101558,0.1,0.101558,Hrs,0.1,0.101558,AWS CloudTrail,,,,,us-east-1,AWSCloudTrail,,,,,,,,,,,,,,,,,,,,,
356c8b250e334e9b89c24238ecc3abab,2026-02-11T21:00:00Z/2026-02-11T22:00:00Z,112233445566,2026-02-01T00:00:00Z,2026-03-01T00:00:00Z,AWS,112233445566,Usage,2026-02-11T21:00:00Z,2026-02-11T22:00:00Z,AWSCloudTrail,USE1-DigestEvent,LookupEvents,,arn:aws:cloudtrail:us-east-1:112233445566:trail/org-trail,1.0,,,0.1,0.099218,0.1,0.099218,Hrs,0.1,0.099218,AWS CloudTrail,,,,,us-east-1,AWSCloudTrail,,,,,,,,,,,,,,,,,,,,,
505e19f5701f4435aca942431d66f40c,2026-02-12T06:00:00Z/2026-02-12T07:00:00Z,112233445566,2026-02-01T00:00:00Z,2026-03-01T00:00:00Z,AWS,112233445566,Usage,2026-02-12T06:00:00Z,2026-02-12T07:00:00Z,AWSCloudTrail,USE1-DigestEvent,LookupEvents,,arn:aws:cloudtrail:us-east-1:112233445566:trail/org-trail,1.0,,,0.1,0.100782,0.1,0.100782,Hrs,0.1,0.100782,AWS CloudTrail,,,,,us-east-1,AWSCloudTrail,,,,,,,,,,,,,,,,,,,,,
fc9488a452b14bb1b768a99968d73626,2026-02-12T15:00:00Z/2026-02-12T16:00:00Z,112233445566,2026-02-01T00:00:00Z,2026-03-01T00:00:00Z,AWS,112233445566,Usage,2026-02-12T15:00:00Z,2026-02-12T16:00:00Z,AWSCloudTrail,USE1-DigestEvent,LookupEvents,,arn:aws:cloudtrail:us-east-1:112233445566:trail/org-trail,1.0,,,0.1,0.101818,0.1,0.101818,Hrs,0.1,0.101818,AWS CloudTrail,,,,,us-east-1,AWSCloudTrail,,,,,,,,,,,,,,,,,,,,,
f2c178bda2c046bc892fb47f0b71ceab,2026-02-13T00:00:00Z/2026-02-13T01:00:00Z,112233445566,2026-02-01T00:00:00Z,2026-03-01T00:00:00Z,AWS,112233445566,Usage,2026-02-13T00:00:00Z,2026-02-13T01:00:00Z,AWSCloudTrail,USE1-DigestEvent,LookupEvents,,arn:aws:cloudtrail:us-east-1:112233445566:trail/org-trail,1.0,,,0.1,0.099482,0.1,0.099482,Hrs,0.1,0.099482,AWS CloudTrail,,,,,us-east-1,AWSCloudTrail,,,,,,,,,,,,,,,,,,,,,
74895df02fc447fe94a40c2b2eafa397,2026-02-13T09:00:00Z/2026-02-13T10:00:00Z,112233445566,2026-02-01T00:00:00Z,2026-03-01T00:00:00Z,AWS,112233445566,Usage,2026-02-13T09:00:00Z,2026-02-13T10:00:00Z,AWSCloudTrail,USE1-DigestEvent,LookupEvents,,arn:aws:cloudtrail:us-east-1:112233445566:trail/org-trail,1.0,,,0.1,0.098413,0.1,0.098413,Hrs,0.1,0.098413,AWS CloudTrail,,,,,us-east-1,AWSCloudTrail,,,,,,,,,,,,,,,,,,,,,
1f96142124e240778786735838c839ec,2026-02-13T18:00:00Z/2026-02-13T19:00:00Z,112233445566,2026-02-01T00:00:00Z,2026-03-01T00:00:00Z,AWS,112233445566,Usage,2026-02-13T18:00:00Z,2026-02-13T19:00:00Z,AWSCloudTrail,USE1-DigestEvent,LookupEvents,,arn:aws:cloudtrail:us-east-1:112233445566:trail/org-trail,1.0,,,0.1,0.099863,0.1,0.099863,Hrs,0.1,0.099863,AWS CloudTrail,,,,,us-east-1,AWSCloudTrail,,,,,,,,,,,,,,,,,,,,,
5eaa0794a2c6480fb17d03513ef6da1b,2026-02-14T03:00:00Z/2026-02-14T04:00:00Z,112233445566,2026-02-01T00:00:00Z,2026-03-01T00:00:00Z,AWS,112233445566,Usage,2026-02-14T03:00:00Z,2026-02-14T04:00:00Z,AWSCloudTrail,USE1-DigestEvent,LookupEvents,,arn:aws:cloudtrail:us-east-1:112233445566:trail/org-trail,1.0,,,0.1,0.100005,0.1,0.100005,Hrs,0.1,0.100005,AWS CloudTrail,,,,,us-east-1,AWSCloudTrail,,,,,,,,,,,,,,,,,,,,,
2deb945eaa364163acdb4e182097e282,2026-02-14T12:00:00Z/2026-02-14T13:00:00Z,112233445566,2026-02-01T00:00:00Z,2026-03-01T00:00:00Z,AWS,112233445566,Usage,2026-02-14T12:00:00Z,2026-02-14T13:00:00Z,AWSCloudTrail,USE1-DigestEvent,LookupEvents,,arn:aws:cloudtrail:us-east-1:112233445566:trail/org-trail,1.0,,,0.1,0.098517,0.1,0.098517,Hrs,0.1,0.098517,AWS CloudTrail,,,,,us-east-1,AWSCloudTrail,,,,,,,,,,,,,,,,,,,,,
d8f32ca5fde342eba2ca4c29bb6ac9d7,2026-02-14T21:00:00Z/2026-02-14T22:00:00Z,112233445566,2026-02-01T00:00:00Z,2026-03-01T00:00:00Z,AWS,112233445566,Usage,2026-02-14T21:00:00Z,2026-02-14T22:00:00Z,AWSCloudTrail,USE1-DigestEvent,LookupEvents,,arn:aws:cloudtrail:us-east-1:112233445566:trail/org-trail,1.0,,,0.1,0.099009,0.1,0.099009,Hrs,0.1,0.099009,AWS CloudTrail,,,,,us-east-1,AWSCloudTrail,,,,,,,,,,,,,,,,,,,,,
7c9cc7bb0198415b8574fbec89d23614,2026-02-15T06:00:00Z/2026-02-15T07:00:00Z,112233445566,2026-02-01T00:00:00Z,2026-03-01T00:00:00Z,AWS,112233445566,Usage,2026-02-15T06:00:00Z,2026-02-15T07:00:00Z,AWSCloudTrail,USE1-DigestEvent,LookupEvents,,arn:aws:cloudtrail:us-east-1:112233445566:trail/org-trail,1.0,,,0.1,0.101298,0.1,0.101298,Hrs,0.1,0.101298,AWS CloudTrail,,,,,us-east-1,AWSCloudTrail,,,,,,,,,,,,,,,,,,,,,
c3d856431f524774b4f9482e4c9ad613,2026-02-15T15:00:00Z/2026-02-15T16:00:00Z,112233445566,2026-02-01T00:00:00Z,2026-03-01T00:00:00Z,AWS,112233445566,Usage,2026-02-15T15:00:00Z,2026-02-15T16:00:00Z,AWSCloudTrail,USE1-DigestEvent,LookupEvents,,arn:aws:cloudtrail:us-east-1:112233445566:trail/org-trail,1.0,,,0.1,0.098563,0.1,0.098563,Hrs,0.1,0.098563,AWS CloudTrail,,,,,us-east-1,AWSCloudTrail,,,,,,,,,,,,,,,,,,,,,
b88f753b5e1b4fd7a5763ed3e835b626,2026-02-16T00:00:00Z/2026-02-16T01:00:00Z,112233445566,2026-02-01T00:00:00Z,2026-03-01T00:00:00Z,AWS,112233445566,Usage,2026-02-16T00:00:00Z,2026-02-16T01:00:00Z,AWSCloudTrail,USE1-DigestEvent,LookupEvents,,arn:aws:cloudtrail:us-east-1:112233445566:trail/org-trail,1.0,,,0.1,0.101766,0.1,0.101766,Hrs,0.1,0.101766,AWS CloudTrail,,,,,us-east-1,AWSCloudTrail,,,,,,,,,,,,,,,,,,,,,
44e6b5bee76a4ce48fe3f401fcadf3f0,2026-02-16T09:00:00Z/2026-02-16T10:00:00Z,112233445566,2026-02-01T00:00:00Z,2026-03-01T00:00:00Z,AWS,112233445566,Usage,2026-02-16T09:00:00Z,2026-02-16T10:00:00Z,AWSCloudTrail,USE1-DigestEvent,LookupEvents,,arn:aws:cloudtrail:us-east-1:112233445566:trail/org-trail,1.0,,,0.1,0.099692,0.1,0.099692,Hrs,0.1,0.099692,AWS CloudTrail,,,,,us-east-1,AWSCloudTrail,,,,,,,,,,,,,,,,,,,,,
e72fd76cb3cd4a0181853f72d5e0f0c4,2026-02-16T18:00:00Z/2026-02-16T19:00:00Z,112233445566,2026-02-01T00:00:00Z,2026-03-01T00:00:00Z,AWS,112233445566,Usage,2026-02-16T18:00:00Z,2026-02-16T19:00:00Z,AWSCloudTrail,USE1-DigestEvent,LookupEvents,,arn:aws:cloudtrail:us-east-1:112233445566:trail/org-trail,1.0,,,0.1,0.10042,0.1,0.10042,Hrs,0.1,0.10042,AWS CloudTrail,,,,,us-east-1,AWSCloudTrail,,,,,,,,,,,,,,,,,,,,,
69933f66146d4b4bb37007818d5fb874,2026-02-17T03:00:00Z/2026-02-17T04:00:00Z,112233445566,2026-02-01T00:00:00Z,2026-03-01T00:00:00Z,AWS,112233445566,Usage,2026-02-17T03:00:00Z,2026-02-17T04:00:00Z,AWSCloudTrail,USE1-DigestEvent,LookupEvents,,arn:aws:cloudtrail:us-east-1:112233445566:trail/org-trail,1.0,,,0.1,0.099984,0.1,0.099984,Hrs,0.1,0.099984,AWS CloudTrail,,,,,us-east-1,AWSCloudTrail,,,,,,,,,,,,,,,,,,,,,
89bfb7cf037d4da48fb0ff1e1947eee3,2026-02-17T12:00:00Z/2026-02-17T13:00:00Z,112233445566,2026-02-01T00:00:00Z,2026-03-01T00:00:00Z,AWS,112233445566,Usage,2026-02-17T12:00:00Z,2026-02-17T13:00:00Z,AWSCloudTrail,USE1-DigestEvent,LookupEvents,,arn:aws:cloudtrail:us-east-1:112233445566:trail/org-trail,1.0,,,0.1,0.100337,0.1,0.100337,Hrs,0.1,0.100337,AWS CloudTrail,,,,,us-east-1,AWSCloudTrail,,,,,,,,,,,,,,,,,,,,,
87a9ff82eacf4f1b9eec3bc4e6baabd2,2026-02-17T21:00:00Z/2026-02-17T22:00:00Z,112233445566,2026-02-01T00:00:00Z,2026-03-01T00:00:00Z,AWS,112233445566,Usage,2026-02-17T21:00:00Z,2026-02-17T22:00:00Z,AWSCloudTrail,USE1-DigestEvent,LookupEvents,,arn:aws:cloudtrail:us-east-1:112233445566:trail/org-trail,1.0,,,0.1,0.098346,0.1,0.098346,Hrs,0.1,0.098346,AWS CloudTrail,,,,,us-east-1,AWSCloudTrail,,,,,,,,,,,,,,,,,,,,,
80e48ac25b754badbab9584a7fb0ce2f,2026-02-18T06:00:00Z/2026-02-18T07:00:00Z,112233445566,2026-02-01T00:00:00Z,2026-03-01T00:00:00Z,AWS,112233445566,Usage,2026-02-18T06:00:00Z,2026-02-18T07:00:00Z,AWSCloudTrail,USE1-DigestEvent,LookupEvents,,arn:aws:cloudtrail:us-east-1:112233445566:trail/org-trail,1.0,,,0.1,0.098458,0.1,0.098458,Hrs,0.1,0.098458,AWS CloudTrail,,,,,us-east-1,AWSCloudTrail,,,,,,,,,,,,,,,,,,,,,
69e2a11c63584802ace4f56c46699dc0,2026-02-18T15:00:00Z/2026-02-18T16:00:00Z,112233445566,2026-02-01T00:00:00Z,2026-03-01T00:00:00Z,AWS,112233445566,Usage,2026-02-18T15:00:00Z,2026-02-18T16:00:00Z,AWSCloudTrail,USE1-DigestEvent,LookupEvents,,arn:aws:cloudtrail:us-east-1:112233445566:trail/org-trail,1.0,,,0.1,0.100178,0.1,0.100178,Hrs,0.1,0.100178,AWS CloudTrail,,,,,us-east-1,AWSCloudTrail,,,,,,,,,,,,,,,,,,,,,
a6b74c8c8aad49498ae743dd7c4c8f1b,2026-02-19T00:00:00Z/2026-02-19T01:00:00Z,112233445566,2026-02-01T00:00:00Z,2026-03-01T00:00:00Z,AWS,112233445566,Usage,2026-02-19T00:00:00Z,2026-02-19T01:00:00Z,AWSCloudTrail,USE1-DigestEvent,LookupEvents,,arn:aws:cloudtrail:us-east-1:112233445566:trail/org-trail,1.0,,,0.1,0.098906,0.1,0.098906,Hrs,0.1,0.098906,AWS CloudTrail,,,,,us-east-1,AWSCloudTrail,,,,,,,,,,,,,,,,,,,,,
fa212d005409418cbb946ea59b21bf1e,2026-02-19T09:00:00Z/2026-02-19T10:00:00Z,112233445566,2026-02-01T00:00:00Z,2026-03-01T00:00:00Z,AWS,112233445566,Usage,2026-02-19T09:00:00Z,2026-02-19T10:00:00Z,AWSCloudTrail,USE1-DigestEvent,LookupEvents,,arn:aws:cloudtrail:us-east-1:112233445566:trail/org-trail,1.0,,,0.1,0.100774,0.1,0.100774,Hrs,0.1,0.100774,AWS CloudTrail,,,,,us-east-1,AWSCloudTrail,,,,,,,,,,,,,,,,,,,,,
a279ab1b9a4c4d709c18089f33c672e2,2026-02-19T18:00:00Z/2026-02-19T19:00:00Z,112233445566,2026-02-01T00:00:00Z,2026-03-01T00:00:00Z,AWS,112233445566,Usage,2026-02-19T18:00:00Z,2026-02-19T19:00:00Z,AWSCloudTrail,USE1-DigestEvent,LookupEvents,,arn:aws:cloudtrail:us-east-1:112233445566:trail/org-trail,1.0,,,0.1,0.099059,0.1,0.099059,Hrs,0.1,0.099059,AWS CloudTrail,,,,,us-east-1,AWSCloudTrail,,,,,,,,,,,,,,,,,,,,,
30498ad3b97e45bf8736d94c5478f6e1,2026-02-20T03:00:00Z/2026-02-20T04:00:00Z,112233445566,2026-02-01T00:00:00Z,2026-03-01T00:00:00Z,AWS,112233445566,Usage,2026-02-20T03:00:00Z,2026-02-20T04:00:00Z,AWSCloudTrail,USE1-DigestEvent,LookupEvents,,arn:aws:cloudtrail:us-east-1:112233445566:trail/org-trail,1.0,,,0.1,0.098914,0.1,0.098914,Hrs,0.1,0.098914,AWS CloudTrail,,,,,us-east-1,AWSCloudTrail,,,,,,,,,,,,,,,,,,,,,
ee409ec1c2e044fe8d9dfe3786c1e3fe,2026-02-20T12:00:00Z/2026-02-20T13:00:00Z,112233445566,2026-02-01T00:00:00Z,2026-03-01T00:00:00Z,AWS,112233445566,Usage,2026-02-20T12:00:00Z,2026-02-20T13:00:00Z,AWSCloudTrail,USE1-DigestEvent,LookupEvents,,arn:aws:cloudtrail:us-east-1:112233445566:trail/org-trail,1.0,,,0.1,0.09828,0.1,0.09828,Hrs,0.1,0.09828,AWS CloudTrail,,,,,us-east-1,AWSCloudTrail,,,,,,,,,,,,,,,,,,,,,
2724e5d18cb04a8bae91e3560e2ca573,2026-02-20T21:00:00Z/2026-02-20T22:00:00Z,112233445566,2026-02-01T00:00:00Z,2026-03-01T00:00:00Z,AWS,112233445566,Usage,2026-02-20T21:00:00Z,2026-02-20T22:00:00Z,AWSCloudTrail,USE1-DigestEvent,LookupEvents,,arn:aws:cloudtrail:us-east-1:112233445566:trail/org-trail,1.0,,,0.1,0.101071,0.1,0.101071,Hrs,0.1,0.101071,AWS CloudTrail,,,,,us-east-1,AWSCloudTrail,,,,,,,,,,,,,,,,,,,,,
8ff7e5952604459aaaa4172c60dad3ce,2026-02-21T06:00:00Z/2026-02-21T07:00:00Z,112233445566,2026-02-01T00:00:00Z,2026-03-01T00:00:00Z,AWS,112233445566,Usage,2026-02-21T06:00:00Z,2026-02-21T07:00:00Z,AWSCloudTrail,USE1-DigestEvent,LookupEvents,,arn:aws:cloudtrail:us-east-1:112233445566:trail/org-trail,1.0,,,0.1,0.101484,0.1,0.101484,Hrs,0.1,0.101484,AWS CloudTrail,,,,,us-east-1,AWSCloudTrail,,,,,,,,,,,,,,,,,,,,,
9916935f2fb3427db6b372ab605190e7,2026-02-21T15:00:00Z/2026-02-21T16:00:00Z,112233445566,2026-02-01T00:00:00Z,2026-03-01T00:00:00Z,AWS,112233445566,Usage,2026-02-21T15:00:00Z,2026-02-21T16:00:00Z,AWSCloudTrail,USE1-DigestEvent,LookupEvents,,arn:aws:cloudtrail:us-east-1:112233445566:trail/org-trail,1.0,,,0.1,0.098744,0.1,0.098744,Hrs,0.1,0.098744,AWS CloudTrail,,,,,us-east-1,AWSCloudTrail,,,,,,,,,,,,,,,,,,,,,
fc2417a7b6b0489db89298ba7e826f4a,2026-02-22T00:00:00Z/2026-02-22T01:00:00Z,112233445566,2026-02-01T00:00:00Z,2026-03-01T00:00:00Z,AWS,112233445566,Usage,2026-02-22T00:00:00Z,2026-02-22T01:00:00Z,AWSCloudTrail,USE1-DigestEvent,LookupEvents,,arn:aws:cloudtrail:us-east-1:112233445566:trail/org-trail,1.0,,,0.1,0.099451,0.1,0.099451,Hrs,0.1,0.099451,AWS CloudTrail,,,,,us-east-1,AWSCloudTrail,,,,,,,,,,,,,,,,,,,,,
37ccc2fa71144493882f6fe33b82b9ef,2026-02-22T09:00:00Z/2026-02-22T10:00:00Z,112233445566,2026-02-01T00:00:00Z,2026-03-01T00:00:00Z,AWS,112233445566,Usage,2026-02-22T09:00:00Z,2026-02-22T10:00:00Z,AWSCloudTrail,USE1-DigestEvent,LookupEvents,,arn:aws:cloudtrail:us-east-1:112233445566:trail/org-trail,1.0,,,0.1,0.099,0.1,0.099,Hrs,0.1,0.099,AWS CloudTrail,,,,,us-east-1,AWSCloudTrail,,,,,,,,,,,,,,,,,,,,,
8969750ead2a41c9b640fae77a5377f6,2026-02-22T18:00:00Z/2026-02-22T19:00:00Z,112233445566,2026-02-01T00:00:00Z,2026-03-01T00:00:00Z,AWS,112233445566,Usage,2026-02-22T18:00:00Z,2026-02-22T19:00:00Z,AWSCloudTrail,USE1-DigestEvent,LookupEvents,,arn:aws:cloudtrail:us-east-1:112233445566:trail/org-trail,1.0,,,0.1,0.099736,0.1,0.099736,Hrs,0.1,0.099736,AWS CloudTrail,,,,,us-east-1,AWSCloudTrail,,,,,,,,,,,,,,,,,,,,,
0462e2b7beb2438b9fc8e771157d431a,2026-02-23T03:00:00Z/2026-02-23T04:00:00Z,112233445566,2026-02-01T00:00:00Z,2026-03-01T00:00:00Z,AWS,112233445566,Usage,2026-02-23T03:00:00Z,2026-02-23T04:00:00Z,AWSCloudTrail,USE1-DigestEvent,LookupEvents,,arn:aws:cloudtrail:us-east-1:112233445566:trail/org-trail,1.0,,,0.1,0.101531,0.1,0.101531,Hrs,0.1,0.101531,AWS CloudTrail,,,,,us-east-1,AWSCloudTrail,,,,,,,,,,,,,,,,,,,,,
0b67af45615844be8d752801f930245c,2026-02-23T12:00:00Z/2026-02-23T13:00:00Z,112233445566,2026-02-01T00:00:00Z,2026-03-01T00:00:00Z,AWS,112233445566,Usage,2026-02-23T12:00:00Z,2026-02-23T13:00:00Z,AWSCloudTrail,USE1-DigestEvent,LookupEvents,,arn:aws:cloudtrail:us-east-1:112233445566:trail/org-trail,1.0,,,0.1,0.100039,0.1,0.100039,Hrs,0.1,0.100039,AWS CloudTrail,,,,,us-east-1,AWSCloudTrail,,,,,,,,,,,,,,,,,,,,,
1c787148a7f443e78bc77ac473c6f101,2026-02-23T21:00:00Z/2026-02-23T22:00:00Z,112233445566,2026-02-01T00:00:00Z,2026-03-01T00:00:00Z,AWS,112233445566,Usage,2026-02-23T21:00:00Z,2026-02-23T22:00:00Z,AWSCloudTrail,USE1-DigestEvent,LookupEvents,,arn:aws:cloudtrail:us-east-1:112233445566:trail/org-trail,1.0,,,0.1,0.098387,0.1,0.098387,Hrs,0.1,0.098387,AWS CloudTrail,,,,,us-east-1,AWSCloudTrail,,,,,,,,,,,,,,,,,,,,,
1b8d1c4ce1e744d69f208c2c740ba3f9,2026-02-24T06:00:00Z/2026-02-24T07:00:00Z,112233445566,2026-02-01T00:00:00Z,2026-03-01T00:00:00Z,AWS,112233445566,Usage,2026-02-24T06:00:00Z,2026-02-24T07:00:00Z,AWSCloudTrail,USE1-DigestEvent,LookupEvents,,arn:aws:cloudtrail:us-east-1:112233445566:trail/org-trail,1.0,,,0.1,0.099668,0.1,0.099668,Hrs,0.1,0.099668,AWS CloudTrail,,,,,us-east-1,AWSCloudTrail,,,,,,,,,,,,,,,,,,,,,
c3ea22d9082f49029f20e4b574d04ee2,2026-02-24T15:00:00Z/2026-02-24T16:00:00Z,112233445566,2026-02-01T00:00:00Z,2026-03-01T00:00:00Z,AWS,112233445566,Usage,2026-02-24T15:00:00Z,2026-02-24T16:00:00Z,AWSCloudTrail,USE1-DigestEvent,LookupEvents,,arn:aws:cloudtrail:us-east-1:112233445566:trail/org-trail,1.0,,,0.1,0.100542,0.1,0.100542,Hrs,0.1,0.100542,AWS CloudTrail,,,,,us-east-1,AWSCloudTrail,,,,,,,,,,,,,,,,,,,,,
4bee4309ac544e57b65529021a82845f,2026-02-25T00:00:00Z/2026-02-25T01:00:00Z,112233445566,2026-02-01T00:00:00Z,2026-03-01T00:00:00Z,AWS,112233445566,Usage,2026-02-25T00:00:00Z,2026-02-25T01:00:00Z,AWSCloudTrail,USE1-DigestEvent,LookupEvents,,arn:aws:cloudtrail:us-east-1:112233445566:trail/org-trail,1.0,,,0.1,0.09912,0.1,0.09912,Hrs,0.1,0.09912,AWS CloudTrail,,,,,us-east-1,AWSCloudTrail,,,,,,,,,,,,,,,,,,,,,
62764ed76cb94dca92f4d1f690d9f51e,2026-02-25T09:00:00Z/2026-02-25T10:00:00Z,112233445566,2026-02-01T00:00:00Z,2026-03-01T00:00:00Z,AWS,112233445566,Usage,2026-02-25T09:00:00Z,2026-02-25T10:00:00Z,AWSCloudTrail,USE1-DigestEvent,LookupEvents,,arn:aws:cloudtrail:us-east-1:112233445566:trail/org-trail,1.0,,,0.1,0.101742,0.1,0.101742,Hrs,0.1,0.101742,AWS CloudTrail,,,,,us-east-1,AWSCloudTrail,,,,,,,,,,,,,,,,,,,,,
d2084fbae58f4761a86e43c7fd89803c,2026-02-25T18:00:00Z/2026-02-25T19:00:00Z,112233445566,2026-02-01T00:00:00Z,2026-03-01T00:00:00Z,AWS,112233445566,Usage,2026-02-25T18:00:00Z,2026-02-25T19:00:00Z,AWSCloudTrail,USE1-DigestEvent,LookupEvents,,arn:aws:cloudtrail:us-east-1:112233445566:trail/org-trail,1.0,,,0.1,0.100251,0.1,0.100251,Hrs,0.1,0.100251,AWS CloudTrail,,,,,us-east-1,AWSCloudTrail,,,,,,,,,,,,,,,,,,,,,
718ea3ba0edf4d7c9139bb1382c4eaa8,2026-02-26T03:00:00Z/2026-02-26T04:00:00Z,112233445566,2026-02-01T00:00:00Z,2026-03-01T00:00:00Z,AWS,112233445566,Usage,2026-02-26T03:00:00Z,2026-02-26T04:00:00Z,AWSCloudTrail,USE1-DigestEvent,LookupEvents,,arn:aws:cloudtrail:us-east-1:112233445566:trail/org-trail,1.0,,,0.1,0.101676,0.1,0.101676,Hrs,0.1,0.101676,AWS CloudTrail,,,,,us-east-1,AWSCloudTrail,,,,,,,,,,,,,,,,,,,,,
39f4e8df5e8d41f29588fb53ba845331,2026-02-26T12:00:00Z/2026-02-26T13:00:00Z,112233445566,2026-02-01T00:00:00Z,2026-03-01T00:00:00Z,AWS,112233445566,Usage,2026-02-26T12:00:00Z,2026-02-26T13:00:00Z,AWSCloudTrail,USE1-DigestEvent,LookupEvents,,arn:aws:cloudtrail:us-east-1:112233445566:trail/org-trail,1.0,,,0.1,0.101998,0.1,0.101998,Hrs,0.1,0.101998,AWS CloudTrail,,,,,us-east-1,AWSCloudTrail,,,,,,,,,,,,,,,,,,,,,
505d9f234d294588890a1e5b5210227c,2026-02-26T21:00:00Z/2026-02-26T22:00:00Z,112233445566,2026-02-01T00:00:00Z,2026-03-01T00:00:00Z,AWS,112233445566,Usage,2026-02-26T21:00:00Z,2026-02-26T22:00:00Z,AWSCloudTrail,USE1-DigestEvent,LookupEvents,,arn:aws:cloudtrail:us-east-1:112233445566:trail/org-trail,1.0,,,0.1,0.101013,0.1,0.101013,Hrs,0.1,0.101013,AWS CloudTrail,,,,,us-east-1,AWSCloudTrail,,,,,,,,,,,,,,,,,,,,,
1e4ef85238544cf8b41823b9d0389a8e,2026-02-27T06:00:00Z/2026-02-27T07:00:00Z,112233445566,2026-02-01T00:00:00Z,2026-03-01T00:00:00Z,AWS,112233445566,Usage,2026-02-27T06:00:00Z,2026-02-27T07:00:00Z,AWSCloudTrail,USE1-DigestEvent,LookupEvents,,arn:aws:cloudtrail:us-east-1:112233445566:trail/org-trail,1.0,,,0.1,0.099212,0.1,0.099212,Hrs,0.1,0.099212,AWS CloudTrail,,,,,us-east-1,AWSCloudTrail,,,,,,,,,,,,,,,,,,,,,
2218fba159474eceba5f8a039fbd0bc5,2026-02-27T15:00:00Z/2026-02-27T16:00:00Z,112233445566,2026-02-01T00:00:00Z,2026-03-01T00:00:00Z,AWS,112233445566,Usage,2026-02-27T15:00:00Z,2026-02-27T16:00:00Z,AWSCloudTrail,USE1-DigestEvent,LookupEvents,,arn:aws:cloudtrail:us-east-1:112233445566:trail/org-trail,1.0,,,0.1,0.099277,0.1,0.099277,Hrs,0.1,0.099277,AWS CloudTrail,,,,,us-east-1,AWSCloudTrail,,,,,,,,,,,,,,,,,,,,,
0a56cc54374044a283939f9d1d2b57f0,2026-02-01T00:00:00Z/2026-02-01T01:00:00Z,112233445566,2026-02-01T00:00:00Z,2026-03-01T00:00:00Z,AWS,112233445566,Usage,2026-02-01T00:00:00Z,2026-02-01T01:00:00Z,AmazonRDS,USEA-InstanceUsage:db.t3.medium,CreateDBInstance:0002,,arn:aws:rds:us-east-1:112233445566:db:platform-db,1.0,,,0.068,0.068012,0.068,0.068057,Hrs,0.068,0.068,Amazon Relational Database Service,db.t3.medium,,,,us-east-1,AmazonRDS,33.27,49.2,36.49,6,2026-01-30T03:57:09Z,platform,prod,CC100,,,,,,,,,,,,,
200992927afe41e0b75bb40f714e044f,2026-02-01T09:00:00Z/2026-02-01T10:00:00Z,112233445566,2026-02-01T00:00:00Z,2026-03-01T00:00:00Z,AWS,112233445566,Usage,2026-02-01T09:00:00Z,2026-02-01T10:00:00Z,AmazonRDS,USEA-InstanceUsage:db.t3.medium,CreateDBInstance:0002,,arn:aws:rds:us-east-1:112233445566:db:platform-db,1.0,,,0.068,0.068036,0.068,0.06794,Hrs,0.068,0.068,Amazon Relational Database Service,db.t3.medium,,,,us-east-1,AmazonRDS,42.17,61.92,40.16,15,2026-01-30T16:38:55Z,platform,prod,CC100,,,,,,,,,,,,,
0c6a7efd7f634af99f8fc5171afeafda,2026-02-01T18:00:00Z/2026-02-01T19:00:00Z,112233445566,2026-02-01T00:00:00Z,2026-03-01T00:00:00Z,AWS,112233445566,Usage,2026-02-01T18:00:00Z,2026-02-01T19:00:00Z,AmazonRDS,USEA-InstanceUsage:db.t3.medium,CreateDBInstance:0002,,arn:aws:rds:us-east-1:112233445566:db:platform-db,1.0,,,0.068,0.068038,0.068,0.068011,Hrs,0.068,0.068,Amazon Relational Database Service,db.t3.medium,,,,us-east-1,AmazonRDS,45.87,64.31,30.81,21,2026-02-01T03:04:35Z,platform,prod,CC100,,,,,,,,,,,,,
1d6f4d02c0fd44358827ccad4f3bf3c4,2026-02-02T03:00:00Z/2026-02-02T04:00:00Z,112233445566,2026-02-01T00:00:00Z,2026-03-01T00:00:00Z,AWS,112233445566,Usage,2026-02-02T03:00:00Z,2026-02-02T04:00:00Z,AmazonRDS,USEA-InstanceUsage:db.t3.medium,CreateDBInstance:0002,,arn:aws:rds:us-east-1:112233445566:db:platform-db,1.0,,,0.068,0.067999,0.068,0.068027,Hrs,0.068,0.068,Amazon Relational Database Service,db.t3.medium,,,,us-east-1,AmazonRDS,51.78,54.53,26.77,18,2026-01-31T11:06:30Z,platform,prod,CC100,,,,,,,,,,,,,
6781c330611d48c1aa90653117cda3d8,2026-02-02T12:00:00Z/2026-02-02T13:00:00Z,112233445566,2026-02-01T00:00:00Z,2026-03-01T00:00:00Z,AWS,112233445566,Usage,2026-02-02T12:00:00Z,2026-02-02T13:00:00Z,AmazonRDS,USEA-InstanceUsage:db.t3.medium,CreateDBInstance:0002,,arn:aws:rds:us-east-1:112233445566:db:platform-db,1.0,,,0.068,0.067991,0.068,0.068063,Hrs,0.068,0.068,Amazon Relational Database Service,db.t3.medium,,,,us-east-1,AmazonRDS,32.49,61.17,40.96,21,2026-01-31T10:01:25Z,platform,prod,CC100,,,,,,,,,,,,,
59213a8bbae148ce902cebfb02b687c8,2026-02-02T21:00:00Z/2026-02-02T22:00:00Z,112233445566,2026-02-01T00:00:00Z,2026-03-01T00:00:00Z,AWS,112233445566,Usage,2026-02-02T21:00:00Z,2026-02-02T22:00:00Z,AmazonRDS,USEA-InstanceUsage:db.t3.medium,CreateDBInstance:0002,,arn:aws:rds:us-east-1:112233445566:db:platform-db,1.0,,,0.068,0.067969,0.068,0.067974,Hrs,0.068,0.068,Amazon Relational Database Service,db.t3.medium,,,,us-east-1,AmazonRDS,51.14,57.44,41.3,26,2026-02-02T01:34:28Z,platform,prod,CC100,,,,,,,,,,,,,
11a2bab6845d4b29969a2a1252b64056,2026-02-03T06:00:00Z/2026-02-03T07:00:00Z,112233445566,2026-02-01T00:00:00Z,2026-03-01T00:00:00Z,AWS,112233445566,Usage,2026-02-03T06:00:00Z,2026-02-03T07:00:00Z,AmazonRDS,USEA-InstanceUsage:db.t3.medium,CreateDBInstance:0002,,arn:aws:rds:us-east-1:112233445566:db:platform-db,1.0,,,0.068,0.067972,0.068,0.067968,Hrs,0.068,0.068,Amazon Relational Database Service,db.t3.medium,,,,us-east-1,AmazonRDS,52.24,43.36,27.96,24,2026-02-01T01:33:09Z,platform,prod,CC100,,,,,,,,,,,,,
b7f35fe8af8b46baa2c77c1de04ddd85,2026-02-03T15:00:00Z/2026-02-03T16:00:00Z,112233445566,2026-02-01T00:00:00Z,2026-03-01T00:00:00Z,AWS,112233445566,Usage,2026-02-03T15:00:00Z,2026-02-03T16:00:00Z,AmazonRDS,USEA-InstanceUsage:db.t3.medium,CreateDBInstance:0002,,arn:aws:rds:us-east-1:112233445566:db:platform-db,1.0,,,0.068,0.068045,0.068,0.068003,Hrs,0.068,0.068,Amazon Relational Database Service,db.t3.medium,,,,us-east-1,AmazonRDS,57.86,58.82,30.64,7,2026-02-01T14:49:15Z,platform,prod,CC100,,,,,,,,,,,,,
d6823091850d4f7990ac7dafccab14b4,2026-02-04T00:00:00Z/2026-02-04T01:00:00Z,112233445566,2026-02-01T00:00:00Z,2026-03-01T00:00:00Z,AWS,112233445566,Usage,2026-02-04T00:00:00Z,2026-02-04T01:00:00Z,AmazonRDS,USEA-InstanceUsage:db.t3.medium,CreateDBInstance:0002,,arn:aws:rds:us-east-1:112233445566:db:platform-db,1.0,,,0.068,0.067979,0.068,0.068066,Hrs,0.068,0.068,Amazon Relational Database Service,db.t3.medium,,,,us-east-1,AmazonRDS,34.16,48.86,51.92,22,2026-02-03T05:51:13Z,platform,prod,CC100,,,,,,,,,,,,,
8d012c56441543959913f01e42cd9655,2026-02-04T09:00:00Z/2026-02-04T10:00:00Z,112233445566,2026-02-01T00:00:00Z,2026-03-01T00:00:00Z,AWS,112233445566,Usage,2026-02-04T09:00:00Z,2026-02-04T10:00:00Z,AmazonRDS,USEA-InstanceUsage:db.t3.medium,CreateDBInstance:0002,,arn:aws:rds:us-east-1:112233445566:db:platform-db,1.0,,,0.068,0.067951,0.068,0.068065,Hrs,0.068,0.068,Amazon Relational Database Service,db.t3.medium,,,,us-east-1,AmazonRDS,53.07,43.03,40.04,27,2026-02-02T13:03:31Z,platform,prod,CC100,,,,,,,,,,,,,
4436bfa8355943d78bdbbe073b32656e,2026-02-04T18:00:00Z/2026-02-04T19:00:00Z,112233445566,2026-02-01T00:00:00Z,2026-03-01T00:00:00Z,AWS,112233445566,Usage,2026-02-04T18:00:00Z,2026-02-04T19:00:00Z,AmazonRDS,USEA-InstanceUsage:db.t3.medium,CreateDBInstance:0002,,arn:aws:rds:us-east-1:112233445566:db:platform-db,1.0,,,0.068,0.068043,0.068,0.067946,Hrs,0.068,0.068,Amazon Relational Database Service,db.t3.medium,,,,us-east-1,AmazonRDS,44.68,50.15,33.89,13,2026-02-03T21:55:17Z,platform,prod,CC100,,,,,,,,,,,,,
c78040f87d21420a8bf5fe6448953000,2026-02-05T03:00:00Z/2026-02-05T04:00:00Z,112233445566,2026-02-01T00:00:00Z,2026-03-01T00:00:00Z,AWS,112233445566,Usage,2026-02-05T03:00:00Z,2026-02-05T04:00:00Z,AmazonRDS,USEA-InstanceUsage:db.t3.medium,CreateDBInstance:0002,,arn:aws:rds:us-east-1:112233445566:db:platform-db,1.0,,,0.068,0.068044,0.068,0.068036,Hrs,0.068,0.068,Amazon Relational Database Service,db.t3.medium,,,,us-east-1,AmazonRDS,47.61,39.11,38.48,25,2026-02-03T20:11:49Z,platform,prod,CC100,,,,,,,,,,,,,
0428cc6b8251424fb91b300ef2884642,2026-02-05T12:00:00Z/2026-02-05T13:00:00Z,112233445566,2026-02-01T00:00:00Z,2026-03-01T00:00:00Z,AWS,112233445566,Usage,2026-02-05T12:00:00Z,2026-02-05T13:00:00Z,AmazonRDS,USEA-InstanceUsage:db.t3.medium,CreateDBInstance:0002,,arn:aws:rds:us-east-1:112233445566:db:platform-db,1.0,,,0.068,0.06802,0.068,0.067943,Hrs,0.068,0.068,Amazon Relational Database Service,db.t3.medium,,,,us-east-1,AmazonRDS,32.65,59.06,34.94,21,2026-02-04T12:36:10Z,platform,prod,CC100,,,,,,,,,,,,,
a42302811fcc4422be3a02c11d92716f,2026-02-05T21:00:00Z/2026-02-05T22:00:00Z,112233445566,2026-02-01T00:00:00Z,2026-03-01T00:00:00Z,AWS,112233445566,Usage,2026-02-05T21:00:00Z,2026-02-05T22:00:00Z,AmazonRDS,USEA-InstanceUsage:db.t3.medium,CreateDBInstance:0002,,arn:aws:rds:us-east-1:112233445566:db:platform-db,1.0,,,0.068,0.067985,0.068,0.068011,Hrs,0.068,0.068,Amazon Relational Database Service,db.t3.medium,,,,us-east-1,AmazonRDS,49.09,51.68,25.64,20,2026-02-03T20:29:27Z,platform,prod,CC100,,,,,,,,,,,,,
c6aa98c2fa644d1c909abdd5343311b6,2026-02-06T06:00:00Z/2026-02-06T07:00:00Z,112233445566,2026-02-01T00:00:00Z,2026-03-01T00:00:00Z,AWS,112233445566,Usage,2026-02-06T06:00:00Z,2026-02-06T07:00:00Z,AmazonRDS,USEA-InstanceUsage:db.t3.medium,CreateDBInstance:0002,,arn:aws:rds:us-east-1:112233445566:db:platform-db,1.0,,,0.068,0.068039,0.068,0.067971,Hrs,0.068,0.068,Amazon Relational Database Service,db.t3.medium,,,,us-east-1,AmazonRDS,50.66,64.94,48.82,10,2026-02-05T05:28:46Z,platform,prod,CC100,,,,,,,,,,,,,
0e13e7fc7a934203961bd21838fa94a6,2026-02-06T15:00:00Z/2026-02-06T16:00:00Z,112233445566,2026-02-01T00:00:00Z,2026-03-01T00:00:00Z,AWS,112233445566,Usage,2026-02-06T15:00:00Z,2026-02-06T16:00:00Z,AmazonRDS,USEA-InstanceUsage:db.t3.medium,CreateDBInstance:0002,,arn:aws:rds:us-east-1:112233445566:db:platform-db,1.0,,,0.068,0.068038,0.068,0.068018,Hrs,0.068,0.068,Amazon Relational Database Service,db.t3.medium,,,,us-east-1,AmazonRDS,43.31,56.89,27.32,19,2026-02-06T02:34:31Z,platform,prod,CC100,,,,,,,,,,,,,
2756e265a6a84f138437ffc2672759b4,2026-02-07T00:00:00Z/2026-02-07T01:00:00Z,112233445566,2026-02-01T00:00:00Z,2026-03-01T00:00:00Z,AWS,112233445566,Usage,2026-02-07T00:00:00Z,2026-02-07T01:00:00Z,AmazonRDS,USEA-InstanceUsage:db.t3.medium,CreateDBInstance:0002,,arn:aws:rds:us-east-1:112233445566:db:platform-db,1.0,,,0.068,0.067952,0.068,0.068042,Hrs,0.068,0.068,Amazon Relational Database Service,db.t3.medium,,,,us-east-1,AmazonRDS,56.04,58.36,36.98,19,2026-02-05T04:46:53Z,platform,prod,CC100,,,,,,,,,,,,,
8302dc66dd014a3398fa85d1a2087801,2026-02-07T09:00:00Z/2026-02-07T10:00:00Z,112233445566,2026-02-01T00:00:00Z,2026-03-01T00:00:00Z,AWS,112233445566,Usage,2026-02-07T09:00:00Z,2026-02-07T10:00:00Z,AmazonRDS,USEA-InstanceUsage:db.t3.medium,CreateDBInstance:0002,,arn:aws:rds:us-east-1:112233445566:db:platform-db,1.0,,,0.068,0.06799,0.068,0.067956,Hrs,0.068,0.068,Amazon Relational Database Service,db.t3.medium,,,,us-east-1,AmazonRDS,50.81,48.44,37.91,21,2026-02-06T03:16:30Z,platform,prod,CC100,,,,,,,,,,,,,
626ee66256d24a8c8a0405de7ede1849,2026-02-07T18:00:00Z/2026-02-07T19:00:00Z,112233445566,2026-02-01T00:00:00Z,2026-03-01T00:00:00Z,AWS,112233445566,Usage,2026-02-07T18:00:00Z,2026-02-07T19:00:00Z,AmazonRDS,USEA-InstanceUsage:db.t3.medium,CreateDBInstance:0002,,arn:aws:rds:us-east-1:112233445566:db:platform-db,1.0,,,0.068,0.067983,0.068,0.067983,Hrs,0.068,0.068,Amazon Relational Database Service,db.t3.medium,,,,us-east-1,AmazonRDS,43.44,43.94,45.98,25,2026-02-05T07:45:57Z,platform,prod,CC100,,,,,,,,,,,,,
5278ab33114244f992275b3d4fec1282,2026-02-08T03:00:00Z/2026-02-08T04:00:00Z,112233445566,2026-02-01T00:00:00Z,2026-03-01T00:00:00Z,AWS,112233445566,Usage,2026-02-08T03:00:00Z,2026-02-08T04:00:00Z,AmazonRDS,USEA-InstanceUsage:db.t3.medium,CreateDBInstance:0002,,arn:aws:rds:us-east-1:112233445566:db:platform-db,1.0,,,0.068,0.067948,0.068,0.067994,Hrs,0.068,0.068,Amazon Relational Database Service,db.t3.medium,,,,us-east-1,AmazonRDS,56.95,61.07,42.25,20,2026-02-06T21:32:54Z,platform,prod,CC100,,,,,,,,,,,,,
1dc80dfd1e7d421984f5b98e7b4d74de,2026-02-08T12:00:00Z/2026-02-08T13:00:00Z,112233445566,2026-02-01T00:00:00Z,2026-03-01T00:00:00Z,AWS,112233445566,Usage,2026-02-08T12:00:00Z,2026-02-08T13:00:00Z,AmazonRDS,USEA-InstanceUsage:db.t3.medium,CreateDBInstance:0002,,arn:aws:rds:us-east-1:112233445566:db:platform-db,1.0,,,0.068,0.06796,0.068,0.067967,Hrs,0.068,0.068,Amazon Relational Database Service,db.t3.medium,,,,us-east-1,AmazonRDS,54.62,62.94,33.58,17,2026-02-07T05:39:39Z,platform,prod,CC100,,,,,,,,,,,,,
fac43832583a43cda703cda739757c8e,2026-02-08T21:00:00Z/2026-02-08T22:00:00Z,112233445566,2026-02-01T00:00:00Z,2026-03-01T00:00:00Z,AWS,112233445566,Usage,2026-02-08T21:00:00Z,2026-02-08T22:00:00Z,AmazonRDS,USEA-InstanceUsage:db.t3.medium,CreateDBInstance:0002,,arn:aws:rds:us-east-1:112233445566:db:platform-db,1.0,,,0.068,0.067967,0.068,0.067982,Hrs,0.068,0.068,Amazon Relational Database Service,db.t3.medium,,,,us-east-1,AmazonRDS,38.6,43.83,29.81,20,2026-02-06T20:56:42Z,platform,prod,CC100,,,,,,,,,,,,,
3313450db3c148e2a4836551684a927e,2026-02-09T06:00:00Z/2026-02-09T07:00:00Z,112233445566,2026-02-01T00:00:00Z,2026-03-01T00:00:00Z,AWS,112233445566,Usage,2026-02-09T06:00:00Z,2026-02-09T07:00:00Z,AmazonRDS,USEA-InstanceUsage:db.t3.medium,CreateDBInstance:0002,,arn:aws:rds:us-east-1:112233445566:db:platform-db,1.0,,,0.068,0.067976,0.068,0.068056,Hrs,0.068,0.068,Amazon Relational Database Service,db.t3.medium,,,,us-east-1,AmazonRDS,51.62,64.7,30.01,24,2026-02-08T01:43:38Z,platform,prod,CC100,,,,,,,,,,,,,
63a77510f24f4cb7b21788ea07e4c2f2,2026-02-09T15:00:00Z/2026-02-09T16:00:00Z,112233445566,2026-02-01T00:00:00Z,2026-03-01T00:00:00Z,AWS,112233445566,Usage,2026-02-09T15:00:00Z,2026-02-09T16:00:00Z,AmazonRDS,USEA-InstanceUsage:db.t3.medium,CreateDBInstance:0002,,arn:aws:rds:us-east-1:112233445566:db:platform-db,1.0,,,0.068,0.068018,0.068,0.067952,Hrs,0.068,0.068,Amazon Relational Database Service,db.t3.medium,,,,us-east-1,AmazonRDS,45.6,43.49,33.69,4,2026-02-08T23:06:12Z,platform,prod,CC100,,,,,,,,,,,,,
a089a16fc9b04c899fbf7cee1651728f,2026-02-10T00:00:00Z/2026-02-10T01:00:00Z,112233445566,2026-02-01T00:00:00Z,2026-03-01T00:00:00Z,AWS,112233445566,Usage,2026-02-10T00:00:00Z,2026-02-10T01:00:00Z,AmazonRDS,USEA-InstanceUsage:db.t3.medium,CreateDBInstance:0002,,arn:aws:rds:us-east-1:112233445566:db:platform-db,1.0,,,0.068,0.067993,0.068,0.067964,Hrs,0.068,0.068,Amazon Relational Database Service,db.t3.medium,,,,us-east-1,AmazonRDS,45.44,46.06,25.53,11,2026-02-08T08:31:19Z,platform,prod,CC100,,,,,,,,,,,,,
ff1ea067f40d4ce58feb7ca51512baa2,2026-02-10T09:00:00Z/2026-02-10T10:00:00Z,112233445566,2026-02-01T00:00:00Z,2026-03-01T00:00:00Z,AWS,112233445566,Usage,2026-02-10T09:00:00Z,2026-02-10T10:00:00Z,AmazonRDS,USEA-InstanceUsage:db.t3.medium,CreateDBInstance:0002,,arn:aws:rds:us-east-1:112233445566:db:platform-db,1.0,,,0.068,0.067982,0.068,0.067994,Hrs,0.068,0.068,Amazon Relational Database Service,db.t3.medium,,,,us-east-1,AmazonRDS,41.59,60.74,30.99,8,2026-02-08T12:18:34Z,platform,prod,CC100,,,,,,,,,,,,,
1030df1a8eb74d01b925126d4931df44,2026-02-10T18:00:00Z/2026-02-10T19:00:00Z,112233445566,2026-02-01T00:00:00Z,2026-03-01T00:00:00Z,AWS,112233445566,Usage,2026-02-10T18:00:00Z,2026-02-10T19:00:00Z,AmazonRDS,USEA-InstanceUsage:db.t3.medium,CreateDBInstance:0002,,arn:aws:rds:us-east-1:112233445566:db:platform-db,1.0,,,0.068,0.068065,0.068,0.068053,Hrs,0.068,0.068,Amazon Relational Database Service,db.t3.medium,,,,us-east-1,AmazonRDS,41.95,47.31,26.54,8,2026-02-09T15:23:51Z,platform,prod,CC100,,,,,,,,,,,,,
65bae0abaffd40aa87a95ff16fbdaf9b,2026-02-11T03:00:00Z/2026-02-11T04:00:00Z,112233445566,2026-02-01T00:00:00Z,2026-03-01T00:00:00Z,AWS,112233445566,Usage,2026-02-11T03:00:00Z,2026-02-11T04:00:00Z,AmazonRDS,USEA-InstanceUsage:db.t3.medium,CreateDBInstance:0002,,arn:aws:rds:us-east-1:112233445566:db:platform-db,1.0,,,0.068,0.067969,0.068,0.067983,Hrs,0.068,0.068,Amazon Relational Database Service,db.t3.medium,,,,us-east-1,AmazonRDS,33.31,61.3,44.22,0,2026-02-10T05:47:36Z,platform,prod,CC100,,,,,,,,,,,,,
d6fc00526c7a4ac0a7760687a3a68b84,2026-02-11T12:00:00Z/2026-02-11T13:00:00Z,112233445566,2026-02-01T00:00:00Z,2026-03-01T00:00:00Z,AWS,112233445566,Usage,2026-02-11T12:00:00Z,2026-02-11T13:00:00Z,AmazonRDS,USEA-InstanceUsage:db.t3.medium,CreateDBInstance:0002,,arn:aws:rds:us-east-1:112233445566:db:platform-db,1.0,,,0.068,0.06806,0.068,0.068059,Hrs,0.068,0.068,Amazon Relational Database Service,db.t3.medium,,,,us-east-1,AmazonRDS,47.73,49.6,42.17,12,2026-02-09T19:53:16Z,platform,prod,CC100,,,,,,,,,,,,,
224c21b7f04b433f8aeb6235cdfa5b11,2026-02-11T21:00:00Z/2026-02-11T22:00:00Z,112233445566,2026-02-01T00:00:00Z,2026-03-01T00:00:00Z,AWS,112233445566,Usage,2026-02-11T21:00:00Z,2026-02-11T22:00:00Z,AmazonRDS,USEA-InstanceUsage:db.t3.medium,CreateDBInstance:0002,,arn:aws:rds:us-east-1:112233445566:db:platform-db,1.0,,,0.068,0.067967,0.068,0.067995,Hrs,0.068,0.068,Amazon Relational Database Service,db.t3.medium,,,,us-east-1,AmazonRDS,56.19,46.42,49.94,12,2026-02-09T22:46:09Z,platform,prod,CC100,,,,,,,,,,,,,
4e3f134ee23b4ab0ac7294d6da14c6bc,2026-02-12T06:00:00Z/2026-02-12T07:00:00Z,112233445566,2026-02-01T00:00:00Z,2026-03-01T00:00:00Z,AWS,112233445566,Usage,2026-02-12T06:00:00Z,2026-02-12T07:00:00Z,AmazonRDS,USEA-InstanceUsage:db.t3.medium,CreateDBInstance:0002,,arn:aws:rds:us-east-1:112233445566:db:platform-db,1.0,,,0.068,0.067963,0.068,0.067943,Hrs,0.068,0.068,Amazon Relational Database Service,db.t3.medium,,,,us-east-1,AmazonRDS,43.42,40.72,49.55,9,2026-02-10T11:54:27Z,platform,prod,CC100,,,,,,,,,,,,,
132e838d5ac84ea98a0e4854819bd559,2026-02-12T15:00:00Z/2026-02-12T16:00:00Z,112233445566,2026-02-01T00:00:00Z,2026-03-01T00:00:00Z,AWS,112233445566,Usage,2026-02-12T15:00:00Z,2026-02-12T16:00:00Z,AmazonRDS,USEA-InstanceUsage:db.t3.medium,CreateDBInstance:0002,,arn:aws:rds:us-east-1:112233445566:db:platform-db,1.0,,,0.068,0.068043,0.068,0.06794,Hrs,0.068,0.068,Amazon Relational Database Service,db.t3.medium,,,,us-east-1,AmazonRDS,37.27,43.9,47.05,20,2026-02-12T07:32:52Z,platform,prod,CC100,,,,,,,,,,,,,
d63fcd7fa9a6498ba6cca40d3217fdb1,2026-02-13T00:00:00Z/2026-02-13T01:00:00Z,112233445566,2026-02-01T00:00:00Z,2026-03-01T00:00:00Z,AWS,112233445566,Usage,2026-02-13T00:00:00Z,2026-02-13T01:00:00Z,AmazonRDS,USEA-InstanceUsage:db.t3.medium,CreateDBInstance:0002,,arn:aws:rds:us-east-1:112233445566:db:platform-db,1.0,,,0.068,0.068013,0.068,0.068053,Hrs,0.068,0.068,Amazon Relational Database Service,db.t3.medium,,,,us-east-1,AmazonRDS,42.98,50.53,43.1,7,2026-02-10T18:59:43Z,platform,prod,CC100,,,,,,,,,,,,,
5263ce8d9a2a4680b159c4aab46d2760,2026-02-13T09:00:00Z/2026-02-13T10:00:00Z,112233445566,2026-02-01T00:00:00Z,2026-03-01T00:00:00Z,AWS,112233445566,Usage,2026-02-13T09:00:00Z,2026-02-13T10:00:00Z,AmazonRDS,USEA-InstanceUsage:db.t3.medium,CreateDBInstance:0002,,arn:aws:rds:us-east-1:112233445566:db:platform-db,1.0,,,0.068,0.068065,0.068,0.067959,Hrs,0.068,0.068,Amazon Relational Database Service,db.t3.medium,,,,us-east-1,AmazonRDS,34.43,48.26,44.99,20,2026-02-10T21:46:26Z,platform,prod,CC100,,,,,,,,,,,,,
dc3a6415955642cb897a68a2a86cb6c7,2026-02-13T18:00:00Z/2026-02-13T19:00:00Z,112233445566,2026-02-01T00:00:00Z,2026-03-01T00:00:00Z,AWS,112233445566,Usage,2026-02-13T18:00:00Z,2026-02-13T19:00:00Z,AmazonRDS,USEA-InstanceUsage:db.t3.medium,CreateDBInstance:0002,,arn:aws:rds:us-east-1:112233445566:db:platform-db,1.0,,,0.068,0.067985,0.068,0.067944,Hrs,0.068,0.068,Amazon Relational Database Service,db.t3.medium,,,,us-east-1,AmazonRDS,56.03,42.44,27.63,11,2026-02-12T20:30:37Z,platform,prod,CC100,,,,,,,,,,,,,
9bfe150edf5a4502a78064a01ddadc39,2026-02-14T03:00:00Z/2026-02-14T04:00:00Z,112233445566,2026-02-01T00:00:00Z,2026-03-01T00:00:00Z,AWS,112233445566,Usage,2026-02-14T03:00:00Z,2026-02-14T04:00:00Z,AmazonRDS,USEA-InstanceUsage:db.t3.medium,CreateDBInstance:0002,,arn:aws:rds:us-east-1:112233445566:db:platform-db,1.0,,,0.068,0.067969,0.068,0.06803,Hrs,0.068,0.068,Amazon Relational Database Service,db.t3.medium,,,,us-east-1,AmazonRDS,45.29,41.95,33.74,14,2026-02-12T03:55:10Z,platform,prod,CC100,,,,,,,,,,,,,
c6faffa60834405cbd4b030264f74b1f,2026-02-14T12:00:00Z/2026-02-14T13:00:00Z,112233445566,2026-02-01T00:00:00Z,2026-03-01T00:00:00Z,AWS,112233445566,Usage,2026-02-14T12:00:00Z,2026-02-14T13:00:00Z,AmazonRDS,USEA-InstanceUsage:db.t3.medium,CreateDBInstance:0002,,arn:aws:rds:us-east-1:112233445566:db:platform-db,1.0,,,0.068,0.067985,0.068,0.067955,Hrs,0.068,0.068,Amazon Relational Database Service,db.t3.medium,,,,us-east-1,AmazonRDS,32.78,39.55,42.1,6,2026-02-13T11:12:51Z,platform,prod,CC100,,,,,,,,,,,,,
42b2e890f390492797ad48bc69ee44a0,2026-02-14T21:00:00Z/2026-02-14T22:00:00Z,112233445566,2026-02-01T00:00:00Z,2026-03-01T00:00:00Z,AWS,112233445566,Usage,2026-02-14T21:00:00Z,2026-02-14T22:00:00Z,AmazonRDS,USEA-InstanceUsage:db.t3.medium,CreateDBInstance:0002,,arn:aws:rds:us-east-1:112233445566:db:platform-db,1.0,,,0.068,0.068064,0.068,0.068045,Hrs,0.068,0.068,Amazon Relational Database Service,db.t3.medium,,,,us-east-1,AmazonRDS,35.6,50.64,45.42,6,2026-02-12T20:32:37Z,platform,prod,CC100,,,,,,,,,,,,,
f2488f9ac7be4a6b887a90e4ddc39725,2026-02-15T06:00:00Z/2026-02-15T07:00:00Z,112233445566,2026-02-01T00:00:00Z,2026-03-01T00:00:00Z,AWS,112233445566,Usage,2026-02-15T06:00:00Z,2026-02-15T07:00:00Z,AmazonRDS,USEA-InstanceUsage:db.t3.medium,CreateDBInstance:0002,,arn:aws:rds:us-east-1:112233445566:db:platform-db,1.0,,,0.068,0.067963,0.068,0.068037,Hrs,0.068,0.068,Amazon Relational Database Service,db.t3.medium,,,,us-east-1,AmazonRDS,40.02,40.12,51.45,23,2026-02-13T17:55:14Z,platform,prod,CC100,,,,,,,,,,,,,
6f173d2af80d4273a2c62f865926dfd2,2026-02-15T15:00:00Z/2026-02-15T16:00:00Z,112233445566,2026-02-01T00:00:00Z,2026-03-01T00:00:00Z,AWS,112233445566,Usage,2026-02-15T15:00:00Z,2026-02-15T16:00:00Z,AmazonRDS,USEA-InstanceUsage:db.t3.medium,CreateDBInstance:0002,,arn:aws:rds:us-east-1:112233445566:db:platform-db,1.0,,,0.068,0.068025,0.068,0.067992,Hrs,0.068,0.068,Amazon Relational Database Service,db.t3.medium,,,,us-east-1,AmazonRDS,54.39,60.57,27.36,10,2026-02-13T19:54:47Z,platform,prod,CC100,,,,,,,,,,,,,
cd7a9529ba8947638850a73ef115bcf5,2026-02-16T00:00:00Z/2026-02-16T01:00:00Z,112233445566,2026-02-01T00:00:00Z,2026-03-01T00:00:00Z,AWS,112233445566,Usage,2026-02-16T00:00:00Z,2026-02-16T01:00:00Z,AmazonRDS,USEA-InstanceUsage:db.t3.medium,CreateDBInstance:0002,,arn:aws:rds:us-east-1:112233445566:db:platform-db,1.0,,,0.068,0.068052,0.068,0.067941,Hrs,0.068,0.068,Amazon Relational Database Service,db.t3.medium,,,,us-east-1,AmazonRDS,37.08,49.68,37.32,7,2026-02-15T10:09:21Z,platform,prod,CC100,,,,,,,,,,,,,
d265c04abd584ce7b1e603826c84cd81,2026-02-16T09:00:00Z/2026-02-16T10:00:00Z,112233445566,2026-02-01T00:00:00Z,2026-03-01T00:00:00Z,AWS,112233445566,Usage,2026-02-16T09:00:00Z,2026-02-16T10:00:00Z,AmazonRDS,USEA-InstanceUsage:db.t3.medium,CreateDBInstance:0002,,arn:aws:rds:us-east-1:112233445566:db:platform-db,1.0,,,0.068,0.068031,0.068,0.067968,Hrs,0.068,0.068,Amazon Relational Database Service,db.t3.medium,,,,us-east-1,AmazonRDS,41.56,42.82,45.49,22,2026-02-14T11:11:05Z,platform,prod,CC100,,,,,,,,,,,,,
479254d008524990a7219273a5e3e71f,2026-02-16T18:00:00Z/2026-02-16T19:00:00Z,112233445566,2026-02-01T00:00:00Z,2026-03-01T00:00:00Z,AWS,112233445566,Usage,2026-02-16T18:00:00Z,2026-02-16T19:00:00Z,AmazonRDS,USEA-InstanceUsage:db.t3.medium,CreateDBInstance:0002,,arn:aws:rds:us-east-1:112233445566:db:platform-db,1.0,,,0.068,0.068046,0.068,0.067934,Hrs,0.068,0.068,Amazon Relational Database Service,db.t3.medium,,,,us-east-1,AmazonRDS,36.35,61.04,29.72,10,2026-02-15T14:45:11Z,platform,prod,CC100,,,,,,,,,,,,,
6e5461e3576b487899367361b6acecb8,2026-02-17T03:00:00Z/2026-02-17T04:00:00Z,112233445566,2026-02-01T00:00:00Z,2026-03-01T00:00:00Z,AWS,112233445566,Usage,2026-02-17T03:00:00Z,2026-02-17T04:00:00Z,AmazonRDS,USEA-InstanceUsage:db.t3.medium,CreateDBInstance:0002,,arn:aws:rds:us-east-1:112233445566:db:platform-db,1.0,,,0.068,0.068028,0.068,0.068053,Hrs,0.068,0.068,Amazon Relational Database Service,db.t3.medium,,,,us-east-1,AmazonRDS,57.46,40.8,38.82,18,2026-02-16T05:11:20Z,platform,prod,CC100,,,,,,,,,,,,,
f5fde5a749d147c1a004eb04b5cbf99d,2026-02-17T12:00:00Z/2026-02-17T13:00:00Z,112233445566,2026-02-01T00:00:00Z,2026-03-01T00:00:00Z,AWS,112233445566,Usage,2026-02-17T12:00:00Z,2026-02-17T13:00:00Z,AmazonRDS,USEA-InstanceUsage:db.t3.medium,CreateDBInstance:0002,,arn:aws:rds:us-east-1:112233445566:db:platform-db,1.0,,,0.068,0.068049,0.068,0.067973,Hrs,0.068,0.068,Amazon Relational Database Service,db.t3.medium,,,,us-east-1,AmazonRDS,55.31,53.1,26.01,10,2026-02-15T11:34:03Z,platform,prod,CC100,,,,,,,,,,,,,
19fcfeeb5e264c7fa46780d3f1aebd1d,2026-02-17T21:00:00Z/2026-02-17T22:00:00Z,112233445566,2026-02-01T00:00:00Z,2026-03-01T00:00:00Z,AWS,112233445566,Usage,2026-02-17T21:00:00Z,2026-02-17T22:00:00Z,AmazonRDS,USEA-InstanceUsage:db.t3.medium,CreateDBInstance:0002,,arn:aws:rds:us-east-1:112233445566:db:platform-db,1.0,,,0.068,0.06799,0.068,0.068013,Hrs,0.068,0.068,Amazon Relational Database Service,db.t3.medium,,,,us-east-1,AmazonRDS,33.86,48.37,36.87,18,2026-02-16T03:26:00Z,platform,prod,CC100,,,,,,,,,,,,,
06b85661763642428e76f1509e3353ba,2026-02-18T06:00:00Z/2026-02-18T07:00:00Z,112233445566,2026-02-01T00:00:00Z,2026-03-01T00:00:00Z,AWS,112233445566,Usage,2026-02-18T06:00:00Z,2026-02-18T07:00:00Z,AmazonRDS,USEA-InstanceUsage:db.t3.medium,CreateDBInstance:0002,,arn:aws:rds:us-east-1:112233445566:db:platform-db,1.0,,,0.068,0.068065,0.068,0.068028,Hrs,0.068,0.068,Amazon Relational Database Service,db.t3.medium,,,,us-east-1,AmazonRDS,43.03,48.46,33.07,13,2026-02-17T10:46:39Z,platform,prod,CC100,,,,,,,,,,,,,
00fd91a0f06145ffb43b4fd8f59b6fe2,2026-02-18T15:00:00Z/2026-02-18T16:00:00Z,112233445566,2026-02-01T00:00:00Z,2026-03-01T00:00:00Z,AWS,112233445566,Usage,2026-02-18T15:00:00Z,2026-02-18T16:00:00Z,AmazonRDS,USEA-InstanceUsage:db.t3.medium,CreateDBInstance:0002,,arn:aws:rds:us-east-1:112233445566:db:platform-db,1.0,,,0.068,0.067965,0.068,0.067951,Hrs,0.068,0.068,Amazon Relational Database Service,db.t3.medium,,,,us-east-1,AmazonRDS,57.17,64.72,30.18,12,2026-02-16T10:04:59Z,platform,prod,CC100,,,,,,,,,,,,,
44923181367f4841b77fcb8c8cb51243,2026-02-19T00:00:00Z/2026-02-19T01:00:00Z,112233445566,2026-02-01T00:00:00Z,2026-03-01T00:00:00Z,AWS,112233445566,Usage,2026-02-19T00:00:00Z,2026-02-19T01:00:00Z,AmazonRDS,USEA-InstanceUsage:db.t3.medium,CreateDBInstance:0002,,arn:aws:rds:us-east-1:112233445566:db:platform-db,1.0,,,0.068,0.068052,0.068,0.06802,Hrs,0.068,0.068,Amazon Relational Database Service,db.t3.medium,,,,us-east-1,AmazonRDS,37.71,38.09,31.37,2,2026-02-18T09:43:42Z,platform,prod,CC100,,,,,,,,,,,,,
cbd9b93861ff46dca503e622e41eaf17,2026-02-19T09:00:00Z/2026-02-19T10:00:00Z,112233445566,2026-02-01T00:00:00Z,2026-03-01T00:00:00Z,AWS,112233445566,Usage,2026-02-19T09:00:00Z,2026-02-19T10:00:00Z,AmazonRDS,USEA-InstanceUsage:db.t3.medium,CreateDBInstance:0002,,arn:aws:rds:us-east-1:112233445566:db:platform-db,1.0,,,0.068,0.067959,0.068,0.068018,Hrs,0.068,0.068,Amazon Relational Database Service,db.t3.medium,,,,us-east-1,AmazonRDS,46.02,41.26,46.13,19,2026-02-18T03:31:04Z,platform,prod,CC100,,,,,,,,,,,,,
be2128cdc68649819a3e18b1a4be1642,2026-02-19T18:00:00Z/2026-02-19T19:00:00Z,112233445566,2026-02-01T00:00:00Z,2026-03-01T00:00:00Z,AWS,112233445566,Usage,2026-02-19T18:00:00Z,2026-02-19T19:00:00Z,AmazonRDS,USEA-InstanceUsage:db.t3.medium,CreateDBInstance:0002,,arn:aws:rds:us-east-1:112233445566:db:platform-db,1.0,,,0.068,0.068053,0.068,0.068019,Hrs,0.068,0.068,Amazon Relational Database Service,db.t3.medium,,,,us-east-1,AmazonRDS,45.77,42.86,29.01,22,2026-02-18T09:53:14Z,platform,prod,CC100,,,,,,,,,,,,,
d30392704b6c4a2fb13461e4b1fe57df,2026-02-20T03:00:00Z/2026-02-20T04:00:00Z,112233445566,2026-02-01T00:00:00Z,2026-03-01T00:00:00Z,AWS,112233445566,Usage,2026-02-20T03:00:00Z,2026-02-20T04:00:00Z,AmazonRDS,USEA-InstanceUsage:db.t3.medium,CreateDBInstance:0002,,arn:aws:rds:us-east-1:112233445566:db:platform-db,1.0,,,0.068,0.068062,0.068,0.067963,Hrs,0.068,0.068,Amazon Relational Database Service,db.t3.medium,,,,us-east-1,AmazonRDS,47.38,51.18,26.94,21,2026-02-18T04:27:02Z,platform,prod,CC100,,,,,,,,,,,,,
b70ab57e394548ab9abd8983f1414c83,2026-02-20T12:00:00Z/2026-02-20T13:00:00Z,112233445566,2026-02-01T00:00:00Z,2026-03-01T00:00:00Z,AWS,112233445566,Usage,2026-02-20T12:00:00Z,2026-02-20T13:00:00Z,AmazonRDS,USEA-InstanceUsage:db.t3.medium,CreateDBInstance:0002,,arn:aws:rds:us-east-1:112233445566:db:platform-db,1.0,,,0.068,0.067936,0.068,0.068039,Hrs,0.068,0.068,Amazon Relational Database Service,db.t3.medium,,,,us-east-1,AmazonRDS,37.53,48.15,37.39,3,2026-02-18T09:52:10Z,platform,prod,CC100,,,,,,,,,,,,,
2f255a7e0fb54cde993ec2aa559aa0f9,2026-02-20T21:00:00Z/2026-02-20T22:00:00Z,112233445566,2026-02-01T00:00:00Z,2026-03-01T00:00:00Z,AWS,112233445566,Usage,2026-02-20T21:00:00Z,2026-02-20T22:00:00Z,AmazonRDS,USEA-InstanceUsage:db.t3.medium,CreateDBInstance:0002,,arn:aws:rds:us-east-1:112233445566:db:platform-db,1.0,,,0.068,0.068066,0.068,0.068039,Hrs,0.068,0.068,Amazon Relational Database Service,db.t3.medium,,,,us-east-1,AmazonRDS,57.53,38.07,49.9,23,2026-02-19T14:53:53Z,platform,prod,CC100,,,,,,,,,,,,,
96dc7fe2895847e5a882d7868176ce64,2026-02-21T06:00:00Z/2026-02-21T07:00:00Z,112233445566,2026-02-01T00:00:00Z,2026-03-01T00:00:00Z,AWS,112233445566,Usage,2026-02-21T06:00:00Z,2026-02-21T07:00:00Z,AmazonRDS,USEA-InstanceUsage:db.t3.medium,CreateDBInstance:0002,,arn:aws:rds:us-east-1:112233445566:db:platform-db,1.0,,,0.068,0.06806,0.068,0.068008,Hrs,0.068,0.068,Amazon Relational Database Service,db.t3.medium,,,,us-east-1,AmazonRDS,55.85,54.66,41.65,4,2026-02-20T23:38:29Z,platform,prod,CC100,,,,,,,,,,,,,
53952255f9c744bf9b608998e795765c,2026-02-21T15:00:00Z/2026-02-21T16:00:00Z,112233445566,2026-02-01T00:00:00Z,2026-03-01T00:00:00Z,AWS,112233445566,Usage,2026-02-21T15:00:00Z,2026-02-21T16:00:00Z,AmazonRDS,USEA-InstanceUsage:db.t3.medium,CreateDBInstance:0002,,arn:aws:rds:us-east-1:112233445566:db:platform-db,1.0,,,0.068,0.068025,0.068,0.068011,Hrs,0.068,0.068,Amazon Relational Database Service,db.t3.medium,,,,us-east-1,AmazonRDS,40.43,46.75,45.48,14,2026-02-21T12:22:56Z,platform,prod,CC100,,,,,,,,,,,,,
f3340ef5b9f8487ab4c8b537254bae4c,2026-02-22T00:00:00Z/2026-02-22T01:00:00Z,112233445566,2026-02-01T00:00:00Z,2026-03-01T00:00:00Z,AWS,112233445566,Usage,2026-02-22T00:00:00Z,2026-02-22T01:00:00Z,AmazonRDS,USEA-InstanceUsage:db.t3.medium,CreateDBInstance:0002,,arn:aws:rds:us-east-1:112233445566:db:platform-db,1.0,,,0.068,0.068003,0.068,0.068027,Hrs,0.068,0.068,Amazon Relational Database Service,db.t3.medium,,,,us-east-1,AmazonRDS,36.67,54.19,37.56,11,2026-02-19T19:07:33Z,platform,prod,CC100,,,,,,,,,,,,,
41f3b7d09c624d52b4567207bf3404cd,2026-02-22T09:00:00Z/2026-02-22T10:00:00Z,112233445566,2026-02-01T00:00:00Z,2026-03-01T00:00:00Z,AWS,112233445566,Usage,2026-02-22T09:00:00Z,2026-02-22T10:00:00Z,AmazonRDS,USEA-InstanceUsage:db.t3.medium,CreateDBInstance:0002,,arn:aws:rds:us-east-1:112233445566:db:platform-db,1.0,,,0.068,0.06805,0.068,0.068032,Hrs,0.068,0.068,Amazon Relational Database Service,db.t3.medium,,,,us-east-1,AmazonRDS,48.29,59.51,40.39,8,2026-02-20T18:08:35Z,platform,prod,CC100,,,,,,,,,,,,,
13e176bbe4aa440d9b5e3ab4200056b1,2026-02-22T18:00:00Z/2026-02-22T19:00:00Z,112233445566,2026-02-01T00:00:00Z,2026-03-01T00:00:00Z,AWS,112233445566,Usage,2026-02-22T18:00:00Z,2026-02-22T19:00:00Z,AmazonRDS,USEA-InstanceUsage:db.t3.medium,CreateDBInstance:0002,,arn:aws:rds:us-east-1:112233445566:db:platform-db,1.0,,,0.068,0.067963,0.068,0.068064,Hrs,0.068,0.068,Amazon Relational Database Service,db.t3.medium,,,,us-east-1,AmazonRDS,34.71,65.07,29.26,2,2026-02-21T15:50:19Z,platform,prod,CC100,,,,,,,,,,,,,
2d77faa4cf3142ecbd7b45738d4da846,2026-02-23T03:00:00Z/2026-02-23T04:00:00Z,112233445566,2026-02-01T00:00:00Z,2026-03-01T00:00:00Z,AWS,112233445566,Usage,2026-02-23T03:00:00Z,2026-02-23T04:00:00Z,AmazonRDS,USEA-InstanceUsage:db.t3.medium,CreateDBInstance:0002,,arn:aws:rds:us-east-1:112233445566:db:platform-db,1.0,,,0.068,0.068023,0.068,0.067958,Hrs,0.068,0.068,Amazon Relational Database Service,db.t3.medium,,,,us-east-1,AmazonRDS,33.01,49.77,34.38,16,2026-02-21T14:39:23Z,platform,prod,CC100,,,,,,,,,,,,,
77727f3a0f4b46dabe55283308865df6,2026-02-23T12:00:00Z/2026-02-23T13:00:00Z,112233445566,2026-02-01T00:00:00Z,2026-03-01T00:00:00Z,AWS,112233445566,Usage,2026-02-23T12:00:00Z,2026-02-23T13:00:00Z,AmazonRDS,USEA-InstanceUsage:db.t3.medium,CreateDBInstance:0002,,arn:aws:rds:us-east-1:112233445566:db:platform-db,1.0,,,0.068,0.068032,0.068,0.067962,Hrs,0.068,0.068,Amazon Relational Database Service,db.t3.medium,,,,us-east-1,AmazonRDS,53.74,50.22,45.91,4,2026-02-21T06:48:41Z,platform,prod,CC100,,,,,,,,,,,,,
6f3d13b2c94b483cbbf8038c4744a0a6,2026-02-23T21:00:00Z/2026-02-23T22:00:00Z,112233445566,2026-02-01T00:00:00Z,2026-03-01T00:00:00Z,AWS,112233445566,Usage,2026-02-23T21:00:00Z,2026-02-23T22:00:00Z,AmazonRDS,USEA-InstanceUsage:db.t3.medium,CreateDBInstance:0002,,arn:aws:rds:us-east-1:112233445566:db:platform-db,1.0,,,0.068,0.068015,0.068,0.067935,Hrs,0.068,0.068,Amazon Relational Database Service,db.t3.medium,,,,us-east-1,AmazonRDS,57.8,57.81,41.2,15,2026-02-21T20:09:28Z,platform,prod,CC100,,,,,,,,,,,,,
eee9013ae41c460e8e8afcb5fd8e794f,2026-02-24T06:00:00Z/2026-02-24T07:00:00Z,112233445566,2026-02-01T00:00:00Z,2026-03-01T00:00:00Z,AWS,112233445566,Usage,2026-02-24T06:00:00Z,2026-02-24T07:00:00Z,AmazonRDS,USEA-InstanceUsage:db.t3.medium,CreateDBInstance:0002,,arn:aws:rds:us-east-1:112233445566:db:platform-db,1.0,,,0.068,0.067969,0.068,0.067967,Hrs,0.068,0.068,Amazon Relational Database Service,db.t3.medium,,,,us-east-1,AmazonRDS,52.74,47.29,42.29,18,2026-02-22T05:09:36Z,platform,prod,CC100,,,,,,,,,,,,,
ae143eb36ba24c2eb2a616a5db9185f4,2026-02-24T15:00:00Z/2026-02-24T16:00:00Z,112233445566,2026-02-01T00:00:00Z,2026-03-01T00:00:00Z,AWS,112233445566,Usage,2026-02-24T15:00:00Z,2026-02-24T16:00:00Z,AmazonRDS,USEA-InstanceUsage:db.t3.medium,CreateDBInstance:0002,,arn:aws:rds:us-east-1:112233445566:db:platform-db,1.0,,,0.068,0.06794,0.068,0.068002,Hrs,0.068,0.068,Amazon Relational Database Service,db.t3.medium,,,,us-east-1,AmazonRDS,36.89,60.89,26.69,21,2026-02-23T21:38:42Z,platform,prod,CC100,,,,,,,,,,,,,
1f6a8c4fdc7d46a4a156a56ef78c1677,2026-02-25T00:00:00Z/2026-02-25T01:00:00Z,112233445566,2026-02-01T00:00:00Z,2026-03-01T00:00:00Z,AWS,112233445566,Usage,2026-02-25T00:00:00Z,2026-02-25T01:00:00Z,AmazonRDS,USEA-InstanceUsage:db.t3.medium,CreateDBInstance:0002,,arn:aws:rds:us-east-1:112233445566:db:platform-db,1.0,,,0.068,0.067984,0.068,0.067936,Hrs,0.068,0.068,Amazon Relational Database Service,db.t3.medium,,,,us-east-1,AmazonRDS,49.61,58.32,27.02,19,2026-02-24T01:45:16Z,platform,prod,CC100,,,,,,,,,,,,,
6f8432657a9740f7b4bc72402978ec23,2026-02-25T09:00:00Z/2026-02-25T10:00:00Z,112233445566,2026-02-01T00:00:00Z,2026-03-01T00:00:00Z,AWS,112233445566,Usage,2026-02-25T09:00:00Z,2026-02-25T10:00:00Z,AmazonRDS,USEA-InstanceUsage:db.t3.medium,CreateDBInstance:0002,,arn:aws:rds:us-east-1:112233445566:db:platform-db,1.0,,,0.068,0.067939,0.068,0.068063,Hrs,0.068,0.068,Amazon Relational Database Service,db.t3.medium,,,,us-east-1,AmazonRDS,51.22,49.86,40.67,3,2026-02-24T08:59:13Z,platform,prod,CC100,,,,,,,,,,,,,
84e7131f5d13452084d76a236f95c170,2026-02-25T18:00:00Z/2026-02-25T19:00:00Z,112233445566,2026-02-01T00:00:00Z,2026-03-01T00:00:00Z,AWS,112233445566,Usage,2026-02-25T18:00:00Z,2026-02-25T19:00:00Z,AmazonRDS,USEA-InstanceUsage:db.t3.medium,CreateDBInstance:0002,,arn:aws:rds:us-east-1:112233445566:db:platform-db,1.0,,,0.068,0.06801,0.068,0.067994,Hrs,0.068,0.068,Amazon Relational Database Service,db.t3.medium,,,,us-east-1,AmazonRDS,34.5,53.96,51.84,21,2026-02-24T02:42:47Z,platform,prod,CC100,,,,,,,,,,,,,
e5a770c559a34fba8a002a4bc49d2f25,2026-02-26T03:00:00Z/2026-02-26T04:00:00Z,112233445566,2026-02-01T00:00:00Z,2026-03-01T00:00:00Z,AWS,112233445566,Usage,2026-02-26T03:00:00Z,2026-02-26T04:00:00Z,AmazonRDS,USEA-InstanceUsage:db.t3.medium,CreateDBInstance:0002,,arn:aws:rds:us-east-1:112233445566:db:platform-db,1.0,,,0.068,0.067993,0.068,0.067942,Hrs,0.068,0.068,Amazon Relational Database Service,db.t3.medium,,,,us-east-1,AmazonRDS,55.5,62.63,47.14,6,2026-02-25T13:30:46Z,platform,prod,CC100,,,,,,,,,,,,,
a5e55182bbbb4eacb020287a371f59b0,2026-02-26T12:00:00Z/2026-02-26T13:00:00Z,112233445566,2026-02-01T00:00:00Z,2026-03-01T00:00:00Z,AWS,112233445566,Usage,2026-02-26T12:00:00Z,2026-02-26T13:00:00Z,AmazonRDS,USEA-InstanceUsage:db.t3.medium,CreateDBInstance:0002,,arn:aws:rds:us-east-1:112233445566:db:platform-db,1.0,,,0.068,0.067959,0.068,0.068036,Hrs,0.068,0.068,Amazon Relational Database Service,db.t3.medium,,,,us-east-1,AmazonRDS,52.7,49.14,32.3,15,2026-02-25T10:19:16Z,platform,prod,CC100,,,,,,,,,,,,,
ec0250c2d0fb43909f41cafe7be10072,2026-02-26T21:00:00Z/2026-02-26T22:00:00Z,112233445566,2026-02-01T00:00:00Z,2026-03-01T00:00:00Z,AWS,112233445566,Usage,2026-02-26T21:00:00Z,2026-02-26T22:00:00Z,AmazonRDS,USEA-InstanceUsage:db.t3.medium,CreateDBInstance:0002,,arn:aws:rds:us-east-1:112233445566:db:platform-db,1.0,,,0.068,0.06796,0.068,0.067991,Hrs,0.068,0.068,Amazon Relational Database Service,db.t3.medium,,,,us-east-1,AmazonRDS,36.93,58.96,34.14,23,2026-02-25T22:10:41Z,platform,prod,CC100,,,,,,,,,,,,,
dc5fc186c0e14179a25330336fa58bd5,2026-02-27T06:00:00Z/2026-02-27T07:00:00Z,112233445566,2026-02-01T00:00:00Z,2026-03-01T00:00:00Z,AWS,112233445566,Usage,2026-02-27T06:00:00Z,2026-02-27T07:00:00Z,AmazonRDS,USEA-InstanceUsage:db.t3.medium,CreateDBInstance:0002,,arn:aws:rds:us-east-1:112233445566:db:platform-db,1.0,,,0.068,0.06796,0.068,0.068024,Hrs,0.068,0.068,Amazon Relational Database Service,db.t3.medium,,,,us-east-1,AmazonRDS,44.02,58.97,39.52,7,2026-02-26T10:08:05Z,platform,prod,CC100,,,,,,,,,,,,,
cd7179ae9d34491787e1efecf789f17c,2026-02-27T15:00:00Z/2026-02-27T16:00:00Z,112233445566,2026-02-01T00:00:00Z,2026-03-01T00:00:00Z,AWS,112233445566,Usage,2026-02-27T15:00:00Z,2026-02-27T16:00:00Z,AmazonRDS,USEA-InstanceUsage:db.t3.medium,CreateDBInstance:0002,,arn:aws:rds:us-east-1:112233445566:db:platform-db,1.0,,,0.068,0.06797,0.068,0.068039,Hrs,0.068,0.068,Amazon Relational Database Service,db.t3.medium,,,,us-east-1,AmazonRDS,41.21,54.13,40.08,8,2026-02-25T13:29:54Z,platform,prod,CC100,,,,,,,,,,,,,
b76127190afe4353b6c610ce7546de5c,2026-02-01T00:00:00Z/2026-02-01T01:00:00Z,112233445566,2026-02-01T00:00:00Z,2026-03-01T00:00:00Z,AWS,223344556677,Usage,2026-02-01T00:00:00Z,2026-02-01T01:00:00Z,AmazonRDS,USWE-InstanceUsage:db.r5.large,CreateDBInstance:0002,,arn:aws:rds:us-west-2:223344556677:db:analytics-db,1.0,,,0.24,0.240116,0.24,0.239937,Hrs,0.24,0.24,Amazon Relational Database Service,db.r5.large,,,,us-west-2,AmazonRDS,36.09,33.65,24.21,31,2026-01-29T01:06:22Z,data-eng,prod,CC200,,,,,,,,,,,,,
fec261f40cf649f4b9e841524180c9b4,2026-02-01T09:00:00Z/2026-02-01T10:00:00Z,112233445566,2026-02-01T00:00:00Z,2026-03-01T00:00:00Z,AWS,223344556677,Usage,2026-02-01T09:00:00Z,2026-02-01T10:00:00Z,AmazonRDS,USWE-InstanceUsage:db.r5.large,CreateDBInstance:0002,,arn:aws:rds:us-west-2:223344556677:db:analytics-db,1.0,,,0.24,0.239912,0.24,0.239809,Hrs,0.24,0.24,Amazon Relational Database Service,db.r5.large,,,,us-west-2,AmazonRDS,25.25,39.31,33.31,53,2026-01-28T21:13:11Z,data-eng,prod,CC200,,,,,,,,,,,,,
92c64f7cc2aa4f94b4e35a653b9a742e,2026-02-01T18:00:00Z/2026-02-01T19:00:00Z,112233445566,2026-02-01T00:00:00Z,2026-03-01T00:00:00Z,AWS,223344556677,Usage,2026-02-01T18:00:00Z,2026-02-01T19:00:00Z,AmazonRDS,USWE-InstanceUsage:db.r5.large,CreateDBInstance:0002,,arn:aws:rds:us-west-2:223344556677:db:analytics-db,1.0,,,0.24,0.239787,0.24,0.239791,Hrs,0.24,0.24,Amazon Relational Database Service,db.r5.large,,,,us-west-2,AmazonRDS,33.84,39.83,22.38,69,2026-01-30T16:11:30Z,data-eng,prod,CC200,,,,,,,,,,,,,
c8c0bbe7740144049cd59b6d5efd5ef8,2026-02-02T03:00:00Z/2026-02-02T04:00:00Z,112233445566,2026-02-01T00:00:00Z,2026-03-01T00:00:00Z,AWS,223344556677,Usage,2026-02-02T03:00:00Z,2026-02-02T04:00:00Z,AmazonRDS,USWE-InstanceUsage:db.r5.large,CreateDBInstance:0002,,arn:aws:rds:us-west-2:223344556677:db:analytics-db,1.0,,,0.24,0.24018,0.24,0.240132,Hrs,0.24,0.24,Amazon Relational Database Service,db.r5.large,,,,us-west-2,AmazonRDS,39.5,43.33,41.77,18,2026-01-30T01:50:45Z,data-eng,prod,CC200,,,,,,,,,,,,,
dfd9a2a0755c40d991997f7d27283d9e,2026-02-02T12:00:00Z/2026-02-02T13:00:00Z,112233445566,2026-02-01T00:00:00Z,2026-03-01T00:00:00Z,AWS,223344556677,Usage,2026-02-02T12:00:00Z,2026-02-02T13:00:00Z,AmazonRDS,USWE-InstanceUsage:db.r5.large,CreateDBInstance:0002,,arn:aws:rds:us-west-2:223344556677:db:analytics-db,1.0,,,0.24,0.240081,0.24,0.239924,Hrs,0.24,0.24,Amazon Relational Database Service,db.r5.large,,,,us-west-2,AmazonRDS,35.45,49.63,31.08,64,2026-01-29T15:48:37Z,data-eng,prod,CC200,,,,,,,,,,,,,
7ca1d544ea014a508adadc876d41af5f,2026-02-02T21:00:00Z/2026-02-02T22:00:00Z,112233445566,2026-02-01T00:00:00Z,2026-03-01T00:00:00Z,AWS,223344556677,Usage,2026-02-02T21:00:00Z,2026-02-02T22:00:00Z,AmazonRDS,USWE-InstanceUsage:db.r5.large,CreateDBInstance:0002,,arn:aws:rds:us-west-2:223344556677:db:analytics-db,1.0,,,0.24,0.240106,0.24,0.24021,Hrs,0.24,0.24,Amazon Relational Database Service,db.r5.large,,,,us-west-2,AmazonRDS,38.94,43.31,26.89,14,2026-01-31T00:25:35Z,data-eng,prod,CC200,,,,,,,,,,,,,
9f8a3dd31ab34fdd80da400413b02334,2026-02-03T06:00:00Z/2026-02-03T07:00:00Z,112233445566,2026-02-01T00:00:00Z,2026-03-01T00:00:00Z,AWS,223344556677,Usage,2026-02-03T06:00:00Z,2026-02-03T07:00:00Z,AmazonRDS,USWE-InstanceUsage:db.r5.large,CreateDBInstance:0002,,arn:aws:rds:us-west-2:223344556677:db:analytics-db,1.0,,,0.24,0.24002,0.24,0.240076,Hrs,0.24,0.24,Amazon Relational Database Service,db.r5.large,,,,us-west-2,AmazonRDS,31.0,35.05,19.93,67,2026-01-31T16:35:00Z,data-eng,prod,CC200,,,,,,,,,,,,,
f109965088cf41e0b90ae77db39e7052,2026-02-03T15:00:00Z/2026-02-03T16:00:00Z,112233445566,2026-02-01T00:00:00Z,2026-03-01T00:00:00Z,AWS,223344556677,Usage,2026-02-03T15:00:00Z,2026-02-03T16:00:00Z,AmazonRDS,USWE-InstanceUsage:db.r5.large,CreateDBInstance:0002,,arn:aws:rds:us-west-2:223344556677:db:analytics-db,1.0,,,0.24,0.240078,0.24,0.240132,Hrs,0.24,0.24,Amazon Relational Database Service,db.r5.large,,,,us-west-2,AmazonRDS,40.49,43.42,38.46,13,2026-01-31T20:41:33Z,data-eng,prod,CC200,,,,,,,,,,,,,
f52121ef85c64cb395f18718c6f1dbb7,2026-02-04T00:00:00Z/2026-02-04T01:00:00Z,112233445566,2026-02-01T00:00:00Z,2026-03-01T00:00:00Z,AWS,223344556677,Usage,2026-02-04T00:00:00Z,2026-02-04T01:00:00Z,AmazonRDS,USWE-InstanceUsage:db.r5.large,CreateDBInstance:0002,,arn:aws:rds:us-west-2:223344556677:db:analytics-db,1.0,,,0.24,0.2399,0.24,0.240003,Hrs,0.24,0.24,Amazon Relational Database Service,db.r5.large,,,,us-west-2,AmazonRDS,34.15,42.19,37.76,46,2026-02-02T08:16:40Z,data-eng,prod,CC200,,,,,,,,,,,,,
d9bf1b98a74646dd9fc5e221c165b912,2026-02-04T09:00:00Z/2026-02-04T10:00:00Z,112233445566,2026-02-01T00:00:00Z,2026-03-01T00:00:00Z,AWS,223344556677,Usage,2026-02-04T09:00:00Z,2026-02-04T10:00:00Z,AmazonRDS,USWE-InstanceUsage:db.r5.large,CreateDBInstance:0002,,arn:aws:rds:us-west-2:223344556677:db:analytics-db,1.0,,,0.24,0.240092,0.24,0.240208,Hrs,0.24,0.24,Amazon Relational Database Service,db.r5.large,,,,us-west-2,AmazonRDS,38.98,41.17,25.57,66,2026-02-02T01:10:45Z,data-eng,prod,CC200,,,,,,,,,,,,,
30b195fdddae42e0ab990b6920ca2882,2026-02-04T18:00:00Z/2026-02-04T19:00:00Z,112233445566,2026-02-01T00:00:00Z,2026-03-01T00:00:00Z,AWS,223344556677,Usage,2026-02-04T18:00:00Z,2026-02-04T19:00:00Z,AmazonRDS,USWE-InstanceUsage:db.r5.large,CreateDBInstance:0002,,arn:aws:rds:us-west-2:223344556677:db:analytics-db,1.0,,,0.24,0.240012,0.24,0.239893,Hrs,0.24,0.24,Amazon Relational Database Service,db.r5.large,,,,us-west-2,AmazonRDS,38.57,44.66,19.28,49,2026-02-01T21:59:53Z,data-eng,prod,CC200,,,,,,,,,,,,,
df57d121c780496fab67ee795dedfd2f,2026-02-05T03:00:00Z/2026-02-05T04:00:00Z,112233445566,2026-02-01T00:00:00Z,2026-03-01T00:00:00Z,AWS,223344556677,Usage,2026-02-05T03:00:00Z,2026-02-05T04:00:00Z,AmazonRDS,USWE-InstanceUsage:db.r5.large,CreateDBInstance:0002,,arn:aws:rds:us-west-2:223344556677:db:analytics-db,1.0,,,0.24,0.240186,0.24,0.240181,Hrs,0.24,0.24,Amazon Relational Database Service,db.r5.large,,,,us-west-2,AmazonRDS,41.46,32.74,40.9,17,2026-02-02T05:21:14Z,data-eng,prod,CC200,,,,,,,,,,,,,
0baf913978f24246873c605402ec1524,2026-02-05T12:00:00Z/2026-02-05T13:00:00Z,112233445566,2026-02-01T00:00:00Z,2026-03-01T00:00:00Z,AWS,223344556677,Usage,2026-02-05T12:00:00Z,2026-02-05T13:00:00Z,AmazonRDS,USWE-InstanceUsage:db.r5.large,CreateDBInstance:0002,,arn:aws:rds:us-west-2:223344556677:db:analytics-db,1.0,,,0.24,0.239793,0.24,0.239766,Hrs,0.24,0.24,Amazon Relational Database Service,db.r5.large,,,,us-west-2,AmazonRDS,41.79,45.94,39.83,61,2026-02-03T17:32:38Z,data-eng,prod,CC200,,,,,,,,,,,,,
4bff1ff0e45a41c6a0a6e3a5883d299c,2026-02-05T21:00:00Z/2026-02-05T22:00:00Z,112233445566,2026-02-01T00:00:00Z,2026-03-01T00:00:00Z,AWS,223344556677,Usage,2026-02-05T21:00:00Z,2026-02-05T22:00:00Z,AmazonRDS,USWE-InstanceUsage:db.r5.large,CreateDBInstance:0002,,arn:aws:rds:us-west-2:223344556677:db:analytics-db,1.0,,,0.24,0.240066,0.24,0.240055,Hrs,0.24,0.24,Amazon Relational Database Service,db.r5.large,,,,us-west-2,AmazonRDS,27.95,36.39,40.96,52,2026-02-03T06:59:12Z,data-eng,prod,CC200,,,,,,,,,,,,,
4fbddfd6ed244b179b4cece0e46721fb,2026-02-06T06:00:00Z/2026-02-06T07:00:00Z,112233445566,2026-02-01T00:00:00Z,2026-03-01T00:00:00Z,AWS,223344556677,Usage,2026-02-06T06:00:00Z,2026-02-06T07:00:00Z,AmazonRDS,USWE-InstanceUsage:db.r5.large,CreateDBInstance:0002,,arn:aws:rds:us-west-2:223344556677:db:analytics-db,1.0,,,0.24,0.239999,0.24,0.240035,Hrs,0.24,0.24,Amazon Relational Database Service,db.r5.large,,,,us-west-2,AmazonRDS,33.0,51.59,29.42,39,2026-02-02T10:31:42Z,data-eng,prod,CC200,,,,,,,,,,,,,
917220e466d94fc597e274f06adaf985,2026-02-06T15:00:00Z/2026-02-06T16:00:00Z,112233445566,2026-02-01T00:00:00Z,2026-03-01T00:00:00Z,AWS,223344556677,Usage,2026-02-06T15:00:00Z,2026-02-06T16:00:00Z,AmazonRDS,USWE-InstanceUsage:db.r5.large,CreateDBInstance:0002,,arn:aws:rds:us-west-2:223344556677:db:analytics-db,1.0,,,0.24,0.239762,0.24,0.240239,Hrs,0.24,0.24,Amazon Relational Database Service,db.r5.large,,,,us-west-2,AmazonRDS,24.68,48.53,18.42,50,2026-02-02T22:54:16Z,data-eng,prod,CC200,,,,,,,,,,,,,
442a4a0626f3407f9972eb722cdb681d,2026-02-07T00:00:00Z/2026-02-07T01:00:00Z,112233445566,2026-02-01T00:00:00Z,2026-03-01T00:00:00Z,AWS,223344556677,Usage,2026-02-07T00:00:00Z,2026-02-07T01:00:00Z,AmazonRDS,USWE-InstanceUsage:db.r5.large,CreateDBInstance:0002,,arn:aws:rds:us-west-2:223344556677:db:analytics-db,1.0,,,0.24,0.23999,0.24,0.240095,Hrs,0.24,0.24,Amazon Relational Database Service,db.r5.large,,,,us-west-2,AmazonRDS,37.75,46.54,26.94,65,2026-02-03T22:26:04Z,data-eng,prod,CC200,,,,,,,,,,,,,
2b765d4e2bcc49a7a2010805323d8889,2026-02-07T09:00:00Z/2026-02-07T10:00:00Z,112233445566,2026-02-01T00:00:00Z,2026-03-01T00:00:00Z,AWS,223344556677,Usage,2026-02-07T09:00:00Z,2026-02-07T10:00:00Z,AmazonRDS,USWE-InstanceUsage:db.r5.large,CreateDBInstance:0002,,arn:aws:rds:us-west-2:223344556677:db:analytics-db,1.0,,,0.24,0.239882,0.24,0.240146,Hrs,0.24,0.24,Amazon Relational Database Service,db.r5.large,,,,us-west-2,AmazonRDS,39.74,28.16,34.32,43,2026-02-04T13:22:43Z,data-eng,prod,CC200,,,,,,,,,,,,,
3643a112767c4cbf8056f470d5e63f27,2026-02-07T18:00:00Z/2026-02-07T19:00:00Z,112233445566,2026-02-01T00:00:00Z,2026-03-01T00:00:00Z,AWS,223344556677,Usage,2026-02-07T18:00:00Z,2026-02-07T19:00:00Z,AmazonRDS,USWE-InstanceUsage:db.r5.large,CreateDBInstance:0002,,arn:aws:rds:us-west-2:223344556677:db:analytics-db,1.0,,,0.24,0.240108,0.24,0.239937,Hrs,0.24,0.24,Amazon Relational Database Service,db.r5.large,,,,us-west-2,AmazonRDS,24.93,51.13,19.15,67,2026-02-04T10:56:43Z,data-eng,prod,CC200,,,,,,,,,,,,,
116cf55ac26643fdbf61b988c5cfbfe1,2026-02-08T03:00:00Z/2026-02-08T04:00:00Z,112233445566,2026-02-01T00:00:00Z,2026-03-01T00:00:00Z,AWS,223344556677,Usage,2026-02-08T03:00:00Z,2026-02-08T04:00:00Z,AmazonRDS,USWE-InstanceUsage:db.r5.large,CreateDBInstance:0002,,arn:aws:rds:us-west-2:223344556677:db:analytics-db,1.0,,,0.24,0.240147,0.24,0.24,Hrs,0.24,0.24,Amazon Relational Database Service,db.r5.large,,,,us-west-2,AmazonRDS,25.73,47.28,37.62,64,2026-02-04T01:56:50Z,data-eng,prod,CC200,,,,,,,,,,,,,
1461505d6489416abab5400292430503,2026-02-08T12:00:00Z/2026-02-08T13:00:00Z,112233445566,2026-02-01T00:00:00Z,2026-03-01T00:00:00Z,AWS,223344556677,Usage,2026-02-08T12:00:00Z,2026-02-08T13:00:00Z,AmazonRDS,USWE-InstanceUsage:db.r5.large,CreateDBInstance:0002,,arn:aws:rds:us-west-2:223344556677:db:analytics-db,1.0,,,0.24,0.239814,0.24,0.239932,Hrs,0.24,0.24,Amazon Relational Database Service,db.r5.large,,,,us-west-2,AmazonRDS,23.0,30.51,19.56,13,2026-02-05T18:56:33Z,data-eng,prod,CC200,,,,,,,,,,,,,
16f0f836658c430c827a97cfff894e3d,2026-02-08T21:00:00Z/2026-02-08T22:00:00Z,112233445566,2026-02-01T00:00:00Z,2026-03-01T00:00:00Z,AWS,223344556677,Usage,2026-02-08T21:00:00Z,2026-02-08T22:00:00Z,AmazonRDS,USWE-InstanceUsage:db.r5.large,CreateDBInstance:0002,,arn:aws:rds:us-west-2:223344556677:db:analytics-db,1.0,,,0.24,0.240133,0.24,0.240192,Hrs,0.24,0.24,Amazon Relational Database Service,db.r5.large,,,,us-west-2,AmazonRDS,41.62,36.56,26.79,54,2026-02-06T00:14:24Z,data-eng,prod,CC200,,,,,,,,,,,,,
972e25789cf94a03acacac75ddaa9b58,2026-02-09T06:00:00Z/2026-02-09T07:00:00Z,112233445566,2026-02-01T00:00:00Z,2026-03-01T00:00:00Z,AWS,223344556677,Usage,2026-02-09T06:00:00Z,2026-02-09T07:00:00Z,AmazonRDS,USWE-InstanceUsage:db.r5.large,CreateDBInstance:0002,,arn:aws:rds:us-west-2:223344556677:db:analytics-db,1.0,,,0.24,0.239823,0.24,0.240054,Hrs,0.24,0.24,Amazon Relational Database Service,db.r5.large,,,,us-west-2,AmazonRDS,33.25,48.01,39.43,16,2026-02-07T18:41:33Z,data-eng,prod,CC200,,,,,,,,,,,,,
a4f3de4aee124cb98b8201544dd59f42,2026-02-09T15:00:00Z/2026-02-09T16:00:00Z,112233445566,2026-02-01T00:00:00Z,2026-03-01T00:00:00Z,AWS,223344556677,Usage,2026-02-09T15:00:00Z,2026-02-09T16:00:00Z,AmazonRDS,USWE-InstanceUsage:db.r5.large,CreateDBInstance:0002,,arn:aws:rds:us-west-2:223344556677:db:analytics-db,1.0,,,0.24,0.2402,0.24,0.240129,Hrs,0.24,0.24,Amazon Relational Database Service,db.r5.large,,,,us-west-2,AmazonRDS,22.59,33.31,19.91,50,2026-02-07T21:31:19Z,data-eng,prod,CC200,,,,,,,,,,,,,
4333e139e83140c49cbf8c4b6897ab0f,2026-02-10T00:00:00Z/2026-02-10T01:00:00Z,112233445566,2026-02-01T00:00:00Z,2026-03-01T00:00:00Z,AWS,223344556677,Usage,2026-02-10T00:00:00Z,2026-02-10T01:00:00Z,AmazonRDS,USWE-InstanceUsage:db.r5.large,CreateDBInstance:0002,,arn:aws:rds:us-west-2:223344556677:db:analytics-db,1.0,,,0.24,0.240106,0.24,0.240001,Hrs,0.24,0.24,Amazon Relational Database Service,db.r5.large,,,,us-west-2,AmazonRDS,30.81,48.4,18.79,34,2026-02-06T07:22:10Z,data-eng,prod,CC200,,,,,,,,,,,,,
0e3ac5dfd97d466886411ddcc3f921a3,2026-02-10T09:00:00Z/2026-02-10T10:00:00Z,112233445566,2026-02-01T00:00:00Z,2026-03-01T00:00:00Z,AWS,223344556677,Usage,2026-02-10T09:00:00Z,2026-02-10T10:00:00Z,AmazonRDS,USWE-InstanceUsage:db.r5.large,CreateDBInstance:0002,,arn:aws:rds:us-west-2:223344556677:db:analytics-db,1.0,,,0.24,0.239906,0.24,0.239766,Hrs,0.24,0.24,Amazon Relational Database Service,db.r5.large,,,,us-west-2,AmazonRDS,39.67,38.31,33.72,46,2026-02-08T07:04:15Z,data-eng,prod,CC200,,,,,,,,,,,,,
0f76ae5f162d4aceb714d25aa824ec99,2026-02-10T18:00:00Z/2026-02-10T19:00:00Z,112233445566,2026-02-01T00:00:00Z,2026-03-01T00:00:00Z,AWS,223344556677,Usage,2026-02-10T18:00:00Z,2026-02-10T19:00:00Z,AmazonRDS,USWE-InstanceUsage:db.r5.large,CreateDBInstance:0002,,arn:aws:rds:us-west-2:223344556677:db:analytics-db,1.0,,,0.24,0.239761,0.24,0.240132,Hrs,0.24,0.24,Amazon Relational Database Service,db.r5.large,,,,us-west-2,AmazonRDS,31.91,49.23,40.09,30,2026-02-07T18:53:33Z,data-eng,prod,CC200,,,,,,,,,,,,,
48a9c8cb2416434bbd89520f2c327e0f,2026-02-11T03:00:00Z/2026-02-11T04:00:00Z,112233445566,2026-02-01T00:00:00Z,2026-03-01T00:00:00Z,AWS,223344556677,Usage,2026-02-11T03:00:00Z,2026-02-11T04:00:00Z,AmazonRDS,USWE-InstanceUsage:db.r5.large,CreateDBInstance:0002,,arn:aws:rds:us-west-2:223344556677:db:analytics-db,1.0,,,0.24,0.239867,0.24,0.240209,Hrs,0.24,0.24,Amazon Relational Database Service,db.r5.large,,,,us-west-2,AmazonRDS,37.47,40.77,34.31,65,2026-02-07T02:07:06Z,data-eng,prod,CC200,,,,,,,,,,,,,
fa0c90f12fa0460d8fc932cdfb6ec4d9,2026-02-11T12:00:00Z/2026-02-11T13:00:00Z,112233445566,2026-02-01T00:00:00Z,2026-03-01T00:00:00Z,AWS,223344556677,Usage,2026-02-11T12:00:00Z,2026-02-11T13:00:00Z,AmazonRDS,USWE-InstanceUsage:db.r5.large,CreateDBInstance:0002,,arn:aws:rds:us-west-2:223344556677:db:analytics-db,1.0,,,0.24,0.240072,0.24,0.240226,Hrs,0.24,0.24,Amazon Relational Database Service,db.r5.large,,,,us-west-2,AmazonRDS,32.5,31.33,20.85,38,2026-02-09T06:38:33Z,data-eng,prod,CC200,,,,,,,,,,,,,
be03eea138ed48e4aab1f07d1219ea75,2026-02-11T21:00:00Z/2026-02-11T22:00:00Z,112233445566,2026-02-01T00:00:00Z,2026-03-01T00:00:00Z,AWS,223344556677,Usage,2026-02-11T21:00:00Z,2026-02-11T22:00:00Z,AmazonRDS,USWE-InstanceUsage:db.r5.large,CreateDBInstance:0002,,arn:aws:rds:us-west-2:223344556677:db:analytics-db,1.0,,,0.24,0.239996,0.24,0.240046,Hrs,0.24,0.24,Amazon Relational Database Service,db.r5.large,,,,us-west-2,AmazonRDS,41.81,33.42,30.43,13,2026-02-10T00:42:58Z,data-eng,prod,CC200,,,,,,,,,,,,,
26cf2eb6f8af4a7d92c97392f0693a5c,2026-02-12T06:00:00Z/2026-02-12T07:00:00Z,112233445566,2026-02-01T00:00:00Z,2026-03-01T00:00:00Z,AWS,223344556677,Usage,2026-02-12T06:00:00Z,2026-02-12T07:00:00Z,AmazonRDS,USWE-InstanceUsage:db.r5.large,CreateDBInstance:0002,,arn:aws:rds:us-west-2:223344556677:db:analytics-db,1.0,,,0.24,0.239998,0.24,0.239873,Hrs,0.24,0.24,Amazon Relational Database Service,db.r5.large,,,,us-west-2,AmazonRDS,41.03,30.8,34.73,34,2026-02-09T20:18:53Z,data-eng,prod,CC200,,,,,,,,,,,,,
d903cdd847e844a5b7cae7eb9d731599,2026-02-12T15:00:00Z/2026-02-12T16:00:00Z,112233445566,2026-02-01T00:00:00Z,2026-03-01T00:00:00Z,AWS,223344556677,Usage,2026-02-12T15:00:00Z,2026-02-12T16:00:00Z,AmazonRDS,USWE-InstanceUsage:db.r5.large,CreateDBInstance:0002,,arn:aws:rds:us-west-2:223344556677:db:analytics-db,1.0,,,0.24,0.240128,0.24,0.240095,Hrs,0.24,0.24,Amazon Relational Database Service,db.r5.large,,,,us-west-2,AmazonRDS,41.56,29.38,21.63,58,2026-02-10T02:27:55Z,data-eng,prod,CC200,,,,,,,,,,,,,
72dd2d8fd2f24020832b88f5fe213184,2026-02-13T00:00:00Z/2026-02-13T01:00:00Z,112233445566,2026-02-01T00:00:00Z,2026-03-01T00:00:00Z,AWS,223344556677,Usage,2026-02-13T00:00:00Z,2026-02-13T01:00:00Z,AmazonRDS,USWE-InstanceUsage:db.r5.large,CreateDBInstance:0002,,arn:aws:rds:us-west-2:223344556677:db:analytics-db,1.0,,,0.24,0.239909,0.24,0.240106,Hrs,0.24,0.24,Amazon Relational Database Service,db.r5.large,,,,us-west-2,AmazonRDS,36.73,43.6,24.89,69,2026-02-10T04:18:41Z,data-eng,prod,CC200,,,,,,,,,,,,,
77dfec4e708447fb9f96e67a62887f00,2026-02-13T09:00:00Z/2026-02-13T10:00:00Z,112233445566,2026-02-01T00:00:00Z,2026-03-01T00:00:00Z,AWS,223344556677,Usage,2026-02-13T09:00:00Z,2026-02-13T10:00:00Z,AmazonRDS,USWE-InstanceUsage:db.r5.large,CreateDBInstance:0002,,arn:aws:rds:us-west-2:223344556677:db:analytics-db,1.0,,,0.24,0.240225,0.24,0.239784,Hrs,0.24,0.24,Amazon Relational Database Service,db.r5.large,,,,us-west-2,AmazonRDS,32.29,46.02,18.68,71,2026-02-09T14:38:27Z,data-eng,prod,CC200,,,,,,,,,,,,,
a70ffbfeab714deeb59addd673b7b1da,2026-02-13T18:00:00Z/2026-02-13T19:00:00Z,112233445566,2026-02-01T00:00:00Z,2026-03-01T00:00:00Z,AWS,223344556677,Usage,2026-02-13T18:00:00Z,2026-02-13T19:00:00Z,AmazonRDS,USWE-InstanceUsage:db.r5.large,CreateDBInstance:0002,,arn:aws:rds:us-west-2:223344556677:db:analytics-db,1.0,,,0.24,0.239886,0.24,0.239913,Hrs,0.24,0.24,Amazon Relational Database Service,db.r5.large,,,,us-west-2,AmazonRDS,22.06,36.62,25.17,39,2026-02-10T10:30:25Z,data-eng,prod,CC200,,,,,,,,,,,,,
15446d7f76d445109db9cda0cdde49d8,2026-02-14T03:00:00Z/2026-02-14T04:00:00Z,112233445566,2026-02-01T00:00:00Z,2026-03-01T00:00:00Z,AWS,223344556677,Usage,2026-02-14T03:00:00Z,2026-02-14T04:00:00Z,AmazonRDS,USWE-InstanceUsage:db.r5.large,CreateDBInstance:0002,,arn:aws:rds:us-west-2:223344556677:db:analytics-db,1.0,,,0.24,0.239845,0.24,0.240048,Hrs,0.24,0.24,Amazon Relational Database Service,db.r5.large,,,,us-west-2,AmazonRDS,39.82,32.46,32.81,35,2026-02-10T00:38:27Z,data-eng,prod,CC200,,,,,,,,,,,,,
56df7466b21a45d0bcb1325b34443819,2026-02-14T12:00:00Z/2026-02-14T13:00:00Z,112233445566,2026-02-01T00:00:00Z,2026-03-01T00:00:00Z,AWS,223344556677,Usage,2026-02-14T12:00:00Z,2026-02-14T13:00:00Z,AmazonRDS,USWE-InstanceUsage:db.r5.large,CreateDBInstance:0002,,arn:aws:rds:us-west-2:223344556677:db:analytics-db,1.0,,,0.24,0.240186,0.24,0.240196,Hrs,0.24,0.24,Amazon Relational Database Service,db.r5.large,,,,us-west-2,AmazonRDS,30.26,28.07,29.96,21,2026-02-12T15:49:48Z,data-eng,prod,CC200,,,,,,,,,,,,,
c747635e040745658e01988b52122ce9,2026-02-14T21:00:00Z/2026-02-14T22:00:00Z,112233445566,2026-02-01T00:00:00Z,2026-03-01T00:00:00Z,AWS,223344556677,Usage,2026-02-14T21:00:00Z,2026-02-14T22:00:00Z,AmazonRDS,USWE-InstanceUsage:db.r5.large,CreateDBInstance:0002,,arn:aws:rds:us-west-2:223344556677:db:analytics-db,1.0,,,0.24,0.239945,0.24,0.240214,Hrs,0.24,0.24,Amazon Relational Database Service,db.r5.large,,,,us-west-2,AmazonRDS,35.06,45.79,34.52,27,2026-02-11T10:53:17Z,data-eng,prod,CC200,,,,,,,,,,,,,
6fa3216700224e1ab0e7f72e2a76022f,2026-02-15T06:00:00Z/2026-02-15T07:00:00Z,112233445566,2026-02-01T00:00:00Z,2026-03-01T00:00:00Z,AWS,223344556677,Usage,2026-02-15T06:00:00Z,2026-02-15T07:00:00Z,AmazonRDS,USWE-InstanceUsage:db.r5.large,CreateDBInstance:0002,,arn:aws:rds:us-west-2:223344556677:db:analytics-db,1.0,,,0.24,0.239936,0.24,0.239896,Hrs,0.24,0.24,Amazon Relational Database Service,db.r5.large,,,,us-west-2,AmazonRDS,29.18,37.9,32.71,39,2026-02-12T13:39:36Z,data-eng,prod,CC200,,,,,,,,,,,,,
e70015c93ba749a8a1429a49f8aa5a4c,2026-02-15T15:00:00Z/2026-02-15T16:00:00Z,112233445566,2026-02-01T00:00:00Z,2026-03-01T00:00:00Z,AWS,223344556677,Usage,2026-02-15T15:00:00Z,2026-02-15T16:00:00Z,AmazonRDS,USWE-InstanceUsage:db.r5.large,CreateDBInstance:0002,,arn:aws:rds:us-west-2:223344556677:db:analytics-db,1.0,,,0.24,0.240073,0.24,0.240207,Hrs,0.24,0.24,Amazon Relational Database Service,db.r5.large,,,,us-west-2,AmazonRDS,31.87,36.99,27.43,68,2026-02-11T14:06:52Z,data-eng,prod,CC200,,,,,,,,,,,,,
3ba9e1c4156e4793b34dc9a7f398ff5f,2026-02-16T00:00:00Z/2026-02-16T01:00:00Z,112233445566,2026-02-01T00:00:00Z,2026-03-01T00:00:00Z,AWS,223344556677,Usage,2026-02-16T00:00:00Z,2026-02-16T01:00:00Z,AmazonRDS,USWE-InstanceUsage:db.r5.large,CreateDBInstance:0002,,arn:aws:rds:us-west-2:223344556677:db:analytics-db,1.0,,,0.24,0.240231,0.24,0.239818,Hrs,0.24,0.24,Amazon Relational Database Service,db.r5.large,,,,us-west-2,AmazonRDS,31.61,32.78,33.64,39,2026-02-12T16:52:34Z,data-eng,prod,CC200,,,,,,,,,,,,,
e5c48d6f2266415d966c21cabefa90b6,2026-02-16T09:00:00Z/2026-02-16T10:00:00Z,112233445566,2026-02-01T00:00:00Z,2026-03-01T00:00:00Z,AWS,223344556677,Usage,2026-02-16T09:00:00Z,2026-02-16T10:00:00Z,AmazonRDS,USWE-InstanceUsage:db.r5.large,CreateDBInstance:0002,,arn:aws:rds:us-west-2:223344556677:db:analytics-db,1.0,,,0.24,0.24011,0.24,0.240217,Hrs,0.24,0.24,Amazon Relational Database Service,db.r5.large,,,,us-west-2,AmazonRDS,33.12,50.71,27.94,61,2026-02-13T19:06:51Z,data-eng,prod,CC200,,,,,,,,,,,,,
78481ca356fb41d8a8e0111bad9533bc,2026-02-16T18:00:00Z/2026-02-16T19:00:00Z,112233445566,2026-02-01T00:00:00Z,2026-03-01T00:00:00Z,AWS,223344556677,Usage,2026-02-16T18:00:00Z,2026-02-16T19:00:00Z,AmazonRDS,USWE-InstanceUsage:db.r5.large,CreateDBInstance:0002,,arn:aws:rds:us-west-2:223344556677:db:analytics-db,1.0,,,0.24,0.239862,0.24,0.240228,Hrs,0.24,0.24,Amazon Relational Database Service,db.r5.large,,,,us-west-2,AmazonRDS,24.07,38.12,19.47,48,2026-02-13T01:06:11Z,data-eng,prod,CC200,,,,,,,,,,,,,
993db881c391462d9adcbb4f8a5a232a,2026-02-17T03:00:00Z/2026-02-17T04:00:00Z,112233445566,2026-02-01T00:00:00Z,2026-03-01T00:00:00Z,AWS,223344556677,Usage,2026-02-17T03:00:00Z,2026-02-17T04:00:00Z,AmazonRDS,USWE-InstanceUsage:db.r5.large,CreateDBInstance:0002,,arn:aws:rds:us-west-2:223344556677:db:analytics-db,1.0,,,0.24,0.239809,0.24,0.240214,Hrs,0.24,0.24,Amazon Relational Database Service,db.r5.large,,,,us-west-2,AmazonRDS,30.84,44.45,34.47,41,2026-02-13T18:53:55Z,data-eng,prod,CC200,,,,,,,,,,,,,
eaa0847411374a12a5c32edddf67d00e,2026-02-17T12:00:00Z/2026-02-17T13:00:00Z,112233445566,2026-02-01T00:00:00Z,2026-03-01T00:00:00Z,AWS,223344556677,Usage,2026-02-17T12:00:00Z,2026-02-17T13:00:00Z,AmazonRDS,USWE-InstanceUsage:db.r5.large,CreateDBInstance:0002,,arn:aws:rds:us-west-2:223344556677:db:analytics-db,1.0,,,0.24,0.24009,0.24,0.239913,Hrs,0.24,0.24,Amazon Relational Database Service,db.r5.large,,,,us-west-2,AmazonRDS,29.43,30.09,39.31,39,2026-02-14T06:21:25Z,data-eng,prod,CC200,,,,,,,,,,,,,
67cc0198283f4075b9f126035ee423bc,2026-02-17T21:00:00Z/2026-02-17T22:00:00Z,112233445566,2026-02-01T00:00:00Z,2026-03-01T00:00:00Z,AWS,223344556677,Usage,2026-02-17T21:00:00Z,2026-02-17T22:00:00Z,AmazonRDS,USWE-InstanceUsage:db.r5.large,CreateDBInstance:0002,,arn:aws:rds:us-west-2:223344556677:db:analytics-db,1.0,,,0.24,0.240027,0.24,0.239934,Hrs,0.24,0.24,Amazon Relational Database Service,db.r5.large,,,,us-west-2,AmazonRDS,30.04,44.8,40.47,12,2026-02-14T02:39:29Z,data-eng,prod,CC200,,,,,,,,,,,,,
1e88c55b5a284729ac7d8a108ee28a63,2026-02-18T06:00:00Z/2026-02-18T07:00:00Z,112233445566,2026-02-01T00:00:00Z,2026-03-01T00:00:00Z,AWS,223344556677,Usage,2026-02-18T06:00:00Z,2026-02-18T07:00:00Z,AmazonRDS,USWE-InstanceUsage:db.r5.large,CreateDBInstance:0002,,arn:aws:rds:us-west-2:223344556677:db:analytics-db,1.0,,,0.24,0.239956,0.24,0.239816,Hrs,0.24,0.24,Amazon Relational Database Service,db.r5.large,,,,us-west-2,AmazonRDS,35.78,31.05,23.86,62,2026-02-15T06:23:11Z,data-eng,prod,CC200,,,,,,,,,,,,,
145c5941722449119e8b488bcc429748,2026-02-18T15:00:00Z/2026-02-18T16:00:00Z,112233445566,2026-02-01T00:00:00Z,2026-03-01T00:00:00Z,AWS,223344556677,Usage,2026-02-18T15:00:00Z,2026-02-18T16:00:00Z,AmazonRDS,USWE-InstanceUsage:db.r5.large,CreateDBInstance:0002,,arn:aws:rds:us-west-2:223344556677:db:analytics-db,1.0,,,0.24,0.240012,0.24,0.239798,Hrs,0.24,0.24,Amazon Relational Database Service,db.r5.large,,,,us-west-2,AmazonRDS,25.89,41.3,29.63,32,2026-02-15T04:57:24Z,data-eng,prod,CC200,,,,,,,,,,,,,
658d5cb0d4fc475b89f3d69d750a7d7a,2026-02-19T00:00:00Z/2026-02-19T01:00:00Z,112233445566,2026-02-01T00:00:00Z,2026-03-01T00:00:00Z,AWS,223344556677,Usage,2026-02-19T00:00:00Z,2026-02-19T01:00:00Z,AmazonRDS,USWE-InstanceUsage:db.r5.large,CreateDBInstance:0002,,arn:aws:rds:us-west-2:223344556677:db:analytics-db,1.0,,,0.24,0.239964,0.24,0.240014,Hrs,0.24,0.24,Amazon Relational Database Service,db.r5.large,,,,us-west-2,AmazonRDS,37.67,45.22,33.07,37,2026-02-14T22:08:04Z,data-eng,prod,CC200,,,,,,,,,,,,,
b2ec5daa16a44b808f043067fb546a88,2026-02-19T09:00:00Z/2026-02-19T10:00:00Z,112233445566,2026-02-01T00:00:00Z,2026-03-01T00:00:00Z,AWS,223344556677,Usage,2026-02-19T09:00:00Z,2026-02-19T10:00:00Z,AmazonRDS,USWE-InstanceUsage:db.r5.large,CreateDBInstance:0002,,arn:aws:rds:us-west-2:223344556677:db:analytics-db,1.0,,,0.24,0.240153,0.24,0.239855,Hrs,0.24,0.24,Amazon Relational Database Service,db.r5.large,,,,us-west-2,AmazonRDS,40.11,34.3,20.99,14,2026-02-16T13:22:53Z,data-eng,prod,CC200,,,,,,,,,,,,,
8a710908ce26450f9da1eaf2d52dc2d7,2026-02-19T18:00:00Z/2026-02-19T19:00:00Z,112233445566,2026-02-01T00:00:00Z,2026-03-01T00:00:00Z,AWS,223344556677,Usage,2026-02-19T18:00:00Z,2026-02-19T19:00:00Z,AmazonRDS,USWE-InstanceUsage:db.r5.large,CreateDBInstance:0002,,arn:aws:rds:us-west-2:223344556677:db:analytics-db,1.0,,,0.24,0.24014,0.24,0.240078,Hrs,0.24,0.24,Amazon Relational Database Service,db.r5.large,,,,us-west-2,AmazonRDS,30.42,40.94,37.01,58,2026-02-15T12:47:12Z,data-eng,prod,CC200,,,,,,,,,,,,,
cbd16908565f4ad88997fc875bdb6e24,2026-02-20T03:00:00Z/2026-02-20T04:00:00Z,112233445566,2026-02-01T00:00:00Z,2026-03-01T00:00:00Z,AWS,223344556677,Usage,2026-02-20T03:00:00Z,2026-02-20T04:00:00Z,AmazonRDS,USWE-InstanceUsage:db.r5.large,CreateDBInstance:0002,,arn:aws:rds:us-west-2:223344556677:db:analytics-db,1.0,,,0.24,0.240131,0.24,0.239807,Hrs,0.24,0.24,Amazon Relational Database Service,db.r5.large,,,,us-west-2,AmazonRDS,32.18,30.41,32.98,34,2026-02-17T18:33:32Z,data-eng,prod,CC200,,,,,,,,,,,,,
f0d93b6b35ca4cc18007100b755b1c5f,2026-02-20T12:00:00Z/2026-02-20T13:00:00Z,112233445566,2026-02-01T00:00:00Z,2026-03-01T00:00:00Z,AWS,223344556677,Usage,2026-02-20T12:00:00Z,2026-02-20T13:00:00Z,AmazonRDS,USWE-InstanceUsage:db.r5.large,CreateDBInstance:0002,,arn:aws:rds:us-west-2:223344556677:db:analytics-db,1.0,,,0.24,0.239911,0.24,0.240157,Hrs,0.24,0.24,Amazon Relational Database Service,db.r5.large,,,,us-west-2,AmazonRDS,31.31,45.07,31.06,70,2026-02-18T00:42:33Z,data-eng,prod,CC200,,,,,,,,,,,,,
39cdb254ffc44d888dd15cd66ca00af7,2026-02-20T21:00:00Z/2026-02-20T22:00:00Z,112233445566,2026-02-01T00:00:00Z,2026-03-01T00:00:00Z,AWS,223344556677,Usage,2026-02-20T21:00:00Z,2026-02-20T22:00:00Z,AmazonRDS,USWE-InstanceUsage:db.r5.large,CreateDBInstance:0002,,arn:aws:rds:us-west-2:223344556677:db:analytics-db,1.0,,,0.24,0.239947,0.24,0.23998,Hrs,0.24,0.24,Amazon Relational Database Service,db.r5.large,,,,us-west-2,AmazonRDS,25.8,46.92,32.71,21,2026-02-18T22:21:58Z,data-eng,prod,CC200,,,,,,,,,,,,,
4048df66173e4498935c70170d50c95f,2026-02-21T06:00:00Z/2026-02-21T07:00:00Z,112233445566,2026-02-01T00:00:00Z,2026-03-01T00:00:00Z,AWS,223344556677,Usage,2026-02-21T06:00:00Z,2026-02-21T07:00:00Z,AmazonRDS,USWE-InstanceUsage:db.r5.large,CreateDBInstance:0002,,arn:aws:rds:us-west-2:223344556677:db:analytics-db,1.0,,,0.24,0.239785,0.24,0.240017,Hrs,0.24,0.24,Amazon Relational Database Service,db.r5.large,,,,us-west-2,AmazonRDS,32.15,33.48,35.39,19,2026-02-18T23:19:46Z,data-eng,prod,CC200,,,,,,,,,,,,,
6187b09bf7a544df99fc8c1041e60ba1,2026-02-21T15:00:00Z/2026-02-21T16:00:00Z,112233445566,2026-02-01T00:00:00Z,2026-03-01T00:00:00Z,AWS,223344556677,Usage,2026-02-21T15:00:00Z,2026-02-21T16:00:00Z,AmazonRDS,USWE-InstanceUsage:db.r5.large,CreateDBInstance:0002,,arn:aws:rds:us-west-2:223344556677:db:analytics-db,1.0,,,0.24,0.240182,0.24,0.239879,Hrs,0.24,0.24,Amazon Relational Database Service,db.r5.large,,,,us-west-2,AmazonRDS,34.43,31.89,28.63,64,2026-02-17T15:14:18Z,data-eng,prod,CC200,,,,,,,,,,,,,
05af6ae278524f6eb0c5bc50fda95155,2026-02-22T00:00:00Z/2026-02-22T01:00:00Z,112233445566,2026-02-01T00:00:00Z,2026-03-01T00:00:00Z,AWS,223344556677,Usage,2026-02-22T00:00:00Z,2026-02-22T01:00:00Z,AmazonRDS,USWE-InstanceUsage:db.r5.large,CreateDBInstance:0002,,arn:aws:rds:us-west-2:223344556677:db:analytics-db,1.0,,,0.24,0.239803,0.24,0.23989,Hrs,0.24,0.24,Amazon Relational Database Service,db.r5.large,,,,us-west-2,AmazonRDS,41.78,28.85,32.79,54,2026-02-18T15:10:24Z,data-eng,prod,CC200,,,,,,,,,,,,,
b14e62dd4a9a4402bc5012b92b8c8d6c,2026-02-22T09:00:00Z/2026-02-22T10:00:00Z,112233445566,2026-02-01T00:00:00Z,2026-03-01T00:00:00Z,AWS,223344556677,Usage,2026-02-22T09:00:00Z,2026-02-22T10:00:00Z,AmazonRDS,USWE-InstanceUsage:db.r5.large,CreateDBInstance:0002,,arn:aws:rds:us-west-2:223344556677:db:analytics-db,1.0,,,0.24,0.239925,0.24,0.240234,Hrs,0.24,0.24,Amazon Relational Database Service,db.r5.large,,,,us-west-2,AmazonRDS,22.55,49.69,35.02,27,2026-02-19T21:02:52Z,data-eng,prod,CC200,,,,,,,,,,,,,
d4c4439653b8401098bb1969f824fa0a,2026-02-22T18:00:00Z/2026-02-22T19:00:00Z,112233445566,2026-02-01T00:00:00Z,2026-03-01T00:00:00Z,AWS,223344556677,Usage,2026-02-22T18:00:00Z,2026-02-22T19:00:00Z,AmazonRDS,USWE-InstanceUsage:db.r5.large,CreateDBInstance:0002,,arn:aws:rds:us-west-2:223344556677:db:analytics-db,1.0,,,0.24,0.239952,0.24,0.239945,Hrs,0.24,0.24,Amazon Relational Database Service,db.r5.large,,,,us-west-2,AmazonRDS,32.96,31.14,22.14,17,2026-02-18T23:11:37Z,data-eng,prod,CC200,,,,,,,,,,,,,
84c404e8791240afa08e1d1c47fdc9d9,2026-02-23T03:00:00Z/2026-02-23T04:00:00Z,112233445566,2026-02-01T00:00:00Z,2026-03-01T00:00:00Z,AWS,223344556677,Usage,2026-02-23T03:00:00Z,2026-02-23T04:00:00Z,AmazonRDS,USWE-InstanceUsage:db.r5.large,CreateDBInstance:0002,,arn:aws:rds:us-west-2:223344556677:db:analytics-db,1.0,,,0.24,0.239894,0.24,0.240132,Hrs,0.24,0.24,Amazon Relational Database Service,db.r5.large,,,,us-west-2,AmazonRDS,34.39,35.41,27.92,53,2026-02-19T12:25:21Z,data-eng,prod,CC200,,,,,,,,,,,,,
9f7e094ba3c543e7a5ed582139e53141,2026-02-23T12:00:00Z/2026-02-23T13:00:00Z,112233445566,2026-02-01T00:00:00Z,2026-03-01T00:00:00Z,AWS,223344556677,Usage,2026-02-23T12:00:00Z,2026-02-23T13:00:00Z,AmazonRDS,USWE-InstanceUsage:db.r5.large,CreateDBInstance:0002,,arn:aws:rds:us-west-2:223344556677:db:analytics-db,1.0,,,0.24,0.240102,0.24,0.239975,Hrs,0.24,0.24,Amazon Relational Database Service,db.r5.large,,,,us-west-2,AmazonRDS,40.43,41.22,36.76,49,2026-02-22T04:42:20Z,data-eng,prod,CC200,,,,,,,,,,,,,
1a77784c862945679112b47165a68832,2026-02-23T21:00:00Z/2026-02-23T22:00:00Z,112233445566,2026-02-01T00:00:00Z,2026-03-01T00:00:00Z,AWS,223344556677,Usage,2026-02-23T21:00:00Z,2026-02-23T22:00:00Z,AmazonRDS,USWE-InstanceUsage:db.r5.large,CreateDBInstance:0002,,arn:aws:rds:us-west-2:223344556677:db:analytics-db,1.0,,,0.24,0.240186,0.24,0.239943,Hrs,0.24,0.24,Amazon Relational Database Service,db.r5.large,,,,us-west-2,AmazonRDS,38.9,43.66,25.86,39,2026-02-21T07:09:44Z,data-eng,prod,CC200,,,,,,,,,,,,,
20d4a2bb6c454409a5e607e26eac5d99,2026-02-24T06:00:00Z/2026-02-24T07:00:00Z,112233445566,2026-02-01T00:00:00Z,2026-03-01T00:00:00Z,AWS,223344556677,Usage,2026-02-24T06:00:00Z,2026-02-24T07:00:00Z,AmazonRDS,USWE-InstanceUsage:db.r5.large,CreateDBInstance:0002,,arn:aws:rds:us-west-2:223344556677:db:analytics-db,1.0,,,0.24,0.239848,0.24,0.239961,Hrs,0.24,0.24,Amazon Relational Database Service,db.r5.large,,,,us-west-2,AmazonRDS,29.9,47.14,37.31,54,2026-02-22T12:21:46Z,data-eng,prod,CC200,,,,,,,,,,,,,
9fc00f4f64bd4ff7843662c631eb8972,2026-02-24T15:00:00Z/2026-02-24T16:00:00Z,112233445566,2026-02-01T00:00:00Z,2026-03-01T00:00:00Z,AWS,223344556677,Usage,2026-02-24T15:00:00Z,2026-02-24T16:00:00Z,AmazonRDS,USWE-InstanceUsage:db.r5.large,CreateDBInstance:0002,,arn:aws:rds:us-west-2:223344556677:db:analytics-db,1.0,,,0.24,0.23987,0.24,0.240009,Hrs,0.24,0.24,Amazon Relational Database Service,db.r5.large,,,,us-west-2,AmazonRDS,33.68,41.97,24.88,37,2026-02-21T15:08:38Z,data-eng,prod,CC200,,,,,,,,,,,,,
8ff20d6958444ff7880462ae7d59e0fd,2026-02-25T00:00:00Z/2026-02-25T01:00:00Z,112233445566,2026-02-01T00:00:00Z,2026-03-01T00:00:00Z,AWS,223344556677,Usage,2026-02-25T00:00:00Z,2026-02-25T01:00:00Z,AmazonRDS,USWE-InstanceUsage:db.r5.large,CreateDBInstance:0002,,arn:aws:rds:us-west-2:223344556677:db:analytics-db,1.0,,,0.24,0.240098,0.24,0.240067,Hrs,0.24,0.24,Amazon Relational Database Service,db.r5.large,,,,us-west-2,AmazonRDS,27.89,45.16,32.87,57,2026-02-22T22:08:32Z,data-eng,prod,CC200,,,,,,,,,,,,,
1182f656465043baa1f3061634e786cb,2026-02-25T09:00:00Z/2026-02-25T10:00:00Z,112233445566,2026-02-01T00:00:00Z,2026-03-01T00:00:00Z,AWS,223344556677,Usage,2026-02-25T09:00:00Z,2026-02-25T10:00:00Z,AmazonRDS,USWE-InstanceUsage:db.r5.large,CreateDBInstance:0002,,arn:aws:rds:us-west-2:223344556677:db:analytics-db,1.0,,,0.24,0.239789,0.24,0.24015,Hrs,0.24,0.24,Amazon Relational Database Service,db.r5.large,,,,us-west-2,AmazonRDS,25.92,47.38,34.09,13,2026-02-22T05:39:51Z,data-eng,prod,CC200,,,,,,,,,,,,,
3badb7168e1d422895c696baad9c5e39,2026-02-25T18:00:00Z/2026-02-25T19:00:00Z,112233445566,2026-02-01T00:00:00Z,2026-03-01T00:00:00Z,AWS,223344556677,Usage,2026-02-25T18:00:00Z,2026-02-25T19:00:00Z,AmazonRDS,USWE-InstanceUsage:db.r5.large,CreateDBInstance:0002,,arn:aws:rds:us-west-2:223344556677:db:analytics-db,1.0,,,0.24,0.240049,0.24,0.240138,Hrs,0.24,0.24,Amazon Relational Database Service,db.r5.large,,,,us-west-2,AmazonRDS,32.22,28.25,34.81,63,2026-02-24T00:02:51Z,data-eng,prod,CC200,,,,,,,,,,,,,
c350e03aab1d46929d964a7988701745,2026-02-26T03:00:00Z/2026-02-26T04:00:00Z,112233445566,2026-02-01T00:00:00Z,2026-03-01T00:00:00Z,AWS,223344556677,Usage,2026-02-26T03:00:00Z,2026-02-26T04:00:00Z,AmazonRDS,USWE-InstanceUsage:db.r5.large,CreateDBInstance:0002,,arn:aws:rds:us-west-2:223344556677:db:analytics-db,1.0,,,0.24,0.240176,0.24,0.240058,Hrs,0.24,0.24,Amazon Relational Database Service,db.r5.large,,,,us-west-2,AmazonRDS,37.34,51.96,26.92,26,2026-02-23T18:07:52Z,data-eng,prod,CC200,,,,,,,,,,,,,
088f6296bfe14c07a910f7cb22493166,2026-02-26T12:00:00Z/2026-02-26T13:00:00Z,112233445566,2026-02-01T00:00:00Z,2026-03-01T00:00:00Z,AWS,223344556677,Usage,2026-02-26T12:00:00Z,2026-02-26T13:00:00Z,AmazonRDS,USWE-InstanceUsage:db.r5.large,CreateDBInstance:0002,,arn:aws:rds:us-west-2:223344556677:db:analytics-db,1.0,,,0.24,0.240191,0.24,0.240173,Hrs,0.24,0.24,Amazon Relational Database Service,db.r5.large,,,,us-west-2,AmazonRDS,33.62,28.16,38.83,32,2026-02-24T09:23:20Z,data-eng,prod,CC200,,,,,,,,,,,,,
ec402268008f46b6b670541c5b00a15f,2026-02-26T21:00:00Z/2026-02-26T22:00:00Z,112233445566,2026-02-01T00:00:00Z,2026-03-01T00:00:00Z,AWS,223344556677,Usage,2026-02-26T21:00:00Z,2026-02-26T22:00:00Z,AmazonRDS,USWE-InstanceUsage:db.r5.large,CreateDBInstance:0002,,arn:aws:rds:us-west-2:223344556677:db:analytics-db,1.0,,,0.24,0.240077,0.24,0.239901,Hrs,0.24,0.24,Amazon Relational Database Service,db.r5.large,,,,us-west-2,AmazonRDS,28.76,36.44,39.73,61,2026-02-24T03:09:34Z,data-eng,prod,CC200,,,,,,,,,,,,,
6a3fb852d94a4b8c999ea73b7abc6dca,2026-02-27T06:00:00Z/2026-02-27T07:00:00Z,112233445566,2026-02-01T00:00:00Z,2026-03-01T00:00:00Z,AWS,223344556677,Usage,2026-02-27T06:00:00Z,2026-02-27T07:00:00Z,AmazonRDS,USWE-InstanceUsage:db.r5.large,CreateDBInstance:0002,,arn:aws:rds:us-west-2:223344556677:db:analytics-db,1.0,,,0.24,0.239918,0.24,0.239992,Hrs,0.24,0.24,Amazon Relational Database Service,db.r5.large,,,,us-west-2,AmazonRDS,27.84,34.06,36.5,13,2026-02-25T06:02:22Z,data-eng,prod,CC200,,,,,,,,,,,,,
b57bef7129c442f4a6a4222223cedb9a,2026-02-27T15:00:00Z/2026-02-27T16:00:00Z,112233445566,2026-02-01T00:00:00Z,2026-03-01T00:00:00Z,AWS,223344556677,Usage,2026-02-27T15:00:00Z,2026-02-27T16:00:00Z,AmazonRDS,USWE-InstanceUsage:db.r5.large,CreateDBInstance:0002,,arn:aws:rds:us-west-2:223344556677:db:analytics-db,1.0,,,0.24,0.239896,0.24,0.240135,Hrs,0.24,0.24,Amazon Relational Database Service,db.r5.large,,,,us-west-2,AmazonRDS,41.67,49.76,32.41,63,2026-02-23T12:51:31Z,data-eng,prod,CC200,,,,,,,,,,,,,
e0171accbc304cf2ae252dca69215f01,2026-02-01T00:00:00Z/2026-02-01T01:00:00Z,112233445566,2026-02-01T00:00:00Z,2026-03-01T00:00:00Z,AWS,334455667788,Usage,2026-02-01T00:00:00Z,2026-02-01T01:00:00Z,AmazonRDS,USEA-InstanceUsage:db.m5.large,CreateDBInstance:0002,,arn:aws:rds:us-east-1:334455667788:db:app-db,1.0,,,0.171,0.170873,0.171,0.171011,Hrs,0.171,0.171,Amazon Relational Database Service,db.m5.large,,,,us-east-1,AmazonRDS,34.51,29.57,24.67,13,2026-01-30T00:26:03Z,backend,prod,CC400,,,,,,,,,,,,,
b1ef9ad7c1624086b1d9ddbe31dade98,2026-02-01T09:00:00Z/2026-02-01T10:00:00Z,112233445566,2026-02-01T00:00:00Z,2026-03-01T00:00:00Z,AWS,334455667788,Usage,2026-02-01T09:00:00Z,2026-02-01T10:00:00Z,AmazonRDS,USEA-InstanceUsage:db.m5.large,CreateDBInstance:0002,,arn:aws:rds:us-east-1:334455667788:db:app-db,1.0,,,0.171,0.170961,0.171,0.170927,Hrs,0.171,0.171,Amazon Relational Database Service,db.m5.large,,,,us-east-1,AmazonRDS,28.18,33.93,39.82,67,2026-01-29T08:41:25Z,backend,prod,CC400,,,,,,,,,,,,,
5e6a1f72d1804f07ac5454916ae166d6,2026-02-01T18:00:00Z/2026-02-01T19:00:00Z,112233445566,2026-02-01T00:00:00Z,2026-03-01T00:00:00Z,AWS,334455667788,Usage,2026-02-01T18:00:00Z,2026-02-01T19:00:00Z,AmazonRDS,USEA-InstanceUsage:db.m5.large,CreateDBInstance:0002,,arn:aws:rds:us-east-1:334455667788:db:app-db,1.0,,,0.171,0.170924,0.171,0.170975,Hrs,0.171,0.171,Amazon Relational Database Service,db.m5.large,,,,us-east-1,AmazonRDS,37.89,40.29,36.62,60,2026-01-30T06:27:22Z,backend,prod,CC400,,,,,,,,,,,,,
2e8069f52adc47a8beb522d34beb37ba,2026-02-02T03:00:00Z/2026-02-02T04:00:00Z,112233445566,2026-02-01T00:00:00Z,2026-03-01T00:00:00Z,AWS,334455667788,Usage,2026-02-02T03:00:00Z,2026-02-02T04:00:00Z,AmazonRDS,USEA-InstanceUsage:db.m5.large,CreateDBInstance:0002,,arn:aws:rds:us-east-1:334455667788:db:app-db,1.0,,,0.171,0.171057,0.171,0.171077,Hrs,0.171,0.171,Amazon Relational Database Service,db.m5.large,,,,us-east-1,AmazonRDS,32.3,30.29,28.69,29,2026-01-29T17:09:57Z,backend,prod,CC400,,,,,,,,,,,,,
fe117effeb694a11be179e0c2bc62f46,2026-02-02T12:00:00Z/2026-02-02T13:00:00Z,112233445566,2026-02-01T00:00:00Z,2026-03-01T00:00:00Z,AWS,334455667788,Usage,2026-02-02T12:00:00Z,2026-02-02T13:00:00Z,AmazonRDS,USEA-InstanceUsage:db.m5.large,CreateDBInstance:0002,,arn:aws:rds:us-east-1:334455667788:db:app-db,1.0,,,0.171,0.171078,0.171,0.170863,Hrs,0.171,0.171,Amazon Relational Database Service,db.m5.large,,,,us-east-1,AmazonRDS,40.21,31.66,31.46,33,2026-01-30T18:43:45Z,backend,prod,CC400,,,,,,,,,,,,,
403064a61a954d4aa063ce8f1b33b7a7,2026-02-02T21:00:00Z/2026-02-02T22:00:00Z,112233445566,2026-02-01T00:00:00Z,2026-03-01T00:00:00Z,AWS,334455667788,Usage,2026-02-02T21:00:00Z,2026-02-02T22:00:00Z,AmazonRDS,USEA-InstanceUsage:db.m5.large,CreateDBInstance:0002,,arn:aws:rds:us-east-1:334455667788:db:app-db,1.0,,,0.171,0.171105,0.171,0.171027,Hrs,0.171,0.171,Amazon Relational Database Service,db.m5.large,,,,us-east-1,AmazonRDS,30.2,51.11,38.92,53,2026-01-30T11:58:42Z,backend,prod,CC400,,,,,,,,,,,,,
f18bcf1bdc71459d80d2077078908879,2026-02-03T06:00:00Z/2026-02-03T07:00:00Z,112233445566,2026-02-01T00:00:00Z,2026-03-01T00:00:00Z,AWS,334455667788,Usage,2026-02-03T06:00:00Z,2026-02-03T07:00:00Z,AmazonRDS,USEA-InstanceUsage:db.m5.large,CreateDBInstance:0002,,arn:aws:rds:us-east-1:334455667788:db:app-db,1.0,,,0.171,0.171026,0.171,0.170938,Hrs,0.171,0.171,Amazon Relational Database Service,db.m5.large,,,,us-east-1,AmazonRDS,22.4,37.74,36.42,23,2026-02-01T19:01:08Z,backend,prod,CC400,,,,,,,,,,,,,
f0d60c2c23da40fa93f516d3d9fcdb84,2026-02-03T15:00:00Z/2026-02-03T16:00:00Z,112233445566,2026-02-01T00:00:00Z,2026-03-01T00:00:00Z,AWS,334455667788,Usage,2026-02-03T15:00:00Z,2026-02-03T16:00:00Z,AmazonRDS,USEA-InstanceUsage:db.m5.large,CreateDBInstance:0002,,arn:aws:rds:us-east-1:334455667788:db:app-db,1.0,,,0.171,0.171131,0.171,0.171014,Hrs,0.171,0.171,Amazon Relational Database Service,db.m5.large,,,,us-east-1,AmazonRDS,31.84,42.88,24.44,38,2026-02-01T03:55:40Z,backend,prod,CC400,,,,,,,,,,,,,
2642e4f730f941fca69f2bca2df27c9d,2026-02-04T00:00:00Z/2026-02-04T01:00:00Z,112233445566,2026-02-01T00:00:00Z,2026-03-01T00:00:00Z,AWS,334455667788,Usage,2026-02-04T00:00:00Z,2026-02-04T01:00:00Z,AmazonRDS,USEA-InstanceUsage:db.m5.large,CreateDBInstance:0002,,arn:aws:rds:us-east-1:334455667788:db:app-db,1.0,,,0.171,0.170885,0.171,0.170832,Hrs,0.171,0.171,Amazon Relational Database Service,db.m5.large,,,,us-east-1,AmazonRDS,38.12,37.96,20.55,24,2026-01-31T22:19:10Z,backend,prod,CC400,,,,,,,,,,,,,
e9fad5e1ba764056a6e7b691dd8098da,2026-02-04T09:00:00Z/2026-02-04T10:00:00Z,112233445566,2026-02-01T00:00:00Z,2026-03-01T00:00:00Z,AWS,334455667788,Usage,2026-02-04T09:00:00Z,2026-02-04T10:00:00Z,AmazonRDS,USEA-InstanceUsage:db.m5.large,CreateDBInstance:0002,,arn:aws:rds:us-east-1:334455667788:db:app-db,1.0,,,0.171,0.17101,0.171,0.170896,Hrs,0.171,0.171,Amazon Relational Database Service,db.m5.large,,,,us-east-1,AmazonRDS,32.96,38.67,36.27,35,2026-01-31T00:57:44Z,backend,prod,CC400,,,,,,,,,,,,,
b6793273247e4fa3aaed63ea17a9c2f7,2026-02-04T18:00:00Z/2026-02-04T19:00:00Z,112233445566,2026-02-01T00:00:00Z,2026-03-01T00:00:00Z,AWS,334455667788,Usage,2026-02-04T18:00:00Z,2026-02-04T19:00:00Z,AmazonRDS,USEA-InstanceUsage:db.m5.large,CreateDBInstance:0002,,arn:aws:rds:us-east-1:334455667788:db:app-db,1.0,,,0.171,0.170963,0.171,0.17109,Hrs,0.171,0.171,Amazon Relational Database Service,db.m5.large,,,,us-east-1,AmazonRDS,31.55,29.77,18.3,47,2026-02-01T02:50:11Z,backend,prod,CC400,,,,,,,,,,,,,
7c333ad0ce83408197ae1b449dccdd89,2026-02-05T03:00:00Z/2026-02-05T04:00:00Z,112233445566,2026-02-01T00:00:00Z,2026-03-01T00:00:00Z,AWS,334455667788,Usage,2026-02-05T03:00:00Z,2026-02-05T04:00:00Z,AmazonRDS,USEA-InstanceUsage:db.m5.large,CreateDBInstance:0002,,arn:aws:rds:us-east-1:334455667788:db:app-db,1.0,,,0.171,0.171009,0.171,0.170914,Hrs,0.171,0.171,Amazon Relational Database Service,db.m5.large,,,,us-east-1,AmazonRDS,28.9,31.75,37.95,19,2026-02-03T01:08:43Z,backend,prod,CC400,,,,,,,,,,,,,
d5b01ee46f664a14a87c90538759e786,2026-02-05T12:00:00Z/2026-02-05T13:00:00Z,112233445566,2026-02-01T00:00:00Z,2026-03-01T00:00:00Z,AWS,334455667788,Usage,2026-02-05T12:00:00Z,2026-02-05T13:00:00Z,AmazonRDS,USEA-InstanceUsage:db.m5.large,CreateDBInstance:0002,,arn:aws:rds:us-east-1:334455667788:db:app-db,1.0,,,0.171,0.171046,0.171,0.170902,Hrs,0.171,0.171,Amazon Relational Database Service,db.m5.large,,,,us-east-1,AmazonRDS,36.83,31.62,33.44,18,2026-02-01T18:50:05Z,backend,prod,CC400,,,,,,,,,,,,,
808f82c8308f4dfc81bc2345aa9cd2ae,2026-02-05T21:00:00Z/2026-02-05T22:00:00Z,112233445566,2026-02-01T00:00:00Z,2026-03-01T00:00:00Z,AWS,334455667788,Usage,2026-02-05T21:00:00Z,2026-02-05T22:00:00Z,AmazonRDS,USEA-InstanceUsage:db.m5.large,CreateDBInstance:0002,,arn:aws:rds:us-east-1:334455667788:db:app-db,1.0,,,0.171,0.171087,0.171,0.171108,Hrs,0.171,0.171,Amazon Relational Database Service,db.m5.large,,,,us-east-1,AmazonRDS,33.95,37.03,30.26,59,2026-02-04T05:53:59Z,backend,prod,CC400,,,,,,,,,,,,,
63bb686d7635407e80a2c3fae9ddebc9,2026-02-06T06:00:00Z/2026-02-06T07:00:00Z,112233445566,2026-02-01T00:00:00Z,2026-03-01T00:00:00Z,AWS,334455667788,Usage,2026-02-06T06:00:00Z,2026-02-06T07:00:00Z,AmazonRDS,USEA-InstanceUsage:db.m5.large,CreateDBInstance:0002,,arn:aws:rds:us-east-1:334455667788:db:app-db,1.0,,,0.171,0.170838,0.171,0.171008,Hrs,0.171,0.171,Amazon Relational Database Service,db.m5.large,,,,us-east-1,AmazonRDS,29.36,29.92,20.5,35,2026-02-02T16:28:55Z,backend,prod,CC400,,,,,,,,,,,,,
901768902f624556b24eee5795f31434,2026-02-06T15:00:00Z/2026-02-06T16:00:00Z,112233445566,2026-02-01T00:00:00Z,2026-03-01T00:00:00Z,AWS,334455667788,Usage,2026-02-06T15:00:00Z,2026-02-06T16:00:00Z,AmazonRDS,USEA-InstanceUsage:db.m5.large,CreateDBInstance:0002,,arn:aws:rds:us-east-1:334455667788:db:app-db,1.0,,,0.171,0.171102,0.171,0.170842,Hrs,0.171,0.171,Amazon Relational Database Service,db.m5.large,,,,us-east-1,AmazonRDS,32.6,40.9,36.94,63,2026-02-05T02:45:03Z,backend,prod,CC400,,,,,,,,,,,,,
c68487b3dbd64387879ffb0c56994299,2026-02-07T00:00:00Z/2026-02-07T01:00:00Z,112233445566,2026-02-01T00:00:00Z,2026-03-01T00:00:00Z,AWS,334455667788,Usage,2026-02-07T00:00:00Z,2026-02-07T01:00:00Z,AmazonRDS,USEA-InstanceUsage:db.m5.large,CreateDBInstance:0002,,arn:aws:rds:us-east-1:334455667788:db:app-db,1.0,,,0.171,0.171106,0.171,0.170973,Hrs,0.171,0.171,Amazon Relational Database Service,db.m5.large,,,,us-east-1,AmazonRDS,29.08,30.76,32.62,24,2026-02-04T10:39:58Z,backend,prod,CC400,,,,,,,,,,,,,
acf5a688da1e484cad9962c9e150c405,2026-02-07T09:00:00Z/2026-02-07T10:00:00Z,112233445566,2026-02-01T00:00:00Z,2026-03-01T00:00:00Z,AWS,334455667788,Usage,2026-02-07T09:00:00Z,2026-02-07T10:00:00Z,AmazonRDS,USEA-InstanceUsage:db.m5.large,CreateDBInstance:0002,,arn:aws:rds:us-east-1:334455667788:db:app-db,1.0,,,0.171,0.170928,0.171,0.170921,Hrs,0.171,0.171,Amazon Relational Database Service,db.m5.large,,,,us-east-1,AmazonRDS,27.18,29.33,36.99,15,2026-02-03T16:26:53Z,backend,prod,CC400,,,,,,,,,,,,,
20de57ee02774d3ca99751fa6a60bc1d,2026-02-07T18:00:00Z/2026-02-07T19:00:00Z,112233445566,2026-02-01T00:00:00Z,2026-03-01T00:00:00Z,AWS,334455667788,Usage,2026-02-07T18:00:00Z,2026-02-07T19:00:00Z,AmazonRDS,USEA-InstanceUsage:db.m5.large,CreateDBInstance:0002,,arn:aws:rds:us-east-1:334455667788:db:app-db,1.0,,,0.171,0.1711,0.171,0.170864,Hrs,0.171,0.171,Amazon Relational Database Service,db.m5.large,,,,us-east-1,AmazonRDS,23.19,29.23,27.09,57,2026-02-05T13:49:12Z,backend,prod,CC400,,,,,,,,,,,,,
03a2f63f92624bd09e939a6d3d2cd4fd,2026-02-08T03:00:00Z/2026-02-08T04:00:00Z,112233445566,2026-02-01T00:00:00Z,2026-03-01T00:00:00Z,AWS,334455667788,Usage,2026-02-08T03:00:00Z,2026-02-08T04:00:00Z,AmazonRDS,USEA-InstanceUsage:db.m5.large,CreateDBInstance:0002,,arn:aws:rds:us-east-1:334455667788:db:app-db,1.0,,,0.171,0.171125,0.171,0.171137,Hrs,0.171,0.171,Amazon Relational Database Service,db.m5.large,,,,us-east-1,AmazonRDS,30.82,35.91,22.53,29,2026-02-06T02:12:04Z,backend,prod,CC400,,,,,,,,,,,,,
0c8ac9a860fb4fccbbfaeccca246560f,2026-02-08T12:00:00Z/2026-02-08T13:00:00Z,112233445566,2026-02-01T00:00:00Z,2026-03-01T00:00:00Z,AWS,334455667788,Usage,2026-02-08T12:00:00Z,2026-02-08T13:00:00Z,AmazonRDS,USEA-InstanceUsage:db.m5.large,CreateDBInstance:0002,,arn:aws:rds:us-east-1:334455667788:db:app-db,1.0,,,0.171,0.171139,0.171,0.171134,Hrs,0.171,0.171,Amazon Relational Database Service,db.m5.large,,,,us-east-1,AmazonRDS,31.73,36.66,28.32,34,2026-02-05T10:45:54Z,backend,prod,CC400,,,,,,,,,,,,,
4584e3fc70c849c08ad656eacd0003b4,2026-02-08T21:00:00Z/2026-02-08T22:00:00Z,112233445566,2026-02-01T00:00:00Z,2026-03-01T00:00:00Z,AWS,334455667788,Usage,2026-02-08T21:00:00Z,2026-02-08T22:00:00Z,AmazonRDS,USEA-InstanceUsage:db.m5.large,CreateDBInstance:0002,,arn:aws:rds:us-east-1:334455667788:db:app-db,1.0,,,0.171,0.170924,0.171,0.171075,Hrs,0.171,0.171,Amazon Relational Database Service,db.m5.large,,,,us-east-1,AmazonRDS,31.7,42.7,39.24,27,2026-02-05T19:54:16Z,backend,prod,CC400,,,,,,,,,,,,,
41b77fdf0b0b4223832528a531cd2710,2026-02-09T06:00:00Z/2026-02-09T07:00:00Z,112233445566,2026-02-01T00:00:00Z,2026-03-01T00:00:00Z,AWS,334455667788,Usage,2026-02-09T06:00:00Z,2026-02-09T07:00:00Z,AmazonRDS,USEA-InstanceUsage:db.m5.large,CreateDBInstance:0002,,arn:aws:rds:us-east-1:334455667788:db:app-db,1.0,,,0.171,0.170854,0.171,0.171156,Hrs,0.171,0.171,Amazon Relational Database Service,db.m5.large,,,,us-east-1,AmazonRDS,31.01,32.12,37.07,70,2026-02-07T03:06:19Z,backend,prod,CC400,,,,,,,,,,,,,
97a5a5c906434fc8838fdd2cba0dee52,2026-02-09T15:00:00Z/2026-02-09T16:00:00Z,112233445566,2026-02-01T00:00:00Z,2026-03-01T00:00:00Z,AWS,334455667788,Usage,2026-02-09T15:00:00Z,2026-02-09T16:00:00Z,AmazonRDS,USEA-InstanceUsage:db.m5.large,CreateDBInstance:0002,,arn:aws:rds:us-east-1:334455667788:db:app-db,1.0,,,0.171,0.170831,0.171,0.171122,Hrs,0.171,0.171,Amazon Relational Database Service,db.m5.large,,,,us-east-1,AmazonRDS,39.36,36.67,20.96,33,2026-02-05T09:22:08Z,backend,prod,CC400,,,,,,,,,,,,,
6885c96187584481b25a22c0aebacd0d,2026-02-10T00:00:00Z/2026-02-10T01:00:00Z,112233445566,2026-02-01T00:00:00Z,2026-03-01T00:00:00Z,AWS,334455667788,Usage,2026-02-10T00:00:00Z,2026-02-10T01:00:00Z,AmazonRDS,USEA-InstanceUsage:db.m5.large,CreateDBInstance:0002,,arn:aws:rds:us-east-1:334455667788:db:app-db,1.0,,,0.171,0.170875,0.171,0.171146,Hrs,0.171,0.171,Amazon Relational Database Service,db.m5.large,,,,us-east-1,AmazonRDS,32.42,28.03,34.51,66,2026-02-05T19:00:08Z,backend,prod,CC400,,,,,,,,,,,,,
bd3239493ea14fa7813f7704668aefd6,2026-02-10T09:00:00Z/2026-02-10T10:00:00Z,112233445566,2026-02-01T00:00:00Z,2026-03-01T00:00:00Z,AWS,334455667788,Usage,2026-02-10T09:00:00Z,2026-02-10T10:00:00Z,AmazonRDS,USEA-InstanceUsage:db.m5.large,CreateDBInstance:0002,,arn:aws:rds:us-east-1:334455667788:db:app-db,1.0,,,0.171,0.170926,0.171,0.171054,Hrs,0.171,0.171,Amazon Relational Database Service,db.m5.large,,,,us-east-1,AmazonRDS,38.79,50.73,38.19,47,2026-02-07T21:48:20Z,backend,prod,CC400,,,,,,,,,,,,,
906b0edb8b4347f68b90f83470ff8090,2026-02-10T18:00:00Z/2026-02-10T19:00:00Z,112233445566,2026-02-01T00:00:00Z,2026-03-01T00:00:00Z,AWS,334455667788,Usage,2026-02-10T18:00:00Z,2026-02-10T19:00:00Z,AmazonRDS,USEA-InstanceUsage:db.m5.large,CreateDBInstance:0002,,arn:aws:rds:us-east-1:334455667788:db:app-db,1.0,,,0.171,0.170857,0.171,0.170914,Hrs,0.171,0.171,Amazon Relational Database Service,db.m5.large,,,,us-east-1,AmazonRDS,35.83,29.08,31.43,51,2026-02-08T11:25:20Z,backend,prod,CC400,,,,,,,,,,,,,
be5b8c8393c8468b955d3007d0a9adcc,2026-02-11T03:00:00Z/2026-02-11T04:00:00Z,112233445566,2026-02-01T00:00:00Z,2026-03-01T00:00:00Z,AWS,334455667788,Usage,2026-02-11T03:00:00Z,2026-02-11T04:00:00Z,AmazonRDS,USEA-InstanceUsage:db.m5.large,CreateDBInstance:0002,,arn:aws:rds:us-east-1:334455667788:db:app-db,1.0,,,0.171,0.170854,0.171,0.171082,Hrs,0.171,0.171,Amazon Relational Database Service,db.m5.large,,,,us-east-1,AmazonRDS,35.7,31.23,41.81,67,2026-02-07T05:38:02Z,backend,prod,CC400,,,,,,,,,,,,,
10c26f0606cb4127bc660f9839c9e811,2026-02-11T12:00:00Z/2026-02-11T13:00:00Z,112233445566,2026-02-01T00:00:00Z,2026-03-01T00:00:00Z,AWS,334455667788,Usage,2026-02-11T12:00:00Z,2026-02-11T13:00:00Z,AmazonRDS,USEA-InstanceUsage:db.m5.large,CreateDBInstance:0002,,arn:aws:rds:us-east-1:334455667788:db:app-db,1.0,,,0.171,0.170986,0.171,0.171098,Hrs,0.171,0.171,Amazon Relational Database Service,db.m5.large,,,,us-east-1,AmazonRDS,31.81,40.54,26.2,29,2026-02-07T16:14:25Z,backend,prod,CC400,,,,,,,,,,,,,
5706999fc1f14fa8b23288eb06a08e24,2026-02-11T21:00:00Z/2026-02-11T22:00:00Z,112233445566,2026-02-01T00:00:00Z,2026-03-01T00:00:00Z,AWS,334455667788,Usage,2026-02-11T21:00:00Z,2026-02-11T22:00:00Z,AmazonRDS,USEA-InstanceUsage:db.m5.large,CreateDBInstance:0002,,arn:aws:rds:us-east-1:334455667788:db:app-db,1.0,,,0.171,0.171068,0.171,0.170954,Hrs,0.171,0.171,Amazon Relational Database Service,db.m5.large,,,,us-east-1,AmazonRDS,23.05,31.28,35.58,29,2026-02-10T09:02:38Z,backend,prod,CC400,,,,,,,,,,,,,
b7a2881386d04533a5ea84d669a636af,2026-02-12T06:00:00Z/2026-02-12T07:00:00Z,112233445566,2026-02-01T00:00:00Z,2026-03-01T00:00:00Z,AWS,334455667788,Usage,2026-02-12T06:00:00Z,2026-02-12T07:00:00Z,AmazonRDS,USEA-InstanceUsage:db.m5.large,CreateDBInstance:0002,,arn:aws:rds:us-east-1:334455667788:db:app-db,1.0,,,0.171,0.170942,0.171,0.171093,Hrs,0.171,0.171,Amazon Relational Database Service,db.m5.large,,,,us-east-1,AmazonRDS,34.25,38.41,23.7,57,2026-02-08T00:36:08Z,backend,prod,CC400,,,,,,,,,,,,,
090d1987cdd549f4a2172c6322cb2fd7,2026-02-12T15:00:00Z/2026-02-12T16:00:00Z,112233445566,2026-02-01T00:00:00Z,2026-03-01T00:00:00Z,AWS,334455667788,Usage,2026-02-12T15:00:00Z,2026-02-12T16:00:00Z,AmazonRDS,USEA-InstanceUsage:db.m5.large,CreateDBInstance:0002,,arn:aws:rds:us-east-1:334455667788:db:app-db,1.0,,,0.171,0.171141,0.171,0.170995,Hrs,0.171,0.171,Amazon Relational Database Service,db.m5.large,,,,us-east-1,AmazonRDS,25.03,30.57,33.03,64,2026-02-08T11:15:02Z,backend,prod,CC400,,,,,,,,,,,,,
0e786ec9642d412cbbd15c16798ca43c,2026-02-13T00:00:00Z/2026-02-13T01:00:00Z,112233445566,2026-02-01T00:00:00Z,2026-03-01T00:00:00Z,AWS,334455667788,Usage,2026-02-13T00:00:00Z,2026-02-13T01:00:00Z,AmazonRDS,USEA-InstanceUsage:db.m5.large,CreateDBInstance:0002,,arn:aws:rds:us-east-1:334455667788:db:app-db,1.0,,,0.171,0.171046,0.171,0.171091,Hrs,0.171,0.171,Amazon Relational Database Service,db.m5.large,,,,us-east-1,AmazonRDS,31.53,45.43,21.46,44,2026-02-11T13:27:50Z,backend,prod,CC400,,,,,,,,,,,,,
c087e04a92964073afe6ec1cf7e2f48d,2026-02-13T09:00:00Z/2026-02-13T10:00:00Z,112233445566,2026-02-01T00:00:00Z,2026-03-01T00:00:00Z,AWS,334455667788,Usage,2026-02-13T09:00:00Z,2026-02-13T10:00:00Z,AmazonRDS,USEA-InstanceUsage:db.m5.large,CreateDBInstance:0002,,arn:aws:rds:us-east-1:334455667788:db:app-db,1.0,,,0.171,0.17086,0.171,0.171051,Hrs,0.171,0.171,Amazon Relational Database Service,db.m5.large,,,,us-east-1,AmazonRDS,39.13,51.19,36.86,25,2026-02-10T05:04:50Z,backend,prod,CC400,,,,,,,,,,,,,
83a3ba22ccd44f29bda790a7eb5c6c1e,2026-02-13T18:00:00Z/2026-02-13T19:00:00Z,112233445566,2026-02-01T00:00:00Z,2026-03-01T00:00:00Z,AWS,334455667788,Usage,2026-02-13T18:00:00Z,2026-02-13T19:00:00Z,AmazonRDS,USEA-InstanceUsage:db.m5.large,CreateDBInstance:0002,,arn:aws:rds:us-east-1:334455667788:db:app-db,1.0,,,0.171,0.171125,0.171,0.171123,Hrs,0.171,0.171,Amazon Relational Database Service,db.m5.large,,,,us-east-1,AmazonRDS,41.04,44.41,19.86,51,2026-02-12T04:43:15Z,backend,prod,CC400,,,,,,,,,,,,,
2f12b3cfbea14c80abf90d8a069d70d0,2026-02-14T03:00:00Z/2026-02-14T04:00:00Z,112233445566,2026-02-01T00:00:00Z,2026-03-01T00:00:00Z,AWS,334455667788,Usage,2026-02-14T03:00:00Z,2026-02-14T04:00:00Z,AmazonRDS,USEA-InstanceUsage:db.m5.large,CreateDBInstance:0002,,arn:aws:rds:us-east-1:334455667788:db:app-db,1.0,,,0.171,0.171054,0.171,0.170993,Hrs,0.171,0.171,Amazon Relational Database Service,db.m5.large,,,,us-east-1,AmazonRDS,26.67,43.49,18.5,67,2026-02-09T20:41:28Z,backend,prod,CC400,,,,,,,,,,,,,
c5802f72851e4010b83ae5eee088c18e,2026-02-14T12:00:00Z/2026-02-14T13:00:00Z,112233445566,2026-02-01T00:00:00Z,2026-03-01T00:00:00Z,AWS,334455667788,Usage,2026-02-14T12:00:00Z,2026-02-14T13:00:00Z,AmazonRDS,USEA-InstanceUsage:db.m5.large,CreateDBInstance:0002,,arn:aws:rds:us-east-1:334455667788:db:app-db,1.0,,,0.171,0.17089,0.171,0.170973,Hrs,0.171,0.171,Amazon Relational Database Service,db.m5.large,,,,us-east-1,AmazonRDS,22.92,42.3,20.06,64,2026-02-13T06:20:49Z,backend,prod,CC400,,,,,,,,,,,,,
eaf42cb961fb449297cb096eba1918da,2026-02-14T21:00:00Z/2026-02-14T22:00:00Z,112233445566,2026-02-01T00:00:00Z,2026-03-01T00:00:00Z,AWS,334455667788,Usage,2026-02-14T21:00:00Z,2026-02-14T22:00:00Z,AmazonRDS,USEA-InstanceUsage:db.m5.large,CreateDBInstance:0002,,arn:aws:rds:us-east-1:334455667788:db:app-db,1.0,,,0.171,0.171009,0.171,0.171051,Hrs,0.171,0.171,Amazon Relational Database Service,db.m5.large,,,,us-east-1,AmazonRDS,31.43,31.05,28.94,44,2026-02-11T06:14:51Z,backend,prod,CC400,,,,,,,,,,,,,
3dc8f0d327594b009bbdf13cfbf14ee1,2026-02-15T06:00:00Z/2026-02-15T07:00:00Z,112233445566,2026-02-01T00:00:00Z,2026-03-01T00:00:00Z,AWS,334455667788,Usage,2026-02-15T06:00:00Z,2026-02-15T07:00:00Z,AmazonRDS,USEA-InstanceUsage:db.m5.large,CreateDBInstance:0002,,arn:aws:rds:us-east-1:334455667788:db:app-db,1.0,,,0.171,0.170988,0.171,0.171019,Hrs,0.171,0.171,Amazon Relational Database Service,db.m5.large,,,,us-east-1,AmazonRDS,28.48,49.87,36.49,56,2026-02-11T15:15:26Z,backend,prod,CC400,,,,,,,,,,,,,
b155394bee5f4463b3189d7bdefb0456,2026-02-15T15:00:00Z/2026-02-15T16:00:00Z,112233445566,2026-02-01T00:00:00Z,2026-03-01T00:00:00Z,AWS,334455667788,Usage,2026-02-15T15:00:00Z,2026-02-15T16:00:00Z,AmazonRDS,USEA-InstanceUsage:db.m5.large,CreateDBInstance:0002,,arn:aws:rds:us-east-1:334455667788:db:app-db,1.0,,,0.171,0.171014,0.171,0.170948,Hrs,0.171,0.171,Amazon Relational Database Service,db.m5.large,,,,us-east-1,AmazonRDS,37.92,48.36,33.49,42,2026-02-11T13:54:59Z,backend,prod,CC400,,,,,,,,,,,,,
81ba423af7674822b843a82e2b808bf9,2026-02-16T00:00:00Z/2026-02-16T01:00:00Z,112233445566,2026-02-01T00:00:00Z,2026-03-01T00:00:00Z,AWS,334455667788,Usage,2026-02-16T00:00:00Z,2026-02-16T01:00:00Z,AmazonRDS,USEA-InstanceUsage:db.m5.large,CreateDBInstance:0002,,arn:aws:rds:us-east-1:334455667788:db:app-db,1.0,,,0.171,0.171036,0.171,0.170878,Hrs,0.171,0.171,Amazon Relational Database Service,db.m5.large,,,,us-east-1,AmazonRDS,40.46,49.3,35.26,67,2026-02-12T17:44:53Z,backend,prod,CC400,,,,,,,,,,,,,
6bef1b2dc4fd4a65b632d162865bf10a,2026-02-16T09:00:00Z/2026-02-16T10:00:00Z,112233445566,2026-02-01T00:00:00Z,2026-03-01T00:00:00Z,AWS,334455667788,Usage,2026-02-16T09:00:00Z,2026-02-16T10:00:00Z,AmazonRDS,USEA-InstanceUsage:db.m5.large,CreateDBInstance:0002,,arn:aws:rds:us-east-1:334455667788:db:app-db,1.0,,,0.171,0.170876,0.171,0.171145,Hrs,0.171,0.171,Amazon Relational Database Service,db.m5.large,,,,us-east-1,AmazonRDS,28.04,46.1,26.79,67,2026-02-14T23:18:15Z,backend,prod,CC400,,,,,,,,,,,,,
0edafcbd89c64fce850f381b8754b158,2026-02-16T18:00:00Z/2026-02-16T19:00:00Z,112233445566,2026-02-01T00:00:00Z,2026-03-01T00:00:00Z,AWS,334455667788,Usage,2026-02-16T18:00:00Z,2026-02-16T19:00:00Z,AmazonRDS,USEA-InstanceUsage:db.m5.large,CreateDBInstance:0002,,arn:aws:rds:us-east-1:334455667788:db:app-db,1.0,,,0.171,0.171146,0.171,0.17083,Hrs,0.171,0.171,Amazon Relational Database Service,db.m5.large,,,,us-east-1,AmazonRDS,22.29,48.98,38.85,45,2026-02-14T12:19:03Z,backend,prod,CC400,,,,,,,,,,,,,
7c9e930253a4455c9f46223e639825ef,2026-02-17T03:00:00Z/2026-02-17T04:00:00Z,112233445566,2026-02-01T00:00:00Z,2026-03-01T00:00:00Z,AWS,334455667788,Usage,2026-02-17T03:00:00Z,2026-02-17T04:00:00Z,AmazonRDS,USEA-InstanceUsage:db.m5.large,CreateDBInstance:0002,,arn:aws:rds:us-east-1:334455667788:db:app-db,1.0,,,0.171,0.170883,0.171,0.170914,Hrs,0.171,0.171,Amazon Relational Database Service,db.m5.large,,,,us-east-1,AmazonRDS,30.22,46.82,28.83,54,2026-02-13T22:02:43Z,backend,prod,CC400,,,,,,,,,,,,,
0255ca47fd1f4bd79002076a8c078c10,2026-02-17T12:00:00Z/2026-02-17T13:00:00Z,112233445566,2026-02-01T00:00:00Z,2026-03-01T00:00:00Z,AWS,334455667788,Usage,2026-02-17T12:00:00Z,2026-02-17T13:00:00Z,AmazonRDS,USEA-InstanceUsage:db.m5.large,CreateDBInstance:0002,,arn:aws:rds:us-east-1:334455667788:db:app-db,1.0,,,0.171,0.171015,0.171,0.170975,Hrs,0.171,0.171,Amazon Relational Database Service,db.m5.large,,,,us-east-1,AmazonRDS,41.38,49.21,31.0,66,2026-02-14T21:47:50Z,backend,prod,CC400,,,,,,,,,,,,,
84458850a23e4cc0b97a50530f86a8bd,2026-02-17T21:00:00Z/2026-02-17T22:00:00Z,112233445566,2026-02-01T00:00:00Z,2026-03-01T00:00:00Z,AWS,334455667788,Usage,2026-02-17T21:00:00Z,2026-02-17T22:00:00Z,AmazonRDS,USEA-InstanceUsage:db.m5.large,CreateDBInstance:0002,,arn:aws:rds:us-east-1:334455667788:db:app-db,1.0,,,0.171,0.171117,0.171,0.171155,Hrs,0.171,0.171,Amazon Relational Database Service,db.m5.large,,,,us-east-1,AmazonRDS,39.31,41.52,39.35,21,2026-02-13T18:05:10Z,backend,prod,CC400,,,,,,,,,,,,,
9283e23aa40e49b9b63085f1ca78e63b,2026-02-18T06:00:00Z/2026-02-18T07:00:00Z,112233445566,2026-02-01T00:00:00Z,2026-03-01T00:00:00Z,AWS,334455667788,Usage,2026-02-18T06:00:00Z,2026-02-18T07:00:00Z,AmazonRDS,USEA-InstanceUsage:db.m5.large,CreateDBInstance:0002,,arn:aws:rds:us-east-1:334455667788:db:app-db,1.0,,,0.171,0.171067,0.171,0.171095,Hrs,0.171,0.171,Amazon Relational Database Service,db.m5.large,,,,us-east-1,AmazonRDS,25.72,39.35,34.36,41,2026-02-15T04:36:01Z,backend,prod,CC400,,,,,,,,,,,,,
4e5ca6835f7948589cd4b5ad1186a168,2026-02-18T15:00:00Z/2026-02-18T16:00:00Z,112233445566,2026-02-01T00:00:00Z,2026-03-01T00:00:00Z,AWS,334455667788,Usage,2026-02-18T15:00:00Z,2026-02-18T16:00:00Z,AmazonRDS,USEA-InstanceUsage:db.m5.large,CreateDBInstance:0002,,arn:aws:rds:us-east-1:334455667788:db:app-db,1.0,,,0.171,0.171031,0.171,0.170999,Hrs,0.171,0.171,Amazon Relational Database Service,db.m5.large,,,,us-east-1,AmazonRDS,40.02,47.42,37.95,57,2026-02-15T15:12:56Z,backend,prod,CC400,,,,,,,,,,,,,
162008fbe5054d58b744dec51b04d077,2026-02-19T00:00:00Z/2026-02-19T01:00:00Z,112233445566,2026-02-01T00:00:00Z,2026-03-01T00:00:00Z,AWS,334455667788,Usage,2026-02-19T00:00:00Z,2026-02-19T01:00:00Z,AmazonRDS,USEA-InstanceUsage:db.m5.large,CreateDBInstance:0002,,arn:aws:rds:us-east-1:334455667788:db:app-db,1.0,,,0.171,0.171114,0.171,0.171027,Hrs,0.171,0.171,Amazon Relational Database Service,db.m5.large,,,,us-east-1,AmazonRDS,30.62,31.48,32.23,24,2026-02-15T11:59:04Z,backend,prod,CC400,,,,,,,,,,,,,
32ce56f7fb1a4eeea1a26c939c13e702,2026-02-19T09:00:00Z/2026-02-19T10:00:00Z,112233445566,2026-02-01T00:00:00Z,2026-03-01T00:00:00Z,AWS,334455667788,Usage,2026-02-19T09:00:00Z,2026-02-19T10:00:00Z,AmazonRDS,USEA-InstanceUsage:db.m5.large,CreateDBInstance:0002,,arn:aws:rds:us-east-1:334455667788:db:app-db,1.0,,,0.171,0.171154,0.171,0.170922,Hrs,0.171,0.171,Amazon Relational Database Service,db.m5.large,,,,us-east-1,AmazonRDS,35.07,36.18,40.3,25,2026-02-16T19:52:51Z,backend,prod,CC400,,,,,,,,,,,,,
49b957d98b5f428c95877a8b71579107,2026-02-19T18:00:00Z/2026-02-19T19:00:00Z,112233445566,2026-02-01T00:00:00Z,2026-03-01T00:00:00Z,AWS,334455667788,Usage,2026-02-19T18:00:00Z,2026-02-19T19:00:00Z,AmazonRDS,USEA-InstanceUsage:db.m5.large,CreateDBInstance:0002,,arn:aws:rds:us-east-1:334455667788:db:app-db,1.0,,,0.171,0.170877,0.171,0.171009,Hrs,0.171,0.171,Amazon Relational Database Service,db.m5.large,,,,us-east-1,AmazonRDS,23.23,42.46,36.92,12,2026-02-17T00:55:14Z,backend,prod,CC400,,,,,,,,,,,,,
c5b0d8f80f314b40a63a562297014eac,2026-02-20T03:00:00Z/2026-02-20T04:00:00Z,112233445566,2026-02-01T00:00:00Z,2026-03-01T00:00:00Z,AWS,334455667788,Usage,2026-02-20T03:00:00Z,2026-02-20T04:00:00Z,AmazonRDS,USEA-InstanceUsage:db.m5.large,CreateDBInstance:0002,,arn:aws:rds:us-east-1:334455667788:db:app-db,1.0,,,0.171,0.171092,0.171,0.170969,Hrs,0.171,0.171,Amazon Relational Database Service,db.m5.large,,,,us-east-1,AmazonRDS,41.48,51.8,33.74,34,2026-02-17T21:58:10Z,backend,prod,CC400,,,,,,,,,,,,,
61419839ca4f4b7ab383dab7a6a4951f,2026-02-20T12:00:00Z/2026-02-20T13:00:00Z,112233445566,2026-02-01T00:00:00Z,2026-03-01T00:00:00Z,AWS,334455667788,Usage,2026-02-20T12:00:00Z,2026-02-20T13:00:00Z,AmazonRDS,USEA-InstanceUsage:db.m5.large,CreateDBInstance:0002,,arn:aws:rds:us-east-1:334455667788:db:app-db,1.0,,,0.171,0.170955,0.171,0.170882,Hrs,0.171,0.171,Amazon Relational Database Service,db.m5.large,,,,us-east-1,AmazonRDS,26.3,38.15,37.47,69,2026-02-17T23:30:08Z,backend,prod,CC400,,,,,,,,,,,,,
87b1632339014ccf9b2d28992e91c4a0,2026-02-20T21:00:00Z/2026-02-20T22:00:00Z,112233445566,2026-02-01T00:00:00Z,2026-03-01T00:00:00Z,AWS,334455667788,Usage,2026-02-20T21:00:00Z,2026-02-20T22:00:00Z,AmazonRDS,USEA-InstanceUsage:db.m5.large,CreateDBInstance:0002,,arn:aws:rds:us-east-1:334455667788:db:app-db,1.0,,,0.171,0.170885,0.171,0.170945,Hrs,0.171,0.171,Amazon Relational Database Service,db.m5.large,,,,us-east-1,AmazonRDS,26.4,41.44,38.8,51,2026-02-17T01:28:28Z,backend,prod,CC400,,,,,,,,,,,,,
3e8cd0fa0ea3475a883372fbe8ec3070,2026-02-21T06:00:00Z/2026-02-21T07:00:00Z,112233445566,2026-02-01T00:00:00Z,2026-03-01T00:00:00Z,AWS,334455667788,Usage,2026-02-21T06:00:00Z,2026-02-21T07:00:00Z,AmazonRDS,USEA-InstanceUsage:db.m5.large,CreateDBInstance:0002,,arn:aws:rds:us-east-1:334455667788:db:app-db,1.0,,,0.171,0.170915,0.171,0.171078,Hrs,0.171,0.171,Amazon Relational Database Service,db.m5.large,,,,us-east-1,AmazonRDS,24.02,37.38,25.72,42,2026-02-17T18:00:18Z,backend,prod,CC400,,,,,,,,,,,,,
79a3cab50c994029855402583101578b,2026-02-21T15:00:00Z/2026-02-21T16:00:00Z,112233445566,2026-02-01T00:00:00Z,2026-03-01T00:00:00Z,AWS,334455667788,Usage,2026-02-21T15:00:00Z,2026-02-21T16:00:00Z,AmazonRDS,USEA-InstanceUsage:db.m5.large,CreateDBInstance:0002,,arn:aws:rds:us-east-1:334455667788:db:app-db,1.0,,,0.171,0.170983,0.171,0.171132,Hrs,0.171,0.171,Amazon Relational Database Service,db.m5.large,,,,us-east-1,AmazonRDS,39.16,29.05,20.88,16,2026-02-18T13:09:11Z,backend,prod,CC400,,,,,,,,,,,,,
ad0e5f86d7e3498ca9ddd5e4552d3a2f,2026-02-22T00:00:00Z/2026-02-22T01:00:00Z,112233445566,2026-02-01T00:00:00Z,2026-03-01T00:00:00Z,AWS,334455667788,Usage,2026-02-22T00:00:00Z,2026-02-22T01:00:00Z,AmazonRDS,USEA-InstanceUsage:db.m5.large,CreateDBInstance:0002,,arn:aws:rds:us-east-1:334455667788:db:app-db,1.0,,,0.171,0.17109,0.171,0.170832,Hrs,0.171,0.171,Amazon Relational Database Service,db.m5.large,,,,us-east-1,AmazonRDS,38.59,36.63,30.49,38,2026-02-17T20:59:55Z,backend,prod,CC400,,,,,,,,,,,,,
632ca76203e24bf095eb5b471c0b558e,2026-02-22T09:00:00Z/2026-02-22T10:00:00Z,112233445566,2026-02-01T00:00:00Z,2026-03-01T00:00:00Z,AWS,334455667788,Usage,2026-02-22T09:00:00Z,2026-02-22T10:00:00Z,AmazonRDS,USEA-InstanceUsage:db.m5.large,CreateDBInstance:0002,,arn:aws:rds:us-east-1:334455667788:db:app-db,1.0,,,0.171,0.170871,0.171,0.170932,Hrs,0.171,0.171,Amazon Relational Database Service,db.m5.large,,,,us-east-1,AmazonRDS,35.28,50.94,41.05,14,2026-02-21T03:33:51Z,backend,prod,CC400,,,,,,,,,,,,,
aca632fcba2d4a4e9672e6c0b1843cb8,2026-02-22T18:00:00Z/2026-02-22T19:00:00Z,112233445566,2026-02-01T00:00:00Z,2026-03-01T00:00:00Z,AWS,334455667788,Usage,2026-02-22T18:00:00Z,2026-02-22T19:00:00Z,AmazonRDS,USEA-InstanceUsage:db.m5.large,CreateDBInstance:0002,,arn:aws:rds:us-east-1:334455667788:db:app-db,1.0,,,0.171,0.17107,0.171,0.171079,Hrs,0.171,0.171,Amazon Relational Database Service,db.m5.large,,,,us-east-1,AmazonRDS,38.57,45.95,28.26,16,2026-02-20T01:36:35Z,backend,prod,CC400,,,,,,,,,,,,,
b70f1b5b19514839aac0c55682fa164d,2026-02-23T03:00:00Z/2026-02-23T04:00:00Z,112233445566,2026-02-01T00:00:00Z,2026-03-01T00:00:00Z,AWS,334455667788,Usage,2026-02-23T03:00:00Z,2026-02-23T04:00:00Z,AmazonRDS,USEA-InstanceUsage:db.m5.large,CreateDBInstance:0002,,arn:aws:rds:us-east-1:334455667788:db:app-db,1.0,,,0.171,0.171155,0.171,0.171027,Hrs,0.171,0.171,Amazon Relational Database Service,db.m5.large,,,,us-east-1,AmazonRDS,36.51,36.22,34.78,41,2026-02-20T14:48:06Z,backend,prod,CC400,,,,,,,,,,,,,
d0a474ab80bd4e0c82ecfa6f5f150b81,2026-02-23T12:00:00Z/2026-02-23T13:00:00Z,112233445566,2026-02-01T00:00:00Z,2026-03-01T00:00:00Z,AWS,334455667788,Usage,2026-02-23T12:00:00Z,2026-02-23T13:00:00Z,AmazonRDS,USEA-InstanceUsage:db.m5.large,CreateDBInstance:0002,,arn:aws:rds:us-east-1:334455667788:db:app-db,1.0,,,0.171,0.171075,0.171,0.170894,Hrs,0.171,0.171,Amazon Relational Database Service,db.m5.large,,,,us-east-1,AmazonRDS,34.57,38.38,31.99,53,2026-02-20T13:13:45Z,backend,prod,CC400,,,,,,,,,,,,,
3c99448fcaf84176a5e97bb02bb4abf1,2026-02-23T21:00:00Z/2026-02-23T22:00:00Z,112233445566,2026-02-01T00:00:00Z,2026-03-01T00:00:00Z,AWS,334455667788,Usage,2026-02-23T21:00:00Z,2026-02-23T22:00:00Z,AmazonRDS,USEA-InstanceUsage:db.m5.large,CreateDBInstance:0002,,arn:aws:rds:us-east-1:334455667788:db:app-db,1.0,,,0.171,0.171029,0.171,0.170844,Hrs,0.171,0.171,Amazon Relational Database Service,db.m5.large,,,,us-east-1,AmazonRDS,26.61,41.37,23.68,61,2026-02-21T09:06:40Z,backend,prod,CC400,,,,,,,,,,,,,
0cd22a193fce45848cbed0fccd1d5aff,2026-02-24T06:00:00Z/2026-02-24T07:00:00Z,112233445566,2026-02-01T00:00:00Z,2026-03-01T00:00:00Z,AWS,334455667788,Usage,2026-02-24T06:00:00Z,2026-02-24T07:00:00Z,AmazonRDS,USEA-InstanceUsage:db.m5.large,CreateDBInstance:0002,,arn:aws:rds:us-east-1:334455667788:db:app-db,1.0,,,0.171,0.170915,0.171,0.171126,Hrs,0.171,0.171,Amazon Relational Database Service,db.m5.large,,,,us-east-1,AmazonRDS,28.59,37.81,29.8,13,2026-02-20T11:02:00Z,backend,prod,CC400,,,,,,,,,,,,,
e225c9a129a84361b289fcb67ee4ad9c,2026-02-24T15:00:00Z/2026-02-24T16:00:00Z,112233445566,2026-02-01T00:00:00Z,2026-03-01T00:00:00Z,AWS,334455667788,Usage,2026-02-24T15:00:00Z,2026-02-24T16:00:00Z,AmazonRDS,USEA-InstanceUsage:db.m5.large,CreateDBInstance:0002,,arn:aws:rds:us-east-1:334455667788:db:app-db,1.0,,,0.171,0.170858,0.171,0.170996,Hrs,0.171,0.171,Amazon Relational Database Service,db.m5.large,,,,us-east-1,AmazonRDS,25.55,39.57,38.2,65,2026-02-20T10:33:58Z,backend,prod,CC400,,,,,,,,,,,,,
e37a604a00eb4cd0bb9f87dcaeddaae3,2026-02-25T00:00:00Z/2026-02-25T01:00:00Z,112233445566,2026-02-01T00:00:00Z,2026-03-01T00:00:00Z,AWS,334455667788,Usage,2026-02-25T00:00:00Z,2026-02-25T01:00:00Z,AmazonRDS,USEA-InstanceUsage:db.m5.large,CreateDBInstance:0002,,arn:aws:rds:us-east-1:334455667788:db:app-db,1.0,,,0.171,0.171041,0.171,0.170972,Hrs,0.171,0.171,Amazon Relational Database Service,db.m5.large,,,,us-east-1,AmazonRDS,38.88,43.06,19.18,48,2026-02-21T03:35:16Z,backend,prod,CC400,,,,,,,,,,,,,
53668de6b16b40f1a714b8acea4925bb,2026-02-25T09:00:00Z/2026-02-25T10:00:00Z,112233445566,2026-02-01T00:00:00Z,2026-03-01T00:00:00Z,AWS,334455667788,Usage,2026-02-25T09:00:00Z,2026-02-25T10:00:00Z,AmazonRDS,USEA-InstanceUsage:db.m5.large,CreateDBInstance:0002,,arn:aws:rds:us-east-1:334455667788:db:app-db,1.0,,,0.171,0.171124,0.171,0.17113,Hrs,0.171,0.171,Amazon Relational Database Service,db.m5.large,,,,us-east-1,AmazonRDS,40.84,43.96,25.81,31,2026-02-21T21:30:48Z,backend,prod,CC400,,,,,,,,,,,,,
77e529e73f4b4baa9a1f4d01afc51317,2026-02-25T18:00:00Z/2026-02-25T19:00:00Z,112233445566,2026-02-01T00:00:00Z,2026-03-01T00:00:00Z,AWS,334455667788,Usage,2026-02-25T18:00:00Z,2026-02-25T19:00:00Z,AmazonRDS,USEA-InstanceUsage:db.m5.large,CreateDBInstance:0002,,arn:aws:rds:us-east-1:334455667788:db:app-db,1.0,,,0.171,0.170887,0.171,0.17096,Hrs,0.171,0.171,Amazon Relational Database Service,db.m5.large,,,,us-east-1,AmazonRDS,34.13,43.92,31.81,55,2026-02-22T09:24:54Z,backend,prod,CC400,,,,,,,,,,,,,
14bf2306ff104753a6444727021fa3cd,2026-02-26T03:00:00Z/2026-02-26T04:00:00Z,112233445566,2026-02-01T00:00:00Z,2026-03-01T00:00:00Z,AWS,334455667788,Usage,2026-02-26T03:00:00Z,2026-02-26T04:00:00Z,AmazonRDS,USEA-InstanceUsage:db.m5.large,CreateDBInstance:0002,,arn:aws:rds:us-east-1:334455667788:db:app-db,1.0,,,0.171,0.171107,0.171,0.170965,Hrs,0.171,0.171,Amazon Relational Database Service,db.m5.large,,,,us-east-1,AmazonRDS,31.87,51.56,40.64,69,2026-02-22T07:30:16Z,backend,prod,CC400,,,,,,,,,,,,,
8436af4ee7c54670828a076a56db2462,2026-02-26T12:00:00Z/2026-02-26T13:00:00Z,112233445566,2026-02-01T00:00:00Z,2026-03-01T00:00:00Z,AWS,334455667788,Usage,2026-02-26T12:00:00Z,2026-02-26T13:00:00Z,AmazonRDS,USEA-InstanceUsage:db.m5.large,CreateDBInstance:0002,,arn:aws:rds:us-east-1:334455667788:db:app-db,1.0,,,0.171,0.170835,0.171,0.170928,Hrs,0.171,0.171,Amazon Relational Database Service,db.m5.large,,,,us-east-1,AmazonRDS,38.46,41.46,40.07,24,2026-02-23T02:10:27Z,backend,prod,CC400,,,,,,,,,,,,,
fec13fb5b1644dbaa68c1599cbe8ed2a,2026-02-26T21:00:00Z/2026-02-26T22:00:00Z,112233445566,2026-02-01T00:00:00Z,2026-03-01T00:00:00Z,AWS,334455667788,Usage,2026-02-26T21:00:00Z,2026-02-26T22:00:00Z,AmazonRDS,USEA-InstanceUsage:db.m5.large,CreateDBInstance:0002,,arn:aws:rds:us-east-1:334455667788:db:app-db,1.0,,,0.171,0.171107,0.171,0.170991,Hrs,0.171,0.171,Amazon Relational Database Service,db.m5.large,,,,us-east-1,AmazonRDS,27.95,31.28,34.44,56,2026-02-25T08:35:13Z,backend,prod,CC400,,,,,,,,,,,,,
19bf9f9133dc4fe8a4c945debde19f83,2026-02-27T06:00:00Z/2026-02-27T07:00:00Z,112233445566,2026-02-01T00:00:00Z,2026-03-01T00:00:00Z,AWS,334455667788,Usage,2026-02-27T06:00:00Z,2026-02-27T07:00:00Z,AmazonRDS,USEA-InstanceUsage:db.m5.large,CreateDBInstance:0002,,arn:aws:rds:us-east-1:334455667788:db:app-db,1.0,,,0.171,0.170926,0.171,0.171077,Hrs,0.171,0.171,Amazon Relational Database Service,db.m5.large,,,,us-east-1,AmazonRDS,32.12,36.46,21.04,17,2026-02-22T23:25:13Z,backend,prod,CC400,,,,,,,,,,,,,
78f2c13692fe40998168bbe7722c5ffa,2026-02-27T15:00:00Z/2026-02-27T16:00:00Z,112233445566,2026-02-01T00:00:00Z,2026-03-01T00:00:00Z,AWS,334455667788,Usage,2026-02-27T15:00:00Z,2026-02-27T16:00:00Z,AmazonRDS,USEA-InstanceUsage:db.m5.large,CreateDBInstance:0002,,arn:aws:rds:us-east-1:334455667788:db:app-db,1.0,,,0.171,0.171111,0.171,0.170864,Hrs,0.171,0.171,Amazon Relational Database Service,db.m5.large,,,,us-east-1,AmazonRDS,24.0,28.1,38.84,68,2026-02-25T10:32:20Z,backend,prod,CC400,,,,,,,,,,,,,
fcce733b326f4bb0a8f6ddc32878ad57,2026-02-01T00:00:00Z/2026-03-01T00:00:00Z,112233445566,2026-02-01T00:00:00Z,2026-03-01T00:00:00Z,AWS,112233445566,SavingsPlanRecurringFee,2026-02-01T00:00:00Z,2026-03-01T00:00:00Z,AmazonEC2,USEA-BoxUsage:t3.medium,RunInstances,us-east-1c,i-0966aabf055ab46fb,72.0,2.0,144.0,0.0416,2.9952,0.027594,1.986768,Hrs,0.0416,2.9952,Amazon Elastic Compute Cloud,t3.medium,2,4 GiB,Linux,us-east-1,AmazonEC2,51.37,51.72,39.66,23,2026-01-30T13:23:59Z,platform,prod,CC100,,,,,,,,arn:aws:savingsplans::112233445566:savingsplan/923ab30f-99fe-4112-add8-d6c7cdbfcd84,0.027594,0.027594,1.959174,1.986768,1.986768
d6dc8b1a6f014beaaa83f264d4ab4d7b,2026-02-01T00:00:00Z/2026-03-01T00:00:00Z,112233445566,2026-02-01T00:00:00Z,2026-03-01T00:00:00Z,AWS,112233445566,SavingsPlanRecurringFee,2026-02-01T00:00:00Z,2026-03-01T00:00:00Z,AmazonEC2,USEA-BoxUsage:t3.medium,RunInstances,us-east-1a,i-061b542e574d14cd0,72.0,2.0,144.0,0.0416,2.9952,0.028103,2.023416,Hrs,0.0416,2.9952,Amazon Elastic Compute Cloud,t3.medium,2,4 GiB,Linux,us-east-1,AmazonEC2,52.52,46.9,43.03,8,2026-01-30T01:45:04Z,platform,prod,CC100,,,,,,,,arn:aws:savingsplans::112233445566:savingsplan/48902609-d18b-4d37-a2c5-4fe635263542,0.028103,0.028103,1.96721,2.023416,2.023416
fa790e184386436ab219dff8c398ecb5,2026-02-01T00:00:00Z/2026-03-01T00:00:00Z,112233445566,2026-02-01T00:00:00Z,2026-03-01T00:00:00Z,AWS,334455667788,RIFee,2026-02-01T00:00:00Z,2026-03-01T00:00:00Z,AmazonEC2,USEA-HeavyUsage:m5.large,RunInstances,us-east-1b,i-0958f244fd78740cb,72.0,4.0,288.0,0.0,0.0,0.054544,3.927168,Hrs,0.096,6.912,Amazon Elastic Compute Cloud,m5.large,2,8 GiB,Linux,us-east-1,AmazonEC2,41.67,34.43,28.83,23,2026-01-30T07:02:39Z,backend,prod,CC400,arn:aws:ec2:us-east-1:334455667788:reserved-instances/1a22394b-7338-485a-8a9b-0880e154f09b,3.927168,3.338093,0.589075,17.72,0.144978,0.821542,,,,,,
35522d099d6d46ca80ef925ac8516ef6,2026-02-01T00:00:00Z/2026-03-01T00:00:00Z,112233445566,2026-02-01T00:00:00Z,2026-03-01T00:00:00Z,AWS,223344556677,RIFee,2026-02-01T00:00:00Z,2026-03-01T00:00:00Z,AmazonEC2,USWE-HeavyUsage:c5.large,RunInstances,us-west-2a,i-09539d92f4d0943c9,72.0,4.0,288.0,0.0,0.0,0.055423,3.990456,Hrs,0.085,6.12,Amazon Elastic Compute Cloud,c5.large,2,4 GiB,Linux,us-west-2,AmazonEC2,29.31,32.86,21.78,50,2026-01-27T19:58:28Z,data-eng,prod,CC200,arn:aws:ec2:us-west-2:223344556677:reserved-instances/f6636a9d-2832-447b-94f9-8585195185d5,3.990456,3.391888,0.598568,13.94,0.115889,0.656707,,,,,,
600a2fd5717c4b89868003b47662fe65,2026-02-01T00:00:00Z/2026-03-01T00:00:00Z,112233445566,2026-02-01T00:00:00Z,2026-03-01T00:00:00Z,AWS,223344556677,SavingsPlanRecurringFee,2026-02-01T00:00:00Z,2026-03-01T00:00:00Z,AmazonEC2,USWE-BoxUsage:r5.large,RunInstances,us-west-2a,i-0322eef1dbc14485e,72.0,4.0,288.0,0.126,9.072,0.089705,6.45876,Hrs,0.126,9.072,Amazon Elastic Compute Cloud,r5.large,2,16 GiB,Linux,us-west-2,AmazonEC2,40.5,51.01,33.81,44,2026-01-29T06:59:10Z,ml,prod,CC500,,,,,,,,arn:aws:savingsplans::223344556677:savingsplan/4ae7ee2b-e013-4194-847d-3da85f7e610f,0.089705,0.089705,6.369055,6.45876,6.45876
631478eea5834733a0a6ad83d457cecd,2026-02-01T00:00:00Z/2026-03-01T00:00:00Z,112233445566,2026-02-01T00:00:00Z,2026-03-01T00:00:00Z,AWS,334455667788,RIFee,2026-02-01T00:00:00Z,2026-03-01T00:00:00Z,AmazonEC2,EUWE-HeavyUsage:t3.large,RunInstances,eu-west-1b,i-0f30e42a39f90416a,72.0,4.0,288.0,0.0,0.0,0.049629,3.573288,Hrs,0.0832,5.9904,Amazon Elastic Compute Cloud,t3.large,2,8 GiB,Linux,eu-west-1,AmazonEC2,39.66,37.26,28.35,36,2026-01-28T06:04:26Z,frontend,prod,CC300,arn:aws:ec2:eu-west-1:334455667788:reserved-instances/4db9c93c-5b51-4e68-b7e7-6e5442ea48da,3.573288,3.037295,0.535993,8.31,0.061863,0.350554,,,,,,
8d390a9d5f99409e9ebd0aee7a9b3d20,2026-02-01T00:00:00Z/2026-03-01T00:00:00Z,112233445566,2026-02-01T00:00:00Z,2026-03-01T00:00:00Z,AWS,334455667788,SavingsPlanRecurringFee,2026-02-01T00:00:00Z,2026-03-01T00:00:00Z,AmazonEC2,USEA-BoxUsage:t3.micro,RunInstances,us-east-1b,i-0ca58f3cc60ce4d71,72.0,0.5,36.0,0.0104,0.7488,0.007101,0.511272,Hrs,0.0104,0.7488,Amazon Elastic Compute Cloud,t3.micro,2,1 GiB,Linux,us-east-1,AmazonEC2,4.64,5.0,7.49,497,2026-01-03T16:19:28Z,,,,,,,,,,,arn:aws:savingsplans::334455667788:savingsplan/2c282100-49d4-4d15-8399-6f58e67345ca,0.007101,0.007101,0.49707,0.511272,0.511272
69de995a4a4646cbbda7fc3d90f0eb68,2026-02-01T00:00:00Z/2026-03-01T00:00:00Z,112233445566,2026-02-01T00:00:00Z,2026-03-01T00:00:00Z,AWS,223344556677,SavingsPlanRecurringFee,2026-02-01T00:00:00Z,2026-03-01T00:00:00Z,AmazonEC2,USWE-BoxUsage:m5.2xlarge,RunInstances,us-west-2a,i-0f260a39315fa4849,72.0,16.0,1152.0,0.384,27.648,0.262799,18.921528,Hrs,0.384,27.648,Amazon Elastic Compute Cloud,m5.2xlarge,8,32 GiB,Linux,us-west-2,AmazonEC2,41.33,39.4,33.81,46,2026-01-30T07:31:44Z,data-eng,prod,CC200,,,,,,,,arn:aws:savingsplans::223344556677:savingsplan/a267a586-6733-4c23-8aa7-2602a07aede2,0.262799,0.262799,18.39593,18.921528,18.921528
