identity/LineItemId,identity/TimeInterval,bill/PayerAccountId,bill/BillingPeriodStartDate,bill/BillingPeriodEndDate,bill/BillingEntity,lineItem/UsageAccountId,lineItem/LineItemType,lineItem/UsageStartDate,lineItem/UsageEndDate,lineItem/ProductCode,lineItem/UsageType,lineItem/Operation,lineItem/AvailabilityZone,lineItem/ResourceId,lineItem/UsageAmount,lineItem/NormalizationFactor,lineItem/NormalizedUsageAmount,lineItem/UnblendedRate,lineItem/UnblendedCost,lineItem/BlendedRate,lineItem/BlendedCost,pricing/unit,pricing/publicOnDemandRate,pricing/publicOnDemandCost,product/ProductName,product/instanceType,product/vcpu,product/memory,product/operatingSystem,product/region,product/servicecode,resourceTags/user:Team,resourceTags/user:Environment,resourceTags/user:CostCenter,reservation/ReservationARN,reservation/EffectiveCost,reservation/RecurringFeeForUsage,reservation/AmortizedUpfrontCostForUsage,reservation/UnusedQuantity,reservation/UnusedAmortizedUpfrontFeeForBillingPeriod,reservation/UnusedRecurringFee,savingsPlan/SavingsPlanARN,savingsPlan/SavingsPlanEffectiveCost,savingsPlan/SavingsPlanRate,savingsPlan/UsedCommitment,savingsPlan/TotalCommitmentToDate,savingsPlan/RecurringCommitmentForBillingPeriod
625276fc91c14e62b1a5f0f9742f3ed9,2026-03-01T00:00:00Z/2026-03-01T01:00:00Z,112233445566,2026-03-01T00:00:00Z,2026-04-01T00:00:00Z,AWS,112233445566,DiscountedUsage,2026-03-01T00:00:00Z,2026-03-01T01:00:00Z,AmazonEC2,USEA-BoxUsage:t3.medium,RunInstances,us-east-1a,i-08c17060481d0498c,1.0,2.0,2.0,0.0,0.0,0.025003,0.025003,Hrs,0.0416,0.0416,Amazon Elastic Compute Cloud,t3.medium,2,4 GiB,Linux,us-east-1,AmazonEC2,platform,prod,CC100,arn:aws:ec2:us-east-1:112233445566:reserved-instances/92a587c9-8982-42da-8acb-6f64174b48c5,0.025003,0.021253,0.00375,,,,,,,,,
3428fb26f80e44eb87442456f41b6591,2026-03-01T10:00:00Z/2026-03-01T11:00:00Z,112233445566,2026-03-01T00:00:00Z,2026-04-01T00:00:00Z,AWS,112233445566,DiscountedUsage,2026-03-01T10:00:00Z,2026-03-01T11:00:00Z,AmazonEC2,USEA-BoxUsage:t3.medium,RunInstances,us-east-1a,i-08c17060481d0498c,1.0,2.0,2.0,0.0,0.0,0.028853,0.028853,Hrs,0.0416,0.0416,Amazon Elastic Compute Cloud,t3.medium,2,4 GiB,Linux,us-east-1,AmazonEC2,platform,prod,CC100,arn:aws:ec2:us-east-1:112233445566:reserved-instances/92a587c9-8982-42da-8acb-6f64174b48c5,0.028853,0.024525,0.004328,,,,,,,,,
c2f96004bf4f4506b6f687c082f2c15c,2026-03-01T20:00:00Z/2026-03-01T21:00:00Z,112233445566,2026-03-01T00:00:00Z,2026-04-01T00:00:00Z,AWS,112233445566,DiscountedUsage,2026-03-01T20:00:00Z,2026-03-01T21:00:00Z,AmazonEC2,USEA-BoxUsage:t3.medium,RunInstances,us-east-1a,i-08c17060481d0498c,1.0,2.0,2.0,0.0,0.0,0.023459,0.023459,Hrs,0.0416,0.0416,Amazon Elastic Compute Cloud,t3.medium,2,4 GiB,Linux,us-east-1,AmazonEC2,platform,prod,CC100,arn:aws:ec2:us-east-1:112233445566:reserved-instances/92a587c9-8982-42da-8acb-6f64174b48c5,0.023459,0.01994,0.003519,,,,,,,,,
c334df5568f244b4ac70fba714dd0ed9,2026-03-02T06:00:00Z/2026-03-02T07:00:00Z,112233445566,2026-03-01T00:00:00Z,2026-04-01T00:00:00Z,AWS,112233445566,DiscountedUsage,2026-03-02T06:00:00Z,2026-03-02T07:00:00Z,AmazonEC2,USEA-BoxUsage:t3.medium,RunInstances,us-east-1a,i-08c17060481d0498c,1.0,2.0,2.0,0.0,0.0,0.028168,0.028168,Hrs,0.0416,0.0416,Amazon Elastic Compute Cloud,t3.medium,2,4 GiB,Linux,us-east-1,AmazonEC2,platform,prod,CC100,arn:aws:ec2:us-east-1:112233445566:reserved-instances/92a587c9-8982-42da-8acb-6f64174b48c5,0.028168,0.023943,0.004225,,,,,,,,,
b76d8dd0335d4b959d36c8bb90516cf1,2026-03-02T16:00:00Z/2026-03-02T17:00:00Z,112233445566,2026-03-01T00:00:00Z,2026-04-01T00:00:00Z,AWS,112233445566,DiscountedUsage,2026-03-02T16:00:00Z,2026-03-02T17:00:00Z,AmazonEC2,USEA-BoxUsage:t3.medium,RunInstances,us-east-1a,i-08c17060481d0498c,1.0,2.0,2.0,0.0,0.0,0.027916,0.027916,Hrs,0.0416,0.0416,Amazon Elastic Compute Cloud,t3.medium,2,4 GiB,Linux,us-east-1,AmazonEC2,platform,prod,CC100,arn:aws:ec2:us-east-1:112233445566:reserved-instances/92a587c9-8982-42da-8acb-6f64174b48c5,0.027916,0.023729,0.004187,,,,,,,,,
fa325b0b42f24d79930fc8481f009edf,2026-03-03T02:00:00Z/2026-03-03T03:00:00Z,112233445566,2026-03-01T00:00:00Z,2026-04-01T00:00:00Z,AWS,112233445566,DiscountedUsage,2026-03-03T02:00:00Z,2026-03-03T03:00:00Z,AmazonEC2,USEA-BoxUsage:t3.medium,RunInstances,us-east-1a,i-08c17060481d0498c,1.0,2.0,2.0,0.0,0.0,0.026226,0.026226,Hrs,0.0416,0.0416,Amazon Elastic Compute Cloud,t3.medium,2,4 GiB,Linux,us-east-1,AmazonEC2,platform,prod,CC100,arn:aws:ec2:us-east-1:112233445566:reserved-instances/92a587c9-8982-42da-8acb-6f64174b48c5,0.026226,0.022292,0.003934,,,,,,,,,
a3436972ff6145faabc9a133e4d99b7d,2026-03-03T12:00:00Z/2026-03-03T13:00:00Z,112233445566,2026-03-01T00:00:00Z,2026-04-01T00:00:00Z,AWS,112233445566,DiscountedUsage,2026-03-03T12:00:00Z,2026-03-03T13:00:00Z,AmazonEC2,USEA-BoxUsage:t3.medium,RunInstances,us-east-1a,i-08c17060481d0498c,1.0,2.0,2.0,0.0,0.0,0.025242,0.025242,Hrs,0.0416,0.0416,Amazon Elastic Compute Cloud,t3.medium,2,4 GiB,Linux,us-east-1,AmazonEC2,platform,prod,CC100,arn:aws:ec2:us-east-1:112233445566:reserved-instances/92a587c9-8982-42da-8acb-6f64174b48c5,0.025242,0.021456,0.003786,,,,,,,,,
b64ac21f4f3b46fb9ca4f95c13d8ec8a,2026-03-03T22:00:00Z/2026-03-03T23:00:00Z,112233445566,2026-03-01T00:00:00Z,2026-04-01T00:00:00Z,AWS,112233445566,DiscountedUsage,2026-03-03T22:00:00Z,2026-03-03T23:00:00Z,AmazonEC2,USEA-BoxUsage:t3.medium,RunInstances,us-east-1a,i-08c17060481d0498c,1.0,2.0,2.0,0.0,0.0,0.028055,0.028055,Hrs,0.0416,0.0416,Amazon Elastic Compute Cloud,t3.medium,2,4 GiB,Linux,us-east-1,AmazonEC2,platform,prod,CC100,arn:aws:ec2:us-east-1:112233445566:reserved-instances/92a587c9-8982-42da-8acb-6f64174b48c5,0.028055,0.023847,0.004208,,,,,,,,,
c85297536d524e2bbb98829731fe5e5b,2026-03-04T08:00:00Z/2026-03-04T09:00:00Z,112233445566,2026-03-01T00:00:00Z,2026-04-01T00:00:00Z,AWS,112233445566,DiscountedUsage,2026-03-04T08:00:00Z,2026-03-04T09:00:00Z,AmazonEC2,USEA-BoxUsage:t3.medium,RunInstances,us-east-1a,i-08c17060481d0498c,1.0,2.0,2.0,0.0,0.0,0.028257,0.028257,Hrs,0.0416,0.0416,Amazon Elastic Compute Cloud,t3.medium,2,4 GiB,Linux,us-east-1,AmazonEC2,platform,prod,CC100,arn:aws:ec2:us-east-1:112233445566:reserved-instances/92a587c9-8982-42da-8acb-6f64174b48c5,0.028257,0.024018,0.004239,,,,,,,,,
338e700d71054e239f2a1c556bff3b71,2026-03-04T18:00:00Z/2026-03-04T19:00:00Z,112233445566,2026-03-01T00:00:00Z,2026-04-01T00:00:00Z,AWS,112233445566,DiscountedUsage,2026-03-04T18:00:00Z,2026-03-04T19:00:00Z,AmazonEC2,USEA-BoxUsage:t3.medium,RunInstances,us-east-1a,i-08c17060481d0498c,1.0,2.0,2.0,0.0,0.0,0.027277,0.027277,Hrs,0.0416,0.0416,Amazon Elastic Compute Cloud,t3.medium,2,4 GiB,Linux,us-east-1,AmazonEC2,platform,prod,CC100,arn:aws:ec2:us-east-1:112233445566:reserved-instances/92a587c9-8982-42da-8acb-6f64174b48c5,0.027277,0.023185,0.004092,,,,,,,,,
96874abe0b704619ab16f31d70d49246,2026-03-05T04:00:00Z/2026-03-05T05:00:00Z,112233445566,2026-03-01T00:00:00Z,2026-04-01T00:00:00Z,AWS,112233445566,DiscountedUsage,2026-03-05T04:00:00Z,2026-03-05T05:00:00Z,AmazonEC2,USEA-BoxUsage:t3.medium,RunInstances,us-east-1a,i-08c17060481d0498c,1.0,2.0,2.0,0.0,0.0,0.024302,0.024302,Hrs,0.0416,0.0416,Amazon Elastic Compute Cloud,t3.medium,2,4 GiB,Linux,us-east-1,AmazonEC2,platform,prod,CC100,arn:aws:ec2:us-east-1:112233445566:reserved-instances/92a587c9-8982-42da-8acb-6f64174b48c5,0.024302,0.020657,0.003645,,,,,,,,,
31ba7a0bea9d4e31a36ecfbb987ff87d,2026-03-05T14:00:00Z/2026-03-05T15:00:00Z,112233445566,2026-03-01T00:00:00Z,2026-04-01T00:00:00Z,AWS,112233445566,DiscountedUsage,2026-03-05T14:00:00Z,2026-03-05T15:00:00Z,AmazonEC2,USEA-BoxUsage:t3.medium,RunInstances,us-east-1a,i-08c17060481d0498c,1.0,2.0,2.0,0.0,0.0,0.023378,0.023378,Hrs,0.0416,0.0416,Amazon Elastic Compute Cloud,t3.medium,2,4 GiB,Linux,us-east-1,AmazonEC2,platform,prod,CC100,arn:aws:ec2:us-east-1:112233445566:reserved-instances/92a587c9-8982-42da-8acb-6f64174b48c5,0.023378,0.019871,0.003507,,,,,,,,,
cb32b182c9174a4489e3e988e4d2f624,2026-03-06T00:00:00Z/2026-03-06T01:00:00Z,112233445566,2026-03-01T00:00:00Z,2026-04-01T00:00:00Z,AWS,112233445566,DiscountedUsage,2026-03-06T00:00:00Z,2026-03-06T01:00:00Z,AmazonEC2,USEA-BoxUsage:t3.medium,RunInstances,us-east-1a,i-08c17060481d0498c,1.0,2.0,2.0,0.0,0.0,0.02351,0.02351,Hrs,0.0416,0.0416,Amazon Elastic Compute Cloud,t3.medium,2,4 GiB,Linux,us-east-1,AmazonEC2,platform,prod,CC100,arn:aws:ec2:us-east-1:112233445566:reserved-instances/92a587c9-8982-42da-8acb-6f64174b48c5,0.02351,0.019983,0.003526,,,,,,,,,
4f7d608bccc74fa9a96dc95f583b11e9,2026-03-06T10:00:00Z/2026-03-06T11:00:00Z,112233445566,2026-03-01T00:00:00Z,2026-04-01T00:00:00Z,AWS,112233445566,DiscountedUsage,2026-03-06T10:00:00Z,2026-03-06T11:00:00Z,AmazonEC2,USEA-BoxUsage:t3.medium,RunInstances,us-east-1a,i-08c17060481d0498c,1.0,2.0,2.0,0.0,0.0,0.026847,0.026847,Hrs,0.0416,0.0416,Amazon Elastic Compute Cloud,t3.medium,2,4 GiB,Linux,us-east-1,AmazonEC2,platform,prod,CC100,arn:aws:ec2:us-east-1:112233445566:reserved-instances/92a587c9-8982-42da-8acb-6f64174b48c5,0.026847,0.02282,0.004027,,,,,,,,,
0ac6800eb96941eb92445254a921fc3b,2026-03-06T20:00:00Z/2026-03-06T21:00:00Z,112233445566,2026-03-01T00:00:00Z,2026-04-01T00:00:00Z,AWS,112233445566,DiscountedUsage,2026-03-06T20:00:00Z,2026-03-06T21:00:00Z,AmazonEC2,USEA-BoxUsage:t3.medium,RunInstances,us-east-1a,i-08c17060481d0498c,1.0,2.0,2.0,0.0,0.0,0.02519,0.02519,Hrs,0.0416,0.0416,Amazon Elastic Compute Cloud,t3.medium,2,4 GiB,Linux,us-east-1,AmazonEC2,platform,prod,CC100,arn:aws:ec2:us-east-1:112233445566:reserved-instances/92a587c9-8982-42da-8acb-6f64174b48c5,0.02519,0.021411,0.003778,,,,,,,,,
2b67fb6454974c63b570a0e9e4b20cee,2026-03-07T06:00:00Z/2026-03-07T07:00:00Z,112233445566,2026-03-01T00:00:00Z,2026-04-01T00:00:00Z,AWS,112233445566,DiscountedUsage,2026-03-07T06:00:00Z,2026-03-07T07:00:00Z,AmazonEC2,USEA-BoxUsage:t3.medium,RunInstances,us-east-1a,i-08c17060481d0498c,1.0,2.0,2.0,0.0,0.0,0.024546,0.024546,Hrs,0.0416,0.0416,Amazon Elastic Compute Cloud,t3.medium,2,4 GiB,Linux,us-east-1,AmazonEC2,platform,prod,CC100,arn:aws:ec2:us-east-1:112233445566:reserved-instances/92a587c9-8982-42da-8acb-6f64174b48c5,0.024546,0.020864,0.003682,,,,,,,,,
5450dbbd972f413ca769ebdb271b9374,2026-03-07T16:00:00Z/2026-03-07T17:00:00Z,112233445566,2026-03-01T00:00:00Z,2026-04-01T00:00:00Z,AWS,112233445566,DiscountedUsage,2026-03-07T16:00:00Z,2026-03-07T17:00:00Z,AmazonEC2,USEA-BoxUsage:t3.medium,RunInstances,us-east-1a,i-08c17060481d0498c,1.0,2.0,2.0,0.0,0.0,0.026924,0.026924,Hrs,0.0416,0.0416,Amazon Elastic Compute Cloud,t3.medium,2,4 GiB,Linux,us-east-1,AmazonEC2,platform,prod,CC100,arn:aws:ec2:us-east-1:112233445566:reserved-instances/92a587c9-8982-42da-8acb-6f64174b48c5,0.026924,0.022885,0.004039,,,,,,,,,
2b253820f41b44f6adb78e355273ebfa,2026-03-08T02:00:00Z/2026-03-08T03:00:00Z,112233445566,2026-03-01T00:00:00Z,2026-04-01T00:00:00Z,AWS,112233445566,DiscountedUsage,2026-03-08T02:00:00Z,2026-03-08T03:00:00Z,AmazonEC2,USEA-BoxUsage:t3.medium,RunInstances,us-east-1a,i-08c17060481d0498c,1.0,2.0,2.0,0.0,0.0,0.023948,0.023948,Hrs,0.0416,0.0416,Amazon Elastic Compute Cloud,t3.medium,2,4 GiB,Linux,us-east-1,AmazonEC2,platform,prod,CC100,arn:aws:ec2:us-east-1:112233445566:reserved-instances/92a587c9-8982-42da-8acb-6f64174b48c5,0.023948,0.020356,0.003592,,,,,,,,,
5f0c8c0e3fcd4977bfb076c288934adb,2026-03-08T12:00:00Z/2026-03-08T13:00:00Z,112233445566,2026-03-01T00:00:00Z,2026-04-01T00:00:00Z,AWS,112233445566,DiscountedUsage,2026-03-08T12:00:00Z,2026-03-08T13:00:00Z,AmazonEC2,USEA-BoxUsage:t3.medium,RunInstances,us-east-1a,i-08c17060481d0498c,1.0,2.0,2.0,0.0,0.0,0.0239,0.0239,Hrs,0.0416,0.0416,Amazon Elastic Compute Cloud,t3.medium,2,4 GiB,Linux,us-east-1,AmazonEC2,platform,prod,CC100,arn:aws:ec2:us-east-1:112233445566:reserved-instances/92a587c9-8982-42da-8acb-6f64174b48c5,0.0239,0.020315,0.003585,,,,,,,,,
0a391d6d4052414b9f23cb9db5d95623,2026-03-08T22:00:00Z/2026-03-08T23:00:00Z,112233445566,2026-03-01T00:00:00Z,2026-04-01T00:00:00Z,AWS,112233445566,DiscountedUsage,2026-03-08T22:00:00Z,2026-03-08T23:00:00Z,AmazonEC2,USEA-BoxUsage:t3.medium,RunInstances,us-east-1a,i-08c17060481d0498c,1.0,2.0,2.0,0.0,0.0,0.029055,0.029055,Hrs,0.0416,0.0416,Amazon Elastic Compute Cloud,t3.medium,2,4 GiB,Linux,us-east-1,AmazonEC2,platform,prod,CC100,arn:aws:ec2:us-east-1:112233445566:reserved-instances/92a587c9-8982-42da-8acb-6f64174b48c5,0.029055,0.024697,0.004358,,,,,,,,,
e5a0cadcafdf40d7a7bb0b921777c74f,2026-03-09T08:00:00Z/2026-03-09T09:00:00Z,112233445566,2026-03-01T00:00:00Z,2026-04-01T00:00:00Z,AWS,112233445566,DiscountedUsage,2026-03-09T08:00:00Z,2026-03-09T09:00:00Z,AmazonEC2,USEA-BoxUsage:t3.medium,RunInstances,us-east-1a,i-08c17060481d0498c,1.0,2.0,2.0,0.0,0.0,0.026355,0.026355,Hrs,0.0416,0.0416,Amazon Elastic Compute Cloud,t3.medium,2,4 GiB,Linux,us-east-1,AmazonEC2,platform,prod,CC100,arn:aws:ec2:us-east-1:112233445566:reserved-instances/92a587c9-8982-42da-8acb-6f64174b48c5,0.026355,0.022402,0.003953,,,,,,,,,
11236d1881d34ce8874a301acb304ce9,2026-03-09T18:00:00Z/2026-03-09T19:00:00Z,112233445566,2026-03-01T00:00:00Z,2026-04-01T00:00:00Z,AWS,112233445566,DiscountedUsage,2026-03-09T18:00:00Z,2026-03-09T19:00:00Z,AmazonEC2,USEA-BoxUsage:t3.medium,RunInstances,us-east-1a,i-08c17060481d0498c,1.0,2.0,2.0,0.0,0.0,0.028139,0.028139,Hrs,0.0416,0.0416,Amazon Elastic Compute Cloud,t3.medium,2,4 GiB,Linux,us-east-1,AmazonEC2,platform,prod,CC100,arn:aws:ec2:us-east-1:112233445566:reserved-instances/92a587c9-8982-42da-8acb-6f64174b48c5,0.028139,0.023918,0.004221,,,,,,,,,
ff3243ce5c9f451ab155c581d4d2ca77,2026-03-10T04:00:00Z/2026-03-10T05:00:00Z,112233445566,2026-03-01T00:00:00Z,2026-04-01T00:00:00Z,AWS,112233445566,DiscountedUsage,2026-03-10T04:00:00Z,2026-03-10T05:00:00Z,AmazonEC2,USEA-BoxUsage:t3.medium,RunInstances,us-east-1a,i-08c17060481d0498c,1.0,2.0,2.0,0.0,0.0,0.024309,0.024309,Hrs,0.0416,0.0416,Amazon Elastic Compute Cloud,t3.medium,2,4 GiB,Linux,us-east-1,AmazonEC2,platform,prod,CC100,arn:aws:ec2:us-east-1:112233445566:reserved-instances/92a587c9-8982-42da-8acb-6f64174b48c5,0.024309,0.020663,0.003646,,,,,,,,,
3295fd58b6e44209875b3ec6fa4eea58,2026-03-10T14:00:00Z/2026-03-10T15:00:00Z,112233445566,2026-03-01T00:00:00Z,2026-04-01T00:00:00Z,AWS,112233445566,DiscountedUsage,2026-03-10T14:00:00Z,2026-03-10T15:00:00Z,AmazonEC2,USEA-BoxUsage:t3.medium,RunInstances,us-east-1a,i-08c17060481d0498c,1.0,2.0,2.0,0.0,0.0,0.024848,0.024848,Hrs,0.0416,0.0416,Amazon Elastic Compute Cloud,t3.medium,2,4 GiB,Linux,us-east-1,AmazonEC2,platform,prod,CC100,arn:aws:ec2:us-east-1:112233445566:reserved-instances/92a587c9-8982-42da-8acb-6f64174b48c5,0.024848,0.021121,0.003727,,,,,,,,,
0f59603451b74ce4819e4f7c651dc588,2026-03-11T00:00:00Z/2026-03-11T01:00:00Z,112233445566,2026-03-01T00:00:00Z,2026-04-01T00:00:00Z,AWS,112233445566,DiscountedUsage,2026-03-11T00:00:00Z,2026-03-11T01:00:00Z,AmazonEC2,USEA-BoxUsage:t3.medium,RunInstances,us-east-1a,i-08c17060481d0498c,1.0,2.0,2.0,0.0,0.0,0.024197,0.024197,Hrs,0.0416,0.0416,Amazon Elastic Compute Cloud,t3.medium,2,4 GiB,Linux,us-east-1,AmazonEC2,platform,prod,CC100,arn:aws:ec2:us-east-1:112233445566:reserved-instances/92a587c9-8982-42da-8acb-6f64174b48c5,0.024197,0.020567,0.00363,,,,,,,,,
252a11a16b094e1bbcbc17ac4a1317c0,2026-03-11T10:00:00Z/2026-03-11T11:00:00Z,112233445566,2026-03-01T00:00:00Z,2026-04-01T00:00:00Z,AWS,112233445566,DiscountedUsage,2026-03-11T10:00:00Z,2026-03-11T11:00:00Z,AmazonEC2,USEA-BoxUsage:t3.medium,RunInstances,us-east-1a,i-08c17060481d0498c,1.0,2.0,2.0,0.0,0.0,0.028349,0.028349,Hrs,0.0416,0.0416,Amazon Elastic Compute Cloud,t3.medium,2,4 GiB,Linux,us-east-1,AmazonEC2,platform,prod,CC100,arn:aws:ec2:us-east-1:112233445566:reserved-instances/92a587c9-8982-42da-8acb-6f64174b48c5,0.028349,0.024097,0.004252,,,,,,,,,
0e173e4dc4644005a6d549e6262be2a5,2026-03-11T20:00:00Z/2026-03-11T21:00:00Z,112233445566,2026-03-01T00:00:00Z,2026-04-01T00:00:00Z,AWS,112233445566,DiscountedUsage,2026-03-11T20:00:00Z,2026-03-11T21:00:00Z,AmazonEC2,USEA-BoxUsage:t3.medium,RunInstances,us-east-1a,i-08c17060481d0498c,1.0,2.0,2.0,0.0,0.0,0.02697,0.02697,Hrs,0.0416,0.0416,Amazon Elastic Compute Cloud,t3.medium,2,4 GiB,Linux,us-east-1,AmazonEC2,platform,prod,CC100,arn:aws:ec2:us-east-1:112233445566:reserved-instances/92a587c9-8982-42da-8acb-6f64174b48c5,0.02697,0.022925,0.004045,,,,,,,,,
7cae63b030be41739c48fa7c77d082a4,2026-03-12T06:00:00Z/2026-03-12T07:00:00Z,112233445566,2026-03-01T00:00:00Z,2026-04-01T00:00:00Z,AWS,112233445566,DiscountedUsage,2026-03-12T06:00:00Z,2026-03-12T07:00:00Z,AmazonEC2,USEA-BoxUsage:t3.medium,RunInstances,us-east-1a,i-08c17060481d0498c,1.0,2.0,2.0,0.0,0.0,0.028587,0.028587,Hrs,0.0416,0.0416,Amazon Elastic Compute Cloud,t3.medium,2,4 GiB,Linux,us-east-1,AmazonEC2,platform,prod,CC100,arn:aws:ec2:us-east-1:112233445566:reserved-instances/92a587c9-8982-42da-8acb-6f64174b48c5,0.028587,0.024299,0.004288,,,,,,,,,
42d7a654e828440ea24d12a6d807f646,2026-03-12T16:00:00Z/2026-03-12T17:00:00Z,112233445566,2026-03-01T00:00:00Z,2026-04-01T00:00:00Z,AWS,112233445566,DiscountedUsage,2026-03-12T16:00:00Z,2026-03-12T17:00:00Z,AmazonEC2,USEA-BoxUsage:t3.medium,RunInstances,us-east-1a,i-08c17060481d0498c,1.0,2.0,2.0,0.0,0.0,0.024533,0.024533,Hrs,0.0416,0.0416,Amazon Elastic Compute Cloud,t3.medium,2,4 GiB,Linux,us-east-1,AmazonEC2,platform,prod,CC100,arn:aws:ec2:us-east-1:112233445566:reserved-instances/92a587c9-8982-42da-8acb-6f64174b48c5,0.024533,0.020853,0.00368,,,,,,,,,
61f8d7bf9b37475890a099929311c079,2026-03-13T02:00:00Z/2026-03-13T03:00:00Z,112233445566,2026-03-01T00:00:00Z,2026-04-01T00:00:00Z,AWS,112233445566,DiscountedUsage,2026-03-13T02:00:00Z,2026-03-13T03:00:00Z,AmazonEC2,USEA-BoxUsage:t3.medium,RunInstances,us-east-1a,i-08c17060481d0498c,1.0,2.0,2.0,0.0,0.0,0.026383,0.026383,Hrs,0.0416,0.0416,Amazon Elastic Compute Cloud,t3.medium,2,4 GiB,Linux,us-east-1,AmazonEC2,platform,prod,CC100,arn:aws:ec2:us-east-1:112233445566:reserved-instances/92a587c9-8982-42da-8acb-6f64174b48c5,0.026383,0.022426,0.003957,,,,,,,,,
5ba9989188984f05b97f706d0396f973,2026-03-13T12:00:00Z/2026-03-13T13:00:00Z,112233445566,2026-03-01T00:00:00Z,2026-04-01T00:00:00Z,AWS,112233445566,DiscountedUsage,2026-03-13T12:00:00Z,2026-03-13T13:00:00Z,AmazonEC2,USEA-BoxUsage:t3.medium,RunInstances,us-east-1a,i-08c17060481d0498c,1.0,2.0,2.0,0.0,0.0,0.026528,0.026528,Hrs,0.0416,0.0416,Amazon Elastic Compute Cloud,t3.medium,2,4 GiB,Linux,us-east-1,AmazonEC2,platform,prod,CC100,arn:aws:ec2:us-east-1:112233445566:reserved-instances/92a587c9-8982-42da-8acb-6f64174b48c5,0.026528,0.022549,0.003979,,,,,,,,,
e5132c7e0aac43189ec2f1b423600843,2026-03-13T22:00:00Z/2026-03-13T23:00:00Z,112233445566,2026-03-01T00:00:00Z,2026-04-01T00:00:00Z,AWS,112233445566,DiscountedUsage,2026-03-13T22:00:00Z,2026-03-13T23:00:00Z,AmazonEC2,USEA-BoxUsage:t3.medium,RunInstances,us-east-1a,i-08c17060481d0498c,1.0,2.0,2.0,0.0,0.0,0.025372,0.025372,Hrs,0.0416,0.0416,Amazon Elastic Compute Cloud,t3.medium,2,4 GiB,Linux,us-east-1,AmazonEC2,platform,prod,CC100,arn:aws:ec2:us-east-1:112233445566:reserved-instances/92a587c9-8982-42da-8acb-6f64174b48c5,0.025372,0.021566,0.003806,,,,,,,,,
1f79d93459fb4beeb64a8156427a773e,2026-03-14T08:00:00Z/2026-03-14T09:00:00Z,112233445566,2026-03-01T00:00:00Z,2026-04-01T00:00:00Z,AWS,112233445566,DiscountedUsage,2026-03-14T08:00:00Z,2026-03-14T09:00:00Z,AmazonEC2,USEA-BoxUsage:t3.medium,RunInstances,us-east-1a,i-08c17060481d0498c,1.0,2.0,2.0,0.0,0.0,0.029105,0.029105,Hrs,0.0416,0.0416,Amazon Elastic Compute Cloud,t3.medium,2,4 GiB,Linux,us-east-1,AmazonEC2,platform,prod,CC100,arn:aws:ec2:us-east-1:112233445566:reserved-instances/92a587c9-8982-42da-8acb-6f64174b48c5,0.029105,0.024739,0.004366,,,,,,,,,
fe88782d3a75402eb061220c95c0185b,2026-03-14T18:00:00Z/2026-03-14T19:00:00Z,112233445566,2026-03-01T00:00:00Z,2026-04-01T00:00:00Z,AWS,112233445566,DiscountedUsage,2026-03-14T18:00:00Z,2026-03-14T19:00:00Z,AmazonEC2,USEA-BoxUsage:t3.medium,RunInstances,us-east-1a,i-08c17060481d0498c,1.0,2.0,2.0,0.0,0.0,0.023447,0.023447,Hrs,0.0416,0.0416,Amazon Elastic Compute Cloud,t3.medium,2,4 GiB,Linux,us-east-1,AmazonEC2,platform,prod,CC100,arn:aws:ec2:us-east-1:112233445566:reserved-instances/92a587c9-8982-42da-8acb-6f64174b48c5,0.023447,0.01993,0.003517,,,,,,,,,
69991b5700734dae9e7b597fb1881338,2026-03-15T04:00:00Z/2026-03-15T05:00:00Z,112233445566,2026-03-01T00:00:00Z,2026-04-01T00:00:00Z,AWS,112233445566,DiscountedUsage,2026-03-15T04:00:00Z,2026-03-15T05:00:00Z,AmazonEC2,USEA-BoxUsage:t3.medium,RunInstances,us-east-1a,i-08c17060481d0498c,1.0,2.0,2.0,0.0,0.0,0.023564,0.023564,Hrs,0.0416,0.0416,Amazon Elastic Compute Cloud,t3.medium,2,4 GiB,Linux,us-east-1,AmazonEC2,platform,prod,CC100,arn:aws:ec2:us-east-1:112233445566:reserved-instances/92a587c9-8982-42da-8acb-6f64174b48c5,0.023564,0.020029,0.003535,,,,,,,,,
88184e3480ee4e1ea569447674abe509,2026-03-15T14:00:00Z/2026-03-15T15:00:00Z,112233445566,2026-03-01T00:00:00Z,2026-04-01T00:00:00Z,AWS,112233445566,DiscountedUsage,2026-03-15T14:00:00Z,2026-03-15T15:00:00Z,AmazonEC2,USEA-BoxUsage:t3.medium,RunInstances,us-east-1a,i-08c17060481d0498c,1.0,2.0,2.0,0.0,0.0,0.027823,0.027823,Hrs,0.0416,0.0416,Amazon Elastic Compute Cloud,t3.medium,2,4 GiB,Linux,us-east-1,AmazonEC2,platform,prod,CC100,arn:aws:ec2:us-east-1:112233445566:reserved-instances/92a587c9-8982-42da-8acb-6f64174b48c5,0.027823,0.02365,0.004173,,,,,,,,,
8cd2d63923954f048d287bbfc785439b,2026-03-16T00:00:00Z/2026-03-16T01:00:00Z,112233445566,2026-03-01T00:00:00Z,2026-04-01T00:00:00Z,AWS,112233445566,DiscountedUsage,2026-03-16T00:00:00Z,2026-03-16T01:00:00Z,AmazonEC2,USEA-BoxUsage:t3.medium,RunInstances,us-east-1a,i-08c17060481d0498c,1.0,2.0,2.0,0.0,0.0,0.023276,0.023276,Hrs,0.0416,0.0416,Amazon Elastic Compute Cloud,t3.medium,2,4 GiB,Linux,us-east-1,AmazonEC2,platform,prod,CC100,arn:aws:ec2:us-east-1:112233445566:reserved-instances/92a587c9-8982-42da-8acb-6f64174b48c5,0.023276,0.019785,0.003491,,,,,,,,,
92ea386b7260490c8584c3766d0f1345,2026-03-16T10:00:00Z/2026-03-16T11:00:00Z,112233445566,2026-03-01T00:00:00Z,2026-04-01T00:00:00Z,AWS,112233445566,DiscountedUsage,2026-03-16T10:00:00Z,2026-03-16T11:00:00Z,AmazonEC2,USEA-BoxUsage:t3.medium,RunInstances,us-east-1a,i-08c17060481d0498c,1.0,2.0,2.0,0.0,0.0,0.029096,0.029096,Hrs,0.0416,0.0416,Amazon Elastic Compute Cloud,t3.medium,2,4 GiB,Linux,us-east-1,AmazonEC2,platform,prod,CC100,arn:aws:ec2:us-east-1:112233445566:reserved-instances/92a587c9-8982-42da-8acb-6f64174b48c5,0.029096,0.024732,0.004364,,,,,,,,,
47cabcefe49b47e7bda7827a44a411ef,2026-03-16T20:00:00Z/2026-03-16T21:00:00Z,112233445566,2026-03-01T00:00:00Z,2026-04-01T00:00:00Z,AWS,112233445566,DiscountedUsage,2026-03-16T20:00:00Z,2026-03-16T21:00:00Z,AmazonEC2,USEA-BoxUsage:t3.medium,RunInstances,us-east-1a,i-08c17060481d0498c,1.0,2.0,2.0,0.0,0.0,0.02894,0.02894,Hrs,0.0416,0.0416,Amazon Elastic Compute Cloud,t3.medium,2,4 GiB,Linux,us-east-1,AmazonEC2,platform,prod,CC100,arn:aws:ec2:us-east-1:112233445566:reserved-instances/92a587c9-8982-42da-8acb-6f64174b48c5,0.02894,0.024599,0.004341,,,,,,,,,
23644e432e554d6f8cfe6bccbdd06bf4,2026-03-17T06:00:00Z/2026-03-17T07:00:00Z,112233445566,2026-03-01T00:00:00Z,2026-04-01T00:00:00Z,AWS,112233445566,DiscountedUsage,2026-03-17T06:00:00Z,2026-03-17T07:00:00Z,AmazonEC2,USEA-BoxUsage:t3.medium,RunInstances,us-east-1a,i-08c17060481d0498c,1.0,2.0,2.0,0.0,0.0,0.022952,0.022952,Hrs,0.0416,0.0416,Amazon Elastic Compute Cloud,t3.medium,2,4 GiB,Linux,us-east-1,AmazonEC2,platform,prod,CC100,arn:aws:ec2:us-east-1:112233445566:reserved-instances/92a587c9-8982-42da-8acb-6f64174b48c5,0.022952,0.019509,0.003443,,,,,,,,,
4bc76ae92fa14a73b8a1724f752a394b,2026-03-17T16:00:00Z/2026-03-17T17:00:00Z,112233445566,2026-03-01T00:00:00Z,2026-04-01T00:00:00Z,AWS,112233445566,DiscountedUsage,2026-03-17T16:00:00Z,2026-03-17T17:00:00Z,AmazonEC2,USEA-BoxUsage:t3.medium,RunInstances,us-east-1a,i-08c17060481d0498c,1.0,2.0,2.0,0.0,0.0,0.027134,0.027134,Hrs,0.0416,0.0416,Amazon Elastic Compute Cloud,t3.medium,2,4 GiB,Linux,us-east-1,AmazonEC2,platform,prod,CC100,arn:aws:ec2:us-east-1:112233445566:reserved-instances/92a587c9-8982-42da-8acb-6f64174b48c5,0.027134,0.023064,0.00407,,,,,,,,,
2816866fba0049a8a8e4d6595fead224,2026-03-18T02:00:00Z/2026-03-18T03:00:00Z,112233445566,2026-03-01T00:00:00Z,2026-04-01T00:00:00Z,AWS,112233445566,DiscountedUsage,2026-03-18T02:00:00Z,2026-03-18T03:00:00Z,AmazonEC2,USEA-BoxUsage:t3.medium,RunInstances,us-east-1a,i-08c17060481d0498c,1.0,2.0,2.0,0.0,0.0,0.024545,0.024545,Hrs,0.0416,0.0416,Amazon Elastic Compute Cloud,t3.medium,2,4 GiB,Linux,us-east-1,AmazonEC2,platform,prod,CC100,arn:aws:ec2:us-east-1:112233445566:reserved-instances/92a587c9-8982-42da-8acb-6f64174b48c5,0.024545,0.020863,0.003682,,,,,,,,,
2daa1dca11d6435a82a42ef8a3ae1c2b,2026-03-18T12:00:00Z/2026-03-18T13:00:00Z,112233445566,2026-03-01T00:00:00Z,2026-04-01T00:00:00Z,AWS,112233445566,DiscountedUsage,2026-03-18T12:00:00Z,2026-03-18T13:00:00Z,AmazonEC2,USEA-BoxUsage:t3.medium,RunInstances,us-east-1a,i-08c17060481d0498c,1.0,2.0,2.0,0.0,0.0,0.023576,0.023576,Hrs,0.0416,0.0416,Amazon Elastic Compute Cloud,t3.medium,2,4 GiB,Linux,us-east-1,AmazonEC2,platform,prod,CC100,arn:aws:ec2:us-east-1:112233445566:reserved-instances/92a587c9-8982-42da-8acb-6f64174b48c5,0.023576,0.02004,0.003536,,,,,,,,,
2f398bdca5cf4e8382df955be42a8180,2026-03-18T22:00:00Z/2026-03-18T23:00:00Z,112233445566,2026-03-01T00:00:00Z,2026-04-01T00:00:00Z,AWS,112233445566,DiscountedUsage,2026-03-18T22:00:00Z,2026-03-18T23:00:00Z,AmazonEC2,USEA-BoxUsage:t3.medium,RunInstances,us-east-1a,i-08c17060481d0498c,1.0,2.0,2.0,0.0,0.0,0.025711,0.025711,Hrs,0.0416,0.0416,Amazon Elastic Compute Cloud,t3.medium,2,4 GiB,Linux,us-east-1,AmazonEC2,platform,prod,CC100,arn:aws:ec2:us-east-1:112233445566:reserved-instances/92a587c9-8982-42da-8acb-6f64174b48c5,0.025711,0.021854,0.003857,,,,,,,,,
09773b6c35e444bebf4ab1e89eaeb712,2026-03-19T08:00:00Z/2026-03-19T09:00:00Z,112233445566,2026-03-01T00:00:00Z,2026-04-01T00:00:00Z,AWS,112233445566,DiscountedUsage,2026-03-19T08:00:00Z,2026-03-19T09:00:00Z,AmazonEC2,USEA-BoxUsage:t3.medium,RunInstances,us-east-1a,i-08c17060481d0498c,1.0,2.0,2.0,0.0,0.0,0.028345,0.028345,Hrs,0.0416,0.0416,Amazon Elastic Compute Cloud,t3.medium,2,4 GiB,Linux,us-east-1,AmazonEC2,platform,prod,CC100,arn:aws:ec2:us-east-1:112233445566:reserved-instances/92a587c9-8982-42da-8acb-6f64174b48c5,0.028345,0.024093,0.004252,,,,,,,,,
2fca7e3ec1334256bd24ed4d89fc060a,2026-03-19T18:00:00Z/2026-03-19T19:00:00Z,112233445566,2026-03-01T00:00:00Z,2026-04-01T00:00:00Z,AWS,112233445566,DiscountedUsage,2026-03-19T18:00:00Z,2026-03-19T19:00:00Z,AmazonEC2,USEA-BoxUsage:t3.medium,RunInstances,us-east-1a,i-08c17060481d0498c,1.0,2.0,2.0,0.0,0.0,0.026004,0.026004,Hrs,0.0416,0.0416,Amazon Elastic Compute Cloud,t3.medium,2,4 GiB,Linux,us-east-1,AmazonEC2,platform,prod,CC100,arn:aws:ec2:us-east-1:112233445566:reserved-instances/92a587c9-8982-42da-8acb-6f64174b48c5,0.026004,0.022103,0.003901,,,,,,,,,
6ee6601df7e24e9b887edb3f070be4d3,2026-03-20T04:00:00Z/2026-03-20T05:00:00Z,112233445566,2026-03-01T00:00:00Z,2026-04-01T00:00:00Z,AWS,112233445566,DiscountedUsage,2026-03-20T04:00:00Z,2026-03-20T05:00:00Z,AmazonEC2,USEA-BoxUsage:t3.medium,RunInstances,us-east-1a,i-08c17060481d0498c,1.0,2.0,2.0,0.0,0.0,0.028575,0.028575,Hrs,0.0416,0.0416,Amazon Elastic Compute Cloud,t3.medium,2,4 GiB,Linux,us-east-1,AmazonEC2,platform,prod,CC100,arn:aws:ec2:us-east-1:112233445566:reserved-instances/92a587c9-8982-42da-8acb-6f64174b48c5,0.028575,0.024289,0.004286,,,,,,,,,
c260c82a12b64c19a66922592d800a85,2026-03-20T14:00:00Z/2026-03-20T15:00:00Z,112233445566,2026-03-01T00:00:00Z,2026-04-01T00:00:00Z,AWS,112233445566,DiscountedUsage,2026-03-20T14:00:00Z,2026-03-20T15:00:00Z,AmazonEC2,USEA-BoxUsage:t3.medium,RunInstances,us-east-1a,i-08c17060481d0498c,1.0,2.0,2.0,0.0,0.0,0.024742,0.024742,Hrs,0.0416,0.0416,Amazon Elastic Compute Cloud,t3.medium,2,4 GiB,Linux,us-east-1,AmazonEC2,platform,prod,CC100,arn:aws:ec2:us-east-1:112233445566:reserved-instances/92a587c9-8982-42da-8acb-6f64174b48c5,0.024742,0.021031,0.003711,,,,,,,,,
0b514fe61b28410bbc3b19211e84c1ba,2026-03-21T00:00:00Z/2026-03-21T01:00:00Z,112233445566,2026-03-01T00:00:00Z,2026-04-01T00:00:00Z,AWS,112233445566,DiscountedUsage,2026-03-21T00:00:00Z,2026-03-21T01:00:00Z,AmazonEC2,USEA-BoxUsage:t3.medium,RunInstances,us-east-1a,i-08c17060481d0498c,1.0,2.0,2.0,0.0,0.0,0.02668,0.02668,Hrs,0.0416,0.0416,Amazon Elastic Compute Cloud,t3.medium,2,4 GiB,Linux,us-east-1,AmazonEC2,platform,prod,CC100,arn:aws:ec2:us-east-1:112233445566:reserved-instances/92a587c9-8982-42da-8acb-6f64174b48c5,0.02668,0.022678,0.004002,,,,,,,,,
ad958aa9a2834a379e12bb16610e947f,2026-03-21T10:00:00Z/2026-03-21T11:00:00Z,112233445566,2026-03-01T00:00:00Z,2026-04-01T00:00:00Z,AWS,112233445566,DiscountedUsage,2026-03-21T10:00:00Z,2026-03-21T11:00:00Z,AmazonEC2,USEA-BoxUsage:t3.medium,RunInstances,us-east-1a,i-08c17060481d0498c,1.0,2.0,2.0,0.0,0.0,0.027638,0.027638,Hrs,0.0416,0.0416,Amazon Elastic Compute Cloud,t3.medium,2,4 GiB,Linux,us-east-1,AmazonEC2,platform,prod,CC100,arn:aws:ec2:us-east-1:112233445566:reserved-instances/92a587c9-8982-42da-8acb-6f64174b48c5,0.027638,0.023492,0.004146,,,,,,,,,
621cdef919534323a913a758b5567178,2026-03-21T20:00:00Z/2026-03-21T21:00:00Z,112233445566,2026-03-01T00:00:00Z,2026-04-01T00:00:00Z,AWS,112233445566,DiscountedUsage,2026-03-21T20:00:00Z,2026-03-21T21:00:00Z,AmazonEC2,USEA-BoxUsage:t3.medium,RunInstances,us-east-1a,i-08c17060481d0498c,1.0,2.0,2.0,0.0,0.0,0.027739,0.027739,Hrs,0.0416,0.0416,Amazon Elastic Compute Cloud,t3.medium,2,4 GiB,Linux,us-east-1,AmazonEC2,platform,prod,CC100,arn:aws:ec2:us-east-1:112233445566:reserved-instances/92a587c9-8982-42da-8acb-6f64174b48c5,0.027739,0.023578,0.004161,,,,,,,,,
9fcc5859af994fc597a0b921fcbda13b,2026-03-22T06:00:00Z/2026-03-22T07:00:00Z,112233445566,2026-03-01T00:00:00Z,2026-04-01T00:00:00Z,AWS,112233445566,DiscountedUsage,2026-03-22T06:00:00Z,2026-03-22T07:00:00Z,AmazonEC2,USEA-BoxUsage:t3.medium,RunInstances,us-east-1a,i-08c17060481d0498c,1.0,2.0,2.0,0.0,0.0,0.022884,0.022884,Hrs,0.0416,0.0416,Amazon Elastic Compute Cloud,t3.medium,2,4 GiB,Linux,us-east-1,AmazonEC2,platform,prod,CC100,arn:aws:ec2:us-east-1:112233445566:reserved-instances/92a587c9-8982-42da-8acb-6f64174b48c5,0.022884,0.019451,0.003433,,,,,,,,,
42a2bede99f241eba1511690e1f4d951,2026-03-22T16:00:00Z/2026-03-22T17:00:00Z,112233445566,2026-03-01T00:00:00Z,2026-04-01T00:00:00Z,AWS,112233445566,DiscountedUsage,2026-03-22T16:00:00Z,2026-03-22T17:00:00Z,AmazonEC2,USEA-BoxUsage:t3.medium,RunInstances,us-east-1a,i-08c17060481d0498c,1.0,2.0,2.0,0.0,0.0,0.023002,0.023002,Hrs,0.0416,0.0416,Amazon Elastic Compute Cloud,t3.medium,2,4 GiB,Linux,us-east-1,AmazonEC2,platform,prod,CC100,arn:aws:ec2:us-east-1:112233445566:reserved-instances/92a587c9-8982-42da-8acb-6f64174b48c5,0.023002,0.019552,0.00345,,,,,,,,,
06fdd7aca55e40d7a9d25127664ff7ba,2026-03-23T02:00:00Z/2026-03-23T03:00:00Z,112233445566,2026-03-01T00:00:00Z,2026-04-01T00:00:00Z,AWS,112233445566,DiscountedUsage,2026-03-23T02:00:00Z,2026-03-23T03:00:00Z,AmazonEC2,USEA-BoxUsage:t3.medium,RunInstances,us-east-1a,i-08c17060481d0498c,1.0,2.0,2.0,0.0,0.0,0.028363,0.028363,Hrs,0.0416,0.0416,Amazon Elastic Compute Cloud,t3.medium,2,4 GiB,Linux,us-east-1,AmazonEC2,platform,prod,CC100,arn:aws:ec2:us-east-1:112233445566:reserved-instances/92a587c9-8982-42da-8acb-6f64174b48c5,0.028363,0.024109,0.004254,,,,,,,,,
879982798a0f4874a84029ae6e404d82,2026-03-23T12:00:00Z/2026-03-23T13:00:00Z,112233445566,2026-03-01T00:00:00Z,2026-04-01T00:00:00Z,AWS,112233445566,DiscountedUsage,2026-03-23T12:00:00Z,2026-03-23T13:00:00Z,AmazonEC2,USEA-BoxUsage:t3.medium,RunInstances,us-east-1a,i-08c17060481d0498c,1.0,2.0,2.0,0.0,0.0,0.024799,0.024799,Hrs,0.0416,0.0416,Amazon Elastic Compute Cloud,t3.medium,2,4 GiB,Linux,us-east-1,AmazonEC2,platform,prod,CC100,arn:aws:ec2:us-east-1:112233445566:reserved-instances/92a587c9-8982-42da-8acb-6f64174b48c5,0.024799,0.021079,0.00372,,,,,,,,,
e2549dfcf4ef4cb5971dc6d1c9297ea7,2026-03-23T22:00:00Z/2026-03-23T23:00:00Z,112233445566,2026-03-01T00:00:00Z,2026-04-01T00:00:00Z,AWS,112233445566,DiscountedUsage,2026-03-23T22:00:00Z,2026-03-23T23:00:00Z,AmazonEC2,USEA-BoxUsage:t3.medium,RunInstances,us-east-1a,i-08c17060481d0498c,1.0,2.0,2.0,0.0,0.0,0.028359,0.028359,Hrs,0.0416,0.0416,Amazon Elastic Compute Cloud,t3.medium,2,4 GiB,Linux,us-east-1,AmazonEC2,platform,prod,CC100,arn:aws:ec2:us-east-1:112233445566:reserved-instances/92a587c9-8982-42da-8acb-6f64174b48c5,0.028359,0.024105,0.004254,,,,,,,,,
86647102d18a47e7a023914df48ec558,2026-03-24T08:00:00Z/2026-03-24T09:00:00Z,112233445566,2026-03-01T00:00:00Z,2026-04-01T00:00:00Z,AWS,112233445566,DiscountedUsage,2026-03-24T08:00:00Z,2026-03-24T09:00:00Z,AmazonEC2,USEA-BoxUsage:t3.medium,RunInstances,us-east-1a,i-08c17060481d0498c,1.0,2.0,2.0,0.0,0.0,0.023414,0.023414,Hrs,0.0416,0.0416,Amazon Elastic Compute Cloud,t3.medium,2,4 GiB,Linux,us-east-1,AmazonEC2,platform,prod,CC100,arn:aws:ec2:us-east-1:112233445566:reserved-instances/92a587c9-8982-42da-8acb-6f64174b48c5,0.023414,0.019902,0.003512,,,,,,,,,
7fa6c30d2892455ea6dd06e32b57c1aa,2026-03-24T18:00:00Z/2026-03-24T19:00:00Z,112233445566,2026-03-01T00:00:00Z,2026-04-01T00:00:00Z,AWS,112233445566,DiscountedUsage,2026-03-24T18:00:00Z,2026-03-24T19:00:00Z,AmazonEC2,USEA-BoxUsage:t3.medium,RunInstances,us-east-1a,i-08c17060481d0498c,1.0,2.0,2.0,0.0,0.0,0.023312,0.023312,Hrs,0.0416,0.0416,Amazon Elastic Compute Cloud,t3.medium,2,4 GiB,Linux,us-east-1,AmazonEC2,platform,prod,CC100,arn:aws:ec2:us-east-1:112233445566:reserved-instances/92a587c9-8982-42da-8acb-6f64174b48c5,0.023312,0.019815,0.003497,,,,,,,,,
3bf9b76391d440b2beb5bb703253681a,2026-03-25T04:00:00Z/2026-03-25T05:00:00Z,112233445566,2026-03-01T00:00:00Z,2026-04-01T00:00:00Z,AWS,112233445566,DiscountedUsage,2026-03-25T04:00:00Z,2026-03-25T05:00:00Z,AmazonEC2,USEA-BoxUsage:t3.medium,RunInstances,us-east-1a,i-08c17060481d0498c,1.0,2.0,2.0,0.0,0.0,0.027659,0.027659,Hrs,0.0416,0.0416,Amazon Elastic Compute Cloud,t3.medium,2,4 GiB,Linux,us-east-1,AmazonEC2,platform,prod,CC100,arn:aws:ec2:us-east-1:112233445566:reserved-instances/92a587c9-8982-42da-8acb-6f64174b48c5,0.027659,0.02351,0.004149,,,,,,,,,
9c6b9c8366c846e2a052fb06d858d05e,2026-03-25T14:00:00Z/2026-03-25T15:00:00Z,112233445566,2026-03-01T00:00:00Z,2026-04-01T00:00:00Z,AWS,112233445566,DiscountedUsage,2026-03-25T14:00:00Z,2026-03-25T15:00:00Z,AmazonEC2,USEA-BoxUsage:t3.medium,RunInstances,us-east-1a,i-08c17060481d0498c,1.0,2.0,2.0,0.0,0.0,0.025846,0.025846,Hrs,0.0416,0.0416,Amazon Elastic Compute Cloud,t3.medium,2,4 GiB,Linux,us-east-1,AmazonEC2,platform,prod,CC100,arn:aws:ec2:us-east-1:112233445566:reserved-instances/92a587c9-8982-42da-8acb-6f64174b48c5,0.025846,0.021969,0.003877,,,,,,,,,
287045506de84bb2bd696d2fff07306e,2026-03-26T00:00:00Z/2026-03-26T01:00:00Z,112233445566,2026-03-01T00:00:00Z,2026-04-01T00:00:00Z,AWS,112233445566,DiscountedUsage,2026-03-26T00:00:00Z,2026-03-26T01:00:00Z,AmazonEC2,USEA-BoxUsage:t3.medium,RunInstances,us-east-1a,i-08c17060481d0498c,1.0,2.0,2.0,0.0,0.0,0.024534,0.024534,Hrs,0.0416,0.0416,Amazon Elastic Compute Cloud,t3.medium,2,4 GiB,Linux,us-east-1,AmazonEC2,platform,prod,CC100,arn:aws:ec2:us-east-1:112233445566:reserved-instances/92a587c9-8982-42da-8acb-6f64174b48c5,0.024534,0.020854,0.00368,,,,,,,,,
32cf52a54d4c485e92451f65d859c18f,2026-03-26T10:00:00Z/2026-03-26T11:00:00Z,112233445566,2026-03-01T00:00:00Z,2026-04-01T00:00:00Z,AWS,112233445566,DiscountedUsage,2026-03-26T10:00:00Z,2026-03-26T11:00:00Z,AmazonEC2,USEA-BoxUsage:t3.medium,RunInstances,us-east-1a,i-08c17060481d0498c,1.0,2.0,2.0,0.0,0.0,0.02552,0.02552,Hrs,0.0416,0.0416,Amazon Elastic Compute Cloud,t3.medium,2,4 GiB,Linux,us-east-1,AmazonEC2,platform,prod,CC100,arn:aws:ec2:us-east-1:112233445566:reserved-instances/92a587c9-8982-42da-8acb-6f64174b48c5,0.02552,0.021692,0.003828,,,,,,,,,
12fa11bd19764f4c99c71fef79193049,2026-03-26T20:00:00Z/2026-03-26T21:00:00Z,112233445566,2026-03-01T00:00:00Z,2026-04-01T00:00:00Z,AWS,112233445566,DiscountedUsage,2026-03-26T20:00:00Z,2026-03-26T21:00:00Z,AmazonEC2,USEA-BoxUsage:t3.medium,RunInstances,us-east-1a,i-08c17060481d0498c,1.0,2.0,2.0,0.0,0.0,0.026245,0.026245,Hrs,0.0416,0.0416,Amazon Elastic Compute Cloud,t3.medium,2,4 GiB,Linux,us-east-1,AmazonEC2,platform,prod,CC100,arn:aws:ec2:us-east-1:112233445566:reserved-instances/92a587c9-8982-42da-8acb-6f64174b48c5,0.026245,0.022308,0.003937,,,,,,,,,
78a55ad0b9754f33839fcafefc15961f,2026-03-27T06:00:00Z/2026-03-27T07:00:00Z,112233445566,2026-03-01T00:00:00Z,2026-04-01T00:00:00Z,AWS,112233445566,DiscountedUsage,2026-03-27T06:00:00Z,2026-03-27T07:00:00Z,AmazonEC2,USEA-BoxUsage:t3.medium,RunInstances,us-east-1a,i-08c17060481d0498c,1.0,2.0,2.0,0.0,0.0,0.024135,0.024135,Hrs,0.0416,0.0416,Amazon Elastic Compute Cloud,t3.medium,2,4 GiB,Linux,us-east-1,AmazonEC2,platform,prod,CC100,arn:aws:ec2:us-east-1:112233445566:reserved-instances/92a587c9-8982-42da-8acb-6f64174b48c5,0.024135,0.020515,0.00362,,,,,,,,,
ba100a403e064f1b8c6c71ce218cb81a,2026-03-27T16:00:00Z/2026-03-27T17:00:00Z,112233445566,2026-03-01T00:00:00Z,2026-04-01T00:00:00Z,AWS,112233445566,DiscountedUsage,2026-03-27T16:00:00Z,2026-03-27T17:00:00Z,AmazonEC2,USEA-BoxUsage:t3.medium,RunInstances,us-east-1a,i-08c17060481d0498c,1.0,2.0,2.0,0.0,0.0,0.02909,0.02909,Hrs,0.0416,0.0416,Amazon Elastic Compute Cloud,t3.medium,2,4 GiB,Linux,us-east-1,AmazonEC2,platform,prod,CC100,arn:aws:ec2:us-east-1:112233445566:reserved-instances/92a587c9-8982-42da-8acb-6f64174b48c5,0.02909,0.024727,0.004364,,,,,,,,,
7145566b13264bfeaab5c5049b377980,2026-03-28T02:00:00Z/2026-03-28T03:00:00Z,112233445566,2026-03-01T00:00:00Z,2026-04-01T00:00:00Z,AWS,112233445566,DiscountedUsage,2026-03-28T02:00:00Z,2026-03-28T03:00:00Z,AmazonEC2,USEA-BoxUsage:t3.medium,RunInstances,us-east-1a,i-08c17060481d0498c,1.0,2.0,2.0,0.0,0.0,0.025614,0.025614,Hrs,0.0416,0.0416,Amazon Elastic Compute Cloud,t3.medium,2,4 GiB,Linux,us-east-1,AmazonEC2,platform,prod,CC100,arn:aws:ec2:us-east-1:112233445566:reserved-instances/92a587c9-8982-42da-8acb-6f64174b48c5,0.025614,0.021772,0.003842,,,,,,,,,
59114db94e2b4b628216139f288dbd6c,2026-03-28T12:00:00Z/2026-03-28T13:00:00Z,112233445566,2026-03-01T00:00:00Z,2026-04-01T00:00:00Z,AWS,112233445566,DiscountedUsage,2026-03-28T12:00:00Z,2026-03-28T13:00:00Z,AmazonEC2,USEA-BoxUsage:t3.medium,RunInstances,us-east-1a,i-08c17060481d0498c,1.0,2.0,2.0,0.0,0.0,0.023635,0.023635,Hrs,0.0416,0.0416,Amazon Elastic Compute Cloud,t3.medium,2,4 GiB,Linux,us-east-1,AmazonEC2,platform,prod,CC100,arn:aws:ec2:us-east-1:112233445566:reserved-instances/92a587c9-8982-42da-8acb-6f64174b48c5,0.023635,0.02009,0.003545,,,,,,,,,
5318179678064dbe980e93e851c8f463,2026-03-28T22:00:00Z/2026-03-28T23:00:00Z,112233445566,2026-03-01T00:00:00Z,2026-04-01T00:00:00Z,AWS,112233445566,DiscountedUsage,2026-03-28T22:00:00Z,2026-03-28T23:00:00Z,AmazonEC2,USEA-BoxUsage:t3.medium,RunInstances,us-east-1a,i-08c17060481d0498c,1.0,2.0,2.0,0.0,0.0,0.02499,0.02499,Hrs,0.0416,0.0416,Amazon Elastic Compute Cloud,t3.medium,2,4 GiB,Linux,us-east-1,AmazonEC2,platform,prod,CC100,arn:aws:ec2:us-east-1:112233445566:reserved-instances/92a587c9-8982-42da-8acb-6f64174b48c5,0.02499,0.021241,0.003748,,,,,,,,,
0235aebfba114e82b27c558af875f630,2026-03-29T08:00:00Z/2026-03-29T09:00:00Z,112233445566,2026-03-01T00:00:00Z,2026-04-01T00:00:00Z,AWS,112233445566,DiscountedUsage,2026-03-29T08:00:00Z,2026-03-29T09:00:00Z,AmazonEC2,USEA-BoxUsage:t3.medium,RunInstances,us-east-1a,i-08c17060481d0498c,1.0,2.0,2.0,0.0,0.0,0.024316,0.024316,Hrs,0.0416,0.0416,Amazon Elastic Compute Cloud,t3.medium,2,4 GiB,Linux,us-east-1,AmazonEC2,platform,prod,CC100,arn:aws:ec2:us-east-1:112233445566:reserved-instances/92a587c9-8982-42da-8acb-6f64174b48c5,0.024316,0.020669,0.003647,,,,,,,,,
c1afc140dba94a178a23abad31e33194,2026-03-29T18:00:00Z/2026-03-29T19:00:00Z,112233445566,2026-03-01T00:00:00Z,2026-04-01T00:00:00Z,AWS,112233445566,DiscountedUsage,2026-03-29T18:00:00Z,2026-03-29T19:00:00Z,AmazonEC2,USEA-BoxUsage:t3.medium,RunInstances,us-east-1a,i-08c17060481d0498c,1.0,2.0,2.0,0.0,0.0,0.023323,0.023323,Hrs,0.0416,0.0416,Amazon Elastic Compute Cloud,t3.medium,2,4 GiB,Linux,us-east-1,AmazonEC2,platform,prod,CC100,arn:aws:ec2:us-east-1:112233445566:reserved-instances/92a587c9-8982-42da-8acb-6f64174b48c5,0.023323,0.019825,0.003498,,,,,,,,,
622cd9a35b5e4d93b2f69ddaa82e947e,2026-03-30T04:00:00Z/2026-03-30T05:00:00Z,112233445566,2026-03-01T00:00:00Z,2026-04-01T00:00:00Z,AWS,112233445566,DiscountedUsage,2026-03-30T04:00:00Z,2026-03-30T05:00:00Z,AmazonEC2,USEA-BoxUsage:t3.medium,RunInstances,us-east-1a,i-08c17060481d0498c,1.0,2.0,2.0,0.0,0.0,0.024309,0.024309,Hrs,0.0416,0.0416,Amazon Elastic Compute Cloud,t3.medium,2,4 GiB,Linux,us-east-1,AmazonEC2,platform,prod,CC100,arn:aws:ec2:us-east-1:112233445566:reserved-instances/92a587c9-8982-42da-8acb-6f64174b48c5,0.024309,0.020663,0.003646,,,,,,,,,
638d68eb12d74fe092b9a0fee707126e,2026-03-30T14:00:00Z/2026-03-30T15:00:00Z,112233445566,2026-03-01T00:00:00Z,2026-04-01T00:00:00Z,AWS,112233445566,DiscountedUsage,2026-03-30T14:00:00Z,2026-03-30T15:00:00Z,AmazonEC2,USEA-BoxUsage:t3.medium,RunInstances,us-east-1a,i-08c17060481d0498c,1.0,2.0,2.0,0.0,0.0,0.028244,0.028244,Hrs,0.0416,0.0416,Amazon Elastic Compute Cloud,t3.medium,2,4 GiB,Linux,us-east-1,AmazonEC2,platform,prod,CC100,arn:aws:ec2:us-east-1:112233445566:reserved-instances/92a587c9-8982-42da-8acb-6f64174b48c5,0.028244,0.024007,0.004237,,,,,,,,,
911b0c0bf419476db111ce484e109569,2026-03-01T00:00:00Z/2026-03-01T01:00:00Z,112233445566,2026-03-01T00:00:00Z,2026-04-01T00:00:00Z,AWS,112233445566,Usage,2026-03-01T00:00:00Z,2026-03-01T01:00:00Z,AmazonEC2,USEA-BoxUsage:t3.medium,RunInstances,us-east-1a,i-099c9c6e9cf634aae,1.0,2.0,2.0,0.0416,0.0416,0.04051,0.042303,Hrs,0.0416,0.0416,Amazon Elastic Compute Cloud,t3.medium,2,4 GiB,Linux,us-east-1,AmazonEC2,platform,prod,CC100,,,,,,,,,,,,,
32dd32300b26417d917a638545ab57f2,2026-03-01T10:00:00Z/2026-03-01T11:00:00Z,112233445566,2026-03-01T00:00:00Z,2026-04-01T00:00:00Z,AWS,112233445566,Usage,2026-03-01T10:00:00Z,2026-03-01T11:00:00Z,AmazonEC2,USEA-BoxUsage:t3.medium,RunInstances,us-east-1a,i-099c9c6e9cf634aae,1.0,2.0,2.0,0.0416,0.0416,0.04007,0.043412,Hrs,0.0416,0.0416,Amazon Elastic Compute Cloud,t3.medium,2,4 GiB,Linux,us-east-1,AmazonEC2,platform,prod,CC100,,,,,,,,,,,,,
71282407a06845b8b6314048efc27d47,2026-03-01T20:00:00Z/2026-03-01T21:00:00Z,112233445566,2026-03-01T00:00:00Z,2026-04-01T00:00:00Z,AWS,112233445566,Usage,2026-03-01T20:00:00Z,2026-03-01T21:00:00Z,AmazonEC2,USEA-BoxUsage:t3.medium,RunInstances,us-east-1a,i-099c9c6e9cf634aae,1.0,2.0,2.0,0.0416,0.0416,0.041486,0.042784,Hrs,0.0416,0.0416,Amazon Elastic Compute Cloud,t3.medium,2,4 GiB,Linux,us-east-1,AmazonEC2,platform,prod,CC100,,,,,,,,,,,,,
c368c4c72d0e426899e3bae30b4ab6f3,2026-03-02T06:00:00Z/2026-03-02T07:00:00Z,112233445566,2026-03-01T00:00:00Z,2026-04-01T00:00:00Z,AWS,112233445566,Usage,2026-03-02T06:00:00Z,2026-03-02T07:00:00Z,AmazonEC2,USEA-BoxUsage:t3.medium,RunInstances,us-east-1a,i-099c9c6e9cf634aae,1.0,2.0,2.0,0.0416,0.0416,0.040312,0.039923,Hrs,0.0416,0.0416,Amazon Elastic Compute Cloud,t3.medium,2,4 GiB,Linux,us-east-1,AmazonEC2,platform,prod,CC100,,,,,,,,,,,,,
0ca797e6963242399c423d35876a0b55,2026-03-02T16:00:00Z/2026-03-02T17:00:00Z,112233445566,2026-03-01T00:00:00Z,2026-04-01T00:00:00Z,AWS,112233445566,Usage,2026-03-02T16:00:00Z,2026-03-02T17:00:00Z,AmazonEC2,USEA-BoxUsage:t3.medium,RunInstances,us-east-1a,i-099c9c6e9cf634aae,1.0,2.0,2.0,0.0416,0.0416,0.041282,0.041463,Hrs,0.0416,0.0416,Amazon Elastic Compute Cloud,t3.medium,2,4 GiB,Linux,us-east-1,AmazonEC2,platform,prod,CC100,,,,,,,,,,,,,
b8ca125107334d68b08f8688cdc84c22,2026-03-03T02:00:00Z/2026-03-03T03:00:00Z,112233445566,2026-03-01T00:00:00Z,2026-04-01T00:00:00Z,AWS,112233445566,Usage,2026-03-03T02:00:00Z,2026-03-03T03:00:00Z,AmazonEC2,USEA-BoxUsage:t3.medium,RunInstances,us-east-1a,i-099c9c6e9cf634aae,1.0,2.0,2.0,0.0416,0.0416,0.042321,0.043614,Hrs,0.0416,0.0416,Amazon Elastic Compute Cloud,t3.medium,2,4 GiB,Linux,us-east-1,AmazonEC2,platform,prod,CC100,,,,,,,,,,,,,
df87722811614c799f89ba17017bca3d,2026-03-03T12:00:00Z/2026-03-03T13:00:00Z,112233445566,2026-03-01T00:00:00Z,2026-04-01T00:00:00Z,AWS,112233445566,Usage,2026-03-03T12:00:00Z,2026-03-03T13:00:00Z,AmazonEC2,USEA-BoxUsage:t3.medium,RunInstances,us-east-1a,i-099c9c6e9cf634aae,1.0,2.0,2.0,0.0416,0.0416,0.041195,0.040931,Hrs,0.0416,0.0416,Amazon Elastic Compute Cloud,t3.medium,2,4 GiB,Linux,us-east-1,AmazonEC2,platform,prod,CC100,,,,,,,,,,,,,
66a1d1697ac942468ffaea89e9e19fe0,2026-03-03T22:00:00Z/2026-03-03T23:00:00Z,112233445566,2026-03-01T00:00:00Z,2026-04-01T00:00:00Z,AWS,112233445566,Usage,2026-03-03T22:00:00Z,2026-03-03T23:00:00Z,AmazonEC2,USEA-BoxUsage:t3.medium,RunInstances,us-east-1a,i-099c9c6e9cf634aae,1.0,2.0,2.0,0.0416,0.0416,0.040554,0.040311,Hrs,0.0416,0.0416,Amazon Elastic Compute Cloud,t3.medium,2,4 GiB,Linux,us-east-1,AmazonEC2,platform,prod,CC100,,,,,,,,,,,,,
ab383ac61c1d468b88fd4482541967ba,2026-03-04T08:00:00Z/2026-03-04T09:00:00Z,112233445566,2026-03-01T00:00:00Z,2026-04-01T00:00:00Z,AWS,112233445566,Usage,2026-03-04T08:00:00Z,2026-03-04T09:00:00Z,AmazonEC2,USEA-BoxUsage:t3.medium,RunInstances,us-east-1a,i-099c9c6e9cf634aae,1.0,2.0,2.0,0.0416,0.0416,0.041275,0.040679,Hrs,0.0416,0.0416,Amazon Elastic Compute Cloud,t3.medium,2,4 GiB,Linux,us-east-1,AmazonEC2,platform,prod,CC100,,,,,,,,,,,,,
339fb28bdfe9416f94fc30220789962f,2026-03-04T18:00:00Z/2026-03-04T19:00:00Z,112233445566,2026-03-01T00:00:00Z,2026-04-01T00:00:00Z,AWS,112233445566,Usage,2026-03-04T18:00:00Z,2026-03-04T19:00:00Z,AmazonEC2,USEA-BoxUsage:t3.medium,RunInstances,us-east-1a,i-099c9c6e9cf634aae,1.0,2.0,2.0,0.0416,0.0416,0.043361,0.041363,Hrs,0.0416,0.0416,Amazon Elastic Compute Cloud,t3.medium,2,4 GiB,Linux,us-east-1,AmazonEC2,platform,prod,CC100,,,,,,,,,,,,,
470ea5c7cc8745b8a8be19e16f7aece7,2026-03-05T04:00:00Z/2026-03-05T05:00:00Z,112233445566,2026-03-01T00:00:00Z,2026-04-01T00:00:00Z,AWS,112233445566,Usage,2026-03-05T04:00:00Z,2026-03-05T05:00:00Z,AmazonEC2,USEA-BoxUsage:t3.medium,RunInstances,us-east-1a,i-099c9c6e9cf634aae,1.0,2.0,2.0,0.0416,0.0416,0.041809,0.03973,Hrs,0.0416,0.0416,Amazon Elastic Compute Cloud,t3.medium,2,4 GiB,Linux,us-east-1,AmazonEC2,platform,prod,CC100,,,,,,,,,,,,,
d2b5c039ab2d477d92f19615564d37d6,2026-03-05T14:00:00Z/2026-03-05T15:00:00Z,112233445566,2026-03-01T00:00:00Z,2026-04-01T00:00:00Z,AWS,112233445566,Usage,2026-03-05T14:00:00Z,2026-03-05T15:00:00Z,AmazonEC2,USEA-BoxUsage:t3.medium,RunInstances,us-east-1a,i-099c9c6e9cf634aae,1.0,2.0,2.0,0.0416,0.0416,0.042998,0.043551,Hrs,0.0416,0.0416,Amazon Elastic Compute Cloud,t3.medium,2,4 GiB,Linux,us-east-1,AmazonEC2,platform,prod,CC100,,,,,,,,,,,,,
e6510f100ce34e348ba16512fb35cf1a,2026-03-06T00:00:00Z/2026-03-06T01:00:00Z,112233445566,2026-03-01T00:00:00Z,2026-04-01T00:00:00Z,AWS,112233445566,Usage,2026-03-06T00:00:00Z,2026-03-06T01:00:00Z,AmazonEC2,USEA-BoxUsage:t3.medium,RunInstances,us-east-1a,i-099c9c6e9cf634aae,1.0,2.0,2.0,0.0416,0.0416,0.043051,0.040212,Hrs,0.0416,0.0416,Amazon Elastic Compute Cloud,t3.medium,2,4 GiB,Linux,us-east-1,AmazonEC2,platform,prod,CC100,,,,,,,,,,,,,
1ca4d9b9846a4445bc023799d08b76db,2026-03-06T10:00:00Z/2026-03-06T11:00:00Z,112233445566,2026-03-01T00:00:00Z,2026-04-01T00:00:00Z,AWS,112233445566,Usage,2026-03-06T10:00:00Z,2026-03-06T11:00:00Z,AmazonEC2,USEA-BoxUsage:t3.medium,RunInstances,us-east-1a,i-099c9c6e9cf634aae,1.0,2.0,2.0,0.0416,0.0416,0.040409,0.041188,Hrs,0.0416,0.0416,Amazon Elastic Compute Cloud,t3.medium,2,4 GiB,Linux,us-east-1,AmazonEC2,platform,prod,CC100,,,,,,,,,,,,,
49a2b213d6f44ef1a362c437e4679ff5,2026-03-06T20:00:00Z/2026-03-06T21:00:00Z,112233445566,2026-03-01T00:00:00Z,2026-04-01T00:00:00Z,AWS,112233445566,Usage,2026-03-06T20:00:00Z,2026-03-06T21:00:00Z,AmazonEC2,USEA-BoxUsage:t3.medium,RunInstances,us-east-1a,i-099c9c6e9cf634aae,1.0,2.0,2.0,0.0416,0.0416,0.041097,0.043619,Hrs,0.0416,0.0416,Amazon Elastic Compute Cloud,t3.medium,2,4 GiB,Linux,us-east-1,AmazonEC2,platform,prod,CC100,,,,,,,,,,,,,
f06de6696b79409e86bb19c802e9819a,2026-03-07T06:00:00Z/2026-03-07T07:00:00Z,112233445566,2026-03-01T00:00:00Z,2026-04-01T00:00:00Z,AWS,112233445566,Usage,2026-03-07T06:00:00Z,2026-03-07T07:00:00Z,AmazonEC2,USEA-BoxUsage:t3.medium,RunInstances,us-east-1a,i-099c9c6e9cf634aae,1.0,2.0,2.0,0.0416,0.0416,0.042782,0.041413,Hrs,0.0416,0.0416,Amazon Elastic Compute Cloud,t3.medium,2,4 GiB,Linux,us-east-1,AmazonEC2,platform,prod,CC100,,,,,,,,,,,,,
62e129a046bd4bf189311140c1ef8f5f,2026-03-07T16:00:00Z/2026-03-07T17:00:00Z,112233445566,2026-03-01T00:00:00Z,2026-04-01T00:00:00Z,AWS,112233445566,Usage,2026-03-07T16:00:00Z,2026-03-07T17:00:00Z,AmazonEC2,USEA-BoxUsage:t3.medium,RunInstances,us-east-1a,i-099c9c6e9cf634aae,1.0,2.0,2.0,0.0416,0.0416,0.043502,0.043661,Hrs,0.0416,0.0416,Amazon Elastic Compute Cloud,t3.medium,2,4 GiB,Linux,us-east-1,AmazonEC2,platform,prod,CC100,,,,,,,,,,,,,
ab9d6076ecba4c5a90876ba62483aa7a,2026-03-08T02:00:00Z/2026-03-08T03:00:00Z,112233445566,2026-03-01T00:00:00Z,2026-04-01T00:00:00Z,AWS,112233445566,Usage,2026-03-08T02:00:00Z,2026-03-08T03:00:00Z,AmazonEC2,USEA-BoxUsage:t3.medium,RunInstances,us-east-1a,i-099c9c6e9cf634aae,1.0,2.0,2.0,0.0416,0.0416,0.042509,0.040164,Hrs,0.0416,0.0416,Amazon Elastic Compute Cloud,t3.medium,2,4 GiB,Linux,us-east-1,AmazonEC2,platform,prod,CC100,,,,,,,,,,,,,
007830cd846a4b349ee18ffb276b5d08,2026-03-08T12:00:00Z/2026-03-08T13:00:00Z,112233445566,2026-03-01T00:00:00Z,2026-04-01T00:00:00Z,AWS,112233445566,Usage,2026-03-08T12:00:00Z,2026-03-08T13:00:00Z,AmazonEC2,USEA-BoxUsage:t3.medium,RunInstances,us-east-1a,i-099c9c6e9cf634aae,1.0,2.0,2.0,0.0416,0.0416,0.04355,0.041929,Hrs,0.0416,0.0416,Amazon Elastic Compute Cloud,t3.medium,2,4 GiB,Linux,us-east-1,AmazonEC2,platform,prod,CC100,,,,,,,,,,,,,
303e7407c5d94a61be726b088a2b3670,2026-03-08T22:00:00Z/2026-03-08T23:00:00Z,112233445566,2026-03-01T00:00:00Z,2026-04-01T00:00:00Z,AWS,112233445566,Usage,2026-03-08T22:00:00Z,2026-03-08T23:00:00Z,AmazonEC2,USEA-BoxUsage:t3.medium,RunInstances,us-east-1a,i-099c9c6e9cf634aae,1.0,2.0,2.0,0.0416,0.0416,0.042632,0.039758,Hrs,0.0416,0.0416,Amazon Elastic Compute Cloud,t3.medium,2,4 GiB,Linux,us-east-1,AmazonEC2,platform,prod,CC100,,,,,,,,,,,,,
5ea70241f68f4539b80f3daa2ae3dfbe,2026-03-09T08:00:00Z/2026-03-09T09:00:00Z,112233445566,2026-03-01T00:00:00Z,2026-04-01T00:00:00Z,AWS,112233445566,Usage,2026-03-09T08:00:00Z,2026-03-09T09:00:00Z,AmazonEC2,USEA-BoxUsage:t3.medium,RunInstances,us-east-1a,i-099c9c6e9cf634aae,1.0,2.0,2.0,0.0416,0.0416,0.041612,0.043067,Hrs,0.0416,0.0416,Amazon Elastic Compute Cloud,t3.medium,2,4 GiB,Linux,us-east-1,AmazonEC2,platform,prod,CC100,,,,,,,,,,,,,
0798780e2d9b4e9d88a31c1ca70b76de,2026-03-09T18:00:00Z/2026-03-09T19:00:00Z,112233445566,2026-03-01T00:00:00Z,2026-04-01T00:00:00Z,AWS,112233445566,Usage,2026-03-09T18:00:00Z,2026-03-09T19:00:00Z,AmazonEC2,USEA-BoxUsage:t3.medium,RunInstances,us-east-1a,i-099c9c6e9cf634aae,1.0,2.0,2.0,0.0416,0.0416,0.043517,0.039853,Hrs,0.0416,0.0416,Amazon Elastic Compute Cloud,t3.medium,2,4 GiB,Linux,us-east-1,AmazonEC2,platform,prod,CC100,,,,,,,,,,,,,
ae4111bfd0c640dca868520131517bef,2026-03-10T04:00:00Z/2026-03-10T05:00:00Z,112233445566,2026-03-01T00:00:00Z,2026-04-01T00:00:00Z,AWS,112233445566,Usage,2026-03-10T04:00:00Z,2026-03-10T05:00:00Z,AmazonEC2,USEA-BoxUsage:t3.medium,RunInstances,us-east-1a,i-099c9c6e9cf634aae,1.0,2.0,2.0,0.0416,0.0416,0.041995,0.042329,Hrs,0.0416,0.0416,Amazon Elastic Compute Cloud,t3.medium,2,4 GiB,Linux,us-east-1,AmazonEC2,platform,prod,CC100,,,,,,,,,,,,,
7358733adcbb4768bd41ba7a4cf7c090,2026-03-10T14:00:00Z/2026-03-10T15:00:00Z,112233445566,2026-03-01T00:00:00Z,2026-04-01T00:00:00Z,AWS,112233445566,Usage,2026-03-10T14:00:00Z,2026-03-10T15:00:00Z,AmazonEC2,USEA-BoxUsage:t3.medium,RunInstances,us-east-1a,i-099c9c6e9cf634aae,1.0,2.0,2.0,0.0416,0.0416,0.040019,0.043224,Hrs,0.0416,0.0416,Amazon Elastic Compute Cloud,t3.medium,2,4 GiB,Linux,us-east-1,AmazonEC2,platform,prod,CC100,,,,,,,,,,,,,
4dcad59037f841389cf78d7ef08acf38,2026-03-11T00:00:00Z/2026-03-11T01:00:00Z,112233445566,2026-03-01T00:00:00Z,2026-04-01T00:00:00Z,AWS,112233445566,Usage,2026-03-11T00:00:00Z,2026-03-11T01:00:00Z,AmazonEC2,USEA-BoxUsage:t3.medium,RunInstances,us-east-1a,i-099c9c6e9cf634aae,1.0,2.0,2.0,0.0416,0.0416,0.041993,0.042097,Hrs,0.0416,0.0416,Amazon Elastic Compute Cloud,t3.medium,2,4 GiB,Linux,us-east-1,AmazonEC2,platform,prod,CC100,,,,,,,,,,,,,
f881df50c80643709d03c67cd588a7fc,2026-03-11T10:00:00Z/2026-03-11T11:00:00Z,112233445566,2026-03-01T00:00:00Z,2026-04-01T00:00:00Z,AWS,112233445566,Usage,2026-03-11T10:00:00Z,2026-03-11T11:00:00Z,AmazonEC2,USEA-BoxUsage:t3.medium,RunInstances,us-east-1a,i-099c9c6e9cf634aae,1.0,2.0,2.0,0.0416,0.0416,0.041948,0.041695,Hrs,0.0416,0.0416,Amazon Elastic Compute Cloud,t3.medium,2,4 GiB,Linux,us-east-1,AmazonEC2,platform,prod,CC100,,,,,,,,,,,,,
456481182509400eb41d97be28aa0cd7,2026-03-11T20:00:00Z/2026-03-11T21:00:00Z,112233445566,2026-03-01T00:00:00Z,2026-04-01T00:00:00Z,AWS,112233445566,Usage,2026-03-11T20:00:00Z,2026-03-11T21:00:00Z,AmazonEC2,USEA-BoxUsage:t3.medium,RunInstances,us-east-1a,i-099c9c6e9cf634aae,1.0,2.0,2.0,0.0416,0.0416,0.04037,0.042499,Hrs,0.0416,0.0416,Amazon Elastic Compute Cloud,t3.medium,2,4 GiB,Linux,us-east-1,AmazonEC2,platform,prod,CC100,,,,,,,,,,,,,
bbb0ad944dd44da687c02831f00744d6,2026-03-12T06:00:00Z/2026-03-12T07:00:00Z,112233445566,2026-03-01T00:00:00Z,2026-04-01T00:00:00Z,AWS,112233445566,Usage,2026-03-12T06:00:00Z,2026-03-12T07:00:00Z,AmazonEC2,USEA-BoxUsage:t3.medium,RunInstances,us-east-1a,i-099c9c6e9cf634aae,1.0,2.0,2.0,0.0416,0.0416,0.041166,0.042314,Hrs,0.0416,0.0416,Amazon Elastic Compute Cloud,t3.medium,2,4 GiB,Linux,us-east-1,AmazonEC2,platform,prod,CC100,,,,,,,,,,,,,
1f7d48b640224cb69072a4987a1ed9f9,2026-03-12T16:00:00Z/2026-03-12T17:00:00Z,112233445566,2026-03-01T00:00:00Z,2026-04-01T00:00:00Z,AWS,112233445566,Usage,2026-03-12T16:00:00Z,2026-03-12T17:00:00Z,AmazonEC2,USEA-BoxUsage:t3.medium,RunInstances,us-east-1a,i-099c9c6e9cf634aae,1.0,2.0,2.0,0.0416,0.0416,0.040835,0.042648,Hrs,0.0416,0.0416,Amazon Elastic Compute Cloud,t3.medium,2,4 GiB,Linux,us-east-1,AmazonEC2,platform,prod,CC100,,,,,,,,,,,,,
fcd7e347e0fc46bfb601b4e78de4824a,2026-03-13T02:00:00Z/2026-03-13T03:00:00Z,112233445566,2026-03-01T00:00:00Z,2026-04-01T00:00:00Z,AWS,112233445566,Usage,2026-03-13T02:00:00Z,2026-03-13T03:00:00Z,AmazonEC2,USEA-BoxUsage:t3.medium,RunInstances,us-east-1a,i-099c9c6e9cf634aae,1.0,2.0,2.0,0.0416,0.0416,0.041426,0.043674,Hrs,0.0416,0.0416,Amazon Elastic Compute Cloud,t3.medium,2,4 GiB,Linux,us-east-1,AmazonEC2,platform,prod,CC100,,,,,,,,,,,,,
c55b59e042fb4b869d8fe07d7337bb46,2026-03-13T12:00:00Z/2026-03-13T13:00:00Z,112233445566,2026-03-01T00:00:00Z,2026-04-01T00:00:00Z,AWS,112233445566,Usage,2026-03-13T12:00:00Z,2026-03-13T13:00:00Z,AmazonEC2,USEA-BoxUsage:t3.medium,RunInstances,us-east-1a,i-099c9c6e9cf634aae,1.0,2.0,2.0,0.0416,0.0416,0.039825,0.040407,Hrs,0.0416,0.0416,Amazon Elastic Compute Cloud,t3.medium,2,4 GiB,Linux,us-east-1,AmazonEC2,platform,prod,CC100,,,,,,,,,,,,,
a978b7a9dde2443b94d3c05e97a94db8,2026-03-13T22:00:00Z/2026-03-13T23:00:00Z,112233445566,2026-03-01T00:00:00Z,2026-04-01T00:00:00Z,AWS,112233445566,Usage,2026-03-13T22:00:00Z,2026-03-13T23:00:00Z,AmazonEC2,USEA-BoxUsage:t3.medium,RunInstances,us-east-1a,i-099c9c6e9cf634aae,1.0,2.0,2.0,0.0416,0.0416,0.043402,0.043184,Hrs,0.0416,0.0416,Amazon Elastic Compute Cloud,t3.medium,2,4 GiB,Linux,us-east-1,AmazonEC2,platform,prod,CC100,,,,,,,,,,,,,
708cac944d7b4653b3d0ce84b16453ca,2026-03-14T08:00:00Z/2026-03-14T09:00:00Z,112233445566,2026-03-01T00:00:00Z,2026-04-01T00:00:00Z,AWS,112233445566,Usage,2026-03-14T08:00:00Z,2026-03-14T09:00:00Z,AmazonEC2,USEA-BoxUsage:t3.medium,RunInstances,us-east-1a,i-099c9c6e9cf634aae,1.0,2.0,2.0,0.0416,0.0416,0.041057,0.040176,Hrs,0.0416,0.0416,Amazon Elastic Compute Cloud,t3.medium,2,4 GiB,Linux,us-east-1,AmazonEC2,platform,prod,CC100,,,,,,,,,,,,,
b1a2fa54018243339ea399d81dec0456,2026-03-14T18:00:00Z/2026-03-14T19:00:00Z,112233445566,2026-03-01T00:00:00Z,2026-04-01T00:00:00Z,AWS,112233445566,Usage,2026-03-14T18:00:00Z,2026-03-14T19:00:00Z,AmazonEC2,USEA-BoxUsage:t3.medium,RunInstances,us-east-1a,i-099c9c6e9cf634aae,1.0,2.0,2.0,0.0416,0.0416,0.042447,0.042065,Hrs,0.0416,0.0416,Amazon Elastic Compute Cloud,t3.medium,2,4 GiB,Linux,us-east-1,AmazonEC2,platform,prod,CC100,,,,,,,,,,,,,
f12cd8be609444de85816f98e05a27f7,2026-03-15T04:00:00Z/2026-03-15T05:00:00Z,112233445566,2026-03-01T00:00:00Z,2026-04-01T00:00:00Z,AWS,112233445566,Usage,2026-03-15T04:00:00Z,2026-03-15T05:00:00Z,AmazonEC2,USEA-BoxUsage:t3.medium,RunInstances,us-east-1a,i-099c9c6e9cf634aae,1.0,2.0,2.0,0.0416,0.0416,0.042241,0.039553,Hrs,0.0416,0.0416,Amazon Elastic Compute Cloud,t3.medium,2,4 GiB,Linux,us-east-1,AmazonEC2,platform,prod,CC100,,,,,,,,,,,,,
8f56f1ffc72e41c4926f9ff4420d8d8a,2026-03-15T14:00:00Z/2026-03-15T15:00:00Z,112233445566,2026-03-01T00:00:00Z,2026-04-01T00:00:00Z,AWS,112233445566,Usage,2026-03-15T14:00:00Z,2026-03-15T15:00:00Z,AmazonEC2,USEA-BoxUsage:t3.medium,RunInstances,us-east-1a,i-099c9c6e9cf634aae,1.0,2.0,2.0,0.0416,0.0416,0.040765,0.04228,Hrs,0.0416,0.0416,Amazon Elastic Compute Cloud,t3.medium,2,4 GiB,Linux,us-east-1,AmazonEC2,platform,prod,CC100,,,,,,,,,,,,,
f6f5703299f14804bdaa89b0dba0c3db,2026-03-16T00:00:00Z/2026-03-16T01:00:00Z,112233445566,2026-03-01T00:00:00Z,2026-04-01T00:00:00Z,AWS,112233445566,Usage,2026-03-16T00:00:00Z,2026-03-16T01:00:00Z,AmazonEC2,USEA-BoxUsage:t3.medium,RunInstances,us-east-1a,i-099c9c6e9cf634aae,1.0,2.0,2.0,0.0416,0.0416,0.040079,0.04,Hrs,0.0416,0.0416,Amazon Elastic Compute Cloud,t3.medium,2,4 GiB,Linux,us-east-1,AmazonEC2,platform,prod,CC100,,,,,,,,,,,,,
05a3727d5de04c32b6d03381b6f9a585,2026-03-16T10:00:00Z/2026-03-16T11:00:00Z,112233445566,2026-03-01T00:00:00Z,2026-04-01T00:00:00Z,AWS,112233445566,Usage,2026-03-16T10:00:00Z,2026-03-16T11:00:00Z,AmazonEC2,USEA-BoxUsage:t3.medium,RunInstances,us-east-1a,i-099c9c6e9cf634aae,1.0,2.0,2.0,0.0416,0.0416,0.041821,0.040653,Hrs,0.0416,0.0416,Amazon Elastic Compute Cloud,t3.medium,2,4 GiB,Linux,us-east-1,AmazonEC2,platform,prod,CC100,,,,,,,,,,,,,
35828a077fe54bae8745eb0636954f64,2026-03-16T20:00:00Z/2026-03-16T21:00:00Z,112233445566,2026-03-01T00:00:00Z,2026-04-01T00:00:00Z,AWS,112233445566,Usage,2026-03-16T20:00:00Z,2026-03-16T21:00:00Z,AmazonEC2,USEA-BoxUsage:t3.medium,RunInstances,us-east-1a,i-099c9c6e9cf634aae,1.0,2.0,2.0,0.0416,0.0416,0.042505,0.040367,Hrs,0.0416,0.0416,Amazon Elastic Compute Cloud,t3.medium,2,4 GiB,Linux,us-east-1,AmazonEC2,platform,prod,CC100,,,,,,,,,,,,,
2770b1d3ccb4417f91aacfd4048cd172,2026-03-17T06:00:00Z/2026-03-17T07:00:00Z,112233445566,2026-03-01T00:00:00Z,2026-04-01T00:00:00Z,AWS,112233445566,Usage,2026-03-17T06:00:00Z,2026-03-17T07:00:00Z,AmazonEC2,USEA-BoxUsage:t3.medium,RunInstances,us-east-1a,i-099c9c6e9cf634aae,1.0,2.0,2.0,0.0416,0.0416,0.040618,0.041552,Hrs,0.0416,0.0416,Amazon Elastic Compute Cloud,t3.medium,2,4 GiB,Linux,us-east-1,AmazonEC2,platform,prod,CC100,,,,,,,,,,,,,
1238f1208b604b05b67ecfd98e348e66,2026-03-17T16:00:00Z/2026-03-17T17:00:00Z,112233445566,2026-03-01T00:00:00Z,2026-04-01T00:00:00Z,AWS,112233445566,Usage,2026-03-17T16:00:00Z,2026-03-17T17:00:00Z,AmazonEC2,USEA-BoxUsage:t3.medium,RunInstances,us-east-1a,i-099c9c6e9cf634aae,1.0,2.0,2.0,0.0416,0.0416,0.04304,0.039904,Hrs,0.0416,0.0416,Amazon Elastic Compute Cloud,t3.medium,2,4 GiB,Linux,us-east-1,AmazonEC2,platform,prod,CC100,,,,,,,,,,,,,
00d46eb8fc384c97a11a2ba36c96cbfa,2026-03-18T02:00:00Z/2026-03-18T03:00:00Z,112233445566,2026-03-01T00:00:00Z,2026-04-01T00:00:00Z,AWS,112233445566,Usage,2026-03-18T02:00:00Z,2026-03-18T03:00:00Z,AmazonEC2,USEA-BoxUsage:t3.medium,RunInstances,us-east-1a,i-099c9c6e9cf634aae,1.0,2.0,2.0,0.0416,0.0416,0.040671,0.039535,Hrs,0.0416,0.0416,Amazon Elastic Compute Cloud,t3.medium,2,4 GiB,Linux,us-east-1,AmazonEC2,platform,prod,CC100,,,,,,,,,,,,,
b26419408ae34d5fa415f64e4e2f71bf,2026-03-18T12:00:00Z/2026-03-18T13:00:00Z,112233445566,2026-03-01T00:00:00Z,2026-04-01T00:00:00Z,AWS,112233445566,Usage,2026-03-18T12:00:00Z,2026-03-18T13:00:00Z,AmazonEC2,USEA-BoxUsage:t3.medium,RunInstances,us-east-1a,i-099c9c6e9cf634aae,1.0,2.0,2.0,0.0416,0.0416,0.04217,0.04061,Hrs,0.0416,0.0416,Amazon Elastic Compute Cloud,t3.medium,2,4 GiB,Linux,us-east-1,AmazonEC2,platform,prod,CC100,,,,,,,,,,,,,
419be99fdcc94acf90eecf300584bd63,2026-03-18T22:00:00Z/2026-03-18T23:00:00Z,112233445566,2026-03-01T00:00:00Z,2026-04-01T00:00:00Z,AWS,112233445566,Usage,2026-03-18T22:00:00Z,2026-03-18T23:00:00Z,AmazonEC2,USEA-BoxUsage:t3.medium,RunInstances,us-east-1a,i-099c9c6e9cf634aae,1.0,2.0,2.0,0.0416,0.0416,0.041815,0.041299,Hrs,0.0416,0.0416,Amazon Elastic Compute Cloud,t3.medium,2,4 GiB,Linux,us-east-1,AmazonEC2,platform,prod,CC100,,,,,,,,,,,,,
6ec6ec1225054bea923b6bf24c9e473a,2026-03-19T18:00:00Z/2026-03-19T19:00:00Z,112233445566,2026-03-01T00:00:00Z,2026-04-01T00:00:00Z,AWS,112233445566,Usage,2026-03-19T18:00:00Z,2026-03-19T19:00:00Z,AmazonEC2,USEA-BoxUsage:t3.medium,RunInstances,us-east-1a,i-099c9c6e9cf634aae,1.0,2.0,2.0,0.0416,0.0416,0.043194,0.04328,Hrs,0.0416,0.0416,Amazon Elastic Compute Cloud,t3.medium,2,4 GiB,Linux,us-east-1,AmazonEC2,platform,prod,CC100,,,,,,,,,,,,,
072ae0de0ea0474bba9e8e170b839feb,2026-03-20T04:00:00Z/2026-03-20T05:00:00Z,112233445566,2026-03-01T00:00:00Z,2026-04-01T00:00:00Z,AWS,112233445566,Usage,2026-03-20T04:00:00Z,2026-03-20T05:00:00Z,AmazonEC2,USEA-BoxUsage:t3.medium,RunInstances,us-east-1a,i-099c9c6e9cf634aae,1.0,2.0,2.0,0.0416,0.0416,0.042992,0.041943,Hrs,0.0416,0.0416,Amazon Elastic Compute Cloud,t3.medium,2,4 GiB,Linux,us-east-1,AmazonEC2,platform,prod,CC100,,,,,,,,,,,,,
dd92e610747f423f95a972104f63c8f5,2026-03-20T14:00:00Z/2026-03-20T15:00:00Z,112233445566,2026-03-01T00:00:00Z,2026-04-01T00:00:00Z,AWS,112233445566,Usage,2026-03-20T14:00:00Z,2026-03-20T15:00:00Z,AmazonEC2,USEA-BoxUsage:t3.medium,RunInstances,us-east-1a,i-099c9c6e9cf634aae,1.0,2.0,2.0,0.0416,0.0416,0.04005,0.040802,Hrs,0.0416,0.0416,Amazon Elastic Compute Cloud,t3.medium,2,4 GiB,Linux,us-east-1,AmazonEC2,platform,prod,CC100,,,,,,,,,,,,,
b34b5e331da1407d85ac857aeeb6d412,2026-03-21T00:00:00Z/2026-03-21T01:00:00Z,112233445566,2026-03-01T00:00:00Z,2026-04-01T00:00:00Z,AWS,112233445566,Usage,2026-03-21T00:00:00Z,2026-03-21T01:00:00Z,AmazonEC2,USEA-BoxUsage:t3.medium,RunInstances,us-east-1a,i-099c9c6e9cf634aae,1.0,2.0,2.0,0.0416,0.0416,0.042832,0.043101,Hrs,0.0416,0.0416,Amazon Elastic Compute Cloud,t3.medium,2,4 GiB,Linux,us-east-1,AmazonEC2,platform,prod,CC100,,,,,,,,,,,,,
3545479e8fa24664a2d20706a45e21f9,2026-03-21T10:00:00Z/2026-03-21T11:00:00Z,112233445566,2026-03-01T00:00:00Z,2026-04-01T00:00:00Z,AWS,112233445566,Usage,2026-03-21T10:00:00Z,2026-03-21T11:00:00Z,AmazonEC2,USEA-BoxUsage:t3.medium,RunInstances,us-east-1a,i-099c9c6e9cf634aae,1.0,2.0,2.0,0.0416,0.0416,0.040394,0.040558,Hrs,0.0416,0.0416,Amazon Elastic Compute Cloud,t3.medium,2,4 GiB,Linux,us-east-1,AmazonEC2,platform,prod,CC100,,,,,,,,,,,,,
432c337487034f2581de4024231937f0,2026-03-21T20:00:00Z/2026-03-21T21:00:00Z,112233445566,2026-03-01T00:00:00Z,2026-04-01T00:00:00Z,AWS,112233445566,Usage,2026-03-21T20:00:00Z,2026-03-21T21:00:00Z,AmazonEC2,USEA-BoxUsage:t3.medium,RunInstances,us-east-1a,i-099c9c6e9cf634aae,1.0,2.0,2.0,0.0416,0.0416,0.042765,0.043198,Hrs,0.0416,0.0416,Amazon Elastic Compute Cloud,t3.medium,2,4 GiB,Linux,us-east-1,AmazonEC2,platform,prod,CC100,,,,,,,,,,,,,
df785e070d584e9cb84f8872b352e598,2026-03-22T06:00:00Z/2026-03-22T07:00:00Z,112233445566,2026-03-01T00:00:00Z,2026-04-01T00:00:00Z,AWS,112233445566,Usage,2026-03-22T06:00:00Z,2026-03-22T07:00:00Z,AmazonEC2,USEA-BoxUsage:t3.medium,RunInstances,us-east-1a,i-099c9c6e9cf634aae,1.0,2.0,2.0,0.0416,0.0416,0.042102,0.040163,Hrs,0.0416,0.0416,Amazon Elastic Compute Cloud,t3.medium,2,4 GiB,Linux,us-east-1,AmazonEC2,platform,prod,CC100,,,,,,,,,,,,,
3b33fc7be6514e81aab4dea2e30e43ad,2026-03-22T16:00:00Z/2026-03-22T17:00:00Z,112233445566,2026-03-01T00:00:00Z,2026-04-01T00:00:00Z,AWS,112233445566,Usage,2026-03-22T16:00:00Z,2026-03-22T17:00:00Z,AmazonEC2,USEA-BoxUsage:t3.medium,RunInstances,us-east-1a,i-099c9c6e9cf634aae,1.0,2.0,2.0,0.0416,0.0416,0.043117,0.043581,Hrs,0.0416,0.0416,Amazon Elastic Compute Cloud,t3.medium,2,4 GiB,Linux,us-east-1,AmazonEC2,platform,prod,CC100,,,,,,,,,,,,,
187c3646d15c48048dc73ee9543128ee,2026-03-23T02:00:00Z/2026-03-23T03:00:00Z,112233445566,2026-03-01T00:00:00Z,2026-04-01T00:00:00Z,AWS,112233445566,Usage,2026-03-23T02:00:00Z,2026-03-23T03:00:00Z,AmazonEC2,USEA-BoxUsage:t3.medium,RunInstances,us-east-1a,i-099c9c6e9cf634aae,1.0,2.0,2.0,0.0416,0.0416,0.043187,0.039623,Hrs,0.0416,0.0416,Amazon Elastic Compute Cloud,t3.medium,2,4 GiB,Linux,us-east-1,AmazonEC2,platform,prod,CC100,,,,,,,,,,,,,
a0ad716d12a24be29ab4f7060ca156fd,2026-03-23T12:00:00Z/2026-03-23T13:00:00Z,112233445566,2026-03-01T00:00:00Z,2026-04-01T00:00:00Z,AWS,112233445566,Usage,2026-03-23T12:00:00Z,2026-03-23T13:00:00Z,AmazonEC2,USEA-BoxUsage:t3.medium,RunInstances,us-east-1a,i-099c9c6e9cf634aae,1.0,2.0,2.0,0.0416,0.0416,0.040902,0.043392,Hrs,0.0416,0.0416,Amazon Elastic Compute Cloud,t3.medium,2,4 GiB,Linux,us-east-1,AmazonEC2,platform,prod,CC100,,,,,,,,,,,,,
41df71f4d2174c3485a2c4797f044779,2026-03-23T22:00:00Z/2026-03-23T23:00:00Z,112233445566,2026-03-01T00:00:00Z,2026-04-01T00:00:00Z,AWS,112233445566,Usage,2026-03-23T22:00:00Z,2026-03-23T23:00:00Z,AmazonEC2,USEA-BoxUsage:t3.medium,RunInstances,us-east-1a,i-099c9c6e9cf634aae,1.0,2.0,2.0,0.0416,0.0416,0.043115,0.042893,Hrs,0.0416,0.0416,Amazon Elastic Compute Cloud,t3.medium,2,4 GiB,Linux,us-east-1,AmazonEC2,platform,prod,CC100,,,,,,,,,,,,,
830ccd2352ac4ecfae1516045db3ee00,2026-03-24T08:00:00Z/2026-03-24T09:00:00Z,112233445566,2026-03-01T00:00:00Z,2026-04-01T00:00:00Z,AWS,112233445566,Usage,2026-03-24T08:00:00Z,2026-03-24T09:00:00Z,AmazonEC2,USEA-BoxUsage:t3.medium,RunInstances,us-east-1a,i-099c9c6e9cf634aae,1.0,2.0,2.0,0.0416,0.0416,0.042795,0.03997,Hrs,0.0416,0.0416,Amazon Elastic Compute Cloud,t3.medium,2,4 GiB,Linux,us-east-1,AmazonEC2,platform,prod,CC100,,,,,,,,,,,,,
3fb14c7a64c94344a2b9ab2ce237ff23,2026-03-24T18:00:00Z/2026-03-24T19:00:00Z,112233445566,2026-03-01T00:00:00Z,2026-04-01T00:00:00Z,AWS,112233445566,Usage,2026-03-24T18:00:00Z,2026-03-24T19:00:00Z,AmazonEC2,USEA-BoxUsage:t3.medium,RunInstances,us-east-1a,i-099c9c6e9cf634aae,1.0,2.0,2.0,0.0416,0.0416,0.043092,0.040445,Hrs,0.0416,0.0416,Amazon Elastic Compute Cloud,t3.medium,2,4 GiB,Linux,us-east-1,AmazonEC2,platform,prod,CC100,,,,,,,,,,,,,
ba634a74b12d453ca3d879da924e7b22,2026-03-25T04:00:00Z/2026-03-25T05:00:00Z,112233445566,2026-03-01T00:00:00Z,2026-04-01T00:00:00Z,AWS,112233445566,Usage,2026-03-25T04:00:00Z,2026-03-25T05:00:00Z,AmazonEC2,USEA-BoxUsage:t3.medium,RunInstances,us-east-1a,i-099c9c6e9cf634aae,1.0,2.0,2.0,0.0416,0.0416,0.041435,0.04079,Hrs,0.0416,0.0416,Amazon Elastic Compute Cloud,t3.medium,2,4 GiB,Linux,us-east-1,AmazonEC2,platform,prod,CC100,,,,,,,,,,,,,
84e9fd65e2454c28baa8306022d31f99,2026-03-25T14:00:00Z/2026-03-25T15:00:00Z,112233445566,2026-03-01T00:00:00Z,2026-04-01T00:00:00Z,AWS,112233445566,Usage,2026-03-25T14:00:00Z,2026-03-25T15:00:00Z,AmazonEC2,USEA-BoxUsage:t3.medium,RunInstances,us-east-1a,i-099c9c6e9cf634aae,1.0,2.0,2.0,0.0416,0.0416,0.040467,0.039618,Hrs,0.0416,0.0416,Amazon Elastic Compute Cloud,t3.medium,2,4 GiB,Linux,us-east-1,AmazonEC2,platform,prod,CC100,,,,,,,,,,,,,
9a938fa2bf694f02bbab1ee5b153e8a0,2026-03-26T00:00:00Z/2026-03-26T01:00:00Z,112233445566,2026-03-01T00:00:00Z,2026-04-01T00:00:00Z,AWS,112233445566,Usage,2026-03-26T00:00:00Z,2026-03-26T01:00:00Z,AmazonEC2,USEA-BoxUsage:t3.medium,RunInstances,us-east-1a,i-099c9c6e9cf634aae,1.0,2.0,2.0,0.0416,0.0416,0.040886,0.043116,Hrs,0.0416,0.0416,Amazon Elastic Compute Cloud,t3.medium,2,4 GiB,Linux,us-east-1,AmazonEC2,platform,prod,CC100,,,,,,,,,,,,,
4f73bd15ea7a4dc2a51058a5595ebbff,2026-03-26T10:00:00Z/2026-03-26T11:00:00Z,112233445566,2026-03-01T00:00:00Z,2026-04-01T00:00:00Z,AWS,112233445566,Usage,2026-03-26T10:00:00Z,2026-03-26T11:00:00Z,AmazonEC2,USEA-BoxUsage:t3.medium,RunInstances,us-east-1a,i-099c9c6e9cf634aae,1.0,2.0,2.0,0.0416,0.0416,0.040681,0.042189,Hrs,0.0416,0.0416,Amazon Elastic Compute Cloud,t3.medium,2,4 GiB,Linux,us-east-1,AmazonEC2,platform,prod,CC100,,,,,,,,,,,,,
8715a195fb494bb68d41478c6717088e,2026-03-26T20:00:00Z/2026-03-26T21:00:00Z,112233445566,2026-03-01T00:00:00Z,2026-04-01T00:00:00Z,AWS,112233445566,Usage,2026-03-26T20:00:00Z,2026-03-26T21:00:00Z,AmazonEC2,USEA-BoxUsage:t3.medium,RunInstances,us-east-1a,i-099c9c6e9cf634aae,1.0,2.0,2.0,0.0416,0.0416,0.043602,0.041751,Hrs,0.0416,0.0416,Amazon Elastic Compute Cloud,t3.medium,2,4 GiB,Linux,us-east-1,AmazonEC2,platform,prod,CC100,,,,,,,,,,,,,
07e9be1a33fb4bdfa1c9cb12e640c904,2026-03-27T06:00:00Z/2026-03-27T07:00:00Z,112233445566,2026-03-01T00:00:00Z,2026-04-01T00:00:00Z,AWS,112233445566,Usage,2026-03-27T06:00:00Z,2026-03-27T07:00:00Z,AmazonEC2,USEA-BoxUsage:t3.medium,RunInstances,us-east-1a,i-099c9c6e9cf634aae,1.0,2.0,2.0,0.0416,0.0416,0.04,0.043557,Hrs,0.0416,0.0416,Amazon Elastic Compute Cloud,t3.medium,2,4 GiB,Linux,us-east-1,AmazonEC2,platform,prod,CC100,,,,,,,,,,,,,
03fe1acdb84b4d4f821ab377369eecd0,2026-03-27T16:00:00Z/2026-03-27T17:00:00Z,112233445566,2026-03-01T00:00:00Z,2026-04-01T00:00:00Z,AWS,112233445566,Usage,2026-03-27T16:00:00Z,2026-03-27T17:00:00Z,AmazonEC2,USEA-BoxUsage:t3.medium,RunInstances,us-east-1a,i-099c9c6e9cf634aae,1.0,2.0,2.0,0.0416,0.0416,0.043524,0.040624,Hrs,0.0416,0.0416,Amazon Elastic Compute Cloud,t3.medium,2,4 GiB,Linux,us-east-1,AmazonEC2,platform,prod,CC100,,,,,,,,,,,,,
ea9b41bbde1c479aa9658c2e419678ef,2026-03-28T02:00:00Z/2026-03-28T03:00:00Z,112233445566,2026-03-01T00:00:00Z,2026-04-01T00:00:00Z,AWS,112233445566,Usage,2026-03-28T02:00:00Z,2026-03-28T03:00:00Z,AmazonEC2,USEA-BoxUsage:t3.medium,RunInstances,us-east-1a,i-099c9c6e9cf634aae,1.0,2.0,2.0,0.0416,0.0416,0.041328,0.042551,Hrs,0.0416,0.0416,Amazon Elastic Compute Cloud,t3.medium,2,4 GiB,Linux,us-east-1,AmazonEC2,platform,prod,CC100,,,,,,,,,,,,,
aa57f0f1e0414bc991e4ca6f5184a94d,2026-03-28T12:00:00Z/2026-03-28T13:00:00Z,112233445566,2026-03-01T00:00:00Z,2026-04-01T00:00:00Z,AWS,112233445566,Usage,2026-03-28T12:00:00Z,2026-03-28T13:00:00Z,AmazonEC2,USEA-BoxUsage:t3.medium,RunInstances,us-east-1a,i-099c9c6e9cf634aae,1.0,2.0,2.0,0.0416,0.0416,0.042042,0.041648,Hrs,0.0416,0.0416,Amazon Elastic Compute Cloud,t3.medium,2,4 GiB,Linux,us-east-1,AmazonEC2,platform,prod,CC100,,,,,,,,,,,,,
7528fe04d4ca4d70a9d7fdafd6d04190,2026-03-28T22:00:00Z/2026-03-28T23:00:00Z,112233445566,2026-03-01T00:00:00Z,2026-04-01T00:00:00Z,AWS,112233445566,Usage,2026-03-28T22:00:00Z,2026-03-28T23:00:00Z,AmazonEC2,USEA-BoxUsage:t3.medium,RunInstances,us-east-1a,i-099c9c6e9cf634aae,1.0,2.0,2.0,0.0416,0.0416,0.041919,0.04058,Hrs,0.0416,0.0416,Amazon Elastic Compute Cloud,t3.medium,2,4 GiB,Linux,us-east-1,AmazonEC2,platform,prod,CC100,,,,,,,,,,,,,
110ed24729244a2585be82a162b088d2,2026-03-29T08:00:00Z/2026-03-29T09:00:00Z,112233445566,2026-03-01T00:00:00Z,2026-04-01T00:00:00Z,AWS,112233445566,Usage,2026-03-29T08:00:00Z,2026-03-29T09:00:00Z,AmazonEC2,USEA-BoxUsage:t3.medium,RunInstances,us-east-1a,i-099c9c6e9cf634aae,1.0,2.0,2.0,0.0416,0.0416,0.039527,0.04337,Hrs,0.0416,0.0416,Amazon Elastic Compute Cloud,t3.medium,2,4 GiB,Linux,us-east-1,AmazonEC2,platform,prod,CC100,,,,,,,,,,,,,
bf29035c6571495d809f7c318ecab2de,2026-03-29T18:00:00Z/2026-03-29T19:00:00Z,112233445566,2026-03-01T00:00:00Z,2026-04-01T00:00:00Z,AWS,112233445566,Usage,2026-03-29T18:00:00Z,2026-03-29T19:00:00Z,AmazonEC2,USEA-BoxUsage:t3.medium,RunInstances,us-east-1a,i-099c9c6e9cf634aae,1.0,2.0,2.0,0.0416,0.0416,0.042513,0.042607,Hrs,0.0416,0.0416,Amazon Elastic Compute Cloud,t3.medium,2,4 GiB,Linux,us-east-1,AmazonEC2,platform,prod,CC100,,,,,,,,,,,,,
1c7e363aad40462aac3244f690b4cfb6,2026-03-30T04:00:00Z/2026-03-30T05:00:00Z,112233445566,2026-03-01T00:00:00Z,2026-04-01T00:00:00Z,AWS,112233445566,Usage,2026-03-30T04:00:00Z,2026-03-30T05:00:00Z,AmazonEC2,USEA-BoxUsage:t3.medium,RunInstances,us-east-1a,i-099c9c6e9cf634aae,1.0,2.0,2.0,0.0416,0.0416,0.041035,0.039811,Hrs,0.0416,0.0416,Amazon Elastic Compute Cloud,t3.medium,2,4 GiB,Linux,us-east-1,AmazonEC2,platform,prod,CC100,,,,,,,,,,,,,
ce9c02ee23ad439bb78767d4fb9ff8c3,2026-03-30T14:00:00Z/2026-03-30T15:00:00Z,112233445566,2026-03-01T00:00:00Z,2026-04-01T00:00:00Z,AWS,112233445566,Usage,2026-03-30T14:00:00Z,2026-03-30T15:00:00Z,AmazonEC2,USEA-BoxUsage:t3.medium,RunInstances,us-east-1a,i-099c9c6e9cf634aae,1.0,2.0,2.0,0.0416,0.0416,0.040894,0.040826,Hrs,0.0416,0.0416,Amazon Elastic Compute Cloud,t3.medium,2,4 GiB,Linux,us-east-1,AmazonEC2,platform,prod,CC100,,,,,,,,,,,,,
8ee343af36a4480caa3cea15a7304f20,2026-03-01T00:00:00Z/2026-03-01T01:00:00Z,112233445566,2026-03-01T00:00:00Z,2026-04-01T00:00:00Z,AWS,334455667788,SavingsPlanCoveredUsage,2026-03-01T00:00:00Z,2026-03-01T01:00:00Z,AmazonEC2,USEA-BoxUsage:m5.large,RunInstances,us-east-1a,i-049798be486b44322,1.0,4.0,4.0,0.096,0.096,0.06931,0.06931,Hrs,0.096,0.096,Amazon Elastic Compute Cloud,m5.large,2,8 GiB,Linux,us-east-1,AmazonEC2,backend,prod,CC400,,,,,,,,arn:aws:savingsplans::334455667788:savingsplan/c4c5d327-085f-4422-9664-201aaaf1953a,0.06931,0.06931,0.06931,,
797f5d200b7347f6a9f26c12d74d6462,2026-03-01T10:00:00Z/2026-03-01T11:00:00Z,112233445566,2026-03-01T00:00:00Z,2026-04-01T00:00:00Z,AWS,334455667788,SavingsPlanCoveredUsage,2026-03-01T10:00:00Z,2026-03-01T11:00:00Z,AmazonEC2,USEA-BoxUsage:m5.large,RunInstances,us-east-1a,i-049798be486b44322,1.0,4.0,4.0,0.096,0.096,0.065369,0.065369,Hrs,0.096,0.096,Amazon Elastic Compute Cloud,m5.large,2,8 GiB,Linux,us-east-1,AmazonEC2,backend,prod,CC400,,,,,,,,arn:aws:savingsplans::334455667788:savingsplan/c4c5d327-085f-4422-9664-201aaaf1953a,0.065369,0.065369,0.065369,,
ace7c0f20f17449c96c8598f806c2ee8,2026-03-01T20:00:00Z/2026-03-01T21:00:00Z,112233445566,2026-03-01T00:00:00Z,2026-04-01T00:00:00Z,AWS,334455667788,SavingsPlanCoveredUsage,2026-03-01T20:00:00Z,2026-03-01T21:00:00Z,AmazonEC2,USEA-BoxUsage:m5.large,RunInstances,us-east-1a,i-049798be486b44322,1.0,4.0,4.0,0.096,0.096,0.066263,0.066263,Hrs,0.096,0.096,Amazon Elastic Compute Cloud,m5.large,2,8 GiB,Linux,us-east-1,AmazonEC2,backend,prod,CC400,,,,,,,,arn:aws:savingsplans::334455667788:savingsplan/c4c5d327-085f-4422-9664-201aaaf1953a,0.066263,0.066263,0.066263,,
a9ab352ddb9d4063ae02343f94598071,2026-03-02T06:00:00Z/2026-03-02T07:00:00Z,112233445566,2026-03-01T00:00:00Z,2026-04-01T00:00:00Z,AWS,334455667788,SavingsPlanCoveredUsage,2026-03-02T06:00:00Z,2026-03-02T07:00:00Z,AmazonEC2,USEA-BoxUsage:m5.large,RunInstances,us-east-1a,i-049798be486b44322,1.0,4.0,4.0,0.096,0.096,0.063622,0.063622,Hrs,0.096,0.096,Amazon Elastic Compute Cloud,m5.large,2,8 GiB,Linux,us-east-1,AmazonEC2,backend,prod,CC400,,,,,,,,arn:aws:savingsplans::334455667788:savingsplan/c4c5d327-085f-4422-9664-201aaaf1953a,0.063622,0.063622,0.063622,,
fca0c01613964ba3af55858d5d71cb78,2026-03-02T16:00:00Z/2026-03-02T17:00:00Z,112233445566,2026-03-01T00:00:00Z,2026-04-01T00:00:00Z,AWS,334455667788,SavingsPlanCoveredUsage,2026-03-02T16:00:00Z,2026-03-02T17:00:00Z,AmazonEC2,USEA-BoxUsage:m5.large,RunInstances,us-east-1a,i-049798be486b44322,1.0,4.0,4.0,0.096,0.096,0.071427,0.071427,Hrs,0.096,0.096,Amazon Elastic Compute Cloud,m5.large,2,8 GiB,Linux,us-east-1,AmazonEC2,backend,prod,CC400,,,,,,,,arn:aws:savingsplans::334455667788:savingsplan/c4c5d327-085f-4422-9664-201aaaf1953a,0.071427,0.071427,0.071427,,
e49f6259e0e7498ea3c32a797eafcbe5,2026-03-03T02:00:00Z/2026-03-03T03:00:00Z,112233445566,2026-03-01T00:00:00Z,2026-04-01T00:00:00Z,AWS,334455667788,SavingsPlanCoveredUsage,2026-03-03T02:00:00Z,2026-03-03T03:00:00Z,AmazonEC2,USEA-BoxUsage:m5.large,RunInstances,us-east-1a,i-049798be486b44322,1.0,4.0,4.0,0.096,0.096,0.071067,0.071067,Hrs,0.096,0.096,Amazon Elastic Compute Cloud,m5.large,2,8 GiB,Linux,us-east-1,AmazonEC2,backend,prod,CC400,,,,,,,,arn:aws:savingsplans::334455667788:savingsplan/c4c5d327-085f-4422-9664-201aaaf1953a,0.071067,0.071067,0.071067,,
3aa50f069d854a70b23c8c3ad9badab6,2026-03-03T12:00:00Z/2026-03-03T13:00:00Z,112233445566,2026-03-01T00:00:00Z,2026-04-01T00:00:00Z,AWS,334455667788,SavingsPlanCoveredUsage,2026-03-03T12:00:00Z,2026-03-03T13:00:00Z,AmazonEC2,USEA-BoxUsage:m5.large,RunInstances,us-east-1a,i-049798be486b44322,1.0,4.0,4.0,0.096,0.096,0.065289,0.065289,Hrs,0.096,0.096,Amazon Elastic Compute Cloud,m5.large,2,8 GiB,Linux,us-east-1,AmazonEC2,backend,prod,CC400,,,,,,,,arn:aws:savingsplans::334455667788:savingsplan/c4c5d327-085f-4422-9664-201aaaf1953a,0.065289,0.065289,0.065289,,
038780c82d3946949f16f09fad89d045,2026-03-03T22:00:00Z/2026-03-03T23:00:00Z,112233445566,2026-03-01T00:00:00Z,2026-04-01T00:00:00Z,AWS,334455667788,SavingsPlanCoveredUsage,2026-03-03T22:00:00Z,2026-03-03T23:00:00Z,AmazonEC2,USEA-BoxUsage:m5.large,RunInstances,us-east-1a,i-049798be486b44322,1.0,4.0,4.0,0.096,0.096,0.062404,0.062404,Hrs,0.096,0.096,Amazon Elastic Compute Cloud,m5.large,2,8 GiB,Linux,us-east-1,AmazonEC2,backend,prod,CC400,,,,,,,,arn:aws:savingsplans::334455667788:savingsplan/c4c5d327-085f-4422-9664-201aaaf1953a,0.062404,0.062404,0.062404,,
f48824f742174297b233d3a129ee7f72,2026-03-04T08:00:00Z/2026-03-04T09:00:00Z,112233445566,2026-03-01T00:00:00Z,2026-04-01T00:00:00Z,AWS,334455667788,SavingsPlanCoveredUsage,2026-03-04T08:00:00Z,2026-03-04T09:00:00Z,AmazonEC2,USEA-BoxUsage:m5.large,RunInstances,us-east-1a,i-049798be486b44322,1.0,4.0,4.0,0.096,0.096,0.066527,0.066527,Hrs,0.096,0.096,Amazon Elastic Compute Cloud,m5.large,2,8 GiB,Linux,us-east-1,AmazonEC2,backend,prod,CC400,,,,,,,,arn:aws:savingsplans::334455667788:savingsplan/c4c5d327-085f-4422-9664-201aaaf1953a,0.066527,0.066527,0.066527,,
dd5df21fe8664b6dbb854d87469727d9,2026-03-04T18:00:00Z/2026-03-04T19:00:00Z,112233445566,2026-03-01T00:00:00Z,2026-04-01T00:00:00Z,AWS,334455667788,SavingsPlanCoveredUsage,2026-03-04T18:00:00Z,2026-03-04T19:00:00Z,AmazonEC2,USEA-BoxUsage:m5.large,RunInstances,us-east-1a,i-049798be486b44322,1.0,4.0,4.0,0.096,0.096,0.068685,0.068685,Hrs,0.096,0.096,Amazon Elastic Compute Cloud,m5.large,2,8 GiB,Linux,us-east-1,AmazonEC2,backend,prod,CC400,,,,,,,,arn:aws:savingsplans::334455667788:savingsplan/c4c5d327-085f-4422-9664-201aaaf1953a,0.068685,0.068685,0.068685,,
844a59f5dfc045e3808c2b6c5b8eddd1,2026-03-05T04:00:00Z/2026-03-05T05:00:00Z,112233445566,2026-03-01T00:00:00Z,2026-04-01T00:00:00Z,AWS,334455667788,SavingsPlanCoveredUsage,2026-03-05T04:00:00Z,2026-03-05T05:00:00Z,AmazonEC2,USEA-BoxUsage:m5.large,RunInstances,us-east-1a,i-049798be486b44322,1.0,4.0,4.0,0.096,0.096,0.066645,0.066645,Hrs,0.096,0.096,Amazon Elastic Compute Cloud,m5.large,2,8 GiB,Linux,us-east-1,AmazonEC2,backend,prod,CC400,,,,,,,,arn:aws:savingsplans::334455667788:savingsplan/c4c5d327-085f-4422-9664-201aaaf1953a,0.066645,0.066645,0.066645,,
e36ae8a5db844fc68d41d16c7f99e2a4,2026-03-05T14:00:00Z/2026-03-05T15:00:00Z,112233445566,2026-03-01T00:00:00Z,2026-04-01T00:00:00Z,AWS,334455667788,SavingsPlanCoveredUsage,2026-03-05T14:00:00Z,2026-03-05T15:00:00Z,AmazonEC2,USEA-BoxUsage:m5.large,RunInstances,us-east-1a,i-049798be486b44322,1.0,4.0,4.0,0.096,0.096,0.066943,0.066943,Hrs,0.096,0.096,Amazon Elastic Compute Cloud,m5.large,2,8 GiB,Linux,us-east-1,AmazonEC2,backend,prod,CC400,,,,,,,,arn:aws:savingsplans::334455667788:savingsplan/c4c5d327-085f-4422-9664-201aaaf1953a,0.066943,0.066943,0.066943,,
a7e277ba95f14601a1a7ebfb8bdf3109,2026-03-06T00:00:00Z/2026-03-06T01:00:00Z,112233445566,2026-03-01T00:00:00Z,2026-04-01T00:00:00Z,AWS,334455667788,SavingsPlanCoveredUsage,2026-03-06T00:00:00Z,2026-03-06T01:00:00Z,AmazonEC2,USEA-BoxUsage:m5.large,RunInstances,us-east-1a,i-049798be486b44322,1.0,4.0,4.0,0.096,0.096,0.070042,0.070042,Hrs,0.096,0.096,Amazon Elastic Compute Cloud,m5.large,2,8 GiB,Linux,us-east-1,AmazonEC2,backend,prod,CC400,,,,,,,,arn:aws:savingsplans::334455667788:savingsplan/c4c5d327-085f-4422-9664-201aaaf1953a,0.070042,0.070042,0.070042,,
fe26fe13cf5b4127a9f70b60aae9cd91,2026-03-06T10:00:00Z/2026-03-06T11:00:00Z,112233445566,2026-03-01T00:00:00Z,2026-04-01T00:00:00Z,AWS,334455667788,SavingsPlanCoveredUsage,2026-03-06T10:00:00Z,2026-03-06T11:00:00Z,AmazonEC2,USEA-BoxUsage:m5.large,RunInstances,us-east-1a,i-049798be486b44322,1.0,4.0,4.0,0.096,0.096,0.063214,0.063214,Hrs,0.096,0.096,Amazon Elastic Compute Cloud,m5.large,2,8 GiB,Linux,us-east-1,AmazonEC2,backend,prod,CC400,,,,,,,,arn:aws:savingsplans::334455667788:savingsplan/c4c5d327-085f-4422-9664-201aaaf1953a,0.063214,0.063214,0.063214,,
0576337b659045f49d555147159e9907,2026-03-06T20:00:00Z/2026-03-06T21:00:00Z,112233445566,2026-03-01T00:00:00Z,2026-04-01T00:00:00Z,AWS,334455667788,SavingsPlanCoveredUsage,2026-03-06T20:00:00Z,2026-03-06T21:00:00Z,AmazonEC2,USEA-BoxUsage:m5.large,RunInstances,us-east-1a,i-049798be486b44322,1.0,4.0,4.0,0.096,0.096,0.068476,0.068476,Hrs,0.096,0.096,Amazon Elastic Compute Cloud,m5.large,2,8 GiB,Linux,us-east-1,AmazonEC2,backend,prod,CC400,,,,,,,,arn:aws:savingsplans::334455667788:savingsplan/c4c5d327-085f-4422-9664-201aaaf1953a,0.068476,0.068476,0.068476,,
f6c7567951734e578e36deea24e6d199,2026-03-07T06:00:00Z/2026-03-07T07:00:00Z,112233445566,2026-03-01T00:00:00Z,2026-04-01T00:00:00Z,AWS,334455667788,SavingsPlanCoveredUsage,2026-03-07T06:00:00Z,2026-03-07T07:00:00Z,AmazonEC2,USEA-BoxUsage:m5.large,RunInstances,us-east-1a,i-049798be486b44322,1.0,4.0,4.0,0.096,0.096,0.070257,0.070257,Hrs,0.096,0.096,Amazon Elastic Compute Cloud,m5.large,2,8 GiB,Linux,us-east-1,AmazonEC2,backend,prod,CC400,,,,,,,,arn:aws:savingsplans::334455667788:savingsplan/c4c5d327-085f-4422-9664-201aaaf1953a,0.070257,0.070257,0.070257,,
e8f280a24a76483f959b71c8851cc647,2026-03-07T16:00:00Z/2026-03-07T17:00:00Z,112233445566,2026-03-01T00:00:00Z,2026-04-01T00:00:00Z,AWS,334455667788,SavingsPlanCoveredUsage,2026-03-07T16:00:00Z,2026-03-07T17:00:00Z,AmazonEC2,USEA-BoxUsage:m5.large,RunInstances,us-east-1a,i-049798be486b44322,1.0,4.0,4.0,0.096,0.096,0.068859,0.068859,Hrs,0.096,0.096,Amazon Elastic Compute Cloud,m5.large,2,8 GiB,Linux,us-east-1,AmazonEC2,backend,prod,CC400,,,,,,,,arn:aws:savingsplans::334455667788:savingsplan/c4c5d327-085f-4422-9664-201aaaf1953a,0.068859,0.068859,0.068859,,
0d40968399974dac9691cc2984dde3a9,2026-03-08T02:00:00Z/2026-03-08T03:00:00Z,112233445566,2026-03-01T00:00:00Z,2026-04-01T00:00:00Z,AWS,334455667788,SavingsPlanCoveredUsage,2026-03-08T02:00:00Z,2026-03-08T03:00:00Z,AmazonEC2,USEA-BoxUsage:m5.large,RunInstances,us-east-1a,i-049798be486b44322,1.0,4.0,4.0,0.096,0.096,0.064312,0.064312,Hrs,0.096,0.096,Amazon Elastic Compute Cloud,m5.large,2,8 GiB,Linux,us-east-1,AmazonEC2,backend,prod,CC400,,,,,,,,arn:aws:savingsplans::334455667788:savingsplan/c4c5d327-085f-4422-9664-201aaaf1953a,0.064312,0.064312,0.064312,,
a5a23d8b0e4a4a4aa737260ab5d08981,2026-03-08T12:00:00Z/2026-03-08T13:00:00Z,112233445566,2026-03-01T00:00:00Z,2026-04-01T00:00:00Z,AWS,334455667788,SavingsPlanCoveredUsage,2026-03-08T12:00:00Z,2026-03-08T13:00:00Z,AmazonEC2,USEA-BoxUsage:m5.large,RunInstances,us-east-1a,i-049798be486b44322,1.0,4.0,4.0,0.096,0.096,0.06475,0.06475,Hrs,0.096,0.096,Amazon Elastic Compute Cloud,m5.large,2,8 GiB,Linux,us-east-1,AmazonEC2,backend,prod,CC400,,,,,,,,arn:aws:savingsplans::334455667788:savingsplan/c4c5d327-085f-4422-9664-201aaaf1953a,0.06475,0.06475,0.06475,,
f8bb56aa2c604ffcb72be69017fab798,2026-03-08T22:00:00Z/2026-03-08T23:00:00Z,112233445566,2026-03-01T00:00:00Z,2026-04-01T00:00:00Z,AWS,334455667788,SavingsPlanCoveredUsage,2026-03-08T22:00:00Z,2026-03-08T23:00:00Z,AmazonEC2,USEA-BoxUsage:m5.large,RunInstances,us-east-1a,i-049798be486b44322,1.0,4.0,4.0,0.096,0.096,0.070557,0.070557,Hrs,0.096,0.096,Amazon Elastic Compute Cloud,m5.large,2,8 GiB,Linux,us-east-1,AmazonEC2,backend,prod,CC400,,,,,,,,arn:aws:savingsplans::334455667788:savingsplan/c4c5d327-085f-4422-9664-201aaaf1953a,0.070557,0.070557,0.070557,,
24674af3380647b1a8bd593166c768ea,2026-03-09T08:00:00Z/2026-03-09T09:00:00Z,112233445566,2026-03-01T00:00:00Z,2026-04-01T00:00:00Z,AWS,334455667788,SavingsPlanCoveredUsage,2026-03-09T08:00:00Z,2026-03-09T09:00:00Z,AmazonEC2,USEA-BoxUsage:m5.large,RunInstances,us-east-1a,i-049798be486b44322,1.0,4.0,4.0,0.096,0.096,0.066379,0.066379,Hrs,0.096,0.096,Amazon Elastic Compute Cloud,m5.large,2,8 GiB,Linux,us-east-1,AmazonEC2,backend,prod,CC400,,,,,,,,arn:aws:savingsplans::334455667788:savingsplan/c4c5d327-085f-4422-9664-201aaaf1953a,0.066379,0.066379,0.066379,,
cafc91b2675a4e26b65973cb8ca4fe33,2026-03-09T18:00:00Z/2026-03-09T19:00:00Z,112233445566,2026-03-01T00:00:00Z,2026-04-01T00:00:00Z,AWS,334455667788,SavingsPlanCoveredUsage,2026-03-09T18:00:00Z,2026-03-09T19:00:00Z,AmazonEC2,USEA-BoxUsage:m5.large,RunInstances,us-east-1a,i-049798be486b44322,1.0,4.0,4.0,0.096,0.096,0.064267,0.064267,Hrs,0.096,0.096,Amazon Elastic Compute Cloud,m5.large,2,8 GiB,Linux,us-east-1,AmazonEC2,backend,prod,CC400,,,,,,,,arn:aws:savingsplans::334455667788:savingsplan/c4c5d327-085f-4422-9664-201aaaf1953a,0.064267,0.064267,0.064267,,
788c08947c2b4992819daf3ca862b0d6,2026-03-10T04:00:00Z/2026-03-10T05:00:00Z,112233445566,2026-03-01T00:00:00Z,2026-04-01T00:00:00Z,AWS,334455667788,SavingsPlanCoveredUsage,2026-03-10T04:00:00Z,2026-03-10T05:00:00Z,AmazonEC2,USEA-BoxUsage:m5.large,RunInstances,us-east-1a,i-049798be486b44322,1.0,4.0,4.0,0.096,0.096,0.067146,0.067146,Hrs,0.096,0.096,Amazon Elastic Compute Cloud,m5.large,2,8 GiB,Linux,us-east-1,AmazonEC2,backend,prod,CC400,,,,,,,,arn:aws:savingsplans::334455667788:savingsplan/c4c5d327-085f-4422-9664-201aaaf1953a,0.067146,0.067146,0.067146,,
fde6c7a24a0044a3afed8d4484d237f0,2026-03-10T14:00:00Z/2026-03-10T15:00:00Z,112233445566,2026-03-01T00:00:00Z,2026-04-01T00:00:00Z,AWS,334455667788,SavingsPlanCoveredUsage,2026-03-10T14:00:00Z,2026-03-10T15:00:00Z,AmazonEC2,USEA-BoxUsage:m5.large,RunInstances,us-east-1a,i-049798be486b44322,1.0,4.0,4.0,0.096,0.096,0.068698,0.068698,Hrs,0.096,0.096,Amazon Elastic Compute Cloud,m5.large,2,8 GiB,Linux,us-east-1,AmazonEC2,backend,prod,CC400,,,,,,,,arn:aws:savingsplans::334455667788:savingsplan/c4c5d327-085f-4422-9664-201aaaf1953a,0.068698,0.068698,0.068698,,
7e7f999b5c194507821fc7fd78a9d99d,2026-03-11T10:00:00Z/2026-03-11T11:00:00Z,112233445566,2026-03-01T00:00:00Z,2026-04-01T00:00:00Z,AWS,334455667788,SavingsPlanCoveredUsage,2026-03-11T10:00:00Z,2026-03-11T11:00:00Z,AmazonEC2,USEA-BoxUsage:m5.large,RunInstances,us-east-1a,i-049798be486b44322,1.0,4.0,4.0,0.096,0.096,0.069792,0.069792,Hrs,0.096,0.096,Amazon Elastic Compute Cloud,m5.large,2,8 GiB,Linux,us-east-1,AmazonEC2,backend,prod,CC400,,,,,,,,arn:aws:savingsplans::334455667788:savingsplan/c4c5d327-085f-4422-9664-201aaaf1953a,0.069792,0.069792,0.069792,,
4bd8fedd3f05425fb181778b3138aa54,2026-03-11T20:00:00Z/2026-03-11T21:00:00Z,112233445566,2026-03-01T00:00:00Z,2026-04-01T00:00:00Z,AWS,334455667788,SavingsPlanCoveredUsage,2026-03-11T20:00:00Z,2026-03-11T21:00:00Z,AmazonEC2,USEA-BoxUsage:m5.large,RunInstances,us-east-1a,i-049798be486b44322,1.0,4.0,4.0,0.096,0.096,0.066481,0.066481,Hrs,0.096,0.096,Amazon Elastic Compute Cloud,m5.large,2,8 GiB,Linux,us-east-1,AmazonEC2,backend,prod,CC400,,,,,,,,arn:aws:savingsplans::334455667788:savingsplan/c4c5d327-085f-4422-9664-201aaaf1953a,0.066481,0.066481,0.066481,,
0790efb2a1234b2d914bc56a37932689,2026-03-12T06:00:00Z/2026-03-12T07:00:00Z,112233445566,2026-03-01T00:00:00Z,2026-04-01T00:00:00Z,AWS,334455667788,SavingsPlanCoveredUsage,2026-03-12T06:00:00Z,2026-03-12T07:00:00Z,AmazonEC2,USEA-BoxUsage:m5.large,RunInstances,us-east-1a,i-049798be486b44322,1.0,4.0,4.0,0.096,0.096,0.071596,0.071596,Hrs,0.096,0.096,Amazon Elastic Compute Cloud,m5.large,2,8 GiB,Linux,us-east-1,AmazonEC2,backend,prod,CC400,,,,,,,,arn:aws:savingsplans::334455667788:savingsplan/c4c5d327-085f-4422-9664-201aaaf1953a,0.071596,0.071596,0.071596,,
6c296b6aebec4085b2c1290c1d5c9cbf,2026-03-12T16:00:00Z/2026-03-12T17:00:00Z,112233445566,2026-03-01T00:00:00Z,2026-04-01T00:00:00Z,AWS,334455667788,SavingsPlanCoveredUsage,2026-03-12T16:00:00Z,2026-03-12T17:00:00Z,AmazonEC2,USEA-BoxUsage:m5.large,RunInstances,us-east-1a,i-049798be486b44322,1.0,4.0,4.0,0.096,0.096,0.062882,0.062882,Hrs,0.096,0.096,Amazon Elastic Compute Cloud,m5.large,2,8 GiB,Linux,us-east-1,AmazonEC2,backend,prod,CC400,,,,,,,,arn:aws:savingsplans::334455667788:savingsplan/c4c5d327-085f-4422-9664-201aaaf1953a,0.062882,0.062882,0.062882,,
030848cf7b7945f69d976cea6930e373,2026-03-13T02:00:00Z/2026-03-13T03:00:00Z,112233445566,2026-03-01T00:00:00Z,2026-04-01T00:00:00Z,AWS,334455667788,SavingsPlanCoveredUsage,2026-03-13T02:00:00Z,2026-03-13T03:00:00Z,AmazonEC2,USEA-BoxUsage:m5.large,RunInstances,us-east-1a,i-049798be486b44322,1.0,4.0,4.0,0.096,0.096,0.070544,0.070544,Hrs,0.096,0.096,Amazon Elastic Compute Cloud,m5.large,2,8 GiB,Linux,us-east-1,AmazonEC2,backend,prod,CC400,,,,,,,,arn:aws:savingsplans::334455667788:savingsplan/c4c5d327-085f-4422-9664-201aaaf1953a,0.070544,0.070544,0.070544,,
c8545b2711d24ac59a3e1dee01785ceb,2026-03-13T12:00:00Z/2026-03-13T13:00:00Z,112233445566,2026-03-01T00:00:00Z,2026-04-01T00:00:00Z,AWS,334455667788,SavingsPlanCoveredUsage,2026-03-13T12:00:00Z,2026-03-13T13:00:00Z,AmazonEC2,USEA-BoxUsage:m5.large,RunInstances,us-east-1a,i-049798be486b44322,1.0,4.0,4.0,0.096,0.096,0.070094,0.070094,Hrs,0.096,0.096,Amazon Elastic Compute Cloud,m5.large,2,8 GiB,Linux,us-east-1,AmazonEC2,backend,prod,CC400,,,,,,,,arn:aws:savingsplans::334455667788:savingsplan/c4c5d327-085f-4422-9664-201aaaf1953a,0.070094,0.070094,0.070094,,
c55b9798ceb14adab844b262013a5ca5,2026-03-13T22:00:00Z/2026-03-13T23:00:00Z,112233445566,2026-03-01T00:00:00Z,2026-04-01T00:00:00Z,AWS,334455667788,SavingsPlanCoveredUsage,2026-03-13T22:00:00Z,2026-03-13T23:00:00Z,AmazonEC2,USEA-BoxUsage:m5.large,RunInstances,us-east-1a,i-049798be486b44322,1.0,4.0,4.0,0.096,0.096,0.071884,0.071884,Hrs,0.096,0.096,Amazon Elastic Compute Cloud,m5.large,2,8 GiB,Linux,us-east-1,AmazonEC2,backend,prod,CC400,,,,,,,,arn:aws:savingsplans::334455667788:savingsplan/c4c5d327-085f-4422-9664-201aaaf1953a,0.071884,0.071884,0.071884,,
cbac9f292f8b4af4b2c395932ad7fd3f,2026-03-14T08:00:00Z/2026-03-14T09:00:00Z,112233445566,2026-03-01T00:00:00Z,2026-04-01T00:00:00Z,AWS,334455667788,SavingsPlanCoveredUsage,2026-03-14T08:00:00Z,2026-03-14T09:00:00Z,AmazonEC2,USEA-BoxUsage:m5.large,RunInstances,us-east-1a,i-049798be486b44322,1.0,4.0,4.0,0.096,0.096,0.07152,0.07152,Hrs,0.096,0.096,Amazon Elastic Compute Cloud,m5.large,2,8 GiB,Linux,us-east-1,AmazonEC2,backend,prod,CC400,,,,,,,,arn:aws:savingsplans::334455667788:savingsplan/c4c5d327-085f-4422-9664-201aaaf1953a,0.07152,0.07152,0.07152,,
c14f03635ea3465f8c8a72da2608350f,2026-03-14T18:00:00Z/2026-03-14T19:00:00Z,112233445566,2026-03-01T00:00:00Z,2026-04-01T00:00:00Z,AWS,334455667788,SavingsPlanCoveredUsage,2026-03-14T18:00:00Z,2026-03-14T19:00:00Z,AmazonEC2,USEA-BoxUsage:m5.large,RunInstances,us-east-1a,i-049798be486b44322,1.0,4.0,4.0,0.096,0.096,0.068281,0.068281,Hrs,0.096,0.096,Amazon Elastic Compute Cloud,m5.large,2,8 GiB,Linux,us-east-1,AmazonEC2,backend,prod,CC400,,,,,,,,arn:aws:savingsplans::334455667788:savingsplan/c4c5d327-085f-4422-9664-201aaaf1953a,0.068281,0.068281,0.068281,,
a6c2b717448244299bfc0f70e1ae403f,2026-03-15T04:00:00Z/2026-03-15T05:00:00Z,112233445566,2026-03-01T00:00:00Z,2026-04-01T00:00:00Z,AWS,334455667788,SavingsPlanCoveredUsage,2026-03-15T04:00:00Z,2026-03-15T05:00:00Z,AmazonEC2,USEA-BoxUsage:m5.large,RunInstances,us-east-1a,i-049798be486b44322,1.0,4.0,4.0,0.096,0.096,0.067246,0.067246,Hrs,0.096,0.096,Amazon Elastic Compute Cloud,m5.large,2,8 GiB,Linux,us-east-1,AmazonEC2,backend,prod,CC400,,,,,,,,arn:aws:savingsplans::334455667788:savingsplan/c4c5d327-085f-4422-9664-201aaaf1953a,0.067246,0.067246,0.067246,,
568ee030fa704827941a24eab9b4f041,2026-03-15T14:00:00Z/2026-03-15T15:00:00Z,112233445566,2026-03-01T00:00:00Z,2026-04-01T00:00:00Z,AWS,334455667788,SavingsPlanCoveredUsage,2026-03-15T14:00:00Z,2026-03-15T15:00:00Z,AmazonEC2,USEA-BoxUsage:m5.large,RunInstances,us-east-1a,i-049798be486b44322,1.0,4.0,4.0,0.096,0.096,0.06766,0.06766,Hrs,0.096,0.096,Amazon Elastic Compute Cloud,m5.large,2,8 GiB,Linux,us-east-1,AmazonEC2,backend,prod,CC400,,,,,,,,arn:aws:savingsplans::334455667788:savingsplan/c4c5d327-085f-4422-9664-201aaaf1953a,0.06766,0.06766,0.06766,,
dcae42b8b38841f098df7a9e519f3216,2026-03-16T00:00:00Z/2026-03-16T01:00:00Z,112233445566,2026-03-01T00:00:00Z,2026-04-01T00:00:00Z,AWS,334455667788,SavingsPlanCoveredUsage,2026-03-16T00:00:00Z,2026-03-16T01:00:00Z,AmazonEC2,USEA-BoxUsage:m5.large,RunInstances,us-east-1a,i-049798be486b44322,1.0,4.0,4.0,0.096,0.096,0.069539,0.069539,Hrs,0.096,0.096,Amazon Elastic Compute Cloud,m5.large,2,8 GiB,Linux,us-east-1,AmazonEC2,backend,prod,CC400,,,,,,,,arn:aws:savingsplans::334455667788:savingsplan/c4c5d327-085f-4422-9664-201aaaf1953a,0.069539,0.069539,0.069539,,
6d6e1649ac734646a02e0b0a1739c64a,2026-03-16T10:00:00Z/2026-03-16T11:00:00Z,112233445566,2026-03-01T00:00:00Z,2026-04-01T00:00:00Z,AWS,334455667788,SavingsPlanCoveredUsage,2026-03-16T10:00:00Z,2026-03-16T11:00:00Z,AmazonEC2,USEA-BoxUsage:m5.large,RunInstances,us-east-1a,i-049798be486b44322,1.0,4.0,4.0,0.096,0.096,0.064888,0.064888,Hrs,0.096,0.096,Amazon Elastic Compute Cloud,m5.large,2,8 GiB,Linux,us-east-1,AmazonEC2,backend,prod,CC400,,,,,,,,arn:aws:savingsplans::334455667788:savingsplan/c4c5d327-085f-4422-9664-201aaaf1953a,0.064888,0.064888,0.064888,,
b88ec74a0d0d4f73ab99bdf123038fba,2026-03-16T20:00:00Z/2026-03-16T21:00:00Z,112233445566,2026-03-01T00:00:00Z,2026-04-01T00:00:00Z,AWS,334455667788,SavingsPlanCoveredUsage,2026-03-16T20:00:00Z,2026-03-16T21:00:00Z,AmazonEC2,USEA-BoxUsage:m5.large,RunInstances,us-east-1a,i-049798be486b44322,1.0,4.0,4.0,0.096,0.096,0.068522,0.068522,Hrs,0.096,0.096,Amazon Elastic Compute Cloud,m5.large,2,8 GiB,Linux,us-east-1,AmazonEC2,backend,prod,CC400,,,,,,,,arn:aws:savingsplans::334455667788:savingsplan/c4c5d327-085f-4422-9664-201aaaf1953a,0.068522,0.068522,0.068522,,
f8dc433c851e4c269ea76d1b2e20e381,2026-03-17T06:00:00Z/2026-03-17T07:00:00Z,112233445566,2026-03-01T00:00:00Z,2026-04-01T00:00:00Z,AWS,334455667788,SavingsPlanCoveredUsage,2026-03-17T06:00:00Z,2026-03-17T07:00:00Z,AmazonEC2,USEA-BoxUsage:m5.large,RunInstances,us-east-1a,i-049798be486b44322,1.0,4.0,4.0,0.096,0.096,0.067404,0.067404,Hrs,0.096,0.096,Amazon Elastic Compute Cloud,m5.large,2,8 GiB,Linux,us-east-1,AmazonEC2,backend,prod,CC400,,,,,,,,arn:aws:savingsplans::334455667788:savingsplan/c4c5d327-085f-4422-9664-201aaaf1953a,0.067404,0.067404,0.067404,,
af5b78e5d2cb4ab18c3544bfabf3f66e,2026-03-17T16:00:00Z/2026-03-17T17:00:00Z,112233445566,2026-03-01T00:00:00Z,2026-04-01T00:00:00Z,AWS,334455667788,SavingsPlanCoveredUsage,2026-03-17T16:00:00Z,2026-03-17T17:00:00Z,AmazonEC2,USEA-BoxUsage:m5.large,RunInstances,us-east-1a,i-049798be486b44322,1.0,4.0,4.0,0.096,0.096,0.065036,0.065036,Hrs,0.096,0.096,Amazon Elastic Compute Cloud,m5.large,2,8 GiB,Linux,us-east-1,AmazonEC2,backend,prod,CC400,,,,,,,,arn:aws:savingsplans::334455667788:savingsplan/c4c5d327-085f-4422-9664-201aaaf1953a,0.065036,0.065036,0.065036,,
5140cc5405c64a03a5a7aa507cccdf11,2026-03-18T02:00:00Z/2026-03-18T03:00:00Z,112233445566,2026-03-01T00:00:00Z,2026-04-01T00:00:00Z,AWS,334455667788,SavingsPlanCoveredUsage,2026-03-18T02:00:00Z,2026-03-18T03:00:00Z,AmazonEC2,USEA-BoxUsage:m5.large,RunInstances,us-east-1a,i-049798be486b44322,1.0,4.0,4.0,0.096,0.096,0.065143,0.065143,Hrs,0.096,0.096,Amazon Elastic Compute Cloud,m5.large,2,8 GiB,Linux,us-east-1,AmazonEC2,backend,prod,CC400,,,,,,,,arn:aws:savingsplans::334455667788:savingsplan/c4c5d327-085f-4422-9664-201aaaf1953a,0.065143,0.065143,0.065143,,
186502aade7a4bd8bca15c213883dade,2026-03-18T12:00:00Z/2026-03-18T13:00:00Z,112233445566,2026-03-01T00:00:00Z,2026-04-01T00:00:00Z,AWS,334455667788,SavingsPlanCoveredUsage,2026-03-18T12:00:00Z,2026-03-18T13:00:00Z,AmazonEC2,USEA-BoxUsage:m5.large,RunInstances,us-east-1a,i-049798be486b44322,1.0,4.0,4.0,0.096,0.096,0.065469,0.065469,Hrs,0.096,0.096,Amazon Elastic Compute Cloud,m5.large,2,8 GiB,Linux,us-east-1,AmazonEC2,backend,prod,CC400,,,,,,,,arn:aws:savingsplans::334455667788:savingsplan/c4c5d327-085f-4422-9664-201aaaf1953a,0.065469,0.065469,0.065469,,
a452535a2b364790a53466f0601544fe,2026-03-18T22:00:00Z/2026-03-18T23:00:00Z,112233445566,2026-03-01T00:00:00Z,2026-04-01T00:00:00Z,AWS,334455667788,SavingsPlanCoveredUsage,2026-03-18T22:00:00Z,2026-03-18T23:00:00Z,AmazonEC2,USEA-BoxUsage:m5.large,RunInstances,us-east-1a,i-049798be486b44322,1.0,4.0,4.0,0.096,0.096,0.063728,0.063728,Hrs,0.096,0.096,Amazon Elastic Compute Cloud,m5.large,2,8 GiB,Linux,us-east-1,AmazonEC2,backend,prod,CC400,,,,,,,,arn:aws:savingsplans::334455667788:savingsplan/c4c5d327-085f-4422-9664-201aaaf1953a,0.063728,0.063728,0.063728,,
ecb6b3ad59d44181b68f24d4c0b218c3,2026-03-19T08:00:00Z/2026-03-19T09:00:00Z,112233445566,2026-03-01T00:00:00Z,2026-04-01T00:00:00Z,AWS,334455667788,SavingsPlanCoveredUsage,2026-03-19T08:00:00Z,2026-03-19T09:00:00Z,AmazonEC2,USEA-BoxUsage:m5.large,RunInstances,us-east-1a,i-049798be486b44322,1.0,4.0,4.0,0.096,0.096,0.069062,0.069062,Hrs,0.096,0.096,Amazon Elastic Compute Cloud,m5.large,2,8 GiB,Linux,us-east-1,AmazonEC2,backend,prod,CC400,,,,,,,,arn:aws:savingsplans::334455667788:savingsplan/c4c5d327-085f-4422-9664-201aaaf1953a,0.069062,0.069062,0.069062,,
2f131ec316db4036acf4704e233ffa90,2026-03-19T18:00:00Z/2026-03-19T19:00:00Z,112233445566,2026-03-01T00:00:00Z,2026-04-01T00:00:00Z,AWS,334455667788,SavingsPlanCoveredUsage,2026-03-19T18:00:00Z,2026-03-19T19:00:00Z,AmazonEC2,USEA-BoxUsage:m5.large,RunInstances,us-east-1a,i-049798be486b44322,1.0,4.0,4.0,0.096,0.096,0.063017,0.063017,Hrs,0.096,0.096,Amazon Elastic Compute Cloud,m5.large,2,8 GiB,Linux,us-east-1,AmazonEC2,backend,prod,CC400,,,,,,,,arn:aws:savingsplans::334455667788:savingsplan/c4c5d327-085f-4422-9664-201aaaf1953a,0.063017,0.063017,0.063017,,
55632dbd56654785aa359cddc436bcbe,2026-03-20T04:00:00Z/2026-03-20T05:00:00Z,112233445566,2026-03-01T00:00:00Z,2026-04-01T00:00:00Z,AWS,334455667788,SavingsPlanCoveredUsage,2026-03-20T04:00:00Z,2026-03-20T05:00:00Z,AmazonEC2,USEA-BoxUsage:m5.large,RunInstances,us-east-1a,i-049798be486b44322,1.0,4.0,4.0,0.096,0.096,0.067609,0.067609,Hrs,0.096,0.096,Amazon Elastic Compute Cloud,m5.large,2,8 GiB,Linux,us-east-1,AmazonEC2,backend,prod,CC400,,,,,,,,arn:aws:savingsplans::334455667788:savingsplan/c4c5d327-085f-4422-9664-201aaaf1953a,0.067609,0.067609,0.067609,,
644777f3464644b3962b0ee9dde09de7,2026-03-20T14:00:00Z/2026-03-20T15:00:00Z,112233445566,2026-03-01T00:00:00Z,2026-04-01T00:00:00Z,AWS,334455667788,SavingsPlanCoveredUsage,2026-03-20T14:00:00Z,2026-03-20T15:00:00Z,AmazonEC2,USEA-BoxUsage:m5.large,RunInstances,us-east-1a,i-049798be486b44322,1.0,4.0,4.0,0.096,0.096,0.064386,0.064386,Hrs,0.096,0.096,Amazon Elastic Compute Cloud,m5.large,2,8 GiB,Linux,us-east-1,AmazonEC2,backend,prod,CC400,,,,,,,,arn:aws:savingsplans::334455667788:savingsplan/c4c5d327-085f-4422-9664-201aaaf1953a,0.064386,0.064386,0.064386,,
28828349245a4d919df7b2b8f8adac9e,2026-03-21T00:00:00Z/2026-03-21T01:00:00Z,112233445566,2026-03-01T00:00:00Z,2026-04-01T00:00:00Z,AWS,334455667788,SavingsPlanCoveredUsage,2026-03-21T00:00:00Z,2026-03-21T01:00:00Z,AmazonEC2,USEA-BoxUsage:m5.large,RunInstances,us-east-1a,i-049798be486b44322,1.0,4.0,4.0,0.096,0.096,0.071086,0.071086,Hrs,0.096,0.096,Amazon Elastic Compute Cloud,m5.large,2,8 GiB,Linux,us-east-1,AmazonEC2,backend,prod,CC400,,,,,,,,arn:aws:savingsplans::334455667788:savingsplan/c4c5d327-085f-4422-9664-201aaaf1953a,0.071086,0.071086,0.071086,,
18eb4eaace214e9ea79b6d0cbd1578cb,2026-03-21T10:00:00Z/2026-03-21T11:00:00Z,112233445566,2026-03-01T00:00:00Z,2026-04-01T00:00:00Z,AWS,334455667788,SavingsPlanCoveredUsage,2026-03-21T10:00:00Z,2026-03-21T11:00:00Z,AmazonEC2,USEA-BoxUsage:m5.large,RunInstances,us-east-1a,i-049798be486b44322,1.0,4.0,4.0,0.096,0.096,0.069077,0.069077,Hrs,0.096,0.096,Amazon Elastic Compute Cloud,m5.large,2,8 GiB,Linux,us-east-1,AmazonEC2,backend,prod,CC400,,,,,,,,arn:aws:savingsplans::334455667788:savingsplan/c4c5d327-085f-4422-9664-201aaaf1953a,0.069077,0.069077,0.069077,,
de9ca54bfe6c495ea2c8a0b8c7bfb520,2026-03-21T20:00:00Z/2026-03-21T21:00:00Z,112233445566,2026-03-01T00:00:00Z,2026-04-01T00:00:00Z,AWS,334455667788,SavingsPlanCoveredUsage,2026-03-21T20:00:00Z,2026-03-21T21:00:00Z,AmazonEC2,USEA-BoxUsage:m5.large,RunInstances,us-east-1a,i-049798be486b44322,1.0,4.0,4.0,0.096,0.096,0.06975,0.06975,Hrs,0.096,0.096,Amazon Elastic Compute Cloud,m5.large,2,8 GiB,Linux,us-east-1,AmazonEC2,backend,prod,CC400,,,,,,,,arn:aws:savingsplans::334455667788:savingsplan/c4c5d327-085f-4422-9664-201aaaf1953a,0.06975,0.06975,0.06975,,
059007265f49481fa8315163afd37a70,2026-03-22T06:00:00Z/2026-03-22T07:00:00Z,112233445566,2026-03-01T00:00:00Z,2026-04-01T00:00:00Z,AWS,334455667788,SavingsPlanCoveredUsage,2026-03-22T06:00:00Z,2026-03-22T07:00:00Z,AmazonEC2,USEA-BoxUsage:m5.large,RunInstances,us-east-1a,i-049798be486b44322,1.0,4.0,4.0,0.096,0.096,0.062457,0.062457,Hrs,0.096,0.096,Amazon Elastic Compute Cloud,m5.large,2,8 GiB,Linux,us-east-1,AmazonEC2,backend,prod,CC400,,,,,,,,arn:aws:savingsplans::334455667788:savingsplan/c4c5d327-085f-4422-9664-201aaaf1953a,0.062457,0.062457,0.062457,,
acb620af4f49410ebcf214da1d47cd29,2026-03-22T16:00:00Z/2026-03-22T17:00:00Z,112233445566,2026-03-01T00:00:00Z,2026-04-01T00:00:00Z,AWS,334455667788,SavingsPlanCoveredUsage,2026-03-22T16:00:00Z,2026-03-22T17:00:00Z,AmazonEC2,USEA-BoxUsage:m5.large,RunInstances,us-east-1a,i-049798be486b44322,1.0,4.0,4.0,0.096,0.096,0.069633,0.069633,Hrs,0.096,0.096,Amazon Elastic Compute Cloud,m5.large,2,8 GiB,Linux,us-east-1,AmazonEC2,backend,prod,CC400,,,,,,,,arn:aws:savingsplans::334455667788:savingsplan/c4c5d327-085f-4422-9664-201aaaf1953a,0.069633,0.069633,0.069633,,
5bf6ef8116094354a69c828c50362814,2026-03-23T02:00:00Z/2026-03-23T03:00:00Z,112233445566,2026-03-01T00:00:00Z,2026-04-01T00:00:00Z,AWS,334455667788,SavingsPlanCoveredUsage,2026-03-23T02:00:00Z,2026-03-23T03:00:00Z,AmazonEC2,USEA-BoxUsage:m5.large,RunInstances,us-east-1a,i-049798be486b44322,1.0,4.0,4.0,0.096,0.096,0.071553,0.071553,Hrs,0.096,0.096,Amazon Elastic Compute Cloud,m5.large,2,8 GiB,Linux,us-east-1,AmazonEC2,backend,prod,CC400,,,,,,,,arn:aws:savingsplans::334455667788:savingsplan/c4c5d327-085f-4422-9664-201aaaf1953a,0.071553,0.071553,0.071553,,
e4c10fa5ff6840c7ac92feecfb2c53d8,2026-03-23T12:00:00Z/2026-03-23T13:00:00Z,112233445566,2026-03-01T00:00:00Z,2026-04-01T00:00:00Z,AWS,334455667788,SavingsPlanCoveredUsage,2026-03-23T12:00:00Z,2026-03-23T13:00:00Z,AmazonEC2,USEA-BoxUsage:m5.large,RunInstances,us-east-1a,i-049798be486b44322,1.0,4.0,4.0,0.096,0.096,0.069576,0.069576,Hrs,0.096,0.096,Amazon Elastic Compute Cloud,m5.large,2,8 GiB,Linux,us-east-1,AmazonEC2,backend,prod,CC400,,,,,,,,arn:aws:savingsplans::334455667788:savingsplan/c4c5d327-085f-4422-9664-201aaaf1953a,0.069576,0.069576,0.069576,,
9196753b336941bbb6a6be25e3a09bf3,2026-03-23T22:00:00Z/2026-03-23T23:00:00Z,112233445566,2026-03-01T00:00:00Z,2026-04-01T00:00:00Z,AWS,334455667788,SavingsPlanCoveredUsage,2026-03-23T22:00:00Z,2026-03-23T23:00:00Z,AmazonEC2,USEA-BoxUsage:m5.large,RunInstances,us-east-1a,i-049798be486b44322,1.0,4.0,4.0,0.096,0.096,0.068191,0.068191,Hrs,0.096,0.096,Amazon Elastic Compute Cloud,m5.large,2,8 GiB,Linux,us-east-1,AmazonEC2,backend,prod,CC400,,,,,,,,arn:aws:savingsplans::334455667788:savingsplan/c4c5d327-085f-4422-9664-201aaaf1953a,0.068191,0.068191,0.068191,,
d4aff3ee1b134f66b9aadd612d4d23a8,2026-03-24T08:00:00Z/2026-03-24T09:00:00Z,112233445566,2026-03-01T00:00:00Z,2026-04-01T00:00:00Z,AWS,334455667788,SavingsPlanCoveredUsage,2026-03-24T08:00:00Z,2026-03-24T09:00:00Z,AmazonEC2,USEA-BoxUsage:m5.large,RunInstances,us-east-1a,i-049798be486b44322,1.0,4.0,4.0,0.096,0.096,0.064506,0.064506,Hrs,0.096,0.096,Amazon Elastic Compute Cloud,m5.large,2,8 GiB,Linux,us-east-1,AmazonEC2,backend,prod,CC400,,,,,,,,arn:aws:savingsplans::334455667788:savingsplan/c4c5d327-085f-4422-9664-201aaaf1953a,0.064506,0.064506,0.064506,,
71171b768a4f4daba3e3e10ba550f102,2026-03-24T18:00:00Z/2026-03-24T19:00:00Z,112233445566,2026-03-01T00:00:00Z,2026-04-01T00:00:00Z,AWS,334455667788,SavingsPlanCoveredUsage,2026-03-24T18:00:00Z,2026-03-24T19:00:00Z,AmazonEC2,USEA-BoxUsage:m5.large,RunInstances,us-east-1a,i-049798be486b44322,1.0,4.0,4.0,0.096,0.096,0.062679,0.062679,Hrs,0.096,0.096,Amazon Elastic Compute Cloud,m5.large,2,8 GiB,Linux,us-east-1,AmazonEC2,backend,prod,CC400,,,,,,,,arn:aws:savingsplans::334455667788:savingsplan/c4c5d327-085f-4422-9664-201aaaf1953a,0.062679,0.062679,0.062679,,
827f7b2422f34c74b1ee9b2bbd7e4612,2026-03-25T04:00:00Z/2026-03-25T05:00:00Z,112233445566,2026-03-01T00:00:00Z,2026-04-01T00:00:00Z,AWS,334455667788,SavingsPlanCoveredUsage,2026-03-25T04:00:00Z,2026-03-25T05:00:00Z,AmazonEC2,USEA-BoxUsage:m5.large,RunInstances,us-east-1a,i-049798be486b44322,1.0,4.0,4.0,0.096,0.096,0.06892,0.06892,Hrs,0.096,0.096,Amazon Elastic Compute Cloud,m5.large,2,8 GiB,Linux,us-east-1,AmazonEC2,backend,prod,CC400,,,,,,,,arn:aws:savingsplans::334455667788:savingsplan/c4c5d327-085f-4422-9664-201aaaf1953a,0.06892,0.06892,0.06892,,
539511808cee47eb821d58ae1717b62d,2026-03-25T14:00:00Z/2026-03-25T15:00:00Z,112233445566,2026-03-01T00:00:00Z,2026-04-01T00:00:00Z,AWS,334455667788,SavingsPlanCoveredUsage,2026-03-25T14:00:00Z,2026-03-25T15:00:00Z,AmazonEC2,USEA-BoxUsage:m5.large,RunInstances,us-east-1a,i-049798be486b44322,1.0,4.0,4.0,0.096,0.096,0.063984,0.063984,Hrs,0.096,0.096,Amazon Elastic Compute Cloud,m5.large,2,8 GiB,Linux,us-east-1,AmazonEC2,backend,prod,CC400,,,,,,,,arn:aws:savingsplans::334455667788:savingsplan/c4c5d327-085f-4422-9664-201aaaf1953a,0.063984,0.063984,0.063984,,
e6819321736a487d9e949e4771c56926,2026-03-26T00:00:00Z/2026-03-26T01:00:00Z,112233445566,2026-03-01T00:00:00Z,2026-04-01T00:00:00Z,AWS,334455667788,SavingsPlanCoveredUsage,2026-03-26T00:00:00Z,2026-03-26T01:00:00Z,AmazonEC2,USEA-BoxUsage:m5.large,RunInstances,us-east-1a,i-049798be486b44322,1.0,4.0,4.0,0.096,0.096,0.063625,0.063625,Hrs,0.096,0.096,Amazon Elastic Compute Cloud,m5.large,2,8 GiB,Linux,us-east-1,AmazonEC2,backend,prod,CC400,,,,,,,,arn:aws:savingsplans::334455667788:savingsplan/c4c5d327-085f-4422-9664-201aaaf1953a,0.063625,0.063625,0.063625,,
82a12425c8f24c67a48e803f01835352,2026-03-26T10:00:00Z/2026-03-26T11:00:00Z,112233445566,2026-03-01T00:00:00Z,2026-04-01T00:00:00Z,AWS,334455667788,SavingsPlanCoveredUsage,2026-03-26T10:00:00Z,2026-03-26T11:00:00Z,AmazonEC2,USEA-BoxUsage:m5.large,RunInstances,us-east-1a,i-049798be486b44322,1.0,4.0,4.0,0.096,0.096,0.062659,0.062659,Hrs,0.096,0.096,Amazon Elastic Compute Cloud,m5.large,2,8 GiB,Linux,us-east-1,AmazonEC2,backend,prod,CC400,,,,,,,,arn:aws:savingsplans::334455667788:savingsplan/c4c5d327-085f-4422-9664-201aaaf1953a,0.062659,0.062659,0.062659,,
f35b463500514551b36d5f95bf5f838d,2026-03-26T20:00:00Z/2026-03-26T21:00:00Z,112233445566,2026-03-01T00:00:00Z,2026-04-01T00:00:00Z,AWS,334455667788,SavingsPlanCoveredUsage,2026-03-26T20:00:00Z,2026-03-26T21:00:00Z,AmazonEC2,USEA-BoxUsage:m5.large,RunInstances,us-east-1a,i-049798be486b44322,1.0,4.0,4.0,0.096,0.096,0.067818,0.067818,Hrs,0.096,0.096,Amazon Elastic Compute Cloud,m5.large,2,8 GiB,Linux,us-east-1,AmazonEC2,backend,prod,CC400,,,,,,,,arn:aws:savingsplans::334455667788:savingsplan/c4c5d327-085f-4422-9664-201aaaf1953a,0.067818,0.067818,0.067818,,
1979d41d38474a2fab2020a011e1b9ae,2026-03-27T06:00:00Z/2026-03-27T07:00:00Z,112233445566,2026-03-01T00:00:00Z,2026-04-01T00:00:00Z,AWS,334455667788,SavingsPlanCoveredUsage,2026-03-27T06:00:00Z,2026-03-27T07:00:00Z,AmazonEC2,USEA-BoxUsage:m5.large,RunInstances,us-east-1a,i-049798be486b44322,1.0,4.0,4.0,0.096,0.096,0.06857,0.06857,Hrs,0.096,0.096,Amazon Elastic Compute Cloud,m5.large,2,8 GiB,Linux,us-east-1,AmazonEC2,backend,prod,CC400,,,,,,,,arn:aws:savingsplans::334455667788:savingsplan/c4c5d327-085f-4422-9664-201aaaf1953a,0.06857,0.06857,0.06857,,
d3e48ae0b9de4c5483e5e7a6a3114964,2026-03-27T16:00:00Z/2026-03-27T17:00:00Z,112233445566,2026-03-01T00:00:00Z,2026-04-01T00:00:00Z,AWS,334455667788,SavingsPlanCoveredUsage,2026-03-27T16:00:00Z,2026-03-27T17:00:00Z,AmazonEC2,USEA-BoxUsage:m5.large,RunInstances,us-east-1a,i-049798be486b44322,1.0,4.0,4.0,0.096,0.096,0.066832,0.066832,Hrs,0.096,0.096,Amazon Elastic Compute Cloud,m5.large,2,8 GiB,Linux,us-east-1,AmazonEC2,backend,prod,CC400,,,,,,,,arn:aws:savingsplans::334455667788:savingsplan/c4c5d327-085f-4422-9664-201aaaf1953a,0.066832,0.066832,0.066832,,
f4bcb257cdac4c448cbb3c6cceb0db00,2026-03-28T02:00:00Z/2026-03-28T03:00:00Z,112233445566,2026-03-01T00:00:00Z,2026-04-01T00:00:00Z,AWS,334455667788,SavingsPlanCoveredUsage,2026-03-28T02:00:00Z,2026-03-28T03:00:00Z,AmazonEC2,USEA-BoxUsage:m5.large,RunInstances,us-east-1a,i-049798be486b44322,1.0,4.0,4.0,0.096,0.096,0.066039,0.066039,Hrs,0.096,0.096,Amazon Elastic Compute Cloud,m5.large,2,8 GiB,Linux,us-east-1,AmazonEC2,backend,prod,CC400,,,,,,,,arn:aws:savingsplans::334455667788:savingsplan/c4c5d327-085f-4422-9664-201aaaf1953a,0.066039,0.066039,0.066039,,
e04a7c2fd89b4c9db42fc7e5f6c4b97d,2026-03-28T12:00:00Z/2026-03-28T13:00:00Z,112233445566,2026-03-01T00:00:00Z,2026-04-01T00:00:00Z,AWS,334455667788,SavingsPlanCoveredUsage,2026-03-28T12:00:00Z,2026-03-28T13:00:00Z,AmazonEC2,USEA-BoxUsage:m5.large,RunInstances,us-east-1a,i-049798be486b44322,1.0,4.0,4.0,0.096,0.096,0.065538,0.065538,Hrs,0.096,0.096,Amazon Elastic Compute Cloud,m5.large,2,8 GiB,Linux,us-east-1,AmazonEC2,backend,prod,CC400,,,,,,,,arn:aws:savingsplans::334455667788:savingsplan/c4c5d327-085f-4422-9664-201aaaf1953a,0.065538,0.065538,0.065538,,
2fe0e50cbba84070bb46f3b9fea96b61,2026-03-28T22:00:00Z/2026-03-28T23:00:00Z,112233445566,2026-03-01T00:00:00Z,2026-04-01T00:00:00Z,AWS,334455667788,SavingsPlanCoveredUsage,2026-03-28T22:00:00Z,2026-03-28T23:00:00Z,AmazonEC2,USEA-BoxUsage:m5.large,RunInstances,us-east-1a,i-049798be486b44322,1.0,4.0,4.0,0.096,0.096,0.06604,0.06604,Hrs,0.096,0.096,Amazon Elastic Compute Cloud,m5.large,2,8 GiB,Linux,us-east-1,AmazonEC2,backend,prod,CC400,,,,,,,,arn:aws:savingsplans::334455667788:savingsplan/c4c5d327-085f-4422-9664-201aaaf1953a,0.06604,0.06604,0.06604,,
7bd569a7aba34c598ec666c4ab6d617c,2026-03-29T08:00:00Z/2026-03-29T09:00:00Z,112233445566,2026-03-01T00:00:00Z,2026-04-01T00:00:00Z,AWS,334455667788,SavingsPlanCoveredUsage,2026-03-29T08:00:00Z,2026-03-29T09:00:00Z,AmazonEC2,USEA-BoxUsage:m5.large,RunInstances,us-east-1a,i-049798be486b44322,1.0,4.0,4.0,0.096,0.096,0.070386,0.070386,Hrs,0.096,0.096,Amazon Elastic Compute Cloud,m5.large,2,8 GiB,Linux,us-east-1,AmazonEC2,backend,prod,CC400,,,,,,,,arn:aws:savingsplans::334455667788:savingsplan/c4c5d327-085f-4422-9664-201aaaf1953a,0.070386,0.070386,0.070386,,
626e578ed8254469be9526aef90c00aa,2026-03-29T18:00:00Z/2026-03-29T19:00:00Z,112233445566,2026-03-01T00:00:00Z,2026-04-01T00:00:00Z,AWS,334455667788,SavingsPlanCoveredUsage,2026-03-29T18:00:00Z,2026-03-29T19:00:00Z,AmazonEC2,USEA-BoxUsage:m5.large,RunInstances,us-east-1a,i-049798be486b44322,1.0,4.0,4.0,0.096,0.096,0.063186,0.063186,Hrs,0.096,0.096,Amazon Elastic Compute Cloud,m5.large,2,8 GiB,Linux,us-east-1,AmazonEC2,backend,prod,CC400,,,,,,,,arn:aws:savingsplans::334455667788:savingsplan/c4c5d327-085f-4422-9664-201aaaf1953a,0.063186,0.063186,0.063186,,
10b693de851f4448ac254c5eb1ec61e8,2026-03-30T14:00:00Z/2026-03-30T15:00:00Z,112233445566,2026-03-01T00:00:00Z,2026-04-01T00:00:00Z,AWS,334455667788,SavingsPlanCoveredUsage,2026-03-30T14:00:00Z,2026-03-30T15:00:00Z,AmazonEC2,USEA-BoxUsage:m5.large,RunInstances,us-east-1a,i-049798be486b44322,1.0,4.0,4.0,0.096,0.096,0.071999,0.071999,Hrs,0.096,0.096,Amazon Elastic Compute Cloud,m5.large,2,8 GiB,Linux,us-east-1,AmazonEC2,backend,prod,CC400,,,,,,,,arn:aws:savingsplans::334455667788:savingsplan/c4c5d327-085f-4422-9664-201aaaf1953a,0.071999,0.071999,0.071999,,
bfef90d541a54fa4b52b08bedd6f4319,2026-03-01T00:00:00Z/2026-03-01T01:00:00Z,112233445566,2026-03-01T00:00:00Z,2026-04-01T00:00:00Z,AWS,334455667788,DiscountedUsage,2026-03-01T00:00:00Z,2026-03-01T01:00:00Z,AmazonEC2,USEA-BoxUsage:m5.large,RunInstances,us-east-1c,i-04b6de506baaf4bc8,1.0,4.0,4.0,0.0,0.0,0.062162,0.062162,Hrs,0.096,0.096,Amazon Elastic Compute Cloud,m5.large,2,8 GiB,Linux,us-east-1,AmazonEC2,backend,prod,CC400,arn:aws:ec2:us-east-1:334455667788:reserved-instances/6dec5750-67e6-4270-856e-47f87ed57476,0.062162,0.052838,0.009324,,,,,,,,,
84b10c0382cc49aa903c9acda4e9a502,2026-03-01T10:00:00Z/2026-03-01T11:00:00Z,112233445566,2026-03-01T00:00:00Z,2026-04-01T00:00:00Z,AWS,334455667788,DiscountedUsage,2026-03-01T10:00:00Z,2026-03-01T11:00:00Z,AmazonEC2,USEA-BoxUsage:m5.large,RunInstances,us-east-1c,i-04b6de506baaf4bc8,1.0,4.0,4.0,0.0,0.0,0.062185,0.062185,Hrs,0.096,0.096,Amazon Elastic Compute Cloud,m5.large,2,8 GiB,Linux,us-east-1,AmazonEC2,backend,prod,CC400,arn:aws:ec2:us-east-1:334455667788:reserved-instances/6dec5750-67e6-4270-856e-47f87ed57476,0.062185,0.052857,0.009328,,,,,,,,,
487e7d37aa414055833d150f3eedb184,2026-03-01T20:00:00Z/2026-03-01T21:00:00Z,112233445566,2026-03-01T00:00:00Z,2026-04-01T00:00:00Z,AWS,334455667788,DiscountedUsage,2026-03-01T20:00:00Z,2026-03-01T21:00:00Z,AmazonEC2,USEA-BoxUsage:m5.large,RunInstances,us-east-1c,i-04b6de506baaf4bc8,1.0,4.0,4.0,0.0,0.0,0.066474,0.066474,Hrs,0.096,0.096,Amazon Elastic Compute Cloud,m5.large,2,8 GiB,Linux,us-east-1,AmazonEC2,backend,prod,CC400,arn:aws:ec2:us-east-1:334455667788:reserved-instances/6dec5750-67e6-4270-856e-47f87ed57476,0.066474,0.056503,0.009971,,,,,,,,,
bb1b65ee9a2345428b99c592d68f7c41,2026-03-02T06:00:00Z/2026-03-02T07:00:00Z,112233445566,2026-03-01T00:00:00Z,2026-04-01T00:00:00Z,AWS,334455667788,DiscountedUsage,2026-03-02T06:00:00Z,2026-03-02T07:00:00Z,AmazonEC2,USEA-BoxUsage:m5.large,RunInstances,us-east-1c,i-04b6de506baaf4bc8,1.0,4.0,4.0,0.0,0.0,0.053093,0.053093,Hrs,0.096,0.096,Amazon Elastic Compute Cloud,m5.large,2,8 GiB,Linux,us-east-1,AmazonEC2,backend,prod,CC400,arn:aws:ec2:us-east-1:334455667788:reserved-instances/6dec5750-67e6-4270-856e-47f87ed57476,0.053093,0.045129,0.007964,,,,,,,,,
a12dc0fefaf146c7ae8b2c0677e4c72d,2026-03-02T16:00:00Z/2026-03-02T17:00:00Z,112233445566,2026-03-01T00:00:00Z,2026-04-01T00:00:00Z,AWS,334455667788,DiscountedUsage,2026-03-02T16:00:00Z,2026-03-02T17:00:00Z,AmazonEC2,USEA-BoxUsage:m5.large,RunInstances,us-east-1c,i-04b6de506baaf4bc8,1.0,4.0,4.0,0.0,0.0,0.054618,0.054618,Hrs,0.096,0.096,Amazon Elastic Compute Cloud,m5.large,2,8 GiB,Linux,us-east-1,AmazonEC2,backend,prod,CC400,arn:aws:ec2:us-east-1:334455667788:reserved-instances/6dec5750-67e6-4270-856e-47f87ed57476,0.054618,0.046425,0.008193,,,,,,,,,
77ce02b672dc473faa3205136917dad4,2026-03-03T02:00:00Z/2026-03-03T03:00:00Z,112233445566,2026-03-01T00:00:00Z,2026-04-01T00:00:00Z,AWS,334455667788,DiscountedUsage,2026-03-03T02:00:00Z,2026-03-03T03:00:00Z,AmazonEC2,USEA-BoxUsage:m5.large,RunInstances,us-east-1c,i-04b6de506baaf4bc8,1.0,4.0,4.0,0.0,0.0,0.060921,0.060921,Hrs,0.096,0.096,Amazon Elastic Compute Cloud,m5.large,2,8 GiB,Linux,us-east-1,AmazonEC2,backend,prod,CC400,arn:aws:ec2:us-east-1:334455667788:reserved-instances/6dec5750-67e6-4270-856e-47f87ed57476,0.060921,0.051783,0.009138,,,,,,,,,
46ab27bfc7cc452f96cc829fb1ea7875,2026-03-03T12:00:00Z/2026-03-03T13:00:00Z,112233445566,2026-03-01T00:00:00Z,2026-04-01T00:00:00Z,AWS,334455667788,DiscountedUsage,2026-03-03T12:00:00Z,2026-03-03T13:00:00Z,AmazonEC2,USEA-BoxUsage:m5.large,RunInstances,us-east-1c,i-04b6de506baaf4bc8,1.0,4.0,4.0,0.0,0.0,0.062872,0.062872,Hrs,0.096,0.096,Amazon Elastic Compute Cloud,m5.large,2,8 GiB,Linux,us-east-1,AmazonEC2,backend,prod,CC400,arn:aws:ec2:us-east-1:334455667788:reserved-instances/6dec5750-67e6-4270-856e-47f87ed57476,0.062872,0.053441,0.009431,,,,,,,,,
4dba700f99fb4c0f8b7fb701f423dbb2,2026-03-03T22:00:00Z/2026-03-03T23:00:00Z,112233445566,2026-03-01T00:00:00Z,2026-04-01T00:00:00Z,AWS,334455667788,DiscountedUsage,2026-03-03T22:00:00Z,2026-03-03T23:00:00Z,AmazonEC2,USEA-BoxUsage:m5.large,RunInstances,us-east-1c,i-04b6de506baaf4bc8,1.0,4.0,4.0,0.0,0.0,0.055216,0.055216,Hrs,0.096,0.096,Amazon Elastic Compute Cloud,m5.large,2,8 GiB,Linux,us-east-1,AmazonEC2,backend,prod,CC400,arn:aws:ec2:us-east-1:334455667788:reserved-instances/6dec5750-67e6-4270-856e-47f87ed57476,0.055216,0.046934,0.008282,,,,,,,,,
d5fd1b2338e041d6a4006b40817eac73,2026-03-04T08:00:00Z/2026-03-04T09:00:00Z,112233445566,2026-03-01T00:00:00Z,2026-04-01T00:00:00Z,AWS,334455667788,DiscountedUsage,2026-03-04T08:00:00Z,2026-03-04T09:00:00Z,AmazonEC2,USEA-BoxUsage:m5.large,RunInstances,us-east-1c,i-04b6de506baaf4bc8,1.0,4.0,4.0,0.0,0.0,0.06357,0.06357,Hrs,0.096,0.096,Amazon Elastic Compute Cloud,m5.large,2,8 GiB,Linux,us-east-1,AmazonEC2,backend,prod,CC400,arn:aws:ec2:us-east-1:334455667788:reserved-instances/6dec5750-67e6-4270-856e-47f87ed57476,0.06357,0.054034,0.009536,,,,,,,,,
5c1672a2d9544b41b180d31a0dc6fa6b,2026-03-04T18:00:00Z/2026-03-04T19:00:00Z,112233445566,2026-03-01T00:00:00Z,2026-04-01T00:00:00Z,AWS,334455667788,DiscountedUsage,2026-03-04T18:00:00Z,2026-03-04T19:00:00Z,AmazonEC2,USEA-BoxUsage:m5.large,RunInstances,us-east-1c,i-04b6de506baaf4bc8,1.0,4.0,4.0,0.0,0.0,0.064598,0.064598,Hrs,0.096,0.096,Amazon Elastic Compute Cloud,m5.large,2,8 GiB,Linux,us-east-1,AmazonEC2,backend,prod,CC400,arn:aws:ec2:us-east-1:334455667788:reserved-instances/6dec5750-67e6-4270-856e-47f87ed57476,0.064598,0.054908,0.00969,,,,,,,,,
ec85f8bb69b34545bae4ba79c42d7d86,2026-03-05T04:00:00Z/2026-03-05T05:00:00Z,112233445566,2026-03-01T00:00:00Z,2026-04-01T00:00:00Z,AWS,334455667788,DiscountedUsage,2026-03-05T04:00:00Z,2026-03-05T05:00:00Z,AmazonEC2,USEA-BoxUsage:m5.large,RunInstances,us-east-1c,i-04b6de506baaf4bc8,1.0,4.0,4.0,0.0,0.0,0.054357,0.054357,Hrs,0.096,0.096,Amazon Elastic Compute Cloud,m5.large,2,8 GiB,Linux,us-east-1,AmazonEC2,backend,prod,CC400,arn:aws:ec2:us-east-1:334455667788:reserved-instances/6dec5750-67e6-4270-856e-47f87ed57476,0.054357,0.046203,0.008154,,,,,,,,,
afddf714b015416fa153df02d1868f07,2026-03-05T14:00:00Z/2026-03-05T15:00:00Z,112233445566,2026-03-01T00:00:00Z,2026-04-01T00:00:00Z,AWS,334455667788,DiscountedUsage,2026-03-05T14:00:00Z,2026-03-05T15:00:00Z,AmazonEC2,USEA-BoxUsage:m5.large,RunInstances,us-east-1c,i-04b6de506baaf4bc8,1.0,4.0,4.0,0.0,0.0,0.057292,0.057292,Hrs,0.096,0.096,Amazon Elastic Compute Cloud,m5.large,2,8 GiB,Linux,us-east-1,AmazonEC2,backend,prod,CC400,arn:aws:ec2:us-east-1:334455667788:reserved-instances/6dec5750-67e6-4270-856e-47f87ed57476,0.057292,0.048698,0.008594,,,,,,,,,
15fd63dc91304765b5e262f2ded1c6a6,2026-03-06T00:00:00Z/2026-03-06T01:00:00Z,112233445566,2026-03-01T00:00:00Z,2026-04-01T00:00:00Z,AWS,334455667788,DiscountedUsage,2026-03-06T00:00:00Z,2026-03-06T01:00:00Z,AmazonEC2,USEA-BoxUsage:m5.large,RunInstances,us-east-1c,i-04b6de506baaf4bc8,1.0,4.0,4.0,0.0,0.0,0.066598,0.066598,Hrs,0.096,0.096,Amazon Elastic Compute Cloud,m5.large,2,8 GiB,Linux,us-east-1,AmazonEC2,backend,prod,CC400,arn:aws:ec2:us-east-1:334455667788:reserved-instances/6dec5750-67e6-4270-856e-47f87ed57476,0.066598,0.056608,0.00999,,,,,,,,,
2f4e99cda49544319edd4b0d6d747914,2026-03-06T10:00:00Z/2026-03-06T11:00:00Z,112233445566,2026-03-01T00:00:00Z,2026-04-01T00:00:00Z,AWS,334455667788,DiscountedUsage,2026-03-06T10:00:00Z,2026-03-06T11:00:00Z,AmazonEC2,USEA-BoxUsage:m5.large,RunInstances,us-east-1c,i-04b6de506baaf4bc8,1.0,4.0,4.0,0.0,0.0,0.063096,0.063096,Hrs,0.096,0.096,Amazon Elastic Compute Cloud,m5.large,2,8 GiB,Linux,us-east-1,AmazonEC2,backend,prod,CC400,arn:aws:ec2:us-east-1:334455667788:reserved-instances/6dec5750-67e6-4270-856e-47f87ed57476,0.063096,0.053632,0.009464,,,,,,,,,
b282fbf119654ec89fd7472eb41f7edd,2026-03-06T20:00:00Z/2026-03-06T21:00:00Z,112233445566,2026-03-01T00:00:00Z,2026-04-01T00:00:00Z,AWS,334455667788,DiscountedUsage,2026-03-06T20:00:00Z,2026-03-06T21:00:00Z,AmazonEC2,USEA-BoxUsage:m5.large,RunInstances,us-east-1c,i-04b6de506baaf4bc8,1.0,4.0,4.0,0.0,0.0,0.062745,0.062745,Hrs,0.096,0.096,Amazon Elastic Compute Cloud,m5.large,2,8 GiB,Linux,us-east-1,AmazonEC2,backend,prod,CC400,arn:aws:ec2:us-east-1:334455667788:reserved-instances/6dec5750-67e6-4270-856e-47f87ed57476,0.062745,0.053333,0.009412,,,,,,,,,
d877fe8f4c534ef798d1ce5b63e68d2d,2026-03-07T06:00:00Z/2026-03-07T07:00:00Z,112233445566,2026-03-01T00:00:00Z,2026-04-01T00:00:00Z,AWS,334455667788,DiscountedUsage,2026-03-07T06:00:00Z,2026-03-07T07:00:00Z,AmazonEC2,USEA-BoxUsage:m5.large,RunInstances,us-east-1c,i-04b6de506baaf4bc8,1.0,4.0,4.0,0.0,0.0,0.054267,0.054267,Hrs,0.096,0.096,Amazon Elastic Compute Cloud,m5.large,2,8 GiB,Linux,us-east-1,AmazonEC2,backend,prod,CC400,arn:aws:ec2:us-east-1:334455667788:reserved-instances/6dec5750-67e6-4270-856e-47f87ed57476,0.054267,0.046127,0.00814,,,,,,,,,
b0641fdd4a484208960b3ed0053ae014,2026-03-07T16:00:00Z/2026-03-07T17:00:00Z,112233445566,2026-03-01T00:00:00Z,2026-04-01T00:00:00Z,AWS,334455667788,DiscountedUsage,2026-03-07T16:00:00Z,2026-03-07T17:00:00Z,AmazonEC2,USEA-BoxUsage:m5.large,RunInstances,us-east-1c,i-04b6de506baaf4bc8,1.0,4.0,4.0,0.0,0.0,0.065044,0.065044,Hrs,0.096,0.096,Amazon Elastic Compute Cloud,m5.large,2,8 GiB,Linux,us-east-1,AmazonEC2,backend,prod,CC400,arn:aws:ec2:us-east-1:334455667788:reserved-instances/6dec5750-67e6-4270-856e-47f87ed57476,0.065044,0.055287,0.009757,,,,,,,,,
edfc4c456d394601b59a0653c0b7e186,2026-03-08T02:00:00Z/2026-03-08T03:00:00Z,112233445566,2026-03-01T00:00:00Z,2026-04-01T00:00:00Z,AWS,334455667788,DiscountedUsage,2026-03-08T02:00:00Z,2026-03-08T03:00:00Z,AmazonEC2,USEA-BoxUsage:m5.large,RunInstances,us-east-1c,i-04b6de506baaf4bc8,1.0,4.0,4.0,0.0,0.0,0.054543,0.054543,Hrs,0.096,0.096,Amazon Elastic Compute Cloud,m5.large,2,8 GiB,Linux,us-east-1,AmazonEC2,backend,prod,CC400,arn:aws:ec2:us-east-1:334455667788:reserved-instances/6dec5750-67e6-4270-856e-47f87ed57476,0.054543,0.046362,0.008181,,,,,,,,,
900d62b182474e29860f7691dd5167bb,2026-03-08T12:00:00Z/2026-03-08T13:00:00Z,112233445566,2026-03-01T00:00:00Z,2026-04-01T00:00:00Z,AWS,334455667788,DiscountedUsage,2026-03-08T12:00:00Z,2026-03-08T13:00:00Z,AmazonEC2,USEA-BoxUsage:m5.large,RunInstances,us-east-1c,i-04b6de506baaf4bc8,1.0,4.0,4.0,0.0,0.0,0.06407,0.06407,Hrs,0.096,0.096,Amazon Elastic Compute Cloud,m5.large,2,8 GiB,Linux,us-east-1,AmazonEC2,backend,prod,CC400,arn:aws:ec2:us-east-1:334455667788:reserved-instances/6dec5750-67e6-4270-856e-47f87ed57476,0.06407,0.05446,0.00961,,,,,,,,,
1675e65e432c43c0bf76bdb166fa84fd,2026-03-08T22:00:00Z/2026-03-08T23:00:00Z,112233445566,2026-03-01T00:00:00Z,2026-04-01T00:00:00Z,AWS,334455667788,DiscountedUsage,2026-03-08T22:00:00Z,2026-03-08T23:00:00Z,AmazonEC2,USEA-BoxUsage:m5.large,RunInstances,us-east-1c,i-04b6de506baaf4bc8,1.0,4.0,4.0,0.0,0.0,0.058969,0.058969,Hrs,0.096,0.096,Amazon Elastic Compute Cloud,m5.large,2,8 GiB,Linux,us-east-1,AmazonEC2,backend,prod,CC400,arn:aws:ec2:us-east-1:334455667788:reserved-instances/6dec5750-67e6-4270-856e-47f87ed57476,0.058969,0.050124,0.008845,,,,,,,,,
47bca2e2de8b48c19e6d353ff46c7a26,2026-03-09T08:00:00Z/2026-03-09T09:00:00Z,112233445566,2026-03-01T00:00:00Z,2026-04-01T00:00:00Z,AWS,334455667788,DiscountedUsage,2026-03-09T08:00:00Z,2026-03-09T09:00:00Z,AmazonEC2,USEA-BoxUsage:m5.large,RunInstances,us-east-1c,i-04b6de506baaf4bc8,1.0,4.0,4.0,0.0,0.0,0.060086,0.060086,Hrs,0.096,0.096,Amazon Elastic Compute Cloud,m5.large,2,8 GiB,Linux,us-east-1,AmazonEC2,backend,prod,CC400,arn:aws:ec2:us-east-1:334455667788:reserved-instances/6dec5750-67e6-4270-856e-47f87ed57476,0.060086,0.051073,0.009013,,,,,,,,,
ee27b1fddbc8427fa5a0a48dae4383ad,2026-03-09T18:00:00Z/2026-03-09T19:00:00Z,112233445566,2026-03-01T00:00:00Z,2026-04-01T00:00:00Z,AWS,334455667788,DiscountedUsage,2026-03-09T18:00:00Z,2026-03-09T19:00:00Z,AmazonEC2,USEA-BoxUsage:m5.large,RunInstances,us-east-1c,i-04b6de506baaf4bc8,1.0,4.0,4.0,0.0,0.0,0.065034,0.065034,Hrs,0.096,0.096,Amazon Elastic Compute Cloud,m5.large,2,8 GiB,Linux,us-east-1,AmazonEC2,backend,prod,CC400,arn:aws:ec2:us-east-1:334455667788:reserved-instances/6dec5750-67e6-4270-856e-47f87ed57476,0.065034,0.055279,0.009755,,,,,,,,,
7be736e4d9154618ba4557b84a8a4097,2026-03-10T04:00:00Z/2026-03-10T05:00:00Z,112233445566,2026-03-01T00:00:00Z,2026-04-01T00:00:00Z,AWS,334455667788,DiscountedUsage,2026-03-10T04:00:00Z,2026-03-10T05:00:00Z,AmazonEC2,USEA-BoxUsage:m5.large,RunInstances,us-east-1c,i-04b6de506baaf4bc8,1.0,4.0,4.0,0.0,0.0,0.05432,0.05432,Hrs,0.096,0.096,Amazon Elastic Compute Cloud,m5.large,2,8 GiB,Linux,us-east-1,AmazonEC2,backend,prod,CC400,arn:aws:ec2:us-east-1:334455667788:reserved-instances/6dec5750-67e6-4270-856e-47f87ed57476,0.05432,0.046172,0.008148,,,,,,,,,
722d27f02e0942b5b98a7aab953b3dc9,2026-03-10T14:00:00Z/2026-03-10T15:00:00Z,112233445566,2026-03-01T00:00:00Z,2026-04-01T00:00:00Z,AWS,334455667788,DiscountedUsage,2026-03-10T14:00:00Z,2026-03-10T15:00:00Z,AmazonEC2,USEA-BoxUsage:m5.large,RunInstances,us-east-1c,i-04b6de506baaf4bc8,1.0,4.0,4.0,0.0,0.0,0.061952,0.061952,Hrs,0.096,0.096,Amazon Elastic Compute Cloud,m5.large,2,8 GiB,Linux,us-east-1,AmazonEC2,backend,prod,CC400,arn:aws:ec2:us-east-1:334455667788:reserved-instances/6dec5750-67e6-4270-856e-47f87ed57476,0.061952,0.052659,0.009293,,,,,,,,,
7e0fa4a900ae4f48a8cbe6100c2a10a9,2026-03-11T00:00:00Z/2026-03-11T01:00:00Z,112233445566,2026-03-01T00:00:00Z,2026-04-01T00:00:00Z,AWS,334455667788,DiscountedUsage,2026-03-11T00:00:00Z,2026-03-11T01:00:00Z,AmazonEC2,USEA-BoxUsage:m5.large,RunInstances,us-east-1c,i-04b6de506baaf4bc8,1.0,4.0,4.0,0.0,0.0,0.062985,0.062985,Hrs,0.096,0.096,Amazon Elastic Compute Cloud,m5.large,2,8 GiB,Linux,us-east-1,AmazonEC2,backend,prod,CC400,arn:aws:ec2:us-east-1:334455667788:reserved-instances/6dec5750-67e6-4270-856e-47f87ed57476,0.062985,0.053537,0.009448,,,,,,,,,
f49d0b0bec4643e6872726b9f47007db,2026-03-11T10:00:00Z/2026-03-11T11:00:00Z,112233445566,2026-03-01T00:00:00Z,2026-04-01T00:00:00Z,AWS,334455667788,DiscountedUsage,2026-03-11T10:00:00Z,2026-03-11T11:00:00Z,AmazonEC2,USEA-BoxUsage:m5.large,RunInstances,us-east-1c,i-04b6de506baaf4bc8,1.0,4.0,4.0,0.0,0.0,0.063367,0.063367,Hrs,0.096,0.096,Amazon Elastic Compute Cloud,m5.large,2,8 GiB,Linux,us-east-1,AmazonEC2,backend,prod,CC400,arn:aws:ec2:us-east-1:334455667788:reserved-instances/6dec5750-67e6-4270-856e-47f87ed57476,0.063367,0.053862,0.009505,,,,,,,,,
e87b9e0756cf4ddcb4feb1628b8e1a9f,2026-03-11T20:00:00Z/2026-03-11T21:00:00Z,112233445566,2026-03-01T00:00:00Z,2026-04-01T00:00:00Z,AWS,334455667788,DiscountedUsage,2026-03-11T20:00:00Z,2026-03-11T21:00:00Z,AmazonEC2,USEA-BoxUsage:m5.large,RunInstances,us-east-1c,i-04b6de506baaf4bc8,1.0,4.0,4.0,0.0,0.0,0.056689,0.056689,Hrs,0.096,0.096,Amazon Elastic Compute Cloud,m5.large,2,8 GiB,Linux,us-east-1,AmazonEC2,backend,prod,CC400,arn:aws:ec2:us-east-1:334455667788:reserved-instances/6dec5750-67e6-4270-856e-47f87ed57476,0.056689,0.048186,0.008503,,,,,,,,,
b7a75a32d61c44238b002c70f358bf83,2026-03-12T06:00:00Z/2026-03-12T07:00:00Z,112233445566,2026-03-01T00:00:00Z,2026-04-01T00:00:00Z,AWS,334455667788,DiscountedUsage,2026-03-12T06:00:00Z,2026-03-12T07:00:00Z,AmazonEC2,USEA-BoxUsage:m5.large,RunInstances,us-east-1c,i-04b6de506baaf4bc8,1.0,4.0,4.0,0.0,0.0,0.06055,0.06055,Hrs,0.096,0.096,Amazon Elastic Compute Cloud,m5.large,2,8 GiB,Linux,us-east-1,AmazonEC2,backend,prod,CC400,arn:aws:ec2:us-east-1:334455667788:reserved-instances/6dec5750-67e6-4270-856e-47f87ed57476,0.06055,0.051467,0.009083,,,,,,,,,
35465f82ebd74dcfb33f49c8d3f7509e,2026-03-12T16:00:00Z/2026-03-12T17:00:00Z,112233445566,2026-03-01T00:00:00Z,2026-04-01T00:00:00Z,AWS,334455667788,DiscountedUsage,2026-03-12T16:00:00Z,2026-03-12T17:00:00Z,AmazonEC2,USEA-BoxUsage:m5.large,RunInstances,us-east-1c,i-04b6de506baaf4bc8,1.0,4.0,4.0,0.0,0.0,0.059072,0.059072,Hrs,0.096,0.096,Amazon Elastic Compute Cloud,m5.large,2,8 GiB,Linux,us-east-1,AmazonEC2,backend,prod,CC400,arn:aws:ec2:us-east-1:334455667788:reserved-instances/6dec5750-67e6-4270-856e-47f87ed57476,0.059072,0.050211,0.008861,,,,,,,,,
6aae9d43eb5f4ca1b95b804cb52a6a48,2026-03-13T02:00:00Z/2026-03-13T03:00:00Z,112233445566,2026-03-01T00:00:00Z,2026-04-01T00:00:00Z,AWS,334455667788,DiscountedUsage,2026-03-13T02:00:00Z,2026-03-13T03:00:00Z,AmazonEC2,USEA-BoxUsage:m5.large,RunInstances,us-east-1c,i-04b6de506baaf4bc8,1.0,4.0,4.0,0.0,0.0,0.056665,0.056665,Hrs,0.096,0.096,Amazon Elastic Compute Cloud,m5.large,2,8 GiB,Linux,us-east-1,AmazonEC2,backend,prod,CC400,arn:aws:ec2:us-east-1:334455667788:reserved-instances/6dec5750-67e6-4270-856e-47f87ed57476,0.056665,0.048165,0.0085,,,,,,,,,
e7bcbc3059b146489fa4a0f948621e94,2026-03-13T12:00:00Z/2026-03-13T13:00:00Z,112233445566,2026-03-01T00:00:00Z,2026-04-01T00:00:00Z,AWS,334455667788,DiscountedUsage,2026-03-13T12:00:00Z,2026-03-13T13:00:00Z,AmazonEC2,USEA-BoxUsage:m5.large,RunInstances,us-east-1c,i-04b6de506baaf4bc8,1.0,4.0,4.0,0.0,0.0,0.064763,0.064763,Hrs,0.096,0.096,Amazon Elastic Compute Cloud,m5.large,2,8 GiB,Linux,us-east-1,AmazonEC2,backend,prod,CC400,arn:aws:ec2:us-east-1:334455667788:reserved-instances/6dec5750-67e6-4270-856e-47f87ed57476,0.064763,0.055049,0.009714,,,,,,,,,
8e9086312c9c4d508e455bc3a2bbd5fc,2026-03-13T22:00:00Z/2026-03-13T23:00:00Z,112233445566,2026-03-01T00:00:00Z,2026-04-01T00:00:00Z,AWS,334455667788,DiscountedUsage,2026-03-13T22:00:00Z,2026-03-13T23:00:00Z,AmazonEC2,USEA-BoxUsage:m5.large,RunInstances,us-east-1c,i-04b6de506baaf4bc8,1.0,4.0,4.0,0.0,0.0,0.065495,0.065495,Hrs,0.096,0.096,Amazon Elastic Compute Cloud,m5.large,2,8 GiB,Linux,us-east-1,AmazonEC2,backend,prod,CC400,arn:aws:ec2:us-east-1:334455667788:reserved-instances/6dec5750-67e6-4270-856e-47f87ed57476,0.065495,0.055671,0.009824,,,,,,,,,
d9bc52972a2742698558b66b891b7476,2026-03-14T08:00:00Z/2026-03-14T09:00:00Z,112233445566,2026-03-01T00:00:00Z,2026-04-01T00:00:00Z,AWS,334455667788,DiscountedUsage,2026-03-14T08:00:00Z,2026-03-14T09:00:00Z,AmazonEC2,USEA-BoxUsage:m5.large,RunInstances,us-east-1c,i-04b6de506baaf4bc8,1.0,4.0,4.0,0.0,0.0,0.059492,0.059492,Hrs,0.096,0.096,Amazon Elastic Compute Cloud,m5.large,2,8 GiB,Linux,us-east-1,AmazonEC2,backend,prod,CC400,arn:aws:ec2:us-east-1:334455667788:reserved-instances/6dec5750-67e6-4270-856e-47f87ed57476,0.059492,0.050568,0.008924,,,,,,,,,
64670dc4c64a422f8e5531b8183c567a,2026-03-14T18:00:00Z/2026-03-14T19:00:00Z,112233445566,2026-03-01T00:00:00Z,2026-04-01T00:00:00Z,AWS,334455667788,DiscountedUsage,2026-03-14T18:00:00Z,2026-03-14T19:00:00Z,AmazonEC2,USEA-BoxUsage:m5.large,RunInstances,us-east-1c,i-04b6de506baaf4bc8,1.0,4.0,4.0,0.0,0.0,0.058257,0.058257,Hrs,0.096,0.096,Amazon Elastic Compute Cloud,m5.large,2,8 GiB,Linux,us-east-1,AmazonEC2,backend,prod,CC400,arn:aws:ec2:us-east-1:334455667788:reserved-instances/6dec5750-67e6-4270-856e-47f87ed57476,0.058257,0.049518,0.008739,,,,,,,,,
93fcd95f8fb441ad991b985ef74144c0,2026-03-15T04:00:00Z/2026-03-15T05:00:00Z,112233445566,2026-03-01T00:00:00Z,2026-04-01T00:00:00Z,AWS,334455667788,DiscountedUsage,2026-03-15T04:00:00Z,2026-03-15T05:00:00Z,AmazonEC2,USEA-BoxUsage:m5.large,RunInstances,us-east-1c,i-04b6de506baaf4bc8,1.0,4.0,4.0,0.0,0.0,0.065054,0.065054,Hrs,0.096,0.096,Amazon Elastic Compute Cloud,m5.large,2,8 GiB,Linux,us-east-1,AmazonEC2,backend,prod,CC400,arn:aws:ec2:us-east-1:334455667788:reserved-instances/6dec5750-67e6-4270-856e-47f87ed57476,0.065054,0.055296,0.009758,,,,,,,,,
a0a213e12e2c4550a2fb6cb856523804,2026-03-15T14:00:00Z/2026-03-15T15:00:00Z,112233445566,2026-03-01T00:00:00Z,2026-04-01T00:00:00Z,AWS,334455667788,DiscountedUsage,2026-03-15T14:00:00Z,2026-03-15T15:00:00Z,AmazonEC2,USEA-BoxUsage:m5.large,RunInstances,us-east-1c,i-04b6de506baaf4bc8,1.0,4.0,4.0,0.0,0.0,0.055855,0.055855,Hrs,0.096,0.096,Amazon Elastic Compute Cloud,m5.large,2,8 GiB,Linux,us-east-1,AmazonEC2,backend,prod,CC400,arn:aws:ec2:us-east-1:334455667788:reserved-instances/6dec5750-67e6-4270-856e-47f87ed57476,0.055855,0.047477,0.008378,,,,,,,,,
1820cb22e83b46e58dfe0adba43ad54b,2026-03-16T00:00:00Z/2026-03-16T01:00:00Z,112233445566,2026-03-01T00:00:00Z,2026-04-01T00:00:00Z,AWS,334455667788,DiscountedUsage,2026-03-16T00:00:00Z,2026-03-16T01:00:00Z,AmazonEC2,USEA-BoxUsage:m5.large,RunInstances,us-east-1c,i-04b6de506baaf4bc8,1.0,4.0,4.0,0.0,0.0,0.057701,0.057701,Hrs,0.096,0.096,Amazon Elastic Compute Cloud,m5.large,2,8 GiB,Linux,us-east-1,AmazonEC2,backend,prod,CC400,arn:aws:ec2:us-east-1:334455667788:reserved-instances/6dec5750-67e6-4270-856e-47f87ed57476,0.057701,0.049046,0.008655,,,,,,,,,
dcf6a77524134bc7b3b690a4878f9a65,2026-03-16T10:00:00Z/2026-03-16T11:00:00Z,112233445566,2026-03-01T00:00:00Z,2026-04-01T00:00:00Z,AWS,334455667788,DiscountedUsage,2026-03-16T10:00:00Z,2026-03-16T11:00:00Z,AmazonEC2,USEA-BoxUsage:m5.large,RunInstances,us-east-1c,i-04b6de506baaf4bc8,1.0,4.0,4.0,0.0,0.0,0.062897,0.062897,Hrs,0.096,0.096,Amazon Elastic Compute Cloud,m5.large,2,8 GiB,Linux,us-east-1,AmazonEC2,backend,prod,CC400,arn:aws:ec2:us-east-1:334455667788:reserved-instances/6dec5750-67e6-4270-856e-47f87ed57476,0.062897,0.053462,0.009435,,,,,,,,,
4d0688e2df58411e89708b0531359420,2026-03-16T20:00:00Z/2026-03-16T21:00:00Z,112233445566,2026-03-01T00:00:00Z,2026-04-01T00:00:00Z,AWS,334455667788,DiscountedUsage,2026-03-16T20:00:00Z,2026-03-16T21:00:00Z,AmazonEC2,USEA-BoxUsage:m5.large,RunInstances,us-east-1c,i-04b6de506baaf4bc8,1.0,4.0,4.0,0.0,0.0,0.052946,0.052946,Hrs,0.096,0.096,Amazon Elastic Compute Cloud,m5.large,2,8 GiB,Linux,us-east-1,AmazonEC2,backend,prod,CC400,arn:aws:ec2:us-east-1:334455667788:reserved-instances/6dec5750-67e6-4270-856e-47f87ed57476,0.052946,0.045004,0.007942,,,,,,,,,
4fbf96de08104462b1ba36241df227da,2026-03-17T06:00:00Z/2026-03-17T07:00:00Z,112233445566,2026-03-01T00:00:00Z,2026-04-01T00:00:00Z,AWS,334455667788,DiscountedUsage,2026-03-17T06:00:00Z,2026-03-17T07:00:00Z,AmazonEC2,USEA-BoxUsage:m5.large,RunInstances,us-east-1c,i-04b6de506baaf4bc8,1.0,4.0,4.0,0.0,0.0,0.054033,0.054033,Hrs,0.096,0.096,Amazon Elastic Compute Cloud,m5.large,2,8 GiB,Linux,us-east-1,AmazonEC2,backend,prod,CC400,arn:aws:ec2:us-east-1:334455667788:reserved-instances/6dec5750-67e6-4270-856e-47f87ed57476,0.054033,0.045928,0.008105,,,,,,,,,
f18267ea03674593b4bc1b735377d2c2,2026-03-17T16:00:00Z/2026-03-17T17:00:00Z,112233445566,2026-03-01T00:00:00Z,2026-04-01T00:00:00Z,AWS,334455667788,DiscountedUsage,2026-03-17T16:00:00Z,2026-03-17T17:00:00Z,AmazonEC2,USEA-BoxUsage:m5.large,RunInstances,us-east-1c,i-04b6de506baaf4bc8,1.0,4.0,4.0,0.0,0.0,0.059836,0.059836,Hrs,0.096,0.096,Amazon Elastic Compute Cloud,m5.large,2,8 GiB,Linux,us-east-1,AmazonEC2,backend,prod,CC400,arn:aws:ec2:us-east-1:334455667788:reserved-instances/6dec5750-67e6-4270-856e-47f87ed57476,0.059836,0.050861,0.008975,,,,,,,,,
a08f875998894f4bbb1f7b5f4de8a3cb,2026-03-18T02:00:00Z/2026-03-18T03:00:00Z,112233445566,2026-03-01T00:00:00Z,2026-04-01T00:00:00Z,AWS,334455667788,DiscountedUsage,2026-03-18T02:00:00Z,2026-03-18T03:00:00Z,AmazonEC2,USEA-BoxUsage:m5.large,RunInstances,us-east-1c,i-04b6de506baaf4bc8,1.0,4.0,4.0,0.0,0.0,0.062745,0.062745,Hrs,0.096,0.096,Amazon Elastic Compute Cloud,m5.large,2,8 GiB,Linux,us-east-1,AmazonEC2,backend,prod,CC400,arn:aws:ec2:us-east-1:334455667788:reserved-instances/6dec5750-67e6-4270-856e-47f87ed57476,0.062745,0.053333,0.009412,,,,,,,,,
2d9f8ab76f644d48a89070bb866bd394,2026-03-18T12:00:00Z/2026-03-18T13:00:00Z,112233445566,2026-03-01T00:00:00Z,2026-04-01T00:00:00Z,AWS,334455667788,DiscountedUsage,2026-03-18T12:00:00Z,2026-03-18T13:00:00Z,AmazonEC2,USEA-BoxUsage:m5.large,RunInstances,us-east-1c,i-04b6de506baaf4bc8,1.0,4.0,4.0,0.0,0.0,0.059868,0.059868,Hrs,0.096,0.096,Amazon Elastic Compute Cloud,m5.large,2,8 GiB,Linux,us-east-1,AmazonEC2,backend,prod,CC400,arn:aws:ec2:us-east-1:334455667788:reserved-instances/6dec5750-67e6-4270-856e-47f87ed57476,0.059868,0.050888,0.00898,,,,,,,,,
ab5a8eb9dcf74592ba1a80341af395d4,2026-03-18T22:00:00Z/2026-03-18T23:00:00Z,112233445566,2026-03-01T00:00:00Z,2026-04-01T00:00:00Z,AWS,334455667788,DiscountedUsage,2026-03-18T22:00:00Z,2026-03-18T23:00:00Z,AmazonEC2,USEA-BoxUsage:m5.large,RunInstances,us-east-1c,i-04b6de506baaf4bc8,1.0,4.0,4.0,0.0,0.0,0.05414,0.05414,Hrs,0.096,0.096,Amazon Elastic Compute Cloud,m5.large,2,8 GiB,Linux,us-east-1,AmazonEC2,backend,prod,CC400,arn:aws:ec2:us-east-1:334455667788:reserved-instances/6dec5750-67e6-4270-856e-47f87ed57476,0.05414,0.046019,0.008121,,,,,,,,,
22fc4a25b259402f827f313f405b2eaa,2026-03-19T08:00:00Z/2026-03-19T09:00:00Z,112233445566,2026-03-01T00:00:00Z,2026-04-01T00:00:00Z,AWS,334455667788,DiscountedUsage,2026-03-19T08:00:00Z,2026-03-19T09:00:00Z,AmazonEC2,USEA-BoxUsage:m5.large,RunInstances,us-east-1c,i-04b6de506baaf4bc8,1.0,4.0,4.0,0.0,0.0,0.062762,0.062762,Hrs,0.096,0.096,Amazon Elastic Compute Cloud,m5.large,2,8 GiB,Linux,us-east-1,AmazonEC2,backend,prod,CC400,arn:aws:ec2:us-east-1:334455667788:reserved-instances/6dec5750-67e6-4270-856e-47f87ed57476,0.062762,0.053348,0.009414,,,,,,,,,
e916d5b4799943c8a9d02094fca0386d,2026-03-19T18:00:00Z/2026-03-19T19:00:00Z,112233445566,2026-03-01T00:00:00Z,2026-04-01T00:00:00Z,AWS,334455667788,DiscountedUsage,2026-03-19T18:00:00Z,2026-03-19T19:00:00Z,AmazonEC2,USEA-BoxUsage:m5.large,RunInstances,us-east-1c,i-04b6de506baaf4bc8,1.0,4.0,4.0,0.0,0.0,0.061174,0.061174,Hrs,0.096,0.096,Amazon Elastic Compute Cloud,m5.large,2,8 GiB,Linux,us-east-1,AmazonEC2,backend,prod,CC400,arn:aws:ec2:us-east-1:334455667788:reserved-instances/6dec5750-67e6-4270-856e-47f87ed57476,0.061174,0.051998,0.009176,,,,,,,,,
af84445cbbcd43e08654132afa6175db,2026-03-20T04:00:00Z/2026-03-20T05:00:00Z,112233445566,2026-03-01T00:00:00Z,2026-04-01T00:00:00Z,AWS,334455667788,DiscountedUsage,2026-03-20T04:00:00Z,2026-03-20T05:00:00Z,AmazonEC2,USEA-BoxUsage:m5.large,RunInstances,us-east-1c,i-04b6de506baaf4bc8,1.0,4.0,4.0,0.0,0.0,0.060445,0.060445,Hrs,0.096,0.096,Amazon Elastic Compute Cloud,m5.large,2,8 GiB,Linux,us-east-1,AmazonEC2,backend,prod,CC400,arn:aws:ec2:us-east-1:334455667788:reserved-instances/6dec5750-67e6-4270-856e-47f87ed57476,0.060445,0.051378,0.009067,,,,,,,,,
ffa0b1bb21c0410ba612e303c5551a08,2026-03-20T14:00:00Z/2026-03-20T15:00:00Z,112233445566,2026-03-01T00:00:00Z,2026-04-01T00:00:00Z,AWS,334455667788,DiscountedUsage,2026-03-20T14:00:00Z,2026-03-20T15:00:00Z,AmazonEC2,USEA-BoxUsage:m5.large,RunInstances,us-east-1c,i-04b6de506baaf4bc8,1.0,4.0,4.0,0.0,0.0,0.063541,0.063541,Hrs,0.096,0.096,Amazon Elastic Compute Cloud,m5.large,2,8 GiB,Linux,us-east-1,AmazonEC2,backend,prod,CC400,arn:aws:ec2:us-east-1:334455667788:reserved-instances/6dec5750-67e6-4270-856e-47f87ed57476,0.063541,0.05401,0.009531,,,,,,,,,
8cfdd31e2a8b4915a2983e32d8c1d533,2026-03-21T00:00:00Z/2026-03-21T01:00:00Z,112233445566,2026-03-01T00:00:00Z,2026-04-01T00:00:00Z,AWS,334455667788,DiscountedUsage,2026-03-21T00:00:00Z,2026-03-21T01:00:00Z,AmazonEC2,USEA-BoxUsage:m5.large,RunInstances,us-east-1c,i-04b6de506baaf4bc8,1.0,4.0,4.0,0.0,0.0,0.062921,0.062921,Hrs,0.096,0.096,Amazon Elastic Compute Cloud,m5.large,2,8 GiB,Linux,us-east-1,AmazonEC2,backend,prod,CC400,arn:aws:ec2:us-east-1:334455667788:reserved-instances/6dec5750-67e6-4270-856e-47f87ed57476,0.062921,0.053483,0.009438,,,,,,,,,
90ffbf045fe94a05822a49dee052bf09,2026-03-21T10:00:00Z/2026-03-21T11:00:00Z,112233445566,2026-03-01T00:00:00Z,2026-04-01T00:00:00Z,AWS,334455667788,DiscountedUsage,2026-03-21T10:00:00Z,2026-03-21T11:00:00Z,AmazonEC2,USEA-BoxUsage:m5.large,RunInstances,us-east-1c,i-04b6de506baaf4bc8,1.0,4.0,4.0,0.0,0.0,0.05642,0.05642,Hrs,0.096,0.096,Amazon Elastic Compute Cloud,m5.large,2,8 GiB,Linux,us-east-1,AmazonEC2,backend,prod,CC400,arn:aws:ec2:us-east-1:334455667788:reserved-instances/6dec5750-67e6-4270-856e-47f87ed57476,0.05642,0.047957,0.008463,,,,,,,,,
e38204e8fd7740929a496679527f5083,2026-03-21T20:00:00Z/2026-03-21T21:00:00Z,112233445566,2026-03-01T00:00:00Z,2026-04-01T00:00:00Z,AWS,334455667788,DiscountedUsage,2026-03-21T20:00:00Z,2026-03-21T21:00:00Z,AmazonEC2,USEA-BoxUsage:m5.large,RunInstances,us-east-1c,i-04b6de506baaf4bc8,1.0,4.0,4.0,0.0,0.0,0.055573,0.055573,Hrs,0.096,0.096,Amazon Elastic Compute Cloud,m5.large,2,8 GiB,Linux,us-east-1,AmazonEC2,backend,prod,CC400,arn:aws:ec2:us-east-1:334455667788:reserved-instances/6dec5750-67e6-4270-856e-47f87ed57476,0.055573,0.047237,0.008336,,,,,,,,,
c15e5a046c8b4e37977649875967c17c,2026-03-22T06:00:00Z/2026-03-22T07:00:00Z,112233445566,2026-03-01T00:00:00Z,2026-04-01T00:00:00Z,AWS,334455667788,DiscountedUsage,2026-03-22T06:00:00Z,2026-03-22T07:00:00Z,AmazonEC2,USEA-BoxUsage:m5.large,RunInstances,us-east-1c,i-04b6de506baaf4bc8,1.0,4.0,4.0,0.0,0.0,0.060516,0.060516,Hrs,0.096,0.096,Amazon Elastic Compute Cloud,m5.large,2,8 GiB,Linux,us-east-1,AmazonEC2,backend,prod,CC400,arn:aws:ec2:us-east-1:334455667788:reserved-instances/6dec5750-67e6-4270-856e-47f87ed57476,0.060516,0.051439,0.009077,,,,,,,,,
0a53d0f7ec65418e909e187802a8b40f,2026-03-22T16:00:00Z/2026-03-22T17:00:00Z,112233445566,2026-03-01T00:00:00Z,2026-04-01T00:00:00Z,AWS,334455667788,DiscountedUsage,2026-03-22T16:00:00Z,2026-03-22T17:00:00Z,AmazonEC2,USEA-BoxUsage:m5.large,RunInstances,us-east-1c,i-04b6de506baaf4bc8,1.0,4.0,4.0,0.0,0.0,0.055466,0.055466,Hrs,0.096,0.096,Amazon Elastic Compute Cloud,m5.large,2,8 GiB,Linux,us-east-1,AmazonEC2,backend,prod,CC400,arn:aws:ec2:us-east-1:334455667788:reserved-instances/6dec5750-67e6-4270-856e-47f87ed57476,0.055466,0.047146,0.00832,,,,,,,,,
547b9dd2b09241799b3b72767db8d81e,2026-03-23T02:00:00Z/2026-03-23T03:00:00Z,112233445566,2026-03-01T00:00:00Z,2026-04-01T00:00:00Z,AWS,334455667788,DiscountedUsage,2026-03-23T02:00:00Z,2026-03-23T03:00:00Z,AmazonEC2,USEA-BoxUsage:m5.large,RunInstances,us-east-1c,i-04b6de506baaf4bc8,1.0,4.0,4.0,0.0,0.0,0.059772,0.059772,Hrs,0.096,0.096,Amazon Elastic Compute Cloud,m5.large,2,8 GiB,Linux,us-east-1,AmazonEC2,backend,prod,CC400,arn:aws:ec2:us-east-1:334455667788:reserved-instances/6dec5750-67e6-4270-856e-47f87ed57476,0.059772,0.050806,0.008966,,,,,,,,,
ab3022e81fdf441bb65b1f242c8b42a6,2026-03-23T12:00:00Z/2026-03-23T13:00:00Z,112233445566,2026-03-01T00:00:00Z,2026-04-01T00:00:00Z,AWS,334455667788,DiscountedUsage,2026-03-23T12:00:00Z,2026-03-23T13:00:00Z,AmazonEC2,USEA-BoxUsage:m5.large,RunInstances,us-east-1c,i-04b6de506baaf4bc8,1.0,4.0,4.0,0.0,0.0,0.066863,0.066863,Hrs,0.096,0.096,Amazon Elastic Compute Cloud,m5.large,2,8 GiB,Linux,us-east-1,AmazonEC2,backend,prod,CC400,arn:aws:ec2:us-east-1:334455667788:reserved-instances/6dec5750-67e6-4270-856e-47f87ed57476,0.066863,0.056834,0.010029,,,,,,,,,
7413fdd7c9984101bc9c9dae5ca9df37,2026-03-23T22:00:00Z/2026-03-23T23:00:00Z,112233445566,2026-03-01T00:00:00Z,2026-04-01T00:00:00Z,AWS,334455667788,DiscountedUsage,2026-03-23T22:00:00Z,2026-03-23T23:00:00Z,AmazonEC2,USEA-BoxUsage:m5.large,RunInstances,us-east-1c,i-04b6de506baaf4bc8,1.0,4.0,4.0,0.0,0.0,0.056875,0.056875,Hrs,0.096,0.096,Amazon Elastic Compute Cloud,m5.large,2,8 GiB,Linux,us-east-1,AmazonEC2,backend,prod,CC400,arn:aws:ec2:us-east-1:334455667788:reserved-instances/6dec5750-67e6-4270-856e-47f87ed57476,0.056875,0.048344,0.008531,,,,,,,,,
9484413be7a6432a8a5f3c4aff01ff08,2026-03-24T08:00:00Z/2026-03-24T09:00:00Z,112233445566,2026-03-01T00:00:00Z,2026-04-01T00:00:00Z,AWS,334455667788,DiscountedUsage,2026-03-24T08:00:00Z,2026-03-24T09:00:00Z,AmazonEC2,USEA-BoxUsage:m5.large,RunInstances,us-east-1c,i-04b6de506baaf4bc8,1.0,4.0,4.0,0.0,0.0,0.055595,0.055595,Hrs,0.096,0.096,Amazon Elastic Compute Cloud,m5.large,2,8 GiB,Linux,us-east-1,AmazonEC2,backend,prod,CC400,arn:aws:ec2:us-east-1:334455667788:reserved-instances/6dec5750-67e6-4270-856e-47f87ed57476,0.055595,0.047256,0.008339,,,,,,,,,
91d8f45fd791463abb54aeca4562bfce,2026-03-24T18:00:00Z/2026-03-24T19:00:00Z,112233445566,2026-03-01T00:00:00Z,2026-04-01T00:00:00Z,AWS,334455667788,DiscountedUsage,2026-03-24T18:00:00Z,2026-03-24T19:00:00Z,AmazonEC2,USEA-BoxUsage:m5.large,RunInstances,us-east-1c,i-04b6de506baaf4bc8,1.0,4.0,4.0,0.0,0.0,0.055384,0.055384,Hrs,0.096,0.096,Amazon Elastic Compute Cloud,m5.large,2,8 GiB,Linux,us-east-1,AmazonEC2,backend,prod,CC400,arn:aws:ec2:us-east-1:334455667788:reserved-instances/6dec5750-67e6-4270-856e-47f87ed57476,0.055384,0.047076,0.008308,,,,,,,,,
bb9a7eab8fa64fa597f6f81c5b8e8da1,2026-03-25T14:00:00Z/2026-03-25T15:00:00Z,112233445566,2026-03-01T00:00:00Z,2026-04-01T00:00:00Z,AWS,334455667788,DiscountedUsage,2026-03-25T14:00:00Z,2026-03-25T15:00:00Z,AmazonEC2,USEA-BoxUsage:m5.large,RunInstances,us-east-1c,i-04b6de506baaf4bc8,1.0,4.0,4.0,0.0,0.0,0.05675,0.05675,Hrs,0.096,0.096,Amazon Elastic Compute Cloud,m5.large,2,8 GiB,Linux,us-east-1,AmazonEC2,backend,prod,CC400,arn:aws:ec2:us-east-1:334455667788:reserved-instances/6dec5750-67e6-4270-856e-47f87ed57476,0.05675,0.048238,0.008512,,,,,,,,,
a657971061e545b69f6dc8095ade04b3,2026-03-26T00:00:00Z/2026-03-26T01:00:00Z,112233445566,2026-03-01T00:00:00Z,2026-04-01T00:00:00Z,AWS,334455667788,DiscountedUsage,2026-03-26T00:00:00Z,2026-03-26T01:00:00Z,AmazonEC2,USEA-BoxUsage:m5.large,RunInstances,us-east-1c,i-04b6de506baaf4bc8,1.0,4.0,4.0,0.0,0.0,0.060768,0.060768,Hrs,0.096,0.096,Amazon Elastic Compute Cloud,m5.large,2,8 GiB,Linux,us-east-1,AmazonEC2,backend,prod,CC400,arn:aws:ec2:us-east-1:334455667788:reserved-instances/6dec5750-67e6-4270-856e-47f87ed57476,0.060768,0.051653,0.009115,,,,,,,,,
264f84d7a1ff44f6bbc6791719ece0e6,2026-03-26T10:00:00Z/2026-03-26T11:00:00Z,112233445566,2026-03-01T00:00:00Z,2026-04-01T00:00:00Z,AWS,334455667788,DiscountedUsage,2026-03-26T10:00:00Z,2026-03-26T11:00:00Z,AmazonEC2,USEA-BoxUsage:m5.large,RunInstances,us-east-1c,i-04b6de506baaf4bc8,1.0,4.0,4.0,0.0,0.0,0.054618,0.054618,Hrs,0.096,0.096,Amazon Elastic Compute Cloud,m5.large,2,8 GiB,Linux,us-east-1,AmazonEC2,backend,prod,CC400,arn:aws:ec2:us-east-1:334455667788:reserved-instances/6dec5750-67e6-4270-856e-47f87ed57476,0.054618,0.046425,0.008193,,,,,,,,,
9720712d5fae44b88fe27df37022ff70,2026-03-26T20:00:00Z/2026-03-26T21:00:00Z,112233445566,2026-03-01T00:00:00Z,2026-04-01T00:00:00Z,AWS,334455667788,DiscountedUsage,2026-03-26T20:00:00Z,2026-03-26T21:00:00Z,AmazonEC2,USEA-BoxUsage:m5.large,RunInstances,us-east-1c,i-04b6de506baaf4bc8,1.0,4.0,4.0,0.0,0.0,0.059869,0.059869,Hrs,0.096,0.096,Amazon Elastic Compute Cloud,m5.large,2,8 GiB,Linux,us-east-1,AmazonEC2,backend,prod,CC400,arn:aws:ec2:us-east-1:334455667788:reserved-instances/6dec5750-67e6-4270-856e-47f87ed57476,0.059869,0.050889,0.00898,,,,,,,,,
7a23548707ae4afaa722ca2f3b5f6c34,2026-03-27T06:00:00Z/2026-03-27T07:00:00Z,112233445566,2026-03-01T00:00:00Z,2026-04-01T00:00:00Z,AWS,334455667788,DiscountedUsage,2026-03-27T06:00:00Z,2026-03-27T07:00:00Z,AmazonEC2,USEA-BoxUsage:m5.large,RunInstances,us-east-1c,i-04b6de506baaf4bc8,1.0,4.0,4.0,0.0,0.0,0.061067,0.061067,Hrs,0.096,0.096,Amazon Elastic Compute Cloud,m5.large,2,8 GiB,Linux,us-east-1,AmazonEC2,backend,prod,CC400,arn:aws:ec2:us-east-1:334455667788:reserved-instances/6dec5750-67e6-4270-856e-47f87ed57476,0.061067,0.051907,0.00916,,,,,,,,,
0dbee425f85745fb972532abd5886bfa,2026-03-27T16:00:00Z/2026-03-27T17:00:00Z,112233445566,2026-03-01T00:00:00Z,2026-04-01T00:00:00Z,AWS,334455667788,DiscountedUsage,2026-03-27T16:00:00Z,2026-03-27T17:00:00Z,AmazonEC2,USEA-BoxUsage:m5.large,RunInstances,us-east-1c,i-04b6de506baaf4bc8,1.0,4.0,4.0,0.0,0.0,0.059143,0.059143,Hrs,0.096,0.096,Amazon Elastic Compute Cloud,m5.large,2,8 GiB,Linux,us-east-1,AmazonEC2,backend,prod,CC400,arn:aws:ec2:us-east-1:334455667788:reserved-instances/6dec5750-67e6-4270-856e-47f87ed57476,0.059143,0.050272,0.008871,,,,,,,,,
080c90f4110348db9057ce160461ac50,2026-03-28T02:00:00Z/2026-03-28T03:00:00Z,112233445566,2026-03-01T00:00:00Z,2026-04-01T00:00:00Z,AWS,334455667788,DiscountedUsage,2026-03-28T02:00:00Z,2026-03-28T03:00:00Z,AmazonEC2,USEA-BoxUsage:m5.large,RunInstances,us-east-1c,i-04b6de506baaf4bc8,1.0,4.0,4.0,0.0,0.0,0.05354,0.05354,Hrs,0.096,0.096,Amazon Elastic Compute Cloud,m5.large,2,8 GiB,Linux,us-east-1,AmazonEC2,backend,prod,CC400,arn:aws:ec2:us-east-1:334455667788:reserved-instances/6dec5750-67e6-4270-856e-47f87ed57476,0.05354,0.045509,0.008031,,,,,,,,,
4f77bd39a5554dff9624b0e882465e2d,2026-03-28T12:00:00Z/2026-03-28T13:00:00Z,112233445566,2026-03-01T00:00:00Z,2026-04-01T00:00:00Z,AWS,334455667788,DiscountedUsage,2026-03-28T12:00:00Z,2026-03-28T13:00:00Z,AmazonEC2,USEA-BoxUsage:m5.large,RunInstances,us-east-1c,i-04b6de506baaf4bc8,1.0,4.0,4.0,0.0,0.0,0.059679,0.059679,Hrs,0.096,0.096,Amazon Elastic Compute Cloud,m5.large,2,8 GiB,Linux,us-east-1,AmazonEC2,backend,prod,CC400,arn:aws:ec2:us-east-1:334455667788:reserved-instances/6dec5750-67e6-4270-856e-47f87ed57476,0.059679,0.050727,0.008952,,,,,,,,,
e2f58b0cb4674ca990ec7560eb370967,2026-03-28T22:00:00Z/2026-03-28T23:00:00Z,112233445566,2026-03-01T00:00:00Z,2026-04-01T00:00:00Z,AWS,334455667788,DiscountedUsage,2026-03-28T22:00:00Z,2026-03-28T23:00:00Z,AmazonEC2,USEA-BoxUsage:m5.large,RunInstances,us-east-1c,i-04b6de506baaf4bc8,1.0,4.0,4.0,0.0,0.0,0.05857,0.05857,Hrs,0.096,0.096,Amazon Elastic Compute Cloud,m5.large,2,8 GiB,Linux,us-east-1,AmazonEC2,backend,prod,CC400,arn:aws:ec2:us-east-1:334455667788:reserved-instances/6dec5750-67e6-4270-856e-47f87ed57476,0.05857,0.049784,0.008785,,,,,,,,,
c53a355231264813bf119a2a5bf2f05d,2026-03-29T08:00:00Z/2026-03-29T09:00:00Z,112233445566,2026-03-01T00:00:00Z,2026-04-01T00:00:00Z,AWS,334455667788,DiscountedUsage,2026-03-29T08:00:00Z,2026-03-29T09:00:00Z,AmazonEC2,USEA-BoxUsage:m5.large,RunInstances,us-east-1c,i-04b6de506baaf4bc8,1.0,4.0,4.0,0.0,0.0,0.061864,0.061864,Hrs,0.096,0.096,Amazon Elastic Compute Cloud,m5.large,2,8 GiB,Linux,us-east-1,AmazonEC2,backend,prod,CC400,arn:aws:ec2:us-east-1:334455667788:reserved-instances/6dec5750-67e6-4270-856e-47f87ed57476,0.061864,0.052584,0.00928,,,,,,,,,
7719f6ae8ef746ef82f3ae2b81020a1b,2026-03-29T18:00:00Z/2026-03-29T19:00:00Z,112233445566,2026-03-01T00:00:00Z,2026-04-01T00:00:00Z,AWS,334455667788,DiscountedUsage,2026-03-29T18:00:00Z,2026-03-29T19:00:00Z,AmazonEC2,USEA-BoxUsage:m5.large,RunInstances,us-east-1c,i-04b6de506baaf4bc8,1.0,4.0,4.0,0.0,0.0,0.054948,0.054948,Hrs,0.096,0.096,Amazon Elastic Compute Cloud,m5.large,2,8 GiB,Linux,us-east-1,AmazonEC2,backend,prod,CC400,arn:aws:ec2:us-east-1:334455667788:reserved-instances/6dec5750-67e6-4270-856e-47f87ed57476,0.054948,0.046706,0.008242,,,,,,,,,
0dc300724de04319877de36d9550f46f,2026-03-30T04:00:00Z/2026-03-30T05:00:00Z,112233445566,2026-03-01T00:00:00Z,2026-04-01T00:00:00Z,AWS,334455667788,DiscountedUsage,2026-03-30T04:00:00Z,2026-03-30T05:00:00Z,AmazonEC2,USEA-BoxUsage:m5.large,RunInstances,us-east-1c,i-04b6de506baaf4bc8,1.0,4.0,4.0,0.0,0.0,0.057175,0.057175,Hrs,0.096,0.096,Amazon Elastic Compute Cloud,m5.large,2,8 GiB,Linux,us-east-1,AmazonEC2,backend,prod,CC400,arn:aws:ec2:us-east-1:334455667788:reserved-instances/6dec5750-67e6-4270-856e-47f87ed57476,0.057175,0.048599,0.008576,,,,,,,,,
4c71933d0cb44ee79116462dd6c0e68f,2026-03-30T14:00:00Z/2026-03-30T15:00:00Z,112233445566,2026-03-01T00:00:00Z,2026-04-01T00:00:00Z,AWS,334455667788,DiscountedUsage,2026-03-30T14:00:00Z,2026-03-30T15:00:00Z,AmazonEC2,USEA-BoxUsage:m5.large,RunInstances,us-east-1c,i-04b6de506baaf4bc8,1.0,4.0,4.0,0.0,0.0,0.054506,0.054506,Hrs,0.096,0.096,Amazon Elastic Compute Cloud,m5.large,2,8 GiB,Linux,us-east-1,AmazonEC2,backend,prod,CC400,arn:aws:ec2:us-east-1:334455667788:reserved-instances/6dec5750-67e6-4270-856e-47f87ed57476,0.054506,0.04633,0.008176,,,,,,,,,
f4f024d5b6524186bec18dd3b0e2a914,2026-03-01T00:00:00Z/2026-03-01T01:00:00Z,112233445566,2026-03-01T00:00:00Z,2026-04-01T00:00:00Z,AWS,334455667788,Usage,2026-03-01T00:00:00Z,2026-03-01T01:00:00Z,AmazonEC2,USEA-BoxUsage:m5.xlarge,RunInstances,us-east-1a,i-0e4caaf2eefa04aef,1.0,8.0,8.0,0.192,0.192,0.194041,0.197582,Hrs,0.192,0.192,Amazon Elastic Compute Cloud,m5.xlarge,4,16 GiB,Linux,us-east-1,AmazonEC2,backend,prod,CC400,,,,,,,,,,,,,
5379468a16b84bc3ae2d349fc56bee94,2026-03-01T10:00:00Z/2026-03-01T11:00:00Z,112233445566,2026-03-01T00:00:00Z,2026-04-01T00:00:00Z,AWS,334455667788,Usage,2026-03-01T10:00:00Z,2026-03-01T11:00:00Z,AmazonEC2,USEA-BoxUsage:m5.xlarge,RunInstances,us-east-1a,i-0e4caaf2eefa04aef,1.0,8.0,8.0,0.192,0.192,0.192433,0.19105,Hrs,0.192,0.192,Amazon Elastic Compute Cloud,m5.xlarge,4,16 GiB,Linux,us-east-1,AmazonEC2,backend,prod,CC400,,,,,,,,,,,,,
c81f438cf30f4e349f5f1cab7d8c17be,2026-03-01T20:00:00Z/2026-03-01T21:00:00Z,112233445566,2026-03-01T00:00:00Z,2026-04-01T00:00:00Z,AWS,334455667788,Usage,2026-03-01T20:00:00Z,2026-03-01T21:00:00Z,AmazonEC2,USEA-BoxUsage:m5.xlarge,RunInstances,us-east-1a,i-0e4caaf2eefa04aef,1.0,8.0,8.0,0.192,0.192,0.198915,0.201409,Hrs,0.192,0.192,Amazon Elastic Compute Cloud,m5.xlarge,4,16 GiB,Linux,us-east-1,AmazonEC2,backend,prod,CC400,,,,,,,,,,,,,
5cd15462611b4198bae9e50e6ff053ca,2026-03-02T06:00:00Z/2026-03-02T07:00:00Z,112233445566,2026-03-01T00:00:00Z,2026-04-01T00:00:00Z,AWS,334455667788,Usage,2026-03-02T06:00:00Z,2026-03-02T07:00:00Z,AmazonEC2,USEA-BoxUsage:m5.xlarge,RunInstances,us-east-1a,i-0e4caaf2eefa04aef,1.0,8.0,8.0,0.192,0.192,0.194324,0.194105,Hrs,0.192,0.192,Amazon Elastic Compute Cloud,m5.xlarge,4,16 GiB,Linux,us-east-1,AmazonEC2,backend,prod,CC400,,,,,,,,,,,,,
3cda75cdd09040f291d31432550825c3,2026-03-02T16:00:00Z/2026-03-02T17:00:00Z,112233445566,2026-03-01T00:00:00Z,2026-04-01T00:00:00Z,AWS,334455667788,Usage,2026-03-02T16:00:00Z,2026-03-02T17:00:00Z,AmazonEC2,USEA-BoxUsage:m5.xlarge,RunInstances,us-east-1a,i-0e4caaf2eefa04aef,1.0,8.0,8.0,0.192,0.192,0.200594,0.18639,Hrs,0.192,0.192,Amazon Elastic Compute Cloud,m5.xlarge,4,16 GiB,Linux,us-east-1,AmazonEC2,backend,prod,CC400,,,,,,,,,,,,,
36193766640844519a161fd05f86c48e,2026-03-03T02:00:00Z/2026-03-03T03:00:00Z,112233445566,2026-03-01T00:00:00Z,2026-04-01T00:00:00Z,AWS,334455667788,Usage,2026-03-03T02:00:00Z,2026-03-03T03:00:00Z,AmazonEC2,USEA-BoxUsage:m5.xlarge,RunInstances,us-east-1a,i-0e4caaf2eefa04aef,1.0,8.0,8.0,0.192,0.192,0.19508,0.185415,Hrs,0.192,0.192,Amazon Elastic Compute Cloud,m5.xlarge,4,16 GiB,Linux,us-east-1,AmazonEC2,backend,prod,CC400,,,,,,,,,,,,,
dd07e0504aa54304b3df1a2bfeed3667,2026-03-03T12:00:00Z/2026-03-03T13:00:00Z,112233445566,2026-03-01T00:00:00Z,2026-04-01T00:00:00Z,AWS,334455667788,Usage,2026-03-03T12:00:00Z,2026-03-03T13:00:00Z,AmazonEC2,USEA-BoxUsage:m5.xlarge,RunInstances,us-east-1a,i-0e4caaf2eefa04aef,1.0,8.0,8.0,0.192,0.192,0.183841,0.182451,Hrs,0.192,0.192,Amazon Elastic Compute Cloud,m5.xlarge,4,16 GiB,Linux,us-east-1,AmazonEC2,backend,prod,CC400,,,,,,,,,,,,,
f716ebd302f54b1986ce8b9ccdf44e15,2026-03-03T22:00:00Z/2026-03-03T23:00:00Z,112233445566,2026-03-01T00:00:00Z,2026-04-01T00:00:00Z,AWS,334455667788,Usage,2026-03-03T22:00:00Z,2026-03-03T23:00:00Z,AmazonEC2,USEA-BoxUsage:m5.xlarge,RunInstances,us-east-1a,i-0e4caaf2eefa04aef,1.0,8.0,8.0,0.192,0.192,0.193801,0.187992,Hrs,0.192,0.192,Amazon Elastic Compute Cloud,m5.xlarge,4,16 GiB,Linux,us-east-1,AmazonEC2,backend,prod,CC400,,,,,,,,,,,,,
f8f1b3e8b5664696a434a307926e6acf,2026-03-04T08:00:00Z/2026-03-04T09:00:00Z,112233445566,2026-03-01T00:00:00Z,2026-04-01T00:00:00Z,AWS,334455667788,Usage,2026-03-04T08:00:00Z,2026-03-04T09:00:00Z,AmazonEC2,USEA-BoxUsage:m5.xlarge,RunInstances,us-east-1a,i-0e4caaf2eefa04aef,1.0,8.0,8.0,0.192,0.192,0.195974,0.195897,Hrs,0.192,0.192,Amazon Elastic Compute Cloud,m5.xlarge,4,16 GiB,Linux,us-east-1,AmazonEC2,backend,prod,CC400,,,,,,,,,,,,,
d869ac5430a8462c94375b31cbd9440e,2026-03-04T18:00:00Z/2026-03-04T19:00:00Z,112233445566,2026-03-01T00:00:00Z,2026-04-01T00:00:00Z,AWS,334455667788,Usage,2026-03-04T18:00:00Z,2026-03-04T19:00:00Z,AmazonEC2,USEA-BoxUsage:m5.xlarge,RunInstances,us-east-1a,i-0e4caaf2eefa04aef,1.0,8.0,8.0,0.192,0.192,0.195598,0.200139,Hrs,0.192,0.192,Amazon Elastic Compute Cloud,m5.xlarge,4,16 GiB,Linux,us-east-1,AmazonEC2,backend,prod,CC400,,,,,,,,,,,,,
50f2c10309194b9cb2cbfada095cd479,2026-03-05T04:00:00Z/2026-03-05T05:00:00Z,112233445566,2026-03-01T00:00:00Z,2026-04-01T00:00:00Z,AWS,334455667788,Usage,2026-03-05T04:00:00Z,2026-03-05T05:00:00Z,AmazonEC2,USEA-BoxUsage:m5.xlarge,RunInstances,us-east-1a,i-0e4caaf2eefa04aef,1.0,8.0,8.0,0.192,0.192,0.194401,0.195095,Hrs,0.192,0.192,Amazon Elastic Compute Cloud,m5.xlarge,4,16 GiB,Linux,us-east-1,AmazonEC2,backend,prod,CC400,,,,,,,,,,,,,
8c77b70aec7e4828a1cffe4ab2e79c0d,2026-03-05T14:00:00Z/2026-03-05T15:00:00Z,112233445566,2026-03-01T00:00:00Z,2026-04-01T00:00:00Z,AWS,334455667788,Usage,2026-03-05T14:00:00Z,2026-03-05T15:00:00Z,AmazonEC2,USEA-BoxUsage:m5.xlarge,RunInstances,us-east-1a,i-0e4caaf2eefa04aef,1.0,8.0,8.0,0.192,0.192,0.190563,0.192856,Hrs,0.192,0.192,Amazon Elastic Compute Cloud,m5.xlarge,4,16 GiB,Linux,us-east-1,AmazonEC2,backend,prod,CC400,,,,,,,,,,,,,
8e0fd19fb3314a62866ef40de339006c,2026-03-06T00:00:00Z/2026-03-06T01:00:00Z,112233445566,2026-03-01T00:00:00Z,2026-04-01T00:00:00Z,AWS,334455667788,Usage,2026-03-06T00:00:00Z,2026-03-06T01:00:00Z,AmazonEC2,USEA-BoxUsage:m5.xlarge,RunInstances,us-east-1a,i-0e4caaf2eefa04aef,1.0,8.0,8.0,0.192,0.192,0.199841,0.198271,Hrs,0.192,0.192,Amazon Elastic Compute Cloud,m5.xlarge,4,16 GiB,Linux,us-east-1,AmazonEC2,backend,prod,CC400,,,,,,,,,,,,,
b91bab5c56ce497abfad65934c704a52,2026-03-06T10:00:00Z/2026-03-06T11:00:00Z,112233445566,2026-03-01T00:00:00Z,2026-04-01T00:00:00Z,AWS,334455667788,Usage,2026-03-06T10:00:00Z,2026-03-06T11:00:00Z,AmazonEC2,USEA-BoxUsage:m5.xlarge,RunInstances,us-east-1a,i-0e4caaf2eefa04aef,1.0,8.0,8.0,0.192,0.192,0.185586,0.188306,Hrs,0.192,0.192,Amazon Elastic Compute Cloud,m5.xlarge,4,16 GiB,Linux,us-east-1,AmazonEC2,backend,prod,CC400,,,,,,,,,,,,,
b194dc0f2218460c9291d598addc141d,2026-03-06T20:00:00Z/2026-03-06T21:00:00Z,112233445566,2026-03-01T00:00:00Z,2026-04-01T00:00:00Z,AWS,334455667788,Usage,2026-03-06T20:00:00Z,2026-03-06T21:00:00Z,AmazonEC2,USEA-BoxUsage:m5.xlarge,RunInstances,us-east-1a,i-0e4caaf2eefa04aef,1.0,8.0,8.0,0.192,0.192,0.193329,0.187941,Hrs,0.192,0.192,Amazon Elastic Compute Cloud,m5.xlarge,4,16 GiB,Linux,us-east-1,AmazonEC2,backend,prod,CC400,,,,,,,,,,,,,
8709cc4d8a2244269695c1a3492afc5d,2026-03-07T06:00:00Z/2026-03-07T07:00:00Z,112233445566,2026-03-01T00:00:00Z,2026-04-01T00:00:00Z,AWS,334455667788,Usage,2026-03-07T06:00:00Z,2026-03-07T07:00:00Z,AmazonEC2,USEA-BoxUsage:m5.xlarge,RunInstances,us-east-1a,i-0e4caaf2eefa04aef,1.0,8.0,8.0,0.192,0.192,0.195623,0.195835,Hrs,0.192,0.192,Amazon Elastic Compute Cloud,m5.xlarge,4,16 GiB,Linux,us-east-1,AmazonEC2,backend,prod,CC400,,,,,,,,,,,,,
e887aa4069274a1f970c17ccb007ad03,2026-03-07T16:00:00Z/2026-03-07T17:00:00Z,112233445566,2026-03-01T00:00:00Z,2026-04-01T00:00:00Z,AWS,334455667788,Usage,2026-03-07T16:00:00Z,2026-03-07T17:00:00Z,AmazonEC2,USEA-BoxUsage:m5.xlarge,RunInstances,us-east-1a,i-0e4caaf2eefa04aef,1.0,8.0,8.0,0.192,0.192,0.192009,0.191881,Hrs,0.192,0.192,Amazon Elastic Compute Cloud,m5.xlarge,4,16 GiB,Linux,us-east-1,AmazonEC2,backend,prod,CC400,,,,,,,,,,,,,
4e270c9cb6f24922afbcc1d79e131526,2026-03-08T02:00:00Z/2026-03-08T03:00:00Z,112233445566,2026-03-01T00:00:00Z,2026-04-01T00:00:00Z,AWS,334455667788,Usage,2026-03-08T02:00:00Z,2026-03-08T03:00:00Z,AmazonEC2,USEA-BoxUsage:m5.xlarge,RunInstances,us-east-1a,i-0e4caaf2eefa04aef,1.0,8.0,8.0,0.192,0.192,0.183165,0.190695,Hrs,0.192,0.192,Amazon Elastic Compute Cloud,m5.xlarge,4,16 GiB,Linux,us-east-1,AmazonEC2,backend,prod,CC400,,,,,,,,,,,,,
8d425c3da00642379994100d193878eb,2026-03-08T12:00:00Z/2026-03-08T13:00:00Z,112233445566,2026-03-01T00:00:00Z,2026-04-01T00:00:00Z,AWS,334455667788,Usage,2026-03-08T12:00:00Z,2026-03-08T13:00:00Z,AmazonEC2,USEA-BoxUsage:m5.xlarge,RunInstances,us-east-1a,i-0e4caaf2eefa04aef,1.0,8.0,8.0,0.192,0.192,0.187207,0.184153,Hrs,0.192,0.192,Amazon Elastic Compute Cloud,m5.xlarge,4,16 GiB,Linux,us-east-1,AmazonEC2,backend,prod,CC400,,,,,,,,,,,,,
1c6ede1277e74b7b8a668099919354fe,2026-03-08T22:00:00Z/2026-03-08T23:00:00Z,112233445566,2026-03-01T00:00:00Z,2026-04-01T00:00:00Z,AWS,334455667788,Usage,2026-03-08T22:00:00Z,2026-03-08T23:00:00Z,AmazonEC2,USEA-BoxUsage:m5.xlarge,RunInstances,us-east-1a,i-0e4caaf2eefa04aef,1.0,8.0,8.0,0.192,0.192,0.19845,0.193444,Hrs,0.192,0.192,Amazon Elastic Compute Cloud,m5.xlarge,4,16 GiB,Linux,us-east-1,AmazonEC2,backend,prod,CC400,,,,,,,,,,,,,
79c271c84fa34ff29d381b175d6715b2,2026-03-09T08:00:00Z/2026-03-09T09:00:00Z,112233445566,2026-03-01T00:00:00Z,2026-04-01T00:00:00Z,AWS,334455667788,Usage,2026-03-09T08:00:00Z,2026-03-09T09:00:00Z,AmazonEC2,USEA-BoxUsage:m5.xlarge,RunInstances,us-east-1a,i-0e4caaf2eefa04aef,1.0,8.0,8.0,0.192,0.192,0.201592,0.195308,Hrs,0.192,0.192,Amazon Elastic Compute Cloud,m5.xlarge,4,16 GiB,Linux,us-east-1,AmazonEC2,backend,prod,CC400,,,,,,,,,,,,,
de188f97719e40e291425f729ef3d318,2026-03-09T18:00:00Z/2026-03-09T19:00:00Z,112233445566,2026-03-01T00:00:00Z,2026-04-01T00:00:00Z,AWS,334455667788,Usage,2026-03-09T18:00:00Z,2026-03-09T19:00:00Z,AmazonEC2,USEA-BoxUsage:m5.xlarge,RunInstances,us-east-1a,i-0e4caaf2eefa04aef,1.0,8.0,8.0,0.192,0.192,0.183172,0.19692,Hrs,0.192,0.192,Amazon Elastic Compute Cloud,m5.xlarge,4,16 GiB,Linux,us-east-1,AmazonEC2,backend,prod,CC400,,,,,,,,,,,,,
b3005811bf9a4be5bfd080a3e70fd59c,2026-03-10T04:00:00Z/2026-03-10T05:00:00Z,112233445566,2026-03-01T00:00:00Z,2026-04-01T00:00:00Z,AWS,334455667788,Usage,2026-03-10T04:00:00Z,2026-03-10T05:00:00Z,AmazonEC2,USEA-BoxUsage:m5.xlarge,RunInstances,us-east-1a,i-0e4caaf2eefa04aef,1.0,8.0,8.0,0.192,0.192,0.194909,0.199989,Hrs,0.192,0.192,Amazon Elastic Compute Cloud,m5.xlarge,4,16 GiB,Linux,us-east-1,AmazonEC2,backend,prod,CC400,,,,,,,,,,,,,
117a0558fa8a4098bd980128af33d1b9,2026-03-10T14:00:00Z/2026-03-10T15:00:00Z,112233445566,2026-03-01T00:00:00Z,2026-04-01T00:00:00Z,AWS,334455667788,Usage,2026-03-10T14:00:00Z,2026-03-10T15:00:00Z,AmazonEC2,USEA-BoxUsage:m5.xlarge,RunInstances,us-east-1a,i-0e4caaf2eefa04aef,1.0,8.0,8.0,0.192,0.192,0.193638,0.194588,Hrs,0.192,0.192,Amazon Elastic Compute Cloud,m5.xlarge,4,16 GiB,Linux,us-east-1,AmazonEC2,backend,prod,CC400,,,,,,,,,,,,,
dec5b5e3dc384c34b92936e2dc818356,2026-03-11T00:00:00Z/2026-03-11T01:00:00Z,112233445566,2026-03-01T00:00:00Z,2026-04-01T00:00:00Z,AWS,334455667788,Usage,2026-03-11T00:00:00Z,2026-03-11T01:00:00Z,AmazonEC2,USEA-BoxUsage:m5.xlarge,RunInstances,us-east-1a,i-0e4caaf2eefa04aef,1.0,8.0,8.0,0.192,0.192,0.184152,0.189081,Hrs,0.192,0.192,Amazon Elastic Compute Cloud,m5.xlarge,4,16 GiB,Linux,us-east-1,AmazonEC2,backend,prod,CC400,,,,,,,,,,,,,
f36fc1b1decd4f8fab747b03e154253b,2026-03-11T10:00:00Z/2026-03-11T11:00:00Z,112233445566,2026-03-01T00:00:00Z,2026-04-01T00:00:00Z,AWS,334455667788,Usage,2026-03-11T10:00:00Z,2026-03-11T11:00:00Z,AmazonEC2,USEA-BoxUsage:m5.xlarge,RunInstances,us-east-1a,i-0e4caaf2eefa04aef,1.0,8.0,8.0,0.192,0.192,0.195267,0.198868,Hrs,0.192,0.192,Amazon Elastic Compute Cloud,m5.xlarge,4,16 GiB,Linux,us-east-1,AmazonEC2,backend,prod,CC400,,,,,,,,,,,,,
c2ee9feb5a0649e2a956ed4f1cd854de,2026-03-11T20:00:00Z/2026-03-11T21:00:00Z,112233445566,2026-03-01T00:00:00Z,2026-04-01T00:00:00Z,AWS,334455667788,Usage,2026-03-11T20:00:00Z,2026-03-11T21:00:00Z,AmazonEC2,USEA-BoxUsage:m5.xlarge,RunInstances,us-east-1a,i-0e4caaf2eefa04aef,1.0,8.0,8.0,0.192,0.192,0.195719,0.187934,Hrs,0.192,0.192,Amazon Elastic Compute Cloud,m5.xlarge,4,16 GiB,Linux,us-east-1,AmazonEC2,backend,prod,CC400,,,,,,,,,,,,,
666db0500022495e85400ffb569b9210,2026-03-12T06:00:00Z/2026-03-12T07:00:00Z,112233445566,2026-03-01T00:00:00Z,2026-04-01T00:00:00Z,AWS,334455667788,Usage,2026-03-12T06:00:00Z,2026-03-12T07:00:00Z,AmazonEC2,USEA-BoxUsage:m5.xlarge,RunInstances,us-east-1a,i-0e4caaf2eefa04aef,1.0,8.0,8.0,0.192,0.192,0.19802,0.192962,Hrs,0.192,0.192,Amazon Elastic Compute Cloud,m5.xlarge,4,16 GiB,Linux,us-east-1,AmazonEC2,backend,prod,CC400,,,,,,,,,,,,,
c043bea16bfe4fb184e541295fb0c178,2026-03-12T16:00:00Z/2026-03-12T17:00:00Z,112233445566,2026-03-01T00:00:00Z,2026-04-01T00:00:00Z,AWS,334455667788,Usage,2026-03-12T16:00:00Z,2026-03-12T17:00:00Z,AmazonEC2,USEA-BoxUsage:m5.xlarge,RunInstances,us-east-1a,i-0e4caaf2eefa04aef,1.0,8.0,8.0,0.192,0.192,0.188439,0.188607,Hrs,0.192,0.192,Amazon Elastic Compute Cloud,m5.xlarge,4,16 GiB,Linux,us-east-1,AmazonEC2,backend,prod,CC400,,,,,,,,,,,,,
6d6374a56ac94b75a4cadf5a086a6a6f,2026-03-13T02:00:00Z/2026-03-13T03:00:00Z,112233445566,2026-03-01T00:00:00Z,2026-04-01T00:00:00Z,AWS,334455667788,Usage,2026-03-13T02:00:00Z,2026-03-13T03:00:00Z,AmazonEC2,USEA-BoxUsage:m5.xlarge,RunInstances,us-east-1a,i-0e4caaf2eefa04aef,1.0,8.0,8.0,0.192,0.192,0.19016,0.19228,Hrs,0.192,0.192,Amazon Elastic Compute Cloud,m5.xlarge,4,16 GiB,Linux,us-east-1,AmazonEC2,backend,prod,CC400,,,,,,,,,,,,,
9995cfe461f94dbaa7c9bf9813e07bb9,2026-03-13T12:00:00Z/2026-03-13T13:00:00Z,112233445566,2026-03-01T00:00:00Z,2026-04-01T00:00:00Z,AWS,334455667788,Usage,2026-03-13T12:00:00Z,2026-03-13T13:00:00Z,AmazonEC2,USEA-BoxUsage:m5.xlarge,RunInstances,us-east-1a,i-0e4caaf2eefa04aef,1.0,8.0,8.0,0.192,0.192,0.195027,0.192818,Hrs,0.192,0.192,Amazon Elastic Compute Cloud,m5.xlarge,4,16 GiB,Linux,us-east-1,AmazonEC2,backend,prod,CC400,,,,,,,,,,,,,
78206055c9d246169ab157239af0b241,2026-03-13T22:00:00Z/2026-03-13T23:00:00Z,112233445566,2026-03-01T00:00:00Z,2026-04-01T00:00:00Z,AWS,334455667788,Usage,2026-03-13T22:00:00Z,2026-03-13T23:00:00Z,AmazonEC2,USEA-BoxUsage:m5.xlarge,RunInstances,us-east-1a,i-0e4caaf2eefa04aef,1.0,8.0,8.0,0.192,0.192,0.186002,0.189346,Hrs,0.192,0.192,Amazon Elastic Compute Cloud,m5.xlarge,4,16 GiB,Linux,us-east-1,AmazonEC2,backend,prod,CC400,,,,,,,,,,,,,
ba855b2f645d4ae9b9ae8c0fb605806e,2026-03-14T08:00:00Z/2026-03-14T09:00:00Z,112233445566,2026-03-01T00:00:00Z,2026-04-01T00:00:00Z,AWS,334455667788,Usage,2026-03-14T08:00:00Z,2026-03-14T09:00:00Z,AmazonEC2,USEA-BoxUsage:m5.xlarge,RunInstances,us-east-1a,i-0e4caaf2eefa04aef,1.0,8.0,8.0,0.192,0.192,0.194408,0.196992,Hrs,0.192,0.192,Amazon Elastic Compute Cloud,m5.xlarge,4,16 GiB,Linux,us-east-1,AmazonEC2,backend,prod,CC400,,,,,,,,,,,,,
94117d65648f432d8b3096c750909ba9,2026-03-14T18:00:00Z/2026-03-14T19:00:00Z,112233445566,2026-03-01T00:00:00Z,2026-04-01T00:00:00Z,AWS,334455667788,Usage,2026-03-14T18:00:00Z,2026-03-14T19:00:00Z,AmazonEC2,USEA-BoxUsage:m5.xlarge,RunInstances,us-east-1a,i-0e4caaf2eefa04aef,1.0,8.0,8.0,0.192,0.192,0.192945,0.200211,Hrs,0.192,0.192,Amazon Elastic Compute Cloud,m5.xlarge,4,16 GiB,Linux,us-east-1,AmazonEC2,backend,prod,CC400,,,,,,,,,,,,,
f274b692d7134718b3d7b46bbb1d24c4,2026-03-15T04:00:00Z/2026-03-15T05:00:00Z,112233445566,2026-03-01T00:00:00Z,2026-04-01T00:00:00Z,AWS,334455667788,Usage,2026-03-15T04:00:00Z,2026-03-15T05:00:00Z,AmazonEC2,USEA-BoxUsage:m5.xlarge,RunInstances,us-east-1a,i-0e4caaf2eefa04aef,1.0,8.0,8.0,0.192,0.192,0.195806,0.184731,Hrs,0.192,0.192,Amazon Elastic Compute Cloud,m5.xlarge,4,16 GiB,Linux,us-east-1,AmazonEC2,backend,prod,CC400,,,,,,,,,,,,,
250c93130b7840fd80a821e12663d381,2026-03-15T14:00:00Z/2026-03-15T15:00:00Z,112233445566,2026-03-01T00:00:00Z,2026-04-01T00:00:00Z,AWS,334455667788,Usage,2026-03-15T14:00:00Z,2026-03-15T15:00:00Z,AmazonEC2,USEA-BoxUsage:m5.xlarge,RunInstances,us-east-1a,i-0e4caaf2eefa04aef,1.0,8.0,8.0,0.192,0.192,0.19409,0.186995,Hrs,0.192,0.192,Amazon Elastic Compute Cloud,m5.xlarge,4,16 GiB,Linux,us-east-1,AmazonEC2,backend,prod,CC400,,,,,,,,,,,,,
d42062a277d74a8db6d6f3ce4df9e501,2026-03-16T00:00:00Z/2026-03-16T01:00:00Z,112233445566,2026-03-01T00:00:00Z,2026-04-01T00:00:00Z,AWS,334455667788,Usage,2026-03-16T00:00:00Z,2026-03-16T01:00:00Z,AmazonEC2,USEA-BoxUsage:m5.xlarge,RunInstances,us-east-1a,i-0e4caaf2eefa04aef,1.0,8.0,8.0,0.192,0.192,0.192976,0.193003,Hrs,0.192,0.192,Amazon Elastic Compute Cloud,m5.xlarge,4,16 GiB,Linux,us-east-1,AmazonEC2,backend,prod,CC400,,,,,,,,,,,,,
335c2070c7244b87beb3913618bfb691,2026-03-16T10:00:00Z/2026-03-16T11:00:00Z,112233445566,2026-03-01T00:00:00Z,2026-04-01T00:00:00Z,AWS,334455667788,Usage,2026-03-16T10:00:00Z,2026-03-16T11:00:00Z,AmazonEC2,USEA-BoxUsage:m5.xlarge,RunInstances,us-east-1a,i-0e4caaf2eefa04aef,1.0,8.0,8.0,0.192,0.192,0.201451,0.199928,Hrs,0.192,0.192,Amazon Elastic Compute Cloud,m5.xlarge,4,16 GiB,Linux,us-east-1,AmazonEC2,backend,prod,CC400,,,,,,,,,,,,,
f7b1342bc7764b2c8236ebe486a0080a,2026-03-16T20:00:00Z/2026-03-16T21:00:00Z,112233445566,2026-03-01T00:00:00Z,2026-04-01T00:00:00Z,AWS,334455667788,Usage,2026-03-16T20:00:00Z,2026-03-16T21:00:00Z,AmazonEC2,USEA-BoxUsage:m5.xlarge,RunInstances,us-east-1a,i-0e4caaf2eefa04aef,1.0,8.0,8.0,0.192,0.192,0.184655,0.198377,Hrs,0.192,0.192,Amazon Elastic Compute Cloud,m5.xlarge,4,16 GiB,Linux,us-east-1,AmazonEC2,backend,prod,CC400,,,,,,,,,,,,,
090aefe06ff047b7a45ac7a43a6a8ba0,2026-03-17T06:00:00Z/2026-03-17T07:00:00Z,112233445566,2026-03-01T00:00:00Z,2026-04-01T00:00:00Z,AWS,334455667788,Usage,2026-03-17T06:00:00Z,2026-03-17T07:00:00Z,AmazonEC2,USEA-BoxUsage:m5.xlarge,RunInstances,us-east-1a,i-0e4caaf2eefa04aef,1.0,8.0,8.0,0.192,0.192,0.196159,0.19217,Hrs,0.192,0.192,Amazon Elastic Compute Cloud,m5.xlarge,4,16 GiB,Linux,us-east-1,AmazonEC2,backend,prod,CC400,,,,,,,,,,,,,
2a8f6d915dfb40988b1a3f7cc655793c,2026-03-17T16:00:00Z/2026-03-17T17:00:00Z,112233445566,2026-03-01T00:00:00Z,2026-04-01T00:00:00Z,AWS,334455667788,Usage,2026-03-17T16:00:00Z,2026-03-17T17:00:00Z,AmazonEC2,USEA-BoxUsage:m5.xlarge,RunInstances,us-east-1a,i-0e4caaf2eefa04aef,1.0,8.0,8.0,0.192,0.192,0.198427,0.201221,Hrs,0.192,0.192,Amazon Elastic Compute Cloud,m5.xlarge,4,16 GiB,Linux,us-east-1,AmazonEC2,backend,prod,CC400,,,,,,,,,,,,,
de5882336c9f48938e13261a297c86f1,2026-03-18T02:00:00Z/2026-03-18T03:00:00Z,112233445566,2026-03-01T00:00:00Z,2026-04-01T00:00:00Z,AWS,334455667788,Usage,2026-03-18T02:00:00Z,2026-03-18T03:00:00Z,AmazonEC2,USEA-BoxUsage:m5.xlarge,RunInstances,us-east-1a,i-0e4caaf2eefa04aef,1.0,8.0,8.0,0.192,0.192,0.192984,0.189765,Hrs,0.192,0.192,Amazon Elastic Compute Cloud,m5.xlarge,4,16 GiB,Linux,us-east-1,AmazonEC2,backend,prod,CC400,,,,,,,,,,,,,
6ff157d274e34ceaa3fe954e86e17a34,2026-03-18T12:00:00Z/2026-03-18T13:00:00Z,112233445566,2026-03-01T00:00:00Z,2026-04-01T00:00:00Z,AWS,334455667788,Usage,2026-03-18T12:00:00Z,2026-03-18T13:00:00Z,AmazonEC2,USEA-BoxUsage:m5.xlarge,RunInstances,us-east-1a,i-0e4caaf2eefa04aef,1.0,8.0,8.0,0.192,0.192,0.192158,0.199283,Hrs,0.192,0.192,Amazon Elastic Compute Cloud,m5.xlarge,4,16 GiB,Linux,us-east-1,AmazonEC2,backend,prod,CC400,,,,,,,,,,,,,
ad567fcbc2514749b9f095e671778f5b,2026-03-18T22:00:00Z/2026-03-18T23:00:00Z,112233445566,2026-03-01T00:00:00Z,2026-04-01T00:00:00Z,AWS,334455667788,Usage,2026-03-18T22:00:00Z,2026-03-18T23:00:00Z,AmazonEC2,USEA-BoxUsage:m5.xlarge,RunInstances,us-east-1a,i-0e4caaf2eefa04aef,1.0,8.0,8.0,0.192,0.192,0.187704,0.197568,Hrs,0.192,0.192,Amazon Elastic Compute Cloud,m5.xlarge,4,16 GiB,Linux,us-east-1,AmazonEC2,backend,prod,CC400,,,,,,,,,,,,,
1e11097e9e1b4e09aa52e793a0300ab0,2026-03-19T08:00:00Z/2026-03-19T09:00:00Z,112233445566,2026-03-01T00:00:00Z,2026-04-01T00:00:00Z,AWS,334455667788,Usage,2026-03-19T08:00:00Z,2026-03-19T09:00:00Z,AmazonEC2,USEA-BoxUsage:m5.xlarge,RunInstances,us-east-1a,i-0e4caaf2eefa04aef,1.0,8.0,8.0,0.192,0.192,0.200338,0.192149,Hrs,0.192,0.192,Amazon Elastic Compute Cloud,m5.xlarge,4,16 GiB,Linux,us-east-1,AmazonEC2,backend,prod,CC400,,,,,,,,,,,,,
3cd4606491bc44ba8b65583f878b503d,2026-03-19T18:00:00Z/2026-03-19T19:00:00Z,112233445566,2026-03-01T00:00:00Z,2026-04-01T00:00:00Z,AWS,334455667788,Usage,2026-03-19T18:00:00Z,2026-03-19T19:00:00Z,AmazonEC2,USEA-BoxUsage:m5.xlarge,RunInstances,us-east-1a,i-0e4caaf2eefa04aef,1.0,8.0,8.0,0.192,0.192,0.187831,0.188132,Hrs,0.192,0.192,Amazon Elastic Compute Cloud,m5.xlarge,4,16 GiB,Linux,us-east-1,AmazonEC2,backend,prod,CC400,,,,,,,,,,,,,
cefaf4a59ab345abb1efc8d076d3d563,2026-03-20T04:00:00Z/2026-03-20T05:00:00Z,112233445566,2026-03-01T00:00:00Z,2026-04-01T00:00:00Z,AWS,334455667788,Usage,2026-03-20T04:00:00Z,2026-03-20T05:00:00Z,AmazonEC2,USEA-BoxUsage:m5.xlarge,RunInstances,us-east-1a,i-0e4caaf2eefa04aef,1.0,8.0,8.0,0.192,0.192,0.201579,0.191801,Hrs,0.192,0.192,Amazon Elastic Compute Cloud,m5.xlarge,4,16 GiB,Linux,us-east-1,AmazonEC2,backend,prod,CC400,,,,,,,,,,,,,
81dba040059446798425000fefcd0ede,2026-03-20T14:00:00Z/2026-03-20T15:00:00Z,112233445566,2026-03-01T00:00:00Z,2026-04-01T00:00:00Z,AWS,334455667788,Usage,2026-03-20T14:00:00Z,2026-03-20T15:00:00Z,AmazonEC2,USEA-BoxUsage:m5.xlarge,RunInstances,us-east-1a,i-0e4caaf2eefa04aef,1.0,8.0,8.0,0.192,0.192,0.192741,0.189026,Hrs,0.192,0.192,Amazon Elastic Compute Cloud,m5.xlarge,4,16 GiB,Linux,us-east-1,AmazonEC2,backend,prod,CC400,,,,,,,,,,,,,
99a22d1086db4540805230cbfdea93bd,2026-03-21T00:00:00Z/2026-03-21T01:00:00Z,112233445566,2026-03-01T00:00:00Z,2026-04-01T00:00:00Z,AWS,334455667788,Usage,2026-03-21T00:00:00Z,2026-03-21T01:00:00Z,AmazonEC2,USEA-BoxUsage:m5.xlarge,RunInstances,us-east-1a,i-0e4caaf2eefa04aef,1.0,8.0,8.0,0.192,0.192,0.192834,0.191143,Hrs,0.192,0.192,Amazon Elastic Compute Cloud,m5.xlarge,4,16 GiB,Linux,us-east-1,AmazonEC2,backend,prod,CC400,,,,,,,,,,,,,
105f33983a45433d914dfcffda39ed1a,2026-03-21T10:00:00Z/2026-03-21T11:00:00Z,112233445566,2026-03-01T00:00:00Z,2026-04-01T00:00:00Z,AWS,334455667788,Usage,2026-03-21T10:00:00Z,2026-03-21T11:00:00Z,AmazonEC2,USEA-BoxUsage:m5.xlarge,RunInstances,us-east-1a,i-0e4caaf2eefa04aef,1.0,8.0,8.0,0.192,0.192,0.186022,0.195792,Hrs,0.192,0.192,Amazon Elastic Compute Cloud,m5.xlarge,4,16 GiB,Linux,us-east-1,AmazonEC2,backend,prod,CC400,,,,,,,,,,,,,
3f480e32fec6468e8f8c0674b3058d50,2026-03-21T20:00:00Z/2026-03-21T21:00:00Z,112233445566,2026-03-01T00:00:00Z,2026-04-01T00:00:00Z,AWS,334455667788,Usage,2026-03-21T20:00:00Z,2026-03-21T21:00:00Z,AmazonEC2,USEA-BoxUsage:m5.xlarge,RunInstances,us-east-1a,i-0e4caaf2eefa04aef,1.0,8.0,8.0,0.192,0.192,0.186884,0.19729,Hrs,0.192,0.192,Amazon Elastic Compute Cloud,m5.xlarge,4,16 GiB,Linux,us-east-1,AmazonEC2,backend,prod,CC400,,,,,,,,,,,,,
ea00f2b11b8a4d23b19327b19f91cb9d,2026-03-22T06:00:00Z/2026-03-22T07:00:00Z,112233445566,2026-03-01T00:00:00Z,2026-04-01T00:00:00Z,AWS,334455667788,Usage,2026-03-22T06:00:00Z,2026-03-22T07:00:00Z,AmazonEC2,USEA-BoxUsage:m5.xlarge,RunInstances,us-east-1a,i-0e4caaf2eefa04aef,1.0,8.0,8.0,0.192,0.192,0.196698,0.19594,Hrs,0.192,0.192,Amazon Elastic Compute Cloud,m5.xlarge,4,16 GiB,Linux,us-east-1,AmazonEC2,backend,prod,CC400,,,,,,,,,,,,,
49e017e875a142a0b488cedba70e4be7,2026-03-22T16:00:00Z/2026-03-22T17:00:00Z,112233445566,2026-03-01T00:00:00Z,2026-04-01T00:00:00Z,AWS,334455667788,Usage,2026-03-22T16:00:00Z,2026-03-22T17:00:00Z,AmazonEC2,USEA-BoxUsage:m5.xlarge,RunInstances,us-east-1a,i-0e4caaf2eefa04aef,1.0,8.0,8.0,0.192,0.192,0.189813,0.195143,Hrs,0.192,0.192,Amazon Elastic Compute Cloud,m5.xlarge,4,16 GiB,Linux,us-east-1,AmazonEC2,backend,prod,CC400,,,,,,,,,,,,,
af678117618140069c11a6ac054ea187,2026-03-23T02:00:00Z/2026-03-23T03:00:00Z,112233445566,2026-03-01T00:00:00Z,2026-04-01T00:00:00Z,AWS,334455667788,Usage,2026-03-23T02:00:00Z,2026-03-23T03:00:00Z,AmazonEC2,USEA-BoxUsage:m5.xlarge,RunInstances,us-east-1a,i-0e4caaf2eefa04aef,1.0,8.0,8.0,0.192,0.192,0.201232,0.19191,Hrs,0.192,0.192,Amazon Elastic Compute Cloud,m5.xlarge,4,16 GiB,Linux,us-east-1,AmazonEC2,backend,prod,CC400,,,,,,,,,,,,,
b276b3a5cb5741f4b8c501bb26c76aaa,2026-03-23T12:00:00Z/2026-03-23T13:00:00Z,112233445566,2026-03-01T00:00:00Z,2026-04-01T00:00:00Z,AWS,334455667788,Usage,2026-03-23T12:00:00Z,2026-03-23T13:00:00Z,AmazonEC2,USEA-BoxUsage:m5.xlarge,RunInstances,us-east-1a,i-0e4caaf2eefa04aef,1.0,8.0,8.0,0.192,0.192,0.192044,0.193731,Hrs,0.192,0.192,Amazon Elastic Compute Cloud,m5.xlarge,4,16 GiB,Linux,us-east-1,AmazonEC2,backend,prod,CC400,,,,,,,,,,,,,
7f5e4e2add3546cdab893d39ec20db94,2026-03-23T22:00:00Z/2026-03-23T23:00:00Z,112233445566,2026-03-01T00:00:00Z,2026-04-01T00:00:00Z,AWS,334455667788,Usage,2026-03-23T22:00:00Z,2026-03-23T23:00:00Z,AmazonEC2,USEA-BoxUsage:m5.xlarge,RunInstances,us-east-1a,i-0e4caaf2eefa04aef,1.0,8.0,8.0,0.192,0.192,0.199184,0.190854,Hrs,0.192,0.192,Amazon Elastic Compute Cloud,m5.xlarge,4,16 GiB,Linux,us-east-1,AmazonEC2,backend,prod,CC400,,,,,,,,,,,,,
81572c85291a420e80a95db452a49e5e,2026-03-24T08:00:00Z/2026-03-24T09:00:00Z,112233445566,2026-03-01T00:00:00Z,2026-04-01T00:00:00Z,AWS,334455667788,Usage,2026-03-24T08:00:00Z,2026-03-24T09:00:00Z,AmazonEC2,USEA-BoxUsage:m5.xlarge,RunInstances,us-east-1a,i-0e4caaf2eefa04aef,1.0,8.0,8.0,0.192,0.192,0.191173,0.196271,Hrs,0.192,0.192,Amazon Elastic Compute Cloud,m5.xlarge,4,16 GiB,Linux,us-east-1,AmazonEC2,backend,prod,CC400,,,,,,,,,,,,,
703e8cba7f904ed3a19b50b543f976a1,2026-03-24T18:00:00Z/2026-03-24T19:00:00Z,112233445566,2026-03-01T00:00:00Z,2026-04-01T00:00:00Z,AWS,334455667788,Usage,2026-03-24T18:00:00Z,2026-03-24T19:00:00Z,AmazonEC2,USEA-BoxUsage:m5.xlarge,RunInstances,us-east-1a,i-0e4caaf2eefa04aef,1.0,8.0,8.0,0.192,0.192,0.194972,0.185364,Hrs,0.192,0.192,Amazon Elastic Compute Cloud,m5.xlarge,4,16 GiB,Linux,us-east-1,AmazonEC2,backend,prod,CC400,,,,,,,,,,,,,
05f871b54e4448669d9320fb30aa685b,2026-03-25T04:00:00Z/2026-03-25T05:00:00Z,112233445566,2026-03-01T00:00:00Z,2026-04-01T00:00:00Z,AWS,334455667788,Usage,2026-03-25T04:00:00Z,2026-03-25T05:00:00Z,AmazonEC2,USEA-BoxUsage:m5.xlarge,RunInstances,us-east-1a,i-0e4caaf2eefa04aef,1.0,8.0,8.0,0.192,0.192,0.201009,0.1889,Hrs,0.192,0.192,Amazon Elastic Compute Cloud,m5.xlarge,4,16 GiB,Linux,us-east-1,AmazonEC2,backend,prod,CC400,,,,,,,,,,,,,
3151152f19bd4021ba93b15acd5c2708,2026-03-25T14:00:00Z/2026-03-25T15:00:00Z,112233445566,2026-03-01T00:00:00Z,2026-04-01T00:00:00Z,AWS,334455667788,Usage,2026-03-25T14:00:00Z,2026-03-25T15:00:00Z,AmazonEC2,USEA-BoxUsage:m5.xlarge,RunInstances,us-east-1a,i-0e4caaf2eefa04aef,1.0,8.0,8.0,0.192,0.192,0.194877,0.198754,Hrs,0.192,0.192,Amazon Elastic Compute Cloud,m5.xlarge,4,16 GiB,Linux,us-east-1,AmazonEC2,backend,prod,CC400,,,,,,,,,,,,,
84464342f9224b649fe29ee22a6ad3b0,2026-03-26T00:00:00Z/2026-03-26T01:00:00Z,112233445566,2026-03-01T00:00:00Z,2026-04-01T00:00:00Z,AWS,334455667788,Usage,2026-03-26T00:00:00Z,2026-03-26T01:00:00Z,AmazonEC2,USEA-BoxUsage:m5.xlarge,RunInstances,us-east-1a,i-0e4caaf2eefa04aef,1.0,8.0,8.0,0.192,0.192,0.198899,0.189696,Hrs,0.192,0.192,Amazon Elastic Compute Cloud,m5.xlarge,4,16 GiB,Linux,us-east-1,AmazonEC2,backend,prod,CC400,,,,,,,,,,,,,
ca60c60ee1614f6cbfb726a3b2ebc1ec,2026-03-26T10:00:00Z/2026-03-26T11:00:00Z,112233445566,2026-03-01T00:00:00Z,2026-04-01T00:00:00Z,AWS,334455667788,Usage,2026-03-26T10:00:00Z,2026-03-26T11:00:00Z,AmazonEC2,USEA-BoxUsage:m5.xlarge,RunInstances,us-east-1a,i-0e4caaf2eefa04aef,1.0,8.0,8.0,0.192,0.192,0.196199,0.196981,Hrs,0.192,0.192,Amazon Elastic Compute Cloud,m5.xlarge,4,16 GiB,Linux,us-east-1,AmazonEC2,backend,prod,CC400,,,,,,,,,,,,,
d5908d5d293447dfa9a71b92150a4981,2026-03-26T20:00:00Z/2026-03-26T21:00:00Z,112233445566,2026-03-01T00:00:00Z,2026-04-01T00:00:00Z,AWS,334455667788,Usage,2026-03-26T20:00:00Z,2026-03-26T21:00:00Z,AmazonEC2,USEA-BoxUsage:m5.xlarge,RunInstances,us-east-1a,i-0e4caaf2eefa04aef,1.0,8.0,8.0,0.192,0.192,0.183089,0.183714,Hrs,0.192,0.192,Amazon Elastic Compute Cloud,m5.xlarge,4,16 GiB,Linux,us-east-1,AmazonEC2,backend,prod,CC400,,,,,,,,,,,,,
e64da18d3ac14aac8c9821577d2a9f99,2026-03-27T06:00:00Z/2026-03-27T07:00:00Z,112233445566,2026-03-01T00:00:00Z,2026-04-01T00:00:00Z,AWS,334455667788,Usage,2026-03-27T06:00:00Z,2026-03-27T07:00:00Z,AmazonEC2,USEA-BoxUsage:m5.xlarge,RunInstances,us-east-1a,i-0e4caaf2eefa04aef,1.0,8.0,8.0,0.192,0.192,0.200082,0.201551,Hrs,0.192,0.192,Amazon Elastic Compute Cloud,m5.xlarge,4,16 GiB,Linux,us-east-1,AmazonEC2,backend,prod,CC400,,,,,,,,,,,,,
223d43d08f87494c899f6f04d28135c0,2026-03-27T16:00:00Z/2026-03-27T17:00:00Z,112233445566,2026-03-01T00:00:00Z,2026-04-01T00:00:00Z,AWS,334455667788,Usage,2026-03-27T16:00:00Z,2026-03-27T17:00:00Z,AmazonEC2,USEA-BoxUsage:m5.xlarge,RunInstances,us-east-1a,i-0e4caaf2eefa04aef,1.0,8.0,8.0,0.192,0.192,0.190732,0.18429,Hrs,0.192,0.192,Amazon Elastic Compute Cloud,m5.xlarge,4,16 GiB,Linux,us-east-1,AmazonEC2,backend,prod,CC400,,,,,,,,,,,,,
a7e7ac65855b4483aaf8dfc74d18d383,2026-03-28T02:00:00Z/2026-03-28T03:00:00Z,112233445566,2026-03-01T00:00:00Z,2026-04-01T00:00:00Z,AWS,334455667788,Usage,2026-03-28T02:00:00Z,2026-03-28T03:00:00Z,AmazonEC2,USEA-BoxUsage:m5.xlarge,RunInstances,us-east-1a,i-0e4caaf2eefa04aef,1.0,8.0,8.0,0.192,0.192,0.199154,0.190919,Hrs,0.192,0.192,Amazon Elastic Compute Cloud,m5.xlarge,4,16 GiB,Linux,us-east-1,AmazonEC2,backend,prod,CC400,,,,,,,,,,,,,
f448250a410c49fbb1bdc2da93280f15,2026-03-28T12:00:00Z/2026-03-28T13:00:00Z,112233445566,2026-03-01T00:00:00Z,2026-04-01T00:00:00Z,AWS,334455667788,Usage,2026-03-28T12:00:00Z,2026-03-28T13:00:00Z,AmazonEC2,USEA-BoxUsage:m5.xlarge,RunInstances,us-east-1a,i-0e4caaf2eefa04aef,1.0,8.0,8.0,0.192,0.192,0.199746,0.183283,Hrs,0.192,0.192,Amazon Elastic Compute Cloud,m5.xlarge,4,16 GiB,Linux,us-east-1,AmazonEC2,backend,prod,CC400,,,,,,,,,,,,,
807c7117b8574a53b63431c2b58e94b0,2026-03-28T22:00:00Z/2026-03-28T23:00:00Z,112233445566,2026-03-01T00:00:00Z,2026-04-01T00:00:00Z,AWS,334455667788,Usage,2026-03-28T22:00:00Z,2026-03-28T23:00:00Z,AmazonEC2,USEA-BoxUsage:m5.xlarge,RunInstances,us-east-1a,i-0e4caaf2eefa04aef,1.0,8.0,8.0,0.192,0.192,0.188033,0.189597,Hrs,0.192,0.192,Amazon Elastic Compute Cloud,m5.xlarge,4,16 GiB,Linux,us-east-1,AmazonEC2,backend,prod,CC400,,,,,,,,,,,,,
9251670131344740b07337b7a9afa08f,2026-03-29T08:00:00Z/2026-03-29T09:00:00Z,112233445566,2026-03-01T00:00:00Z,2026-04-01T00:00:00Z,AWS,334455667788,Usage,2026-03-29T08:00:00Z,2026-03-29T09:00:00Z,AmazonEC2,USEA-BoxUsage:m5.xlarge,RunInstances,us-east-1a,i-0e4caaf2eefa04aef,1.0,8.0,8.0,0.192,0.192,0.192598,0.193266,Hrs,0.192,0.192,Amazon Elastic Compute Cloud,m5.xlarge,4,16 GiB,Linux,us-east-1,AmazonEC2,backend,prod,CC400,,,,,,,,,,,,,
83d5b254f204429eb19a0749bdfdd8fb,2026-03-29T18:00:00Z/2026-03-29T19:00:00Z,112233445566,2026-03-01T00:00:00Z,2026-04-01T00:00:00Z,AWS,334455667788,Usage,2026-03-29T18:00:00Z,2026-03-29T19:00:00Z,AmazonEC2,USEA-BoxUsage:m5.xlarge,RunInstances,us-east-1a,i-0e4caaf2eefa04aef,1.0,8.0,8.0,0.192,0.192,0.185664,0.183916,Hrs,0.192,0.192,Amazon Elastic Compute Cloud,m5.xlarge,4,16 GiB,Linux,us-east-1,AmazonEC2,backend,prod,CC400,,,,,,,,,,,,,
7c470853371849fe8c8cb32bc3976284,2026-03-30T04:00:00Z/2026-03-30T05:00:00Z,112233445566,2026-03-01T00:00:00Z,2026-04-01T00:00:00Z,AWS,334455667788,Usage,2026-03-30T04:00:00Z,2026-03-30T05:00:00Z,AmazonEC2,USEA-BoxUsage:m5.xlarge,RunInstances,us-east-1a,i-0e4caaf2eefa04aef,1.0,8.0,8.0,0.192,0.192,0.194298,0.187024,Hrs,0.192,0.192,Amazon Elastic Compute Cloud,m5.xlarge,4,16 GiB,Linux,us-east-1,AmazonEC2,backend,prod,CC400,,,,,,,,,,,,,
f0ba493a851647d4ab5c4c66e71dac8c,2026-03-30T14:00:00Z/2026-03-30T15:00:00Z,112233445566,2026-03-01T00:00:00Z,2026-04-01T00:00:00Z,AWS,334455667788,Usage,2026-03-30T14:00:00Z,2026-03-30T15:00:00Z,AmazonEC2,USEA-BoxUsage:m5.xlarge,RunInstances,us-east-1a,i-0e4caaf2eefa04aef,1.0,8.0,8.0,0.192,0.192,0.185148,0.191254,Hrs,0.192,0.192,Amazon Elastic Compute Cloud,m5.xlarge,4,16 GiB,Linux,us-east-1,AmazonEC2,backend,prod,CC400,,,,,,,,,,,,,
1471442327bb47e09f7af125d5f7c065,2026-03-01T00:00:00Z/2026-03-01T01:00:00Z,112233445566,2026-03-01T00:00:00Z,2026-04-01T00:00:00Z,AWS,223344556677,Usage,2026-03-01T00:00:00Z,2026-03-01T01:00:00Z,AmazonEC2,USWE-BoxUsage:c5.large,RunInstances,us-west-2b,i-0f636c565184e4f4e,1.0,4.0,4.0,0.085,0.085,0.08292,0.08083,Hrs,0.085,0.085,Amazon Elastic Compute Cloud,c5.large,2,4 GiB,Linux,us-west-2,AmazonEC2,data-eng,prod,CC200,,,,,,,,,,,,,
554df72572694f8c929953a00d922ed5,2026-03-01T10:00:00Z/2026-03-01T11:00:00Z,112233445566,2026-03-01T00:00:00Z,2026-04-01T00:00:00Z,AWS,223344556677,Usage,2026-03-01T10:00:00Z,2026-03-01T11:00:00Z,AmazonEC2,USWE-BoxUsage:c5.large,RunInstances,us-west-2b,i-0f636c565184e4f4e,1.0,4.0,4.0,0.085,0.085,0.08841,0.08651,Hrs,0.085,0.085,Amazon Elastic Compute Cloud,c5.large,2,4 GiB,Linux,us-west-2,AmazonEC2,data-eng,prod,CC200,,,,,,,,,,,,,
dc5898bab7d9442d9ea2a27a6952bc9d,2026-03-01T20:00:00Z/2026-03-01T21:00:00Z,112233445566,2026-03-01T00:00:00Z,2026-04-01T00:00:00Z,AWS,223344556677,Usage,2026-03-01T20:00:00Z,2026-03-01T21:00:00Z,AmazonEC2,USWE-BoxUsage:c5.large,RunInstances,us-west-2b,i-0f636c565184e4f4e,1.0,4.0,4.0,0.085,0.085,0.084505,0.083687,Hrs,0.085,0.085,Amazon Elastic Compute Cloud,c5.large,2,4 GiB,Linux,us-west-2,AmazonEC2,data-eng,prod,CC200,,,,,,,,,,,,,
e185b8b9000c44e1bd6eac36bfb936b9,2026-03-02T06:00:00Z/2026-03-02T07:00:00Z,112233445566,2026-03-01T00:00:00Z,2026-04-01T00:00:00Z,AWS,223344556677,Usage,2026-03-02T06:00:00Z,2026-03-02T07:00:00Z,AmazonEC2,USWE-BoxUsage:c5.large,RunInstances,us-west-2b,i-0f636c565184e4f4e,1.0,4.0,4.0,0.085,0.085,0.086181,0.084357,Hrs,0.085,0.085,Amazon Elastic Compute Cloud,c5.large,2,4 GiB,Linux,us-west-2,AmazonEC2,data-eng,prod,CC200,,,,,,,,,,,,,
209f26a4236a44d5a4de2b0899c0e5e7,2026-03-02T16:00:00Z/2026-03-02T17:00:00Z,112233445566,2026-03-01T00:00:00Z,2026-04-01T00:00:00Z,AWS,223344556677,Usage,2026-03-02T16:00:00Z,2026-03-02T17:00:00Z,AmazonEC2,USWE-BoxUsage:c5.large,RunInstances,us-west-2b,i-0f636c565184e4f4e,1.0,4.0,4.0,0.085,0.085,0.087935,0.082443,Hrs,0.085,0.085,Amazon Elastic Compute Cloud,c5.large,2,4 GiB,Linux,us-west-2,AmazonEC2,data-eng,prod,CC200,,,,,,,,,,,,,
d950cf9ed5cf451abe33b6b9891fdcf7,2026-03-03T02:00:00Z/2026-03-03T03:00:00Z,112233445566,2026-03-01T00:00:00Z,2026-04-01T00:00:00Z,AWS,223344556677,Usage,2026-03-03T02:00:00Z,2026-03-03T03:00:00Z,AmazonEC2,USWE-BoxUsage:c5.large,RunInstances,us-west-2b,i-0f636c565184e4f4e,1.0,4.0,4.0,0.085,0.085,0.084857,0.082766,Hrs,0.085,0.085,Amazon Elastic Compute Cloud,c5.large,2,4 GiB,Linux,us-west-2,AmazonEC2,data-eng,prod,CC200,,,,,,,,,,,,,
a34da560382b499f9796f2c799a21c66,2026-03-03T12:00:00Z/2026-03-03T13:00:00Z,112233445566,2026-03-01T00:00:00Z,2026-04-01T00:00:00Z,AWS,223344556677,Usage,2026-03-03T12:00:00Z,2026-03-03T13:00:00Z,AmazonEC2,USWE-BoxUsage:c5.large,RunInstances,us-west-2b,i-0f636c565184e4f4e,1.0,4.0,4.0,0.085,0.085,0.085636,0.089188,Hrs,0.085,0.085,Amazon Elastic Compute Cloud,c5.large,2,4 GiB,Linux,us-west-2,AmazonEC2,data-eng,prod,CC200,,,,,,,,,,,,,
0782fae5f0d64c398655d0fc35fb1d46,2026-03-03T22:00:00Z/2026-03-03T23:00:00Z,112233445566,2026-03-01T00:00:00Z,2026-04-01T00:00:00Z,AWS,223344556677,Usage,2026-03-03T22:00:00Z,2026-03-03T23:00:00Z,AmazonEC2,USWE-BoxUsage:c5.large,RunInstances,us-west-2b,i-0f636c565184e4f4e,1.0,4.0,4.0,0.085,0.085,0.089063,0.086345,Hrs,0.085,0.085,Amazon Elastic Compute Cloud,c5.large,2,4 GiB,Linux,us-west-2,AmazonEC2,data-eng,prod,CC200,,,,,,,,,,,,,
42003c526f17482ab282af82e2c0940f,2026-03-04T08:00:00Z/2026-03-04T09:00:00Z,112233445566,2026-03-01T00:00:00Z,2026-04-01T00:00:00Z,AWS,223344556677,Usage,2026-03-04T08:00:00Z,2026-03-04T09:00:00Z,AmazonEC2,USWE-BoxUsage:c5.large,RunInstances,us-west-2b,i-0f636c565184e4f4e,1.0,4.0,4.0,0.085,0.085,0.08556,0.086579,Hrs,0.085,0.085,Amazon Elastic Compute Cloud,c5.large,2,4 GiB,Linux,us-west-2,AmazonEC2,data-eng,prod,CC200,,,,,,,,,,,,,
29cf90ef8bf5418d9d1c47337cd617f9,2026-03-04T18:00:00Z/2026-03-04T19:00:00Z,112233445566,2026-03-01T00:00:00Z,2026-04-01T00:00:00Z,AWS,223344556677,Usage,2026-03-04T18:00:00Z,2026-03-04T19:00:00Z,AmazonEC2,USWE-BoxUsage:c5.large,RunInstances,us-west-2b,i-0f636c565184e4f4e,1.0,4.0,4.0,0.085,0.085,0.081167,0.085904,Hrs,0.085,0.085,Amazon Elastic Compute Cloud,c5.large,2,4 GiB,Linux,us-west-2,AmazonEC2,data-eng,prod,CC200,,,,,,,,,,,,,
cd66816f01804b29b30b159095d05cf3,2026-03-05T04:00:00Z/2026-03-05T05:00:00Z,112233445566,2026-03-01T00:00:00Z,2026-04-01T00:00:00Z,AWS,223344556677,Usage,2026-03-05T04:00:00Z,2026-03-05T05:00:00Z,AmazonEC2,USWE-BoxUsage:c5.large,RunInstances,us-west-2b,i-0f636c565184e4f4e,1.0,4.0,4.0,0.085,0.085,0.088435,0.083183,Hrs,0.085,0.085,Amazon Elastic Compute Cloud,c5.large,2,4 GiB,Linux,us-west-2,AmazonEC2,data-eng,prod,CC200,,,,,,,,,,,,,
e3e2f55718aa4f368c0790418b44bdd1,2026-03-05T14:00:00Z/2026-03-05T15:00:00Z,112233445566,2026-03-01T00:00:00Z,2026-04-01T00:00:00Z,AWS,223344556677,Usage,2026-03-05T14:00:00Z,2026-03-05T15:00:00Z,AmazonEC2,USWE-BoxUsage:c5.large,RunInstances,us-west-2b,i-0f636c565184e4f4e,1.0,4.0,4.0,0.085,0.085,0.08591,0.083745,Hrs,0.085,0.085,Amazon Elastic Compute Cloud,c5.large,2,4 GiB,Linux,us-west-2,AmazonEC2,data-eng,prod,CC200,,,,,,,,,,,,,
245a79978032484bad682c84a5b80699,2026-03-06T00:00:00Z/2026-03-06T01:00:00Z,112233445566,2026-03-01T00:00:00Z,2026-04-01T00:00:00Z,AWS,223344556677,Usage,2026-03-06T00:00:00Z,2026-03-06T01:00:00Z,AmazonEC2,USWE-BoxUsage:c5.large,RunInstances,us-west-2b,i-0f636c565184e4f4e,1.0,4.0,4.0,0.085,0.085,0.086028,0.086511,Hrs,0.085,0.085,Amazon Elastic Compute Cloud,c5.large,2,4 GiB,Linux,us-west-2,AmazonEC2,data-eng,prod,CC200,,,,,,,,,,,,,
ec24282e6bc34b9b99642f7d84b3919b,2026-03-06T10:00:00Z/2026-03-06T11:00:00Z,112233445566,2026-03-01T00:00:00Z,2026-04-01T00:00:00Z,AWS,223344556677,Usage,2026-03-06T10:00:00Z,2026-03-06T11:00:00Z,AmazonEC2,USWE-BoxUsage:c5.large,RunInstances,us-west-2b,i-0f636c565184e4f4e,1.0,4.0,4.0,0.085,0.085,0.086353,0.087876,Hrs,0.085,0.085,Amazon Elastic Compute Cloud,c5.large,2,4 GiB,Linux,us-west-2,AmazonEC2,data-eng,prod,CC200,,,,,,,,,,,,,
1bec06f021484737bebbc530a08e0dec,2026-03-06T20:00:00Z/2026-03-06T21:00:00Z,112233445566,2026-03-01T00:00:00Z,2026-04-01T00:00:00Z,AWS,223344556677,Usage,2026-03-06T20:00:00Z,2026-03-06T21:00:00Z,AmazonEC2,USWE-BoxUsage:c5.large,RunInstances,us-west-2b,i-0f636c565184e4f4e,1.0,4.0,4.0,0.085,0.085,0.088429,0.086244,Hrs,0.085,0.085,Amazon Elastic Compute Cloud,c5.large,2,4 GiB,Linux,us-west-2,AmazonEC2,data-eng,prod,CC200,,,,,,,,,,,,,
80e8d7133b064994843c7af2a30b1e99,2026-03-07T06:00:00Z/2026-03-07T07:00:00Z,112233445566,2026-03-01T00:00:00Z,2026-04-01T00:00:00Z,AWS,223344556677,Usage,2026-03-07T06:00:00Z,2026-03-07T07:00:00Z,AmazonEC2,USWE-BoxUsage:c5.large,RunInstances,us-west-2b,i-0f636c565184e4f4e,1.0,4.0,4.0,0.085,0.085,0.084497,0.085676,Hrs,0.085,0.085,Amazon Elastic Compute Cloud,c5.large,2,4 GiB,Linux,us-west-2,AmazonEC2,data-eng,prod,CC200,,,,,,,,,,,,,
49d84dd3734441a28663362d4c4e203c,2026-03-07T16:00:00Z/2026-03-07T17:00:00Z,112233445566,2026-03-01T00:00:00Z,2026-04-01T00:00:00Z,AWS,223344556677,Usage,2026-03-07T16:00:00Z,2026-03-07T17:00:00Z,AmazonEC2,USWE-BoxUsage:c5.large,RunInstances,us-west-2b,i-0f636c565184e4f4e,1.0,4.0,4.0,0.085,0.085,0.081516,0.083258,Hrs,0.085,0.085,Amazon Elastic Compute Cloud,c5.large,2,4 GiB,Linux,us-west-2,AmazonEC2,data-eng,prod,CC200,,,,,,,,,,,,,
996dad23a55440ae8fa2531c76854c78,2026-03-08T02:00:00Z/2026-03-08T03:00:00Z,112233445566,2026-03-01T00:00:00Z,2026-04-01T00:00:00Z,AWS,223344556677,Usage,2026-03-08T02:00:00Z,2026-03-08T03:00:00Z,AmazonEC2,USWE-BoxUsage:c5.large,RunInstances,us-west-2b,i-0f636c565184e4f4e,1.0,4.0,4.0,0.085,0.085,0.082243,0.081873,Hrs,0.085,0.085,Amazon Elastic Compute Cloud,c5.large,2,4 GiB,Linux,us-west-2,AmazonEC2,data-eng,prod,CC200,,,,,,,,,,,,,
2f15d664214c427e8df4e0233d8f09ce,2026-03-08T12:00:00Z/2026-03-08T13:00:00Z,112233445566,2026-03-01T00:00:00Z,2026-04-01T00:00:00Z,AWS,223344556677,Usage,2026-03-08T12:00:00Z,2026-03-08T13:00:00Z,AmazonEC2,USWE-BoxUsage:c5.large,RunInstances,us-west-2b,i-0f636c565184e4f4e,1.0,4.0,4.0,0.085,0.085,0.089008,0.085262,Hrs,0.085,0.085,Amazon Elastic Compute Cloud,c5.large,2,4 GiB,Linux,us-west-2,AmazonEC2,data-eng,prod,CC200,,,,,,,,,,,,,
e5f2adc3295d4f0cb23133c45ff7820c,2026-03-08T22:00:00Z/2026-03-08T23:00:00Z,112233445566,2026-03-01T00:00:00Z,2026-04-01T00:00:00Z,AWS,223344556677,Usage,2026-03-08T22:00:00Z,2026-03-08T23:00:00Z,AmazonEC2,USWE-BoxUsage:c5.large,RunInstances,us-west-2b,i-0f636c565184e4f4e,1.0,4.0,4.0,0.085,0.085,0.087809,0.082934,Hrs,0.085,0.085,Amazon Elastic Compute Cloud,c5.large,2,4 GiB,Linux,us-west-2,AmazonEC2,data-eng,prod,CC200,,,,,,,,,,,,,
01b185e497d84039b0d15273b0b3a971,2026-03-09T08:00:00Z/2026-03-09T09:00:00Z,112233445566,2026-03-01T00:00:00Z,2026-04-01T00:00:00Z,AWS,223344556677,Usage,2026-03-09T08:00:00Z,2026-03-09T09:00:00Z,AmazonEC2,USWE-BoxUsage:c5.large,RunInstances,us-west-2b,i-0f636c565184e4f4e,1.0,4.0,4.0,0.085,0.085,0.084846,0.087605,Hrs,0.085,0.085,Amazon Elastic Compute Cloud,c5.large,2,4 GiB,Linux,us-west-2,AmazonEC2,data-eng,prod,CC200,,,,,,,,,,,,,
419966c7f8c5418fb669c242698038c5,2026-03-09T18:00:00Z/2026-03-09T19:00:00Z,112233445566,2026-03-01T00:00:00Z,2026-04-01T00:00:00Z,AWS,223344556677,Usage,2026-03-09T18:00:00Z,2026-03-09T19:00:00Z,AmazonEC2,USWE-BoxUsage:c5.large,RunInstances,us-west-2b,i-0f636c565184e4f4e,1.0,4.0,4.0,0.085,0.085,0.083629,0.081729,Hrs,0.085,0.085,Amazon Elastic Compute Cloud,c5.large,2,4 GiB,Linux,us-west-2,AmazonEC2,data-eng,prod,CC200,,,,,,,,,,,,,
eed9cc60f627412189677e9b7f19f6bf,2026-03-10T04:00:00Z/2026-03-10T05:00:00Z,112233445566,2026-03-01T00:00:00Z,2026-04-01T00:00:00Z,AWS,223344556677,Usage,2026-03-10T04:00:00Z,2026-03-10T05:00:00Z,AmazonEC2,USWE-BoxUsage:c5.large,RunInstances,us-west-2b,i-0f636c565184e4f4e,1.0,4.0,4.0,0.085,0.085,0.081946,0.088965,Hrs,0.085,0.085,Amazon Elastic Compute Cloud,c5.large,2,4 GiB,Linux,us-west-2,AmazonEC2,data-eng,prod,CC200,,,,,,,,,,,,,
cb860ae5c5ba4a4ea9b44dbb5a620343,2026-03-10T14:00:00Z/2026-03-10T15:00:00Z,112233445566,2026-03-01T00:00:00Z,2026-04-01T00:00:00Z,AWS,223344556677,Usage,2026-03-10T14:00:00Z,2026-03-10T15:00:00Z,AmazonEC2,USWE-BoxUsage:c5.large,RunInstances,us-west-2b,i-0f636c565184e4f4e,1.0,4.0,4.0,0.085,0.085,0.086906,0.08908,Hrs,0.085,0.085,Amazon Elastic Compute Cloud,c5.large,2,4 GiB,Linux,us-west-2,AmazonEC2,data-eng,prod,CC200,,,,,,,,,,,,,
50fbb367ece840668ad6a92b016c9e42,2026-03-11T00:00:00Z/2026-03-11T01:00:00Z,112233445566,2026-03-01T00:00:00Z,2026-04-01T00:00:00Z,AWS,223344556677,Usage,2026-03-11T00:00:00Z,2026-03-11T01:00:00Z,AmazonEC2,USWE-BoxUsage:c5.large,RunInstances,us-west-2b,i-0f636c565184e4f4e,1.0,4.0,4.0,0.085,0.085,0.087589,0.083859,Hrs,0.085,0.085,Amazon Elastic Compute Cloud,c5.large,2,4 GiB,Linux,us-west-2,AmazonEC2,data-eng,prod,CC200,,,,,,,,,,,,,
38e8ee1811354be7b7b04e79bb41f869,2026-03-11T10:00:00Z/2026-03-11T11:00:00Z,112233445566,2026-03-01T00:00:00Z,2026-04-01T00:00:00Z,AWS,223344556677,Usage,2026-03-11T10:00:00Z,2026-03-11T11:00:00Z,AmazonEC2,USWE-BoxUsage:c5.large,RunInstances,us-west-2b,i-0f636c565184e4f4e,1.0,4.0,4.0,0.085,0.085,0.080868,0.085311,Hrs,0.085,0.085,Amazon Elastic Compute Cloud,c5.large,2,4 GiB,Linux,us-west-2,AmazonEC2,data-eng,prod,CC200,,,,,,,,,,,,,
3b9465524e0d4006b45594b57476a037,2026-03-11T20:00:00Z/2026-03-11T21:00:00Z,112233445566,2026-03-01T00:00:00Z,2026-04-01T00:00:00Z,AWS,223344556677,Usage,2026-03-11T20:00:00Z,2026-03-11T21:00:00Z,AmazonEC2,USWE-BoxUsage:c5.large,RunInstances,us-west-2b,i-0f636c565184e4f4e,1.0,4.0,4.0,0.085,0.085,0.086469,0.086465,Hrs,0.085,0.085,Amazon Elastic Compute Cloud,c5.large,2,4 GiB,Linux,us-west-2,AmazonEC2,data-eng,prod,CC200,,,,,,,,,,,,,
7ceb734b36734456ab822c94373e8919,2026-03-12T06:00:00Z/2026-03-12T07:00:00Z,112233445566,2026-03-01T00:00:00Z,2026-04-01T00:00:00Z,AWS,223344556677,Usage,2026-03-12T06:00:00Z,2026-03-12T07:00:00Z,AmazonEC2,USWE-BoxUsage:c5.large,RunInstances,us-west-2b,i-0f636c565184e4f4e,1.0,4.0,4.0,0.085,0.085,0.087741,0.088742,Hrs,0.085,0.085,Amazon Elastic Compute Cloud,c5.large,2,4 GiB,Linux,us-west-2,AmazonEC2,data-eng,prod,CC200,,,,,,,,,,,,,
18fe5f8bcdef4cac9dde14f77806e7e9,2026-03-12T16:00:00Z/2026-03-12T17:00:00Z,112233445566,2026-03-01T00:00:00Z,2026-04-01T00:00:00Z,AWS,223344556677,Usage,2026-03-12T16:00:00Z,2026-03-12T17:00:00Z,AmazonEC2,USWE-BoxUsage:c5.large,RunInstances,us-west-2b,i-0f636c565184e4f4e,1.0,4.0,4.0,0.085,0.085,0.082737,0.080963,Hrs,0.085,0.085,Amazon Elastic Compute Cloud,c5.large,2,4 GiB,Linux,us-west-2,AmazonEC2,data-eng,prod,CC200,,,,,,,,,,,,,
74eb2ff5e4ed40a0ac5db6007399a882,2026-03-13T02:00:00Z/2026-03-13T03:00:00Z,112233445566,2026-03-01T00:00:00Z,2026-04-01T00:00:00Z,AWS,223344556677,Usage,2026-03-13T02:00:00Z,2026-03-13T03:00:00Z,AmazonEC2,USWE-BoxUsage:c5.large,RunInstances,us-west-2b,i-0f636c565184e4f4e,1.0,4.0,4.0,0.085,0.085,0.085522,0.08853,Hrs,0.085,0.085,Amazon Elastic Compute Cloud,c5.large,2,4 GiB,Linux,us-west-2,AmazonEC2,data-eng,prod,CC200,,,,,,,,,,,,,
a3989e6bd3284b8894696a728ac93736,2026-03-13T12:00:00Z/2026-03-13T13:00:00Z,112233445566,2026-03-01T00:00:00Z,2026-04-01T00:00:00Z,AWS,223344556677,Usage,2026-03-13T12:00:00Z,2026-03-13T13:00:00Z,AmazonEC2,USWE-BoxUsage:c5.large,RunInstances,us-west-2b,i-0f636c565184e4f4e,1.0,4.0,4.0,0.085,0.085,0.081287,0.087753,Hrs,0.085,0.085,Amazon Elastic Compute Cloud,c5.large,2,4 GiB,Linux,us-west-2,AmazonEC2,data-eng,prod,CC200,,,,,,,,,,,,,
1177656b9c68456b9b0a284879874d17,2026-03-13T22:00:00Z/2026-03-13T23:00:00Z,112233445566,2026-03-01T00:00:00Z,2026-04-01T00:00:00Z,AWS,223344556677,Usage,2026-03-13T22:00:00Z,2026-03-13T23:00:00Z,AmazonEC2,USWE-BoxUsage:c5.large,RunInstances,us-west-2b,i-0f636c565184e4f4e,1.0,4.0,4.0,0.085,0.085,0.083319,0.084221,Hrs,0.085,0.085,Amazon Elastic Compute Cloud,c5.large,2,4 GiB,Linux,us-west-2,AmazonEC2,data-eng,prod,CC200,,,,,,,,,,,,,
25e24ef57e1f4c408df43d93ce9db141,2026-03-14T08:00:00Z/2026-03-14T09:00:00Z,112233445566,2026-03-01T00:00:00Z,2026-04-01T00:00:00Z,AWS,223344556677,Usage,2026-03-14T08:00:00Z,2026-03-14T09:00:00Z,AmazonEC2,USWE-BoxUsage:c5.large,RunInstances,us-west-2b,i-0f636c565184e4f4e,1.0,4.0,4.0,0.085,0.085,0.088793,0.083337,Hrs,0.085,0.085,Amazon Elastic Compute Cloud,c5.large,2,4 GiB,Linux,us-west-2,AmazonEC2,data-eng,prod,CC200,,,,,,,,,,,,,
8115cb07aa9f4150b230932bfb06db1c,2026-03-14T18:00:00Z/2026-03-14T19:00:00Z,112233445566,2026-03-01T00:00:00Z,2026-04-01T00:00:00Z,AWS,223344556677,Usage,2026-03-14T18:00:00Z,2026-03-14T19:00:00Z,AmazonEC2,USWE-BoxUsage:c5.large,RunInstances,us-west-2b,i-0f636c565184e4f4e,1.0,4.0,4.0,0.085,0.085,0.081576,0.088292,Hrs,0.085,0.085,Amazon Elastic Compute Cloud,c5.large,2,4 GiB,Linux,us-west-2,AmazonEC2,data-eng,prod,CC200,,,,,,,,,,,,,
cf9c589016b24492ae6ebc65af4c66be,2026-03-15T04:00:00Z/2026-03-15T05:00:00Z,112233445566,2026-03-01T00:00:00Z,2026-04-01T00:00:00Z,AWS,223344556677,Usage,2026-03-15T04:00:00Z,2026-03-15T05:00:00Z,AmazonEC2,USWE-BoxUsage:c5.large,RunInstances,us-west-2b,i-0f636c565184e4f4e,1.0,4.0,4.0,0.085,0.085,0.084606,0.086449,Hrs,0.085,0.085,Amazon Elastic Compute Cloud,c5.large,2,4 GiB,Linux,us-west-2,AmazonEC2,data-eng,prod,CC200,,,,,,,,,,,,,
e94b2c64f7b14610af28b3865985959b,2026-03-15T14:00:00Z/2026-03-15T15:00:00Z,112233445566,2026-03-01T00:00:00Z,2026-04-01T00:00:00Z,AWS,223344556677,Usage,2026-03-15T14:00:00Z,2026-03-15T15:00:00Z,AmazonEC2,USWE-BoxUsage:c5.large,RunInstances,us-west-2b,i-0f636c565184e4f4e,1.0,4.0,4.0,0.085,0.085,0.088791,0.084313,Hrs,0.085,0.085,Amazon Elastic Compute Cloud,c5.large,2,4 GiB,Linux,us-west-2,AmazonEC2,data-eng,prod,CC200,,,,,,,,,,,,,
8268eb02d1f24551ac53547e4b426b2c,2026-03-16T00:00:00Z/2026-03-16T01:00:00Z,112233445566,2026-03-01T00:00:00Z,2026-04-01T00:00:00Z,AWS,223344556677,Usage,2026-03-16T00:00:00Z,2026-03-16T01:00:00Z,AmazonEC2,USWE-BoxUsage:c5.large,RunInstances,us-west-2b,i-0f636c565184e4f4e,1.0,4.0,4.0,0.085,0.085,0.082063,0.084277,Hrs,0.085,0.085,Amazon Elastic Compute Cloud,c5.large,2,4 GiB,Linux,us-west-2,AmazonEC2,data-eng,prod,CC200,,,,,,,,,,,,,
511e26528a5847949eaceba94a558de2,2026-03-16T10:00:00Z/2026-03-16T11:00:00Z,112233445566,2026-03-01T00:00:00Z,2026-04-01T00:00:00Z,AWS,223344556677,Usage,2026-03-16T10:00:00Z,2026-03-16T11:00:00Z,AmazonEC2,USWE-BoxUsage:c5.large,RunInstances,us-west-2b,i-0f636c565184e4f4e,1.0,4.0,4.0,0.085,0.085,0.084909,0.084219,Hrs,0.085,0.085,Amazon Elastic Compute Cloud,c5.large,2,4 GiB,Linux,us-west-2,AmazonEC2,data-eng,prod,CC200,,,,,,,,,,,,,
fa4a6384a88741a196fcad1da4fdbad4,2026-03-16T20:00:00Z/2026-03-16T21:00:00Z,112233445566,2026-03-01T00:00:00Z,2026-04-01T00:00:00Z,AWS,223344556677,Usage,2026-03-16T20:00:00Z,2026-03-16T21:00:00Z,AmazonEC2,USWE-BoxUsage:c5.large,RunInstances,us-west-2b,i-0f636c565184e4f4e,1.0,4.0,4.0,0.085,0.085,0.081028,0.0839,Hrs,0.085,0.085,Amazon Elastic Compute Cloud,c5.large,2,4 GiB,Linux,us-west-2,AmazonEC2,data-eng,prod,CC200,,,,,,,,,,,,,
dc7a6d01267a468f954b6d99c6dc3e7a,2026-03-17T06:00:00Z/2026-03-17T07:00:00Z,112233445566,2026-03-01T00:00:00Z,2026-04-01T00:00:00Z,AWS,223344556677,Usage,2026-03-17T06:00:00Z,2026-03-17T07:00:00Z,AmazonEC2,USWE-BoxUsage:c5.large,RunInstances,us-west-2b,i-0f636c565184e4f4e,1.0,4.0,4.0,0.085,0.085,0.08883,0.088021,Hrs,0.085,0.085,Amazon Elastic Compute Cloud,c5.large,2,4 GiB,Linux,us-west-2,AmazonEC2,data-eng,prod,CC200,,,,,,,,,,,,,
3ae993ff4ccf47b7ba73a0858b9996e3,2026-03-17T16:00:00Z/2026-03-17T17:00:00Z,112233445566,2026-03-01T00:00:00Z,2026-04-01T00:00:00Z,AWS,223344556677,Usage,2026-03-17T16:00:00Z,2026-03-17T17:00:00Z,AmazonEC2,USWE-BoxUsage:c5.large,RunInstances,us-west-2b,i-0f636c565184e4f4e,1.0,4.0,4.0,0.085,0.085,0.086578,0.085378,Hrs,0.085,0.085,Amazon Elastic Compute Cloud,c5.large,2,4 GiB,Linux,us-west-2,AmazonEC2,data-eng,prod,CC200,,,,,,,,,,,,,
99966b6692384983b934197ad53f93b9,2026-03-18T02:00:00Z/2026-03-18T03:00:00Z,112233445566,2026-03-01T00:00:00Z,2026-04-01T00:00:00Z,AWS,223344556677,Usage,2026-03-18T02:00:00Z,2026-03-18T03:00:00Z,AmazonEC2,USWE-BoxUsage:c5.large,RunInstances,us-west-2b,i-0f636c565184e4f4e,1.0,4.0,4.0,0.085,0.085,0.083799,0.084134,Hrs,0.085,0.085,Amazon Elastic Compute Cloud,c5.large,2,4 GiB,Linux,us-west-2,AmazonEC2,data-eng,prod,CC200,,,,,,,,,,,,,
90b72756b324404d8d2bbf9a89f799d9,2026-03-18T12:00:00Z/2026-03-18T13:00:00Z,112233445566,2026-03-01T00:00:00Z,2026-04-01T00:00:00Z,AWS,223344556677,Usage,2026-03-18T12:00:00Z,2026-03-18T13:00:00Z,AmazonEC2,USWE-BoxUsage:c5.large,RunInstances,us-west-2b,i-0f636c565184e4f4e,1.0,4.0,4.0,0.085,0.085,0.081788,0.087958,Hrs,0.085,0.085,Amazon Elastic Compute Cloud,c5.large,2,4 GiB,Linux,us-west-2,AmazonEC2,data-eng,prod,CC200,,,,,,,,,,,,,
edc0781bae7644b1ac9be4b74878b377,2026-03-18T22:00:00Z/2026-03-18T23:00:00Z,112233445566,2026-03-01T00:00:00Z,2026-04-01T00:00:00Z,AWS,223344556677,Usage,2026-03-18T22:00:00Z,2026-03-18T23:00:00Z,AmazonEC2,USWE-BoxUsage:c5.large,RunInstances,us-west-2b,i-0f636c565184e4f4e,1.0,4.0,4.0,0.085,0.085,0.086384,0.086204,Hrs,0.085,0.085,Amazon Elastic Compute Cloud,c5.large,2,4 GiB,Linux,us-west-2,AmazonEC2,data-eng,prod,CC200,,,,,,,,,,,,,
acecf8c423e742cfb0ca1bdbba6a192d,2026-03-19T08:00:00Z/2026-03-19T09:00:00Z,112233445566,2026-03-01T00:00:00Z,2026-04-01T00:00:00Z,AWS,223344556677,Usage,2026-03-19T08:00:00Z,2026-03-19T09:00:00Z,AmazonEC2,USWE-BoxUsage:c5.large,RunInstances,us-west-2b,i-0f636c565184e4f4e,1.0,4.0,4.0,0.085,0.085,0.080932,0.087438,Hrs,0.085,0.085,Amazon Elastic Compute Cloud,c5.large,2,4 GiB,Linux,us-west-2,AmazonEC2,data-eng,prod,CC200,,,,,,,,,,,,,
0e7aba0845934f34be704b187799b461,2026-03-19T18:00:00Z/2026-03-19T19:00:00Z,112233445566,2026-03-01T00:00:00Z,2026-04-01T00:00:00Z,AWS,223344556677,Usage,2026-03-19T18:00:00Z,2026-03-19T19:00:00Z,AmazonEC2,USWE-BoxUsage:c5.large,RunInstances,us-west-2b,i-0f636c565184e4f4e,1.0,4.0,4.0,0.085,0.085,0.08182,0.085549,Hrs,0.085,0.085,Amazon Elastic Compute Cloud,c5.large,2,4 GiB,Linux,us-west-2,AmazonEC2,data-eng,prod,CC200,,,,,,,,,,,,,
13e11eb6be8142ab9ec8ebe115234119,2026-03-20T04:00:00Z/2026-03-20T05:00:00Z,112233445566,2026-03-01T00:00:00Z,2026-04-01T00:00:00Z,AWS,223344556677,Usage,2026-03-20T04:00:00Z,2026-03-20T05:00:00Z,AmazonEC2,USWE-BoxUsage:c5.large,RunInstances,us-west-2b,i-0f636c565184e4f4e,1.0,4.0,4.0,0.085,0.085,0.087254,0.082511,Hrs,0.085,0.085,Amazon Elastic Compute Cloud,c5.large,2,4 GiB,Linux,us-west-2,AmazonEC2,data-eng,prod,CC200,,,,,,,,,,,,,
1ac60bedb2bb49588bf87ac675506774,2026-03-20T14:00:00Z/2026-03-20T15:00:00Z,112233445566,2026-03-01T00:00:00Z,2026-04-01T00:00:00Z,AWS,223344556677,Usage,2026-03-20T14:00:00Z,2026-03-20T15:00:00Z,AmazonEC2,USWE-BoxUsage:c5.large,RunInstances,us-west-2b,i-0f636c565184e4f4e,1.0,4.0,4.0,0.085,0.085,0.088142,0.083543,Hrs,0.085,0.085,Amazon Elastic Compute Cloud,c5.large,2,4 GiB,Linux,us-west-2,AmazonEC2,data-eng,prod,CC200,,,,,,,,,,,,,
d900a2910e8146e29a624a5f41c8b79b,2026-03-21T00:00:00Z/2026-03-21T01:00:00Z,112233445566,2026-03-01T00:00:00Z,2026-04-01T00:00:00Z,AWS,223344556677,Usage,2026-03-21T00:00:00Z,2026-03-21T01:00:00Z,AmazonEC2,USWE-BoxUsage:c5.large,RunInstances,us-west-2b,i-0f636c565184e4f4e,1.0,4.0,4.0,0.085,0.085,0.088405,0.080774,Hrs,0.085,0.085,Amazon Elastic Compute Cloud,c5.large,2,4 GiB,Linux,us-west-2,AmazonEC2,data-eng,prod,CC200,,,,,,,,,,,,,
e215db7ed2434899b28975e686f75c2c,2026-03-21T10:00:00Z/2026-03-21T11:00:00Z,112233445566,2026-03-01T00:00:00Z,2026-04-01T00:00:00Z,AWS,223344556677,Usage,2026-03-21T10:00:00Z,2026-03-21T11:00:00Z,AmazonEC2,USWE-BoxUsage:c5.large,RunInstances,us-west-2b,i-0f636c565184e4f4e,1.0,4.0,4.0,0.085,0.085,0.08198,0.081855,Hrs,0.085,0.085,Amazon Elastic Compute Cloud,c5.large,2,4 GiB,Linux,us-west-2,AmazonEC2,data-eng,prod,CC200,,,,,,,,,,,,,
636acb99f6624e27acb251ec6699ff0f,2026-03-21T20:00:00Z/2026-03-21T21:00:00Z,112233445566,2026-03-01T00:00:00Z,2026-04-01T00:00:00Z,AWS,223344556677,Usage,2026-03-21T20:00:00Z,2026-03-21T21:00:00Z,AmazonEC2,USWE-BoxUsage:c5.large,RunInstances,us-west-2b,i-0f636c565184e4f4e,1.0,4.0,4.0,0.085,0.085,0.082233,0.086369,Hrs,0.085,0.085,Amazon Elastic Compute Cloud,c5.large,2,4 GiB,Linux,us-west-2,AmazonEC2,data-eng,prod,CC200,,,,,,,,,,,,,
dd5d5290a7ca4bde8a13ddafe27a7148,2026-03-22T06:00:00Z/2026-03-22T07:00:00Z,112233445566,2026-03-01T00:00:00Z,2026-04-01T00:00:00Z,AWS,223344556677,Usage,2026-03-22T06:00:00Z,2026-03-22T07:00:00Z,AmazonEC2,USWE-BoxUsage:c5.large,RunInstances,us-west-2b,i-0f636c565184e4f4e,1.0,4.0,4.0,0.085,0.085,0.080876,0.087465,Hrs,0.085,0.085,Amazon Elastic Compute Cloud,c5.large,2,4 GiB,Linux,us-west-2,AmazonEC2,data-eng,prod,CC200,,,,,,,,,,,,,
bbf5ba94cc694bffbfb03e970b0c927e,2026-03-22T16:00:00Z/2026-03-22T17:00:00Z,112233445566,2026-03-01T00:00:00Z,2026-04-01T00:00:00Z,AWS,223344556677,Usage,2026-03-22T16:00:00Z,2026-03-22T17:00:00Z,AmazonEC2,USWE-BoxUsage:c5.large,RunInstances,us-west-2b,i-0f636c565184e4f4e,1.0,4.0,4.0,0.085,0.085,0.083502,0.082231,Hrs,0.085,0.085,Amazon Elastic Compute Cloud,c5.large,2,4 GiB,Linux,us-west-2,AmazonEC2,data-eng,prod,CC200,,,,,,,,,,,,,
6e66efd42d624663af6ff9fe082a7f41,2026-03-23T02:00:00Z/2026-03-23T03:00:00Z,112233445566,2026-03-01T00:00:00Z,2026-04-01T00:00:00Z,AWS,223344556677,Usage,2026-03-23T02:00:00Z,2026-03-23T03:00:00Z,AmazonEC2,USWE-BoxUsage:c5.large,RunInstances,us-west-2b,i-0f636c565184e4f4e,1.0,4.0,4.0,0.085,0.085,0.087055,0.085222,Hrs,0.085,0.085,Amazon Elastic Compute Cloud,c5.large,2,4 GiB,Linux,us-west-2,AmazonEC2,data-eng,prod,CC200,,,,,,,,,,,,,
bce791fae03e42d8bc0661b88b68cd11,2026-03-23T12:00:00Z/2026-03-23T13:00:00Z,112233445566,2026-03-01T00:00:00Z,2026-04-01T00:00:00Z,AWS,223344556677,Usage,2026-03-23T12:00:00Z,2026-03-23T13:00:00Z,AmazonEC2,USWE-BoxUsage:c5.large,RunInstances,us-west-2b,i-0f636c565184e4f4e,1.0,4.0,4.0,0.085,0.085,0.084798,0.087363,Hrs,0.085,0.085,Amazon Elastic Compute Cloud,c5.large,2,4 GiB,Linux,us-west-2,AmazonEC2,data-eng,prod,CC200,,,,,,,,,,,,,
fab6a319f3384f27842acbbce65057a5,2026-03-23T22:00:00Z/2026-03-23T23:00:00Z,112233445566,2026-03-01T00:00:00Z,2026-04-01T00:00:00Z,AWS,223344556677,Usage,2026-03-23T22:00:00Z,2026-03-23T23:00:00Z,AmazonEC2,USWE-BoxUsage:c5.large,RunInstances,us-west-2b,i-0f636c565184e4f4e,1.0,4.0,4.0,0.085,0.085,0.081677,0.085033,Hrs,0.085,0.085,Amazon Elastic Compute Cloud,c5.large,2,4 GiB,Linux,us-west-2,AmazonEC2,data-eng,prod,CC200,,,,,,,,,,,,,
599fe13714c74074bb0efadeb3f7f19a,2026-03-24T08:00:00Z/2026-03-24T09:00:00Z,112233445566,2026-03-01T00:00:00Z,2026-04-01T00:00:00Z,AWS,223344556677,Usage,2026-03-24T08:00:00Z,2026-03-24T09:00:00Z,AmazonEC2,USWE-BoxUsage:c5.large,RunInstances,us-west-2b,i-0f636c565184e4f4e,1.0,4.0,4.0,0.085,0.085,0.081119,0.087407,Hrs,0.085,0.085,Amazon Elastic Compute Cloud,c5.large,2,4 GiB,Linux,us-west-2,AmazonEC2,data-eng,prod,CC200,,,,,,,,,,,,,
5486291e927b46639ae6591eb516f359,2026-03-24T18:00:00Z/2026-03-24T19:00:00Z,112233445566,2026-03-01T00:00:00Z,2026-04-01T00:00:00Z,AWS,223344556677,Usage,2026-03-24T18:00:00Z,2026-03-24T19:00:00Z,AmazonEC2,USWE-BoxUsage:c5.large,RunInstances,us-west-2b,i-0f636c565184e4f4e,1.0,4.0,4.0,0.085,0.085,0.085182,0.084643,Hrs,0.085,0.085,Amazon Elastic Compute Cloud,c5.large,2,4 GiB,Linux,us-west-2,AmazonEC2,data-eng,prod,CC200,,,,,,,,,,,,,
6bb04097ddc44cc18b35147f50ece891,2026-03-25T04:00:00Z/2026-03-25T05:00:00Z,112233445566,2026-03-01T00:00:00Z,2026-04-01T00:00:00Z,AWS,223344556677,Usage,2026-03-25T04:00:00Z,2026-03-25T05:00:00Z,AmazonEC2,USWE-BoxUsage:c5.large,RunInstances,us-west-2b,i-0f636c565184e4f4e,1.0,4.0,4.0,0.085,0.085,0.081267,0.084821,Hrs,0.085,0.085,Amazon Elastic Compute Cloud,c5.large,2,4 GiB,Linux,us-west-2,AmazonEC2,data-eng,prod,CC200,,,,,,,,,,,,,
977bd04377c447c3beba74ecec568087,2026-03-25T14:00:00Z/2026-03-25T15:00:00Z,112233445566,2026-03-01T00:00:00Z,2026-04-01T00:00:00Z,AWS,223344556677,Usage,2026-03-25T14:00:00Z,2026-03-25T15:00:00Z,AmazonEC2,USWE-BoxUsage:c5.large,RunInstances,us-west-2b,i-0f636c565184e4f4e,1.0,4.0,4.0,0.085,0.085,0.086582,0.084917,Hrs,0.085,0.085,Amazon Elastic Compute Cloud,c5.large,2,4 GiB,Linux,us-west-2,AmazonEC2,data-eng,prod,CC200,,,,,,,,,,,,,
174c2eaf707a4587bce0b91e6ad34758,2026-03-26T00:00:00Z/2026-03-26T01:00:00Z,112233445566,2026-03-01T00:00:00Z,2026-04-01T00:00:00Z,AWS,223344556677,Usage,2026-03-26T00:00:00Z,2026-03-26T01:00:00Z,AmazonEC2,USWE-BoxUsage:c5.large,RunInstances,us-west-2b,i-0f636c565184e4f4e,1.0,4.0,4.0,0.085,0.085,0.081375,0.081437,Hrs,0.085,0.085,Amazon Elastic Compute Cloud,c5.large,2,4 GiB,Linux,us-west-2,AmazonEC2,data-eng,prod,CC200,,,,,,,,,,,,,
2c0a9b6f93e04550ac325b6acacff33c,2026-03-26T10:00:00Z/2026-03-26T11:00:00Z,112233445566,2026-03-01T00:00:00Z,2026-04-01T00:00:00Z,AWS,223344556677,Usage,2026-03-26T10:00:00Z,2026-03-26T11:00:00Z,AmazonEC2,USWE-BoxUsage:c5.large,RunInstances,us-west-2b,i-0f636c565184e4f4e,1.0,4.0,4.0,0.085,0.085,0.081308,0.083088,Hrs,0.085,0.085,Amazon Elastic Compute Cloud,c5.large,2,4 GiB,Linux,us-west-2,AmazonEC2,data-eng,prod,CC200,,,,,,,,,,,,,
37e085c6814b4c00b11eb90c376a5a7b,2026-03-26T20:00:00Z/2026-03-26T21:00:00Z,112233445566,2026-03-01T00:00:00Z,2026-04-01T00:00:00Z,AWS,223344556677,Usage,2026-03-26T20:00:00Z,2026-03-26T21:00:00Z,AmazonEC2,USWE-BoxUsage:c5.large,RunInstances,us-west-2b,i-0f636c565184e4f4e,1.0,4.0,4.0,0.085,0.085,0.085411,0.083514,Hrs,0.085,0.085,Amazon Elastic Compute Cloud,c5.large,2,4 GiB,Linux,us-west-2,AmazonEC2,data-eng,prod,CC200,,,,,,,,,,,,,
320f6add388a47d2befd36fdd71f75fd,2026-03-27T06:00:00Z/2026-03-27T07:00:00Z,112233445566,2026-03-01T00:00:00Z,2026-04-01T00:00:00Z,AWS,223344556677,Usage,2026-03-27T06:00:00Z,2026-03-27T07:00:00Z,AmazonEC2,USWE-BoxUsage:c5.large,RunInstances,us-west-2b,i-0f636c565184e4f4e,1.0,4.0,4.0,0.085,0.085,0.08526,0.084607,Hrs,0.085,0.085,Amazon Elastic Compute Cloud,c5.large,2,4 GiB,Linux,us-west-2,AmazonEC2,data-eng,prod,CC200,,,,,,,,,,,,,
5115bda4327b4dcb9c0c84a38a73e2b0,2026-03-27T16:00:00Z/2026-03-27T17:00:00Z,112233445566,2026-03-01T00:00:00Z,2026-04-01T00:00:00Z,AWS,223344556677,Usage,2026-03-27T16:00:00Z,2026-03-27T17:00:00Z,AmazonEC2,USWE-BoxUsage:c5.large,RunInstances,us-west-2b,i-0f636c565184e4f4e,1.0,4.0,4.0,0.085,0.085,0.081593,0.086715,Hrs,0.085,0.085,Amazon Elastic Compute Cloud,c5.large,2,4 GiB,Linux,us-west-2,AmazonEC2,data-eng,prod,CC200,,,,,,,,,,,,,
1e172682cc2945babf576fce33cdaf8d,2026-03-28T02:00:00Z/2026-03-28T03:00:00Z,112233445566,2026-03-01T00:00:00Z,2026-04-01T00:00:00Z,AWS,223344556677,Usage,2026-03-28T02:00:00Z,2026-03-28T03:00:00Z,AmazonEC2,USWE-BoxUsage:c5.large,RunInstances,us-west-2b,i-0f636c565184e4f4e,1.0,4.0,4.0,0.085,0.085,0.086283,0.087286,Hrs,0.085,0.085,Amazon Elastic Compute Cloud,c5.large,2,4 GiB,Linux,us-west-2,AmazonEC2,data-eng,prod,CC200,,,,,,,,,,,,,
7e9eaaec66ed4b17a8e51e1e6505d0d2,2026-03-28T12:00:00Z/2026-03-28T13:00:00Z,112233445566,2026-03-01T00:00:00Z,2026-04-01T00:00:00Z,AWS,223344556677,Usage,2026-03-28T12:00:00Z,2026-03-28T13:00:00Z,AmazonEC2,USWE-BoxUsage:c5.large,RunInstances,us-west-2b,i-0f636c565184e4f4e,1.0,4.0,4.0,0.085,0.085,0.082578,0.084588,Hrs,0.085,0.085,Amazon Elastic Compute Cloud,c5.large,2,4 GiB,Linux,us-west-2,AmazonEC2,data-eng,prod,CC200,,,,,,,,,,,,,
ce70e62e86e1400d98582422f8196cbd,2026-03-28T22:00:00Z/2026-03-28T23:00:00Z,112233445566,2026-03-01T00:00:00Z,2026-04-01T00:00:00Z,AWS,223344556677,Usage,2026-03-28T22:00:00Z,2026-03-28T23:00:00Z,AmazonEC2,USWE-BoxUsage:c5.large,RunInstances,us-west-2b,i-0f636c565184e4f4e,1.0,4.0,4.0,0.085,0.085,0.083631,0.084605,Hrs,0.085,0.085,Amazon Elastic Compute Cloud,c5.large,2,4 GiB,Linux,us-west-2,AmazonEC2,data-eng,prod,CC200,,,,,,,,,,,,,
831f160b1caf401e84a2cd7b1820a5f7,2026-03-29T08:00:00Z/2026-03-29T09:00:00Z,112233445566,2026-03-01T00:00:00Z,2026-04-01T00:00:00Z,AWS,223344556677,Usage,2026-03-29T08:00:00Z,2026-03-29T09:00:00Z,AmazonEC2,USWE-BoxUsage:c5.large,RunInstances,us-west-2b,i-0f636c565184e4f4e,1.0,4.0,4.0,0.085,0.085,0.081558,0.084377,Hrs,0.085,0.085,Amazon Elastic Compute Cloud,c5.large,2,4 GiB,Linux,us-west-2,AmazonEC2,data-eng,prod,CC200,,,,,,,,,,,,,
e1d598f618fd413fad718576420ce651,2026-03-29T18:00:00Z/2026-03-29T19:00:00Z,112233445566,2026-03-01T00:00:00Z,2026-04-01T00:00:00Z,AWS,223344556677,Usage,2026-03-29T18:00:00Z,2026-03-29T19:00:00Z,AmazonEC2,USWE-BoxUsage:c5.large,RunInstances,us-west-2b,i-0f636c565184e4f4e,1.0,4.0,4.0,0.085,0.085,0.083932,0.082047,Hrs,0.085,0.085,Amazon Elastic Compute Cloud,c5.large,2,4 GiB,Linux,us-west-2,AmazonEC2,data-eng,prod,CC200,,,,,,,,,,,,,
cef5506681d1449e938cbbfb75e5141a,2026-03-30T04:00:00Z/2026-03-30T05:00:00Z,112233445566,2026-03-01T00:00:00Z,2026-04-01T00:00:00Z,AWS,223344556677,Usage,2026-03-30T04:00:00Z,2026-03-30T05:00:00Z,AmazonEC2,USWE-BoxUsage:c5.large,RunInstances,us-west-2b,i-0f636c565184e4f4e,1.0,4.0,4.0,0.085,0.085,0.081321,0.08782,Hrs,0.085,0.085,Amazon Elastic Compute Cloud,c5.large,2,4 GiB,Linux,us-west-2,AmazonEC2,data-eng,prod,CC200,,,,,,,,,,,,,
ce1051a7b233402cafededb8b94d29ea,2026-03-30T14:00:00Z/2026-03-30T15:00:00Z,112233445566,2026-03-01T00:00:00Z,2026-04-01T00:00:00Z,AWS,223344556677,Usage,2026-03-30T14:00:00Z,2026-03-30T15:00:00Z,AmazonEC2,USWE-BoxUsage:c5.large,RunInstances,us-west-2b,i-0f636c565184e4f4e,1.0,4.0,4.0,0.085,0.085,0.081571,0.08703,Hrs,0.085,0.085,Amazon Elastic Compute Cloud,c5.large,2,4 GiB,Linux,us-west-2,AmazonEC2,data-eng,prod,CC200,,,,,,,,,,,,,
f98645c665114b718b2605af329661b4,2026-03-01T00:00:00Z/2026-03-01T01:00:00Z,112233445566,2026-03-01T00:00:00Z,2026-04-01T00:00:00Z,AWS,223344556677,DiscountedUsage,2026-03-01T00:00:00Z,2026-03-01T01:00:00Z,AmazonEC2,USWE-BoxUsage:c5.xlarge,RunInstances,us-west-2a,i-04f969cf127c14988,1.0,8.0,8.0,0.0,0.0,0.107687,0.107687,Hrs,0.17,0.17,Amazon Elastic Compute Cloud,c5.xlarge,4,8 GiB,Linux,us-west-2,AmazonEC2,,,,arn:aws:ec2:us-west-2:223344556677:reserved-instances/a726f9a9-8310-4a91-a4fa-47f7f0a0ce8d,0.107687,0.091534,0.016153,,,,,,,,,
1d9bc6d1f0e14025a920c7b8f12890e3,2026-03-01T10:00:00Z/2026-03-01T11:00:00Z,112233445566,2026-03-01T00:00:00Z,2026-04-01T00:00:00Z,AWS,223344556677,DiscountedUsage,2026-03-01T10:00:00Z,2026-03-01T11:00:00Z,AmazonEC2,USWE-BoxUsage:c5.xlarge,RunInstances,us-west-2a,i-04f969cf127c14988,1.0,8.0,8.0,0.0,0.0,0.10782,0.10782,Hrs,0.17,0.17,Amazon Elastic Compute Cloud,c5.xlarge,4,8 GiB,Linux,us-west-2,AmazonEC2,,,,arn:aws:ec2:us-west-2:223344556677:reserved-instances/a726f9a9-8310-4a91-a4fa-47f7f0a0ce8d,0.10782,0.091647,0.016173,,,,,,,,,
812b057808b24a7d8a0c887d849d45e9,2026-03-01T20:00:00Z/2026-03-01T21:00:00Z,112233445566,2026-03-01T00:00:00Z,2026-04-01T00:00:00Z,AWS,223344556677,DiscountedUsage,2026-03-01T20:00:00Z,2026-03-01T21:00:00Z,AmazonEC2,USWE-BoxUsage:c5.xlarge,RunInstances,us-west-2a,i-04f969cf127c14988,1.0,8.0,8.0,0.0,0.0,0.096617,0.096617,Hrs,0.17,0.17,Amazon Elastic Compute Cloud,c5.xlarge,4,8 GiB,Linux,us-west-2,AmazonEC2,,,,arn:aws:ec2:us-west-2:223344556677:reserved-instances/a726f9a9-8310-4a91-a4fa-47f7f0a0ce8d,0.096617,0.082124,0.014493,,,,,,,,,
ad24f6ebdcb94f5b8d1ebaac81e5b656,2026-03-02T06:00:00Z/2026-03-02T07:00:00Z,112233445566,2026-03-01T00:00:00Z,2026-04-01T00:00:00Z,AWS,223344556677,DiscountedUsage,2026-03-02T06:00:00Z,2026-03-02T07:00:00Z,AmazonEC2,USWE-BoxUsage:c5.xlarge,RunInstances,us-west-2a,i-04f969cf127c14988,1.0,8.0,8.0,0.0,0.0,0.110466,0.110466,Hrs,0.17,0.17,Amazon Elastic Compute Cloud,c5.xlarge,4,8 GiB,Linux,us-west-2,AmazonEC2,,,,arn:aws:ec2:us-west-2:223344556677:reserved-instances/a726f9a9-8310-4a91-a4fa-47f7f0a0ce8d,0.110466,0.093896,0.01657,,,,,,,,,
1176e0de74654ed4b333951f9040c82b,2026-03-02T16:00:00Z/2026-03-02T17:00:00Z,112233445566,2026-03-01T00:00:00Z,2026-04-01T00:00:00Z,AWS,223344556677,DiscountedUsage,2026-03-02T16:00:00Z,2026-03-02T17:00:00Z,AmazonEC2,USWE-BoxUsage:c5.xlarge,RunInstances,us-west-2a,i-04f969cf127c14988,1.0,8.0,8.0,0.0,0.0,0.115636,0.115636,Hrs,0.17,0.17,Amazon Elastic Compute Cloud,c5.xlarge,4,8 GiB,Linux,us-west-2,AmazonEC2,,,,arn:aws:ec2:us-west-2:223344556677:reserved-instances/a726f9a9-8310-4a91-a4fa-47f7f0a0ce8d,0.115636,0.098291,0.017345,,,,,,,,,
aca666d0f33d49e090474f002dfa9c18,2026-03-03T02:00:00Z/2026-03-03T03:00:00Z,112233445566,2026-03-01T00:00:00Z,2026-04-01T00:00:00Z,AWS,223344556677,DiscountedUsage,2026-03-03T02:00:00Z,2026-03-03T03:00:00Z,AmazonEC2,USWE-BoxUsage:c5.xlarge,RunInstances,us-west-2a,i-04f969cf127c14988,1.0,8.0,8.0,0.0,0.0,0.118194,0.118194,Hrs,0.17,0.17,Amazon Elastic Compute Cloud,c5.xlarge,4,8 GiB,Linux,us-west-2,AmazonEC2,,,,arn:aws:ec2:us-west-2:223344556677:reserved-instances/a726f9a9-8310-4a91-a4fa-47f7f0a0ce8d,0.118194,0.100465,0.017729,,,,,,,,,
26b84664ae5445baab44c3f9917d7fd7,2026-03-03T12:00:00Z/2026-03-03T13:00:00Z,112233445566,2026-03-01T00:00:00Z,2026-04-01T00:00:00Z,AWS,223344556677,DiscountedUsage,2026-03-03T12:00:00Z,2026-03-03T13:00:00Z,AmazonEC2,USWE-BoxUsage:c5.xlarge,RunInstances,us-west-2a,i-04f969cf127c14988,1.0,8.0,8.0,0.0,0.0,0.102467,0.102467,Hrs,0.17,0.17,Amazon Elastic Compute Cloud,c5.xlarge,4,8 GiB,Linux,us-west-2,AmazonEC2,,,,arn:aws:ec2:us-west-2:223344556677:reserved-instances/a726f9a9-8310-4a91-a4fa-47f7f0a0ce8d,0.102467,0.087097,0.01537,,,,,,,,,
73f6588855784c4c8fba9082b71a01eb,2026-03-03T22:00:00Z/2026-03-03T23:00:00Z,112233445566,2026-03-01T00:00:00Z,2026-04-01T00:00:00Z,AWS,223344556677,DiscountedUsage,2026-03-03T22:00:00Z,2026-03-03T23:00:00Z,AmazonEC2,USWE-BoxUsage:c5.xlarge,RunInstances,us-west-2a,i-04f969cf127c14988,1.0,8.0,8.0,0.0,0.0,0.098925,0.098925,Hrs,0.17,0.17,Amazon Elastic Compute Cloud,c5.xlarge,4,8 GiB,Linux,us-west-2,AmazonEC2,,,,arn:aws:ec2:us-west-2:223344556677:reserved-instances/a726f9a9-8310-4a91-a4fa-47f7f0a0ce8d,0.098925,0.084086,0.014839,,,,,,,,,
880cd6de39b14ff8bacdf1cdffcd6730,2026-03-04T08:00:00Z/2026-03-04T09:00:00Z,112233445566,2026-03-01T00:00:00Z,2026-04-01T00:00:00Z,AWS,223344556677,DiscountedUsage,2026-03-04T08:00:00Z,2026-03-04T09:00:00Z,AmazonEC2,USWE-BoxUsage:c5.xlarge,RunInstances,us-west-2a,i-04f969cf127c14988,1.0,8.0,8.0,0.0,0.0,0.099218,0.099218,Hrs,0.17,0.17,Amazon Elastic Compute Cloud,c5.xlarge,4,8 GiB,Linux,us-west-2,AmazonEC2,,,,arn:aws:ec2:us-west-2:223344556677:reserved-instances/a726f9a9-8310-4a91-a4fa-47f7f0a0ce8d,0.099218,0.084335,0.014883,,,,,,,,,
922d976131c54e10a1b2c7f4ae7a3ae3,2026-03-04T18:00:00Z/2026-03-04T19:00:00Z,112233445566,2026-03-01T00:00:00Z,2026-04-01T00:00:00Z,AWS,223344556677,DiscountedUsage,2026-03-04T18:00:00Z,2026-03-04T19:00:00Z,AmazonEC2,USWE-BoxUsage:c5.xlarge,RunInstances,us-west-2a,i-04f969cf127c14988,1.0,8.0,8.0,0.0,0.0,0.115057,0.115057,Hrs,0.17,0.17,Amazon Elastic Compute Cloud,c5.xlarge,4,8 GiB,Linux,us-west-2,AmazonEC2,,,,arn:aws:ec2:us-west-2:223344556677:reserved-instances/a726f9a9-8310-4a91-a4fa-47f7f0a0ce8d,0.115057,0.097798,0.017259,,,,,,,,,
20546f19416d435593726446ff76ac6e,2026-03-05T04:00:00Z/2026-03-05T05:00:00Z,112233445566,2026-03-01T00:00:00Z,2026-04-01T00:00:00Z,AWS,223344556677,DiscountedUsage,2026-03-05T04:00:00Z,2026-03-05T05:00:00Z,AmazonEC2,USWE-BoxUsage:c5.xlarge,RunInstances,us-west-2a,i-04f969cf127c14988,1.0,8.0,8.0,0.0,0.0,0.112946,0.112946,Hrs,0.17,0.17,Amazon Elastic Compute Cloud,c5.xlarge,4,8 GiB,Linux,us-west-2,AmazonEC2,,,,arn:aws:ec2:us-west-2:223344556677:reserved-instances/a726f9a9-8310-4a91-a4fa-47f7f0a0ce8d,0.112946,0.096004,0.016942,,,,,,,,,
391b45ecdac342e18672d71abc07cb2f,2026-03-05T14:00:00Z/2026-03-05T15:00:00Z,112233445566,2026-03-01T00:00:00Z,2026-04-01T00:00:00Z,AWS,223344556677,DiscountedUsage,2026-03-05T14:00:00Z,2026-03-05T15:00:00Z,AmazonEC2,USWE-BoxUsage:c5.xlarge,RunInstances,us-west-2a,i-04f969cf127c14988,1.0,8.0,8.0,0.0,0.0,0.114084,0.114084,Hrs,0.17,0.17,Amazon Elastic Compute Cloud,c5.xlarge,4,8 GiB,Linux,us-west-2,AmazonEC2,,,,arn:aws:ec2:us-west-2:223344556677:reserved-instances/a726f9a9-8310-4a91-a4fa-47f7f0a0ce8d,0.114084,0.096971,0.017113,,,,,,,,,
a4d1dc7b3dcd4e4ab17264683d02ed48,2026-03-06T00:00:00Z/2026-03-06T01:00:00Z,112233445566,2026-03-01T00:00:00Z,2026-04-01T00:00:00Z,AWS,223344556677,DiscountedUsage,2026-03-06T00:00:00Z,2026-03-06T01:00:00Z,AmazonEC2,USWE-BoxUsage:c5.xlarge,RunInstances,us-west-2a,i-04f969cf127c14988,1.0,8.0,8.0,0.0,0.0,0.118351,0.118351,Hrs,0.17,0.17,Amazon Elastic Compute Cloud,c5.xlarge,4,8 GiB,Linux,us-west-2,AmazonEC2,,,,arn:aws:ec2:us-west-2:223344556677:reserved-instances/a726f9a9-8310-4a91-a4fa-47f7f0a0ce8d,0.118351,0.100598,0.017753,,,,,,,,,
6205b457292940e295421b1fb52be307,2026-03-06T10:00:00Z/2026-03-06T11:00:00Z,112233445566,2026-03-01T00:00:00Z,2026-04-01T00:00:00Z,AWS,223344556677,DiscountedUsage,2026-03-06T10:00:00Z,2026-03-06T11:00:00Z,AmazonEC2,USWE-BoxUsage:c5.xlarge,RunInstances,us-west-2a,i-04f969cf127c14988,1.0,8.0,8.0,0.0,0.0,0.109146,0.109146,Hrs,0.17,0.17,Amazon Elastic Compute Cloud,c5.xlarge,4,8 GiB,Linux,us-west-2,AmazonEC2,,,,arn:aws:ec2:us-west-2:223344556677:reserved-instances/a726f9a9-8310-4a91-a4fa-47f7f0a0ce8d,0.109146,0.092774,0.016372,,,,,,,,,
486ad973a3be4b0eb31a84d0cf4ba83d,2026-03-06T20:00:00Z/2026-03-06T21:00:00Z,112233445566,2026-03-01T00:00:00Z,2026-04-01T00:00:00Z,AWS,223344556677,DiscountedUsage,2026-03-06T20:00:00Z,2026-03-06T21:00:00Z,AmazonEC2,USWE-BoxUsage:c5.xlarge,RunInstances,us-west-2a,i-04f969cf127c14988,1.0,8.0,8.0,0.0,0.0,0.094169,0.094169,Hrs,0.17,0.17,Amazon Elastic Compute Cloud,c5.xlarge,4,8 GiB,Linux,us-west-2,AmazonEC2,,,,arn:aws:ec2:us-west-2:223344556677:reserved-instances/a726f9a9-8310-4a91-a4fa-47f7f0a0ce8d,0.094169,0.080044,0.014125,,,,,,,,,
f0c7a26ae9d647a1ae63e11900585050,2026-03-07T06:00:00Z/2026-03-07T07:00:00Z,112233445566,2026-03-01T00:00:00Z,2026-04-01T00:00:00Z,AWS,223344556677,DiscountedUsage,2026-03-07T06:00:00Z,2026-03-07T07:00:00Z,AmazonEC2,USWE-BoxUsage:c5.xlarge,RunInstances,us-west-2a,i-04f969cf127c14988,1.0,8.0,8.0,0.0,0.0,0.114651,0.114651,Hrs,0.17,0.17,Amazon Elastic Compute Cloud,c5.xlarge,4,8 GiB,Linux,us-west-2,AmazonEC2,,,,arn:aws:ec2:us-west-2:223344556677:reserved-instances/a726f9a9-8310-4a91-a4fa-47f7f0a0ce8d,0.114651,0.097453,0.017198,,,,,,,,,
9dfd35ce7fce431db63a4fb2931867ae,2026-03-07T16:00:00Z/2026-03-07T17:00:00Z,112233445566,2026-03-01T00:00:00Z,2026-04-01T00:00:00Z,AWS,223344556677,DiscountedUsage,2026-03-07T16:00:00Z,2026-03-07T17:00:00Z,AmazonEC2,USWE-BoxUsage:c5.xlarge,RunInstances,us-west-2a,i-04f969cf127c14988,1.0,8.0,8.0,0.0,0.0,0.098101,0.098101,Hrs,0.17,0.17,Amazon Elastic Compute Cloud,c5.xlarge,4,8 GiB,Linux,us-west-2,AmazonEC2,,,,arn:aws:ec2:us-west-2:223344556677:reserved-instances/a726f9a9-8310-4a91-a4fa-47f7f0a0ce8d,0.098101,0.083386,0.014715,,,,,,,,,
1c90dc485e08485296dd79695111eaa0,2026-03-08T02:00:00Z/2026-03-08T03:00:00Z,112233445566,2026-03-01T00:00:00Z,2026-04-01T00:00:00Z,AWS,223344556677,DiscountedUsage,2026-03-08T02:00:00Z,2026-03-08T03:00:00Z,AmazonEC2,USWE-BoxUsage:c5.xlarge,RunInstances,us-west-2a,i-04f969cf127c14988,1.0,8.0,8.0,0.0,0.0,0.101379,0.101379,Hrs,0.17,0.17,Amazon Elastic Compute Cloud,c5.xlarge,4,8 GiB,Linux,us-west-2,AmazonEC2,,,,arn:aws:ec2:us-west-2:223344556677:reserved-instances/a726f9a9-8310-4a91-a4fa-47f7f0a0ce8d,0.101379,0.086172,0.015207,,,,,,,,,
d9f017193c774a708a1a7f049e20f44a,2026-03-08T12:00:00Z/2026-03-08T13:00:00Z,112233445566,2026-03-01T00:00:00Z,2026-04-01T00:00:00Z,AWS,223344556677,DiscountedUsage,2026-03-08T12:00:00Z,2026-03-08T13:00:00Z,AmazonEC2,USWE-BoxUsage:c5.xlarge,RunInstances,us-west-2a,i-04f969cf127c14988,1.0,8.0,8.0,0.0,0.0,0.093656,0.093656,Hrs,0.17,0.17,Amazon Elastic Compute Cloud,c5.xlarge,4,8 GiB,Linux,us-west-2,AmazonEC2,,,,arn:aws:ec2:us-west-2:223344556677:reserved-instances/a726f9a9-8310-4a91-a4fa-47f7f0a0ce8d,0.093656,0.079608,0.014048,,,,,,,,,
8f9bd6dfadaa4cc1b7ab1ba8b7a5db84,2026-03-08T22:00:00Z/2026-03-08T23:00:00Z,112233445566,2026-03-01T00:00:00Z,2026-04-01T00:00:00Z,AWS,223344556677,DiscountedUsage,2026-03-08T22:00:00Z,2026-03-08T23:00:00Z,AmazonEC2,USWE-BoxUsage:c5.xlarge,RunInstances,us-west-2a,i-04f969cf127c14988,1.0,8.0,8.0,0.0,0.0,0.107941,0.107941,Hrs,0.17,0.17,Amazon Elastic Compute Cloud,c5.xlarge,4,8 GiB,Linux,us-west-2,AmazonEC2,,,,arn:aws:ec2:us-west-2:223344556677:reserved-instances/a726f9a9-8310-4a91-a4fa-47f7f0a0ce8d,0.107941,0.09175,0.016191,,,,,,,,,
01fd572bc8724bcb9e5738753f69a869,2026-03-09T08:00:00Z/2026-03-09T09:00:00Z,112233445566,2026-03-01T00:00:00Z,2026-04-01T00:00:00Z,AWS,223344556677,DiscountedUsage,2026-03-09T08:00:00Z,2026-03-09T09:00:00Z,AmazonEC2,USWE-BoxUsage:c5.xlarge,RunInstances,us-west-2a,i-04f969cf127c14988,1.0,8.0,8.0,0.0,0.0,0.097118,0.097118,Hrs,0.17,0.17,Amazon Elastic Compute Cloud,c5.xlarge,4,8 GiB,Linux,us-west-2,AmazonEC2,,,,arn:aws:ec2:us-west-2:223344556677:reserved-instances/a726f9a9-8310-4a91-a4fa-47f7f0a0ce8d,0.097118,0.08255,0.014568,,,,,,,,,
c6c19f67d61d460fb7f3beaee8c9f1d0,2026-03-09T18:00:00Z/2026-03-09T19:00:00Z,112233445566,2026-03-01T00:00:00Z,2026-04-01T00:00:00Z,AWS,223344556677,DiscountedUsage,2026-03-09T18:00:00Z,2026-03-09T19:00:00Z,AmazonEC2,USWE-BoxUsage:c5.xlarge,RunInstances,us-west-2a,i-04f969cf127c14988,1.0,8.0,8.0,0.0,0.0,0.094282,0.094282,Hrs,0.17,0.17,Amazon Elastic Compute Cloud,c5.xlarge,4,8 GiB,Linux,us-west-2,AmazonEC2,,,,arn:aws:ec2:us-west-2:223344556677:reserved-instances/a726f9a9-8310-4a91-a4fa-47f7f0a0ce8d,0.094282,0.08014,0.014142,,,,,,,,,
bc8014524b2d4ebea07dff63e97ca279,2026-03-10T04:00:00Z/2026-03-10T05:00:00Z,112233445566,2026-03-01T00:00:00Z,2026-04-01T00:00:00Z,AWS,223344556677,DiscountedUsage,2026-03-10T04:00:00Z,2026-03-10T05:00:00Z,AmazonEC2,USWE-BoxUsage:c5.xlarge,RunInstances,us-west-2a,i-04f969cf127c14988,1.0,8.0,8.0,0.0,0.0,0.098986,0.098986,Hrs,0.17,0.17,Amazon Elastic Compute Cloud,c5.xlarge,4,8 GiB,Linux,us-west-2,AmazonEC2,,,,arn:aws:ec2:us-west-2:223344556677:reserved-instances/a726f9a9-8310-4a91-a4fa-47f7f0a0ce8d,0.098986,0.084138,0.014848,,,,,,,,,
422e4ac25dd64a4fa555f8bda8a26495,2026-03-10T14:00:00Z/2026-03-10T15:00:00Z,112233445566,2026-03-01T00:00:00Z,2026-04-01T00:00:00Z,AWS,223344556677,DiscountedUsage,2026-03-10T14:00:00Z,2026-03-10T15:00:00Z,AmazonEC2,USWE-BoxUsage:c5.xlarge,RunInstances,us-west-2a,i-04f969cf127c14988,1.0,8.0,8.0,0.0,0.0,0.102193,0.102193,Hrs,0.17,0.17,Amazon Elastic Compute Cloud,c5.xlarge,4,8 GiB,Linux,us-west-2,AmazonEC2,,,,arn:aws:ec2:us-west-2:223344556677:reserved-instances/a726f9a9-8310-4a91-a4fa-47f7f0a0ce8d,0.102193,0.086864,0.015329,,,,,,,,,
9a52eea6910f4bdf9e11142f35d7569b,2026-03-11T00:00:00Z/2026-03-11T01:00:00Z,112233445566,2026-03-01T00:00:00Z,2026-04-01T00:00:00Z,AWS,223344556677,DiscountedUsage,2026-03-11T00:00:00Z,2026-03-11T01:00:00Z,AmazonEC2,USWE-BoxUsage:c5.xlarge,RunInstances,us-west-2a,i-04f969cf127c14988,1.0,8.0,8.0,0.0,0.0,0.111901,0.111901,Hrs,0.17,0.17,Amazon Elastic Compute Cloud,c5.xlarge,4,8 GiB,Linux,us-west-2,AmazonEC2,,,,arn:aws:ec2:us-west-2:223344556677:reserved-instances/a726f9a9-8310-4a91-a4fa-47f7f0a0ce8d,0.111901,0.095116,0.016785,,,,,,,,,
f4f790661f7448d0ab5ac93267f38a9f,2026-03-11T10:00:00Z/2026-03-11T11:00:00Z,112233445566,2026-03-01T00:00:00Z,2026-04-01T00:00:00Z,AWS,223344556677,DiscountedUsage,2026-03-11T10:00:00Z,2026-03-11T11:00:00Z,AmazonEC2,USWE-BoxUsage:c5.xlarge,RunInstances,us-west-2a,i-04f969cf127c14988,1.0,8.0,8.0,0.0,0.0,0.107974,0.107974,Hrs,0.17,0.17,Amazon Elastic Compute Cloud,c5.xlarge,4,8 GiB,Linux,us-west-2,AmazonEC2,,,,arn:aws:ec2:us-west-2:223344556677:reserved-instances/a726f9a9-8310-4a91-a4fa-47f7f0a0ce8d,0.107974,0.091778,0.016196,,,,,,,,,
1297b84c5ee24d958d9efe08d3e04101,2026-03-11T20:00:00Z/2026-03-11T21:00:00Z,112233445566,2026-03-01T00:00:00Z,2026-04-01T00:00:00Z,AWS,223344556677,DiscountedUsage,2026-03-11T20:00:00Z,2026-03-11T21:00:00Z,AmazonEC2,USWE-BoxUsage:c5.xlarge,RunInstances,us-west-2a,i-04f969cf127c14988,1.0,8.0,8.0,0.0,0.0,0.094842,0.094842,Hrs,0.17,0.17,Amazon Elastic Compute Cloud,c5.xlarge,4,8 GiB,Linux,us-west-2,AmazonEC2,,,,arn:aws:ec2:us-west-2:223344556677:reserved-instances/a726f9a9-8310-4a91-a4fa-47f7f0a0ce8d,0.094842,0.080616,0.014226,,,,,,,,,
c42a04740f124e1497793b80682f98fb,2026-03-12T06:00:00Z/2026-03-12T07:00:00Z,112233445566,2026-03-01T00:00:00Z,2026-04-01T00:00:00Z,AWS,223344556677,DiscountedUsage,2026-03-12T06:00:00Z,2026-03-12T07:00:00Z,AmazonEC2,USWE-BoxUsage:c5.xlarge,RunInstances,us-west-2a,i-04f969cf127c14988,1.0,8.0,8.0,0.0,0.0,0.109255,0.109255,Hrs,0.17,0.17,Amazon Elastic Compute Cloud,c5.xlarge,4,8 GiB,Linux,us-west-2,AmazonEC2,,,,arn:aws:ec2:us-west-2:223344556677:reserved-instances/a726f9a9-8310-4a91-a4fa-47f7f0a0ce8d,0.109255,0.092867,0.016388,,,,,,,,,
c394038ac79c4cd6a64efee4f8e65cfe,2026-03-12T16:00:00Z/2026-03-12T17:00:00Z,112233445566,2026-03-01T00:00:00Z,2026-04-01T00:00:00Z,AWS,223344556677,DiscountedUsage,2026-03-12T16:00:00Z,2026-03-12T17:00:00Z,AmazonEC2,USWE-BoxUsage:c5.xlarge,RunInstances,us-west-2a,i-04f969cf127c14988,1.0,8.0,8.0,0.0,0.0,0.100439,0.100439,Hrs,0.17,0.17,Amazon Elastic Compute Cloud,c5.xlarge,4,8 GiB,Linux,us-west-2,AmazonEC2,,,,arn:aws:ec2:us-west-2:223344556677:reserved-instances/a726f9a9-8310-4a91-a4fa-47f7f0a0ce8d,0.100439,0.085373,0.015066,,,,,,,,,
1beb8ebf0d114f19999be3acacedccaf,2026-03-13T02:00:00Z/2026-03-13T03:00:00Z,112233445566,2026-03-01T00:00:00Z,2026-04-01T00:00:00Z,AWS,223344556677,DiscountedUsage,2026-03-13T02:00:00Z,2026-03-13T03:00:00Z,AmazonEC2,USWE-BoxUsage:c5.xlarge,RunInstances,us-west-2a,i-04f969cf127c14988,1.0,8.0,8.0,0.0,0.0,0.105884,0.105884,Hrs,0.17,0.17,Amazon Elastic Compute Cloud,c5.xlarge,4,8 GiB,Linux,us-west-2,AmazonEC2,,,,arn:aws:ec2:us-west-2:223344556677:reserved-instances/a726f9a9-8310-4a91-a4fa-47f7f0a0ce8d,0.105884,0.090001,0.015883,,,,,,,,,
6102d1a0bbea43be9e5c5327a41fa896,2026-03-13T12:00:00Z/2026-03-13T13:00:00Z,112233445566,2026-03-01T00:00:00Z,2026-04-01T00:00:00Z,AWS,223344556677,DiscountedUsage,2026-03-13T12:00:00Z,2026-03-13T13:00:00Z,AmazonEC2,USWE-BoxUsage:c5.xlarge,RunInstances,us-west-2a,i-04f969cf127c14988,1.0,8.0,8.0,0.0,0.0,0.100466,0.100466,Hrs,0.17,0.17,Amazon Elastic Compute Cloud,c5.xlarge,4,8 GiB,Linux,us-west-2,AmazonEC2,,,,arn:aws:ec2:us-west-2:223344556677:reserved-instances/a726f9a9-8310-4a91-a4fa-47f7f0a0ce8d,0.100466,0.085396,0.01507,,,,,,,,,
68fd8c0e92574cefb5b5843f81af2a3f,2026-03-13T22:00:00Z/2026-03-13T23:00:00Z,112233445566,2026-03-01T00:00:00Z,2026-04-01T00:00:00Z,AWS,223344556677,DiscountedUsage,2026-03-13T22:00:00Z,2026-03-13T23:00:00Z,AmazonEC2,USWE-BoxUsage:c5.xlarge,RunInstances,us-west-2a,i-04f969cf127c14988,1.0,8.0,8.0,0.0,0.0,0.096402,0.096402,Hrs,0.17,0.17,Amazon Elastic Compute Cloud,c5.xlarge,4,8 GiB,Linux,us-west-2,AmazonEC2,,,,arn:aws:ec2:us-west-2:223344556677:reserved-instances/a726f9a9-8310-4a91-a4fa-47f7f0a0ce8d,0.096402,0.081942,0.01446,,,,,,,,,
daff0bcb76ec423a8214967933515647,2026-03-14T08:00:00Z/2026-03-14T09:00:00Z,112233445566,2026-03-01T00:00:00Z,2026-04-01T00:00:00Z,AWS,223344556677,DiscountedUsage,2026-03-14T08:00:00Z,2026-03-14T09:00:00Z,AmazonEC2,USWE-BoxUsage:c5.xlarge,RunInstances,us-west-2a,i-04f969cf127c14988,1.0,8.0,8.0,0.0,0.0,0.100723,0.100723,Hrs,0.17,0.17,Amazon Elastic Compute Cloud,c5.xlarge,4,8 GiB,Linux,us-west-2,AmazonEC2,,,,arn:aws:ec2:us-west-2:223344556677:reserved-instances/a726f9a9-8310-4a91-a4fa-47f7f0a0ce8d,0.100723,0.085615,0.015108,,,,,,,,,
41114ab79d53415e9947554c03a65cc1,2026-03-14T18:00:00Z/2026-03-14T19:00:00Z,112233445566,2026-03-01T00:00:00Z,2026-04-01T00:00:00Z,AWS,223344556677,DiscountedUsage,2026-03-14T18:00:00Z,2026-03-14T19:00:00Z,AmazonEC2,USWE-BoxUsage:c5.xlarge,RunInstances,us-west-2a,i-04f969cf127c14988,1.0,8.0,8.0,0.0,0.0,0.105909,0.105909,Hrs,0.17,0.17,Amazon Elastic Compute Cloud,c5.xlarge,4,8 GiB,Linux,us-west-2,AmazonEC2,,,,arn:aws:ec2:us-west-2:223344556677:reserved-instances/a726f9a9-8310-4a91-a4fa-47f7f0a0ce8d,0.105909,0.090023,0.015886,,,,,,,,,
62ef6cd068334ab189d7b653c291dc78,2026-03-15T04:00:00Z/2026-03-15T05:00:00Z,112233445566,2026-03-01T00:00:00Z,2026-04-01T00:00:00Z,AWS,223344556677,DiscountedUsage,2026-03-15T04:00:00Z,2026-03-15T05:00:00Z,AmazonEC2,USWE-BoxUsage:c5.xlarge,RunInstances,us-west-2a,i-04f969cf127c14988,1.0,8.0,8.0,0.0,0.0,0.094658,0.094658,Hrs,0.17,0.17,Amazon Elastic Compute Cloud,c5.xlarge,4,8 GiB,Linux,us-west-2,AmazonEC2,,,,arn:aws:ec2:us-west-2:223344556677:reserved-instances/a726f9a9-8310-4a91-a4fa-47f7f0a0ce8d,0.094658,0.080459,0.014199,,,,,,,,,
6dc25dc70cf64a6bbc35e9372cdc8de1,2026-03-15T14:00:00Z/2026-03-15T15:00:00Z,112233445566,2026-03-01T00:00:00Z,2026-04-01T00:00:00Z,AWS,223344556677,DiscountedUsage,2026-03-15T14:00:00Z,2026-03-15T15:00:00Z,AmazonEC2,USWE-BoxUsage:c5.xlarge,RunInstances,us-west-2a,i-04f969cf127c14988,1.0,8.0,8.0,0.0,0.0,0.108783,0.108783,Hrs,0.17,0.17,Amazon Elastic Compute Cloud,c5.xlarge,4,8 GiB,Linux,us-west-2,AmazonEC2,,,,arn:aws:ec2:us-west-2:223344556677:reserved-instances/a726f9a9-8310-4a91-a4fa-47f7f0a0ce8d,0.108783,0.092466,0.016317,,,,,,,,,
707baf495fe74775979fd3cbb86acfa1,2026-03-16T10:00:00Z/2026-03-16T11:00:00Z,112233445566,2026-03-01T00:00:00Z,2026-04-01T00:00:00Z,AWS,223344556677,DiscountedUsage,2026-03-16T10:00:00Z,2026-03-16T11:00:00Z,AmazonEC2,USWE-BoxUsage:c5.xlarge,RunInstances,us-west-2a,i-04f969cf127c14988,1.0,8.0,8.0,0.0,0.0,0.098886,0.098886,Hrs,0.17,0.17,Amazon Elastic Compute Cloud,c5.xlarge,4,8 GiB,Linux,us-west-2,AmazonEC2,,,,arn:aws:ec2:us-west-2:223344556677:reserved-instances/a726f9a9-8310-4a91-a4fa-47f7f0a0ce8d,0.098886,0.084053,0.014833,,,,,,,,,
a78773fc44ea444bad16d106fa546705,2026-03-16T20:00:00Z/2026-03-16T21:00:00Z,112233445566,2026-03-01T00:00:00Z,2026-04-01T00:00:00Z,AWS,223344556677,DiscountedUsage,2026-03-16T20:00:00Z,2026-03-16T21:00:00Z,AmazonEC2,USWE-BoxUsage:c5.xlarge,RunInstances,us-west-2a,i-04f969cf127c14988,1.0,8.0,8.0,0.0,0.0,0.100016,0.100016,Hrs,0.17,0.17,Amazon Elastic Compute Cloud,c5.xlarge,4,8 GiB,Linux,us-west-2,AmazonEC2,,,,arn:aws:ec2:us-west-2:223344556677:reserved-instances/a726f9a9-8310-4a91-a4fa-47f7f0a0ce8d,0.100016,0.085014,0.015002,,,,,,,,,
ffd18da642c345dda5af42b708da545b,2026-03-17T06:00:00Z/2026-03-17T07:00:00Z,112233445566,2026-03-01T00:00:00Z,2026-04-01T00:00:00Z,AWS,223344556677,DiscountedUsage,2026-03-17T06:00:00Z,2026-03-17T07:00:00Z,AmazonEC2,USWE-BoxUsage:c5.xlarge,RunInstances,us-west-2a,i-04f969cf127c14988,1.0,8.0,8.0,0.0,0.0,0.093697,0.093697,Hrs,0.17,0.17,Amazon Elastic Compute Cloud,c5.xlarge,4,8 GiB,Linux,us-west-2,AmazonEC2,,,,arn:aws:ec2:us-west-2:223344556677:reserved-instances/a726f9a9-8310-4a91-a4fa-47f7f0a0ce8d,0.093697,0.079642,0.014055,,,,,,,,,
586ea1b796ae47f28a981901c931ca96,2026-03-17T16:00:00Z/2026-03-17T17:00:00Z,112233445566,2026-03-01T00:00:00Z,2026-04-01T00:00:00Z,AWS,223344556677,DiscountedUsage,2026-03-17T16:00:00Z,2026-03-17T17:00:00Z,AmazonEC2,USWE-BoxUsage:c5.xlarge,RunInstances,us-west-2a,i-04f969cf127c14988,1.0,8.0,8.0,0.0,0.0,0.09798,0.09798,Hrs,0.17,0.17,Amazon Elastic Compute Cloud,c5.xlarge,4,8 GiB,Linux,us-west-2,AmazonEC2,,,,arn:aws:ec2:us-west-2:223344556677:reserved-instances/a726f9a9-8310-4a91-a4fa-47f7f0a0ce8d,0.09798,0.083283,0.014697,,,,,,,,,
e9213879703d4590bd817ca0f1cdea05,2026-03-18T02:00:00Z/2026-03-18T03:00:00Z,112233445566,2026-03-01T00:00:00Z,2026-04-01T00:00:00Z,AWS,223344556677,DiscountedUsage,2026-03-18T02:00:00Z,2026-03-18T03:00:00Z,AmazonEC2,USWE-BoxUsage:c5.xlarge,RunInstances,us-west-2a,i-04f969cf127c14988,1.0,8.0,8.0,0.0,0.0,0.111444,0.111444,Hrs,0.17,0.17,Amazon Elastic Compute Cloud,c5.xlarge,4,8 GiB,Linux,us-west-2,AmazonEC2,,,,arn:aws:ec2:us-west-2:223344556677:reserved-instances/a726f9a9-8310-4a91-a4fa-47f7f0a0ce8d,0.111444,0.094727,0.016717,,,,,,,,,
1d48bc7a280c4db088a03ff501d164af,2026-03-18T12:00:00Z/2026-03-18T13:00:00Z,112233445566,2026-03-01T00:00:00Z,2026-04-01T00:00:00Z,AWS,223344556677,DiscountedUsage,2026-03-18T12:00:00Z,2026-03-18T13:00:00Z,AmazonEC2,USWE-BoxUsage:c5.xlarge,RunInstances,us-west-2a,i-04f969cf127c14988,1.0,8.0,8.0,0.0,0.0,0.114751,0.114751,Hrs,0.17,0.17,Amazon Elastic Compute Cloud,c5.xlarge,4,8 GiB,Linux,us-west-2,AmazonEC2,,,,arn:aws:ec2:us-west-2:223344556677:reserved-instances/a726f9a9-8310-4a91-a4fa-47f7f0a0ce8d,0.114751,0.097538,0.017213,,,,,,,,,
2764b9a6626c4afd8532887abaaf973b,2026-03-18T22:00:00Z/2026-03-18T23:00:00Z,112233445566,2026-03-01T00:00:00Z,2026-04-01T00:00:00Z,AWS,223344556677,DiscountedUsage,2026-03-18T22:00:00Z,2026-03-18T23:00:00Z,AmazonEC2,USWE-BoxUsage:c5.xlarge,RunInstances,us-west-2a,i-04f969cf127c14988,1.0,8.0,8.0,0.0,0.0,0.095338,0.095338,Hrs,0.17,0.17,Amazon Elastic Compute Cloud,c5.xlarge,4,8 GiB,Linux,us-west-2,AmazonEC2,,,,arn:aws:ec2:us-west-2:223344556677:reserved-instances/a726f9a9-8310-4a91-a4fa-47f7f0a0ce8d,0.095338,0.081037,0.014301,,,,,,,,,
1372eba43a5048e192ba80f2519c365b,2026-03-19T08:00:00Z/2026-03-19T09:00:00Z,112233445566,2026-03-01T00:00:00Z,2026-04-01T00:00:00Z,AWS,223344556677,DiscountedUsage,2026-03-19T08:00:00Z,2026-03-19T09:00:00Z,AmazonEC2,USWE-BoxUsage:c5.xlarge,RunInstances,us-west-2a,i-04f969cf127c14988,1.0,8.0,8.0,0.0,0.0,0.094579,0.094579,Hrs,0.17,0.17,Amazon Elastic Compute Cloud,c5.xlarge,4,8 GiB,Linux,us-west-2,AmazonEC2,,,,arn:aws:ec2:us-west-2:223344556677:reserved-instances/a726f9a9-8310-4a91-a4fa-47f7f0a0ce8d,0.094579,0.080392,0.014187,,,,,,,,,
acc5c73a31f241e7a349fbde07fa2193,2026-03-20T04:00:00Z/2026-03-20T05:00:00Z,112233445566,2026-03-01T00:00:00Z,2026-04-01T00:00:00Z,AWS,223344556677,DiscountedUsage,2026-03-20T04:00:00Z,2026-03-20T05:00:00Z,AmazonEC2,USWE-BoxUsage:c5.xlarge,RunInstances,us-west-2a,i-04f969cf127c14988,1.0,8.0,8.0,0.0,0.0,0.115484,0.115484,Hrs,0.17,0.17,Amazon Elastic Compute Cloud,c5.xlarge,4,8 GiB,Linux,us-west-2,AmazonEC2,,,,arn:aws:ec2:us-west-2:223344556677:reserved-instances/a726f9a9-8310-4a91-a4fa-47f7f0a0ce8d,0.115484,0.098161,0.017323,,,,,,,,,
6fcbb204aa1c4780a95907237917baf1,2026-03-20T14:00:00Z/2026-03-20T15:00:00Z,112233445566,2026-03-01T00:00:00Z,2026-04-01T00:00:00Z,AWS,223344556677,DiscountedUsage,2026-03-20T14:00:00Z,2026-03-20T15:00:00Z,AmazonEC2,USWE-BoxUsage:c5.xlarge,RunInstances,us-west-2a,i-04f969cf127c14988,1.0,8.0,8.0,0.0,0.0,0.108122,0.108122,Hrs,0.17,0.17,Amazon Elastic Compute Cloud,c5.xlarge,4,8 GiB,Linux,us-west-2,AmazonEC2,,,,arn:aws:ec2:us-west-2:223344556677:reserved-instances/a726f9a9-8310-4a91-a4fa-47f7f0a0ce8d,0.108122,0.091904,0.016218,,,,,,,,,
eef890c6674b4484a3371a695e4371b4,2026-03-21T00:00:00Z/2026-03-21T01:00:00Z,112233445566,2026-03-01T00:00:00Z,2026-04-01T00:00:00Z,AWS,223344556677,DiscountedUsage,2026-03-21T00:00:00Z,2026-03-21T01:00:00Z,AmazonEC2,USWE-BoxUsage:c5.xlarge,RunInstances,us-west-2a,i-04f969cf127c14988,1.0,8.0,8.0,0.0,0.0,0.104151,0.104151,Hrs,0.17,0.17,Amazon Elastic Compute Cloud,c5.xlarge,4,8 GiB,Linux,us-west-2,AmazonEC2,,,,arn:aws:ec2:us-west-2:223344556677:reserved-instances/a726f9a9-8310-4a91-a4fa-47f7f0a0ce8d,0.104151,0.088528,0.015623,,,,,,,,,
1ebd67a39daf4a15a0f5272a6755a7b5,2026-03-21T10:00:00Z/2026-03-21T11:00:00Z,112233445566,2026-03-01T00:00:00Z,2026-04-01T00:00:00Z,AWS,223344556677,DiscountedUsage,2026-03-21T10:00:00Z,2026-03-21T11:00:00Z,AmazonEC2,USWE-BoxUsage:c5.xlarge,RunInstances,us-west-2a,i-04f969cf127c14988,1.0,8.0,8.0,0.0,0.0,0.094032,0.094032,Hrs,0.17,0.17,Amazon Elastic Compute Cloud,c5.xlarge,4,8 GiB,Linux,us-west-2,AmazonEC2,,,,arn:aws:ec2:us-west-2:223344556677:reserved-instances/a726f9a9-8310-4a91-a4fa-47f7f0a0ce8d,0.094032,0.079927,0.014105,,,,,,,,,
ae5eecd7ea504b7a9820096f402c24af,2026-03-21T20:00:00Z/2026-03-21T21:00:00Z,112233445566,2026-03-01T00:00:00Z,2026-04-01T00:00:00Z,AWS,223344556677,DiscountedUsage,2026-03-21T20:00:00Z,2026-03-21T21:00:00Z,AmazonEC2,USWE-BoxUsage:c5.xlarge,RunInstances,us-west-2a,i-04f969cf127c14988,1.0,8.0,8.0,0.0,0.0,0.113934,0.113934,Hrs,0.17,0.17,Amazon Elastic Compute Cloud,c5.xlarge,4,8 GiB,Linux,us-west-2,AmazonEC2,,,,arn:aws:ec2:us-west-2:223344556677:reserved-instances/a726f9a9-8310-4a91-a4fa-47f7f0a0ce8d,0.113934,0.096844,0.01709,,,,,,,,,
3d727f3a56da436caf827bedb9eef260,2026-03-22T06:00:00Z/2026-03-22T07:00:00Z,112233445566,2026-03-01T00:00:00Z,2026-04-01T00:00:00Z,AWS,223344556677,DiscountedUsage,2026-03-22T06:00:00Z,2026-03-22T07:00:00Z,AmazonEC2,USWE-BoxUsage:c5.xlarge,RunInstances,us-west-2a,i-04f969cf127c14988,1.0,8.0,8.0,0.0,0.0,0.114717,0.114717,Hrs,0.17,0.17,Amazon Elastic Compute Cloud,c5.xlarge,4,8 GiB,Linux,us-west-2,AmazonEC2,,,,arn:aws:ec2:us-west-2:223344556677:reserved-instances/a726f9a9-8310-4a91-a4fa-47f7f0a0ce8d,0.114717,0.097509,0.017208,,,,,,,,,
8a96b0ece8904a76982f22762e3bc4ad,2026-03-22T16:00:00Z/2026-03-22T17:00:00Z,112233445566,2026-03-01T00:00:00Z,2026-04-01T00:00:00Z,AWS,223344556677,DiscountedUsage,2026-03-22T16:00:00Z,2026-03-22T17:00:00Z,AmazonEC2,USWE-BoxUsage:c5.xlarge,RunInstances,us-west-2a,i-04f969cf127c14988,1.0,8.0,8.0,0.0,0.0,0.095747,0.095747,Hrs,0.17,0.17,Amazon Elastic Compute Cloud,c5.xlarge,4,8 GiB,Linux,us-west-2,AmazonEC2,,,,arn:aws:ec2:us-west-2:223344556677:reserved-instances/a726f9a9-8310-4a91-a4fa-47f7f0a0ce8d,0.095747,0.081385,0.014362,,,,,,,,,
65d28b69614d4f0b888e84393a3533c7,2026-03-23T02:00:00Z/2026-03-23T03:00:00Z,112233445566,2026-03-01T00:00:00Z,2026-04-01T00:00:00Z,AWS,223344556677,DiscountedUsage,2026-03-23T02:00:00Z,2026-03-23T03:00:00Z,AmazonEC2,USWE-BoxUsage:c5.xlarge,RunInstances,us-west-2a,i-04f969cf127c14988,1.0,8.0,8.0,0.0,0.0,0.099705,0.099705,Hrs,0.17,0.17,Amazon Elastic Compute Cloud,c5.xlarge,4,8 GiB,Linux,us-west-2,AmazonEC2,,,,arn:aws:ec2:us-west-2:223344556677:reserved-instances/a726f9a9-8310-4a91-a4fa-47f7f0a0ce8d,0.099705,0.084749,0.014956,,,,,,,,,
d5b9bba5011349f4819a2eb3dfb6a922,2026-03-23T12:00:00Z/2026-03-23T13:00:00Z,112233445566,2026-03-01T00:00:00Z,2026-04-01T00:00:00Z,AWS,223344556677,DiscountedUsage,2026-03-23T12:00:00Z,2026-03-23T13:00:00Z,AmazonEC2,USWE-BoxUsage:c5.xlarge,RunInstances,us-west-2a,i-04f969cf127c14988,1.0,8.0,8.0,0.0,0.0,0.106861,0.106861,Hrs,0.17,0.17,Amazon Elastic Compute Cloud,c5.xlarge,4,8 GiB,Linux,us-west-2,AmazonEC2,,,,arn:aws:ec2:us-west-2:223344556677:reserved-instances/a726f9a9-8310-4a91-a4fa-47f7f0a0ce8d,0.106861,0.090832,0.016029,,,,,,,,,
bbe57d8715a941e094c302e10cebea1e,2026-03-23T22:00:00Z/2026-03-23T23:00:00Z,112233445566,2026-03-01T00:00:00Z,2026-04-01T00:00:00Z,AWS,223344556677,DiscountedUsage,2026-03-23T22:00:00Z,2026-03-23T23:00:00Z,AmazonEC2,USWE-BoxUsage:c5.xlarge,RunInstances,us-west-2a,i-04f969cf127c14988,1.0,8.0,8.0,0.0,0.0,0.101412,0.101412,Hrs,0.17,0.17,Amazon Elastic Compute Cloud,c5.xlarge,4,8 GiB,Linux,us-west-2,AmazonEC2,,,,arn:aws:ec2:us-west-2:223344556677:reserved-instances/a726f9a9-8310-4a91-a4fa-47f7f0a0ce8d,0.101412,0.0862,0.015212,,,,,,,,,
f9731bb0573345048b7fd2cc77265729,2026-03-24T08:00:00Z/2026-03-24T09:00:00Z,112233445566,2026-03-01T00:00:00Z,2026-04-01T00:00:00Z,AWS,223344556677,DiscountedUsage,2026-03-24T08:00:00Z,2026-03-24T09:00:00Z,AmazonEC2,USWE-BoxUsage:c5.xlarge,RunInstances,us-west-2a,i-04f969cf127c14988,1.0,8.0,8.0,0.0,0.0,0.101993,0.101993,Hrs,0.17,0.17,Amazon Elastic Compute Cloud,c5.xlarge,4,8 GiB,Linux,us-west-2,AmazonEC2,,,,arn:aws:ec2:us-west-2:223344556677:reserved-instances/a726f9a9-8310-4a91-a4fa-47f7f0a0ce8d,0.101993,0.086694,0.015299,,,,,,,,,
855277ef05224435add180b4142cfad0,2026-03-24T18:00:00Z/2026-03-24T19:00:00Z,112233445566,2026-03-01T00:00:00Z,2026-04-01T00:00:00Z,AWS,223344556677,DiscountedUsage,2026-03-24T18:00:00Z,2026-03-24T19:00:00Z,AmazonEC2,USWE-BoxUsage:c5.xlarge,RunInstances,us-west-2a,i-04f969cf127c14988,1.0,8.0,8.0,0.0,0.0,0.106517,0.106517,Hrs,0.17,0.17,Amazon Elastic Compute Cloud,c5.xlarge,4,8 GiB,Linux,us-west-2,AmazonEC2,,,,arn:aws:ec2:us-west-2:223344556677:reserved-instances/a726f9a9-8310-4a91-a4fa-47f7f0a0ce8d,0.106517,0.090539,0.015978,,,,,,,,,
3ec39b7446fb4b7fa6b7cc1082cb615e,2026-03-25T04:00:00Z/2026-03-25T05:00:00Z,112233445566,2026-03-01T00:00:00Z,2026-04-01T00:00:00Z,AWS,223344556677,DiscountedUsage,2026-03-25T04:00:00Z,2026-03-25T05:00:00Z,AmazonEC2,USWE-BoxUsage:c5.xlarge,RunInstances,us-west-2a,i-04f969cf127c14988,1.0,8.0,8.0,0.0,0.0,0.106504,0.106504,Hrs,0.17,0.17,Amazon Elastic Compute Cloud,c5.xlarge,4,8 GiB,Linux,us-west-2,AmazonEC2,,,,arn:aws:ec2:us-west-2:223344556677:reserved-instances/a726f9a9-8310-4a91-a4fa-47f7f0a0ce8d,0.106504,0.090528,0.015976,,,,,,,,,
dcf90b690fe64215b594c09f9dd7f917,2026-03-25T14:00:00Z/2026-03-25T15:00:00Z,112233445566,2026-03-01T00:00:00Z,2026-04-01T00:00:00Z,AWS,223344556677,DiscountedUsage,2026-03-25T14:00:00Z,2026-03-25T15:00:00Z,AmazonEC2,USWE-BoxUsage:c5.xlarge,RunInstances,us-west-2a,i-04f969cf127c14988,1.0,8.0,8.0,0.0,0.0,0.102409,0.102409,Hrs,0.17,0.17,Amazon Elastic Compute Cloud,c5.xlarge,4,8 GiB,Linux,us-west-2,AmazonEC2,,,,arn:aws:ec2:us-west-2:223344556677:reserved-instances/a726f9a9-8310-4a91-a4fa-47f7f0a0ce8d,0.102409,0.087048,0.015361,,,,,,,,,
9921c4f442a14cf092a968d9b0e4c206,2026-03-26T00:00:00Z/2026-03-26T01:00:00Z,112233445566,2026-03-01T00:00:00Z,2026-04-01T00:00:00Z,AWS,223344556677,DiscountedUsage,2026-03-26T00:00:00Z,2026-03-26T01:00:00Z,AmazonEC2,USWE-BoxUsage:c5.xlarge,RunInstances,us-west-2a,i-04f969cf127c14988,1.0,8.0,8.0,0.0,0.0,0.114383,0.114383,Hrs,0.17,0.17,Amazon Elastic Compute Cloud,c5.xlarge,4,8 GiB,Linux,us-west-2,AmazonEC2,,,,arn:aws:ec2:us-west-2:223344556677:reserved-instances/a726f9a9-8310-4a91-a4fa-47f7f0a0ce8d,0.114383,0.097226,0.017157,,,,,,,,,
fab84a8eb3c5419d9319c11bfaa13124,2026-03-26T10:00:00Z/2026-03-26T11:00:00Z,112233445566,2026-03-01T00:00:00Z,2026-04-01T00:00:00Z,AWS,223344556677,DiscountedUsage,2026-03-26T10:00:00Z,2026-03-26T11:00:00Z,AmazonEC2,USWE-BoxUsage:c5.xlarge,RunInstances,us-west-2a,i-04f969cf127c14988,1.0,8.0,8.0,0.0,0.0,0.099525,0.099525,Hrs,0.17,0.17,Amazon Elastic Compute Cloud,c5.xlarge,4,8 GiB,Linux,us-west-2,AmazonEC2,,,,arn:aws:ec2:us-west-2:223344556677:reserved-instances/a726f9a9-8310-4a91-a4fa-47f7f0a0ce8d,0.099525,0.084596,0.014929,,,,,,,,,
c69c7456df4c4a339f2d1ca2955a8fc9,2026-03-26T20:00:00Z/2026-03-26T21:00:00Z,112233445566,2026-03-01T00:00:00Z,2026-04-01T00:00:00Z,AWS,223344556677,DiscountedUsage,2026-03-26T20:00:00Z,2026-03-26T21:00:00Z,AmazonEC2,USWE-BoxUsage:c5.xlarge,RunInstances,us-west-2a,i-04f969cf127c14988,1.0,8.0,8.0,0.0,0.0,0.09853,0.09853,Hrs,0.17,0.17,Amazon Elastic Compute Cloud,c5.xlarge,4,8 GiB,Linux,us-west-2,AmazonEC2,,,,arn:aws:ec2:us-west-2:223344556677:reserved-instances/a726f9a9-8310-4a91-a4fa-47f7f0a0ce8d,0.09853,0.083751,0.01478,,,,,,,,,
d7a34dc3bd7b4898abe0f5d8080474a9,2026-03-27T06:00:00Z/2026-03-27T07:00:00Z,112233445566,2026-03-01T00:00:00Z,2026-04-01T00:00:00Z,AWS,223344556677,DiscountedUsage,2026-03-27T06:00:00Z,2026-03-27T07:00:00Z,AmazonEC2,USWE-BoxUsage:c5.xlarge,RunInstances,us-west-2a,i-04f969cf127c14988,1.0,8.0,8.0,0.0,0.0,0.112885,0.112885,Hrs,0.17,0.17,Amazon Elastic Compute Cloud,c5.xlarge,4,8 GiB,Linux,us-west-2,AmazonEC2,,,,arn:aws:ec2:us-west-2:223344556677:reserved-instances/a726f9a9-8310-4a91-a4fa-47f7f0a0ce8d,0.112885,0.095952,0.016933,,,,,,,,,
c15c0a09d3af4f3daf2e3c30bc19d830,2026-03-27T16:00:00Z/2026-03-27T17:00:00Z,112233445566,2026-03-01T00:00:00Z,2026-04-01T00:00:00Z,AWS,223344556677,DiscountedUsage,2026-03-27T16:00:00Z,2026-03-27T17:00:00Z,AmazonEC2,USWE-BoxUsage:c5.xlarge,RunInstances,us-west-2a,i-04f969cf127c14988,1.0,8.0,8.0,0.0,0.0,0.098017,0.098017,Hrs,0.17,0.17,Amazon Elastic Compute Cloud,c5.xlarge,4,8 GiB,Linux,us-west-2,AmazonEC2,,,,arn:aws:ec2:us-west-2:223344556677:reserved-instances/a726f9a9-8310-4a91-a4fa-47f7f0a0ce8d,0.098017,0.083314,0.014703,,,,,,,,,
46b9c9c8f8684e1cbbc728b742ce13c4,2026-03-28T02:00:00Z/2026-03-28T03:00:00Z,112233445566,2026-03-01T00:00:00Z,2026-04-01T00:00:00Z,AWS,223344556677,DiscountedUsage,2026-03-28T02:00:00Z,2026-03-28T03:00:00Z,AmazonEC2,USWE-BoxUsage:c5.xlarge,RunInstances,us-west-2a,i-04f969cf127c14988,1.0,8.0,8.0,0.0,0.0,0.1061,0.1061,Hrs,0.17,0.17,Amazon Elastic Compute Cloud,c5.xlarge,4,8 GiB,Linux,us-west-2,AmazonEC2,,,,arn:aws:ec2:us-west-2:223344556677:reserved-instances/a726f9a9-8310-4a91-a4fa-47f7f0a0ce8d,0.1061,0.090185,0.015915,,,,,,,,,
5aafbe68cfcf40209e8182b36a7497f3,2026-03-28T12:00:00Z/2026-03-28T13:00:00Z,112233445566,2026-03-01T00:00:00Z,2026-04-01T00:00:00Z,AWS,223344556677,DiscountedUsage,2026-03-28T12:00:00Z,2026-03-28T13:00:00Z,AmazonEC2,USWE-BoxUsage:c5.xlarge,RunInstances,us-west-2a,i-04f969cf127c14988,1.0,8.0,8.0,0.0,0.0,0.112877,0.112877,Hrs,0.17,0.17,Amazon Elastic Compute Cloud,c5.xlarge,4,8 GiB,Linux,us-west-2,AmazonEC2,,,,arn:aws:ec2:us-west-2:223344556677:reserved-instances/a726f9a9-8310-4a91-a4fa-47f7f0a0ce8d,0.112877,0.095945,0.016932,,,,,,,,,
43a8aeb6d3eb40c883f3bf9ddcef2ebb,2026-03-28T22:00:00Z/2026-03-28T23:00:00Z,112233445566,2026-03-01T00:00:00Z,2026-04-01T00:00:00Z,AWS,223344556677,DiscountedUsage,2026-03-28T22:00:00Z,2026-03-28T23:00:00Z,AmazonEC2,USWE-BoxUsage:c5.xlarge,RunInstances,us-west-2a,i-04f969cf127c14988,1.0,8.0,8.0,0.0,0.0,0.117066,0.117066,Hrs,0.17,0.17,Amazon Elastic Compute Cloud,c5.xlarge,4,8 GiB,Linux,us-west-2,AmazonEC2,,,,arn:aws:ec2:us-west-2:223344556677:reserved-instances/a726f9a9-8310-4a91-a4fa-47f7f0a0ce8d,0.117066,0.099506,0.01756,,,,,,,,,
34ade63aa9224164bac6a41acf79f003,2026-03-29T08:00:00Z/2026-03-29T09:00:00Z,112233445566,2026-03-01T00:00:00Z,2026-04-01T00:00:00Z,AWS,223344556677,DiscountedUsage,2026-03-29T08:00:00Z,2026-03-29T09:00:00Z,AmazonEC2,USWE-BoxUsage:c5.xlarge,RunInstances,us-west-2a,i-04f969cf127c14988,1.0,8.0,8.0,0.0,0.0,0.1097,0.1097,Hrs,0.17,0.17,Amazon Elastic Compute Cloud,c5.xlarge,4,8 GiB,Linux,us-west-2,AmazonEC2,,,,arn:aws:ec2:us-west-2:223344556677:reserved-instances/a726f9a9-8310-4a91-a4fa-47f7f0a0ce8d,0.1097,0.093245,0.016455,,,,,,,,,
74653fe05eeb48009c32f1c2b3832350,2026-03-29T18:00:00Z/2026-03-29T19:00:00Z,112233445566,2026-03-01T00:00:00Z,2026-04-01T00:00:00Z,AWS,223344556677,DiscountedUsage,2026-03-29T18:00:00Z,2026-03-29T19:00:00Z,AmazonEC2,USWE-BoxUsage:c5.xlarge,RunInstances,us-west-2a,i-04f969cf127c14988,1.0,8.0,8.0,0.0,0.0,0.115538,0.115538,Hrs,0.17,0.17,Amazon Elastic Compute Cloud,c5.xlarge,4,8 GiB,Linux,us-west-2,AmazonEC2,,,,arn:aws:ec2:us-west-2:223344556677:reserved-instances/a726f9a9-8310-4a91-a4fa-47f7f0a0ce8d,0.115538,0.098207,0.017331,,,,,,,,,
e50823cfd8e74ca1b76e2dae0727e4d5,2026-03-30T04:00:00Z/2026-03-30T05:00:00Z,112233445566,2026-03-01T00:00:00Z,2026-04-01T00:00:00Z,AWS,223344556677,DiscountedUsage,2026-03-30T04:00:00Z,2026-03-30T05:00:00Z,AmazonEC2,USWE-BoxUsage:c5.xlarge,RunInstances,us-west-2a,i-04f969cf127c14988,1.0,8.0,8.0,0.0,0.0,0.097349,0.097349,Hrs,0.17,0.17,Amazon Elastic Compute Cloud,c5.xlarge,4,8 GiB,Linux,us-west-2,AmazonEC2,,,,arn:aws:ec2:us-west-2:223344556677:reserved-instances/a726f9a9-8310-4a91-a4fa-47f7f0a0ce8d,0.097349,0.082747,0.014602,,,,,,,,,
0c7240f7a98a45a685939330ed0d42ee,2026-03-30T14:00:00Z/2026-03-30T15:00:00Z,112233445566,2026-03-01T00:00:00Z,2026-04-01T00:00:00Z,AWS,223344556677,DiscountedUsage,2026-03-30T14:00:00Z,2026-03-30T15:00:00Z,AmazonEC2,USWE-BoxUsage:c5.xlarge,RunInstances,us-west-2a,i-04f969cf127c14988,1.0,8.0,8.0,0.0,0.0,0.104776,0.104776,Hrs,0.17,0.17,Amazon Elastic Compute Cloud,c5.xlarge,4,8 GiB,Linux,us-west-2,AmazonEC2,,,,arn:aws:ec2:us-west-2:223344556677:reserved-instances/a726f9a9-8310-4a91-a4fa-47f7f0a0ce8d,0.104776,0.08906,0.015716,,,,,,,,,
0fd6d0df9b8244fb9f0983cb93aa2e0a,2026-03-01T00:00:00Z/2026-03-01T01:00:00Z,112233445566,2026-03-01T00:00:00Z,2026-04-01T00:00:00Z,AWS,223344556677,DiscountedUsage,2026-03-01T00:00:00Z,2026-03-01T01:00:00Z,AmazonEC2,USWE-BoxUsage:r5.large,RunInstances,us-west-2a,i-06253534318854636,1.0,4.0,4.0,0.0,0.0,0.074491,0.074491,Hrs,0.126,0.126,Amazon Elastic Compute Cloud,r5.large,2,16 GiB,Linux,us-west-2,AmazonEC2,ml,prod,CC500,arn:aws:ec2:us-west-2:223344556677:reserved-instances/41949cd7-bb19-4c21-a2e7-7364828fe236,0.074491,0.063317,0.011174,,,,,,,,,
6cac12bcb1ef426db89231e716838faa,2026-03-01T10:00:00Z/2026-03-01T11:00:00Z,112233445566,2026-03-01T00:00:00Z,2026-04-01T00:00:00Z,AWS,223344556677,DiscountedUsage,2026-03-01T10:00:00Z,2026-03-01T11:00:00Z,AmazonEC2,USWE-BoxUsage:r5.large,RunInstances,us-west-2a,i-06253534318854636,1.0,4.0,4.0,0.0,0.0,0.078889,0.078889,Hrs,0.126,0.126,Amazon Elastic Compute Cloud,r5.large,2,16 GiB,Linux,us-west-2,AmazonEC2,ml,prod,CC500,arn:aws:ec2:us-west-2:223344556677:reserved-instances/41949cd7-bb19-4c21-a2e7-7364828fe236,0.078889,0.067056,0.011833,,,,,,,,,
16f31d121cf64e8b85c3783ed4906c40,2026-03-01T20:00:00Z/2026-03-01T21:00:00Z,112233445566,2026-03-01T00:00:00Z,2026-04-01T00:00:00Z,AWS,223344556677,DiscountedUsage,2026-03-01T20:00:00Z,2026-03-01T21:00:00Z,AmazonEC2,USWE-BoxUsage:r5.large,RunInstances,us-west-2a,i-06253534318854636,1.0,4.0,4.0,0.0,0.0,0.077841,0.077841,Hrs,0.126,0.126,Amazon Elastic Compute Cloud,r5.large,2,16 GiB,Linux,us-west-2,AmazonEC2,ml,prod,CC500,arn:aws:ec2:us-west-2:223344556677:reserved-instances/41949cd7-bb19-4c21-a2e7-7364828fe236,0.077841,0.066165,0.011676,,,,,,,,,
a095c3c39ba949009d6fa2b767ac12a3,2026-03-02T06:00:00Z/2026-03-02T07:00:00Z,112233445566,2026-03-01T00:00:00Z,2026-04-01T00:00:00Z,AWS,223344556677,DiscountedUsage,2026-03-02T06:00:00Z,2026-03-02T07:00:00Z,AmazonEC2,USWE-BoxUsage:r5.large,RunInstances,us-west-2a,i-06253534318854636,1.0,4.0,4.0,0.0,0.0,0.085019,0.085019,Hrs,0.126,0.126,Amazon Elastic Compute Cloud,r5.large,2,16 GiB,Linux,us-west-2,AmazonEC2,ml,prod,CC500,arn:aws:ec2:us-west-2:223344556677:reserved-instances/41949cd7-bb19-4c21-a2e7-7364828fe236,0.085019,0.072266,0.012753,,,,,,,,,
dde33f3ccadd4ebca6a8389bc322bc7f,2026-03-02T16:00:00Z/2026-03-02T17:00:00Z,112233445566,2026-03-01T00:00:00Z,2026-04-01T00:00:00Z,AWS,223344556677,DiscountedUsage,2026-03-02T16:00:00Z,2026-03-02T17:00:00Z,AmazonEC2,USWE-BoxUsage:r5.large,RunInstances,us-west-2a,i-06253534318854636,1.0,4.0,4.0,0.0,0.0,0.085634,0.085634,Hrs,0.126,0.126,Amazon Elastic Compute Cloud,r5.large,2,16 GiB,Linux,us-west-2,AmazonEC2,ml,prod,CC500,arn:aws:ec2:us-west-2:223344556677:reserved-instances/41949cd7-bb19-4c21-a2e7-7364828fe236,0.085634,0.072789,0.012845,,,,,,,,,
db22c847dfc74f799ae317a49361c17d,2026-03-03T02:00:00Z/2026-03-03T03:00:00Z,112233445566,2026-03-01T00:00:00Z,2026-04-01T00:00:00Z,AWS,223344556677,DiscountedUsage,2026-03-03T02:00:00Z,2026-03-03T03:00:00Z,AmazonEC2,USWE-BoxUsage:r5.large,RunInstances,us-west-2a,i-06253534318854636,1.0,4.0,4.0,0.0,0.0,0.080924,0.080924,Hrs,0.126,0.126,Amazon Elastic Compute Cloud,r5.large,2,16 GiB,Linux,us-west-2,AmazonEC2,ml,prod,CC500,arn:aws:ec2:us-west-2:223344556677:reserved-instances/41949cd7-bb19-4c21-a2e7-7364828fe236,0.080924,0.068785,0.012139,,,,,,,,,
7bd0c74cd2ee46dc969d6c0174fd6433,2026-03-03T12:00:00Z/2026-03-03T13:00:00Z,112233445566,2026-03-01T00:00:00Z,2026-04-01T00:00:00Z,AWS,223344556677,DiscountedUsage,2026-03-03T12:00:00Z,2026-03-03T13:00:00Z,AmazonEC2,USWE-BoxUsage:r5.large,RunInstances,us-west-2a,i-06253534318854636,1.0,4.0,4.0,0.0,0.0,0.078045,0.078045,Hrs,0.126,0.126,Amazon Elastic Compute Cloud,r5.large,2,16 GiB,Linux,us-west-2,AmazonEC2,ml,prod,CC500,arn:aws:ec2:us-west-2:223344556677:reserved-instances/41949cd7-bb19-4c21-a2e7-7364828fe236,0.078045,0.066338,0.011707,,,,,,,,,
ac0b71178f6a4630a1f7007754b6b2ec,2026-03-03T22:00:00Z/2026-03-03T23:00:00Z,112233445566,2026-03-01T00:00:00Z,2026-04-01T00:00:00Z,AWS,223344556677,DiscountedUsage,2026-03-03T22:00:00Z,2026-03-03T23:00:00Z,AmazonEC2,USWE-BoxUsage:r5.large,RunInstances,us-west-2a,i-06253534318854636,1.0,4.0,4.0,0.0,0.0,0.084265,0.084265,Hrs,0.126,0.126,Amazon Elastic Compute Cloud,r5.large,2,16 GiB,Linux,us-west-2,AmazonEC2,ml,prod,CC500,arn:aws:ec2:us-west-2:223344556677:reserved-instances/41949cd7-bb19-4c21-a2e7-7364828fe236,0.084265,0.071625,0.01264,,,,,,,,,
961b25d203a340ef86f1d96ccc6bffaf,2026-03-04T08:00:00Z/2026-03-04T09:00:00Z,112233445566,2026-03-01T00:00:00Z,2026-04-01T00:00:00Z,AWS,223344556677,DiscountedUsage,2026-03-04T08:00:00Z,2026-03-04T09:00:00Z,AmazonEC2,USWE-BoxUsage:r5.large,RunInstances,us-west-2a,i-06253534318854636,1.0,4.0,4.0,0.0,0.0,0.0778,0.0778,Hrs,0.126,0.126,Amazon Elastic Compute Cloud,r5.large,2,16 GiB,Linux,us-west-2,AmazonEC2,ml,prod,CC500,arn:aws:ec2:us-west-2:223344556677:reserved-instances/41949cd7-bb19-4c21-a2e7-7364828fe236,0.0778,0.06613,0.01167,,,,,,,,,
0b02e096a8a946bdb05ede22bd01bdfd,2026-03-04T18:00:00Z/2026-03-04T19:00:00Z,112233445566,2026-03-01T00:00:00Z,2026-04-01T00:00:00Z,AWS,223344556677,DiscountedUsage,2026-03-04T18:00:00Z,2026-03-04T19:00:00Z,AmazonEC2,USWE-BoxUsage:r5.large,RunInstances,us-west-2a,i-06253534318854636,1.0,4.0,4.0,0.0,0.0,0.08162,0.08162,Hrs,0.126,0.126,Amazon Elastic Compute Cloud,r5.large,2,16 GiB,Linux,us-west-2,AmazonEC2,ml,prod,CC500,arn:aws:ec2:us-west-2:223344556677:reserved-instances/41949cd7-bb19-4c21-a2e7-7364828fe236,0.08162,0.069377,0.012243,,,,,,,,,
a70b36cea0cf41efaa5396b9b67e4e2b,2026-03-05T04:00:00Z/2026-03-05T05:00:00Z,112233445566,2026-03-01T00:00:00Z,2026-04-01T00:00:00Z,AWS,223344556677,DiscountedUsage,2026-03-05T04:00:00Z,2026-03-05T05:00:00Z,AmazonEC2,USWE-BoxUsage:r5.large,RunInstances,us-west-2a,i-06253534318854636,1.0,4.0,4.0,0.0,0.0,0.078289,0.078289,Hrs,0.126,0.126,Amazon Elastic Compute Cloud,r5.large,2,16 GiB,Linux,us-west-2,AmazonEC2,ml,prod,CC500,arn:aws:ec2:us-west-2:223344556677:reserved-instances/41949cd7-bb19-4c21-a2e7-7364828fe236,0.078289,0.066546,0.011743,,,,,,,,,
d5adc808f4f9460da1e5737d42a1ba30,2026-03-05T14:00:00Z/2026-03-05T15:00:00Z,112233445566,2026-03-01T00:00:00Z,2026-04-01T00:00:00Z,AWS,223344556677,DiscountedUsage,2026-03-05T14:00:00Z,2026-03-05T15:00:00Z,AmazonEC2,USWE-BoxUsage:r5.large,RunInstances,us-west-2a,i-06253534318854636,1.0,4.0,4.0,0.0,0.0,0.070469,0.070469,Hrs,0.126,0.126,Amazon Elastic Compute Cloud,r5.large,2,16 GiB,Linux,us-west-2,AmazonEC2,ml,prod,CC500,arn:aws:ec2:us-west-2:223344556677:reserved-instances/41949cd7-bb19-4c21-a2e7-7364828fe236,0.070469,0.059899,0.01057,,,,,,,,,
d26c7295871e4ecbac104653d700eba3,2026-03-06T00:00:00Z/2026-03-06T01:00:00Z,112233445566,2026-03-01T00:00:00Z,2026-04-01T00:00:00Z,AWS,223344556677,DiscountedUsage,2026-03-06T00:00:00Z,2026-03-06T01:00:00Z,AmazonEC2,USWE-BoxUsage:r5.large,RunInstances,us-west-2a,i-06253534318854636,1.0,4.0,4.0,0.0,0.0,0.086293,0.086293,Hrs,0.126,0.126,Amazon Elastic Compute Cloud,r5.large,2,16 GiB,Linux,us-west-2,AmazonEC2,ml,prod,CC500,arn:aws:ec2:us-west-2:223344556677:reserved-instances/41949cd7-bb19-4c21-a2e7-7364828fe236,0.086293,0.073349,0.012944,,,,,,,,,
8258ec5baff147adbb93635cfb12f6ed,2026-03-06T10:00:00Z/2026-03-06T11:00:00Z,112233445566,2026-03-01T00:00:00Z,2026-04-01T00:00:00Z,AWS,223344556677,DiscountedUsage,2026-03-06T10:00:00Z,2026-03-06T11:00:00Z,AmazonEC2,USWE-BoxUsage:r5.large,RunInstances,us-west-2a,i-06253534318854636,1.0,4.0,4.0,0.0,0.0,0.082801,0.082801,Hrs,0.126,0.126,Amazon Elastic Compute Cloud,r5.large,2,16 GiB,Linux,us-west-2,AmazonEC2,ml,prod,CC500,arn:aws:ec2:us-west-2:223344556677:reserved-instances/41949cd7-bb19-4c21-a2e7-7364828fe236,0.082801,0.070381,0.01242,,,,,,,,,
94f5e817c9474ec0a52916df3068d465,2026-03-06T20:00:00Z/2026-03-06T21:00:00Z,112233445566,2026-03-01T00:00:00Z,2026-04-01T00:00:00Z,AWS,223344556677,DiscountedUsage,2026-03-06T20:00:00Z,2026-03-06T21:00:00Z,AmazonEC2,USWE-BoxUsage:r5.large,RunInstances,us-west-2a,i-06253534318854636,1.0,4.0,4.0,0.0,0.0,0.072561,0.072561,Hrs,0.126,0.126,Amazon Elastic Compute Cloud,r5.large,2,16 GiB,Linux,us-west-2,AmazonEC2,ml,prod,CC500,arn:aws:ec2:us-west-2:223344556677:reserved-instances/41949cd7-bb19-4c21-a2e7-7364828fe236,0.072561,0.061677,0.010884,,,,,,,,,
e3a8e795fa6541038f9d40d1f5623917,2026-03-07T06:00:00Z/2026-03-07T07:00:00Z,112233445566,2026-03-01T00:00:00Z,2026-04-01T00:00:00Z,AWS,223344556677,DiscountedUsage,2026-03-07T06:00:00Z,2026-03-07T07:00:00Z,AmazonEC2,USWE-BoxUsage:r5.large,RunInstances,us-west-2a,i-06253534318854636,1.0,4.0,4.0,0.0,0.0,0.077574,0.077574,Hrs,0.126,0.126,Amazon Elastic Compute Cloud,r5.large,2,16 GiB,Linux,us-west-2,AmazonEC2,ml,prod,CC500,arn:aws:ec2:us-west-2:223344556677:reserved-instances/41949cd7-bb19-4c21-a2e7-7364828fe236,0.077574,0.065938,0.011636,,,,,,,,,
61a38470fe07462e93452ca43390045b,2026-03-07T16:00:00Z/2026-03-07T17:00:00Z,112233445566,2026-03-01T00:00:00Z,2026-04-01T00:00:00Z,AWS,223344556677,DiscountedUsage,2026-03-07T16:00:00Z,2026-03-07T17:00:00Z,AmazonEC2,USWE-BoxUsage:r5.large,RunInstances,us-west-2a,i-06253534318854636,1.0,4.0,4.0,0.0,0.0,0.07918,0.07918,Hrs,0.126,0.126,Amazon Elastic Compute Cloud,r5.large,2,16 GiB,Linux,us-west-2,AmazonEC2,ml,prod,CC500,arn:aws:ec2:us-west-2:223344556677:reserved-instances/41949cd7-bb19-4c21-a2e7-7364828fe236,0.07918,0.067303,0.011877,,,,,,,,,
834afbd4e9d44fd686722ef0c3eb43eb,2026-03-08T02:00:00Z/2026-03-08T03:00:00Z,112233445566,2026-03-01T00:00:00Z,2026-04-01T00:00:00Z,AWS,223344556677,DiscountedUsage,2026-03-08T02:00:00Z,2026-03-08T03:00:00Z,AmazonEC2,USWE-BoxUsage:r5.large,RunInstances,us-west-2a,i-06253534318854636,1.0,4.0,4.0,0.0,0.0,0.076347,0.076347,Hrs,0.126,0.126,Amazon Elastic Compute Cloud,r5.large,2,16 GiB,Linux,us-west-2,AmazonEC2,ml,prod,CC500,arn:aws:ec2:us-west-2:223344556677:reserved-instances/41949cd7-bb19-4c21-a2e7-7364828fe236,0.076347,0.064895,0.011452,,,,,,,,,
a7f47b66c7e644459439c2ba398bdeb0,2026-03-08T12:00:00Z/2026-03-08T13:00:00Z,112233445566,2026-03-01T00:00:00Z,2026-04-01T00:00:00Z,AWS,223344556677,DiscountedUsage,2026-03-08T12:00:00Z,2026-03-08T13:00:00Z,AmazonEC2,USWE-BoxUsage:r5.large,RunInstances,us-west-2a,i-06253534318854636,1.0,4.0,4.0,0.0,0.0,0.077026,0.077026,Hrs,0.126,0.126,Amazon Elastic Compute Cloud,r5.large,2,16 GiB,Linux,us-west-2,AmazonEC2,ml,prod,CC500,arn:aws:ec2:us-west-2:223344556677:reserved-instances/41949cd7-bb19-4c21-a2e7-7364828fe236,0.077026,0.065472,0.011554,,,,,,,,,
38db4af3ad874d4c8d3c68f2ae1d508b,2026-03-08T22:00:00Z/2026-03-08T23:00:00Z,112233445566,2026-03-01T00:00:00Z,2026-04-01T00:00:00Z,AWS,223344556677,DiscountedUsage,2026-03-08T22:00:00Z,2026-03-08T23:00:00Z,AmazonEC2,USWE-BoxUsage:r5.large,RunInstances,us-west-2a,i-06253534318854636,1.0,4.0,4.0,0.0,0.0,0.0806,0.0806,Hrs,0.126,0.126,Amazon Elastic Compute Cloud,r5.large,2,16 GiB,Linux,us-west-2,AmazonEC2,ml,prod,CC500,arn:aws:ec2:us-west-2:223344556677:reserved-instances/41949cd7-bb19-4c21-a2e7-7364828fe236,0.0806,0.06851,0.01209,,,,,,,,,
472128c21ab549b687ed0410b55dc956,2026-03-09T08:00:00Z/2026-03-09T09:00:00Z,112233445566,2026-03-01T00:00:00Z,2026-04-01T00:00:00Z,AWS,223344556677,DiscountedUsage,2026-03-09T08:00:00Z,2026-03-09T09:00:00Z,AmazonEC2,USWE-BoxUsage:r5.large,RunInstances,us-west-2a,i-06253534318854636,1.0,4.0,4.0,0.0,0.0,0.081534,0.081534,Hrs,0.126,0.126,Amazon Elastic Compute Cloud,r5.large,2,16 GiB,Linux,us-west-2,AmazonEC2,ml,prod,CC500,arn:aws:ec2:us-west-2:223344556677:reserved-instances/41949cd7-bb19-4c21-a2e7-7364828fe236,0.081534,0.069304,0.01223,,,,,,,,,
d6663e0529334cfebfeabe765e2b3495,2026-03-09T18:00:00Z/2026-03-09T19:00:00Z,112233445566,2026-03-01T00:00:00Z,2026-04-01T00:00:00Z,AWS,223344556677,DiscountedUsage,2026-03-09T18:00:00Z,2026-03-09T19:00:00Z,AmazonEC2,USWE-BoxUsage:r5.large,RunInstances,us-west-2a,i-06253534318854636,1.0,4.0,4.0,0.0,0.0,0.071086,0.071086,Hrs,0.126,0.126,Amazon Elastic Compute Cloud,r5.large,2,16 GiB,Linux,us-west-2,AmazonEC2,ml,prod,CC500,arn:aws:ec2:us-west-2:223344556677:reserved-instances/41949cd7-bb19-4c21-a2e7-7364828fe236,0.071086,0.060423,0.010663,,,,,,,,,
d40366a33c3e42a7ae5b7bad59f677f8,2026-03-10T04:00:00Z/2026-03-10T05:00:00Z,112233445566,2026-03-01T00:00:00Z,2026-04-01T00:00:00Z,AWS,223344556677,DiscountedUsage,2026-03-10T04:00:00Z,2026-03-10T05:00:00Z,AmazonEC2,USWE-BoxUsage:r5.large,RunInstances,us-west-2a,i-06253534318854636,1.0,4.0,4.0,0.0,0.0,0.07467,0.07467,Hrs,0.126,0.126,Amazon Elastic Compute Cloud,r5.large,2,16 GiB,Linux,us-west-2,AmazonEC2,ml,prod,CC500,arn:aws:ec2:us-west-2:223344556677:reserved-instances/41949cd7-bb19-4c21-a2e7-7364828fe236,0.07467,0.063469,0.011201,,,,,,,,,
65700ff6b99748119a235f41670fed94,2026-03-10T14:00:00Z/2026-03-10T15:00:00Z,112233445566,2026-03-01T00:00:00Z,2026-04-01T00:00:00Z,AWS,223344556677,DiscountedUsage,2026-03-10T14:00:00Z,2026-03-10T15:00:00Z,AmazonEC2,USWE-BoxUsage:r5.large,RunInstances,us-west-2a,i-06253534318854636,1.0,4.0,4.0,0.0,0.0,0.081709,0.081709,Hrs,0.126,0.126,Amazon Elastic Compute Cloud,r5.large,2,16 GiB,Linux,us-west-2,AmazonEC2,ml,prod,CC500,arn:aws:ec2:us-west-2:223344556677:reserved-instances/41949cd7-bb19-4c21-a2e7-7364828fe236,0.081709,0.069453,0.012256,,,,,,,,,
d54528a33a424feba9a01a4f8346fb08,2026-03-11T00:00:00Z/2026-03-11T01:00:00Z,112233445566,2026-03-01T00:00:00Z,2026-04-01T00:00:00Z,AWS,223344556677,DiscountedUsage,2026-03-11T00:00:00Z,2026-03-11T01:00:00Z,AmazonEC2,USWE-BoxUsage:r5.large,RunInstances,us-west-2a,i-06253534318854636,1.0,4.0,4.0,0.0,0.0,0.085805,0.085805,Hrs,0.126,0.126,Amazon Elastic Compute Cloud,r5.large,2,16 GiB,Linux,us-west-2,AmazonEC2,ml,prod,CC500,arn:aws:ec2:us-west-2:223344556677:reserved-instances/41949cd7-bb19-4c21-a2e7-7364828fe236,0.085805,0.072934,0.012871,,,,,,,,,
ef249076240e4e19b0a60c1068b6c35a,2026-03-11T10:00:00Z/2026-03-11T11:00:00Z,112233445566,2026-03-01T00:00:00Z,2026-04-01T00:00:00Z,AWS,223344556677,DiscountedUsage,2026-03-11T10:00:00Z,2026-03-11T11:00:00Z,AmazonEC2,USWE-BoxUsage:r5.large,RunInstances,us-west-2a,i-06253534318854636,1.0,4.0,4.0,0.0,0.0,0.080314,0.080314,Hrs,0.126,0.126,Amazon Elastic Compute Cloud,r5.large,2,16 GiB,Linux,us-west-2,AmazonEC2,ml,prod,CC500,arn:aws:ec2:us-west-2:223344556677:reserved-instances/41949cd7-bb19-4c21-a2e7-7364828fe236,0.080314,0.068267,0.012047,,,,,,,,,
6072fbe13e3e42c4bff338eb8b73a641,2026-03-11T20:00:00Z/2026-03-11T21:00:00Z,112233445566,2026-03-01T00:00:00Z,2026-04-01T00:00:00Z,AWS,223344556677,DiscountedUsage,2026-03-11T20:00:00Z,2026-03-11T21:00:00Z,AmazonEC2,USWE-BoxUsage:r5.large,RunInstances,us-west-2a,i-06253534318854636,1.0,4.0,4.0,0.0,0.0,0.075912,0.075912,Hrs,0.126,0.126,Amazon Elastic Compute Cloud,r5.large,2,16 GiB,Linux,us-west-2,AmazonEC2,ml,prod,CC500,arn:aws:ec2:us-west-2:223344556677:reserved-instances/41949cd7-bb19-4c21-a2e7-7364828fe236,0.075912,0.064525,0.011387,,,,,,,,,
cc3b41d0e56d4baab25e5228e83bcb58,2026-03-12T06:00:00Z/2026-03-12T07:00:00Z,112233445566,2026-03-01T00:00:00Z,2026-04-01T00:00:00Z,AWS,223344556677,DiscountedUsage,2026-03-12T06:00:00Z,2026-03-12T07:00:00Z,AmazonEC2,USWE-BoxUsage:r5.large,RunInstances,us-west-2a,i-06253534318854636,1.0,4.0,4.0,0.0,0.0,0.082501,0.082501,Hrs,0.126,0.126,Amazon Elastic Compute Cloud,r5.large,2,16 GiB,Linux,us-west-2,AmazonEC2,ml,prod,CC500,arn:aws:ec2:us-west-2:223344556677:reserved-instances/41949cd7-bb19-4c21-a2e7-7364828fe236,0.082501,0.070126,0.012375,,,,,,,,,
a5273721ee57466e8c2f65c08e57840e,2026-03-12T16:00:00Z/2026-03-12T17:00:00Z,112233445566,2026-03-01T00:00:00Z,2026-04-01T00:00:00Z,AWS,223344556677,DiscountedUsage,2026-03-12T16:00:00Z,2026-03-12T17:00:00Z,AmazonEC2,USWE-BoxUsage:r5.large,RunInstances,us-west-2a,i-06253534318854636,1.0,4.0,4.0,0.0,0.0,0.080546,0.080546,Hrs,0.126,0.126,Amazon Elastic Compute Cloud,r5.large,2,16 GiB,Linux,us-west-2,AmazonEC2,ml,prod,CC500,arn:aws:ec2:us-west-2:223344556677:reserved-instances/41949cd7-bb19-4c21-a2e7-7364828fe236,0.080546,0.068464,0.012082,,,,,,,,,
625bae8f312545e7bdaf034944276a20,2026-03-13T02:00:00Z/2026-03-13T03:00:00Z,112233445566,2026-03-01T00:00:00Z,2026-04-01T00:00:00Z,AWS,223344556677,DiscountedUsage,2026-03-13T02:00:00Z,2026-03-13T03:00:00Z,AmazonEC2,USWE-BoxUsage:r5.large,RunInstances,us-west-2a,i-06253534318854636,1.0,4.0,4.0,0.0,0.0,0.075151,0.075151,Hrs,0.126,0.126,Amazon Elastic Compute Cloud,r5.large,2,16 GiB,Linux,us-west-2,AmazonEC2,ml,prod,CC500,arn:aws:ec2:us-west-2:223344556677:reserved-instances/41949cd7-bb19-4c21-a2e7-7364828fe236,0.075151,0.063878,0.011273,,,,,,,,,
27f18d4935694779ad4ac040535c8e7c,2026-03-13T12:00:00Z/2026-03-13T13:00:00Z,112233445566,2026-03-01T00:00:00Z,2026-04-01T00:00:00Z,AWS,223344556677,DiscountedUsage,2026-03-13T12:00:00Z,2026-03-13T13:00:00Z,AmazonEC2,USWE-BoxUsage:r5.large,RunInstances,us-west-2a,i-06253534318854636,1.0,4.0,4.0,0.0,0.0,0.084262,0.084262,Hrs,0.126,0.126,Amazon Elastic Compute Cloud,r5.large,2,16 GiB,Linux,us-west-2,AmazonEC2,ml,prod,CC500,arn:aws:ec2:us-west-2:223344556677:reserved-instances/41949cd7-bb19-4c21-a2e7-7364828fe236,0.084262,0.071623,0.012639,,,,,,,,,
27e6d9b2a69e4831b29ab5230cb828b2,2026-03-13T22:00:00Z/2026-03-13T23:00:00Z,112233445566,2026-03-01T00:00:00Z,2026-04-01T00:00:00Z,AWS,223344556677,DiscountedUsage,2026-03-13T22:00:00Z,2026-03-13T23:00:00Z,AmazonEC2,USWE-BoxUsage:r5.large,RunInstances,us-west-2a,i-06253534318854636,1.0,4.0,4.0,0.0,0.0,0.081965,0.081965,Hrs,0.126,0.126,Amazon Elastic Compute Cloud,r5.large,2,16 GiB,Linux,us-west-2,AmazonEC2,ml,prod,CC500,arn:aws:ec2:us-west-2:223344556677:reserved-instances/41949cd7-bb19-4c21-a2e7-7364828fe236,0.081965,0.06967,0.012295,,,,,,,,,
94c8a68fd7ce4b6781d17228376d71ff,2026-03-14T08:00:00Z/2026-03-14T09:00:00Z,112233445566,2026-03-01T00:00:00Z,2026-04-01T00:00:00Z,AWS,223344556677,DiscountedUsage,2026-03-14T08:00:00Z,2026-03-14T09:00:00Z,AmazonEC2,USWE-BoxUsage:r5.large,RunInstances,us-west-2a,i-06253534318854636,1.0,4.0,4.0,0.0,0.0,0.083263,0.083263,Hrs,0.126,0.126,Amazon Elastic Compute Cloud,r5.large,2,16 GiB,Linux,us-west-2,AmazonEC2,ml,prod,CC500,arn:aws:ec2:us-west-2:223344556677:reserved-instances/41949cd7-bb19-4c21-a2e7-7364828fe236,0.083263,0.070774,0.012489,,,,,,,,,
81b6241a91c946679d2e1ab2c5c849b0,2026-03-14T18:00:00Z/2026-03-14T19:00:00Z,112233445566,2026-03-01T00:00:00Z,2026-04-01T00:00:00Z,AWS,223344556677,DiscountedUsage,2026-03-14T18:00:00Z,2026-03-14T19:00:00Z,AmazonEC2,USWE-BoxUsage:r5.large,RunInstances,us-west-2a,i-06253534318854636,1.0,4.0,4.0,0.0,0.0,0.079249,0.079249,Hrs,0.126,0.126,Amazon Elastic Compute Cloud,r5.large,2,16 GiB,Linux,us-west-2,AmazonEC2,ml,prod,CC500,arn:aws:ec2:us-west-2:223344556677:reserved-instances/41949cd7-bb19-4c21-a2e7-7364828fe236,0.079249,0.067362,0.011887,,,,,,,,,
6905701e7aea48daa862c106d1c5b108,2026-03-15T04:00:00Z/2026-03-15T05:00:00Z,112233445566,2026-03-01T00:00:00Z,2026-04-01T00:00:00Z,AWS,223344556677,DiscountedUsage,2026-03-15T04:00:00Z,2026-03-15T05:00:00Z,AmazonEC2,USWE-BoxUsage:r5.large,RunInstances,us-west-2a,i-06253534318854636,1.0,4.0,4.0,0.0,0.0,0.077302,0.077302,Hrs,0.126,0.126,Amazon Elastic Compute Cloud,r5.large,2,16 GiB,Linux,us-west-2,AmazonEC2,ml,prod,CC500,arn:aws:ec2:us-west-2:223344556677:reserved-instances/41949cd7-bb19-4c21-a2e7-7364828fe236,0.077302,0.065707,0.011595,,,,,,,,,
10b689f14a944b7299f32eefda2abf53,2026-03-15T14:00:00Z/2026-03-15T15:00:00Z,112233445566,2026-03-01T00:00:00Z,2026-04-01T00:00:00Z,AWS,223344556677,DiscountedUsage,2026-03-15T14:00:00Z,2026-03-15T15:00:00Z,AmazonEC2,USWE-BoxUsage:r5.large,RunInstances,us-west-2a,i-06253534318854636,1.0,4.0,4.0,0.0,0.0,0.076153,0.076153,Hrs,0.126,0.126,Amazon Elastic Compute Cloud,r5.large,2,16 GiB,Linux,us-west-2,AmazonEC2,ml,prod,CC500,arn:aws:ec2:us-west-2:223344556677:reserved-instances/41949cd7-bb19-4c21-a2e7-7364828fe236,0.076153,0.06473,0.011423,,,,,,,,,
05adbaa1b5844c70ab5a3dee62c308aa,2026-03-16T00:00:00Z/2026-03-16T01:00:00Z,112233445566,2026-03-01T00:00:00Z,2026-04-01T00:00:00Z,AWS,223344556677,DiscountedUsage,2026-03-16T00:00:00Z,2026-03-16T01:00:00Z,AmazonEC2,USWE-BoxUsage:r5.large,RunInstances,us-west-2a,i-06253534318854636,1.0,4.0,4.0,0.0,0.0,0.073348,0.073348,Hrs,0.126,0.126,Amazon Elastic Compute Cloud,r5.large,2,16 GiB,Linux,us-west-2,AmazonEC2,ml,prod,CC500,arn:aws:ec2:us-west-2:223344556677:reserved-instances/41949cd7-bb19-4c21-a2e7-7364828fe236,0.073348,0.062346,0.011002,,,,,,,,,
c9335a65938c49d39d92d50b91fab6b9,2026-03-16T10:00:00Z/2026-03-16T11:00:00Z,112233445566,2026-03-01T00:00:00Z,2026-04-01T00:00:00Z,AWS,223344556677,DiscountedUsage,2026-03-16T10:00:00Z,2026-03-16T11:00:00Z,AmazonEC2,USWE-BoxUsage:r5.large,RunInstances,us-west-2a,i-06253534318854636,1.0,4.0,4.0,0.0,0.0,0.078491,0.078491,Hrs,0.126,0.126,Amazon Elastic Compute Cloud,r5.large,2,16 GiB,Linux,us-west-2,AmazonEC2,ml,prod,CC500,arn:aws:ec2:us-west-2:223344556677:reserved-instances/41949cd7-bb19-4c21-a2e7-7364828fe236,0.078491,0.066717,0.011774,,,,,,,,,
fb247c6241fa4555a06c41e43aa459a6,2026-03-16T20:00:00Z/2026-03-16T21:00:00Z,112233445566,2026-03-01T00:00:00Z,2026-04-01T00:00:00Z,AWS,223344556677,DiscountedUsage,2026-03-16T20:00:00Z,2026-03-16T21:00:00Z,AmazonEC2,USWE-BoxUsage:r5.large,RunInstances,us-west-2a,i-06253534318854636,1.0,4.0,4.0,0.0,0.0,0.0719,0.0719,Hrs,0.126,0.126,Amazon Elastic Compute Cloud,r5.large,2,16 GiB,Linux,us-west-2,AmazonEC2,ml,prod,CC500,arn:aws:ec2:us-west-2:223344556677:reserved-instances/41949cd7-bb19-4c21-a2e7-7364828fe236,0.0719,0.061115,0.010785,,,,,,,,,
fec54050333d46f899f14738d4d28301,2026-03-17T06:00:00Z/2026-03-17T07:00:00Z,112233445566,2026-03-01T00:00:00Z,2026-04-01T00:00:00Z,AWS,223344556677,DiscountedUsage,2026-03-17T06:00:00Z,2026-03-17T07:00:00Z,AmazonEC2,USWE-BoxUsage:r5.large,RunInstances,us-west-2a,i-06253534318854636,1.0,4.0,4.0,0.0,0.0,0.08526,0.08526,Hrs,0.126,0.126,Amazon Elastic Compute Cloud,r5.large,2,16 GiB,Linux,us-west-2,AmazonEC2,ml,prod,CC500,arn:aws:ec2:us-west-2:223344556677:reserved-instances/41949cd7-bb19-4c21-a2e7-7364828fe236,0.08526,0.072471,0.012789,,,,,,,,,
42486ee2e2b04feab02fd59d368eedff,2026-03-17T16:00:00Z/2026-03-17T17:00:00Z,112233445566,2026-03-01T00:00:00Z,2026-04-01T00:00:00Z,AWS,223344556677,DiscountedUsage,2026-03-17T16:00:00Z,2026-03-17T17:00:00Z,AmazonEC2,USWE-BoxUsage:r5.large,RunInstances,us-west-2a,i-06253534318854636,1.0,4.0,4.0,0.0,0.0,0.08387,0.08387,Hrs,0.126,0.126,Amazon Elastic Compute Cloud,r5.large,2,16 GiB,Linux,us-west-2,AmazonEC2,ml,prod,CC500,arn:aws:ec2:us-west-2:223344556677:reserved-instances/41949cd7-bb19-4c21-a2e7-7364828fe236,0.08387,0.071289,0.01258,,,,,,,,,
05048fc3fc334e92898c79e5d1ddd34b,2026-03-18T02:00:00Z/2026-03-18T03:00:00Z,112233445566,2026-03-01T00:00:00Z,2026-04-01T00:00:00Z,AWS,223344556677,DiscountedUsage,2026-03-18T02:00:00Z,2026-03-18T03:00:00Z,AmazonEC2,USWE-BoxUsage:r5.large,RunInstances,us-west-2a,i-06253534318854636,1.0,4.0,4.0,0.0,0.0,0.086002,0.086002,Hrs,0.126,0.126,Amazon Elastic Compute Cloud,r5.large,2,16 GiB,Linux,us-west-2,AmazonEC2,ml,prod,CC500,arn:aws:ec2:us-west-2:223344556677:reserved-instances/41949cd7-bb19-4c21-a2e7-7364828fe236,0.086002,0.073102,0.0129,,,,,,,,,
bd46aa40f50e4d6cb78d90305e86210f,2026-03-18T12:00:00Z/2026-03-18T13:00:00Z,112233445566,2026-03-01T00:00:00Z,2026-04-01T00:00:00Z,AWS,223344556677,DiscountedUsage,2026-03-18T12:00:00Z,2026-03-18T13:00:00Z,AmazonEC2,USWE-BoxUsage:r5.large,RunInstances,us-west-2a,i-06253534318854636,1.0,4.0,4.0,0.0,0.0,0.075665,0.075665,Hrs,0.126,0.126,Amazon Elastic Compute Cloud,r5.large,2,16 GiB,Linux,us-west-2,AmazonEC2,ml,prod,CC500,arn:aws:ec2:us-west-2:223344556677:reserved-instances/41949cd7-bb19-4c21-a2e7-7364828fe236,0.075665,0.064315,0.01135,,,,,,,,,
7488882df7f047beb2b926e7fda959ce,2026-03-18T22:00:00Z/2026-03-18T23:00:00Z,112233445566,2026-03-01T00:00:00Z,2026-04-01T00:00:00Z,AWS,223344556677,DiscountedUsage,2026-03-18T22:00:00Z,2026-03-18T23:00:00Z,AmazonEC2,USWE-BoxUsage:r5.large,RunInstances,us-west-2a,i-06253534318854636,1.0,4.0,4.0,0.0,0.0,0.071777,0.071777,Hrs,0.126,0.126,Amazon Elastic Compute Cloud,r5.large,2,16 GiB,Linux,us-west-2,AmazonEC2,ml,prod,CC500,arn:aws:ec2:us-west-2:223344556677:reserved-instances/41949cd7-bb19-4c21-a2e7-7364828fe236,0.071777,0.06101,0.010767,,,,,,,,,
1a7921a20a184018814ebd4085f766e6,2026-03-19T08:00:00Z/2026-03-19T09:00:00Z,112233445566,2026-03-01T00:00:00Z,2026-04-01T00:00:00Z,AWS,223344556677,DiscountedUsage,2026-03-19T08:00:00Z,2026-03-19T09:00:00Z,AmazonEC2,USWE-BoxUsage:r5.large,RunInstances,us-west-2a,i-06253534318854636,1.0,4.0,4.0,0.0,0.0,0.072366,0.072366,Hrs,0.126,0.126,Amazon Elastic Compute Cloud,r5.large,2,16 GiB,Linux,us-west-2,AmazonEC2,ml,prod,CC500,arn:aws:ec2:us-west-2:223344556677:reserved-instances/41949cd7-bb19-4c21-a2e7-7364828fe236,0.072366,0.061511,0.010855,,,,,,,,,
fb48ef463ed04a09870d28318249528e,2026-03-19T18:00:00Z/2026-03-19T19:00:00Z,112233445566,2026-03-01T00:00:00Z,2026-04-01T00:00:00Z,AWS,223344556677,DiscountedUsage,2026-03-19T18:00:00Z,2026-03-19T19:00:00Z,AmazonEC2,USWE-BoxUsage:r5.large,RunInstances,us-west-2a,i-06253534318854636,1.0,4.0,4.0,0.0,0.0,0.083874,0.083874,Hrs,0.126,0.126,Amazon Elastic Compute Cloud,r5.large,2,16 GiB,Linux,us-west-2,AmazonEC2,ml,prod,CC500,arn:aws:ec2:us-west-2:223344556677:reserved-instances/41949cd7-bb19-4c21-a2e7-7364828fe236,0.083874,0.071293,0.012581,,,,,,,,,
24361585fb744d148ea0fb3aef1a2ca4,2026-03-20T04:00:00Z/2026-03-20T05:00:00Z,112233445566,2026-03-01T00:00:00Z,2026-04-01T00:00:00Z,AWS,223344556677,DiscountedUsage,2026-03-20T04:00:00Z,2026-03-20T05:00:00Z,AmazonEC2,USWE-BoxUsage:r5.large,RunInstances,us-west-2a,i-06253534318854636,1.0,4.0,4.0,0.0,0.0,0.072429,0.072429,Hrs,0.126,0.126,Amazon Elastic Compute Cloud,r5.large,2,16 GiB,Linux,us-west-2,AmazonEC2,ml,prod,CC500,arn:aws:ec2:us-west-2:223344556677:reserved-instances/41949cd7-bb19-4c21-a2e7-7364828fe236,0.072429,0.061565,0.010864,,,,,,,,,
1400fe740e5f43ff9c0a2cb551666745,2026-03-20T14:00:00Z/2026-03-20T15:00:00Z,112233445566,2026-03-01T00:00:00Z,2026-04-01T00:00:00Z,AWS,223344556677,DiscountedUsage,2026-03-20T14:00:00Z,2026-03-20T15:00:00Z,AmazonEC2,USWE-BoxUsage:r5.large,RunInstances,us-west-2a,i-06253534318854636,1.0,4.0,4.0,0.0,0.0,0.077065,0.077065,Hrs,0.126,0.126,Amazon Elastic Compute Cloud,r5.large,2,16 GiB,Linux,us-west-2,AmazonEC2,ml,prod,CC500,arn:aws:ec2:us-west-2:223344556677:reserved-instances/41949cd7-bb19-4c21-a2e7-7364828fe236,0.077065,0.065505,0.01156,,,,,,,,,
14e2443157f64784b36a3119161e8696,2026-03-21T00:00:00Z/2026-03-21T01:00:00Z,112233445566,2026-03-01T00:00:00Z,2026-04-01T00:00:00Z,AWS,223344556677,DiscountedUsage,2026-03-21T00:00:00Z,2026-03-21T01:00:00Z,AmazonEC2,USWE-BoxUsage:r5.large,RunInstances,us-west-2a,i-06253534318854636,1.0,4.0,4.0,0.0,0.0,0.073789,0.073789,Hrs,0.126,0.126,Amazon Elastic Compute Cloud,r5.large,2,16 GiB,Linux,us-west-2,AmazonEC2,ml,prod,CC500,arn:aws:ec2:us-west-2:223344556677:reserved-instances/41949cd7-bb19-4c21-a2e7-7364828fe236,0.073789,0.062721,0.011068,,,,,,,,,
94306c4f0b1443c2ad23df107c3df724,2026-03-21T10:00:00Z/2026-03-21T11:00:00Z,112233445566,2026-03-01T00:00:00Z,2026-04-01T00:00:00Z,AWS,223344556677,DiscountedUsage,2026-03-21T10:00:00Z,2026-03-21T11:00:00Z,AmazonEC2,USWE-BoxUsage:r5.large,RunInstances,us-west-2a,i-06253534318854636,1.0,4.0,4.0,0.0,0.0,0.074685,0.074685,Hrs,0.126,0.126,Amazon Elastic Compute Cloud,r5.large,2,16 GiB,Linux,us-west-2,AmazonEC2,ml,prod,CC500,arn:aws:ec2:us-west-2:223344556677:reserved-instances/41949cd7-bb19-4c21-a2e7-7364828fe236,0.074685,0.063482,0.011203,,,,,,,,,
01f843cba0a74559af5eae7801502c09,2026-03-21T20:00:00Z/2026-03-21T21:00:00Z,112233445566,2026-03-01T00:00:00Z,2026-04-01T00:00:00Z,AWS,223344556677,DiscountedUsage,2026-03-21T20:00:00Z,2026-03-21T21:00:00Z,AmazonEC2,USWE-BoxUsage:r5.large,RunInstances,us-west-2a,i-06253534318854636,1.0,4.0,4.0,0.0,0.0,0.077785,0.077785,Hrs,0.126,0.126,Amazon Elastic Compute Cloud,r5.large,2,16 GiB,Linux,us-west-2,AmazonEC2,ml,prod,CC500,arn:aws:ec2:us-west-2:223344556677:reserved-instances/41949cd7-bb19-4c21-a2e7-7364828fe236,0.077785,0.066117,0.011668,,,,,,,,,
0b7c961feb42429ba154b020714a353b,2026-03-22T06:00:00Z/2026-03-22T07:00:00Z,112233445566,2026-03-01T00:00:00Z,2026-04-01T00:00:00Z,AWS,223344556677,DiscountedUsage,2026-03-22T06:00:00Z,2026-03-22T07:00:00Z,AmazonEC2,USWE-BoxUsage:r5.large,RunInstances,us-west-2a,i-06253534318854636,1.0,4.0,4.0,0.0,0.0,0.075149,0.075149,Hrs,0.126,0.126,Amazon Elastic Compute Cloud,r5.large,2,16 GiB,Linux,us-west-2,AmazonEC2,ml,prod,CC500,arn:aws:ec2:us-west-2:223344556677:reserved-instances/41949cd7-bb19-4c21-a2e7-7364828fe236,0.075149,0.063877,0.011272,,,,,,,,,
dfa82044099b4bf69b40b371ec64f7ec,2026-03-22T16:00:00Z/2026-03-22T17:00:00Z,112233445566,2026-03-01T00:00:00Z,2026-04-01T00:00:00Z,AWS,223344556677,DiscountedUsage,2026-03-22T16:00:00Z,2026-03-22T17:00:00Z,AmazonEC2,USWE-BoxUsage:r5.large,RunInstances,us-west-2a,i-06253534318854636,1.0,4.0,4.0,0.0,0.0,0.078164,0.078164,Hrs,0.126,0.126,Amazon Elastic Compute Cloud,r5.large,2,16 GiB,Linux,us-west-2,AmazonEC2,ml,prod,CC500,arn:aws:ec2:us-west-2:223344556677:reserved-instances/41949cd7-bb19-4c21-a2e7-7364828fe236,0.078164,0.066439,0.011725,,,,,,,,,
d3dab3187cec4d8cabda7d4f5912f76e,2026-03-23T02:00:00Z/2026-03-23T03:00:00Z,112233445566,2026-03-01T00:00:00Z,2026-04-01T00:00:00Z,AWS,223344556677,DiscountedUsage,2026-03-23T02:00:00Z,2026-03-23T03:00:00Z,AmazonEC2,USWE-BoxUsage:r5.large,RunInstances,us-west-2a,i-06253534318854636,1.0,4.0,4.0,0.0,0.0,0.076252,0.076252,Hrs,0.126,0.126,Amazon Elastic Compute Cloud,r5.large,2,16 GiB,Linux,us-west-2,AmazonEC2,ml,prod,CC500,arn:aws:ec2:us-west-2:223344556677:reserved-instances/41949cd7-bb19-4c21-a2e7-7364828fe236,0.076252,0.064814,0.011438,,,,,,,,,
c4b942638373447994eef611ef0f53f5,2026-03-23T12:00:00Z/2026-03-23T13:00:00Z,112233445566,2026-03-01T00:00:00Z,2026-04-01T00:00:00Z,AWS,223344556677,DiscountedUsage,2026-03-23T12:00:00Z,2026-03-23T13:00:00Z,AmazonEC2,USWE-BoxUsage:r5.large,RunInstances,us-west-2a,i-06253534318854636,1.0,4.0,4.0,0.0,0.0,0.087906,0.087906,Hrs,0.126,0.126,Amazon Elastic Compute Cloud,r5.large,2,16 GiB,Linux,us-west-2,AmazonEC2,ml,prod,CC500,arn:aws:ec2:us-west-2:223344556677:reserved-instances/41949cd7-bb19-4c21-a2e7-7364828fe236,0.087906,0.07472,0.013186,,,,,,,,,
18116d15061848208f614e7f6a5895f6,2026-03-23T22:00:00Z/2026-03-23T23:00:00Z,112233445566,2026-03-01T00:00:00Z,2026-04-01T00:00:00Z,AWS,223344556677,DiscountedUsage,2026-03-23T22:00:00Z,2026-03-23T23:00:00Z,AmazonEC2,USWE-BoxUsage:r5.large,RunInstances,us-west-2a,i-06253534318854636,1.0,4.0,4.0,0.0,0.0,0.074625,0.074625,Hrs,0.126,0.126,Amazon Elastic Compute Cloud,r5.large,2,16 GiB,Linux,us-west-2,AmazonEC2,ml,prod,CC500,arn:aws:ec2:us-west-2:223344556677:reserved-instances/41949cd7-bb19-4c21-a2e7-7364828fe236,0.074625,0.063431,0.011194,,,,,,,,,
6b2fb5c2a5b84605aaef1ee6ba76f359,2026-03-24T08:00:00Z/2026-03-24T09:00:00Z,112233445566,2026-03-01T00:00:00Z,2026-04-01T00:00:00Z,AWS,223344556677,DiscountedUsage,2026-03-24T08:00:00Z,2026-03-24T09:00:00Z,AmazonEC2,USWE-BoxUsage:r5.large,RunInstances,us-west-2a,i-06253534318854636,1.0,4.0,4.0,0.0,0.0,0.079269,0.079269,Hrs,0.126,0.126,Amazon Elastic Compute Cloud,r5.large,2,16 GiB,Linux,us-west-2,AmazonEC2,ml,prod,CC500,arn:aws:ec2:us-west-2:223344556677:reserved-instances/41949cd7-bb19-4c21-a2e7-7364828fe236,0.079269,0.067379,0.01189,,,,,,,,,
d1cef81264f145e5b09ddaf333b489dd,2026-03-24T18:00:00Z/2026-03-24T19:00:00Z,112233445566,2026-03-01T00:00:00Z,2026-04-01T00:00:00Z,AWS,223344556677,DiscountedUsage,2026-03-24T18:00:00Z,2026-03-24T19:00:00Z,AmazonEC2,USWE-BoxUsage:r5.large,RunInstances,us-west-2a,i-06253534318854636,1.0,4.0,4.0,0.0,0.0,0.084739,0.084739,Hrs,0.126,0.126,Amazon Elastic Compute Cloud,r5.large,2,16 GiB,Linux,us-west-2,AmazonEC2,ml,prod,CC500,arn:aws:ec2:us-west-2:223344556677:reserved-instances/41949cd7-bb19-4c21-a2e7-7364828fe236,0.084739,0.072028,0.012711,,,,,,,,,
a054c02072914b79933c62ead036c5fc,2026-03-25T04:00:00Z/2026-03-25T05:00:00Z,112233445566,2026-03-01T00:00:00Z,2026-04-01T00:00:00Z,AWS,223344556677,DiscountedUsage,2026-03-25T04:00:00Z,2026-03-25T05:00:00Z,AmazonEC2,USWE-BoxUsage:r5.large,RunInstances,us-west-2a,i-06253534318854636,1.0,4.0,4.0,0.0,0.0,0.071916,0.071916,Hrs,0.126,0.126,Amazon Elastic Compute Cloud,r5.large,2,16 GiB,Linux,us-west-2,AmazonEC2,ml,prod,CC500,arn:aws:ec2:us-west-2:223344556677:reserved-instances/41949cd7-bb19-4c21-a2e7-7364828fe236,0.071916,0.061129,0.010787,,,,,,,,,
52652163a4254be5ac4c3f3a11a1296f,2026-03-25T14:00:00Z/2026-03-25T15:00:00Z,112233445566,2026-03-01T00:00:00Z,2026-04-01T00:00:00Z,AWS,223344556677,DiscountedUsage,2026-03-25T14:00:00Z,2026-03-25T15:00:00Z,AmazonEC2,USWE-BoxUsage:r5.large,RunInstances,us-west-2a,i-06253534318854636,1.0,4.0,4.0,0.0,0.0,0.081418,0.081418,Hrs,0.126,0.126,Amazon Elastic Compute Cloud,r5.large,2,16 GiB,Linux,us-west-2,AmazonEC2,ml,prod,CC500,arn:aws:ec2:us-west-2:223344556677:reserved-instances/41949cd7-bb19-4c21-a2e7-7364828fe236,0.081418,0.069205,0.012213,,,,,,,,,
3c9fb4d6df174ac1861b70002a4ddf2d,2026-03-26T00:00:00Z/2026-03-26T01:00:00Z,112233445566,2026-03-01T00:00:00Z,2026-04-01T00:00:00Z,AWS,223344556677,DiscountedUsage,2026-03-26T00:00:00Z,2026-03-26T01:00:00Z,AmazonEC2,USWE-BoxUsage:r5.large,RunInstances,us-west-2a,i-06253534318854636,1.0,4.0,4.0,0.0,0.0,0.079781,0.079781,Hrs,0.126,0.126,Amazon Elastic Compute Cloud,r5.large,2,16 GiB,Linux,us-west-2,AmazonEC2,ml,prod,CC500,arn:aws:ec2:us-west-2:223344556677:reserved-instances/41949cd7-bb19-4c21-a2e7-7364828fe236,0.079781,0.067814,0.011967,,,,,,,,,
9106b54c8e3a4ad3b0def4c59d74206c,2026-03-26T10:00:00Z/2026-03-26T11:00:00Z,112233445566,2026-03-01T00:00:00Z,2026-04-01T00:00:00Z,AWS,223344556677,DiscountedUsage,2026-03-26T10:00:00Z,2026-03-26T11:00:00Z,AmazonEC2,USWE-BoxUsage:r5.large,RunInstances,us-west-2a,i-06253534318854636,1.0,4.0,4.0,0.0,0.0,0.085287,0.085287,Hrs,0.126,0.126,Amazon Elastic Compute Cloud,r5.large,2,16 GiB,Linux,us-west-2,AmazonEC2,ml,prod,CC500,arn:aws:ec2:us-west-2:223344556677:reserved-instances/41949cd7-bb19-4c21-a2e7-7364828fe236,0.085287,0.072494,0.012793,,,,,,,,,
ba384063fe864c938c121fac2f0e1823,2026-03-26T20:00:00Z/2026-03-26T21:00:00Z,112233445566,2026-03-01T00:00:00Z,2026-04-01T00:00:00Z,AWS,223344556677,DiscountedUsage,2026-03-26T20:00:00Z,2026-03-26T21:00:00Z,AmazonEC2,USWE-BoxUsage:r5.large,RunInstances,us-west-2a,i-06253534318854636,1.0,4.0,4.0,0.0,0.0,0.074688,0.074688,Hrs,0.126,0.126,Amazon Elastic Compute Cloud,r5.large,2,16 GiB,Linux,us-west-2,AmazonEC2,ml,prod,CC500,arn:aws:ec2:us-west-2:223344556677:reserved-instances/41949cd7-bb19-4c21-a2e7-7364828fe236,0.074688,0.063485,0.011203,,,,,,,,,
dff0b58231a04100a1f4fe05af29d410,2026-03-27T06:00:00Z/2026-03-27T07:00:00Z,112233445566,2026-03-01T00:00:00Z,2026-04-01T00:00:00Z,AWS,223344556677,DiscountedUsage,2026-03-27T06:00:00Z,2026-03-27T07:00:00Z,AmazonEC2,USWE-BoxUsage:r5.large,RunInstances,us-west-2a,i-06253534318854636,1.0,4.0,4.0,0.0,0.0,0.074456,0.074456,Hrs,0.126,0.126,Amazon Elastic Compute Cloud,r5.large,2,16 GiB,Linux,us-west-2,AmazonEC2,ml,prod,CC500,arn:aws:ec2:us-west-2:223344556677:reserved-instances/41949cd7-bb19-4c21-a2e7-7364828fe236,0.074456,0.063288,0.011168,,,,,,,,,
f44ebcbfd8d54d7ea48dc43df2276fb6,2026-03-27T16:00:00Z/2026-03-27T17:00:00Z,112233445566,2026-03-01T00:00:00Z,2026-04-01T00:00:00Z,AWS,223344556677,DiscountedUsage,2026-03-27T16:00:00Z,2026-03-27T17:00:00Z,AmazonEC2,USWE-BoxUsage:r5.large,RunInstances,us-west-2a,i-06253534318854636,1.0,4.0,4.0,0.0,0.0,0.072085,0.072085,Hrs,0.126,0.126,Amazon Elastic Compute Cloud,r5.large,2,16 GiB,Linux,us-west-2,AmazonEC2,ml,prod,CC500,arn:aws:ec2:us-west-2:223344556677:reserved-instances/41949cd7-bb19-4c21-a2e7-7364828fe236,0.072085,0.061272,0.010813,,,,,,,,,
e47eab6661024efa859ffd9eccdd0fd0,2026-03-28T02:00:00Z/2026-03-28T03:00:00Z,112233445566,2026-03-01T00:00:00Z,2026-04-01T00:00:00Z,AWS,223344556677,DiscountedUsage,2026-03-28T02:00:00Z,2026-03-28T03:00:00Z,AmazonEC2,USWE-BoxUsage:r5.large,RunInstances,us-west-2a,i-06253534318854636,1.0,4.0,4.0,0.0,0.0,0.087187,0.087187,Hrs,0.126,0.126,Amazon Elastic Compute Cloud,r5.large,2,16 GiB,Linux,us-west-2,AmazonEC2,ml,prod,CC500,arn:aws:ec2:us-west-2:223344556677:reserved-instances/41949cd7-bb19-4c21-a2e7-7364828fe236,0.087187,0.074109,0.013078,,,,,,,,,
bff3e7e2adf447e2bd010c24e1e4561a,2026-03-28T12:00:00Z/2026-03-28T13:00:00Z,112233445566,2026-03-01T00:00:00Z,2026-04-01T00:00:00Z,AWS,223344556677,DiscountedUsage,2026-03-28T12:00:00Z,2026-03-28T13:00:00Z,AmazonEC2,USWE-BoxUsage:r5.large,RunInstances,us-west-2a,i-06253534318854636,1.0,4.0,4.0,0.0,0.0,0.077826,0.077826,Hrs,0.126,0.126,Amazon Elastic Compute Cloud,r5.large,2,16 GiB,Linux,us-west-2,AmazonEC2,ml,prod,CC500,arn:aws:ec2:us-west-2:223344556677:reserved-instances/41949cd7-bb19-4c21-a2e7-7364828fe236,0.077826,0.066152,0.011674,,,,,,,,,
de2d1fa0cb03452b98f9399dfa268f9a,2026-03-28T22:00:00Z/2026-03-28T23:00:00Z,112233445566,2026-03-01T00:00:00Z,2026-04-01T00:00:00Z,AWS,223344556677,DiscountedUsage,2026-03-28T22:00:00Z,2026-03-28T23:00:00Z,AmazonEC2,USWE-BoxUsage:r5.large,RunInstances,us-west-2a,i-06253534318854636,1.0,4.0,4.0,0.0,0.0,0.069804,0.069804,Hrs,0.126,0.126,Amazon Elastic Compute Cloud,r5.large,2,16 GiB,Linux,us-west-2,AmazonEC2,ml,prod,CC500,arn:aws:ec2:us-west-2:223344556677:reserved-instances/41949cd7-bb19-4c21-a2e7-7364828fe236,0.069804,0.059333,0.010471,,,,,,,,,
05077e7b60f4436094bb6233757318f5,2026-03-29T08:00:00Z/2026-03-29T09:00:00Z,112233445566,2026-03-01T00:00:00Z,2026-04-01T00:00:00Z,AWS,223344556677,DiscountedUsage,2026-03-29T08:00:00Z,2026-03-29T09:00:00Z,AmazonEC2,USWE-BoxUsage:r5.large,RunInstances,us-west-2a,i-06253534318854636,1.0,4.0,4.0,0.0,0.0,0.078788,0.078788,Hrs,0.126,0.126,Amazon Elastic Compute Cloud,r5.large,2,16 GiB,Linux,us-west-2,AmazonEC2,ml,prod,CC500,arn:aws:ec2:us-west-2:223344556677:reserved-instances/41949cd7-bb19-4c21-a2e7-7364828fe236,0.078788,0.06697,0.011818,,,,,,,,,
8c8d4bae2fe4414589e33905bbc0233a,2026-03-29T18:00:00Z/2026-03-29T19:00:00Z,112233445566,2026-03-01T00:00:00Z,2026-04-01T00:00:00Z,AWS,223344556677,DiscountedUsage,2026-03-29T18:00:00Z,2026-03-29T19:00:00Z,AmazonEC2,USWE-BoxUsage:r5.large,RunInstances,us-west-2a,i-06253534318854636,1.0,4.0,4.0,0.0,0.0,0.088097,0.088097,Hrs,0.126,0.126,Amazon Elastic Compute Cloud,r5.large,2,16 GiB,Linux,us-west-2,AmazonEC2,ml,prod,CC500,arn:aws:ec2:us-west-2:223344556677:reserved-instances/41949cd7-bb19-4c21-a2e7-7364828fe236,0.088097,0.074882,0.013215,,,,,,,,,
e6109ee4491d40669bd8b7942dc9f48e,2026-03-30T04:00:00Z/2026-03-30T05:00:00Z,112233445566,2026-03-01T00:00:00Z,2026-04-01T00:00:00Z,AWS,223344556677,DiscountedUsage,2026-03-30T04:00:00Z,2026-03-30T05:00:00Z,AmazonEC2,USWE-BoxUsage:r5.large,RunInstances,us-west-2a,i-06253534318854636,1.0,4.0,4.0,0.0,0.0,0.069833,0.069833,Hrs,0.126,0.126,Amazon Elastic Compute Cloud,r5.large,2,16 GiB,Linux,us-west-2,AmazonEC2,ml,prod,CC500,arn:aws:ec2:us-west-2:223344556677:reserved-instances/41949cd7-bb19-4c21-a2e7-7364828fe236,0.069833,0.059358,0.010475,,,,,,,,,
8eb49a2eb7cd4c3d949db434e12536f4,2026-03-30T14:00:00Z/2026-03-30T15:00:00Z,112233445566,2026-03-01T00:00:00Z,2026-04-01T00:00:00Z,AWS,223344556677,DiscountedUsage,2026-03-30T14:00:00Z,2026-03-30T15:00:00Z,AmazonEC2,USWE-BoxUsage:r5.large,RunInstances,us-west-2a,i-06253534318854636,1.0,4.0,4.0,0.0,0.0,0.08516,0.08516,Hrs,0.126,0.126,Amazon Elastic Compute Cloud,r5.large,2,16 GiB,Linux,us-west-2,AmazonEC2,ml,prod,CC500,arn:aws:ec2:us-west-2:223344556677:reserved-instances/41949cd7-bb19-4c21-a2e7-7364828fe236,0.08516,0.072386,0.012774,,,,,,,,,
f89a77a1f9934e55816f0805c845f06f,2026-03-01T00:00:00Z/2026-03-01T01:00:00Z,112233445566,2026-03-01T00:00:00Z,2026-04-01T00:00:00Z,AWS,223344556677,SavingsPlanCoveredUsage,2026-03-01T00:00:00Z,2026-03-01T01:00:00Z,AmazonEC2,USWE-BoxUsage:r5.xlarge,RunInstances,us-west-2a,i-05c37106633ad4ac2,1.0,8.0,8.0,0.252,0.252,0.183743,0.183743,Hrs,0.252,0.252,Amazon Elastic Compute Cloud,r5.xlarge,4,32 GiB,Linux,us-west-2,AmazonEC2,ml,prod,CC500,,,,,,,,arn:aws:savingsplans::223344556677:savingsplan/4a5ad43f-7759-4fe0-9477-bf840cfe04d1,0.183743,0.183743,0.183743,,
f647ccd1c07240afa59bf74599f722af,2026-03-01T10:00:00Z/2026-03-01T11:00:00Z,112233445566,2026-03-01T00:00:00Z,2026-04-01T00:00:00Z,AWS,223344556677,SavingsPlanCoveredUsage,2026-03-01T10:00:00Z,2026-03-01T11:00:00Z,AmazonEC2,USWE-BoxUsage:r5.xlarge,RunInstances,us-west-2a,i-05c37106633ad4ac2,1.0,8.0,8.0,0.252,0.252,0.171029,0.171029,Hrs,0.252,0.252,Amazon Elastic Compute Cloud,r5.xlarge,4,32 GiB,Linux,us-west-2,AmazonEC2,ml,prod,CC500,,,,,,,,arn:aws:savingsplans::223344556677:savingsplan/4a5ad43f-7759-4fe0-9477-bf840cfe04d1,0.171029,0.171029,0.171029,,
b6a8f0f20523420eb909ae4f6ae72ab4,2026-03-01T20:00:00Z/2026-03-01T21:00:00Z,112233445566,2026-03-01T00:00:00Z,2026-04-01T00:00:00Z,AWS,223344556677,SavingsPlanCoveredUsage,2026-03-01T20:00:00Z,2026-03-01T21:00:00Z,AmazonEC2,USWE-BoxUsage:r5.xlarge,RunInstances,us-west-2a,i-05c37106633ad4ac2,1.0,8.0,8.0,0.252,0.252,0.181341,0.181341,Hrs,0.252,0.252,Amazon Elastic Compute Cloud,r5.xlarge,4,32 GiB,Linux,us-west-2,AmazonEC2,ml,prod,CC500,,,,,,,,arn:aws:savingsplans::223344556677:savingsplan/4a5ad43f-7759-4fe0-9477-bf840cfe04d1,0.181341,0.181341,0.181341,,
810a441a19bd4521ada1013375176f3f,2026-03-02T06:00:00Z/2026-03-02T07:00:00Z,112233445566,2026-03-01T00:00:00Z,2026-04-01T00:00:00Z,AWS,223344556677,SavingsPlanCoveredUsage,2026-03-02T06:00:00Z,2026-03-02T07:00:00Z,AmazonEC2,USWE-BoxUsage:r5.xlarge,RunInstances,us-west-2a,i-05c37106633ad4ac2,1.0,8.0,8.0,0.252,0.252,0.18158,0.18158,Hrs,0.252,0.252,Amazon Elastic Compute Cloud,r5.xlarge,4,32 GiB,Linux,us-west-2,AmazonEC2,ml,prod,CC500,,,,,,,,arn:aws:savingsplans::223344556677:savingsplan/4a5ad43f-7759-4fe0-9477-bf840cfe04d1,0.18158,0.18158,0.18158,,
ce77f4f58be6418e9a5cf228cb88921d,2026-03-02T16:00:00Z/2026-03-02T17:00:00Z,112233445566,2026-03-01T00:00:00Z,2026-04-01T00:00:00Z,AWS,223344556677,SavingsPlanCoveredUsage,2026-03-02T16:00:00Z,2026-03-02T17:00:00Z,AmazonEC2,USWE-BoxUsage:r5.xlarge,RunInstances,us-west-2a,i-05c37106633ad4ac2,1.0,8.0,8.0,0.252,0.252,0.163932,0.163932,Hrs,0.252,0.252,Amazon Elastic Compute Cloud,r5.xlarge,4,32 GiB,Linux,us-west-2,AmazonEC2,ml,prod,CC500,,,,,,,,arn:aws:savingsplans::223344556677:savingsplan/4a5ad43f-7759-4fe0-9477-bf840cfe04d1,0.163932,0.163932,0.163932,,
ba084e8553094dfc9532aa442d210cbf,2026-03-03T02:00:00Z/2026-03-03T03:00:00Z,112233445566,2026-03-01T00:00:00Z,2026-04-01T00:00:00Z,AWS,223344556677,SavingsPlanCoveredUsage,2026-03-03T02:00:00Z,2026-03-03T03:00:00Z,AmazonEC2,USWE-BoxUsage:r5.xlarge,RunInstances,us-west-2a,i-05c37106633ad4ac2,1.0,8.0,8.0,0.252,0.252,0.170249,0.170249,Hrs,0.252,0.252,Amazon Elastic Compute Cloud,r5.xlarge,4,32 GiB,Linux,us-west-2,AmazonEC2,ml,prod,CC500,,,,,,,,arn:aws:savingsplans::223344556677:savingsplan/4a5ad43f-7759-4fe0-9477-bf840cfe04d1,0.170249,0.170249,0.170249,,
009907a43a704f288661230f645f2aeb,2026-03-03T12:00:00Z/2026-03-03T13:00:00Z,112233445566,2026-03-01T00:00:00Z,2026-04-01T00:00:00Z,AWS,223344556677,SavingsPlanCoveredUsage,2026-03-03T12:00:00Z,2026-03-03T13:00:00Z,AmazonEC2,USWE-BoxUsage:r5.xlarge,RunInstances,us-west-2a,i-05c37106633ad4ac2,1.0,8.0,8.0,0.252,0.252,0.17763,0.17763,Hrs,0.252,0.252,Amazon Elastic Compute Cloud,r5.xlarge,4,32 GiB,Linux,us-west-2,AmazonEC2,ml,prod,CC500,,,,,,,,arn:aws:savingsplans::223344556677:savingsplan/4a5ad43f-7759-4fe0-9477-bf840cfe04d1,0.17763,0.17763,0.17763,,
c45800a22ef24c8d96d616cee6216175,2026-03-03T22:00:00Z/2026-03-03T23:00:00Z,112233445566,2026-03-01T00:00:00Z,2026-04-01T00:00:00Z,AWS,223344556677,SavingsPlanCoveredUsage,2026-03-03T22:00:00Z,2026-03-03T23:00:00Z,AmazonEC2,USWE-BoxUsage:r5.xlarge,RunInstances,us-west-2a,i-05c37106633ad4ac2,1.0,8.0,8.0,0.252,0.252,0.1771,0.1771,Hrs,0.252,0.252,Amazon Elastic Compute Cloud,r5.xlarge,4,32 GiB,Linux,us-west-2,AmazonEC2,ml,prod,CC500,,,,,,,,arn:aws:savingsplans::223344556677:savingsplan/4a5ad43f-7759-4fe0-9477-bf840cfe04d1,0.1771,0.1771,0.1771,,
9f9533554c7043cf8f239cfdc4bd661e,2026-03-04T08:00:00Z/2026-03-04T09:00:00Z,112233445566,2026-03-01T00:00:00Z,2026-04-01T00:00:00Z,AWS,223344556677,SavingsPlanCoveredUsage,2026-03-04T08:00:00Z,2026-03-04T09:00:00Z,AmazonEC2,USWE-BoxUsage:r5.xlarge,RunInstances,us-west-2a,i-05c37106633ad4ac2,1.0,8.0,8.0,0.252,0.252,0.17106,0.17106,Hrs,0.252,0.252,Amazon Elastic Compute Cloud,r5.xlarge,4,32 GiB,Linux,us-west-2,AmazonEC2,ml,prod,CC500,,,,,,,,arn:aws:savingsplans::223344556677:savingsplan/4a5ad43f-7759-4fe0-9477-bf840cfe04d1,0.17106,0.17106,0.17106,,
61034ad99a2f44bbb14c91bd3bb291ef,2026-03-04T18:00:00Z/2026-03-04T19:00:00Z,112233445566,2026-03-01T00:00:00Z,2026-04-01T00:00:00Z,AWS,223344556677,SavingsPlanCoveredUsage,2026-03-04T18:00:00Z,2026-03-04T19:00:00Z,AmazonEC2,USWE-BoxUsage:r5.xlarge,RunInstances,us-west-2a,i-05c37106633ad4ac2,1.0,8.0,8.0,0.252,0.252,0.165003,0.165003,Hrs,0.252,0.252,Amazon Elastic Compute Cloud,r5.xlarge,4,32 GiB,Linux,us-west-2,AmazonEC2,ml,prod,CC500,,,,,,,,arn:aws:savingsplans::223344556677:savingsplan/4a5ad43f-7759-4fe0-9477-bf840cfe04d1,0.165003,0.165003,0.165003,,
ee84553d14cb4302bbcdbbf055962128,2026-03-05T04:00:00Z/2026-03-05T05:00:00Z,112233445566,2026-03-01T00:00:00Z,2026-04-01T00:00:00Z,AWS,223344556677,SavingsPlanCoveredUsage,2026-03-05T04:00:00Z,2026-03-05T05:00:00Z,AmazonEC2,USWE-BoxUsage:r5.xlarge,RunInstances,us-west-2a,i-05c37106633ad4ac2,1.0,8.0,8.0,0.252,0.252,0.183806,0.183806,Hrs,0.252,0.252,Amazon Elastic Compute Cloud,r5.xlarge,4,32 GiB,Linux,us-west-2,AmazonEC2,ml,prod,CC500,,,,,,,,arn:aws:savingsplans::223344556677:savingsplan/4a5ad43f-7759-4fe0-9477-bf840cfe04d1,0.183806,0.183806,0.183806,,
2c6afc2185c04566bfbb3f488b4ced03,2026-03-05T14:00:00Z/2026-03-05T15:00:00Z,112233445566,2026-03-01T00:00:00Z,2026-04-01T00:00:00Z,AWS,223344556677,SavingsPlanCoveredUsage,2026-03-05T14:00:00Z,2026-03-05T15:00:00Z,AmazonEC2,USWE-BoxUsage:r5.xlarge,RunInstances,us-west-2a,i-05c37106633ad4ac2,1.0,8.0,8.0,0.252,0.252,0.166594,0.166594,Hrs,0.252,0.252,Amazon Elastic Compute Cloud,r5.xlarge,4,32 GiB,Linux,us-west-2,AmazonEC2,ml,prod,CC500,,,,,,,,arn:aws:savingsplans::223344556677:savingsplan/4a5ad43f-7759-4fe0-9477-bf840cfe04d1,0.166594,0.166594,0.166594,,
68e86207e7de4edcb0209cfd14c66e50,2026-03-06T00:00:00Z/2026-03-06T01:00:00Z,112233445566,2026-03-01T00:00:00Z,2026-04-01T00:00:00Z,AWS,223344556677,SavingsPlanCoveredUsage,2026-03-06T00:00:00Z,2026-03-06T01:00:00Z,AmazonEC2,USWE-BoxUsage:r5.xlarge,RunInstances,us-west-2a,i-05c37106633ad4ac2,1.0,8.0,8.0,0.252,0.252,0.178838,0.178838,Hrs,0.252,0.252,Amazon Elastic Compute Cloud,r5.xlarge,4,32 GiB,Linux,us-west-2,AmazonEC2,ml,prod,CC500,,,,,,,,arn:aws:savingsplans::223344556677:savingsplan/4a5ad43f-7759-4fe0-9477-bf840cfe04d1,0.178838,0.178838,0.178838,,
0a4cd74ec04f452db8a2a3ea110af4c0,2026-03-06T20:00:00Z/2026-03-06T21:00:00Z,112233445566,2026-03-01T00:00:00Z,2026-04-01T00:00:00Z,AWS,223344556677,SavingsPlanCoveredUsage,2026-03-06T20:00:00Z,2026-03-06T21:00:00Z,AmazonEC2,USWE-BoxUsage:r5.xlarge,RunInstances,us-west-2a,i-05c37106633ad4ac2,1.0,8.0,8.0,0.252,0.252,0.169897,0.169897,Hrs,0.252,0.252,Amazon Elastic Compute Cloud,r5.xlarge,4,32 GiB,Linux,us-west-2,AmazonEC2,ml,prod,CC500,,,,,,,,arn:aws:savingsplans::223344556677:savingsplan/4a5ad43f-7759-4fe0-9477-bf840cfe04d1,0.169897,0.169897,0.169897,,
e2b8b551a21e49309f1888eeb94b08dd,2026-03-07T06:00:00Z/2026-03-07T07:00:00Z,112233445566,2026-03-01T00:00:00Z,2026-04-01T00:00:00Z,AWS,223344556677,SavingsPlanCoveredUsage,2026-03-07T06:00:00Z,2026-03-07T07:00:00Z,AmazonEC2,USWE-BoxUsage:r5.xlarge,RunInstances,us-west-2a,i-05c37106633ad4ac2,1.0,8.0,8.0,0.252,0.252,0.174617,0.174617,Hrs,0.252,0.252,Amazon Elastic Compute Cloud,r5.xlarge,4,32 GiB,Linux,us-west-2,AmazonEC2,ml,prod,CC500,,,,,,,,arn:aws:savingsplans::223344556677:savingsplan/4a5ad43f-7759-4fe0-9477-bf840cfe04d1,0.174617,0.174617,0.174617,,
df9e78628a4a4a358abd8a2a30ac0ad3,2026-03-07T16:00:00Z/2026-03-07T17:00:00Z,112233445566,2026-03-01T00:00:00Z,2026-04-01T00:00:00Z,AWS,223344556677,SavingsPlanCoveredUsage,2026-03-07T16:00:00Z,2026-03-07T17:00:00Z,AmazonEC2,USWE-BoxUsage:r5.xlarge,RunInstances,us-west-2a,i-05c37106633ad4ac2,1.0,8.0,8.0,0.252,0.252,0.169862,0.169862,Hrs,0.252,0.252,Amazon Elastic Compute Cloud,r5.xlarge,4,32 GiB,Linux,us-west-2,AmazonEC2,ml,prod,CC500,,,,,,,,arn:aws:savingsplans::223344556677:savingsplan/4a5ad43f-7759-4fe0-9477-bf840cfe04d1,0.169862,0.169862,0.169862,,
a879b8cf430a4349abdfe335ddc027e8,2026-03-08T02:00:00Z/2026-03-08T03:00:00Z,112233445566,2026-03-01T00:00:00Z,2026-04-01T00:00:00Z,AWS,223344556677,SavingsPlanCoveredUsage,2026-03-08T02:00:00Z,2026-03-08T03:00:00Z,AmazonEC2,USWE-BoxUsage:r5.xlarge,RunInstances,us-west-2a,i-05c37106633ad4ac2,1.0,8.0,8.0,0.252,0.252,0.180542,0.180542,Hrs,0.252,0.252,Amazon Elastic Compute Cloud,r5.xlarge,4,32 GiB,Linux,us-west-2,AmazonEC2,ml,prod,CC500,,,,,,,,arn:aws:savingsplans::223344556677:savingsplan/4a5ad43f-7759-4fe0-9477-bf840cfe04d1,0.180542,0.180542,0.180542,,
d01afff5ddaf4c6cbde1d101c759051c,2026-03-08T12:00:00Z/2026-03-08T13:00:00Z,112233445566,2026-03-01T00:00:00Z,2026-04-01T00:00:00Z,AWS,223344556677,SavingsPlanCoveredUsage,2026-03-08T12:00:00Z,2026-03-08T13:00:00Z,AmazonEC2,USWE-BoxUsage:r5.xlarge,RunInstances,us-west-2a,i-05c37106633ad4ac2,1.0,8.0,8.0,0.252,0.252,0.188361,0.188361,Hrs,0.252,0.252,Amazon Elastic Compute Cloud,r5.xlarge,4,32 GiB,Linux,us-west-2,AmazonEC2,ml,prod,CC500,,,,,,,,arn:aws:savingsplans::223344556677:savingsplan/4a5ad43f-7759-4fe0-9477-bf840cfe04d1,0.188361,0.188361,0.188361,,
6d2b320a41b14c779efe1688b4846b84,2026-03-08T22:00:00Z/2026-03-08T23:00:00Z,112233445566,2026-03-01T00:00:00Z,2026-04-01T00:00:00Z,AWS,223344556677,SavingsPlanCoveredUsage,2026-03-08T22:00:00Z,2026-03-08T23:00:00Z,AmazonEC2,USWE-BoxUsage:r5.xlarge,RunInstances,us-west-2a,i-05c37106633ad4ac2,1.0,8.0,8.0,0.252,0.252,0.177057,0.177057,Hrs,0.252,0.252,Amazon Elastic Compute Cloud,r5.xlarge,4,32 GiB,Linux,us-west-2,AmazonEC2,ml,prod,CC500,,,,,,,,arn:aws:savingsplans::223344556677:savingsplan/4a5ad43f-7759-4fe0-9477-bf840cfe04d1,0.177057,0.177057,0.177057,,
f22250175a1b4e11aed894b1760f51ab,2026-03-09T08:00:00Z/2026-03-09T09:00:00Z,112233445566,2026-03-01T00:00:00Z,2026-04-01T00:00:00Z,AWS,223344556677,SavingsPlanCoveredUsage,2026-03-09T08:00:00Z,2026-03-09T09:00:00Z,AmazonEC2,USWE-BoxUsage:r5.xlarge,RunInstances,us-west-2a,i-05c37106633ad4ac2,1.0,8.0,8.0,0.252,0.252,0.188706,0.188706,Hrs,0.252,0.252,Amazon Elastic Compute Cloud,r5.xlarge,4,32 GiB,Linux,us-west-2,AmazonEC2,ml,prod,CC500,,,,,,,,arn:aws:savingsplans::223344556677:savingsplan/4a5ad43f-7759-4fe0-9477-bf840cfe04d1,0.188706,0.188706,0.188706,,
227f1b39728046c1987ff29769d56d78,2026-03-09T18:00:00Z/2026-03-09T19:00:00Z,112233445566,2026-03-01T00:00:00Z,2026-04-01T00:00:00Z,AWS,223344556677,SavingsPlanCoveredUsage,2026-03-09T18:00:00Z,2026-03-09T19:00:00Z,AmazonEC2,USWE-BoxUsage:r5.xlarge,RunInstances,us-west-2a,i-05c37106633ad4ac2,1.0,8.0,8.0,0.252,0.252,0.173639,0.173639,Hrs,0.252,0.252,Amazon Elastic Compute Cloud,r5.xlarge,4,32 GiB,Linux,us-west-2,AmazonEC2,ml,prod,CC500,,,,,,,,arn:aws:savingsplans::223344556677:savingsplan/4a5ad43f-7759-4fe0-9477-bf840cfe04d1,0.173639,0.173639,0.173639,,
5a6d304710644192a0d8d0a9cdb7c9f6,2026-03-10T04:00:00Z/2026-03-10T05:00:00Z,112233445566,2026-03-01T00:00:00Z,2026-04-01T00:00:00Z,AWS,223344556677,SavingsPlanCoveredUsage,2026-03-10T04:00:00Z,2026-03-10T05:00:00Z,AmazonEC2,USWE-BoxUsage:r5.xlarge,RunInstances,us-west-2a,i-05c37106633ad4ac2,1.0,8.0,8.0,0.252,0.252,0.179819,0.179819,Hrs,0.252,0.252,Amazon Elastic Compute Cloud,r5.xlarge,4,32 GiB,Linux,us-west-2,AmazonEC2,ml,prod,CC500,,,,,,,,arn:aws:savingsplans::223344556677:savingsplan/4a5ad43f-7759-4fe0-9477-bf840cfe04d1,0.179819,0.179819,0.179819,,
e2973acc2a4a434888da0a196da57bcb,2026-03-10T14:00:00Z/2026-03-10T15:00:00Z,112233445566,2026-03-01T00:00:00Z,2026-04-01T00:00:00Z,AWS,223344556677,SavingsPlanCoveredUsage,2026-03-10T14:00:00Z,2026-03-10T15:00:00Z,AmazonEC2,USWE-BoxUsage:r5.xlarge,RunInstances,us-west-2a,i-05c37106633ad4ac2,1.0,8.0,8.0,0.252,0.252,0.170192,0.170192,Hrs,0.252,0.252,Amazon Elastic Compute Cloud,r5.xlarge,4,32 GiB,Linux,us-west-2,AmazonEC2,ml,prod,CC500,,,,,,,,arn:aws:savingsplans::223344556677:savingsplan/4a5ad43f-7759-4fe0-9477-bf840cfe04d1,0.170192,0.170192,0.170192,,
574ba0063ed445fa97f215fed3e349f4,2026-03-11T10:00:00Z/2026-03-11T11:00:00Z,112233445566,2026-03-01T00:00:00Z,2026-04-01T00:00:00Z,AWS,223344556677,SavingsPlanCoveredUsage,2026-03-11T10:00:00Z,2026-03-11T11:00:00Z,AmazonEC2,USWE-BoxUsage:r5.xlarge,RunInstances,us-west-2a,i-05c37106633ad4ac2,1.0,8.0,8.0,0.252,0.252,0.172489,0.172489,Hrs,0.252,0.252,Amazon Elastic Compute Cloud,r5.xlarge,4,32 GiB,Linux,us-west-2,AmazonEC2,ml,prod,CC500,,,,,,,,arn:aws:savingsplans::223344556677:savingsplan/4a5ad43f-7759-4fe0-9477-bf840cfe04d1,0.172489,0.172489,0.172489,,
eae2478d2d1f4a2c8124aca388dcc34b,2026-03-11T20:00:00Z/2026-03-11T21:00:00Z,112233445566,2026-03-01T00:00:00Z,2026-04-01T00:00:00Z,AWS,223344556677,SavingsPlanCoveredUsage,2026-03-11T20:00:00Z,2026-03-11T21:00:00Z,AmazonEC2,USWE-BoxUsage:r5.xlarge,RunInstances,us-west-2a,i-05c37106633ad4ac2,1.0,8.0,8.0,0.252,0.252,0.179632,0.179632,Hrs,0.252,0.252,Amazon Elastic Compute Cloud,r5.xlarge,4,32 GiB,Linux,us-west-2,AmazonEC2,ml,prod,CC500,,,,,,,,arn:aws:savingsplans::223344556677:savingsplan/4a5ad43f-7759-4fe0-9477-bf840cfe04d1,0.179632,0.179632,0.179632,,
82d4f1b6df6c41f68d0fc63d7d538799,2026-03-12T06:00:00Z/2026-03-12T07:00:00Z,112233445566,2026-03-01T00:00:00Z,2026-04-01T00:00:00Z,AWS,223344556677,SavingsPlanCoveredUsage,2026-03-12T06:00:00Z,2026-03-12T07:00:00Z,AmazonEC2,USWE-BoxUsage:r5.xlarge,RunInstances,us-west-2a,i-05c37106633ad4ac2,1.0,8.0,8.0,0.252,0.252,0.182327,0.182327,Hrs,0.252,0.252,Amazon Elastic Compute Cloud,r5.xlarge,4,32 GiB,Linux,us-west-2,AmazonEC2,ml,prod,CC500,,,,,,,,arn:aws:savingsplans::223344556677:savingsplan/4a5ad43f-7759-4fe0-9477-bf840cfe04d1,0.182327,0.182327,0.182327,,
8229f28ba84c4090aa9ab6584236205f,2026-03-12T16:00:00Z/2026-03-12T17:00:00Z,112233445566,2026-03-01T00:00:00Z,2026-04-01T00:00:00Z,AWS,223344556677,SavingsPlanCoveredUsage,2026-03-12T16:00:00Z,2026-03-12T17:00:00Z,AmazonEC2,USWE-BoxUsage:r5.xlarge,RunInstances,us-west-2a,i-05c37106633ad4ac2,1.0,8.0,8.0,0.252,0.252,0.164917,0.164917,Hrs,0.252,0.252,Amazon Elastic Compute Cloud,r5.xlarge,4,32 GiB,Linux,us-west-2,AmazonEC2,ml,prod,CC500,,,,,,,,arn:aws:savingsplans::223344556677:savingsplan/4a5ad43f-7759-4fe0-9477-bf840cfe04d1,0.164917,0.164917,0.164917,,
a51def9e2e064cc7be27ce1ff8f2bea5,2026-03-13T02:00:00Z/2026-03-13T03:00:00Z,112233445566,2026-03-01T00:00:00Z,2026-04-01T00:00:00Z,AWS,223344556677,SavingsPlanCoveredUsage,2026-03-13T02:00:00Z,2026-03-13T03:00:00Z,AmazonEC2,USWE-BoxUsage:r5.xlarge,RunInstances,us-west-2a,i-05c37106633ad4ac2,1.0,8.0,8.0,0.252,0.252,0.1843,0.1843,Hrs,0.252,0.252,Amazon Elastic Compute Cloud,r5.xlarge,4,32 GiB,Linux,us-west-2,AmazonEC2,ml,prod,CC500,,,,,,,,arn:aws:savingsplans::223344556677:savingsplan/4a5ad43f-7759-4fe0-9477-bf840cfe04d1,0.1843,0.1843,0.1843,,
d049757bf32f4198a0f62b90751af6e4,2026-03-13T12:00:00Z/2026-03-13T13:00:00Z,112233445566,2026-03-01T00:00:00Z,2026-04-01T00:00:00Z,AWS,223344556677,SavingsPlanCoveredUsage,2026-03-13T12:00:00Z,2026-03-13T13:00:00Z,AmazonEC2,USWE-BoxUsage:r5.xlarge,RunInstances,us-west-2a,i-05c37106633ad4ac2,1.0,8.0,8.0,0.252,0.252,0.183434,0.183434,Hrs,0.252,0.252,Amazon Elastic Compute Cloud,r5.xlarge,4,32 GiB,Linux,us-west-2,AmazonEC2,ml,prod,CC500,,,,,,,,arn:aws:savingsplans::223344556677:savingsplan/4a5ad43f-7759-4fe0-9477-bf840cfe04d1,0.183434,0.183434,0.183434,,
98cc6c8ff494490ab700e1a7d72de8d7,2026-03-13T22:00:00Z/2026-03-13T23:00:00Z,112233445566,2026-03-01T00:00:00Z,2026-04-01T00:00:00Z,AWS,223344556677,SavingsPlanCoveredUsage,2026-03-13T22:00:00Z,2026-03-13T23:00:00Z,AmazonEC2,USWE-BoxUsage:r5.xlarge,RunInstances,us-west-2a,i-05c37106633ad4ac2,1.0,8.0,8.0,0.252,0.252,0.181324,0.181324,Hrs,0.252,0.252,Amazon Elastic Compute Cloud,r5.xlarge,4,32 GiB,Linux,us-west-2,AmazonEC2,ml,prod,CC500,,,,,,,,arn:aws:savingsplans::223344556677:savingsplan/4a5ad43f-7759-4fe0-9477-bf840cfe04d1,0.181324,0.181324,0.181324,,
35cf86dd2a0b4b9f9e177fa25bd93d52,2026-03-14T08:00:00Z/2026-03-14T09:00:00Z,112233445566,2026-03-01T00:00:00Z,2026-04-01T00:00:00Z,AWS,223344556677,SavingsPlanCoveredUsage,2026-03-14T08:00:00Z,2026-03-14T09:00:00Z,AmazonEC2,USWE-BoxUsage:r5.xlarge,RunInstances,us-west-2a,i-05c37106633ad4ac2,1.0,8.0,8.0,0.252,0.252,0.18425,0.18425,Hrs,0.252,0.252,Amazon Elastic Compute Cloud,r5.xlarge,4,32 GiB,Linux,us-west-2,AmazonEC2,ml,prod,CC500,,,,,,,,arn:aws:savingsplans::223344556677:savingsplan/4a5ad43f-7759-4fe0-9477-bf840cfe04d1,0.18425,0.18425,0.18425,,
299502ef5426484caa4efb44e471832a,2026-03-14T18:00:00Z/2026-03-14T19:00:00Z,112233445566,2026-03-01T00:00:00Z,2026-04-01T00:00:00Z,AWS,223344556677,SavingsPlanCoveredUsage,2026-03-14T18:00:00Z,2026-03-14T19:00:00Z,AmazonEC2,USWE-BoxUsage:r5.xlarge,RunInstances,us-west-2a,i-05c37106633ad4ac2,1.0,8.0,8.0,0.252,0.252,0.18336,0.18336,Hrs,0.252,0.252,Amazon Elastic Compute Cloud,r5.xlarge,4,32 GiB,Linux,us-west-2,AmazonEC2,ml,prod,CC500,,,,,,,,arn:aws:savingsplans::223344556677:savingsplan/4a5ad43f-7759-4fe0-9477-bf840cfe04d1,0.18336,0.18336,0.18336,,
737cb6497a0a4173ba66caea17625886,2026-03-15T04:00:00Z/2026-03-15T05:00:00Z,112233445566,2026-03-01T00:00:00Z,2026-04-01T00:00:00Z,AWS,223344556677,SavingsPlanCoveredUsage,2026-03-15T04:00:00Z,2026-03-15T05:00:00Z,AmazonEC2,USWE-BoxUsage:r5.xlarge,RunInstances,us-west-2a,i-05c37106633ad4ac2,1.0,8.0,8.0,0.252,0.252,0.171195,0.171195,Hrs,0.252,0.252,Amazon Elastic Compute Cloud,r5.xlarge,4,32 GiB,Linux,us-west-2,AmazonEC2,ml,prod,CC500,,,,,,,,arn:aws:savingsplans::223344556677:savingsplan/4a5ad43f-7759-4fe0-9477-bf840cfe04d1,0.171195,0.171195,0.171195,,
5e22d4f609304a1baeda75c80afa57e2,2026-03-15T14:00:00Z/2026-03-15T15:00:00Z,112233445566,2026-03-01T00:00:00Z,2026-04-01T00:00:00Z,AWS,223344556677,SavingsPlanCoveredUsage,2026-03-15T14:00:00Z,2026-03-15T15:00:00Z,AmazonEC2,USWE-BoxUsage:r5.xlarge,RunInstances,us-west-2a,i-05c37106633ad4ac2,1.0,8.0,8.0,0.252,0.252,0.168827,0.168827,Hrs,0.252,0.252,Amazon Elastic Compute Cloud,r5.xlarge,4,32 GiB,Linux,us-west-2,AmazonEC2,ml,prod,CC500,,,,,,,,arn:aws:savingsplans::223344556677:savingsplan/4a5ad43f-7759-4fe0-9477-bf840cfe04d1,0.168827,0.168827,0.168827,,
3667b160059441528fc61e3dc3d6669a,2026-03-16T00:00:00Z/2026-03-16T01:00:00Z,112233445566,2026-03-01T00:00:00Z,2026-04-01T00:00:00Z,AWS,223344556677,SavingsPlanCoveredUsage,2026-03-16T00:00:00Z,2026-03-16T01:00:00Z,AmazonEC2,USWE-BoxUsage:r5.xlarge,RunInstances,us-west-2a,i-05c37106633ad4ac2,1.0,8.0,8.0,0.252,0.252,0.187321,0.187321,Hrs,0.252,0.252,Amazon Elastic Compute Cloud,r5.xlarge,4,32 GiB,Linux,us-west-2,AmazonEC2,ml,prod,CC500,,,,,,,,arn:aws:savingsplans::223344556677:savingsplan/4a5ad43f-7759-4fe0-9477-bf840cfe04d1,0.187321,0.187321,0.187321,,
dfb0beddd69e42cd9850b0ac747c6ff2,2026-03-16T10:00:00Z/2026-03-16T11:00:00Z,112233445566,2026-03-01T00:00:00Z,2026-04-01T00:00:00Z,AWS,223344556677,SavingsPlanCoveredUsage,2026-03-16T10:00:00Z,2026-03-16T11:00:00Z,AmazonEC2,USWE-BoxUsage:r5.xlarge,RunInstances,us-west-2a,i-05c37106633ad4ac2,1.0,8.0,8.0,0.252,0.252,0.188726,0.188726,Hrs,0.252,0.252,Amazon Elastic Compute Cloud,r5.xlarge,4,32 GiB,Linux,us-west-2,AmazonEC2,ml,prod,CC500,,,,,,,,arn:aws:savingsplans::223344556677:savingsplan/4a5ad43f-7759-4fe0-9477-bf840cfe04d1,0.188726,0.188726,0.188726,,
b19caca290244cb88239c003428fc5d7,2026-03-16T20:00:00Z/2026-03-16T21:00:00Z,112233445566,2026-03-01T00:00:00Z,2026-04-01T00:00:00Z,AWS,223344556677,SavingsPlanCoveredUsage,2026-03-16T20:00:00Z,2026-03-16T21:00:00Z,AmazonEC2,USWE-BoxUsage:r5.xlarge,RunInstances,us-west-2a,i-05c37106633ad4ac2,1.0,8.0,8.0,0.252,0.252,0.170184,0.170184,Hrs,0.252,0.252,Amazon Elastic Compute Cloud,r5.xlarge,4,32 GiB,Linux,us-west-2,AmazonEC2,ml,prod,CC500,,,,,,,,arn:aws:savingsplans::223344556677:savingsplan/4a5ad43f-7759-4fe0-9477-bf840cfe04d1,0.170184,0.170184,0.170184,,
d200426b78f74a1394636b27ec9ece8d,2026-03-17T06:00:00Z/2026-03-17T07:00:00Z,112233445566,2026-03-01T00:00:00Z,2026-04-01T00:00:00Z,AWS,223344556677,SavingsPlanCoveredUsage,2026-03-17T06:00:00Z,2026-03-17T07:00:00Z,AmazonEC2,USWE-BoxUsage:r5.xlarge,RunInstances,us-west-2a,i-05c37106633ad4ac2,1.0,8.0,8.0,0.252,0.252,0.168616,0.168616,Hrs,0.252,0.252,Amazon Elastic Compute Cloud,r5.xlarge,4,32 GiB,Linux,us-west-2,AmazonEC2,ml,prod,CC500,,,,,,,,arn:aws:savingsplans::223344556677:savingsplan/4a5ad43f-7759-4fe0-9477-bf840cfe04d1,0.168616,0.168616,0.168616,,
41eea5e6702e463a9c60f5817f68e4f2,2026-03-17T16:00:00Z/2026-03-17T17:00:00Z,112233445566,2026-03-01T00:00:00Z,2026-04-01T00:00:00Z,AWS,223344556677,SavingsPlanCoveredUsage,2026-03-17T16:00:00Z,2026-03-17T17:00:00Z,AmazonEC2,USWE-BoxUsage:r5.xlarge,RunInstances,us-west-2a,i-05c37106633ad4ac2,1.0,8.0,8.0,0.252,0.252,0.183477,0.183477,Hrs,0.252,0.252,Amazon Elastic Compute Cloud,r5.xlarge,4,32 GiB,Linux,us-west-2,AmazonEC2,ml,prod,CC500,,,,,,,,arn:aws:savingsplans::223344556677:savingsplan/4a5ad43f-7759-4fe0-9477-bf840cfe04d1,0.183477,0.183477,0.183477,,
05dd869113dd4892b6ba40f9cecbf0df,2026-03-18T02:00:00Z/2026-03-18T03:00:00Z,112233445566,2026-03-01T00:00:00Z,2026-04-01T00:00:00Z,AWS,223344556677,SavingsPlanCoveredUsage,2026-03-18T02:00:00Z,2026-03-18T03:00:00Z,AmazonEC2,USWE-BoxUsage:r5.xlarge,RunInstances,us-west-2a,i-05c37106633ad4ac2,1.0,8.0,8.0,0.252,0.252,0.172165,0.172165,Hrs,0.252,0.252,Amazon Elastic Compute Cloud,r5.xlarge,4,32 GiB,Linux,us-west-2,AmazonEC2,ml,prod,CC500,,,,,,,,arn:aws:savingsplans::223344556677:savingsplan/4a5ad43f-7759-4fe0-9477-bf840cfe04d1,0.172165,0.172165,0.172165,,
eaa35c504f9c4c61876d4f6717dda1c9,2026-03-18T12:00:00Z/2026-03-18T13:00:00Z,112233445566,2026-03-01T00:00:00Z,2026-04-01T00:00:00Z,AWS,223344556677,SavingsPlanCoveredUsage,2026-03-18T12:00:00Z,2026-03-18T13:00:00Z,AmazonEC2,USWE-BoxUsage:r5.xlarge,RunInstances,us-west-2a,i-05c37106633ad4ac2,1.0,8.0,8.0,0.252,0.252,0.173074,0.173074,Hrs,0.252,0.252,Amazon Elastic Compute Cloud,r5.xlarge,4,32 GiB,Linux,us-west-2,AmazonEC2,ml,prod,CC500,,,,,,,,arn:aws:savingsplans::223344556677:savingsplan/4a5ad43f-7759-4fe0-9477-bf840cfe04d1,0.173074,0.173074,0.173074,,
faee9bacea624cbfaad252fba56892fe,2026-03-18T22:00:00Z/2026-03-18T23:00:00Z,112233445566,2026-03-01T00:00:00Z,2026-04-01T00:00:00Z,AWS,223344556677,SavingsPlanCoveredUsage,2026-03-18T22:00:00Z,2026-03-18T23:00:00Z,AmazonEC2,USWE-BoxUsage:r5.xlarge,RunInstances,us-west-2a,i-05c37106633ad4ac2,1.0,8.0,8.0,0.252,0.252,0.182531,0.182531,Hrs,0.252,0.252,Amazon Elastic Compute Cloud,r5.xlarge,4,32 GiB,Linux,us-west-2,AmazonEC2,ml,prod,CC500,,,,,,,,arn:aws:savingsplans::223344556677:savingsplan/4a5ad43f-7759-4fe0-9477-bf840cfe04d1,0.182531,0.182531,0.182531,,
0dd8b0cc1dc842d5bf9e051b1a0adb2c,2026-03-19T08:00:00Z/2026-03-19T09:00:00Z,112233445566,2026-03-01T00:00:00Z,2026-04-01T00:00:00Z,AWS,223344556677,SavingsPlanCoveredUsage,2026-03-19T08:00:00Z,2026-03-19T09:00:00Z,AmazonEC2,USWE-BoxUsage:r5.xlarge,RunInstances,us-west-2a,i-05c37106633ad4ac2,1.0,8.0,8.0,0.252,0.252,0.173543,0.173543,Hrs,0.252,0.252,Amazon Elastic Compute Cloud,r5.xlarge,4,32 GiB,Linux,us-west-2,AmazonEC2,ml,prod,CC500,,,,,,,,arn:aws:savingsplans::223344556677:savingsplan/4a5ad43f-7759-4fe0-9477-bf840cfe04d1,0.173543,0.173543,0.173543,,
419411a3e1da48228d02d43da905d6ff,2026-03-19T18:00:00Z/2026-03-19T19:00:00Z,112233445566,2026-03-01T00:00:00Z,2026-04-01T00:00:00Z,AWS,223344556677,SavingsPlanCoveredUsage,2026-03-19T18:00:00Z,2026-03-19T19:00:00Z,AmazonEC2,USWE-BoxUsage:r5.xlarge,RunInstances,us-west-2a,i-05c37106633ad4ac2,1.0,8.0,8.0,0.252,0.252,0.176304,0.176304,Hrs,0.252,0.252,Amazon Elastic Compute Cloud,r5.xlarge,4,32 GiB,Linux,us-west-2,AmazonEC2,ml,prod,CC500,,,,,,,,arn:aws:savingsplans::223344556677:savingsplan/4a5ad43f-7759-4fe0-9477-bf840cfe04d1,0.176304,0.176304,0.176304,,
fc90c46c571949379f4fae321ba03c6d,2026-03-20T04:00:00Z/2026-03-20T05:00:00Z,112233445566,2026-03-01T00:00:00Z,2026-04-01T00:00:00Z,AWS,223344556677,SavingsPlanCoveredUsage,2026-03-20T04:00:00Z,2026-03-20T05:00:00Z,AmazonEC2,USWE-BoxUsage:r5.xlarge,RunInstances,us-west-2a,i-05c37106633ad4ac2,1.0,8.0,8.0,0.252,0.252,0.187093,0.187093,Hrs,0.252,0.252,Amazon Elastic Compute Cloud,r5.xlarge,4,32 GiB,Linux,us-west-2,AmazonEC2,ml,prod,CC500,,,,,,,,arn:aws:savingsplans::223344556677:savingsplan/4a5ad43f-7759-4fe0-9477-bf840cfe04d1,0.187093,0.187093,0.187093,,
638061d17fa7461793c642085a6d3e95,2026-03-20T14:00:00Z/2026-03-20T15:00:00Z,112233445566,2026-03-01T00:00:00Z,2026-04-01T00:00:00Z,AWS,223344556677,SavingsPlanCoveredUsage,2026-03-20T14:00:00Z,2026-03-20T15:00:00Z,AmazonEC2,USWE-BoxUsage:r5.xlarge,RunInstances,us-west-2a,i-05c37106633ad4ac2,1.0,8.0,8.0,0.252,0.252,0.183989,0.183989,Hrs,0.252,0.252,Amazon Elastic Compute Cloud,r5.xlarge,4,32 GiB,Linux,us-west-2,AmazonEC2,ml,prod,CC500,,,,,,,,arn:aws:savingsplans::223344556677:savingsplan/4a5ad43f-7759-4fe0-9477-bf840cfe04d1,0.183989,0.183989,0.183989,,
4afce09d22124e599c13e3f3a4fe1464,2026-03-21T00:00:00Z/2026-03-21T01:00:00Z,112233445566,2026-03-01T00:00:00Z,2026-04-01T00:00:00Z,AWS,223344556677,SavingsPlanCoveredUsage,2026-03-21T00:00:00Z,2026-03-21T01:00:00Z,AmazonEC2,USWE-BoxUsage:r5.xlarge,RunInstances,us-west-2a,i-05c37106633ad4ac2,1.0,8.0,8.0,0.252,0.252,0.165789,0.165789,Hrs,0.252,0.252,Amazon Elastic Compute Cloud,r5.xlarge,4,32 GiB,Linux,us-west-2,AmazonEC2,ml,prod,CC500,,,,,,,,arn:aws:savingsplans::223344556677:savingsplan/4a5ad43f-7759-4fe0-9477-bf840cfe04d1,0.165789,0.165789,0.165789,,
32117cf0dda9458fb48f723c3e6b9570,2026-03-21T10:00:00Z/2026-03-21T11:00:00Z,112233445566,2026-03-01T00:00:00Z,2026-04-01T00:00:00Z,AWS,223344556677,SavingsPlanCoveredUsage,2026-03-21T10:00:00Z,2026-03-21T11:00:00Z,AmazonEC2,USWE-BoxUsage:r5.xlarge,RunInstances,us-west-2a,i-05c37106633ad4ac2,1.0,8.0,8.0,0.252,0.252,0.184523,0.184523,Hrs,0.252,0.252,Amazon Elastic Compute Cloud,r5.xlarge,4,32 GiB,Linux,us-west-2,AmazonEC2,ml,prod,CC500,,,,,,,,arn:aws:savingsplans::223344556677:savingsplan/4a5ad43f-7759-4fe0-9477-bf840cfe04d1,0.184523,0.184523,0.184523,,
20bed8077b2941bcba8a9b0ea4faa92d,2026-03-21T20:00:00Z/2026-03-21T21:00:00Z,112233445566,2026-03-01T00:00:00Z,2026-04-01T00:00:00Z,AWS,223344556677,SavingsPlanCoveredUsage,2026-03-21T20:00:00Z,2026-03-21T21:00:00Z,AmazonEC2,USWE-BoxUsage:r5.xlarge,RunInstances,us-west-2a,i-05c37106633ad4ac2,1.0,8.0,8.0,0.252,0.252,0.171895,0.171895,Hrs,0.252,0.252,Amazon Elastic Compute Cloud,r5.xlarge,4,32 GiB,Linux,us-west-2,AmazonEC2,ml,prod,CC500,,,,,,,,arn:aws:savingsplans::223344556677:savingsplan/4a5ad43f-7759-4fe0-9477-bf840cfe04d1,0.171895,0.171895,0.171895,,
e23dfb199dff45e2b18071d986645863,2026-03-22T06:00:00Z/2026-03-22T07:00:00Z,112233445566,2026-03-01T00:00:00Z,2026-04-01T00:00:00Z,AWS,223344556677,SavingsPlanCoveredUsage,2026-03-22T06:00:00Z,2026-03-22T07:00:00Z,AmazonEC2,USWE-BoxUsage:r5.xlarge,RunInstances,us-west-2a,i-05c37106633ad4ac2,1.0,8.0,8.0,0.252,0.252,0.180455,0.180455,Hrs,0.252,0.252,Amazon Elastic Compute Cloud,r5.xlarge,4,32 GiB,Linux,us-west-2,AmazonEC2,ml,prod,CC500,,,,,,,,arn:aws:savingsplans::223344556677:savingsplan/4a5ad43f-7759-4fe0-9477-bf840cfe04d1,0.180455,0.180455,0.180455,,
9e80e3154bd84ed0930e2c5e19d55b90,2026-03-22T16:00:00Z/2026-03-22T17:00:00Z,112233445566,2026-03-01T00:00:00Z,2026-04-01T00:00:00Z,AWS,223344556677,SavingsPlanCoveredUsage,2026-03-22T16:00:00Z,2026-03-22T17:00:00Z,AmazonEC2,USWE-BoxUsage:r5.xlarge,RunInstances,us-west-2a,i-05c37106633ad4ac2,1.0,8.0,8.0,0.252,0.252,0.178986,0.178986,Hrs,0.252,0.252,Amazon Elastic Compute Cloud,r5.xlarge,4,32 GiB,Linux,us-west-2,AmazonEC2,ml,prod,CC500,,,,,,,,arn:aws:savingsplans::223344556677:savingsplan/4a5ad43f-7759-4fe0-9477-bf840cfe04d1,0.178986,0.178986,0.178986,,
d9460dd814104b0cb4b628cef3c47b50,2026-03-23T02:00:00Z/2026-03-23T03:00:00Z,112233445566,2026-03-01T00:00:00Z,2026-04-01T00:00:00Z,AWS,223344556677,SavingsPlanCoveredUsage,2026-03-23T02:00:00Z,2026-03-23T03:00:00Z,AmazonEC2,USWE-BoxUsage:r5.xlarge,RunInstances,us-west-2a,i-05c37106633ad4ac2,1.0,8.0,8.0,0.252,0.252,0.181182,0.181182,Hrs,0.252,0.252,Amazon Elastic Compute Cloud,r5.xlarge,4,32 GiB,Linux,us-west-2,AmazonEC2,ml,prod,CC500,,,,,,,,arn:aws:savingsplans::223344556677:savingsplan/4a5ad43f-7759-4fe0-9477-bf840cfe04d1,0.181182,0.181182,0.181182,,
9f2cc5edbdb2497da91e2827756c89c9,2026-03-23T12:00:00Z/2026-03-23T13:00:00Z,112233445566,2026-03-01T00:00:00Z,2026-04-01T00:00:00Z,AWS,223344556677,SavingsPlanCoveredUsage,2026-03-23T12:00:00Z,2026-03-23T13:00:00Z,AmazonEC2,USWE-BoxUsage:r5.xlarge,RunInstances,us-west-2a,i-05c37106633ad4ac2,1.0,8.0,8.0,0.252,0.252,0.164867,0.164867,Hrs,0.252,0.252,Amazon Elastic Compute Cloud,r5.xlarge,4,32 GiB,Linux,us-west-2,AmazonEC2,ml,prod,CC500,,,,,,,,arn:aws:savingsplans::223344556677:savingsplan/4a5ad43f-7759-4fe0-9477-bf840cfe04d1,0.164867,0.164867,0.164867,,
f8bdb871900a4ca29bd77463bbb337c1,2026-03-23T22:00:00Z/2026-03-23T23:00:00Z,112233445566,2026-03-01T00:00:00Z,2026-04-01T00:00:00Z,AWS,223344556677,SavingsPlanCoveredUsage,2026-03-23T22:00:00Z,2026-03-23T23:00:00Z,AmazonEC2,USWE-BoxUsage:r5.xlarge,RunInstances,us-west-2a,i-05c37106633ad4ac2,1.0,8.0,8.0,0.252,0.252,0.172684,0.172684,Hrs,0.252,0.252,Amazon Elastic Compute Cloud,r5.xlarge,4,32 GiB,Linux,us-west-2,AmazonEC2,ml,prod,CC500,,,,,,,,arn:aws:savingsplans::223344556677:savingsplan/4a5ad43f-7759-4fe0-9477-bf840cfe04d1,0.172684,0.172684,0.172684,,
17ff947d735c4910abfff4e1286e1852,2026-03-24T08:00:00Z/2026-03-24T09:00:00Z,112233445566,2026-03-01T00:00:00Z,2026-04-01T00:00:00Z,AWS,223344556677,SavingsPlanCoveredUsage,2026-03-24T08:00:00Z,2026-03-24T09:00:00Z,AmazonEC2,USWE-BoxUsage:r5.xlarge,RunInstances,us-west-2a,i-05c37106633ad4ac2,1.0,8.0,8.0,0.252,0.252,0.170719,0.170719,Hrs,0.252,0.252,Amazon Elastic Compute Cloud,r5.xlarge,4,32 GiB,Linux,us-west-2,AmazonEC2,ml,prod,CC500,,,,,,,,arn:aws:savingsplans::223344556677:savingsplan/4a5ad43f-7759-4fe0-9477-bf840cfe04d1,0.170719,0.170719,0.170719,,
70091995406e459d8a2523f6673f09d3,2026-03-24T18:00:00Z/2026-03-24T19:00:00Z,112233445566,2026-03-01T00:00:00Z,2026-04-01T00:00:00Z,AWS,223344556677,SavingsPlanCoveredUsage,2026-03-24T18:00:00Z,2026-03-24T19:00:00Z,AmazonEC2,USWE-BoxUsage:r5.xlarge,RunInstances,us-west-2a,i-05c37106633ad4ac2,1.0,8.0,8.0,0.252,0.252,0.187687,0.187687,Hrs,0.252,0.252,Amazon Elastic Compute Cloud,r5.xlarge,4,32 GiB,Linux,us-west-2,AmazonEC2,ml,prod,CC500,,,,,,,,arn:aws:savingsplans::223344556677:savingsplan/4a5ad43f-7759-4fe0-9477-bf840cfe04d1,0.187687,0.187687,0.187687,,
fb6bf26d75ed437eaced36ad3d6a12a5,2026-03-25T04:00:00Z/2026-03-25T05:00:00Z,112233445566,2026-03-01T00:00:00Z,2026-04-01T00:00:00Z,AWS,223344556677,SavingsPlanCoveredUsage,2026-03-25T04:00:00Z,2026-03-25T05:00:00Z,AmazonEC2,USWE-BoxUsage:r5.xlarge,RunInstances,us-west-2a,i-05c37106633ad4ac2,1.0,8.0,8.0,0.252,0.252,0.179865,0.179865,Hrs,0.252,0.252,Amazon Elastic Compute Cloud,r5.xlarge,4,32 GiB,Linux,us-west-2,AmazonEC2,ml,prod,CC500,,,,,,,,arn:aws:savingsplans::223344556677:savingsplan/4a5ad43f-7759-4fe0-9477-bf840cfe04d1,0.179865,0.179865,0.179865,,
dfbf099823954d0898f5f12b839e3752,2026-03-25T14:00:00Z/2026-03-25T15:00:00Z,112233445566,2026-03-01T00:00:00Z,2026-04-01T00:00:00Z,AWS,223344556677,SavingsPlanCoveredUsage,2026-03-25T14:00:00Z,2026-03-25T15:00:00Z,AmazonEC2,USWE-BoxUsage:r5.xlarge,RunInstances,us-west-2a,i-05c37106633ad4ac2,1.0,8.0,8.0,0.252,0.252,0.183988,0.183988,Hrs,0.252,0.252,Amazon Elastic Compute Cloud,r5.xlarge,4,32 GiB,Linux,us-west-2,AmazonEC2,ml,prod,CC500,,,,,,,,arn:aws:savingsplans::223344556677:savingsplan/4a5ad43f-7759-4fe0-9477-bf840cfe04d1,0.183988,0.183988,0.183988,,
5b9593e31dca4009b420ce381e683eb6,2026-03-26T00:00:00Z/2026-03-26T01:00:00Z,112233445566,2026-03-01T00:00:00Z,2026-04-01T00:00:00Z,AWS,223344556677,SavingsPlanCoveredUsage,2026-03-26T00:00:00Z,2026-03-26T01:00:00Z,AmazonEC2,USWE-BoxUsage:r5.xlarge,RunInstances,us-west-2a,i-05c37106633ad4ac2,1.0,8.0,8.0,0.252,0.252,0.18781,0.18781,Hrs,0.252,0.252,Amazon Elastic Compute Cloud,r5.xlarge,4,32 GiB,Linux,us-west-2,AmazonEC2,ml,prod,CC500,,,,,,,,arn:aws:savingsplans::223344556677:savingsplan/4a5ad43f-7759-4fe0-9477-bf840cfe04d1,0.18781,0.18781,0.18781,,
941dd8873305409c8574bc12d3c0c5a0,2026-03-26T10:00:00Z/2026-03-26T11:00:00Z,112233445566,2026-03-01T00:00:00Z,2026-04-01T00:00:00Z,AWS,223344556677,SavingsPlanCoveredUsage,2026-03-26T10:00:00Z,2026-03-26T11:00:00Z,AmazonEC2,USWE-BoxUsage:r5.xlarge,RunInstances,us-west-2a,i-05c37106633ad4ac2,1.0,8.0,8.0,0.252,0.252,0.179111,0.179111,Hrs,0.252,0.252,Amazon Elastic Compute Cloud,r5.xlarge,4,32 GiB,Linux,us-west-2,AmazonEC2,ml,prod,CC500,,,,,,,,arn:aws:savingsplans::223344556677:savingsplan/4a5ad43f-7759-4fe0-9477-bf840cfe04d1,0.179111,0.179111,0.179111,,
3eb890776640491ebcb2b0b8e3c8ecdf,2026-03-26T20:00:00Z/2026-03-26T21:00:00Z,112233445566,2026-03-01T00:00:00Z,2026-04-01T00:00:00Z,AWS,223344556677,SavingsPlanCoveredUsage,2026-03-26T20:00:00Z,2026-03-26T21:00:00Z,AmazonEC2,USWE-BoxUsage:r5.xlarge,RunInstances,us-west-2a,i-05c37106633ad4ac2,1.0,8.0,8.0,0.252,0.252,0.164677,0.164677,Hrs,0.252,0.252,Amazon Elastic Compute Cloud,r5.xlarge,4,32 GiB,Linux,us-west-2,AmazonEC2,ml,prod,CC500,,,,,,,,arn:aws:savingsplans::223344556677:savingsplan/4a5ad43f-7759-4fe0-9477-bf840cfe04d1,0.164677,0.164677,0.164677,,
cf0737531b1f487d83a75abccd4840ce,2026-03-27T06:00:00Z/2026-03-27T07:00:00Z,112233445566,2026-03-01T00:00:00Z,2026-04-01T00:00:00Z,AWS,223344556677,SavingsPlanCoveredUsage,2026-03-27T06:00:00Z,2026-03-27T07:00:00Z,AmazonEC2,USWE-BoxUsage:r5.xlarge,RunInstances,us-west-2a,i-05c37106633ad4ac2,1.0,8.0,8.0,0.252,0.252,0.183419,0.183419,Hrs,0.252,0.252,Amazon Elastic Compute Cloud,r5.xlarge,4,32 GiB,Linux,us-west-2,AmazonEC2,ml,prod,CC500,,,,,,,,arn:aws:savingsplans::223344556677:savingsplan/4a5ad43f-7759-4fe0-9477-bf840cfe04d1,0.183419,0.183419,0.183419,,
c5dc936f6d6b4ba2ad49734b7a639451,2026-03-27T16:00:00Z/2026-03-27T17:00:00Z,112233445566,2026-03-01T00:00:00Z,2026-04-01T00:00:00Z,AWS,223344556677,SavingsPlanCoveredUsage,2026-03-27T16:00:00Z,2026-03-27T17:00:00Z,AmazonEC2,USWE-BoxUsage:r5.xlarge,RunInstances,us-west-2a,i-05c37106633ad4ac2,1.0,8.0,8.0,0.252,0.252,0.173448,0.173448,Hrs,0.252,0.252,Amazon Elastic Compute Cloud,r5.xlarge,4,32 GiB,Linux,us-west-2,AmazonEC2,ml,prod,CC500,,,,,,,,arn:aws:savingsplans::223344556677:savingsplan/4a5ad43f-7759-4fe0-9477-bf840cfe04d1,0.173448,0.173448,0.173448,,
dfa113bbb5a24db1b759e929f96fac8d,2026-03-28T02:00:00Z/2026-03-28T03:00:00Z,112233445566,2026-03-01T00:00:00Z,2026-04-01T00:00:00Z,AWS,223344556677,SavingsPlanCoveredUsage,2026-03-28T02:00:00Z,2026-03-28T03:00:00Z,AmazonEC2,USWE-BoxUsage:r5.xlarge,RunInstances,us-west-2a,i-05c37106633ad4ac2,1.0,8.0,8.0,0.252,0.252,0.179048,0.179048,Hrs,0.252,0.252,Amazon Elastic Compute Cloud,r5.xlarge,4,32 GiB,Linux,us-west-2,AmazonEC2,ml,prod,CC500,,,,,,,,arn:aws:savingsplans::223344556677:savingsplan/4a5ad43f-7759-4fe0-9477-bf840cfe04d1,0.179048,0.179048,0.179048,,
f6188825fbe443cab805fd82e0243365,2026-03-28T12:00:00Z/2026-03-28T13:00:00Z,112233445566,2026-03-01T00:00:00Z,2026-04-01T00:00:00Z,AWS,223344556677,SavingsPlanCoveredUsage,2026-03-28T12:00:00Z,2026-03-28T13:00:00Z,AmazonEC2,USWE-BoxUsage:r5.xlarge,RunInstances,us-west-2a,i-05c37106633ad4ac2,1.0,8.0,8.0,0.252,0.252,0.18771,0.18771,Hrs,0.252,0.252,Amazon Elastic Compute Cloud,r5.xlarge,4,32 GiB,Linux,us-west-2,AmazonEC2,ml,prod,CC500,,,,,,,,arn:aws:savingsplans::223344556677:savingsplan/4a5ad43f-7759-4fe0-9477-bf840cfe04d1,0.18771,0.18771,0.18771,,
711939a09a4f422baebcfe9b6e2cef72,2026-03-28T22:00:00Z/2026-03-28T23:00:00Z,112233445566,2026-03-01T00:00:00Z,2026-04-01T00:00:00Z,AWS,223344556677,SavingsPlanCoveredUsage,2026-03-28T22:00:00Z,2026-03-28T23:00:00Z,AmazonEC2,USWE-BoxUsage:r5.xlarge,RunInstances,us-west-2a,i-05c37106633ad4ac2,1.0,8.0,8.0,0.252,0.252,0.18303,0.18303,Hrs,0.252,0.252,Amazon Elastic Compute Cloud,r5.xlarge,4,32 GiB,Linux,us-west-2,AmazonEC2,ml,prod,CC500,,,,,,,,arn:aws:savingsplans::223344556677:savingsplan/4a5ad43f-7759-4fe0-9477-bf840cfe04d1,0.18303,0.18303,0.18303,,
fd985640f5d648b98326c680120f375e,2026-03-29T08:00:00Z/2026-03-29T09:00:00Z,112233445566,2026-03-01T00:00:00Z,2026-04-01T00:00:00Z,AWS,223344556677,SavingsPlanCoveredUsage,2026-03-29T08:00:00Z,2026-03-29T09:00:00Z,AmazonEC2,USWE-BoxUsage:r5.xlarge,RunInstances,us-west-2a,i-05c37106633ad4ac2,1.0,8.0,8.0,0.252,0.252,0.177142,0.177142,Hrs,0.252,0.252,Amazon Elastic Compute Cloud,r5.xlarge,4,32 GiB,Linux,us-west-2,AmazonEC2,ml,prod,CC500,,,,,,,,arn:aws:savingsplans::223344556677:savingsplan/4a5ad43f-7759-4fe0-9477-bf840cfe04d1,0.177142,0.177142,0.177142,,
0bc8d1c0935142f1bf4a63b8b74d376a,2026-03-29T18:00:00Z/2026-03-29T19:00:00Z,112233445566,2026-03-01T00:00:00Z,2026-04-01T00:00:00Z,AWS,223344556677,SavingsPlanCoveredUsage,2026-03-29T18:00:00Z,2026-03-29T19:00:00Z,AmazonEC2,USWE-BoxUsage:r5.xlarge,RunInstances,us-west-2a,i-05c37106633ad4ac2,1.0,8.0,8.0,0.252,0.252,0.180169,0.180169,Hrs,0.252,0.252,Amazon Elastic Compute Cloud,r5.xlarge,4,32 GiB,Linux,us-west-2,AmazonEC2,ml,prod,CC500,,,,,,,,arn:aws:savingsplans::223344556677:savingsplan/4a5ad43f-7759-4fe0-9477-bf840cfe04d1,0.180169,0.180169,0.180169,,
e1cd6a18c651407f972038411c4b5faf,2026-03-30T04:00:00Z/2026-03-30T05:00:00Z,112233445566,2026-03-01T00:00:00Z,2026-04-01T00:00:00Z,AWS,223344556677,SavingsPlanCoveredUsage,2026-03-30T04:00:00Z,2026-03-30T05:00:00Z,AmazonEC2,USWE-BoxUsage:r5.xlarge,RunInstances,us-west-2a,i-05c37106633ad4ac2,1.0,8.0,8.0,0.252,0.252,0.166659,0.166659,Hrs,0.252,0.252,Amazon Elastic Compute Cloud,r5.xlarge,4,32 GiB,Linux,us-west-2,AmazonEC2,ml,prod,CC500,,,,,,,,arn:aws:savingsplans::223344556677:savingsplan/4a5ad43f-7759-4fe0-9477-bf840cfe04d1,0.166659,0.166659,0.166659,,
2a7e4e4291cb45709c1deb6ea341423a,2026-03-30T14:00:00Z/2026-03-30T15:00:00Z,112233445566,2026-03-01T00:00:00Z,2026-04-01T00:00:00Z,AWS,223344556677,SavingsPlanCoveredUsage,2026-03-30T14:00:00Z,2026-03-30T15:00:00Z,AmazonEC2,USWE-BoxUsage:r5.xlarge,RunInstances,us-west-2a,i-05c37106633ad4ac2,1.0,8.0,8.0,0.252,0.252,0.176376,0.176376,Hrs,0.252,0.252,Amazon Elastic Compute Cloud,r5.xlarge,4,32 GiB,Linux,us-west-2,AmazonEC2,ml,prod,CC500,,,,,,,,arn:aws:savingsplans::223344556677:savingsplan/4a5ad43f-7759-4fe0-9477-bf840cfe04d1,0.176376,0.176376,0.176376,,
186234b2757e48cb9239d7d4638b20f2,2026-03-01T00:00:00Z/2026-03-01T01:00:00Z,112233445566,2026-03-01T00:00:00Z,2026-04-01T00:00:00Z,AWS,334455667788,Usage,2026-03-01T00:00:00Z,2026-03-01T01:00:00Z,AmazonEC2,EUWE-BoxUsage:t3.large,RunInstances,eu-west-1a,i-0ff79a35bd86c4535,1.0,4.0,4.0,0.0832,0.0832,0.083713,0.081218,Hrs,0.0832,0.0832,Amazon Elastic Compute Cloud,t3.large,2,8 GiB,Linux,eu-west-1,AmazonEC2,frontend,prod,CC300,,,,,,,,,,,,,
8910dff02cd14d6ab7336790be99a2b1,2026-03-01T10:00:00Z/2026-03-01T11:00:00Z,112233445566,2026-03-01T00:00:00Z,2026-04-01T00:00:00Z,AWS,334455667788,Usage,2026-03-01T10:00:00Z,2026-03-01T11:00:00Z,AmazonEC2,EUWE-BoxUsage:t3.large,RunInstances,eu-west-1a,i-0ff79a35bd86c4535,1.0,4.0,4.0,0.0832,0.0832,0.082753,0.08733,Hrs,0.0832,0.0832,Amazon Elastic Compute Cloud,t3.large,2,8 GiB,Linux,eu-west-1,AmazonEC2,frontend,prod,CC300,,,,,,,,,,,,,
107e09809eeb484f9cb648b92106a83c,2026-03-01T20:00:00Z/2026-03-01T21:00:00Z,112233445566,2026-03-01T00:00:00Z,2026-04-01T00:00:00Z,AWS,334455667788,Usage,2026-03-01T20:00:00Z,2026-03-01T21:00:00Z,AmazonEC2,EUWE-BoxUsage:t3.large,RunInstances,eu-west-1a,i-0ff79a35bd86c4535,1.0,4.0,4.0,0.0832,0.0832,0.086665,0.083127,Hrs,0.0832,0.0832,Amazon Elastic Compute Cloud,t3.large,2,8 GiB,Linux,eu-west-1,AmazonEC2,frontend,prod,CC300,,,,,,,,,,,,,
2785a570ba1d482c8cf378677866cfe0,2026-03-02T06:00:00Z/2026-03-02T07:00:00Z,112233445566,2026-03-01T00:00:00Z,2026-04-01T00:00:00Z,AWS,334455667788,Usage,2026-03-02T06:00:00Z,2026-03-02T07:00:00Z,AmazonEC2,EUWE-BoxUsage:t3.large,RunInstances,eu-west-1a,i-0ff79a35bd86c4535,1.0,4.0,4.0,0.0832,0.0832,0.086136,0.082801,Hrs,0.0832,0.0832,Amazon Elastic Compute Cloud,t3.large,2,8 GiB,Linux,eu-west-1,AmazonEC2,frontend,prod,CC300,,,,,,,,,,,,,
b43baf38552c4cf6a57e42d4c59397b4,2026-03-02T16:00:00Z/2026-03-02T17:00:00Z,112233445566,2026-03-01T00:00:00Z,2026-04-01T00:00:00Z,AWS,334455667788,Usage,2026-03-02T16:00:00Z,2026-03-02T17:00:00Z,AmazonEC2,EUWE-BoxUsage:t3.large,RunInstances,eu-west-1a,i-0ff79a35bd86c4535,1.0,4.0,4.0,0.0832,0.0832,0.082743,0.07977,Hrs,0.0832,0.0832,Amazon Elastic Compute Cloud,t3.large,2,8 GiB,Linux,eu-west-1,AmazonEC2,frontend,prod,CC300,,,,,,,,,,,,,
8f0a4d8aa2c5452ea7f05b65cb66b4ca,2026-03-03T02:00:00Z/2026-03-03T03:00:00Z,112233445566,2026-03-01T00:00:00Z,2026-04-01T00:00:00Z,AWS,334455667788,Usage,2026-03-03T02:00:00Z,2026-03-03T03:00:00Z,AmazonEC2,EUWE-BoxUsage:t3.large,RunInstances,eu-west-1a,i-0ff79a35bd86c4535,1.0,4.0,4.0,0.0832,0.0832,0.086075,0.081699,Hrs,0.0832,0.0832,Amazon Elastic Compute Cloud,t3.large,2,8 GiB,Linux,eu-west-1,AmazonEC2,frontend,prod,CC300,,,,,,,,,,,,,
e5e5d5b127444cc1a5365f79d62b2f94,2026-03-03T12:00:00Z/2026-03-03T13:00:00Z,112233445566,2026-03-01T00:00:00Z,2026-04-01T00:00:00Z,AWS,334455667788,Usage,2026-03-03T12:00:00Z,2026-03-03T13:00:00Z,AmazonEC2,EUWE-BoxUsage:t3.large,RunInstances,eu-west-1a,i-0ff79a35bd86c4535,1.0,4.0,4.0,0.0832,0.0832,0.07958,0.083551,Hrs,0.0832,0.0832,Amazon Elastic Compute Cloud,t3.large,2,8 GiB,Linux,eu-west-1,AmazonEC2,frontend,prod,CC300,,,,,,,,,,,,,
89cb71d01efd4e53a8a6fea34dce0676,2026-03-03T22:00:00Z/2026-03-03T23:00:00Z,112233445566,2026-03-01T00:00:00Z,2026-04-01T00:00:00Z,AWS,334455667788,Usage,2026-03-03T22:00:00Z,2026-03-03T23:00:00Z,AmazonEC2,EUWE-BoxUsage:t3.large,RunInstances,eu-west-1a,i-0ff79a35bd86c4535,1.0,4.0,4.0,0.0832,0.0832,0.086123,0.084962,Hrs,0.0832,0.0832,Amazon Elastic Compute Cloud,t3.large,2,8 GiB,Linux,eu-west-1,AmazonEC2,frontend,prod,CC300,,,,,,,,,,,,,
6354fc1827dc40bfada19ba2ae64bda6,2026-03-04T08:00:00Z/2026-03-04T09:00:00Z,112233445566,2026-03-01T00:00:00Z,2026-04-01T00:00:00Z,AWS,334455667788,Usage,2026-03-04T08:00:00Z,2026-03-04T09:00:00Z,AmazonEC2,EUWE-BoxUsage:t3.large,RunInstances,eu-west-1a,i-0ff79a35bd86c4535,1.0,4.0,4.0,0.0832,0.0832,0.084346,0.085644,Hrs,0.0832,0.0832,Amazon Elastic Compute Cloud,t3.large,2,8 GiB,Linux,eu-west-1,AmazonEC2,frontend,prod,CC300,,,,,,,,,,,,,
5e2560bb37e04aeabfa919abf06f1a53,2026-03-04T18:00:00Z/2026-03-04T19:00:00Z,112233445566,2026-03-01T00:00:00Z,2026-04-01T00:00:00Z,AWS,334455667788,Usage,2026-03-04T18:00:00Z,2026-03-04T19:00:00Z,AmazonEC2,EUWE-BoxUsage:t3.large,RunInstances,eu-west-1a,i-0ff79a35bd86c4535,1.0,4.0,4.0,0.0832,0.0832,0.08005,0.080712,Hrs,0.0832,0.0832,Amazon Elastic Compute Cloud,t3.large,2,8 GiB,Linux,eu-west-1,AmazonEC2,frontend,prod,CC300,,,,,,,,,,,,,
ae44e12574da4081af38860061bbf90f,2026-03-05T04:00:00Z/2026-03-05T05:00:00Z,112233445566,2026-03-01T00:00:00Z,2026-04-01T00:00:00Z,AWS,334455667788,Usage,2026-03-05T04:00:00Z,2026-03-05T05:00:00Z,AmazonEC2,EUWE-BoxUsage:t3.large,RunInstances,eu-west-1a,i-0ff79a35bd86c4535,1.0,4.0,4.0,0.0832,0.0832,0.085616,0.079259,Hrs,0.0832,0.0832,Amazon Elastic Compute Cloud,t3.large,2,8 GiB,Linux,eu-west-1,AmazonEC2,frontend,prod,CC300,,,,,,,,,,,,,
701117f652094b79be580cbc3070626b,2026-03-05T14:00:00Z/2026-03-05T15:00:00Z,112233445566,2026-03-01T00:00:00Z,2026-04-01T00:00:00Z,AWS,334455667788,Usage,2026-03-05T14:00:00Z,2026-03-05T15:00:00Z,AmazonEC2,EUWE-BoxUsage:t3.large,RunInstances,eu-west-1a,i-0ff79a35bd86c4535,1.0,4.0,4.0,0.0832,0.0832,0.082109,0.085726,Hrs,0.0832,0.0832,Amazon Elastic Compute Cloud,t3.large,2,8 GiB,Linux,eu-west-1,AmazonEC2,frontend,prod,CC300,,,,,,,,,,,,,
e502152437ef4d0e88582721b12cbd83,2026-03-06T00:00:00Z/2026-03-06T01:00:00Z,112233445566,2026-03-01T00:00:00Z,2026-04-01T00:00:00Z,AWS,334455667788,Usage,2026-03-06T00:00:00Z,2026-03-06T01:00:00Z,AmazonEC2,EUWE-BoxUsage:t3.large,RunInstances,eu-west-1a,i-0ff79a35bd86c4535,1.0,4.0,4.0,0.0832,0.0832,0.084131,0.079757,Hrs,0.0832,0.0832,Amazon Elastic Compute Cloud,t3.large,2,8 GiB,Linux,eu-west-1,AmazonEC2,frontend,prod,CC300,,,,,,,,,,,,,
d6d63b29b8d444f48c701b4524f76164,2026-03-06T10:00:00Z/2026-03-06T11:00:00Z,112233445566,2026-03-01T00:00:00Z,2026-04-01T00:00:00Z,AWS,334455667788,Usage,2026-03-06T10:00:00Z,2026-03-06T11:00:00Z,AmazonEC2,EUWE-BoxUsage:t3.large,RunInstances,eu-west-1a,i-0ff79a35bd86c4535,1.0,4.0,4.0,0.0832,0.0832,0.087357,0.085021,Hrs,0.0832,0.0832,Amazon Elastic Compute Cloud,t3.large,2,8 GiB,Linux,eu-west-1,AmazonEC2,frontend,prod,CC300,,,,,,,,,,,,,
116e456bd57643518a5a74789fd5a0a5,2026-03-06T20:00:00Z/2026-03-06T21:00:00Z,112233445566,2026-03-01T00:00:00Z,2026-04-01T00:00:00Z,AWS,334455667788,Usage,2026-03-06T20:00:00Z,2026-03-06T21:00:00Z,AmazonEC2,EUWE-BoxUsage:t3.large,RunInstances,eu-west-1a,i-0ff79a35bd86c4535,1.0,4.0,4.0,0.0832,0.0832,0.085439,0.08589,Hrs,0.0832,0.0832,Amazon Elastic Compute Cloud,t3.large,2,8 GiB,Linux,eu-west-1,AmazonEC2,frontend,prod,CC300,,,,,,,,,,,,,
6bc40042f34f4c55b674f3e0dbfa1987,2026-03-07T06:00:00Z/2026-03-07T07:00:00Z,112233445566,2026-03-01T00:00:00Z,2026-04-01T00:00:00Z,AWS,334455667788,Usage,2026-03-07T06:00:00Z,2026-03-07T07:00:00Z,AmazonEC2,EUWE-BoxUsage:t3.large,RunInstances,eu-west-1a,i-0ff79a35bd86c4535,1.0,4.0,4.0,0.0832,0.0832,0.08713,0.084384,Hrs,0.0832,0.0832,Amazon Elastic Compute Cloud,t3.large,2,8 GiB,Linux,eu-west-1,AmazonEC2,frontend,prod,CC300,,,,,,,,,,,,,
dc07e4847a3b4e57bf54d4ec224a2a62,2026-03-07T16:00:00Z/2026-03-07T17:00:00Z,112233445566,2026-03-01T00:00:00Z,2026-04-01T00:00:00Z,AWS,334455667788,Usage,2026-03-07T16:00:00Z,2026-03-07T17:00:00Z,AmazonEC2,EUWE-BoxUsage:t3.large,RunInstances,eu-west-1a,i-0ff79a35bd86c4535,1.0,4.0,4.0,0.0832,0.0832,0.084699,0.081906,Hrs,0.0832,0.0832,Amazon Elastic Compute Cloud,t3.large,2,8 GiB,Linux,eu-west-1,AmazonEC2,frontend,prod,CC300,,,,,,,,,,,,,
6ac6c11a28824d5eaa9474c5d17ed1c5,2026-03-08T02:00:00Z/2026-03-08T03:00:00Z,112233445566,2026-03-01T00:00:00Z,2026-04-01T00:00:00Z,AWS,334455667788,Usage,2026-03-08T02:00:00Z,2026-03-08T03:00:00Z,AmazonEC2,EUWE-BoxUsage:t3.large,RunInstances,eu-west-1a,i-0ff79a35bd86c4535,1.0,4.0,4.0,0.0832,0.0832,0.085532,0.084363,Hrs,0.0832,0.0832,Amazon Elastic Compute Cloud,t3.large,2,8 GiB,Linux,eu-west-1,AmazonEC2,frontend,prod,CC300,,,,,,,,,,,,,
ab8b473063e240e092272bc4b35bed18,2026-03-08T12:00:00Z/2026-03-08T13:00:00Z,112233445566,2026-03-01T00:00:00Z,2026-04-01T00:00:00Z,AWS,334455667788,Usage,2026-03-08T12:00:00Z,2026-03-08T13:00:00Z,AmazonEC2,EUWE-BoxUsage:t3.large,RunInstances,eu-west-1a,i-0ff79a35bd86c4535,1.0,4.0,4.0,0.0832,0.0832,0.087079,0.082639,Hrs,0.0832,0.0832,Amazon Elastic Compute Cloud,t3.large,2,8 GiB,Linux,eu-west-1,AmazonEC2,frontend,prod,CC300,,,,,,,,,,,,,
60817ba7446f49d8ae545c2240b1d01c,2026-03-08T22:00:00Z/2026-03-08T23:00:00Z,112233445566,2026-03-01T00:00:00Z,2026-04-01T00:00:00Z,AWS,334455667788,Usage,2026-03-08T22:00:00Z,2026-03-08T23:00:00Z,AmazonEC2,EUWE-BoxUsage:t3.large,RunInstances,eu-west-1a,i-0ff79a35bd86c4535,1.0,4.0,4.0,0.0832,0.0832,0.079501,0.080073,Hrs,0.0832,0.0832,Amazon Elastic Compute Cloud,t3.large,2,8 GiB,Linux,eu-west-1,AmazonEC2,frontend,prod,CC300,,,,,,,,,,,,,
eb4546b9cd914b31b63f6b21b9381223,2026-03-09T08:00:00Z/2026-03-09T09:00:00Z,112233445566,2026-03-01T00:00:00Z,2026-04-01T00:00:00Z,AWS,334455667788,Usage,2026-03-09T08:00:00Z,2026-03-09T09:00:00Z,AmazonEC2,EUWE-BoxUsage:t3.large,RunInstances,eu-west-1a,i-0ff79a35bd86c4535,1.0,4.0,4.0,0.0832,0.0832,0.08041,0.081725,Hrs,0.0832,0.0832,Amazon Elastic Compute Cloud,t3.large,2,8 GiB,Linux,eu-west-1,AmazonEC2,frontend,prod,CC300,,,,,,,,,,,,,
5f6e729d87164912867e32b3b26c8087,2026-03-09T18:00:00Z/2026-03-09T19:00:00Z,112233445566,2026-03-01T00:00:00Z,2026-04-01T00:00:00Z,AWS,334455667788,Usage,2026-03-09T18:00:00Z,2026-03-09T19:00:00Z,AmazonEC2,EUWE-BoxUsage:t3.large,RunInstances,eu-west-1a,i-0ff79a35bd86c4535,1.0,4.0,4.0,0.0832,0.0832,0.081919,0.086868,Hrs,0.0832,0.0832,Amazon Elastic Compute Cloud,t3.large,2,8 GiB,Linux,eu-west-1,AmazonEC2,frontend,prod,CC300,,,,,,,,,,,,,
218d1db73e284570b84559f5dc99800a,2026-03-10T04:00:00Z/2026-03-10T05:00:00Z,112233445566,2026-03-01T00:00:00Z,2026-04-01T00:00:00Z,AWS,334455667788,Usage,2026-03-10T04:00:00Z,2026-03-10T05:00:00Z,AmazonEC2,EUWE-BoxUsage:t3.large,RunInstances,eu-west-1a,i-0ff79a35bd86c4535,1.0,4.0,4.0,0.0832,0.0832,0.086078,0.081125,Hrs,0.0832,0.0832,Amazon Elastic Compute Cloud,t3.large,2,8 GiB,Linux,eu-west-1,AmazonEC2,frontend,prod,CC300,,,,,,,,,,,,,
54412d391f2348febff582bd3b132a70,2026-03-10T14:00:00Z/2026-03-10T15:00:00Z,112233445566,2026-03-01T00:00:00Z,2026-04-01T00:00:00Z,AWS,334455667788,Usage,2026-03-10T14:00:00Z,2026-03-10T15:00:00Z,AmazonEC2,EUWE-BoxUsage:t3.large,RunInstances,eu-west-1a,i-0ff79a35bd86c4535,1.0,4.0,4.0,0.0832,0.0832,0.083623,0.080081,Hrs,0.0832,0.0832,Amazon Elastic Compute Cloud,t3.large,2,8 GiB,Linux,eu-west-1,AmazonEC2,frontend,prod,CC300,,,,,,,,,,,,,
25c2117c78044941a4a6cbf2c37313fb,2026-03-11T00:00:00Z/2026-03-11T01:00:00Z,112233445566,2026-03-01T00:00:00Z,2026-04-01T00:00:00Z,AWS,334455667788,Usage,2026-03-11T00:00:00Z,2026-03-11T01:00:00Z,AmazonEC2,EUWE-BoxUsage:t3.large,RunInstances,eu-west-1a,i-0ff79a35bd86c4535,1.0,4.0,4.0,0.0832,0.0832,0.083479,0.083221,Hrs,0.0832,0.0832,Amazon Elastic Compute Cloud,t3.large,2,8 GiB,Linux,eu-west-1,AmazonEC2,frontend,prod,CC300,,,,,,,,,,,,,
f5edf92e7fd44a06a3459d70168a0f45,2026-03-11T10:00:00Z/2026-03-11T11:00:00Z,112233445566,2026-03-01T00:00:00Z,2026-04-01T00:00:00Z,AWS,334455667788,Usage,2026-03-11T10:00:00Z,2026-03-11T11:00:00Z,AmazonEC2,EUWE-BoxUsage:t3.large,RunInstances,eu-west-1a,i-0ff79a35bd86c4535,1.0,4.0,4.0,0.0832,0.0832,0.086874,0.080323,Hrs,0.0832,0.0832,Amazon Elastic Compute Cloud,t3.large,2,8 GiB,Linux,eu-west-1,AmazonEC2,frontend,prod,CC300,,,,,,,,,,,,,
8b150db6101a44b69c4017fd9e4e5587,2026-03-11T20:00:00Z/2026-03-11T21:00:00Z,112233445566,2026-03-01T00:00:00Z,2026-04-01T00:00:00Z,AWS,334455667788,Usage,2026-03-11T20:00:00Z,2026-03-11T21:00:00Z,AmazonEC2,EUWE-BoxUsage:t3.large,RunInstances,eu-west-1a,i-0ff79a35bd86c4535,1.0,4.0,4.0,0.0832,0.0832,0.085036,0.084075,Hrs,0.0832,0.0832,Amazon Elastic Compute Cloud,t3.large,2,8 GiB,Linux,eu-west-1,AmazonEC2,frontend,prod,CC300,,,,,,,,,,,,,
4eed7013bcb54aafb298ac27745c1956,2026-03-12T06:00:00Z/2026-03-12T07:00:00Z,112233445566,2026-03-01T00:00:00Z,2026-04-01T00:00:00Z,AWS,334455667788,Usage,2026-03-12T06:00:00Z,2026-03-12T07:00:00Z,AmazonEC2,EUWE-BoxUsage:t3.large,RunInstances,eu-west-1a,i-0ff79a35bd86c4535,1.0,4.0,4.0,0.0832,0.0832,0.083729,0.085906,Hrs,0.0832,0.0832,Amazon Elastic Compute Cloud,t3.large,2,8 GiB,Linux,eu-west-1,AmazonEC2,frontend,prod,CC300,,,,,,,,,,,,,
c19cadacd8c84528866fb411d00184ae,2026-03-12T16:00:00Z/2026-03-12T17:00:00Z,112233445566,2026-03-01T00:00:00Z,2026-04-01T00:00:00Z,AWS,334455667788,Usage,2026-03-12T16:00:00Z,2026-03-12T17:00:00Z,AmazonEC2,EUWE-BoxUsage:t3.large,RunInstances,eu-west-1a,i-0ff79a35bd86c4535,1.0,4.0,4.0,0.0832,0.0832,0.079418,0.084377,Hrs,0.0832,0.0832,Amazon Elastic Compute Cloud,t3.large,2,8 GiB,Linux,eu-west-1,AmazonEC2,frontend,prod,CC300,,,,,,,,,,,,,
0e2ee7466ae8484ab1d33357030556c2,2026-03-13T02:00:00Z/2026-03-13T03:00:00Z,112233445566,2026-03-01T00:00:00Z,2026-04-01T00:00:00Z,AWS,334455667788,Usage,2026-03-13T02:00:00Z,2026-03-13T03:00:00Z,AmazonEC2,EUWE-BoxUsage:t3.large,RunInstances,eu-west-1a,i-0ff79a35bd86c4535,1.0,4.0,4.0,0.0832,0.0832,0.084457,0.085421,Hrs,0.0832,0.0832,Amazon Elastic Compute Cloud,t3.large,2,8 GiB,Linux,eu-west-1,AmazonEC2,frontend,prod,CC300,,,,,,,,,,,,,
797e158d80054ba5989925685a1e6c54,2026-03-13T12:00:00Z/2026-03-13T13:00:00Z,112233445566,2026-03-01T00:00:00Z,2026-04-01T00:00:00Z,AWS,334455667788,Usage,2026-03-13T12:00:00Z,2026-03-13T13:00:00Z,AmazonEC2,EUWE-BoxUsage:t3.large,RunInstances,eu-west-1a,i-0ff79a35bd86c4535,1.0,4.0,4.0,0.0832,0.0832,0.084356,0.083184,Hrs,0.0832,0.0832,Amazon Elastic Compute Cloud,t3.large,2,8 GiB,Linux,eu-west-1,AmazonEC2,frontend,prod,CC300,,,,,,,,,,,,,
18ddc6dd46664f7bbc3563107ff83922,2026-03-13T22:00:00Z/2026-03-13T23:00:00Z,112233445566,2026-03-01T00:00:00Z,2026-04-01T00:00:00Z,AWS,334455667788,Usage,2026-03-13T22:00:00Z,2026-03-13T23:00:00Z,AmazonEC2,EUWE-BoxUsage:t3.large,RunInstances,eu-west-1a,i-0ff79a35bd86c4535,1.0,4.0,4.0,0.0832,0.0832,0.08145,0.086999,Hrs,0.0832,0.0832,Amazon Elastic Compute Cloud,t3.large,2,8 GiB,Linux,eu-west-1,AmazonEC2,frontend,prod,CC300,,,,,,,,,,,,,
d3427419b66d422588c8acf217d42e66,2026-03-14T08:00:00Z/2026-03-14T09:00:00Z,112233445566,2026-03-01T00:00:00Z,2026-04-01T00:00:00Z,AWS,334455667788,Usage,2026-03-14T08:00:00Z,2026-03-14T09:00:00Z,AmazonEC2,EUWE-BoxUsage:t3.large,RunInstances,eu-west-1a,i-0ff79a35bd86c4535,1.0,4.0,4.0,0.0832,0.0832,0.085735,0.084739,Hrs,0.0832,0.0832,Amazon Elastic Compute Cloud,t3.large,2,8 GiB,Linux,eu-west-1,AmazonEC2,frontend,prod,CC300,,,,,,,,,,,,,
c6f95ee76a1a4bce9f400448ff32506b,2026-03-14T18:00:00Z/2026-03-14T19:00:00Z,112233445566,2026-03-01T00:00:00Z,2026-04-01T00:00:00Z,AWS,334455667788,Usage,2026-03-14T18:00:00Z,2026-03-14T19:00:00Z,AmazonEC2,EUWE-BoxUsage:t3.large,RunInstances,eu-west-1a,i-0ff79a35bd86c4535,1.0,4.0,4.0,0.0832,0.0832,0.079647,0.079538,Hrs,0.0832,0.0832,Amazon Elastic Compute Cloud,t3.large,2,8 GiB,Linux,eu-west-1,AmazonEC2,frontend,prod,CC300,,,,,,,,,,,,,
48d174a278ca48b5a8beb5e9feea30b3,2026-03-15T04:00:00Z/2026-03-15T05:00:00Z,112233445566,2026-03-01T00:00:00Z,2026-04-01T00:00:00Z,AWS,334455667788,Usage,2026-03-15T04:00:00Z,2026-03-15T05:00:00Z,AmazonEC2,EUWE-BoxUsage:t3.large,RunInstances,eu-west-1a,i-0ff79a35bd86c4535,1.0,4.0,4.0,0.0832,0.0832,0.083069,0.080737,Hrs,0.0832,0.0832,Amazon Elastic Compute Cloud,t3.large,2,8 GiB,Linux,eu-west-1,AmazonEC2,frontend,prod,CC300,,,,,,,,,,,,,
2d4f830ecab843a0a0e06ccbe2c99076,2026-03-15T14:00:00Z/2026-03-15T15:00:00Z,112233445566,2026-03-01T00:00:00Z,2026-04-01T00:00:00Z,AWS,334455667788,Usage,2026-03-15T14:00:00Z,2026-03-15T15:00:00Z,AmazonEC2,EUWE-BoxUsage:t3.large,RunInstances,eu-west-1a,i-0ff79a35bd86c4535,1.0,4.0,4.0,0.0832,0.0832,0.081641,0.085017,Hrs,0.0832,0.0832,Amazon Elastic Compute Cloud,t3.large,2,8 GiB,Linux,eu-west-1,AmazonEC2,frontend,prod,CC300,,,,,,,,,,,,,
deb98559ec6e49f4abf85addcef0b3b9,2026-03-16T00:00:00Z/2026-03-16T01:00:00Z,112233445566,2026-03-01T00:00:00Z,2026-04-01T00:00:00Z,AWS,334455667788,Usage,2026-03-16T00:00:00Z,2026-03-16T01:00:00Z,AmazonEC2,EUWE-BoxUsage:t3.large,RunInstances,eu-west-1a,i-0ff79a35bd86c4535,1.0,4.0,4.0,0.0832,0.0832,0.086202,0.087155,Hrs,0.0832,0.0832,Amazon Elastic Compute Cloud,t3.large,2,8 GiB,Linux,eu-west-1,AmazonEC2,frontend,prod,CC300,,,,,,,,,,,,,
98c97e32b8cc46658b25e75c6d980fb3,2026-03-16T10:00:00Z/2026-03-16T11:00:00Z,112233445566,2026-03-01T00:00:00Z,2026-04-01T00:00:00Z,AWS,334455667788,Usage,2026-03-16T10:00:00Z,2026-03-16T11:00:00Z,AmazonEC2,EUWE-BoxUsage:t3.large,RunInstances,eu-west-1a,i-0ff79a35bd86c4535,1.0,4.0,4.0,0.0832,0.0832,0.082123,0.083713,Hrs,0.0832,0.0832,Amazon Elastic Compute Cloud,t3.large,2,8 GiB,Linux,eu-west-1,AmazonEC2,frontend,prod,CC300,,,,,,,,,,,,,
a391544775684b40b2b3600d958eb127,2026-03-16T20:00:00Z/2026-03-16T21:00:00Z,112233445566,2026-03-01T00:00:00Z,2026-04-01T00:00:00Z,AWS,334455667788,Usage,2026-03-16T20:00:00Z,2026-03-16T21:00:00Z,AmazonEC2,EUWE-BoxUsage:t3.large,RunInstances,eu-west-1a,i-0ff79a35bd86c4535,1.0,4.0,4.0,0.0832,0.0832,0.082921,0.081265,Hrs,0.0832,0.0832,Amazon Elastic Compute Cloud,t3.large,2,8 GiB,Linux,eu-west-1,AmazonEC2,frontend,prod,CC300,,,,,,,,,,,,,
59d55091565d47e98d8d27e8091ffe67,2026-03-17T06:00:00Z/2026-03-17T07:00:00Z,112233445566,2026-03-01T00:00:00Z,2026-04-01T00:00:00Z,AWS,334455667788,Usage,2026-03-17T06:00:00Z,2026-03-17T07:00:00Z,AmazonEC2,EUWE-BoxUsage:t3.large,RunInstances,eu-west-1a,i-0ff79a35bd86c4535,1.0,4.0,4.0,0.0832,0.0832,0.079845,0.081455,Hrs,0.0832,0.0832,Amazon Elastic Compute Cloud,t3.large,2,8 GiB,Linux,eu-west-1,AmazonEC2,frontend,prod,CC300,,,,,,,,,,,,,
9c5f3bc51966484da5005920d8821ab9,2026-03-17T16:00:00Z/2026-03-17T17:00:00Z,112233445566,2026-03-01T00:00:00Z,2026-04-01T00:00:00Z,AWS,334455667788,Usage,2026-03-17T16:00:00Z,2026-03-17T17:00:00Z,AmazonEC2,EUWE-BoxUsage:t3.large,RunInstances,eu-west-1a,i-0ff79a35bd86c4535,1.0,4.0,4.0,0.0832,0.0832,0.08416,0.081106,Hrs,0.0832,0.0832,Amazon Elastic Compute Cloud,t3.large,2,8 GiB,Linux,eu-west-1,AmazonEC2,frontend,prod,CC300,,,,,,,,,,,,,
114c30bc80a24c8b9221d3115d4c5302,2026-03-18T02:00:00Z/2026-03-18T03:00:00Z,112233445566,2026-03-01T00:00:00Z,2026-04-01T00:00:00Z,AWS,334455667788,Usage,2026-03-18T02:00:00Z,2026-03-18T03:00:00Z,AmazonEC2,EUWE-BoxUsage:t3.large,RunInstances,eu-west-1a,i-0ff79a35bd86c4535,1.0,4.0,4.0,0.0832,0.0832,0.080369,0.081764,Hrs,0.0832,0.0832,Amazon Elastic Compute Cloud,t3.large,2,8 GiB,Linux,eu-west-1,AmazonEC2,frontend,prod,CC300,,,,,,,,,,,,,
febb3ca377d04eedb1eba05c2d7235c7,2026-03-18T12:00:00Z/2026-03-18T13:00:00Z,112233445566,2026-03-01T00:00:00Z,2026-04-01T00:00:00Z,AWS,334455667788,Usage,2026-03-18T12:00:00Z,2026-03-18T13:00:00Z,AmazonEC2,EUWE-BoxUsage:t3.large,RunInstances,eu-west-1a,i-0ff79a35bd86c4535,1.0,4.0,4.0,0.0832,0.0832,0.081642,0.085389,Hrs,0.0832,0.0832,Amazon Elastic Compute Cloud,t3.large,2,8 GiB,Linux,eu-west-1,AmazonEC2,frontend,prod,CC300,,,,,,,,,,,,,
01d19748815e4e80baeb27af582ccb9e,2026-03-18T22:00:00Z/2026-03-18T23:00:00Z,112233445566,2026-03-01T00:00:00Z,2026-04-01T00:00:00Z,AWS,334455667788,Usage,2026-03-18T22:00:00Z,2026-03-18T23:00:00Z,AmazonEC2,EUWE-BoxUsage:t3.large,RunInstances,eu-west-1a,i-0ff79a35bd86c4535,1.0,4.0,4.0,0.0832,0.0832,0.083323,0.08319,Hrs,0.0832,0.0832,Amazon Elastic Compute Cloud,t3.large,2,8 GiB,Linux,eu-west-1,AmazonEC2,frontend,prod,CC300,,,,,,,,,,,,,
0dc9290d5e3d4d6299ee67e5088ebec4,2026-03-19T08:00:00Z/2026-03-19T09:00:00Z,112233445566,2026-03-01T00:00:00Z,2026-04-01T00:00:00Z,AWS,334455667788,Usage,2026-03-19T08:00:00Z,2026-03-19T09:00:00Z,AmazonEC2,EUWE-BoxUsage:t3.large,RunInstances,eu-west-1a,i-0ff79a35bd86c4535,1.0,4.0,4.0,0.0832,0.0832,0.079233,0.086904,Hrs,0.0832,0.0832,Amazon Elastic Compute Cloud,t3.large,2,8 GiB,Linux,eu-west-1,AmazonEC2,frontend,prod,CC300,,,,,,,,,,,,,
1b33298ff19944b3a020368b15197bd6,2026-03-19T18:00:00Z/2026-03-19T19:00:00Z,112233445566,2026-03-01T00:00:00Z,2026-04-01T00:00:00Z,AWS,334455667788,Usage,2026-03-19T18:00:00Z,2026-03-19T19:00:00Z,AmazonEC2,EUWE-BoxUsage:t3.large,RunInstances,eu-west-1a,i-0ff79a35bd86c4535,1.0,4.0,4.0,0.0832,0.0832,0.087083,0.08083,Hrs,0.0832,0.0832,Amazon Elastic Compute Cloud,t3.large,2,8 GiB,Linux,eu-west-1,AmazonEC2,frontend,prod,CC300,,,,,,,,,,,,,
edf890875c9849cfba8d532569be1037,2026-03-20T04:00:00Z/2026-03-20T05:00:00Z,112233445566,2026-03-01T00:00:00Z,2026-04-01T00:00:00Z,AWS,334455667788,Usage,2026-03-20T04:00:00Z,2026-03-20T05:00:00Z,AmazonEC2,EUWE-BoxUsage:t3.large,RunInstances,eu-west-1a,i-0ff79a35bd86c4535,1.0,4.0,4.0,0.0832,0.0832,0.07946,0.083158,Hrs,0.0832,0.0832,Amazon Elastic Compute Cloud,t3.large,2,8 GiB,Linux,eu-west-1,AmazonEC2,frontend,prod,CC300,,,,,,,,,,,,,
fc638c655ab24f75be55765fb5d2bc9c,2026-03-20T14:00:00Z/2026-03-20T15:00:00Z,112233445566,2026-03-01T00:00:00Z,2026-04-01T00:00:00Z,AWS,334455667788,Usage,2026-03-20T14:00:00Z,2026-03-20T15:00:00Z,AmazonEC2,EUWE-BoxUsage:t3.large,RunInstances,eu-west-1a,i-0ff79a35bd86c4535,1.0,4.0,4.0,0.0832,0.0832,0.084483,0.082955,Hrs,0.0832,0.0832,Amazon Elastic Compute Cloud,t3.large,2,8 GiB,Linux,eu-west-1,AmazonEC2,frontend,prod,CC300,,,,,,,,,,,,,
b3a46e5aab73479d85442c709aa6e595,2026-03-21T00:00:00Z/2026-03-21T01:00:00Z,112233445566,2026-03-01T00:00:00Z,2026-04-01T00:00:00Z,AWS,334455667788,Usage,2026-03-21T00:00:00Z,2026-03-21T01:00:00Z,AmazonEC2,EUWE-BoxUsage:t3.large,RunInstances,eu-west-1a,i-0ff79a35bd86c4535,1.0,4.0,4.0,0.0832,0.0832,0.086088,0.082625,Hrs,0.0832,0.0832,Amazon Elastic Compute Cloud,t3.large,2,8 GiB,Linux,eu-west-1,AmazonEC2,frontend,prod,CC300,,,,,,,,,,,,,
d21235a74d7f45f98b7dfb9ee15ff8f3,2026-03-21T10:00:00Z/2026-03-21T11:00:00Z,112233445566,2026-03-01T00:00:00Z,2026-04-01T00:00:00Z,AWS,334455667788,Usage,2026-03-21T10:00:00Z,2026-03-21T11:00:00Z,AmazonEC2,EUWE-BoxUsage:t3.large,RunInstances,eu-west-1a,i-0ff79a35bd86c4535,1.0,4.0,4.0,0.0832,0.0832,0.085093,0.085395,Hrs,0.0832,0.0832,Amazon Elastic Compute Cloud,t3.large,2,8 GiB,Linux,eu-west-1,AmazonEC2,frontend,prod,CC300,,,,,,,,,,,,,
492b7f82b60d476fbf9e6422323e268d,2026-03-21T20:00:00Z/2026-03-21T21:00:00Z,112233445566,2026-03-01T00:00:00Z,2026-04-01T00:00:00Z,AWS,334455667788,Usage,2026-03-21T20:00:00Z,2026-03-21T21:00:00Z,AmazonEC2,EUWE-BoxUsage:t3.large,RunInstances,eu-west-1a,i-0ff79a35bd86c4535,1.0,4.0,4.0,0.0832,0.0832,0.082373,0.083785,Hrs,0.0832,0.0832,Amazon Elastic Compute Cloud,t3.large,2,8 GiB,Linux,eu-west-1,AmazonEC2,frontend,prod,CC300,,,,,,,,,,,,,
642a79be3dec47ff869267a9535caeb8,2026-03-22T06:00:00Z/2026-03-22T07:00:00Z,112233445566,2026-03-01T00:00:00Z,2026-04-01T00:00:00Z,AWS,334455667788,Usage,2026-03-22T06:00:00Z,2026-03-22T07:00:00Z,AmazonEC2,EUWE-BoxUsage:t3.large,RunInstances,eu-west-1a,i-0ff79a35bd86c4535,1.0,4.0,4.0,0.0832,0.0832,0.083643,0.079652,Hrs,0.0832,0.0832,Amazon Elastic Compute Cloud,t3.large,2,8 GiB,Linux,eu-west-1,AmazonEC2,frontend,prod,CC300,,,,,,,,,,,,,
0935df737c0e45009243fb4d98eeefbd,2026-03-22T16:00:00Z/2026-03-22T17:00:00Z,112233445566,2026-03-01T00:00:00Z,2026-04-01T00:00:00Z,AWS,334455667788,Usage,2026-03-22T16:00:00Z,2026-03-22T17:00:00Z,AmazonEC2,EUWE-BoxUsage:t3.large,RunInstances,eu-west-1a,i-0ff79a35bd86c4535,1.0,4.0,4.0,0.0832,0.0832,0.0854,0.081367,Hrs,0.0832,0.0832,Amazon Elastic Compute Cloud,t3.large,2,8 GiB,Linux,eu-west-1,AmazonEC2,frontend,prod,CC300,,,,,,,,,,,,,
9cb3e380638d45bb852f929af8becaa4,2026-03-23T02:00:00Z/2026-03-23T03:00:00Z,112233445566,2026-03-01T00:00:00Z,2026-04-01T00:00:00Z,AWS,334455667788,Usage,2026-03-23T02:00:00Z,2026-03-23T03:00:00Z,AmazonEC2,EUWE-BoxUsage:t3.large,RunInstances,eu-west-1a,i-0ff79a35bd86c4535,1.0,4.0,4.0,0.0832,0.0832,0.084701,0.080029,Hrs,0.0832,0.0832,Amazon Elastic Compute Cloud,t3.large,2,8 GiB,Linux,eu-west-1,AmazonEC2,frontend,prod,CC300,,,,,,,,,,,,,
76a000526935463eafea973273e8aa03,2026-03-23T12:00:00Z/2026-03-23T13:00:00Z,112233445566,2026-03-01T00:00:00Z,2026-04-01T00:00:00Z,AWS,334455667788,Usage,2026-03-23T12:00:00Z,2026-03-23T13:00:00Z,AmazonEC2,EUWE-BoxUsage:t3.large,RunInstances,eu-west-1a,i-0ff79a35bd86c4535,1.0,4.0,4.0,0.0832,0.0832,0.082317,0.085654,Hrs,0.0832,0.0832,Amazon Elastic Compute Cloud,t3.large,2,8 GiB,Linux,eu-west-1,AmazonEC2,frontend,prod,CC300,,,,,,,,,,,,,
488268484bf34fd49646e15dc5f8d2e4,2026-03-23T22:00:00Z/2026-03-23T23:00:00Z,112233445566,2026-03-01T00:00:00Z,2026-04-01T00:00:00Z,AWS,334455667788,Usage,2026-03-23T22:00:00Z,2026-03-23T23:00:00Z,AmazonEC2,EUWE-BoxUsage:t3.large,RunInstances,eu-west-1a,i-0ff79a35bd86c4535,1.0,4.0,4.0,0.0832,0.0832,0.086852,0.085321,Hrs,0.0832,0.0832,Amazon Elastic Compute Cloud,t3.large,2,8 GiB,Linux,eu-west-1,AmazonEC2,frontend,prod,CC300,,,,,,,,,,,,,
169ee39adb764a0196e47b32defd8716,2026-03-24T08:00:00Z/2026-03-24T09:00:00Z,112233445566,2026-03-01T00:00:00Z,2026-04-01T00:00:00Z,AWS,334455667788,Usage,2026-03-24T08:00:00Z,2026-03-24T09:00:00Z,AmazonEC2,EUWE-BoxUsage:t3.large,RunInstances,eu-west-1a,i-0ff79a35bd86c4535,1.0,4.0,4.0,0.0832,0.0832,0.083276,0.083201,Hrs,0.0832,0.0832,Amazon Elastic Compute Cloud,t3.large,2,8 GiB,Linux,eu-west-1,AmazonEC2,frontend,prod,CC300,,,,,,,,,,,,,
553ae430996849d6a39a1c77621735d5,2026-03-24T18:00:00Z/2026-03-24T19:00:00Z,112233445566,2026-03-01T00:00:00Z,2026-04-01T00:00:00Z,AWS,334455667788,Usage,2026-03-24T18:00:00Z,2026-03-24T19:00:00Z,AmazonEC2,EUWE-BoxUsage:t3.large,RunInstances,eu-west-1a,i-0ff79a35bd86c4535,1.0,4.0,4.0,0.0832,0.0832,0.08018,0.081811,Hrs,0.0832,0.0832,Amazon Elastic Compute Cloud,t3.large,2,8 GiB,Linux,eu-west-1,AmazonEC2,frontend,prod,CC300,,,,,,,,,,,,,
68bdf83cfac44a02b69f7cbdd90dd2c5,2026-03-25T04:00:00Z/2026-03-25T05:00:00Z,112233445566,2026-03-01T00:00:00Z,2026-04-01T00:00:00Z,AWS,334455667788,Usage,2026-03-25T04:00:00Z,2026-03-25T05:00:00Z,AmazonEC2,EUWE-BoxUsage:t3.large,RunInstances,eu-west-1a,i-0ff79a35bd86c4535,1.0,4.0,4.0,0.0832,0.0832,0.082842,0.084084,Hrs,0.0832,0.0832,Amazon Elastic Compute Cloud,t3.large,2,8 GiB,Linux,eu-west-1,AmazonEC2,frontend,prod,CC300,,,,,,,,,,,,,
3af5b572615441c093edf4b5f1ba45e3,2026-03-25T14:00:00Z/2026-03-25T15:00:00Z,112233445566,2026-03-01T00:00:00Z,2026-04-01T00:00:00Z,AWS,334455667788,Usage,2026-03-25T14:00:00Z,2026-03-25T15:00:00Z,AmazonEC2,EUWE-BoxUsage:t3.large,RunInstances,eu-west-1a,i-0ff79a35bd86c4535,1.0,4.0,4.0,0.0832,0.0832,0.081769,0.084141,Hrs,0.0832,0.0832,Amazon Elastic Compute Cloud,t3.large,2,8 GiB,Linux,eu-west-1,AmazonEC2,frontend,prod,CC300,,,,,,,,,,,,,
c5c78259982b48b68e6c139c622e4bd7,2026-03-26T00:00:00Z/2026-03-26T01:00:00Z,112233445566,2026-03-01T00:00:00Z,2026-04-01T00:00:00Z,AWS,334455667788,Usage,2026-03-26T00:00:00Z,2026-03-26T01:00:00Z,AmazonEC2,EUWE-BoxUsage:t3.large,RunInstances,eu-west-1a,i-0ff79a35bd86c4535,1.0,4.0,4.0,0.0832,0.0832,0.087282,0.085191,Hrs,0.0832,0.0832,Amazon Elastic Compute Cloud,t3.large,2,8 GiB,Linux,eu-west-1,AmazonEC2,frontend,prod,CC300,,,,,,,,,,,,,
4ae08c24891e451c9a1c9cd1c38cf5fe,2026-03-26T10:00:00Z/2026-03-26T11:00:00Z,112233445566,2026-03-01T00:00:00Z,2026-04-01T00:00:00Z,AWS,334455667788,Usage,2026-03-26T10:00:00Z,2026-03-26T11:00:00Z,AmazonEC2,EUWE-BoxUsage:t3.large,RunInstances,eu-west-1a,i-0ff79a35bd86c4535,1.0,4.0,4.0,0.0832,0.0832,0.081839,0.085931,Hrs,0.0832,0.0832,Amazon Elastic Compute Cloud,t3.large,2,8 GiB,Linux,eu-west-1,AmazonEC2,frontend,prod,CC300,,,,,,,,,,,,,
029825bb21954b3e8b6c840d59cc1ac6,2026-03-26T20:00:00Z/2026-03-26T21:00:00Z,112233445566,2026-03-01T00:00:00Z,2026-04-01T00:00:00Z,AWS,334455667788,Usage,2026-03-26T20:00:00Z,2026-03-26T21:00:00Z,AmazonEC2,EUWE-BoxUsage:t3.large,RunInstances,eu-west-1a,i-0ff79a35bd86c4535,1.0,4.0,4.0,0.0832,0.0832,0.084937,0.081534,Hrs,0.0832,0.0832,Amazon Elastic Compute Cloud,t3.large,2,8 GiB,Linux,eu-west-1,AmazonEC2,frontend,prod,CC300,,,,,,,,,,,,,
6b7032e7868a4f6abefd828964bfe6d5,2026-03-27T06:00:00Z/2026-03-27T07:00:00Z,112233445566,2026-03-01T00:00:00Z,2026-04-01T00:00:00Z,AWS,334455667788,Usage,2026-03-27T06:00:00Z,2026-03-27T07:00:00Z,AmazonEC2,EUWE-BoxUsage:t3.large,RunInstances,eu-west-1a,i-0ff79a35bd86c4535,1.0,4.0,4.0,0.0832,0.0832,0.082105,0.084646,Hrs,0.0832,0.0832,Amazon Elastic Compute Cloud,t3.large,2,8 GiB,Linux,eu-west-1,AmazonEC2,frontend,prod,CC300,,,,,,,,,,,,,
e0404d832417439f8be0e617a7590477,2026-03-27T16:00:00Z/2026-03-27T17:00:00Z,112233445566,2026-03-01T00:00:00Z,2026-04-01T00:00:00Z,AWS,334455667788,Usage,2026-03-27T16:00:00Z,2026-03-27T17:00:00Z,AmazonEC2,EUWE-BoxUsage:t3.large,RunInstances,eu-west-1a,i-0ff79a35bd86c4535,1.0,4.0,4.0,0.0832,0.0832,0.083896,0.085669,Hrs,0.0832,0.0832,Amazon Elastic Compute Cloud,t3.large,2,8 GiB,Linux,eu-west-1,AmazonEC2,frontend,prod,CC300,,,,,,,,,,,,,
590fd350741547dfacc81f9b504d1d59,2026-03-28T02:00:00Z/2026-03-28T03:00:00Z,112233445566,2026-03-01T00:00:00Z,2026-04-01T00:00:00Z,AWS,334455667788,Usage,2026-03-28T02:00:00Z,2026-03-28T03:00:00Z,AmazonEC2,EUWE-BoxUsage:t3.large,RunInstances,eu-west-1a,i-0ff79a35bd86c4535,1.0,4.0,4.0,0.0832,0.0832,0.084765,0.079262,Hrs,0.0832,0.0832,Amazon Elastic Compute Cloud,t3.large,2,8 GiB,Linux,eu-west-1,AmazonEC2,frontend,prod,CC300,,,,,,,,,,,,,
50f344cba52143669c8a37c11e97d4ac,2026-03-28T12:00:00Z/2026-03-28T13:00:00Z,112233445566,2026-03-01T00:00:00Z,2026-04-01T00:00:00Z,AWS,334455667788,Usage,2026-03-28T12:00:00Z,2026-03-28T13:00:00Z,AmazonEC2,EUWE-BoxUsage:t3.large,RunInstances,eu-west-1a,i-0ff79a35bd86c4535,1.0,4.0,4.0,0.0832,0.0832,0.087086,0.085554,Hrs,0.0832,0.0832,Amazon Elastic Compute Cloud,t3.large,2,8 GiB,Linux,eu-west-1,AmazonEC2,frontend,prod,CC300,,,,,,,,,,,,,
beb4e61f97924c3d929631b1236c2455,2026-03-28T22:00:00Z/2026-03-28T23:00:00Z,112233445566,2026-03-01T00:00:00Z,2026-04-01T00:00:00Z,AWS,334455667788,Usage,2026-03-28T22:00:00Z,2026-03-28T23:00:00Z,AmazonEC2,EUWE-BoxUsage:t3.large,RunInstances,eu-west-1a,i-0ff79a35bd86c4535,1.0,4.0,4.0,0.0832,0.0832,0.083846,0.085042,Hrs,0.0832,0.0832,Amazon Elastic Compute Cloud,t3.large,2,8 GiB,Linux,eu-west-1,AmazonEC2,frontend,prod,CC300,,,,,,,,,,,,,
55b17da045414d12af41830a4745daa9,2026-03-29T08:00:00Z/2026-03-29T09:00:00Z,112233445566,2026-03-01T00:00:00Z,2026-04-01T00:00:00Z,AWS,334455667788,Usage,2026-03-29T08:00:00Z,2026-03-29T09:00:00Z,AmazonEC2,EUWE-BoxUsage:t3.large,RunInstances,eu-west-1a,i-0ff79a35bd86c4535,1.0,4.0,4.0,0.0832,0.0832,0.080459,0.084273,Hrs,0.0832,0.0832,Amazon Elastic Compute Cloud,t3.large,2,8 GiB,Linux,eu-west-1,AmazonEC2,frontend,prod,CC300,,,,,,,,,,,,,
0aa58df7c41e41a1a88396c3d743c755,2026-03-29T18:00:00Z/2026-03-29T19:00:00Z,112233445566,2026-03-01T00:00:00Z,2026-04-01T00:00:00Z,AWS,334455667788,Usage,2026-03-29T18:00:00Z,2026-03-29T19:00:00Z,AmazonEC2,EUWE-BoxUsage:t3.large,RunInstances,eu-west-1a,i-0ff79a35bd86c4535,1.0,4.0,4.0,0.0832,0.0832,0.086039,0.080269,Hrs,0.0832,0.0832,Amazon Elastic Compute Cloud,t3.large,2,8 GiB,Linux,eu-west-1,AmazonEC2,frontend,prod,CC300,,,,,,,,,,,,,
024c73b71db847b488f87313f195f86b,2026-03-30T04:00:00Z/2026-03-30T05:00:00Z,112233445566,2026-03-01T00:00:00Z,2026-04-01T00:00:00Z,AWS,334455667788,Usage,2026-03-30T04:00:00Z,2026-03-30T05:00:00Z,AmazonEC2,EUWE-BoxUsage:t3.large,RunInstances,eu-west-1a,i-0ff79a35bd86c4535,1.0,4.0,4.0,0.0832,0.0832,0.079303,0.086929,Hrs,0.0832,0.0832,Amazon Elastic Compute Cloud,t3.large,2,8 GiB,Linux,eu-west-1,AmazonEC2,frontend,prod,CC300,,,,,,,,,,,,,
2bc8e0b0a0b54f57b76d898307db244f,2026-03-30T14:00:00Z/2026-03-30T15:00:00Z,112233445566,2026-03-01T00:00:00Z,2026-04-01T00:00:00Z,AWS,334455667788,Usage,2026-03-30T14:00:00Z,2026-03-30T15:00:00Z,AmazonEC2,EUWE-BoxUsage:t3.large,RunInstances,eu-west-1a,i-0ff79a35bd86c4535,1.0,4.0,4.0,0.0832,0.0832,0.079198,0.08165,Hrs,0.0832,0.0832,Amazon Elastic Compute Cloud,t3.large,2,8 GiB,Linux,eu-west-1,AmazonEC2,frontend,prod,CC300,,,,,,,,,,,,,
44d694eaba7f4533b54e50f3c01628af,2026-03-01T00:00:00Z/2026-03-01T01:00:00Z,112233445566,2026-03-01T00:00:00Z,2026-04-01T00:00:00Z,AWS,334455667788,Usage,2026-03-01T00:00:00Z,2026-03-01T01:00:00Z,AmazonEC2,EUWE-BoxUsage:t3.large,RunInstances,eu-west-1b,i-058f0e0f3bc28400a,1.0,4.0,4.0,0.0832,0.0832,0.084785,0.082454,Hrs,0.0832,0.0832,Amazon Elastic Compute Cloud,t3.large,2,8 GiB,Linux,eu-west-1,AmazonEC2,frontend,prod,CC300,,,,,,,,,,,,,
51103f83ef91460e9601327829032099,2026-03-01T10:00:00Z/2026-03-01T11:00:00Z,112233445566,2026-03-01T00:00:00Z,2026-04-01T00:00:00Z,AWS,334455667788,Usage,2026-03-01T10:00:00Z,2026-03-01T11:00:00Z,AmazonEC2,EUWE-BoxUsage:t3.large,RunInstances,eu-west-1b,i-058f0e0f3bc28400a,1.0,4.0,4.0,0.0832,0.0832,0.086699,0.086302,Hrs,0.0832,0.0832,Amazon Elastic Compute Cloud,t3.large,2,8 GiB,Linux,eu-west-1,AmazonEC2,frontend,prod,CC300,,,,,,,,,,,,,
903d85ba6b904f18a1e7242393f34b92,2026-03-01T20:00:00Z/2026-03-01T21:00:00Z,112233445566,2026-03-01T00:00:00Z,2026-04-01T00:00:00Z,AWS,334455667788,Usage,2026-03-01T20:00:00Z,2026-03-01T21:00:00Z,AmazonEC2,EUWE-BoxUsage:t3.large,RunInstances,eu-west-1b,i-058f0e0f3bc28400a,1.0,4.0,4.0,0.0832,0.0832,0.079558,0.080189,Hrs,0.0832,0.0832,Amazon Elastic Compute Cloud,t3.large,2,8 GiB,Linux,eu-west-1,AmazonEC2,frontend,prod,CC300,,,,,,,,,,,,,
5accaa00c8d249af8a1fd3fe0eddc890,2026-03-02T06:00:00Z/2026-03-02T07:00:00Z,112233445566,2026-03-01T00:00:00Z,2026-04-01T00:00:00Z,AWS,334455667788,Usage,2026-03-02T06:00:00Z,2026-03-02T07:00:00Z,AmazonEC2,EUWE-BoxUsage:t3.large,RunInstances,eu-west-1b,i-058f0e0f3bc28400a,1.0,4.0,4.0,0.0832,0.0832,0.081744,0.08455,Hrs,0.0832,0.0832,Amazon Elastic Compute Cloud,t3.large,2,8 GiB,Linux,eu-west-1,AmazonEC2,frontend,prod,CC300,,,,,,,,,,,,,
5d43cacfba0248179a63c55b5e0f662b,2026-03-02T16:00:00Z/2026-03-02T17:00:00Z,112233445566,2026-03-01T00:00:00Z,2026-04-01T00:00:00Z,AWS,334455667788,Usage,2026-03-02T16:00:00Z,2026-03-02T17:00:00Z,AmazonEC2,EUWE-BoxUsage:t3.large,RunInstances,eu-west-1b,i-058f0e0f3bc28400a,1.0,4.0,4.0,0.0832,0.0832,0.08165,0.080481,Hrs,0.0832,0.0832,Amazon Elastic Compute Cloud,t3.large,2,8 GiB,Linux,eu-west-1,AmazonEC2,frontend,prod,CC300,,,,,,,,,,,,,
aa82c3920eef4a479eb65550fb20be96,2026-03-03T02:00:00Z/2026-03-03T03:00:00Z,112233445566,2026-03-01T00:00:00Z,2026-04-01T00:00:00Z,AWS,334455667788,Usage,2026-03-03T02:00:00Z,2026-03-03T03:00:00Z,AmazonEC2,EUWE-BoxUsage:t3.large,RunInstances,eu-west-1b,i-058f0e0f3bc28400a,1.0,4.0,4.0,0.0832,0.0832,0.081888,0.081988,Hrs,0.0832,0.0832,Amazon Elastic Compute Cloud,t3.large,2,8 GiB,Linux,eu-west-1,AmazonEC2,frontend,prod,CC300,,,,,,,,,,,,,
6a60844b977d4b7fa8075b5996b2cbf6,2026-03-03T12:00:00Z/2026-03-03T13:00:00Z,112233445566,2026-03-01T00:00:00Z,2026-04-01T00:00:00Z,AWS,334455667788,Usage,2026-03-03T12:00:00Z,2026-03-03T13:00:00Z,AmazonEC2,EUWE-BoxUsage:t3.large,RunInstances,eu-west-1b,i-058f0e0f3bc28400a,1.0,4.0,4.0,0.0832,0.0832,0.085038,0.084392,Hrs,0.0832,0.0832,Amazon Elastic Compute Cloud,t3.large,2,8 GiB,Linux,eu-west-1,AmazonEC2,frontend,prod,CC300,,,,,,,,,,,,,
dca47f7d194c459eb26744e9439de50b,2026-03-03T22:00:00Z/2026-03-03T23:00:00Z,112233445566,2026-03-01T00:00:00Z,2026-04-01T00:00:00Z,AWS,334455667788,Usage,2026-03-03T22:00:00Z,2026-03-03T23:00:00Z,AmazonEC2,EUWE-BoxUsage:t3.large,RunInstances,eu-west-1b,i-058f0e0f3bc28400a,1.0,4.0,4.0,0.0832,0.0832,0.084116,0.08064,Hrs,0.0832,0.0832,Amazon Elastic Compute Cloud,t3.large,2,8 GiB,Linux,eu-west-1,AmazonEC2,frontend,prod,CC300,,,,,,,,,,,,,
31e5d2c91645417191ba5dc8d3e2fdcd,2026-03-04T08:00:00Z/2026-03-04T09:00:00Z,112233445566,2026-03-01T00:00:00Z,2026-04-01T00:00:00Z,AWS,334455667788,Usage,2026-03-04T08:00:00Z,2026-03-04T09:00:00Z,AmazonEC2,EUWE-BoxUsage:t3.large,RunInstances,eu-west-1b,i-058f0e0f3bc28400a,1.0,4.0,4.0,0.0832,0.0832,0.083683,0.080911,Hrs,0.0832,0.0832,Amazon Elastic Compute Cloud,t3.large,2,8 GiB,Linux,eu-west-1,AmazonEC2,frontend,prod,CC300,,,,,,,,,,,,,
7eab72240cef476e9c10d289904413b8,2026-03-04T18:00:00Z/2026-03-04T19:00:00Z,112233445566,2026-03-01T00:00:00Z,2026-04-01T00:00:00Z,AWS,334455667788,Usage,2026-03-04T18:00:00Z,2026-03-04T19:00:00Z,AmazonEC2,EUWE-BoxUsage:t3.large,RunInstances,eu-west-1b,i-058f0e0f3bc28400a,1.0,4.0,4.0,0.0832,0.0832,0.081516,0.081445,Hrs,0.0832,0.0832,Amazon Elastic Compute Cloud,t3.large,2,8 GiB,Linux,eu-west-1,AmazonEC2,frontend,prod,CC300,,,,,,,,,,,,,
79e606c16eeb4f63a0a17b476a0ddab8,2026-03-05T04:00:00Z/2026-03-05T05:00:00Z,112233445566,2026-03-01T00:00:00Z,2026-04-01T00:00:00Z,AWS,334455667788,Usage,2026-03-05T04:00:00Z,2026-03-05T05:00:00Z,AmazonEC2,EUWE-BoxUsage:t3.large,RunInstances,eu-west-1b,i-058f0e0f3bc28400a,1.0,4.0,4.0,0.0832,0.0832,0.084906,0.081678,Hrs,0.0832,0.0832,Amazon Elastic Compute Cloud,t3.large,2,8 GiB,Linux,eu-west-1,AmazonEC2,frontend,prod,CC300,,,,,,,,,,,,,
075bcc0193f24cacad93fed99632a0a6,2026-03-05T14:00:00Z/2026-03-05T15:00:00Z,112233445566,2026-03-01T00:00:00Z,2026-04-01T00:00:00Z,AWS,334455667788,Usage,2026-03-05T14:00:00Z,2026-03-05T15:00:00Z,AmazonEC2,EUWE-BoxUsage:t3.large,RunInstances,eu-west-1b,i-058f0e0f3bc28400a,1.0,4.0,4.0,0.0832,0.0832,0.086808,0.085658,Hrs,0.0832,0.0832,Amazon Elastic Compute Cloud,t3.large,2,8 GiB,Linux,eu-west-1,AmazonEC2,frontend,prod,CC300,,,,,,,,,,,,,
ae326f56a1f74bfdb45dfe0cbdf76f0b,2026-03-06T00:00:00Z/2026-03-06T01:00:00Z,112233445566,2026-03-01T00:00:00Z,2026-04-01T00:00:00Z,AWS,334455667788,Usage,2026-03-06T00:00:00Z,2026-03-06T01:00:00Z,AmazonEC2,EUWE-BoxUsage:t3.large,RunInstances,eu-west-1b,i-058f0e0f3bc28400a,1.0,4.0,4.0,0.0832,0.0832,0.080054,0.084669,Hrs,0.0832,0.0832,Amazon Elastic Compute Cloud,t3.large,2,8 GiB,Linux,eu-west-1,AmazonEC2,frontend,prod,CC300,,,,,,,,,,,,,
ca46b48db5d6461792fb7b4be3488008,2026-03-06T10:00:00Z/2026-03-06T11:00:00Z,112233445566,2026-03-01T00:00:00Z,2026-04-01T00:00:00Z,AWS,334455667788,Usage,2026-03-06T10:00:00Z,2026-03-06T11:00:00Z,AmazonEC2,EUWE-BoxUsage:t3.large,RunInstances,eu-west-1b,i-058f0e0f3bc28400a,1.0,4.0,4.0,0.0832,0.0832,0.087195,0.085849,Hrs,0.0832,0.0832,Amazon Elastic Compute Cloud,t3.large,2,8 GiB,Linux,eu-west-1,AmazonEC2,frontend,prod,CC300,,,,,,,,,,,,,
ae9f12dc08b04381a1fad28c569a5a3c,2026-03-06T20:00:00Z/2026-03-06T21:00:00Z,112233445566,2026-03-01T00:00:00Z,2026-04-01T00:00:00Z,AWS,334455667788,Usage,2026-03-06T20:00:00Z,2026-03-06T21:00:00Z,AmazonEC2,EUWE-BoxUsage:t3.large,RunInstances,eu-west-1b,i-058f0e0f3bc28400a,1.0,4.0,4.0,0.0832,0.0832,0.085734,0.081457,Hrs,0.0832,0.0832,Amazon Elastic Compute Cloud,t3.large,2,8 GiB,Linux,eu-west-1,AmazonEC2,frontend,prod,CC300,,,,,,,,,,,,,
6156e06614cf4a7d84cf9492bfb7c939,2026-03-07T06:00:00Z/2026-03-07T07:00:00Z,112233445566,2026-03-01T00:00:00Z,2026-04-01T00:00:00Z,AWS,334455667788,Usage,2026-03-07T06:00:00Z,2026-03-07T07:00:00Z,AmazonEC2,EUWE-BoxUsage:t3.large,RunInstances,eu-west-1b,i-058f0e0f3bc28400a,1.0,4.0,4.0,0.0832,0.0832,0.084982,0.081922,Hrs,0.0832,0.0832,Amazon Elastic Compute Cloud,t3.large,2,8 GiB,Linux,eu-west-1,AmazonEC2,frontend,prod,CC300,,,,,,,,,,,,,
ee91254e27404429bce958cf33b7b31e,2026-03-07T16:00:00Z/2026-03-07T17:00:00Z,112233445566,2026-03-01T00:00:00Z,2026-04-01T00:00:00Z,AWS,334455667788,Usage,2026-03-07T16:00:00Z,2026-03-07T17:00:00Z,AmazonEC2,EUWE-BoxUsage:t3.large,RunInstances,eu-west-1b,i-058f0e0f3bc28400a,1.0,4.0,4.0,0.0832,0.0832,0.081174,0.083026,Hrs,0.0832,0.0832,Amazon Elastic Compute Cloud,t3.large,2,8 GiB,Linux,eu-west-1,AmazonEC2,frontend,prod,CC300,,,,,,,,,,,,,
417b2af6a10442e591f75637576b2721,2026-03-08T02:00:00Z/2026-03-08T03:00:00Z,112233445566,2026-03-01T00:00:00Z,2026-04-01T00:00:00Z,AWS,334455667788,Usage,2026-03-08T02:00:00Z,2026-03-08T03:00:00Z,AmazonEC2,EUWE-BoxUsage:t3.large,RunInstances,eu-west-1b,i-058f0e0f3bc28400a,1.0,4.0,4.0,0.0832,0.0832,0.083521,0.086803,Hrs,0.0832,0.0832,Amazon Elastic Compute Cloud,t3.large,2,8 GiB,Linux,eu-west-1,AmazonEC2,frontend,prod,CC300,,,,,,,,,,,,,
8798aec2aed84dd5849cd453d52b1007,2026-03-08T12:00:00Z/2026-03-08T13:00:00Z,112233445566,2026-03-01T00:00:00Z,2026-04-01T00:00:00Z,AWS,334455667788,Usage,2026-03-08T12:00:00Z,2026-03-08T13:00:00Z,AmazonEC2,EUWE-BoxUsage:t3.large,RunInstances,eu-west-1b,i-058f0e0f3bc28400a,1.0,4.0,4.0,0.0832,0.0832,0.080182,0.084162,Hrs,0.0832,0.0832,Amazon Elastic Compute Cloud,t3.large,2,8 GiB,Linux,eu-west-1,AmazonEC2,frontend,prod,CC300,,,,,,,,,,,,,
8a234c607d884a4c89a000e43ee953d0,2026-03-08T22:00:00Z/2026-03-08T23:00:00Z,112233445566,2026-03-01T00:00:00Z,2026-04-01T00:00:00Z,AWS,334455667788,Usage,2026-03-08T22:00:00Z,2026-03-08T23:00:00Z,AmazonEC2,EUWE-BoxUsage:t3.large,RunInstances,eu-west-1b,i-058f0e0f3bc28400a,1.0,4.0,4.0,0.0832,0.0832,0.081057,0.084613,Hrs,0.0832,0.0832,Amazon Elastic Compute Cloud,t3.large,2,8 GiB,Linux,eu-west-1,AmazonEC2,frontend,prod,CC300,,,,,,,,,,,,,
95f42b0852f640feac3407333214afda,2026-03-09T08:00:00Z/2026-03-09T09:00:00Z,112233445566,2026-03-01T00:00:00Z,2026-04-01T00:00:00Z,AWS,334455667788,Usage,2026-03-09T08:00:00Z,2026-03-09T09:00:00Z,AmazonEC2,EUWE-BoxUsage:t3.large,RunInstances,eu-west-1b,i-058f0e0f3bc28400a,1.0,4.0,4.0,0.0832,0.0832,0.084348,0.079477,Hrs,0.0832,0.0832,Amazon Elastic Compute Cloud,t3.large,2,8 GiB,Linux,eu-west-1,AmazonEC2,frontend,prod,CC300,,,,,,,,,,,,,
7e28ff5bbab64fa6a3f4955d428ace7b,2026-03-09T18:00:00Z/2026-03-09T19:00:00Z,112233445566,2026-03-01T00:00:00Z,2026-04-01T00:00:00Z,AWS,334455667788,Usage,2026-03-09T18:00:00Z,2026-03-09T19:00:00Z,AmazonEC2,EUWE-BoxUsage:t3.large,RunInstances,eu-west-1b,i-058f0e0f3bc28400a,1.0,4.0,4.0,0.0832,0.0832,0.085008,0.079877,Hrs,0.0832,0.0832,Amazon Elastic Compute Cloud,t3.large,2,8 GiB,Linux,eu-west-1,AmazonEC2,frontend,prod,CC300,,,,,,,,,,,,,
12c626314a5a43b4868dc95d01c20757,2026-03-10T04:00:00Z/2026-03-10T05:00:00Z,112233445566,2026-03-01T00:00:00Z,2026-04-01T00:00:00Z,AWS,334455667788,Usage,2026-03-10T04:00:00Z,2026-03-10T05:00:00Z,AmazonEC2,EUWE-BoxUsage:t3.large,RunInstances,eu-west-1b,i-058f0e0f3bc28400a,1.0,4.0,4.0,0.0832,0.0832,0.079083,0.083619,Hrs,0.0832,0.0832,Amazon Elastic Compute Cloud,t3.large,2,8 GiB,Linux,eu-west-1,AmazonEC2,frontend,prod,CC300,,,,,,,,,,,,,
3655cb1811184c0f9a03825b20cb7fea,2026-03-10T14:00:00Z/2026-03-10T15:00:00Z,112233445566,2026-03-01T00:00:00Z,2026-04-01T00:00:00Z,AWS,334455667788,Usage,2026-03-10T14:00:00Z,2026-03-10T15:00:00Z,AmazonEC2,EUWE-BoxUsage:t3.large,RunInstances,eu-west-1b,i-058f0e0f3bc28400a,1.0,4.0,4.0,0.0832,0.0832,0.082425,0.086819,Hrs,0.0832,0.0832,Amazon Elastic Compute Cloud,t3.large,2,8 GiB,Linux,eu-west-1,AmazonEC2,frontend,prod,CC300,,,,,,,,,,,,,
85eb497fbf134a55b6bd6ce1f8ab0229,2026-03-11T00:00:00Z/2026-03-11T01:00:00Z,112233445566,2026-03-01T00:00:00Z,2026-04-01T00:00:00Z,AWS,334455667788,Usage,2026-03-11T00:00:00Z,2026-03-11T01:00:00Z,AmazonEC2,EUWE-BoxUsage:t3.large,RunInstances,eu-west-1b,i-058f0e0f3bc28400a,1.0,4.0,4.0,0.0832,0.0832,0.083012,0.080699,Hrs,0.0832,0.0832,Amazon Elastic Compute Cloud,t3.large,2,8 GiB,Linux,eu-west-1,AmazonEC2,frontend,prod,CC300,,,,,,,,,,,,,
abd19f8d19554164879144fe656f4d21,2026-03-11T10:00:00Z/2026-03-11T11:00:00Z,112233445566,2026-03-01T00:00:00Z,2026-04-01T00:00:00Z,AWS,334455667788,Usage,2026-03-11T10:00:00Z,2026-03-11T11:00:00Z,AmazonEC2,EUWE-BoxUsage:t3.large,RunInstances,eu-west-1b,i-058f0e0f3bc28400a,1.0,4.0,4.0,0.0832,0.0832,0.081712,0.084414,Hrs,0.0832,0.0832,Amazon Elastic Compute Cloud,t3.large,2,8 GiB,Linux,eu-west-1,AmazonEC2,frontend,prod,CC300,,,,,,,,,,,,,
8f874d06417c4db58c2b35a284ed1456,2026-03-11T20:00:00Z/2026-03-11T21:00:00Z,112233445566,2026-03-01T00:00:00Z,2026-04-01T00:00:00Z,AWS,334455667788,Usage,2026-03-11T20:00:00Z,2026-03-11T21:00:00Z,AmazonEC2,EUWE-BoxUsage:t3.large,RunInstances,eu-west-1b,i-058f0e0f3bc28400a,1.0,4.0,4.0,0.0832,0.0832,0.079784,0.083817,Hrs,0.0832,0.0832,Amazon Elastic Compute Cloud,t3.large,2,8 GiB,Linux,eu-west-1,AmazonEC2,frontend,prod,CC300,,,,,,,,,,,,,
6ee3da9faa4349b5a2c8e7d31ef821f5,2026-03-12T06:00:00Z/2026-03-12T07:00:00Z,112233445566,2026-03-01T00:00:00Z,2026-04-01T00:00:00Z,AWS,334455667788,Usage,2026-03-12T06:00:00Z,2026-03-12T07:00:00Z,AmazonEC2,EUWE-BoxUsage:t3.large,RunInstances,eu-west-1b,i-058f0e0f3bc28400a,1.0,4.0,4.0,0.0832,0.0832,0.085056,0.086833,Hrs,0.0832,0.0832,Amazon Elastic Compute Cloud,t3.large,2,8 GiB,Linux,eu-west-1,AmazonEC2,frontend,prod,CC300,,,,,,,,,,,,,
19a35a222f974a5bb930e1bc05ea2918,2026-03-12T16:00:00Z/2026-03-12T17:00:00Z,112233445566,2026-03-01T00:00:00Z,2026-04-01T00:00:00Z,AWS,334455667788,Usage,2026-03-12T16:00:00Z,2026-03-12T17:00:00Z,AmazonEC2,EUWE-BoxUsage:t3.large,RunInstances,eu-west-1b,i-058f0e0f3bc28400a,1.0,4.0,4.0,0.0832,0.0832,0.080497,0.08638,Hrs,0.0832,0.0832,Amazon Elastic Compute Cloud,t3.large,2,8 GiB,Linux,eu-west-1,AmazonEC2,frontend,prod,CC300,,,,,,,,,,,,,
f39f3156d8344fcf9421ebd052604a80,2026-03-13T02:00:00Z/2026-03-13T03:00:00Z,112233445566,2026-03-01T00:00:00Z,2026-04-01T00:00:00Z,AWS,334455667788,Usage,2026-03-13T02:00:00Z,2026-03-13T03:00:00Z,AmazonEC2,EUWE-BoxUsage:t3.large,RunInstances,eu-west-1b,i-058f0e0f3bc28400a,1.0,4.0,4.0,0.0832,0.0832,0.086691,0.087336,Hrs,0.0832,0.0832,Amazon Elastic Compute Cloud,t3.large,2,8 GiB,Linux,eu-west-1,AmazonEC2,frontend,prod,CC300,,,,,,,,,,,,,
09feca74255b4644bd01d22bc6e44b74,2026-03-13T12:00:00Z/2026-03-13T13:00:00Z,112233445566,2026-03-01T00:00:00Z,2026-04-01T00:00:00Z,AWS,334455667788,Usage,2026-03-13T12:00:00Z,2026-03-13T13:00:00Z,AmazonEC2,EUWE-BoxUsage:t3.large,RunInstances,eu-west-1b,i-058f0e0f3bc28400a,1.0,4.0,4.0,0.0832,0.0832,0.083162,0.086833,Hrs,0.0832,0.0832,Amazon Elastic Compute Cloud,t3.large,2,8 GiB,Linux,eu-west-1,AmazonEC2,frontend,prod,CC300,,,,,,,,,,,,,
51396a628f4b4ad9a845157a39876917,2026-03-13T22:00:00Z/2026-03-13T23:00:00Z,112233445566,2026-03-01T00:00:00Z,2026-04-01T00:00:00Z,AWS,334455667788,Usage,2026-03-13T22:00:00Z,2026-03-13T23:00:00Z,AmazonEC2,EUWE-BoxUsage:t3.large,RunInstances,eu-west-1b,i-058f0e0f3bc28400a,1.0,4.0,4.0,0.0832,0.0832,0.086745,0.086335,Hrs,0.0832,0.0832,Amazon Elastic Compute Cloud,t3.large,2,8 GiB,Linux,eu-west-1,AmazonEC2,frontend,prod,CC300,,,,,,,,,,,,,
0110a7294c5c4221af9a35f9caedf13f,2026-03-14T18:00:00Z/2026-03-14T19:00:00Z,112233445566,2026-03-01T00:00:00Z,2026-04-01T00:00:00Z,AWS,334455667788,Usage,2026-03-14T18:00:00Z,2026-03-14T19:00:00Z,AmazonEC2,EUWE-BoxUsage:t3.large,RunInstances,eu-west-1b,i-058f0e0f3bc28400a,1.0,4.0,4.0,0.0832,0.0832,0.079933,0.087219,Hrs,0.0832,0.0832,Amazon Elastic Compute Cloud,t3.large,2,8 GiB,Linux,eu-west-1,AmazonEC2,frontend,prod,CC300,,,,,,,,,,,,,
4d9192cb550e421eab15340154c5867d,2026-03-15T04:00:00Z/2026-03-15T05:00:00Z,112233445566,2026-03-01T00:00:00Z,2026-04-01T00:00:00Z,AWS,334455667788,Usage,2026-03-15T04:00:00Z,2026-03-15T05:00:00Z,AmazonEC2,EUWE-BoxUsage:t3.large,RunInstances,eu-west-1b,i-058f0e0f3bc28400a,1.0,4.0,4.0,0.0832,0.0832,0.087269,0.08356,Hrs,0.0832,0.0832,Amazon Elastic Compute Cloud,t3.large,2,8 GiB,Linux,eu-west-1,AmazonEC2,frontend,prod,CC300,,,,,,,,,,,,,
5e5e8271cb83424ea975f72ca30e17ee,2026-03-15T14:00:00Z/2026-03-15T15:00:00Z,112233445566,2026-03-01T00:00:00Z,2026-04-01T00:00:00Z,AWS,334455667788,Usage,2026-03-15T14:00:00Z,2026-03-15T15:00:00Z,AmazonEC2,EUWE-BoxUsage:t3.large,RunInstances,eu-west-1b,i-058f0e0f3bc28400a,1.0,4.0,4.0,0.0832,0.0832,0.086849,0.086121,Hrs,0.0832,0.0832,Amazon Elastic Compute Cloud,t3.large,2,8 GiB,Linux,eu-west-1,AmazonEC2,frontend,prod,CC300,,,,,,,,,,,,,
37b063abd0c14f9d96920a37226e84d7,2026-03-16T00:00:00Z/2026-03-16T01:00:00Z,112233445566,2026-03-01T00:00:00Z,2026-04-01T00:00:00Z,AWS,334455667788,Usage,2026-03-16T00:00:00Z,2026-03-16T01:00:00Z,AmazonEC2,EUWE-BoxUsage:t3.large,RunInstances,eu-west-1b,i-058f0e0f3bc28400a,1.0,4.0,4.0,0.0832,0.0832,0.080644,0.079977,Hrs,0.0832,0.0832,Amazon Elastic Compute Cloud,t3.large,2,8 GiB,Linux,eu-west-1,AmazonEC2,frontend,prod,CC300,,,,,,,,,,,,,
1efa7889c7a848ffb93b4b753f066028,2026-03-16T10:00:00Z/2026-03-16T11:00:00Z,112233445566,2026-03-01T00:00:00Z,2026-04-01T00:00:00Z,AWS,334455667788,Usage,2026-03-16T10:00:00Z,2026-03-16T11:00:00Z,AmazonEC2,EUWE-BoxUsage:t3.large,RunInstances,eu-west-1b,i-058f0e0f3bc28400a,1.0,4.0,4.0,0.0832,0.0832,0.082858,0.08118,Hrs,0.0832,0.0832,Amazon Elastic Compute Cloud,t3.large,2,8 GiB,Linux,eu-west-1,AmazonEC2,frontend,prod,CC300,,,,,,,,,,,,,
ad25ae61d6b64c39a849a39c4e3a8224,2026-03-16T20:00:00Z/2026-03-16T21:00:00Z,112233445566,2026-03-01T00:00:00Z,2026-04-01T00:00:00Z,AWS,334455667788,Usage,2026-03-16T20:00:00Z,2026-03-16T21:00:00Z,AmazonEC2,EUWE-BoxUsage:t3.large,RunInstances,eu-west-1b,i-058f0e0f3bc28400a,1.0,4.0,4.0,0.0832,0.0832,0.085169,0.085619,Hrs,0.0832,0.0832,Amazon Elastic Compute Cloud,t3.large,2,8 GiB,Linux,eu-west-1,AmazonEC2,frontend,prod,CC300,,,,,,,,,,,,,
6f3fb9c30bba4979adf289f7d9aa60bf,2026-03-17T06:00:00Z/2026-03-17T07:00:00Z,112233445566,2026-03-01T00:00:00Z,2026-04-01T00:00:00Z,AWS,334455667788,Usage,2026-03-17T06:00:00Z,2026-03-17T07:00:00Z,AmazonEC2,EUWE-BoxUsage:t3.large,RunInstances,eu-west-1b,i-058f0e0f3bc28400a,1.0,4.0,4.0,0.0832,0.0832,0.085341,0.0805,Hrs,0.0832,0.0832,Amazon Elastic Compute Cloud,t3.large,2,8 GiB,Linux,eu-west-1,AmazonEC2,frontend,prod,CC300,,,,,,,,,,,,,
8a79cab3b89b4250ac00589307444758,2026-03-17T16:00:00Z/2026-03-17T17:00:00Z,112233445566,2026-03-01T00:00:00Z,2026-04-01T00:00:00Z,AWS,334455667788,Usage,2026-03-17T16:00:00Z,2026-03-17T17:00:00Z,AmazonEC2,EUWE-BoxUsage:t3.large,RunInstances,eu-west-1b,i-058f0e0f3bc28400a,1.0,4.0,4.0,0.0832,0.0832,0.086503,0.085921,Hrs,0.0832,0.0832,Amazon Elastic Compute Cloud,t3.large,2,8 GiB,Linux,eu-west-1,AmazonEC2,frontend,prod,CC300,,,,,,,,,,,,,
a8a3ea90e72c4954ad4508e67be01adc,2026-03-18T02:00:00Z/2026-03-18T03:00:00Z,112233445566,2026-03-01T00:00:00Z,2026-04-01T00:00:00Z,AWS,334455667788,Usage,2026-03-18T02:00:00Z,2026-03-18T03:00:00Z,AmazonEC2,EUWE-BoxUsage:t3.large,RunInstances,eu-west-1b,i-058f0e0f3bc28400a,1.0,4.0,4.0,0.0832,0.0832,0.079762,0.084608,Hrs,0.0832,0.0832,Amazon Elastic Compute Cloud,t3.large,2,8 GiB,Linux,eu-west-1,AmazonEC2,frontend,prod,CC300,,,,,,,,,,,,,
789f919287e04c9eb7740fd64290ee63,2026-03-18T12:00:00Z/2026-03-18T13:00:00Z,112233445566,2026-03-01T00:00:00Z,2026-04-01T00:00:00Z,AWS,334455667788,Usage,2026-03-18T12:00:00Z,2026-03-18T13:00:00Z,AmazonEC2,EUWE-BoxUsage:t3.large,RunInstances,eu-west-1b,i-058f0e0f3bc28400a,1.0,4.0,4.0,0.0832,0.0832,0.08021,0.081732,Hrs,0.0832,0.0832,Amazon Elastic Compute Cloud,t3.large,2,8 GiB,Linux,eu-west-1,AmazonEC2,frontend,prod,CC300,,,,,,,,,,,,,
eaa1eeebd63b4672a7a8186a515685ae,2026-03-18T22:00:00Z/2026-03-18T23:00:00Z,112233445566,2026-03-01T00:00:00Z,2026-04-01T00:00:00Z,AWS,334455667788,Usage,2026-03-18T22:00:00Z,2026-03-18T23:00:00Z,AmazonEC2,EUWE-BoxUsage:t3.large,RunInstances,eu-west-1b,i-058f0e0f3bc28400a,1.0,4.0,4.0,0.0832,0.0832,0.08121,0.081,Hrs,0.0832,0.0832,Amazon Elastic Compute Cloud,t3.large,2,8 GiB,Linux,eu-west-1,AmazonEC2,frontend,prod,CC300,,,,,,,,,,,,,
95bff8a9f94943b596ecec3c9fca3e87,2026-03-19T08:00:00Z/2026-03-19T09:00:00Z,112233445566,2026-03-01T00:00:00Z,2026-04-01T00:00:00Z,AWS,334455667788,Usage,2026-03-19T08:00:00Z,2026-03-19T09:00:00Z,AmazonEC2,EUWE-BoxUsage:t3.large,RunInstances,eu-west-1b,i-058f0e0f3bc28400a,1.0,4.0,4.0,0.0832,0.0832,0.086978,0.081552,Hrs,0.0832,0.0832,Amazon Elastic Compute Cloud,t3.large,2,8 GiB,Linux,eu-west-1,AmazonEC2,frontend,prod,CC300,,,,,,,,,,,,,
a1b787c2e6f04f5c890f3cc1fa144049,2026-03-19T18:00:00Z/2026-03-19T19:00:00Z,112233445566,2026-03-01T00:00:00Z,2026-04-01T00:00:00Z,AWS,334455667788,Usage,2026-03-19T18:00:00Z,2026-03-19T19:00:00Z,AmazonEC2,EUWE-BoxUsage:t3.large,RunInstances,eu-west-1b,i-058f0e0f3bc28400a,1.0,4.0,4.0,0.0832,0.0832,0.079135,0.084479,Hrs,0.0832,0.0832,Amazon Elastic Compute Cloud,t3.large,2,8 GiB,Linux,eu-west-1,AmazonEC2,frontend,prod,CC300,,,,,,,,,,,,,
a165fd1ebac9428793b718c9ffbced03,2026-03-20T04:00:00Z/2026-03-20T05:00:00Z,112233445566,2026-03-01T00:00:00Z,2026-04-01T00:00:00Z,AWS,334455667788,Usage,2026-03-20T04:00:00Z,2026-03-20T05:00:00Z,AmazonEC2,EUWE-BoxUsage:t3.large,RunInstances,eu-west-1b,i-058f0e0f3bc28400a,1.0,4.0,4.0,0.0832,0.0832,0.079557,0.080024,Hrs,0.0832,0.0832,Amazon Elastic Compute Cloud,t3.large,2,8 GiB,Linux,eu-west-1,AmazonEC2,frontend,prod,CC300,,,,,,,,,,,,,
d8f916228bcf497db994d0c297c62591,2026-03-20T14:00:00Z/2026-03-20T15:00:00Z,112233445566,2026-03-01T00:00:00Z,2026-04-01T00:00:00Z,AWS,334455667788,Usage,2026-03-20T14:00:00Z,2026-03-20T15:00:00Z,AmazonEC2,EUWE-BoxUsage:t3.large,RunInstances,eu-west-1b,i-058f0e0f3bc28400a,1.0,4.0,4.0,0.0832,0.0832,0.082413,0.083221,Hrs,0.0832,0.0832,Amazon Elastic Compute Cloud,t3.large,2,8 GiB,Linux,eu-west-1,AmazonEC2,frontend,prod,CC300,,,,,,,,,,,,,
125fee265a864cac91c961939e1d516a,2026-03-21T00:00:00Z/2026-03-21T01:00:00Z,112233445566,2026-03-01T00:00:00Z,2026-04-01T00:00:00Z,AWS,334455667788,Usage,2026-03-21T00:00:00Z,2026-03-21T01:00:00Z,AmazonEC2,EUWE-BoxUsage:t3.large,RunInstances,eu-west-1b,i-058f0e0f3bc28400a,1.0,4.0,4.0,0.0832,0.0832,0.084894,0.081627,Hrs,0.0832,0.0832,Amazon Elastic Compute Cloud,t3.large,2,8 GiB,Linux,eu-west-1,AmazonEC2,frontend,prod,CC300,,,,,,,,,,,,,
f3be6aa239a14366b346c8ff9a6a03a6,2026-03-21T10:00:00Z/2026-03-21T11:00:00Z,112233445566,2026-03-01T00:00:00Z,2026-04-01T00:00:00Z,AWS,334455667788,Usage,2026-03-21T10:00:00Z,2026-03-21T11:00:00Z,AmazonEC2,EUWE-BoxUsage:t3.large,RunInstances,eu-west-1b,i-058f0e0f3bc28400a,1.0,4.0,4.0,0.0832,0.0832,0.086662,0.081495,Hrs,0.0832,0.0832,Amazon Elastic Compute Cloud,t3.large,2,8 GiB,Linux,eu-west-1,AmazonEC2,frontend,prod,CC300,,,,,,,,,,,,,
78a4f0c51bc54728a21275e9f25c66ec,2026-03-21T20:00:00Z/2026-03-21T21:00:00Z,112233445566,2026-03-01T00:00:00Z,2026-04-01T00:00:00Z,AWS,334455667788,Usage,2026-03-21T20:00:00Z,2026-03-21T21:00:00Z,AmazonEC2,EUWE-BoxUsage:t3.large,RunInstances,eu-west-1b,i-058f0e0f3bc28400a,1.0,4.0,4.0,0.0832,0.0832,0.080863,0.080151,Hrs,0.0832,0.0832,Amazon Elastic Compute Cloud,t3.large,2,8 GiB,Linux,eu-west-1,AmazonEC2,frontend,prod,CC300,,,,,,,,,,,,,
a963bcd6dbdc41df865306806614e27e,2026-03-22T06:00:00Z/2026-03-22T07:00:00Z,112233445566,2026-03-01T00:00:00Z,2026-04-01T00:00:00Z,AWS,334455667788,Usage,2026-03-22T06:00:00Z,2026-03-22T07:00:00Z,AmazonEC2,EUWE-BoxUsage:t3.large,RunInstances,eu-west-1b,i-058f0e0f3bc28400a,1.0,4.0,4.0,0.0832,0.0832,0.085261,0.08408,Hrs,0.0832,0.0832,Amazon Elastic Compute Cloud,t3.large,2,8 GiB,Linux,eu-west-1,AmazonEC2,frontend,prod,CC300,,,,,,,,,,,,,
ff8bb979d9404d4fb108bea1ad0051a1,2026-03-22T16:00:00Z/2026-03-22T17:00:00Z,112233445566,2026-03-01T00:00:00Z,2026-04-01T00:00:00Z,AWS,334455667788,Usage,2026-03-22T16:00:00Z,2026-03-22T17:00:00Z,AmazonEC2,EUWE-BoxUsage:t3.large,RunInstances,eu-west-1b,i-058f0e0f3bc28400a,1.0,4.0,4.0,0.0832,0.0832,0.08361,0.082957,Hrs,0.0832,0.0832,Amazon Elastic Compute Cloud,t3.large,2,8 GiB,Linux,eu-west-1,AmazonEC2,frontend,prod,CC300,,,,,,,,,,,,,
56355927fca04582807a7b5fbcbd92b4,2026-03-23T02:00:00Z/2026-03-23T03:00:00Z,112233445566,2026-03-01T00:00:00Z,2026-04-01T00:00:00Z,AWS,334455667788,Usage,2026-03-23T02:00:00Z,2026-03-23T03:00:00Z,AmazonEC2,EUWE-BoxUsage:t3.large,RunInstances,eu-west-1b,i-058f0e0f3bc28400a,1.0,4.0,4.0,0.0832,0.0832,0.084565,0.080857,Hrs,0.0832,0.0832,Amazon Elastic Compute Cloud,t3.large,2,8 GiB,Linux,eu-west-1,AmazonEC2,frontend,prod,CC300,,,,,,,,,,,,,
c8fefd60ef084e8982b2e797d8adb817,2026-03-23T12:00:00Z/2026-03-23T13:00:00Z,112233445566,2026-03-01T00:00:00Z,2026-04-01T00:00:00Z,AWS,334455667788,Usage,2026-03-23T12:00:00Z,2026-03-23T13:00:00Z,AmazonEC2,EUWE-BoxUsage:t3.large,RunInstances,eu-west-1b,i-058f0e0f3bc28400a,1.0,4.0,4.0,0.0832,0.0832,0.085319,0.086304,Hrs,0.0832,0.0832,Amazon Elastic Compute Cloud,t3.large,2,8 GiB,Linux,eu-west-1,AmazonEC2,frontend,prod,CC300,,,,,,,,,,,,,
9ddfe47a57944fcdbf3c5e5c4064b7f2,2026-03-23T22:00:00Z/2026-03-23T23:00:00Z,112233445566,2026-03-01T00:00:00Z,2026-04-01T00:00:00Z,AWS,334455667788,Usage,2026-03-23T22:00:00Z,2026-03-23T23:00:00Z,AmazonEC2,EUWE-BoxUsage:t3.large,RunInstances,eu-west-1b,i-058f0e0f3bc28400a,1.0,4.0,4.0,0.0832,0.0832,0.082757,0.084895,Hrs,0.0832,0.0832,Amazon Elastic Compute Cloud,t3.large,2,8 GiB,Linux,eu-west-1,AmazonEC2,frontend,prod,CC300,,,,,,,,,,,,,
88f1520d48b34626b03c5efaec07704c,2026-03-24T08:00:00Z/2026-03-24T09:00:00Z,112233445566,2026-03-01T00:00:00Z,2026-04-01T00:00:00Z,AWS,334455667788,Usage,2026-03-24T08:00:00Z,2026-03-24T09:00:00Z,AmazonEC2,EUWE-BoxUsage:t3.large,RunInstances,eu-west-1b,i-058f0e0f3bc28400a,1.0,4.0,4.0,0.0832,0.0832,0.083734,0.079554,Hrs,0.0832,0.0832,Amazon Elastic Compute Cloud,t3.large,2,8 GiB,Linux,eu-west-1,AmazonEC2,frontend,prod,CC300,,,,,,,,,,,,,
c2289cf9588d443284348b080a96fcfc,2026-03-24T18:00:00Z/2026-03-24T19:00:00Z,112233445566,2026-03-01T00:00:00Z,2026-04-01T00:00:00Z,AWS,334455667788,Usage,2026-03-24T18:00:00Z,2026-03-24T19:00:00Z,AmazonEC2,EUWE-BoxUsage:t3.large,RunInstances,eu-west-1b,i-058f0e0f3bc28400a,1.0,4.0,4.0,0.0832,0.0832,0.083246,0.083805,Hrs,0.0832,0.0832,Amazon Elastic Compute Cloud,t3.large,2,8 GiB,Linux,eu-west-1,AmazonEC2,frontend,prod,CC300,,,,,,,,,,,,,
5900bc0129734b328cf4107d8cc26a31,2026-03-25T04:00:00Z/2026-03-25T05:00:00Z,112233445566,2026-03-01T00:00:00Z,2026-04-01T00:00:00Z,AWS,334455667788,Usage,2026-03-25T04:00:00Z,2026-03-25T05:00:00Z,AmazonEC2,EUWE-BoxUsage:t3.large,RunInstances,eu-west-1b,i-058f0e0f3bc28400a,1.0,4.0,4.0,0.0832,0.0832,0.08177,0.083369,Hrs,0.0832,0.0832,Amazon Elastic Compute Cloud,t3.large,2,8 GiB,Linux,eu-west-1,AmazonEC2,frontend,prod,CC300,,,,,,,,,,,,,
50b87d2f1d8a42d7975968d2114534cf,2026-03-25T14:00:00Z/2026-03-25T15:00:00Z,112233445566,2026-03-01T00:00:00Z,2026-04-01T00:00:00Z,AWS,334455667788,Usage,2026-03-25T14:00:00Z,2026-03-25T15:00:00Z,AmazonEC2,EUWE-BoxUsage:t3.large,RunInstances,eu-west-1b,i-058f0e0f3bc28400a,1.0,4.0,4.0,0.0832,0.0832,0.080749,0.083892,Hrs,0.0832,0.0832,Amazon Elastic Compute Cloud,t3.large,2,8 GiB,Linux,eu-west-1,AmazonEC2,frontend,prod,CC300,,,,,,,,,,,,,
046ff95e86b9473a875a1cdf9ce0f2aa,2026-03-26T00:00:00Z/2026-03-26T01:00:00Z,112233445566,2026-03-01T00:00:00Z,2026-04-01T00:00:00Z,AWS,334455667788,Usage,2026-03-26T00:00:00Z,2026-03-26T01:00:00Z,AmazonEC2,EUWE-BoxUsage:t3.large,RunInstances,eu-west-1b,i-058f0e0f3bc28400a,1.0,4.0,4.0,0.0832,0.0832,0.083286,0.085768,Hrs,0.0832,0.0832,Amazon Elastic Compute Cloud,t3.large,2,8 GiB,Linux,eu-west-1,AmazonEC2,frontend,prod,CC300,,,,,,,,,,,,,
2f9b6d6514794c64b917629247fa1f4b,2026-03-26T10:00:00Z/2026-03-26T11:00:00Z,112233445566,2026-03-01T00:00:00Z,2026-04-01T00:00:00Z,AWS,334455667788,Usage,2026-03-26T10:00:00Z,2026-03-26T11:00:00Z,AmazonEC2,EUWE-BoxUsage:t3.large,RunInstances,eu-west-1b,i-058f0e0f3bc28400a,1.0,4.0,4.0,0.0832,0.0832,0.08331,0.082841,Hrs,0.0832,0.0832,Amazon Elastic Compute Cloud,t3.large,2,8 GiB,Linux,eu-west-1,AmazonEC2,frontend,prod,CC300,,,,,,,,,,,,,
2986de1f960148a7881ca0cd598055ae,2026-03-26T20:00:00Z/2026-03-26T21:00:00Z,112233445566,2026-03-01T00:00:00Z,2026-04-01T00:00:00Z,AWS,334455667788,Usage,2026-03-26T20:00:00Z,2026-03-26T21:00:00Z,AmazonEC2,EUWE-BoxUsage:t3.large,RunInstances,eu-west-1b,i-058f0e0f3bc28400a,1.0,4.0,4.0,0.0832,0.0832,0.082887,0.085754,Hrs,0.0832,0.0832,Amazon Elastic Compute Cloud,t3.large,2,8 GiB,Linux,eu-west-1,AmazonEC2,frontend,prod,CC300,,,,,,,,,,,,,
2f91c82f29ee453e918bdc9398cd5017,2026-03-27T06:00:00Z/2026-03-27T07:00:00Z,112233445566,2026-03-01T00:00:00Z,2026-04-01T00:00:00Z,AWS,334455667788,Usage,2026-03-27T06:00:00Z,2026-03-27T07:00:00Z,AmazonEC2,EUWE-BoxUsage:t3.large,RunInstances,eu-west-1b,i-058f0e0f3bc28400a,1.0,4.0,4.0,0.0832,0.0832,0.082334,0.085833,Hrs,0.0832,0.0832,Amazon Elastic Compute Cloud,t3.large,2,8 GiB,Linux,eu-west-1,AmazonEC2,frontend,prod,CC300,,,,,,,,,,,,,
e028de16f98b478eb609503911092568,2026-03-27T16:00:00Z/2026-03-27T17:00:00Z,112233445566,2026-03-01T00:00:00Z,2026-04-01T00:00:00Z,AWS,334455667788,Usage,2026-03-27T16:00:00Z,2026-03-27T17:00:00Z,AmazonEC2,EUWE-BoxUsage:t3.large,RunInstances,eu-west-1b,i-058f0e0f3bc28400a,1.0,4.0,4.0,0.0832,0.0832,0.083852,0.079417,Hrs,0.0832,0.0832,Amazon Elastic Compute Cloud,t3.large,2,8 GiB,Linux,eu-west-1,AmazonEC2,frontend,prod,CC300,,,,,,,,,,,,,
e9f2e4435dd94862b090021d6ae271dc,2026-03-28T02:00:00Z/2026-03-28T03:00:00Z,112233445566,2026-03-01T00:00:00Z,2026-04-01T00:00:00Z,AWS,334455667788,Usage,2026-03-28T02:00:00Z,2026-03-28T03:00:00Z,AmazonEC2,EUWE-BoxUsage:t3.large,RunInstances,eu-west-1b,i-058f0e0f3bc28400a,1.0,4.0,4.0,0.0832,0.0832,0.07957,0.087311,Hrs,0.0832,0.0832,Amazon Elastic Compute Cloud,t3.large,2,8 GiB,Linux,eu-west-1,AmazonEC2,frontend,prod,CC300,,,,,,,,,,,,,
7bc2877bfeae4c71978ad96ed39d70a5,2026-03-28T12:00:00Z/2026-03-28T13:00:00Z,112233445566,2026-03-01T00:00:00Z,2026-04-01T00:00:00Z,AWS,334455667788,Usage,2026-03-28T12:00:00Z,2026-03-28T13:00:00Z,AmazonEC2,EUWE-BoxUsage:t3.large,RunInstances,eu-west-1b,i-058f0e0f3bc28400a,1.0,4.0,4.0,0.0832,0.0832,0.079614,0.086809,Hrs,0.0832,0.0832,Amazon Elastic Compute Cloud,t3.large,2,8 GiB,Linux,eu-west-1,AmazonEC2,frontend,prod,CC300,,,,,,,,,,,,,
6bf5c85e76f54dfab2c2284fc54d0fcf,2026-03-28T22:00:00Z/2026-03-28T23:00:00Z,112233445566,2026-03-01T00:00:00Z,2026-04-01T00:00:00Z,AWS,334455667788,Usage,2026-03-28T22:00:00Z,2026-03-28T23:00:00Z,AmazonEC2,EUWE-BoxUsage:t3.large,RunInstances,eu-west-1b,i-058f0e0f3bc28400a,1.0,4.0,4.0,0.0832,0.0832,0.082442,0.085438,Hrs,0.0832,0.0832,Amazon Elastic Compute Cloud,t3.large,2,8 GiB,Linux,eu-west-1,AmazonEC2,frontend,prod,CC300,,,,,,,,,,,,,
bd8a715edc8a4f4f87055c5d362167e5,2026-03-29T08:00:00Z/2026-03-29T09:00:00Z,112233445566,2026-03-01T00:00:00Z,2026-04-01T00:00:00Z,AWS,334455667788,Usage,2026-03-29T08:00:00Z,2026-03-29T09:00:00Z,AmazonEC2,EUWE-BoxUsage:t3.large,RunInstances,eu-west-1b,i-058f0e0f3bc28400a,1.0,4.0,4.0,0.0832,0.0832,0.08718,0.084414,Hrs,0.0832,0.0832,Amazon Elastic Compute Cloud,t3.large,2,8 GiB,Linux,eu-west-1,AmazonEC2,frontend,prod,CC300,,,,,,,,,,,,,
624e80329a25487fbda68a9ee940547e,2026-03-29T18:00:00Z/2026-03-29T19:00:00Z,112233445566,2026-03-01T00:00:00Z,2026-04-01T00:00:00Z,AWS,334455667788,Usage,2026-03-29T18:00:00Z,2026-03-29T19:00:00Z,AmazonEC2,EUWE-BoxUsage:t3.large,RunInstances,eu-west-1b,i-058f0e0f3bc28400a,1.0,4.0,4.0,0.0832,0.0832,0.087301,0.082222,Hrs,0.0832,0.0832,Amazon Elastic Compute Cloud,t3.large,2,8 GiB,Linux,eu-west-1,AmazonEC2,frontend,prod,CC300,,,,,,,,,,,,,
98eade5558914a47a583fe67f3ca1764,2026-03-30T04:00:00Z/2026-03-30T05:00:00Z,112233445566,2026-03-01T00:00:00Z,2026-04-01T00:00:00Z,AWS,334455667788,Usage,2026-03-30T04:00:00Z,2026-03-30T05:00:00Z,AmazonEC2,EUWE-BoxUsage:t3.large,RunInstances,eu-west-1b,i-058f0e0f3bc28400a,1.0,4.0,4.0,0.0832,0.0832,0.086584,0.082165,Hrs,0.0832,0.0832,Amazon Elastic Compute Cloud,t3.large,2,8 GiB,Linux,eu-west-1,AmazonEC2,frontend,prod,CC300,,,,,,,,,,,,,
bd433a5067084f15a7c519b98b865c23,2026-03-30T14:00:00Z/2026-03-30T15:00:00Z,112233445566,2026-03-01T00:00:00Z,2026-04-01T00:00:00Z,AWS,334455667788,Usage,2026-03-30T14:00:00Z,2026-03-30T15:00:00Z,AmazonEC2,EUWE-BoxUsage:t3.large,RunInstances,eu-west-1b,i-058f0e0f3bc28400a,1.0,4.0,4.0,0.0832,0.0832,0.084546,0.083527,Hrs,0.0832,0.0832,Amazon Elastic Compute Cloud,t3.large,2,8 GiB,Linux,eu-west-1,AmazonEC2,frontend,prod,CC300,,,,,,,,,,,,,
14dad69f059f496886ba11d420372ec6,2026-03-01T00:00:00Z/2026-03-01T01:00:00Z,112233445566,2026-03-01T00:00:00Z,2026-04-01T00:00:00Z,AWS,112233445566,SavingsPlanCoveredUsage,2026-03-01T00:00:00Z,2026-03-01T01:00:00Z,AmazonEC2,USEA-BoxUsage:t3.small,RunInstances,us-east-1b,i-024a8f9db6db74b75,1.0,1.0,1.0,0.0208,0.0208,0.014243,0.014243,Hrs,0.0208,0.0208,Amazon Elastic Compute Cloud,t3.small,2,2 GiB,Linux,us-east-1,AmazonEC2,platform,staging,CC100,,,,,,,,arn:aws:savingsplans::112233445566:savingsplan/723bc961-d15a-46f2-a6e3-7599c5de85b4,0.014243,0.014243,0.014243,,
039413a25d704e6bb1051d5c3ab0cf1c,2026-03-01T10:00:00Z/2026-03-01T11:00:00Z,112233445566,2026-03-01T00:00:00Z,2026-04-01T00:00:00Z,AWS,112233445566,SavingsPlanCoveredUsage,2026-03-01T10:00:00Z,2026-03-01T11:00:00Z,AmazonEC2,USEA-BoxUsage:t3.small,RunInstances,us-east-1b,i-024a8f9db6db74b75,1.0,1.0,1.0,0.0208,0.0208,0.014637,0.014637,Hrs,0.0208,0.0208,Amazon Elastic Compute Cloud,t3.small,2,2 GiB,Linux,us-east-1,AmazonEC2,platform,staging,CC100,,,,,,,,arn:aws:savingsplans::112233445566:savingsplan/723bc961-d15a-46f2-a6e3-7599c5de85b4,0.014637,0.014637,0.014637,,
9ab1ccb56e9b492889c7cdfe6da07912,2026-03-01T20:00:00Z/2026-03-01T21:00:00Z,112233445566,2026-03-01T00:00:00Z,2026-04-01T00:00:00Z,AWS,112233445566,SavingsPlanCoveredUsage,2026-03-01T20:00:00Z,2026-03-01T21:00:00Z,AmazonEC2,USEA-BoxUsage:t3.small,RunInstances,us-east-1b,i-024a8f9db6db74b75,1.0,1.0,1.0,0.0208,0.0208,0.015034,0.015034,Hrs,0.0208,0.0208,Amazon Elastic Compute Cloud,t3.small,2,2 GiB,Linux,us-east-1,AmazonEC2,platform,staging,CC100,,,,,,,,arn:aws:savingsplans::112233445566:savingsplan/723bc961-d15a-46f2-a6e3-7599c5de85b4,0.015034,0.015034,0.015034,,
7fceee959fcf45418c4c5e3100a2c0ec,2026-03-02T06:00:00Z/2026-03-02T07:00:00Z,112233445566,2026-03-01T00:00:00Z,2026-04-01T00:00:00Z,AWS,112233445566,SavingsPlanCoveredUsage,2026-03-02T06:00:00Z,2026-03-02T07:00:00Z,AmazonEC2,USEA-BoxUsage:t3.small,RunInstances,us-east-1b,i-024a8f9db6db74b75,1.0,1.0,1.0,0.0208,0.0208,0.013527,0.013527,Hrs,0.0208,0.0208,Amazon Elastic Compute Cloud,t3.small,2,2 GiB,Linux,us-east-1,AmazonEC2,platform,staging,CC100,,,,,,,,arn:aws:savingsplans::112233445566:savingsplan/723bc961-d15a-46f2-a6e3-7599c5de85b4,0.013527,0.013527,0.013527,,
d264c5b4756145e2a6d46eeb524e28f5,2026-03-02T16:00:00Z/2026-03-02T17:00:00Z,112233445566,2026-03-01T00:00:00Z,2026-04-01T00:00:00Z,AWS,112233445566,SavingsPlanCoveredUsage,2026-03-02T16:00:00Z,2026-03-02T17:00:00Z,AmazonEC2,USEA-BoxUsage:t3.small,RunInstances,us-east-1b,i-024a8f9db6db74b75,1.0,1.0,1.0,0.0208,0.0208,0.014141,0.014141,Hrs,0.0208,0.0208,Amazon Elastic Compute Cloud,t3.small,2,2 GiB,Linux,us-east-1,AmazonEC2,platform,staging,CC100,,,,,,,,arn:aws:savingsplans::112233445566:savingsplan/723bc961-d15a-46f2-a6e3-7599c5de85b4,0.014141,0.014141,0.014141,,
28d0e87ab0f64a6fb7983d55caab4a26,2026-03-03T02:00:00Z/2026-03-03T03:00:00Z,112233445566,2026-03-01T00:00:00Z,2026-04-01T00:00:00Z,AWS,112233445566,SavingsPlanCoveredUsage,2026-03-03T02:00:00Z,2026-03-03T03:00:00Z,AmazonEC2,USEA-BoxUsage:t3.small,RunInstances,us-east-1b,i-024a8f9db6db74b75,1.0,1.0,1.0,0.0208,0.0208,0.014652,0.014652,Hrs,0.0208,0.0208,Amazon Elastic Compute Cloud,t3.small,2,2 GiB,Linux,us-east-1,AmazonEC2,platform,staging,CC100,,,,,,,,arn:aws:savingsplans::112233445566:savingsplan/723bc961-d15a-46f2-a6e3-7599c5de85b4,0.014652,0.014652,0.014652,,
8201ae1c30a441bebe82a372cf2b1a9d,2026-03-03T12:00:00Z/2026-03-03T13:00:00Z,112233445566,2026-03-01T00:00:00Z,2026-04-01T00:00:00Z,AWS,112233445566,SavingsPlanCoveredUsage,2026-03-03T12:00:00Z,2026-03-03T13:00:00Z,AmazonEC2,USEA-BoxUsage:t3.small,RunInstances,us-east-1b,i-024a8f9db6db74b75,1.0,1.0,1.0,0.0208,0.0208,0.015233,0.015233,Hrs,0.0208,0.0208,Amazon Elastic Compute Cloud,t3.small,2,2 GiB,Linux,us-east-1,AmazonEC2,platform,staging,CC100,,,,,,,,arn:aws:savingsplans::112233445566:savingsplan/723bc961-d15a-46f2-a6e3-7599c5de85b4,0.015233,0.015233,0.015233,,
847c7d2c819b4d5991f7a9614b1bae1e,2026-03-03T22:00:00Z/2026-03-03T23:00:00Z,112233445566,2026-03-01T00:00:00Z,2026-04-01T00:00:00Z,AWS,112233445566,SavingsPlanCoveredUsage,2026-03-03T22:00:00Z,2026-03-03T23:00:00Z,AmazonEC2,USEA-BoxUsage:t3.small,RunInstances,us-east-1b,i-024a8f9db6db74b75,1.0,1.0,1.0,0.0208,0.0208,0.01424,0.01424,Hrs,0.0208,0.0208,Amazon Elastic Compute Cloud,t3.small,2,2 GiB,Linux,us-east-1,AmazonEC2,platform,staging,CC100,,,,,,,,arn:aws:savingsplans::112233445566:savingsplan/723bc961-d15a-46f2-a6e3-7599c5de85b4,0.01424,0.01424,0.01424,,
5654981148974210bbab5d4c62bcf447,2026-03-04T08:00:00Z/2026-03-04T09:00:00Z,112233445566,2026-03-01T00:00:00Z,2026-04-01T00:00:00Z,AWS,112233445566,SavingsPlanCoveredUsage,2026-03-04T08:00:00Z,2026-03-04T09:00:00Z,AmazonEC2,USEA-BoxUsage:t3.small,RunInstances,us-east-1b,i-024a8f9db6db74b75,1.0,1.0,1.0,0.0208,0.0208,0.01547,0.01547,Hrs,0.0208,0.0208,Amazon Elastic Compute Cloud,t3.small,2,2 GiB,Linux,us-east-1,AmazonEC2,platform,staging,CC100,,,,,,,,arn:aws:savingsplans::112233445566:savingsplan/723bc961-d15a-46f2-a6e3-7599c5de85b4,0.01547,0.01547,0.01547,,
4407cd0eb9c94ff9a4fb538796100e02,2026-03-04T18:00:00Z/2026-03-04T19:00:00Z,112233445566,2026-03-01T00:00:00Z,2026-04-01T00:00:00Z,AWS,112233445566,SavingsPlanCoveredUsage,2026-03-04T18:00:00Z,2026-03-04T19:00:00Z,AmazonEC2,USEA-BoxUsage:t3.small,RunInstances,us-east-1b,i-024a8f9db6db74b75,1.0,1.0,1.0,0.0208,0.0208,0.013755,0.013755,Hrs,0.0208,0.0208,Amazon Elastic Compute Cloud,t3.small,2,2 GiB,Linux,us-east-1,AmazonEC2,platform,staging,CC100,,,,,,,,arn:aws:savingsplans::112233445566:savingsplan/723bc961-d15a-46f2-a6e3-7599c5de85b4,0.013755,0.013755,0.013755,,
36d5347ec1404818a23b0e7f8f3afcfb,2026-03-05T04:00:00Z/2026-03-05T05:00:00Z,112233445566,2026-03-01T00:00:00Z,2026-04-01T00:00:00Z,AWS,112233445566,SavingsPlanCoveredUsage,2026-03-05T04:00:00Z,2026-03-05T05:00:00Z,AmazonEC2,USEA-BoxUsage:t3.small,RunInstances,us-east-1b,i-024a8f9db6db74b75,1.0,1.0,1.0,0.0208,0.0208,0.014392,0.014392,Hrs,0.0208,0.0208,Amazon Elastic Compute Cloud,t3.small,2,2 GiB,Linux,us-east-1,AmazonEC2,platform,staging,CC100,,,,,,,,arn:aws:savingsplans::112233445566:savingsplan/723bc961-d15a-46f2-a6e3-7599c5de85b4,0.014392,0.014392,0.014392,,
66993b77ed22403a82d01ab9ecf73afc,2026-03-05T14:00:00Z/2026-03-05T15:00:00Z,112233445566,2026-03-01T00:00:00Z,2026-04-01T00:00:00Z,AWS,112233445566,SavingsPlanCoveredUsage,2026-03-05T14:00:00Z,2026-03-05T15:00:00Z,AmazonEC2,USEA-BoxUsage:t3.small,RunInstances,us-east-1b,i-024a8f9db6db74b75,1.0,1.0,1.0,0.0208,0.0208,0.015358,0.015358,Hrs,0.0208,0.0208,Amazon Elastic Compute Cloud,t3.small,2,2 GiB,Linux,us-east-1,AmazonEC2,platform,staging,CC100,,,,,,,,arn:aws:savingsplans::112233445566:savingsplan/723bc961-d15a-46f2-a6e3-7599c5de85b4,0.015358,0.015358,0.015358,,
50416d336ed748279353812171621c66,2026-03-06T10:00:00Z/2026-03-06T11:00:00Z,112233445566,2026-03-01T00:00:00Z,2026-04-01T00:00:00Z,AWS,112233445566,SavingsPlanCoveredUsage,2026-03-06T10:00:00Z,2026-03-06T11:00:00Z,AmazonEC2,USEA-BoxUsage:t3.small,RunInstances,us-east-1b,i-024a8f9db6db74b75,1.0,1.0,1.0,0.0208,0.0208,0.01373,0.01373,Hrs,0.0208,0.0208,Amazon Elastic Compute Cloud,t3.small,2,2 GiB,Linux,us-east-1,AmazonEC2,platform,staging,CC100,,,,,,,,arn:aws:savingsplans::112233445566:savingsplan/723bc961-d15a-46f2-a6e3-7599c5de85b4,0.01373,0.01373,0.01373,,
5ce3cd1cf1004399bab72a81b2416c0f,2026-03-06T20:00:00Z/2026-03-06T21:00:00Z,112233445566,2026-03-01T00:00:00Z,2026-04-01T00:00:00Z,AWS,112233445566,SavingsPlanCoveredUsage,2026-03-06T20:00:00Z,2026-03-06T21:00:00Z,AmazonEC2,USEA-BoxUsage:t3.small,RunInstances,us-east-1b,i-024a8f9db6db74b75,1.0,1.0,1.0,0.0208,0.0208,0.014763,0.014763,Hrs,0.0208,0.0208,Amazon Elastic Compute Cloud,t3.small,2,2 GiB,Linux,us-east-1,AmazonEC2,platform,staging,CC100,,,,,,,,arn:aws:savingsplans::112233445566:savingsplan/723bc961-d15a-46f2-a6e3-7599c5de85b4,0.014763,0.014763,0.014763,,
03bc2c7770644524a054cde8b60f5db6,2026-03-07T06:00:00Z/2026-03-07T07:00:00Z,112233445566,2026-03-01T00:00:00Z,2026-04-01T00:00:00Z,AWS,112233445566,SavingsPlanCoveredUsage,2026-03-07T06:00:00Z,2026-03-07T07:00:00Z,AmazonEC2,USEA-BoxUsage:t3.small,RunInstances,us-east-1b,i-024a8f9db6db74b75,1.0,1.0,1.0,0.0208,0.0208,0.013621,0.013621,Hrs,0.0208,0.0208,Amazon Elastic Compute Cloud,t3.small,2,2 GiB,Linux,us-east-1,AmazonEC2,platform,staging,CC100,,,,,,,,arn:aws:savingsplans::112233445566:savingsplan/723bc961-d15a-46f2-a6e3-7599c5de85b4,0.013621,0.013621,0.013621,,
75d0a4e225cc4274baaf5692b2ee8a93,2026-03-07T16:00:00Z/2026-03-07T17:00:00Z,112233445566,2026-03-01T00:00:00Z,2026-04-01T00:00:00Z,AWS,112233445566,SavingsPlanCoveredUsage,2026-03-07T16:00:00Z,2026-03-07T17:00:00Z,AmazonEC2,USEA-BoxUsage:t3.small,RunInstances,us-east-1b,i-024a8f9db6db74b75,1.0,1.0,1.0,0.0208,0.0208,0.014357,0.014357,Hrs,0.0208,0.0208,Amazon Elastic Compute Cloud,t3.small,2,2 GiB,Linux,us-east-1,AmazonEC2,platform,staging,CC100,,,,,,,,arn:aws:savingsplans::112233445566:savingsplan/723bc961-d15a-46f2-a6e3-7599c5de85b4,0.014357,0.014357,0.014357,,
9f4a1d3a77604a5eaa89a3490bccf55c,2026-03-08T02:00:00Z/2026-03-08T03:00:00Z,112233445566,2026-03-01T00:00:00Z,2026-04-01T00:00:00Z,AWS,112233445566,SavingsPlanCoveredUsage,2026-03-08T02:00:00Z,2026-03-08T03:00:00Z,AmazonEC2,USEA-BoxUsage:t3.small,RunInstances,us-east-1b,i-024a8f9db6db74b75,1.0,1.0,1.0,0.0208,0.0208,0.013972,0.013972,Hrs,0.0208,0.0208,Amazon Elastic Compute Cloud,t3.small,2,2 GiB,Linux,us-east-1,AmazonEC2,platform,staging,CC100,,,,,,,,arn:aws:savingsplans::112233445566:savingsplan/723bc961-d15a-46f2-a6e3-7599c5de85b4,0.013972,0.013972,0.013972,,
1c167faa6af44cfb827873dd29da0be4,2026-03-08T12:00:00Z/2026-03-08T13:00:00Z,112233445566,2026-03-01T00:00:00Z,2026-04-01T00:00:00Z,AWS,112233445566,SavingsPlanCoveredUsage,2026-03-08T12:00:00Z,2026-03-08T13:00:00Z,AmazonEC2,USEA-BoxUsage:t3.small,RunInstances,us-east-1b,i-024a8f9db6db74b75,1.0,1.0,1.0,0.0208,0.0208,0.013637,0.013637,Hrs,0.0208,0.0208,Amazon Elastic Compute Cloud,t3.small,2,2 GiB,Linux,us-east-1,AmazonEC2,platform,staging,CC100,,,,,,,,arn:aws:savingsplans::112233445566:savingsplan/723bc961-d15a-46f2-a6e3-7599c5de85b4,0.013637,0.013637,0.013637,,
c21861daee78445c99263432b4f91f34,2026-03-08T22:00:00Z/2026-03-08T23:00:00Z,112233445566,2026-03-01T00:00:00Z,2026-04-01T00:00:00Z,AWS,112233445566,SavingsPlanCoveredUsage,2026-03-08T22:00:00Z,2026-03-08T23:00:00Z,AmazonEC2,USEA-BoxUsage:t3.small,RunInstances,us-east-1b,i-024a8f9db6db74b75,1.0,1.0,1.0,0.0208,0.0208,0.014122,0.014122,Hrs,0.0208,0.0208,Amazon Elastic Compute Cloud,t3.small,2,2 GiB,Linux,us-east-1,AmazonEC2,platform,staging,CC100,,,,,,,,arn:aws:savingsplans::112233445566:savingsplan/723bc961-d15a-46f2-a6e3-7599c5de85b4,0.014122,0.014122,0.014122,,
6c3f1201c2e443faa27ab0c968632a9b,2026-03-09T08:00:00Z/2026-03-09T09:00:00Z,112233445566,2026-03-01T00:00:00Z,2026-04-01T00:00:00Z,AWS,112233445566,SavingsPlanCoveredUsage,2026-03-09T08:00:00Z,2026-03-09T09:00:00Z,AmazonEC2,USEA-BoxUsage:t3.small,RunInstances,us-east-1b,i-024a8f9db6db74b75,1.0,1.0,1.0,0.0208,0.0208,0.015042,0.015042,Hrs,0.0208,0.0208,Amazon Elastic Compute Cloud,t3.small,2,2 GiB,Linux,us-east-1,AmazonEC2,platform,staging,CC100,,,,,,,,arn:aws:savingsplans::112233445566:savingsplan/723bc961-d15a-46f2-a6e3-7599c5de85b4,0.015042,0.015042,0.015042,,
85ba788857fd45d8bdfeb6d47dea2e47,2026-03-09T18:00:00Z/2026-03-09T19:00:00Z,112233445566,2026-03-01T00:00:00Z,2026-04-01T00:00:00Z,AWS,112233445566,SavingsPlanCoveredUsage,2026-03-09T18:00:00Z,2026-03-09T19:00:00Z,AmazonEC2,USEA-BoxUsage:t3.small,RunInstances,us-east-1b,i-024a8f9db6db74b75,1.0,1.0,1.0,0.0208,0.0208,0.014764,0.014764,Hrs,0.0208,0.0208,Amazon Elastic Compute Cloud,t3.small,2,2 GiB,Linux,us-east-1,AmazonEC2,platform,staging,CC100,,,,,,,,arn:aws:savingsplans::112233445566:savingsplan/723bc961-d15a-46f2-a6e3-7599c5de85b4,0.014764,0.014764,0.014764,,
670452f88a8b4a899435bba3530c7492,2026-03-10T04:00:00Z/2026-03-10T05:00:00Z,112233445566,2026-03-01T00:00:00Z,2026-04-01T00:00:00Z,AWS,112233445566,SavingsPlanCoveredUsage,2026-03-10T04:00:00Z,2026-03-10T05:00:00Z,AmazonEC2,USEA-BoxUsage:t3.small,RunInstances,us-east-1b,i-024a8f9db6db74b75,1.0,1.0,1.0,0.0208,0.0208,0.014187,0.014187,Hrs,0.0208,0.0208,Amazon Elastic Compute Cloud,t3.small,2,2 GiB,Linux,us-east-1,AmazonEC2,platform,staging,CC100,,,,,,,,arn:aws:savingsplans::112233445566:savingsplan/723bc961-d15a-46f2-a6e3-7599c5de85b4,0.014187,0.014187,0.014187,,
5def74e152d74b44bdb3e6ee3a2e81f1,2026-03-10T14:00:00Z/2026-03-10T15:00:00Z,112233445566,2026-03-01T00:00:00Z,2026-04-01T00:00:00Z,AWS,112233445566,SavingsPlanCoveredUsage,2026-03-10T14:00:00Z,2026-03-10T15:00:00Z,AmazonEC2,USEA-BoxUsage:t3.small,RunInstances,us-east-1b,i-024a8f9db6db74b75,1.0,1.0,1.0,0.0208,0.0208,0.013818,0.013818,Hrs,0.0208,0.0208,Amazon Elastic Compute Cloud,t3.small,2,2 GiB,Linux,us-east-1,AmazonEC2,platform,staging,CC100,,,,,,,,arn:aws:savingsplans::112233445566:savingsplan/723bc961-d15a-46f2-a6e3-7599c5de85b4,0.013818,0.013818,0.013818,,
06c06764e9e7403d9d19bc5d8165bee6,2026-03-11T00:00:00Z/2026-03-11T01:00:00Z,112233445566,2026-03-01T00:00:00Z,2026-04-01T00:00:00Z,AWS,112233445566,SavingsPlanCoveredUsage,2026-03-11T00:00:00Z,2026-03-11T01:00:00Z,AmazonEC2,USEA-BoxUsage:t3.small,RunInstances,us-east-1b,i-024a8f9db6db74b75,1.0,1.0,1.0,0.0208,0.0208,0.01398,0.01398,Hrs,0.0208,0.0208,Amazon Elastic Compute Cloud,t3.small,2,2 GiB,Linux,us-east-1,AmazonEC2,platform,staging,CC100,,,,,,,,arn:aws:savingsplans::112233445566:savingsplan/723bc961-d15a-46f2-a6e3-7599c5de85b4,0.01398,0.01398,0.01398,,
aad0c4aed45841d6a0274d145531c355,2026-03-11T10:00:00Z/2026-03-11T11:00:00Z,112233445566,2026-03-01T00:00:00Z,2026-04-01T00:00:00Z,AWS,112233445566,SavingsPlanCoveredUsage,2026-03-11T10:00:00Z,2026-03-11T11:00:00Z,AmazonEC2,USEA-BoxUsage:t3.small,RunInstances,us-east-1b,i-024a8f9db6db74b75,1.0,1.0,1.0,0.0208,0.0208,0.013647,0.013647,Hrs,0.0208,0.0208,Amazon Elastic Compute Cloud,t3.small,2,2 GiB,Linux,us-east-1,AmazonEC2,platform,staging,CC100,,,,,,,,arn:aws:savingsplans::112233445566:savingsplan/723bc961-d15a-46f2-a6e3-7599c5de85b4,0.013647,0.013647,0.013647,,
ad5dded1205b4266b0907e5c71fc36af,2026-03-11T20:00:00Z/2026-03-11T21:00:00Z,112233445566,2026-03-01T00:00:00Z,2026-04-01T00:00:00Z,AWS,112233445566,SavingsPlanCoveredUsage,2026-03-11T20:00:00Z,2026-03-11T21:00:00Z,AmazonEC2,USEA-BoxUsage:t3.small,RunInstances,us-east-1b,i-024a8f9db6db74b75,1.0,1.0,1.0,0.0208,0.0208,0.01535,0.01535,Hrs,0.0208,0.0208,Amazon Elastic Compute Cloud,t3.small,2,2 GiB,Linux,us-east-1,AmazonEC2,platform,staging,CC100,,,,,,,,arn:aws:savingsplans::112233445566:savingsplan/723bc961-d15a-46f2-a6e3-7599c5de85b4,0.01535,0.01535,0.01535,,
594a6b62634b4c0b929fbea6dc681abe,2026-03-12T06:00:00Z/2026-03-12T07:00:00Z,112233445566,2026-03-01T00:00:00Z,2026-04-01T00:00:00Z,AWS,112233445566,SavingsPlanCoveredUsage,2026-03-12T06:00:00Z,2026-03-12T07:00:00Z,AmazonEC2,USEA-BoxUsage:t3.small,RunInstances,us-east-1b,i-024a8f9db6db74b75,1.0,1.0,1.0,0.0208,0.0208,0.014822,0.014822,Hrs,0.0208,0.0208,Amazon Elastic Compute Cloud,t3.small,2,2 GiB,Linux,us-east-1,AmazonEC2,platform,staging,CC100,,,,,,,,arn:aws:savingsplans::112233445566:savingsplan/723bc961-d15a-46f2-a6e3-7599c5de85b4,0.014822,0.014822,0.014822,,
f18319b2be014a83ab66fcd01bb7323c,2026-03-12T16:00:00Z/2026-03-12T17:00:00Z,112233445566,2026-03-01T00:00:00Z,2026-04-01T00:00:00Z,AWS,112233445566,SavingsPlanCoveredUsage,2026-03-12T16:00:00Z,2026-03-12T17:00:00Z,AmazonEC2,USEA-BoxUsage:t3.small,RunInstances,us-east-1b,i-024a8f9db6db74b75,1.0,1.0,1.0,0.0208,0.0208,0.014551,0.014551,Hrs,0.0208,0.0208,Amazon Elastic Compute Cloud,t3.small,2,2 GiB,Linux,us-east-1,AmazonEC2,platform,staging,CC100,,,,,,,,arn:aws:savingsplans::112233445566:savingsplan/723bc961-d15a-46f2-a6e3-7599c5de85b4,0.014551,0.014551,0.014551,,
3d4ef27fc72c4c3a8505d93f848a0ab9,2026-03-13T02:00:00Z/2026-03-13T03:00:00Z,112233445566,2026-03-01T00:00:00Z,2026-04-01T00:00:00Z,AWS,112233445566,SavingsPlanCoveredUsage,2026-03-13T02:00:00Z,2026-03-13T03:00:00Z,AmazonEC2,USEA-BoxUsage:t3.small,RunInstances,us-east-1b,i-024a8f9db6db74b75,1.0,1.0,1.0,0.0208,0.0208,0.015478,0.015478,Hrs,0.0208,0.0208,Amazon Elastic Compute Cloud,t3.small,2,2 GiB,Linux,us-east-1,AmazonEC2,platform,staging,CC100,,,,,,,,arn:aws:savingsplans::112233445566:savingsplan/723bc961-d15a-46f2-a6e3-7599c5de85b4,0.015478,0.015478,0.015478,,
59f71701d2d7406e88986ebd9ea987d6,2026-03-13T12:00:00Z/2026-03-13T13:00:00Z,112233445566,2026-03-01T00:00:00Z,2026-04-01T00:00:00Z,AWS,112233445566,SavingsPlanCoveredUsage,2026-03-13T12:00:00Z,2026-03-13T13:00:00Z,AmazonEC2,USEA-BoxUsage:t3.small,RunInstances,us-east-1b,i-024a8f9db6db74b75,1.0,1.0,1.0,0.0208,0.0208,0.015154,0.015154,Hrs,0.0208,0.0208,Amazon Elastic Compute Cloud,t3.small,2,2 GiB,Linux,us-east-1,AmazonEC2,platform,staging,CC100,,,,,,,,arn:aws:savingsplans::112233445566:savingsplan/723bc961-d15a-46f2-a6e3-7599c5de85b4,0.015154,0.015154,0.015154,,
68188ef70fb34bd2b78e40b1f872f4e9,2026-03-13T22:00:00Z/2026-03-13T23:00:00Z,112233445566,2026-03-01T00:00:00Z,2026-04-01T00:00:00Z,AWS,112233445566,SavingsPlanCoveredUsage,2026-03-13T22:00:00Z,2026-03-13T23:00:00Z,AmazonEC2,USEA-BoxUsage:t3.small,RunInstances,us-east-1b,i-024a8f9db6db74b75,1.0,1.0,1.0,0.0208,0.0208,0.014386,0.014386,Hrs,0.0208,0.0208,Amazon Elastic Compute Cloud,t3.small,2,2 GiB,Linux,us-east-1,AmazonEC2,platform,staging,CC100,,,,,,,,arn:aws:savingsplans::112233445566:savingsplan/723bc961-d15a-46f2-a6e3-7599c5de85b4,0.014386,0.014386,0.014386,,
35db11f89d3943d48a9f4df8b59476a7,2026-03-14T08:00:00Z/2026-03-14T09:00:00Z,112233445566,2026-03-01T00:00:00Z,2026-04-01T00:00:00Z,AWS,112233445566,SavingsPlanCoveredUsage,2026-03-14T08:00:00Z,2026-03-14T09:00:00Z,AmazonEC2,USEA-BoxUsage:t3.small,RunInstances,us-east-1b,i-024a8f9db6db74b75,1.0,1.0,1.0,0.0208,0.0208,0.014303,0.014303,Hrs,0.0208,0.0208,Amazon Elastic Compute Cloud,t3.small,2,2 GiB,Linux,us-east-1,AmazonEC2,platform,staging,CC100,,,,,,,,arn:aws:savingsplans::112233445566:savingsplan/723bc961-d15a-46f2-a6e3-7599c5de85b4,0.014303,0.014303,0.014303,,
f7fec705af9b426a81d710273eb59fc7,2026-03-14T18:00:00Z/2026-03-14T19:00:00Z,112233445566,2026-03-01T00:00:00Z,2026-04-01T00:00:00Z,AWS,112233445566,SavingsPlanCoveredUsage,2026-03-14T18:00:00Z,2026-03-14T19:00:00Z,AmazonEC2,USEA-BoxUsage:t3.small,RunInstances,us-east-1b,i-024a8f9db6db74b75,1.0,1.0,1.0,0.0208,0.0208,0.014505,0.014505,Hrs,0.0208,0.0208,Amazon Elastic Compute Cloud,t3.small,2,2 GiB,Linux,us-east-1,AmazonEC2,platform,staging,CC100,,,,,,,,arn:aws:savingsplans::112233445566:savingsplan/723bc961-d15a-46f2-a6e3-7599c5de85b4,0.014505,0.014505,0.014505,,
d423d60ad556493d89a8cdd5176abd9f,2026-03-15T04:00:00Z/2026-03-15T05:00:00Z,112233445566,2026-03-01T00:00:00Z,2026-04-01T00:00:00Z,AWS,112233445566,SavingsPlanCoveredUsage,2026-03-15T04:00:00Z,2026-03-15T05:00:00Z,AmazonEC2,USEA-BoxUsage:t3.small,RunInstances,us-east-1b,i-024a8f9db6db74b75,1.0,1.0,1.0,0.0208,0.0208,0.014146,0.014146,Hrs,0.0208,0.0208,Amazon Elastic Compute Cloud,t3.small,2,2 GiB,Linux,us-east-1,AmazonEC2,platform,staging,CC100,,,,,,,,arn:aws:savingsplans::112233445566:savingsplan/723bc961-d15a-46f2-a6e3-7599c5de85b4,0.014146,0.014146,0.014146,,
f89f1cc0dab34a35a1e96a62234bb37c,2026-03-15T14:00:00Z/2026-03-15T15:00:00Z,112233445566,2026-03-01T00:00:00Z,2026-04-01T00:00:00Z,AWS,112233445566,SavingsPlanCoveredUsage,2026-03-15T14:00:00Z,2026-03-15T15:00:00Z,AmazonEC2,USEA-BoxUsage:t3.small,RunInstances,us-east-1b,i-024a8f9db6db74b75,1.0,1.0,1.0,0.0208,0.0208,0.015196,0.015196,Hrs,0.0208,0.0208,Amazon Elastic Compute Cloud,t3.small,2,2 GiB,Linux,us-east-1,AmazonEC2,platform,staging,CC100,,,,,,,,arn:aws:savingsplans::112233445566:savingsplan/723bc961-d15a-46f2-a6e3-7599c5de85b4,0.015196,0.015196,0.015196,,
46576ec7e96a48d8a6dfc20ea448d0f7,2026-03-16T00:00:00Z/2026-03-16T01:00:00Z,112233445566,2026-03-01T00:00:00Z,2026-04-01T00:00:00Z,AWS,112233445566,SavingsPlanCoveredUsage,2026-03-16T00:00:00Z,2026-03-16T01:00:00Z,AmazonEC2,USEA-BoxUsage:t3.small,RunInstances,us-east-1b,i-024a8f9db6db74b75,1.0,1.0,1.0,0.0208,0.0208,0.01469,0.01469,Hrs,0.0208,0.0208,Amazon Elastic Compute Cloud,t3.small,2,2 GiB,Linux,us-east-1,AmazonEC2,platform,staging,CC100,,,,,,,,arn:aws:savingsplans::112233445566:savingsplan/723bc961-d15a-46f2-a6e3-7599c5de85b4,0.01469,0.01469,0.01469,,
f293fad716fd48b2a375887cd514eb15,2026-03-16T10:00:00Z/2026-03-16T11:00:00Z,112233445566,2026-03-01T00:00:00Z,2026-04-01T00:00:00Z,AWS,112233445566,SavingsPlanCoveredUsage,2026-03-16T10:00:00Z,2026-03-16T11:00:00Z,AmazonEC2,USEA-BoxUsage:t3.small,RunInstances,us-east-1b,i-024a8f9db6db74b75,1.0,1.0,1.0,0.0208,0.0208,0.014679,0.014679,Hrs,0.0208,0.0208,Amazon Elastic Compute Cloud,t3.small,2,2 GiB,Linux,us-east-1,AmazonEC2,platform,staging,CC100,,,,,,,,arn:aws:savingsplans::112233445566:savingsplan/723bc961-d15a-46f2-a6e3-7599c5de85b4,0.014679,0.014679,0.014679,,
79e97df638ad422585081a8c74fb8e88,2026-03-16T20:00:00Z/2026-03-16T21:00:00Z,112233445566,2026-03-01T00:00:00Z,2026-04-01T00:00:00Z,AWS,112233445566,SavingsPlanCoveredUsage,2026-03-16T20:00:00Z,2026-03-16T21:00:00Z,AmazonEC2,USEA-BoxUsage:t3.small,RunInstances,us-east-1b,i-024a8f9db6db74b75,1.0,1.0,1.0,0.0208,0.0208,0.014025,0.014025,Hrs,0.0208,0.0208,Amazon Elastic Compute Cloud,t3.small,2,2 GiB,Linux,us-east-1,AmazonEC2,platform,staging,CC100,,,,,,,,arn:aws:savingsplans::112233445566:savingsplan/723bc961-d15a-46f2-a6e3-7599c5de85b4,0.014025,0.014025,0.014025,,
c1d65c44b40f4feba10f76625af1169a,2026-03-17T06:00:00Z/2026-03-17T07:00:00Z,112233445566,2026-03-01T00:00:00Z,2026-04-01T00:00:00Z,AWS,112233445566,SavingsPlanCoveredUsage,2026-03-17T06:00:00Z,2026-03-17T07:00:00Z,AmazonEC2,USEA-BoxUsage:t3.small,RunInstances,us-east-1b,i-024a8f9db6db74b75,1.0,1.0,1.0,0.0208,0.0208,0.014865,0.014865,Hrs,0.0208,0.0208,Amazon Elastic Compute Cloud,t3.small,2,2 GiB,Linux,us-east-1,AmazonEC2,platform,staging,CC100,,,,,,,,arn:aws:savingsplans::112233445566:savingsplan/723bc961-d15a-46f2-a6e3-7599c5de85b4,0.014865,0.014865,0.014865,,
32851e8d5d334c7b9baa3be173a403c2,2026-03-17T16:00:00Z/2026-03-17T17:00:00Z,112233445566,2026-03-01T00:00:00Z,2026-04-01T00:00:00Z,AWS,112233445566,SavingsPlanCoveredUsage,2026-03-17T16:00:00Z,2026-03-17T17:00:00Z,AmazonEC2,USEA-BoxUsage:t3.small,RunInstances,us-east-1b,i-024a8f9db6db74b75,1.0,1.0,1.0,0.0208,0.0208,0.015282,0.015282,Hrs,0.0208,0.0208,Amazon Elastic Compute Cloud,t3.small,2,2 GiB,Linux,us-east-1,AmazonEC2,platform,staging,CC100,,,,,,,,arn:aws:savingsplans::112233445566:savingsplan/723bc961-d15a-46f2-a6e3-7599c5de85b4,0.015282,0.015282,0.015282,,
279d56b6a8e34ad19d6188276700027e,2026-03-18T02:00:00Z/2026-03-18T03:00:00Z,112233445566,2026-03-01T00:00:00Z,2026-04-01T00:00:00Z,AWS,112233445566,SavingsPlanCoveredUsage,2026-03-18T02:00:00Z,2026-03-18T03:00:00Z,AmazonEC2,USEA-BoxUsage:t3.small,RunInstances,us-east-1b,i-024a8f9db6db74b75,1.0,1.0,1.0,0.0208,0.0208,0.015027,0.015027,Hrs,0.0208,0.0208,Amazon Elastic Compute Cloud,t3.small,2,2 GiB,Linux,us-east-1,AmazonEC2,platform,staging,CC100,,,,,,,,arn:aws:savingsplans::112233445566:savingsplan/723bc961-d15a-46f2-a6e3-7599c5de85b4,0.015027,0.015027,0.015027,,
87e6392218a84d78ae72c6ed51ecde62,2026-03-18T12:00:00Z/2026-03-18T13:00:00Z,112233445566,2026-03-01T00:00:00Z,2026-04-01T00:00:00Z,AWS,112233445566,SavingsPlanCoveredUsage,2026-03-18T12:00:00Z,2026-03-18T13:00:00Z,AmazonEC2,USEA-BoxUsage:t3.small,RunInstances,us-east-1b,i-024a8f9db6db74b75,1.0,1.0,1.0,0.0208,0.0208,0.014078,0.014078,Hrs,0.0208,0.0208,Amazon Elastic Compute Cloud,t3.small,2,2 GiB,Linux,us-east-1,AmazonEC2,platform,staging,CC100,,,,,,,,arn:aws:savingsplans::112233445566:savingsplan/723bc961-d15a-46f2-a6e3-7599c5de85b4,0.014078,0.014078,0.014078,,
60e17f475e1c434bae441545ca749a20,2026-03-18T22:00:00Z/2026-03-18T23:00:00Z,112233445566,2026-03-01T00:00:00Z,2026-04-01T00:00:00Z,AWS,112233445566,SavingsPlanCoveredUsage,2026-03-18T22:00:00Z,2026-03-18T23:00:00Z,AmazonEC2,USEA-BoxUsage:t3.small,RunInstances,us-east-1b,i-024a8f9db6db74b75,1.0,1.0,1.0,0.0208,0.0208,0.014774,0.014774,Hrs,0.0208,0.0208,Amazon Elastic Compute Cloud,t3.small,2,2 GiB,Linux,us-east-1,AmazonEC2,platform,staging,CC100,,,,,,,,arn:aws:savingsplans::112233445566:savingsplan/723bc961-d15a-46f2-a6e3-7599c5de85b4,0.014774,0.014774,0.014774,,
42a442a5d1064d7196ec6740803409f2,2026-03-19T08:00:00Z/2026-03-19T09:00:00Z,112233445566,2026-03-01T00:00:00Z,2026-04-01T00:00:00Z,AWS,112233445566,SavingsPlanCoveredUsage,2026-03-19T08:00:00Z,2026-03-19T09:00:00Z,AmazonEC2,USEA-BoxUsage:t3.small,RunInstances,us-east-1b,i-024a8f9db6db74b75,1.0,1.0,1.0,0.0208,0.0208,0.013911,0.013911,Hrs,0.0208,0.0208,Amazon Elastic Compute Cloud,t3.small,2,2 GiB,Linux,us-east-1,AmazonEC2,platform,staging,CC100,,,,,,,,arn:aws:savingsplans::112233445566:savingsplan/723bc961-d15a-46f2-a6e3-7599c5de85b4,0.013911,0.013911,0.013911,,
9f9084086d6f4b61af3f703e8dc4dd7a,2026-03-19T18:00:00Z/2026-03-19T19:00:00Z,112233445566,2026-03-01T00:00:00Z,2026-04-01T00:00:00Z,AWS,112233445566,SavingsPlanCoveredUsage,2026-03-19T18:00:00Z,2026-03-19T19:00:00Z,AmazonEC2,USEA-BoxUsage:t3.small,RunInstances,us-east-1b,i-024a8f9db6db74b75,1.0,1.0,1.0,0.0208,0.0208,0.015027,0.015027,Hrs,0.0208,0.0208,Amazon Elastic Compute Cloud,t3.small,2,2 GiB,Linux,us-east-1,AmazonEC2,platform,staging,CC100,,,,,,,,arn:aws:savingsplans::112233445566:savingsplan/723bc961-d15a-46f2-a6e3-7599c5de85b4,0.015027,0.015027,0.015027,,
19f6412160b04e03ab20be3e90ef23a4,2026-03-20T04:00:00Z/2026-03-20T05:00:00Z,112233445566,2026-03-01T00:00:00Z,2026-04-01T00:00:00Z,AWS,112233445566,SavingsPlanCoveredUsage,2026-03-20T04:00:00Z,2026-03-20T05:00:00Z,AmazonEC2,USEA-BoxUsage:t3.small,RunInstances,us-east-1b,i-024a8f9db6db74b75,1.0,1.0,1.0,0.0208,0.0208,0.014517,0.014517,Hrs,0.0208,0.0208,Amazon Elastic Compute Cloud,t3.small,2,2 GiB,Linux,us-east-1,AmazonEC2,platform,staging,CC100,,,,,,,,arn:aws:savingsplans::112233445566:savingsplan/723bc961-d15a-46f2-a6e3-7599c5de85b4,0.014517,0.014517,0.014517,,
108c5a1a67ec4c94906c0e45090a1ba4,2026-03-20T14:00:00Z/2026-03-20T15:00:00Z,112233445566,2026-03-01T00:00:00Z,2026-04-01T00:00:00Z,AWS,112233445566,SavingsPlanCoveredUsage,2026-03-20T14:00:00Z,2026-03-20T15:00:00Z,AmazonEC2,USEA-BoxUsage:t3.small,RunInstances,us-east-1b,i-024a8f9db6db74b75,1.0,1.0,1.0,0.0208,0.0208,0.014213,0.014213,Hrs,0.0208,0.0208,Amazon Elastic Compute Cloud,t3.small,2,2 GiB,Linux,us-east-1,AmazonEC2,platform,staging,CC100,,,,,,,,arn:aws:savingsplans::112233445566:savingsplan/723bc961-d15a-46f2-a6e3-7599c5de85b4,0.014213,0.014213,0.014213,,
bc63de59d84f44fbaabf4b4a499bb7fb,2026-03-21T00:00:00Z/2026-03-21T01:00:00Z,112233445566,2026-03-01T00:00:00Z,2026-04-01T00:00:00Z,AWS,112233445566,SavingsPlanCoveredUsage,2026-03-21T00:00:00Z,2026-03-21T01:00:00Z,AmazonEC2,USEA-BoxUsage:t3.small,RunInstances,us-east-1b,i-024a8f9db6db74b75,1.0,1.0,1.0,0.0208,0.0208,0.013552,0.013552,Hrs,0.0208,0.0208,Amazon Elastic Compute Cloud,t3.small,2,2 GiB,Linux,us-east-1,AmazonEC2,platform,staging,CC100,,,,,,,,arn:aws:savingsplans::112233445566:savingsplan/723bc961-d15a-46f2-a6e3-7599c5de85b4,0.013552,0.013552,0.013552,,
1329a221382743a697d86509c28637b1,2026-03-21T10:00:00Z/2026-03-21T11:00:00Z,112233445566,2026-03-01T00:00:00Z,2026-04-01T00:00:00Z,AWS,112233445566,SavingsPlanCoveredUsage,2026-03-21T10:00:00Z,2026-03-21T11:00:00Z,AmazonEC2,USEA-BoxUsage:t3.small,RunInstances,us-east-1b,i-024a8f9db6db74b75,1.0,1.0,1.0,0.0208,0.0208,0.015521,0.015521,Hrs,0.0208,0.0208,Amazon Elastic Compute Cloud,t3.small,2,2 GiB,Linux,us-east-1,AmazonEC2,platform,staging,CC100,,,,,,,,arn:aws:savingsplans::112233445566:savingsplan/723bc961-d15a-46f2-a6e3-7599c5de85b4,0.015521,0.015521,0.015521,,
206e16a7bc7a49dab40c0c12a00c9daa,2026-03-21T20:00:00Z/2026-03-21T21:00:00Z,112233445566,2026-03-01T00:00:00Z,2026-04-01T00:00:00Z,AWS,112233445566,SavingsPlanCoveredUsage,2026-03-21T20:00:00Z,2026-03-21T21:00:00Z,AmazonEC2,USEA-BoxUsage:t3.small,RunInstances,us-east-1b,i-024a8f9db6db74b75,1.0,1.0,1.0,0.0208,0.0208,0.015599,0.015599,Hrs,0.0208,0.0208,Amazon Elastic Compute Cloud,t3.small,2,2 GiB,Linux,us-east-1,AmazonEC2,platform,staging,CC100,,,,,,,,arn:aws:savingsplans::112233445566:savingsplan/723bc961-d15a-46f2-a6e3-7599c5de85b4,0.015599,0.015599,0.015599,,
aa3c2359f59f4ca0b5db9969ca519fe3,2026-03-22T06:00:00Z/2026-03-22T07:00:00Z,112233445566,2026-03-01T00:00:00Z,2026-04-01T00:00:00Z,AWS,112233445566,SavingsPlanCoveredUsage,2026-03-22T06:00:00Z,2026-03-22T07:00:00Z,AmazonEC2,USEA-BoxUsage:t3.small,RunInstances,us-east-1b,i-024a8f9db6db74b75,1.0,1.0,1.0,0.0208,0.0208,0.014025,0.014025,Hrs,0.0208,0.0208,Amazon Elastic Compute Cloud,t3.small,2,2 GiB,Linux,us-east-1,AmazonEC2,platform,staging,CC100,,,,,,,,arn:aws:savingsplans::112233445566:savingsplan/723bc961-d15a-46f2-a6e3-7599c5de85b4,0.014025,0.014025,0.014025,,
c17dcf235bb342aea74ca65e1a620e34,2026-03-22T16:00:00Z/2026-03-22T17:00:00Z,112233445566,2026-03-01T00:00:00Z,2026-04-01T00:00:00Z,AWS,112233445566,SavingsPlanCoveredUsage,2026-03-22T16:00:00Z,2026-03-22T17:00:00Z,AmazonEC2,USEA-BoxUsage:t3.small,RunInstances,us-east-1b,i-024a8f9db6db74b75,1.0,1.0,1.0,0.0208,0.0208,0.013945,0.013945,Hrs,0.0208,0.0208,Amazon Elastic Compute Cloud,t3.small,2,2 GiB,Linux,us-east-1,AmazonEC2,platform,staging,CC100,,,,,,,,arn:aws:savingsplans::112233445566:savingsplan/723bc961-d15a-46f2-a6e3-7599c5de85b4,0.013945,0.013945,0.013945,,
b6cde18f8cb94d139b58a9c8eee1fd7d,2026-03-23T02:00:00Z/2026-03-23T03:00:00Z,112233445566,2026-03-01T00:00:00Z,2026-04-01T00:00:00Z,AWS,112233445566,SavingsPlanCoveredUsage,2026-03-23T02:00:00Z,2026-03-23T03:00:00Z,AmazonEC2,USEA-BoxUsage:t3.small,RunInstances,us-east-1b,i-024a8f9db6db74b75,1.0,1.0,1.0,0.0208,0.0208,0.014668,0.014668,Hrs,0.0208,0.0208,Amazon Elastic Compute Cloud,t3.small,2,2 GiB,Linux,us-east-1,AmazonEC2,platform,staging,CC100,,,,,,,,arn:aws:savingsplans::112233445566:savingsplan/723bc961-d15a-46f2-a6e3-7599c5de85b4,0.014668,0.014668,0.014668,,
286fded0a6544c44875bdb9ec22c30b9,2026-03-23T12:00:00Z/2026-03-23T13:00:00Z,112233445566,2026-03-01T00:00:00Z,2026-04-01T00:00:00Z,AWS,112233445566,SavingsPlanCoveredUsage,2026-03-23T12:00:00Z,2026-03-23T13:00:00Z,AmazonEC2,USEA-BoxUsage:t3.small,RunInstances,us-east-1b,i-024a8f9db6db74b75,1.0,1.0,1.0,0.0208,0.0208,0.014312,0.014312,Hrs,0.0208,0.0208,Amazon Elastic Compute Cloud,t3.small,2,2 GiB,Linux,us-east-1,AmazonEC2,platform,staging,CC100,,,,,,,,arn:aws:savingsplans::112233445566:savingsplan/723bc961-d15a-46f2-a6e3-7599c5de85b4,0.014312,0.014312,0.014312,,
ede7febf169841be88b98e415e7a776d,2026-03-23T22:00:00Z/2026-03-23T23:00:00Z,112233445566,2026-03-01T00:00:00Z,2026-04-01T00:00:00Z,AWS,112233445566,SavingsPlanCoveredUsage,2026-03-23T22:00:00Z,2026-03-23T23:00:00Z,AmazonEC2,USEA-BoxUsage:t3.small,RunInstances,us-east-1b,i-024a8f9db6db74b75,1.0,1.0,1.0,0.0208,0.0208,0.014267,0.014267,Hrs,0.0208,0.0208,Amazon Elastic Compute Cloud,t3.small,2,2 GiB,Linux,us-east-1,AmazonEC2,platform,staging,CC100,,,,,,,,arn:aws:savingsplans::112233445566:savingsplan/723bc961-d15a-46f2-a6e3-7599c5de85b4,0.014267,0.014267,0.014267,,
770b850084924d4c9098082ad3ae2898,2026-03-24T08:00:00Z/2026-03-24T09:00:00Z,112233445566,2026-03-01T00:00:00Z,2026-04-01T00:00:00Z,AWS,112233445566,SavingsPlanCoveredUsage,2026-03-24T08:00:00Z,2026-03-24T09:00:00Z,AmazonEC2,USEA-BoxUsage:t3.small,RunInstances,us-east-1b,i-024a8f9db6db74b75,1.0,1.0,1.0,0.0208,0.0208,0.014587,0.014587,Hrs,0.0208,0.0208,Amazon Elastic Compute Cloud,t3.small,2,2 GiB,Linux,us-east-1,AmazonEC2,platform,staging,CC100,,,,,,,,arn:aws:savingsplans::112233445566:savingsplan/723bc961-d15a-46f2-a6e3-7599c5de85b4,0.014587,0.014587,0.014587,,
8ce8f3aefacd49029c3760f02a7fb06d,2026-03-24T18:00:00Z/2026-03-24T19:00:00Z,112233445566,2026-03-01T00:00:00Z,2026-04-01T00:00:00Z,AWS,112233445566,SavingsPlanCoveredUsage,2026-03-24T18:00:00Z,2026-03-24T19:00:00Z,AmazonEC2,USEA-BoxUsage:t3.small,RunInstances,us-east-1b,i-024a8f9db6db74b75,1.0,1.0,1.0,0.0208,0.0208,0.013725,0.013725,Hrs,0.0208,0.0208,Amazon Elastic Compute Cloud,t3.small,2,2 GiB,Linux,us-east-1,AmazonEC2,platform,staging,CC100,,,,,,,,arn:aws:savingsplans::112233445566:savingsplan/723bc961-d15a-46f2-a6e3-7599c5de85b4,0.013725,0.013725,0.013725,,
2fec69280ca04ee8be30f5c00d6d74b6,2026-03-25T04:00:00Z/2026-03-25T05:00:00Z,112233445566,2026-03-01T00:00:00Z,2026-04-01T00:00:00Z,AWS,112233445566,SavingsPlanCoveredUsage,2026-03-25T04:00:00Z,2026-03-25T05:00:00Z,AmazonEC2,USEA-BoxUsage:t3.small,RunInstances,us-east-1b,i-024a8f9db6db74b75,1.0,1.0,1.0,0.0208,0.0208,0.014497,0.014497,Hrs,0.0208,0.0208,Amazon Elastic Compute Cloud,t3.small,2,2 GiB,Linux,us-east-1,AmazonEC2,platform,staging,CC100,,,,,,,,arn:aws:savingsplans::112233445566:savingsplan/723bc961-d15a-46f2-a6e3-7599c5de85b4,0.014497,0.014497,0.014497,,
3f4a77eb5241492b91e6c4c1dac493d2,2026-03-25T14:00:00Z/2026-03-25T15:00:00Z,112233445566,2026-03-01T00:00:00Z,2026-04-01T00:00:00Z,AWS,112233445566,SavingsPlanCoveredUsage,2026-03-25T14:00:00Z,2026-03-25T15:00:00Z,AmazonEC2,USEA-BoxUsage:t3.small,RunInstances,us-east-1b,i-024a8f9db6db74b75,1.0,1.0,1.0,0.0208,0.0208,0.015422,0.015422,Hrs,0.0208,0.0208,Amazon Elastic Compute Cloud,t3.small,2,2 GiB,Linux,us-east-1,AmazonEC2,platform,staging,CC100,,,,,,,,arn:aws:savingsplans::112233445566:savingsplan/723bc961-d15a-46f2-a6e3-7599c5de85b4,0.015422,0.015422,0.015422,,
ae5e1e2ef22f4c66b1c826286fd0e2c9,2026-03-26T00:00:00Z/2026-03-26T01:00:00Z,112233445566,2026-03-01T00:00:00Z,2026-04-01T00:00:00Z,AWS,112233445566,SavingsPlanCoveredUsage,2026-03-26T00:00:00Z,2026-03-26T01:00:00Z,AmazonEC2,USEA-BoxUsage:t3.small,RunInstances,us-east-1b,i-024a8f9db6db74b75,1.0,1.0,1.0,0.0208,0.0208,0.014381,0.014381,Hrs,0.0208,0.0208,Amazon Elastic Compute Cloud,t3.small,2,2 GiB,Linux,us-east-1,AmazonEC2,platform,staging,CC100,,,,,,,,arn:aws:savingsplans::112233445566:savingsplan/723bc961-d15a-46f2-a6e3-7599c5de85b4,0.014381,0.014381,0.014381,,
57bc232fb9b046638c9081b68bb7954f,2026-03-26T10:00:00Z/2026-03-26T11:00:00Z,112233445566,2026-03-01T00:00:00Z,2026-04-01T00:00:00Z,AWS,112233445566,SavingsPlanCoveredUsage,2026-03-26T10:00:00Z,2026-03-26T11:00:00Z,AmazonEC2,USEA-BoxUsage:t3.small,RunInstances,us-east-1b,i-024a8f9db6db74b75,1.0,1.0,1.0,0.0208,0.0208,0.01398,0.01398,Hrs,0.0208,0.0208,Amazon Elastic Compute Cloud,t3.small,2,2 GiB,Linux,us-east-1,AmazonEC2,platform,staging,CC100,,,,,,,,arn:aws:savingsplans::112233445566:savingsplan/723bc961-d15a-46f2-a6e3-7599c5de85b4,0.01398,0.01398,0.01398,,
8e5219d9893b40409e4523e090f7f144,2026-03-26T20:00:00Z/2026-03-26T21:00:00Z,112233445566,2026-03-01T00:00:00Z,2026-04-01T00:00:00Z,AWS,112233445566,SavingsPlanCoveredUsage,2026-03-26T20:00:00Z,2026-03-26T21:00:00Z,AmazonEC2,USEA-BoxUsage:t3.small,RunInstances,us-east-1b,i-024a8f9db6db74b75,1.0,1.0,1.0,0.0208,0.0208,0.014062,0.014062,Hrs,0.0208,0.0208,Amazon Elastic Compute Cloud,t3.small,2,2 GiB,Linux,us-east-1,AmazonEC2,platform,staging,CC100,,,,,,,,arn:aws:savingsplans::112233445566:savingsplan/723bc961-d15a-46f2-a6e3-7599c5de85b4,0.014062,0.014062,0.014062,,
48002c9d2ffe499bb1ef2aeba9059c29,2026-03-27T06:00:00Z/2026-03-27T07:00:00Z,112233445566,2026-03-01T00:00:00Z,2026-04-01T00:00:00Z,AWS,112233445566,SavingsPlanCoveredUsage,2026-03-27T06:00:00Z,2026-03-27T07:00:00Z,AmazonEC2,USEA-BoxUsage:t3.small,RunInstances,us-east-1b,i-024a8f9db6db74b75,1.0,1.0,1.0,0.0208,0.0208,0.014725,0.014725,Hrs,0.0208,0.0208,Amazon Elastic Compute Cloud,t3.small,2,2 GiB,Linux,us-east-1,AmazonEC2,platform,staging,CC100,,,,,,,,arn:aws:savingsplans::112233445566:savingsplan/723bc961-d15a-46f2-a6e3-7599c5de85b4,0.014725,0.014725,0.014725,,
06bd63d61978453a80a8e66be7ffcc3a,2026-03-27T16:00:00Z/2026-03-27T17:00:00Z,112233445566,2026-03-01T00:00:00Z,2026-04-01T00:00:00Z,AWS,112233445566,SavingsPlanCoveredUsage,2026-03-27T16:00:00Z,2026-03-27T17:00:00Z,AmazonEC2,USEA-BoxUsage:t3.small,RunInstances,us-east-1b,i-024a8f9db6db74b75,1.0,1.0,1.0,0.0208,0.0208,0.013837,0.013837,Hrs,0.0208,0.0208,Amazon Elastic Compute Cloud,t3.small,2,2 GiB,Linux,us-east-1,AmazonEC2,platform,staging,CC100,,,,,,,,arn:aws:savingsplans::112233445566:savingsplan/723bc961-d15a-46f2-a6e3-7599c5de85b4,0.013837,0.013837,0.013837,,
ee0714ebaffc43edb87ab3f9f037f7ca,2026-03-28T02:00:00Z/2026-03-28T03:00:00Z,112233445566,2026-03-01T00:00:00Z,2026-04-01T00:00:00Z,AWS,112233445566,SavingsPlanCoveredUsage,2026-03-28T02:00:00Z,2026-03-28T03:00:00Z,AmazonEC2,USEA-BoxUsage:t3.small,RunInstances,us-east-1b,i-024a8f9db6db74b75,1.0,1.0,1.0,0.0208,0.0208,0.01431,0.01431,Hrs,0.0208,0.0208,Amazon Elastic Compute Cloud,t3.small,2,2 GiB,Linux,us-east-1,AmazonEC2,platform,staging,CC100,,,,,,,,arn:aws:savingsplans::112233445566:savingsplan/723bc961-d15a-46f2-a6e3-7599c5de85b4,0.01431,0.01431,0.01431,,
dbbe1e0b3dc745e38135bec3e485dafd,2026-03-28T12:00:00Z/2026-03-28T13:00:00Z,112233445566,2026-03-01T00:00:00Z,2026-04-01T00:00:00Z,AWS,112233445566,SavingsPlanCoveredUsage,2026-03-28T12:00:00Z,2026-03-28T13:00:00Z,AmazonEC2,USEA-BoxUsage:t3.small,RunInstances,us-east-1b,i-024a8f9db6db74b75,1.0,1.0,1.0,0.0208,0.0208,0.014559,0.014559,Hrs,0.0208,0.0208,Amazon Elastic Compute Cloud,t3.small,2,2 GiB,Linux,us-east-1,AmazonEC2,platform,staging,CC100,,,,,,,,arn:aws:savingsplans::112233445566:savingsplan/723bc961-d15a-46f2-a6e3-7599c5de85b4,0.014559,0.014559,0.014559,,
13d36132a2614d62a0cacb7e46ba60e9,2026-03-28T22:00:00Z/2026-03-28T23:00:00Z,112233445566,2026-03-01T00:00:00Z,2026-04-01T00:00:00Z,AWS,112233445566,SavingsPlanCoveredUsage,2026-03-28T22:00:00Z,2026-03-28T23:00:00Z,AmazonEC2,USEA-BoxUsage:t3.small,RunInstances,us-east-1b,i-024a8f9db6db74b75,1.0,1.0,1.0,0.0208,0.0208,0.014944,0.014944,Hrs,0.0208,0.0208,Amazon Elastic Compute Cloud,t3.small,2,2 GiB,Linux,us-east-1,AmazonEC2,platform,staging,CC100,,,,,,,,arn:aws:savingsplans::112233445566:savingsplan/723bc961-d15a-46f2-a6e3-7599c5de85b4,0.014944,0.014944,0.014944,,
fb274c27028e4de58c09c299ea5c2fa6,2026-03-29T08:00:00Z/2026-03-29T09:00:00Z,112233445566,2026-03-01T00:00:00Z,2026-04-01T00:00:00Z,AWS,112233445566,SavingsPlanCoveredUsage,2026-03-29T08:00:00Z,2026-03-29T09:00:00Z,AmazonEC2,USEA-BoxUsage:t3.small,RunInstances,us-east-1b,i-024a8f9db6db74b75,1.0,1.0,1.0,0.0208,0.0208,0.015229,0.015229,Hrs,0.0208,0.0208,Amazon Elastic Compute Cloud,t3.small,2,2 GiB,Linux,us-east-1,AmazonEC2,platform,staging,CC100,,,,,,,,arn:aws:savingsplans::112233445566:savingsplan/723bc961-d15a-46f2-a6e3-7599c5de85b4,0.015229,0.015229,0.015229,,
71719b09388a4a6f9f16fead6ff505f5,2026-03-29T18:00:00Z/2026-03-29T19:00:00Z,112233445566,2026-03-01T00:00:00Z,2026-04-01T00:00:00Z,AWS,112233445566,SavingsPlanCoveredUsage,2026-03-29T18:00:00Z,2026-03-29T19:00:00Z,AmazonEC2,USEA-BoxUsage:t3.small,RunInstances,us-east-1b,i-024a8f9db6db74b75,1.0,1.0,1.0,0.0208,0.0208,0.014855,0.014855,Hrs,0.0208,0.0208,Amazon Elastic Compute Cloud,t3.small,2,2 GiB,Linux,us-east-1,AmazonEC2,platform,staging,CC100,,,,,,,,arn:aws:savingsplans::112233445566:savingsplan/723bc961-d15a-46f2-a6e3-7599c5de85b4,0.014855,0.014855,0.014855,,
1cf257010ab0456b8d24fa69f512706d,2026-03-30T04:00:00Z/2026-03-30T05:00:00Z,112233445566,2026-03-01T00:00:00Z,2026-04-01T00:00:00Z,AWS,112233445566,SavingsPlanCoveredUsage,2026-03-30T04:00:00Z,2026-03-30T05:00:00Z,AmazonEC2,USEA-BoxUsage:t3.small,RunInstances,us-east-1b,i-024a8f9db6db74b75,1.0,1.0,1.0,0.0208,0.0208,0.01387,0.01387,Hrs,0.0208,0.0208,Amazon Elastic Compute Cloud,t3.small,2,2 GiB,Linux,us-east-1,AmazonEC2,platform,staging,CC100,,,,,,,,arn:aws:savingsplans::112233445566:savingsplan/723bc961-d15a-46f2-a6e3-7599c5de85b4,0.01387,0.01387,0.01387,,
64b79cb5799746cdb8fc28910913e89e,2026-03-30T14:00:00Z/2026-03-30T15:00:00Z,112233445566,2026-03-01T00:00:00Z,2026-04-01T00:00:00Z,AWS,112233445566,SavingsPlanCoveredUsage,2026-03-30T14:00:00Z,2026-03-30T15:00:00Z,AmazonEC2,USEA-BoxUsage:t3.small,RunInstances,us-east-1b,i-024a8f9db6db74b75,1.0,1.0,1.0,0.0208,0.0208,0.013872,0.013872,Hrs,0.0208,0.0208,Amazon Elastic Compute Cloud,t3.small,2,2 GiB,Linux,us-east-1,AmazonEC2,platform,staging,CC100,,,,,,,,arn:aws:savingsplans::112233445566:savingsplan/723bc961-d15a-46f2-a6e3-7599c5de85b4,0.013872,0.013872,0.013872,,
48d3d02ef6684751af10aa0c4fa749bf,2026-03-01T00:00:00Z/2026-03-01T01:00:00Z,112233445566,2026-03-01T00:00:00Z,2026-04-01T00:00:00Z,AWS,334455667788,Usage,2026-03-01T00:00:00Z,2026-03-01T01:00:00Z,AmazonEC2,USEA-BoxUsage:t3.micro,RunInstances,us-east-1b,i-0bc64e240d7d9454f,1.0,0.5,0.5,0.0104,0.0104,0.010388,0.010834,Hrs,0.0104,0.0104,Amazon Elastic Compute Cloud,t3.micro,2,1 GiB,Linux,us-east-1,AmazonEC2,,,,,,,,,,,,,,,,
ba7b1694b61741f2b8cea40bb7084b88,2026-03-01T10:00:00Z/2026-03-01T11:00:00Z,112233445566,2026-03-01T00:00:00Z,2026-04-01T00:00:00Z,AWS,334455667788,Usage,2026-03-01T10:00:00Z,2026-03-01T11:00:00Z,AmazonEC2,USEA-BoxUsage:t3.micro,RunInstances,us-east-1b,i-0bc64e240d7d9454f,1.0,0.5,0.5,0.0104,0.0104,0.010547,0.009941,Hrs,0.0104,0.0104,Amazon Elastic Compute Cloud,t3.micro,2,1 GiB,Linux,us-east-1,AmazonEC2,,,,,,,,,,,,,,,,
e9258f2c6fa04159ae6b09b5b17d7621,2026-03-01T20:00:00Z/2026-03-01T21:00:00Z,112233445566,2026-03-01T00:00:00Z,2026-04-01T00:00:00Z,AWS,334455667788,Usage,2026-03-01T20:00:00Z,2026-03-01T21:00:00Z,AmazonEC2,USEA-BoxUsage:t3.micro,RunInstances,us-east-1b,i-0bc64e240d7d9454f,1.0,0.5,0.5,0.0104,0.0104,0.010761,0.010863,Hrs,0.0104,0.0104,Amazon Elastic Compute Cloud,t3.micro,2,1 GiB,Linux,us-east-1,AmazonEC2,,,,,,,,,,,,,,,,
a7c72a49c6f24b208b09bee607c97563,2026-03-02T06:00:00Z/2026-03-02T07:00:00Z,112233445566,2026-03-01T00:00:00Z,2026-04-01T00:00:00Z,AWS,334455667788,Usage,2026-03-02T06:00:00Z,2026-03-02T07:00:00Z,AmazonEC2,USEA-BoxUsage:t3.micro,RunInstances,us-east-1b,i-0bc64e240d7d9454f,1.0,0.5,0.5,0.0104,0.0104,0.010675,0.010309,Hrs,0.0104,0.0104,Amazon Elastic Compute Cloud,t3.micro,2,1 GiB,Linux,us-east-1,AmazonEC2,,,,,,,,,,,,,,,,
b51509508aa64f3088d33c5761b81292,2026-03-02T16:00:00Z/2026-03-02T17:00:00Z,112233445566,2026-03-01T00:00:00Z,2026-04-01T00:00:00Z,AWS,334455667788,Usage,2026-03-02T16:00:00Z,2026-03-02T17:00:00Z,AmazonEC2,USEA-BoxUsage:t3.micro,RunInstances,us-east-1b,i-0bc64e240d7d9454f,1.0,0.5,0.5,0.0104,0.0104,0.010121,0.010615,Hrs,0.0104,0.0104,Amazon Elastic Compute Cloud,t3.micro,2,1 GiB,Linux,us-east-1,AmazonEC2,,,,,,,,,,,,,,,,
5bf3850f086f445a86c61d9f5da4b5a2,2026-03-03T12:00:00Z/2026-03-03T13:00:00Z,112233445566,2026-03-01T00:00:00Z,2026-04-01T00:00:00Z,AWS,334455667788,Usage,2026-03-03T12:00:00Z,2026-03-03T13:00:00Z,AmazonEC2,USEA-BoxUsage:t3.micro,RunInstances,us-east-1b,i-0bc64e240d7d9454f,1.0,0.5,0.5,0.0104,0.0104,0.010268,0.010523,Hrs,0.0104,0.0104,Amazon Elastic Compute Cloud,t3.micro,2,1 GiB,Linux,us-east-1,AmazonEC2,,,,,,,,,,,,,,,,
114eaab5a1d04453b33be2195de40e63,2026-03-03T22:00:00Z/2026-03-03T23:00:00Z,112233445566,2026-03-01T00:00:00Z,2026-04-01T00:00:00Z,AWS,334455667788,Usage,2026-03-03T22:00:00Z,2026-03-03T23:00:00Z,AmazonEC2,USEA-BoxUsage:t3.micro,RunInstances,us-east-1b,i-0bc64e240d7d9454f,1.0,0.5,0.5,0.0104,0.0104,0.010521,0.010383,Hrs,0.0104,0.0104,Amazon Elastic Compute Cloud,t3.micro,2,1 GiB,Linux,us-east-1,AmazonEC2,,,,,,,,,,,,,,,,
aea2be844db14ca59c11c69b1d521b30,2026-03-04T08:00:00Z/2026-03-04T09:00:00Z,112233445566,2026-03-01T00:00:00Z,2026-04-01T00:00:00Z,AWS,334455667788,Usage,2026-03-04T08:00:00Z,2026-03-04T09:00:00Z,AmazonEC2,USEA-BoxUsage:t3.micro,RunInstances,us-east-1b,i-0bc64e240d7d9454f,1.0,0.5,0.5,0.0104,0.0104,0.009887,0.010454,Hrs,0.0104,0.0104,Amazon Elastic Compute Cloud,t3.micro,2,1 GiB,Linux,us-east-1,AmazonEC2,,,,,,,,,,,,,,,,
54f9a0405e604aa69af9fce5f38f7b97,2026-03-05T04:00:00Z/2026-03-05T05:00:00Z,112233445566,2026-03-01T00:00:00Z,2026-04-01T00:00:00Z,AWS,334455667788,Usage,2026-03-05T04:00:00Z,2026-03-05T05:00:00Z,AmazonEC2,USEA-BoxUsage:t3.micro,RunInstances,us-east-1b,i-0bc64e240d7d9454f,1.0,0.5,0.5,0.0104,0.0104,0.010166,0.010897,Hrs,0.0104,0.0104,Amazon Elastic Compute Cloud,t3.micro,2,1 GiB,Linux,us-east-1,AmazonEC2,,,,,,,,,,,,,,,,
0dd5a4f01190480b98d1af9bd199c636,2026-03-06T00:00:00Z/2026-03-06T01:00:00Z,112233445566,2026-03-01T00:00:00Z,2026-04-01T00:00:00Z,AWS,334455667788,Usage,2026-03-06T00:00:00Z,2026-03-06T01:00:00Z,AmazonEC2,USEA-BoxUsage:t3.micro,RunInstances,us-east-1b,i-0bc64e240d7d9454f,1.0,0.5,0.5,0.0104,0.0104,0.010581,0.010718,Hrs,0.0104,0.0104,Amazon Elastic Compute Cloud,t3.micro,2,1 GiB,Linux,us-east-1,AmazonEC2,,,,,,,,,,,,,,,,
52b4fe93132148d3b95ead509d3c5adc,2026-03-06T10:00:00Z/2026-03-06T11:00:00Z,112233445566,2026-03-01T00:00:00Z,2026-04-01T00:00:00Z,AWS,334455667788,Usage,2026-03-06T10:00:00Z,2026-03-06T11:00:00Z,AmazonEC2,USEA-BoxUsage:t3.micro,RunInstances,us-east-1b,i-0bc64e240d7d9454f,1.0,0.5,0.5,0.0104,0.0104,0.009991,0.00998,Hrs,0.0104,0.0104,Amazon Elastic Compute Cloud,t3.micro,2,1 GiB,Linux,us-east-1,AmazonEC2,,,,,,,,,,,,,,,,
8a3efc246cbf4ac394df7cf197a13c11,2026-03-06T20:00:00Z/2026-03-06T21:00:00Z,112233445566,2026-03-01T00:00:00Z,2026-04-01T00:00:00Z,AWS,334455667788,Usage,2026-03-06T20:00:00Z,2026-03-06T21:00:00Z,AmazonEC2,USEA-BoxUsage:t3.micro,RunInstances,us-east-1b,i-0bc64e240d7d9454f,1.0,0.5,0.5,0.0104,0.0104,0.01008,0.010428,Hrs,0.0104,0.0104,Amazon Elastic Compute Cloud,t3.micro,2,1 GiB,Linux,us-east-1,AmazonEC2,,,,,,,,,,,,,,,,
bbb6c00d7e3141a491893751d3d40a00,2026-03-07T06:00:00Z/2026-03-07T07:00:00Z,112233445566,2026-03-01T00:00:00Z,2026-04-01T00:00:00Z,AWS,334455667788,Usage,2026-03-07T06:00:00Z,2026-03-07T07:00:00Z,AmazonEC2,USEA-BoxUsage:t3.micro,RunInstances,us-east-1b,i-0bc64e240d7d9454f,1.0,0.5,0.5,0.0104,0.0104,0.010158,0.010293,Hrs,0.0104,0.0104,Amazon Elastic Compute Cloud,t3.micro,2,1 GiB,Linux,us-east-1,AmazonEC2,,,,,,,,,,,,,,,,
43965485f8a240a9a547a6c226e76cfc,2026-03-07T16:00:00Z/2026-03-07T17:00:00Z,112233445566,2026-03-01T00:00:00Z,2026-04-01T00:00:00Z,AWS,334455667788,Usage,2026-03-07T16:00:00Z,2026-03-07T17:00:00Z,AmazonEC2,USEA-BoxUsage:t3.micro,RunInstances,us-east-1b,i-0bc64e240d7d9454f,1.0,0.5,0.5,0.0104,0.0104,0.010302,0.010468,Hrs,0.0104,0.0104,Amazon Elastic Compute Cloud,t3.micro,2,1 GiB,Linux,us-east-1,AmazonEC2,,,,,,,,,,,,,,,,
1294ad953ab248cc8974f5a45764fcd7,2026-03-08T02:00:00Z/2026-03-08T03:00:00Z,112233445566,2026-03-01T00:00:00Z,2026-04-01T00:00:00Z,AWS,334455667788,Usage,2026-03-08T02:00:00Z,2026-03-08T03:00:00Z,AmazonEC2,USEA-BoxUsage:t3.micro,RunInstances,us-east-1b,i-0bc64e240d7d9454f,1.0,0.5,0.5,0.0104,0.0104,0.010115,0.010591,Hrs,0.0104,0.0104,Amazon Elastic Compute Cloud,t3.micro,2,1 GiB,Linux,us-east-1,AmazonEC2,,,,,,,,,,,,,,,,
21726f2233834541ad9e421514abf141,2026-03-08T12:00:00Z/2026-03-08T13:00:00Z,112233445566,2026-03-01T00:00:00Z,2026-04-01T00:00:00Z,AWS,334455667788,Usage,2026-03-08T12:00:00Z,2026-03-08T13:00:00Z,AmazonEC2,USEA-BoxUsage:t3.micro,RunInstances,us-east-1b,i-0bc64e240d7d9454f,1.0,0.5,0.5,0.0104,0.0104,0.01056,0.010773,Hrs,0.0104,0.0104,Amazon Elastic Compute Cloud,t3.micro,2,1 GiB,Linux,us-east-1,AmazonEC2,,,,,,,,,,,,,,,,
ae22b9bf8c684c8689f8700ab321f811,2026-03-08T22:00:00Z/2026-03-08T23:00:00Z,112233445566,2026-03-01T00:00:00Z,2026-04-01T00:00:00Z,AWS,334455667788,Usage,2026-03-08T22:00:00Z,2026-03-08T23:00:00Z,AmazonEC2,USEA-BoxUsage:t3.micro,RunInstances,us-east-1b,i-0bc64e240d7d9454f,1.0,0.5,0.5,0.0104,0.0104,0.009977,0.010274,Hrs,0.0104,0.0104,Amazon Elastic Compute Cloud,t3.micro,2,1 GiB,Linux,us-east-1,AmazonEC2,,,,,,,,,,,,,,,,
09fee1f3884d437abee057fe0cee9d8e,2026-03-09T08:00:00Z/2026-03-09T09:00:00Z,112233445566,2026-03-01T00:00:00Z,2026-04-01T00:00:00Z,AWS,334455667788,Usage,2026-03-09T08:00:00Z,2026-03-09T09:00:00Z,AmazonEC2,USEA-BoxUsage:t3.micro,RunInstances,us-east-1b,i-0bc64e240d7d9454f,1.0,0.5,0.5,0.0104,0.0104,0.009938,0.00989,Hrs,0.0104,0.0104,Amazon Elastic Compute Cloud,t3.micro,2,1 GiB,Linux,us-east-1,AmazonEC2,,,,,,,,,,,,,,,,
71e281c1cd8c42dfbd0a354f652cb4fb,2026-03-09T18:00:00Z/2026-03-09T19:00:00Z,112233445566,2026-03-01T00:00:00Z,2026-04-01T00:00:00Z,AWS,334455667788,Usage,2026-03-09T18:00:00Z,2026-03-09T19:00:00Z,AmazonEC2,USEA-BoxUsage:t3.micro,RunInstances,us-east-1b,i-0bc64e240d7d9454f,1.0,0.5,0.5,0.0104,0.0104,0.0104,0.010331,Hrs,0.0104,0.0104,Amazon Elastic Compute Cloud,t3.micro,2,1 GiB,Linux,us-east-1,AmazonEC2,,,,,,,,,,,,,,,,
a0f77565c9c045118a197eb0afa21bda,2026-03-10T04:00:00Z/2026-03-10T05:00:00Z,112233445566,2026-03-01T00:00:00Z,2026-04-01T00:00:00Z,AWS,334455667788,Usage,2026-03-10T04:00:00Z,2026-03-10T05:00:00Z,AmazonEC2,USEA-BoxUsage:t3.micro,RunInstances,us-east-1b,i-0bc64e240d7d9454f,1.0,0.5,0.5,0.0104,0.0104,0.010468,0.010772,Hrs,0.0104,0.0104,Amazon Elastic Compute Cloud,t3.micro,2,1 GiB,Linux,us-east-1,AmazonEC2,,,,,,,,,,,,,,,,
a1f3a0b5e9014b6694b1eee8e4608bc2,2026-03-10T14:00:00Z/2026-03-10T15:00:00Z,112233445566,2026-03-01T00:00:00Z,2026-04-01T00:00:00Z,AWS,334455667788,Usage,2026-03-10T14:00:00Z,2026-03-10T15:00:00Z,AmazonEC2,USEA-BoxUsage:t3.micro,RunInstances,us-east-1b,i-0bc64e240d7d9454f,1.0,0.5,0.5,0.0104,0.0104,0.010429,0.009924,Hrs,0.0104,0.0104,Amazon Elastic Compute Cloud,t3.micro,2,1 GiB,Linux,us-east-1,AmazonEC2,,,,,,,,,,,,,,,,
bb92828de50541c0b39fb8abe03a3231,2026-03-11T00:00:00Z/2026-03-11T01:00:00Z,112233445566,2026-03-01T00:00:00Z,2026-04-01T00:00:00Z,AWS,334455667788,Usage,2026-03-11T00:00:00Z,2026-03-11T01:00:00Z,AmazonEC2,USEA-BoxUsage:t3.micro,RunInstances,us-east-1b,i-0bc64e240d7d9454f,1.0,0.5,0.5,0.0104,0.0104,0.010783,0.010803,Hrs,0.0104,0.0104,Amazon Elastic Compute Cloud,t3.micro,2,1 GiB,Linux,us-east-1,AmazonEC2,,,,,,,,,,,,,,,,
43915e51a41d4772b2b13be25577888a,2026-03-11T10:00:00Z/2026-03-11T11:00:00Z,112233445566,2026-03-01T00:00:00Z,2026-04-01T00:00:00Z,AWS,334455667788,Usage,2026-03-11T10:00:00Z,2026-03-11T11:00:00Z,AmazonEC2,USEA-BoxUsage:t3.micro,RunInstances,us-east-1b,i-0bc64e240d7d9454f,1.0,0.5,0.5,0.0104,0.0104,0.009928,0.009957,Hrs,0.0104,0.0104,Amazon Elastic Compute Cloud,t3.micro,2,1 GiB,Linux,us-east-1,AmazonEC2,,,,,,,,,,,,,,,,
2d01c1caee09421d9e66b8db52203d97,2026-03-11T20:00:00Z/2026-03-11T21:00:00Z,112233445566,2026-03-01T00:00:00Z,2026-04-01T00:00:00Z,AWS,334455667788,Usage,2026-03-11T20:00:00Z,2026-03-11T21:00:00Z,AmazonEC2,USEA-BoxUsage:t3.micro,RunInstances,us-east-1b,i-0bc64e240d7d9454f,1.0,0.5,0.5,0.0104,0.0104,0.010815,0.010466,Hrs,0.0104,0.0104,Amazon Elastic Compute Cloud,t3.micro,2,1 GiB,Linux,us-east-1,AmazonEC2,,,,,,,,,,,,,,,,
5b02a998d9614618a2e6c4536efa91f9,2026-03-12T06:00:00Z/2026-03-12T07:00:00Z,112233445566,2026-03-01T00:00:00Z,2026-04-01T00:00:00Z,AWS,334455667788,Usage,2026-03-12T06:00:00Z,2026-03-12T07:00:00Z,AmazonEC2,USEA-BoxUsage:t3.micro,RunInstances,us-east-1b,i-0bc64e240d7d9454f,1.0,0.5,0.5,0.0104,0.0104,0.010846,0.010207,Hrs,0.0104,0.0104,Amazon Elastic Compute Cloud,t3.micro,2,1 GiB,Linux,us-east-1,AmazonEC2,,,,,,,,,,,,,,,,
f24e4ffaf5de45f3809329b8f8dcbb61,2026-03-12T16:00:00Z/2026-03-12T17:00:00Z,112233445566,2026-03-01T00:00:00Z,2026-04-01T00:00:00Z,AWS,334455667788,Usage,2026-03-12T16:00:00Z,2026-03-12T17:00:00Z,AmazonEC2,USEA-BoxUsage:t3.micro,RunInstances,us-east-1b,i-0bc64e240d7d9454f,1.0,0.5,0.5,0.0104,0.0104,0.010491,0.010662,Hrs,0.0104,0.0104,Amazon Elastic Compute Cloud,t3.micro,2,1 GiB,Linux,us-east-1,AmazonEC2,,,,,,,,,,,,,,,,
b2edbb523e2d4c0ca637f4e8992d5973,2026-03-13T02:00:00Z/2026-03-13T03:00:00Z,112233445566,2026-03-01T00:00:00Z,2026-04-01T00:00:00Z,AWS,334455667788,Usage,2026-03-13T02:00:00Z,2026-03-13T03:00:00Z,AmazonEC2,USEA-BoxUsage:t3.micro,RunInstances,us-east-1b,i-0bc64e240d7d9454f,1.0,0.5,0.5,0.0104,0.0104,0.010294,0.00996,Hrs,0.0104,0.0104,Amazon Elastic Compute Cloud,t3.micro,2,1 GiB,Linux,us-east-1,AmazonEC2,,,,,,,,,,,,,,,,
cc701cd783a24ec8ae6b85de546453d8,2026-03-13T12:00:00Z/2026-03-13T13:00:00Z,112233445566,2026-03-01T00:00:00Z,2026-04-01T00:00:00Z,AWS,334455667788,Usage,2026-03-13T12:00:00Z,2026-03-13T13:00:00Z,AmazonEC2,USEA-BoxUsage:t3.micro,RunInstances,us-east-1b,i-0bc64e240d7d9454f,1.0,0.5,0.5,0.0104,0.0104,0.01013,0.010748,Hrs,0.0104,0.0104,Amazon Elastic Compute Cloud,t3.micro,2,1 GiB,Linux,us-east-1,AmazonEC2,,,,,,,,,,,,,,,,
f230947056814f60bbdff42cf9bbfd0a,2026-03-13T22:00:00Z/2026-03-13T23:00:00Z,112233445566,2026-03-01T00:00:00Z,2026-04-01T00:00:00Z,AWS,334455667788,Usage,2026-03-13T22:00:00Z,2026-03-13T23:00:00Z,AmazonEC2,USEA-BoxUsage:t3.micro,RunInstances,us-east-1b,i-0bc64e240d7d9454f,1.0,0.5,0.5,0.0104,0.0104,0.010812,0.010225,Hrs,0.0104,0.0104,Amazon Elastic Compute Cloud,t3.micro,2,1 GiB,Linux,us-east-1,AmazonEC2,,,,,,,,,,,,,,,,
b2fefcb3357641f592f8b23d89141ba3,2026-03-14T08:00:00Z/2026-03-14T09:00:00Z,112233445566,2026-03-01T00:00:00Z,2026-04-01T00:00:00Z,AWS,334455667788,Usage,2026-03-14T08:00:00Z,2026-03-14T09:00:00Z,AmazonEC2,USEA-BoxUsage:t3.micro,RunInstances,us-east-1b,i-0bc64e240d7d9454f,1.0,0.5,0.5,0.0104,0.0104,0.010026,0.010908,Hrs,0.0104,0.0104,Amazon Elastic Compute Cloud,t3.micro,2,1 GiB,Linux,us-east-1,AmazonEC2,,,,,,,,,,,,,,,,
f641a024da14427face9d186cf09e575,2026-03-14T18:00:00Z/2026-03-14T19:00:00Z,112233445566,2026-03-01T00:00:00Z,2026-04-01T00:00:00Z,AWS,334455667788,Usage,2026-03-14T18:00:00Z,2026-03-14T19:00:00Z,AmazonEC2,USEA-BoxUsage:t3.micro,RunInstances,us-east-1b,i-0bc64e240d7d9454f,1.0,0.5,0.5,0.0104,0.0104,0.010401,0.010893,Hrs,0.0104,0.0104,Amazon Elastic Compute Cloud,t3.micro,2,1 GiB,Linux,us-east-1,AmazonEC2,,,,,,,,,,,,,,,,
fd3a01e284be4c8f913e96bd5be4d703,2026-03-15T04:00:00Z/2026-03-15T05:00:00Z,112233445566,2026-03-01T00:00:00Z,2026-04-01T00:00:00Z,AWS,334455667788,Usage,2026-03-15T04:00:00Z,2026-03-15T05:00:00Z,AmazonEC2,USEA-BoxUsage:t3.micro,RunInstances,us-east-1b,i-0bc64e240d7d9454f,1.0,0.5,0.5,0.0104,0.0104,0.010335,0.010752,Hrs,0.0104,0.0104,Amazon Elastic Compute Cloud,t3.micro,2,1 GiB,Linux,us-east-1,AmazonEC2,,,,,,,,,,,,,,,,
3760b590ec724e959760997ff37152f0,2026-03-15T14:00:00Z/2026-03-15T15:00:00Z,112233445566,2026-03-01T00:00:00Z,2026-04-01T00:00:00Z,AWS,334455667788,Usage,2026-03-15T14:00:00Z,2026-03-15T15:00:00Z,AmazonEC2,USEA-BoxUsage:t3.micro,RunInstances,us-east-1b,i-0bc64e240d7d9454f,1.0,0.5,0.5,0.0104,0.0104,0.01068,0.010873,Hrs,0.0104,0.0104,Amazon Elastic Compute Cloud,t3.micro,2,1 GiB,Linux,us-east-1,AmazonEC2,,,,,,,,,,,,,,,,
f0d2959a540a4022adfaedd28d301f56,2026-03-16T00:00:00Z/2026-03-16T01:00:00Z,112233445566,2026-03-01T00:00:00Z,2026-04-01T00:00:00Z,AWS,334455667788,Usage,2026-03-16T00:00:00Z,2026-03-16T01:00:00Z,AmazonEC2,USEA-BoxUsage:t3.micro,RunInstances,us-east-1b,i-0bc64e240d7d9454f,1.0,0.5,0.5,0.0104,0.0104,0.010684,0.009911,Hrs,0.0104,0.0104,Amazon Elastic Compute Cloud,t3.micro,2,1 GiB,Linux,us-east-1,AmazonEC2,,,,,,,,,,,,,,,,
cff398053a37492ea586f2dc42c2aa80,2026-03-16T10:00:00Z/2026-03-16T11:00:00Z,112233445566,2026-03-01T00:00:00Z,2026-04-01T00:00:00Z,AWS,334455667788,Usage,2026-03-16T10:00:00Z,2026-03-16T11:00:00Z,AmazonEC2,USEA-BoxUsage:t3.micro,RunInstances,us-east-1b,i-0bc64e240d7d9454f,1.0,0.5,0.5,0.0104,0.0104,0.010912,0.01039,Hrs,0.0104,0.0104,Amazon Elastic Compute Cloud,t3.micro,2,1 GiB,Linux,us-east-1,AmazonEC2,,,,,,,,,,,,,,,,
52f6fe89af574f1fb1958b837e33fccb,2026-03-16T20:00:00Z/2026-03-16T21:00:00Z,112233445566,2026-03-01T00:00:00Z,2026-04-01T00:00:00Z,AWS,334455667788,Usage,2026-03-16T20:00:00Z,2026-03-16T21:00:00Z,AmazonEC2,USEA-BoxUsage:t3.micro,RunInstances,us-east-1b,i-0bc64e240d7d9454f,1.0,0.5,0.5,0.0104,0.0104,0.010859,0.010329,Hrs,0.0104,0.0104,Amazon Elastic Compute Cloud,t3.micro,2,1 GiB,Linux,us-east-1,AmazonEC2,,,,,,,,,,,,,,,,
60b66ac1d6364eec81230fecba736b0a,2026-03-17T06:00:00Z/2026-03-17T07:00:00Z,112233445566,2026-03-01T00:00:00Z,2026-04-01T00:00:00Z,AWS,334455667788,Usage,2026-03-17T06:00:00Z,2026-03-17T07:00:00Z,AmazonEC2,USEA-BoxUsage:t3.micro,RunInstances,us-east-1b,i-0bc64e240d7d9454f,1.0,0.5,0.5,0.0104,0.0104,0.010567,0.009969,Hrs,0.0104,0.0104,Amazon Elastic Compute Cloud,t3.micro,2,1 GiB,Linux,us-east-1,AmazonEC2,,,,,,,,,,,,,,,,
fcc7a6f49d8346e6a4fcf8bcce5b4d4c,2026-03-17T16:00:00Z/2026-03-17T17:00:00Z,112233445566,2026-03-01T00:00:00Z,2026-04-01T00:00:00Z,AWS,334455667788,Usage,2026-03-17T16:00:00Z,2026-03-17T17:00:00Z,AmazonEC2,USEA-BoxUsage:t3.micro,RunInstances,us-east-1b,i-0bc64e240d7d9454f,1.0,0.5,0.5,0.0104,0.0104,0.01071,0.010622,Hrs,0.0104,0.0104,Amazon Elastic Compute Cloud,t3.micro,2,1 GiB,Linux,us-east-1,AmazonEC2,,,,,,,,,,,,,,,,
a7629f271b8945fe93d3de459c7c02fa,2026-03-18T02:00:00Z/2026-03-18T03:00:00Z,112233445566,2026-03-01T00:00:00Z,2026-04-01T00:00:00Z,AWS,334455667788,Usage,2026-03-18T02:00:00Z,2026-03-18T03:00:00Z,AmazonEC2,USEA-BoxUsage:t3.micro,RunInstances,us-east-1b,i-0bc64e240d7d9454f,1.0,0.5,0.5,0.0104,0.0104,0.01004,0.01062,Hrs,0.0104,0.0104,Amazon Elastic Compute Cloud,t3.micro,2,1 GiB,Linux,us-east-1,AmazonEC2,,,,,,,,,,,,,,,,
2458305200144d2da1ed7be28b1d977a,2026-03-18T12:00:00Z/2026-03-18T13:00:00Z,112233445566,2026-03-01T00:00:00Z,2026-04-01T00:00:00Z,AWS,334455667788,Usage,2026-03-18T12:00:00Z,2026-03-18T13:00:00Z,AmazonEC2,USEA-BoxUsage:t3.micro,RunInstances,us-east-1b,i-0bc64e240d7d9454f,1.0,0.5,0.5,0.0104,0.0104,0.010649,0.010209,Hrs,0.0104,0.0104,Amazon Elastic Compute Cloud,t3.micro,2,1 GiB,Linux,us-east-1,AmazonEC2,,,,,,,,,,,,,,,,
3fc6c3e0a4104283a5a7b206669ef8e0,2026-03-18T22:00:00Z/2026-03-18T23:00:00Z,112233445566,2026-03-01T00:00:00Z,2026-04-01T00:00:00Z,AWS,334455667788,Usage,2026-03-18T22:00:00Z,2026-03-18T23:00:00Z,AmazonEC2,USEA-BoxUsage:t3.micro,RunInstances,us-east-1b,i-0bc64e240d7d9454f,1.0,0.5,0.5,0.0104,0.0104,0.009885,0.010201,Hrs,0.0104,0.0104,Amazon Elastic Compute Cloud,t3.micro,2,1 GiB,Linux,us-east-1,AmazonEC2,,,,,,,,,,,,,,,,
a41718b4ec894ffb9751364152577be3,2026-03-19T08:00:00Z/2026-03-19T09:00:00Z,112233445566,2026-03-01T00:00:00Z,2026-04-01T00:00:00Z,AWS,334455667788,Usage,2026-03-19T08:00:00Z,2026-03-19T09:00:00Z,AmazonEC2,USEA-BoxUsage:t3.micro,RunInstances,us-east-1b,i-0bc64e240d7d9454f,1.0,0.5,0.5,0.0104,0.0104,0.010161,0.010018,Hrs,0.0104,0.0104,Amazon Elastic Compute Cloud,t3.micro,2,1 GiB,Linux,us-east-1,AmazonEC2,,,,,,,,,,,,,,,,
815b9b5f02d24d3193521e0f612615f1,2026-03-19T18:00:00Z/2026-03-19T19:00:00Z,112233445566,2026-03-01T00:00:00Z,2026-04-01T00:00:00Z,AWS,334455667788,Usage,2026-03-19T18:00:00Z,2026-03-19T19:00:00Z,AmazonEC2,USEA-BoxUsage:t3.micro,RunInstances,us-east-1b,i-0bc64e240d7d9454f,1.0,0.5,0.5,0.0104,0.0104,0.010347,0.010457,Hrs,0.0104,0.0104,Amazon Elastic Compute Cloud,t3.micro,2,1 GiB,Linux,us-east-1,AmazonEC2,,,,,,,,,,,,,,,,
ef292a4c266442a98384d2444e11afb3,2026-03-20T04:00:00Z/2026-03-20T05:00:00Z,112233445566,2026-03-01T00:00:00Z,2026-04-01T00:00:00Z,AWS,334455667788,Usage,2026-03-20T04:00:00Z,2026-03-20T05:00:00Z,AmazonEC2,USEA-BoxUsage:t3.micro,RunInstances,us-east-1b,i-0bc64e240d7d9454f,1.0,0.5,0.5,0.0104,0.0104,0.009907,0.010248,Hrs,0.0104,0.0104,Amazon Elastic Compute Cloud,t3.micro,2,1 GiB,Linux,us-east-1,AmazonEC2,,,,,,,,,,,,,,,,
98da24c96bf14245bc3d4bb3fde9cebd,2026-03-20T14:00:00Z/2026-03-20T15:00:00Z,112233445566,2026-03-01T00:00:00Z,2026-04-01T00:00:00Z,AWS,334455667788,Usage,2026-03-20T14:00:00Z,2026-03-20T15:00:00Z,AmazonEC2,USEA-BoxUsage:t3.micro,RunInstances,us-east-1b,i-0bc64e240d7d9454f,1.0,0.5,0.5,0.0104,0.0104,0.010502,0.010217,Hrs,0.0104,0.0104,Amazon Elastic Compute Cloud,t3.micro,2,1 GiB,Linux,us-east-1,AmazonEC2,,,,,,,,,,,,,,,,
9922fa6eab2f4e6a9ebf67118de044d2,2026-03-21T00:00:00Z/2026-03-21T01:00:00Z,112233445566,2026-03-01T00:00:00Z,2026-04-01T00:00:00Z,AWS,334455667788,Usage,2026-03-21T00:00:00Z,2026-03-21T01:00:00Z,AmazonEC2,USEA-BoxUsage:t3.micro,RunInstances,us-east-1b,i-0bc64e240d7d9454f,1.0,0.5,0.5,0.0104,0.0104,0.010184,0.010283,Hrs,0.0104,0.0104,Amazon Elastic Compute Cloud,t3.micro,2,1 GiB,Linux,us-east-1,AmazonEC2,,,,,,,,,,,,,,,,
b1d91ac235f84e0da1c5bed243fb6c1e,2026-03-21T10:00:00Z/2026-03-21T11:00:00Z,112233445566,2026-03-01T00:00:00Z,2026-04-01T00:00:00Z,AWS,334455667788,Usage,2026-03-21T10:00:00Z,2026-03-21T11:00:00Z,AmazonEC2,USEA-BoxUsage:t3.micro,RunInstances,us-east-1b,i-0bc64e240d7d9454f,1.0,0.5,0.5,0.0104,0.0104,0.010817,0.010821,Hrs,0.0104,0.0104,Amazon Elastic Compute Cloud,t3.micro,2,1 GiB,Linux,us-east-1,AmazonEC2,,,,,,,,,,,,,,,,
9588016aac3b4a20baecdbc885bed167,2026-03-21T20:00:00Z/2026-03-21T21:00:00Z,112233445566,2026-03-01T00:00:00Z,2026-04-01T00:00:00Z,AWS,334455667788,Usage,2026-03-21T20:00:00Z,2026-03-21T21:00:00Z,AmazonEC2,USEA-BoxUsage:t3.micro,RunInstances,us-east-1b,i-0bc64e240d7d9454f,1.0,0.5,0.5,0.0104,0.0104,0.010475,0.010056,Hrs,0.0104,0.0104,Amazon Elastic Compute Cloud,t3.micro,2,1 GiB,Linux,us-east-1,AmazonEC2,,,,,,,,,,,,,,,,
834822faeb65432d8a7169da675624c6,2026-03-22T06:00:00Z/2026-03-22T07:00:00Z,112233445566,2026-03-01T00:00:00Z,2026-04-01T00:00:00Z,AWS,334455667788,Usage,2026-03-22T06:00:00Z,2026-03-22T07:00:00Z,AmazonEC2,USEA-BoxUsage:t3.micro,RunInstances,us-east-1b,i-0bc64e240d7d9454f,1.0,0.5,0.5,0.0104,0.0104,0.010024,0.010193,Hrs,0.0104,0.0104,Amazon Elastic Compute Cloud,t3.micro,2,1 GiB,Linux,us-east-1,AmazonEC2,,,,,,,,,,,,,,,,
d3b214ea2d304e87aa190920038d50b5,2026-03-22T16:00:00Z/2026-03-22T17:00:00Z,112233445566,2026-03-01T00:00:00Z,2026-04-01T00:00:00Z,AWS,334455667788,Usage,2026-03-22T16:00:00Z,2026-03-22T17:00:00Z,AmazonEC2,USEA-BoxUsage:t3.micro,RunInstances,us-east-1b,i-0bc64e240d7d9454f,1.0,0.5,0.5,0.0104,0.0104,0.009946,0.010332,Hrs,0.0104,0.0104,Amazon Elastic Compute Cloud,t3.micro,2,1 GiB,Linux,us-east-1,AmazonEC2,,,,,,,,,,,,,,,,
b12a2f4f27e042928a3144e678fd7d72,2026-03-23T02:00:00Z/2026-03-23T03:00:00Z,112233445566,2026-03-01T00:00:00Z,2026-04-01T00:00:00Z,AWS,334455667788,Usage,2026-03-23T02:00:00Z,2026-03-23T03:00:00Z,AmazonEC2,USEA-BoxUsage:t3.micro,RunInstances,us-east-1b,i-0bc64e240d7d9454f,1.0,0.5,0.5,0.0104,0.0104,0.010384,0.00996,Hrs,0.0104,0.0104,Amazon Elastic Compute Cloud,t3.micro,2,1 GiB,Linux,us-east-1,AmazonEC2,,,,,,,,,,,,,,,,
861e682b2a7e4495bc119bd8e85b6b6f,2026-03-23T12:00:00Z/2026-03-23T13:00:00Z,112233445566,2026-03-01T00:00:00Z,2026-04-01T00:00:00Z,AWS,334455667788,Usage,2026-03-23T12:00:00Z,2026-03-23T13:00:00Z,AmazonEC2,USEA-BoxUsage:t3.micro,RunInstances,us-east-1b,i-0bc64e240d7d9454f,1.0,0.5,0.5,0.0104,0.0104,0.010136,0.01053,Hrs,0.0104,0.0104,Amazon Elastic Compute Cloud,t3.micro,2,1 GiB,Linux,us-east-1,AmazonEC2,,,,,,,,,,,,,,,,
3a1ed70f0d974cf5a93cb70c44ea5075,2026-03-23T22:00:00Z/2026-03-23T23:00:00Z,112233445566,2026-03-01T00:00:00Z,2026-04-01T00:00:00Z,AWS,334455667788,Usage,2026-03-23T22:00:00Z,2026-03-23T23:00:00Z,AmazonEC2,USEA-BoxUsage:t3.micro,RunInstances,us-east-1b,i-0bc64e240d7d9454f,1.0,0.5,0.5,0.0104,0.0104,0.010083,0.009991,Hrs,0.0104,0.0104,Amazon Elastic Compute Cloud,t3.micro,2,1 GiB,Linux,us-east-1,AmazonEC2,,,,,,,,,,,,,,,,
034f2d698d7f47d39f3244670cfa1b7d,2026-03-24T08:00:00Z/2026-03-24T09:00:00Z,112233445566,2026-03-01T00:00:00Z,2026-04-01T00:00:00Z,AWS,334455667788,Usage,2026-03-24T08:00:00Z,2026-03-24T09:00:00Z,AmazonEC2,USEA-BoxUsage:t3.micro,RunInstances,us-east-1b,i-0bc64e240d7d9454f,1.0,0.5,0.5,0.0104,0.0104,0.010867,0.010226,Hrs,0.0104,0.0104,Amazon Elastic Compute Cloud,t3.micro,2,1 GiB,Linux,us-east-1,AmazonEC2,,,,,,,,,,,,,,,,
25eb9beb877c411e9fcc4086f8c69616,2026-03-24T18:00:00Z/2026-03-24T19:00:00Z,112233445566,2026-03-01T00:00:00Z,2026-04-01T00:00:00Z,AWS,334455667788,Usage,2026-03-24T18:00:00Z,2026-03-24T19:00:00Z,AmazonEC2,USEA-BoxUsage:t3.micro,RunInstances,us-east-1b,i-0bc64e240d7d9454f,1.0,0.5,0.5,0.0104,0.0104,0.010716,0.010223,Hrs,0.0104,0.0104,Amazon Elastic Compute Cloud,t3.micro,2,1 GiB,Linux,us-east-1,AmazonEC2,,,,,,,,,,,,,,,,
3eac19b8f6ce4484a4f1888e58b06e45,2026-03-25T04:00:00Z/2026-03-25T05:00:00Z,112233445566,2026-03-01T00:00:00Z,2026-04-01T00:00:00Z,AWS,334455667788,Usage,2026-03-25T04:00:00Z,2026-03-25T05:00:00Z,AmazonEC2,USEA-BoxUsage:t3.micro,RunInstances,us-east-1b,i-0bc64e240d7d9454f,1.0,0.5,0.5,0.0104,0.0104,0.010728,0.010774,Hrs,0.0104,0.0104,Amazon Elastic Compute Cloud,t3.micro,2,1 GiB,Linux,us-east-1,AmazonEC2,,,,,,,,,,,,,,,,
e8b1f80eb9c84453aba9195fae45f0c0,2026-03-25T14:00:00Z/2026-03-25T15:00:00Z,112233445566,2026-03-01T00:00:00Z,2026-04-01T00:00:00Z,AWS,334455667788,Usage,2026-03-25T14:00:00Z,2026-03-25T15:00:00Z,AmazonEC2,USEA-BoxUsage:t3.micro,RunInstances,us-east-1b,i-0bc64e240d7d9454f,1.0,0.5,0.5,0.0104,0.0104,0.010022,0.010213,Hrs,0.0104,0.0104,Amazon Elastic Compute Cloud,t3.micro,2,1 GiB,Linux,us-east-1,AmazonEC2,,,,,,,,,,,,,,,,
349d28318fcc4490b1a386fc1488a9c7,2026-03-26T00:00:00Z/2026-03-26T01:00:00Z,112233445566,2026-03-01T00:00:00Z,2026-04-01T00:00:00Z,AWS,334455667788,Usage,2026-03-26T00:00:00Z,2026-03-26T01:00:00Z,AmazonEC2,USEA-BoxUsage:t3.micro,RunInstances,us-east-1b,i-0bc64e240d7d9454f,1.0,0.5,0.5,0.0104,0.0104,0.010089,0.010207,Hrs,0.0104,0.0104,Amazon Elastic Compute Cloud,t3.micro,2,1 GiB,Linux,us-east-1,AmazonEC2,,,,,,,,,,,,,,,,
b2f624af314a4f1c86507decdc3071ed,2026-03-26T10:00:00Z/2026-03-26T11:00:00Z,112233445566,2026-03-01T00:00:00Z,2026-04-01T00:00:00Z,AWS,334455667788,Usage,2026-03-26T10:00:00Z,2026-03-26T11:00:00Z,AmazonEC2,USEA-BoxUsage:t3.micro,RunInstances,us-east-1b,i-0bc64e240d7d9454f,1.0,0.5,0.5,0.0104,0.0104,0.010887,0.010183,Hrs,0.0104,0.0104,Amazon Elastic Compute Cloud,t3.micro,2,1 GiB,Linux,us-east-1,AmazonEC2,,,,,,,,,,,,,,,,
4945aca3901c442d9d3e61b157dbcbac,2026-03-26T20:00:00Z/2026-03-26T21:00:00Z,112233445566,2026-03-01T00:00:00Z,2026-04-01T00:00:00Z,AWS,334455667788,Usage,2026-03-26T20:00:00Z,2026-03-26T21:00:00Z,AmazonEC2,USEA-BoxUsage:t3.micro,RunInstances,us-east-1b,i-0bc64e240d7d9454f,1.0,0.5,0.5,0.0104,0.0104,0.010391,0.010479,Hrs,0.0104,0.0104,Amazon Elastic Compute Cloud,t3.micro,2,1 GiB,Linux,us-east-1,AmazonEC2,,,,,,,,,,,,,,,,
3382bab457e441ebacce375d781dcded,2026-03-27T06:00:00Z/2026-03-27T07:00:00Z,112233445566,2026-03-01T00:00:00Z,2026-04-01T00:00:00Z,AWS,334455667788,Usage,2026-03-27T06:00:00Z,2026-03-27T07:00:00Z,AmazonEC2,USEA-BoxUsage:t3.micro,RunInstances,us-east-1b,i-0bc64e240d7d9454f,1.0,0.5,0.5,0.0104,0.0104,0.010271,0.010729,Hrs,0.0104,0.0104,Amazon Elastic Compute Cloud,t3.micro,2,1 GiB,Linux,us-east-1,AmazonEC2,,,,,,,,,,,,,,,,
ff12fcc7a77d457b98021d6bd6b76a8d,2026-03-27T16:00:00Z/2026-03-27T17:00:00Z,112233445566,2026-03-01T00:00:00Z,2026-04-01T00:00:00Z,AWS,334455667788,Usage,2026-03-27T16:00:00Z,2026-03-27T17:00:00Z,AmazonEC2,USEA-BoxUsage:t3.micro,RunInstances,us-east-1b,i-0bc64e240d7d9454f,1.0,0.5,0.5,0.0104,0.0104,0.009998,0.010466,Hrs,0.0104,0.0104,Amazon Elastic Compute Cloud,t3.micro,2,1 GiB,Linux,us-east-1,AmazonEC2,,,,,,,,,,,,,,,,
dac1aa1708d3487b9b286ce3e14a1f8d,2026-03-28T02:00:00Z/2026-03-28T03:00:00Z,112233445566,2026-03-01T00:00:00Z,2026-04-01T00:00:00Z,AWS,334455667788,Usage,2026-03-28T02:00:00Z,2026-03-28T03:00:00Z,AmazonEC2,USEA-BoxUsage:t3.micro,RunInstances,us-east-1b,i-0bc64e240d7d9454f,1.0,0.5,0.5,0.0104,0.0104,0.010447,0.010589,Hrs,0.0104,0.0104,Amazon Elastic Compute Cloud,t3.micro,2,1 GiB,Linux,us-east-1,AmazonEC2,,,,,,,,,,,,,,,,
e4753f040a2244a08aa62d1cb0811ade,2026-03-28T12:00:00Z/2026-03-28T13:00:00Z,112233445566,2026-03-01T00:00:00Z,2026-04-01T00:00:00Z,AWS,334455667788,Usage,2026-03-28T12:00:00Z,2026-03-28T13:00:00Z,AmazonEC2,USEA-BoxUsage:t3.micro,RunInstances,us-east-1b,i-0bc64e240d7d9454f,1.0,0.5,0.5,0.0104,0.0104,0.010871,0.01036,Hrs,0.0104,0.0104,Amazon Elastic Compute Cloud,t3.micro,2,1 GiB,Linux,us-east-1,AmazonEC2,,,,,,,,,,,,,,,,
fe7671faab604a948ab9d1bc5b1396f7,2026-03-28T22:00:00Z/2026-03-28T23:00:00Z,112233445566,2026-03-01T00:00:00Z,2026-04-01T00:00:00Z,AWS,334455667788,Usage,2026-03-28T22:00:00Z,2026-03-28T23:00:00Z,AmazonEC2,USEA-BoxUsage:t3.micro,RunInstances,us-east-1b,i-0bc64e240d7d9454f,1.0,0.5,0.5,0.0104,0.0104,0.010336,0.010183,Hrs,0.0104,0.0104,Amazon Elastic Compute Cloud,t3.micro,2,1 GiB,Linux,us-east-1,AmazonEC2,,,,,,,,,,,,,,,,
5635712103f7408582ef82a7dc39a496,2026-03-29T08:00:00Z/2026-03-29T09:00:00Z,112233445566,2026-03-01T00:00:00Z,2026-04-01T00:00:00Z,AWS,334455667788,Usage,2026-03-29T08:00:00Z,2026-03-29T09:00:00Z,AmazonEC2,USEA-BoxUsage:t3.micro,RunInstances,us-east-1b,i-0bc64e240d7d9454f,1.0,0.5,0.5,0.0104,0.0104,0.010732,0.010707,Hrs,0.0104,0.0104,Amazon Elastic Compute Cloud,t3.micro,2,1 GiB,Linux,us-east-1,AmazonEC2,,,,,,,,,,,,,,,,
d1e1393fafdd40e2a967170088772905,2026-03-29T18:00:00Z/2026-03-29T19:00:00Z,112233445566,2026-03-01T00:00:00Z,2026-04-01T00:00:00Z,AWS,334455667788,Usage,2026-03-29T18:00:00Z,2026-03-29T19:00:00Z,AmazonEC2,USEA-BoxUsage:t3.micro,RunInstances,us-east-1b,i-0bc64e240d7d9454f,1.0,0.5,0.5,0.0104,0.0104,0.010399,0.010539,Hrs,0.0104,0.0104,Amazon Elastic Compute Cloud,t3.micro,2,1 GiB,Linux,us-east-1,AmazonEC2,,,,,,,,,,,,,,,,
0619ea13670a4609bb26af09db43d109,2026-03-30T04:00:00Z/2026-03-30T05:00:00Z,112233445566,2026-03-01T00:00:00Z,2026-04-01T00:00:00Z,AWS,334455667788,Usage,2026-03-30T04:00:00Z,2026-03-30T05:00:00Z,AmazonEC2,USEA-BoxUsage:t3.micro,RunInstances,us-east-1b,i-0bc64e240d7d9454f,1.0,0.5,0.5,0.0104,0.0104,0.010565,0.010624,Hrs,0.0104,0.0104,Amazon Elastic Compute Cloud,t3.micro,2,1 GiB,Linux,us-east-1,AmazonEC2,,,,,,,,,,,,,,,,
776d8122e9464a61a819cd4ee7caf11d,2026-03-30T14:00:00Z/2026-03-30T15:00:00Z,112233445566,2026-03-01T00:00:00Z,2026-04-01T00:00:00Z,AWS,334455667788,Usage,2026-03-30T14:00:00Z,2026-03-30T15:00:00Z,AmazonEC2,USEA-BoxUsage:t3.micro,RunInstances,us-east-1b,i-0bc64e240d7d9454f,1.0,0.5,0.5,0.0104,0.0104,0.009957,0.01091,Hrs,0.0104,0.0104,Amazon Elastic Compute Cloud,t3.micro,2,1 GiB,Linux,us-east-1,AmazonEC2,,,,,,,,,,,,,,,,
6c6ced3cabad4527bc80234a88eb84e8,2026-03-01T00:00:00Z/2026-03-01T01:00:00Z,112233445566,2026-03-01T00:00:00Z,2026-04-01T00:00:00Z,AWS,223344556677,DiscountedUsage,2026-03-01T00:00:00Z,2026-03-01T01:00:00Z,AmazonEC2,USWE-BoxUsage:m5.2xlarge,RunInstances,us-west-2a,i-0512b083743f7416a,1.0,16.0,16.0,0.0,0.0,0.234286,0.234286,Hrs,0.384,0.384,Amazon Elastic Compute Cloud,m5.2xlarge,8,32 GiB,Linux,us-west-2,AmazonEC2,data-eng,prod,CC200,arn:aws:ec2:us-west-2:223344556677:reserved-instances/134212ed-4f51-492d-8423-fef417006fb8,0.234286,0.199143,0.035143,,,,,,,,,
68086ea2f2fc4bd9b7012fee6932e6a4,2026-03-01T10:00:00Z/2026-03-01T11:00:00Z,112233445566,2026-03-01T00:00:00Z,2026-04-01T00:00:00Z,AWS,223344556677,DiscountedUsage,2026-03-01T10:00:00Z,2026-03-01T11:00:00Z,AmazonEC2,USWE-BoxUsage:m5.2xlarge,RunInstances,us-west-2a,i-0512b083743f7416a,1.0,16.0,16.0,0.0,0.0,0.264215,0.264215,Hrs,0.384,0.384,Amazon Elastic Compute Cloud,m5.2xlarge,8,32 GiB,Linux,us-west-2,AmazonEC2,data-eng,prod,CC200,arn:aws:ec2:us-west-2:223344556677:reserved-instances/134212ed-4f51-492d-8423-fef417006fb8,0.264215,0.224583,0.039632,,,,,,,,,
d494e3b25c7a40688d00b7c97874ec0b,2026-03-01T20:00:00Z/2026-03-01T21:00:00Z,112233445566,2026-03-01T00:00:00Z,2026-04-01T00:00:00Z,AWS,223344556677,DiscountedUsage,2026-03-01T20:00:00Z,2026-03-01T21:00:00Z,AmazonEC2,USWE-BoxUsage:m5.2xlarge,RunInstances,us-west-2a,i-0512b083743f7416a,1.0,16.0,16.0,0.0,0.0,0.242514,0.242514,Hrs,0.384,0.384,Amazon Elastic Compute Cloud,m5.2xlarge,8,32 GiB,Linux,us-west-2,AmazonEC2,data-eng,prod,CC200,arn:aws:ec2:us-west-2:223344556677:reserved-instances/134212ed-4f51-492d-8423-fef417006fb8,0.242514,0.206137,0.036377,,,,,,,,,
655a98950b4345ef9a8c353af7186160,2026-03-02T06:00:00Z/2026-03-02T07:00:00Z,112233445566,2026-03-01T00:00:00Z,2026-04-01T00:00:00Z,AWS,223344556677,DiscountedUsage,2026-03-02T06:00:00Z,2026-03-02T07:00:00Z,AmazonEC2,USWE-BoxUsage:m5.2xlarge,RunInstances,us-west-2a,i-0512b083743f7416a,1.0,16.0,16.0,0.0,0.0,0.231909,0.231909,Hrs,0.384,0.384,Amazon Elastic Compute Cloud,m5.2xlarge,8,32 GiB,Linux,us-west-2,AmazonEC2,data-eng,prod,CC200,arn:aws:ec2:us-west-2:223344556677:reserved-instances/134212ed-4f51-492d-8423-fef417006fb8,0.231909,0.197123,0.034786,,,,,,,,,
b41e8656bf5e4431996c2f924e90926a,2026-03-02T16:00:00Z/2026-03-02T17:00:00Z,112233445566,2026-03-01T00:00:00Z,2026-04-01T00:00:00Z,AWS,223344556677,DiscountedUsage,2026-03-02T16:00:00Z,2026-03-02T17:00:00Z,AmazonEC2,USWE-BoxUsage:m5.2xlarge,RunInstances,us-west-2a,i-0512b083743f7416a,1.0,16.0,16.0,0.0,0.0,0.242126,0.242126,Hrs,0.384,0.384,Amazon Elastic Compute Cloud,m5.2xlarge,8,32 GiB,Linux,us-west-2,AmazonEC2,data-eng,prod,CC200,arn:aws:ec2:us-west-2:223344556677:reserved-instances/134212ed-4f51-492d-8423-fef417006fb8,0.242126,0.205807,0.036319,,,,,,,,,
9dc090c7ddbd43589768a998803eea87,2026-03-03T02:00:00Z/2026-03-03T03:00:00Z,112233445566,2026-03-01T00:00:00Z,2026-04-01T00:00:00Z,AWS,223344556677,DiscountedUsage,2026-03-03T02:00:00Z,2026-03-03T03:00:00Z,AmazonEC2,USWE-BoxUsage:m5.2xlarge,RunInstances,us-west-2a,i-0512b083743f7416a,1.0,16.0,16.0,0.0,0.0,0.216095,0.216095,Hrs,0.384,0.384,Amazon Elastic Compute Cloud,m5.2xlarge,8,32 GiB,Linux,us-west-2,AmazonEC2,data-eng,prod,CC200,arn:aws:ec2:us-west-2:223344556677:reserved-instances/134212ed-4f51-492d-8423-fef417006fb8,0.216095,0.183681,0.032414,,,,,,,,,
6ae53f6b27ea4dae9b9ede946cf8dc43,2026-03-03T12:00:00Z/2026-03-03T13:00:00Z,112233445566,2026-03-01T00:00:00Z,2026-04-01T00:00:00Z,AWS,223344556677,DiscountedUsage,2026-03-03T12:00:00Z,2026-03-03T13:00:00Z,AmazonEC2,USWE-BoxUsage:m5.2xlarge,RunInstances,us-west-2a,i-0512b083743f7416a,1.0,16.0,16.0,0.0,0.0,0.249078,0.249078,Hrs,0.384,0.384,Amazon Elastic Compute Cloud,m5.2xlarge,8,32 GiB,Linux,us-west-2,AmazonEC2,data-eng,prod,CC200,arn:aws:ec2:us-west-2:223344556677:reserved-instances/134212ed-4f51-492d-8423-fef417006fb8,0.249078,0.211716,0.037362,,,,,,,,,
b76f16fad799405ab81a5b7ac8576575,2026-03-03T22:00:00Z/2026-03-03T23:00:00Z,112233445566,2026-03-01T00:00:00Z,2026-04-01T00:00:00Z,AWS,223344556677,DiscountedUsage,2026-03-03T22:00:00Z,2026-03-03T23:00:00Z,AmazonEC2,USWE-BoxUsage:m5.2xlarge,RunInstances,us-west-2a,i-0512b083743f7416a,1.0,16.0,16.0,0.0,0.0,0.248467,0.248467,Hrs,0.384,0.384,Amazon Elastic Compute Cloud,m5.2xlarge,8,32 GiB,Linux,us-west-2,AmazonEC2,data-eng,prod,CC200,arn:aws:ec2:us-west-2:223344556677:reserved-instances/134212ed-4f51-492d-8423-fef417006fb8,0.248467,0.211197,0.03727,,,,,,,,,
d589a25d3df24a74ba9d5f6965b1b278,2026-03-04T08:00:00Z/2026-03-04T09:00:00Z,112233445566,2026-03-01T00:00:00Z,2026-04-01T00:00:00Z,AWS,223344556677,DiscountedUsage,2026-03-04T08:00:00Z,2026-03-04T09:00:00Z,AmazonEC2,USWE-BoxUsage:m5.2xlarge,RunInstances,us-west-2a,i-0512b083743f7416a,1.0,16.0,16.0,0.0,0.0,0.267856,0.267856,Hrs,0.384,0.384,Amazon Elastic Compute Cloud,m5.2xlarge,8,32 GiB,Linux,us-west-2,AmazonEC2,data-eng,prod,CC200,arn:aws:ec2:us-west-2:223344556677:reserved-instances/134212ed-4f51-492d-8423-fef417006fb8,0.267856,0.227678,0.040178,,,,,,,,,
a6ca07c6ef644afeb299502c3fdc5fc9,2026-03-04T18:00:00Z/2026-03-04T19:00:00Z,112233445566,2026-03-01T00:00:00Z,2026-04-01T00:00:00Z,AWS,223344556677,DiscountedUsage,2026-03-04T18:00:00Z,2026-03-04T19:00:00Z,AmazonEC2,USWE-BoxUsage:m5.2xlarge,RunInstances,us-west-2a,i-0512b083743f7416a,1.0,16.0,16.0,0.0,0.0,0.234218,0.234218,Hrs,0.384,0.384,Amazon Elastic Compute Cloud,m5.2xlarge,8,32 GiB,Linux,us-west-2,AmazonEC2,data-eng,prod,CC200,arn:aws:ec2:us-west-2:223344556677:reserved-instances/134212ed-4f51-492d-8423-fef417006fb8,0.234218,0.199085,0.035133,,,,,,,,,
d117ee06e96e4f02aa8dbf87a4a4c459,2026-03-05T04:00:00Z/2026-03-05T05:00:00Z,112233445566,2026-03-01T00:00:00Z,2026-04-01T00:00:00Z,AWS,223344556677,DiscountedUsage,2026-03-05T04:00:00Z,2026-03-05T05:00:00Z,AmazonEC2,USWE-BoxUsage:m5.2xlarge,RunInstances,us-west-2a,i-0512b083743f7416a,1.0,16.0,16.0,0.0,0.0,0.266825,0.266825,Hrs,0.384,0.384,Amazon Elastic Compute Cloud,m5.2xlarge,8,32 GiB,Linux,us-west-2,AmazonEC2,data-eng,prod,CC200,arn:aws:ec2:us-west-2:223344556677:reserved-instances/134212ed-4f51-492d-8423-fef417006fb8,0.266825,0.226801,0.040024,,,,,,,,,
cee016b769b1439096170788f52e1624,2026-03-05T14:00:00Z/2026-03-05T15:00:00Z,112233445566,2026-03-01T00:00:00Z,2026-04-01T00:00:00Z,AWS,223344556677,DiscountedUsage,2026-03-05T14:00:00Z,2026-03-05T15:00:00Z,AmazonEC2,USWE-BoxUsage:m5.2xlarge,RunInstances,us-west-2a,i-0512b083743f7416a,1.0,16.0,16.0,0.0,0.0,0.211808,0.211808,Hrs,0.384,0.384,Amazon Elastic Compute Cloud,m5.2xlarge,8,32 GiB,Linux,us-west-2,AmazonEC2,data-eng,prod,CC200,arn:aws:ec2:us-west-2:223344556677:reserved-instances/134212ed-4f51-492d-8423-fef417006fb8,0.211808,0.180037,0.031771,,,,,,,,,
3a0a9c91eb354fc384e2c6d8b7d5cbc7,2026-03-06T00:00:00Z/2026-03-06T01:00:00Z,112233445566,2026-03-01T00:00:00Z,2026-04-01T00:00:00Z,AWS,223344556677,DiscountedUsage,2026-03-06T00:00:00Z,2026-03-06T01:00:00Z,AmazonEC2,USWE-BoxUsage:m5.2xlarge,RunInstances,us-west-2a,i-0512b083743f7416a,1.0,16.0,16.0,0.0,0.0,0.240615,0.240615,Hrs,0.384,0.384,Amazon Elastic Compute Cloud,m5.2xlarge,8,32 GiB,Linux,us-west-2,AmazonEC2,data-eng,prod,CC200,arn:aws:ec2:us-west-2:223344556677:reserved-instances/134212ed-4f51-492d-8423-fef417006fb8,0.240615,0.204523,0.036092,,,,,,,,,
e817ce79833b44039be076ca16f1e9db,2026-03-06T10:00:00Z/2026-03-06T11:00:00Z,112233445566,2026-03-01T00:00:00Z,2026-04-01T00:00:00Z,AWS,223344556677,DiscountedUsage,2026-03-06T10:00:00Z,2026-03-06T11:00:00Z,AmazonEC2,USWE-BoxUsage:m5.2xlarge,RunInstances,us-west-2a,i-0512b083743f7416a,1.0,16.0,16.0,0.0,0.0,0.244638,0.244638,Hrs,0.384,0.384,Amazon Elastic Compute Cloud,m5.2xlarge,8,32 GiB,Linux,us-west-2,AmazonEC2,data-eng,prod,CC200,arn:aws:ec2:us-west-2:223344556677:reserved-instances/134212ed-4f51-492d-8423-fef417006fb8,0.244638,0.207942,0.036696,,,,,,,,,
1dd9d66260a3491baf797664dc0f6c49,2026-03-06T20:00:00Z/2026-03-06T21:00:00Z,112233445566,2026-03-01T00:00:00Z,2026-04-01T00:00:00Z,AWS,223344556677,DiscountedUsage,2026-03-06T20:00:00Z,2026-03-06T21:00:00Z,AmazonEC2,USWE-BoxUsage:m5.2xlarge,RunInstances,us-west-2a,i-0512b083743f7416a,1.0,16.0,16.0,0.0,0.0,0.236877,0.236877,Hrs,0.384,0.384,Amazon Elastic Compute Cloud,m5.2xlarge,8,32 GiB,Linux,us-west-2,AmazonEC2,data-eng,prod,CC200,arn:aws:ec2:us-west-2:223344556677:reserved-instances/134212ed-4f51-492d-8423-fef417006fb8,0.236877,0.201345,0.035532,,,,,,,,,
b67403c16a784d07a404284b61dd370e,2026-03-07T06:00:00Z/2026-03-07T07:00:00Z,112233445566,2026-03-01T00:00:00Z,2026-04-01T00:00:00Z,AWS,223344556677,DiscountedUsage,2026-03-07T06:00:00Z,2026-03-07T07:00:00Z,AmazonEC2,USWE-BoxUsage:m5.2xlarge,RunInstances,us-west-2a,i-0512b083743f7416a,1.0,16.0,16.0,0.0,0.0,0.255687,0.255687,Hrs,0.384,0.384,Amazon Elastic Compute Cloud,m5.2xlarge,8,32 GiB,Linux,us-west-2,AmazonEC2,data-eng,prod,CC200,arn:aws:ec2:us-west-2:223344556677:reserved-instances/134212ed-4f51-492d-8423-fef417006fb8,0.255687,0.217334,0.038353,,,,,,,,,
6b37162921f04c0982610ae39bad387c,2026-03-07T16:00:00Z/2026-03-07T17:00:00Z,112233445566,2026-03-01T00:00:00Z,2026-04-01T00:00:00Z,AWS,223344556677,DiscountedUsage,2026-03-07T16:00:00Z,2026-03-07T17:00:00Z,AmazonEC2,USWE-BoxUsage:m5.2xlarge,RunInstances,us-west-2a,i-0512b083743f7416a,1.0,16.0,16.0,0.0,0.0,0.240027,0.240027,Hrs,0.384,0.384,Amazon Elastic Compute Cloud,m5.2xlarge,8,32 GiB,Linux,us-west-2,AmazonEC2,data-eng,prod,CC200,arn:aws:ec2:us-west-2:223344556677:reserved-instances/134212ed-4f51-492d-8423-fef417006fb8,0.240027,0.204023,0.036004,,,,,,,,,
759654f3d23246ff9f21aadfcfb43160,2026-03-08T02:00:00Z/2026-03-08T03:00:00Z,112233445566,2026-03-01T00:00:00Z,2026-04-01T00:00:00Z,AWS,223344556677,DiscountedUsage,2026-03-08T02:00:00Z,2026-03-08T03:00:00Z,AmazonEC2,USWE-BoxUsage:m5.2xlarge,RunInstances,us-west-2a,i-0512b083743f7416a,1.0,16.0,16.0,0.0,0.0,0.212615,0.212615,Hrs,0.384,0.384,Amazon Elastic Compute Cloud,m5.2xlarge,8,32 GiB,Linux,us-west-2,AmazonEC2,data-eng,prod,CC200,arn:aws:ec2:us-west-2:223344556677:reserved-instances/134212ed-4f51-492d-8423-fef417006fb8,0.212615,0.180723,0.031892,,,,,,,,,
66a4e87b51584c4e8e2f1fbd6f599827,2026-03-08T12:00:00Z/2026-03-08T13:00:00Z,112233445566,2026-03-01T00:00:00Z,2026-04-01T00:00:00Z,AWS,223344556677,DiscountedUsage,2026-03-08T12:00:00Z,2026-03-08T13:00:00Z,AmazonEC2,USWE-BoxUsage:m5.2xlarge,RunInstances,us-west-2a,i-0512b083743f7416a,1.0,16.0,16.0,0.0,0.0,0.23516,0.23516,Hrs,0.384,0.384,Amazon Elastic Compute Cloud,m5.2xlarge,8,32 GiB,Linux,us-west-2,AmazonEC2,data-eng,prod,CC200,arn:aws:ec2:us-west-2:223344556677:reserved-instances/134212ed-4f51-492d-8423-fef417006fb8,0.23516,0.199886,0.035274,,,,,,,,,
560e51ec084544a095eaaf390bdb0ad1,2026-03-08T22:00:00Z/2026-03-08T23:00:00Z,112233445566,2026-03-01T00:00:00Z,2026-04-01T00:00:00Z,AWS,223344556677,DiscountedUsage,2026-03-08T22:00:00Z,2026-03-08T23:00:00Z,AmazonEC2,USWE-BoxUsage:m5.2xlarge,RunInstances,us-west-2a,i-0512b083743f7416a,1.0,16.0,16.0,0.0,0.0,0.217886,0.217886,Hrs,0.384,0.384,Amazon Elastic Compute Cloud,m5.2xlarge,8,32 GiB,Linux,us-west-2,AmazonEC2,data-eng,prod,CC200,arn:aws:ec2:us-west-2:223344556677:reserved-instances/134212ed-4f51-492d-8423-fef417006fb8,0.217886,0.185203,0.032683,,,,,,,,,
89385342aab34632b7efad2688b06cdb,2026-03-09T08:00:00Z/2026-03-09T09:00:00Z,112233445566,2026-03-01T00:00:00Z,2026-04-01T00:00:00Z,AWS,223344556677,DiscountedUsage,2026-03-09T08:00:00Z,2026-03-09T09:00:00Z,AmazonEC2,USWE-BoxUsage:m5.2xlarge,RunInstances,us-west-2a,i-0512b083743f7416a,1.0,16.0,16.0,0.0,0.0,0.21936,0.21936,Hrs,0.384,0.384,Amazon Elastic Compute Cloud,m5.2xlarge,8,32 GiB,Linux,us-west-2,AmazonEC2,data-eng,prod,CC200,arn:aws:ec2:us-west-2:223344556677:reserved-instances/134212ed-4f51-492d-8423-fef417006fb8,0.21936,0.186456,0.032904,,,,,,,,,
628b87cd83284d919e461c01c10d09c8,2026-03-09T18:00:00Z/2026-03-09T19:00:00Z,112233445566,2026-03-01T00:00:00Z,2026-04-01T00:00:00Z,AWS,223344556677,DiscountedUsage,2026-03-09T18:00:00Z,2026-03-09T19:00:00Z,AmazonEC2,USWE-BoxUsage:m5.2xlarge,RunInstances,us-west-2a,i-0512b083743f7416a,1.0,16.0,16.0,0.0,0.0,0.237427,0.237427,Hrs,0.384,0.384,Amazon Elastic Compute Cloud,m5.2xlarge,8,32 GiB,Linux,us-west-2,AmazonEC2,data-eng,prod,CC200,arn:aws:ec2:us-west-2:223344556677:reserved-instances/134212ed-4f51-492d-8423-fef417006fb8,0.237427,0.201813,0.035614,,,,,,,,,
6f8e89d2a0114278aab3ea4bbc1f245c,2026-03-10T04:00:00Z/2026-03-10T05:00:00Z,112233445566,2026-03-01T00:00:00Z,2026-04-01T00:00:00Z,AWS,223344556677,DiscountedUsage,2026-03-10T04:00:00Z,2026-03-10T05:00:00Z,AmazonEC2,USWE-BoxUsage:m5.2xlarge,RunInstances,us-west-2a,i-0512b083743f7416a,1.0,16.0,16.0,0.0,0.0,0.239017,0.239017,Hrs,0.384,0.384,Amazon Elastic Compute Cloud,m5.2xlarge,8,32 GiB,Linux,us-west-2,AmazonEC2,data-eng,prod,CC200,arn:aws:ec2:us-west-2:223344556677:reserved-instances/134212ed-4f51-492d-8423-fef417006fb8,0.239017,0.203164,0.035853,,,,,,,,,
9b9a8e9053654556837af60d27839784,2026-03-10T14:00:00Z/2026-03-10T15:00:00Z,112233445566,2026-03-01T00:00:00Z,2026-04-01T00:00:00Z,AWS,223344556677,DiscountedUsage,2026-03-10T14:00:00Z,2026-03-10T15:00:00Z,AmazonEC2,USWE-BoxUsage:m5.2xlarge,RunInstances,us-west-2a,i-0512b083743f7416a,1.0,16.0,16.0,0.0,0.0,0.236438,0.236438,Hrs,0.384,0.384,Amazon Elastic Compute Cloud,m5.2xlarge,8,32 GiB,Linux,us-west-2,AmazonEC2,data-eng,prod,CC200,arn:aws:ec2:us-west-2:223344556677:reserved-instances/134212ed-4f51-492d-8423-fef417006fb8,0.236438,0.200972,0.035466,,,,,,,,,
8d011c8540f54652942e32521c95115f,2026-03-11T00:00:00Z/2026-03-11T01:00:00Z,112233445566,2026-03-01T00:00:00Z,2026-04-01T00:00:00Z,AWS,223344556677,DiscountedUsage,2026-03-11T00:00:00Z,2026-03-11T01:00:00Z,AmazonEC2,USWE-BoxUsage:m5.2xlarge,RunInstances,us-west-2a,i-0512b083743f7416a,1.0,16.0,16.0,0.0,0.0,0.229569,0.229569,Hrs,0.384,0.384,Amazon Elastic Compute Cloud,m5.2xlarge,8,32 GiB,Linux,us-west-2,AmazonEC2,data-eng,prod,CC200,arn:aws:ec2:us-west-2:223344556677:reserved-instances/134212ed-4f51-492d-8423-fef417006fb8,0.229569,0.195134,0.034435,,,,,,,,,
a1ab0ac5023f421ba544969f5cc01d72,2026-03-11T10:00:00Z/2026-03-11T11:00:00Z,112233445566,2026-03-01T00:00:00Z,2026-04-01T00:00:00Z,AWS,223344556677,DiscountedUsage,2026-03-11T10:00:00Z,2026-03-11T11:00:00Z,AmazonEC2,USWE-BoxUsage:m5.2xlarge,RunInstances,us-west-2a,i-0512b083743f7416a,1.0,16.0,16.0,0.0,0.0,0.257867,0.257867,Hrs,0.384,0.384,Amazon Elastic Compute Cloud,m5.2xlarge,8,32 GiB,Linux,us-west-2,AmazonEC2,data-eng,prod,CC200,arn:aws:ec2:us-west-2:223344556677:reserved-instances/134212ed-4f51-492d-8423-fef417006fb8,0.257867,0.219187,0.03868,,,,,,,,,
22b2684564744a1fa6b31d41a9cc1da5,2026-03-11T20:00:00Z/2026-03-11T21:00:00Z,112233445566,2026-03-01T00:00:00Z,2026-04-01T00:00:00Z,AWS,223344556677,DiscountedUsage,2026-03-11T20:00:00Z,2026-03-11T21:00:00Z,AmazonEC2,USWE-BoxUsage:m5.2xlarge,RunInstances,us-west-2a,i-0512b083743f7416a,1.0,16.0,16.0,0.0,0.0,0.260113,0.260113,Hrs,0.384,0.384,Amazon Elastic Compute Cloud,m5.2xlarge,8,32 GiB,Linux,us-west-2,AmazonEC2,data-eng,prod,CC200,arn:aws:ec2:us-west-2:223344556677:reserved-instances/134212ed-4f51-492d-8423-fef417006fb8,0.260113,0.221096,0.039017,,,,,,,,,
49a6892d25bf425899785d113d659ea1,2026-03-12T06:00:00Z/2026-03-12T07:00:00Z,112233445566,2026-03-01T00:00:00Z,2026-04-01T00:00:00Z,AWS,223344556677,DiscountedUsage,2026-03-12T06:00:00Z,2026-03-12T07:00:00Z,AmazonEC2,USWE-BoxUsage:m5.2xlarge,RunInstances,us-west-2a,i-0512b083743f7416a,1.0,16.0,16.0,0.0,0.0,0.250203,0.250203,Hrs,0.384,0.384,Amazon Elastic Compute Cloud,m5.2xlarge,8,32 GiB,Linux,us-west-2,AmazonEC2,data-eng,prod,CC200,arn:aws:ec2:us-west-2:223344556677:reserved-instances/134212ed-4f51-492d-8423-fef417006fb8,0.250203,0.212673,0.03753,,,,,,,,,
a794c5198f314c689a0976a5adda12ef,2026-03-12T16:00:00Z/2026-03-12T17:00:00Z,112233445566,2026-03-01T00:00:00Z,2026-04-01T00:00:00Z,AWS,223344556677,DiscountedUsage,2026-03-12T16:00:00Z,2026-03-12T17:00:00Z,AmazonEC2,USWE-BoxUsage:m5.2xlarge,RunInstances,us-west-2a,i-0512b083743f7416a,1.0,16.0,16.0,0.0,0.0,0.267873,0.267873,Hrs,0.384,0.384,Amazon Elastic Compute Cloud,m5.2xlarge,8,32 GiB,Linux,us-west-2,AmazonEC2,data-eng,prod,CC200,arn:aws:ec2:us-west-2:223344556677:reserved-instances/134212ed-4f51-492d-8423-fef417006fb8,0.267873,0.227692,0.040181,,,,,,,,,
4f2299c45d3a4cef873853a87ee23fd2,2026-03-13T02:00:00Z/2026-03-13T03:00:00Z,112233445566,2026-03-01T00:00:00Z,2026-04-01T00:00:00Z,AWS,223344556677,DiscountedUsage,2026-03-13T02:00:00Z,2026-03-13T03:00:00Z,AmazonEC2,USWE-BoxUsage:m5.2xlarge,RunInstances,us-west-2a,i-0512b083743f7416a,1.0,16.0,16.0,0.0,0.0,0.221249,0.221249,Hrs,0.384,0.384,Amazon Elastic Compute Cloud,m5.2xlarge,8,32 GiB,Linux,us-west-2,AmazonEC2,data-eng,prod,CC200,arn:aws:ec2:us-west-2:223344556677:reserved-instances/134212ed-4f51-492d-8423-fef417006fb8,0.221249,0.188062,0.033187,,,,,,,,,
a8c5f280b0e04024bb6c127d987b320e,2026-03-13T12:00:00Z/2026-03-13T13:00:00Z,112233445566,2026-03-01T00:00:00Z,2026-04-01T00:00:00Z,AWS,223344556677,DiscountedUsage,2026-03-13T12:00:00Z,2026-03-13T13:00:00Z,AmazonEC2,USWE-BoxUsage:m5.2xlarge,RunInstances,us-west-2a,i-0512b083743f7416a,1.0,16.0,16.0,0.0,0.0,0.243447,0.243447,Hrs,0.384,0.384,Amazon Elastic Compute Cloud,m5.2xlarge,8,32 GiB,Linux,us-west-2,AmazonEC2,data-eng,prod,CC200,arn:aws:ec2:us-west-2:223344556677:reserved-instances/134212ed-4f51-492d-8423-fef417006fb8,0.243447,0.20693,0.036517,,,,,,,,,
c038b42a4dad44339114298d34efc1ee,2026-03-13T22:00:00Z/2026-03-13T23:00:00Z,112233445566,2026-03-01T00:00:00Z,2026-04-01T00:00:00Z,AWS,223344556677,DiscountedUsage,2026-03-13T22:00:00Z,2026-03-13T23:00:00Z,AmazonEC2,USWE-BoxUsage:m5.2xlarge,RunInstances,us-west-2a,i-0512b083743f7416a,1.0,16.0,16.0,0.0,0.0,0.224555,0.224555,Hrs,0.384,0.384,Amazon Elastic Compute Cloud,m5.2xlarge,8,32 GiB,Linux,us-west-2,AmazonEC2,data-eng,prod,CC200,arn:aws:ec2:us-west-2:223344556677:reserved-instances/134212ed-4f51-492d-8423-fef417006fb8,0.224555,0.190872,0.033683,,,,,,,,,
6000b057ed374a48af36583115502ead,2026-03-14T08:00:00Z/2026-03-14T09:00:00Z,112233445566,2026-03-01T00:00:00Z,2026-04-01T00:00:00Z,AWS,223344556677,DiscountedUsage,2026-03-14T08:00:00Z,2026-03-14T09:00:00Z,AmazonEC2,USWE-BoxUsage:m5.2xlarge,RunInstances,us-west-2a,i-0512b083743f7416a,1.0,16.0,16.0,0.0,0.0,0.221824,0.221824,Hrs,0.384,0.384,Amazon Elastic Compute Cloud,m5.2xlarge,8,32 GiB,Linux,us-west-2,AmazonEC2,data-eng,prod,CC200,arn:aws:ec2:us-west-2:223344556677:reserved-instances/134212ed-4f51-492d-8423-fef417006fb8,0.221824,0.18855,0.033274,,,,,,,,,
9cee228934a347bebdcc67bc26853b3c,2026-03-14T18:00:00Z/2026-03-14T19:00:00Z,112233445566,2026-03-01T00:00:00Z,2026-04-01T00:00:00Z,AWS,223344556677,DiscountedUsage,2026-03-14T18:00:00Z,2026-03-14T19:00:00Z,AmazonEC2,USWE-BoxUsage:m5.2xlarge,RunInstances,us-west-2a,i-0512b083743f7416a,1.0,16.0,16.0,0.0,0.0,0.236091,0.236091,Hrs,0.384,0.384,Amazon Elastic Compute Cloud,m5.2xlarge,8,32 GiB,Linux,us-west-2,AmazonEC2,data-eng,prod,CC200,arn:aws:ec2:us-west-2:223344556677:reserved-instances/134212ed-4f51-492d-8423-fef417006fb8,0.236091,0.200677,0.035414,,,,,,,,,
94fec9ab16644f2b887b92ae76cd4c43,2026-03-15T04:00:00Z/2026-03-15T05:00:00Z,112233445566,2026-03-01T00:00:00Z,2026-04-01T00:00:00Z,AWS,223344556677,DiscountedUsage,2026-03-15T04:00:00Z,2026-03-15T05:00:00Z,AmazonEC2,USWE-BoxUsage:m5.2xlarge,RunInstances,us-west-2a,i-0512b083743f7416a,1.0,16.0,16.0,0.0,0.0,0.246573,0.246573,Hrs,0.384,0.384,Amazon Elastic Compute Cloud,m5.2xlarge,8,32 GiB,Linux,us-west-2,AmazonEC2,data-eng,prod,CC200,arn:aws:ec2:us-west-2:223344556677:reserved-instances/134212ed-4f51-492d-8423-fef417006fb8,0.246573,0.209587,0.036986,,,,,,,,,
a9813adef6d44420ae3f0bf1b8f5efe4,2026-03-15T14:00:00Z/2026-03-15T15:00:00Z,112233445566,2026-03-01T00:00:00Z,2026-04-01T00:00:00Z,AWS,223344556677,DiscountedUsage,2026-03-15T14:00:00Z,2026-03-15T15:00:00Z,AmazonEC2,USWE-BoxUsage:m5.2xlarge,RunInstances,us-west-2a,i-0512b083743f7416a,1.0,16.0,16.0,0.0,0.0,0.245311,0.245311,Hrs,0.384,0.384,Amazon Elastic Compute Cloud,m5.2xlarge,8,32 GiB,Linux,us-west-2,AmazonEC2,data-eng,prod,CC200,arn:aws:ec2:us-west-2:223344556677:reserved-instances/134212ed-4f51-492d-8423-fef417006fb8,0.245311,0.208514,0.036797,,,,,,,,,
2e91e02d85f341e8b143e2665912311d,2026-03-16T00:00:00Z/2026-03-16T01:00:00Z,112233445566,2026-03-01T00:00:00Z,2026-04-01T00:00:00Z,AWS,223344556677,DiscountedUsage,2026-03-16T00:00:00Z,2026-03-16T01:00:00Z,AmazonEC2,USWE-BoxUsage:m5.2xlarge,RunInstances,us-west-2a,i-0512b083743f7416a,1.0,16.0,16.0,0.0,0.0,0.251793,0.251793,Hrs,0.384,0.384,Amazon Elastic Compute Cloud,m5.2xlarge,8,32 GiB,Linux,us-west-2,AmazonEC2,data-eng,prod,CC200,arn:aws:ec2:us-west-2:223344556677:reserved-instances/134212ed-4f51-492d-8423-fef417006fb8,0.251793,0.214024,0.037769,,,,,,,,,
cbd94f4c1bdb42c0b02669f46a49f023,2026-03-16T10:00:00Z/2026-03-16T11:00:00Z,112233445566,2026-03-01T00:00:00Z,2026-04-01T00:00:00Z,AWS,223344556677,DiscountedUsage,2026-03-16T10:00:00Z,2026-03-16T11:00:00Z,AmazonEC2,USWE-BoxUsage:m5.2xlarge,RunInstances,us-west-2a,i-0512b083743f7416a,1.0,16.0,16.0,0.0,0.0,0.254534,0.254534,Hrs,0.384,0.384,Amazon Elastic Compute Cloud,m5.2xlarge,8,32 GiB,Linux,us-west-2,AmazonEC2,data-eng,prod,CC200,arn:aws:ec2:us-west-2:223344556677:reserved-instances/134212ed-4f51-492d-8423-fef417006fb8,0.254534,0.216354,0.03818,,,,,,,,,
17962c0bf4e14bdd9f84338f133c326b,2026-03-16T20:00:00Z/2026-03-16T21:00:00Z,112233445566,2026-03-01T00:00:00Z,2026-04-01T00:00:00Z,AWS,223344556677,DiscountedUsage,2026-03-16T20:00:00Z,2026-03-16T21:00:00Z,AmazonEC2,USWE-BoxUsage:m5.2xlarge,RunInstances,us-west-2a,i-0512b083743f7416a,1.0,16.0,16.0,0.0,0.0,0.214804,0.214804,Hrs,0.384,0.384,Amazon Elastic Compute Cloud,m5.2xlarge,8,32 GiB,Linux,us-west-2,AmazonEC2,data-eng,prod,CC200,arn:aws:ec2:us-west-2:223344556677:reserved-instances/134212ed-4f51-492d-8423-fef417006fb8,0.214804,0.182583,0.032221,,,,,,,,,
af658854a88a4a9fb08dfffce010f36a,2026-03-17T06:00:00Z/2026-03-17T07:00:00Z,112233445566,2026-03-01T00:00:00Z,2026-04-01T00:00:00Z,AWS,223344556677,DiscountedUsage,2026-03-17T06:00:00Z,2026-03-17T07:00:00Z,AmazonEC2,USWE-BoxUsage:m5.2xlarge,RunInstances,us-west-2a,i-0512b083743f7416a,1.0,16.0,16.0,0.0,0.0,0.261426,0.261426,Hrs,0.384,0.384,Amazon Elastic Compute Cloud,m5.2xlarge,8,32 GiB,Linux,us-west-2,AmazonEC2,data-eng,prod,CC200,arn:aws:ec2:us-west-2:223344556677:reserved-instances/134212ed-4f51-492d-8423-fef417006fb8,0.261426,0.222212,0.039214,,,,,,,,,
dfe2772b5f5c47cf95e39e84d893ef43,2026-03-17T16:00:00Z/2026-03-17T17:00:00Z,112233445566,2026-03-01T00:00:00Z,2026-04-01T00:00:00Z,AWS,223344556677,DiscountedUsage,2026-03-17T16:00:00Z,2026-03-17T17:00:00Z,AmazonEC2,USWE-BoxUsage:m5.2xlarge,RunInstances,us-west-2a,i-0512b083743f7416a,1.0,16.0,16.0,0.0,0.0,0.229977,0.229977,Hrs,0.384,0.384,Amazon Elastic Compute Cloud,m5.2xlarge,8,32 GiB,Linux,us-west-2,AmazonEC2,data-eng,prod,CC200,arn:aws:ec2:us-west-2:223344556677:reserved-instances/134212ed-4f51-492d-8423-fef417006fb8,0.229977,0.19548,0.034497,,,,,,,,,
fd1716bb79e14ff186393a617aedfe82,2026-03-18T02:00:00Z/2026-03-18T03:00:00Z,112233445566,2026-03-01T00:00:00Z,2026-04-01T00:00:00Z,AWS,223344556677,DiscountedUsage,2026-03-18T02:00:00Z,2026-03-18T03:00:00Z,AmazonEC2,USWE-BoxUsage:m5.2xlarge,RunInstances,us-west-2a,i-0512b083743f7416a,1.0,16.0,16.0,0.0,0.0,0.226312,0.226312,Hrs,0.384,0.384,Amazon Elastic Compute Cloud,m5.2xlarge,8,32 GiB,Linux,us-west-2,AmazonEC2,data-eng,prod,CC200,arn:aws:ec2:us-west-2:223344556677:reserved-instances/134212ed-4f51-492d-8423-fef417006fb8,0.226312,0.192365,0.033947,,,,,,,,,
d701f46850eb4c35bcddeaafe29bbc13,2026-03-18T12:00:00Z/2026-03-18T13:00:00Z,112233445566,2026-03-01T00:00:00Z,2026-04-01T00:00:00Z,AWS,223344556677,DiscountedUsage,2026-03-18T12:00:00Z,2026-03-18T13:00:00Z,AmazonEC2,USWE-BoxUsage:m5.2xlarge,RunInstances,us-west-2a,i-0512b083743f7416a,1.0,16.0,16.0,0.0,0.0,0.241596,0.241596,Hrs,0.384,0.384,Amazon Elastic Compute Cloud,m5.2xlarge,8,32 GiB,Linux,us-west-2,AmazonEC2,data-eng,prod,CC200,arn:aws:ec2:us-west-2:223344556677:reserved-instances/134212ed-4f51-492d-8423-fef417006fb8,0.241596,0.205357,0.036239,,,,,,,,,
edce840cf5204d1dbdb57d0fb1eb26c9,2026-03-18T22:00:00Z/2026-03-18T23:00:00Z,112233445566,2026-03-01T00:00:00Z,2026-04-01T00:00:00Z,AWS,223344556677,DiscountedUsage,2026-03-18T22:00:00Z,2026-03-18T23:00:00Z,AmazonEC2,USWE-BoxUsage:m5.2xlarge,RunInstances,us-west-2a,i-0512b083743f7416a,1.0,16.0,16.0,0.0,0.0,0.245586,0.245586,Hrs,0.384,0.384,Amazon Elastic Compute Cloud,m5.2xlarge,8,32 GiB,Linux,us-west-2,AmazonEC2,data-eng,prod,CC200,arn:aws:ec2:us-west-2:223344556677:reserved-instances/134212ed-4f51-492d-8423-fef417006fb8,0.245586,0.208748,0.036838,,,,,,,,,
70b09152231647b5b40f0d84da6f4e33,2026-03-19T08:00:00Z/2026-03-19T09:00:00Z,112233445566,2026-03-01T00:00:00Z,2026-04-01T00:00:00Z,AWS,223344556677,DiscountedUsage,2026-03-19T08:00:00Z,2026-03-19T09:00:00Z,AmazonEC2,USWE-BoxUsage:m5.2xlarge,RunInstances,us-west-2a,i-0512b083743f7416a,1.0,16.0,16.0,0.0,0.0,0.245011,0.245011,Hrs,0.384,0.384,Amazon Elastic Compute Cloud,m5.2xlarge,8,32 GiB,Linux,us-west-2,AmazonEC2,data-eng,prod,CC200,arn:aws:ec2:us-west-2:223344556677:reserved-instances/134212ed-4f51-492d-8423-fef417006fb8,0.245011,0.208259,0.036752,,,,,,,,,
a02ea67aca224ac5b4c293a1af27bff6,2026-03-19T18:00:00Z/2026-03-19T19:00:00Z,112233445566,2026-03-01T00:00:00Z,2026-04-01T00:00:00Z,AWS,223344556677,DiscountedUsage,2026-03-19T18:00:00Z,2026-03-19T19:00:00Z,AmazonEC2,USWE-BoxUsage:m5.2xlarge,RunInstances,us-west-2a,i-0512b083743f7416a,1.0,16.0,16.0,0.0,0.0,0.259902,0.259902,Hrs,0.384,0.384,Amazon Elastic Compute Cloud,m5.2xlarge,8,32 GiB,Linux,us-west-2,AmazonEC2,data-eng,prod,CC200,arn:aws:ec2:us-west-2:223344556677:reserved-instances/134212ed-4f51-492d-8423-fef417006fb8,0.259902,0.220917,0.038985,,,,,,,,,
1dc8f46968f14354a453357d6dad86a7,2026-03-20T04:00:00Z/2026-03-20T05:00:00Z,112233445566,2026-03-01T00:00:00Z,2026-04-01T00:00:00Z,AWS,223344556677,DiscountedUsage,2026-03-20T04:00:00Z,2026-03-20T05:00:00Z,AmazonEC2,USWE-BoxUsage:m5.2xlarge,RunInstances,us-west-2a,i-0512b083743f7416a,1.0,16.0,16.0,0.0,0.0,0.258071,0.258071,Hrs,0.384,0.384,Amazon Elastic Compute Cloud,m5.2xlarge,8,32 GiB,Linux,us-west-2,AmazonEC2,data-eng,prod,CC200,arn:aws:ec2:us-west-2:223344556677:reserved-instances/134212ed-4f51-492d-8423-fef417006fb8,0.258071,0.21936,0.038711,,,,,,,,,
f4b5006f2f19477e997ad23cf287c3e1,2026-03-20T14:00:00Z/2026-03-20T15:00:00Z,112233445566,2026-03-01T00:00:00Z,2026-04-01T00:00:00Z,AWS,223344556677,DiscountedUsage,2026-03-20T14:00:00Z,2026-03-20T15:00:00Z,AmazonEC2,USWE-BoxUsage:m5.2xlarge,RunInstances,us-west-2a,i-0512b083743f7416a,1.0,16.0,16.0,0.0,0.0,0.228333,0.228333,Hrs,0.384,0.384,Amazon Elastic Compute Cloud,m5.2xlarge,8,32 GiB,Linux,us-west-2,AmazonEC2,data-eng,prod,CC200,arn:aws:ec2:us-west-2:223344556677:reserved-instances/134212ed-4f51-492d-8423-fef417006fb8,0.228333,0.194083,0.03425,,,,,,,,,
ed16edaa65e24438a26caceaca0a894f,2026-03-21T00:00:00Z/2026-03-21T01:00:00Z,112233445566,2026-03-01T00:00:00Z,2026-04-01T00:00:00Z,AWS,223344556677,DiscountedUsage,2026-03-21T00:00:00Z,2026-03-21T01:00:00Z,AmazonEC2,USWE-BoxUsage:m5.2xlarge,RunInstances,us-west-2a,i-0512b083743f7416a,1.0,16.0,16.0,0.0,0.0,0.216082,0.216082,Hrs,0.384,0.384,Amazon Elastic Compute Cloud,m5.2xlarge,8,32 GiB,Linux,us-west-2,AmazonEC2,data-eng,prod,CC200,arn:aws:ec2:us-west-2:223344556677:reserved-instances/134212ed-4f51-492d-8423-fef417006fb8,0.216082,0.18367,0.032412,,,,,,,,,
1f0ab9f0bd294c7aa233ff0fc2d88675,2026-03-21T10:00:00Z/2026-03-21T11:00:00Z,112233445566,2026-03-01T00:00:00Z,2026-04-01T00:00:00Z,AWS,223344556677,DiscountedUsage,2026-03-21T10:00:00Z,2026-03-21T11:00:00Z,AmazonEC2,USWE-BoxUsage:m5.2xlarge,RunInstances,us-west-2a,i-0512b083743f7416a,1.0,16.0,16.0,0.0,0.0,0.217989,0.217989,Hrs,0.384,0.384,Amazon Elastic Compute Cloud,m5.2xlarge,8,32 GiB,Linux,us-west-2,AmazonEC2,data-eng,prod,CC200,arn:aws:ec2:us-west-2:223344556677:reserved-instances/134212ed-4f51-492d-8423-fef417006fb8,0.217989,0.185291,0.032698,,,,,,,,,
5f8531ca27ba4a1889a281cda760dd9d,2026-03-21T20:00:00Z/2026-03-21T21:00:00Z,112233445566,2026-03-01T00:00:00Z,2026-04-01T00:00:00Z,AWS,223344556677,DiscountedUsage,2026-03-21T20:00:00Z,2026-03-21T21:00:00Z,AmazonEC2,USWE-BoxUsage:m5.2xlarge,RunInstances,us-west-2a,i-0512b083743f7416a,1.0,16.0,16.0,0.0,0.0,0.221743,0.221743,Hrs,0.384,0.384,Amazon Elastic Compute Cloud,m5.2xlarge,8,32 GiB,Linux,us-west-2,AmazonEC2,data-eng,prod,CC200,arn:aws:ec2:us-west-2:223344556677:reserved-instances/134212ed-4f51-492d-8423-fef417006fb8,0.221743,0.188482,0.033261,,,,,,,,,
fcbaf025d0864fd39c6d7bdda9683046,2026-03-22T06:00:00Z/2026-03-22T07:00:00Z,112233445566,2026-03-01T00:00:00Z,2026-04-01T00:00:00Z,AWS,223344556677,DiscountedUsage,2026-03-22T06:00:00Z,2026-03-22T07:00:00Z,AmazonEC2,USWE-BoxUsage:m5.2xlarge,RunInstances,us-west-2a,i-0512b083743f7416a,1.0,16.0,16.0,0.0,0.0,0.240624,0.240624,Hrs,0.384,0.384,Amazon Elastic Compute Cloud,m5.2xlarge,8,32 GiB,Linux,us-west-2,AmazonEC2,data-eng,prod,CC200,arn:aws:ec2:us-west-2:223344556677:reserved-instances/134212ed-4f51-492d-8423-fef417006fb8,0.240624,0.20453,0.036094,,,,,,,,,
9342cf7b15d04191b27bee5e4020dc17,2026-03-22T16:00:00Z/2026-03-22T17:00:00Z,112233445566,2026-03-01T00:00:00Z,2026-04-01T00:00:00Z,AWS,223344556677,DiscountedUsage,2026-03-22T16:00:00Z,2026-03-22T17:00:00Z,AmazonEC2,USWE-BoxUsage:m5.2xlarge,RunInstances,us-west-2a,i-0512b083743f7416a,1.0,16.0,16.0,0.0,0.0,0.219141,0.219141,Hrs,0.384,0.384,Amazon Elastic Compute Cloud,m5.2xlarge,8,32 GiB,Linux,us-west-2,AmazonEC2,data-eng,prod,CC200,arn:aws:ec2:us-west-2:223344556677:reserved-instances/134212ed-4f51-492d-8423-fef417006fb8,0.219141,0.18627,0.032871,,,,,,,,,
ef20572195ab4f93b4d37affb5f3f09f,2026-03-23T02:00:00Z/2026-03-23T03:00:00Z,112233445566,2026-03-01T00:00:00Z,2026-04-01T00:00:00Z,AWS,223344556677,DiscountedUsage,2026-03-23T02:00:00Z,2026-03-23T03:00:00Z,AmazonEC2,USWE-BoxUsage:m5.2xlarge,RunInstances,us-west-2a,i-0512b083743f7416a,1.0,16.0,16.0,0.0,0.0,0.221899,0.221899,Hrs,0.384,0.384,Amazon Elastic Compute Cloud,m5.2xlarge,8,32 GiB,Linux,us-west-2,AmazonEC2,data-eng,prod,CC200,arn:aws:ec2:us-west-2:223344556677:reserved-instances/134212ed-4f51-492d-8423-fef417006fb8,0.221899,0.188614,0.033285,,,,,,,,,
83b28228a716410d83310e5d1fc5f8b9,2026-03-23T12:00:00Z/2026-03-23T13:00:00Z,112233445566,2026-03-01T00:00:00Z,2026-04-01T00:00:00Z,AWS,223344556677,DiscountedUsage,2026-03-23T12:00:00Z,2026-03-23T13:00:00Z,AmazonEC2,USWE-BoxUsage:m5.2xlarge,RunInstances,us-west-2a,i-0512b083743f7416a,1.0,16.0,16.0,0.0,0.0,0.251142,0.251142,Hrs,0.384,0.384,Amazon Elastic Compute Cloud,m5.2xlarge,8,32 GiB,Linux,us-west-2,AmazonEC2,data-eng,prod,CC200,arn:aws:ec2:us-west-2:223344556677:reserved-instances/134212ed-4f51-492d-8423-fef417006fb8,0.251142,0.213471,0.037671,,,,,,,,,
14cfe6788aa44ebc881d21d66c1b8727,2026-03-23T22:00:00Z/2026-03-23T23:00:00Z,112233445566,2026-03-01T00:00:00Z,2026-04-01T00:00:00Z,AWS,223344556677,DiscountedUsage,2026-03-23T22:00:00Z,2026-03-23T23:00:00Z,AmazonEC2,USWE-BoxUsage:m5.2xlarge,RunInstances,us-west-2a,i-0512b083743f7416a,1.0,16.0,16.0,0.0,0.0,0.268794,0.268794,Hrs,0.384,0.384,Amazon Elastic Compute Cloud,m5.2xlarge,8,32 GiB,Linux,us-west-2,AmazonEC2,data-eng,prod,CC200,arn:aws:ec2:us-west-2:223344556677:reserved-instances/134212ed-4f51-492d-8423-fef417006fb8,0.268794,0.228475,0.040319,,,,,,,,,
5585178ec2a74f7bb4753798021da823,2026-03-24T08:00:00Z/2026-03-24T09:00:00Z,112233445566,2026-03-01T00:00:00Z,2026-04-01T00:00:00Z,AWS,223344556677,DiscountedUsage,2026-03-24T08:00:00Z,2026-03-24T09:00:00Z,AmazonEC2,USWE-BoxUsage:m5.2xlarge,RunInstances,us-west-2a,i-0512b083743f7416a,1.0,16.0,16.0,0.0,0.0,0.239403,0.239403,Hrs,0.384,0.384,Amazon Elastic Compute Cloud,m5.2xlarge,8,32 GiB,Linux,us-west-2,AmazonEC2,data-eng,prod,CC200,arn:aws:ec2:us-west-2:223344556677:reserved-instances/134212ed-4f51-492d-8423-fef417006fb8,0.239403,0.203493,0.03591,,,,,,,,,
8b91b4fd11904a6abf3cd7455728d712,2026-03-24T18:00:00Z/2026-03-24T19:00:00Z,112233445566,2026-03-01T00:00:00Z,2026-04-01T00:00:00Z,AWS,223344556677,DiscountedUsage,2026-03-24T18:00:00Z,2026-03-24T19:00:00Z,AmazonEC2,USWE-BoxUsage:m5.2xlarge,RunInstances,us-west-2a,i-0512b083743f7416a,1.0,16.0,16.0,0.0,0.0,0.22932,0.22932,Hrs,0.384,0.384,Amazon Elastic Compute Cloud,m5.2xlarge,8,32 GiB,Linux,us-west-2,AmazonEC2,data-eng,prod,CC200,arn:aws:ec2:us-west-2:223344556677:reserved-instances/134212ed-4f51-492d-8423-fef417006fb8,0.22932,0.194922,0.034398,,,,,,,,,
7e23c2d6a04943e198a55303ec8e9bac,2026-03-25T04:00:00Z/2026-03-25T05:00:00Z,112233445566,2026-03-01T00:00:00Z,2026-04-01T00:00:00Z,AWS,223344556677,DiscountedUsage,2026-03-25T04:00:00Z,2026-03-25T05:00:00Z,AmazonEC2,USWE-BoxUsage:m5.2xlarge,RunInstances,us-west-2a,i-0512b083743f7416a,1.0,16.0,16.0,0.0,0.0,0.214288,0.214288,Hrs,0.384,0.384,Amazon Elastic Compute Cloud,m5.2xlarge,8,32 GiB,Linux,us-west-2,AmazonEC2,data-eng,prod,CC200,arn:aws:ec2:us-west-2:223344556677:reserved-instances/134212ed-4f51-492d-8423-fef417006fb8,0.214288,0.182145,0.032143,,,,,,,,,
db6c871d54da4829b94a852a760ba04e,2026-03-25T14:00:00Z/2026-03-25T15:00:00Z,112233445566,2026-03-01T00:00:00Z,2026-04-01T00:00:00Z,AWS,223344556677,DiscountedUsage,2026-03-25T14:00:00Z,2026-03-25T15:00:00Z,AmazonEC2,USWE-BoxUsage:m5.2xlarge,RunInstances,us-west-2a,i-0512b083743f7416a,1.0,16.0,16.0,0.0,0.0,0.211752,0.211752,Hrs,0.384,0.384,Amazon Elastic Compute Cloud,m5.2xlarge,8,32 GiB,Linux,us-west-2,AmazonEC2,data-eng,prod,CC200,arn:aws:ec2:us-west-2:223344556677:reserved-instances/134212ed-4f51-492d-8423-fef417006fb8,0.211752,0.179989,0.031763,,,,,,,,,
b2776c32bc3e42178915dcebc1c384d1,2026-03-26T00:00:00Z/2026-03-26T01:00:00Z,112233445566,2026-03-01T00:00:00Z,2026-04-01T00:00:00Z,AWS,223344556677,DiscountedUsage,2026-03-26T00:00:00Z,2026-03-26T01:00:00Z,AmazonEC2,USWE-BoxUsage:m5.2xlarge,RunInstances,us-west-2a,i-0512b083743f7416a,1.0,16.0,16.0,0.0,0.0,0.258156,0.258156,Hrs,0.384,0.384,Amazon Elastic Compute Cloud,m5.2xlarge,8,32 GiB,Linux,us-west-2,AmazonEC2,data-eng,prod,CC200,arn:aws:ec2:us-west-2:223344556677:reserved-instances/134212ed-4f51-492d-8423-fef417006fb8,0.258156,0.219433,0.038723,,,,,,,,,
18d1f26b87bf4f138de23b306db707df,2026-03-26T10:00:00Z/2026-03-26T11:00:00Z,112233445566,2026-03-01T00:00:00Z,2026-04-01T00:00:00Z,AWS,223344556677,DiscountedUsage,2026-03-26T10:00:00Z,2026-03-26T11:00:00Z,AmazonEC2,USWE-BoxUsage:m5.2xlarge,RunInstances,us-west-2a,i-0512b083743f7416a,1.0,16.0,16.0,0.0,0.0,0.240313,0.240313,Hrs,0.384,0.384,Amazon Elastic Compute Cloud,m5.2xlarge,8,32 GiB,Linux,us-west-2,AmazonEC2,data-eng,prod,CC200,arn:aws:ec2:us-west-2:223344556677:reserved-instances/134212ed-4f51-492d-8423-fef417006fb8,0.240313,0.204266,0.036047,,,,,,,,,
85ae0749fc2249d7af0489a1c2613eb7,2026-03-26T20:00:00Z/2026-03-26T21:00:00Z,112233445566,2026-03-01T00:00:00Z,2026-04-01T00:00:00Z,AWS,223344556677,DiscountedUsage,2026-03-26T20:00:00Z,2026-03-26T21:00:00Z,AmazonEC2,USWE-BoxUsage:m5.2xlarge,RunInstances,us-west-2a,i-0512b083743f7416a,1.0,16.0,16.0,0.0,0.0,0.250639,0.250639,Hrs,0.384,0.384,Amazon Elastic Compute Cloud,m5.2xlarge,8,32 GiB,Linux,us-west-2,AmazonEC2,data-eng,prod,CC200,arn:aws:ec2:us-west-2:223344556677:reserved-instances/134212ed-4f51-492d-8423-fef417006fb8,0.250639,0.213043,0.037596,,,,,,,,,
a4fa4bf05b2942669af670f310d4704a,2026-03-27T06:00:00Z/2026-03-27T07:00:00Z,112233445566,2026-03-01T00:00:00Z,2026-04-01T00:00:00Z,AWS,223344556677,DiscountedUsage,2026-03-27T06:00:00Z,2026-03-27T07:00:00Z,AmazonEC2,USWE-BoxUsage:m5.2xlarge,RunInstances,us-west-2a,i-0512b083743f7416a,1.0,16.0,16.0,0.0,0.0,0.259578,0.259578,Hrs,0.384,0.384,Amazon Elastic Compute Cloud,m5.2xlarge,8,32 GiB,Linux,us-west-2,AmazonEC2,data-eng,prod,CC200,arn:aws:ec2:us-west-2:223344556677:reserved-instances/134212ed-4f51-492d-8423-fef417006fb8,0.259578,0.220641,0.038937,,,,,,,,,
90c3ce3db5684413b94488744775f716,2026-03-27T16:00:00Z/2026-03-27T17:00:00Z,112233445566,2026-03-01T00:00:00Z,2026-04-01T00:00:00Z,AWS,223344556677,DiscountedUsage,2026-03-27T16:00:00Z,2026-03-27T17:00:00Z,AmazonEC2,USWE-BoxUsage:m5.2xlarge,RunInstances,us-west-2a,i-0512b083743f7416a,1.0,16.0,16.0,0.0,0.0,0.215962,0.215962,Hrs,0.384,0.384,Amazon Elastic Compute Cloud,m5.2xlarge,8,32 GiB,Linux,us-west-2,AmazonEC2,data-eng,prod,CC200,arn:aws:ec2:us-west-2:223344556677:reserved-instances/134212ed-4f51-492d-8423-fef417006fb8,0.215962,0.183568,0.032394,,,,,,,,,
607f67e00d534d4584735d84241ef792,2026-03-28T02:00:00Z/2026-03-28T03:00:00Z,112233445566,2026-03-01T00:00:00Z,2026-04-01T00:00:00Z,AWS,223344556677,DiscountedUsage,2026-03-28T02:00:00Z,2026-03-28T03:00:00Z,AmazonEC2,USWE-BoxUsage:m5.2xlarge,RunInstances,us-west-2a,i-0512b083743f7416a,1.0,16.0,16.0,0.0,0.0,0.255037,0.255037,Hrs,0.384,0.384,Amazon Elastic Compute Cloud,m5.2xlarge,8,32 GiB,Linux,us-west-2,AmazonEC2,data-eng,prod,CC200,arn:aws:ec2:us-west-2:223344556677:reserved-instances/134212ed-4f51-492d-8423-fef417006fb8,0.255037,0.216781,0.038256,,,,,,,,,
6dd441efb10a4e1ab091777ebb38d50d,2026-03-28T12:00:00Z/2026-03-28T13:00:00Z,112233445566,2026-03-01T00:00:00Z,2026-04-01T00:00:00Z,AWS,223344556677,DiscountedUsage,2026-03-28T12:00:00Z,2026-03-28T13:00:00Z,AmazonEC2,USWE-BoxUsage:m5.2xlarge,RunInstances,us-west-2a,i-0512b083743f7416a,1.0,16.0,16.0,0.0,0.0,0.227032,0.227032,Hrs,0.384,0.384,Amazon Elastic Compute Cloud,m5.2xlarge,8,32 GiB,Linux,us-west-2,AmazonEC2,data-eng,prod,CC200,arn:aws:ec2:us-west-2:223344556677:reserved-instances/134212ed-4f51-492d-8423-fef417006fb8,0.227032,0.192977,0.034055,,,,,,,,,
ef0d20f4fb41485e9aa2a807a7433580,2026-03-28T22:00:00Z/2026-03-28T23:00:00Z,112233445566,2026-03-01T00:00:00Z,2026-04-01T00:00:00Z,AWS,223344556677,DiscountedUsage,2026-03-28T22:00:00Z,2026-03-28T23:00:00Z,AmazonEC2,USWE-BoxUsage:m5.2xlarge,RunInstances,us-west-2a,i-0512b083743f7416a,1.0,16.0,16.0,0.0,0.0,0.220889,0.220889,Hrs,0.384,0.384,Amazon Elastic Compute Cloud,m5.2xlarge,8,32 GiB,Linux,us-west-2,AmazonEC2,data-eng,prod,CC200,arn:aws:ec2:us-west-2:223344556677:reserved-instances/134212ed-4f51-492d-8423-fef417006fb8,0.220889,0.187756,0.033133,,,,,,,,,
a5db19454c3548b5b7eee66baf154e9e,2026-03-29T08:00:00Z/2026-03-29T09:00:00Z,112233445566,2026-03-01T00:00:00Z,2026-04-01T00:00:00Z,AWS,223344556677,DiscountedUsage,2026-03-29T08:00:00Z,2026-03-29T09:00:00Z,AmazonEC2,USWE-BoxUsage:m5.2xlarge,RunInstances,us-west-2a,i-0512b083743f7416a,1.0,16.0,16.0,0.0,0.0,0.253969,0.253969,Hrs,0.384,0.384,Amazon Elastic Compute Cloud,m5.2xlarge,8,32 GiB,Linux,us-west-2,AmazonEC2,data-eng,prod,CC200,arn:aws:ec2:us-west-2:223344556677:reserved-instances/134212ed-4f51-492d-8423-fef417006fb8,0.253969,0.215874,0.038095,,,,,,,,,
15130178e32b42ef98b552c2189136c6,2026-03-29T18:00:00Z/2026-03-29T19:00:00Z,112233445566,2026-03-01T00:00:00Z,2026-04-01T00:00:00Z,AWS,223344556677,DiscountedUsage,2026-03-29T18:00:00Z,2026-03-29T19:00:00Z,AmazonEC2,USWE-BoxUsage:m5.2xlarge,RunInstances,us-west-2a,i-0512b083743f7416a,1.0,16.0,16.0,0.0,0.0,0.242864,0.242864,Hrs,0.384,0.384,Amazon Elastic Compute Cloud,m5.2xlarge,8,32 GiB,Linux,us-west-2,AmazonEC2,data-eng,prod,CC200,arn:aws:ec2:us-west-2:223344556677:reserved-instances/134212ed-4f51-492d-8423-fef417006fb8,0.242864,0.206434,0.03643,,,,,,,,,
91ac65917af444599a565f33b022a92b,2026-03-30T04:00:00Z/2026-03-30T05:00:00Z,112233445566,2026-03-01T00:00:00Z,2026-04-01T00:00:00Z,AWS,223344556677,DiscountedUsage,2026-03-30T04:00:00Z,2026-03-30T05:00:00Z,AmazonEC2,USWE-BoxUsage:m5.2xlarge,RunInstances,us-west-2a,i-0512b083743f7416a,1.0,16.0,16.0,0.0,0.0,0.217778,0.217778,Hrs,0.384,0.384,Amazon Elastic Compute Cloud,m5.2xlarge,8,32 GiB,Linux,us-west-2,AmazonEC2,data-eng,prod,CC200,arn:aws:ec2:us-west-2:223344556677:reserved-instances/134212ed-4f51-492d-8423-fef417006fb8,0.217778,0.185111,0.032667,,,,,,,,,
f60d1ed409b54755ad42992ea63855db,2026-03-30T14:00:00Z/2026-03-30T15:00:00Z,112233445566,2026-03-01T00:00:00Z,2026-04-01T00:00:00Z,AWS,223344556677,DiscountedUsage,2026-03-30T14:00:00Z,2026-03-30T15:00:00Z,AmazonEC2,USWE-BoxUsage:m5.2xlarge,RunInstances,us-west-2a,i-0512b083743f7416a,1.0,16.0,16.0,0.0,0.0,0.258621,0.258621,Hrs,0.384,0.384,Amazon Elastic Compute Cloud,m5.2xlarge,8,32 GiB,Linux,us-west-2,AmazonEC2,data-eng,prod,CC200,arn:aws:ec2:us-west-2:223344556677:reserved-instances/134212ed-4f51-492d-8423-fef417006fb8,0.258621,0.219828,0.038793,,,,,,,,,
fefc68a9e97249f5911fc140b6381e85,2026-03-01T00:00:00Z/2026-03-01T01:00:00Z,112233445566,2026-03-01T00:00:00Z,2026-04-01T00:00:00Z,AWS,112233445566,Usage,2026-03-01T00:00:00Z,2026-03-01T01:00:00Z,AmazonS3,USEA-TimedStorage-ByteHrs,StandardStorage,,arn:aws:s3:::platform-assets-bucket,420.271,,,3.19444e-05,0.01334522,3.19444e-05,0.01334522,GB-Mo,0.023,0.01334522,Amazon Simple Storage Service,,,,,us-east-1,AmazonS3,platform,prod,CC100,,,,,,,,,,,,,
b2b2a76b03b549e3ae2bfe88ef35de93,2026-03-01T10:00:00Z/2026-03-01T11:00:00Z,112233445566,2026-03-01T00:00:00Z,2026-04-01T00:00:00Z,AWS,112233445566,Usage,2026-03-01T10:00:00Z,2026-03-01T11:00:00Z,AmazonS3,USEA-TimedStorage-ByteHrs,StandardStorage,,arn:aws:s3:::platform-assets-bucket,420.1839,,,3.19444e-05,0.01317066,3.19444e-05,0.01317066,GB-Mo,0.023,0.01317066,Amazon Simple Storage Service,,,,,us-east-1,AmazonS3,platform,prod,CC100,,,,,,,,,,,,,
d054d2c8fdd145748c6aa1e2e9f446a5,2026-03-01T20:00:00Z/2026-03-01T21:00:00Z,112233445566,2026-03-01T00:00:00Z,2026-04-01T00:00:00Z,AWS,112233445566,Usage,2026-03-01T20:00:00Z,2026-03-01T21:00:00Z,AmazonS3,USEA-TimedStorage-ByteHrs,StandardStorage,,arn:aws:s3:::platform-assets-bucket,420.4114,,,3.19444e-05,0.01344154,3.19444e-05,0.01344154,GB-Mo,0.023,0.01344154,Amazon Simple Storage Service,,,,,us-east-1,AmazonS3,platform,prod,CC100,,,,,,,,,,,,,
3614aae2f64344c784a572218e044507,2026-03-02T06:00:00Z/2026-03-02T07:00:00Z,112233445566,2026-03-01T00:00:00Z,2026-04-01T00:00:00Z,AWS,112233445566,Usage,2026-03-02T06:00:00Z,2026-03-02T07:00:00Z,AmazonS3,USEA-TimedStorage-ByteHrs,StandardStorage,,arn:aws:s3:::platform-assets-bucket,420.2773,,,3.19444e-05,0.0132033,3.19444e-05,0.0132033,GB-Mo,0.023,0.0132033,Amazon Simple Storage Service,,,,,us-east-1,AmazonS3,platform,prod,CC100,,,,,,,,,,,,,
112cb3b006fc40f3957054190edde1a0,2026-03-02T16:00:00Z/2026-03-02T17:00:00Z,112233445566,2026-03-01T00:00:00Z,2026-04-01T00:00:00Z,AWS,112233445566,Usage,2026-03-02T16:00:00Z,2026-03-02T17:00:00Z,AmazonS3,USEA-TimedStorage-ByteHrs,StandardStorage,,arn:aws:s3:::platform-assets-bucket,419.8301,,,3.19444e-05,0.01355156,3.19444e-05,0.01355156,GB-Mo,0.023,0.01355156,Amazon Simple Storage Service,,,,,us-east-1,AmazonS3,platform,prod,CC100,,,,,,,,,,,,,
d3b64e140a0e42f89b638c2f651107db,2026-03-03T02:00:00Z/2026-03-03T03:00:00Z,112233445566,2026-03-01T00:00:00Z,2026-04-01T00:00:00Z,AWS,112233445566,Usage,2026-03-03T02:00:00Z,2026-03-03T03:00:00Z,AmazonS3,USEA-TimedStorage-ByteHrs,StandardStorage,,arn:aws:s3:::platform-assets-bucket,419.9578,,,3.19444e-05,0.01368463,3.19444e-05,0.01368463,GB-Mo,0.023,0.01368463,Amazon Simple Storage Service,,,,,us-east-1,AmazonS3,platform,prod,CC100,,,,,,,,,,,,,
aa4c677b33b34830b94f4534f306ab2b,2026-03-03T12:00:00Z/2026-03-03T13:00:00Z,112233445566,2026-03-01T00:00:00Z,2026-04-01T00:00:00Z,AWS,112233445566,Usage,2026-03-03T12:00:00Z,2026-03-03T13:00:00Z,AmazonS3,USEA-TimedStorage-ByteHrs,StandardStorage,,arn:aws:s3:::platform-assets-bucket,420.2661,,,3.19444e-05,0.0133354,3.19444e-05,0.0133354,GB-Mo,0.023,0.0133354,Amazon Simple Storage Service,,,,,us-east-1,AmazonS3,platform,prod,CC100,,,,,,,,,,,,,
02909ddd205f4a85bac1cb99f75afe9b,2026-03-03T22:00:00Z/2026-03-03T23:00:00Z,112233445566,2026-03-01T00:00:00Z,2026-04-01T00:00:00Z,AWS,112233445566,Usage,2026-03-03T22:00:00Z,2026-03-03T23:00:00Z,AmazonS3,USEA-TimedStorage-ByteHrs,StandardStorage,,arn:aws:s3:::platform-assets-bucket,420.4149,,,3.19444e-05,0.01338397,3.19444e-05,0.01338397,GB-Mo,0.023,0.01338397,Amazon Simple Storage Service,,,,,us-east-1,AmazonS3,platform,prod,CC100,,,,,,,,,,,,,
8e0040ff06fb45e59fe195ca0d3461e2,2026-03-04T08:00:00Z/2026-03-04T09:00:00Z,112233445566,2026-03-01T00:00:00Z,2026-04-01T00:00:00Z,AWS,112233445566,Usage,2026-03-04T08:00:00Z,2026-03-04T09:00:00Z,AmazonS3,USEA-TimedStorage-ByteHrs,StandardStorage,,arn:aws:s3:::platform-assets-bucket,419.779,,,3.19444e-05,0.01356459,3.19444e-05,0.01356459,GB-Mo,0.023,0.01356459,Amazon Simple Storage Service,,,,,us-east-1,AmazonS3,platform,prod,CC100,,,,,,,,,,,,,
afd63d692e0f4d7499b2b6d494542d89,2026-03-04T18:00:00Z/2026-03-04T19:00:00Z,112233445566,2026-03-01T00:00:00Z,2026-04-01T00:00:00Z,AWS,112233445566,Usage,2026-03-04T18:00:00Z,2026-03-04T19:00:00Z,AmazonS3,USEA-TimedStorage-ByteHrs,StandardStorage,,arn:aws:s3:::platform-assets-bucket,420.0739,,,3.19444e-05,0.01358341,3.19444e-05,0.01358341,GB-Mo,0.023,0.01358341,Amazon Simple Storage Service,,,,,us-east-1,AmazonS3,platform,prod,CC100,,,,,,,,,,,,,
8e1fff32832a47f4be26b4336329f72b,2026-03-05T04:00:00Z/2026-03-05T05:00:00Z,112233445566,2026-03-01T00:00:00Z,2026-04-01T00:00:00Z,AWS,112233445566,Usage,2026-03-05T04:00:00Z,2026-03-05T05:00:00Z,AmazonS3,USEA-TimedStorage-ByteHrs,StandardStorage,,arn:aws:s3:::platform-assets-bucket,420.177,,,3.19444e-05,0.01333651,3.19444e-05,0.01333651,GB-Mo,0.023,0.01333651,Amazon Simple Storage Service,,,,,us-east-1,AmazonS3,platform,prod,CC100,,,,,,,,,,,,,
7774f6013b8b414480957c7d5c5c6916,2026-03-05T14:00:00Z/2026-03-05T15:00:00Z,112233445566,2026-03-01T00:00:00Z,2026-04-01T00:00:00Z,AWS,112233445566,Usage,2026-03-05T14:00:00Z,2026-03-05T15:00:00Z,AmazonS3,USEA-TimedStorage-ByteHrs,StandardStorage,,arn:aws:s3:::platform-assets-bucket,419.7194,,,3.19444e-05,0.01348792,3.19444e-05,0.01348792,GB-Mo,0.023,0.01348792,Amazon Simple Storage Service,,,,,us-east-1,AmazonS3,platform,prod,CC100,,,,,,,,,,,,,
d1b47b1b83484a24884e2e30fcc5affd,2026-03-06T00:00:00Z/2026-03-06T01:00:00Z,112233445566,2026-03-01T00:00:00Z,2026-04-01T00:00:00Z,AWS,112233445566,Usage,2026-03-06T00:00:00Z,2026-03-06T01:00:00Z,AmazonS3,USEA-TimedStorage-ByteHrs,StandardStorage,,arn:aws:s3:::platform-assets-bucket,419.7536,,,3.19444e-05,0.01322306,3.19444e-05,0.01322306,GB-Mo,0.023,0.01322306,Amazon Simple Storage Service,,,,,us-east-1,AmazonS3,platform,prod,CC100,,,,,,,,,,,,,
78657ea4ed534cae9a73eb58f308bea7,2026-03-06T10:00:00Z/2026-03-06T11:00:00Z,112233445566,2026-03-01T00:00:00Z,2026-04-01T00:00:00Z,AWS,112233445566,Usage,2026-03-06T10:00:00Z,2026-03-06T11:00:00Z,AmazonS3,USEA-TimedStorage-ByteHrs,StandardStorage,,arn:aws:s3:::platform-assets-bucket,419.6299,,,3.19444e-05,0.01325939,3.19444e-05,0.01325939,GB-Mo,0.023,0.01325939,Amazon Simple Storage Service,,,,,us-east-1,AmazonS3,platform,prod,CC100,,,,,,,,,,,,,
4de6da01380c4ae9b0ce210a26b22609,2026-03-06T20:00:00Z/2026-03-06T21:00:00Z,112233445566,2026-03-01T00:00:00Z,2026-04-01T00:00:00Z,AWS,112233445566,Usage,2026-03-06T20:00:00Z,2026-03-06T21:00:00Z,AmazonS3,USEA-TimedStorage-ByteHrs,StandardStorage,,arn:aws:s3:::platform-assets-bucket,419.8161,,,3.19444e-05,0.0133366,3.19444e-05,0.0133366,GB-Mo,0.023,0.0133366,Amazon Simple Storage Service,,,,,us-east-1,AmazonS3,platform,prod,CC100,,,,,,,,,,,,,
86a58f4d831247abb1e1abaa573a73bc,2026-03-07T06:00:00Z/2026-03-07T07:00:00Z,112233445566,2026-03-01T00:00:00Z,2026-04-01T00:00:00Z,AWS,112233445566,Usage,2026-03-07T06:00:00Z,2026-03-07T07:00:00Z,AmazonS3,USEA-TimedStorage-ByteHrs,StandardStorage,,arn:aws:s3:::platform-assets-bucket,419.8519,,,3.19444e-05,0.01343747,3.19444e-05,0.01343747,GB-Mo,0.023,0.01343747,Amazon Simple Storage Service,,,,,us-east-1,AmazonS3,platform,prod,CC100,,,,,,,,,,,,,
de2d6b8cf2cc4450bad89289517856b9,2026-03-07T16:00:00Z/2026-03-07T17:00:00Z,112233445566,2026-03-01T00:00:00Z,2026-04-01T00:00:00Z,AWS,112233445566,Usage,2026-03-07T16:00:00Z,2026-03-07T17:00:00Z,AmazonS3,USEA-TimedStorage-ByteHrs,StandardStorage,,arn:aws:s3:::platform-assets-bucket,419.823,,,3.19444e-05,0.01352618,3.19444e-05,0.01352618,GB-Mo,0.023,0.01352618,Amazon Simple Storage Service,,,,,us-east-1,AmazonS3,platform,prod,CC100,,,,,,,,,,,,,
44be85725434430fa21e3407cfa05fc4,2026-03-08T02:00:00Z/2026-03-08T03:00:00Z,112233445566,2026-03-01T00:00:00Z,2026-04-01T00:00:00Z,AWS,112233445566,Usage,2026-03-08T02:00:00Z,2026-03-08T03:00:00Z,AmazonS3,USEA-TimedStorage-ByteHrs,StandardStorage,,arn:aws:s3:::platform-assets-bucket,420.3007,,,3.19444e-05,0.01329181,3.19444e-05,0.01329181,GB-Mo,0.023,0.01329181,Amazon Simple Storage Service,,,,,us-east-1,AmazonS3,platform,prod,CC100,,,,,,,,,,,,,
77188aaadeed4dd18b5d339f418a3b91,2026-03-08T12:00:00Z/2026-03-08T13:00:00Z,112233445566,2026-03-01T00:00:00Z,2026-04-01T00:00:00Z,AWS,112233445566,Usage,2026-03-08T12:00:00Z,2026-03-08T13:00:00Z,AmazonS3,USEA-TimedStorage-ByteHrs,StandardStorage,,arn:aws:s3:::platform-assets-bucket,420.1506,,,3.19444e-05,0.01367721,3.19444e-05,0.01367721,GB-Mo,0.023,0.01367721,Amazon Simple Storage Service,,,,,us-east-1,AmazonS3,platform,prod,CC100,,,,,,,,,,,,,
1d5d4cdcd95f4d5a8d45f2292e6e567d,2026-03-08T22:00:00Z/2026-03-08T23:00:00Z,112233445566,2026-03-01T00:00:00Z,2026-04-01T00:00:00Z,AWS,112233445566,Usage,2026-03-08T22:00:00Z,2026-03-08T23:00:00Z,AmazonS3,USEA-TimedStorage-ByteHrs,StandardStorage,,arn:aws:s3:::platform-assets-bucket,420.3887,,,3.19444e-05,0.01319944,3.19444e-05,0.01319944,GB-Mo,0.023,0.01319944,Amazon Simple Storage Service,,,,,us-east-1,AmazonS3,platform,prod,CC100,,,,,,,,,,,,,
a71ed5aa0fb74a8a8de5768a98c91117,2026-03-09T08:00:00Z/2026-03-09T09:00:00Z,112233445566,2026-03-01T00:00:00Z,2026-04-01T00:00:00Z,AWS,112233445566,Usage,2026-03-09T08:00:00Z,2026-03-09T09:00:00Z,AmazonS3,USEA-TimedStorage-ByteHrs,StandardStorage,,arn:aws:s3:::platform-assets-bucket,420.3518,,,3.19444e-05,0.01356999,3.19444e-05,0.01356999,GB-Mo,0.023,0.01356999,Amazon Simple Storage Service,,,,,us-east-1,AmazonS3,platform,prod,CC100,,,,,,,,,,,,,
be0c48cf0f7e446295eb15586f304b26,2026-03-09T18:00:00Z/2026-03-09T19:00:00Z,112233445566,2026-03-01T00:00:00Z,2026-04-01T00:00:00Z,AWS,112233445566,Usage,2026-03-09T18:00:00Z,2026-03-09T19:00:00Z,AmazonS3,USEA-TimedStorage-ByteHrs,StandardStorage,,arn:aws:s3:::platform-assets-bucket,420.3083,,,3.19444e-05,0.01368097,3.19444e-05,0.01368097,GB-Mo,0.023,0.01368097,Amazon Simple Storage Service,,,,,us-east-1,AmazonS3,platform,prod,CC100,,,,,,,,,,,,,
91ce32857ef0471593d991d47e34585c,2026-03-10T04:00:00Z/2026-03-10T05:00:00Z,112233445566,2026-03-01T00:00:00Z,2026-04-01T00:00:00Z,AWS,112233445566,Usage,2026-03-10T04:00:00Z,2026-03-10T05:00:00Z,AmazonS3,USEA-TimedStorage-ByteHrs,StandardStorage,,arn:aws:s3:::platform-assets-bucket,420.3075,,,3.19444e-05,0.01321643,3.19444e-05,0.01321643,GB-Mo,0.023,0.01321643,Amazon Simple Storage Service,,,,,us-east-1,AmazonS3,platform,prod,CC100,,,,,,,,,,,,,
3ed62e1d4b624d48b929f8274cbde22b,2026-03-10T14:00:00Z/2026-03-10T15:00:00Z,112233445566,2026-03-01T00:00:00Z,2026-04-01T00:00:00Z,AWS,112233445566,Usage,2026-03-10T14:00:00Z,2026-03-10T15:00:00Z,AmazonS3,USEA-TimedStorage-ByteHrs,StandardStorage,,arn:aws:s3:::platform-assets-bucket,420.1776,,,3.19444e-05,0.01328233,3.19444e-05,0.01328233,GB-Mo,0.023,0.01328233,Amazon Simple Storage Service,,,,,us-east-1,AmazonS3,platform,prod,CC100,,,,,,,,,,,,,
962c22d1b0564681ae4194bded4e26ce,2026-03-11T00:00:00Z/2026-03-11T01:00:00Z,112233445566,2026-03-01T00:00:00Z,2026-04-01T00:00:00Z,AWS,112233445566,Usage,2026-03-11T00:00:00Z,2026-03-11T01:00:00Z,AmazonS3,USEA-TimedStorage-ByteHrs,StandardStorage,,arn:aws:s3:::platform-assets-bucket,420.2196,,,3.19444e-05,0.01359295,3.19444e-05,0.01359295,GB-Mo,0.023,0.01359295,Amazon Simple Storage Service,,,,,us-east-1,AmazonS3,platform,prod,CC100,,,,,,,,,,,,,
0aa29372ccef42809c3713b3131f577a,2026-03-11T10:00:00Z/2026-03-11T11:00:00Z,112233445566,2026-03-01T00:00:00Z,2026-04-01T00:00:00Z,AWS,112233445566,Usage,2026-03-11T10:00:00Z,2026-03-11T11:00:00Z,AmazonS3,USEA-TimedStorage-ByteHrs,StandardStorage,,arn:aws:s3:::platform-assets-bucket,419.9911,,,3.19444e-05,0.01351125,3.19444e-05,0.01351125,GB-Mo,0.023,0.01351125,Amazon Simple Storage Service,,,,,us-east-1,AmazonS3,platform,prod,CC100,,,,,,,,,,,,,
be7b19c8a27f449fa142eadc1e6f8d0a,2026-03-11T20:00:00Z/2026-03-11T21:00:00Z,112233445566,2026-03-01T00:00:00Z,2026-04-01T00:00:00Z,AWS,112233445566,Usage,2026-03-11T20:00:00Z,2026-03-11T21:00:00Z,AmazonS3,USEA-TimedStorage-ByteHrs,StandardStorage,,arn:aws:s3:::platform-assets-bucket,419.8057,,,3.19444e-05,0.01345822,3.19444e-05,0.01345822,GB-Mo,0.023,0.01345822,Amazon Simple Storage Service,,,,,us-east-1,AmazonS3,platform,prod,CC100,,,,,,,,,,,,,
98275d82f67b42059aa11637723f92ca,2026-03-12T06:00:00Z/2026-03-12T07:00:00Z,112233445566,2026-03-01T00:00:00Z,2026-04-01T00:00:00Z,AWS,112233445566,Usage,2026-03-12T06:00:00Z,2026-03-12T07:00:00Z,AmazonS3,USEA-TimedStorage-ByteHrs,StandardStorage,,arn:aws:s3:::platform-assets-bucket,419.9597,,,3.19444e-05,0.01337063,3.19444e-05,0.01337063,GB-Mo,0.023,0.01337063,Amazon Simple Storage Service,,,,,us-east-1,AmazonS3,platform,prod,CC100,,,,,,,,,,,,,
1dd60edb871d4a07a14bb0a522a2a14f,2026-03-12T16:00:00Z/2026-03-12T17:00:00Z,112233445566,2026-03-01T00:00:00Z,2026-04-01T00:00:00Z,AWS,112233445566,Usage,2026-03-12T16:00:00Z,2026-03-12T17:00:00Z,AmazonS3,USEA-TimedStorage-ByteHrs,StandardStorage,,arn:aws:s3:::platform-assets-bucket,420.3193,,,3.19444e-05,0.01348838,3.19444e-05,0.01348838,GB-Mo,0.023,0.01348838,Amazon Simple Storage Service,,,,,us-east-1,AmazonS3,platform,prod,CC100,,,,,,,,,,,,,
9c5d877cecf9470298dab2bed343c95e,2026-03-13T02:00:00Z/2026-03-13T03:00:00Z,112233445566,2026-03-01T00:00:00Z,2026-04-01T00:00:00Z,AWS,112233445566,Usage,2026-03-13T02:00:00Z,2026-03-13T03:00:00Z,AmazonS3,USEA-TimedStorage-ByteHrs,StandardStorage,,arn:aws:s3:::platform-assets-bucket,420.0131,,,3.19444e-05,0.01319829,3.19444e-05,0.01319829,GB-Mo,0.023,0.01319829,Amazon Simple Storage Service,,,,,us-east-1,AmazonS3,platform,prod,CC100,,,,,,,,,,,,,
14b9f022d91140de9340fbecc13a95f2,2026-03-13T12:00:00Z/2026-03-13T13:00:00Z,112233445566,2026-03-01T00:00:00Z,2026-04-01T00:00:00Z,AWS,112233445566,Usage,2026-03-13T12:00:00Z,2026-03-13T13:00:00Z,AmazonS3,USEA-TimedStorage-ByteHrs,StandardStorage,,arn:aws:s3:::platform-assets-bucket,420.3665,,,3.19444e-05,0.01329765,3.19444e-05,0.01329765,GB-Mo,0.023,0.01329765,Amazon Simple Storage Service,,,,,us-east-1,AmazonS3,platform,prod,CC100,,,,,,,,,,,,,
c9a1852315fb407b9b060860650f9651,2026-03-13T22:00:00Z/2026-03-13T23:00:00Z,112233445566,2026-03-01T00:00:00Z,2026-04-01T00:00:00Z,AWS,112233445566,Usage,2026-03-13T22:00:00Z,2026-03-13T23:00:00Z,AmazonS3,USEA-TimedStorage-ByteHrs,StandardStorage,,arn:aws:s3:::platform-assets-bucket,420.3782,,,3.19444e-05,0.0133464,3.19444e-05,0.0133464,GB-Mo,0.023,0.0133464,Amazon Simple Storage Service,,,,,us-east-1,AmazonS3,platform,prod,CC100,,,,,,,,,,,,,
ac4a95930b1f4d99afbc67e3b18c791f,2026-03-14T08:00:00Z/2026-03-14T09:00:00Z,112233445566,2026-03-01T00:00:00Z,2026-04-01T00:00:00Z,AWS,112233445566,Usage,2026-03-14T08:00:00Z,2026-03-14T09:00:00Z,AmazonS3,USEA-TimedStorage-ByteHrs,StandardStorage,,arn:aws:s3:::platform-assets-bucket,419.5821,,,3.19444e-05,0.01332398,3.19444e-05,0.01332398,GB-Mo,0.023,0.01332398,Amazon Simple Storage Service,,,,,us-east-1,AmazonS3,platform,prod,CC100,,,,,,,,,,,,,
742ba8604df343288568f788320bed57,2026-03-14T18:00:00Z/2026-03-14T19:00:00Z,112233445566,2026-03-01T00:00:00Z,2026-04-01T00:00:00Z,AWS,112233445566,Usage,2026-03-14T18:00:00Z,2026-03-14T19:00:00Z,AmazonS3,USEA-TimedStorage-ByteHrs,StandardStorage,,arn:aws:s3:::platform-assets-bucket,420.1955,,,3.19444e-05,0.01356379,3.19444e-05,0.01356379,GB-Mo,0.023,0.01356379,Amazon Simple Storage Service,,,,,us-east-1,AmazonS3,platform,prod,CC100,,,,,,,,,,,,,
4899b9f3959d4bf0884d8f310f5b00b8,2026-03-15T04:00:00Z/2026-03-15T05:00:00Z,112233445566,2026-03-01T00:00:00Z,2026-04-01T00:00:00Z,AWS,112233445566,Usage,2026-03-15T04:00:00Z,2026-03-15T05:00:00Z,AmazonS3,USEA-TimedStorage-ByteHrs,StandardStorage,,arn:aws:s3:::platform-assets-bucket,419.9651,,,3.19444e-05,0.0135406,3.19444e-05,0.0135406,GB-Mo,0.023,0.0135406,Amazon Simple Storage Service,,,,,us-east-1,AmazonS3,platform,prod,CC100,,,,,,,,,,,,,
9e422627a27243338efe1a147439b811,2026-03-15T14:00:00Z/2026-03-15T15:00:00Z,112233445566,2026-03-01T00:00:00Z,2026-04-01T00:00:00Z,AWS,112233445566,Usage,2026-03-15T14:00:00Z,2026-03-15T15:00:00Z,AmazonS3,USEA-TimedStorage-ByteHrs,StandardStorage,,arn:aws:s3:::platform-assets-bucket,419.8809,,,3.19444e-05,0.01350476,3.19444e-05,0.01350476,GB-Mo,0.023,0.01350476,Amazon Simple Storage Service,,,,,us-east-1,AmazonS3,platform,prod,CC100,,,,,,,,,,,,,
d718ddd2fbe34ae4bd390bc7175757f0,2026-03-16T00:00:00Z/2026-03-16T01:00:00Z,112233445566,2026-03-01T00:00:00Z,2026-04-01T00:00:00Z,AWS,112233445566,Usage,2026-03-16T00:00:00Z,2026-03-16T01:00:00Z,AmazonS3,USEA-TimedStorage-ByteHrs,StandardStorage,,arn:aws:s3:::platform-assets-bucket,420.0289,,,3.19444e-05,0.01318232,3.19444e-05,0.01318232,GB-Mo,0.023,0.01318232,Amazon Simple Storage Service,,,,,us-east-1,AmazonS3,platform,prod,CC100,,,,,,,,,,,,,
19266ce0f7ff4e20a18500cd16a716dd,2026-03-16T10:00:00Z/2026-03-16T11:00:00Z,112233445566,2026-03-01T00:00:00Z,2026-04-01T00:00:00Z,AWS,112233445566,Usage,2026-03-16T10:00:00Z,2026-03-16T11:00:00Z,AmazonS3,USEA-TimedStorage-ByteHrs,StandardStorage,,arn:aws:s3:::platform-assets-bucket,419.9409,,,3.19444e-05,0.01326524,3.19444e-05,0.01326524,GB-Mo,0.023,0.01326524,Amazon Simple Storage Service,,,,,us-east-1,AmazonS3,platform,prod,CC100,,,,,,,,,,,,,
f8fc3920bfea4510ab923bc03b1c6ca4,2026-03-16T20:00:00Z/2026-03-16T21:00:00Z,112233445566,2026-03-01T00:00:00Z,2026-04-01T00:00:00Z,AWS,112233445566,Usage,2026-03-16T20:00:00Z,2026-03-16T21:00:00Z,AmazonS3,USEA-TimedStorage-ByteHrs,StandardStorage,,arn:aws:s3:::platform-assets-bucket,419.8056,,,3.19444e-05,0.01326203,3.19444e-05,0.01326203,GB-Mo,0.023,0.01326203,Amazon Simple Storage Service,,,,,us-east-1,AmazonS3,platform,prod,CC100,,,,,,,,,,,,,
3df6580602344d8d9792fa3e2b2b7d75,2026-03-17T06:00:00Z/2026-03-17T07:00:00Z,112233445566,2026-03-01T00:00:00Z,2026-04-01T00:00:00Z,AWS,112233445566,Usage,2026-03-17T06:00:00Z,2026-03-17T07:00:00Z,AmazonS3,USEA-TimedStorage-ByteHrs,StandardStorage,,arn:aws:s3:::platform-assets-bucket,419.8637,,,3.19444e-05,0.01359288,3.19444e-05,0.01359288,GB-Mo,0.023,0.01359288,Amazon Simple Storage Service,,,,,us-east-1,AmazonS3,platform,prod,CC100,,,,,,,,,,,,,
4f5ce1c03d324b57812b0ccbbf5c0e9e,2026-03-17T16:00:00Z/2026-03-17T17:00:00Z,112233445566,2026-03-01T00:00:00Z,2026-04-01T00:00:00Z,AWS,112233445566,Usage,2026-03-17T16:00:00Z,2026-03-17T17:00:00Z,AmazonS3,USEA-TimedStorage-ByteHrs,StandardStorage,,arn:aws:s3:::platform-assets-bucket,420.0556,,,3.19444e-05,0.01345849,3.19444e-05,0.01345849,GB-Mo,0.023,0.01345849,Amazon Simple Storage Service,,,,,us-east-1,AmazonS3,platform,prod,CC100,,,,,,,,,,,,,
50cd77ede1a047d3b83973c9f5ddb58c,2026-03-18T02:00:00Z/2026-03-18T03:00:00Z,112233445566,2026-03-01T00:00:00Z,2026-04-01T00:00:00Z,AWS,112233445566,Usage,2026-03-18T02:00:00Z,2026-03-18T03:00:00Z,AmazonS3,USEA-TimedStorage-ByteHrs,StandardStorage,,arn:aws:s3:::platform-assets-bucket,419.8687,,,3.19444e-05,0.0134088,3.19444e-05,0.0134088,GB-Mo,0.023,0.0134088,Amazon Simple Storage Service,,,,,us-east-1,AmazonS3,platform,prod,CC100,,,,,,,,,,,,,
d79519814e644f228ccd936bbfbff8d0,2026-03-18T12:00:00Z/2026-03-18T13:00:00Z,112233445566,2026-03-01T00:00:00Z,2026-04-01T00:00:00Z,AWS,112233445566,Usage,2026-03-18T12:00:00Z,2026-03-18T13:00:00Z,AmazonS3,USEA-TimedStorage-ByteHrs,StandardStorage,,arn:aws:s3:::platform-assets-bucket,419.6207,,,3.19444e-05,0.01351464,3.19444e-05,0.01351464,GB-Mo,0.023,0.01351464,Amazon Simple Storage Service,,,,,us-east-1,AmazonS3,platform,prod,CC100,,,,,,,,,,,,,
a56407c7648449088cbcc836cc771c35,2026-03-18T22:00:00Z/2026-03-18T23:00:00Z,112233445566,2026-03-01T00:00:00Z,2026-04-01T00:00:00Z,AWS,112233445566,Usage,2026-03-18T22:00:00Z,2026-03-18T23:00:00Z,AmazonS3,USEA-TimedStorage-ByteHrs,StandardStorage,,arn:aws:s3:::platform-assets-bucket,420.2385,,,3.19444e-05,0.01320177,3.19444e-05,0.01320177,GB-Mo,0.023,0.01320177,Amazon Simple Storage Service,,,,,us-east-1,AmazonS3,platform,prod,CC100,,,,,,,,,,,,,
4e59585f072f463bac0f44f4003644e6,2026-03-19T08:00:00Z/2026-03-19T09:00:00Z,112233445566,2026-03-01T00:00:00Z,2026-04-01T00:00:00Z,AWS,112233445566,Usage,2026-03-19T08:00:00Z,2026-03-19T09:00:00Z,AmazonS3,USEA-TimedStorage-ByteHrs,StandardStorage,,arn:aws:s3:::platform-assets-bucket,419.6844,,,3.19444e-05,0.01339498,3.19444e-05,0.01339498,GB-Mo,0.023,0.01339498,Amazon Simple Storage Service,,,,,us-east-1,AmazonS3,platform,prod,CC100,,,,,,,,,,,,,
191dfc88d2f44818bf352a0cff3cb115,2026-03-19T18:00:00Z/2026-03-19T19:00:00Z,112233445566,2026-03-01T00:00:00Z,2026-04-01T00:00:00Z,AWS,112233445566,Usage,2026-03-19T18:00:00Z,2026-03-19T19:00:00Z,AmazonS3,USEA-TimedStorage-ByteHrs,StandardStorage,,arn:aws:s3:::platform-assets-bucket,419.9507,,,3.19444e-05,0.01360861,3.19444e-05,0.01360861,GB-Mo,0.023,0.01360861,Amazon Simple Storage Service,,,,,us-east-1,AmazonS3,platform,prod,CC100,,,,,,,,,,,,,
7c8573b39fbb45199297586da431fc19,2026-03-20T04:00:00Z/2026-03-20T05:00:00Z,112233445566,2026-03-01T00:00:00Z,2026-04-01T00:00:00Z,AWS,112233445566,Usage,2026-03-20T04:00:00Z,2026-03-20T05:00:00Z,AmazonS3,USEA-TimedStorage-ByteHrs,StandardStorage,,arn:aws:s3:::platform-assets-bucket,420.3847,,,3.19444e-05,0.0131487,3.19444e-05,0.0131487,GB-Mo,0.023,0.0131487,Amazon Simple Storage Service,,,,,us-east-1,AmazonS3,platform,prod,CC100,,,,,,,,,,,,,
77e5cdb6f1954d9993756250c94abbd1,2026-03-20T14:00:00Z/2026-03-20T15:00:00Z,112233445566,2026-03-01T00:00:00Z,2026-04-01T00:00:00Z,AWS,112233445566,Usage,2026-03-20T14:00:00Z,2026-03-20T15:00:00Z,AmazonS3,USEA-TimedStorage-ByteHrs,StandardStorage,,arn:aws:s3:::platform-assets-bucket,420.1584,,,3.19444e-05,0.01325691,3.19444e-05,0.01325691,GB-Mo,0.023,0.01325691,Amazon Simple Storage Service,,,,,us-east-1,AmazonS3,platform,prod,CC100,,,,,,,,,,,,,
fb2c880407d84008871b076d3085d5aa,2026-03-21T00:00:00Z/2026-03-21T01:00:00Z,112233445566,2026-03-01T00:00:00Z,2026-04-01T00:00:00Z,AWS,112233445566,Usage,2026-03-21T00:00:00Z,2026-03-21T01:00:00Z,AmazonS3,USEA-TimedStorage-ByteHrs,StandardStorage,,arn:aws:s3:::platform-assets-bucket,420.126,,,3.19444e-05,0.01321913,3.19444e-05,0.01321913,GB-Mo,0.023,0.01321913,Amazon Simple Storage Service,,,,,us-east-1,AmazonS3,platform,prod,CC100,,,,,,,,,,,,,
3d64702b5cc143e6be1f16232e4fa416,2026-03-21T10:00:00Z/2026-03-21T11:00:00Z,112233445566,2026-03-01T00:00:00Z,2026-04-01T00:00:00Z,AWS,112233445566,Usage,2026-03-21T10:00:00Z,2026-03-21T11:00:00Z,AmazonS3,USEA-TimedStorage-ByteHrs,StandardStorage,,arn:aws:s3:::platform-assets-bucket,420.3635,,,3.19444e-05,0.01323365,3.19444e-05,0.01323365,GB-Mo,0.023,0.01323365,Amazon Simple Storage Service,,,,,us-east-1,AmazonS3,platform,prod,CC100,,,,,,,,,,,,,
390cc91e908e45aaabf7e771aa2cd1c8,2026-03-21T20:00:00Z/2026-03-21T21:00:00Z,112233445566,2026-03-01T00:00:00Z,2026-04-01T00:00:00Z,AWS,112233445566,Usage,2026-03-21T20:00:00Z,2026-03-21T21:00:00Z,AmazonS3,USEA-TimedStorage-ByteHrs,StandardStorage,,arn:aws:s3:::platform-assets-bucket,420.1299,,,3.19444e-05,0.01329539,3.19444e-05,0.01329539,GB-Mo,0.023,0.01329539,Amazon Simple Storage Service,,,,,us-east-1,AmazonS3,platform,prod,CC100,,,,,,,,,,,,,
193e1c0d709145a3962622c31c543235,2026-03-22T06:00:00Z/2026-03-22T07:00:00Z,112233445566,2026-03-01T00:00:00Z,2026-04-01T00:00:00Z,AWS,112233445566,Usage,2026-03-22T06:00:00Z,2026-03-22T07:00:00Z,AmazonS3,USEA-TimedStorage-ByteHrs,StandardStorage,,arn:aws:s3:::platform-assets-bucket,419.8923,,,3.19444e-05,0.01328271,3.19444e-05,0.01328271,GB-Mo,0.023,0.01328271,Amazon Simple Storage Service,,,,,us-east-1,AmazonS3,platform,prod,CC100,,,,,,,,,,,,,
c4adb68cc05d4a8bb3ac4ee51052bf2b,2026-03-22T16:00:00Z/2026-03-22T17:00:00Z,112233445566,2026-03-01T00:00:00Z,2026-04-01T00:00:00Z,AWS,112233445566,Usage,2026-03-22T16:00:00Z,2026-03-22T17:00:00Z,AmazonS3,USEA-TimedStorage-ByteHrs,StandardStorage,,arn:aws:s3:::platform-assets-bucket,419.719,,,3.19444e-05,0.01363337,3.19444e-05,0.01363337,GB-Mo,0.023,0.01363337,Amazon Simple Storage Service,,,,,us-east-1,AmazonS3,platform,prod,CC100,,,,,,,,,,,,,
e91f8c6e334b42ac9aba3fd43e6b9f9c,2026-03-23T02:00:00Z/2026-03-23T03:00:00Z,112233445566,2026-03-01T00:00:00Z,2026-04-01T00:00:00Z,AWS,112233445566,Usage,2026-03-23T02:00:00Z,2026-03-23T03:00:00Z,AmazonS3,USEA-TimedStorage-ByteHrs,StandardStorage,,arn:aws:s3:::platform-assets-bucket,419.8366,,,3.19444e-05,0.01336104,3.19444e-05,0.01336104,GB-Mo,0.023,0.01336104,Amazon Simple Storage Service,,,,,us-east-1,AmazonS3,platform,prod,CC100,,,,,,,,,,,,,
cfe471d9f96b43f798c037adcdef374a,2026-03-23T12:00:00Z/2026-03-23T13:00:00Z,112233445566,2026-03-01T00:00:00Z,2026-04-01T00:00:00Z,AWS,112233445566,Usage,2026-03-23T12:00:00Z,2026-03-23T13:00:00Z,AmazonS3,USEA-TimedStorage-ByteHrs,StandardStorage,,arn:aws:s3:::platform-assets-bucket,419.7767,,,3.19444e-05,0.0135237,3.19444e-05,0.0135237,GB-Mo,0.023,0.0135237,Amazon Simple Storage Service,,,,,us-east-1,AmazonS3,platform,prod,CC100,,,,,,,,,,,,,
123952394a404be39869d850f4db7501,2026-03-23T22:00:00Z/2026-03-23T23:00:00Z,112233445566,2026-03-01T00:00:00Z,2026-04-01T00:00:00Z,AWS,112233445566,Usage,2026-03-23T22:00:00Z,2026-03-23T23:00:00Z,AmazonS3,USEA-TimedStorage-ByteHrs,StandardStorage,,arn:aws:s3:::platform-assets-bucket,420.1711,,,3.19444e-05,0.01350011,3.19444e-05,0.01350011,GB-Mo,0.023,0.01350011,Amazon Simple Storage Service,,,,,us-east-1,AmazonS3,platform,prod,CC100,,,,,,,,,,,,,
eb7f2ec9f2c84971b42404c77221aaf5,2026-03-24T08:00:00Z/2026-03-24T09:00:00Z,112233445566,2026-03-01T00:00:00Z,2026-04-01T00:00:00Z,AWS,112233445566,Usage,2026-03-24T08:00:00Z,2026-03-24T09:00:00Z,AmazonS3,USEA-TimedStorage-ByteHrs,StandardStorage,,arn:aws:s3:::platform-assets-bucket,419.9805,,,3.19444e-05,0.01314892,3.19444e-05,0.01314892,GB-Mo,0.023,0.01314892,Amazon Simple Storage Service,,,,,us-east-1,AmazonS3,platform,prod,CC100,,,,,,,,,,,,,
4c97faccae024f5095d39f438ff7c7d0,2026-03-24T18:00:00Z/2026-03-24T19:00:00Z,112233445566,2026-03-01T00:00:00Z,2026-04-01T00:00:00Z,AWS,112233445566,Usage,2026-03-24T18:00:00Z,2026-03-24T19:00:00Z,AmazonS3,USEA-TimedStorage-ByteHrs,StandardStorage,,arn:aws:s3:::platform-assets-bucket,419.77,,,3.19444e-05,0.01321955,3.19444e-05,0.01321955,GB-Mo,0.023,0.01321955,Amazon Simple Storage Service,,,,,us-east-1,AmazonS3,platform,prod,CC100,,,,,,,,,,,,,
f42a107cc1c34a6484c87006ca175531,2026-03-25T04:00:00Z/2026-03-25T05:00:00Z,112233445566,2026-03-01T00:00:00Z,2026-04-01T00:00:00Z,AWS,112233445566,Usage,2026-03-25T04:00:00Z,2026-03-25T05:00:00Z,AmazonS3,USEA-TimedStorage-ByteHrs,StandardStorage,,arn:aws:s3:::platform-assets-bucket,419.5878,,,3.19444e-05,0.01351326,3.19444e-05,0.01351326,GB-Mo,0.023,0.01351326,Amazon Simple Storage Service,,,,,us-east-1,AmazonS3,platform,prod,CC100,,,,,,,,,,,,,
de45ad3de3ff45e3b920bf5631717047,2026-03-25T14:00:00Z/2026-03-25T15:00:00Z,112233445566,2026-03-01T00:00:00Z,2026-04-01T00:00:00Z,AWS,112233445566,Usage,2026-03-25T14:00:00Z,2026-03-25T15:00:00Z,AmazonS3,USEA-TimedStorage-ByteHrs,StandardStorage,,arn:aws:s3:::platform-assets-bucket,420.2664,,,3.19444e-05,0.01352164,3.19444e-05,0.01352164,GB-Mo,0.023,0.01352164,Amazon Simple Storage Service,,,,,us-east-1,AmazonS3,platform,prod,CC100,,,,,,,,,,,,,
0ab88d381f4e47f18e6e6c25bffdd39e,2026-03-26T00:00:00Z/2026-03-26T01:00:00Z,112233445566,2026-03-01T00:00:00Z,2026-04-01T00:00:00Z,AWS,112233445566,Usage,2026-03-26T00:00:00Z,2026-03-26T01:00:00Z,AmazonS3,USEA-TimedStorage-ByteHrs,StandardStorage,,arn:aws:s3:::platform-assets-bucket,419.9347,,,3.19444e-05,0.01367864,3.19444e-05,0.01367864,GB-Mo,0.023,0.01367864,Amazon Simple Storage Service,,,,,us-east-1,AmazonS3,platform,prod,CC100,,,,,,,,,,,,,
2f05a0c1a20b4bb08f502667fb1765ab,2026-03-26T10:00:00Z/2026-03-26T11:00:00Z,112233445566,2026-03-01T00:00:00Z,2026-04-01T00:00:00Z,AWS,112233445566,Usage,2026-03-26T10:00:00Z,2026-03-26T11:00:00Z,AmazonS3,USEA-TimedStorage-ByteHrs,StandardStorage,,arn:aws:s3:::platform-assets-bucket,419.6395,,,3.19444e-05,0.01321927,3.19444e-05,0.01321927,GB-Mo,0.023,0.01321927,Amazon Simple Storage Service,,,,,us-east-1,AmazonS3,platform,prod,CC100,,,,,,,,,,,,,
cd6458740a1647718e64a8241eae1926,2026-03-26T20:00:00Z/2026-03-26T21:00:00Z,112233445566,2026-03-01T00:00:00Z,2026-04-01T00:00:00Z,AWS,112233445566,Usage,2026-03-26T20:00:00Z,2026-03-26T21:00:00Z,AmazonS3,USEA-TimedStorage-ByteHrs,StandardStorage,,arn:aws:s3:::platform-assets-bucket,420.1938,,,3.19444e-05,0.01335391,3.19444e-05,0.01335391,GB-Mo,0.023,0.01335391,Amazon Simple Storage Service,,,,,us-east-1,AmazonS3,platform,prod,CC100,,,,,,,,,,,,,
4b55ad62a4244f13a329a449dc8ee78c,2026-03-27T06:00:00Z/2026-03-27T07:00:00Z,112233445566,2026-03-01T00:00:00Z,2026-04-01T00:00:00Z,AWS,112233445566,Usage,2026-03-27T06:00:00Z,2026-03-27T07:00:00Z,AmazonS3,USEA-TimedStorage-ByteHrs,StandardStorage,,arn:aws:s3:::platform-assets-bucket,419.8432,,,3.19444e-05,0.0132033,3.19444e-05,0.0132033,GB-Mo,0.023,0.0132033,Amazon Simple Storage Service,,,,,us-east-1,AmazonS3,platform,prod,CC100,,,,,,,,,,,,,
317beb7168ad46148414474d7c45e18d,2026-03-27T16:00:00Z/2026-03-27T17:00:00Z,112233445566,2026-03-01T00:00:00Z,2026-04-01T00:00:00Z,AWS,112233445566,Usage,2026-03-27T16:00:00Z,2026-03-27T17:00:00Z,AmazonS3,USEA-TimedStorage-ByteHrs,StandardStorage,,arn:aws:s3:::platform-assets-bucket,419.6952,,,3.19444e-05,0.01362113,3.19444e-05,0.01362113,GB-Mo,0.023,0.01362113,Amazon Simple Storage Service,,,,,us-east-1,AmazonS3,platform,prod,CC100,,,,,,,,,,,,,
127fa47d9fb34a1dbf3bb2b8438648a5,2026-03-28T02:00:00Z/2026-03-28T03:00:00Z,112233445566,2026-03-01T00:00:00Z,2026-04-01T00:00:00Z,AWS,112233445566,Usage,2026-03-28T02:00:00Z,2026-03-28T03:00:00Z,AmazonS3,USEA-TimedStorage-ByteHrs,StandardStorage,,arn:aws:s3:::platform-assets-bucket,420.2127,,,3.19444e-05,0.01356342,3.19444e-05,0.01356342,GB-Mo,0.023,0.01356342,Amazon Simple Storage Service,,,,,us-east-1,AmazonS3,platform,prod,CC100,,,,,,,,,,,,,
e84a350cbba64eb6adbe1c3607688422,2026-03-28T12:00:00Z/2026-03-28T13:00:00Z,112233445566,2026-03-01T00:00:00Z,2026-04-01T00:00:00Z,AWS,112233445566,Usage,2026-03-28T12:00:00Z,2026-03-28T13:00:00Z,AmazonS3,USEA-TimedStorage-ByteHrs,StandardStorage,,arn:aws:s3:::platform-assets-bucket,420.4141,,,3.19444e-05,0.01321979,3.19444e-05,0.01321979,GB-Mo,0.023,0.01321979,Amazon Simple Storage Service,,,,,us-east-1,AmazonS3,platform,prod,CC100,,,,,,,,,,,,,
d80cdadf198941238de65a48b2b48e40,2026-03-28T22:00:00Z/2026-03-28T23:00:00Z,112233445566,2026-03-01T00:00:00Z,2026-04-01T00:00:00Z,AWS,112233445566,Usage,2026-03-28T22:00:00Z,2026-03-28T23:00:00Z,AmazonS3,USEA-TimedStorage-ByteHrs,StandardStorage,,arn:aws:s3:::platform-assets-bucket,420.0256,,,3.19444e-05,0.013225,3.19444e-05,0.013225,GB-Mo,0.023,0.013225,Amazon Simple Storage Service,,,,,us-east-1,AmazonS3,platform,prod,CC100,,,,,,,,,,,,,
8389dd77f1a64b3486cee17e509abbb9,2026-03-29T08:00:00Z/2026-03-29T09:00:00Z,112233445566,2026-03-01T00:00:00Z,2026-04-01T00:00:00Z,AWS,112233445566,Usage,2026-03-29T08:00:00Z,2026-03-29T09:00:00Z,AmazonS3,USEA-TimedStorage-ByteHrs,StandardStorage,,arn:aws:s3:::platform-assets-bucket,420.126,,,3.19444e-05,0.01315288,3.19444e-05,0.01315288,GB-Mo,0.023,0.01315288,Amazon Simple Storage Service,,,,,us-east-1,AmazonS3,platform,prod,CC100,,,,,,,,,,,,,
a2c63882191e49558f5a374f2cf26107,2026-03-29T18:00:00Z/2026-03-29T19:00:00Z,112233445566,2026-03-01T00:00:00Z,2026-04-01T00:00:00Z,AWS,112233445566,Usage,2026-03-29T18:00:00Z,2026-03-29T19:00:00Z,AmazonS3,USEA-TimedStorage-ByteHrs,StandardStorage,,arn:aws:s3:::platform-assets-bucket,420.1868,,,3.19444e-05,0.01338452,3.19444e-05,0.01338452,GB-Mo,0.023,0.01338452,Amazon Simple Storage Service,,,,,us-east-1,AmazonS3,platform,prod,CC100,,,,,,,,,,,,,
48bdcc2555bb488c9302b436f483b2d1,2026-03-30T04:00:00Z/2026-03-30T05:00:00Z,112233445566,2026-03-01T00:00:00Z,2026-04-01T00:00:00Z,AWS,112233445566,Usage,2026-03-30T04:00:00Z,2026-03-30T05:00:00Z,AmazonS3,USEA-TimedStorage-ByteHrs,StandardStorage,,arn:aws:s3:::platform-assets-bucket,419.7072,,,3.19444e-05,0.0134854,3.19444e-05,0.0134854,GB-Mo,0.023,0.0134854,Amazon Simple Storage Service,,,,,us-east-1,AmazonS3,platform,prod,CC100,,,,,,,,,,,,,
060c08cbc59c44e2a3faeae6aaefa6ac,2026-03-30T14:00:00Z/2026-03-30T15:00:00Z,112233445566,2026-03-01T00:00:00Z,2026-04-01T00:00:00Z,AWS,112233445566,Usage,2026-03-30T14:00:00Z,2026-03-30T15:00:00Z,AmazonS3,USEA-TimedStorage-ByteHrs,StandardStorage,,arn:aws:s3:::platform-assets-bucket,420.1567,,,3.19444e-05,0.01336928,3.19444e-05,0.01336928,GB-Mo,0.023,0.01336928,Amazon Simple Storage Service,,,,,us-east-1,AmazonS3,platform,prod,CC100,,,,,,,,,,,,,
c5a685936ec24024837a5b548fe09a88,2026-03-01T00:00:00Z/2026-03-01T01:00:00Z,112233445566,2026-03-01T00:00:00Z,2026-04-01T00:00:00Z,AWS,223344556677,Usage,2026-03-01T00:00:00Z,2026-03-01T01:00:00Z,AmazonS3,USWE-TimedStorage-ByteHrs,StandardStorage,,arn:aws:s3:::data-lake-raw,1848.4707,,,3.19444e-05,0.05994813,3.19444e-05,0.05994813,GB-Mo,0.023,0.05994813,Amazon Simple Storage Service,,,,,us-west-2,AmazonS3,data-eng,prod,CC200,,,,,,,,,,,,,
c0e455072cfb47eb9b2401594dc645f9,2026-03-01T10:00:00Z/2026-03-01T11:00:00Z,112233445566,2026-03-01T00:00:00Z,2026-04-01T00:00:00Z,AWS,223344556677,Usage,2026-03-01T10:00:00Z,2026-03-01T11:00:00Z,AmazonS3,USWE-TimedStorage-ByteHrs,StandardStorage,,arn:aws:s3:::data-lake-raw,1850.934,,,3.19444e-05,0.05815277,3.19444e-05,0.05815277,GB-Mo,0.023,0.05815277,Amazon Simple Storage Service,,,,,us-west-2,AmazonS3,data-eng,prod,CC200,,,,,,,,,,,,,
3d91092b6db240a282b0ad1869c9e35c,2026-03-01T20:00:00Z/2026-03-01T21:00:00Z,112233445566,2026-03-01T00:00:00Z,2026-04-01T00:00:00Z,AWS,223344556677,Usage,2026-03-01T20:00:00Z,2026-03-01T21:00:00Z,AmazonS3,USWE-TimedStorage-ByteHrs,StandardStorage,,arn:aws:s3:::data-lake-raw,1849.5709,,,3.19444e-05,0.05930897,3.19444e-05,0.05930897,GB-Mo,0.023,0.05930897,Amazon Simple Storage Service,,,,,us-west-2,AmazonS3,data-eng,prod,CC200,,,,,,,,,,,,,
dce8fc171b20495f8f2f930a170d6197,2026-03-02T06:00:00Z/2026-03-02T07:00:00Z,112233445566,2026-03-01T00:00:00Z,2026-04-01T00:00:00Z,AWS,223344556677,Usage,2026-03-02T06:00:00Z,2026-03-02T07:00:00Z,AmazonS3,USWE-TimedStorage-ByteHrs,StandardStorage,,arn:aws:s3:::data-lake-raw,1849.3137,,,3.19444e-05,0.06019229,3.19444e-05,0.06019229,GB-Mo,0.023,0.06019229,Amazon Simple Storage Service,,,,,us-west-2,AmazonS3,data-eng,prod,CC200,,,,,,,,,,,,,
8aa6571c0e894792a35384cc03ad916d,2026-03-02T16:00:00Z/2026-03-02T17:00:00Z,112233445566,2026-03-01T00:00:00Z,2026-04-01T00:00:00Z,AWS,223344556677,Usage,2026-03-02T16:00:00Z,2026-03-02T17:00:00Z,AmazonS3,USWE-TimedStorage-ByteHrs,StandardStorage,,arn:aws:s3:::data-lake-raw,1849.1748,,,3.19444e-05,0.05824582,3.19444e-05,0.05824582,GB-Mo,0.023,0.05824582,Amazon Simple Storage Service,,,,,us-west-2,AmazonS3,data-eng,prod,CC200,,,,,,,,,,,,,
8ebe9167137e4160a22ba0e4da9c9890,2026-03-03T02:00:00Z/2026-03-03T03:00:00Z,112233445566,2026-03-01T00:00:00Z,2026-04-01T00:00:00Z,AWS,223344556677,Usage,2026-03-03T02:00:00Z,2026-03-03T03:00:00Z,AmazonS3,USWE-TimedStorage-ByteHrs,StandardStorage,,arn:aws:s3:::data-lake-raw,1850.1976,,,3.19444e-05,0.05811443,3.19444e-05,0.05811443,GB-Mo,0.023,0.05811443,Amazon Simple Storage Service,,,,,us-west-2,AmazonS3,data-eng,prod,CC200,,,,,,,,,,,,,
a8b3817bbffd4ec5a4f4ce2c4dc0daf2,2026-03-03T12:00:00Z/2026-03-03T13:00:00Z,112233445566,2026-03-01T00:00:00Z,2026-04-01T00:00:00Z,AWS,223344556677,Usage,2026-03-03T12:00:00Z,2026-03-03T13:00:00Z,AmazonS3,USWE-TimedStorage-ByteHrs,StandardStorage,,arn:aws:s3:::data-lake-raw,1850.3981,,,3.19444e-05,0.05933363,3.19444e-05,0.05933363,GB-Mo,0.023,0.05933363,Amazon Simple Storage Service,,,,,us-west-2,AmazonS3,data-eng,prod,CC200,,,,,,,,,,,,,
432db08451224a9b98eb6baeb5dd086c,2026-03-03T22:00:00Z/2026-03-03T23:00:00Z,112233445566,2026-03-01T00:00:00Z,2026-04-01T00:00:00Z,AWS,223344556677,Usage,2026-03-03T22:00:00Z,2026-03-03T23:00:00Z,AmazonS3,USWE-TimedStorage-ByteHrs,StandardStorage,,arn:aws:s3:::data-lake-raw,1850.7048,,,3.19444e-05,0.05975668,3.19444e-05,0.05975668,GB-Mo,0.023,0.05975668,Amazon Simple Storage Service,,,,,us-west-2,AmazonS3,data-eng,prod,CC200,,,,,,,,,,,,,
53d7a8c6b6254261971c957949174943,2026-03-04T08:00:00Z/2026-03-04T09:00:00Z,112233445566,2026-03-01T00:00:00Z,2026-04-01T00:00:00Z,AWS,223344556677,Usage,2026-03-04T08:00:00Z,2026-03-04T09:00:00Z,AmazonS3,USWE-TimedStorage-ByteHrs,StandardStorage,,arn:aws:s3:::data-lake-raw,1850.5861,,,3.19444e-05,0.0599196,3.19444e-05,0.0599196,GB-Mo,0.023,0.0599196,Amazon Simple Storage Service,,,,,us-west-2,AmazonS3,data-eng,prod,CC200,,,,,,,,,,,,,
d2d6eaa1c642408dbfe17d67cd9feade,2026-03-04T18:00:00Z/2026-03-04T19:00:00Z,112233445566,2026-03-01T00:00:00Z,2026-04-01T00:00:00Z,AWS,223344556677,Usage,2026-03-04T18:00:00Z,2026-03-04T19:00:00Z,AmazonS3,USWE-TimedStorage-ByteHrs,StandardStorage,,arn:aws:s3:::data-lake-raw,1850.0657,,,3.19444e-05,0.05862834,3.19444e-05,0.05862834,GB-Mo,0.023,0.05862834,Amazon Simple Storage Service,,,,,us-west-2,AmazonS3,data-eng,prod,CC200,,,,,,,,,,,,,
11c5f964b3444b42a6216246befb0067,2026-03-05T04:00:00Z/2026-03-05T05:00:00Z,112233445566,2026-03-01T00:00:00Z,2026-04-01T00:00:00Z,AWS,223344556677,Usage,2026-03-05T04:00:00Z,2026-03-05T05:00:00Z,AmazonS3,USWE-TimedStorage-ByteHrs,StandardStorage,,arn:aws:s3:::data-lake-raw,1850.917,,,3.19444e-05,0.05911973,3.19444e-05,0.05911973,GB-Mo,0.023,0.05911973,Amazon Simple Storage Service,,,,,us-west-2,AmazonS3,data-eng,prod,CC200,,,,,,,,,,,,,
f4df6d8f6e974bb1a6e55f5e2f4a8f28,2026-03-05T14:00:00Z/2026-03-05T15:00:00Z,112233445566,2026-03-01T00:00:00Z,2026-04-01T00:00:00Z,AWS,223344556677,Usage,2026-03-05T14:00:00Z,2026-03-05T15:00:00Z,AmazonS3,USWE-TimedStorage-ByteHrs,StandardStorage,,arn:aws:s3:::data-lake-raw,1848.3519,,,3.19444e-05,0.05861391,3.19444e-05,0.05861391,GB-Mo,0.023,0.05861391,Amazon Simple Storage Service,,,,,us-west-2,AmazonS3,data-eng,prod,CC200,,,,,,,,,,,,,
0ee856881721419f94305a53de15c172,2026-03-06T00:00:00Z/2026-03-06T01:00:00Z,112233445566,2026-03-01T00:00:00Z,2026-04-01T00:00:00Z,AWS,223344556677,Usage,2026-03-06T00:00:00Z,2026-03-06T01:00:00Z,AmazonS3,USWE-TimedStorage-ByteHrs,StandardStorage,,arn:aws:s3:::data-lake-raw,1851.6823,,,3.19444e-05,0.06003784,3.19444e-05,0.06003784,GB-Mo,0.023,0.06003784,Amazon Simple Storage Service,,,,,us-west-2,AmazonS3,data-eng,prod,CC200,,,,,,,,,,,,,
7896a29dc8dc4aceaf32fb5642efed3f,2026-03-06T10:00:00Z/2026-03-06T11:00:00Z,112233445566,2026-03-01T00:00:00Z,2026-04-01T00:00:00Z,AWS,223344556677,Usage,2026-03-06T10:00:00Z,2026-03-06T11:00:00Z,AmazonS3,USWE-TimedStorage-ByteHrs,StandardStorage,,arn:aws:s3:::data-lake-raw,1848.5672,,,3.19444e-05,0.05908514,3.19444e-05,0.05908514,GB-Mo,0.023,0.05908514,Amazon Simple Storage Service,,,,,us-west-2,AmazonS3,data-eng,prod,CC200,,,,,,,,,,,,,
083d5cc795c04861ac2daeb2dc7036c0,2026-03-06T20:00:00Z/2026-03-06T21:00:00Z,112233445566,2026-03-01T00:00:00Z,2026-04-01T00:00:00Z,AWS,223344556677,Usage,2026-03-06T20:00:00Z,2026-03-06T21:00:00Z,AmazonS3,USWE-TimedStorage-ByteHrs,StandardStorage,,arn:aws:s3:::data-lake-raw,1850.3475,,,3.19444e-05,0.05909624,3.19444e-05,0.05909624,GB-Mo,0.023,0.05909624,Amazon Simple Storage Service,,,,,us-west-2,AmazonS3,data-eng,prod,CC200,,,,,,,,,,,,,
742e24737fea451ca4186db27482bdee,2026-03-07T06:00:00Z/2026-03-07T07:00:00Z,112233445566,2026-03-01T00:00:00Z,2026-04-01T00:00:00Z,AWS,223344556677,Usage,2026-03-07T06:00:00Z,2026-03-07T07:00:00Z,AmazonS3,USWE-TimedStorage-ByteHrs,StandardStorage,,arn:aws:s3:::data-lake-raw,1851.7675,,,3.19444e-05,0.05916409,3.19444e-05,0.05916409,GB-Mo,0.023,0.05916409,Amazon Simple Storage Service,,,,,us-west-2,AmazonS3,data-eng,prod,CC200,,,,,,,,,,,,,
f9ea8adfcdea4e73b8b6fb636172f51b,2026-03-07T16:00:00Z/2026-03-07T17:00:00Z,112233445566,2026-03-01T00:00:00Z,2026-04-01T00:00:00Z,AWS,223344556677,Usage,2026-03-07T16:00:00Z,2026-03-07T17:00:00Z,AmazonS3,USWE-TimedStorage-ByteHrs,StandardStorage,,arn:aws:s3:::data-lake-raw,1851.6055,,,3.19444e-05,0.06024816,3.19444e-05,0.06024816,GB-Mo,0.023,0.06024816,Amazon Simple Storage Service,,,,,us-west-2,AmazonS3,data-eng,prod,CC200,,,,,,,,,,,,,
8bf35121ac504661a684b16c227db87d,2026-03-08T02:00:00Z/2026-03-08T03:00:00Z,112233445566,2026-03-01T00:00:00Z,2026-04-01T00:00:00Z,AWS,223344556677,Usage,2026-03-08T02:00:00Z,2026-03-08T03:00:00Z,AmazonS3,USWE-TimedStorage-ByteHrs,StandardStorage,,arn:aws:s3:::data-lake-raw,1851.335,,,3.19444e-05,0.05822727,3.19444e-05,0.05822727,GB-Mo,0.023,0.05822727,Amazon Simple Storage Service,,,,,us-west-2,AmazonS3,data-eng,prod,CC200,,,,,,,,,,,,,
8375a8e2c98841cabd0a7f90b806d504,2026-03-08T12:00:00Z/2026-03-08T13:00:00Z,112233445566,2026-03-01T00:00:00Z,2026-04-01T00:00:00Z,AWS,223344556677,Usage,2026-03-08T12:00:00Z,2026-03-08T13:00:00Z,AmazonS3,USWE-TimedStorage-ByteHrs,StandardStorage,,arn:aws:s3:::data-lake-raw,1849.502,,,3.19444e-05,0.05925887,3.19444e-05,0.05925887,GB-Mo,0.023,0.05925887,Amazon Simple Storage Service,,,,,us-west-2,AmazonS3,data-eng,prod,CC200,,,,,,,,,,,,,
11d3c38c29a54cd9b0b73c91e00a9526,2026-03-08T22:00:00Z/2026-03-08T23:00:00Z,112233445566,2026-03-01T00:00:00Z,2026-04-01T00:00:00Z,AWS,223344556677,Usage,2026-03-08T22:00:00Z,2026-03-08T23:00:00Z,AmazonS3,USWE-TimedStorage-ByteHrs,StandardStorage,,arn:aws:s3:::data-lake-raw,1850.9721,,,3.19444e-05,0.05952968,3.19444e-05,0.05952968,GB-Mo,0.023,0.05952968,Amazon Simple Storage Service,,,,,us-west-2,AmazonS3,data-eng,prod,CC200,,,,,,,,,,,,,
4a55b6f72d94495f94e77ba7b333e6d4,2026-03-09T08:00:00Z/2026-03-09T09:00:00Z,112233445566,2026-03-01T00:00:00Z,2026-04-01T00:00:00Z,AWS,223344556677,Usage,2026-03-09T08:00:00Z,2026-03-09T09:00:00Z,AmazonS3,USWE-TimedStorage-ByteHrs,StandardStorage,,arn:aws:s3:::data-lake-raw,1851.0004,,,3.19444e-05,0.0601715,3.19444e-05,0.0601715,GB-Mo,0.023,0.0601715,Amazon Simple Storage Service,,,,,us-west-2,AmazonS3,data-eng,prod,CC200,,,,,,,,,,,,,
60acc3bce073468eaa128e05ce0ec1c8,2026-03-09T18:00:00Z/2026-03-09T19:00:00Z,112233445566,2026-03-01T00:00:00Z,2026-04-01T00:00:00Z,AWS,223344556677,Usage,2026-03-09T18:00:00Z,2026-03-09T19:00:00Z,AmazonS3,USWE-TimedStorage-ByteHrs,StandardStorage,,arn:aws:s3:::data-lake-raw,1848.3999,,,3.19444e-05,0.05795473,3.19444e-05,0.05795473,GB-Mo,0.023,0.05795473,Amazon Simple Storage Service,,,,,us-west-2,AmazonS3,data-eng,prod,CC200,,,,,,,,,,,,,
a348c78c39d94324a1933e5ff797ce01,2026-03-10T04:00:00Z/2026-03-10T05:00:00Z,112233445566,2026-03-01T00:00:00Z,2026-04-01T00:00:00Z,AWS,223344556677,Usage,2026-03-10T04:00:00Z,2026-03-10T05:00:00Z,AmazonS3,USWE-TimedStorage-ByteHrs,StandardStorage,,arn:aws:s3:::data-lake-raw,1848.2974,,,3.19444e-05,0.05853505,3.19444e-05,0.05853505,GB-Mo,0.023,0.05853505,Amazon Simple Storage Service,,,,,us-west-2,AmazonS3,data-eng,prod,CC200,,,,,,,,,,,,,
322bd7847dfc4d3db947766276ee13bd,2026-03-10T14:00:00Z/2026-03-10T15:00:00Z,112233445566,2026-03-01T00:00:00Z,2026-04-01T00:00:00Z,AWS,223344556677,Usage,2026-03-10T14:00:00Z,2026-03-10T15:00:00Z,AmazonS3,USWE-TimedStorage-ByteHrs,StandardStorage,,arn:aws:s3:::data-lake-raw,1851.0704,,,3.19444e-05,0.05805822,3.19444e-05,0.05805822,GB-Mo,0.023,0.05805822,Amazon Simple Storage Service,,,,,us-west-2,AmazonS3,data-eng,prod,CC200,,,,,,,,,,,,,
d22dee7afcfc4f3794b7ffa00ed3ff15,2026-03-11T00:00:00Z/2026-03-11T01:00:00Z,112233445566,2026-03-01T00:00:00Z,2026-04-01T00:00:00Z,AWS,223344556677,Usage,2026-03-11T00:00:00Z,2026-03-11T01:00:00Z,AmazonS3,USWE-TimedStorage-ByteHrs,StandardStorage,,arn:aws:s3:::data-lake-raw,1850.4757,,,3.19444e-05,0.05911285,3.19444e-05,0.05911285,GB-Mo,0.023,0.05911285,Amazon Simple Storage Service,,,,,us-west-2,AmazonS3,data-eng,prod,CC200,,,,,,,,,,,,,
5d20f79da5bb4b4ba8b024f0b0d45354,2026-03-11T10:00:00Z/2026-03-11T11:00:00Z,112233445566,2026-03-01T00:00:00Z,2026-04-01T00:00:00Z,AWS,223344556677,Usage,2026-03-11T10:00:00Z,2026-03-11T11:00:00Z,AmazonS3,USWE-TimedStorage-ByteHrs,StandardStorage,,arn:aws:s3:::data-lake-raw,1849.6871,,,3.19444e-05,0.0590997,3.19444e-05,0.0590997,GB-Mo,0.023,0.0590997,Amazon Simple Storage Service,,,,,us-west-2,AmazonS3,data-eng,prod,CC200,,,,,,,,,,,,,
c4523c880d024be190b596f27f2b57ef,2026-03-11T20:00:00Z/2026-03-11T21:00:00Z,112233445566,2026-03-01T00:00:00Z,2026-04-01T00:00:00Z,AWS,223344556677,Usage,2026-03-11T20:00:00Z,2026-03-11T21:00:00Z,AmazonS3,USWE-TimedStorage-ByteHrs,StandardStorage,,arn:aws:s3:::data-lake-raw,1848.455,,,3.19444e-05,0.05957428,3.19444e-05,0.05957428,GB-Mo,0.023,0.05957428,Amazon Simple Storage Service,,,,,us-west-2,AmazonS3,data-eng,prod,CC200,,,,,,,,,,,,,
a87ae18e9c0a445cb8a20e6d63a508e1,2026-03-12T06:00:00Z/2026-03-12T07:00:00Z,112233445566,2026-03-01T00:00:00Z,2026-04-01T00:00:00Z,AWS,223344556677,Usage,2026-03-12T06:00:00Z,2026-03-12T07:00:00Z,AmazonS3,USWE-TimedStorage-ByteHrs,StandardStorage,,arn:aws:s3:::data-lake-raw,1850.4294,,,3.19444e-05,0.05918366,3.19444e-05,0.05918366,GB-Mo,0.023,0.05918366,Amazon Simple Storage Service,,,,,us-west-2,AmazonS3,data-eng,prod,CC200,,,,,,,,,,,,,
7a015e69e0ce4cdeae569e696a84807a,2026-03-12T16:00:00Z/2026-03-12T17:00:00Z,112233445566,2026-03-01T00:00:00Z,2026-04-01T00:00:00Z,AWS,223344556677,Usage,2026-03-12T16:00:00Z,2026-03-12T17:00:00Z,AmazonS3,USWE-TimedStorage-ByteHrs,StandardStorage,,arn:aws:s3:::data-lake-raw,1849.2967,,,3.19444e-05,0.05857118,3.19444e-05,0.05857118,GB-Mo,0.023,0.05857118,Amazon Simple Storage Service,,,,,us-west-2,AmazonS3,data-eng,prod,CC200,,,,,,,,,,,,,
6ee40c3fedd94b06b4ff093ed3f98fb3,2026-03-13T02:00:00Z/2026-03-13T03:00:00Z,112233445566,2026-03-01T00:00:00Z,2026-04-01T00:00:00Z,AWS,223344556677,Usage,2026-03-13T02:00:00Z,2026-03-13T03:00:00Z,AmazonS3,USWE-TimedStorage-ByteHrs,StandardStorage,,arn:aws:s3:::data-lake-raw,1848.9018,,,3.19444e-05,0.05912395,3.19444e-05,0.05912395,GB-Mo,0.023,0.05912395,Amazon Simple Storage Service,,,,,us-west-2,AmazonS3,data-eng,prod,CC200,,,,,,,,,,,,,
b909635a3d22481caec7aa254665fa6a,2026-03-13T12:00:00Z/2026-03-13T13:00:00Z,112233445566,2026-03-01T00:00:00Z,2026-04-01T00:00:00Z,AWS,223344556677,Usage,2026-03-13T12:00:00Z,2026-03-13T13:00:00Z,AmazonS3,USWE-TimedStorage-ByteHrs,StandardStorage,,arn:aws:s3:::data-lake-raw,1850.1346,,,3.19444e-05,0.05982544,3.19444e-05,0.05982544,GB-Mo,0.023,0.05982544,Amazon Simple Storage Service,,,,,us-west-2,AmazonS3,data-eng,prod,CC200,,,,,,,,,,,,,
38dbf567bd6f4f099bfb7d06a988672f,2026-03-13T22:00:00Z/2026-03-13T23:00:00Z,112233445566,2026-03-01T00:00:00Z,2026-04-01T00:00:00Z,AWS,223344556677,Usage,2026-03-13T22:00:00Z,2026-03-13T23:00:00Z,AmazonS3,USWE-TimedStorage-ByteHrs,StandardStorage,,arn:aws:s3:::data-lake-raw,1850.4969,,,3.19444e-05,0.05883892,3.19444e-05,0.05883892,GB-Mo,0.023,0.05883892,Amazon Simple Storage Service,,,,,us-west-2,AmazonS3,data-eng,prod,CC200,,,,,,,,,,,,,
f9e70d08bfcc40ff9c62a14109d0094d,2026-03-14T08:00:00Z/2026-03-14T09:00:00Z,112233445566,2026-03-01T00:00:00Z,2026-04-01T00:00:00Z,AWS,223344556677,Usage,2026-03-14T08:00:00Z,2026-03-14T09:00:00Z,AmazonS3,USWE-TimedStorage-ByteHrs,StandardStorage,,arn:aws:s3:::data-lake-raw,1850.6699,,,3.19444e-05,0.05988801,3.19444e-05,0.05988801,GB-Mo,0.023,0.05988801,Amazon Simple Storage Service,,,,,us-west-2,AmazonS3,data-eng,prod,CC200,,,,,,,,,,,,,
045ca5c3d2fd4a81aa61f6df483f7cca,2026-03-14T18:00:00Z/2026-03-14T19:00:00Z,112233445566,2026-03-01T00:00:00Z,2026-04-01T00:00:00Z,AWS,223344556677,Usage,2026-03-14T18:00:00Z,2026-03-14T19:00:00Z,AmazonS3,USWE-TimedStorage-ByteHrs,StandardStorage,,arn:aws:s3:::data-lake-raw,1850.7351,,,3.19444e-05,0.05807157,3.19444e-05,0.05807157,GB-Mo,0.023,0.05807157,Amazon Simple Storage Service,,,,,us-west-2,AmazonS3,data-eng,prod,CC200,,,,,,,,,,,,,
8f5ce469600441afae0d015408be4eeb,2026-03-15T04:00:00Z/2026-03-15T05:00:00Z,112233445566,2026-03-01T00:00:00Z,2026-04-01T00:00:00Z,AWS,223344556677,Usage,2026-03-15T04:00:00Z,2026-03-15T05:00:00Z,AmazonS3,USWE-TimedStorage-ByteHrs,StandardStorage,,arn:aws:s3:::data-lake-raw,1851.2819,,,3.19444e-05,0.05964082,3.19444e-05,0.05964082,GB-Mo,0.023,0.05964082,Amazon Simple Storage Service,,,,,us-west-2,AmazonS3,data-eng,prod,CC200,,,,,,,,,,,,,
4b56a709bb114e6b8a0e93643740047f,2026-03-15T14:00:00Z/2026-03-15T15:00:00Z,112233445566,2026-03-01T00:00:00Z,2026-04-01T00:00:00Z,AWS,223344556677,Usage,2026-03-15T14:00:00Z,2026-03-15T15:00:00Z,AmazonS3,USWE-TimedStorage-ByteHrs,StandardStorage,,arn:aws:s3:::data-lake-raw,1848.469,,,3.19444e-05,0.05805216,3.19444e-05,0.05805216,GB-Mo,0.023,0.05805216,Amazon Simple Storage Service,,,,,us-west-2,AmazonS3,data-eng,prod,CC200,,,,,,,,,,,,,
f7707a3ba53b499eb38631dc99a115b9,2026-03-16T00:00:00Z/2026-03-16T01:00:00Z,112233445566,2026-03-01T00:00:00Z,2026-04-01T00:00:00Z,AWS,223344556677,Usage,2026-03-16T00:00:00Z,2026-03-16T01:00:00Z,AmazonS3,USWE-TimedStorage-ByteHrs,StandardStorage,,arn:aws:s3:::data-lake-raw,1849.8275,,,3.19444e-05,0.05894235,3.19444e-05,0.05894235,GB-Mo,0.023,0.05894235,Amazon Simple Storage Service,,,,,us-west-2,AmazonS3,data-eng,prod,CC200,,,,,,,,,,,,,
9c7016fae16d4d6b95f3719d32ff50ad,2026-03-16T10:00:00Z/2026-03-16T11:00:00Z,112233445566,2026-03-01T00:00:00Z,2026-04-01T00:00:00Z,AWS,223344556677,Usage,2026-03-16T10:00:00Z,2026-03-16T11:00:00Z,AmazonS3,USWE-TimedStorage-ByteHrs,StandardStorage,,arn:aws:s3:::data-lake-raw,1849.2944,,,3.19444e-05,0.05935449,3.19444e-05,0.05935449,GB-Mo,0.023,0.05935449,Amazon Simple Storage Service,,,,,us-west-2,AmazonS3,data-eng,prod,CC200,,,,,,,,,,,,,
ddd3b4b1b6e9454b8a35026eeb02d504,2026-03-16T20:00:00Z/2026-03-16T21:00:00Z,112233445566,2026-03-01T00:00:00Z,2026-04-01T00:00:00Z,AWS,223344556677,Usage,2026-03-16T20:00:00Z,2026-03-16T21:00:00Z,AmazonS3,USWE-TimedStorage-ByteHrs,StandardStorage,,arn:aws:s3:::data-lake-raw,1850.8904,,,3.19444e-05,0.05966856,3.19444e-05,0.05966856,GB-Mo,0.023,0.05966856,Amazon Simple Storage Service,,,,,us-west-2,AmazonS3,data-eng,prod,CC200,,,,,,,,,,,,,
d635fef6f8ce484d865a972ce6a5a06f,2026-03-17T06:00:00Z/2026-03-17T07:00:00Z,112233445566,2026-03-01T00:00:00Z,2026-04-01T00:00:00Z,AWS,223344556677,Usage,2026-03-17T06:00:00Z,2026-03-17T07:00:00Z,AmazonS3,USWE-TimedStorage-ByteHrs,StandardStorage,,arn:aws:s3:::data-lake-raw,1850.7692,,,3.19444e-05,0.05819763,3.19444e-05,0.05819763,GB-Mo,0.023,0.05819763,Amazon Simple Storage Service,,,,,us-west-2,AmazonS3,data-eng,prod,CC200,,,,,,,,,,,,,
5bd43f95165045ee99a85abc305bdb6a,2026-03-17T16:00:00Z/2026-03-17T17:00:00Z,112233445566,2026-03-01T00:00:00Z,2026-04-01T00:00:00Z,AWS,223344556677,Usage,2026-03-17T16:00:00Z,2026-03-17T17:00:00Z,AmazonS3,USWE-TimedStorage-ByteHrs,StandardStorage,,arn:aws:s3:::data-lake-raw,1848.7562,,,3.19444e-05,0.05957354,3.19444e-05,0.05957354,GB-Mo,0.023,0.05957354,Amazon Simple Storage Service,,,,,us-west-2,AmazonS3,data-eng,prod,CC200,,,,,,,,,,,,,
8e971f7e0a6e4961b96440b7180dd5d3,2026-03-18T02:00:00Z/2026-03-18T03:00:00Z,112233445566,2026-03-01T00:00:00Z,2026-04-01T00:00:00Z,AWS,223344556677,Usage,2026-03-18T02:00:00Z,2026-03-18T03:00:00Z,AmazonS3,USWE-TimedStorage-ByteHrs,StandardStorage,,arn:aws:s3:::data-lake-raw,1850.0851,,,3.19444e-05,0.0601681,3.19444e-05,0.0601681,GB-Mo,0.023,0.0601681,Amazon Simple Storage Service,,,,,us-west-2,AmazonS3,data-eng,prod,CC200,,,,,,,,,,,,,
64710c25ef10405c9183166cadf5597a,2026-03-18T12:00:00Z/2026-03-18T13:00:00Z,112233445566,2026-03-01T00:00:00Z,2026-04-01T00:00:00Z,AWS,223344556677,Usage,2026-03-18T12:00:00Z,2026-03-18T13:00:00Z,AmazonS3,USWE-TimedStorage-ByteHrs,StandardStorage,,arn:aws:s3:::data-lake-raw,1850.8168,,,3.19444e-05,0.05976617,3.19444e-05,0.05976617,GB-Mo,0.023,0.05976617,Amazon Simple Storage Service,,,,,us-west-2,AmazonS3,data-eng,prod,CC200,,,,,,,,,,,,,
705d42a9a03545d59c6a7517785a29ad,2026-03-18T22:00:00Z/2026-03-18T23:00:00Z,112233445566,2026-03-01T00:00:00Z,2026-04-01T00:00:00Z,AWS,223344556677,Usage,2026-03-18T22:00:00Z,2026-03-18T23:00:00Z,AmazonS3,USWE-TimedStorage-ByteHrs,StandardStorage,,arn:aws:s3:::data-lake-raw,1848.6196,,,3.19444e-05,0.05830996,3.19444e-05,0.05830996,GB-Mo,0.023,0.05830996,Amazon Simple Storage Service,,,,,us-west-2,AmazonS3,data-eng,prod,CC200,,,,,,,,,,,,,
54f8171019c54fcb92e8388bce35be5f,2026-03-19T08:00:00Z/2026-03-19T09:00:00Z,112233445566,2026-03-01T00:00:00Z,2026-04-01T00:00:00Z,AWS,223344556677,Usage,2026-03-19T08:00:00Z,2026-03-19T09:00:00Z,AmazonS3,USWE-TimedStorage-ByteHrs,StandardStorage,,arn:aws:s3:::data-lake-raw,1849.1444,,,3.19444e-05,0.05976177,3.19444e-05,0.05976177,GB-Mo,0.023,0.05976177,Amazon Simple Storage Service,,,,,us-west-2,AmazonS3,data-eng,prod,CC200,,,,,,,,,,,,,
1342e15a24094a8ab69828a99c511ddc,2026-03-19T18:00:00Z/2026-03-19T19:00:00Z,112233445566,2026-03-01T00:00:00Z,2026-04-01T00:00:00Z,AWS,223344556677,Usage,2026-03-19T18:00:00Z,2026-03-19T19:00:00Z,AmazonS3,USWE-TimedStorage-ByteHrs,StandardStorage,,arn:aws:s3:::data-lake-raw,1851.0043,,,3.19444e-05,0.06001066,3.19444e-05,0.06001066,GB-Mo,0.023,0.06001066,Amazon Simple Storage Service,,,,,us-west-2,AmazonS3,data-eng,prod,CC200,,,,,,,,,,,,,
7aacf30da0b1431ebf2b376fd7f19d7f,2026-03-20T04:00:00Z/2026-03-20T05:00:00Z,112233445566,2026-03-01T00:00:00Z,2026-04-01T00:00:00Z,AWS,223344556677,Usage,2026-03-20T04:00:00Z,2026-03-20T05:00:00Z,AmazonS3,USWE-TimedStorage-ByteHrs,StandardStorage,,arn:aws:s3:::data-lake-raw,1851.1363,,,3.19444e-05,0.05798467,3.19444e-05,0.05798467,GB-Mo,0.023,0.05798467,Amazon Simple Storage Service,,,,,us-west-2,AmazonS3,data-eng,prod,CC200,,,,,,,,,,,,,
128082d89bd74820aa05332cb8370a9d,2026-03-20T14:00:00Z/2026-03-20T15:00:00Z,112233445566,2026-03-01T00:00:00Z,2026-04-01T00:00:00Z,AWS,223344556677,Usage,2026-03-20T14:00:00Z,2026-03-20T15:00:00Z,AmazonS3,USWE-TimedStorage-ByteHrs,StandardStorage,,arn:aws:s3:::data-lake-raw,1848.3863,,,3.19444e-05,0.05855821,3.19444e-05,0.05855821,GB-Mo,0.023,0.05855821,Amazon Simple Storage Service,,,,,us-west-2,AmazonS3,data-eng,prod,CC200,,,,,,,,,,,,,
f3d21f14a5524232adcb231470efd8e2,2026-03-21T00:00:00Z/2026-03-21T01:00:00Z,112233445566,2026-03-01T00:00:00Z,2026-04-01T00:00:00Z,AWS,223344556677,Usage,2026-03-21T00:00:00Z,2026-03-21T01:00:00Z,AmazonS3,USWE-TimedStorage-ByteHrs,StandardStorage,,arn:aws:s3:::data-lake-raw,1850.2836,,,3.19444e-05,0.05959913,3.19444e-05,0.05959913,GB-Mo,0.023,0.05959913,Amazon Simple Storage Service,,,,,us-west-2,AmazonS3,data-eng,prod,CC200,,,,,,,,,,,,,
702321d73f924ceeb30dc1e1531b256d,2026-03-21T10:00:00Z/2026-03-21T11:00:00Z,112233445566,2026-03-01T00:00:00Z,2026-04-01T00:00:00Z,AWS,223344556677,Usage,2026-03-21T10:00:00Z,2026-03-21T11:00:00Z,AmazonS3,USWE-TimedStorage-ByteHrs,StandardStorage,,arn:aws:s3:::data-lake-raw,1849.8342,,,3.19444e-05,0.05809746,3.19444e-05,0.05809746,GB-Mo,0.023,0.05809746,Amazon Simple Storage Service,,,,,us-west-2,AmazonS3,data-eng,prod,CC200,,,,,,,,,,,,,
2253f3474d344559b77777d12e7fd3e7,2026-03-21T20:00:00Z/2026-03-21T21:00:00Z,112233445566,2026-03-01T00:00:00Z,2026-04-01T00:00:00Z,AWS,223344556677,Usage,2026-03-21T20:00:00Z,2026-03-21T21:00:00Z,AmazonS3,USWE-TimedStorage-ByteHrs,StandardStorage,,arn:aws:s3:::data-lake-raw,1849.9986,,,3.19444e-05,0.05876657,3.19444e-05,0.05876657,GB-Mo,0.023,0.05876657,Amazon Simple Storage Service,,,,,us-west-2,AmazonS3,data-eng,prod,CC200,,,,,,,,,,,,,
0f6bf67da49a4226b7d62cdc4d288f75,2026-03-22T06:00:00Z/2026-03-22T07:00:00Z,112233445566,2026-03-01T00:00:00Z,2026-04-01T00:00:00Z,AWS,223344556677,Usage,2026-03-22T06:00:00Z,2026-03-22T07:00:00Z,AmazonS3,USWE-TimedStorage-ByteHrs,StandardStorage,,arn:aws:s3:::data-lake-raw,1849.5104,,,3.19444e-05,0.05925533,3.19444e-05,0.05925533,GB-Mo,0.023,0.05925533,Amazon Simple Storage Service,,,,,us-west-2,AmazonS3,data-eng,prod,CC200,,,,,,,,,,,,,
74961bcfc0ab4021857cf41191679d3b,2026-03-22T16:00:00Z/2026-03-22T17:00:00Z,112233445566,2026-03-01T00:00:00Z,2026-04-01T00:00:00Z,AWS,223344556677,Usage,2026-03-22T16:00:00Z,2026-03-22T17:00:00Z,AmazonS3,USWE-TimedStorage-ByteHrs,StandardStorage,,arn:aws:s3:::data-lake-raw,1848.5307,,,3.19444e-05,0.05851834,3.19444e-05,0.05851834,GB-Mo,0.023,0.05851834,Amazon Simple Storage Service,,,,,us-west-2,AmazonS3,data-eng,prod,CC200,,,,,,,,,,,,,
e7a2a30837e74cc38111975404a0c86b,2026-03-23T02:00:00Z/2026-03-23T03:00:00Z,112233445566,2026-03-01T00:00:00Z,2026-04-01T00:00:00Z,AWS,223344556677,Usage,2026-03-23T02:00:00Z,2026-03-23T03:00:00Z,AmazonS3,USWE-TimedStorage-ByteHrs,StandardStorage,,arn:aws:s3:::data-lake-raw,1850.8243,,,3.19444e-05,0.05927194,3.19444e-05,0.05927194,GB-Mo,0.023,0.05927194,Amazon Simple Storage Service,,,,,us-west-2,AmazonS3,data-eng,prod,CC200,,,,,,,,,,,,,
d0621e77f9bf4b64ac6d64b8b5f005e2,2026-03-23T12:00:00Z/2026-03-23T13:00:00Z,112233445566,2026-03-01T00:00:00Z,2026-04-01T00:00:00Z,AWS,223344556677,Usage,2026-03-23T12:00:00Z,2026-03-23T13:00:00Z,AmazonS3,USWE-TimedStorage-ByteHrs,StandardStorage,,arn:aws:s3:::data-lake-raw,1850.0327,,,3.19444e-05,0.0584552,3.19444e-05,0.0584552,GB-Mo,0.023,0.0584552,Amazon Simple Storage Service,,,,,us-west-2,AmazonS3,data-eng,prod,CC200,,,,,,,,,,,,,
fa6e511fa3224d60bc439e8e9d086e3a,2026-03-23T22:00:00Z/2026-03-23T23:00:00Z,112233445566,2026-03-01T00:00:00Z,2026-04-01T00:00:00Z,AWS,223344556677,Usage,2026-03-23T22:00:00Z,2026-03-23T23:00:00Z,AmazonS3,USWE-TimedStorage-ByteHrs,StandardStorage,,arn:aws:s3:::data-lake-raw,1851.3428,,,3.19444e-05,0.05801938,3.19444e-05,0.05801938,GB-Mo,0.023,0.05801938,Amazon Simple Storage Service,,,,,us-west-2,AmazonS3,data-eng,prod,CC200,,,,,,,,,,,,,
5f46007b3fb54056952a8e67d68c0114,2026-03-24T08:00:00Z/2026-03-24T09:00:00Z,112233445566,2026-03-01T00:00:00Z,2026-04-01T00:00:00Z,AWS,223344556677,Usage,2026-03-24T08:00:00Z,2026-03-24T09:00:00Z,AmazonS3,USWE-TimedStorage-ByteHrs,StandardStorage,,arn:aws:s3:::data-lake-raw,1849.8955,,,3.19444e-05,0.05849337,3.19444e-05,0.05849337,GB-Mo,0.023,0.05849337,Amazon Simple Storage Service,,,,,us-west-2,AmazonS3,data-eng,prod,CC200,,,,,,,,,,,,,
6256b60bd13f472c96aaeab946217780,2026-03-24T18:00:00Z/2026-03-24T19:00:00Z,112233445566,2026-03-01T00:00:00Z,2026-04-01T00:00:00Z,AWS,223344556677,Usage,2026-03-24T18:00:00Z,2026-03-24T19:00:00Z,AmazonS3,USWE-TimedStorage-ByteHrs,StandardStorage,,arn:aws:s3:::data-lake-raw,1848.7053,,,3.19444e-05,0.0588206,3.19444e-05,0.0588206,GB-Mo,0.023,0.0588206,Amazon Simple Storage Service,,,,,us-west-2,AmazonS3,data-eng,prod,CC200,,,,,,,,,,,,,
59c4fe99974f44b08230d1f9d3c6be51,2026-03-25T04:00:00Z/2026-03-25T05:00:00Z,112233445566,2026-03-01T00:00:00Z,2026-04-01T00:00:00Z,AWS,223344556677,Usage,2026-03-25T04:00:00Z,2026-03-25T05:00:00Z,AmazonS3,USWE-TimedStorage-ByteHrs,StandardStorage,,arn:aws:s3:::data-lake-raw,1851.3227,,,3.19444e-05,0.06011644,3.19444e-05,0.06011644,GB-Mo,0.023,0.06011644,Amazon Simple Storage Service,,,,,us-west-2,AmazonS3,data-eng,prod,CC200,,,,,,,,,,,,,
af25412bbead4ff9a336bb94dbc58948,2026-03-25T14:00:00Z/2026-03-25T15:00:00Z,112233445566,2026-03-01T00:00:00Z,2026-04-01T00:00:00Z,AWS,223344556677,Usage,2026-03-25T14:00:00Z,2026-03-25T15:00:00Z,AmazonS3,USWE-TimedStorage-ByteHrs,StandardStorage,,arn:aws:s3:::data-lake-raw,1851.5316,,,3.19444e-05,0.05922219,3.19444e-05,0.05922219,GB-Mo,0.023,0.05922219,Amazon Simple Storage Service,,,,,us-west-2,AmazonS3,data-eng,prod,CC200,,,,,,,,,,,,,
b3e9e8c4aa8041ee9df4dbc4b8805cdc,2026-03-26T00:00:00Z/2026-03-26T01:00:00Z,112233445566,2026-03-01T00:00:00Z,2026-04-01T00:00:00Z,AWS,223344556677,Usage,2026-03-26T00:00:00Z,2026-03-26T01:00:00Z,AmazonS3,USWE-TimedStorage-ByteHrs,StandardStorage,,arn:aws:s3:::data-lake-raw,1849.7017,,,3.19444e-05,0.05966613,3.19444e-05,0.05966613,GB-Mo,0.023,0.05966613,Amazon Simple Storage Service,,,,,us-west-2,AmazonS3,data-eng,prod,CC200,,,,,,,,,,,,,
da8e524f05d54d638fd28de36676173a,2026-03-26T10:00:00Z/2026-03-26T11:00:00Z,112233445566,2026-03-01T00:00:00Z,2026-04-01T00:00:00Z,AWS,223344556677,Usage,2026-03-26T10:00:00Z,2026-03-26T11:00:00Z,AmazonS3,USWE-TimedStorage-ByteHrs,StandardStorage,,arn:aws:s3:::data-lake-raw,1849.6901,,,3.19444e-05,0.05867598,3.19444e-05,0.05867598,GB-Mo,0.023,0.05867598,Amazon Simple Storage Service,,,,,us-west-2,AmazonS3,data-eng,prod,CC200,,,,,,,,,,,,,
2162a611bfc04b46ae1221357ff28fe3,2026-03-26T20:00:00Z/2026-03-26T21:00:00Z,112233445566,2026-03-01T00:00:00Z,2026-04-01T00:00:00Z,AWS,223344556677,Usage,2026-03-26T20:00:00Z,2026-03-26T21:00:00Z,AmazonS3,USWE-TimedStorage-ByteHrs,StandardStorage,,arn:aws:s3:::data-lake-raw,1849.1537,,,3.19444e-05,0.05961796,3.19444e-05,0.05961796,GB-Mo,0.023,0.05961796,Amazon Simple Storage Service,,,,,us-west-2,AmazonS3,data-eng,prod,CC200,,,,,,,,,,,,,
6c9c99f0180040a594bdf88efb8c8c65,2026-03-27T06:00:00Z/2026-03-27T07:00:00Z,112233445566,2026-03-01T00:00:00Z,2026-04-01T00:00:00Z,AWS,223344556677,Usage,2026-03-27T06:00:00Z,2026-03-27T07:00:00Z,AmazonS3,USWE-TimedStorage-ByteHrs,StandardStorage,,arn:aws:s3:::data-lake-raw,1849.5294,,,3.19444e-05,0.05809939,3.19444e-05,0.05809939,GB-Mo,0.023,0.05809939,Amazon Simple Storage Service,,,,,us-west-2,AmazonS3,data-eng,prod,CC200,,,,,,,,,,,,,
dea73eddf0794e3ea31cd0779c837921,2026-03-27T16:00:00Z/2026-03-27T17:00:00Z,112233445566,2026-03-01T00:00:00Z,2026-04-01T00:00:00Z,AWS,223344556677,Usage,2026-03-27T16:00:00Z,2026-03-27T17:00:00Z,AmazonS3,USWE-TimedStorage-ByteHrs,StandardStorage,,arn:aws:s3:::data-lake-raw,1851.4872,,,3.19444e-05,0.05910205,3.19444e-05,0.05910205,GB-Mo,0.023,0.05910205,Amazon Simple Storage Service,,,,,us-west-2,AmazonS3,data-eng,prod,CC200,,,,,,,,,,,,,
5c3fba2587bb4c18871d34227e4ebd47,2026-03-28T02:00:00Z/2026-03-28T03:00:00Z,112233445566,2026-03-01T00:00:00Z,2026-04-01T00:00:00Z,AWS,223344556677,Usage,2026-03-28T02:00:00Z,2026-03-28T03:00:00Z,AmazonS3,USWE-TimedStorage-ByteHrs,StandardStorage,,arn:aws:s3:::data-lake-raw,1851.1261,,,3.19444e-05,0.05833923,3.19444e-05,0.05833923,GB-Mo,0.023,0.05833923,Amazon Simple Storage Service,,,,,us-west-2,AmazonS3,data-eng,prod,CC200,,,,,,,,,,,,,
03b0817ddbc94befbf07fb1daab0c7cd,2026-03-28T12:00:00Z/2026-03-28T13:00:00Z,112233445566,2026-03-01T00:00:00Z,2026-04-01T00:00:00Z,AWS,223344556677,Usage,2026-03-28T12:00:00Z,2026-03-28T13:00:00Z,AmazonS3,USWE-TimedStorage-ByteHrs,StandardStorage,,arn:aws:s3:::data-lake-raw,1851.6801,,,3.19444e-05,0.06023523,3.19444e-05,0.06023523,GB-Mo,0.023,0.06023523,Amazon Simple Storage Service,,,,,us-west-2,AmazonS3,data-eng,prod,CC200,,,,,,,,,,,,,
afbcb75c83fb42eabeee1b3cafefb382,2026-03-28T22:00:00Z/2026-03-28T23:00:00Z,112233445566,2026-03-01T00:00:00Z,2026-04-01T00:00:00Z,AWS,223344556677,Usage,2026-03-28T22:00:00Z,2026-03-28T23:00:00Z,AmazonS3,USWE-TimedStorage-ByteHrs,StandardStorage,,arn:aws:s3:::data-lake-raw,1849.8708,,,3.19444e-05,0.05807821,3.19444e-05,0.05807821,GB-Mo,0.023,0.05807821,Amazon Simple Storage Service,,,,,us-west-2,AmazonS3,data-eng,prod,CC200,,,,,,,,,,,,,
0668b9c57fe745519a721375ac2bbeae,2026-03-29T08:00:00Z/2026-03-29T09:00:00Z,112233445566,2026-03-01T00:00:00Z,2026-04-01T00:00:00Z,AWS,223344556677,Usage,2026-03-29T08:00:00Z,2026-03-29T09:00:00Z,AmazonS3,USWE-TimedStorage-ByteHrs,StandardStorage,,arn:aws:s3:::data-lake-raw,1851.2759,,,3.19444e-05,0.05858262,3.19444e-05,0.05858262,GB-Mo,0.023,0.05858262,Amazon Simple Storage Service,,,,,us-west-2,AmazonS3,data-eng,prod,CC200,,,,,,,,,,,,,
d30571d639d449c0a3444d6b7c609c63,2026-03-29T18:00:00Z/2026-03-29T19:00:00Z,112233445566,2026-03-01T00:00:00Z,2026-04-01T00:00:00Z,AWS,223344556677,Usage,2026-03-29T18:00:00Z,2026-03-29T19:00:00Z,AmazonS3,USWE-TimedStorage-ByteHrs,StandardStorage,,arn:aws:s3:::data-lake-raw,1850.1964,,,3.19444e-05,0.05868898,3.19444e-05,0.05868898,GB-Mo,0.023,0.05868898,Amazon Simple Storage Service,,,,,us-west-2,AmazonS3,data-eng,prod,CC200,,,,,,,,,,,,,
47f070ae842a4c17978e1294b0633b96,2026-03-30T04:00:00Z/2026-03-30T05:00:00Z,112233445566,2026-03-01T00:00:00Z,2026-04-01T00:00:00Z,AWS,223344556677,Usage,2026-03-30T04:00:00Z,2026-03-30T05:00:00Z,AmazonS3,USWE-TimedStorage-ByteHrs,StandardStorage,,arn:aws:s3:::data-lake-raw,1848.8925,,,3.19444e-05,0.05793412,3.19444e-05,0.05793412,GB-Mo,0.023,0.05793412,Amazon Simple Storage Service,,,,,us-west-2,AmazonS3,data-eng,prod,CC200,,,,,,,,,,,,,
ae036028c04a4885bd6c0306e345a6bb,2026-03-30T14:00:00Z/2026-03-30T15:00:00Z,112233445566,2026-03-01T00:00:00Z,2026-04-01T00:00:00Z,AWS,223344556677,Usage,2026-03-30T14:00:00Z,2026-03-30T15:00:00Z,AmazonS3,USWE-TimedStorage-ByteHrs,StandardStorage,,arn:aws:s3:::data-lake-raw,1849.2745,,,3.19444e-05,0.05924805,3.19444e-05,0.05924805,GB-Mo,0.023,0.05924805,Amazon Simple Storage Service,,,,,us-west-2,AmazonS3,data-eng,prod,CC200,,,,,,,,,,,,,
dfb2924e913b424a9cb595764d951163,2026-03-01T00:00:00Z/2026-03-01T01:00:00Z,112233445566,2026-03-01T00:00:00Z,2026-04-01T00:00:00Z,AWS,223344556677,Usage,2026-03-01T00:00:00Z,2026-03-01T01:00:00Z,AmazonS3,USWE-TimedStorage-ByteHrs,StandardStorage,,arn:aws:s3:::data-lake-processed,939.9322,,,3.19444e-05,0.03017518,3.19444e-05,0.03017518,GB-Mo,0.023,0.03017518,Amazon Simple Storage Service,,,,,us-west-2,AmazonS3,data-eng,prod,CC200,,,,,,,,,,,,,
7a147fa3f06f4a8b9530e5f4c0495c81,2026-03-01T10:00:00Z/2026-03-01T11:00:00Z,112233445566,2026-03-01T00:00:00Z,2026-04-01T00:00:00Z,AWS,223344556677,Usage,2026-03-01T10:00:00Z,2026-03-01T11:00:00Z,AmazonS3,USWE-TimedStorage-ByteHrs,StandardStorage,,arn:aws:s3:::data-lake-processed,939.9875,,,3.19444e-05,0.03013791,3.19444e-05,0.03013791,GB-Mo,0.023,0.03013791,Amazon Simple Storage Service,,,,,us-west-2,AmazonS3,data-eng,prod,CC200,,,,,,,,,,,,,
894d1f4486374dfdb2aa48600ac4f199,2026-03-01T20:00:00Z/2026-03-01T21:00:00Z,112233445566,2026-03-01T00:00:00Z,2026-04-01T00:00:00Z,AWS,223344556677,Usage,2026-03-01T20:00:00Z,2026-03-01T21:00:00Z,AmazonS3,USWE-TimedStorage-ByteHrs,StandardStorage,,arn:aws:s3:::data-lake-processed,939.4274,,,3.19444e-05,0.03035522,3.19444e-05,0.03035522,GB-Mo,0.023,0.03035522,Amazon Simple Storage Service,,,,,us-west-2,AmazonS3,data-eng,prod,CC200,,,,,,,,,,,,,
378ca4c4325d40ac97743ddf8bf1d6ae,2026-03-02T06:00:00Z/2026-03-02T07:00:00Z,112233445566,2026-03-01T00:00:00Z,2026-04-01T00:00:00Z,AWS,223344556677,Usage,2026-03-02T06:00:00Z,2026-03-02T07:00:00Z,AmazonS3,USWE-TimedStorage-ByteHrs,StandardStorage,,arn:aws:s3:::data-lake-processed,940.4897,,,3.19444e-05,0.03050875,3.19444e-05,0.03050875,GB-Mo,0.023,0.03050875,Amazon Simple Storage Service,,,,,us-west-2,AmazonS3,data-eng,prod,CC200,,,,,,,,,,,,,
779588c2b33b42ec9cfb3d33588bb846,2026-03-02T16:00:00Z/2026-03-02T17:00:00Z,112233445566,2026-03-01T00:00:00Z,2026-04-01T00:00:00Z,AWS,223344556677,Usage,2026-03-02T16:00:00Z,2026-03-02T17:00:00Z,AmazonS3,USWE-TimedStorage-ByteHrs,StandardStorage,,arn:aws:s3:::data-lake-processed,939.072,,,3.19444e-05,0.02972165,3.19444e-05,0.02972165,GB-Mo,0.023,0.02972165,Amazon Simple Storage Service,,,,,us-west-2,AmazonS3,data-eng,prod,CC200,,,,,,,,,,,,,
d485ef0105cb44e4a8a7a3cb6f9ee152,2026-03-03T02:00:00Z/2026-03-03T03:00:00Z,112233445566,2026-03-01T00:00:00Z,2026-04-01T00:00:00Z,AWS,223344556677,Usage,2026-03-03T02:00:00Z,2026-03-03T03:00:00Z,AmazonS3,USWE-TimedStorage-ByteHrs,StandardStorage,,arn:aws:s3:::data-lake-processed,939.498,,,3.19444e-05,0.02991972,3.19444e-05,0.02991972,GB-Mo,0.023,0.02991972,Amazon Simple Storage Service,,,,,us-west-2,AmazonS3,data-eng,prod,CC200,,,,,,,,,,,,,
eb704a95f6404ad897b884fb8a03fb2d,2026-03-03T12:00:00Z/2026-03-03T13:00:00Z,112233445566,2026-03-01T00:00:00Z,2026-04-01T00:00:00Z,AWS,223344556677,Usage,2026-03-03T12:00:00Z,2026-03-03T13:00:00Z,AmazonS3,USWE-TimedStorage-ByteHrs,StandardStorage,,arn:aws:s3:::data-lake-processed,940.6384,,,3.19444e-05,0.02984332,3.19444e-05,0.02984332,GB-Mo,0.023,0.02984332,Amazon Simple Storage Service,,,,,us-west-2,AmazonS3,data-eng,prod,CC200,,,,,,,,,,,,,
3ca122157317473db34010d136fede74,2026-03-03T22:00:00Z/2026-03-03T23:00:00Z,112233445566,2026-03-01T00:00:00Z,2026-04-01T00:00:00Z,AWS,223344556677,Usage,2026-03-03T22:00:00Z,2026-03-03T23:00:00Z,AmazonS3,USWE-TimedStorage-ByteHrs,StandardStorage,,arn:aws:s3:::data-lake-processed,940.8479,,,3.19444e-05,0.03048084,3.19444e-05,0.03048084,GB-Mo,0.023,0.03048084,Amazon Simple Storage Service,,,,,us-west-2,AmazonS3,data-eng,prod,CC200,,,,,,,,,,,,,
3e9cd28f190d468b8823e612da5784b3,2026-03-04T08:00:00Z/2026-03-04T09:00:00Z,112233445566,2026-03-01T00:00:00Z,2026-04-01T00:00:00Z,AWS,223344556677,Usage,2026-03-04T08:00:00Z,2026-03-04T09:00:00Z,AmazonS3,USWE-TimedStorage-ByteHrs,StandardStorage,,arn:aws:s3:::data-lake-processed,940.2957,,,3.19444e-05,0.02942898,3.19444e-05,0.02942898,GB-Mo,0.023,0.02942898,Amazon Simple Storage Service,,,,,us-west-2,AmazonS3,data-eng,prod,CC200,,,,,,,,,,,,,
7f67cfcae8da40178370d6a8f5b9354e,2026-03-04T18:00:00Z/2026-03-04T19:00:00Z,112233445566,2026-03-01T00:00:00Z,2026-04-01T00:00:00Z,AWS,223344556677,Usage,2026-03-04T18:00:00Z,2026-03-04T19:00:00Z,AmazonS3,USWE-TimedStorage-ByteHrs,StandardStorage,,arn:aws:s3:::data-lake-processed,940.4272,,,3.19444e-05,0.03044697,3.19444e-05,0.03044697,GB-Mo,0.023,0.03044697,Amazon Simple Storage Service,,,,,us-west-2,AmazonS3,data-eng,prod,CC200,,,,,,,,,,,,,
4f9211eb6d734a82a887f59401ec9fd7,2026-03-05T04:00:00Z/2026-03-05T05:00:00Z,112233445566,2026-03-01T00:00:00Z,2026-04-01T00:00:00Z,AWS,223344556677,Usage,2026-03-05T04:00:00Z,2026-03-05T05:00:00Z,AmazonS3,USWE-TimedStorage-ByteHrs,StandardStorage,,arn:aws:s3:::data-lake-processed,940.0561,,,3.19444e-05,0.02955208,3.19444e-05,0.02955208,GB-Mo,0.023,0.02955208,Amazon Simple Storage Service,,,,,us-west-2,AmazonS3,data-eng,prod,CC200,,,,,,,,,,,,,
05dfe8c734554df1a0f16f88b0c5045a,2026-03-05T14:00:00Z/2026-03-05T15:00:00Z,112233445566,2026-03-01T00:00:00Z,2026-04-01T00:00:00Z,AWS,223344556677,Usage,2026-03-05T14:00:00Z,2026-03-05T15:00:00Z,AmazonS3,USWE-TimedStorage-ByteHrs,StandardStorage,,arn:aws:s3:::data-lake-processed,939.985,,,3.19444e-05,0.02971329,3.19444e-05,0.02971329,GB-Mo,0.023,0.02971329,Amazon Simple Storage Service,,,,,us-west-2,AmazonS3,data-eng,prod,CC200,,,,,,,,,,,,,
219f120749f94bd19ebc799b840fc859,2026-03-06T00:00:00Z/2026-03-06T01:00:00Z,112233445566,2026-03-01T00:00:00Z,2026-04-01T00:00:00Z,AWS,223344556677,Usage,2026-03-06T00:00:00Z,2026-03-06T01:00:00Z,AmazonS3,USWE-TimedStorage-ByteHrs,StandardStorage,,arn:aws:s3:::data-lake-processed,940.9343,,,3.19444e-05,0.02949916,3.19444e-05,0.02949916,GB-Mo,0.023,0.02949916,Amazon Simple Storage Service,,,,,us-west-2,AmazonS3,data-eng,prod,CC200,,,,,,,,,,,,,
a12c59cfd2314ba885002e52b5e604ca,2026-03-06T10:00:00Z/2026-03-06T11:00:00Z,112233445566,2026-03-01T00:00:00Z,2026-04-01T00:00:00Z,AWS,223344556677,Usage,2026-03-06T10:00:00Z,2026-03-06T11:00:00Z,AmazonS3,USWE-TimedStorage-ByteHrs,StandardStorage,,arn:aws:s3:::data-lake-processed,939.2349,,,3.19444e-05,0.030282,3.19444e-05,0.030282,GB-Mo,0.023,0.030282,Amazon Simple Storage Service,,,,,us-west-2,AmazonS3,data-eng,prod,CC200,,,,,,,,,,,,,
60f1c2e7a71a48a5ae9dbe8f80ec155c,2026-03-06T20:00:00Z/2026-03-06T21:00:00Z,112233445566,2026-03-01T00:00:00Z,2026-04-01T00:00:00Z,AWS,223344556677,Usage,2026-03-06T20:00:00Z,2026-03-06T21:00:00Z,AmazonS3,USWE-TimedStorage-ByteHrs,StandardStorage,,arn:aws:s3:::data-lake-processed,940.7469,,,3.19444e-05,0.03053378,3.19444e-05,0.03053378,GB-Mo,0.023,0.03053378,Amazon Simple Storage Service,,,,,us-west-2,AmazonS3,data-eng,prod,CC200,,,,,,,,,,,,,
7166f85d5f6c49e49ad292a22df1e41d,2026-03-07T06:00:00Z/2026-03-07T07:00:00Z,112233445566,2026-03-01T00:00:00Z,2026-04-01T00:00:00Z,AWS,223344556677,Usage,2026-03-07T06:00:00Z,2026-03-07T07:00:00Z,AmazonS3,USWE-TimedStorage-ByteHrs,StandardStorage,,arn:aws:s3:::data-lake-processed,940.3776,,,3.19444e-05,0.03005151,3.19444e-05,0.03005151,GB-Mo,0.023,0.03005151,Amazon Simple Storage Service,,,,,us-west-2,AmazonS3,data-eng,prod,CC200,,,,,,,,,,,,,
7e12d2e4a70d4e3b94eb46ccbb634abc,2026-03-07T16:00:00Z/2026-03-07T17:00:00Z,112233445566,2026-03-01T00:00:00Z,2026-04-01T00:00:00Z,AWS,223344556677,Usage,2026-03-07T16:00:00Z,2026-03-07T17:00:00Z,AmazonS3,USWE-TimedStorage-ByteHrs,StandardStorage,,arn:aws:s3:::data-lake-processed,940.8922,,,3.19444e-05,0.02987463,3.19444e-05,0.02987463,GB-Mo,0.023,0.02987463,Amazon Simple Storage Service,,,,,us-west-2,AmazonS3,data-eng,prod,CC200,,,,,,,,,,,,,
6c2fd5e049eb4af596fa8174e31430fa,2026-03-08T02:00:00Z/2026-03-08T03:00:00Z,112233445566,2026-03-01T00:00:00Z,2026-04-01T00:00:00Z,AWS,223344556677,Usage,2026-03-08T02:00:00Z,2026-03-08T03:00:00Z,AmazonS3,USWE-TimedStorage-ByteHrs,StandardStorage,,arn:aws:s3:::data-lake-processed,939.2397,,,3.19444e-05,0.0295292,3.19444e-05,0.0295292,GB-Mo,0.023,0.0295292,Amazon Simple Storage Service,,,,,us-west-2,AmazonS3,data-eng,prod,CC200,,,,,,,,,,,,,
488955c5d6a7463281c587d6436f3ed6,2026-03-08T12:00:00Z/2026-03-08T13:00:00Z,112233445566,2026-03-01T00:00:00Z,2026-04-01T00:00:00Z,AWS,223344556677,Usage,2026-03-08T12:00:00Z,2026-03-08T13:00:00Z,AmazonS3,USWE-TimedStorage-ByteHrs,StandardStorage,,arn:aws:s3:::data-lake-processed,940.6015,,,3.19444e-05,0.02958759,3.19444e-05,0.02958759,GB-Mo,0.023,0.02958759,Amazon Simple Storage Service,,,,,us-west-2,AmazonS3,data-eng,prod,CC200,,,,,,,,,,,,,
d1f9f4c4ac6c49828c70a5c15efd5205,2026-03-08T22:00:00Z/2026-03-08T23:00:00Z,112233445566,2026-03-01T00:00:00Z,2026-04-01T00:00:00Z,AWS,223344556677,Usage,2026-03-08T22:00:00Z,2026-03-08T23:00:00Z,AmazonS3,USWE-TimedStorage-ByteHrs,StandardStorage,,arn:aws:s3:::data-lake-processed,940.1275,,,3.19444e-05,0.0295171,3.19444e-05,0.0295171,GB-Mo,0.023,0.0295171,Amazon Simple Storage Service,,,,,us-west-2,AmazonS3,data-eng,prod,CC200,,,,,,,,,,,,,
2dc8fe692d5f43c3bba084663854e24d,2026-03-09T08:00:00Z/2026-03-09T09:00:00Z,112233445566,2026-03-01T00:00:00Z,2026-04-01T00:00:00Z,AWS,223344556677,Usage,2026-03-09T08:00:00Z,2026-03-09T09:00:00Z,AmazonS3,USWE-TimedStorage-ByteHrs,StandardStorage,,arn:aws:s3:::data-lake-processed,940.8727,,,3.19444e-05,0.02994968,3.19444e-05,0.02994968,GB-Mo,0.023,0.02994968,Amazon Simple Storage Service,,,,,us-west-2,AmazonS3,data-eng,prod,CC200,,,,,,,,,,,,,
951d208d9dba49408cadb1f1b3f39bdf,2026-03-09T18:00:00Z/2026-03-09T19:00:00Z,112233445566,2026-03-01T00:00:00Z,2026-04-01T00:00:00Z,AWS,223344556677,Usage,2026-03-09T18:00:00Z,2026-03-09T19:00:00Z,AmazonS3,USWE-TimedStorage-ByteHrs,StandardStorage,,arn:aws:s3:::data-lake-processed,939.5507,,,3.19444e-05,0.02971161,3.19444e-05,0.02971161,GB-Mo,0.023,0.02971161,Amazon Simple Storage Service,,,,,us-west-2,AmazonS3,data-eng,prod,CC200,,,,,,,,,,,,,
a90cf4230d0042db911a7bd307241b3e,2026-03-10T04:00:00Z/2026-03-10T05:00:00Z,112233445566,2026-03-01T00:00:00Z,2026-04-01T00:00:00Z,AWS,223344556677,Usage,2026-03-10T04:00:00Z,2026-03-10T05:00:00Z,AmazonS3,USWE-TimedStorage-ByteHrs,StandardStorage,,arn:aws:s3:::data-lake-processed,940.5655,,,3.19444e-05,0.02980558,3.19444e-05,0.02980558,GB-Mo,0.023,0.02980558,Amazon Simple Storage Service,,,,,us-west-2,AmazonS3,data-eng,prod,CC200,,,,,,,,,,,,,
5a94bf99a4ba45c3a8b351efc934a666,2026-03-10T14:00:00Z/2026-03-10T15:00:00Z,112233445566,2026-03-01T00:00:00Z,2026-04-01T00:00:00Z,AWS,223344556677,Usage,2026-03-10T14:00:00Z,2026-03-10T15:00:00Z,AmazonS3,USWE-TimedStorage-ByteHrs,StandardStorage,,arn:aws:s3:::data-lake-processed,940.4425,,,3.19444e-05,0.03026887,3.19444e-05,0.03026887,GB-Mo,0.023,0.03026887,Amazon Simple Storage Service,,,,,us-west-2,AmazonS3,data-eng,prod,CC200,,,,,,,,,,,,,
0f5a42af48a34644b6163825e5b31293,2026-03-11T00:00:00Z/2026-03-11T01:00:00Z,112233445566,2026-03-01T00:00:00Z,2026-04-01T00:00:00Z,AWS,223344556677,Usage,2026-03-11T00:00:00Z,2026-03-11T01:00:00Z,AmazonS3,USWE-TimedStorage-ByteHrs,StandardStorage,,arn:aws:s3:::data-lake-processed,939.5713,,,3.19444e-05,0.02980924,3.19444e-05,0.02980924,GB-Mo,0.023,0.02980924,Amazon Simple Storage Service,,,,,us-west-2,AmazonS3,data-eng,prod,CC200,,,,,,,,,,,,,
433020c5d4074ddb9182f5a53c28ddb5,2026-03-11T10:00:00Z/2026-03-11T11:00:00Z,112233445566,2026-03-01T00:00:00Z,2026-04-01T00:00:00Z,AWS,223344556677,Usage,2026-03-11T10:00:00Z,2026-03-11T11:00:00Z,AmazonS3,USWE-TimedStorage-ByteHrs,StandardStorage,,arn:aws:s3:::data-lake-processed,939.4411,,,3.19444e-05,0.02951693,3.19444e-05,0.02951693,GB-Mo,0.023,0.02951693,Amazon Simple Storage Service,,,,,us-west-2,AmazonS3,data-eng,prod,CC200,,,,,,,,,,,,,
1a2017151486486a902f138a817e8727,2026-03-11T20:00:00Z/2026-03-11T21:00:00Z,112233445566,2026-03-01T00:00:00Z,2026-04-01T00:00:00Z,AWS,223344556677,Usage,2026-03-11T20:00:00Z,2026-03-11T21:00:00Z,AmazonS3,USWE-TimedStorage-ByteHrs,StandardStorage,,arn:aws:s3:::data-lake-processed,940.1593,,,3.19444e-05,0.03036401,3.19444e-05,0.03036401,GB-Mo,0.023,0.03036401,Amazon Simple Storage Service,,,,,us-west-2,AmazonS3,data-eng,prod,CC200,,,,,,,,,,,,,
e783ae30a92445c997bce668251c7854,2026-03-12T06:00:00Z/2026-03-12T07:00:00Z,112233445566,2026-03-01T00:00:00Z,2026-04-01T00:00:00Z,AWS,223344556677,Usage,2026-03-12T06:00:00Z,2026-03-12T07:00:00Z,AmazonS3,USWE-TimedStorage-ByteHrs,StandardStorage,,arn:aws:s3:::data-lake-processed,939.369,,,3.19444e-05,0.02961389,3.19444e-05,0.02961389,GB-Mo,0.023,0.02961389,Amazon Simple Storage Service,,,,,us-west-2,AmazonS3,data-eng,prod,CC200,,,,,,,,,,,,,
d638a473c8e74a38ae64344e461a2faf,2026-03-12T16:00:00Z/2026-03-12T17:00:00Z,112233445566,2026-03-01T00:00:00Z,2026-04-01T00:00:00Z,AWS,223344556677,Usage,2026-03-12T16:00:00Z,2026-03-12T17:00:00Z,AmazonS3,USWE-TimedStorage-ByteHrs,StandardStorage,,arn:aws:s3:::data-lake-processed,939.8242,,,3.19444e-05,0.02998701,3.19444e-05,0.02998701,GB-Mo,0.023,0.02998701,Amazon Simple Storage Service,,,,,us-west-2,AmazonS3,data-eng,prod,CC200,,,,,,,,,,,,,
574a6951d2a643e5828a88faf0928eae,2026-03-13T02:00:00Z/2026-03-13T03:00:00Z,112233445566,2026-03-01T00:00:00Z,2026-04-01T00:00:00Z,AWS,223344556677,Usage,2026-03-13T02:00:00Z,2026-03-13T03:00:00Z,AmazonS3,USWE-TimedStorage-ByteHrs,StandardStorage,,arn:aws:s3:::data-lake-processed,940.8735,,,3.19444e-05,0.03007093,3.19444e-05,0.03007093,GB-Mo,0.023,0.03007093,Amazon Simple Storage Service,,,,,us-west-2,AmazonS3,data-eng,prod,CC200,,,,,,,,,,,,,
21e8f41fc4fa44d48d5987ddeafc4f0a,2026-03-13T12:00:00Z/2026-03-13T13:00:00Z,112233445566,2026-03-01T00:00:00Z,2026-04-01T00:00:00Z,AWS,223344556677,Usage,2026-03-13T12:00:00Z,2026-03-13T13:00:00Z,AmazonS3,USWE-TimedStorage-ByteHrs,StandardStorage,,arn:aws:s3:::data-lake-processed,939.6396,,,3.19444e-05,0.02967662,3.19444e-05,0.02967662,GB-Mo,0.023,0.02967662,Amazon Simple Storage Service,,,,,us-west-2,AmazonS3,data-eng,prod,CC200,,,,,,,,,,,,,
32193c4966524aebaa7c2f19d06b351a,2026-03-13T22:00:00Z/2026-03-13T23:00:00Z,112233445566,2026-03-01T00:00:00Z,2026-04-01T00:00:00Z,AWS,223344556677,Usage,2026-03-13T22:00:00Z,2026-03-13T23:00:00Z,AmazonS3,USWE-TimedStorage-ByteHrs,StandardStorage,,arn:aws:s3:::data-lake-processed,939.2854,,,3.19444e-05,0.02974553,3.19444e-05,0.02974553,GB-Mo,0.023,0.02974553,Amazon Simple Storage Service,,,,,us-west-2,AmazonS3,data-eng,prod,CC200,,,,,,,,,,,,,
b14411b1e49846d0b0c5e25228463d8a,2026-03-14T08:00:00Z/2026-03-14T09:00:00Z,112233445566,2026-03-01T00:00:00Z,2026-04-01T00:00:00Z,AWS,223344556677,Usage,2026-03-14T08:00:00Z,2026-03-14T09:00:00Z,AmazonS3,USWE-TimedStorage-ByteHrs,StandardStorage,,arn:aws:s3:::data-lake-processed,940.3498,,,3.19444e-05,0.02961654,3.19444e-05,0.02961654,GB-Mo,0.023,0.02961654,Amazon Simple Storage Service,,,,,us-west-2,AmazonS3,data-eng,prod,CC200,,,,,,,,,,,,,
06b5eb746c0448c7b8656f72bf543035,2026-03-14T18:00:00Z/2026-03-14T19:00:00Z,112233445566,2026-03-01T00:00:00Z,2026-04-01T00:00:00Z,AWS,223344556677,Usage,2026-03-14T18:00:00Z,2026-03-14T19:00:00Z,AmazonS3,USWE-TimedStorage-ByteHrs,StandardStorage,,arn:aws:s3:::data-lake-processed,940.3701,,,3.19444e-05,0.0304198,3.19444e-05,0.0304198,GB-Mo,0.023,0.0304198,Amazon Simple Storage Service,,,,,us-west-2,AmazonS3,data-eng,prod,CC200,,,,,,,,,,,,,
4b09aa7bc92b4adcaf83611680a75e1b,2026-03-15T04:00:00Z/2026-03-15T05:00:00Z,112233445566,2026-03-01T00:00:00Z,2026-04-01T00:00:00Z,AWS,223344556677,Usage,2026-03-15T04:00:00Z,2026-03-15T05:00:00Z,AmazonS3,USWE-TimedStorage-ByteHrs,StandardStorage,,arn:aws:s3:::data-lake-processed,940.6315,,,3.19444e-05,0.02947566,3.19444e-05,0.02947566,GB-Mo,0.023,0.02947566,Amazon Simple Storage Service,,,,,us-west-2,AmazonS3,data-eng,prod,CC200,,,,,,,,,,,,,
1aeef7ab194347a9b6a69fd6581055da,2026-03-15T14:00:00Z/2026-03-15T15:00:00Z,112233445566,2026-03-01T00:00:00Z,2026-04-01T00:00:00Z,AWS,223344556677,Usage,2026-03-15T14:00:00Z,2026-03-15T15:00:00Z,AmazonS3,USWE-TimedStorage-ByteHrs,StandardStorage,,arn:aws:s3:::data-lake-processed,939.2315,,,3.19444e-05,0.02982094,3.19444e-05,0.02982094,GB-Mo,0.023,0.02982094,Amazon Simple Storage Service,,,,,us-west-2,AmazonS3,data-eng,prod,CC200,,,,,,,,,,,,,
976b1732d98a4bbbb024c4b3282196a2,2026-03-16T00:00:00Z/2026-03-16T01:00:00Z,112233445566,2026-03-01T00:00:00Z,2026-04-01T00:00:00Z,AWS,223344556677,Usage,2026-03-16T00:00:00Z,2026-03-16T01:00:00Z,AmazonS3,USWE-TimedStorage-ByteHrs,StandardStorage,,arn:aws:s3:::data-lake-processed,939.7288,,,3.19444e-05,0.02972536,3.19444e-05,0.02972536,GB-Mo,0.023,0.02972536,Amazon Simple Storage Service,,,,,us-west-2,AmazonS3,data-eng,prod,CC200,,,,,,,,,,,,,
cf8f0142093a40eea63b1fcdffd8cf9b,2026-03-16T10:00:00Z/2026-03-16T11:00:00Z,112233445566,2026-03-01T00:00:00Z,2026-04-01T00:00:00Z,AWS,223344556677,Usage,2026-03-16T10:00:00Z,2026-03-16T11:00:00Z,AmazonS3,USWE-TimedStorage-ByteHrs,StandardStorage,,arn:aws:s3:::data-lake-processed,940.3331,,,3.19444e-05,0.03004394,3.19444e-05,0.03004394,GB-Mo,0.023,0.03004394,Amazon Simple Storage Service,,,,,us-west-2,AmazonS3,data-eng,prod,CC200,,,,,,,,,,,,,
ada48d3e5d8e4107a4ada85500ac91fd,2026-03-16T20:00:00Z/2026-03-16T21:00:00Z,112233445566,2026-03-01T00:00:00Z,2026-04-01T00:00:00Z,AWS,223344556677,Usage,2026-03-16T20:00:00Z,2026-03-16T21:00:00Z,AmazonS3,USWE-TimedStorage-ByteHrs,StandardStorage,,arn:aws:s3:::data-lake-processed,940.9225,,,3.19444e-05,0.02973971,3.19444e-05,0.02973971,GB-Mo,0.023,0.02973971,Amazon Simple Storage Service,,,,,us-west-2,AmazonS3,data-eng,prod,CC200,,,,,,,,,,,,,
1bbc4e498cc34ee4b409f5b45ed63272,2026-03-17T06:00:00Z/2026-03-17T07:00:00Z,112233445566,2026-03-01T00:00:00Z,2026-04-01T00:00:00Z,AWS,223344556677,Usage,2026-03-17T06:00:00Z,2026-03-17T07:00:00Z,AmazonS3,USWE-TimedStorage-ByteHrs,StandardStorage,,arn:aws:s3:::data-lake-processed,939.8203,,,3.19444e-05,0.02946456,3.19444e-05,0.02946456,GB-Mo,0.023,0.02946456,Amazon Simple Storage Service,,,,,us-west-2,AmazonS3,data-eng,prod,CC200,,,,,,,,,,,,,
dd9fb8fb6c6d459aadc4dc665b6f2ca5,2026-03-17T16:00:00Z/2026-03-17T17:00:00Z,112233445566,2026-03-01T00:00:00Z,2026-04-01T00:00:00Z,AWS,223344556677,Usage,2026-03-17T16:00:00Z,2026-03-17T17:00:00Z,AmazonS3,USWE-TimedStorage-ByteHrs,StandardStorage,,arn:aws:s3:::data-lake-processed,940.4664,,,3.19444e-05,0.02997037,3.19444e-05,0.02997037,GB-Mo,0.023,0.02997037,Amazon Simple Storage Service,,,,,us-west-2,AmazonS3,data-eng,prod,CC200,,,,,,,,,,,,,
892c26bd304d470793a14e1b31bc2408,2026-03-18T02:00:00Z/2026-03-18T03:00:00Z,112233445566,2026-03-01T00:00:00Z,2026-04-01T00:00:00Z,AWS,223344556677,Usage,2026-03-18T02:00:00Z,2026-03-18T03:00:00Z,AmazonS3,USWE-TimedStorage-ByteHrs,StandardStorage,,arn:aws:s3:::data-lake-processed,939.9286,,,3.19444e-05,0.02972732,3.19444e-05,0.02972732,GB-Mo,0.023,0.02972732,Amazon Simple Storage Service,,,,,us-west-2,AmazonS3,data-eng,prod,CC200,,,,,,,,,,,,,
7fda99f7b4624145a3b1ee089769cdfb,2026-03-18T12:00:00Z/2026-03-18T13:00:00Z,112233445566,2026-03-01T00:00:00Z,2026-04-01T00:00:00Z,AWS,223344556677,Usage,2026-03-18T12:00:00Z,2026-03-18T13:00:00Z,AmazonS3,USWE-TimedStorage-ByteHrs,StandardStorage,,arn:aws:s3:::data-lake-processed,939.3228,,,3.19444e-05,0.03039279,3.19444e-05,0.03039279,GB-Mo,0.023,0.03039279,Amazon Simple Storage Service,,,,,us-west-2,AmazonS3,data-eng,prod,CC200,,,,,,,,,,,,,
04c724a9e7d54e908a1f822fa61ef73a,2026-03-18T22:00:00Z/2026-03-18T23:00:00Z,112233445566,2026-03-01T00:00:00Z,2026-04-01T00:00:00Z,AWS,223344556677,Usage,2026-03-18T22:00:00Z,2026-03-18T23:00:00Z,AmazonS3,USWE-TimedStorage-ByteHrs,StandardStorage,,arn:aws:s3:::data-lake-processed,940.6211,,,3.19444e-05,0.02944158,3.19444e-05,0.02944158,GB-Mo,0.023,0.02944158,Amazon Simple Storage Service,,,,,us-west-2,AmazonS3,data-eng,prod,CC200,,,,,,,,,,,,,
5243c1adc93a46d8865dceea88abea57,2026-03-19T08:00:00Z/2026-03-19T09:00:00Z,112233445566,2026-03-01T00:00:00Z,2026-04-01T00:00:00Z,AWS,223344556677,Usage,2026-03-19T08:00:00Z,2026-03-19T09:00:00Z,AmazonS3,USWE-TimedStorage-ByteHrs,StandardStorage,,arn:aws:s3:::data-lake-processed,939.3057,,,3.19444e-05,0.03060739,3.19444e-05,0.03060739,GB-Mo,0.023,0.03060739,Amazon Simple Storage Service,,,,,us-west-2,AmazonS3,data-eng,prod,CC200,,,,,,,,,,,,,
afd4a60b2ced452a98359814308a3714,2026-03-19T18:00:00Z/2026-03-19T19:00:00Z,112233445566,2026-03-01T00:00:00Z,2026-04-01T00:00:00Z,AWS,223344556677,Usage,2026-03-19T18:00:00Z,2026-03-19T19:00:00Z,AmazonS3,USWE-TimedStorage-ByteHrs,StandardStorage,,arn:aws:s3:::data-lake-processed,939.7598,,,3.19444e-05,0.03041655,3.19444e-05,0.03041655,GB-Mo,0.023,0.03041655,Amazon Simple Storage Service,,,,,us-west-2,AmazonS3,data-eng,prod,CC200,,,,,,,,,,,,,
f069c3e3faa645009b50a5b69d91f601,2026-03-20T04:00:00Z/2026-03-20T05:00:00Z,112233445566,2026-03-01T00:00:00Z,2026-04-01T00:00:00Z,AWS,223344556677,Usage,2026-03-20T04:00:00Z,2026-03-20T05:00:00Z,AmazonS3,USWE-TimedStorage-ByteHrs,StandardStorage,,arn:aws:s3:::data-lake-processed,940.272,,,3.19444e-05,0.03018428,3.19444e-05,0.03018428,GB-Mo,0.023,0.03018428,Amazon Simple Storage Service,,,,,us-west-2,AmazonS3,data-eng,prod,CC200,,,,,,,,,,,,,
113efc788a724e2181e9000a96122296,2026-03-20T14:00:00Z/2026-03-20T15:00:00Z,112233445566,2026-03-01T00:00:00Z,2026-04-01T00:00:00Z,AWS,223344556677,Usage,2026-03-20T14:00:00Z,2026-03-20T15:00:00Z,AmazonS3,USWE-TimedStorage-ByteHrs,StandardStorage,,arn:aws:s3:::data-lake-processed,939.5466,,,3.19444e-05,0.03012666,3.19444e-05,0.03012666,GB-Mo,0.023,0.03012666,Amazon Simple Storage Service,,,,,us-west-2,AmazonS3,data-eng,prod,CC200,,,,,,,,,,,,,
b4c6d78abd3d483093438e9eae0e98ff,2026-03-21T00:00:00Z/2026-03-21T01:00:00Z,112233445566,2026-03-01T00:00:00Z,2026-04-01T00:00:00Z,AWS,223344556677,Usage,2026-03-21T00:00:00Z,2026-03-21T01:00:00Z,AmazonS3,USWE-TimedStorage-ByteHrs,StandardStorage,,arn:aws:s3:::data-lake-processed,939.101,,,3.19444e-05,0.03040342,3.19444e-05,0.03040342,GB-Mo,0.023,0.03040342,Amazon Simple Storage Service,,,,,us-west-2,AmazonS3,data-eng,prod,CC200,,,,,,,,,,,,,
4db99dd864904b90a05170116af2f4b4,2026-03-21T10:00:00Z/2026-03-21T11:00:00Z,112233445566,2026-03-01T00:00:00Z,2026-04-01T00:00:00Z,AWS,223344556677,Usage,2026-03-21T10:00:00Z,2026-03-21T11:00:00Z,AmazonS3,USWE-TimedStorage-ByteHrs,StandardStorage,,arn:aws:s3:::data-lake-processed,940.7567,,,3.19444e-05,0.02950466,3.19444e-05,0.02950466,GB-Mo,0.023,0.02950466,Amazon Simple Storage Service,,,,,us-west-2,AmazonS3,data-eng,prod,CC200,,,,,,,,,,,,,
c23f4147bdd7477fa5c3e5a113a86525,2026-03-21T20:00:00Z/2026-03-21T21:00:00Z,112233445566,2026-03-01T00:00:00Z,2026-04-01T00:00:00Z,AWS,223344556677,Usage,2026-03-21T20:00:00Z,2026-03-21T21:00:00Z,AmazonS3,USWE-TimedStorage-ByteHrs,StandardStorage,,arn:aws:s3:::data-lake-processed,939.3021,,,3.19444e-05,0.02995983,3.19444e-05,0.02995983,GB-Mo,0.023,0.02995983,Amazon Simple Storage Service,,,,,us-west-2,AmazonS3,data-eng,prod,CC200,,,,,,,,,,,,,
fc8e1dfd8d7c4eac8acc5ebf1a7ecd53,2026-03-22T06:00:00Z/2026-03-22T07:00:00Z,112233445566,2026-03-01T00:00:00Z,2026-04-01T00:00:00Z,AWS,223344556677,Usage,2026-03-22T06:00:00Z,2026-03-22T07:00:00Z,AmazonS3,USWE-TimedStorage-ByteHrs,StandardStorage,,arn:aws:s3:::data-lake-processed,940.6192,,,3.19444e-05,0.03051432,3.19444e-05,0.03051432,GB-Mo,0.023,0.03051432,Amazon Simple Storage Service,,,,,us-west-2,AmazonS3,data-eng,prod,CC200,,,,,,,,,,,,,
f4a5e927bee84ef6bf3e833d955add25,2026-03-22T16:00:00Z/2026-03-22T17:00:00Z,112233445566,2026-03-01T00:00:00Z,2026-04-01T00:00:00Z,AWS,223344556677,Usage,2026-03-22T16:00:00Z,2026-03-22T17:00:00Z,AmazonS3,USWE-TimedStorage-ByteHrs,StandardStorage,,arn:aws:s3:::data-lake-processed,939.1403,,,3.19444e-05,0.02982545,3.19444e-05,0.02982545,GB-Mo,0.023,0.02982545,Amazon Simple Storage Service,,,,,us-west-2,AmazonS3,data-eng,prod,CC200,,,,,,,,,,,,,
e6470e5a58af48e796f505fc6743cf42,2026-03-23T02:00:00Z/2026-03-23T03:00:00Z,112233445566,2026-03-01T00:00:00Z,2026-04-01T00:00:00Z,AWS,223344556677,Usage,2026-03-23T02:00:00Z,2026-03-23T03:00:00Z,AmazonS3,USWE-TimedStorage-ByteHrs,StandardStorage,,arn:aws:s3:::data-lake-processed,939.3758,,,3.19444e-05,0.02998093,3.19444e-05,0.02998093,GB-Mo,0.023,0.02998093,Amazon Simple Storage Service,,,,,us-west-2,AmazonS3,data-eng,prod,CC200,,,,,,,,,,,,,
4187f51e4a764401a6383f5dae901f92,2026-03-23T12:00:00Z/2026-03-23T13:00:00Z,112233445566,2026-03-01T00:00:00Z,2026-04-01T00:00:00Z,AWS,223344556677,Usage,2026-03-23T12:00:00Z,2026-03-23T13:00:00Z,AmazonS3,USWE-TimedStorage-ByteHrs,StandardStorage,,arn:aws:s3:::data-lake-processed,940.6048,,,3.19444e-05,0.03011652,3.19444e-05,0.03011652,GB-Mo,0.023,0.03011652,Amazon Simple Storage Service,,,,,us-west-2,AmazonS3,data-eng,prod,CC200,,,,,,,,,,,,,
d02a450b836b491c8fce08e314ab0b5f,2026-03-23T22:00:00Z/2026-03-23T23:00:00Z,112233445566,2026-03-01T00:00:00Z,2026-04-01T00:00:00Z,AWS,223344556677,Usage,2026-03-23T22:00:00Z,2026-03-23T23:00:00Z,AmazonS3,USWE-TimedStorage-ByteHrs,StandardStorage,,arn:aws:s3:::data-lake-processed,939.1154,,,3.19444e-05,0.02990166,3.19444e-05,0.02990166,GB-Mo,0.023,0.02990166,Amazon Simple Storage Service,,,,,us-west-2,AmazonS3,data-eng,prod,CC200,,,,,,,,,,,,,
fa2475c3f16844368fe3c940e46b8919,2026-03-24T08:00:00Z/2026-03-24T09:00:00Z,112233445566,2026-03-01T00:00:00Z,2026-04-01T00:00:00Z,AWS,223344556677,Usage,2026-03-24T08:00:00Z,2026-03-24T09:00:00Z,AmazonS3,USWE-TimedStorage-ByteHrs,StandardStorage,,arn:aws:s3:::data-lake-processed,939.3849,,,3.19444e-05,0.03024784,3.19444e-05,0.03024784,GB-Mo,0.023,0.03024784,Amazon Simple Storage Service,,,,,us-west-2,AmazonS3,data-eng,prod,CC200,,,,,,,,,,,,,
65bc9a47ea6d433c987a1053f5997435,2026-03-24T18:00:00Z/2026-03-24T19:00:00Z,112233445566,2026-03-01T00:00:00Z,2026-04-01T00:00:00Z,AWS,223344556677,Usage,2026-03-24T18:00:00Z,2026-03-24T19:00:00Z,AmazonS3,USWE-TimedStorage-ByteHrs,StandardStorage,,arn:aws:s3:::data-lake-processed,939.4118,,,3.19444e-05,0.02968512,3.19444e-05,0.02968512,GB-Mo,0.023,0.02968512,Amazon Simple Storage Service,,,,,us-west-2,AmazonS3,data-eng,prod,CC200,,,,,,,,,,,,,
fde5e1d2253040458e7da842e295e542,2026-03-25T04:00:00Z/2026-03-25T05:00:00Z,112233445566,2026-03-01T00:00:00Z,2026-04-01T00:00:00Z,AWS,223344556677,Usage,2026-03-25T04:00:00Z,2026-03-25T05:00:00Z,AmazonS3,USWE-TimedStorage-ByteHrs,StandardStorage,,arn:aws:s3:::data-lake-processed,940.7208,,,3.19444e-05,0.02976336,3.19444e-05,0.02976336,GB-Mo,0.023,0.02976336,Amazon Simple Storage Service,,,,,us-west-2,AmazonS3,data-eng,prod,CC200,,,,,,,,,,,,,
485f09c2559b4763851ab57753f2ad86,2026-03-25T14:00:00Z/2026-03-25T15:00:00Z,112233445566,2026-03-01T00:00:00Z,2026-04-01T00:00:00Z,AWS,223344556677,Usage,2026-03-25T14:00:00Z,2026-03-25T15:00:00Z,AmazonS3,USWE-TimedStorage-ByteHrs,StandardStorage,,arn:aws:s3:::data-lake-processed,940.2241,,,3.19444e-05,0.02946884,3.19444e-05,0.02946884,GB-Mo,0.023,0.02946884,Amazon Simple Storage Service,,,,,us-west-2,AmazonS3,data-eng,prod,CC200,,,,,,,,,,,,,
3f29002a0f0c4257bbc84db1a1c58d06,2026-03-26T00:00:00Z/2026-03-26T01:00:00Z,112233445566,2026-03-01T00:00:00Z,2026-04-01T00:00:00Z,AWS,223344556677,Usage,2026-03-26T00:00:00Z,2026-03-26T01:00:00Z,AmazonS3,USWE-TimedStorage-ByteHrs,StandardStorage,,arn:aws:s3:::data-lake-processed,939.6148,,,3.19444e-05,0.02972244,3.19444e-05,0.02972244,GB-Mo,0.023,0.02972244,Amazon Simple Storage Service,,,,,us-west-2,AmazonS3,data-eng,prod,CC200,,,,,,,,,,,,,
d06b9b4e8ad74c96937cf6e7d275c919,2026-03-26T10:00:00Z/2026-03-26T11:00:00Z,112233445566,2026-03-01T00:00:00Z,2026-04-01T00:00:00Z,AWS,223344556677,Usage,2026-03-26T10:00:00Z,2026-03-26T11:00:00Z,AmazonS3,USWE-TimedStorage-ByteHrs,StandardStorage,,arn:aws:s3:::data-lake-processed,940.0953,,,3.19444e-05,0.02992207,3.19444e-05,0.02992207,GB-Mo,0.023,0.02992207,Amazon Simple Storage Service,,,,,us-west-2,AmazonS3,data-eng,prod,CC200,,,,,,,,,,,,,
bb4b8840895a41cf9d4a2e96f0c5813c,2026-03-26T20:00:00Z/2026-03-26T21:00:00Z,112233445566,2026-03-01T00:00:00Z,2026-04-01T00:00:00Z,AWS,223344556677,Usage,2026-03-26T20:00:00Z,2026-03-26T21:00:00Z,AmazonS3,USWE-TimedStorage-ByteHrs,StandardStorage,,arn:aws:s3:::data-lake-processed,939.586,,,3.19444e-05,0.02950046,3.19444e-05,0.02950046,GB-Mo,0.023,0.02950046,Amazon Simple Storage Service,,,,,us-west-2,AmazonS3,data-eng,prod,CC200,,,,,,,,,,,,,
2f44bbbe48534b6aa0e32c778b5eddb2,2026-03-27T06:00:00Z/2026-03-27T07:00:00Z,112233445566,2026-03-01T00:00:00Z,2026-04-01T00:00:00Z,AWS,223344556677,Usage,2026-03-27T06:00:00Z,2026-03-27T07:00:00Z,AmazonS3,USWE-TimedStorage-ByteHrs,StandardStorage,,arn:aws:s3:::data-lake-processed,939.435,,,3.19444e-05,0.02959206,3.19444e-05,0.02959206,GB-Mo,0.023,0.02959206,Amazon Simple Storage Service,,,,,us-west-2,AmazonS3,data-eng,prod,CC200,,,,,,,,,,,,,
62e0a90c32174108a1d7d7d024696234,2026-03-27T16:00:00Z/2026-03-27T17:00:00Z,112233445566,2026-03-01T00:00:00Z,2026-04-01T00:00:00Z,AWS,223344556677,Usage,2026-03-27T16:00:00Z,2026-03-27T17:00:00Z,AmazonS3,USWE-TimedStorage-ByteHrs,StandardStorage,,arn:aws:s3:::data-lake-processed,940.0485,,,3.19444e-05,0.03048979,3.19444e-05,0.03048979,GB-Mo,0.023,0.03048979,Amazon Simple Storage Service,,,,,us-west-2,AmazonS3,data-eng,prod,CC200,,,,,,,,,,,,,
798805428dad487ea84fefee24836d78,2026-03-28T02:00:00Z/2026-03-28T03:00:00Z,112233445566,2026-03-01T00:00:00Z,2026-04-01T00:00:00Z,AWS,223344556677,Usage,2026-03-28T02:00:00Z,2026-03-28T03:00:00Z,AmazonS3,USWE-TimedStorage-ByteHrs,StandardStorage,,arn:aws:s3:::data-lake-processed,940.5681,,,3.19444e-05,0.03018483,3.19444e-05,0.03018483,GB-Mo,0.023,0.03018483,Amazon Simple Storage Service,,,,,us-west-2,AmazonS3,data-eng,prod,CC200,,,,,,,,,,,,,
e228c3eedac84cfdaad7d1f8a5d5bbd3,2026-03-28T12:00:00Z/2026-03-28T13:00:00Z,112233445566,2026-03-01T00:00:00Z,2026-04-01T00:00:00Z,AWS,223344556677,Usage,2026-03-28T12:00:00Z,2026-03-28T13:00:00Z,AmazonS3,USWE-TimedStorage-ByteHrs,StandardStorage,,arn:aws:s3:::data-lake-processed,940.9201,,,3.19444e-05,0.03038192,3.19444e-05,0.03038192,GB-Mo,0.023,0.03038192,Amazon Simple Storage Service,,,,,us-west-2,AmazonS3,data-eng,prod,CC200,,,,,,,,,,,,,
0b4df11d6aa2476d84ea94232ad2a95f,2026-03-28T22:00:00Z/2026-03-28T23:00:00Z,112233445566,2026-03-01T00:00:00Z,2026-04-01T00:00:00Z,AWS,223344556677,Usage,2026-03-28T22:00:00Z,2026-03-28T23:00:00Z,AmazonS3,USWE-TimedStorage-ByteHrs,StandardStorage,,arn:aws:s3:::data-lake-processed,939.7351,,,3.19444e-05,0.03036639,3.19444e-05,0.03036639,GB-Mo,0.023,0.03036639,Amazon Simple Storage Service,,,,,us-west-2,AmazonS3,data-eng,prod,CC200,,,,,,,,,,,,,
3c711791283f43eebff87bfbe228a583,2026-03-29T08:00:00Z/2026-03-29T09:00:00Z,112233445566,2026-03-01T00:00:00Z,2026-04-01T00:00:00Z,AWS,223344556677,Usage,2026-03-29T08:00:00Z,2026-03-29T09:00:00Z,AmazonS3,USWE-TimedStorage-ByteHrs,StandardStorage,,arn:aws:s3:::data-lake-processed,939.9712,,,3.19444e-05,0.03008125,3.19444e-05,0.03008125,GB-Mo,0.023,0.03008125,Amazon Simple Storage Service,,,,,us-west-2,AmazonS3,data-eng,prod,CC200,,,,,,,,,,,,,
a9a1f515f2414d1ea105d142ce5a3640,2026-03-29T18:00:00Z/2026-03-29T19:00:00Z,112233445566,2026-03-01T00:00:00Z,2026-04-01T00:00:00Z,AWS,223344556677,Usage,2026-03-29T18:00:00Z,2026-03-29T19:00:00Z,AmazonS3,USWE-TimedStorage-ByteHrs,StandardStorage,,arn:aws:s3:::data-lake-processed,940.0045,,,3.19444e-05,0.03052345,3.19444e-05,0.03052345,GB-Mo,0.023,0.03052345,Amazon Simple Storage Service,,,,,us-west-2,AmazonS3,data-eng,prod,CC200,,,,,,,,,,,,,
d0f013df7d28476dae7023d6c274585e,2026-03-30T04:00:00Z/2026-03-30T05:00:00Z,112233445566,2026-03-01T00:00:00Z,2026-04-01T00:00:00Z,AWS,223344556677,Usage,2026-03-30T04:00:00Z,2026-03-30T05:00:00Z,AmazonS3,USWE-TimedStorage-ByteHrs,StandardStorage,,arn:aws:s3:::data-lake-processed,939.3981,,,3.19444e-05,0.02989371,3.19444e-05,0.02989371,GB-Mo,0.023,0.02989371,Amazon Simple Storage Service,,,,,us-west-2,AmazonS3,data-eng,prod,CC200,,,,,,,,,,,,,
b13984294a7e4c719c7b3744f9be5c5d,2026-03-30T14:00:00Z/2026-03-30T15:00:00Z,112233445566,2026-03-01T00:00:00Z,2026-04-01T00:00:00Z,AWS,223344556677,Usage,2026-03-30T14:00:00Z,2026-03-30T15:00:00Z,AmazonS3,USWE-TimedStorage-ByteHrs,StandardStorage,,arn:aws:s3:::data-lake-processed,939.4718,,,3.19444e-05,0.02981023,3.19444e-05,0.02981023,GB-Mo,0.023,0.02981023,Amazon Simple Storage Service,,,,,us-west-2,AmazonS3,data-eng,prod,CC200,,,,,,,,,,,,,
5f09db81ce4748079f28fb8dcc15c38b,2026-03-01T00:00:00Z/2026-03-01T01:00:00Z,112233445566,2026-03-01T00:00:00Z,2026-04-01T00:00:00Z,AWS,334455667788,Usage,2026-03-01T00:00:00Z,2026-03-01T01:00:00Z,AmazonS3,USEA-TimedStorage-ByteHrs,StandardStorage,,arn:aws:s3:::app-static-assets,310.1727,,,3.19444e-05,0.01005954,3.19444e-05,0.01005954,GB-Mo,0.023,0.01005954,Amazon Simple Storage Service,,,,,us-east-1,AmazonS3,frontend,prod,CC300,,,,,,,,,,,,,
4de366b225874e319ea3d8fc356f471e,2026-03-01T10:00:00Z/2026-03-01T11:00:00Z,112233445566,2026-03-01T00:00:00Z,2026-04-01T00:00:00Z,AWS,334455667788,Usage,2026-03-01T10:00:00Z,2026-03-01T11:00:00Z,AmazonS3,USEA-TimedStorage-ByteHrs,StandardStorage,,arn:aws:s3:::app-static-assets,310.3047,,,3.19444e-05,0.00972793,3.19444e-05,0.00972793,GB-Mo,0.023,0.00972793,Amazon Simple Storage Service,,,,,us-east-1,AmazonS3,frontend,prod,CC300,,,,,,,,,,,,,
c17e9126b6e948c38c217eb6881483df,2026-03-01T20:00:00Z/2026-03-01T21:00:00Z,112233445566,2026-03-01T00:00:00Z,2026-04-01T00:00:00Z,AWS,334455667788,Usage,2026-03-01T20:00:00Z,2026-03-01T21:00:00Z,AmazonS3,USEA-TimedStorage-ByteHrs,StandardStorage,,arn:aws:s3:::app-static-assets,310.1654,,,3.19444e-05,0.00991444,3.19444e-05,0.00991444,GB-Mo,0.023,0.00991444,Amazon Simple Storage Service,,,,,us-east-1,AmazonS3,frontend,prod,CC300,,,,,,,,,,,,,
d7652ba65bcd4adda8529f2421d637a7,2026-03-02T06:00:00Z/2026-03-02T07:00:00Z,112233445566,2026-03-01T00:00:00Z,2026-04-01T00:00:00Z,AWS,334455667788,Usage,2026-03-02T06:00:00Z,2026-03-02T07:00:00Z,AmazonS3,USEA-TimedStorage-ByteHrs,StandardStorage,,arn:aws:s3:::app-static-assets,310.2939,,,3.19444e-05,0.01010068,3.19444e-05,0.01010068,GB-Mo,0.023,0.01010068,Amazon Simple Storage Service,,,,,us-east-1,AmazonS3,frontend,prod,CC300,,,,,,,,,,,,,
dcfef0de61814967b820911693315069,2026-03-02T16:00:00Z/2026-03-02T17:00:00Z,112233445566,2026-03-01T00:00:00Z,2026-04-01T00:00:00Z,AWS,334455667788,Usage,2026-03-02T16:00:00Z,2026-03-02T17:00:00Z,AmazonS3,USEA-TimedStorage-ByteHrs,StandardStorage,,arn:aws:s3:::app-static-assets,310.0973,,,3.19444e-05,0.00974439,3.19444e-05,0.00974439,GB-Mo,0.023,0.00974439,Amazon Simple Storage Service,,,,,us-east-1,AmazonS3,frontend,prod,CC300,,,,,,,,,,,,,
4ad9dc52c56e44fdbfcb576fe3084795,2026-03-03T02:00:00Z/2026-03-03T03:00:00Z,112233445566,2026-03-01T00:00:00Z,2026-04-01T00:00:00Z,AWS,334455667788,Usage,2026-03-03T02:00:00Z,2026-03-03T03:00:00Z,AmazonS3,USEA-TimedStorage-ByteHrs,StandardStorage,,arn:aws:s3:::app-static-assets,310.1961,,,3.19444e-05,0.0098103,3.19444e-05,0.0098103,GB-Mo,0.023,0.0098103,Amazon Simple Storage Service,,,,,us-east-1,AmazonS3,frontend,prod,CC300,,,,,,,,,,,,,
038ee102ad3244ed9da5203b9f0f612e,2026-03-03T12:00:00Z/2026-03-03T13:00:00Z,112233445566,2026-03-01T00:00:00Z,2026-04-01T00:00:00Z,AWS,334455667788,Usage,2026-03-03T12:00:00Z,2026-03-03T13:00:00Z,AmazonS3,USEA-TimedStorage-ByteHrs,StandardStorage,,arn:aws:s3:::app-static-assets,309.7247,,,3.19444e-05,0.01006806,3.19444e-05,0.01006806,GB-Mo,0.023,0.01006806,Amazon Simple Storage Service,,,,,us-east-1,AmazonS3,frontend,prod,CC300,,,,,,,,,,,,,
3566d9e96d8f48dd9bebe8fcd58e737d,2026-03-03T22:00:00Z/2026-03-03T23:00:00Z,112233445566,2026-03-01T00:00:00Z,2026-04-01T00:00:00Z,AWS,334455667788,Usage,2026-03-03T22:00:00Z,2026-03-03T23:00:00Z,AmazonS3,USEA-TimedStorage-ByteHrs,StandardStorage,,arn:aws:s3:::app-static-assets,309.826,,,3.19444e-05,0.0100994,3.19444e-05,0.0100994,GB-Mo,0.023,0.0100994,Amazon Simple Storage Service,,,,,us-east-1,AmazonS3,frontend,prod,CC300,,,,,,,,,,,,,
c06f5bb631024e9ca223cbfa9b530d7d,2026-03-04T08:00:00Z/2026-03-04T09:00:00Z,112233445566,2026-03-01T00:00:00Z,2026-04-01T00:00:00Z,AWS,334455667788,Usage,2026-03-04T08:00:00Z,2026-03-04T09:00:00Z,AmazonS3,USEA-TimedStorage-ByteHrs,StandardStorage,,arn:aws:s3:::app-static-assets,310.1844,,,3.19444e-05,0.01004003,3.19444e-05,0.01004003,GB-Mo,0.023,0.01004003,Amazon Simple Storage Service,,,,,us-east-1,AmazonS3,frontend,prod,CC300,,,,,,,,,,,,,
584c5558cc694296b10f8e17db58c888,2026-03-04T18:00:00Z/2026-03-04T19:00:00Z,112233445566,2026-03-01T00:00:00Z,2026-04-01T00:00:00Z,AWS,334455667788,Usage,2026-03-04T18:00:00Z,2026-03-04T19:00:00Z,AmazonS3,USEA-TimedStorage-ByteHrs,StandardStorage,,arn:aws:s3:::app-static-assets,310.2103,,,3.19444e-05,0.00984526,3.19444e-05,0.00984526,GB-Mo,0.023,0.00984526,Amazon Simple Storage Service,,,,,us-east-1,AmazonS3,frontend,prod,CC300,,,,,,,,,,,,,
6edc56c4e31b4d6f9c924ed312b9f87d,2026-03-05T04:00:00Z/2026-03-05T05:00:00Z,112233445566,2026-03-01T00:00:00Z,2026-04-01T00:00:00Z,AWS,334455667788,Usage,2026-03-05T04:00:00Z,2026-03-05T05:00:00Z,AmazonS3,USEA-TimedStorage-ByteHrs,StandardStorage,,arn:aws:s3:::app-static-assets,309.7992,,,3.19444e-05,0.01003952,3.19444e-05,0.01003952,GB-Mo,0.023,0.01003952,Amazon Simple Storage Service,,,,,us-east-1,AmazonS3,frontend,prod,CC300,,,,,,,,,,,,,
d33b2ea34bbc4ee0836ea6bc6cb8df2e,2026-03-05T14:00:00Z/2026-03-05T15:00:00Z,112233445566,2026-03-01T00:00:00Z,2026-04-01T00:00:00Z,AWS,334455667788,Usage,2026-03-05T14:00:00Z,2026-03-05T15:00:00Z,AmazonS3,USEA-TimedStorage-ByteHrs,StandardStorage,,arn:aws:s3:::app-static-assets,310.1899,,,3.19444e-05,0.00993943,3.19444e-05,0.00993943,GB-Mo,0.023,0.00993943,Amazon Simple Storage Service,,,,,us-east-1,AmazonS3,frontend,prod,CC300,,,,,,,,,,,,,
e3711e8f2dfc47b1b0d84f898d55cd9d,2026-03-06T00:00:00Z/2026-03-06T01:00:00Z,112233445566,2026-03-01T00:00:00Z,2026-04-01T00:00:00Z,AWS,334455667788,Usage,2026-03-06T00:00:00Z,2026-03-06T01:00:00Z,AmazonS3,USEA-TimedStorage-ByteHrs,StandardStorage,,arn:aws:s3:::app-static-assets,310.2567,,,3.19444e-05,0.00998106,3.19444e-05,0.00998106,GB-Mo,0.023,0.00998106,Amazon Simple Storage Service,,,,,us-east-1,AmazonS3,frontend,prod,CC300,,,,,,,,,,,,,
ecb751400d884c79a8f4bc03ed785fa2,2026-03-06T10:00:00Z/2026-03-06T11:00:00Z,112233445566,2026-03-01T00:00:00Z,2026-04-01T00:00:00Z,AWS,334455667788,Usage,2026-03-06T10:00:00Z,2026-03-06T11:00:00Z,AmazonS3,USEA-TimedStorage-ByteHrs,StandardStorage,,arn:aws:s3:::app-static-assets,310.1243,,,3.19444e-05,0.0097159,3.19444e-05,0.0097159,GB-Mo,0.023,0.0097159,Amazon Simple Storage Service,,,,,us-east-1,AmazonS3,frontend,prod,CC300,,,,,,,,,,,,,
7227051757b445b68590aabacb57dfda,2026-03-06T20:00:00Z/2026-03-06T21:00:00Z,112233445566,2026-03-01T00:00:00Z,2026-04-01T00:00:00Z,AWS,334455667788,Usage,2026-03-06T20:00:00Z,2026-03-06T21:00:00Z,AmazonS3,USEA-TimedStorage-ByteHrs,StandardStorage,,arn:aws:s3:::app-static-assets,310.0394,,,3.19444e-05,0.01008006,3.19444e-05,0.01008006,GB-Mo,0.023,0.01008006,Amazon Simple Storage Service,,,,,us-east-1,AmazonS3,frontend,prod,CC300,,,,,,,,,,,,,
b8d39acb692e45b3a61a60724bed3420,2026-03-07T06:00:00Z/2026-03-07T07:00:00Z,112233445566,2026-03-01T00:00:00Z,2026-04-01T00:00:00Z,AWS,334455667788,Usage,2026-03-07T06:00:00Z,2026-03-07T07:00:00Z,AmazonS3,USEA-TimedStorage-ByteHrs,StandardStorage,,arn:aws:s3:::app-static-assets,309.8067,,,3.19444e-05,0.00992778,3.19444e-05,0.00992778,GB-Mo,0.023,0.00992778,Amazon Simple Storage Service,,,,,us-east-1,AmazonS3,frontend,prod,CC300,,,,,,,,,,,,,
7dea168ca3794de38d6db001ed30c488,2026-03-07T16:00:00Z/2026-03-07T17:00:00Z,112233445566,2026-03-01T00:00:00Z,2026-04-01T00:00:00Z,AWS,334455667788,Usage,2026-03-07T16:00:00Z,2026-03-07T17:00:00Z,AmazonS3,USEA-TimedStorage-ByteHrs,StandardStorage,,arn:aws:s3:::app-static-assets,310.2366,,,3.19444e-05,0.01009608,3.19444e-05,0.01009608,GB-Mo,0.023,0.01009608,Amazon Simple Storage Service,,,,,us-east-1,AmazonS3,frontend,prod,CC300,,,,,,,,,,,,,
d3a04bc17c5d456789dd37136b997261,2026-03-08T02:00:00Z/2026-03-08T03:00:00Z,112233445566,2026-03-01T00:00:00Z,2026-04-01T00:00:00Z,AWS,334455667788,Usage,2026-03-08T02:00:00Z,2026-03-08T03:00:00Z,AmazonS3,USEA-TimedStorage-ByteHrs,StandardStorage,,arn:aws:s3:::app-static-assets,309.8816,,,3.19444e-05,0.0098997,3.19444e-05,0.0098997,GB-Mo,0.023,0.0098997,Amazon Simple Storage Service,,,,,us-east-1,AmazonS3,frontend,prod,CC300,,,,,,,,,,,,,
8d0a4b50d71f46a5a2f07f952425ab0a,2026-03-08T12:00:00Z/2026-03-08T13:00:00Z,112233445566,2026-03-01T00:00:00Z,2026-04-01T00:00:00Z,AWS,334455667788,Usage,2026-03-08T12:00:00Z,2026-03-08T13:00:00Z,AmazonS3,USEA-TimedStorage-ByteHrs,StandardStorage,,arn:aws:s3:::app-static-assets,309.746,,,3.19444e-05,0.00989899,3.19444e-05,0.00989899,GB-Mo,0.023,0.00989899,Amazon Simple Storage Service,,,,,us-east-1,AmazonS3,frontend,prod,CC300,,,,,,,,,,,,,
ae1046e0ce794f3d8382fa8dae4bc3f6,2026-03-08T22:00:00Z/2026-03-08T23:00:00Z,112233445566,2026-03-01T00:00:00Z,2026-04-01T00:00:00Z,AWS,334455667788,Usage,2026-03-08T22:00:00Z,2026-03-08T23:00:00Z,AmazonS3,USEA-TimedStorage-ByteHrs,StandardStorage,,arn:aws:s3:::app-static-assets,309.8257,,,3.19444e-05,0.00979687,3.19444e-05,0.00979687,GB-Mo,0.023,0.00979687,Amazon Simple Storage Service,,,,,us-east-1,AmazonS3,frontend,prod,CC300,,,,,,,,,,,,,
27531afa6c774111873530cc6e585739,2026-03-09T08:00:00Z/2026-03-09T09:00:00Z,112233445566,2026-03-01T00:00:00Z,2026-04-01T00:00:00Z,AWS,334455667788,Usage,2026-03-09T08:00:00Z,2026-03-09T09:00:00Z,AmazonS3,USEA-TimedStorage-ByteHrs,StandardStorage,,arn:aws:s3:::app-static-assets,309.6904,,,3.19444e-05,0.00991325,3.19444e-05,0.00991325,GB-Mo,0.023,0.00991325,Amazon Simple Storage Service,,,,,us-east-1,AmazonS3,frontend,prod,CC300,,,,,,,,,,,,,
004eb13cd61b469e9ca01c943cecd307,2026-03-09T18:00:00Z/2026-03-09T19:00:00Z,112233445566,2026-03-01T00:00:00Z,2026-04-01T00:00:00Z,AWS,334455667788,Usage,2026-03-09T18:00:00Z,2026-03-09T19:00:00Z,AmazonS3,USEA-TimedStorage-ByteHrs,StandardStorage,,arn:aws:s3:::app-static-assets,309.8149,,,3.19444e-05,0.01006831,3.19444e-05,0.01006831,GB-Mo,0.023,0.01006831,Amazon Simple Storage Service,,,,,us-east-1,AmazonS3,frontend,prod,CC300,,,,,,,,,,,,,
e72064f15ca348298d0bfd7074dc5a70,2026-03-10T04:00:00Z/2026-03-10T05:00:00Z,112233445566,2026-03-01T00:00:00Z,2026-04-01T00:00:00Z,AWS,334455667788,Usage,2026-03-10T04:00:00Z,2026-03-10T05:00:00Z,AmazonS3,USEA-TimedStorage-ByteHrs,StandardStorage,,arn:aws:s3:::app-static-assets,310.1345,,,3.19444e-05,0.00975641,3.19444e-05,0.00975641,GB-Mo,0.023,0.00975641,Amazon Simple Storage Service,,,,,us-east-1,AmazonS3,frontend,prod,CC300,,,,,,,,,,,,,
54e21e0f092949c099427287dc9a6042,2026-03-10T14:00:00Z/2026-03-10T15:00:00Z,112233445566,2026-03-01T00:00:00Z,2026-04-01T00:00:00Z,AWS,334455667788,Usage,2026-03-10T14:00:00Z,2026-03-10T15:00:00Z,AmazonS3,USEA-TimedStorage-ByteHrs,StandardStorage,,arn:aws:s3:::app-static-assets,310.2135,,,3.19444e-05,0.01006866,3.19444e-05,0.01006866,GB-Mo,0.023,0.01006866,Amazon Simple Storage Service,,,,,us-east-1,AmazonS3,frontend,prod,CC300,,,,,,,,,,,,,
efda218b926f416793eca08da589ad6c,2026-03-11T00:00:00Z/2026-03-11T01:00:00Z,112233445566,2026-03-01T00:00:00Z,2026-04-01T00:00:00Z,AWS,334455667788,Usage,2026-03-11T00:00:00Z,2026-03-11T01:00:00Z,AmazonS3,USEA-TimedStorage-ByteHrs,StandardStorage,,arn:aws:s3:::app-static-assets,309.7036,,,3.19444e-05,0.0098329,3.19444e-05,0.0098329,GB-Mo,0.023,0.0098329,Amazon Simple Storage Service,,,,,us-east-1,AmazonS3,frontend,prod,CC300,,,,,,,,,,,,,
550bcbc6d01b4bcca88461c96ea0eaed,2026-03-11T10:00:00Z/2026-03-11T11:00:00Z,112233445566,2026-03-01T00:00:00Z,2026-04-01T00:00:00Z,AWS,334455667788,Usage,2026-03-11T10:00:00Z,2026-03-11T11:00:00Z,AmazonS3,USEA-TimedStorage-ByteHrs,StandardStorage,,arn:aws:s3:::app-static-assets,310.2587,,,3.19444e-05,0.00993708,3.19444e-05,0.00993708,GB-Mo,0.023,0.00993708,Amazon Simple Storage Service,,,,,us-east-1,AmazonS3,frontend,prod,CC300,,,,,,,,,,,,,
0108a6d54b944debb5854cb4cb021d4c,2026-03-11T20:00:00Z/2026-03-11T21:00:00Z,112233445566,2026-03-01T00:00:00Z,2026-04-01T00:00:00Z,AWS,334455667788,Usage,2026-03-11T20:00:00Z,2026-03-11T21:00:00Z,AmazonS3,USEA-TimedStorage-ByteHrs,StandardStorage,,arn:aws:s3:::app-static-assets,310.2148,,,3.19444e-05,0.01001146,3.19444e-05,0.01001146,GB-Mo,0.023,0.01001146,Amazon Simple Storage Service,,,,,us-east-1,AmazonS3,frontend,prod,CC300,,,,,,,,,,,,,
c86acb16a78947628e1c7d99908d001f,2026-03-12T06:00:00Z/2026-03-12T07:00:00Z,112233445566,2026-03-01T00:00:00Z,2026-04-01T00:00:00Z,AWS,334455667788,Usage,2026-03-12T06:00:00Z,2026-03-12T07:00:00Z,AmazonS3,USEA-TimedStorage-ByteHrs,StandardStorage,,arn:aws:s3:::app-static-assets,310.2855,,,3.19444e-05,0.01004564,3.19444e-05,0.01004564,GB-Mo,0.023,0.01004564,Amazon Simple Storage Service,,,,,us-east-1,AmazonS3,frontend,prod,CC300,,,,,,,,,,,,,
4022e91dfd7e4556b9c8dc00acaa3600,2026-03-12T16:00:00Z/2026-03-12T17:00:00Z,112233445566,2026-03-01T00:00:00Z,2026-04-01T00:00:00Z,AWS,334455667788,Usage,2026-03-12T16:00:00Z,2026-03-12T17:00:00Z,AmazonS3,USEA-TimedStorage-ByteHrs,StandardStorage,,arn:aws:s3:::app-static-assets,310.274,,,3.19444e-05,0.00985271,3.19444e-05,0.00985271,GB-Mo,0.023,0.00985271,Amazon Simple Storage Service,,,,,us-east-1,AmazonS3,frontend,prod,CC300,,,,,,,,,,,,,
71e20b075a4948ccacb4e89095198e25,2026-03-13T02:00:00Z/2026-03-13T03:00:00Z,112233445566,2026-03-01T00:00:00Z,2026-04-01T00:00:00Z,AWS,334455667788,Usage,2026-03-13T02:00:00Z,2026-03-13T03:00:00Z,AmazonS3,USEA-TimedStorage-ByteHrs,StandardStorage,,arn:aws:s3:::app-static-assets,309.7526,,,3.19444e-05,0.00986142,3.19444e-05,0.00986142,GB-Mo,0.023,0.00986142,Amazon Simple Storage Service,,,,,us-east-1,AmazonS3,frontend,prod,CC300,,,,,,,,,,,,,
19b882a314624d949ee0959771a3608f,2026-03-13T12:00:00Z/2026-03-13T13:00:00Z,112233445566,2026-03-01T00:00:00Z,2026-04-01T00:00:00Z,AWS,334455667788,Usage,2026-03-13T12:00:00Z,2026-03-13T13:00:00Z,AmazonS3,USEA-TimedStorage-ByteHrs,StandardStorage,,arn:aws:s3:::app-static-assets,309.7746,,,3.19444e-05,0.00982425,3.19444e-05,0.00982425,GB-Mo,0.023,0.00982425,Amazon Simple Storage Service,,,,,us-east-1,AmazonS3,frontend,prod,CC300,,,,,,,,,,,,,
d9175fe061da48b1a9ead0208f3aa3b6,2026-03-13T22:00:00Z/2026-03-13T23:00:00Z,112233445566,2026-03-01T00:00:00Z,2026-04-01T00:00:00Z,AWS,334455667788,Usage,2026-03-13T22:00:00Z,2026-03-13T23:00:00Z,AmazonS3,USEA-TimedStorage-ByteHrs,StandardStorage,,arn:aws:s3:::app-static-assets,310.2782,,,3.19444e-05,0.00976711,3.19444e-05,0.00976711,GB-Mo,0.023,0.00976711,Amazon Simple Storage Service,,,,,us-east-1,AmazonS3,frontend,prod,CC300,,,,,,,,,,,,,
7e0e30354f8544b6b35bb87d9a0d07ea,2026-03-14T08:00:00Z/2026-03-14T09:00:00Z,112233445566,2026-03-01T00:00:00Z,2026-04-01T00:00:00Z,AWS,334455667788,Usage,2026-03-14T08:00:00Z,2026-03-14T09:00:00Z,AmazonS3,USEA-TimedStorage-ByteHrs,StandardStorage,,arn:aws:s3:::app-static-assets,310.2856,,,3.19444e-05,0.01001838,3.19444e-05,0.01001838,GB-Mo,0.023,0.01001838,Amazon Simple Storage Service,,,,,us-east-1,AmazonS3,frontend,prod,CC300,,,,,,,,,,,,,
d9b04488510f40acb9bd719bb9c18efc,2026-03-14T18:00:00Z/2026-03-14T19:00:00Z,112233445566,2026-03-01T00:00:00Z,2026-04-01T00:00:00Z,AWS,334455667788,Usage,2026-03-14T18:00:00Z,2026-03-14T19:00:00Z,AmazonS3,USEA-TimedStorage-ByteHrs,StandardStorage,,arn:aws:s3:::app-static-assets,309.798,,,3.19444e-05,0.00996187,3.19444e-05,0.00996187,GB-Mo,0.023,0.00996187,Amazon Simple Storage Service,,,,,us-east-1,AmazonS3,frontend,prod,CC300,,,,,,,,,,,,,
948c36f251e54d53a94b5e1838ae2ee9,2026-03-15T04:00:00Z/2026-03-15T05:00:00Z,112233445566,2026-03-01T00:00:00Z,2026-04-01T00:00:00Z,AWS,334455667788,Usage,2026-03-15T04:00:00Z,2026-03-15T05:00:00Z,AmazonS3,USEA-TimedStorage-ByteHrs,StandardStorage,,arn:aws:s3:::app-static-assets,310.12,,,3.19444e-05,0.01008845,3.19444e-05,0.01008845,GB-Mo,0.023,0.01008845,Amazon Simple Storage Service,,,,,us-east-1,AmazonS3,frontend,prod,CC300,,,,,,,,,,,,,
d2ac4841183d4c84bb8cbb3a2af8bbcc,2026-03-15T14:00:00Z/2026-03-15T15:00:00Z,112233445566,2026-03-01T00:00:00Z,2026-04-01T00:00:00Z,AWS,334455667788,Usage,2026-03-15T14:00:00Z,2026-03-15T15:00:00Z,AmazonS3,USEA-TimedStorage-ByteHrs,StandardStorage,,arn:aws:s3:::app-static-assets,310.1779,,,3.19444e-05,0.01007265,3.19444e-05,0.01007265,GB-Mo,0.023,0.01007265,Amazon Simple Storage Service,,,,,us-east-1,AmazonS3,frontend,prod,CC300,,,,,,,,,,,,,
b60905df372f4002bd300b921f4b3a97,2026-03-16T00:00:00Z/2026-03-16T01:00:00Z,112233445566,2026-03-01T00:00:00Z,2026-04-01T00:00:00Z,AWS,334455667788,Usage,2026-03-16T00:00:00Z,2026-03-16T01:00:00Z,AmazonS3,USEA-TimedStorage-ByteHrs,StandardStorage,,arn:aws:s3:::app-static-assets,310.0551,,,3.19444e-05,0.00979315,3.19444e-05,0.00979315,GB-Mo,0.023,0.00979315,Amazon Simple Storage Service,,,,,us-east-1,AmazonS3,frontend,prod,CC300,,,,,,,,,,,,,
ff0e1c419b4f4c8f96985f9d6aad9869,2026-03-16T10:00:00Z/2026-03-16T11:00:00Z,112233445566,2026-03-01T00:00:00Z,2026-04-01T00:00:00Z,AWS,334455667788,Usage,2026-03-16T10:00:00Z,2026-03-16T11:00:00Z,AmazonS3,USEA-TimedStorage-ByteHrs,StandardStorage,,arn:aws:s3:::app-static-assets,309.8802,,,3.19444e-05,0.00977418,3.19444e-05,0.00977418,GB-Mo,0.023,0.00977418,Amazon Simple Storage Service,,,,,us-east-1,AmazonS3,frontend,prod,CC300,,,,,,,,,,,,,
e0a5b222698a454aa7c94adf682c8ca1,2026-03-16T20:00:00Z/2026-03-16T21:00:00Z,112233445566,2026-03-01T00:00:00Z,2026-04-01T00:00:00Z,AWS,334455667788,Usage,2026-03-16T20:00:00Z,2026-03-16T21:00:00Z,AmazonS3,USEA-TimedStorage-ByteHrs,StandardStorage,,arn:aws:s3:::app-static-assets,309.769,,,3.19444e-05,0.00997744,3.19444e-05,0.00997744,GB-Mo,0.023,0.00997744,Amazon Simple Storage Service,,,,,us-east-1,AmazonS3,frontend,prod,CC300,,,,,,,,,,,,,
651297b91ce84ef0be77cd1d79b52284,2026-03-17T06:00:00Z/2026-03-17T07:00:00Z,112233445566,2026-03-01T00:00:00Z,2026-04-01T00:00:00Z,AWS,334455667788,Usage,2026-03-17T06:00:00Z,2026-03-17T07:00:00Z,AmazonS3,USEA-TimedStorage-ByteHrs,StandardStorage,,arn:aws:s3:::app-static-assets,310.2782,,,3.19444e-05,0.00999342,3.19444e-05,0.00999342,GB-Mo,0.023,0.00999342,Amazon Simple Storage Service,,,,,us-east-1,AmazonS3,frontend,prod,CC300,,,,,,,,,,,,,
0abdf7048587466fb42ff7464898511d,2026-03-17T16:00:00Z/2026-03-17T17:00:00Z,112233445566,2026-03-01T00:00:00Z,2026-04-01T00:00:00Z,AWS,334455667788,Usage,2026-03-17T16:00:00Z,2026-03-17T17:00:00Z,AmazonS3,USEA-TimedStorage-ByteHrs,StandardStorage,,arn:aws:s3:::app-static-assets,309.9328,,,3.19444e-05,0.01008051,3.19444e-05,0.01008051,GB-Mo,0.023,0.01008051,Amazon Simple Storage Service,,,,,us-east-1,AmazonS3,frontend,prod,CC300,,,,,,,,,,,,,
efeac82d6e3d428ea7f9b57448e75d58,2026-03-18T02:00:00Z/2026-03-18T03:00:00Z,112233445566,2026-03-01T00:00:00Z,2026-04-01T00:00:00Z,AWS,334455667788,Usage,2026-03-18T02:00:00Z,2026-03-18T03:00:00Z,AmazonS3,USEA-TimedStorage-ByteHrs,StandardStorage,,arn:aws:s3:::app-static-assets,310.2884,,,3.19444e-05,0.01009857,3.19444e-05,0.01009857,GB-Mo,0.023,0.01009857,Amazon Simple Storage Service,,,,,us-east-1,AmazonS3,frontend,prod,CC300,,,,,,,,,,,,,
c76f2f54758c40788c8b1bdef14f982f,2026-03-18T12:00:00Z/2026-03-18T13:00:00Z,112233445566,2026-03-01T00:00:00Z,2026-04-01T00:00:00Z,AWS,334455667788,Usage,2026-03-18T12:00:00Z,2026-03-18T13:00:00Z,AmazonS3,USEA-TimedStorage-ByteHrs,StandardStorage,,arn:aws:s3:::app-static-assets,310.0635,,,3.19444e-05,0.00971755,3.19444e-05,0.00971755,GB-Mo,0.023,0.00971755,Amazon Simple Storage Service,,,,,us-east-1,AmazonS3,frontend,prod,CC300,,,,,,,,,,,,,
827882ab83ba4a06a8e444ea07107332,2026-03-18T22:00:00Z/2026-03-18T23:00:00Z,112233445566,2026-03-01T00:00:00Z,2026-04-01T00:00:00Z,AWS,334455667788,Usage,2026-03-18T22:00:00Z,2026-03-18T23:00:00Z,AmazonS3,USEA-TimedStorage-ByteHrs,StandardStorage,,arn:aws:s3:::app-static-assets,310.2899,,,3.19444e-05,0.01006956,3.19444e-05,0.01006956,GB-Mo,0.023,0.01006956,Amazon Simple Storage Service,,,,,us-east-1,AmazonS3,frontend,prod,CC300,,,,,,,,,,,,,
1f1b0ca769ab497eb508a20819a35cb5,2026-03-19T08:00:00Z/2026-03-19T09:00:00Z,112233445566,2026-03-01T00:00:00Z,2026-04-01T00:00:00Z,AWS,334455667788,Usage,2026-03-19T08:00:00Z,2026-03-19T09:00:00Z,AmazonS3,USEA-TimedStorage-ByteHrs,StandardStorage,,arn:aws:s3:::app-static-assets,310.0406,,,3.19444e-05,0.00979222,3.19444e-05,0.00979222,GB-Mo,0.023,0.00979222,Amazon Simple Storage Service,,,,,us-east-1,AmazonS3,frontend,prod,CC300,,,,,,,,,,,,,
7fcb6370b29d4de7b6fb140219f9e757,2026-03-19T18:00:00Z/2026-03-19T19:00:00Z,112233445566,2026-03-01T00:00:00Z,2026-04-01T00:00:00Z,AWS,334455667788,Usage,2026-03-19T18:00:00Z,2026-03-19T19:00:00Z,AmazonS3,USEA-TimedStorage-ByteHrs,StandardStorage,,arn:aws:s3:::app-static-assets,309.7772,,,3.19444e-05,0.01007575,3.19444e-05,0.01007575,GB-Mo,0.023,0.01007575,Amazon Simple Storage Service,,,,,us-east-1,AmazonS3,frontend,prod,CC300,,,,,,,,,,,,,
5e3ab9bb27da47b49c9b3499a68cd346,2026-03-20T04:00:00Z/2026-03-20T05:00:00Z,112233445566,2026-03-01T00:00:00Z,2026-04-01T00:00:00Z,AWS,334455667788,Usage,2026-03-20T04:00:00Z,2026-03-20T05:00:00Z,AmazonS3,USEA-TimedStorage-ByteHrs,StandardStorage,,arn:aws:s3:::app-static-assets,309.8376,,,3.19444e-05,0.00999996,3.19444e-05,0.00999996,GB-Mo,0.023,0.00999996,Amazon Simple Storage Service,,,,,us-east-1,AmazonS3,frontend,prod,CC300,,,,,,,,,,,,,
9a21249c0a5d4d68814ebbed73ffbfab,2026-03-20T14:00:00Z/2026-03-20T15:00:00Z,112233445566,2026-03-01T00:00:00Z,2026-04-01T00:00:00Z,AWS,334455667788,Usage,2026-03-20T14:00:00Z,2026-03-20T15:00:00Z,AmazonS3,USEA-TimedStorage-ByteHrs,StandardStorage,,arn:aws:s3:::app-static-assets,309.7941,,,3.19444e-05,0.01009385,3.19444e-05,0.01009385,GB-Mo,0.023,0.01009385,Amazon Simple Storage Service,,,,,us-east-1,AmazonS3,frontend,prod,CC300,,,,,,,,,,,,,
939e8f8c562441c8b3389d401e1bdc03,2026-03-21T00:00:00Z/2026-03-21T01:00:00Z,112233445566,2026-03-01T00:00:00Z,2026-04-01T00:00:00Z,AWS,334455667788,Usage,2026-03-21T00:00:00Z,2026-03-21T01:00:00Z,AmazonS3,USEA-TimedStorage-ByteHrs,StandardStorage,,arn:aws:s3:::app-static-assets,309.745,,,3.19444e-05,0.01005541,3.19444e-05,0.01005541,GB-Mo,0.023,0.01005541,Amazon Simple Storage Service,,,,,us-east-1,AmazonS3,frontend,prod,CC300,,,,,,,,,,,,,
bc25f80d2d2d47d6b4a226b2aeb50ba3,2026-03-21T10:00:00Z/2026-03-21T11:00:00Z,112233445566,2026-03-01T00:00:00Z,2026-04-01T00:00:00Z,AWS,334455667788,Usage,2026-03-21T10:00:00Z,2026-03-21T11:00:00Z,AmazonS3,USEA-TimedStorage-ByteHrs,StandardStorage,,arn:aws:s3:::app-static-assets,310.0862,,,3.19444e-05,0.00998555,3.19444e-05,0.00998555,GB-Mo,0.023,0.00998555,Amazon Simple Storage Service,,,,,us-east-1,AmazonS3,frontend,prod,CC300,,,,,,,,,,,,,
77e9abd510bc4e379bfd603bd63b69e4,2026-03-21T20:00:00Z/2026-03-21T21:00:00Z,112233445566,2026-03-01T00:00:00Z,2026-04-01T00:00:00Z,AWS,334455667788,Usage,2026-03-21T20:00:00Z,2026-03-21T21:00:00Z,AmazonS3,USEA-TimedStorage-ByteHrs,StandardStorage,,arn:aws:s3:::app-static-assets,309.9669,,,3.19444e-05,0.01005594,3.19444e-05,0.01005594,GB-Mo,0.023,0.01005594,Amazon Simple Storage Service,,,,,us-east-1,AmazonS3,frontend,prod,CC300,,,,,,,,,,,,,
9d70619b6389403eb8940f4cf7fa478d,2026-03-22T06:00:00Z/2026-03-22T07:00:00Z,112233445566,2026-03-01T00:00:00Z,2026-04-01T00:00:00Z,AWS,334455667788,Usage,2026-03-22T06:00:00Z,2026-03-22T07:00:00Z,AmazonS3,USEA-TimedStorage-ByteHrs,StandardStorage,,arn:aws:s3:::app-static-assets,309.8447,,,3.19444e-05,0.00980978,3.19444e-05,0.00980978,GB-Mo,0.023,0.00980978,Amazon Simple Storage Service,,,,,us-east-1,AmazonS3,frontend,prod,CC300,,,,,,,,,,,,,
a4be2338e908475094909d1a90ab1bca,2026-03-22T16:00:00Z/2026-03-22T17:00:00Z,112233445566,2026-03-01T00:00:00Z,2026-04-01T00:00:00Z,AWS,334455667788,Usage,2026-03-22T16:00:00Z,2026-03-22T17:00:00Z,AmazonS3,USEA-TimedStorage-ByteHrs,StandardStorage,,arn:aws:s3:::app-static-assets,309.8491,,,3.19444e-05,0.00973158,3.19444e-05,0.00973158,GB-Mo,0.023,0.00973158,Amazon Simple Storage Service,,,,,us-east-1,AmazonS3,frontend,prod,CC300,,,,,,,,,,,,,
3802ae55f6fa4d529909631fddac47fe,2026-03-23T02:00:00Z/2026-03-23T03:00:00Z,112233445566,2026-03-01T00:00:00Z,2026-04-01T00:00:00Z,AWS,334455667788,Usage,2026-03-23T02:00:00Z,2026-03-23T03:00:00Z,AmazonS3,USEA-TimedStorage-ByteHrs,StandardStorage,,arn:aws:s3:::app-static-assets,309.6908,,,3.19444e-05,0.00974752,3.19444e-05,0.00974752,GB-Mo,0.023,0.00974752,Amazon Simple Storage Service,,,,,us-east-1,AmazonS3,frontend,prod,CC300,,,,,,,,,,,,,
6e6f073950fc4e3981652f2d0b3e1399,2026-03-23T12:00:00Z/2026-03-23T13:00:00Z,112233445566,2026-03-01T00:00:00Z,2026-04-01T00:00:00Z,AWS,334455667788,Usage,2026-03-23T12:00:00Z,2026-03-23T13:00:00Z,AmazonS3,USEA-TimedStorage-ByteHrs,StandardStorage,,arn:aws:s3:::app-static-assets,310.1442,,,3.19444e-05,0.0098576,3.19444e-05,0.0098576,GB-Mo,0.023,0.0098576,Amazon Simple Storage Service,,,,,us-east-1,AmazonS3,frontend,prod,CC300,,,,,,,,,,,,,
5e1d68d02edc45db975f398f99b7747c,2026-03-23T22:00:00Z/2026-03-23T23:00:00Z,112233445566,2026-03-01T00:00:00Z,2026-04-01T00:00:00Z,AWS,334455667788,Usage,2026-03-23T22:00:00Z,2026-03-23T23:00:00Z,AmazonS3,USEA-TimedStorage-ByteHrs,StandardStorage,,arn:aws:s3:::app-static-assets,310.2384,,,3.19444e-05,0.01008859,3.19444e-05,0.01008859,GB-Mo,0.023,0.01008859,Amazon Simple Storage Service,,,,,us-east-1,AmazonS3,frontend,prod,CC300,,,,,,,,,,,,,
dfea2a801aff42c7bad6dafdc3ce236e,2026-03-24T08:00:00Z/2026-03-24T09:00:00Z,112233445566,2026-03-01T00:00:00Z,2026-04-01T00:00:00Z,AWS,334455667788,Usage,2026-03-24T08:00:00Z,2026-03-24T09:00:00Z,AmazonS3,USEA-TimedStorage-ByteHrs,StandardStorage,,arn:aws:s3:::app-static-assets,309.9248,,,3.19444e-05,0.00990004,3.19444e-05,0.00990004,GB-Mo,0.023,0.00990004,Amazon Simple Storage Service,,,,,us-east-1,AmazonS3,frontend,prod,CC300,,,,,,,,,,,,,
47d9d1f0344840628fccee89ff430d22,2026-03-24T18:00:00Z/2026-03-24T19:00:00Z,112233445566,2026-03-01T00:00:00Z,2026-04-01T00:00:00Z,AWS,334455667788,Usage,2026-03-24T18:00:00Z,2026-03-24T19:00:00Z,AmazonS3,USEA-TimedStorage-ByteHrs,StandardStorage,,arn:aws:s3:::app-static-assets,309.7529,,,3.19444e-05,0.00992101,3.19444e-05,0.00992101,GB-Mo,0.023,0.00992101,Amazon Simple Storage Service,,,,,us-east-1,AmazonS3,frontend,prod,CC300,,,,,,,,,,,,,
1fd8e94bebc74c2bb414e5f15f5a93a4,2026-03-25T04:00:00Z/2026-03-25T05:00:00Z,112233445566,2026-03-01T00:00:00Z,2026-04-01T00:00:00Z,AWS,334455667788,Usage,2026-03-25T04:00:00Z,2026-03-25T05:00:00Z,AmazonS3,USEA-TimedStorage-ByteHrs,StandardStorage,,arn:aws:s3:::app-static-assets,310.2257,,,3.19444e-05,0.00989465,3.19444e-05,0.00989465,GB-Mo,0.023,0.00989465,Amazon Simple Storage Service,,,,,us-east-1,AmazonS3,frontend,prod,CC300,,,,,,,,,,,,,
00c9a2b8dcd64b1c897fc7a5478e1ef0,2026-03-25T14:00:00Z/2026-03-25T15:00:00Z,112233445566,2026-03-01T00:00:00Z,2026-04-01T00:00:00Z,AWS,334455667788,Usage,2026-03-25T14:00:00Z,2026-03-25T15:00:00Z,AmazonS3,USEA-TimedStorage-ByteHrs,StandardStorage,,arn:aws:s3:::app-static-assets,310.116,,,3.19444e-05,0.00996258,3.19444e-05,0.00996258,GB-Mo,0.023,0.00996258,Amazon Simple Storage Service,,,,,us-east-1,AmazonS3,frontend,prod,CC300,,,,,,,,,,,,,
e8305bb40b2a47ca83d7b457ca788f34,2026-03-26T00:00:00Z/2026-03-26T01:00:00Z,112233445566,2026-03-01T00:00:00Z,2026-04-01T00:00:00Z,AWS,334455667788,Usage,2026-03-26T00:00:00Z,2026-03-26T01:00:00Z,AmazonS3,USEA-TimedStorage-ByteHrs,StandardStorage,,arn:aws:s3:::app-static-assets,309.7357,,,3.19444e-05,0.00976915,3.19444e-05,0.00976915,GB-Mo,0.023,0.00976915,Amazon Simple Storage Service,,,,,us-east-1,AmazonS3,frontend,prod,CC300,,,,,,,,,,,,,
5254056404aa4ba4a5352f996a25978c,2026-03-26T10:00:00Z/2026-03-26T11:00:00Z,112233445566,2026-03-01T00:00:00Z,2026-04-01T00:00:00Z,AWS,334455667788,Usage,2026-03-26T10:00:00Z,2026-03-26T11:00:00Z,AmazonS3,USEA-TimedStorage-ByteHrs,StandardStorage,,arn:aws:s3:::app-static-assets,309.8728,,,3.19444e-05,0.01003974,3.19444e-05,0.01003974,GB-Mo,0.023,0.01003974,Amazon Simple Storage Service,,,,,us-east-1,AmazonS3,frontend,prod,CC300,,,,,,,,,,,,,
6879792e49474ab9a3582551ee25c4f7,2026-03-26T20:00:00Z/2026-03-26T21:00:00Z,112233445566,2026-03-01T00:00:00Z,2026-04-01T00:00:00Z,AWS,334455667788,Usage,2026-03-26T20:00:00Z,2026-03-26T21:00:00Z,AmazonS3,USEA-TimedStorage-ByteHrs,StandardStorage,,arn:aws:s3:::app-static-assets,310.28,,,3.19444e-05,0.00983097,3.19444e-05,0.00983097,GB-Mo,0.023,0.00983097,Amazon Simple Storage Service,,,,,us-east-1,AmazonS3,frontend,prod,CC300,,,,,,,,,,,,,
8a5ef9fd622b4a24961b36b9f1b3801e,2026-03-27T06:00:00Z/2026-03-27T07:00:00Z,112233445566,2026-03-01T00:00:00Z,2026-04-01T00:00:00Z,AWS,334455667788,Usage,2026-03-27T06:00:00Z,2026-03-27T07:00:00Z,AmazonS3,USEA-TimedStorage-ByteHrs,StandardStorage,,arn:aws:s3:::app-static-assets,309.7955,,,3.19444e-05,0.00973411,3.19444e-05,0.00973411,GB-Mo,0.023,0.00973411,Amazon Simple Storage Service,,,,,us-east-1,AmazonS3,frontend,prod,CC300,,,,,,,,,,,,,
ddea7053dae84645b0cce6b9f87ee91e,2026-03-27T16:00:00Z/2026-03-27T17:00:00Z,112233445566,2026-03-01T00:00:00Z,2026-04-01T00:00:00Z,AWS,334455667788,Usage,2026-03-27T16:00:00Z,2026-03-27T17:00:00Z,AmazonS3,USEA-TimedStorage-ByteHrs,StandardStorage,,arn:aws:s3:::app-static-assets,310.1438,,,3.19444e-05,0.00985345,3.19444e-05,0.00985345,GB-Mo,0.023,0.00985345,Amazon Simple Storage Service,,,,,us-east-1,AmazonS3,frontend,prod,CC300,,,,,,,,,,,,,
a0200dded644423b99e90a09cdf61fbf,2026-03-28T02:00:00Z/2026-03-28T03:00:00Z,112233445566,2026-03-01T00:00:00Z,2026-04-01T00:00:00Z,AWS,334455667788,Usage,2026-03-28T02:00:00Z,2026-03-28T03:00:00Z,AmazonS3,USEA-TimedStorage-ByteHrs,StandardStorage,,arn:aws:s3:::app-static-assets,310.2468,,,3.19444e-05,0.00992141,3.19444e-05,0.00992141,GB-Mo,0.023,0.00992141,Amazon Simple Storage Service,,,,,us-east-1,AmazonS3,frontend,prod,CC300,,,,,,,,,,,,,
c9da0966a2a94afbb310725c3322bc5f,2026-03-28T12:00:00Z/2026-03-28T13:00:00Z,112233445566,2026-03-01T00:00:00Z,2026-04-01T00:00:00Z,AWS,334455667788,Usage,2026-03-28T12:00:00Z,2026-03-28T13:00:00Z,AmazonS3,USEA-TimedStorage-ByteHrs,StandardStorage,,arn:aws:s3:::app-static-assets,310.0583,,,3.19444e-05,0.0097416,3.19444e-05,0.0097416,GB-Mo,0.023,0.0097416,Amazon Simple Storage Service,,,,,us-east-1,AmazonS3,frontend,prod,CC300,,,,,,,,,,,,,
a50f9f5c4bdc43268313456261e2c9f1,2026-03-28T22:00:00Z/2026-03-28T23:00:00Z,112233445566,2026-03-01T00:00:00Z,2026-04-01T00:00:00Z,AWS,334455667788,Usage,2026-03-28T22:00:00Z,2026-03-28T23:00:00Z,AmazonS3,USEA-TimedStorage-ByteHrs,StandardStorage,,arn:aws:s3:::app-static-assets,309.9893,,,3.19444e-05,0.00994779,3.19444e-05,0.00994779,GB-Mo,0.023,0.00994779,Amazon Simple Storage Service,,,,,us-east-1,AmazonS3,frontend,prod,CC300,,,,,,,,,,,,,
1f823cb8030e434dbf5d45997d046cea,2026-03-29T08:00:00Z/2026-03-29T09:00:00Z,112233445566,2026-03-01T00:00:00Z,2026-04-01T00:00:00Z,AWS,334455667788,Usage,2026-03-29T08:00:00Z,2026-03-29T09:00:00Z,AmazonS3,USEA-TimedStorage-ByteHrs,StandardStorage,,arn:aws:s3:::app-static-assets,310.2743,,,3.19444e-05,0.009717,3.19444e-05,0.009717,GB-Mo,0.023,0.009717,Amazon Simple Storage Service,,,,,us-east-1,AmazonS3,frontend,prod,CC300,,,,,,,,,,,,,
36dce527a43046a39cf11db0f1a6a9bb,2026-03-29T18:00:00Z/2026-03-29T19:00:00Z,112233445566,2026-03-01T00:00:00Z,2026-04-01T00:00:00Z,AWS,334455667788,Usage,2026-03-29T18:00:00Z,2026-03-29T19:00:00Z,AmazonS3,USEA-TimedStorage-ByteHrs,StandardStorage,,arn:aws:s3:::app-static-assets,310.2416,,,3.19444e-05,0.00977008,3.19444e-05,0.00977008,GB-Mo,0.023,0.00977008,Amazon Simple Storage Service,,,,,us-east-1,AmazonS3,frontend,prod,CC300,,,,,,,,,,,,,
9475f10760a440cfb8b32924d842e290,2026-03-30T04:00:00Z/2026-03-30T05:00:00Z,112233445566,2026-03-01T00:00:00Z,2026-04-01T00:00:00Z,AWS,334455667788,Usage,2026-03-30T04:00:00Z,2026-03-30T05:00:00Z,AmazonS3,USEA-TimedStorage-ByteHrs,StandardStorage,,arn:aws:s3:::app-static-assets,309.7528,,,3.19444e-05,0.00976695,3.19444e-05,0.00976695,GB-Mo,0.023,0.00976695,Amazon Simple Storage Service,,,,,us-east-1,AmazonS3,frontend,prod,CC300,,,,,,,,,,,,,
3dd613dbe4554b25856e34c7512017e2,2026-03-30T14:00:00Z/2026-03-30T15:00:00Z,112233445566,2026-03-01T00:00:00Z,2026-04-01T00:00:00Z,AWS,334455667788,Usage,2026-03-30T14:00:00Z,2026-03-30T15:00:00Z,AmazonS3,USEA-TimedStorage-ByteHrs,StandardStorage,,arn:aws:s3:::app-static-assets,309.8078,,,3.19444e-05,0.00978614,3.19444e-05,0.00978614,GB-Mo,0.023,0.00978614,Amazon Simple Storage Service,,,,,us-east-1,AmazonS3,frontend,prod,CC300,,,,,,,,,,,,,
b7df8875f49c4d54a9ebb8d5ab5623fa,2026-03-01T00:00:00Z/2026-03-01T01:00:00Z,112233445566,2026-03-01T00:00:00Z,2026-04-01T00:00:00Z,AWS,223344556677,Usage,2026-03-01T00:00:00Z,2026-03-01T01:00:00Z,AmazonS3,USWE-TimedStorage-ByteHrs,StandardStorage,,arn:aws:s3:::ml-model-artifacts,780.3464,,,3.19444e-05,0.02511321,3.19444e-05,0.02511321,GB-Mo,0.023,0.02511321,Amazon Simple Storage Service,,,,,us-west-2,AmazonS3,ml,prod,CC500,,,,,,,,,,,,,
2b76e09add8c4b3d88cbea65d7875dc5,2026-03-01T10:00:00Z/2026-03-01T11:00:00Z,112233445566,2026-03-01T00:00:00Z,2026-04-01T00:00:00Z,AWS,223344556677,Usage,2026-03-01T10:00:00Z,2026-03-01T11:00:00Z,AmazonS3,USWE-TimedStorage-ByteHrs,StandardStorage,,arn:aws:s3:::ml-model-artifacts,779.6338,,,3.19444e-05,0.02514587,3.19444e-05,0.02514587,GB-Mo,0.023,0.02514587,Amazon Simple Storage Service,,,,,us-west-2,AmazonS3,ml,prod,CC500,,,,,,,,,,,,,
3b3c2ebcca244ee0bb4293f1b4dd26b2,2026-03-01T20:00:00Z/2026-03-01T21:00:00Z,112233445566,2026-03-01T00:00:00Z,2026-04-01T00:00:00Z,AWS,223344556677,Usage,2026-03-01T20:00:00Z,2026-03-01T21:00:00Z,AmazonS3,USWE-TimedStorage-ByteHrs,StandardStorage,,arn:aws:s3:::ml-model-artifacts,779.5906,,,3.19444e-05,0.02469892,3.19444e-05,0.02469892,GB-Mo,0.023,0.02469892,Amazon Simple Storage Service,,,,,us-west-2,AmazonS3,ml,prod,CC500,,,,,,,,,,,,,
d555435942554f67a552387961deaae2,2026-03-02T06:00:00Z/2026-03-02T07:00:00Z,112233445566,2026-03-01T00:00:00Z,2026-04-01T00:00:00Z,AWS,223344556677,Usage,2026-03-02T06:00:00Z,2026-03-02T07:00:00Z,AmazonS3,USWE-TimedStorage-ByteHrs,StandardStorage,,arn:aws:s3:::ml-model-artifacts,780.112,,,3.19444e-05,0.0244678,3.19444e-05,0.0244678,GB-Mo,0.023,0.0244678,Amazon Simple Storage Service,,,,,us-west-2,AmazonS3,ml,prod,CC500,,,,,,,,,,,,,
0a361eaa0b7f4a3fad9b2cb8856f496e,2026-03-02T16:00:00Z/2026-03-02T17:00:00Z,112233445566,2026-03-01T00:00:00Z,2026-04-01T00:00:00Z,AWS,223344556677,Usage,2026-03-02T16:00:00Z,2026-03-02T17:00:00Z,AmazonS3,USWE-TimedStorage-ByteHrs,StandardStorage,,arn:aws:s3:::ml-model-artifacts,779.4596,,,3.19444e-05,0.02525539,3.19444e-05,0.02525539,GB-Mo,0.023,0.02525539,Amazon Simple Storage Service,,,,,us-west-2,AmazonS3,ml,prod,CC500,,,,,,,,,,,,,
5567d0afa1364053bab96ffd8b80b07d,2026-03-03T02:00:00Z/2026-03-03T03:00:00Z,112233445566,2026-03-01T00:00:00Z,2026-04-01T00:00:00Z,AWS,223344556677,Usage,2026-03-03T02:00:00Z,2026-03-03T03:00:00Z,AmazonS3,USWE-TimedStorage-ByteHrs,StandardStorage,,arn:aws:s3:::ml-model-artifacts,779.8871,,,3.19444e-05,0.02477796,3.19444e-05,0.02477796,GB-Mo,0.023,0.02477796,Amazon Simple Storage Service,,,,,us-west-2,AmazonS3,ml,prod,CC500,,,,,,,,,,,,,
cf9dc4be00734354a7b5ecc897a35e46,2026-03-03T12:00:00Z/2026-03-03T13:00:00Z,112233445566,2026-03-01T00:00:00Z,2026-04-01T00:00:00Z,AWS,223344556677,Usage,2026-03-03T12:00:00Z,2026-03-03T13:00:00Z,AmazonS3,USWE-TimedStorage-ByteHrs,StandardStorage,,arn:aws:s3:::ml-model-artifacts,780.2528,,,3.19444e-05,0.0247119,3.19444e-05,0.0247119,GB-Mo,0.023,0.0247119,Amazon Simple Storage Service,,,,,us-west-2,AmazonS3,ml,prod,CC500,,,,,,,,,,,,,
ca240c79bc534550b0fc52204037cc9e,2026-03-03T22:00:00Z/2026-03-03T23:00:00Z,112233445566,2026-03-01T00:00:00Z,2026-04-01T00:00:00Z,AWS,223344556677,Usage,2026-03-03T22:00:00Z,2026-03-03T23:00:00Z,AmazonS3,USWE-TimedStorage-ByteHrs,StandardStorage,,arn:aws:s3:::ml-model-artifacts,779.5315,,,3.19444e-05,0.02501655,3.19444e-05,0.02501655,GB-Mo,0.023,0.02501655,Amazon Simple Storage Service,,,,,us-west-2,AmazonS3,ml,prod,CC500,,,,,,,,,,,,,
edc81c00350d45aba8e51a74acd9ef43,2026-03-04T08:00:00Z/2026-03-04T09:00:00Z,112233445566,2026-03-01T00:00:00Z,2026-04-01T00:00:00Z,AWS,223344556677,Usage,2026-03-04T08:00:00Z,2026-03-04T09:00:00Z,AmazonS3,USWE-TimedStorage-ByteHrs,StandardStorage,,arn:aws:s3:::ml-model-artifacts,779.4865,,,3.19444e-05,0.02444398,3.19444e-05,0.02444398,GB-Mo,0.023,0.02444398,Amazon Simple Storage Service,,,,,us-west-2,AmazonS3,ml,prod,CC500,,,,,,,,,,,,,
ba736f1d9f8f4d6e9eb77f017a927425,2026-03-04T18:00:00Z/2026-03-04T19:00:00Z,112233445566,2026-03-01T00:00:00Z,2026-04-01T00:00:00Z,AWS,223344556677,Usage,2026-03-04T18:00:00Z,2026-03-04T19:00:00Z,AmazonS3,USWE-TimedStorage-ByteHrs,StandardStorage,,arn:aws:s3:::ml-model-artifacts,779.3478,,,3.19444e-05,0.02470917,3.19444e-05,0.02470917,GB-Mo,0.023,0.02470917,Amazon Simple Storage Service,,,,,us-west-2,AmazonS3,ml,prod,CC500,,,,,,,,,,,,,
404651dcedae4bd283f24f65a11a7819,2026-03-05T04:00:00Z/2026-03-05T05:00:00Z,112233445566,2026-03-01T00:00:00Z,2026-04-01T00:00:00Z,AWS,223344556677,Usage,2026-03-05T04:00:00Z,2026-03-05T05:00:00Z,AmazonS3,USWE-TimedStorage-ByteHrs,StandardStorage,,arn:aws:s3:::ml-model-artifacts,779.701,,,3.19444e-05,0.02525929,3.19444e-05,0.02525929,GB-Mo,0.023,0.02525929,Amazon Simple Storage Service,,,,,us-west-2,AmazonS3,ml,prod,CC500,,,,,,,,,,,,,
cd108ab7ceaf473b88e37794c8394007,2026-03-05T14:00:00Z/2026-03-05T15:00:00Z,112233445566,2026-03-01T00:00:00Z,2026-04-01T00:00:00Z,AWS,223344556677,Usage,2026-03-05T14:00:00Z,2026-03-05T15:00:00Z,AmazonS3,USWE-TimedStorage-ByteHrs,StandardStorage,,arn:aws:s3:::ml-model-artifacts,779.983,,,3.19444e-05,0.02481448,3.19444e-05,0.02481448,GB-Mo,0.023,0.02481448,Amazon Simple Storage Service,,,,,us-west-2,AmazonS3,ml,prod,CC500,,,,,,,,,,,,,
2b447bc775444953970917dcf34bdfea,2026-03-06T00:00:00Z/2026-03-06T01:00:00Z,112233445566,2026-03-01T00:00:00Z,2026-04-01T00:00:00Z,AWS,223344556677,Usage,2026-03-06T00:00:00Z,2026-03-06T01:00:00Z,AmazonS3,USWE-TimedStorage-ByteHrs,StandardStorage,,arn:aws:s3:::ml-model-artifacts,779.3622,,,3.19444e-05,0.02507717,3.19444e-05,0.02507717,GB-Mo,0.023,0.02507717,Amazon Simple Storage Service,,,,,us-west-2,AmazonS3,ml,prod,CC500,,,,,,,,,,,,,
8f02a46235974324b1a05b808274a219,2026-03-06T10:00:00Z/2026-03-06T11:00:00Z,112233445566,2026-03-01T00:00:00Z,2026-04-01T00:00:00Z,AWS,223344556677,Usage,2026-03-06T10:00:00Z,2026-03-06T11:00:00Z,AmazonS3,USWE-TimedStorage-ByteHrs,StandardStorage,,arn:aws:s3:::ml-model-artifacts,779.5084,,,3.19444e-05,0.02496065,3.19444e-05,0.02496065,GB-Mo,0.023,0.02496065,Amazon Simple Storage Service,,,,,us-west-2,AmazonS3,ml,prod,CC500,,,,,,,,,,,,,
aff2e384a680438e87669e4a61486ac6,2026-03-06T20:00:00Z/2026-03-06T21:00:00Z,112233445566,2026-03-01T00:00:00Z,2026-04-01T00:00:00Z,AWS,223344556677,Usage,2026-03-06T20:00:00Z,2026-03-06T21:00:00Z,AmazonS3,USWE-TimedStorage-ByteHrs,StandardStorage,,arn:aws:s3:::ml-model-artifacts,779.7963,,,3.19444e-05,0.02530087,3.19444e-05,0.02530087,GB-Mo,0.023,0.02530087,Amazon Simple Storage Service,,,,,us-west-2,AmazonS3,ml,prod,CC500,,,,,,,,,,,,,
78fab4b6692b458195afd06921cd46a3,2026-03-07T06:00:00Z/2026-03-07T07:00:00Z,112233445566,2026-03-01T00:00:00Z,2026-04-01T00:00:00Z,AWS,223344556677,Usage,2026-03-07T06:00:00Z,2026-03-07T07:00:00Z,AmazonS3,USWE-TimedStorage-ByteHrs,StandardStorage,,arn:aws:s3:::ml-model-artifacts,779.6307,,,3.19444e-05,0.02486262,3.19444e-05,0.02486262,GB-Mo,0.023,0.02486262,Amazon Simple Storage Service,,,,,us-west-2,AmazonS3,ml,prod,CC500,,,,,,,,,,,,,
df6a9272f29044d8bafec6e0e3b5f591,2026-03-07T16:00:00Z/2026-03-07T17:00:00Z,112233445566,2026-03-01T00:00:00Z,2026-04-01T00:00:00Z,AWS,223344556677,Usage,2026-03-07T16:00:00Z,2026-03-07T17:00:00Z,AmazonS3,USWE-TimedStorage-ByteHrs,StandardStorage,,arn:aws:s3:::ml-model-artifacts,779.5729,,,3.19444e-05,0.02488184,3.19444e-05,0.02488184,GB-Mo,0.023,0.02488184,Amazon Simple Storage Service,,,,,us-west-2,AmazonS3,ml,prod,CC500,,,,,,,,,,,,,
dcd78cc85e174c56a482e308cabb7cf3,2026-03-08T02:00:00Z/2026-03-08T03:00:00Z,112233445566,2026-03-01T00:00:00Z,2026-04-01T00:00:00Z,AWS,223344556677,Usage,2026-03-08T02:00:00Z,2026-03-08T03:00:00Z,AmazonS3,USWE-TimedStorage-ByteHrs,StandardStorage,,arn:aws:s3:::ml-model-artifacts,779.3162,,,3.19444e-05,0.024686,3.19444e-05,0.024686,GB-Mo,0.023,0.024686,Amazon Simple Storage Service,,,,,us-west-2,AmazonS3,ml,prod,CC500,,,,,,,,,,,,,
1631e7ed753b4c76bae40728dcf14949,2026-03-08T12:00:00Z/2026-03-08T13:00:00Z,112233445566,2026-03-01T00:00:00Z,2026-04-01T00:00:00Z,AWS,223344556677,Usage,2026-03-08T12:00:00Z,2026-03-08T13:00:00Z,AmazonS3,USWE-TimedStorage-ByteHrs,StandardStorage,,arn:aws:s3:::ml-model-artifacts,780.2613,,,3.19444e-05,0.02516806,3.19444e-05,0.02516806,GB-Mo,0.023,0.02516806,Amazon Simple Storage Service,,,,,us-west-2,AmazonS3,ml,prod,CC500,,,,,,,,,,,,,
e045398a05bc4800bfeca30ded85be39,2026-03-08T22:00:00Z/2026-03-08T23:00:00Z,112233445566,2026-03-01T00:00:00Z,2026-04-01T00:00:00Z,AWS,223344556677,Usage,2026-03-08T22:00:00Z,2026-03-08T23:00:00Z,AmazonS3,USWE-TimedStorage-ByteHrs,StandardStorage,,arn:aws:s3:::ml-model-artifacts,779.7563,,,3.19444e-05,0.02450375,3.19444e-05,0.02450375,GB-Mo,0.023,0.02450375,Amazon Simple Storage Service,,,,,us-west-2,AmazonS3,ml,prod,CC500,,,,,,,,,,,,,
04ab9790117741078efdaf1b72ad61a9,2026-03-09T08:00:00Z/2026-03-09T09:00:00Z,112233445566,2026-03-01T00:00:00Z,2026-04-01T00:00:00Z,AWS,223344556677,Usage,2026-03-09T08:00:00Z,2026-03-09T09:00:00Z,AmazonS3,USWE-TimedStorage-ByteHrs,StandardStorage,,arn:aws:s3:::ml-model-artifacts,780.7343,,,3.19444e-05,0.02495798,3.19444e-05,0.02495798,GB-Mo,0.023,0.02495798,Amazon Simple Storage Service,,,,,us-west-2,AmazonS3,ml,prod,CC500,,,,,,,,,,,,,
2efe8c65dcc64051909a528c8a2131d5,2026-03-09T18:00:00Z/2026-03-09T19:00:00Z,112233445566,2026-03-01T00:00:00Z,2026-04-01T00:00:00Z,AWS,223344556677,Usage,2026-03-09T18:00:00Z,2026-03-09T19:00:00Z,AmazonS3,USWE-TimedStorage-ByteHrs,StandardStorage,,arn:aws:s3:::ml-model-artifacts,780.0836,,,3.19444e-05,0.02500609,3.19444e-05,0.02500609,GB-Mo,0.023,0.02500609,Amazon Simple Storage Service,,,,,us-west-2,AmazonS3,ml,prod,CC500,,,,,,,,,,,,,
f8ef70a2f3bf4118bcc1a850eb8ac426,2026-03-10T04:00:00Z/2026-03-10T05:00:00Z,112233445566,2026-03-01T00:00:00Z,2026-04-01T00:00:00Z,AWS,223344556677,Usage,2026-03-10T04:00:00Z,2026-03-10T05:00:00Z,AmazonS3,USWE-TimedStorage-ByteHrs,StandardStorage,,arn:aws:s3:::ml-model-artifacts,780.4967,,,3.19444e-05,0.02525633,3.19444e-05,0.02525633,GB-Mo,0.023,0.02525633,Amazon Simple Storage Service,,,,,us-west-2,AmazonS3,ml,prod,CC500,,,,,,,,,,,,,
f3e0b0f99a6449328d412c0c27f02299,2026-03-10T14:00:00Z/2026-03-10T15:00:00Z,112233445566,2026-03-01T00:00:00Z,2026-04-01T00:00:00Z,AWS,223344556677,Usage,2026-03-10T14:00:00Z,2026-03-10T15:00:00Z,AmazonS3,USWE-TimedStorage-ByteHrs,StandardStorage,,arn:aws:s3:::ml-model-artifacts,780.0554,,,3.19444e-05,0.02483557,3.19444e-05,0.02483557,GB-Mo,0.023,0.02483557,Amazon Simple Storage Service,,,,,us-west-2,AmazonS3,ml,prod,CC500,,,,,,,,,,,,,
3c6a07e027de410f8e999165eddeedca,2026-03-11T00:00:00Z/2026-03-11T01:00:00Z,112233445566,2026-03-01T00:00:00Z,2026-04-01T00:00:00Z,AWS,223344556677,Usage,2026-03-11T00:00:00Z,2026-03-11T01:00:00Z,AmazonS3,USWE-TimedStorage-ByteHrs,StandardStorage,,arn:aws:s3:::ml-model-artifacts,779.9607,,,3.19444e-05,0.02528234,3.19444e-05,0.02528234,GB-Mo,0.023,0.02528234,Amazon Simple Storage Service,,,,,us-west-2,AmazonS3,ml,prod,CC500,,,,,,,,,,,,,
dc6614c5e8df464a85bfc94f255fbd7a,2026-03-11T10:00:00Z/2026-03-11T11:00:00Z,112233445566,2026-03-01T00:00:00Z,2026-04-01T00:00:00Z,AWS,223344556677,Usage,2026-03-11T10:00:00Z,2026-03-11T11:00:00Z,AmazonS3,USWE-TimedStorage-ByteHrs,StandardStorage,,arn:aws:s3:::ml-model-artifacts,779.963,,,3.19444e-05,0.02529705,3.19444e-05,0.02529705,GB-Mo,0.023,0.02529705,Amazon Simple Storage Service,,,,,us-west-2,AmazonS3,ml,prod,CC500,,,,,,,,,,,,,
f70cfd6fe15f4d5a8d169329953b2c47,2026-03-11T20:00:00Z/2026-03-11T21:00:00Z,112233445566,2026-03-01T00:00:00Z,2026-04-01T00:00:00Z,AWS,223344556677,Usage,2026-03-11T20:00:00Z,2026-03-11T21:00:00Z,AmazonS3,USWE-TimedStorage-ByteHrs,StandardStorage,,arn:aws:s3:::ml-model-artifacts,780.6283,,,3.19444e-05,0.02449703,3.19444e-05,0.02449703,GB-Mo,0.023,0.02449703,Amazon Simple Storage Service,,,,,us-west-2,AmazonS3,ml,prod,CC500,,,,,,,,,,,,,
5ca8a12d0b8a4a0e9fa7751d0ebf329a,2026-03-12T06:00:00Z/2026-03-12T07:00:00Z,112233445566,2026-03-01T00:00:00Z,2026-04-01T00:00:00Z,AWS,223344556677,Usage,2026-03-12T06:00:00Z,2026-03-12T07:00:00Z,AmazonS3,USWE-TimedStorage-ByteHrs,StandardStorage,,arn:aws:s3:::ml-model-artifacts,780.0033,,,3.19444e-05,0.02513026,3.19444e-05,0.02513026,GB-Mo,0.023,0.02513026,Amazon Simple Storage Service,,,,,us-west-2,AmazonS3,ml,prod,CC500,,,,,,,,,,,,,
eba833d5017c487e963178eb8acd7bc4,2026-03-12T16:00:00Z/2026-03-12T17:00:00Z,112233445566,2026-03-01T00:00:00Z,2026-04-01T00:00:00Z,AWS,223344556677,Usage,2026-03-12T16:00:00Z,2026-03-12T17:00:00Z,AmazonS3,USWE-TimedStorage-ByteHrs,StandardStorage,,arn:aws:s3:::ml-model-artifacts,780.4687,,,3.19444e-05,0.02531579,3.19444e-05,0.02531579,GB-Mo,0.023,0.02531579,Amazon Simple Storage Service,,,,,us-west-2,AmazonS3,ml,prod,CC500,,,,,,,,,,,,,
5e3913e1502f4980ac2fcba2eb16b253,2026-03-13T02:00:00Z/2026-03-13T03:00:00Z,112233445566,2026-03-01T00:00:00Z,2026-04-01T00:00:00Z,AWS,223344556677,Usage,2026-03-13T02:00:00Z,2026-03-13T03:00:00Z,AmazonS3,USWE-TimedStorage-ByteHrs,StandardStorage,,arn:aws:s3:::ml-model-artifacts,780.1876,,,3.19444e-05,0.02509361,3.19444e-05,0.02509361,GB-Mo,0.023,0.02509361,Amazon Simple Storage Service,,,,,us-west-2,AmazonS3,ml,prod,CC500,,,,,,,,,,,,,
3d9ea8d62caf4316a34d169cfb88d6a3,2026-03-13T12:00:00Z/2026-03-13T13:00:00Z,112233445566,2026-03-01T00:00:00Z,2026-04-01T00:00:00Z,AWS,223344556677,Usage,2026-03-13T12:00:00Z,2026-03-13T13:00:00Z,AmazonS3,USWE-TimedStorage-ByteHrs,StandardStorage,,arn:aws:s3:::ml-model-artifacts,780.4012,,,3.19444e-05,0.02453821,3.19444e-05,0.02453821,GB-Mo,0.023,0.02453821,Amazon Simple Storage Service,,,,,us-west-2,AmazonS3,ml,prod,CC500,,,,,,,,,,,,,
29ab8bcc78244950af9c7d70bb43ad93,2026-03-13T22:00:00Z/2026-03-13T23:00:00Z,112233445566,2026-03-01T00:00:00Z,2026-04-01T00:00:00Z,AWS,223344556677,Usage,2026-03-13T22:00:00Z,2026-03-13T23:00:00Z,AmazonS3,USWE-TimedStorage-ByteHrs,StandardStorage,,arn:aws:s3:::ml-model-artifacts,780.7556,,,3.19444e-05,0.02459064,3.19444e-05,0.02459064,GB-Mo,0.023,0.02459064,Amazon Simple Storage Service,,,,,us-west-2,AmazonS3,ml,prod,CC500,,,,,,,,,,,,,
59dcf337b357450e8281d252dea37bf8,2026-03-14T08:00:00Z/2026-03-14T09:00:00Z,112233445566,2026-03-01T00:00:00Z,2026-04-01T00:00:00Z,AWS,223344556677,Usage,2026-03-14T08:00:00Z,2026-03-14T09:00:00Z,AmazonS3,USWE-TimedStorage-ByteHrs,StandardStorage,,arn:aws:s3:::ml-model-artifacts,780.4812,,,3.19444e-05,0.02538726,3.19444e-05,0.02538726,GB-Mo,0.023,0.02538726,Amazon Simple Storage Service,,,,,us-west-2,AmazonS3,ml,prod,CC500,,,,,,,,,,,,,
43671b0ebced4efdb8352fbd4daa5916,2026-03-14T18:00:00Z/2026-03-14T19:00:00Z,112233445566,2026-03-01T00:00:00Z,2026-04-01T00:00:00Z,AWS,223344556677,Usage,2026-03-14T18:00:00Z,2026-03-14T19:00:00Z,AmazonS3,USWE-TimedStorage-ByteHrs,StandardStorage,,arn:aws:s3:::ml-model-artifacts,779.8805,,,3.19444e-05,0.0245441,3.19444e-05,0.0245441,GB-Mo,0.023,0.0245441,Amazon Simple Storage Service,,,,,us-west-2,AmazonS3,ml,prod,CC500,,,,,,,,,,,,,
abaada5b1ed74e0cbbc9992b00d1bbfd,2026-03-15T04:00:00Z/2026-03-15T05:00:00Z,112233445566,2026-03-01T00:00:00Z,2026-04-01T00:00:00Z,AWS,223344556677,Usage,2026-03-15T04:00:00Z,2026-03-15T05:00:00Z,AmazonS3,USWE-TimedStorage-ByteHrs,StandardStorage,,arn:aws:s3:::ml-model-artifacts,779.8992,,,3.19444e-05,0.02540332,3.19444e-05,0.02540332,GB-Mo,0.023,0.02540332,Amazon Simple Storage Service,,,,,us-west-2,AmazonS3,ml,prod,CC500,,,,,,,,,,,,,
47a519ff94a6410599d12fa8968a3656,2026-03-15T14:00:00Z/2026-03-15T15:00:00Z,112233445566,2026-03-01T00:00:00Z,2026-04-01T00:00:00Z,AWS,223344556677,Usage,2026-03-15T14:00:00Z,2026-03-15T15:00:00Z,AmazonS3,USWE-TimedStorage-ByteHrs,StandardStorage,,arn:aws:s3:::ml-model-artifacts,780.1985,,,3.19444e-05,0.02541228,3.19444e-05,0.02541228,GB-Mo,0.023,0.02541228,Amazon Simple Storage Service,,,,,us-west-2,AmazonS3,ml,prod,CC500,,,,,,,,,,,,,
144e2d6a46bc49f19ba9d07b1fb7fb15,2026-03-16T00:00:00Z/2026-03-16T01:00:00Z,112233445566,2026-03-01T00:00:00Z,2026-04-01T00:00:00Z,AWS,223344556677,Usage,2026-03-16T00:00:00Z,2026-03-16T01:00:00Z,AmazonS3,USWE-TimedStorage-ByteHrs,StandardStorage,,arn:aws:s3:::ml-model-artifacts,779.6223,,,3.19444e-05,0.02524966,3.19444e-05,0.02524966,GB-Mo,0.023,0.02524966,Amazon Simple Storage Service,,,,,us-west-2,AmazonS3,ml,prod,CC500,,,,,,,,,,,,,
3e70b2cb74a9487a832fb6847d372427,2026-03-16T10:00:00Z/2026-03-16T11:00:00Z,112233445566,2026-03-01T00:00:00Z,2026-04-01T00:00:00Z,AWS,223344556677,Usage,2026-03-16T10:00:00Z,2026-03-16T11:00:00Z,AmazonS3,USWE-TimedStorage-ByteHrs,StandardStorage,,arn:aws:s3:::ml-model-artifacts,780.6461,,,3.19444e-05,0.0253261,3.19444e-05,0.0253261,GB-Mo,0.023,0.0253261,Amazon Simple Storage Service,,,,,us-west-2,AmazonS3,ml,prod,CC500,,,,,,,,,,,,,
6ba78674988a43e79862e65dba0b7cc5,2026-03-16T20:00:00Z/2026-03-16T21:00:00Z,112233445566,2026-03-01T00:00:00Z,2026-04-01T00:00:00Z,AWS,223344556677,Usage,2026-03-16T20:00:00Z,2026-03-16T21:00:00Z,AmazonS3,USWE-TimedStorage-ByteHrs,StandardStorage,,arn:aws:s3:::ml-model-artifacts,779.8254,,,3.19444e-05,0.02448512,3.19444e-05,0.02448512,GB-Mo,0.023,0.02448512,Amazon Simple Storage Service,,,,,us-west-2,AmazonS3,ml,prod,CC500,,,,,,,,,,,,,
5e45bcb6e4ac42e98beacf5b8966b5a4,2026-03-17T06:00:00Z/2026-03-17T07:00:00Z,112233445566,2026-03-01T00:00:00Z,2026-04-01T00:00:00Z,AWS,223344556677,Usage,2026-03-17T06:00:00Z,2026-03-17T07:00:00Z,AmazonS3,USWE-TimedStorage-ByteHrs,StandardStorage,,arn:aws:s3:::ml-model-artifacts,779.7288,,,3.19444e-05,0.02481436,3.19444e-05,0.02481436,GB-Mo,0.023,0.02481436,Amazon Simple Storage Service,,,,,us-west-2,AmazonS3,ml,prod,CC500,,,,,,,,,,,,,
4b3d1ca5c6c74f8b978239df1c4caaf1,2026-03-17T16:00:00Z/2026-03-17T17:00:00Z,112233445566,2026-03-01T00:00:00Z,2026-04-01T00:00:00Z,AWS,223344556677,Usage,2026-03-17T16:00:00Z,2026-03-17T17:00:00Z,AmazonS3,USWE-TimedStorage-ByteHrs,StandardStorage,,arn:aws:s3:::ml-model-artifacts,779.9347,,,3.19444e-05,0.02469361,3.19444e-05,0.02469361,GB-Mo,0.023,0.02469361,Amazon Simple Storage Service,,,,,us-west-2,AmazonS3,ml,prod,CC500,,,,,,,,,,,,,
1281b6113f97489195ad887c5250b8ac,2026-03-18T02:00:00Z/2026-03-18T03:00:00Z,112233445566,2026-03-01T00:00:00Z,2026-04-01T00:00:00Z,AWS,223344556677,Usage,2026-03-18T02:00:00Z,2026-03-18T03:00:00Z,AmazonS3,USWE-TimedStorage-ByteHrs,StandardStorage,,arn:aws:s3:::ml-model-artifacts,780.447,,,3.19444e-05,0.02528889,3.19444e-05,0.02528889,GB-Mo,0.023,0.02528889,Amazon Simple Storage Service,,,,,us-west-2,AmazonS3,ml,prod,CC500,,,,,,,,,,,,,
2de9d0d2178548c5aee7264fdb61c469,2026-03-18T12:00:00Z/2026-03-18T13:00:00Z,112233445566,2026-03-01T00:00:00Z,2026-04-01T00:00:00Z,AWS,223344556677,Usage,2026-03-18T12:00:00Z,2026-03-18T13:00:00Z,AmazonS3,USWE-TimedStorage-ByteHrs,StandardStorage,,arn:aws:s3:::ml-model-artifacts,780.0352,,,3.19444e-05,0.02503931,3.19444e-05,0.02503931,GB-Mo,0.023,0.02503931,Amazon Simple Storage Service,,,,,us-west-2,AmazonS3,ml,prod,CC500,,,,,,,,,,,,,
6409daafaa1f4649996b2788c1094c3f,2026-03-18T22:00:00Z/2026-03-18T23:00:00Z,112233445566,2026-03-01T00:00:00Z,2026-04-01T00:00:00Z,AWS,223344556677,Usage,2026-03-18T22:00:00Z,2026-03-18T23:00:00Z,AmazonS3,USWE-TimedStorage-ByteHrs,StandardStorage,,arn:aws:s3:::ml-model-artifacts,779.8665,,,3.19444e-05,0.02483653,3.19444e-05,0.02483653,GB-Mo,0.023,0.02483653,Amazon Simple Storage Service,,,,,us-west-2,AmazonS3,ml,prod,CC500,,,,,,,,,,,,,
d57000159f4a4528af9410b7a7e624e9,2026-03-19T08:00:00Z/2026-03-19T09:00:00Z,112233445566,2026-03-01T00:00:00Z,2026-04-01T00:00:00Z,AWS,223344556677,Usage,2026-03-19T08:00:00Z,2026-03-19T09:00:00Z,AmazonS3,USWE-TimedStorage-ByteHrs,StandardStorage,,arn:aws:s3:::ml-model-artifacts,780.1372,,,3.19444e-05,0.02456604,3.19444e-05,0.02456604,GB-Mo,0.023,0.02456604,Amazon Simple Storage Service,,,,,us-west-2,AmazonS3,ml,prod,CC500,,,,,,,,,,,,,
0f5c523b4cf5452f9d57fa132120bf9a,2026-03-19T18:00:00Z/2026-03-19T19:00:00Z,112233445566,2026-03-01T00:00:00Z,2026-04-01T00:00:00Z,AWS,223344556677,Usage,2026-03-19T18:00:00Z,2026-03-19T19:00:00Z,AmazonS3,USWE-TimedStorage-ByteHrs,StandardStorage,,arn:aws:s3:::ml-model-artifacts,780.6859,,,3.19444e-05,0.02517418,3.19444e-05,0.02517418,GB-Mo,0.023,0.02517418,Amazon Simple Storage Service,,,,,us-west-2,AmazonS3,ml,prod,CC500,,,,,,,,,,,,,
8c08840276ea42eb84432e5adc40a429,2026-03-20T04:00:00Z/2026-03-20T05:00:00Z,112233445566,2026-03-01T00:00:00Z,2026-04-01T00:00:00Z,AWS,223344556677,Usage,2026-03-20T04:00:00Z,2026-03-20T05:00:00Z,AmazonS3,USWE-TimedStorage-ByteHrs,StandardStorage,,arn:aws:s3:::ml-model-artifacts,780.0978,,,3.19444e-05,0.02534018,3.19444e-05,0.02534018,GB-Mo,0.023,0.02534018,Amazon Simple Storage Service,,,,,us-west-2,AmazonS3,ml,prod,CC500,,,,,,,,,,,,,
6bed55e5d22d4822ac724057b1366bc6,2026-03-20T14:00:00Z/2026-03-20T15:00:00Z,112233445566,2026-03-01T00:00:00Z,2026-04-01T00:00:00Z,AWS,223344556677,Usage,2026-03-20T14:00:00Z,2026-03-20T15:00:00Z,AmazonS3,USWE-TimedStorage-ByteHrs,StandardStorage,,arn:aws:s3:::ml-model-artifacts,779.6663,,,3.19444e-05,0.02451899,3.19444e-05,0.02451899,GB-Mo,0.023,0.02451899,Amazon Simple Storage Service,,,,,us-west-2,AmazonS3,ml,prod,CC500,,,,,,,,,,,,,
d6e0379da7104caba83c262da549e066,2026-03-21T00:00:00Z/2026-03-21T01:00:00Z,112233445566,2026-03-01T00:00:00Z,2026-04-01T00:00:00Z,AWS,223344556677,Usage,2026-03-21T00:00:00Z,2026-03-21T01:00:00Z,AmazonS3,USWE-TimedStorage-ByteHrs,StandardStorage,,arn:aws:s3:::ml-model-artifacts,779.7564,,,3.19444e-05,0.02495218,3.19444e-05,0.02495218,GB-Mo,0.023,0.02495218,Amazon Simple Storage Service,,,,,us-west-2,AmazonS3,ml,prod,CC500,,,,,,,,,,,,,
16064a349d64401b8e1224719420452a,2026-03-21T10:00:00Z/2026-03-21T11:00:00Z,112233445566,2026-03-01T00:00:00Z,2026-04-01T00:00:00Z,AWS,223344556677,Usage,2026-03-21T10:00:00Z,2026-03-21T11:00:00Z,AmazonS3,USWE-TimedStorage-ByteHrs,StandardStorage,,arn:aws:s3:::ml-model-artifacts,779.8175,,,3.19444e-05,0.02482785,3.19444e-05,0.02482785,GB-Mo,0.023,0.02482785,Amazon Simple Storage Service,,,,,us-west-2,AmazonS3,ml,prod,CC500,,,,,,,,,,,,,
4ace094d806a4c9ebdaabd60064d03d2,2026-03-21T20:00:00Z/2026-03-21T21:00:00Z,112233445566,2026-03-01T00:00:00Z,2026-04-01T00:00:00Z,AWS,223344556677,Usage,2026-03-21T20:00:00Z,2026-03-21T21:00:00Z,AmazonS3,USWE-TimedStorage-ByteHrs,StandardStorage,,arn:aws:s3:::ml-model-artifacts,780.17,,,3.19444e-05,0.0249023,3.19444e-05,0.0249023,GB-Mo,0.023,0.0249023,Amazon Simple Storage Service,,,,,us-west-2,AmazonS3,ml,prod,CC500,,,,,,,,,,,,,
e59d204558ae48288aa795452e890be3,2026-03-22T06:00:00Z/2026-03-22T07:00:00Z,112233445566,2026-03-01T00:00:00Z,2026-04-01T00:00:00Z,AWS,223344556677,Usage,2026-03-22T06:00:00Z,2026-03-22T07:00:00Z,AmazonS3,USWE-TimedStorage-ByteHrs,StandardStorage,,arn:aws:s3:::ml-model-artifacts,779.6496,,,3.19444e-05,0.02445567,3.19444e-05,0.02445567,GB-Mo,0.023,0.02445567,Amazon Simple Storage Service,,,,,us-west-2,AmazonS3,ml,prod,CC500,,,,,,,,,,,,,
21fc00bf656c44a6902a73b5d7d97435,2026-03-22T16:00:00Z/2026-03-22T17:00:00Z,112233445566,2026-03-01T00:00:00Z,2026-04-01T00:00:00Z,AWS,223344556677,Usage,2026-03-22T16:00:00Z,2026-03-22T17:00:00Z,AmazonS3,USWE-TimedStorage-ByteHrs,StandardStorage,,arn:aws:s3:::ml-model-artifacts,780.1695,,,3.19444e-05,0.02456171,3.19444e-05,0.02456171,GB-Mo,0.023,0.02456171,Amazon Simple Storage Service,,,,,us-west-2,AmazonS3,ml,prod,CC500,,,,,,,,,,,,,
46744a263e4a41cc817c8728a75cb168,2026-03-23T02:00:00Z/2026-03-23T03:00:00Z,112233445566,2026-03-01T00:00:00Z,2026-04-01T00:00:00Z,AWS,223344556677,Usage,2026-03-23T02:00:00Z,2026-03-23T03:00:00Z,AmazonS3,USWE-TimedStorage-ByteHrs,StandardStorage,,arn:aws:s3:::ml-model-artifacts,779.2805,,,3.19444e-05,0.02510968,3.19444e-05,0.02510968,GB-Mo,0.023,0.02510968,Amazon Simple Storage Service,,,,,us-west-2,AmazonS3,ml,prod,CC500,,,,,,,,,,,,,
fd8f8f154ef445b9b7543a1907a3fb6b,2026-03-23T12:00:00Z/2026-03-23T13:00:00Z,112233445566,2026-03-01T00:00:00Z,2026-04-01T00:00:00Z,AWS,223344556677,Usage,2026-03-23T12:00:00Z,2026-03-23T13:00:00Z,AmazonS3,USWE-TimedStorage-ByteHrs,StandardStorage,,arn:aws:s3:::ml-model-artifacts,779.7371,,,3.19444e-05,0.02530494,3.19444e-05,0.02530494,GB-Mo,0.023,0.02530494,Amazon Simple Storage Service,,,,,us-west-2,AmazonS3,ml,prod,CC500,,,,,,,,,,,,,
af5ffb1122744579be5cb1d645d95639,2026-03-23T22:00:00Z/2026-03-23T23:00:00Z,112233445566,2026-03-01T00:00:00Z,2026-04-01T00:00:00Z,AWS,223344556677,Usage,2026-03-23T22:00:00Z,2026-03-23T23:00:00Z,AmazonS3,USWE-TimedStorage-ByteHrs,StandardStorage,,arn:aws:s3:::ml-model-artifacts,780.3834,,,3.19444e-05,0.02465512,3.19444e-05,0.02465512,GB-Mo,0.023,0.02465512,Amazon Simple Storage Service,,,,,us-west-2,AmazonS3,ml,prod,CC500,,,,,,,,,,,,,
5d5e00fb1d774d7882ca2970790951ac,2026-03-24T08:00:00Z/2026-03-24T09:00:00Z,112233445566,2026-03-01T00:00:00Z,2026-04-01T00:00:00Z,AWS,223344556677,Usage,2026-03-24T08:00:00Z,2026-03-24T09:00:00Z,AmazonS3,USWE-TimedStorage-ByteHrs,StandardStorage,,arn:aws:s3:::ml-model-artifacts,780.6194,,,3.19444e-05,0.0253361,3.19444e-05,0.0253361,GB-Mo,0.023,0.0253361,Amazon Simple Storage Service,,,,,us-west-2,AmazonS3,ml,prod,CC500,,,,,,,,,,,,,
eab9eefe91344f0aad8bfb428539ad90,2026-03-24T18:00:00Z/2026-03-24T19:00:00Z,112233445566,2026-03-01T00:00:00Z,2026-04-01T00:00:00Z,AWS,223344556677,Usage,2026-03-24T18:00:00Z,2026-03-24T19:00:00Z,AmazonS3,USWE-TimedStorage-ByteHrs,StandardStorage,,arn:aws:s3:::ml-model-artifacts,780.4951,,,3.19444e-05,0.0244385,3.19444e-05,0.0244385,GB-Mo,0.023,0.0244385,Amazon Simple Storage Service,,,,,us-west-2,AmazonS3,ml,prod,CC500,,,,,,,,,,,,,
4f20fcfcb2cd4fd0b8f1196393569428,2026-03-25T04:00:00Z/2026-03-25T05:00:00Z,112233445566,2026-03-01T00:00:00Z,2026-04-01T00:00:00Z,AWS,223344556677,Usage,2026-03-25T04:00:00Z,2026-03-25T05:00:00Z,AmazonS3,USWE-TimedStorage-ByteHrs,StandardStorage,,arn:aws:s3:::ml-model-artifacts,779.6573,,,3.19444e-05,0.02472038,3.19444e-05,0.02472038,GB-Mo,0.023,0.02472038,Amazon Simple Storage Service,,,,,us-west-2,AmazonS3,ml,prod,CC500,,,,,,,,,,,,,
765eff1b7b9642e589bc547f85857cb2,2026-03-25T14:00:00Z/2026-03-25T15:00:00Z,112233445566,2026-03-01T00:00:00Z,2026-04-01T00:00:00Z,AWS,223344556677,Usage,2026-03-25T14:00:00Z,2026-03-25T15:00:00Z,AmazonS3,USWE-TimedStorage-ByteHrs,StandardStorage,,arn:aws:s3:::ml-model-artifacts,780.306,,,3.19444e-05,0.02490831,3.19444e-05,0.02490831,GB-Mo,0.023,0.02490831,Amazon Simple Storage Service,,,,,us-west-2,AmazonS3,ml,prod,CC500,,,,,,,,,,,,,
7fd8aba1d06d40b9b7f179d4d5813af9,2026-03-26T00:00:00Z/2026-03-26T01:00:00Z,112233445566,2026-03-01T00:00:00Z,2026-04-01T00:00:00Z,AWS,223344556677,Usage,2026-03-26T00:00:00Z,2026-03-26T01:00:00Z,AmazonS3,USWE-TimedStorage-ByteHrs,StandardStorage,,arn:aws:s3:::ml-model-artifacts,780.5755,,,3.19444e-05,0.02451622,3.19444e-05,0.02451622,GB-Mo,0.023,0.02451622,Amazon Simple Storage Service,,,,,us-west-2,AmazonS3,ml,prod,CC500,,,,,,,,,,,,,
ad67425f83ea475f9246297d8b906018,2026-03-26T10:00:00Z/2026-03-26T11:00:00Z,112233445566,2026-03-01T00:00:00Z,2026-04-01T00:00:00Z,AWS,223344556677,Usage,2026-03-26T10:00:00Z,2026-03-26T11:00:00Z,AmazonS3,USWE-TimedStorage-ByteHrs,StandardStorage,,arn:aws:s3:::ml-model-artifacts,780.7398,,,3.19444e-05,0.02455227,3.19444e-05,0.02455227,GB-Mo,0.023,0.02455227,Amazon Simple Storage Service,,,,,us-west-2,AmazonS3,ml,prod,CC500,,,,,,,,,,,,,
c7dce311c18145d5bfa3254e40046d95,2026-03-26T20:00:00Z/2026-03-26T21:00:00Z,112233445566,2026-03-01T00:00:00Z,2026-04-01T00:00:00Z,AWS,223344556677,Usage,2026-03-26T20:00:00Z,2026-03-26T21:00:00Z,AmazonS3,USWE-TimedStorage-ByteHrs,StandardStorage,,arn:aws:s3:::ml-model-artifacts,780.5083,,,3.19444e-05,0.02485997,3.19444e-05,0.02485997,GB-Mo,0.023,0.02485997,Amazon Simple Storage Service,,,,,us-west-2,AmazonS3,ml,prod,CC500,,,,,,,,,,,,,
49c029c1a96f4f4d92f20616225e5662,2026-03-27T06:00:00Z/2026-03-27T07:00:00Z,112233445566,2026-03-01T00:00:00Z,2026-04-01T00:00:00Z,AWS,223344556677,Usage,2026-03-27T06:00:00Z,2026-03-27T07:00:00Z,AmazonS3,USWE-TimedStorage-ByteHrs,StandardStorage,,arn:aws:s3:::ml-model-artifacts,779.8702,,,3.19444e-05,0.02468686,3.19444e-05,0.02468686,GB-Mo,0.023,0.02468686,Amazon Simple Storage Service,,,,,us-west-2,AmazonS3,ml,prod,CC500,,,,,,,,,,,,,
6274c6ac5c554a83b8a18b46d3bf7ee9,2026-03-27T16:00:00Z/2026-03-27T17:00:00Z,112233445566,2026-03-01T00:00:00Z,2026-04-01T00:00:00Z,AWS,223344556677,Usage,2026-03-27T16:00:00Z,2026-03-27T17:00:00Z,AmazonS3,USWE-TimedStorage-ByteHrs,StandardStorage,,arn:aws:s3:::ml-model-artifacts,779.5132,,,3.19444e-05,0.02506174,3.19444e-05,0.02506174,GB-Mo,0.023,0.02506174,Amazon Simple Storage Service,,,,,us-west-2,AmazonS3,ml,prod,CC500,,,,,,,,,,,,,
0802c52838b343bba14af432a496e988,2026-03-28T02:00:00Z/2026-03-28T03:00:00Z,112233445566,2026-03-01T00:00:00Z,2026-04-01T00:00:00Z,AWS,223344556677,Usage,2026-03-28T02:00:00Z,2026-03-28T03:00:00Z,AmazonS3,USWE-TimedStorage-ByteHrs,StandardStorage,,arn:aws:s3:::ml-model-artifacts,780.5054,,,3.19444e-05,0.02462902,3.19444e-05,0.02462902,GB-Mo,0.023,0.02462902,Amazon Simple Storage Service,,,,,us-west-2,AmazonS3,ml,prod,CC500,,,,,,,,,,,,,
aa3383e1954c48f39ed789c1d348c821,2026-03-28T12:00:00Z/2026-03-28T13:00:00Z,112233445566,2026-03-01T00:00:00Z,2026-04-01T00:00:00Z,AWS,223344556677,Usage,2026-03-28T12:00:00Z,2026-03-28T13:00:00Z,AmazonS3,USWE-TimedStorage-ByteHrs,StandardStorage,,arn:aws:s3:::ml-model-artifacts,780.4048,,,3.19444e-05,0.02515681,3.19444e-05,0.02515681,GB-Mo,0.023,0.02515681,Amazon Simple Storage Service,,,,,us-west-2,AmazonS3,ml,prod,CC500,,,,,,,,,,,,,
51faa45c7d1b4a4a82af5515306f116e,2026-03-28T22:00:00Z/2026-03-28T23:00:00Z,112233445566,2026-03-01T00:00:00Z,2026-04-01T00:00:00Z,AWS,223344556677,Usage,2026-03-28T22:00:00Z,2026-03-28T23:00:00Z,AmazonS3,USWE-TimedStorage-ByteHrs,StandardStorage,,arn:aws:s3:::ml-model-artifacts,780.5008,,,3.19444e-05,0.02528263,3.19444e-05,0.02528263,GB-Mo,0.023,0.02528263,Amazon Simple Storage Service,,,,,us-west-2,AmazonS3,ml,prod,CC500,,,,,,,,,,,,,
c143046eef714bd28cb2b6f7b3729c4d,2026-03-29T08:00:00Z/2026-03-29T09:00:00Z,112233445566,2026-03-01T00:00:00Z,2026-04-01T00:00:00Z,AWS,223344556677,Usage,2026-03-29T08:00:00Z,2026-03-29T09:00:00Z,AmazonS3,USWE-TimedStorage-ByteHrs,StandardStorage,,arn:aws:s3:::ml-model-artifacts,779.468,,,3.19444e-05,0.02493189,3.19444e-05,0.02493189,GB-Mo,0.023,0.02493189,Amazon Simple Storage Service,,,,,us-west-2,AmazonS3,ml,prod,CC500,,,,,,,,,,,,,
905f4824a6d34d69a4249ad6b9d07805,2026-03-29T18:00:00Z/2026-03-29T19:00:00Z,112233445566,2026-03-01T00:00:00Z,2026-04-01T00:00:00Z,AWS,223344556677,Usage,2026-03-29T18:00:00Z,2026-03-29T19:00:00Z,AmazonS3,USWE-TimedStorage-ByteHrs,StandardStorage,,arn:aws:s3:::ml-model-artifacts,780.0106,,,3.19444e-05,0.02472842,3.19444e-05,0.02472842,GB-Mo,0.023,0.02472842,Amazon Simple Storage Service,,,,,us-west-2,AmazonS3,ml,prod,CC500,,,,,,,,,,,,,
bd8036b5fe5e4b86bc6e474b77ae6482,2026-03-30T04:00:00Z/2026-03-30T05:00:00Z,112233445566,2026-03-01T00:00:00Z,2026-04-01T00:00:00Z,AWS,223344556677,Usage,2026-03-30T04:00:00Z,2026-03-30T05:00:00Z,AmazonS3,USWE-TimedStorage-ByteHrs,StandardStorage,,arn:aws:s3:::ml-model-artifacts,780.548,,,3.19444e-05,0.02455353,3.19444e-05,0.02455353,GB-Mo,0.023,0.02455353,Amazon Simple Storage Service,,,,,us-west-2,AmazonS3,ml,prod,CC500,,,,,,,,,,,,,
7ba142d1acb54aea9dde012954bf7a67,2026-03-30T14:00:00Z/2026-03-30T15:00:00Z,112233445566,2026-03-01T00:00:00Z,2026-04-01T00:00:00Z,AWS,223344556677,Usage,2026-03-30T14:00:00Z,2026-03-30T15:00:00Z,AmazonS3,USWE-TimedStorage-ByteHrs,StandardStorage,,arn:aws:s3:::ml-model-artifacts,779.2652,,,3.19444e-05,0.02529473,3.19444e-05,0.02529473,GB-Mo,0.023,0.02529473,Amazon Simple Storage Service,,,,,us-west-2,AmazonS3,ml,prod,CC500,,,,,,,,,,,,,
5d2ce94ed2254d2182e102a1b0c19104,2026-03-01T00:00:00Z/2026-03-01T01:00:00Z,112233445566,2026-03-01T00:00:00Z,2026-04-01T00:00:00Z,AWS,334455667788,Usage,2026-03-01T00:00:00Z,2026-03-01T01:00:00Z,AmazonS3,USEA-TimedStorage-ByteHrs,StandardStorage,,arn:aws:s3:::dev-scratch-bucket,55.0366,,,3.19444e-05,0.00173535,3.19444e-05,0.00173535,GB-Mo,0.023,0.00173535,Amazon Simple Storage Service,,,,,us-east-1,AmazonS3,,,,,,,,,,,,,,,,
104962c0619b4b208f9b3b088770ed9a,2026-03-01T10:00:00Z/2026-03-01T11:00:00Z,112233445566,2026-03-01T00:00:00Z,2026-04-01T00:00:00Z,AWS,334455667788,Usage,2026-03-01T10:00:00Z,2026-03-01T11:00:00Z,AmazonS3,USEA-TimedStorage-ByteHrs,StandardStorage,,arn:aws:s3:::dev-scratch-bucket,54.9724,,,3.19444e-05,0.00178063,3.19444e-05,0.00178063,GB-Mo,0.023,0.00178063,Amazon Simple Storage Service,,,,,us-east-1,AmazonS3,,,,,,,,,,,,,,,,
248aa64363d3411795fd03d7aaf4a314,2026-03-01T20:00:00Z/2026-03-01T21:00:00Z,112233445566,2026-03-01T00:00:00Z,2026-04-01T00:00:00Z,AWS,334455667788,Usage,2026-03-01T20:00:00Z,2026-03-01T21:00:00Z,AmazonS3,USEA-TimedStorage-ByteHrs,StandardStorage,,arn:aws:s3:::dev-scratch-bucket,55.046,,,3.19444e-05,0.00175388,3.19444e-05,0.00175388,GB-Mo,0.023,0.00175388,Amazon Simple Storage Service,,,,,us-east-1,AmazonS3,,,,,,,,,,,,,,,,
ba0b6f2b29584a6e8d5843c8ed112b0c,2026-03-02T06:00:00Z/2026-03-02T07:00:00Z,112233445566,2026-03-01T00:00:00Z,2026-04-01T00:00:00Z,AWS,334455667788,Usage,2026-03-02T06:00:00Z,2026-03-02T07:00:00Z,AmazonS3,USEA-TimedStorage-ByteHrs,StandardStorage,,arn:aws:s3:::dev-scratch-bucket,54.9751,,,3.19444e-05,0.00177133,3.19444e-05,0.00177133,GB-Mo,0.023,0.00177133,Amazon Simple Storage Service,,,,,us-east-1,AmazonS3,,,,,,,,,,,,,,,,
2da01690e46c480b97ec671214323c85,2026-03-02T16:00:00Z/2026-03-02T17:00:00Z,112233445566,2026-03-01T00:00:00Z,2026-04-01T00:00:00Z,AWS,334455667788,Usage,2026-03-02T16:00:00Z,2026-03-02T17:00:00Z,AmazonS3,USEA-TimedStorage-ByteHrs,StandardStorage,,arn:aws:s3:::dev-scratch-bucket,55.0006,,,3.19444e-05,0.00177968,3.19444e-05,0.00177968,GB-Mo,0.023,0.00177968,Amazon Simple Storage Service,,,,,us-east-1,AmazonS3,,,,,,,,,,,,,,,,
ab57c37ea75749e0bc3a2bc14cbb8a64,2026-03-03T02:00:00Z/2026-03-03T03:00:00Z,112233445566,2026-03-01T00:00:00Z,2026-04-01T00:00:00Z,AWS,334455667788,Usage,2026-03-03T02:00:00Z,2026-03-03T03:00:00Z,AmazonS3,USEA-TimedStorage-ByteHrs,StandardStorage,,arn:aws:s3:::dev-scratch-bucket,54.9586,,,3.19444e-05,0.00176646,3.19444e-05,0.00176646,GB-Mo,0.023,0.00176646,Amazon Simple Storage Service,,,,,us-east-1,AmazonS3,,,,,,,,,,,,,,,,
29ebd99d2c5c4c36ac004c45910674d3,2026-03-03T12:00:00Z/2026-03-03T13:00:00Z,112233445566,2026-03-01T00:00:00Z,2026-04-01T00:00:00Z,AWS,334455667788,Usage,2026-03-03T12:00:00Z,2026-03-03T13:00:00Z,AmazonS3,USEA-TimedStorage-ByteHrs,StandardStorage,,arn:aws:s3:::dev-scratch-bucket,54.986,,,3.19444e-05,0.00172395,3.19444e-05,0.00172395,GB-Mo,0.023,0.00172395,Amazon Simple Storage Service,,,,,us-east-1,AmazonS3,,,,,,,,,,,,,,,,
8c8ed0bc04a046668c456fbeaeba6140,2026-03-03T22:00:00Z/2026-03-03T23:00:00Z,112233445566,2026-03-01T00:00:00Z,2026-04-01T00:00:00Z,AWS,334455667788,Usage,2026-03-03T22:00:00Z,2026-03-03T23:00:00Z,AmazonS3,USEA-TimedStorage-ByteHrs,StandardStorage,,arn:aws:s3:::dev-scratch-bucket,54.9645,,,3.19444e-05,0.00176355,3.19444e-05,0.00176355,GB-Mo,0.023,0.00176355,Amazon Simple Storage Service,,,,,us-east-1,AmazonS3,,,,,,,,,,,,,,,,
771f464a3f6943ddbf690ed72a1dff61,2026-03-04T08:00:00Z/2026-03-04T09:00:00Z,112233445566,2026-03-01T00:00:00Z,2026-04-01T00:00:00Z,AWS,334455667788,Usage,2026-03-04T08:00:00Z,2026-03-04T09:00:00Z,AmazonS3,USEA-TimedStorage-ByteHrs,StandardStorage,,arn:aws:s3:::dev-scratch-bucket,55.0096,,,3.19444e-05,0.00178298,3.19444e-05,0.00178298,GB-Mo,0.023,0.00178298,Amazon Simple Storage Service,,,,,us-east-1,AmazonS3,,,,,,,,,,,,,,,,
8c88ee0b4b9b41daa5cbb54fcc6d996e,2026-03-04T18:00:00Z/2026-03-04T19:00:00Z,112233445566,2026-03-01T00:00:00Z,2026-04-01T00:00:00Z,AWS,334455667788,Usage,2026-03-04T18:00:00Z,2026-03-04T19:00:00Z,AmazonS3,USEA-TimedStorage-ByteHrs,StandardStorage,,arn:aws:s3:::dev-scratch-bucket,54.963,,,3.19444e-05,0.00174639,3.19444e-05,0.00174639,GB-Mo,0.023,0.00174639,Amazon Simple Storage Service,,,,,us-east-1,AmazonS3,,,,,,,,,,,,,,,,
0212579e6f784e519a5b3edd67403f5e,2026-03-05T04:00:00Z/2026-03-05T05:00:00Z,112233445566,2026-03-01T00:00:00Z,2026-04-01T00:00:00Z,AWS,334455667788,Usage,2026-03-05T04:00:00Z,2026-03-05T05:00:00Z,AmazonS3,USEA-TimedStorage-ByteHrs,StandardStorage,,arn:aws:s3:::dev-scratch-bucket,55.0274,,,3.19444e-05,0.00178467,3.19444e-05,0.00178467,GB-Mo,0.023,0.00178467,Amazon Simple Storage Service,,,,,us-east-1,AmazonS3,,,,,,,,,,,,,,,,
616f5b58371b4d188d213b27e5feea84,2026-03-05T14:00:00Z/2026-03-05T15:00:00Z,112233445566,2026-03-01T00:00:00Z,2026-04-01T00:00:00Z,AWS,334455667788,Usage,2026-03-05T14:00:00Z,2026-03-05T15:00:00Z,AmazonS3,USEA-TimedStorage-ByteHrs,StandardStorage,,arn:aws:s3:::dev-scratch-bucket,54.9764,,,3.19444e-05,0.00177022,3.19444e-05,0.00177022,GB-Mo,0.023,0.00177022,Amazon Simple Storage Service,,,,,us-east-1,AmazonS3,,,,,,,,,,,,,,,,
86f51bb85f6643f2901f6cc51d181499,2026-03-06T00:00:00Z/2026-03-06T01:00:00Z,112233445566,2026-03-01T00:00:00Z,2026-04-01T00:00:00Z,AWS,334455667788,Usage,2026-03-06T00:00:00Z,2026-03-06T01:00:00Z,AmazonS3,USEA-TimedStorage-ByteHrs,StandardStorage,,arn:aws:s3:::dev-scratch-bucket,54.9629,,,3.19444e-05,0.00174897,3.19444e-05,0.00174897,GB-Mo,0.023,0.00174897,Amazon Simple Storage Service,,,,,us-east-1,AmazonS3,,,,,,,,,,,,,,,,
123370eefb814c93a5b70530bde9eae9,2026-03-06T10:00:00Z/2026-03-06T11:00:00Z,112233445566,2026-03-01T00:00:00Z,2026-04-01T00:00:00Z,AWS,334455667788,Usage,2026-03-06T10:00:00Z,2026-03-06T11:00:00Z,AmazonS3,USEA-TimedStorage-ByteHrs,StandardStorage,,arn:aws:s3:::dev-scratch-bucket,55.0511,,,3.19444e-05,0.00176202,3.19444e-05,0.00176202,GB-Mo,0.023,0.00176202,Amazon Simple Storage Service,,,,,us-east-1,AmazonS3,,,,,,,,,,,,,,,,
bb105016eff642f886c34759ca02bed6,2026-03-06T20:00:00Z/2026-03-06T21:00:00Z,112233445566,2026-03-01T00:00:00Z,2026-04-01T00:00:00Z,AWS,334455667788,Usage,2026-03-06T20:00:00Z,2026-03-06T21:00:00Z,AmazonS3,USEA-TimedStorage-ByteHrs,StandardStorage,,arn:aws:s3:::dev-scratch-bucket,55.0162,,,3.19444e-05,0.00178204,3.19444e-05,0.00178204,GB-Mo,0.023,0.00178204,Amazon Simple Storage Service,,,,,us-east-1,AmazonS3,,,,,,,,,,,,,,,,
81520b1808d14f058937af7f62c79e6b,2026-03-07T06:00:00Z/2026-03-07T07:00:00Z,112233445566,2026-03-01T00:00:00Z,2026-04-01T00:00:00Z,AWS,334455667788,Usage,2026-03-07T06:00:00Z,2026-03-07T07:00:00Z,AmazonS3,USEA-TimedStorage-ByteHrs,StandardStorage,,arn:aws:s3:::dev-scratch-bucket,54.9746,,,3.19444e-05,0.00176943,3.19444e-05,0.00176943,GB-Mo,0.023,0.00176943,Amazon Simple Storage Service,,,,,us-east-1,AmazonS3,,,,,,,,,,,,,,,,
0f823c6bc07742fab3b64ab6fda2384d,2026-03-07T16:00:00Z/2026-03-07T17:00:00Z,112233445566,2026-03-01T00:00:00Z,2026-04-01T00:00:00Z,AWS,334455667788,Usage,2026-03-07T16:00:00Z,2026-03-07T17:00:00Z,AmazonS3,USEA-TimedStorage-ByteHrs,StandardStorage,,arn:aws:s3:::dev-scratch-bucket,54.9472,,,3.19444e-05,0.00175058,3.19444e-05,0.00175058,GB-Mo,0.023,0.00175058,Amazon Simple Storage Service,,,,,us-east-1,AmazonS3,,,,,,,,,,,,,,,,
cc9d523bb85f43fba5f21555003eaaf3,2026-03-08T02:00:00Z/2026-03-08T03:00:00Z,112233445566,2026-03-01T00:00:00Z,2026-04-01T00:00:00Z,AWS,334455667788,Usage,2026-03-08T02:00:00Z,2026-03-08T03:00:00Z,AmazonS3,USEA-TimedStorage-ByteHrs,StandardStorage,,arn:aws:s3:::dev-scratch-bucket,55.0294,,,3.19444e-05,0.00177664,3.19444e-05,0.00177664,GB-Mo,0.023,0.00177664,Amazon Simple Storage Service,,,,,us-east-1,AmazonS3,,,,,,,,,,,,,,,,
e1d86bdaf83c4fa8b2b40c87edaa326e,2026-03-08T12:00:00Z/2026-03-08T13:00:00Z,112233445566,2026-03-01T00:00:00Z,2026-04-01T00:00:00Z,AWS,334455667788,Usage,2026-03-08T12:00:00Z,2026-03-08T13:00:00Z,AmazonS3,USEA-TimedStorage-ByteHrs,StandardStorage,,arn:aws:s3:::dev-scratch-bucket,55.0453,,,3.19444e-05,0.00172243,3.19444e-05,0.00172243,GB-Mo,0.023,0.00172243,Amazon Simple Storage Service,,,,,us-east-1,AmazonS3,,,,,,,,,,,,,,,,
a8117891a3f84e298450bd15855ca7fc,2026-03-08T22:00:00Z/2026-03-08T23:00:00Z,112233445566,2026-03-01T00:00:00Z,2026-04-01T00:00:00Z,AWS,334455667788,Usage,2026-03-08T22:00:00Z,2026-03-08T23:00:00Z,AmazonS3,USEA-TimedStorage-ByteHrs,StandardStorage,,arn:aws:s3:::dev-scratch-bucket,55.0111,,,3.19444e-05,0.0017673,3.19444e-05,0.0017673,GB-Mo,0.023,0.0017673,Amazon Simple Storage Service,,,,,us-east-1,AmazonS3,,,,,,,,,,,,,,,,
3be74155fb984349bfe3dc65456661e1,2026-03-09T08:00:00Z/2026-03-09T09:00:00Z,112233445566,2026-03-01T00:00:00Z,2026-04-01T00:00:00Z,AWS,334455667788,Usage,2026-03-09T08:00:00Z,2026-03-09T09:00:00Z,AmazonS3,USEA-TimedStorage-ByteHrs,StandardStorage,,arn:aws:s3:::dev-scratch-bucket,54.9728,,,3.19444e-05,0.0017224,3.19444e-05,0.0017224,GB-Mo,0.023,0.0017224,Amazon Simple Storage Service,,,,,us-east-1,AmazonS3,,,,,,,,,,,,,,,,
962d60c68ac74fcaa25ed6e481010e85,2026-03-09T18:00:00Z/2026-03-09T19:00:00Z,112233445566,2026-03-01T00:00:00Z,2026-04-01T00:00:00Z,AWS,334455667788,Usage,2026-03-09T18:00:00Z,2026-03-09T19:00:00Z,AmazonS3,USEA-TimedStorage-ByteHrs,StandardStorage,,arn:aws:s3:::dev-scratch-bucket,54.9786,,,3.19444e-05,0.00177839,3.19444e-05,0.00177839,GB-Mo,0.023,0.00177839,Amazon Simple Storage Service,,,,,us-east-1,AmazonS3,,,,,,,,,,,,,,,,
dddf5a7e596f475d84fcd9be4011c78f,2026-03-10T04:00:00Z/2026-03-10T05:00:00Z,112233445566,2026-03-01T00:00:00Z,2026-04-01T00:00:00Z,AWS,334455667788,Usage,2026-03-10T04:00:00Z,2026-03-10T05:00:00Z,AmazonS3,USEA-TimedStorage-ByteHrs,StandardStorage,,arn:aws:s3:::dev-scratch-bucket,55.0157,,,3.19444e-05,0.00178977,3.19444e-05,0.00178977,GB-Mo,0.023,0.00178977,Amazon Simple Storage Service,,,,,us-east-1,AmazonS3,,,,,,,,,,,,,,,,
85a824ca9f4641faac0dbf694f7d9f86,2026-03-10T14:00:00Z/2026-03-10T15:00:00Z,112233445566,2026-03-01T00:00:00Z,2026-04-01T00:00:00Z,AWS,334455667788,Usage,2026-03-10T14:00:00Z,2026-03-10T15:00:00Z,AmazonS3,USEA-TimedStorage-ByteHrs,StandardStorage,,arn:aws:s3:::dev-scratch-bucket,54.9864,,,3.19444e-05,0.00175159,3.19444e-05,0.00175159,GB-Mo,0.023,0.00175159,Amazon Simple Storage Service,,,,,us-east-1,AmazonS3,,,,,,,,,,,,,,,,
b7f70445ee344c9faa0927b1ca0f2043,2026-03-11T00:00:00Z/2026-03-11T01:00:00Z,112233445566,2026-03-01T00:00:00Z,2026-04-01T00:00:00Z,AWS,334455667788,Usage,2026-03-11T00:00:00Z,2026-03-11T01:00:00Z,AmazonS3,USEA-TimedStorage-ByteHrs,StandardStorage,,arn:aws:s3:::dev-scratch-bucket,54.9727,,,3.19444e-05,0.00174631,3.19444e-05,0.00174631,GB-Mo,0.023,0.00174631,Amazon Simple Storage Service,,,,,us-east-1,AmazonS3,,,,,,,,,,,,,,,,
14edb7f79bbd4194b3e566208b0ad2f8,2026-03-11T10:00:00Z/2026-03-11T11:00:00Z,112233445566,2026-03-01T00:00:00Z,2026-04-01T00:00:00Z,AWS,334455667788,Usage,2026-03-11T10:00:00Z,2026-03-11T11:00:00Z,AmazonS3,USEA-TimedStorage-ByteHrs,StandardStorage,,arn:aws:s3:::dev-scratch-bucket,55.0195,,,3.19444e-05,0.0017546,3.19444e-05,0.0017546,GB-Mo,0.023,0.0017546,Amazon Simple Storage Service,,,,,us-east-1,AmazonS3,,,,,,,,,,,,,,,,
33dfaf4510334485b80cdd2affe2b513,2026-03-11T20:00:00Z/2026-03-11T21:00:00Z,112233445566,2026-03-01T00:00:00Z,2026-04-01T00:00:00Z,AWS,334455667788,Usage,2026-03-11T20:00:00Z,2026-03-11T21:00:00Z,AmazonS3,USEA-TimedStorage-ByteHrs,StandardStorage,,arn:aws:s3:::dev-scratch-bucket,54.9887,,,3.19444e-05,0.00177974,3.19444e-05,0.00177974,GB-Mo,0.023,0.00177974,Amazon Simple Storage Service,,,,,us-east-1,AmazonS3,,,,,,,,,,,,,,,,
376f7d56b6fe4044808837c4049b4f3a,2026-03-12T06:00:00Z/2026-03-12T07:00:00Z,112233445566,2026-03-01T00:00:00Z,2026-04-01T00:00:00Z,AWS,334455667788,Usage,2026-03-12T06:00:00Z,2026-03-12T07:00:00Z,AmazonS3,USEA-TimedStorage-ByteHrs,StandardStorage,,arn:aws:s3:::dev-scratch-bucket,55.0013,,,3.19444e-05,0.001729,3.19444e-05,0.001729,GB-Mo,0.023,0.001729,Amazon Simple Storage Service,,,,,us-east-1,AmazonS3,,,,,,,,,,,,,,,,
12a4b3fea2f3452dab6b4500e93042cd,2026-03-12T16:00:00Z/2026-03-12T17:00:00Z,112233445566,2026-03-01T00:00:00Z,2026-04-01T00:00:00Z,AWS,334455667788,Usage,2026-03-12T16:00:00Z,2026-03-12T17:00:00Z,AmazonS3,USEA-TimedStorage-ByteHrs,StandardStorage,,arn:aws:s3:::dev-scratch-bucket,55.0378,,,3.19444e-05,0.00176835,3.19444e-05,0.00176835,GB-Mo,0.023,0.00176835,Amazon Simple Storage Service,,,,,us-east-1,AmazonS3,,,,,,,,,,,,,,,,
345d857430be4a6bb7fa01b9ab9dbf2b,2026-03-13T02:00:00Z/2026-03-13T03:00:00Z,112233445566,2026-03-01T00:00:00Z,2026-04-01T00:00:00Z,AWS,334455667788,Usage,2026-03-13T02:00:00Z,2026-03-13T03:00:00Z,AmazonS3,USEA-TimedStorage-ByteHrs,StandardStorage,,arn:aws:s3:::dev-scratch-bucket,55.0162,,,3.19444e-05,0.00174811,3.19444e-05,0.00174811,GB-Mo,0.023,0.00174811,Amazon Simple Storage Service,,,,,us-east-1,AmazonS3,,,,,,,,,,,,,,,,
b914705e30d945b8a4f7a0e32443cf2a,2026-03-13T12:00:00Z/2026-03-13T13:00:00Z,112233445566,2026-03-01T00:00:00Z,2026-04-01T00:00:00Z,AWS,334455667788,Usage,2026-03-13T12:00:00Z,2026-03-13T13:00:00Z,AmazonS3,USEA-TimedStorage-ByteHrs,StandardStorage,,arn:aws:s3:::dev-scratch-bucket,54.9778,,,3.19444e-05,0.00176461,3.19444e-05,0.00176461,GB-Mo,0.023,0.00176461,Amazon Simple Storage Service,,,,,us-east-1,AmazonS3,,,,,,,,,,,,,,,,
3c78f3fd1190417fb994ebf328631c88,2026-03-13T22:00:00Z/2026-03-13T23:00:00Z,112233445566,2026-03-01T00:00:00Z,2026-04-01T00:00:00Z,AWS,334455667788,Usage,2026-03-13T22:00:00Z,2026-03-13T23:00:00Z,AmazonS3,USEA-TimedStorage-ByteHrs,StandardStorage,,arn:aws:s3:::dev-scratch-bucket,54.952,,,3.19444e-05,0.0017294,3.19444e-05,0.0017294,GB-Mo,0.023,0.0017294,Amazon Simple Storage Service,,,,,us-east-1,AmazonS3,,,,,,,,,,,,,,,,
7274dd0ab8454f1c8a37eb8e205569f8,2026-03-14T08:00:00Z/2026-03-14T09:00:00Z,112233445566,2026-03-01T00:00:00Z,2026-04-01T00:00:00Z,AWS,334455667788,Usage,2026-03-14T08:00:00Z,2026-03-14T09:00:00Z,AmazonS3,USEA-TimedStorage-ByteHrs,StandardStorage,,arn:aws:s3:::dev-scratch-bucket,55.0155,,,3.19444e-05,0.00179127,3.19444e-05,0.00179127,GB-Mo,0.023,0.00179127,Amazon Simple Storage Service,,,,,us-east-1,AmazonS3,,,,,,,,,,,,,,,,
b16e9ef0977f4f57b08cbb9648bbd004,2026-03-14T18:00:00Z/2026-03-14T19:00:00Z,112233445566,2026-03-01T00:00:00Z,2026-04-01T00:00:00Z,AWS,334455667788,Usage,2026-03-14T18:00:00Z,2026-03-14T19:00:00Z,AmazonS3,USEA-TimedStorage-ByteHrs,StandardStorage,,arn:aws:s3:::dev-scratch-bucket,54.9737,,,3.19444e-05,0.00178235,3.19444e-05,0.00178235,GB-Mo,0.023,0.00178235,Amazon Simple Storage Service,,,,,us-east-1,AmazonS3,,,,,,,,,,,,,,,,
e2ca92c075bf4c458394a5f2d68b152d,2026-03-15T04:00:00Z/2026-03-15T05:00:00Z,112233445566,2026-03-01T00:00:00Z,2026-04-01T00:00:00Z,AWS,334455667788,Usage,2026-03-15T04:00:00Z,2026-03-15T05:00:00Z,AmazonS3,USEA-TimedStorage-ByteHrs,StandardStorage,,arn:aws:s3:::dev-scratch-bucket,55.0432,,,3.19444e-05,0.00177178,3.19444e-05,0.00177178,GB-Mo,0.023,0.00177178,Amazon Simple Storage Service,,,,,us-east-1,AmazonS3,,,,,,,,,,,,,,,,
26c5ab61258e4b1fb2da7fae8a179084,2026-03-15T14:00:00Z/2026-03-15T15:00:00Z,112233445566,2026-03-01T00:00:00Z,2026-04-01T00:00:00Z,AWS,334455667788,Usage,2026-03-15T14:00:00Z,2026-03-15T15:00:00Z,AmazonS3,USEA-TimedStorage-ByteHrs,StandardStorage,,arn:aws:s3:::dev-scratch-bucket,54.9615,,,3.19444e-05,0.0017428,3.19444e-05,0.0017428,GB-Mo,0.023,0.0017428,Amazon Simple Storage Service,,,,,us-east-1,AmazonS3,,,,,,,,,,,,,,,,
3b0be0572fef4cf895dc4fb6f2e9e2f8,2026-03-16T00:00:00Z/2026-03-16T01:00:00Z,112233445566,2026-03-01T00:00:00Z,2026-04-01T00:00:00Z,AWS,334455667788,Usage,2026-03-16T00:00:00Z,2026-03-16T01:00:00Z,AmazonS3,USEA-TimedStorage-ByteHrs,StandardStorage,,arn:aws:s3:::dev-scratch-bucket,55.044,,,3.19444e-05,0.0017756,3.19444e-05,0.0017756,GB-Mo,0.023,0.0017756,Amazon Simple Storage Service,,,,,us-east-1,AmazonS3,,,,,,,,,,,,,,,,
a43e8d2ebe5043928ffcf0a8a3e66dbe,2026-03-16T10:00:00Z/2026-03-16T11:00:00Z,112233445566,2026-03-01T00:00:00Z,2026-04-01T00:00:00Z,AWS,334455667788,Usage,2026-03-16T10:00:00Z,2026-03-16T11:00:00Z,AmazonS3,USEA-TimedStorage-ByteHrs,StandardStorage,,arn:aws:s3:::dev-scratch-bucket,55.0333,,,3.19444e-05,0.00177841,3.19444e-05,0.00177841,GB-Mo,0.023,0.00177841,Amazon Simple Storage Service,,,,,us-east-1,AmazonS3,,,,,,,,,,,,,,,,
542fd521e33740198d36c21616e4a52b,2026-03-16T20:00:00Z/2026-03-16T21:00:00Z,112233445566,2026-03-01T00:00:00Z,2026-04-01T00:00:00Z,AWS,334455667788,Usage,2026-03-16T20:00:00Z,2026-03-16T21:00:00Z,AmazonS3,USEA-TimedStorage-ByteHrs,StandardStorage,,arn:aws:s3:::dev-scratch-bucket,55.0177,,,3.19444e-05,0.00176397,3.19444e-05,0.00176397,GB-Mo,0.023,0.00176397,Amazon Simple Storage Service,,,,,us-east-1,AmazonS3,,,,,,,,,,,,,,,,
5d46505f39204751a9856c85d1204fae,2026-03-17T06:00:00Z/2026-03-17T07:00:00Z,112233445566,2026-03-01T00:00:00Z,2026-04-01T00:00:00Z,AWS,334455667788,Usage,2026-03-17T06:00:00Z,2026-03-17T07:00:00Z,AmazonS3,USEA-TimedStorage-ByteHrs,StandardStorage,,arn:aws:s3:::dev-scratch-bucket,55.0243,,,3.19444e-05,0.00176965,3.19444e-05,0.00176965,GB-Mo,0.023,0.00176965,Amazon Simple Storage Service,,,,,us-east-1,AmazonS3,,,,,,,,,,,,,,,,
4703e35e8e7643118ed74c6febf3d6eb,2026-03-17T16:00:00Z/2026-03-17T17:00:00Z,112233445566,2026-03-01T00:00:00Z,2026-04-01T00:00:00Z,AWS,334455667788,Usage,2026-03-17T16:00:00Z,2026-03-17T17:00:00Z,AmazonS3,USEA-TimedStorage-ByteHrs,StandardStorage,,arn:aws:s3:::dev-scratch-bucket,55.0547,,,3.19444e-05,0.00176787,3.19444e-05,0.00176787,GB-Mo,0.023,0.00176787,Amazon Simple Storage Service,,,,,us-east-1,AmazonS3,,,,,,,,,,,,,,,,
38b67a9aa94747e8ab03d8f93a77da7b,2026-03-18T02:00:00Z/2026-03-18T03:00:00Z,112233445566,2026-03-01T00:00:00Z,2026-04-01T00:00:00Z,AWS,334455667788,Usage,2026-03-18T02:00:00Z,2026-03-18T03:00:00Z,AmazonS3,USEA-TimedStorage-ByteHrs,StandardStorage,,arn:aws:s3:::dev-scratch-bucket,54.991,,,3.19444e-05,0.00174004,3.19444e-05,0.00174004,GB-Mo,0.023,0.00174004,Amazon Simple Storage Service,,,,,us-east-1,AmazonS3,,,,,,,,,,,,,,,,
89b5dd34a76046ab8971604f807e67a1,2026-03-18T12:00:00Z/2026-03-18T13:00:00Z,112233445566,2026-03-01T00:00:00Z,2026-04-01T00:00:00Z,AWS,334455667788,Usage,2026-03-18T12:00:00Z,2026-03-18T13:00:00Z,AmazonS3,USEA-TimedStorage-ByteHrs,StandardStorage,,arn:aws:s3:::dev-scratch-bucket,54.9489,,,3.19444e-05,0.00174909,3.19444e-05,0.00174909,GB-Mo,0.023,0.00174909,Amazon Simple Storage Service,,,,,us-east-1,AmazonS3,,,,,,,,,,,,,,,,
d76af4ac6c8a4c3d9dadec655fa77fee,2026-03-18T22:00:00Z/2026-03-18T23:00:00Z,112233445566,2026-03-01T00:00:00Z,2026-04-01T00:00:00Z,AWS,334455667788,Usage,2026-03-18T22:00:00Z,2026-03-18T23:00:00Z,AmazonS3,USEA-TimedStorage-ByteHrs,StandardStorage,,arn:aws:s3:::dev-scratch-bucket,55.0079,,,3.19444e-05,0.00177157,3.19444e-05,0.00177157,GB-Mo,0.023,0.00177157,Amazon Simple Storage Service,,,,,us-east-1,AmazonS3,,,,,,,,,,,,,,,,
fd6f646ad20e4b278b2f75205fc41e12,2026-03-19T08:00:00Z/2026-03-19T09:00:00Z,112233445566,2026-03-01T00:00:00Z,2026-04-01T00:00:00Z,AWS,334455667788,Usage,2026-03-19T08:00:00Z,2026-03-19T09:00:00Z,AmazonS3,USEA-TimedStorage-ByteHrs,StandardStorage,,arn:aws:s3:::dev-scratch-bucket,55.0249,,,3.19444e-05,0.00173515,3.19444e-05,0.00173515,GB-Mo,0.023,0.00173515,Amazon Simple Storage Service,,,,,us-east-1,AmazonS3,,,,,,,,,,,,,,,,
e274b9456cc84431a33bf6bd02f8d033,2026-03-19T18:00:00Z/2026-03-19T19:00:00Z,112233445566,2026-03-01T00:00:00Z,2026-04-01T00:00:00Z,AWS,334455667788,Usage,2026-03-19T18:00:00Z,2026-03-19T19:00:00Z,AmazonS3,USEA-TimedStorage-ByteHrs,StandardStorage,,arn:aws:s3:::dev-scratch-bucket,55.0038,,,3.19444e-05,0.00173743,3.19444e-05,0.00173743,GB-Mo,0.023,0.00173743,Amazon Simple Storage Service,,,,,us-east-1,AmazonS3,,,,,,,,,,,,,,,,
fd78ef85a320484898d02edae15b137f,2026-03-20T04:00:00Z/2026-03-20T05:00:00Z,112233445566,2026-03-01T00:00:00Z,2026-04-01T00:00:00Z,AWS,334455667788,Usage,2026-03-20T04:00:00Z,2026-03-20T05:00:00Z,AmazonS3,USEA-TimedStorage-ByteHrs,StandardStorage,,arn:aws:s3:::dev-scratch-bucket,55.0447,,,3.19444e-05,0.00177697,3.19444e-05,0.00177697,GB-Mo,0.023,0.00177697,Amazon Simple Storage Service,,,,,us-east-1,AmazonS3,,,,,,,,,,,,,,,,
84f6fef10327499ebdc5dfe5dfc6ac2c,2026-03-20T14:00:00Z/2026-03-20T15:00:00Z,112233445566,2026-03-01T00:00:00Z,2026-04-01T00:00:00Z,AWS,334455667788,Usage,2026-03-20T14:00:00Z,2026-03-20T15:00:00Z,AmazonS3,USEA-TimedStorage-ByteHrs,StandardStorage,,arn:aws:s3:::dev-scratch-bucket,55.0008,,,3.19444e-05,0.00176902,3.19444e-05,0.00176902,GB-Mo,0.023,0.00176902,Amazon Simple Storage Service,,,,,us-east-1,AmazonS3,,,,,,,,,,,,,,,,
9d8a23f1726f4074854f23da7d48b315,2026-03-21T00:00:00Z/2026-03-21T01:00:00Z,112233445566,2026-03-01T00:00:00Z,2026-04-01T00:00:00Z,AWS,334455667788,Usage,2026-03-21T00:00:00Z,2026-03-21T01:00:00Z,AmazonS3,USEA-TimedStorage-ByteHrs,StandardStorage,,arn:aws:s3:::dev-scratch-bucket,55.0375,,,3.19444e-05,0.00178122,3.19444e-05,0.00178122,GB-Mo,0.023,0.00178122,Amazon Simple Storage Service,,,,,us-east-1,AmazonS3,,,,,,,,,,,,,,,,
2d4ebe8ce3b241a08a3519198456361c,2026-03-21T10:00:00Z/2026-03-21T11:00:00Z,112233445566,2026-03-01T00:00:00Z,2026-04-01T00:00:00Z,AWS,334455667788,Usage,2026-03-21T10:00:00Z,2026-03-21T11:00:00Z,AmazonS3,USEA-TimedStorage-ByteHrs,StandardStorage,,arn:aws:s3:::dev-scratch-bucket,54.9649,,,3.19444e-05,0.0017834,3.19444e-05,0.0017834,GB-Mo,0.023,0.0017834,Amazon Simple Storage Service,,,,,us-east-1,AmazonS3,,,,,,,,,,,,,,,,
73302a4a7c494a67ad7d2432b96e0d55,2026-03-21T20:00:00Z/2026-03-21T21:00:00Z,112233445566,2026-03-01T00:00:00Z,2026-04-01T00:00:00Z,AWS,334455667788,Usage,2026-03-21T20:00:00Z,2026-03-21T21:00:00Z,AmazonS3,USEA-TimedStorage-ByteHrs,StandardStorage,,arn:aws:s3:::dev-scratch-bucket,54.9591,,,3.19444e-05,0.00172866,3.19444e-05,0.00172866,GB-Mo,0.023,0.00172866,Amazon Simple Storage Service,,,,,us-east-1,AmazonS3,,,,,,,,,,,,,,,,
be5118ca9c2a4d9db4a7b683447da980,2026-03-22T06:00:00Z/2026-03-22T07:00:00Z,112233445566,2026-03-01T00:00:00Z,2026-04-01T00:00:00Z,AWS,334455667788,Usage,2026-03-22T06:00:00Z,2026-03-22T07:00:00Z,AmazonS3,USEA-TimedStorage-ByteHrs,StandardStorage,,arn:aws:s3:::dev-scratch-bucket,55.0339,,,3.19444e-05,0.00173998,3.19444e-05,0.00173998,GB-Mo,0.023,0.00173998,Amazon Simple Storage Service,,,,,us-east-1,AmazonS3,,,,,,,,,,,,,,,,
04127640c16f45ad817a32ad5902416e,2026-03-22T16:00:00Z/2026-03-22T17:00:00Z,112233445566,2026-03-01T00:00:00Z,2026-04-01T00:00:00Z,AWS,334455667788,Usage,2026-03-22T16:00:00Z,2026-03-22T17:00:00Z,AmazonS3,USEA-TimedStorage-ByteHrs,StandardStorage,,arn:aws:s3:::dev-scratch-bucket,54.9651,,,3.19444e-05,0.00177542,3.19444e-05,0.00177542,GB-Mo,0.023,0.00177542,Amazon Simple Storage Service,,,,,us-east-1,AmazonS3,,,,,,,,,,,,,,,,
a0e3ae83da3a413b9e571ba374e1e102,2026-03-23T02:00:00Z/2026-03-23T03:00:00Z,112233445566,2026-03-01T00:00:00Z,2026-04-01T00:00:00Z,AWS,334455667788,Usage,2026-03-23T02:00:00Z,2026-03-23T03:00:00Z,AmazonS3,USEA-TimedStorage-ByteHrs,StandardStorage,,arn:aws:s3:::dev-scratch-bucket,54.9819,,,3.19444e-05,0.00176957,3.19444e-05,0.00176957,GB-Mo,0.023,0.00176957,Amazon Simple Storage Service,,,,,us-east-1,AmazonS3,,,,,,,,,,,,,,,,
235e1dbdb44a409f8050022e998ff97e,2026-03-23T12:00:00Z/2026-03-23T13:00:00Z,112233445566,2026-03-01T00:00:00Z,2026-04-01T00:00:00Z,AWS,334455667788,Usage,2026-03-23T12:00:00Z,2026-03-23T13:00:00Z,AmazonS3,USEA-TimedStorage-ByteHrs,StandardStorage,,arn:aws:s3:::dev-scratch-bucket,54.9841,,,3.19444e-05,0.00172808,3.19444e-05,0.00172808,GB-Mo,0.023,0.00172808,Amazon Simple Storage Service,,,,,us-east-1,AmazonS3,,,,,,,,,,,,,,,,
ef5f1474887f41b6a03f90340635e1a7,2026-03-23T22:00:00Z/2026-03-23T23:00:00Z,112233445566,2026-03-01T00:00:00Z,2026-04-01T00:00:00Z,AWS,334455667788,Usage,2026-03-23T22:00:00Z,2026-03-23T23:00:00Z,AmazonS3,USEA-TimedStorage-ByteHrs,StandardStorage,,arn:aws:s3:::dev-scratch-bucket,54.9788,,,3.19444e-05,0.00177411,3.19444e-05,0.00177411,GB-Mo,0.023,0.00177411,Amazon Simple Storage Service,,,,,us-east-1,AmazonS3,,,,,,,,,,,,,,,,
fe1a8355b095488f92d483a87e814100,2026-03-24T08:00:00Z/2026-03-24T09:00:00Z,112233445566,2026-03-01T00:00:00Z,2026-04-01T00:00:00Z,AWS,334455667788,Usage,2026-03-24T08:00:00Z,2026-03-24T09:00:00Z,AmazonS3,USEA-TimedStorage-ByteHrs,StandardStorage,,arn:aws:s3:::dev-scratch-bucket,54.9814,,,3.19444e-05,0.00177719,3.19444e-05,0.00177719,GB-Mo,0.023,0.00177719,Amazon Simple Storage Service,,,,,us-east-1,AmazonS3,,,,,,,,,,,,,,,,
912e8b4441774e1cbd799907e7a617c1,2026-03-24T18:00:00Z/2026-03-24T19:00:00Z,112233445566,2026-03-01T00:00:00Z,2026-04-01T00:00:00Z,AWS,334455667788,Usage,2026-03-24T18:00:00Z,2026-03-24T19:00:00Z,AmazonS3,USEA-TimedStorage-ByteHrs,StandardStorage,,arn:aws:s3:::dev-scratch-bucket,54.9773,,,3.19444e-05,0.00174012,3.19444e-05,0.00174012,GB-Mo,0.023,0.00174012,Amazon Simple Storage Service,,,,,us-east-1,AmazonS3,,,,,,,,,,,,,,,,
b6e62d46882b49f79a8a39f5f37c7949,2026-03-25T04:00:00Z/2026-03-25T05:00:00Z,112233445566,2026-03-01T00:00:00Z,2026-04-01T00:00:00Z,AWS,334455667788,Usage,2026-03-25T04:00:00Z,2026-03-25T05:00:00Z,AmazonS3,USEA-TimedStorage-ByteHrs,StandardStorage,,arn:aws:s3:::dev-scratch-bucket,54.9968,,,3.19444e-05,0.00178163,3.19444e-05,0.00178163,GB-Mo,0.023,0.00178163,Amazon Simple Storage Service,,,,,us-east-1,AmazonS3,,,,,,,,,,,,,,,,
900f57d1f1cf424b91a15d9429b8cd94,2026-03-25T14:00:00Z/2026-03-25T15:00:00Z,112233445566,2026-03-01T00:00:00Z,2026-04-01T00:00:00Z,AWS,334455667788,Usage,2026-03-25T14:00:00Z,2026-03-25T15:00:00Z,AmazonS3,USEA-TimedStorage-ByteHrs,StandardStorage,,arn:aws:s3:::dev-scratch-bucket,55.0092,,,3.19444e-05,0.00178269,3.19444e-05,0.00178269,GB-Mo,0.023,0.00178269,Amazon Simple Storage Service,,,,,us-east-1,AmazonS3,,,,,,,,,,,,,,,,
39c34a7c846a423c89898089167ead38,2026-03-26T00:00:00Z/2026-03-26T01:00:00Z,112233445566,2026-03-01T00:00:00Z,2026-04-01T00:00:00Z,AWS,334455667788,Usage,2026-03-26T00:00:00Z,2026-03-26T01:00:00Z,AmazonS3,USEA-TimedStorage-ByteHrs,StandardStorage,,arn:aws:s3:::dev-scratch-bucket,54.9528,,,3.19444e-05,0.00178817,3.19444e-05,0.00178817,GB-Mo,0.023,0.00178817,Amazon Simple Storage Service,,,,,us-east-1,AmazonS3,,,,,,,,,,,,,,,,
96fb62ebab654032b80d03d074f4bdee,2026-03-26T10:00:00Z/2026-03-26T11:00:00Z,112233445566,2026-03-01T00:00:00Z,2026-04-01T00:00:00Z,AWS,334455667788,Usage,2026-03-26T10:00:00Z,2026-03-26T11:00:00Z,AmazonS3,USEA-TimedStorage-ByteHrs,StandardStorage,,arn:aws:s3:::dev-scratch-bucket,55.0001,,,3.19444e-05,0.00178431,3.19444e-05,0.00178431,GB-Mo,0.023,0.00178431,Amazon Simple Storage Service,,,,,us-east-1,AmazonS3,,,,,,,,,,,,,,,,
f9ae7f8ba3014d1bba3b135f3dafba76,2026-03-26T20:00:00Z/2026-03-26T21:00:00Z,112233445566,2026-03-01T00:00:00Z,2026-04-01T00:00:00Z,AWS,334455667788,Usage,2026-03-26T20:00:00Z,2026-03-26T21:00:00Z,AmazonS3,USEA-TimedStorage-ByteHrs,StandardStorage,,arn:aws:s3:::dev-scratch-bucket,54.987,,,3.19444e-05,0.00178277,3.19444e-05,0.00178277,GB-Mo,0.023,0.00178277,Amazon Simple Storage Service,,,,,us-east-1,AmazonS3,,,,,,,,,,,,,,,,
1bab2dd7af5a4b259d2861e612c2f88f,2026-03-27T06:00:00Z/2026-03-27T07:00:00Z,112233445566,2026-03-01T00:00:00Z,2026-04-01T00:00:00Z,AWS,334455667788,Usage,2026-03-27T06:00:00Z,2026-03-27T07:00:00Z,AmazonS3,USEA-TimedStorage-ByteHrs,StandardStorage,,arn:aws:s3:::dev-scratch-bucket,54.9509,,,3.19444e-05,0.00174277,3.19444e-05,0.00174277,GB-Mo,0.023,0.00174277,Amazon Simple Storage Service,,,,,us-east-1,AmazonS3,,,,,,,,,,,,,,,,
f832b9c8e9dd4102b95430b2198b2edb,2026-03-27T16:00:00Z/2026-03-27T17:00:00Z,112233445566,2026-03-01T00:00:00Z,2026-04-01T00:00:00Z,AWS,334455667788,Usage,2026-03-27T16:00:00Z,2026-03-27T17:00:00Z,AmazonS3,USEA-TimedStorage-ByteHrs,StandardStorage,,arn:aws:s3:::dev-scratch-bucket,54.9601,,,3.19444e-05,0.00178184,3.19444e-05,0.00178184,GB-Mo,0.023,0.00178184,Amazon Simple Storage Service,,,,,us-east-1,AmazonS3,,,,,,,,,,,,,,,,
bd5eb50609904b138f57de5413348b3b,2026-03-28T02:00:00Z/2026-03-28T03:00:00Z,112233445566,2026-03-01T00:00:00Z,2026-04-01T00:00:00Z,AWS,334455667788,Usage,2026-03-28T02:00:00Z,2026-03-28T03:00:00Z,AmazonS3,USEA-TimedStorage-ByteHrs,StandardStorage,,arn:aws:s3:::dev-scratch-bucket,54.99,,,3.19444e-05,0.00173588,3.19444e-05,0.00173588,GB-Mo,0.023,0.00173588,Amazon Simple Storage Service,,,,,us-east-1,AmazonS3,,,,,,,,,,,,,,,,
21b0f15c39a64e88be2d0184988c4849,2026-03-28T12:00:00Z/2026-03-28T13:00:00Z,112233445566,2026-03-01T00:00:00Z,2026-04-01T00:00:00Z,AWS,334455667788,Usage,2026-03-28T12:00:00Z,2026-03-28T13:00:00Z,AmazonS3,USEA-TimedStorage-ByteHrs,StandardStorage,,arn:aws:s3:::dev-scratch-bucket,55.0447,,,3.19444e-05,0.00176182,3.19444e-05,0.00176182,GB-Mo,0.023,0.00176182,Amazon Simple Storage Service,,,,,us-east-1,AmazonS3,,,,,,,,,,,,,,,,
5c47f5cb12e04e9bbc37558e43751fbf,2026-03-28T22:00:00Z/2026-03-28T23:00:00Z,112233445566,2026-03-01T00:00:00Z,2026-04-01T00:00:00Z,AWS,334455667788,Usage,2026-03-28T22:00:00Z,2026-03-28T23:00:00Z,AmazonS3,USEA-TimedStorage-ByteHrs,StandardStorage,,arn:aws:s3:::dev-scratch-bucket,54.9798,,,3.19444e-05,0.00175396,3.19444e-05,0.00175396,GB-Mo,0.023,0.00175396,Amazon Simple Storage Service,,,,,us-east-1,AmazonS3,,,,,,,,,,,,,,,,
9edd990791e944629e87b456308f45f6,2026-03-29T08:00:00Z/2026-03-29T09:00:00Z,112233445566,2026-03-01T00:00:00Z,2026-04-01T00:00:00Z,AWS,334455667788,Usage,2026-03-29T08:00:00Z,2026-03-29T09:00:00Z,AmazonS3,USEA-TimedStorage-ByteHrs,StandardStorage,,arn:aws:s3:::dev-scratch-bucket,55.0307,,,3.19444e-05,0.0017721,3.19444e-05,0.0017721,GB-Mo,0.023,0.0017721,Amazon Simple Storage Service,,,,,us-east-1,AmazonS3,,,,,,,,,,,,,,,,
dd037a93454447f1909218134675e546,2026-03-29T18:00:00Z/2026-03-29T19:00:00Z,112233445566,2026-03-01T00:00:00Z,2026-04-01T00:00:00Z,AWS,334455667788,Usage,2026-03-29T18:00:00Z,2026-03-29T19:00:00Z,AmazonS3,USEA-TimedStorage-ByteHrs,StandardStorage,,arn:aws:s3:::dev-scratch-bucket,55.0144,,,3.19444e-05,0.00175607,3.19444e-05,0.00175607,GB-Mo,0.023,0.00175607,Amazon Simple Storage Service,,,,,us-east-1,AmazonS3,,,,,,,,,,,,,,,,
eb17eab736f249c8affa4b1aaa881d3c,2026-03-30T04:00:00Z/2026-03-30T05:00:00Z,112233445566,2026-03-01T00:00:00Z,2026-04-01T00:00:00Z,AWS,334455667788,Usage,2026-03-30T04:00:00Z,2026-03-30T05:00:00Z,AmazonS3,USEA-TimedStorage-ByteHrs,StandardStorage,,arn:aws:s3:::dev-scratch-bucket,55.0148,,,3.19444e-05,0.00173423,3.19444e-05,0.00173423,GB-Mo,0.023,0.00173423,Amazon Simple Storage Service,,,,,us-east-1,AmazonS3,,,,,,,,,,,,,,,,
2b978d7e673f4851909fefdeed7af495,2026-03-30T14:00:00Z/2026-03-30T15:00:00Z,112233445566,2026-03-01T00:00:00Z,2026-04-01T00:00:00Z,AWS,334455667788,Usage,2026-03-30T14:00:00Z,2026-03-30T15:00:00Z,AmazonS3,USEA-TimedStorage-ByteHrs,StandardStorage,,arn:aws:s3:::dev-scratch-bucket,54.9751,,,3.19444e-05,0.00172214,3.19444e-05,0.00172214,GB-Mo,0.023,0.00172214,Amazon Simple Storage Service,,,,,us-east-1,AmazonS3,,,,,,,,,,,,,,,,
6687e579f4334a658dcd932ca04aca6a,2026-03-01T00:00:00Z/2026-03-01T01:00:00Z,112233445566,2026-03-01T00:00:00Z,2026-04-01T00:00:00Z,AWS,112233445566,Usage,2026-03-01T00:00:00Z,2026-03-01T01:00:00Z,AmazonVPC,USE1-NatGateway-Hours,NatGateway,,arn:aws:ec2:us-east-1:112233445566:natgateway/nat-8b72e15db34843f4b,1.0,,,0.045,0.04547,0.045,0.04547,Hrs,0.045,0.04547,Amazon Virtual Private Cloud,,,,,us-east-1,AmazonVPC,,,,,,,,,,,,,,,,
46ce077aac3d477aad81ca51f7eb5afe,2026-03-01T10:00:00Z/2026-03-01T11:00:00Z,112233445566,2026-03-01T00:00:00Z,2026-04-01T00:00:00Z,AWS,112233445566,Usage,2026-03-01T10:00:00Z,2026-03-01T11:00:00Z,AmazonVPC,USE1-NatGateway-Hours,NatGateway,,arn:aws:ec2:us-east-1:112233445566:natgateway/nat-8b72e15db34843f4b,1.0,,,0.045,0.044403,0.045,0.044403,Hrs,0.045,0.044403,Amazon Virtual Private Cloud,,,,,us-east-1,AmazonVPC,,,,,,,,,,,,,,,,
3f3d80b6ddbb4832acb2e9780a5a4b0f,2026-03-01T20:00:00Z/2026-03-01T21:00:00Z,112233445566,2026-03-01T00:00:00Z,2026-04-01T00:00:00Z,AWS,112233445566,Usage,2026-03-01T20:00:00Z,2026-03-01T21:00:00Z,AmazonVPC,USE1-NatGateway-Hours,NatGateway,,arn:aws:ec2:us-east-1:112233445566:natgateway/nat-8b72e15db34843f4b,1.0,,,0.045,0.045476,0.045,0.045476,Hrs,0.045,0.045476,Amazon Virtual Private Cloud,,,,,us-east-1,AmazonVPC,,,,,,,,,,,,,,,,
6c08ed40d96d40518557df63285bb509,2026-03-02T06:00:00Z/2026-03-02T07:00:00Z,112233445566,2026-03-01T00:00:00Z,2026-04-01T00:00:00Z,AWS,112233445566,Usage,2026-03-02T06:00:00Z,2026-03-02T07:00:00Z,AmazonVPC,USE1-NatGateway-Hours,NatGateway,,arn:aws:ec2:us-east-1:112233445566:natgateway/nat-8b72e15db34843f4b,1.0,,,0.045,0.044981,0.045,0.044981,Hrs,0.045,0.044981,Amazon Virtual Private Cloud,,,,,us-east-1,AmazonVPC,,,,,,,,,,,,,,,,
f4a24585efba44f089b50a41cdc1e6a4,2026-03-02T16:00:00Z/2026-03-02T17:00:00Z,112233445566,2026-03-01T00:00:00Z,2026-04-01T00:00:00Z,AWS,112233445566,Usage,2026-03-02T16:00:00Z,2026-03-02T17:00:00Z,AmazonVPC,USE1-NatGateway-Hours,NatGateway,,arn:aws:ec2:us-east-1:112233445566:natgateway/nat-8b72e15db34843f4b,1.0,,,0.045,0.045474,0.045,0.045474,Hrs,0.045,0.045474,Amazon Virtual Private Cloud,,,,,us-east-1,AmazonVPC,,,,,,,,,,,,,,,,
582b05da1be1432c934e897f217ec8ed,2026-03-03T02:00:00Z/2026-03-03T03:00:00Z,112233445566,2026-03-01T00:00:00Z,2026-04-01T00:00:00Z,AWS,112233445566,Usage,2026-03-03T02:00:00Z,2026-03-03T03:00:00Z,AmazonVPC,USE1-NatGateway-Hours,NatGateway,,arn:aws:ec2:us-east-1:112233445566:natgateway/nat-8b72e15db34843f4b,1.0,,,0.045,0.044258,0.045,0.044258,Hrs,0.045,0.044258,Amazon Virtual Private Cloud,,,,,us-east-1,AmazonVPC,,,,,,,,,,,,,,,,
99e0ba8ededa436a96583fda8855de90,2026-03-03T12:00:00Z/2026-03-03T13:00:00Z,112233445566,2026-03-01T00:00:00Z,2026-04-01T00:00:00Z,AWS,112233445566,Usage,2026-03-03T12:00:00Z,2026-03-03T13:00:00Z,AmazonVPC,USE1-NatGateway-Hours,NatGateway,,arn:aws:ec2:us-east-1:112233445566:natgateway/nat-8b72e15db34843f4b,1.0,,,0.045,0.045206,0.045,0.045206,Hrs,0.045,0.045206,Amazon Virtual Private Cloud,,,,,us-east-1,AmazonVPC,,,,,,,,,,,,,,,,
4e75837939c4401cb3697e32618a7bba,2026-03-03T22:00:00Z/2026-03-03T23:00:00Z,112233445566,2026-03-01T00:00:00Z,2026-04-01T00:00:00Z,AWS,112233445566,Usage,2026-03-03T22:00:00Z,2026-03-03T23:00:00Z,AmazonVPC,USE1-NatGateway-Hours,NatGateway,,arn:aws:ec2:us-east-1:112233445566:natgateway/nat-8b72e15db34843f4b,1.0,,,0.045,0.04524,0.045,0.04524,Hrs,0.045,0.04524,Amazon Virtual Private Cloud,,,,,us-east-1,AmazonVPC,,,,,,,,,,,,,,,,
b81b76aedbf343c7a887714aa3473fc0,2026-03-04T08:00:00Z/2026-03-04T09:00:00Z,112233445566,2026-03-01T00:00:00Z,2026-04-01T00:00:00Z,AWS,112233445566,Usage,2026-03-04T08:00:00Z,2026-03-04T09:00:00Z,AmazonVPC,USE1-NatGateway-Hours,NatGateway,,arn:aws:ec2:us-east-1:112233445566:natgateway/nat-8b72e15db34843f4b,1.0,,,0.045,0.044826,0.045,0.044826,Hrs,0.045,0.044826,Amazon Virtual Private Cloud,,,,,us-east-1,AmazonVPC,,,,,,,,,,,,,,,,
13680cd0d05c4425918db884b27aebfd,2026-03-04T18:00:00Z/2026-03-04T19:00:00Z,112233445566,2026-03-01T00:00:00Z,2026-04-01T00:00:00Z,AWS,112233445566,Usage,2026-03-04T18:00:00Z,2026-03-04T19:00:00Z,AmazonVPC,USE1-NatGateway-Hours,NatGateway,,arn:aws:ec2:us-east-1:112233445566:natgateway/nat-8b72e15db34843f4b,1.0,,,0.045,0.045838,0.045,0.045838,Hrs,0.045,0.045838,Amazon Virtual Private Cloud,,,,,us-east-1,AmazonVPC,,,,,,,,,,,,,,,,
bf2c9b853b14446db6659c6d18b7d8b9,2026-03-05T04:00:00Z/2026-03-05T05:00:00Z,112233445566,2026-03-01T00:00:00Z,2026-04-01T00:00:00Z,AWS,112233445566,Usage,2026-03-05T04:00:00Z,2026-03-05T05:00:00Z,AmazonVPC,USE1-NatGateway-Hours,NatGateway,,arn:aws:ec2:us-east-1:112233445566:natgateway/nat-8b72e15db34843f4b,1.0,,,0.045,0.04479,0.045,0.04479,Hrs,0.045,0.04479,Amazon Virtual Private Cloud,,,,,us-east-1,AmazonVPC,,,,,,,,,,,,,,,,
06e338ae33b543f6915fd2b486ea0c53,2026-03-05T14:00:00Z/2026-03-05T15:00:00Z,112233445566,2026-03-01T00:00:00Z,2026-04-01T00:00:00Z,AWS,112233445566,Usage,2026-03-05T14:00:00Z,2026-03-05T15:00:00Z,AmazonVPC,USE1-NatGateway-Hours,NatGateway,,arn:aws:ec2:us-east-1:112233445566:natgateway/nat-8b72e15db34843f4b,1.0,,,0.045,0.044168,0.045,0.044168,Hrs,0.045,0.044168,Amazon Virtual Private Cloud,,,,,us-east-1,AmazonVPC,,,,,,,,,,,,,,,,
f740b3ab7c8045a68a41fbbf4c460a2f,2026-03-06T00:00:00Z/2026-03-06T01:00:00Z,112233445566,2026-03-01T00:00:00Z,2026-04-01T00:00:00Z,AWS,112233445566,Usage,2026-03-06T00:00:00Z,2026-03-06T01:00:00Z,AmazonVPC,USE1-NatGateway-Hours,NatGateway,,arn:aws:ec2:us-east-1:112233445566:natgateway/nat-8b72e15db34843f4b,1.0,,,0.045,0.044459,0.045,0.044459,Hrs,0.045,0.044459,Amazon Virtual Private Cloud,,,,,us-east-1,AmazonVPC,,,,,,,,,,,,,,,,
7b53580bb01b4786bfe4c0fed1942dfe,2026-03-06T10:00:00Z/2026-03-06T11:00:00Z,112233445566,2026-03-01T00:00:00Z,2026-04-01T00:00:00Z,AWS,112233445566,Usage,2026-03-06T10:00:00Z,2026-03-06T11:00:00Z,AmazonVPC,USE1-NatGateway-Hours,NatGateway,,arn:aws:ec2:us-east-1:112233445566:natgateway/nat-8b72e15db34843f4b,1.0,,,0.045,0.044772,0.045,0.044772,Hrs,0.045,0.044772,Amazon Virtual Private Cloud,,,,,us-east-1,AmazonVPC,,,,,,,,,,,,,,,,
18cd59ccfd1f448aa7b1dc479eb482bc,2026-03-06T20:00:00Z/2026-03-06T21:00:00Z,112233445566,2026-03-01T00:00:00Z,2026-04-01T00:00:00Z,AWS,112233445566,Usage,2026-03-06T20:00:00Z,2026-03-06T21:00:00Z,AmazonVPC,USE1-NatGateway-Hours,NatGateway,,arn:aws:ec2:us-east-1:112233445566:natgateway/nat-8b72e15db34843f4b,1.0,,,0.045,0.044125,0.045,0.044125,Hrs,0.045,0.044125,Amazon Virtual Private Cloud,,,,,us-east-1,AmazonVPC,,,,,,,,,,,,,,,,
b0ba2f8631e841e99ae6fa888dc84256,2026-03-07T06:00:00Z/2026-03-07T07:00:00Z,112233445566,2026-03-01T00:00:00Z,2026-04-01T00:00:00Z,AWS,112233445566,Usage,2026-03-07T06:00:00Z,2026-03-07T07:00:00Z,AmazonVPC,USE1-NatGateway-Hours,NatGateway,,arn:aws:ec2:us-east-1:112233445566:natgateway/nat-8b72e15db34843f4b,1.0,,,0.045,0.04468,0.045,0.04468,Hrs,0.045,0.04468,Amazon Virtual Private Cloud,,,,,us-east-1,AmazonVPC,,,,,,,,,,,,,,,,
30f87e3a878248e9a75394071d273d20,2026-03-07T16:00:00Z/2026-03-07T17:00:00Z,112233445566,2026-03-01T00:00:00Z,2026-04-01T00:00:00Z,AWS,112233445566,Usage,2026-03-07T16:00:00Z,2026-03-07T17:00:00Z,AmazonVPC,USE1-NatGateway-Hours,NatGateway,,arn:aws:ec2:us-east-1:112233445566:natgateway/nat-8b72e15db34843f4b,1.0,,,0.045,0.0456,0.045,0.0456,Hrs,0.045,0.0456,Amazon Virtual Private Cloud,,,,,us-east-1,AmazonVPC,,,,,,,,,,,,,,,,
2e5015844ae34d5ab34d8beb4378968a,2026-03-08T02:00:00Z/2026-03-08T03:00:00Z,112233445566,2026-03-01T00:00:00Z,2026-04-01T00:00:00Z,AWS,112233445566,Usage,2026-03-08T02:00:00Z,2026-03-08T03:00:00Z,AmazonVPC,USE1-NatGateway-Hours,NatGateway,,arn:aws:ec2:us-east-1:112233445566:natgateway/nat-8b72e15db34843f4b,1.0,,,0.045,0.044443,0.045,0.044443,Hrs,0.045,0.044443,Amazon Virtual Private Cloud,,,,,us-east-1,AmazonVPC,,,,,,,,,,,,,,,,
ab40c2024ceb4d9096c71e4163aa2252,2026-03-08T12:00:00Z/2026-03-08T13:00:00Z,112233445566,2026-03-01T00:00:00Z,2026-04-01T00:00:00Z,AWS,112233445566,Usage,2026-03-08T12:00:00Z,2026-03-08T13:00:00Z,AmazonVPC,USE1-NatGateway-Hours,NatGateway,,arn:aws:ec2:us-east-1:112233445566:natgateway/nat-8b72e15db34843f4b,1.0,,,0.045,0.045318,0.045,0.045318,Hrs,0.045,0.045318,Amazon Virtual Private Cloud,,,,,us-east-1,AmazonVPC,,,,,,,,,,,,,,,,
caa51e66bb6d473e86e3ca6177362e3d,2026-03-08T22:00:00Z/2026-03-08T23:00:00Z,112233445566,2026-03-01T00:00:00Z,2026-04-01T00:00:00Z,AWS,112233445566,Usage,2026-03-08T22:00:00Z,2026-03-08T23:00:00Z,AmazonVPC,USE1-NatGateway-Hours,NatGateway,,arn:aws:ec2:us-east-1:112233445566:natgateway/nat-8b72e15db34843f4b,1.0,,,0.045,0.045228,0.045,0.045228,Hrs,0.045,0.045228,Amazon Virtual Private Cloud,,,,,us-east-1,AmazonVPC,,,,,,,,,,,,,,,,
44392874115f42698ee52fbb8b08800d,2026-03-09T08:00:00Z/2026-03-09T09:00:00Z,112233445566,2026-03-01T00:00:00Z,2026-04-01T00:00:00Z,AWS,112233445566,Usage,2026-03-09T08:00:00Z,2026-03-09T09:00:00Z,AmazonVPC,USE1-NatGateway-Hours,NatGateway,,arn:aws:ec2:us-east-1:112233445566:natgateway/nat-8b72e15db34843f4b,1.0,,,0.045,0.044548,0.045,0.044548,Hrs,0.045,0.044548,Amazon Virtual Private Cloud,,,,,us-east-1,AmazonVPC,,,,,,,,,,,,,,,,
05867f90c90c4f0ebd9dd19b5602d40f,2026-03-09T18:00:00Z/2026-03-09T19:00:00Z,112233445566,2026-03-01T00:00:00Z,2026-04-01T00:00:00Z,AWS,112233445566,Usage,2026-03-09T18:00:00Z,2026-03-09T19:00:00Z,AmazonVPC,USE1-NatGateway-Hours,NatGateway,,arn:aws:ec2:us-east-1:112233445566:natgateway/nat-8b72e15db34843f4b,1.0,,,0.045,0.045348,0.045,0.045348,Hrs,0.045,0.045348,Amazon Virtual Private Cloud,,,,,us-east-1,AmazonVPC,,,,,,,,,,,,,,,,
c8dfd13730584d4db65d5900d3daa846,2026-03-10T04:00:00Z/2026-03-10T05:00:00Z,112233445566,2026-03-01T00:00:00Z,2026-04-01T00:00:00Z,AWS,112233445566,Usage,2026-03-10T04:00:00Z,2026-03-10T05:00:00Z,AmazonVPC,USE1-NatGateway-Hours,NatGateway,,arn:aws:ec2:us-east-1:112233445566:natgateway/nat-8b72e15db34843f4b,1.0,,,0.045,0.04472,0.045,0.04472,Hrs,0.045,0.04472,Amazon Virtual Private Cloud,,,,,us-east-1,AmazonVPC,,,,,,,,,,,,,,,,
10a71000bb6d419ab22c0175f24acc24,2026-03-10T14:00:00Z/2026-03-10T15:00:00Z,112233445566,2026-03-01T00:00:00Z,2026-04-01T00:00:00Z,AWS,112233445566,Usage,2026-03-10T14:00:00Z,2026-03-10T15:00:00Z,AmazonVPC,USE1-NatGateway-Hours,NatGateway,,arn:aws:ec2:us-east-1:112233445566:natgateway/nat-8b72e15db34843f4b,1.0,,,0.045,0.044332,0.045,0.044332,Hrs,0.045,0.044332,Amazon Virtual Private Cloud,,,,,us-east-1,AmazonVPC,,,,,,,,,,,,,,,,
5bf23f87dcc0470393509bd6910e33d9,2026-03-11T00:00:00Z/2026-03-11T01:00:00Z,112233445566,2026-03-01T00:00:00Z,2026-04-01T00:00:00Z,AWS,112233445566,Usage,2026-03-11T00:00:00Z,2026-03-11T01:00:00Z,AmazonVPC,USE1-NatGateway-Hours,NatGateway,,arn:aws:ec2:us-east-1:112233445566:natgateway/nat-8b72e15db34843f4b,1.0,,,0.045,0.04479,0.045,0.04479,Hrs,0.045,0.04479,Amazon Virtual Private Cloud,,,,,us-east-1,AmazonVPC,,,,,,,,,,,,,,,,
75511bf6f3804b7899307b3a7fb66e5e,2026-03-11T10:00:00Z/2026-03-11T11:00:00Z,112233445566,2026-03-01T00:00:00Z,2026-04-01T00:00:00Z,AWS,112233445566,Usage,2026-03-11T10:00:00Z,2026-03-11T11:00:00Z,AmazonVPC,USE1-NatGateway-Hours,NatGateway,,arn:aws:ec2:us-east-1:112233445566:natgateway/nat-8b72e15db34843f4b,1.0,,,0.045,0.04516,0.045,0.04516,Hrs,0.045,0.04516,Amazon Virtual Private Cloud,,,,,us-east-1,AmazonVPC,,,,,,,,,,,,,,,,
45e8b5eda91a409b8a7e7d24375ea879,2026-03-11T20:00:00Z/2026-03-11T21:00:00Z,112233445566,2026-03-01T00:00:00Z,2026-04-01T00:00:00Z,AWS,112233445566,Usage,2026-03-11T20:00:00Z,2026-03-11T21:00:00Z,AmazonVPC,USE1-NatGateway-Hours,NatGateway,,arn:aws:ec2:us-east-1:112233445566:natgateway/nat-8b72e15db34843f4b,1.0,,,0.045,0.044401,0.045,0.044401,Hrs,0.045,0.044401,Amazon Virtual Private Cloud,,,,,us-east-1,AmazonVPC,,,,,,,,,,,,,,,,
5d033f9bfe094775ab30bb5584e16c96,2026-03-12T06:00:00Z/2026-03-12T07:00:00Z,112233445566,2026-03-01T00:00:00Z,2026-04-01T00:00:00Z,AWS,112233445566,Usage,2026-03-12T06:00:00Z,2026-03-12T07:00:00Z,AmazonVPC,USE1-NatGateway-Hours,NatGateway,,arn:aws:ec2:us-east-1:112233445566:natgateway/nat-8b72e15db34843f4b,1.0,,,0.045,0.045583,0.045,0.045583,Hrs,0.045,0.045583,Amazon Virtual Private Cloud,,,,,us-east-1,AmazonVPC,,,,,,,,,,,,,,,,
7d9e59aaca1a42ca8c00a5b05210156b,2026-03-12T16:00:00Z/2026-03-12T17:00:00Z,112233445566,2026-03-01T00:00:00Z,2026-04-01T00:00:00Z,AWS,112233445566,Usage,2026-03-12T16:00:00Z,2026-03-12T17:00:00Z,AmazonVPC,USE1-NatGateway-Hours,NatGateway,,arn:aws:ec2:us-east-1:112233445566:natgateway/nat-8b72e15db34843f4b,1.0,,,0.045,0.044637,0.045,0.044637,Hrs,0.045,0.044637,Amazon Virtual Private Cloud,,,,,us-east-1,AmazonVPC,,,,,,,,,,,,,,,,
2532eacc5d4645efba76138356e02ddf,2026-03-13T02:00:00Z/2026-03-13T03:00:00Z,112233445566,2026-03-01T00:00:00Z,2026-04-01T00:00:00Z,AWS,112233445566,Usage,2026-03-13T02:00:00Z,2026-03-13T03:00:00Z,AmazonVPC,USE1-NatGateway-Hours,NatGateway,,arn:aws:ec2:us-east-1:112233445566:natgateway/nat-8b72e15db34843f4b,1.0,,,0.045,0.044623,0.045,0.044623,Hrs,0.045,0.044623,Amazon Virtual Private Cloud,,,,,us-east-1,AmazonVPC,,,,,,,,,,,,,,,,
4453807d17544d0cb69ba48317c92021,2026-03-13T12:00:00Z/2026-03-13T13:00:00Z,112233445566,2026-03-01T00:00:00Z,2026-04-01T00:00:00Z,AWS,112233445566,Usage,2026-03-13T12:00:00Z,2026-03-13T13:00:00Z,AmazonVPC,USE1-NatGateway-Hours,NatGateway,,arn:aws:ec2:us-east-1:112233445566:natgateway/nat-8b72e15db34843f4b,1.0,,,0.045,0.04541,0.045,0.04541,Hrs,0.045,0.04541,Amazon Virtual Private Cloud,,,,,us-east-1,AmazonVPC,,,,,,,,,,,,,,,,
ab2c3eb7819345a68fc90b26a5d67912,2026-03-13T22:00:00Z/2026-03-13T23:00:00Z,112233445566,2026-03-01T00:00:00Z,2026-04-01T00:00:00Z,AWS,112233445566,Usage,2026-03-13T22:00:00Z,2026-03-13T23:00:00Z,AmazonVPC,USE1-NatGateway-Hours,NatGateway,,arn:aws:ec2:us-east-1:112233445566:natgateway/nat-8b72e15db34843f4b,1.0,,,0.045,0.045173,0.045,0.045173,Hrs,0.045,0.045173,Amazon Virtual Private Cloud,,,,,us-east-1,AmazonVPC,,,,,,,,,,,,,,,,
dd9e6922ccf242b787436aa36e284d9f,2026-03-14T08:00:00Z/2026-03-14T09:00:00Z,112233445566,2026-03-01T00:00:00Z,2026-04-01T00:00:00Z,AWS,112233445566,Usage,2026-03-14T08:00:00Z,2026-03-14T09:00:00Z,AmazonVPC,USE1-NatGateway-Hours,NatGateway,,arn:aws:ec2:us-east-1:112233445566:natgateway/nat-8b72e15db34843f4b,1.0,,,0.045,0.044708,0.045,0.044708,Hrs,0.045,0.044708,Amazon Virtual Private Cloud,,,,,us-east-1,AmazonVPC,,,,,,,,,,,,,,,,
0c0e867b10224f68bb706974239084a5,2026-03-14T18:00:00Z/2026-03-14T19:00:00Z,112233445566,2026-03-01T00:00:00Z,2026-04-01T00:00:00Z,AWS,112233445566,Usage,2026-03-14T18:00:00Z,2026-03-14T19:00:00Z,AmazonVPC,USE1-NatGateway-Hours,NatGateway,,arn:aws:ec2:us-east-1:112233445566:natgateway/nat-8b72e15db34843f4b,1.0,,,0.045,0.045698,0.045,0.045698,Hrs,0.045,0.045698,Amazon Virtual Private Cloud,,,,,us-east-1,AmazonVPC,,,,,,,,,,,,,,,,
5aeaf9535f984f9b901a10499c0e62fc,2026-03-15T04:00:00Z/2026-03-15T05:00:00Z,112233445566,2026-03-01T00:00:00Z,2026-04-01T00:00:00Z,AWS,112233445566,Usage,2026-03-15T04:00:00Z,2026-03-15T05:00:00Z,AmazonVPC,USE1-NatGateway-Hours,NatGateway,,arn:aws:ec2:us-east-1:112233445566:natgateway/nat-8b72e15db34843f4b,1.0,,,0.045,0.045892,0.045,0.045892,Hrs,0.045,0.045892,Amazon Virtual Private Cloud,,,,,us-east-1,AmazonVPC,,,,,,,,,,,,,,,,
91dffccd36154075a81bfd1c95dc9167,2026-03-15T14:00:00Z/2026-03-15T15:00:00Z,112233445566,2026-03-01T00:00:00Z,2026-04-01T00:00:00Z,AWS,112233445566,Usage,2026-03-15T14:00:00Z,2026-03-15T15:00:00Z,AmazonVPC,USE1-NatGateway-Hours,NatGateway,,arn:aws:ec2:us-east-1:112233445566:natgateway/nat-8b72e15db34843f4b,1.0,,,0.045,0.044717,0.045,0.044717,Hrs,0.045,0.044717,Amazon Virtual Private Cloud,,,,,us-east-1,AmazonVPC,,,,,,,,,,,,,,,,
62696348ffd24c718833232b5fef0eeb,2026-03-16T00:00:00Z/2026-03-16T01:00:00Z,112233445566,2026-03-01T00:00:00Z,2026-04-01T00:00:00Z,AWS,112233445566,Usage,2026-03-16T00:00:00Z,2026-03-16T01:00:00Z,AmazonVPC,USE1-NatGateway-Hours,NatGateway,,arn:aws:ec2:us-east-1:112233445566:natgateway/nat-8b72e15db34843f4b,1.0,,,0.045,0.045722,0.045,0.045722,Hrs,0.045,0.045722,Amazon Virtual Private Cloud,,,,,us-east-1,AmazonVPC,,,,,,,,,,,,,,,,
ac0fc763e69c46cdae3d2b78c666e531,2026-03-16T10:00:00Z/2026-03-16T11:00:00Z,112233445566,2026-03-01T00:00:00Z,2026-04-01T00:00:00Z,AWS,112233445566,Usage,2026-03-16T10:00:00Z,2026-03-16T11:00:00Z,AmazonVPC,USE1-NatGateway-Hours,NatGateway,,arn:aws:ec2:us-east-1:112233445566:natgateway/nat-8b72e15db34843f4b,1.0,,,0.045,0.044747,0.045,0.044747,Hrs,0.045,0.044747,Amazon Virtual Private Cloud,,,,,us-east-1,AmazonVPC,,,,,,,,,,,,,,,,
8ea39970c2f84c158728f803220c9161,2026-03-16T20:00:00Z/2026-03-16T21:00:00Z,112233445566,2026-03-01T00:00:00Z,2026-04-01T00:00:00Z,AWS,112233445566,Usage,2026-03-16T20:00:00Z,2026-03-16T21:00:00Z,AmazonVPC,USE1-NatGateway-Hours,NatGateway,,arn:aws:ec2:us-east-1:112233445566:natgateway/nat-8b72e15db34843f4b,1.0,,,0.045,0.044439,0.045,0.044439,Hrs,0.045,0.044439,Amazon Virtual Private Cloud,,,,,us-east-1,AmazonVPC,,,,,,,,,,,,,,,,
aac660f867794af48a093cc9816163eb,2026-03-17T06:00:00Z/2026-03-17T07:00:00Z,112233445566,2026-03-01T00:00:00Z,2026-04-01T00:00:00Z,AWS,112233445566,Usage,2026-03-17T06:00:00Z,2026-03-17T07:00:00Z,AmazonVPC,USE1-NatGateway-Hours,NatGateway,,arn:aws:ec2:us-east-1:112233445566:natgateway/nat-8b72e15db34843f4b,1.0,,,0.045,0.045807,0.045,0.045807,Hrs,0.045,0.045807,Amazon Virtual Private Cloud,,,,,us-east-1,AmazonVPC,,,,,,,,,,,,,,,,
da116f91ba204b79b487481080716b30,2026-03-17T16:00:00Z/2026-03-17T17:00:00Z,112233445566,2026-03-01T00:00:00Z,2026-04-01T00:00:00Z,AWS,112233445566,Usage,2026-03-17T16:00:00Z,2026-03-17T17:00:00Z,AmazonVPC,USE1-NatGateway-Hours,NatGateway,,arn:aws:ec2:us-east-1:112233445566:natgateway/nat-8b72e15db34843f4b,1.0,,,0.045,0.045753,0.045,0.045753,Hrs,0.045,0.045753,Amazon Virtual Private Cloud,,,,,us-east-1,AmazonVPC,,,,,,,,,,,,,,,,
d77a7df83bae4a23bfe95500eee42690,2026-03-18T02:00:00Z/2026-03-18T03:00:00Z,112233445566,2026-03-01T00:00:00Z,2026-04-01T00:00:00Z,AWS,112233445566,Usage,2026-03-18T02:00:00Z,2026-03-18T03:00:00Z,AmazonVPC,USE1-NatGateway-Hours,NatGateway,,arn:aws:ec2:us-east-1:112233445566:natgateway/nat-8b72e15db34843f4b,1.0,,,0.045,0.044826,0.045,0.044826,Hrs,0.045,0.044826,Amazon Virtual Private Cloud,,,,,us-east-1,AmazonVPC,,,,,,,,,,,,,,,,
3c6cda026ae34cf69fb14ff1ef60d671,2026-03-18T12:00:00Z/2026-03-18T13:00:00Z,112233445566,2026-03-01T00:00:00Z,2026-04-01T00:00:00Z,AWS,112233445566,Usage,2026-03-18T12:00:00Z,2026-03-18T13:00:00Z,AmazonVPC,USE1-NatGateway-Hours,NatGateway,,arn:aws:ec2:us-east-1:112233445566:natgateway/nat-8b72e15db34843f4b,1.0,,,0.045,0.044511,0.045,0.044511,Hrs,0.045,0.044511,Amazon Virtual Private Cloud,,,,,us-east-1,AmazonVPC,,,,,,,,,,,,,,,,
8d7a02166ecf47a7ac1435b63b575ecd,2026-03-18T22:00:00Z/2026-03-18T23:00:00Z,112233445566,2026-03-01T00:00:00Z,2026-04-01T00:00:00Z,AWS,112233445566,Usage,2026-03-18T22:00:00Z,2026-03-18T23:00:00Z,AmazonVPC,USE1-NatGateway-Hours,NatGateway,,arn:aws:ec2:us-east-1:112233445566:natgateway/nat-8b72e15db34843f4b,1.0,,,0.045,0.045409,0.045,0.045409,Hrs,0.045,0.045409,Amazon Virtual Private Cloud,,,,,us-east-1,AmazonVPC,,,,,,,,,,,,,,,,
4cf477298f07473f91250c22f9a7f4c4,2026-03-19T08:00:00Z/2026-03-19T09:00:00Z,112233445566,2026-03-01T00:00:00Z,2026-04-01T00:00:00Z,AWS,112233445566,Usage,2026-03-19T08:00:00Z,2026-03-19T09:00:00Z,AmazonVPC,USE1-NatGateway-Hours,NatGateway,,arn:aws:ec2:us-east-1:112233445566:natgateway/nat-8b72e15db34843f4b,1.0,,,0.045,0.044336,0.045,0.044336,Hrs,0.045,0.044336,Amazon Virtual Private Cloud,,,,,us-east-1,AmazonVPC,,,,,,,,,,,,,,,,
5be71113c1c54c529462338adc04097f,2026-03-19T18:00:00Z/2026-03-19T19:00:00Z,112233445566,2026-03-01T00:00:00Z,2026-04-01T00:00:00Z,AWS,112233445566,Usage,2026-03-19T18:00:00Z,2026-03-19T19:00:00Z,AmazonVPC,USE1-NatGateway-Hours,NatGateway,,arn:aws:ec2:us-east-1:112233445566:natgateway/nat-8b72e15db34843f4b,1.0,,,0.045,0.045421,0.045,0.045421,Hrs,0.045,0.045421,Amazon Virtual Private Cloud,,,,,us-east-1,AmazonVPC,,,,,,,,,,,,,,,,
43f5a5aeb42f4ce095ab90ab1f7b7ff7,2026-03-20T04:00:00Z/2026-03-20T05:00:00Z,112233445566,2026-03-01T00:00:00Z,2026-04-01T00:00:00Z,AWS,112233445566,Usage,2026-03-20T04:00:00Z,2026-03-20T05:00:00Z,AmazonVPC,USE1-NatGateway-Hours,NatGateway,,arn:aws:ec2:us-east-1:112233445566:natgateway/nat-8b72e15db34843f4b,1.0,,,0.045,0.045161,0.045,0.045161,Hrs,0.045,0.045161,Amazon Virtual Private Cloud,,,,,us-east-1,AmazonVPC,,,,,,,,,,,,,,,,
3da28a798d9b49248697a31a6c38c720,2026-03-20T14:00:00Z/2026-03-20T15:00:00Z,112233445566,2026-03-01T00:00:00Z,2026-04-01T00:00:00Z,AWS,112233445566,Usage,2026-03-20T14:00:00Z,2026-03-20T15:00:00Z,AmazonVPC,USE1-NatGateway-Hours,NatGateway,,arn:aws:ec2:us-east-1:112233445566:natgateway/nat-8b72e15db34843f4b,1.0,,,0.045,0.044404,0.045,0.044404,Hrs,0.045,0.044404,Amazon Virtual Private Cloud,,,,,us-east-1,AmazonVPC,,,,,,,,,,,,,,,,
b5cca7803b684fad9db8866a948f5525,2026-03-21T00:00:00Z/2026-03-21T01:00:00Z,112233445566,2026-03-01T00:00:00Z,2026-04-01T00:00:00Z,AWS,112233445566,Usage,2026-03-21T00:00:00Z,2026-03-21T01:00:00Z,AmazonVPC,USE1-NatGateway-Hours,NatGateway,,arn:aws:ec2:us-east-1:112233445566:natgateway/nat-8b72e15db34843f4b,1.0,,,0.045,0.04476,0.045,0.04476,Hrs,0.045,0.04476,Amazon Virtual Private Cloud,,,,,us-east-1,AmazonVPC,,,,,,,,,,,,,,,,
e914bf54495d413e8600712dba9ca035,2026-03-21T10:00:00Z/2026-03-21T11:00:00Z,112233445566,2026-03-01T00:00:00Z,2026-04-01T00:00:00Z,AWS,112233445566,Usage,2026-03-21T10:00:00Z,2026-03-21T11:00:00Z,AmazonVPC,USE1-NatGateway-Hours,NatGateway,,arn:aws:ec2:us-east-1:112233445566:natgateway/nat-8b72e15db34843f4b,1.0,,,0.045,0.045271,0.045,0.045271,Hrs,0.045,0.045271,Amazon Virtual Private Cloud,,,,,us-east-1,AmazonVPC,,,,,,,,,,,,,,,,
02d9d33bcd6d446f8ec1b7af30a3ca45,2026-03-21T20:00:00Z/2026-03-21T21:00:00Z,112233445566,2026-03-01T00:00:00Z,2026-04-01T00:00:00Z,AWS,112233445566,Usage,2026-03-21T20:00:00Z,2026-03-21T21:00:00Z,AmazonVPC,USE1-NatGateway-Hours,NatGateway,,arn:aws:ec2:us-east-1:112233445566:natgateway/nat-8b72e15db34843f4b,1.0,,,0.045,0.044167,0.045,0.044167,Hrs,0.045,0.044167,Amazon Virtual Private Cloud,,,,,us-east-1,AmazonVPC,,,,,,,,,,,,,,,,
5c6525f36d244f0987b1ace706419e91,2026-03-22T06:00:00Z/2026-03-22T07:00:00Z,112233445566,2026-03-01T00:00:00Z,2026-04-01T00:00:00Z,AWS,112233445566,Usage,2026-03-22T06:00:00Z,2026-03-22T07:00:00Z,AmazonVPC,USE1-NatGateway-Hours,NatGateway,,arn:aws:ec2:us-east-1:112233445566:natgateway/nat-8b72e15db34843f4b,1.0,,,0.045,0.045678,0.045,0.045678,Hrs,0.045,0.045678,Amazon Virtual Private Cloud,,,,,us-east-1,AmazonVPC,,,,,,,,,,,,,,,,
fae227314d864445970f85be4a20dd76,2026-03-22T16:00:00Z/2026-03-22T17:00:00Z,112233445566,2026-03-01T00:00:00Z,2026-04-01T00:00:00Z,AWS,112233445566,Usage,2026-03-22T16:00:00Z,2026-03-22T17:00:00Z,AmazonVPC,USE1-NatGateway-Hours,NatGateway,,arn:aws:ec2:us-east-1:112233445566:natgateway/nat-8b72e15db34843f4b,1.0,,,0.045,0.04456,0.045,0.04456,Hrs,0.045,0.04456,Amazon Virtual Private Cloud,,,,,us-east-1,AmazonVPC,,,,,,,,,,,,,,,,
ad09555f629c48a0bb1c2843632e6fe6,2026-03-23T02:00:00Z/2026-03-23T03:00:00Z,112233445566,2026-03-01T00:00:00Z,2026-04-01T00:00:00Z,AWS,112233445566,Usage,2026-03-23T02:00:00Z,2026-03-23T03:00:00Z,AmazonVPC,USE1-NatGateway-Hours,NatGateway,,arn:aws:ec2:us-east-1:112233445566:natgateway/nat-8b72e15db34843f4b,1.0,,,0.045,0.045063,0.045,0.045063,Hrs,0.045,0.045063,Amazon Virtual Private Cloud,,,,,us-east-1,AmazonVPC,,,,,,,,,,,,,,,,
fd38a43737cb462e826a84e94e9d0fc8,2026-03-23T12:00:00Z/2026-03-23T13:00:00Z,112233445566,2026-03-01T00:00:00Z,2026-04-01T00:00:00Z,AWS,112233445566,Usage,2026-03-23T12:00:00Z,2026-03-23T13:00:00Z,AmazonVPC,USE1-NatGateway-Hours,NatGateway,,arn:aws:ec2:us-east-1:112233445566:natgateway/nat-8b72e15db34843f4b,1.0,,,0.045,0.044187,0.045,0.044187,Hrs,0.045,0.044187,Amazon Virtual Private Cloud,,,,,us-east-1,AmazonVPC,,,,,,,,,,,,,,,,
246b14aa1d5348cbac25ed928a6b62c4,2026-03-23T22:00:00Z/2026-03-23T23:00:00Z,112233445566,2026-03-01T00:00:00Z,2026-04-01T00:00:00Z,AWS,112233445566,Usage,2026-03-23T22:00:00Z,2026-03-23T23:00:00Z,AmazonVPC,USE1-NatGateway-Hours,NatGateway,,arn:aws:ec2:us-east-1:112233445566:natgateway/nat-8b72e15db34843f4b,1.0,,,0.045,0.04589,0.045,0.04589,Hrs,0.045,0.04589,Amazon Virtual Private Cloud,,,,,us-east-1,AmazonVPC,,,,,,,,,,,,,,,,
99df2421d21247df96202254fadca954,2026-03-24T08:00:00Z/2026-03-24T09:00:00Z,112233445566,2026-03-01T00:00:00Z,2026-04-01T00:00:00Z,AWS,112233445566,Usage,2026-03-24T08:00:00Z,2026-03-24T09:00:00Z,AmazonVPC,USE1-NatGateway-Hours,NatGateway,,arn:aws:ec2:us-east-1:112233445566:natgateway/nat-8b72e15db34843f4b,1.0,,,0.045,0.045292,0.045,0.045292,Hrs,0.045,0.045292,Amazon Virtual Private Cloud,,,,,us-east-1,AmazonVPC,,,,,,,,,,,,,,,,
480e5ec995ac4d9e8bac905b657fae2a,2026-03-24T18:00:00Z/2026-03-24T19:00:00Z,112233445566,2026-03-01T00:00:00Z,2026-04-01T00:00:00Z,AWS,112233445566,Usage,2026-03-24T18:00:00Z,2026-03-24T19:00:00Z,AmazonVPC,USE1-NatGateway-Hours,NatGateway,,arn:aws:ec2:us-east-1:112233445566:natgateway/nat-8b72e15db34843f4b,1.0,,,0.045,0.045276,0.045,0.045276,Hrs,0.045,0.045276,Amazon Virtual Private Cloud,,,,,us-east-1,AmazonVPC,,,,,,,,,,,,,,,,
5e19ce65df3a4bccab222016e1b21b96,2026-03-25T04:00:00Z/2026-03-25T05:00:00Z,112233445566,2026-03-01T00:00:00Z,2026-04-01T00:00:00Z,AWS,112233445566,Usage,2026-03-25T04:00:00Z,2026-03-25T05:00:00Z,AmazonVPC,USE1-NatGateway-Hours,NatGateway,,arn:aws:ec2:us-east-1:112233445566:natgateway/nat-8b72e15db34843f4b,1.0,,,0.045,0.044136,0.045,0.044136,Hrs,0.045,0.044136,Amazon Virtual Private Cloud,,,,,us-east-1,AmazonVPC,,,,,,,,,,,,,,,,
a2be819d97514a18b03ee86563143aff,2026-03-25T14:00:00Z/2026-03-25T15:00:00Z,112233445566,2026-03-01T00:00:00Z,2026-04-01T00:00:00Z,AWS,112233445566,Usage,2026-03-25T14:00:00Z,2026-03-25T15:00:00Z,AmazonVPC,USE1-NatGateway-Hours,NatGateway,,arn:aws:ec2:us-east-1:112233445566:natgateway/nat-8b72e15db34843f4b,1.0,,,0.045,0.045342,0.045,0.045342,Hrs,0.045,0.045342,Amazon Virtual Private Cloud,,,,,us-east-1,AmazonVPC,,,,,,,,,,,,,,,,
bbb9dd2eaf694f4d881d7ffeba68e53d,2026-03-26T00:00:00Z/2026-03-26T01:00:00Z,112233445566,2026-03-01T00:00:00Z,2026-04-01T00:00:00Z,AWS,112233445566,Usage,2026-03-26T00:00:00Z,2026-03-26T01:00:00Z,AmazonVPC,USE1-NatGateway-Hours,NatGateway,,arn:aws:ec2:us-east-1:112233445566:natgateway/nat-8b72e15db34843f4b,1.0,,,0.045,0.04485,0.045,0.04485,Hrs,0.045,0.04485,Amazon Virtual Private Cloud,,,,,us-east-1,AmazonVPC,,,,,,,,,,,,,,,,
352c76e3aec94f2eb85534b32dddc479,2026-03-26T10:00:00Z/2026-03-26T11:00:00Z,112233445566,2026-03-01T00:00:00Z,2026-04-01T00:00:00Z,AWS,112233445566,Usage,2026-03-26T10:00:00Z,2026-03-26T11:00:00Z,AmazonVPC,USE1-NatGateway-Hours,NatGateway,,arn:aws:ec2:us-east-1:112233445566:natgateway/nat-8b72e15db34843f4b,1.0,,,0.045,0.044784,0.045,0.044784,Hrs,0.045,0.044784,Amazon Virtual Private Cloud,,,,,us-east-1,AmazonVPC,,,,,,,,,,,,,,,,
114092cb589c449fab55da2511e49b7a,2026-03-26T20:00:00Z/2026-03-26T21:00:00Z,112233445566,2026-03-01T00:00:00Z,2026-04-01T00:00:00Z,AWS,112233445566,Usage,2026-03-26T20:00:00Z,2026-03-26T21:00:00Z,AmazonVPC,USE1-NatGateway-Hours,NatGateway,,arn:aws:ec2:us-east-1:112233445566:natgateway/nat-8b72e15db34843f4b,1.0,,,0.045,0.045085,0.045,0.045085,Hrs,0.045,0.045085,Amazon Virtual Private Cloud,,,,,us-east-1,AmazonVPC,,,,,,,,,,,,,,,,
0076b67596dd4b6a975e3d61b651d1d8,2026-03-27T06:00:00Z/2026-03-27T07:00:00Z,112233445566,2026-03-01T00:00:00Z,2026-04-01T00:00:00Z,AWS,112233445566,Usage,2026-03-27T06:00:00Z,2026-03-27T07:00:00Z,AmazonVPC,USE1-NatGateway-Hours,NatGateway,,arn:aws:ec2:us-east-1:112233445566:natgateway/nat-8b72e15db34843f4b,1.0,,,0.045,0.044954,0.045,0.044954,Hrs,0.045,0.044954,Amazon Virtual Private Cloud,,,,,us-east-1,AmazonVPC,,,,,,,,,,,,,,,,
cce3932c5072461fbcdf5153392c9432,2026-03-27T16:00:00Z/2026-03-27T17:00:00Z,112233445566,2026-03-01T00:00:00Z,2026-04-01T00:00:00Z,AWS,112233445566,Usage,2026-03-27T16:00:00Z,2026-03-27T17:00:00Z,AmazonVPC,USE1-NatGateway-Hours,NatGateway,,arn:aws:ec2:us-east-1:112233445566:natgateway/nat-8b72e15db34843f4b,1.0,,,0.045,0.044376,0.045,0.044376,Hrs,0.045,0.044376,Amazon Virtual Private Cloud,,,,,us-east-1,AmazonVPC,,,,,,,,,,,,,,,,
59f4cab7cfcb464fae5d8d9396e3ef8a,2026-03-28T02:00:00Z/2026-03-28T03:00:00Z,112233445566,2026-03-01T00:00:00Z,2026-04-01T00:00:00Z,AWS,112233445566,Usage,2026-03-28T02:00:00Z,2026-03-28T03:00:00Z,AmazonVPC,USE1-NatGateway-Hours,NatGateway,,arn:aws:ec2:us-east-1:112233445566:natgateway/nat-8b72e15db34843f4b,1.0,,,0.045,0.045351,0.045,0.045351,Hrs,0.045,0.045351,Amazon Virtual Private Cloud,,,,,us-east-1,AmazonVPC,,,,,,,,,,,,,,,,
4ba6dc684e3249b89f4f52b16ee5e06c,2026-03-28T12:00:00Z/2026-03-28T13:00:00Z,112233445566,2026-03-01T00:00:00Z,2026-04-01T00:00:00Z,AWS,112233445566,Usage,2026-03-28T12:00:00Z,2026-03-28T13:00:00Z,AmazonVPC,USE1-NatGateway-Hours,NatGateway,,arn:aws:ec2:us-east-1:112233445566:natgateway/nat-8b72e15db34843f4b,1.0,,,0.045,0.045235,0.045,0.045235,Hrs,0.045,0.045235,Amazon Virtual Private Cloud,,,,,us-east-1,AmazonVPC,,,,,,,,,,,,,,,,
fcb19d34cb6f41d195e79422747bf1cd,2026-03-28T22:00:00Z/2026-03-28T23:00:00Z,112233445566,2026-03-01T00:00:00Z,2026-04-01T00:00:00Z,AWS,112233445566,Usage,2026-03-28T22:00:00Z,2026-03-28T23:00:00Z,AmazonVPC,USE1-NatGateway-Hours,NatGateway,,arn:aws:ec2:us-east-1:112233445566:natgateway/nat-8b72e15db34843f4b,1.0,,,0.045,0.044642,0.045,0.044642,Hrs,0.045,0.044642,Amazon Virtual Private Cloud,,,,,us-east-1,AmazonVPC,,,,,,,,,,,,,,,,
bbe733e97f4a4d7f9687c6301bc77b5b,2026-03-29T08:00:00Z/2026-03-29T09:00:00Z,112233445566,2026-03-01T00:00:00Z,2026-04-01T00:00:00Z,AWS,112233445566,Usage,2026-03-29T08:00:00Z,2026-03-29T09:00:00Z,AmazonVPC,USE1-NatGateway-Hours,NatGateway,,arn:aws:ec2:us-east-1:112233445566:natgateway/nat-8b72e15db34843f4b,1.0,,,0.045,0.045291,0.045,0.045291,Hrs,0.045,0.045291,Amazon Virtual Private Cloud,,,,,us-east-1,AmazonVPC,,,,,,,,,,,,,,,,
4b8e0b8c994e43edba44f146ab0100d2,2026-03-29T18:00:00Z/2026-03-29T19:00:00Z,112233445566,2026-03-01T00:00:00Z,2026-04-01T00:00:00Z,AWS,112233445566,Usage,2026-03-29T18:00:00Z,2026-03-29T19:00:00Z,AmazonVPC,USE1-NatGateway-Hours,NatGateway,,arn:aws:ec2:us-east-1:112233445566:natgateway/nat-8b72e15db34843f4b,1.0,,,0.045,0.045292,0.045,0.045292,Hrs,0.045,0.045292,Amazon Virtual Private Cloud,,,,,us-east-1,AmazonVPC,,,,,,,,,,,,,,,,
f09c776f7fb740a68992b4ef6ee43656,2026-03-30T04:00:00Z/2026-03-30T05:00:00Z,112233445566,2026-03-01T00:00:00Z,2026-04-01T00:00:00Z,AWS,112233445566,Usage,2026-03-30T04:00:00Z,2026-03-30T05:00:00Z,AmazonVPC,USE1-NatGateway-Hours,NatGateway,,arn:aws:ec2:us-east-1:112233445566:natgateway/nat-8b72e15db34843f4b,1.0,,,0.045,0.044586,0.045,0.044586,Hrs,0.045,0.044586,Amazon Virtual Private Cloud,,,,,us-east-1,AmazonVPC,,,,,,,,,,,,,,,,
feba57b76649412489ea51ea1062e541,2026-03-30T14:00:00Z/2026-03-30T15:00:00Z,112233445566,2026-03-01T00:00:00Z,2026-04-01T00:00:00Z,AWS,112233445566,Usage,2026-03-30T14:00:00Z,2026-03-30T15:00:00Z,AmazonVPC,USE1-NatGateway-Hours,NatGateway,,arn:aws:ec2:us-east-1:112233445566:natgateway/nat-8b72e15db34843f4b,1.0,,,0.045,0.04519,0.045,0.04519,Hrs,0.045,0.04519,Amazon Virtual Private Cloud,,,,,us-east-1,AmazonVPC,,,,,,,,,,,,,,,,
cd1ec097f19a48048c6b38a49e0870a3,2026-03-01T00:00:00Z/2026-03-01T01:00:00Z,112233445566,2026-03-01T00:00:00Z,2026-04-01T00:00:00Z,AWS,112233445566,Usage,2026-03-01T00:00:00Z,2026-03-01T01:00:00Z,AmazonVPC,USE1-VPN-Usage-Hours,CreateVpnConnection,,arn:aws:ec2:us-east-1:112233445566:vpn-connection/vpn-3291d081,1.0,,,0.05,0.049274,0.05,0.049274,Hrs,0.05,0.049274,Amazon Virtual Private Cloud,,,,,us-east-1,AmazonVPC,,,,,,,,,,,,,,,,
31dd0773d3294906826b0a02ec5ac568,2026-03-01T10:00:00Z/2026-03-01T11:00:00Z,112233445566,2026-03-01T00:00:00Z,2026-04-01T00:00:00Z,AWS,112233445566,Usage,2026-03-01T10:00:00Z,2026-03-01T11:00:00Z,AmazonVPC,USE1-VPN-Usage-Hours,CreateVpnConnection,,arn:aws:ec2:us-east-1:112233445566:vpn-connection/vpn-3291d081,1.0,,,0.05,0.050661,0.05,0.050661,Hrs,0.05,0.050661,Amazon Virtual Private Cloud,,,,,us-east-1,AmazonVPC,,,,,,,,,,,,,,,,
50f7e6ae27da420fbc6a43883029e214,2026-03-01T20:00:00Z/2026-03-01T21:00:00Z,112233445566,2026-03-01T00:00:00Z,2026-04-01T00:00:00Z,AWS,112233445566,Usage,2026-03-01T20:00:00Z,2026-03-01T21:00:00Z,AmazonVPC,USE1-VPN-Usage-Hours,CreateVpnConnection,,arn:aws:ec2:us-east-1:112233445566:vpn-connection/vpn-3291d081,1.0,,,0.05,0.04921,0.05,0.04921,Hrs,0.05,0.04921,Amazon Virtual Private Cloud,,,,,us-east-1,AmazonVPC,,,,,,,,,,,,,,,,
7f36aa547af649259b8b3c94cd4e2c71,2026-03-02T06:00:00Z/2026-03-02T07:00:00Z,112233445566,2026-03-01T00:00:00Z,2026-04-01T00:00:00Z,AWS,112233445566,Usage,2026-03-02T06:00:00Z,2026-03-02T07:00:00Z,AmazonVPC,USE1-VPN-Usage-Hours,CreateVpnConnection,,arn:aws:ec2:us-east-1:112233445566:vpn-connection/vpn-3291d081,1.0,,,0.05,0.050438,0.05,0.050438,Hrs,0.05,0.050438,Amazon Virtual Private Cloud,,,,,us-east-1,AmazonVPC,,,,,,,,,,,,,,,,
80f7e54fbf674ba7862e766c4ed13647,2026-03-02T16:00:00Z/2026-03-02T17:00:00Z,112233445566,2026-03-01T00:00:00Z,2026-04-01T00:00:00Z,AWS,112233445566,Usage,2026-03-02T16:00:00Z,2026-03-02T17:00:00Z,AmazonVPC,USE1-VPN-Usage-Hours,CreateVpnConnection,,arn:aws:ec2:us-east-1:112233445566:vpn-connection/vpn-3291d081,1.0,,,0.05,0.049235,0.05,0.049235,Hrs,0.05,0.049235,Amazon Virtual Private Cloud,,,,,us-east-1,AmazonVPC,,,,,,,,,,,,,,,,
9de6540857354f4f8f6dcc4e1a404ff1,2026-03-03T02:00:00Z/2026-03-03T03:00:00Z,112233445566,2026-03-01T00:00:00Z,2026-04-01T00:00:00Z,AWS,112233445566,Usage,2026-03-03T02:00:00Z,2026-03-03T03:00:00Z,AmazonVPC,USE1-VPN-Usage-Hours,CreateVpnConnection,,arn:aws:ec2:us-east-1:112233445566:vpn-connection/vpn-3291d081,1.0,,,0.05,0.049228,0.05,0.049228,Hrs,0.05,0.049228,Amazon Virtual Private Cloud,,,,,us-east-1,AmazonVPC,,,,,,,,,,,,,,,,
8712463a23af44e8a3f6ad5297610a8c,2026-03-03T12:00:00Z/2026-03-03T13:00:00Z,112233445566,2026-03-01T00:00:00Z,2026-04-01T00:00:00Z,AWS,112233445566,Usage,2026-03-03T12:00:00Z,2026-03-03T13:00:00Z,AmazonVPC,USE1-VPN-Usage-Hours,CreateVpnConnection,,arn:aws:ec2:us-east-1:112233445566:vpn-connection/vpn-3291d081,1.0,,,0.05,0.049213,0.05,0.049213,Hrs,0.05,0.049213,Amazon Virtual Private Cloud,,,,,us-east-1,AmazonVPC,,,,,,,,,,,,,,,,
a55201b405584e7180262daa7cc795a8,2026-03-03T22:00:00Z/2026-03-03T23:00:00Z,112233445566,2026-03-01T00:00:00Z,2026-04-01T00:00:00Z,AWS,112233445566,Usage,2026-03-03T22:00:00Z,2026-03-03T23:00:00Z,AmazonVPC,USE1-VPN-Usage-Hours,CreateVpnConnection,,arn:aws:ec2:us-east-1:112233445566:vpn-connection/vpn-3291d081,1.0,,,0.05,0.049397,0.05,0.049397,Hrs,0.05,0.049397,Amazon Virtual Private Cloud,,,,,us-east-1,AmazonVPC,,,,,,,,,,,,,,,,
a832ca82435b470e9b4f9a6cf1c95e45,2026-03-04T08:00:00Z/2026-03-04T09:00:00Z,112233445566,2026-03-01T00:00:00Z,2026-04-01T00:00:00Z,AWS,112233445566,Usage,2026-03-04T08:00:00Z,2026-03-04T09:00:00Z,AmazonVPC,USE1-VPN-Usage-Hours,CreateVpnConnection,,arn:aws:ec2:us-east-1:112233445566:vpn-connection/vpn-3291d081,1.0,,,0.05,0.049399,0.05,0.049399,Hrs,0.05,0.049399,Amazon Virtual Private Cloud,,,,,us-east-1,AmazonVPC,,,,,,,,,,,,,,,,
dea454e68deb4298a104be1e50493882,2026-03-04T18:00:00Z/2026-03-04T19:00:00Z,112233445566,2026-03-01T00:00:00Z,2026-04-01T00:00:00Z,AWS,112233445566,Usage,2026-03-04T18:00:00Z,2026-03-04T19:00:00Z,AmazonVPC,USE1-VPN-Usage-Hours,CreateVpnConnection,,arn:aws:ec2:us-east-1:112233445566:vpn-connection/vpn-3291d081,1.0,,,0.05,0.049526,0.05,0.049526,Hrs,0.05,0.049526,Amazon Virtual Private Cloud,,,,,us-east-1,AmazonVPC,,,,,,,,,,,,,,,,
21d1f0c4551346a59aa7043f8ca7c454,2026-03-05T04:00:00Z/2026-03-05T05:00:00Z,112233445566,2026-03-01T00:00:00Z,2026-04-01T00:00:00Z,AWS,112233445566,Usage,2026-03-05T04:00:00Z,2026-03-05T05:00:00Z,AmazonVPC,USE1-VPN-Usage-Hours,CreateVpnConnection,,arn:aws:ec2:us-east-1:112233445566:vpn-connection/vpn-3291d081,1.0,,,0.05,0.050046,0.05,0.050046,Hrs,0.05,0.050046,Amazon Virtual Private Cloud,,,,,us-east-1,AmazonVPC,,,,,,,,,,,,,,,,
1adf06bc59f64baa89c337af5cfe3226,2026-03-05T14:00:00Z/2026-03-05T15:00:00Z,112233445566,2026-03-01T00:00:00Z,2026-04-01T00:00:00Z,AWS,112233445566,Usage,2026-03-05T14:00:00Z,2026-03-05T15:00:00Z,AmazonVPC,USE1-VPN-Usage-Hours,CreateVpnConnection,,arn:aws:ec2:us-east-1:112233445566:vpn-connection/vpn-3291d081,1.0,,,0.05,0.049403,0.05,0.049403,Hrs,0.05,0.049403,Amazon Virtual Private Cloud,,,,,us-east-1,AmazonVPC,,,,,,,,,,,,,,,,
59fffdd67a3e46848bffac47b8392d86,2026-03-06T00:00:00Z/2026-03-06T01:00:00Z,112233445566,2026-03-01T00:00:00Z,2026-04-01T00:00:00Z,AWS,112233445566,Usage,2026-03-06T00:00:00Z,2026-03-06T01:00:00Z,AmazonVPC,USE1-VPN-Usage-Hours,CreateVpnConnection,,arn:aws:ec2:us-east-1:112233445566:vpn-connection/vpn-3291d081,1.0,,,0.05,0.050407,0.05,0.050407,Hrs,0.05,0.050407,Amazon Virtual Private Cloud,,,,,us-east-1,AmazonVPC,,,,,,,,,,,,,,,,
13df81fb94a64a4f83327fd98feecf45,2026-03-06T10:00:00Z/2026-03-06T11:00:00Z,112233445566,2026-03-01T00:00:00Z,2026-04-01T00:00:00Z,AWS,112233445566,Usage,2026-03-06T10:00:00Z,2026-03-06T11:00:00Z,AmazonVPC,USE1-VPN-Usage-Hours,CreateVpnConnection,,arn:aws:ec2:us-east-1:112233445566:vpn-connection/vpn-3291d081,1.0,,,0.05,0.049591,0.05,0.049591,Hrs,0.05,0.049591,Amazon Virtual Private Cloud,,,,,us-east-1,AmazonVPC,,,,,,,,,,,,,,,,
aef6bfe954f24cf9baec546b65129525,2026-03-06T20:00:00Z/2026-03-06T21:00:00Z,112233445566,2026-03-01T00:00:00Z,2026-04-01T00:00:00Z,AWS,112233445566,Usage,2026-03-06T20:00:00Z,2026-03-06T21:00:00Z,AmazonVPC,USE1-VPN-Usage-Hours,CreateVpnConnection,,arn:aws:ec2:us-east-1:112233445566:vpn-connection/vpn-3291d081,1.0,,,0.05,0.049079,0.05,0.049079,Hrs,0.05,0.049079,Amazon Virtual Private Cloud,,,,,us-east-1,AmazonVPC,,,,,,,,,,,,,,,,
d8516cd6cee34f4188a1191425b13612,2026-03-07T06:00:00Z/2026-03-07T07:00:00Z,112233445566,2026-03-01T00:00:00Z,2026-04-01T00:00:00Z,AWS,112233445566,Usage,2026-03-07T06:00:00Z,2026-03-07T07:00:00Z,AmazonVPC,USE1-VPN-Usage-Hours,CreateVpnConnection,,arn:aws:ec2:us-east-1:112233445566:vpn-connection/vpn-3291d081,1.0,,,0.05,0.049993,0.05,0.049993,Hrs,0.05,0.049993,Amazon Virtual Private Cloud,,,,,us-east-1,AmazonVPC,,,,,,,,,,,,,,,,
6e0748084c82416e85c8bfb08e280af0,2026-03-07T16:00:00Z/2026-03-07T17:00:00Z,112233445566,2026-03-01T00:00:00Z,2026-04-01T00:00:00Z,AWS,112233445566,Usage,2026-03-07T16:00:00Z,2026-03-07T17:00:00Z,AmazonVPC,USE1-VPN-Usage-Hours,CreateVpnConnection,,arn:aws:ec2:us-east-1:112233445566:vpn-connection/vpn-3291d081,1.0,,,0.05,0.049415,0.05,0.049415,Hrs,0.05,0.049415,Amazon Virtual Private Cloud,,,,,us-east-1,AmazonVPC,,,,,,,,,,,,,,,,
6f0ee7145909470496fce32ccd658d17,2026-03-08T02:00:00Z/2026-03-08T03:00:00Z,112233445566,2026-03-01T00:00:00Z,2026-04-01T00:00:00Z,AWS,112233445566,Usage,2026-03-08T02:00:00Z,2026-03-08T03:00:00Z,AmazonVPC,USE1-VPN-Usage-Hours,CreateVpnConnection,,arn:aws:ec2:us-east-1:112233445566:vpn-connection/vpn-3291d081,1.0,,,0.05,0.050866,0.05,0.050866,Hrs,0.05,0.050866,Amazon Virtual Private Cloud,,,,,us-east-1,AmazonVPC,,,,,,,,,,,,,,,,
4ce26024ef7843019d9bc2e0f11d44f5,2026-03-08T12:00:00Z/2026-03-08T13:00:00Z,112233445566,2026-03-01T00:00:00Z,2026-04-01T00:00:00Z,AWS,112233445566,Usage,2026-03-08T12:00:00Z,2026-03-08T13:00:00Z,AmazonVPC,USE1-VPN-Usage-Hours,CreateVpnConnection,,arn:aws:ec2:us-east-1:112233445566:vpn-connection/vpn-3291d081,1.0,,,0.05,0.049661,0.05,0.049661,Hrs,0.05,0.049661,Amazon Virtual Private Cloud,,,,,us-east-1,AmazonVPC,,,,,,,,,,,,,,,,
e57a12f2002b4ea7ac832bb4540428a1,2026-03-08T22:00:00Z/2026-03-08T23:00:00Z,112233445566,2026-03-01T00:00:00Z,2026-04-01T00:00:00Z,AWS,112233445566,Usage,2026-03-08T22:00:00Z,2026-03-08T23:00:00Z,AmazonVPC,USE1-VPN-Usage-Hours,CreateVpnConnection,,arn:aws:ec2:us-east-1:112233445566:vpn-connection/vpn-3291d081,1.0,,,0.05,0.049005,0.05,0.049005,Hrs,0.05,0.049005,Amazon Virtual Private Cloud,,,,,us-east-1,AmazonVPC,,,,,,,,,,,,,,,,
e5ec7c548dc44ae3a1eca199a610e791,2026-03-09T08:00:00Z/2026-03-09T09:00:00Z,112233445566,2026-03-01T00:00:00Z,2026-04-01T00:00:00Z,AWS,112233445566,Usage,2026-03-09T08:00:00Z,2026-03-09T09:00:00Z,AmazonVPC,USE1-VPN-Usage-Hours,CreateVpnConnection,,arn:aws:ec2:us-east-1:112233445566:vpn-connection/vpn-3291d081,1.0,,,0.05,0.050343,0.05,0.050343,Hrs,0.05,0.050343,Amazon Virtual Private Cloud,,,,,us-east-1,AmazonVPC,,,,,,,,,,,,,,,,
a3f0dc45b0ad41e8a249bb02d2bb3ab4,2026-03-09T18:00:00Z/2026-03-09T19:00:00Z,112233445566,2026-03-01T00:00:00Z,2026-04-01T00:00:00Z,AWS,112233445566,Usage,2026-03-09T18:00:00Z,2026-03-09T19:00:00Z,AmazonVPC,USE1-VPN-Usage-Hours,CreateVpnConnection,,arn:aws:ec2:us-east-1:112233445566:vpn-connection/vpn-3291d081,1.0,,,0.05,0.050814,0.05,0.050814,Hrs,0.05,0.050814,Amazon Virtual Private Cloud,,,,,us-east-1,AmazonVPC,,,,,,,,,,,,,,,,
20d1167c79d34f01bec4b93db13886d9,2026-03-10T04:00:00Z/2026-03-10T05:00:00Z,112233445566,2026-03-01T00:00:00Z,2026-04-01T00:00:00Z,AWS,112233445566,Usage,2026-03-10T04:00:00Z,2026-03-10T05:00:00Z,AmazonVPC,USE1-VPN-Usage-Hours,CreateVpnConnection,,arn:aws:ec2:us-east-1:112233445566:vpn-connection/vpn-3291d081,1.0,,,0.05,0.05067,0.05,0.05067,Hrs,0.05,0.05067,Amazon Virtual Private Cloud,,,,,us-east-1,AmazonVPC,,,,,,,,,,,,,,,,
16af802f342b4f38bdb9eb4b167e7588,2026-03-10T14:00:00Z/2026-03-10T15:00:00Z,112233445566,2026-03-01T00:00:00Z,2026-04-01T00:00:00Z,AWS,112233445566,Usage,2026-03-10T14:00:00Z,2026-03-10T15:00:00Z,AmazonVPC,USE1-VPN-Usage-Hours,CreateVpnConnection,,arn:aws:ec2:us-east-1:112233445566:vpn-connection/vpn-3291d081,1.0,,,0.05,0.050338,0.05,0.050338,Hrs,0.05,0.050338,Amazon Virtual Private Cloud,,,,,us-east-1,AmazonVPC,,,,,,,,,,,,,,,,
57b4af9e11004c78b8fe30eaf7891c76,2026-03-11T00:00:00Z/2026-03-11T01:00:00Z,112233445566,2026-03-01T00:00:00Z,2026-04-01T00:00:00Z,AWS,112233445566,Usage,2026-03-11T00:00:00Z,2026-03-11T01:00:00Z,AmazonVPC,USE1-VPN-Usage-Hours,CreateVpnConnection,,arn:aws:ec2:us-east-1:112233445566:vpn-connection/vpn-3291d081,1.0,,,0.05,0.049298,0.05,0.049298,Hrs,0.05,0.049298,Amazon Virtual Private Cloud,,,,,us-east-1,AmazonVPC,,,,,,,,,,,,,,,,
0fdab2f963d84e209acbffeabf93a5e7,2026-03-11T10:00:00Z/2026-03-11T11:00:00Z,112233445566,2026-03-01T00:00:00Z,2026-04-01T00:00:00Z,AWS,112233445566,Usage,2026-03-11T10:00:00Z,2026-03-11T11:00:00Z,AmazonVPC,USE1-VPN-Usage-Hours,CreateVpnConnection,,arn:aws:ec2:us-east-1:112233445566:vpn-connection/vpn-3291d081,1.0,,,0.05,0.04918,0.05,0.04918,Hrs,0.05,0.04918,Amazon Virtual Private Cloud,,,,,us-east-1,AmazonVPC,,,,,,,,,,,,,,,,
1f7596e233d149a888f6321831702bd7,2026-03-11T20:00:00Z/2026-03-11T21:00:00Z,112233445566,2026-03-01T00:00:00Z,2026-04-01T00:00:00Z,AWS,112233445566,Usage,2026-03-11T20:00:00Z,2026-03-11T21:00:00Z,AmazonVPC,USE1-VPN-Usage-Hours,CreateVpnConnection,,arn:aws:ec2:us-east-1:112233445566:vpn-connection/vpn-3291d081,1.0,,,0.05,0.050023,0.05,0.050023,Hrs,0.05,0.050023,Amazon Virtual Private Cloud,,,,,us-east-1,AmazonVPC,,,,,,,,,,,,,,,,
353afdfe193241d586ff0dc82853ae70,2026-03-12T06:00:00Z/2026-03-12T07:00:00Z,112233445566,2026-03-01T00:00:00Z,2026-04-01T00:00:00Z,AWS,112233445566,Usage,2026-03-12T06:00:00Z,2026-03-12T07:00:00Z,AmazonVPC,USE1-VPN-Usage-Hours,CreateVpnConnection,,arn:aws:ec2:us-east-1:112233445566:vpn-connection/vpn-3291d081,1.0,,,0.05,0.050447,0.05,0.050447,Hrs,0.05,0.050447,Amazon Virtual Private Cloud,,,,,us-east-1,AmazonVPC,,,,,,,,,,,,,,,,
540cab01b9674bd1a2525281346d5ce5,2026-03-12T16:00:00Z/2026-03-12T17:00:00Z,112233445566,2026-03-01T00:00:00Z,2026-04-01T00:00:00Z,AWS,112233445566,Usage,2026-03-12T16:00:00Z,2026-03-12T17:00:00Z,AmazonVPC,USE1-VPN-Usage-Hours,CreateVpnConnection,,arn:aws:ec2:us-east-1:112233445566:vpn-connection/vpn-3291d081,1.0,,,0.05,0.049203,0.05,0.049203,Hrs,0.05,0.049203,Amazon Virtual Private Cloud,,,,,us-east-1,AmazonVPC,,,,,,,,,,,,,,,,
933434ab64e041b997ccac53298179b8,2026-03-13T02:00:00Z/2026-03-13T03:00:00Z,112233445566,2026-03-01T00:00:00Z,2026-04-01T00:00:00Z,AWS,112233445566,Usage,2026-03-13T02:00:00Z,2026-03-13T03:00:00Z,AmazonVPC,USE1-VPN-Usage-Hours,CreateVpnConnection,,arn:aws:ec2:us-east-1:112233445566:vpn-connection/vpn-3291d081,1.0,,,0.05,0.049512,0.05,0.049512,Hrs,0.05,0.049512,Amazon Virtual Private Cloud,,,,,us-east-1,AmazonVPC,,,,,,,,,,,,,,,,
08384236660044f3ae51c7c0583c445f,2026-03-13T12:00:00Z/2026-03-13T13:00:00Z,112233445566,2026-03-01T00:00:00Z,2026-04-01T00:00:00Z,AWS,112233445566,Usage,2026-03-13T12:00:00Z,2026-03-13T13:00:00Z,AmazonVPC,USE1-VPN-Usage-Hours,CreateVpnConnection,,arn:aws:ec2:us-east-1:112233445566:vpn-connection/vpn-3291d081,1.0,,,0.05,0.049462,0.05,0.049462,Hrs,0.05,0.049462,Amazon Virtual Private Cloud,,,,,us-east-1,AmazonVPC,,,,,,,,,,,,,,,,
5e2b472403ce419fb9ec218bd83c6886,2026-03-13T22:00:00Z/2026-03-13T23:00:00Z,112233445566,2026-03-01T00:00:00Z,2026-04-01T00:00:00Z,AWS,112233445566,Usage,2026-03-13T22:00:00Z,2026-03-13T23:00:00Z,AmazonVPC,USE1-VPN-Usage-Hours,CreateVpnConnection,,arn:aws:ec2:us-east-1:112233445566:vpn-connection/vpn-3291d081,1.0,,,0.05,0.050977,0.05,0.050977,Hrs,0.05,0.050977,Amazon Virtual Private Cloud,,,,,us-east-1,AmazonVPC,,,,,,,,,,,,,,,,
8c6ee9dee64c40478479e14b923154a2,2026-03-14T08:00:00Z/2026-03-14T09:00:00Z,112233445566,2026-03-01T00:00:00Z,2026-04-01T00:00:00Z,AWS,112233445566,Usage,2026-03-14T08:00:00Z,2026-03-14T09:00:00Z,AmazonVPC,USE1-VPN-Usage-Hours,CreateVpnConnection,,arn:aws:ec2:us-east-1:112233445566:vpn-connection/vpn-3291d081,1.0,,,0.05,0.049592,0.05,0.049592,Hrs,0.05,0.049592,Amazon Virtual Private Cloud,,,,,us-east-1,AmazonVPC,,,,,,,,,,,,,,,,
1f7bf369fd5a412180cf22dc3d1e8ff4,2026-03-14T18:00:00Z/2026-03-14T19:00:00Z,112233445566,2026-03-01T00:00:00Z,2026-04-01T00:00:00Z,AWS,112233445566,Usage,2026-03-14T18:00:00Z,2026-03-14T19:00:00Z,AmazonVPC,USE1-VPN-Usage-Hours,CreateVpnConnection,,arn:aws:ec2:us-east-1:112233445566:vpn-connection/vpn-3291d081,1.0,,,0.05,0.049929,0.05,0.049929,Hrs,0.05,0.049929,Amazon Virtual Private Cloud,,,,,us-east-1,AmazonVPC,,,,,,,,,,,,,,,,
c04da78129d5485d95b372f61d0d4459,2026-03-15T04:00:00Z/2026-03-15T05:00:00Z,112233445566,2026-03-01T00:00:00Z,2026-04-01T00:00:00Z,AWS,112233445566,Usage,2026-03-15T04:00:00Z,2026-03-15T05:00:00Z,AmazonVPC,USE1-VPN-Usage-Hours,CreateVpnConnection,,arn:aws:ec2:us-east-1:112233445566:vpn-connection/vpn-3291d081,1.0,,,0.05,0.0492,0.05,0.0492,Hrs,0.05,0.0492,Amazon Virtual Private Cloud,,,,,us-east-1,AmazonVPC,,,,,,,,,,,,,,,,
1db4464d5cb04e5eb3f728d4d03ca1b3,2026-03-15T14:00:00Z/2026-03-15T15:00:00Z,112233445566,2026-03-01T00:00:00Z,2026-04-01T00:00:00Z,AWS,112233445566,Usage,2026-03-15T14:00:00Z,2026-03-15T15:00:00Z,AmazonVPC,USE1-VPN-Usage-Hours,CreateVpnConnection,,arn:aws:ec2:us-east-1:112233445566:vpn-connection/vpn-3291d081,1.0,,,0.05,0.049349,0.05,0.049349,Hrs,0.05,0.049349,Amazon Virtual Private Cloud,,,,,us-east-1,AmazonVPC,,,,,,,,,,,,,,,,
01b617509ed04cc4be28a443e91161c4,2026-03-16T00:00:00Z/2026-03-16T01:00:00Z,112233445566,2026-03-01T00:00:00Z,2026-04-01T00:00:00Z,AWS,112233445566,Usage,2026-03-16T00:00:00Z,2026-03-16T01:00:00Z,AmazonVPC,USE1-VPN-Usage-Hours,CreateVpnConnection,,arn:aws:ec2:us-east-1:112233445566:vpn-connection/vpn-3291d081,1.0,,,0.05,0.049079,0.05,0.049079,Hrs,0.05,0.049079,Amazon Virtual Private Cloud,,,,,us-east-1,AmazonVPC,,,,,,,,,,,,,,,,
0992a81d09764cf8b9912867e820bad9,2026-03-16T10:00:00Z/2026-03-16T11:00:00Z,112233445566,2026-03-01T00:00:00Z,2026-04-01T00:00:00Z,AWS,112233445566,Usage,2026-03-16T10:00:00Z,2026-03-16T11:00:00Z,AmazonVPC,USE1-VPN-Usage-Hours,CreateVpnConnection,,arn:aws:ec2:us-east-1:112233445566:vpn-connection/vpn-3291d081,1.0,,,0.05,0.049581,0.05,0.049581,Hrs,0.05,0.049581,Amazon Virtual Private Cloud,,,,,us-east-1,AmazonVPC,,,,,,,,,,,,,,,,
519d5be26d944e87a7f27a7d6ee696ec,2026-03-16T20:00:00Z/2026-03-16T21:00:00Z,112233445566,2026-03-01T00:00:00Z,2026-04-01T00:00:00Z,AWS,112233445566,Usage,2026-03-16T20:00:00Z,2026-03-16T21:00:00Z,AmazonVPC,USE1-VPN-Usage-Hours,CreateVpnConnection,,arn:aws:ec2:us-east-1:112233445566:vpn-connection/vpn-3291d081,1.0,,,0.05,0.050603,0.05,0.050603,Hrs,0.05,0.050603,Amazon Virtual Private Cloud,,,,,us-east-1,AmazonVPC,,,,,,,,,,,,,,,,
0b9c64d212b441b7bb390a1149f993b7,2026-03-17T06:00:00Z/2026-03-17T07:00:00Z,112233445566,2026-03-01T00:00:00Z,2026-04-01T00:00:00Z,AWS,112233445566,Usage,2026-03-17T06:00:00Z,2026-03-17T07:00:00Z,AmazonVPC,USE1-VPN-Usage-Hours,CreateVpnConnection,,arn:aws:ec2:us-east-1:112233445566:vpn-connection/vpn-3291d081,1.0,,,0.05,0.049625,0.05,0.049625,Hrs,0.05,0.049625,Amazon Virtual Private Cloud,,,,,us-east-1,AmazonVPC,,,,,,,,,,,,,,,,
d7fa1798d2a14e6ebaf2f60718ea7ecd,2026-03-17T16:00:00Z/2026-03-17T17:00:00Z,112233445566,2026-03-01T00:00:00Z,2026-04-01T00:00:00Z,AWS,112233445566,Usage,2026-03-17T16:00:00Z,2026-03-17T17:00:00Z,AmazonVPC,USE1-VPN-Usage-Hours,CreateVpnConnection,,arn:aws:ec2:us-east-1:112233445566:vpn-connection/vpn-3291d081,1.0,,,0.05,0.050477,0.05,0.050477,Hrs,0.05,0.050477,Amazon Virtual Private Cloud,,,,,us-east-1,AmazonVPC,,,,,,,,,,,,,,,,
8372be5f0104410d823b884fcfce0bf0,2026-03-18T02:00:00Z/2026-03-18T03:00:00Z,112233445566,2026-03-01T00:00:00Z,2026-04-01T00:00:00Z,AWS,112233445566,Usage,2026-03-18T02:00:00Z,2026-03-18T03:00:00Z,AmazonVPC,USE1-VPN-Usage-Hours,CreateVpnConnection,,arn:aws:ec2:us-east-1:112233445566:vpn-connection/vpn-3291d081,1.0,,,0.05,0.04919,0.05,0.04919,Hrs,0.05,0.04919,Amazon Virtual Private Cloud,,,,,us-east-1,AmazonVPC,,,,,,,,,,,,,,,,
bfba295e34f945cda6d37f07edd9e70b,2026-03-18T12:00:00Z/2026-03-18T13:00:00Z,112233445566,2026-03-01T00:00:00Z,2026-04-01T00:00:00Z,AWS,112233445566,Usage,2026-03-18T12:00:00Z,2026-03-18T13:00:00Z,AmazonVPC,USE1-VPN-Usage-Hours,CreateVpnConnection,,arn:aws:ec2:us-east-1:112233445566:vpn-connection/vpn-3291d081,1.0,,,0.05,0.050516,0.05,0.050516,Hrs,0.05,0.050516,Amazon Virtual Private Cloud,,,,,us-east-1,AmazonVPC,,,,,,,,,,,,,,,,
db9c156c3fa74a54b39881ae9b8a55df,2026-03-18T22:00:00Z/2026-03-18T23:00:00Z,112233445566,2026-03-01T00:00:00Z,2026-04-01T00:00:00Z,AWS,112233445566,Usage,2026-03-18T22:00:00Z,2026-03-18T23:00:00Z,AmazonVPC,USE1-VPN-Usage-Hours,CreateVpnConnection,,arn:aws:ec2:us-east-1:112233445566:vpn-connection/vpn-3291d081,1.0,,,0.05,0.049092,0.05,0.049092,Hrs,0.05,0.049092,Amazon Virtual Private Cloud,,,,,us-east-1,AmazonVPC,,,,,,,,,,,,,,,,
3ea177d0e5aa437195c3da303fbd3aa8,2026-03-19T08:00:00Z/2026-03-19T09:00:00Z,112233445566,2026-03-01T00:00:00Z,2026-04-01T00:00:00Z,AWS,112233445566,Usage,2026-03-19T08:00:00Z,2026-03-19T09:00:00Z,AmazonVPC,USE1-VPN-Usage-Hours,CreateVpnConnection,,arn:aws:ec2:us-east-1:112233445566:vpn-connection/vpn-3291d081,1.0,,,0.05,0.050704,0.05,0.050704,Hrs,0.05,0.050704,Amazon Virtual Private Cloud,,,,,us-east-1,AmazonVPC,,,,,,,,,,,,,,,,
698f990528404152a07ddde3e5e77fec,2026-03-19T18:00:00Z/2026-03-19T19:00:00Z,112233445566,2026-03-01T00:00:00Z,2026-04-01T00:00:00Z,AWS,112233445566,Usage,2026-03-19T18:00:00Z,2026-03-19T19:00:00Z,AmazonVPC,USE1-VPN-Usage-Hours,CreateVpnConnection,,arn:aws:ec2:us-east-1:112233445566:vpn-connection/vpn-3291d081,1.0,,,0.05,0.050327,0.05,0.050327,Hrs,0.05,0.050327,Amazon Virtual Private Cloud,,,,,us-east-1,AmazonVPC,,,,,,,,,,,,,,,,
5e36b2ef450c4405b74b75731ec452ee,2026-03-20T04:00:00Z/2026-03-20T05:00:00Z,112233445566,2026-03-01T00:00:00Z,2026-04-01T00:00:00Z,AWS,112233445566,Usage,2026-03-20T04:00:00Z,2026-03-20T05:00:00Z,AmazonVPC,USE1-VPN-Usage-Hours,CreateVpnConnection,,arn:aws:ec2:us-east-1:112233445566:vpn-connection/vpn-3291d081,1.0,,,0.05,0.049341,0.05,0.049341,Hrs,0.05,0.049341,Amazon Virtual Private Cloud,,,,,us-east-1,AmazonVPC,,,,,,,,,,,,,,,,
f2738c68fbdb471cbbedacf08fcc68e9,2026-03-20T14:00:00Z/2026-03-20T15:00:00Z,112233445566,2026-03-01T00:00:00Z,2026-04-01T00:00:00Z,AWS,112233445566,Usage,2026-03-20T14:00:00Z,2026-03-20T15:00:00Z,AmazonVPC,USE1-VPN-Usage-Hours,CreateVpnConnection,,arn:aws:ec2:us-east-1:112233445566:vpn-connection/vpn-3291d081,1.0,,,0.05,0.049715,0.05,0.049715,Hrs,0.05,0.049715,Amazon Virtual Private Cloud,,,,,us-east-1,AmazonVPC,,,,,,,,,,,,,,,,
49ce6331e39c48a88d683191eb82f5b1,2026-03-21T00:00:00Z/2026-03-21T01:00:00Z,112233445566,2026-03-01T00:00:00Z,2026-04-01T00:00:00Z,AWS,112233445566,Usage,2026-03-21T00:00:00Z,2026-03-21T01:00:00Z,AmazonVPC,USE1-VPN-Usage-Hours,CreateVpnConnection,,arn:aws:ec2:us-east-1:112233445566:vpn-connection/vpn-3291d081,1.0,,,0.05,0.049875,0.05,0.049875,Hrs,0.05,0.049875,Amazon Virtual Private Cloud,,,,,us-east-1,AmazonVPC,,,,,,,,,,,,,,,,
b08924e08f5448bc9c0b2f531d9fd817,2026-03-21T10:00:00Z/2026-03-21T11:00:00Z,112233445566,2026-03-01T00:00:00Z,2026-04-01T00:00:00Z,AWS,112233445566,Usage,2026-03-21T10:00:00Z,2026-03-21T11:00:00Z,AmazonVPC,USE1-VPN-Usage-Hours,CreateVpnConnection,,arn:aws:ec2:us-east-1:112233445566:vpn-connection/vpn-3291d081,1.0,,,0.05,0.050244,0.05,0.050244,Hrs,0.05,0.050244,Amazon Virtual Private Cloud,,,,,us-east-1,AmazonVPC,,,,,,,,,,,,,,,,
2a9fec7058ac4cc59d153ca3f2def537,2026-03-21T20:00:00Z/2026-03-21T21:00:00Z,112233445566,2026-03-01T00:00:00Z,2026-04-01T00:00:00Z,AWS,112233445566,Usage,2026-03-21T20:00:00Z,2026-03-21T21:00:00Z,AmazonVPC,USE1-VPN-Usage-Hours,CreateVpnConnection,,arn:aws:ec2:us-east-1:112233445566:vpn-connection/vpn-3291d081,1.0,,,0.05,0.050757,0.05,0.050757,Hrs,0.05,0.050757,Amazon Virtual Private Cloud,,,,,us-east-1,AmazonVPC,,,,,,,,,,,,,,,,
96c8091fb244403a8e106d2c0a654be6,2026-03-22T06:00:00Z/2026-03-22T07:00:00Z,112233445566,2026-03-01T00:00:00Z,2026-04-01T00:00:00Z,AWS,112233445566,Usage,2026-03-22T06:00:00Z,2026-03-22T07:00:00Z,AmazonVPC,USE1-VPN-Usage-Hours,CreateVpnConnection,,arn:aws:ec2:us-east-1:112233445566:vpn-connection/vpn-3291d081,1.0,,,0.05,0.049186,0.05,0.049186,Hrs,0.05,0.049186,Amazon Virtual Private Cloud,,,,,us-east-1,AmazonVPC,,,,,,,,,,,,,,,,
27db0a5a307e4ed3b6799d9dc896ae15,2026-03-22T16:00:00Z/2026-03-22T17:00:00Z,112233445566,2026-03-01T00:00:00Z,2026-04-01T00:00:00Z,AWS,112233445566,Usage,2026-03-22T16:00:00Z,2026-03-22T17:00:00Z,AmazonVPC,USE1-VPN-Usage-Hours,CreateVpnConnection,,arn:aws:ec2:us-east-1:112233445566:vpn-connection/vpn-3291d081,1.0,,,0.05,0.05063,0.05,0.05063,Hrs,0.05,0.05063,Amazon Virtual Private Cloud,,,,,us-east-1,AmazonVPC,,,,,,,,,,,,,,,,
5602141e07d24958ac3ed3feb4b456d9,2026-03-23T02:00:00Z/2026-03-23T03:00:00Z,112233445566,2026-03-01T00:00:00Z,2026-04-01T00:00:00Z,AWS,112233445566,Usage,2026-03-23T02:00:00Z,2026-03-23T03:00:00Z,AmazonVPC,USE1-VPN-Usage-Hours,CreateVpnConnection,,arn:aws:ec2:us-east-1:112233445566:vpn-connection/vpn-3291d081,1.0,,,0.05,0.049366,0.05,0.049366,Hrs,0.05,0.049366,Amazon Virtual Private Cloud,,,,,us-east-1,AmazonVPC,,,,,,,,,,,,,,,,
c5988f61aa4242af9c88aeb5fe97101e,2026-03-23T12:00:00Z/2026-03-23T13:00:00Z,112233445566,2026-03-01T00:00:00Z,2026-04-01T00:00:00Z,AWS,112233445566,Usage,2026-03-23T12:00:00Z,2026-03-23T13:00:00Z,AmazonVPC,USE1-VPN-Usage-Hours,CreateVpnConnection,,arn:aws:ec2:us-east-1:112233445566:vpn-connection/vpn-3291d081,1.0,,,0.05,0.049802,0.05,0.049802,Hrs,0.05,0.049802,Amazon Virtual Private Cloud,,,,,us-east-1,AmazonVPC,,,,,,,,,,,,,,,,
d752d1f07c024d08b5d526ff218d02b2,2026-03-23T22:00:00Z/2026-03-23T23:00:00Z,112233445566,2026-03-01T00:00:00Z,2026-04-01T00:00:00Z,AWS,112233445566,Usage,2026-03-23T22:00:00Z,2026-03-23T23:00:00Z,AmazonVPC,USE1-VPN-Usage-Hours,CreateVpnConnection,,arn:aws:ec2:us-east-1:112233445566:vpn-connection/vpn-3291d081,1.0,,,0.05,0.050925,0.05,0.050925,Hrs,0.05,0.050925,Amazon Virtual Private Cloud,,,,,us-east-1,AmazonVPC,,,,,,,,,,,,,,,,
120af1e2ce0348b081cf91e379efde78,2026-03-24T08:00:00Z/2026-03-24T09:00:00Z,112233445566,2026-03-01T00:00:00Z,2026-04-01T00:00:00Z,AWS,112233445566,Usage,2026-03-24T08:00:00Z,2026-03-24T09:00:00Z,AmazonVPC,USE1-VPN-Usage-Hours,CreateVpnConnection,,arn:aws:ec2:us-east-1:112233445566:vpn-connection/vpn-3291d081,1.0,,,0.05,0.049544,0.05,0.049544,Hrs,0.05,0.049544,Amazon Virtual Private Cloud,,,,,us-east-1,AmazonVPC,,,,,,,,,,,,,,,,
158dc88bedeb458db5ceec8b689788a2,2026-03-24T18:00:00Z/2026-03-24T19:00:00Z,112233445566,2026-03-01T00:00:00Z,2026-04-01T00:00:00Z,AWS,112233445566,Usage,2026-03-24T18:00:00Z,2026-03-24T19:00:00Z,AmazonVPC,USE1-VPN-Usage-Hours,CreateVpnConnection,,arn:aws:ec2:us-east-1:112233445566:vpn-connection/vpn-3291d081,1.0,,,0.05,0.049771,0.05,0.049771,Hrs,0.05,0.049771,Amazon Virtual Private Cloud,,,,,us-east-1,AmazonVPC,,,,,,,,,,,,,,,,
9a14732720004d819f6ca5065c0b6808,2026-03-25T04:00:00Z/2026-03-25T05:00:00Z,112233445566,2026-03-01T00:00:00Z,2026-04-01T00:00:00Z,AWS,112233445566,Usage,2026-03-25T04:00:00Z,2026-03-25T05:00:00Z,AmazonVPC,USE1-VPN-Usage-Hours,CreateVpnConnection,,arn:aws:ec2:us-east-1:112233445566:vpn-connection/vpn-3291d081,1.0,,,0.05,0.050701,0.05,0.050701,Hrs,0.05,0.050701,Amazon Virtual Private Cloud,,,,,us-east-1,AmazonVPC,,,,,,,,,,,,,,,,
bb96efe5091e405f9a870d84159d7882,2026-03-25T14:00:00Z/2026-03-25T15:00:00Z,112233445566,2026-03-01T00:00:00Z,2026-04-01T00:00:00Z,AWS,112233445566,Usage,2026-03-25T14:00:00Z,2026-03-25T15:00:00Z,AmazonVPC,USE1-VPN-Usage-Hours,CreateVpnConnection,,arn:aws:ec2:us-east-1:112233445566:vpn-connection/vpn-3291d081,1.0,,,0.05,0.0506,0.05,0.0506,Hrs,0.05,0.0506,Amazon Virtual Private Cloud,,,,,us-east-1,AmazonVPC,,,,,,,,,,,,,,,,
26627e19f2ac4616aa9f75939b13f967,2026-03-26T00:00:00Z/2026-03-26T01:00:00Z,112233445566,2026-03-01T00:00:00Z,2026-04-01T00:00:00Z,AWS,112233445566,Usage,2026-03-26T00:00:00Z,2026-03-26T01:00:00Z,AmazonVPC,USE1-VPN-Usage-Hours,CreateVpnConnection,,arn:aws:ec2:us-east-1:112233445566:vpn-connection/vpn-3291d081,1.0,,,0.05,0.050298,0.05,0.050298,Hrs,0.05,0.050298,Amazon Virtual Private Cloud,,,,,us-east-1,AmazonVPC,,,,,,,,,,,,,,,,
9f414c75c3ec48bbb63bd2b9123d6cf1,2026-03-26T10:00:00Z/2026-03-26T11:00:00Z,112233445566,2026-03-01T00:00:00Z,2026-04-01T00:00:00Z,AWS,112233445566,Usage,2026-03-26T10:00:00Z,2026-03-26T11:00:00Z,AmazonVPC,USE1-VPN-Usage-Hours,CreateVpnConnection,,arn:aws:ec2:us-east-1:112233445566:vpn-connection/vpn-3291d081,1.0,,,0.05,0.050594,0.05,0.050594,Hrs,0.05,0.050594,Amazon Virtual Private Cloud,,,,,us-east-1,AmazonVPC,,,,,,,,,,,,,,,,
c53b5d481e6e4d58a49251648b3f1bba,2026-03-26T20:00:00Z/2026-03-26T21:00:00Z,112233445566,2026-03-01T00:00:00Z,2026-04-01T00:00:00Z,AWS,112233445566,Usage,2026-03-26T20:00:00Z,2026-03-26T21:00:00Z,AmazonVPC,USE1-VPN-Usage-Hours,CreateVpnConnection,,arn:aws:ec2:us-east-1:112233445566:vpn-connection/vpn-3291d081,1.0,,,0.05,0.049226,0.05,0.049226,Hrs,0.05,0.049226,Amazon Virtual Private Cloud,,,,,us-east-1,AmazonVPC,,,,,,,,,,,,,,,,
68df07103a2e4976ae87e7980590cbc6,2026-03-27T06:00:00Z/2026-03-27T07:00:00Z,112233445566,2026-03-01T00:00:00Z,2026-04-01T00:00:00Z,AWS,112233445566,Usage,2026-03-27T06:00:00Z,2026-03-27T07:00:00Z,AmazonVPC,USE1-VPN-Usage-Hours,CreateVpnConnection,,arn:aws:ec2:us-east-1:112233445566:vpn-connection/vpn-3291d081,1.0,,,0.05,0.050392,0.05,0.050392,Hrs,0.05,0.050392,Amazon Virtual Private Cloud,,,,,us-east-1,AmazonVPC,,,,,,,,,,,,,,,,
9d6c1db287bb409db2c75d321ee01ce5,2026-03-27T16:00:00Z/2026-03-27T17:00:00Z,112233445566,2026-03-01T00:00:00Z,2026-04-01T00:00:00Z,AWS,112233445566,Usage,2026-03-27T16:00:00Z,2026-03-27T17:00:00Z,AmazonVPC,USE1-VPN-Usage-Hours,CreateVpnConnection,,arn:aws:ec2:us-east-1:112233445566:vpn-connection/vpn-3291d081,1.0,,,0.05,0.049117,0.05,0.049117,Hrs,0.05,0.049117,Amazon Virtual Private Cloud,,,,,us-east-1,AmazonVPC,,,,,,,,,,,,,,,,
c656105d435d458e967aae11c4bae0ad,2026-03-28T02:00:00Z/2026-03-28T03:00:00Z,112233445566,2026-03-01T00:00:00Z,2026-04-01T00:00:00Z,AWS,112233445566,Usage,2026-03-28T02:00:00Z,2026-03-28T03:00:00Z,AmazonVPC,USE1-VPN-Usage-Hours,CreateVpnConnection,,arn:aws:ec2:us-east-1:112233445566:vpn-connection/vpn-3291d081,1.0,,,0.05,0.050885,0.05,0.050885,Hrs,0.05,0.050885,Amazon Virtual Private Cloud,,,,,us-east-1,AmazonVPC,,,,,,,,,,,,,,,,
5771c8a08747473aa07732b6b987cd8f,2026-03-28T12:00:00Z/2026-03-28T13:00:00Z,112233445566,2026-03-01T00:00:00Z,2026-04-01T00:00:00Z,AWS,112233445566,Usage,2026-03-28T12:00:00Z,2026-03-28T13:00:00Z,AmazonVPC,USE1-VPN-Usage-Hours,CreateVpnConnection,,arn:aws:ec2:us-east-1:112233445566:vpn-connection/vpn-3291d081,1.0,,,0.05,0.049319,0.05,0.049319,Hrs,0.05,0.049319,Amazon Virtual Private Cloud,,,,,us-east-1,AmazonVPC,,,,,,,,,,,,,,,,
adc512b64d464ceb9c18f0f843824dba,2026-03-28T22:00:00Z/2026-03-28T23:00:00Z,112233445566,2026-03-01T00:00:00Z,2026-04-01T00:00:00Z,AWS,112233445566,Usage,2026-03-28T22:00:00Z,2026-03-28T23:00:00Z,AmazonVPC,USE1-VPN-Usage-Hours,CreateVpnConnection,,arn:aws:ec2:us-east-1:112233445566:vpn-connection/vpn-3291d081,1.0,,,0.05,0.049832,0.05,0.049832,Hrs,0.05,0.049832,Amazon Virtual Private Cloud,,,,,us-east-1,AmazonVPC,,,,,,,,,,,,,,,,
bb8a6820829e40c9b1cec064e66d0c64,2026-03-29T08:00:00Z/2026-03-29T09:00:00Z,112233445566,2026-03-01T00:00:00Z,2026-04-01T00:00:00Z,AWS,112233445566,Usage,2026-03-29T08:00:00Z,2026-03-29T09:00:00Z,AmazonVPC,USE1-VPN-Usage-Hours,CreateVpnConnection,,arn:aws:ec2:us-east-1:112233445566:vpn-connection/vpn-3291d081,1.0,,,0.05,0.050182,0.05,0.050182,Hrs,0.05,0.050182,Amazon Virtual Private Cloud,,,,,us-east-1,AmazonVPC,,,,,,,,,,,,,,,,
d192a4b4cd0a492cab86072c5fe7e8e7,2026-03-29T18:00:00Z/2026-03-29T19:00:00Z,112233445566,2026-03-01T00:00:00Z,2026-04-01T00:00:00Z,AWS,112233445566,Usage,2026-03-29T18:00:00Z,2026-03-29T19:00:00Z,AmazonVPC,USE1-VPN-Usage-Hours,CreateVpnConnection,,arn:aws:ec2:us-east-1:112233445566:vpn-connection/vpn-3291d081,1.0,,,0.05,0.050605,0.05,0.050605,Hrs,0.05,0.050605,Amazon Virtual Private Cloud,,,,,us-east-1,AmazonVPC,,,,,,,,,,,,,,,,
e78adf17988b430a99275d0a23de5e3d,2026-03-30T04:00:00Z/2026-03-30T05:00:00Z,112233445566,2026-03-01T00:00:00Z,2026-04-01T00:00:00Z,AWS,112233445566,Usage,2026-03-30T04:00:00Z,2026-03-30T05:00:00Z,AmazonVPC,USE1-VPN-Usage-Hours,CreateVpnConnection,,arn:aws:ec2:us-east-1:112233445566:vpn-connection/vpn-3291d081,1.0,,,0.05,0.050357,0.05,0.050357,Hrs,0.05,0.050357,Amazon Virtual Private Cloud,,,,,us-east-1,AmazonVPC,,,,,,,,,,,,,,,,
e998b043db74471992e17722b9364de6,2026-03-30T14:00:00Z/2026-03-30T15:00:00Z,112233445566,2026-03-01T00:00:00Z,2026-04-01T00:00:00Z,AWS,112233445566,Usage,2026-03-30T14:00:00Z,2026-03-30T15:00:00Z,AmazonVPC,USE1-VPN-Usage-Hours,CreateVpnConnection,,arn:aws:ec2:us-east-1:112233445566:vpn-connection/vpn-3291d081,1.0,,,0.05,0.049363,0.05,0.049363,Hrs,0.05,0.049363,Amazon Virtual Private Cloud,,,,,us-east-1,AmazonVPC,,,,,,,,,,,,,,,,
97592c76c9a745048e0b354d542c6be9,2026-03-01T00:00:00Z/2026-03-01T01:00:00Z,112233445566,2026-03-01T00:00:00Z,2026-04-01T00:00:00Z,AWS,112233445566,Usage,2026-03-01T00:00:00Z,2026-03-01T01:00:00Z,AWSCloudTrail,USE1-DigestEvent,LookupEvents,,arn:aws:cloudtrail:us-east-1:112233445566:trail/org-trail,1.0,,,0.1,0.099519,0.1,0.099519,Hrs,0.1,0.099519,AWS CloudTrail,,,,,us-east-1,AWSCloudTrail,,,,,,,,,,,,,,,,
dd72c9a382b744aba505c311924a1485,2026-03-01T10:00:00Z/2026-03-01T11:00:00Z,112233445566,2026-03-01T00:00:00Z,2026-04-01T00:00:00Z,AWS,112233445566,Usage,2026-03-01T10:00:00Z,2026-03-01T11:00:00Z,AWSCloudTrail,USE1-DigestEvent,LookupEvents,,arn:aws:cloudtrail:us-east-1:112233445566:trail/org-trail,1.0,,,0.1,0.099434,0.1,0.099434,Hrs,0.1,0.099434,AWS CloudTrail,,,,,us-east-1,AWSCloudTrail,,,,,,,,,,,,,,,,
04fe90afe513468d891abdd9bfdbc3da,2026-03-01T20:00:00Z/2026-03-01T21:00:00Z,112233445566,2026-03-01T00:00:00Z,2026-04-01T00:00:00Z,AWS,112233445566,Usage,2026-03-01T20:00:00Z,2026-03-01T21:00:00Z,AWSCloudTrail,USE1-DigestEvent,LookupEvents,,arn:aws:cloudtrail:us-east-1:112233445566:trail/org-trail,1.0,,,0.1,0.098115,0.1,0.098115,Hrs,0.1,0.098115,AWS CloudTrail,,,,,us-east-1,AWSCloudTrail,,,,,,,,,,,,,,,,
23829cbbd4dd4d09b66e39e3984a0ab7,2026-03-02T06:00:00Z/2026-03-02T07:00:00Z,112233445566,2026-03-01T00:00:00Z,2026-04-01T00:00:00Z,AWS,112233445566,Usage,2026-03-02T06:00:00Z,2026-03-02T07:00:00Z,AWSCloudTrail,USE1-DigestEvent,LookupEvents,,arn:aws:cloudtrail:us-east-1:112233445566:trail/org-trail,1.0,,,0.1,0.100738,0.1,0.100738,Hrs,0.1,0.100738,AWS CloudTrail,,,,,us-east-1,AWSCloudTrail,,,,,,,,,,,,,,,,
688c6dbf3e004e70a61d571f57bf1dd5,2026-03-02T16:00:00Z/2026-03-02T17:00:00Z,112233445566,2026-03-01T00:00:00Z,2026-04-01T00:00:00Z,AWS,112233445566,Usage,2026-03-02T16:00:00Z,2026-03-02T17:00:00Z,AWSCloudTrail,USE1-DigestEvent,LookupEvents,,arn:aws:cloudtrail:us-east-1:112233445566:trail/org-trail,1.0,,,0.1,0.101354,0.1,0.101354,Hrs,0.1,0.101354,AWS CloudTrail,,,,,us-east-1,AWSCloudTrail,,,,,,,,,,,,,,,,
83a3539048fa42c7a2ca625bed27e0ce,2026-03-03T02:00:00Z/2026-03-03T03:00:00Z,112233445566,2026-03-01T00:00:00Z,2026-04-01T00:00:00Z,AWS,112233445566,Usage,2026-03-03T02:00:00Z,2026-03-03T03:00:00Z,AWSCloudTrail,USE1-DigestEvent,LookupEvents,,arn:aws:cloudtrail:us-east-1:112233445566:trail/org-trail,1.0,,,0.1,0.101894,0.1,0.101894,Hrs,0.1,0.101894,AWS CloudTrail,,,,,us-east-1,AWSCloudTrail,,,,,,,,,,,,,,,,
7c3fd2cbf0ad411e987ea2e0b4b77360,2026-03-03T12:00:00Z/2026-03-03T13:00:00Z,112233445566,2026-03-01T00:00:00Z,2026-04-01T00:00:00Z,AWS,112233445566,Usage,2026-03-03T12:00:00Z,2026-03-03T13:00:00Z,AWSCloudTrail,USE1-DigestEvent,LookupEvents,,arn:aws:cloudtrail:us-east-1:112233445566:trail/org-trail,1.0,,,0.1,0.098523,0.1,0.098523,Hrs,0.1,0.098523,AWS CloudTrail,,,,,us-east-1,AWSCloudTrail,,,,,,,,,,,,,,,,
812ec204639e4fdfbc95c64b96e961fc,2026-03-03T22:00:00Z/2026-03-03T23:00:00Z,112233445566,2026-03-01T00:00:00Z,2026-04-01T00:00:00Z,AWS,112233445566,Usage,2026-03-03T22:00:00Z,2026-03-03T23:00:00Z,AWSCloudTrail,USE1-DigestEvent,LookupEvents,,arn:aws:cloudtrail:us-east-1:112233445566:trail/org-trail,1.0,,,0.1,0.101682,0.1,0.101682,Hrs,0.1,0.101682,AWS CloudTrail,,,,,us-east-1,AWSCloudTrail,,,,,,,,,,,,,,,,
b4343e867ceb490da2a387d40d477349,2026-03-04T08:00:00Z/2026-03-04T09:00:00Z,112233445566,2026-03-01T00:00:00Z,2026-04-01T00:00:00Z,AWS,112233445566,Usage,2026-03-04T08:00:00Z,2026-03-04T09:00:00Z,AWSCloudTrail,USE1-DigestEvent,LookupEvents,,arn:aws:cloudtrail:us-east-1:112233445566:trail/org-trail,1.0,,,0.1,0.098452,0.1,0.098452,Hrs,0.1,0.098452,AWS CloudTrail,,,,,us-east-1,AWSCloudTrail,,,,,,,,,,,,,,,,
1fd0201f075f4fe689d1a5a929afda6c,2026-03-04T18:00:00Z/2026-03-04T19:00:00Z,112233445566,2026-03-01T00:00:00Z,2026-04-01T00:00:00Z,AWS,112233445566,Usage,2026-03-04T18:00:00Z,2026-03-04T19:00:00Z,AWSCloudTrail,USE1-DigestEvent,LookupEvents,,arn:aws:cloudtrail:us-east-1:112233445566:trail/org-trail,1.0,,,0.1,0.099645,0.1,0.099645,Hrs,0.1,0.099645,AWS CloudTrail,,,,,us-east-1,AWSCloudTrail,,,,,,,,,,,,,,,,
fb379857430e4784bc4ec92413cffe15,2026-03-05T04:00:00Z/2026-03-05T05:00:00Z,112233445566,2026-03-01T00:00:00Z,2026-04-01T00:00:00Z,AWS,112233445566,Usage,2026-03-05T04:00:00Z,2026-03-05T05:00:00Z,AWSCloudTrail,USE1-DigestEvent,LookupEvents,,arn:aws:cloudtrail:us-east-1:112233445566:trail/org-trail,1.0,,,0.1,0.098184,0.1,0.098184,Hrs,0.1,0.098184,AWS CloudTrail,,,,,us-east-1,AWSCloudTrail,,,,,,,,,,,,,,,,
070e19ca2e47459c917f569f251f95e3,2026-03-05T14:00:00Z/2026-03-05T15:00:00Z,112233445566,2026-03-01T00:00:00Z,2026-04-01T00:00:00Z,AWS,112233445566,Usage,2026-03-05T14:00:00Z,2026-03-05T15:00:00Z,AWSCloudTrail,USE1-DigestEvent,LookupEvents,,arn:aws:cloudtrail:us-east-1:112233445566:trail/org-trail,1.0,,,0.1,0.099046,0.1,0.099046,Hrs,0.1,0.099046,AWS CloudTrail,,,,,us-east-1,AWSCloudTrail,,,,,,,,,,,,,,,,
5ef75c74f1da4770b852c3ddb97259e5,2026-03-06T00:00:00Z/2026-03-06T01:00:00Z,112233445566,2026-03-01T00:00:00Z,2026-04-01T00:00:00Z,AWS,112233445566,Usage,2026-03-06T00:00:00Z,2026-03-06T01:00:00Z,AWSCloudTrail,USE1-DigestEvent,LookupEvents,,arn:aws:cloudtrail:us-east-1:112233445566:trail/org-trail,1.0,,,0.1,0.099257,0.1,0.099257,Hrs,0.1,0.099257,AWS CloudTrail,,,,,us-east-1,AWSCloudTrail,,,,,,,,,,,,,,,,
d7c73ce93300441692d56286a8b0e927,2026-03-06T10:00:00Z/2026-03-06T11:00:00Z,112233445566,2026-03-01T00:00:00Z,2026-04-01T00:00:00Z,AWS,112233445566,Usage,2026-03-06T10:00:00Z,2026-03-06T11:00:00Z,AWSCloudTrail,USE1-DigestEvent,LookupEvents,,arn:aws:cloudtrail:us-east-1:112233445566:trail/org-trail,1.0,,,0.1,0.100818,0.1,0.100818,Hrs,0.1,0.100818,AWS CloudTrail,,,,,us-east-1,AWSCloudTrail,,,,,,,,,,,,,,,,
9e968147cc0f483d9ac62658233a612b,2026-03-06T20:00:00Z/2026-03-06T21:00:00Z,112233445566,2026-03-01T00:00:00Z,2026-04-01T00:00:00Z,AWS,112233445566,Usage,2026-03-06T20:00:00Z,2026-03-06T21:00:00Z,AWSCloudTrail,USE1-DigestEvent,LookupEvents,,arn:aws:cloudtrail:us-east-1:112233445566:trail/org-trail,1.0,,,0.1,0.100712,0.1,0.100712,Hrs,0.1,0.100712,AWS CloudTrail,,,,,us-east-1,AWSCloudTrail,,,,,,,,,,,,,,,,
cd706bd482b949039febaf32f62b7219,2026-03-07T06:00:00Z/2026-03-07T07:00:00Z,112233445566,2026-03-01T00:00:00Z,2026-04-01T00:00:00Z,AWS,112233445566,Usage,2026-03-07T06:00:00Z,2026-03-07T07:00:00Z,AWSCloudTrail,USE1-DigestEvent,LookupEvents,,arn:aws:cloudtrail:us-east-1:112233445566:trail/org-trail,1.0,,,0.1,0.10107,0.1,0.10107,Hrs,0.1,0.10107,AWS CloudTrail,,,,,us-east-1,AWSCloudTrail,,,,,,,,,,,,,,,,
21de1da7f0384fa5994ee95dc436cb20,2026-03-07T16:00:00Z/2026-03-07T17:00:00Z,112233445566,2026-03-01T00:00:00Z,2026-04-01T00:00:00Z,AWS,112233445566,Usage,2026-03-07T16:00:00Z,2026-03-07T17:00:00Z,AWSCloudTrail,USE1-DigestEvent,LookupEvents,,arn:aws:cloudtrail:us-east-1:112233445566:trail/org-trail,1.0,,,0.1,0.100307,0.1,0.100307,Hrs,0.1,0.100307,AWS CloudTrail,,,,,us-east-1,AWSCloudTrail,,,,,,,,,,,,,,,,
edd950591f384e7cb5e7b13cd3b0699c,2026-03-08T02:00:00Z/2026-03-08T03:00:00Z,112233445566,2026-03-01T00:00:00Z,2026-04-01T00:00:00Z,AWS,112233445566,Usage,2026-03-08T02:00:00Z,2026-03-08T03:00:00Z,AWSCloudTrail,USE1-DigestEvent,LookupEvents,,arn:aws:cloudtrail:us-east-1:112233445566:trail/org-trail,1.0,,,0.1,0.10026,0.1,0.10026,Hrs,0.1,0.10026,AWS CloudTrail,,,,,us-east-1,AWSCloudTrail,,,,,,,,,,,,,,,,
115152a3f8fe447eb197ceb5e80973e6,2026-03-08T12:00:00Z/2026-03-08T13:00:00Z,112233445566,2026-03-01T00:00:00Z,2026-04-01T00:00:00Z,AWS,112233445566,Usage,2026-03-08T12:00:00Z,2026-03-08T13:00:00Z,AWSCloudTrail,USE1-DigestEvent,LookupEvents,,arn:aws:cloudtrail:us-east-1:112233445566:trail/org-trail,1.0,,,0.1,0.101912,0.1,0.101912,Hrs,0.1,0.101912,AWS CloudTrail,,,,,us-east-1,AWSCloudTrail,,,,,,,,,,,,,,,,
a6eb53016c274067aa4e480ac19b351f,2026-03-08T22:00:00Z/2026-03-08T23:00:00Z,112233445566,2026-03-01T00:00:00Z,2026-04-01T00:00:00Z,AWS,112233445566,Usage,2026-03-08T22:00:00Z,2026-03-08T23:00:00Z,AWSCloudTrail,USE1-DigestEvent,LookupEvents,,arn:aws:cloudtrail:us-east-1:112233445566:trail/org-trail,1.0,,,0.1,0.100679,0.1,0.100679,Hrs,0.1,0.100679,AWS CloudTrail,,,,,us-east-1,AWSCloudTrail,,,,,,,,,,,,,,,,
17178b11875240c2ba7151b898a7e6d0,2026-03-09T08:00:00Z/2026-03-09T09:00:00Z,112233445566,2026-03-01T00:00:00Z,2026-04-01T00:00:00Z,AWS,112233445566,Usage,2026-03-09T08:00:00Z,2026-03-09T09:00:00Z,AWSCloudTrail,USE1-DigestEvent,LookupEvents,,arn:aws:cloudtrail:us-east-1:112233445566:trail/org-trail,1.0,,,0.1,0.099353,0.1,0.099353,Hrs,0.1,0.099353,AWS CloudTrail,,,,,us-east-1,AWSCloudTrail,,,,,,,,,,,,,,,,
59b83d477d364e92a38116d593a51109,2026-03-09T18:00:00Z/2026-03-09T19:00:00Z,112233445566,2026-03-01T00:00:00Z,2026-04-01T00:00:00Z,AWS,112233445566,Usage,2026-03-09T18:00:00Z,2026-03-09T19:00:00Z,AWSCloudTrail,USE1-DigestEvent,LookupEvents,,arn:aws:cloudtrail:us-east-1:112233445566:trail/org-trail,1.0,,,0.1,0.100092,0.1,0.100092,Hrs,0.1,0.100092,AWS CloudTrail,,,,,us-east-1,AWSCloudTrail,,,,,,,,,,,,,,,,
cf43f7bfbb89478db5b58cd2ee940d4d,2026-03-10T04:00:00Z/2026-03-10T05:00:00Z,112233445566,2026-03-01T00:00:00Z,2026-04-01T00:00:00Z,AWS,112233445566,Usage,2026-03-10T04:00:00Z,2026-03-10T05:00:00Z,AWSCloudTrail,USE1-DigestEvent,LookupEvents,,arn:aws:cloudtrail:us-east-1:112233445566:trail/org-trail,1.0,,,0.1,0.100802,0.1,0.100802,Hrs,0.1,0.100802,AWS CloudTrail,,,,,us-east-1,AWSCloudTrail,,,,,,,,,,,,,,,,
ab285dea4deb4581ba31a6bb581014e6,2026-03-10T14:00:00Z/2026-03-10T15:00:00Z,112233445566,2026-03-01T00:00:00Z,2026-04-01T00:00:00Z,AWS,112233445566,Usage,2026-03-10T14:00:00Z,2026-03-10T15:00:00Z,AWSCloudTrail,USE1-DigestEvent,LookupEvents,,arn:aws:cloudtrail:us-east-1:112233445566:trail/org-trail,1.0,,,0.1,0.098381,0.1,0.098381,Hrs,0.1,0.098381,AWS CloudTrail,,,,,us-east-1,AWSCloudTrail,,,,,,,,,,,,,,,,
f4484d363d00459b866ad15b875aa5de,2026-03-11T00:00:00Z/2026-03-11T01:00:00Z,112233445566,2026-03-01T00:00:00Z,2026-04-01T00:00:00Z,AWS,112233445566,Usage,2026-03-11T00:00:00Z,2026-03-11T01:00:00Z,AWSCloudTrail,USE1-DigestEvent,LookupEvents,,arn:aws:cloudtrail:us-east-1:112233445566:trail/org-trail,1.0,,,0.1,0.100647,0.1,0.100647,Hrs,0.1,0.100647,AWS CloudTrail,,,,,us-east-1,AWSCloudTrail,,,,,,,,,,,,,,,,
ba3cd7427ad341b8b7e61a125476c42d,2026-03-11T10:00:00Z/2026-03-11T11:00:00Z,112233445566,2026-03-01T00:00:00Z,2026-04-01T00:00:00Z,AWS,112233445566,Usage,2026-03-11T10:00:00Z,2026-03-11T11:00:00Z,AWSCloudTrail,USE1-DigestEvent,LookupEvents,,arn:aws:cloudtrail:us-east-1:112233445566:trail/org-trail,1.0,,,0.1,0.098994,0.1,0.098994,Hrs,0.1,0.098994,AWS CloudTrail,,,,,us-east-1,AWSCloudTrail,,,,,,,,,,,,,,,,
f52c620bd49e4b58adb1d18892f900a0,2026-03-11T20:00:00Z/2026-03-11T21:00:00Z,112233445566,2026-03-01T00:00:00Z,2026-04-01T00:00:00Z,AWS,112233445566,Usage,2026-03-11T20:00:00Z,2026-03-11T21:00:00Z,AWSCloudTrail,USE1-DigestEvent,LookupEvents,,arn:aws:cloudtrail:us-east-1:112233445566:trail/org-trail,1.0,,,0.1,0.099383,0.1,0.099383,Hrs,0.1,0.099383,AWS CloudTrail,,,,,us-east-1,AWSCloudTrail,,,,,,,,,,,,,,,,
782c570d60a0469a8ba7c81185561406,2026-03-12T06:00:00Z/2026-03-12T07:00:00Z,112233445566,2026-03-01T00:00:00Z,2026-04-01T00:00:00Z,AWS,112233445566,Usage,2026-03-12T06:00:00Z,2026-03-12T07:00:00Z,AWSCloudTrail,USE1-DigestEvent,LookupEvents,,arn:aws:cloudtrail:us-east-1:112233445566:trail/org-trail,1.0,,,0.1,0.100705,0.1,0.100705,Hrs,0.1,0.100705,AWS CloudTrail,,,,,us-east-1,AWSCloudTrail,,,,,,,,,,,,,,,,
334a8c26c53a4824ab6b288b53f634ae,2026-03-12T16:00:00Z/2026-03-12T17:00:00Z,112233445566,2026-03-01T00:00:00Z,2026-04-01T00:00:00Z,AWS,112233445566,Usage,2026-03-12T16:00:00Z,2026-03-12T17:00:00Z,AWSCloudTrail,USE1-DigestEvent,LookupEvents,,arn:aws:cloudtrail:us-east-1:112233445566:trail/org-trail,1.0,,,0.1,0.09954,0.1,0.09954,Hrs,0.1,0.09954,AWS CloudTrail,,,,,us-east-1,AWSCloudTrail,,,,,,,,,,,,,,,,
527e57ad8e774fc090d18c875796b171,2026-03-13T02:00:00Z/2026-03-13T03:00:00Z,112233445566,2026-03-01T00:00:00Z,2026-04-01T00:00:00Z,AWS,112233445566,Usage,2026-03-13T02:00:00Z,2026-03-13T03:00:00Z,AWSCloudTrail,USE1-DigestEvent,LookupEvents,,arn:aws:cloudtrail:us-east-1:112233445566:trail/org-trail,1.0,,,0.1,0.101356,0.1,0.101356,Hrs,0.1,0.101356,AWS CloudTrail,,,,,us-east-1,AWSCloudTrail,,,,,,,,,,,,,,,,
3d718ba8378c4f1690f427d954c58be7,2026-03-13T12:00:00Z/2026-03-13T13:00:00Z,112233445566,2026-03-01T00:00:00Z,2026-04-01T00:00:00Z,AWS,112233445566,Usage,2026-03-13T12:00:00Z,2026-03-13T13:00:00Z,AWSCloudTrail,USE1-DigestEvent,LookupEvents,,arn:aws:cloudtrail:us-east-1:112233445566:trail/org-trail,1.0,,,0.1,0.100233,0.1,0.100233,Hrs,0.1,0.100233,AWS CloudTrail,,,,,us-east-1,AWSCloudTrail,,,,,,,,,,,,,,,,
f52461860b954388bdf5130ca718c14a,2026-03-13T22:00:00Z/2026-03-13T23:00:00Z,112233445566,2026-03-01T00:00:00Z,2026-04-01T00:00:00Z,AWS,112233445566,Usage,2026-03-13T22:00:00Z,2026-03-13T23:00:00Z,AWSCloudTrail,USE1-DigestEvent,LookupEvents,,arn:aws:cloudtrail:us-east-1:112233445566:trail/org-trail,1.0,,,0.1,0.101951,0.1,0.101951,Hrs,0.1,0.101951,AWS CloudTrail,,,,,us-east-1,AWSCloudTrail,,,,,,,,,,,,,,,,
b7cd0b1fd0854e848fae4d2c7f151e7c,2026-03-14T08:00:00Z/2026-03-14T09:00:00Z,112233445566,2026-03-01T00:00:00Z,2026-04-01T00:00:00Z,AWS,112233445566,Usage,2026-03-14T08:00:00Z,2026-03-14T09:00:00Z,AWSCloudTrail,USE1-DigestEvent,LookupEvents,,arn:aws:cloudtrail:us-east-1:112233445566:trail/org-trail,1.0,,,0.1,0.098218,0.1,0.098218,Hrs,0.1,0.098218,AWS CloudTrail,,,,,us-east-1,AWSCloudTrail,,,,,,,,,,,,,,,,
ecc0c98462f44ff39a0099d77046b31c,2026-03-14T18:00:00Z/2026-03-14T19:00:00Z,112233445566,2026-03-01T00:00:00Z,2026-04-01T00:00:00Z,AWS,112233445566,Usage,2026-03-14T18:00:00Z,2026-03-14T19:00:00Z,AWSCloudTrail,USE1-DigestEvent,LookupEvents,,arn:aws:cloudtrail:us-east-1:112233445566:trail/org-trail,1.0,,,0.1,0.100574,0.1,0.100574,Hrs,0.1,0.100574,AWS CloudTrail,,,,,us-east-1,AWSCloudTrail,,,,,,,,,,,,,,,,
2c8ed224ed424ac4860f136a3a594663,2026-03-15T04:00:00Z/2026-03-15T05:00:00Z,112233445566,2026-03-01T00:00:00Z,2026-04-01T00:00:00Z,AWS,112233445566,Usage,2026-03-15T04:00:00Z,2026-03-15T05:00:00Z,AWSCloudTrail,USE1-DigestEvent,LookupEvents,,arn:aws:cloudtrail:us-east-1:112233445566:trail/org-trail,1.0,,,0.1,0.098628,0.1,0.098628,Hrs,0.1,0.098628,AWS CloudTrail,,,,,us-east-1,AWSCloudTrail,,,,,,,,,,,,,,,,
9954728eeefa4d82a5ecf205f8730f71,2026-03-15T14:00:00Z/2026-03-15T15:00:00Z,112233445566,2026-03-01T00:00:00Z,2026-04-01T00:00:00Z,AWS,112233445566,Usage,2026-03-15T14:00:00Z,2026-03-15T15:00:00Z,AWSCloudTrail,USE1-DigestEvent,LookupEvents,,arn:aws:cloudtrail:us-east-1:112233445566:trail/org-trail,1.0,,,0.1,0.101395,0.1,0.101395,Hrs,0.1,0.101395,AWS CloudTrail,,,,,us-east-1,AWSCloudTrail,,,,,,,,,,,,,,,,
7eac676711d0431397afe470659cfc5c,2026-03-16T00:00:00Z/2026-03-16T01:00:00Z,112233445566,2026-03-01T00:00:00Z,2026-04-01T00:00:00Z,AWS,112233445566,Usage,2026-03-16T00:00:00Z,2026-03-16T01:00:00Z,AWSCloudTrail,USE1-DigestEvent,LookupEvents,,arn:aws:cloudtrail:us-east-1:112233445566:trail/org-trail,1.0,,,0.1,0.101407,0.1,0.101407,Hrs,0.1,0.101407,AWS CloudTrail,,,,,us-east-1,AWSCloudTrail,,,,,,,,,,,,,,,,
26f20db4e3be4a51954d319e9415a93d,2026-03-16T10:00:00Z/2026-03-16T11:00:00Z,112233445566,2026-03-01T00:00:00Z,2026-04-01T00:00:00Z,AWS,112233445566,Usage,2026-03-16T10:00:00Z,2026-03-16T11:00:00Z,AWSCloudTrail,USE1-DigestEvent,LookupEvents,,arn:aws:cloudtrail:us-east-1:112233445566:trail/org-trail,1.0,,,0.1,0.101478,0.1,0.101478,Hrs,0.1,0.101478,AWS CloudTrail,,,,,us-east-1,AWSCloudTrail,,,,,,,,,,,,,,,,
64f9a29cbc174aa98d6984be46cc9cd5,2026-03-16T20:00:00Z/2026-03-16T21:00:00Z,112233445566,2026-03-01T00:00:00Z,2026-04-01T00:00:00Z,AWS,112233445566,Usage,2026-03-16T20:00:00Z,2026-03-16T21:00:00Z,AWSCloudTrail,USE1-DigestEvent,LookupEvents,,arn:aws:cloudtrail:us-east-1:112233445566:trail/org-trail,1.0,,,0.1,0.098299,0.1,0.098299,Hrs,0.1,0.098299,AWS CloudTrail,,,,,us-east-1,AWSCloudTrail,,,,,,,,,,,,,,,,
e12742e0fa904a76a74dd382940012ad,2026-03-17T06:00:00Z/2026-03-17T07:00:00Z,112233445566,2026-03-01T00:00:00Z,2026-04-01T00:00:00Z,AWS,112233445566,Usage,2026-03-17T06:00:00Z,2026-03-17T07:00:00Z,AWSCloudTrail,USE1-DigestEvent,LookupEvents,,arn:aws:cloudtrail:us-east-1:112233445566:trail/org-trail,1.0,,,0.1,0.099967,0.1,0.099967,Hrs,0.1,0.099967,AWS CloudTrail,,,,,us-east-1,AWSCloudTrail,,,,,,,,,,,,,,,,
22546adc4ef044e8b253607c7815c994,2026-03-17T16:00:00Z/2026-03-17T17:00:00Z,112233445566,2026-03-01T00:00:00Z,2026-04-01T00:00:00Z,AWS,112233445566,Usage,2026-03-17T16:00:00Z,2026-03-17T17:00:00Z,AWSCloudTrail,USE1-DigestEvent,LookupEvents,,arn:aws:cloudtrail:us-east-1:112233445566:trail/org-trail,1.0,,,0.1,0.098964,0.1,0.098964,Hrs,0.1,0.098964,AWS CloudTrail,,,,,us-east-1,AWSCloudTrail,,,,,,,,,,,,,,,,
7285f4575f2f4b94a3f077f440d359bf,2026-03-18T02:00:00Z/2026-03-18T03:00:00Z,112233445566,2026-03-01T00:00:00Z,2026-04-01T00:00:00Z,AWS,112233445566,Usage,2026-03-18T02:00:00Z,2026-03-18T03:00:00Z,AWSCloudTrail,USE1-DigestEvent,LookupEvents,,arn:aws:cloudtrail:us-east-1:112233445566:trail/org-trail,1.0,,,0.1,0.101881,0.1,0.101881,Hrs,0.1,0.101881,AWS CloudTrail,,,,,us-east-1,AWSCloudTrail,,,,,,,,,,,,,,,,
9e93a2409ca0420b9385d213cd10d6f4,2026-03-18T12:00:00Z/2026-03-18T13:00:00Z,112233445566,2026-03-01T00:00:00Z,2026-04-01T00:00:00Z,AWS,112233445566,Usage,2026-03-18T12:00:00Z,2026-03-18T13:00:00Z,AWSCloudTrail,USE1-DigestEvent,LookupEvents,,arn:aws:cloudtrail:us-east-1:112233445566:trail/org-trail,1.0,,,0.1,0.098201,0.1,0.098201,Hrs,0.1,0.098201,AWS CloudTrail,,,,,us-east-1,AWSCloudTrail,,,,,,,,,,,,,,,,
3fc11904a8424c24984d07f84825cea6,2026-03-18T22:00:00Z/2026-03-18T23:00:00Z,112233445566,2026-03-01T00:00:00Z,2026-04-01T00:00:00Z,AWS,112233445566,Usage,2026-03-18T22:00:00Z,2026-03-18T23:00:00Z,AWSCloudTrail,USE1-DigestEvent,LookupEvents,,arn:aws:cloudtrail:us-east-1:112233445566:trail/org-trail,1.0,,,0.1,0.098891,0.1,0.098891,Hrs,0.1,0.098891,AWS CloudTrail,,,,,us-east-1,AWSCloudTrail,,,,,,,,,,,,,,,,
e9daef077ccb46ef9e619760f0483060,2026-03-19T08:00:00Z/2026-03-19T09:00:00Z,112233445566,2026-03-01T00:00:00Z,2026-04-01T00:00:00Z,AWS,112233445566,Usage,2026-03-19T08:00:00Z,2026-03-19T09:00:00Z,AWSCloudTrail,USE1-DigestEvent,LookupEvents,,arn:aws:cloudtrail:us-east-1:112233445566:trail/org-trail,1.0,,,0.1,0.100573,0.1,0.100573,Hrs,0.1,0.100573,AWS CloudTrail,,,,,us-east-1,AWSCloudTrail,,,,,,,,,,,,,,,,
1a34033154a04a1c8bbb98fcef69f99d,2026-03-19T18:00:00Z/2026-03-19T19:00:00Z,112233445566,2026-03-01T00:00:00Z,2026-04-01T00:00:00Z,AWS,112233445566,Usage,2026-03-19T18:00:00Z,2026-03-19T19:00:00Z,AWSCloudTrail,USE1-DigestEvent,LookupEvents,,arn:aws:cloudtrail:us-east-1:112233445566:trail/org-trail,1.0,,,0.1,0.099613,0.1,0.099613,Hrs,0.1,0.099613,AWS CloudTrail,,,,,us-east-1,AWSCloudTrail,,,,,,,,,,,,,,,,
65b41516997f460c82e86fd81a454a88,2026-03-20T04:00:00Z/2026-03-20T05:00:00Z,112233445566,2026-03-01T00:00:00Z,2026-04-01T00:00:00Z,AWS,112233445566,Usage,2026-03-20T04:00:00Z,2026-03-20T05:00:00Z,AWSCloudTrail,USE1-DigestEvent,LookupEvents,,arn:aws:cloudtrail:us-east-1:112233445566:trail/org-trail,1.0,,,0.1,0.09894,0.1,0.09894,Hrs,0.1,0.09894,AWS CloudTrail,,,,,us-east-1,AWSCloudTrail,,,,,,,,,,,,,,,,
b9ae4438dcaf42598921ab83f4c04e3f,2026-03-20T14:00:00Z/2026-03-20T15:00:00Z,112233445566,2026-03-01T00:00:00Z,2026-04-01T00:00:00Z,AWS,112233445566,Usage,2026-03-20T14:00:00Z,2026-03-20T15:00:00Z,AWSCloudTrail,USE1-DigestEvent,LookupEvents,,arn:aws:cloudtrail:us-east-1:112233445566:trail/org-trail,1.0,,,0.1,0.099836,0.1,0.099836,Hrs,0.1,0.099836,AWS CloudTrail,,,,,us-east-1,AWSCloudTrail,,,,,,,,,,,,,,,,
1f7ed02cd8e943ca8e474be1612da02d,2026-03-21T00:00:00Z/2026-03-21T01:00:00Z,112233445566,2026-03-01T00:00:00Z,2026-04-01T00:00:00Z,AWS,112233445566,Usage,2026-03-21T00:00:00Z,2026-03-21T01:00:00Z,AWSCloudTrail,USE1-DigestEvent,LookupEvents,,arn:aws:cloudtrail:us-east-1:112233445566:trail/org-trail,1.0,,,0.1,0.101205,0.1,0.101205,Hrs,0.1,0.101205,AWS CloudTrail,,,,,us-east-1,AWSCloudTrail,,,,,,,,,,,,,,,,
28e324a5248f47b8ab9cedb67345ad25,2026-03-21T10:00:00Z/2026-03-21T11:00:00Z,112233445566,2026-03-01T00:00:00Z,2026-04-01T00:00:00Z,AWS,112233445566,Usage,2026-03-21T10:00:00Z,2026-03-21T11:00:00Z,AWSCloudTrail,USE1-DigestEvent,LookupEvents,,arn:aws:cloudtrail:us-east-1:112233445566:trail/org-trail,1.0,,,0.1,0.099792,0.1,0.099792,Hrs,0.1,0.099792,AWS CloudTrail,,,,,us-east-1,AWSCloudTrail,,,,,,,,,,,,,,,,
3c18e0ffa27546438485347776b30950,2026-03-21T20:00:00Z/2026-03-21T21:00:00Z,112233445566,2026-03-01T00:00:00Z,2026-04-01T00:00:00Z,AWS,112233445566,Usage,2026-03-21T20:00:00Z,2026-03-21T21:00:00Z,AWSCloudTrail,USE1-DigestEvent,LookupEvents,,arn:aws:cloudtrail:us-east-1:112233445566:trail/org-trail,1.0,,,0.1,0.101426,0.1,0.101426,Hrs,0.1,0.101426,AWS CloudTrail,,,,,us-east-1,AWSCloudTrail,,,,,,,,,,,,,,,,
c325bee435414fed9262c9112424467b,2026-03-22T06:00:00Z/2026-03-22T07:00:00Z,112233445566,2026-03-01T00:00:00Z,2026-04-01T00:00:00Z,AWS,112233445566,Usage,2026-03-22T06:00:00Z,2026-03-22T07:00:00Z,AWSCloudTrail,USE1-DigestEvent,LookupEvents,,arn:aws:cloudtrail:us-east-1:112233445566:trail/org-trail,1.0,,,0.1,0.099788,0.1,0.099788,Hrs,0.1,0.099788,AWS CloudTrail,,,,,us-east-1,AWSCloudTrail,,,,,,,,,,,,,,,,
df32913fc1d14cc88eb04fe6a86e341d,2026-03-22T16:00:00Z/2026-03-22T17:00:00Z,112233445566,2026-03-01T00:00:00Z,2026-04-01T00:00:00Z,AWS,112233445566,Usage,2026-03-22T16:00:00Z,2026-03-22T17:00:00Z,AWSCloudTrail,USE1-DigestEvent,LookupEvents,,arn:aws:cloudtrail:us-east-1:112233445566:trail/org-trail,1.0,,,0.1,0.098475,0.1,0.098475,Hrs,0.1,0.098475,AWS CloudTrail,,,,,us-east-1,AWSCloudTrail,,,,,,,,,,,,,,,,
10ca09cb23c64d40bd506d09c1e1f8ec,2026-03-23T02:00:00Z/2026-03-23T03:00:00Z,112233445566,2026-03-01T00:00:00Z,2026-04-01T00:00:00Z,AWS,112233445566,Usage,2026-03-23T02:00:00Z,2026-03-23T03:00:00Z,AWSCloudTrail,USE1-DigestEvent,LookupEvents,,arn:aws:cloudtrail:us-east-1:112233445566:trail/org-trail,1.0,,,0.1,0.099989,0.1,0.099989,Hrs,0.1,0.099989,AWS CloudTrail,,,,,us-east-1,AWSCloudTrail,,,,,,,,,,,,,,,,
fc978b28356a482fae5fa735fdffca0b,2026-03-23T12:00:00Z/2026-03-23T13:00:00Z,112233445566,2026-03-01T00:00:00Z,2026-04-01T00:00:00Z,AWS,112233445566,Usage,2026-03-23T12:00:00Z,2026-03-23T13:00:00Z,AWSCloudTrail,USE1-DigestEvent,LookupEvents,,arn:aws:cloudtrail:us-east-1:112233445566:trail/org-trail,1.0,,,0.1,0.100613,0.1,0.100613,Hrs,0.1,0.100613,AWS CloudTrail,,,,,us-east-1,AWSCloudTrail,,,,,,,,,,,,,,,,
1ac18788a8cd4a8098b4bc7899fede22,2026-03-23T22:00:00Z/2026-03-23T23:00:00Z,112233445566,2026-03-01T00:00:00Z,2026-04-01T00:00:00Z,AWS,112233445566,Usage,2026-03-23T22:00:00Z,2026-03-23T23:00:00Z,AWSCloudTrail,USE1-DigestEvent,LookupEvents,,arn:aws:cloudtrail:us-east-1:112233445566:trail/org-trail,1.0,,,0.1,0.098411,0.1,0.098411,Hrs,0.1,0.098411,AWS CloudTrail,,,,,us-east-1,AWSCloudTrail,,,,,,,,,,,,,,,,
ba21e7a95d7947aa9d2ade8fa41c83ff,2026-03-24T08:00:00Z/2026-03-24T09:00:00Z,112233445566,2026-03-01T00:00:00Z,2026-04-01T00:00:00Z,AWS,112233445566,Usage,2026-03-24T08:00:00Z,2026-03-24T09:00:00Z,AWSCloudTrail,USE1-DigestEvent,LookupEvents,,arn:aws:cloudtrail:us-east-1:112233445566:trail/org-trail,1.0,,,0.1,0.099649,0.1,0.099649,Hrs,0.1,0.099649,AWS CloudTrail,,,,,us-east-1,AWSCloudTrail,,,,,,,,,,,,,,,,
8e3d2297b35d4b5a9088d73b5995f868,2026-03-24T18:00:00Z/2026-03-24T19:00:00Z,112233445566,2026-03-01T00:00:00Z,2026-04-01T00:00:00Z,AWS,112233445566,Usage,2026-03-24T18:00:00Z,2026-03-24T19:00:00Z,AWSCloudTrail,USE1-DigestEvent,LookupEvents,,arn:aws:cloudtrail:us-east-1:112233445566:trail/org-trail,1.0,,,0.1,0.100229,0.1,0.100229,Hrs,0.1,0.100229,AWS CloudTrail,,,,,us-east-1,AWSCloudTrail,,,,,,,,,,,,,,,,
e8c558abe14f47e68e6d421c88fd517b,2026-03-25T04:00:00Z/2026-03-25T05:00:00Z,112233445566,2026-03-01T00:00:00Z,2026-04-01T00:00:00Z,AWS,112233445566,Usage,2026-03-25T04:00:00Z,2026-03-25T05:00:00Z,AWSCloudTrail,USE1-DigestEvent,LookupEvents,,arn:aws:cloudtrail:us-east-1:112233445566:trail/org-trail,1.0,,,0.1,0.098001,0.1,0.098001,Hrs,0.1,0.098001,AWS CloudTrail,,,,,us-east-1,AWSCloudTrail,,,,,,,,,,,,,,,,
af4dea3c64f94da4936c96a73382e350,2026-03-25T14:00:00Z/2026-03-25T15:00:00Z,112233445566,2026-03-01T00:00:00Z,2026-04-01T00:00:00Z,AWS,112233445566,Usage,2026-03-25T14:00:00Z,2026-03-25T15:00:00Z,AWSCloudTrail,USE1-DigestEvent,LookupEvents,,arn:aws:cloudtrail:us-east-1:112233445566:trail/org-trail,1.0,,,0.1,0.098364,0.1,0.098364,Hrs,0.1,0.098364,AWS CloudTrail,,,,,us-east-1,AWSCloudTrail,,,,,,,,,,,,,,,,
54b39c4937cf4c75a867a5399eb7fcb1,2026-03-26T00:00:00Z/2026-03-26T01:00:00Z,112233445566,2026-03-01T00:00:00Z,2026-04-01T00:00:00Z,AWS,112233445566,Usage,2026-03-26T00:00:00Z,2026-03-26T01:00:00Z,AWSCloudTrail,USE1-DigestEvent,LookupEvents,,arn:aws:cloudtrail:us-east-1:112233445566:trail/org-trail,1.0,,,0.1,0.100417,0.1,0.100417,Hrs,0.1,0.100417,AWS CloudTrail,,,,,us-east-1,AWSCloudTrail,,,,,,,,,,,,,,,,
49fd3b31a624480981da11fc0029364a,2026-03-26T10:00:00Z/2026-03-26T11:00:00Z,112233445566,2026-03-01T00:00:00Z,2026-04-01T00:00:00Z,AWS,112233445566,Usage,2026-03-26T10:00:00Z,2026-03-26T11:00:00Z,AWSCloudTrail,USE1-DigestEvent,LookupEvents,,arn:aws:cloudtrail:us-east-1:112233445566:trail/org-trail,1.0,,,0.1,0.100476,0.1,0.100476,Hrs,0.1,0.100476,AWS CloudTrail,,,,,us-east-1,AWSCloudTrail,,,,,,,,,,,,,,,,
b55b65ac06c54400bbd56c0ecc535682,2026-03-26T20:00:00Z/2026-03-26T21:00:00Z,112233445566,2026-03-01T00:00:00Z,2026-04-01T00:00:00Z,AWS,112233445566,Usage,2026-03-26T20:00:00Z,2026-03-26T21:00:00Z,AWSCloudTrail,USE1-DigestEvent,LookupEvents,,arn:aws:cloudtrail:us-east-1:112233445566:trail/org-trail,1.0,,,0.1,0.099218,0.1,0.099218,Hrs,0.1,0.099218,AWS CloudTrail,,,,,us-east-1,AWSCloudTrail,,,,,,,,,,,,,,,,
f71c6a2fdb50495d91c0f771e32c8d17,2026-03-27T06:00:00Z/2026-03-27T07:00:00Z,112233445566,2026-03-01T00:00:00Z,2026-04-01T00:00:00Z,AWS,112233445566,Usage,2026-03-27T06:00:00Z,2026-03-27T07:00:00Z,AWSCloudTrail,USE1-DigestEvent,LookupEvents,,arn:aws:cloudtrail:us-east-1:112233445566:trail/org-trail,1.0,,,0.1,0.100033,0.1,0.100033,Hrs,0.1,0.100033,AWS CloudTrail,,,,,us-east-1,AWSCloudTrail,,,,,,,,,,,,,,,,
845249059bff4a249c6358363eb55de3,2026-03-27T16:00:00Z/2026-03-27T17:00:00Z,112233445566,2026-03-01T00:00:00Z,2026-04-01T00:00:00Z,AWS,112233445566,Usage,2026-03-27T16:00:00Z,2026-03-27T17:00:00Z,AWSCloudTrail,USE1-DigestEvent,LookupEvents,,arn:aws:cloudtrail:us-east-1:112233445566:trail/org-trail,1.0,,,0.1,0.098827,0.1,0.098827,Hrs,0.1,0.098827,AWS CloudTrail,,,,,us-east-1,AWSCloudTrail,,,,,,,,,,,,,,,,
1ff070269d10410d9e59aad0b0edf34e,2026-03-28T02:00:00Z/2026-03-28T03:00:00Z,112233445566,2026-03-01T00:00:00Z,2026-04-01T00:00:00Z,AWS,112233445566,Usage,2026-03-28T02:00:00Z,2026-03-28T03:00:00Z,AWSCloudTrail,USE1-DigestEvent,LookupEvents,,arn:aws:cloudtrail:us-east-1:112233445566:trail/org-trail,1.0,,,0.1,0.100686,0.1,0.100686,Hrs,0.1,0.100686,AWS CloudTrail,,,,,us-east-1,AWSCloudTrail,,,,,,,,,,,,,,,,
713db5a77dcf479f8597070ee2e89ae8,2026-03-28T12:00:00Z/2026-03-28T13:00:00Z,112233445566,2026-03-01T00:00:00Z,2026-04-01T00:00:00Z,AWS,112233445566,Usage,2026-03-28T12:00:00Z,2026-03-28T13:00:00Z,AWSCloudTrail,USE1-DigestEvent,LookupEvents,,arn:aws:cloudtrail:us-east-1:112233445566:trail/org-trail,1.0,,,0.1,0.101801,0.1,0.101801,Hrs,0.1,0.101801,AWS CloudTrail,,,,,us-east-1,AWSCloudTrail,,,,,,,,,,,,,,,,
f5dad52481424020bf94478bbf85fc74,2026-03-28T22:00:00Z/2026-03-28T23:00:00Z,112233445566,2026-03-01T00:00:00Z,2026-04-01T00:00:00Z,AWS,112233445566,Usage,2026-03-28T22:00:00Z,2026-03-28T23:00:00Z,AWSCloudTrail,USE1-DigestEvent,LookupEvents,,arn:aws:cloudtrail:us-east-1:112233445566:trail/org-trail,1.0,,,0.1,0.099453,0.1,0.099453,Hrs,0.1,0.099453,AWS CloudTrail,,,,,us-east-1,AWSCloudTrail,,,,,,,,,,,,,,,,
5224efd188ca475b9b90e7d96fc451d3,2026-03-29T08:00:00Z/2026-03-29T09:00:00Z,112233445566,2026-03-01T00:00:00Z,2026-04-01T00:00:00Z,AWS,112233445566,Usage,2026-03-29T08:00:00Z,2026-03-29T09:00:00Z,AWSCloudTrail,USE1-DigestEvent,LookupEvents,,arn:aws:cloudtrail:us-east-1:112233445566:trail/org-trail,1.0,,,0.1,0.098217,0.1,0.098217,Hrs,0.1,0.098217,AWS CloudTrail,,,,,us-east-1,AWSCloudTrail,,,,,,,,,,,,,,,,
da410d1925ab46018afd490a0cdda1c3,2026-03-29T18:00:00Z/2026-03-29T19:00:00Z,112233445566,2026-03-01T00:00:00Z,2026-04-01T00:00:00Z,AWS,112233445566,Usage,2026-03-29T18:00:00Z,2026-03-29T19:00:00Z,AWSCloudTrail,USE1-DigestEvent,LookupEvents,,arn:aws:cloudtrail:us-east-1:112233445566:trail/org-trail,1.0,,,0.1,0.098892,0.1,0.098892,Hrs,0.1,0.098892,AWS CloudTrail,,,,,us-east-1,AWSCloudTrail,,,,,,,,,,,,,,,,
583364a55b444c6ab85f12efd0f33b80,2026-03-30T04:00:00Z/2026-03-30T05:00:00Z,112233445566,2026-03-01T00:00:00Z,2026-04-01T00:00:00Z,AWS,112233445566,Usage,2026-03-30T04:00:00Z,2026-03-30T05:00:00Z,AWSCloudTrail,USE1-DigestEvent,LookupEvents,,arn:aws:cloudtrail:us-east-1:112233445566:trail/org-trail,1.0,,,0.1,0.099818,0.1,0.099818,Hrs,0.1,0.099818,AWS CloudTrail,,,,,us-east-1,AWSCloudTrail,,,,,,,,,,,,,,,,
3b9ea82529b34370bd827df43d42b653,2026-03-30T14:00:00Z/2026-03-30T15:00:00Z,112233445566,2026-03-01T00:00:00Z,2026-04-01T00:00:00Z,AWS,112233445566,Usage,2026-03-30T14:00:00Z,2026-03-30T15:00:00Z,AWSCloudTrail,USE1-DigestEvent,LookupEvents,,arn:aws:cloudtrail:us-east-1:112233445566:trail/org-trail,1.0,,,0.1,0.100241,0.1,0.100241,Hrs,0.1,0.100241,AWS CloudTrail,,,,,us-east-1,AWSCloudTrail,,,,,,,,,,,,,,,,
50d85c6e3dad46079fee5a41d77735c2,2026-03-01T00:00:00Z/2026-03-01T01:00:00Z,112233445566,2026-03-01T00:00:00Z,2026-04-01T00:00:00Z,AWS,112233445566,Usage,2026-03-01T00:00:00Z,2026-03-01T01:00:00Z,AmazonRDS,USEA-InstanceUsage:db.t3.medium,CreateDBInstance:0002,,arn:aws:rds:us-east-1:112233445566:db:platform-db,1.0,,,0.068,0.068016,0.068,0.067996,Hrs,0.068,0.068,Amazon Relational Database Service,db.t3.medium,,,,us-east-1,AmazonRDS,platform,prod,CC100,,,,,,,,,,,,,
2e16aaa4da204ef9832d0152eafd4cc1,2026-03-01T10:00:00Z/2026-03-01T11:00:00Z,112233445566,2026-03-01T00:00:00Z,2026-04-01T00:00:00Z,AWS,112233445566,Usage,2026-03-01T10:00:00Z,2026-03-01T11:00:00Z,AmazonRDS,USEA-InstanceUsage:db.t3.medium,CreateDBInstance:0002,,arn:aws:rds:us-east-1:112233445566:db:platform-db,1.0,,,0.068,0.068021,0.068,0.068029,Hrs,0.068,0.068,Amazon Relational Database Service,db.t3.medium,,,,us-east-1,AmazonRDS,platform,prod,CC100,,,,,,,,,,,,,
2e27a8c749fa47069fa32bb5f4a99d88,2026-03-01T20:00:00Z/2026-03-01T21:00:00Z,112233445566,2026-03-01T00:00:00Z,2026-04-01T00:00:00Z,AWS,112233445566,Usage,2026-03-01T20:00:00Z,2026-03-01T21:00:00Z,AmazonRDS,USEA-InstanceUsage:db.t3.medium,CreateDBInstance:0002,,arn:aws:rds:us-east-1:112233445566:db:platform-db,1.0,,,0.068,0.067948,0.068,0.068035,Hrs,0.068,0.068,Amazon Relational Database Service,db.t3.medium,,,,us-east-1,AmazonRDS,platform,prod,CC100,,,,,,,,,,,,,
9cf1d5cf8f4843a6aee594b2de278c91,2026-03-02T06:00:00Z/2026-03-02T07:00:00Z,112233445566,2026-03-01T00:00:00Z,2026-04-01T00:00:00Z,AWS,112233445566,Usage,2026-03-02T06:00:00Z,2026-03-02T07:00:00Z,AmazonRDS,USEA-InstanceUsage:db.t3.medium,CreateDBInstance:0002,,arn:aws:rds:us-east-1:112233445566:db:platform-db,1.0,,,0.068,0.067962,0.068,0.067978,Hrs,0.068,0.068,Amazon Relational Database Service,db.t3.medium,,,,us-east-1,AmazonRDS,platform,prod,CC100,,,,,,,,,,,,,
6735b87162f644a5accf2f8e76984d38,2026-03-02T16:00:00Z/2026-03-02T17:00:00Z,112233445566,2026-03-01T00:00:00Z,2026-04-01T00:00:00Z,AWS,112233445566,Usage,2026-03-02T16:00:00Z,2026-03-02T17:00:00Z,AmazonRDS,USEA-InstanceUsage:db.t3.medium,CreateDBInstance:0002,,arn:aws:rds:us-east-1:112233445566:db:platform-db,1.0,,,0.068,0.068045,0.068,0.068063,Hrs,0.068,0.068,Amazon Relational Database Service,db.t3.medium,,,,us-east-1,AmazonRDS,platform,prod,CC100,,,,,,,,,,,,,
fd36b2952f3941f6ada4874216c222db,2026-03-03T02:00:00Z/2026-03-03T03:00:00Z,112233445566,2026-03-01T00:00:00Z,2026-04-01T00:00:00Z,AWS,112233445566,Usage,2026-03-03T02:00:00Z,2026-03-03T03:00:00Z,AmazonRDS,USEA-InstanceUsage:db.t3.medium,CreateDBInstance:0002,,arn:aws:rds:us-east-1:112233445566:db:platform-db,1.0,,,0.068,0.067972,0.068,0.068003,Hrs,0.068,0.068,Amazon Relational Database Service,db.t3.medium,,,,us-east-1,AmazonRDS,platform,prod,CC100,,,,,,,,,,,,,
e7f7ceec51d7466586f8768112c9c022,2026-03-03T12:00:00Z/2026-03-03T13:00:00Z,112233445566,2026-03-01T00:00:00Z,2026-04-01T00:00:00Z,AWS,112233445566,Usage,2026-03-03T12:00:00Z,2026-03-03T13:00:00Z,AmazonRDS,USEA-InstanceUsage:db.t3.medium,CreateDBInstance:0002,,arn:aws:rds:us-east-1:112233445566:db:platform-db,1.0,,,0.068,0.068027,0.068,0.067938,Hrs,0.068,0.068,Amazon Relational Database Service,db.t3.medium,,,,us-east-1,AmazonRDS,platform,prod,CC100,,,,,,,,,,,,,
95ce60eae5d34093b29d3f9130ea70ec,2026-03-03T22:00:00Z/2026-03-03T23:00:00Z,112233445566,2026-03-01T00:00:00Z,2026-04-01T00:00:00Z,AWS,112233445566,Usage,2026-03-03T22:00:00Z,2026-03-03T23:00:00Z,AmazonRDS,USEA-InstanceUsage:db.t3.medium,CreateDBInstance:0002,,arn:aws:rds:us-east-1:112233445566:db:platform-db,1.0,,,0.068,0.067954,0.068,0.067951,Hrs,0.068,0.068,Amazon Relational Database Service,db.t3.medium,,,,us-east-1,AmazonRDS,platform,prod,CC100,,,,,,,,,,,,,
36d6c60eebdc4f7999cb506c0e1e9087,2026-03-04T08:00:00Z/2026-03-04T09:00:00Z,112233445566,2026-03-01T00:00:00Z,2026-04-01T00:00:00Z,AWS,112233445566,Usage,2026-03-04T08:00:00Z,2026-03-04T09:00:00Z,AmazonRDS,USEA-InstanceUsage:db.t3.medium,CreateDBInstance:0002,,arn:aws:rds:us-east-1:112233445566:db:platform-db,1.0,,,0.068,0.068029,0.068,0.06803,Hrs,0.068,0.068,Amazon Relational Database Service,db.t3.medium,,,,us-east-1,AmazonRDS,platform,prod,CC100,,,,,,,,,,,,,
04305bb8575a476696207561e85d9873,2026-03-04T18:00:00Z/2026-03-04T19:00:00Z,112233445566,2026-03-01T00:00:00Z,2026-04-01T00:00:00Z,AWS,112233445566,Usage,2026-03-04T18:00:00Z,2026-03-04T19:00:00Z,AmazonRDS,USEA-InstanceUsage:db.t3.medium,CreateDBInstance:0002,,arn:aws:rds:us-east-1:112233445566:db:platform-db,1.0,,,0.068,0.067947,0.068,0.068015,Hrs,0.068,0.068,Amazon Relational Database Service,db.t3.medium,,,,us-east-1,AmazonRDS,platform,prod,CC100,,,,,,,,,,,,,
dc0408945cb54a3ea88665f3592972c0,2026-03-05T04:00:00Z/2026-03-05T05:00:00Z,112233445566,2026-03-01T00:00:00Z,2026-04-01T00:00:00Z,AWS,112233445566,Usage,2026-03-05T04:00:00Z,2026-03-05T05:00:00Z,AmazonRDS,USEA-InstanceUsage:db.t3.medium,CreateDBInstance:0002,,arn:aws:rds:us-east-1:112233445566:db:platform-db,1.0,,,0.068,0.067958,0.068,0.068059,Hrs,0.068,0.068,Amazon Relational Database Service,db.t3.medium,,,,us-east-1,AmazonRDS,platform,prod,CC100,,,,,,,,,,,,,
1d8ecec902c4441a8fa4ff9a915e1df1,2026-03-05T14:00:00Z/2026-03-05T15:00:00Z,112233445566,2026-03-01T00:00:00Z,2026-04-01T00:00:00Z,AWS,112233445566,Usage,2026-03-05T14:00:00Z,2026-03-05T15:00:00Z,AmazonRDS,USEA-InstanceUsage:db.t3.medium,CreateDBInstance:0002,,arn:aws:rds:us-east-1:112233445566:db:platform-db,1.0,,,0.068,0.067985,0.068,0.067994,Hrs,0.068,0.068,Amazon Relational Database Service,db.t3.medium,,,,us-east-1,AmazonRDS,platform,prod,CC100,,,,,,,,,,,,,
2a3877edf0004cc195e7d09dc452980c,2026-03-06T00:00:00Z/2026-03-06T01:00:00Z,112233445566,2026-03-01T00:00:00Z,2026-04-01T00:00:00Z,AWS,112233445566,Usage,2026-03-06T00:00:00Z,2026-03-06T01:00:00Z,AmazonRDS,USEA-InstanceUsage:db.t3.medium,CreateDBInstance:0002,,arn:aws:rds:us-east-1:112233445566:db:platform-db,1.0,,,0.068,0.068038,0.068,0.068029,Hrs,0.068,0.068,Amazon Relational Database Service,db.t3.medium,,,,us-east-1,AmazonRDS,platform,prod,CC100,,,,,,,,,,,,,
24051caf3678411ea0554eba59416433,2026-03-06T10:00:00Z/2026-03-06T11:00:00Z,112233445566,2026-03-01T00:00:00Z,2026-04-01T00:00:00Z,AWS,112233445566,Usage,2026-03-06T10:00:00Z,2026-03-06T11:00:00Z,AmazonRDS,USEA-InstanceUsage:db.t3.medium,CreateDBInstance:0002,,arn:aws:rds:us-east-1:112233445566:db:platform-db,1.0,,,0.068,0.067947,0.068,0.067988,Hrs,0.068,0.068,Amazon Relational Database Service,db.t3.medium,,,,us-east-1,AmazonRDS,platform,prod,CC100,,,,,,,,,,,,,
39de308a79ac49bc9847ba4d0d421cc2,2026-03-06T20:00:00Z/2026-03-06T21:00:00Z,112233445566,2026-03-01T00:00:00Z,2026-04-01T00:00:00Z,AWS,112233445566,Usage,2026-03-06T20:00:00Z,2026-03-06T21:00:00Z,AmazonRDS,USEA-InstanceUsage:db.t3.medium,CreateDBInstance:0002,,arn:aws:rds:us-east-1:112233445566:db:platform-db,1.0,,,0.068,0.068058,0.068,0.068046,Hrs,0.068,0.068,Amazon Relational Database Service,db.t3.medium,,,,us-east-1,AmazonRDS,platform,prod,CC100,,,,,,,,,,,,,
5ea3d656f9d44a61b3358d91876fb63b,2026-03-07T06:00:00Z/2026-03-07T07:00:00Z,112233445566,2026-03-01T00:00:00Z,2026-04-01T00:00:00Z,AWS,112233445566,Usage,2026-03-07T06:00:00Z,2026-03-07T07:00:00Z,AmazonRDS,USEA-InstanceUsage:db.t3.medium,CreateDBInstance:0002,,arn:aws:rds:us-east-1:112233445566:db:platform-db,1.0,,,0.068,0.068012,0.068,0.068037,Hrs,0.068,0.068,Amazon Relational Database Service,db.t3.medium,,,,us-east-1,AmazonRDS,platform,prod,CC100,,,,,,,,,,,,,
1ecfa8de72a943d8bfd5a31c0f1c5d16,2026-03-07T16:00:00Z/2026-03-07T17:00:00Z,112233445566,2026-03-01T00:00:00Z,2026-04-01T00:00:00Z,AWS,112233445566,Usage,2026-03-07T16:00:00Z,2026-03-07T17:00:00Z,AmazonRDS,USEA-InstanceUsage:db.t3.medium,CreateDBInstance:0002,,arn:aws:rds:us-east-1:112233445566:db:platform-db,1.0,,,0.068,0.067993,0.068,0.068022,Hrs,0.068,0.068,Amazon Relational Database Service,db.t3.medium,,,,us-east-1,AmazonRDS,platform,prod,CC100,,,,,,,,,,,,,
f497eba248fd4f38b89e32a75b3e7d72,2026-03-08T02:00:00Z/2026-03-08T03:00:00Z,112233445566,2026-03-01T00:00:00Z,2026-04-01T00:00:00Z,AWS,112233445566,Usage,2026-03-08T02:00:00Z,2026-03-08T03:00:00Z,AmazonRDS,USEA-InstanceUsage:db.t3.medium,CreateDBInstance:0002,,arn:aws:rds:us-east-1:112233445566:db:platform-db,1.0,,,0.068,0.068062,0.068,0.06795,Hrs,0.068,0.068,Amazon Relational Database Service,db.t3.medium,,,,us-east-1,AmazonRDS,platform,prod,CC100,,,,,,,,,,,,,
1b94b16239a04c18b05217303510a0b2,2026-03-08T12:00:00Z/2026-03-08T13:00:00Z,112233445566,2026-03-01T00:00:00Z,2026-04-01T00:00:00Z,AWS,112233445566,Usage,2026-03-08T12:00:00Z,2026-03-08T13:00:00Z,AmazonRDS,USEA-InstanceUsage:db.t3.medium,CreateDBInstance:0002,,arn:aws:rds:us-east-1:112233445566:db:platform-db,1.0,,,0.068,0.068,0.068,0.068004,Hrs,0.068,0.068,Amazon Relational Database Service,db.t3.medium,,,,us-east-1,AmazonRDS,platform,prod,CC100,,,,,,,,,,,,,
08fce481b0244f7db5c4bfa1b0ac9ae9,2026-03-08T22:00:00Z/2026-03-08T23:00:00Z,112233445566,2026-03-01T00:00:00Z,2026-04-01T00:00:00Z,AWS,112233445566,Usage,2026-03-08T22:00:00Z,2026-03-08T23:00:00Z,AmazonRDS,USEA-InstanceUsage:db.t3.medium,CreateDBInstance:0002,,arn:aws:rds:us-east-1:112233445566:db:platform-db,1.0,,,0.068,0.067939,0.068,0.068059,Hrs,0.068,0.068,Amazon Relational Database Service,db.t3.medium,,,,us-east-1,AmazonRDS,platform,prod,CC100,,,,,,,,,,,,,
d03bf9f50604490b9a434fd126e3f7af,2026-03-09T08:00:00Z/2026-03-09T09:00:00Z,112233445566,2026-03-01T00:00:00Z,2026-04-01T00:00:00Z,AWS,112233445566,Usage,2026-03-09T08:00:00Z,2026-03-09T09:00:00Z,AmazonRDS,USEA-InstanceUsage:db.t3.medium,CreateDBInstance:0002,,arn:aws:rds:us-east-1:112233445566:db:platform-db,1.0,,,0.068,0.068046,0.068,0.067998,Hrs,0.068,0.068,Amazon Relational Database Service,db.t3.medium,,,,us-east-1,AmazonRDS,platform,prod,CC100,,,,,,,,,,,,,
0e5eea6d5bbc41ec927fc38af25c1025,2026-03-09T18:00:00Z/2026-03-09T19:00:00Z,112233445566,2026-03-01T00:00:00Z,2026-04-01T00:00:00Z,AWS,112233445566,Usage,2026-03-09T18:00:00Z,2026-03-09T19:00:00Z,AmazonRDS,USEA-InstanceUsage:db.t3.medium,CreateDBInstance:0002,,arn:aws:rds:us-east-1:112233445566:db:platform-db,1.0,,,0.068,0.068001,0.068,0.068057,Hrs,0.068,0.068,Amazon Relational Database Service,db.t3.medium,,,,us-east-1,AmazonRDS,platform,prod,CC100,,,,,,,,,,,,,
18154408d08f42ccb25430aa96c061a6,2026-03-10T04:00:00Z/2026-03-10T05:00:00Z,112233445566,2026-03-01T00:00:00Z,2026-04-01T00:00:00Z,AWS,112233445566,Usage,2026-03-10T04:00:00Z,2026-03-10T05:00:00Z,AmazonRDS,USEA-InstanceUsage:db.t3.medium,CreateDBInstance:0002,,arn:aws:rds:us-east-1:112233445566:db:platform-db,1.0,,,0.068,0.067956,0.068,0.068011,Hrs,0.068,0.068,Amazon Relational Database Service,db.t3.medium,,,,us-east-1,AmazonRDS,platform,prod,CC100,,,,,,,,,,,,,
28e2d10f04504b34bb1dcc7c270842a0,2026-03-10T14:00:00Z/2026-03-10T15:00:00Z,112233445566,2026-03-01T00:00:00Z,2026-04-01T00:00:00Z,AWS,112233445566,Usage,2026-03-10T14:00:00Z,2026-03-10T15:00:00Z,AmazonRDS,USEA-InstanceUsage:db.t3.medium,CreateDBInstance:0002,,arn:aws:rds:us-east-1:112233445566:db:platform-db,1.0,,,0.068,0.068031,0.068,0.067949,Hrs,0.068,0.068,Amazon Relational Database Service,db.t3.medium,,,,us-east-1,AmazonRDS,platform,prod,CC100,,,,,,,,,,,,,
b65f3a77174345d881a472f8fdd16626,2026-03-11T00:00:00Z/2026-03-11T01:00:00Z,112233445566,2026-03-01T00:00:00Z,2026-04-01T00:00:00Z,AWS,112233445566,Usage,2026-03-11T00:00:00Z,2026-03-11T01:00:00Z,AmazonRDS,USEA-InstanceUsage:db.t3.medium,CreateDBInstance:0002,,arn:aws:rds:us-east-1:112233445566:db:platform-db,1.0,,,0.068,0.067985,0.068,0.068014,Hrs,0.068,0.068,Amazon Relational Database Service,db.t3.medium,,,,us-east-1,AmazonRDS,platform,prod,CC100,,,,,,,,,,,,,
bff6559c0477404983528813755b2edc,2026-03-11T10:00:00Z/2026-03-11T11:00:00Z,112233445566,2026-03-01T00:00:00Z,2026-04-01T00:00:00Z,AWS,112233445566,Usage,2026-03-11T10:00:00Z,2026-03-11T11:00:00Z,AmazonRDS,USEA-InstanceUsage:db.t3.medium,CreateDBInstance:0002,,arn:aws:rds:us-east-1:112233445566:db:platform-db,1.0,,,0.068,0.068052,0.068,0.068001,Hrs,0.068,0.068,Amazon Relational Database Service,db.t3.medium,,,,us-east-1,AmazonRDS,platform,prod,CC100,,,,,,,,,,,,,
4ecdd4b7a77e4e1cb59fd9d452ae19a7,2026-03-11T20:00:00Z/2026-03-11T21:00:00Z,112233445566,2026-03-01T00:00:00Z,2026-04-01T00:00:00Z,AWS,112233445566,Usage,2026-03-11T20:00:00Z,2026-03-11T21:00:00Z,AmazonRDS,USEA-InstanceUsage:db.t3.medium,CreateDBInstance:0002,,arn:aws:rds:us-east-1:112233445566:db:platform-db,1.0,,,0.068,0.067984,0.068,0.068065,Hrs,0.068,0.068,Amazon Relational Database Service,db.t3.medium,,,,us-east-1,AmazonRDS,platform,prod,CC100,,,,,,,,,,,,,
d9cda08576654ded8d5f0f533d54efee,2026-03-12T06:00:00Z/2026-03-12T07:00:00Z,112233445566,2026-03-01T00:00:00Z,2026-04-01T00:00:00Z,AWS,112233445566,Usage,2026-03-12T06:00:00Z,2026-03-12T07:00:00Z,AmazonRDS,USEA-InstanceUsage:db.t3.medium,CreateDBInstance:0002,,arn:aws:rds:us-east-1:112233445566:db:platform-db,1.0,,,0.068,0.068057,0.068,0.068036,Hrs,0.068,0.068,Amazon Relational Database Service,db.t3.medium,,,,us-east-1,AmazonRDS,platform,prod,CC100,,,,,,,,,,,,,
61c73de0d3324320b7653f20202b5f0f,2026-03-12T16:00:00Z/2026-03-12T17:00:00Z,112233445566,2026-03-01T00:00:00Z,2026-04-01T00:00:00Z,AWS,112233445566,Usage,2026-03-12T16:00:00Z,2026-03-12T17:00:00Z,AmazonRDS,USEA-InstanceUsage:db.t3.medium,CreateDBInstance:0002,,arn:aws:rds:us-east-1:112233445566:db:platform-db,1.0,,,0.068,0.067969,0.068,0.068063,Hrs,0.068,0.068,Amazon Relational Database Service,db.t3.medium,,,,us-east-1,AmazonRDS,platform,prod,CC100,,,,,,,,,,,,,
1abf31403b114ac7825909f4c393ca17,2026-03-13T02:00:00Z/2026-03-13T03:00:00Z,112233445566,2026-03-01T00:00:00Z,2026-04-01T00:00:00Z,AWS,112233445566,Usage,2026-03-13T02:00:00Z,2026-03-13T03:00:00Z,AmazonRDS,USEA-InstanceUsage:db.t3.medium,CreateDBInstance:0002,,arn:aws:rds:us-east-1:112233445566:db:platform-db,1.0,,,0.068,0.068064,0.068,0.067994,Hrs,0.068,0.068,Amazon Relational Database Service,db.t3.medium,,,,us-east-1,AmazonRDS,platform,prod,CC100,,,,,,,,,,,,,
a3e6a5da6bbf49eeb1551b9792c19d9d,2026-03-13T12:00:00Z/2026-03-13T13:00:00Z,112233445566,2026-03-01T00:00:00Z,2026-04-01T00:00:00Z,AWS,112233445566,Usage,2026-03-13T12:00:00Z,2026-03-13T13:00:00Z,AmazonRDS,USEA-InstanceUsage:db.t3.medium,CreateDBInstance:0002,,arn:aws:rds:us-east-1:112233445566:db:platform-db,1.0,,,0.068,0.06795,0.068,0.067988,Hrs,0.068,0.068,Amazon Relational Database Service,db.t3.medium,,,,us-east-1,AmazonRDS,platform,prod,CC100,,,,,,,,,,,,,
0bf316da0cf7477babdba4a25673d94c,2026-03-13T22:00:00Z/2026-03-13T23:00:00Z,112233445566,2026-03-01T00:00:00Z,2026-04-01T00:00:00Z,AWS,112233445566,Usage,2026-03-13T22:00:00Z,2026-03-13T23:00:00Z,AmazonRDS,USEA-InstanceUsage:db.t3.medium,CreateDBInstance:0002,,arn:aws:rds:us-east-1:112233445566:db:platform-db,1.0,,,0.068,0.068027,0.068,0.068034,Hrs,0.068,0.068,Amazon Relational Database Service,db.t3.medium,,,,us-east-1,AmazonRDS,platform,prod,CC100,,,,,,,,,,,,,
d0f871fb175945d99f5d02d6eb0fb316,2026-03-14T08:00:00Z/2026-03-14T09:00:00Z,112233445566,2026-03-01T00:00:00Z,2026-04-01T00:00:00Z,AWS,112233445566,Usage,2026-03-14T08:00:00Z,2026-03-14T09:00:00Z,AmazonRDS,USEA-InstanceUsage:db.t3.medium,CreateDBInstance:0002,,arn:aws:rds:us-east-1:112233445566:db:platform-db,1.0,,,0.068,0.067973,0.068,0.068027,Hrs,0.068,0.068,Amazon Relational Database Service,db.t3.medium,,,,us-east-1,AmazonRDS,platform,prod,CC100,,,,,,,,,,,,,
64203d05bb134fd686ab012fc6ab5c84,2026-03-14T18:00:00Z/2026-03-14T19:00:00Z,112233445566,2026-03-01T00:00:00Z,2026-04-01T00:00:00Z,AWS,112233445566,Usage,2026-03-14T18:00:00Z,2026-03-14T19:00:00Z,AmazonRDS,USEA-InstanceUsage:db.t3.medium,CreateDBInstance:0002,,arn:aws:rds:us-east-1:112233445566:db:platform-db,1.0,,,0.068,0.068049,0.068,0.068029,Hrs,0.068,0.068,Amazon Relational Database Service,db.t3.medium,,,,us-east-1,AmazonRDS,platform,prod,CC100,,,,,,,,,,,,,
8ddac8f5919846979404233125c8f3ce,2026-03-15T04:00:00Z/2026-03-15T05:00:00Z,112233445566,2026-03-01T00:00:00Z,2026-04-01T00:00:00Z,AWS,112233445566,Usage,2026-03-15T04:00:00Z,2026-03-15T05:00:00Z,AmazonRDS,USEA-InstanceUsage:db.t3.medium,CreateDBInstance:0002,,arn:aws:rds:us-east-1:112233445566:db:platform-db,1.0,,,0.068,0.068059,0.068,0.068018,Hrs,0.068,0.068,Amazon Relational Database Service,db.t3.medium,,,,us-east-1,AmazonRDS,platform,prod,CC100,,,,,,,,,,,,,
a74a9b9bb9a740e1aa575e69af5711c6,2026-03-15T14:00:00Z/2026-03-15T15:00:00Z,112233445566,2026-03-01T00:00:00Z,2026-04-01T00:00:00Z,AWS,112233445566,Usage,2026-03-15T14:00:00Z,2026-03-15T15:00:00Z,AmazonRDS,USEA-InstanceUsage:db.t3.medium,CreateDBInstance:0002,,arn:aws:rds:us-east-1:112233445566:db:platform-db,1.0,,,0.068,0.067959,0.068,0.068017,Hrs,0.068,0.068,Amazon Relational Database Service,db.t3.medium,,,,us-east-1,AmazonRDS,platform,prod,CC100,,,,,,,,,,,,,
fc592b4db2964ad3be421a131cd8040c,2026-03-16T00:00:00Z/2026-03-16T01:00:00Z,112233445566,2026-03-01T00:00:00Z,2026-04-01T00:00:00Z,AWS,112233445566,Usage,2026-03-16T00:00:00Z,2026-03-16T01:00:00Z,AmazonRDS,USEA-InstanceUsage:db.t3.medium,CreateDBInstance:0002,,arn:aws:rds:us-east-1:112233445566:db:platform-db,1.0,,,0.068,0.067972,0.068,0.067979,Hrs,0.068,0.068,Amazon Relational Database Service,db.t3.medium,,,,us-east-1,AmazonRDS,platform,prod,CC100,,,,,,,,,,,,,
fc9d06c4d4fb4899bc738424063f46cd,2026-03-16T10:00:00Z/2026-03-16T11:00:00Z,112233445566,2026-03-01T00:00:00Z,2026-04-01T00:00:00Z,AWS,112233445566,Usage,2026-03-16T10:00:00Z,2026-03-16T11:00:00Z,AmazonRDS,USEA-InstanceUsage:db.t3.medium,CreateDBInstance:0002,,arn:aws:rds:us-east-1:112233445566:db:platform-db,1.0,,,0.068,0.068023,0.068,0.068065,Hrs,0.068,0.068,Amazon Relational Database Service,db.t3.medium,,,,us-east-1,AmazonRDS,platform,prod,CC100,,,,,,,,,,,,,
492e2abefd604345a6f60682118f6fb5,2026-03-16T20:00:00Z/2026-03-16T21:00:00Z,112233445566,2026-03-01T00:00:00Z,2026-04-01T00:00:00Z,AWS,112233445566,Usage,2026-03-16T20:00:00Z,2026-03-16T21:00:00Z,AmazonRDS,USEA-InstanceUsage:db.t3.medium,CreateDBInstance:0002,,arn:aws:rds:us-east-1:112233445566:db:platform-db,1.0,,,0.068,0.06802,0.068,0.068062,Hrs,0.068,0.068,Amazon Relational Database Service,db.t3.medium,,,,us-east-1,AmazonRDS,platform,prod,CC100,,,,,,,,,,,,,
9683f0ec1eb74d8583954283f1269a92,2026-03-17T06:00:00Z/2026-03-17T07:00:00Z,112233445566,2026-03-01T00:00:00Z,2026-04-01T00:00:00Z,AWS,112233445566,Usage,2026-03-17T06:00:00Z,2026-03-17T07:00:00Z,AmazonRDS,USEA-InstanceUsage:db.t3.medium,CreateDBInstance:0002,,arn:aws:rds:us-east-1:112233445566:db:platform-db,1.0,,,0.068,0.068001,0.068,0.068026,Hrs,0.068,0.068,Amazon Relational Database Service,db.t3.medium,,,,us-east-1,AmazonRDS,platform,prod,CC100,,,,,,,,,,,,,
ed099d1a93674ac58d5ef93582aa5c44,2026-03-17T16:00:00Z/2026-03-17T17:00:00Z,112233445566,2026-03-01T00:00:00Z,2026-04-01T00:00:00Z,AWS,112233445566,Usage,2026-03-17T16:00:00Z,2026-03-17T17:00:00Z,AmazonRDS,USEA-InstanceUsage:db.t3.medium,CreateDBInstance:0002,,arn:aws:rds:us-east-1:112233445566:db:platform-db,1.0,,,0.068,0.067976,0.068,0.067948,Hrs,0.068,0.068,Amazon Relational Database Service,db.t3.medium,,,,us-east-1,AmazonRDS,platform,prod,CC100,,,,,,,,,,,,,
fa7ba64b9c9a47a9b4740ecf46ccad9c,2026-03-18T02:00:00Z/2026-03-18T03:00:00Z,112233445566,2026-03-01T00:00:00Z,2026-04-01T00:00:00Z,AWS,112233445566,Usage,2026-03-18T02:00:00Z,2026-03-18T03:00:00Z,AmazonRDS,USEA-InstanceUsage:db.t3.medium,CreateDBInstance:0002,,arn:aws:rds:us-east-1:112233445566:db:platform-db,1.0,,,0.068,0.06798,0.068,0.067997,Hrs,0.068,0.068,Amazon Relational Database Service,db.t3.medium,,,,us-east-1,AmazonRDS,platform,prod,CC100,,,,,,,,,,,,,
62fba9b256514c4cbba0178ca3a22acf,2026-03-18T12:00:00Z/2026-03-18T13:00:00Z,112233445566,2026-03-01T00:00:00Z,2026-04-01T00:00:00Z,AWS,112233445566,Usage,2026-03-18T12:00:00Z,2026-03-18T13:00:00Z,AmazonRDS,USEA-InstanceUsage:db.t3.medium,CreateDBInstance:0002,,arn:aws:rds:us-east-1:112233445566:db:platform-db,1.0,,,0.068,0.06801,0.068,0.068023,Hrs,0.068,0.068,Amazon Relational Database Service,db.t3.medium,,,,us-east-1,AmazonRDS,platform,prod,CC100,,,,,,,,,,,,,
2d4a674c22894b0cbcee3000e53de460,2026-03-18T22:00:00Z/2026-03-18T23:00:00Z,112233445566,2026-03-01T00:00:00Z,2026-04-01T00:00:00Z,AWS,112233445566,Usage,2026-03-18T22:00:00Z,2026-03-18T23:00:00Z,AmazonRDS,USEA-InstanceUsage:db.t3.medium,CreateDBInstance:0002,,arn:aws:rds:us-east-1:112233445566:db:platform-db,1.0,,,0.068,0.067989,0.068,0.068034,Hrs,0.068,0.068,Amazon Relational Database Service,db.t3.medium,,,,us-east-1,AmazonRDS,platform,prod,CC100,,,,,,,,,,,,,
356a41add3ed437f8bf3bb58596d5ec7,2026-03-19T08:00:00Z/2026-03-19T09:00:00Z,112233445566,2026-03-01T00:00:00Z,2026-04-01T00:00:00Z,AWS,112233445566,Usage,2026-03-19T08:00:00Z,2026-03-19T09:00:00Z,AmazonRDS,USEA-InstanceUsage:db.t3.medium,CreateDBInstance:0002,,arn:aws:rds:us-east-1:112233445566:db:platform-db,1.0,,,0.068,0.068046,0.068,0.067971,Hrs,0.068,0.068,Amazon Relational Database Service,db.t3.medium,,,,us-east-1,AmazonRDS,platform,prod,CC100,,,,,,,,,,,,,
0730c42658c04524a93f1218bbc75413,2026-03-19T18:00:00Z/2026-03-19T19:00:00Z,112233445566,2026-03-01T00:00:00Z,2026-04-01T00:00:00Z,AWS,112233445566,Usage,2026-03-19T18:00:00Z,2026-03-19T19:00:00Z,AmazonRDS,USEA-InstanceUsage:db.t3.medium,CreateDBInstance:0002,,arn:aws:rds:us-east-1:112233445566:db:platform-db,1.0,,,0.068,0.068047,0.068,0.068042,Hrs,0.068,0.068,Amazon Relational Database Service,db.t3.medium,,,,us-east-1,AmazonRDS,platform,prod,CC100,,,,,,,,,,,,,
f42c44998b404d88848edb5065fa3064,2026-03-20T04:00:00Z/2026-03-20T05:00:00Z,112233445566,2026-03-01T00:00:00Z,2026-04-01T00:00:00Z,AWS,112233445566,Usage,2026-03-20T04:00:00Z,2026-03-20T05:00:00Z,AmazonRDS,USEA-InstanceUsage:db.t3.medium,CreateDBInstance:0002,,arn:aws:rds:us-east-1:112233445566:db:platform-db,1.0,,,0.068,0.068003,0.068,0.067935,Hrs,0.068,0.068,Amazon Relational Database Service,db.t3.medium,,,,us-east-1,AmazonRDS,platform,prod,CC100,,,,,,,,,,,,,
b5ee068910e245cf924bcf70018d5e0f,2026-03-20T14:00:00Z/2026-03-20T15:00:00Z,112233445566,2026-03-01T00:00:00Z,2026-04-01T00:00:00Z,AWS,112233445566,Usage,2026-03-20T14:00:00Z,2026-03-20T15:00:00Z,AmazonRDS,USEA-InstanceUsage:db.t3.medium,CreateDBInstance:0002,,arn:aws:rds:us-east-1:112233445566:db:platform-db,1.0,,,0.068,0.067952,0.068,0.068023,Hrs,0.068,0.068,Amazon Relational Database Service,db.t3.medium,,,,us-east-1,AmazonRDS,platform,prod,CC100,,,,,,,,,,,,,
d4e46ff415ad454593806678a166aa85,2026-03-21T00:00:00Z/2026-03-21T01:00:00Z,112233445566,2026-03-01T00:00:00Z,2026-04-01T00:00:00Z,AWS,112233445566,Usage,2026-03-21T00:00:00Z,2026-03-21T01:00:00Z,AmazonRDS,USEA-InstanceUsage:db.t3.medium,CreateDBInstance:0002,,arn:aws:rds:us-east-1:112233445566:db:platform-db,1.0,,,0.068,0.067959,0.068,0.068034,Hrs,0.068,0.068,Amazon Relational Database Service,db.t3.medium,,,,us-east-1,AmazonRDS,platform,prod,CC100,,,,,,,,,,,,,
5400aa9e8a3949bf8250646ee9a057a2,2026-03-21T10:00:00Z/2026-03-21T11:00:00Z,112233445566,2026-03-01T00:00:00Z,2026-04-01T00:00:00Z,AWS,112233445566,Usage,2026-03-21T10:00:00Z,2026-03-21T11:00:00Z,AmazonRDS,USEA-InstanceUsage:db.t3.medium,CreateDBInstance:0002,,arn:aws:rds:us-east-1:112233445566:db:platform-db,1.0,,,0.068,0.067954,0.068,0.067971,Hrs,0.068,0.068,Amazon Relational Database Service,db.t3.medium,,,,us-east-1,AmazonRDS,platform,prod,CC100,,,,,,,,,,,,,
7557fa9fef0144b98b79a4475dd558b4,2026-03-21T20:00:00Z/2026-03-21T21:00:00Z,112233445566,2026-03-01T00:00:00Z,2026-04-01T00:00:00Z,AWS,112233445566,Usage,2026-03-21T20:00:00Z,2026-03-21T21:00:00Z,AmazonRDS,USEA-InstanceUsage:db.t3.medium,CreateDBInstance:0002,,arn:aws:rds:us-east-1:112233445566:db:platform-db,1.0,,,0.068,0.067966,0.068,0.068046,Hrs,0.068,0.068,Amazon Relational Database Service,db.t3.medium,,,,us-east-1,AmazonRDS,platform,prod,CC100,,,,,,,,,,,,,
ae35d89f5302464098155dfdd30762cd,2026-03-22T06:00:00Z/2026-03-22T07:00:00Z,112233445566,2026-03-01T00:00:00Z,2026-04-01T00:00:00Z,AWS,112233445566,Usage,2026-03-22T06:00:00Z,2026-03-22T07:00:00Z,AmazonRDS,USEA-InstanceUsage:db.t3.medium,CreateDBInstance:0002,,arn:aws:rds:us-east-1:112233445566:db:platform-db,1.0,,,0.068,0.068026,0.068,0.067972,Hrs,0.068,0.068,Amazon Relational Database Service,db.t3.medium,,,,us-east-1,AmazonRDS,platform,prod,CC100,,,,,,,,,,,,,
27fada75590940d896c5e1ad4d5d8801,2026-03-22T16:00:00Z/2026-03-22T17:00:00Z,112233445566,2026-03-01T00:00:00Z,2026-04-01T00:00:00Z,AWS,112233445566,Usage,2026-03-22T16:00:00Z,2026-03-22T17:00:00Z,AmazonRDS,USEA-InstanceUsage:db.t3.medium,CreateDBInstance:0002,,arn:aws:rds:us-east-1:112233445566:db:platform-db,1.0,,,0.068,0.068034,0.068,0.067936,Hrs,0.068,0.068,Amazon Relational Database Service,db.t3.medium,,,,us-east-1,AmazonRDS,platform,prod,CC100,,,,,,,,,,,,,
ffa781cdbec2474b995b2b71d83a8dc7,2026-03-23T02:00:00Z/2026-03-23T03:00:00Z,112233445566,2026-03-01T00:00:00Z,2026-04-01T00:00:00Z,AWS,112233445566,Usage,2026-03-23T02:00:00Z,2026-03-23T03:00:00Z,AmazonRDS,USEA-InstanceUsage:db.t3.medium,CreateDBInstance:0002,,arn:aws:rds:us-east-1:112233445566:db:platform-db,1.0,,,0.068,0.068043,0.068,0.067946,Hrs,0.068,0.068,Amazon Relational Database Service,db.t3.medium,,,,us-east-1,AmazonRDS,platform,prod,CC100,,,,,,,,,,,,,
0787b5a46f0d418db23246e32e5f68a0,2026-03-23T12:00:00Z/2026-03-23T13:00:00Z,112233445566,2026-03-01T00:00:00Z,2026-04-01T00:00:00Z,AWS,112233445566,Usage,2026-03-23T12:00:00Z,2026-03-23T13:00:00Z,AmazonRDS,USEA-InstanceUsage:db.t3.medium,CreateDBInstance:0002,,arn:aws:rds:us-east-1:112233445566:db:platform-db,1.0,,,0.068,0.06805,0.068,0.068033,Hrs,0.068,0.068,Amazon Relational Database Service,db.t3.medium,,,,us-east-1,AmazonRDS,platform,prod,CC100,,,,,,,,,,,,,
c084813d13dc483bb5f9a8a4e049031a,2026-03-23T22:00:00Z/2026-03-23T23:00:00Z,112233445566,2026-03-01T00:00:00Z,2026-04-01T00:00:00Z,AWS,112233445566,Usage,2026-03-23T22:00:00Z,2026-03-23T23:00:00Z,AmazonRDS,USEA-InstanceUsage:db.t3.medium,CreateDBInstance:0002,,arn:aws:rds:us-east-1:112233445566:db:platform-db,1.0,,,0.068,0.06805,0.068,0.068033,Hrs,0.068,0.068,Amazon Relational Database Service,db.t3.medium,,,,us-east-1,AmazonRDS,platform,prod,CC100,,,,,,,,,,,,,
b556463d18934a459e259386e6c83d73,2026-03-24T08:00:00Z/2026-03-24T09:00:00Z,112233445566,2026-03-01T00:00:00Z,2026-04-01T00:00:00Z,AWS,112233445566,Usage,2026-03-24T08:00:00Z,2026-03-24T09:00:00Z,AmazonRDS,USEA-InstanceUsage:db.t3.medium,CreateDBInstance:0002,,arn:aws:rds:us-east-1:112233445566:db:platform-db,1.0,,,0.068,0.068008,0.068,0.067964,Hrs,0.068,0.068,Amazon Relational Database Service,db.t3.medium,,,,us-east-1,AmazonRDS,platform,prod,CC100,,,,,,,,,,,,,
21935b4cdbf742c690efb9825e14d229,2026-03-24T18:00:00Z/2026-03-24T19:00:00Z,112233445566,2026-03-01T00:00:00Z,2026-04-01T00:00:00Z,AWS,112233445566,Usage,2026-03-24T18:00:00Z,2026-03-24T19:00:00Z,AmazonRDS,USEA-InstanceUsage:db.t3.medium,CreateDBInstance:0002,,arn:aws:rds:us-east-1:112233445566:db:platform-db,1.0,,,0.068,0.068039,0.068,0.068041,Hrs,0.068,0.068,Amazon Relational Database Service,db.t3.medium,,,,us-east-1,AmazonRDS,platform,prod,CC100,,,,,,,,,,,,,
74bd12d809c341bdbe3df0cd5d41af00,2026-03-25T04:00:00Z/2026-03-25T05:00:00Z,112233445566,2026-03-01T00:00:00Z,2026-04-01T00:00:00Z,AWS,112233445566,Usage,2026-03-25T04:00:00Z,2026-03-25T05:00:00Z,AmazonRDS,USEA-InstanceUsage:db.t3.medium,CreateDBInstance:0002,,arn:aws:rds:us-east-1:112233445566:db:platform-db,1.0,,,0.068,0.067971,0.068,0.068022,Hrs,0.068,0.068,Amazon Relational Database Service,db.t3.medium,,,,us-east-1,AmazonRDS,platform,prod,CC100,,,,,,,,,,,,,
781eab82c96e43a6ac9f687f9db895b7,2026-03-25T14:00:00Z/2026-03-25T15:00:00Z,112233445566,2026-03-01T00:00:00Z,2026-04-01T00:00:00Z,AWS,112233445566,Usage,2026-03-25T14:00:00Z,2026-03-25T15:00:00Z,AmazonRDS,USEA-InstanceUsage:db.t3.medium,CreateDBInstance:0002,,arn:aws:rds:us-east-1:112233445566:db:platform-db,1.0,,,0.068,0.068058,0.068,0.067985,Hrs,0.068,0.068,Amazon Relational Database Service,db.t3.medium,,,,us-east-1,AmazonRDS,platform,prod,CC100,,,,,,,,,,,,,
813eb8ca95054f75a14c6325d6bacf36,2026-03-26T00:00:00Z/2026-03-26T01:00:00Z,112233445566,2026-03-01T00:00:00Z,2026-04-01T00:00:00Z,AWS,112233445566,Usage,2026-03-26T00:00:00Z,2026-03-26T01:00:00Z,AmazonRDS,USEA-InstanceUsage:db.t3.medium,CreateDBInstance:0002,,arn:aws:rds:us-east-1:112233445566:db:platform-db,1.0,,,0.068,0.068062,0.068,0.068065,Hrs,0.068,0.068,Amazon Relational Database Service,db.t3.medium,,,,us-east-1,AmazonRDS,platform,prod,CC100,,,,,,,,,,,,,
95aad7425e8a432a9fae39c10ed17805,2026-03-26T10:00:00Z/2026-03-26T11:00:00Z,112233445566,2026-03-01T00:00:00Z,2026-04-01T00:00:00Z,AWS,112233445566,Usage,2026-03-26T10:00:00Z,2026-03-26T11:00:00Z,AmazonRDS,USEA-InstanceUsage:db.t3.medium,CreateDBInstance:0002,,arn:aws:rds:us-east-1:112233445566:db:platform-db,1.0,,,0.068,0.067975,0.068,0.068007,Hrs,0.068,0.068,Amazon Relational Database Service,db.t3.medium,,,,us-east-1,AmazonRDS,platform,prod,CC100,,,,,,,,,,,,,
9597cc583b6b4da78d04d5ce627e161d,2026-03-26T20:00:00Z/2026-03-26T21:00:00Z,112233445566,2026-03-01T00:00:00Z,2026-04-01T00:00:00Z,AWS,112233445566,Usage,2026-03-26T20:00:00Z,2026-03-26T21:00:00Z,AmazonRDS,USEA-InstanceUsage:db.t3.medium,CreateDBInstance:0002,,arn:aws:rds:us-east-1:112233445566:db:platform-db,1.0,,,0.068,0.067934,0.068,0.067966,Hrs,0.068,0.068,Amazon Relational Database Service,db.t3.medium,,,,us-east-1,AmazonRDS,platform,prod,CC100,,,,,,,,,,,,,
abb05d8de08d4ceba5862169c3b0faf9,2026-03-27T06:00:00Z/2026-03-27T07:00:00Z,112233445566,2026-03-01T00:00:00Z,2026-04-01T00:00:00Z,AWS,112233445566,Usage,2026-03-27T06:00:00Z,2026-03-27T07:00:00Z,AmazonRDS,USEA-InstanceUsage:db.t3.medium,CreateDBInstance:0002,,arn:aws:rds:us-east-1:112233445566:db:platform-db,1.0,,,0.068,0.068016,0.068,0.068038,Hrs,0.068,0.068,Amazon Relational Database Service,db.t3.medium,,,,us-east-1,AmazonRDS,platform,prod,CC100,,,,,,,,,,,,,
16e76f0fe0784fed8892030dc5869d50,2026-03-27T16:00:00Z/2026-03-27T17:00:00Z,112233445566,2026-03-01T00:00:00Z,2026-04-01T00:00:00Z,AWS,112233445566,Usage,2026-03-27T16:00:00Z,2026-03-27T17:00:00Z,AmazonRDS,USEA-InstanceUsage:db.t3.medium,CreateDBInstance:0002,,arn:aws:rds:us-east-1:112233445566:db:platform-db,1.0,,,0.068,0.06805,0.068,0.068045,Hrs,0.068,0.068,Amazon Relational Database Service,db.t3.medium,,,,us-east-1,AmazonRDS,platform,prod,CC100,,,,,,,,,,,,,
67ea03776e4a427689f03ef082414741,2026-03-28T02:00:00Z/2026-03-28T03:00:00Z,112233445566,2026-03-01T00:00:00Z,2026-04-01T00:00:00Z,AWS,112233445566,Usage,2026-03-28T02:00:00Z,2026-03-28T03:00:00Z,AmazonRDS,USEA-InstanceUsage:db.t3.medium,CreateDBInstance:0002,,arn:aws:rds:us-east-1:112233445566:db:platform-db,1.0,,,0.068,0.068056,0.068,0.068028,Hrs,0.068,0.068,Amazon Relational Database Service,db.t3.medium,,,,us-east-1,AmazonRDS,platform,prod,CC100,,,,,,,,,,,,,
0f5ce9e440224d9ea1ef130fb32c0406,2026-03-28T12:00:00Z/2026-03-28T13:00:00Z,112233445566,2026-03-01T00:00:00Z,2026-04-01T00:00:00Z,AWS,112233445566,Usage,2026-03-28T12:00:00Z,2026-03-28T13:00:00Z,AmazonRDS,USEA-InstanceUsage:db.t3.medium,CreateDBInstance:0002,,arn:aws:rds:us-east-1:112233445566:db:platform-db,1.0,,,0.068,0.06802,0.068,0.068035,Hrs,0.068,0.068,Amazon Relational Database Service,db.t3.medium,,,,us-east-1,AmazonRDS,platform,prod,CC100,,,,,,,,,,,,,
a5bed715b79f44a9879fc5d56eda25ca,2026-03-28T22:00:00Z/2026-03-28T23:00:00Z,112233445566,2026-03-01T00:00:00Z,2026-04-01T00:00:00Z,AWS,112233445566,Usage,2026-03-28T22:00:00Z,2026-03-28T23:00:00Z,AmazonRDS,USEA-InstanceUsage:db.t3.medium,CreateDBInstance:0002,,arn:aws:rds:us-east-1:112233445566:db:platform-db,1.0,,,0.068,0.068006,0.068,0.068014,Hrs,0.068,0.068,Amazon Relational Database Service,db.t3.medium,,,,us-east-1,AmazonRDS,platform,prod,CC100,,,,,,,,,,,,,
39a0ff3d567d45b1917ae1aacd2028bb,2026-03-29T08:00:00Z/2026-03-29T09:00:00Z,112233445566,2026-03-01T00:00:00Z,2026-04-01T00:00:00Z,AWS,112233445566,Usage,2026-03-29T08:00:00Z,2026-03-29T09:00:00Z,AmazonRDS,USEA-InstanceUsage:db.t3.medium,CreateDBInstance:0002,,arn:aws:rds:us-east-1:112233445566:db:platform-db,1.0,,,0.068,0.068038,0.068,0.068063,Hrs,0.068,0.068,Amazon Relational Database Service,db.t3.medium,,,,us-east-1,AmazonRDS,platform,prod,CC100,,,,,,,,,,,,,
1a99365bfcd64db2b21bea7635bebcc0,2026-03-29T18:00:00Z/2026-03-29T19:00:00Z,112233445566,2026-03-01T00:00:00Z,2026-04-01T00:00:00Z,AWS,112233445566,Usage,2026-03-29T18:00:00Z,2026-03-29T19:00:00Z,AmazonRDS,USEA-InstanceUsage:db.t3.medium,CreateDBInstance:0002,,arn:aws:rds:us-east-1:112233445566:db:platform-db,1.0,,,0.068,0.067972,0.068,0.067956,Hrs,0.068,0.068,Amazon Relational Database Service,db.t3.medium,,,,us-east-1,AmazonRDS,platform,prod,CC100,,,,,,,,,,,,,
abec4e75bd114f67b3bfff9b19f59f45,2026-03-30T04:00:00Z/2026-03-30T05:00:00Z,112233445566,2026-03-01T00:00:00Z,2026-04-01T00:00:00Z,AWS,112233445566,Usage,2026-03-30T04:00:00Z,2026-03-30T05:00:00Z,AmazonRDS,USEA-InstanceUsage:db.t3.medium,CreateDBInstance:0002,,arn:aws:rds:us-east-1:112233445566:db:platform-db,1.0,,,0.068,0.068025,0.068,0.067957,Hrs,0.068,0.068,Amazon Relational Database Service,db.t3.medium,,,,us-east-1,AmazonRDS,platform,prod,CC100,,,,,,,,,,,,,
9e9fe7451f0b428296df24943032cd11,2026-03-30T14:00:00Z/2026-03-30T15:00:00Z,112233445566,2026-03-01T00:00:00Z,2026-04-01T00:00:00Z,AWS,112233445566,Usage,2026-03-30T14:00:00Z,2026-03-30T15:00:00Z,AmazonRDS,USEA-InstanceUsage:db.t3.medium,CreateDBInstance:0002,,arn:aws:rds:us-east-1:112233445566:db:platform-db,1.0,,,0.068,0.067956,0.068,0.068002,Hrs,0.068,0.068,Amazon Relational Database Service,db.t3.medium,,,,us-east-1,AmazonRDS,platform,prod,CC100,,,,,,,,,,,,,
f719c5f7882e456694b9b5900a7e86bc,2026-03-01T00:00:00Z/2026-03-01T01:00:00Z,112233445566,2026-03-01T00:00:00Z,2026-04-01T00:00:00Z,AWS,223344556677,Usage,2026-03-01T00:00:00Z,2026-03-01T01:00:00Z,AmazonRDS,USWE-InstanceUsage:db.r5.large,CreateDBInstance:0002,,arn:aws:rds:us-west-2:223344556677:db:analytics-db,1.0,,,0.24,0.239941,0.24,0.239966,Hrs,0.24,0.24,Amazon Relational Database Service,db.r5.large,,,,us-west-2,AmazonRDS,data-eng,prod,CC200,,,,,,,,,,,,,
7e4cc7d7940f4056bd13fb4a26bfd7d0,2026-03-01T10:00:00Z/2026-03-01T11:00:00Z,112233445566,2026-03-01T00:00:00Z,2026-04-01T00:00:00Z,AWS,223344556677,Usage,2026-03-01T10:00:00Z,2026-03-01T11:00:00Z,AmazonRDS,USWE-InstanceUsage:db.r5.large,CreateDBInstance:0002,,arn:aws:rds:us-west-2:223344556677:db:analytics-db,1.0,,,0.24,0.240027,0.24,0.239822,Hrs,0.24,0.24,Amazon Relational Database Service,db.r5.large,,,,us-west-2,AmazonRDS,data-eng,prod,CC200,,,,,,,,,,,,,
8fec30df17be4028a21146bd73567a91,2026-03-01T20:00:00Z/2026-03-01T21:00:00Z,112233445566,2026-03-01T00:00:00Z,2026-04-01T00:00:00Z,AWS,223344556677,Usage,2026-03-01T20:00:00Z,2026-03-01T21:00:00Z,AmazonRDS,USWE-InstanceUsage:db.r5.large,CreateDBInstance:0002,,arn:aws:rds:us-west-2:223344556677:db:analytics-db,1.0,,,0.24,0.24004,0.24,0.239882,Hrs,0.24,0.24,Amazon Relational Database Service,db.r5.large,,,,us-west-2,AmazonRDS,data-eng,prod,CC200,,,,,,,,,,,,,
4426c613b5864628b2c8d2d175e76f5c,2026-03-02T06:00:00Z/2026-03-02T07:00:00Z,112233445566,2026-03-01T00:00:00Z,2026-04-01T00:00:00Z,AWS,223344556677,Usage,2026-03-02T06:00:00Z,2026-03-02T07:00:00Z,AmazonRDS,USWE-InstanceUsage:db.r5.large,CreateDBInstance:0002,,arn:aws:rds:us-west-2:223344556677:db:analytics-db,1.0,,,0.24,0.239919,0.24,0.240101,Hrs,0.24,0.24,Amazon Relational Database Service,db.r5.large,,,,us-west-2,AmazonRDS,data-eng,prod,CC200,,,,,,,,,,,,,
ffa98fda56ee45e3a1c86ee712323319,2026-03-02T16:00:00Z/2026-03-02T17:00:00Z,112233445566,2026-03-01T00:00:00Z,2026-04-01T00:00:00Z,AWS,223344556677,Usage,2026-03-02T16:00:00Z,2026-03-02T17:00:00Z,AmazonRDS,USWE-InstanceUsage:db.r5.large,CreateDBInstance:0002,,arn:aws:rds:us-west-2:223344556677:db:analytics-db,1.0,,,0.24,0.239834,0.24,0.239834,Hrs,0.24,0.24,Amazon Relational Database Service,db.r5.large,,,,us-west-2,AmazonRDS,data-eng,prod,CC200,,,,,,,,,,,,,
b903cbde111041618d990b6ff3d4893a,2026-03-03T02:00:00Z/2026-03-03T03:00:00Z,112233445566,2026-03-01T00:00:00Z,2026-04-01T00:00:00Z,AWS,223344556677,Usage,2026-03-03T02:00:00Z,2026-03-03T03:00:00Z,AmazonRDS,USWE-InstanceUsage:db.r5.large,CreateDBInstance:0002,,arn:aws:rds:us-west-2:223344556677:db:analytics-db,1.0,,,0.24,0.239915,0.24,0.239784,Hrs,0.24,0.24,Amazon Relational Database Service,db.r5.large,,,,us-west-2,AmazonRDS,data-eng,prod,CC200,,,,,,,,,,,,,
2ff44578265f4426adb43ac8784c9e6a,2026-03-03T12:00:00Z/2026-03-03T13:00:00Z,112233445566,2026-03-01T00:00:00Z,2026-04-01T00:00:00Z,AWS,223344556677,Usage,2026-03-03T12:00:00Z,2026-03-03T13:00:00Z,AmazonRDS,USWE-InstanceUsage:db.r5.large,CreateDBInstance:0002,,arn:aws:rds:us-west-2:223344556677:db:analytics-db,1.0,,,0.24,0.240208,0.24,0.240055,Hrs,0.24,0.24,Amazon Relational Database Service,db.r5.large,,,,us-west-2,AmazonRDS,data-eng,prod,CC200,,,,,,,,,,,,,
961c08f3fc71438885a22040d5028940,2026-03-03T22:00:00Z/2026-03-03T23:00:00Z,112233445566,2026-03-01T00:00:00Z,2026-04-01T00:00:00Z,AWS,223344556677,Usage,2026-03-03T22:00:00Z,2026-03-03T23:00:00Z,AmazonRDS,USWE-InstanceUsage:db.r5.large,CreateDBInstance:0002,,arn:aws:rds:us-west-2:223344556677:db:analytics-db,1.0,,,0.24,0.240078,0.24,0.239995,Hrs,0.24,0.24,Amazon Relational Database Service,db.r5.large,,,,us-west-2,AmazonRDS,data-eng,prod,CC200,,,,,,,,,,,,,
8afa5905a5b44979bb38708443f78755,2026-03-04T08:00:00Z/2026-03-04T09:00:00Z,112233445566,2026-03-01T00:00:00Z,2026-04-01T00:00:00Z,AWS,223344556677,Usage,2026-03-04T08:00:00Z,2026-03-04T09:00:00Z,AmazonRDS,USWE-InstanceUsage:db.r5.large,CreateDBInstance:0002,,arn:aws:rds:us-west-2:223344556677:db:analytics-db,1.0,,,0.24,0.240035,0.24,0.239932,Hrs,0.24,0.24,Amazon Relational Database Service,db.r5.large,,,,us-west-2,AmazonRDS,data-eng,prod,CC200,,,,,,,,,,,,,
62bab7dc7a824f13b235f47e4d49a3d9,2026-03-04T18:00:00Z/2026-03-04T19:00:00Z,112233445566,2026-03-01T00:00:00Z,2026-04-01T00:00:00Z,AWS,223344556677,Usage,2026-03-04T18:00:00Z,2026-03-04T19:00:00Z,AmazonRDS,USWE-InstanceUsage:db.r5.large,CreateDBInstance:0002,,arn:aws:rds:us-west-2:223344556677:db:analytics-db,1.0,,,0.24,0.240136,0.24,0.239913,Hrs,0.24,0.24,Amazon Relational Database Service,db.r5.large,,,,us-west-2,AmazonRDS,data-eng,prod,CC200,,,,,,,,,,,,,
df4a25b693b246d49f0169a852276c21,2026-03-05T04:00:00Z/2026-03-05T05:00:00Z,112233445566,2026-03-01T00:00:00Z,2026-04-01T00:00:00Z,AWS,223344556677,Usage,2026-03-05T04:00:00Z,2026-03-05T05:00:00Z,AmazonRDS,USWE-InstanceUsage:db.r5.large,CreateDBInstance:0002,,arn:aws:rds:us-west-2:223344556677:db:analytics-db,1.0,,,0.24,0.239866,0.24,0.239848,Hrs,0.24,0.24,Amazon Relational Database Service,db.r5.large,,,,us-west-2,AmazonRDS,data-eng,prod,CC200,,,,,,,,,,,,,
4a9736dc4a664499b628181475733e84,2026-03-05T14:00:00Z/2026-03-05T15:00:00Z,112233445566,2026-03-01T00:00:00Z,2026-04-01T00:00:00Z,AWS,223344556677,Usage,2026-03-05T14:00:00Z,2026-03-05T15:00:00Z,AmazonRDS,USWE-InstanceUsage:db.r5.large,CreateDBInstance:0002,,arn:aws:rds:us-west-2:223344556677:db:analytics-db,1.0,,,0.24,0.239793,0.24,0.240002,Hrs,0.24,0.24,Amazon Relational Database Service,db.r5.large,,,,us-west-2,AmazonRDS,data-eng,prod,CC200,,,,,,,,,,,,,
c814ea3f0b614b049455e5532ba733ec,2026-03-06T00:00:00Z/2026-03-06T01:00:00Z,112233445566,2026-03-01T00:00:00Z,2026-04-01T00:00:00Z,AWS,223344556677,Usage,2026-03-06T00:00:00Z,2026-03-06T01:00:00Z,AmazonRDS,USWE-InstanceUsage:db.r5.large,CreateDBInstance:0002,,arn:aws:rds:us-west-2:223344556677:db:analytics-db,1.0,,,0.24,0.23996,0.24,0.240018,Hrs,0.24,0.24,Amazon Relational Database Service,db.r5.large,,,,us-west-2,AmazonRDS,data-eng,prod,CC200,,,,,,,,,,,,,
c10c4461ef3243f497805e6714dce677,2026-03-06T10:00:00Z/2026-03-06T11:00:00Z,112233445566,2026-03-01T00:00:00Z,2026-04-01T00:00:00Z,AWS,223344556677,Usage,2026-03-06T10:00:00Z,2026-03-06T11:00:00Z,AmazonRDS,USWE-InstanceUsage:db.r5.large,CreateDBInstance:0002,,arn:aws:rds:us-west-2:223344556677:db:analytics-db,1.0,,,0.24,0.239804,0.24,0.239866,Hrs,0.24,0.24,Amazon Relational Database Service,db.r5.large,,,,us-west-2,AmazonRDS,data-eng,prod,CC200,,,,,,,,,,,,,
345cba59ba664f2ca338347816f4f0a7,2026-03-06T20:00:00Z/2026-03-06T21:00:00Z,112233445566,2026-03-01T00:00:00Z,2026-04-01T00:00:00Z,AWS,223344556677,Usage,2026-03-06T20:00:00Z,2026-03-06T21:00:00Z,AmazonRDS,USWE-InstanceUsage:db.r5.large,CreateDBInstance:0002,,arn:aws:rds:us-west-2:223344556677:db:analytics-db,1.0,,,0.24,0.239862,0.24,0.239919,Hrs,0.24,0.24,Amazon Relational Database Service,db.r5.large,,,,us-west-2,AmazonRDS,data-eng,prod,CC200,,,,,,,,,,,,,
3f204d85f4e840b7acd13fda4ddc9137,2026-03-07T06:00:00Z/2026-03-07T07:00:00Z,112233445566,2026-03-01T00:00:00Z,2026-04-01T00:00:00Z,AWS,223344556677,Usage,2026-03-07T06:00:00Z,2026-03-07T07:00:00Z,AmazonRDS,USWE-InstanceUsage:db.r5.large,CreateDBInstance:0002,,arn:aws:rds:us-west-2:223344556677:db:analytics-db,1.0,,,0.24,0.239933,0.24,0.239865,Hrs,0.24,0.24,Amazon Relational Database Service,db.r5.large,,,,us-west-2,AmazonRDS,data-eng,prod,CC200,,,,,,,,,,,,,
7d0940736656409f9e8e4f01fd11d6a6,2026-03-07T16:00:00Z/2026-03-07T17:00:00Z,112233445566,2026-03-01T00:00:00Z,2026-04-01T00:00:00Z,AWS,223344556677,Usage,2026-03-07T16:00:00Z,2026-03-07T17:00:00Z,AmazonRDS,USWE-InstanceUsage:db.r5.large,CreateDBInstance:0002,,arn:aws:rds:us-west-2:223344556677:db:analytics-db,1.0,,,0.24,0.240121,0.24,0.240015,Hrs,0.24,0.24,Amazon Relational Database Service,db.r5.large,,,,us-west-2,AmazonRDS,data-eng,prod,CC200,,,,,,,,,,,,,
d1f4ec31804c46d2b8d8b1ca281e7e0e,2026-03-08T02:00:00Z/2026-03-08T03:00:00Z,112233445566,2026-03-01T00:00:00Z,2026-04-01T00:00:00Z,AWS,223344556677,Usage,2026-03-08T02:00:00Z,2026-03-08T03:00:00Z,AmazonRDS,USWE-InstanceUsage:db.r5.large,CreateDBInstance:0002,,arn:aws:rds:us-west-2:223344556677:db:analytics-db,1.0,,,0.24,0.240238,0.24,0.240155,Hrs,0.24,0.24,Amazon Relational Database Service,db.r5.large,,,,us-west-2,AmazonRDS,data-eng,prod,CC200,,,,,,,,,,,,,
c98887e608a54192a95f187feeb6c428,2026-03-08T12:00:00Z/2026-03-08T13:00:00Z,112233445566,2026-03-01T00:00:00Z,2026-04-01T00:00:00Z,AWS,223344556677,Usage,2026-03-08T12:00:00Z,2026-03-08T13:00:00Z,AmazonRDS,USWE-InstanceUsage:db.r5.large,CreateDBInstance:0002,,arn:aws:rds:us-west-2:223344556677:db:analytics-db,1.0,,,0.24,0.240231,0.24,0.239764,Hrs,0.24,0.24,Amazon Relational Database Service,db.r5.large,,,,us-west-2,AmazonRDS,data-eng,prod,CC200,,,,,,,,,,,,,
6224b24a1b5744dd8a65222908c0d74f,2026-03-08T22:00:00Z/2026-03-08T23:00:00Z,112233445566,2026-03-01T00:00:00Z,2026-04-01T00:00:00Z,AWS,223344556677,Usage,2026-03-08T22:00:00Z,2026-03-08T23:00:00Z,AmazonRDS,USWE-InstanceUsage:db.r5.large,CreateDBInstance:0002,,arn:aws:rds:us-west-2:223344556677:db:analytics-db,1.0,,,0.24,0.240081,0.24,0.239974,Hrs,0.24,0.24,Amazon Relational Database Service,db.r5.large,,,,us-west-2,AmazonRDS,data-eng,prod,CC200,,,,,,,,,,,,,
17c89f2328ad45d9a42c34116ce53e9a,2026-03-09T08:00:00Z/2026-03-09T09:00:00Z,112233445566,2026-03-01T00:00:00Z,2026-04-01T00:00:00Z,AWS,223344556677,Usage,2026-03-09T08:00:00Z,2026-03-09T09:00:00Z,AmazonRDS,USWE-InstanceUsage:db.r5.large,CreateDBInstance:0002,,arn:aws:rds:us-west-2:223344556677:db:analytics-db,1.0,,,0.24,0.240194,0.24,0.240055,Hrs,0.24,0.24,Amazon Relational Database Service,db.r5.large,,,,us-west-2,AmazonRDS,data-eng,prod,CC200,,,,,,,,,,,,,
5af836e27ae64b14a34d4a75a7837371,2026-03-09T18:00:00Z/2026-03-09T19:00:00Z,112233445566,2026-03-01T00:00:00Z,2026-04-01T00:00:00Z,AWS,223344556677,Usage,2026-03-09T18:00:00Z,2026-03-09T19:00:00Z,AmazonRDS,USWE-InstanceUsage:db.r5.large,CreateDBInstance:0002,,arn:aws:rds:us-west-2:223344556677:db:analytics-db,1.0,,,0.24,0.240058,0.24,0.24022,Hrs,0.24,0.24,Amazon Relational Database Service,db.r5.large,,,,us-west-2,AmazonRDS,data-eng,prod,CC200,,,,,,,,,,,,,
8031a3ab22d1485daa5c1dffa2f4abe5,2026-03-10T04:00:00Z/2026-03-10T05:00:00Z,112233445566,2026-03-01T00:00:00Z,2026-04-01T00:00:00Z,AWS,223344556677,Usage,2026-03-10T04:00:00Z,2026-03-10T05:00:00Z,AmazonRDS,USWE-InstanceUsage:db.r5.large,CreateDBInstance:0002,,arn:aws:rds:us-west-2:223344556677:db:analytics-db,1.0,,,0.24,0.240088,0.24,0.239914,Hrs,0.24,0.24,Amazon Relational Database Service,db.r5.large,,,,us-west-2,AmazonRDS,data-eng,prod,CC200,,,,,,,,,,,,,
94c82c7bcb0e4febaf65e4ecc3fb8e13,2026-03-10T14:00:00Z/2026-03-10T15:00:00Z,112233445566,2026-03-01T00:00:00Z,2026-04-01T00:00:00Z,AWS,223344556677,Usage,2026-03-10T14:00:00Z,2026-03-10T15:00:00Z,AmazonRDS,USWE-InstanceUsage:db.r5.large,CreateDBInstance:0002,,arn:aws:rds:us-west-2:223344556677:db:analytics-db,1.0,,,0.24,0.2402,0.24,0.240214,Hrs,0.24,0.24,Amazon Relational Database Service,db.r5.large,,,,us-west-2,AmazonRDS,data-eng,prod,CC200,,,,,,,,,,,,,
e85dc8e3c4ba49c983959c788d403ede,2026-03-11T00:00:00Z/2026-03-11T01:00:00Z,112233445566,2026-03-01T00:00:00Z,2026-04-01T00:00:00Z,AWS,223344556677,Usage,2026-03-11T00:00:00Z,2026-03-11T01:00:00Z,AmazonRDS,USWE-InstanceUsage:db.r5.large,CreateDBInstance:0002,,arn:aws:rds:us-west-2:223344556677:db:analytics-db,1.0,,,0.24,0.239945,0.24,0.240019,Hrs,0.24,0.24,Amazon Relational Database Service,db.r5.large,,,,us-west-2,AmazonRDS,data-eng,prod,CC200,,,,,,,,,,,,,
9650cd6317f7487e9bc1c5d1d046f6ab,2026-03-11T10:00:00Z/2026-03-11T11:00:00Z,112233445566,2026-03-01T00:00:00Z,2026-04-01T00:00:00Z,AWS,223344556677,Usage,2026-03-11T10:00:00Z,2026-03-11T11:00:00Z,AmazonRDS,USWE-InstanceUsage:db.r5.large,CreateDBInstance:0002,,arn:aws:rds:us-west-2:223344556677:db:analytics-db,1.0,,,0.24,0.239896,0.24,0.240197,Hrs,0.24,0.24,Amazon Relational Database Service,db.r5.large,,,,us-west-2,AmazonRDS,data-eng,prod,CC200,,,,,,,,,,,,,
2bb9fe532c2c4557b9cc656039f3c049,2026-03-11T20:00:00Z/2026-03-11T21:00:00Z,112233445566,2026-03-01T00:00:00Z,2026-04-01T00:00:00Z,AWS,223344556677,Usage,2026-03-11T20:00:00Z,2026-03-11T21:00:00Z,AmazonRDS,USWE-InstanceUsage:db.r5.large,CreateDBInstance:0002,,arn:aws:rds:us-west-2:223344556677:db:analytics-db,1.0,,,0.24,0.240155,0.24,0.23994,Hrs,0.24,0.24,Amazon Relational Database Service,db.r5.large,,,,us-west-2,AmazonRDS,data-eng,prod,CC200,,,,,,,,,,,,,
49cc71a26efe44b5bf0309210d8ac6fa,2026-03-12T06:00:00Z/2026-03-12T07:00:00Z,112233445566,2026-03-01T00:00:00Z,2026-04-01T00:00:00Z,AWS,223344556677,Usage,2026-03-12T06:00:00Z,2026-03-12T07:00:00Z,AmazonRDS,USWE-InstanceUsage:db.r5.large,CreateDBInstance:0002,,arn:aws:rds:us-west-2:223344556677:db:analytics-db,1.0,,,0.24,0.240145,0.24,0.239974,Hrs,0.24,0.24,Amazon Relational Database Service,db.r5.large,,,,us-west-2,AmazonRDS,data-eng,prod,CC200,,,,,,,,,,,,,
93584f1319ef4a5ab2b2a2ab8fccf34e,2026-03-12T16:00:00Z/2026-03-12T17:00:00Z,112233445566,2026-03-01T00:00:00Z,2026-04-01T00:00:00Z,AWS,223344556677,Usage,2026-03-12T16:00:00Z,2026-03-12T17:00:00Z,AmazonRDS,USWE-InstanceUsage:db.r5.large,CreateDBInstance:0002,,arn:aws:rds:us-west-2:223344556677:db:analytics-db,1.0,,,0.24,0.239781,0.24,0.240191,Hrs,0.24,0.24,Amazon Relational Database Service,db.r5.large,,,,us-west-2,AmazonRDS,data-eng,prod,CC200,,,,,,,,,,,,,
50c46a9155524463bd99695f29cdffc0,2026-03-13T02:00:00Z/2026-03-13T03:00:00Z,112233445566,2026-03-01T00:00:00Z,2026-04-01T00:00:00Z,AWS,223344556677,Usage,2026-03-13T02:00:00Z,2026-03-13T03:00:00Z,AmazonRDS,USWE-InstanceUsage:db.r5.large,CreateDBInstance:0002,,arn:aws:rds:us-west-2:223344556677:db:analytics-db,1.0,,,0.24,0.239852,0.24,0.240007,Hrs,0.24,0.24,Amazon Relational Database Service,db.r5.large,,,,us-west-2,AmazonRDS,data-eng,prod,CC200,,,,,,,,,,,,,
19cf781c69894a89a9a1c03b00b8ea38,2026-03-13T12:00:00Z/2026-03-13T13:00:00Z,112233445566,2026-03-01T00:00:00Z,2026-04-01T00:00:00Z,AWS,223344556677,Usage,2026-03-13T12:00:00Z,2026-03-13T13:00:00Z,AmazonRDS,USWE-InstanceUsage:db.r5.large,CreateDBInstance:0002,,arn:aws:rds:us-west-2:223344556677:db:analytics-db,1.0,,,0.24,0.240215,0.24,0.23984,Hrs,0.24,0.24,Amazon Relational Database Service,db.r5.large,,,,us-west-2,AmazonRDS,data-eng,prod,CC200,,,,,,,,,,,,,
3f74544a626448a5a1a4f9944b2bc6e3,2026-03-13T22:00:00Z/2026-03-13T23:00:00Z,112233445566,2026-03-01T00:00:00Z,2026-04-01T00:00:00Z,AWS,223344556677,Usage,2026-03-13T22:00:00Z,2026-03-13T23:00:00Z,AmazonRDS,USWE-InstanceUsage:db.r5.large,CreateDBInstance:0002,,arn:aws:rds:us-west-2:223344556677:db:analytics-db,1.0,,,0.24,0.240219,0.24,0.240018,Hrs,0.24,0.24,Amazon Relational Database Service,db.r5.large,,,,us-west-2,AmazonRDS,data-eng,prod,CC200,,,,,,,,,,,,,
3c04bd94640b4ad5a466fec26c63b10b,2026-03-14T08:00:00Z/2026-03-14T09:00:00Z,112233445566,2026-03-01T00:00:00Z,2026-04-01T00:00:00Z,AWS,223344556677,Usage,2026-03-14T08:00:00Z,2026-03-14T09:00:00Z,AmazonRDS,USWE-InstanceUsage:db.r5.large,CreateDBInstance:0002,,arn:aws:rds:us-west-2:223344556677:db:analytics-db,1.0,,,0.24,0.239764,0.24,0.239791,Hrs,0.24,0.24,Amazon Relational Database Service,db.r5.large,,,,us-west-2,AmazonRDS,data-eng,prod,CC200,,,,,,,,,,,,,
2f1facbfab5a45fda21ac402db251674,2026-03-14T18:00:00Z/2026-03-14T19:00:00Z,112233445566,2026-03-01T00:00:00Z,2026-04-01T00:00:00Z,AWS,223344556677,Usage,2026-03-14T18:00:00Z,2026-03-14T19:00:00Z,AmazonRDS,USWE-InstanceUsage:db.r5.large,CreateDBInstance:0002,,arn:aws:rds:us-west-2:223344556677:db:analytics-db,1.0,,,0.24,0.240082,0.24,0.240131,Hrs,0.24,0.24,Amazon Relational Database Service,db.r5.large,,,,us-west-2,AmazonRDS,data-eng,prod,CC200,,,,,,,,,,,,,
abf3a757a3fc449e8e1764c5d0f93d48,2026-03-15T04:00:00Z/2026-03-15T05:00:00Z,112233445566,2026-03-01T00:00:00Z,2026-04-01T00:00:00Z,AWS,223344556677,Usage,2026-03-15T04:00:00Z,2026-03-15T05:00:00Z,AmazonRDS,USWE-InstanceUsage:db.r5.large,CreateDBInstance:0002,,arn:aws:rds:us-west-2:223344556677:db:analytics-db,1.0,,,0.24,0.240175,0.24,0.239964,Hrs,0.24,0.24,Amazon Relational Database Service,db.r5.large,,,,us-west-2,AmazonRDS,data-eng,prod,CC200,,,,,,,,,,,,,
674461af9af84a6dae570a48e73646c8,2026-03-15T14:00:00Z/2026-03-15T15:00:00Z,112233445566,2026-03-01T00:00:00Z,2026-04-01T00:00:00Z,AWS,223344556677,Usage,2026-03-15T14:00:00Z,2026-03-15T15:00:00Z,AmazonRDS,USWE-InstanceUsage:db.r5.large,CreateDBInstance:0002,,arn:aws:rds:us-west-2:223344556677:db:analytics-db,1.0,,,0.24,0.23981,0.24,0.240018,Hrs,0.24,0.24,Amazon Relational Database Service,db.r5.large,,,,us-west-2,AmazonRDS,data-eng,prod,CC200,,,,,,,,,,,,,
1505825d325d48f582ad2068e314decc,2026-03-16T00:00:00Z/2026-03-16T01:00:00Z,112233445566,2026-03-01T00:00:00Z,2026-04-01T00:00:00Z,AWS,223344556677,Usage,2026-03-16T00:00:00Z,2026-03-16T01:00:00Z,AmazonRDS,USWE-InstanceUsage:db.r5.large,CreateDBInstance:0002,,arn:aws:rds:us-west-2:223344556677:db:analytics-db,1.0,,,0.24,0.240097,0.24,0.240229,Hrs,0.24,0.24,Amazon Relational Database Service,db.r5.large,,,,us-west-2,AmazonRDS,data-eng,prod,CC200,,,,,,,,,,,,,
067b0677358846879d132aee3ae31c79,2026-03-16T10:00:00Z/2026-03-16T11:00:00Z,112233445566,2026-03-01T00:00:00Z,2026-04-01T00:00:00Z,AWS,223344556677,Usage,2026-03-16T10:00:00Z,2026-03-16T11:00:00Z,AmazonRDS,USWE-InstanceUsage:db.r5.large,CreateDBInstance:0002,,arn:aws:rds:us-west-2:223344556677:db:analytics-db,1.0,,,0.24,0.240132,0.24,0.24007,Hrs,0.24,0.24,Amazon Relational Database Service,db.r5.large,,,,us-west-2,AmazonRDS,data-eng,prod,CC200,,,,,,,,,,,,,
cc7c4cd960924504b363d1ba1ff841bc,2026-03-16T20:00:00Z/2026-03-16T21:00:00Z,112233445566,2026-03-01T00:00:00Z,2026-04-01T00:00:00Z,AWS,223344556677,Usage,2026-03-16T20:00:00Z,2026-03-16T21:00:00Z,AmazonRDS,USWE-InstanceUsage:db.r5.large,CreateDBInstance:0002,,arn:aws:rds:us-west-2:223344556677:db:analytics-db,1.0,,,0.24,0.240211,0.24,0.240119,Hrs,0.24,0.24,Amazon Relational Database Service,db.r5.large,,,,us-west-2,AmazonRDS,data-eng,prod,CC200,,,,,,,,,,,,,
6d2be7e06a06418d9f46a3b686a7b4c7,2026-03-17T06:00:00Z/2026-03-17T07:00:00Z,112233445566,2026-03-01T00:00:00Z,2026-04-01T00:00:00Z,AWS,223344556677,Usage,2026-03-17T06:00:00Z,2026-03-17T07:00:00Z,AmazonRDS,USWE-InstanceUsage:db.r5.large,CreateDBInstance:0002,,arn:aws:rds:us-west-2:223344556677:db:analytics-db,1.0,,,0.24,0.239834,0.24,0.23998,Hrs,0.24,0.24,Amazon Relational Database Service,db.r5.large,,,,us-west-2,AmazonRDS,data-eng,prod,CC200,,,,,,,,,,,,,
d088df642b524f8b899edb46881cd94f,2026-03-17T16:00:00Z/2026-03-17T17:00:00Z,112233445566,2026-03-01T00:00:00Z,2026-04-01T00:00:00Z,AWS,223344556677,Usage,2026-03-17T16:00:00Z,2026-03-17T17:00:00Z,AmazonRDS,USWE-InstanceUsage:db.r5.large,CreateDBInstance:0002,,arn:aws:rds:us-west-2:223344556677:db:analytics-db,1.0,,,0.24,0.239919,0.24,0.239802,Hrs,0.24,0.24,Amazon Relational Database Service,db.r5.large,,,,us-west-2,AmazonRDS,data-eng,prod,CC200,,,,,,,,,,,,,
c7b47ea069744209afbfb682e64d5fa2,2026-03-18T02:00:00Z/2026-03-18T03:00:00Z,112233445566,2026-03-01T00:00:00Z,2026-04-01T00:00:00Z,AWS,223344556677,Usage,2026-03-18T02:00:00Z,2026-03-18T03:00:00Z,AmazonRDS,USWE-InstanceUsage:db.r5.large,CreateDBInstance:0002,,arn:aws:rds:us-west-2:223344556677:db:analytics-db,1.0,,,0.24,0.239786,0.24,0.240141,Hrs,0.24,0.24,Amazon Relational Database Service,db.r5.large,,,,us-west-2,AmazonRDS,data-eng,prod,CC200,,,,,,,,,,,,,
1a20d7a731da429bb6bcd301c8f234ae,2026-03-18T12:00:00Z/2026-03-18T13:00:00Z,112233445566,2026-03-01T00:00:00Z,2026-04-01T00:00:00Z,AWS,223344556677,Usage,2026-03-18T12:00:00Z,2026-03-18T13:00:00Z,AmazonRDS,USWE-InstanceUsage:db.r5.large,CreateDBInstance:0002,,arn:aws:rds:us-west-2:223344556677:db:analytics-db,1.0,,,0.24,0.240028,0.24,0.240036,Hrs,0.24,0.24,Amazon Relational Database Service,db.r5.large,,,,us-west-2,AmazonRDS,data-eng,prod,CC200,,,,,,,,,,,,,
f4e536a6788d49b88d8590d07ca9c1f0,2026-03-18T22:00:00Z/2026-03-18T23:00:00Z,112233445566,2026-03-01T00:00:00Z,2026-04-01T00:00:00Z,AWS,223344556677,Usage,2026-03-18T22:00:00Z,2026-03-18T23:00:00Z,AmazonRDS,USWE-InstanceUsage:db.r5.large,CreateDBInstance:0002,,arn:aws:rds:us-west-2:223344556677:db:analytics-db,1.0,,,0.24,0.239869,0.24,0.239884,Hrs,0.24,0.24,Amazon Relational Database Service,db.r5.large,,,,us-west-2,AmazonRDS,data-eng,prod,CC200,,,,,,,,,,,,,
f3fe295ab04147f29f779e5b21394c8f,2026-03-19T08:00:00Z/2026-03-19T09:00:00Z,112233445566,2026-03-01T00:00:00Z,2026-04-01T00:00:00Z,AWS,223344556677,Usage,2026-03-19T08:00:00Z,2026-03-19T09:00:00Z,AmazonRDS,USWE-InstanceUsage:db.r5.large,CreateDBInstance:0002,,arn:aws:rds:us-west-2:223344556677:db:analytics-db,1.0,,,0.24,0.239946,0.24,0.240063,Hrs,0.24,0.24,Amazon Relational Database Service,db.r5.large,,,,us-west-2,AmazonRDS,data-eng,prod,CC200,,,,,,,,,,,,,
171ccb215c0c42158baca3702c695e96,2026-03-19T18:00:00Z/2026-03-19T19:00:00Z,112233445566,2026-03-01T00:00:00Z,2026-04-01T00:00:00Z,AWS,223344556677,Usage,2026-03-19T18:00:00Z,2026-03-19T19:00:00Z,AmazonRDS,USWE-InstanceUsage:db.r5.large,CreateDBInstance:0002,,arn:aws:rds:us-west-2:223344556677:db:analytics-db,1.0,,,0.24,0.239968,0.24,0.239768,Hrs,0.24,0.24,Amazon Relational Database Service,db.r5.large,,,,us-west-2,AmazonRDS,data-eng,prod,CC200,,,,,,,,,,,,,
fdbb610a914047a5b1f77778e8f70643,2026-03-20T04:00:00Z/2026-03-20T05:00:00Z,112233445566,2026-03-01T00:00:00Z,2026-04-01T00:00:00Z,AWS,223344556677,Usage,2026-03-20T04:00:00Z,2026-03-20T05:00:00Z,AmazonRDS,USWE-InstanceUsage:db.r5.large,CreateDBInstance:0002,,arn:aws:rds:us-west-2:223344556677:db:analytics-db,1.0,,,0.24,0.240083,0.24,0.240017,Hrs,0.24,0.24,Amazon Relational Database Service,db.r5.large,,,,us-west-2,AmazonRDS,data-eng,prod,CC200,,,,,,,,,,,,,
50a1ff65ccc84d12a09096e7e8c4d988,2026-03-20T14:00:00Z/2026-03-20T15:00:00Z,112233445566,2026-03-01T00:00:00Z,2026-04-01T00:00:00Z,AWS,223344556677,Usage,2026-03-20T14:00:00Z,2026-03-20T15:00:00Z,AmazonRDS,USWE-InstanceUsage:db.r5.large,CreateDBInstance:0002,,arn:aws:rds:us-west-2:223344556677:db:analytics-db,1.0,,,0.24,0.240068,0.24,0.240057,Hrs,0.24,0.24,Amazon Relational Database Service,db.r5.large,,,,us-west-2,AmazonRDS,data-eng,prod,CC200,,,,,,,,,,,,,
3e5e993217a348caa15d9b11a1c18755,2026-03-21T00:00:00Z/2026-03-21T01:00:00Z,112233445566,2026-03-01T00:00:00Z,2026-04-01T00:00:00Z,AWS,223344556677,Usage,2026-03-21T00:00:00Z,2026-03-21T01:00:00Z,AmazonRDS,USWE-InstanceUsage:db.r5.large,CreateDBInstance:0002,,arn:aws:rds:us-west-2:223344556677:db:analytics-db,1.0,,,0.24,0.240123,0.24,0.240041,Hrs,0.24,0.24,Amazon Relational Database Service,db.r5.large,,,,us-west-2,AmazonRDS,data-eng,prod,CC200,,,,,,,,,,,,,
9bdae09d0da04418ac3829e9acb48d34,2026-03-21T10:00:00Z/2026-03-21T11:00:00Z,112233445566,2026-03-01T00:00:00Z,2026-04-01T00:00:00Z,AWS,223344556677,Usage,2026-03-21T10:00:00Z,2026-03-21T11:00:00Z,AmazonRDS,USWE-InstanceUsage:db.r5.large,CreateDBInstance:0002,,arn:aws:rds:us-west-2:223344556677:db:analytics-db,1.0,,,0.24,0.240096,0.24,0.239795,Hrs,0.24,0.24,Amazon Relational Database Service,db.r5.large,,,,us-west-2,AmazonRDS,data-eng,prod,CC200,,,,,,,,,,,,,
0323d6066db74f14ac7fd85fe1c2dca3,2026-03-21T20:00:00Z/2026-03-21T21:00:00Z,112233445566,2026-03-01T00:00:00Z,2026-04-01T00:00:00Z,AWS,223344556677,Usage,2026-03-21T20:00:00Z,2026-03-21T21:00:00Z,AmazonRDS,USWE-InstanceUsage:db.r5.large,CreateDBInstance:0002,,arn:aws:rds:us-west-2:223344556677:db:analytics-db,1.0,,,0.24,0.240205,0.24,0.239811,Hrs,0.24,0.24,Amazon Relational Database Service,db.r5.large,,,,us-west-2,AmazonRDS,data-eng,prod,CC200,,,,,,,,,,,,,
106b496756f74324ae5b43d99cfdf7db,2026-03-22T06:00:00Z/2026-03-22T07:00:00Z,112233445566,2026-03-01T00:00:00Z,2026-04-01T00:00:00Z,AWS,223344556677,Usage,2026-03-22T06:00:00Z,2026-03-22T07:00:00Z,AmazonRDS,USWE-InstanceUsage:db.r5.large,CreateDBInstance:0002,,arn:aws:rds:us-west-2:223344556677:db:analytics-db,1.0,,,0.24,0.240138,0.24,0.239905,Hrs,0.24,0.24,Amazon Relational Database Service,db.r5.large,,,,us-west-2,AmazonRDS,data-eng,prod,CC200,,,,,,,,,,,,,
38960b29d5c94330977520c2b0df3ef7,2026-03-22T16:00:00Z/2026-03-22T17:00:00Z,112233445566,2026-03-01T00:00:00Z,2026-04-01T00:00:00Z,AWS,223344556677,Usage,2026-03-22T16:00:00Z,2026-03-22T17:00:00Z,AmazonRDS,USWE-InstanceUsage:db.r5.large,CreateDBInstance:0002,,arn:aws:rds:us-west-2:223344556677:db:analytics-db,1.0,,,0.24,0.239802,0.24,0.240127,Hrs,0.24,0.24,Amazon Relational Database Service,db.r5.large,,,,us-west-2,AmazonRDS,data-eng,prod,CC200,,,,,,,,,,,,,
9117a1eec2744b20ae3de793d26280af,2026-03-23T02:00:00Z/2026-03-23T03:00:00Z,112233445566,2026-03-01T00:00:00Z,2026-04-01T00:00:00Z,AWS,223344556677,Usage,2026-03-23T02:00:00Z,2026-03-23T03:00:00Z,AmazonRDS,USWE-InstanceUsage:db.r5.large,CreateDBInstance:0002,,arn:aws:rds:us-west-2:223344556677:db:analytics-db,1.0,,,0.24,0.23997,0.24,0.23995,Hrs,0.24,0.24,Amazon Relational Database Service,db.r5.large,,,,us-west-2,AmazonRDS,data-eng,prod,CC200,,,,,,,,,,,,,
03a4611a012f4f04820c3a5e1d2297e8,2026-03-23T12:00:00Z/2026-03-23T13:00:00Z,112233445566,2026-03-01T00:00:00Z,2026-04-01T00:00:00Z,AWS,223344556677,Usage,2026-03-23T12:00:00Z,2026-03-23T13:00:00Z,AmazonRDS,USWE-InstanceUsage:db.r5.large,CreateDBInstance:0002,,arn:aws:rds:us-west-2:223344556677:db:analytics-db,1.0,,,0.24,0.240077,0.24,0.239988,Hrs,0.24,0.24,Amazon Relational Database Service,db.r5.large,,,,us-west-2,AmazonRDS,data-eng,prod,CC200,,,,,,,,,,,,,
39b4cdf352d740c58e505e268dbcb2a8,2026-03-23T22:00:00Z/2026-03-23T23:00:00Z,112233445566,2026-03-01T00:00:00Z,2026-04-01T00:00:00Z,AWS,223344556677,Usage,2026-03-23T22:00:00Z,2026-03-23T23:00:00Z,AmazonRDS,USWE-InstanceUsage:db.r5.large,CreateDBInstance:0002,,arn:aws:rds:us-west-2:223344556677:db:analytics-db,1.0,,,0.24,0.240016,0.24,0.239825,Hrs,0.24,0.24,Amazon Relational Database Service,db.r5.large,,,,us-west-2,AmazonRDS,data-eng,prod,CC200,,,,,,,,,,,,,
aa6ed340763443748cdf42cc1bcf3b60,2026-03-24T08:00:00Z/2026-03-24T09:00:00Z,112233445566,2026-03-01T00:00:00Z,2026-04-01T00:00:00Z,AWS,223344556677,Usage,2026-03-24T08:00:00Z,2026-03-24T09:00:00Z,AmazonRDS,USWE-InstanceUsage:db.r5.large,CreateDBInstance:0002,,arn:aws:rds:us-west-2:223344556677:db:analytics-db,1.0,,,0.24,0.239948,0.24,0.240143,Hrs,0.24,0.24,Amazon Relational Database Service,db.r5.large,,,,us-west-2,AmazonRDS,data-eng,prod,CC200,,,,,,,,,,,,,
0a927c46fa544c0cb3e71afe044acc2a,2026-03-24T18:00:00Z/2026-03-24T19:00:00Z,112233445566,2026-03-01T00:00:00Z,2026-04-01T00:00:00Z,AWS,223344556677,Usage,2026-03-24T18:00:00Z,2026-03-24T19:00:00Z,AmazonRDS,USWE-InstanceUsage:db.r5.large,CreateDBInstance:0002,,arn:aws:rds:us-west-2:223344556677:db:analytics-db,1.0,,,0.24,0.240022,0.24,0.240221,Hrs,0.24,0.24,Amazon Relational Database Service,db.r5.large,,,,us-west-2,AmazonRDS,data-eng,prod,CC200,,,,,,,,,,,,,
10563c6c487f4b7ea22b3cea8a4b499d,2026-03-25T04:00:00Z/2026-03-25T05:00:00Z,112233445566,2026-03-01T00:00:00Z,2026-04-01T00:00:00Z,AWS,223344556677,Usage,2026-03-25T04:00:00Z,2026-03-25T05:00:00Z,AmazonRDS,USWE-InstanceUsage:db.r5.large,CreateDBInstance:0002,,arn:aws:rds:us-west-2:223344556677:db:analytics-db,1.0,,,0.24,0.239829,0.24,0.240085,Hrs,0.24,0.24,Amazon Relational Database Service,db.r5.large,,,,us-west-2,AmazonRDS,data-eng,prod,CC200,,,,,,,,,,,,,
820bdbf733f442a397e0928cf8fd7b7a,2026-03-25T14:00:00Z/2026-03-25T15:00:00Z,112233445566,2026-03-01T00:00:00Z,2026-04-01T00:00:00Z,AWS,223344556677,Usage,2026-03-25T14:00:00Z,2026-03-25T15:00:00Z,AmazonRDS,USWE-InstanceUsage:db.r5.large,CreateDBInstance:0002,,arn:aws:rds:us-west-2:223344556677:db:analytics-db,1.0,,,0.24,0.240199,0.24,0.240142,Hrs,0.24,0.24,Amazon Relational Database Service,db.r5.large,,,,us-west-2,AmazonRDS,data-eng,prod,CC200,,,,,,,,,,,,,
8100b53b51824bcba57a549d9852defc,2026-03-26T00:00:00Z/2026-03-26T01:00:00Z,112233445566,2026-03-01T00:00:00Z,2026-04-01T00:00:00Z,AWS,223344556677,Usage,2026-03-26T00:00:00Z,2026-03-26T01:00:00Z,AmazonRDS,USWE-InstanceUsage:db.r5.large,CreateDBInstance:0002,,arn:aws:rds:us-west-2:223344556677:db:analytics-db,1.0,,,0.24,0.24011,0.24,0.239939,Hrs,0.24,0.24,Amazon Relational Database Service,db.r5.large,,,,us-west-2,AmazonRDS,data-eng,prod,CC200,,,,,,,,,,,,,
f7be02bc483c4016a40fb50afd29a91b,2026-03-26T10:00:00Z/2026-03-26T11:00:00Z,112233445566,2026-03-01T00:00:00Z,2026-04-01T00:00:00Z,AWS,223344556677,Usage,2026-03-26T10:00:00Z,2026-03-26T11:00:00Z,AmazonRDS,USWE-InstanceUsage:db.r5.large,CreateDBInstance:0002,,arn:aws:rds:us-west-2:223344556677:db:analytics-db,1.0,,,0.24,0.240216,0.24,0.240026,Hrs,0.24,0.24,Amazon Relational Database Service,db.r5.large,,,,us-west-2,AmazonRDS,data-eng,prod,CC200,,,,,,,,,,,,,
5a54a95703764addb6e96f72d34b2ffd,2026-03-26T20:00:00Z/2026-03-26T21:00:00Z,112233445566,2026-03-01T00:00:00Z,2026-04-01T00:00:00Z,AWS,223344556677,Usage,2026-03-26T20:00:00Z,2026-03-26T21:00:00Z,AmazonRDS,USWE-InstanceUsage:db.r5.large,CreateDBInstance:0002,,arn:aws:rds:us-west-2:223344556677:db:analytics-db,1.0,,,0.24,0.240026,0.24,0.239819,Hrs,0.24,0.24,Amazon Relational Database Service,db.r5.large,,,,us-west-2,AmazonRDS,data-eng,prod,CC200,,,,,,,,,,,,,
3722b09e6c8e4ae499e533e55b2fa69e,2026-03-27T06:00:00Z/2026-03-27T07:00:00Z,112233445566,2026-03-01T00:00:00Z,2026-04-01T00:00:00Z,AWS,223344556677,Usage,2026-03-27T06:00:00Z,2026-03-27T07:00:00Z,AmazonRDS,USWE-InstanceUsage:db.r5.large,CreateDBInstance:0002,,arn:aws:rds:us-west-2:223344556677:db:analytics-db,1.0,,,0.24,0.239762,0.24,0.240046,Hrs,0.24,0.24,Amazon Relational Database Service,db.r5.large,,,,us-west-2,AmazonRDS,data-eng,prod,CC200,,,,,,,,,,,,,
c0b3991fe6594231b2baa22e8ab00db3,2026-03-27T16:00:00Z/2026-03-27T17:00:00Z,112233445566,2026-03-01T00:00:00Z,2026-04-01T00:00:00Z,AWS,223344556677,Usage,2026-03-27T16:00:00Z,2026-03-27T17:00:00Z,AmazonRDS,USWE-InstanceUsage:db.r5.large,CreateDBInstance:0002,,arn:aws:rds:us-west-2:223344556677:db:analytics-db,1.0,,,0.24,0.240018,0.24,0.240215,Hrs,0.24,0.24,Amazon Relational Database Service,db.r5.large,,,,us-west-2,AmazonRDS,data-eng,prod,CC200,,,,,,,,,,,,,
57832c4c9f5b4327ad82549f0ce02e08,2026-03-28T02:00:00Z/2026-03-28T03:00:00Z,112233445566,2026-03-01T00:00:00Z,2026-04-01T00:00:00Z,AWS,223344556677,Usage,2026-03-28T02:00:00Z,2026-03-28T03:00:00Z,AmazonRDS,USWE-InstanceUsage:db.r5.large,CreateDBInstance:0002,,arn:aws:rds:us-west-2:223344556677:db:analytics-db,1.0,,,0.24,0.239906,0.24,0.240119,Hrs,0.24,0.24,Amazon Relational Database Service,db.r5.large,,,,us-west-2,AmazonRDS,data-eng,prod,CC200,,,,,,,,,,,,,
307987b08c014c5bbc7b0ad87d8bad92,2026-03-28T12:00:00Z/2026-03-28T13:00:00Z,112233445566,2026-03-01T00:00:00Z,2026-04-01T00:00:00Z,AWS,223344556677,Usage,2026-03-28T12:00:00Z,2026-03-28T13:00:00Z,AmazonRDS,USWE-InstanceUsage:db.r5.large,CreateDBInstance:0002,,arn:aws:rds:us-west-2:223344556677:db:analytics-db,1.0,,,0.24,0.240194,0.24,0.239925,Hrs,0.24,0.24,Amazon Relational Database Service,db.r5.large,,,,us-west-2,AmazonRDS,data-eng,prod,CC200,,,,,,,,,,,,,
b62ea4f5495f4d8babf7094f093ae5d3,2026-03-28T22:00:00Z/2026-03-28T23:00:00Z,112233445566,2026-03-01T00:00:00Z,2026-04-01T00:00:00Z,AWS,223344556677,Usage,2026-03-28T22:00:00Z,2026-03-28T23:00:00Z,AmazonRDS,USWE-InstanceUsage:db.r5.large,CreateDBInstance:0002,,arn:aws:rds:us-west-2:223344556677:db:analytics-db,1.0,,,0.24,0.239958,0.24,0.24007,Hrs,0.24,0.24,Amazon Relational Database Service,db.r5.large,,,,us-west-2,AmazonRDS,data-eng,prod,CC200,,,,,,,,,,,,,
4b334a1b59ef4249adedda069424e29b,2026-03-29T08:00:00Z/2026-03-29T09:00:00Z,112233445566,2026-03-01T00:00:00Z,2026-04-01T00:00:00Z,AWS,223344556677,Usage,2026-03-29T08:00:00Z,2026-03-29T09:00:00Z,AmazonRDS,USWE-InstanceUsage:db.r5.large,CreateDBInstance:0002,,arn:aws:rds:us-west-2:223344556677:db:analytics-db,1.0,,,0.24,0.240006,0.24,0.239837,Hrs,0.24,0.24,Amazon Relational Database Service,db.r5.large,,,,us-west-2,AmazonRDS,data-eng,prod,CC200,,,,,,,,,,,,,
480cf4d641fc4828928f688613f13d8f,2026-03-29T18:00:00Z/2026-03-29T19:00:00Z,112233445566,2026-03-01T00:00:00Z,2026-04-01T00:00:00Z,AWS,223344556677,Usage,2026-03-29T18:00:00Z,2026-03-29T19:00:00Z,AmazonRDS,USWE-InstanceUsage:db.r5.large,CreateDBInstance:0002,,arn:aws:rds:us-west-2:223344556677:db:analytics-db,1.0,,,0.24,0.239866,0.24,0.240161,Hrs,0.24,0.24,Amazon Relational Database Service,db.r5.large,,,,us-west-2,AmazonRDS,data-eng,prod,CC200,,,,,,,,,,,,,
d2f60e96ab4a48ab802a35b56d4b5a2c,2026-03-30T04:00:00Z/2026-03-30T05:00:00Z,112233445566,2026-03-01T00:00:00Z,2026-04-01T00:00:00Z,AWS,223344556677,Usage,2026-03-30T04:00:00Z,2026-03-30T05:00:00Z,AmazonRDS,USWE-InstanceUsage:db.r5.large,CreateDBInstance:0002,,arn:aws:rds:us-west-2:223344556677:db:analytics-db,1.0,,,0.24,0.239853,0.24,0.239847,Hrs,0.24,0.24,Amazon Relational Database Service,db.r5.large,,,,us-west-2,AmazonRDS,data-eng,prod,CC200,,,,,,,,,,,,,
48c8bcf578e54c14b5b1aa28b3820481,2026-03-30T14:00:00Z/2026-03-30T15:00:00Z,112233445566,2026-03-01T00:00:00Z,2026-04-01T00:00:00Z,AWS,223344556677,Usage,2026-03-30T14:00:00Z,2026-03-30T15:00:00Z,AmazonRDS,USWE-InstanceUsage:db.r5.large,CreateDBInstance:0002,,arn:aws:rds:us-west-2:223344556677:db:analytics-db,1.0,,,0.24,0.240144,0.24,0.240169,Hrs,0.24,0.24,Amazon Relational Database Service,db.r5.large,,,,us-west-2,AmazonRDS,data-eng,prod,CC200,,,,,,,,,,,,,
79ecddd0efa348948d63f4b837343ad3,2026-03-01T00:00:00Z/2026-03-01T01:00:00Z,112233445566,2026-03-01T00:00:00Z,2026-04-01T00:00:00Z,AWS,334455667788,Usage,2026-03-01T00:00:00Z,2026-03-01T01:00:00Z,AmazonRDS,USEA-InstanceUsage:db.m5.large,CreateDBInstance:0002,,arn:aws:rds:us-east-1:334455667788:db:app-db,1.0,,,0.171,0.17112,0.171,0.171148,Hrs,0.171,0.171,Amazon Relational Database Service,db.m5.large,,,,us-east-1,AmazonRDS,backend,prod,CC400,,,,,,,,,,,,,
83c11d8af9194dfebe6b32b1d0dee629,2026-03-01T10:00:00Z/2026-03-01T11:00:00Z,112233445566,2026-03-01T00:00:00Z,2026-04-01T00:00:00Z,AWS,334455667788,Usage,2026-03-01T10:00:00Z,2026-03-01T11:00:00Z,AmazonRDS,USEA-InstanceUsage:db.m5.large,CreateDBInstance:0002,,arn:aws:rds:us-east-1:334455667788:db:app-db,1.0,,,0.171,0.171169,0.171,0.170987,Hrs,0.171,0.171,Amazon Relational Database Service,db.m5.large,,,,us-east-1,AmazonRDS,backend,prod,CC400,,,,,,,,,,,,,
241ee54681694d3cad9032493a138189,2026-03-01T20:00:00Z/2026-03-01T21:00:00Z,112233445566,2026-03-01T00:00:00Z,2026-04-01T00:00:00Z,AWS,334455667788,Usage,2026-03-01T20:00:00Z,2026-03-01T21:00:00Z,AmazonRDS,USEA-InstanceUsage:db.m5.large,CreateDBInstance:0002,,arn:aws:rds:us-east-1:334455667788:db:app-db,1.0,,,0.171,0.171017,0.171,0.170928,Hrs,0.171,0.171,Amazon Relational Database Service,db.m5.large,,,,us-east-1,AmazonRDS,backend,prod,CC400,,,,,,,,,,,,,
c27f296bed81487099420be924697c5f,2026-03-02T06:00:00Z/2026-03-02T07:00:00Z,112233445566,2026-03-01T00:00:00Z,2026-04-01T00:00:00Z,AWS,334455667788,Usage,2026-03-02T06:00:00Z,2026-03-02T07:00:00Z,AmazonRDS,USEA-InstanceUsage:db.m5.large,CreateDBInstance:0002,,arn:aws:rds:us-east-1:334455667788:db:app-db,1.0,,,0.171,0.170852,0.171,0.170863,Hrs,0.171,0.171,Amazon Relational Database Service,db.m5.large,,,,us-east-1,AmazonRDS,backend,prod,CC400,,,,,,,,,,,,,
2751a9555e7f4fedb53f81e78731b4c0,2026-03-02T16:00:00Z/2026-03-02T17:00:00Z,112233445566,2026-03-01T00:00:00Z,2026-04-01T00:00:00Z,AWS,334455667788,Usage,2026-03-02T16:00:00Z,2026-03-02T17:00:00Z,AmazonRDS,USEA-InstanceUsage:db.m5.large,CreateDBInstance:0002,,arn:aws:rds:us-east-1:334455667788:db:app-db,1.0,,,0.171,0.171077,0.171,0.170996,Hrs,0.171,0.171,Amazon Relational Database Service,db.m5.large,,,,us-east-1,AmazonRDS,backend,prod,CC400,,,,,,,,,,,,,
9b581960a9cc4e5a87d171b299825cc6,2026-03-03T02:00:00Z/2026-03-03T03:00:00Z,112233445566,2026-03-01T00:00:00Z,2026-04-01T00:00:00Z,AWS,334455667788,Usage,2026-03-03T02:00:00Z,2026-03-03T03:00:00Z,AmazonRDS,USEA-InstanceUsage:db.m5.large,CreateDBInstance:0002,,arn:aws:rds:us-east-1:334455667788:db:app-db,1.0,,,0.171,0.170942,0.171,0.170873,Hrs,0.171,0.171,Amazon Relational Database Service,db.m5.large,,,,us-east-1,AmazonRDS,backend,prod,CC400,,,,,,,,,,,,,
d5eac90c45134406843f41341ea43d45,2026-03-03T12:00:00Z/2026-03-03T13:00:00Z,112233445566,2026-03-01T00:00:00Z,2026-04-01T00:00:00Z,AWS,334455667788,Usage,2026-03-03T12:00:00Z,2026-03-03T13:00:00Z,AmazonRDS,USEA-InstanceUsage:db.m5.large,CreateDBInstance:0002,,arn:aws:rds:us-east-1:334455667788:db:app-db,1.0,,,0.171,0.171053,0.171,0.170863,Hrs,0.171,0.171,Amazon Relational Database Service,db.m5.large,,,,us-east-1,AmazonRDS,backend,prod,CC400,,,,,,,,,,,,,
2e4be00dd6a2408ea4be512123df055c,2026-03-03T22:00:00Z/2026-03-03T23:00:00Z,112233445566,2026-03-01T00:00:00Z,2026-04-01T00:00:00Z,AWS,334455667788,Usage,2026-03-03T22:00:00Z,2026-03-03T23:00:00Z,AmazonRDS,USEA-InstanceUsage:db.m5.large,CreateDBInstance:0002,,arn:aws:rds:us-east-1:334455667788:db:app-db,1.0,,,0.171,0.171041,0.171,0.171137,Hrs,0.171,0.171,Amazon Relational Database Service,db.m5.large,,,,us-east-1,AmazonRDS,backend,prod,CC400,,,,,,,,,,,,,
3ec2416a4dab4ff3a07ba288ab2f2ad4,2026-03-04T08:00:00Z/2026-03-04T09:00:00Z,112233445566,2026-03-01T00:00:00Z,2026-04-01T00:00:00Z,AWS,334455667788,Usage,2026-03-04T08:00:00Z,2026-03-04T09:00:00Z,AmazonRDS,USEA-InstanceUsage:db.m5.large,CreateDBInstance:0002,,arn:aws:rds:us-east-1:334455667788:db:app-db,1.0,,,0.171,0.170938,0.171,0.170983,Hrs,0.171,0.171,Amazon Relational Database Service,db.m5.large,,,,us-east-1,AmazonRDS,backend,prod,CC400,,,,,,,,,,,,,
9e88789d861243ba829ce70989b14273,2026-03-04T18:00:00Z/2026-03-04T19:00:00Z,112233445566,2026-03-01T00:00:00Z,2026-04-01T00:00:00Z,AWS,334455667788,Usage,2026-03-04T18:00:00Z,2026-03-04T19:00:00Z,AmazonRDS,USEA-InstanceUsage:db.m5.large,CreateDBInstance:0002,,arn:aws:rds:us-east-1:334455667788:db:app-db,1.0,,,0.171,0.17104,0.171,0.170934,Hrs,0.171,0.171,Amazon Relational Database Service,db.m5.large,,,,us-east-1,AmazonRDS,backend,prod,CC400,,,,,,,,,,,,,
2fb76104fb424ea08b35c179d934b386,2026-03-05T04:00:00Z/2026-03-05T05:00:00Z,112233445566,2026-03-01T00:00:00Z,2026-04-01T00:00:00Z,AWS,334455667788,Usage,2026-03-05T04:00:00Z,2026-03-05T05:00:00Z,AmazonRDS,USEA-InstanceUsage:db.m5.large,CreateDBInstance:0002,,arn:aws:rds:us-east-1:334455667788:db:app-db,1.0,,,0.171,0.171029,0.171,0.171022,Hrs,0.171,0.171,Amazon Relational Database Service,db.m5.large,,,,us-east-1,AmazonRDS,backend,prod,CC400,,,,,,,,,,,,,
77a23352aaf446d9b6ebc80c521ca930,2026-03-05T14:00:00Z/2026-03-05T15:00:00Z,112233445566,2026-03-01T00:00:00Z,2026-04-01T00:00:00Z,AWS,334455667788,Usage,2026-03-05T14:00:00Z,2026-03-05T15:00:00Z,AmazonRDS,USEA-InstanceUsage:db.m5.large,CreateDBInstance:0002,,arn:aws:rds:us-east-1:334455667788:db:app-db,1.0,,,0.171,0.170954,0.171,0.170937,Hrs,0.171,0.171,Amazon Relational Database Service,db.m5.large,,,,us-east-1,AmazonRDS,backend,prod,CC400,,,,,,,,,,,,,
fbc3587c4b13443eb9976c2e3cde3c62,2026-03-06T00:00:00Z/2026-03-06T01:00:00Z,112233445566,2026-03-01T00:00:00Z,2026-04-01T00:00:00Z,AWS,334455667788,Usage,2026-03-06T00:00:00Z,2026-03-06T01:00:00Z,AmazonRDS,USEA-InstanceUsage:db.m5.large,CreateDBInstance:0002,,arn:aws:rds:us-east-1:334455667788:db:app-db,1.0,,,0.171,0.170975,0.171,0.170831,Hrs,0.171,0.171,Amazon Relational Database Service,db.m5.large,,,,us-east-1,AmazonRDS,backend,prod,CC400,,,,,,,,,,,,,
11d454fee1294db59b46a000e366fe1f,2026-03-06T10:00:00Z/2026-03-06T11:00:00Z,112233445566,2026-03-01T00:00:00Z,2026-04-01T00:00:00Z,AWS,334455667788,Usage,2026-03-06T10:00:00Z,2026-03-06T11:00:00Z,AmazonRDS,USEA-InstanceUsage:db.m5.large,CreateDBInstance:0002,,arn:aws:rds:us-east-1:334455667788:db:app-db,1.0,,,0.171,0.170913,0.171,0.170905,Hrs,0.171,0.171,Amazon Relational Database Service,db.m5.large,,,,us-east-1,AmazonRDS,backend,prod,CC400,,,,,,,,,,,,,
6ab88845eb46448eae6398df4fb7d7e4,2026-03-06T20:00:00Z/2026-03-06T21:00:00Z,112233445566,2026-03-01T00:00:00Z,2026-04-01T00:00:00Z,AWS,334455667788,Usage,2026-03-06T20:00:00Z,2026-03-06T21:00:00Z,AmazonRDS,USEA-InstanceUsage:db.m5.large,CreateDBInstance:0002,,arn:aws:rds:us-east-1:334455667788:db:app-db,1.0,,,0.171,0.171082,0.171,0.170978,Hrs,0.171,0.171,Amazon Relational Database Service,db.m5.large,,,,us-east-1,AmazonRDS,backend,prod,CC400,,,,,,,,,,,,,
f3eb298f99f64b66a4c5e3f09ff385f8,2026-03-07T06:00:00Z/2026-03-07T07:00:00Z,112233445566,2026-03-01T00:00:00Z,2026-04-01T00:00:00Z,AWS,334455667788,Usage,2026-03-07T06:00:00Z,2026-03-07T07:00:00Z,AmazonRDS,USEA-InstanceUsage:db.m5.large,CreateDBInstance:0002,,arn:aws:rds:us-east-1:334455667788:db:app-db,1.0,,,0.171,0.171116,0.171,0.170875,Hrs,0.171,0.171,Amazon Relational Database Service,db.m5.large,,,,us-east-1,AmazonRDS,backend,prod,CC400,,,,,,,,,,,,,
e79e176417fa402192932b5990acfb3d,2026-03-07T16:00:00Z/2026-03-07T17:00:00Z,112233445566,2026-03-01T00:00:00Z,2026-04-01T00:00:00Z,AWS,334455667788,Usage,2026-03-07T16:00:00Z,2026-03-07T17:00:00Z,AmazonRDS,USEA-InstanceUsage:db.m5.large,CreateDBInstance:0002,,arn:aws:rds:us-east-1:334455667788:db:app-db,1.0,,,0.171,0.17108,0.171,0.171129,Hrs,0.171,0.171,Amazon Relational Database Service,db.m5.large,,,,us-east-1,AmazonRDS,backend,prod,CC400,,,,,,,,,,,,,
e93099edd84642e08304404299e5d821,2026-03-08T02:00:00Z/2026-03-08T03:00:00Z,112233445566,2026-03-01T00:00:00Z,2026-04-01T00:00:00Z,AWS,334455667788,Usage,2026-03-08T02:00:00Z,2026-03-08T03:00:00Z,AmazonRDS,USEA-InstanceUsage:db.m5.large,CreateDBInstance:0002,,arn:aws:rds:us-east-1:334455667788:db:app-db,1.0,,,0.171,0.170987,0.171,0.170952,Hrs,0.171,0.171,Amazon Relational Database Service,db.m5.large,,,,us-east-1,AmazonRDS,backend,prod,CC400,,,,,,,,,,,,,
727f32269e274e42895305005ce0bb6c,2026-03-08T12:00:00Z/2026-03-08T13:00:00Z,112233445566,2026-03-01T00:00:00Z,2026-04-01T00:00:00Z,AWS,334455667788,Usage,2026-03-08T12:00:00Z,2026-03-08T13:00:00Z,AmazonRDS,USEA-InstanceUsage:db.m5.large,CreateDBInstance:0002,,arn:aws:rds:us-east-1:334455667788:db:app-db,1.0,,,0.171,0.170933,0.171,0.171018,Hrs,0.171,0.171,Amazon Relational Database Service,db.m5.large,,,,us-east-1,AmazonRDS,backend,prod,CC400,,,,,,,,,,,,,
0601ebdedbdf4060a7a606ddb423cbd9,2026-03-08T22:00:00Z/2026-03-08T23:00:00Z,112233445566,2026-03-01T00:00:00Z,2026-04-01T00:00:00Z,AWS,334455667788,Usage,2026-03-08T22:00:00Z,2026-03-08T23:00:00Z,AmazonRDS,USEA-InstanceUsage:db.m5.large,CreateDBInstance:0002,,arn:aws:rds:us-east-1:334455667788:db:app-db,1.0,,,0.171,0.170889,0.171,0.171036,Hrs,0.171,0.171,Amazon Relational Database Service,db.m5.large,,,,us-east-1,AmazonRDS,backend,prod,CC400,,,,,,,,,,,,,
0371d7d79ed442fca422c9e1c620ed05,2026-03-09T08:00:00Z/2026-03-09T09:00:00Z,112233445566,2026-03-01T00:00:00Z,2026-04-01T00:00:00Z,AWS,334455667788,Usage,2026-03-09T08:00:00Z,2026-03-09T09:00:00Z,AmazonRDS,USEA-InstanceUsage:db.m5.large,CreateDBInstance:0002,,arn:aws:rds:us-east-1:334455667788:db:app-db,1.0,,,0.171,0.171117,0.171,0.171123,Hrs,0.171,0.171,Amazon Relational Database Service,db.m5.large,,,,us-east-1,AmazonRDS,backend,prod,CC400,,,,,,,,,,,,,
d24d65dd32244d959de85138aa606280,2026-03-09T18:00:00Z/2026-03-09T19:00:00Z,112233445566,2026-03-01T00:00:00Z,2026-04-01T00:00:00Z,AWS,334455667788,Usage,2026-03-09T18:00:00Z,2026-03-09T19:00:00Z,AmazonRDS,USEA-InstanceUsage:db.m5.large,CreateDBInstance:0002,,arn:aws:rds:us-east-1:334455667788:db:app-db,1.0,,,0.171,0.170877,0.171,0.171013,Hrs,0.171,0.171,Amazon Relational Database Service,db.m5.large,,,,us-east-1,AmazonRDS,backend,prod,CC400,,,,,,,,,,,,,
a1db5fad67034858b3d7a15794a659f9,2026-03-10T04:00:00Z/2026-03-10T05:00:00Z,112233445566,2026-03-01T00:00:00Z,2026-04-01T00:00:00Z,AWS,334455667788,Usage,2026-03-10T04:00:00Z,2026-03-10T05:00:00Z,AmazonRDS,USEA-InstanceUsage:db.m5.large,CreateDBInstance:0002,,arn:aws:rds:us-east-1:334455667788:db:app-db,1.0,,,0.171,0.170919,0.171,0.171132,Hrs,0.171,0.171,Amazon Relational Database Service,db.m5.large,,,,us-east-1,AmazonRDS,backend,prod,CC400,,,,,,,,,,,,,
9701189e7b9e4f978b0e9b00fb4bec7c,2026-03-10T14:00:00Z/2026-03-10T15:00:00Z,112233445566,2026-03-01T00:00:00Z,2026-04-01T00:00:00Z,AWS,334455667788,Usage,2026-03-10T14:00:00Z,2026-03-10T15:00:00Z,AmazonRDS,USEA-InstanceUsage:db.m5.large,CreateDBInstance:0002,,arn:aws:rds:us-east-1:334455667788:db:app-db,1.0,,,0.171,0.170855,0.171,0.170855,Hrs,0.171,0.171,Amazon Relational Database Service,db.m5.large,,,,us-east-1,AmazonRDS,backend,prod,CC400,,,,,,,,,,,,,
fca82a48a8634f119604161e41308715,2026-03-11T00:00:00Z/2026-03-11T01:00:00Z,112233445566,2026-03-01T00:00:00Z,2026-04-01T00:00:00Z,AWS,334455667788,Usage,2026-03-11T00:00:00Z,2026-03-11T01:00:00Z,AmazonRDS,USEA-InstanceUsage:db.m5.large,CreateDBInstance:0002,,arn:aws:rds:us-east-1:334455667788:db:app-db,1.0,,,0.171,0.170835,0.171,0.171002,Hrs,0.171,0.171,Amazon Relational Database Service,db.m5.large,,,,us-east-1,AmazonRDS,backend,prod,CC400,,,,,,,,,,,,,
57bd10ff3690414fb07814808b77886f,2026-03-11T10:00:00Z/2026-03-11T11:00:00Z,112233445566,2026-03-01T00:00:00Z,2026-04-01T00:00:00Z,AWS,334455667788,Usage,2026-03-11T10:00:00Z,2026-03-11T11:00:00Z,AmazonRDS,USEA-InstanceUsage:db.m5.large,CreateDBInstance:0002,,arn:aws:rds:us-east-1:334455667788:db:app-db,1.0,,,0.171,0.17084,0.171,0.171028,Hrs,0.171,0.171,Amazon Relational Database Service,db.m5.large,,,,us-east-1,AmazonRDS,backend,prod,CC400,,,,,,,,,,,,,
406cf7e5a5544a1ca4366f69cc56c72b,2026-03-11T20:00:00Z/2026-03-11T21:00:00Z,112233445566,2026-03-01T00:00:00Z,2026-04-01T00:00:00Z,AWS,334455667788,Usage,2026-03-11T20:00:00Z,2026-03-11T21:00:00Z,AmazonRDS,USEA-InstanceUsage:db.m5.large,CreateDBInstance:0002,,arn:aws:rds:us-east-1:334455667788:db:app-db,1.0,,,0.171,0.170968,0.171,0.171031,Hrs,0.171,0.171,Amazon Relational Database Service,db.m5.large,,,,us-east-1,AmazonRDS,backend,prod,CC400,,,,,,,,,,,,,
64176c1a1430472ab2e15a817a505b21,2026-03-12T06:00:00Z/2026-03-12T07:00:00Z,112233445566,2026-03-01T00:00:00Z,2026-04-01T00:00:00Z,AWS,334455667788,Usage,2026-03-12T06:00:00Z,2026-03-12T07:00:00Z,AmazonRDS,USEA-InstanceUsage:db.m5.large,CreateDBInstance:0002,,arn:aws:rds:us-east-1:334455667788:db:app-db,1.0,,,0.171,0.171139,0.171,0.171018,Hrs,0.171,0.171,Amazon Relational Database Service,db.m5.large,,,,us-east-1,AmazonRDS,backend,prod,CC400,,,,,,,,,,,,,
f84ff9ff01a2487e969ceb2a88e60b09,2026-03-12T16:00:00Z/2026-03-12T17:00:00Z,112233445566,2026-03-01T00:00:00Z,2026-04-01T00:00:00Z,AWS,334455667788,Usage,2026-03-12T16:00:00Z,2026-03-12T17:00:00Z,AmazonRDS,USEA-InstanceUsage:db.m5.large,CreateDBInstance:0002,,arn:aws:rds:us-east-1:334455667788:db:app-db,1.0,,,0.171,0.171015,0.171,0.171171,Hrs,0.171,0.171,Amazon Relational Database Service,db.m5.large,,,,us-east-1,AmazonRDS,backend,prod,CC400,,,,,,,,,,,,,
9e3f7395dffb400d83b26fb6f09c2738,2026-03-13T02:00:00Z/2026-03-13T03:00:00Z,112233445566,2026-03-01T00:00:00Z,2026-04-01T00:00:00Z,AWS,334455667788,Usage,2026-03-13T02:00:00Z,2026-03-13T03:00:00Z,AmazonRDS,USEA-InstanceUsage:db.m5.large,CreateDBInstance:0002,,arn:aws:rds:us-east-1:334455667788:db:app-db,1.0,,,0.171,0.17099,0.171,0.171094,Hrs,0.171,0.171,Amazon Relational Database Service,db.m5.large,,,,us-east-1,AmazonRDS,backend,prod,CC400,,,,,,,,,,,,,
746a504a95af49eca86f5a82e67057bf,2026-03-13T12:00:00Z/2026-03-13T13:00:00Z,112233445566,2026-03-01T00:00:00Z,2026-04-01T00:00:00Z,AWS,334455667788,Usage,2026-03-13T12:00:00Z,2026-03-13T13:00:00Z,AmazonRDS,USEA-InstanceUsage:db.m5.large,CreateDBInstance:0002,,arn:aws:rds:us-east-1:334455667788:db:app-db,1.0,,,0.171,0.170954,0.171,0.170905,Hrs,0.171,0.171,Amazon Relational Database Service,db.m5.large,,,,us-east-1,AmazonRDS,backend,prod,CC400,,,,,,,,,,,,,
24ccb45fc66b45d29dd61d0679f9566e,2026-03-13T22:00:00Z/2026-03-13T23:00:00Z,112233445566,2026-03-01T00:00:00Z,2026-04-01T00:00:00Z,AWS,334455667788,Usage,2026-03-13T22:00:00Z,2026-03-13T23:00:00Z,AmazonRDS,USEA-InstanceUsage:db.m5.large,CreateDBInstance:0002,,arn:aws:rds:us-east-1:334455667788:db:app-db,1.0,,,0.171,0.171093,0.171,0.17108,Hrs,0.171,0.171,Amazon Relational Database Service,db.m5.large,,,,us-east-1,AmazonRDS,backend,prod,CC400,,,,,,,,,,,,,
64f2defe99f44f4ebb50247c0a0d9b9e,2026-03-14T08:00:00Z/2026-03-14T09:00:00Z,112233445566,2026-03-01T00:00:00Z,2026-04-01T00:00:00Z,AWS,334455667788,Usage,2026-03-14T08:00:00Z,2026-03-14T09:00:00Z,AmazonRDS,USEA-InstanceUsage:db.m5.large,CreateDBInstance:0002,,arn:aws:rds:us-east-1:334455667788:db:app-db,1.0,,,0.171,0.170929,0.171,0.170988,Hrs,0.171,0.171,Amazon Relational Database Service,db.m5.large,,,,us-east-1,AmazonRDS,backend,prod,CC400,,,,,,,,,,,,,
dde9719cf2cc41c680e6d9dffa3961b3,2026-03-14T18:00:00Z/2026-03-14T19:00:00Z,112233445566,2026-03-01T00:00:00Z,2026-04-01T00:00:00Z,AWS,334455667788,Usage,2026-03-14T18:00:00Z,2026-03-14T19:00:00Z,AmazonRDS,USEA-InstanceUsage:db.m5.large,CreateDBInstance:0002,,arn:aws:rds:us-east-1:334455667788:db:app-db,1.0,,,0.171,0.171004,0.171,0.170965,Hrs,0.171,0.171,Amazon Relational Database Service,db.m5.large,,,,us-east-1,AmazonRDS,backend,prod,CC400,,,,,,,,,,,,,
8cef21af33a745e4ba4f64b588ab5090,2026-03-15T04:00:00Z/2026-03-15T05:00:00Z,112233445566,2026-03-01T00:00:00Z,2026-04-01T00:00:00Z,AWS,334455667788,Usage,2026-03-15T04:00:00Z,2026-03-15T05:00:00Z,AmazonRDS,USEA-InstanceUsage:db.m5.large,CreateDBInstance:0002,,arn:aws:rds:us-east-1:334455667788:db:app-db,1.0,,,0.171,0.171001,0.171,0.171056,Hrs,0.171,0.171,Amazon Relational Database Service,db.m5.large,,,,us-east-1,AmazonRDS,backend,prod,CC400,,,,,,,,,,,,,
d3b96e1c04174293bf10d73cf6d8c735,2026-03-15T14:00:00Z/2026-03-15T15:00:00Z,112233445566,2026-03-01T00:00:00Z,2026-04-01T00:00:00Z,AWS,334455667788,Usage,2026-03-15T14:00:00Z,2026-03-15T15:00:00Z,AmazonRDS,USEA-InstanceUsage:db.m5.large,CreateDBInstance:0002,,arn:aws:rds:us-east-1:334455667788:db:app-db,1.0,,,0.171,0.171119,0.171,0.171105,Hrs,0.171,0.171,Amazon Relational Database Service,db.m5.large,,,,us-east-1,AmazonRDS,backend,prod,CC400,,,,,,,,,,,,,
c0733d9d52b744bc864d2ec020e0a374,2026-03-16T00:00:00Z/2026-03-16T01:00:00Z,112233445566,2026-03-01T00:00:00Z,2026-04-01T00:00:00Z,AWS,334455667788,Usage,2026-03-16T00:00:00Z,2026-03-16T01:00:00Z,AmazonRDS,USEA-InstanceUsage:db.m5.large,CreateDBInstance:0002,,arn:aws:rds:us-east-1:334455667788:db:app-db,1.0,,,0.171,0.171039,0.171,0.170886,Hrs,0.171,0.171,Amazon Relational Database Service,db.m5.large,,,,us-east-1,AmazonRDS,backend,prod,CC400,,,,,,,,,,,,,
97411933ea1d40fc91f1a86835ab3a3e,2026-03-16T10:00:00Z/2026-03-16T11:00:00Z,112233445566,2026-03-01T00:00:00Z,2026-04-01T00:00:00Z,AWS,334455667788,Usage,2026-03-16T10:00:00Z,2026-03-16T11:00:00Z,AmazonRDS,USEA-InstanceUsage:db.m5.large,CreateDBInstance:0002,,arn:aws:rds:us-east-1:334455667788:db:app-db,1.0,,,0.171,0.171005,0.171,0.170982,Hrs,0.171,0.171,Amazon Relational Database Service,db.m5.large,,,,us-east-1,AmazonRDS,backend,prod,CC400,,,,,,,,,,,,,
c97b4554dfd14fa581b37e819a3ea5d3,2026-03-16T20:00:00Z/2026-03-16T21:00:00Z,112233445566,2026-03-01T00:00:00Z,2026-04-01T00:00:00Z,AWS,334455667788,Usage,2026-03-16T20:00:00Z,2026-03-16T21:00:00Z,AmazonRDS,USEA-InstanceUsage:db.m5.large,CreateDBInstance:0002,,arn:aws:rds:us-east-1:334455667788:db:app-db,1.0,,,0.171,0.17089,0.171,0.171153,Hrs,0.171,0.171,Amazon Relational Database Service,db.m5.large,,,,us-east-1,AmazonRDS,backend,prod,CC400,,,,,,,,,,,,,
b6a64aff21184624ae7da4b211eb68e4,2026-03-17T06:00:00Z/2026-03-17T07:00:00Z,112233445566,2026-03-01T00:00:00Z,2026-04-01T00:00:00Z,AWS,334455667788,Usage,2026-03-17T06:00:00Z,2026-03-17T07:00:00Z,AmazonRDS,USEA-InstanceUsage:db.m5.large,CreateDBInstance:0002,,arn:aws:rds:us-east-1:334455667788:db:app-db,1.0,,,0.171,0.171055,0.171,0.17116,Hrs,0.171,0.171,Amazon Relational Database Service,db.m5.large,,,,us-east-1,AmazonRDS,backend,prod,CC400,,,,,,,,,,,,,
7989f472e7964ea4a24c9768952019b3,2026-03-17T16:00:00Z/2026-03-17T17:00:00Z,112233445566,2026-03-01T00:00:00Z,2026-04-01T00:00:00Z,AWS,334455667788,Usage,2026-03-17T16:00:00Z,2026-03-17T17:00:00Z,AmazonRDS,USEA-InstanceUsage:db.m5.large,CreateDBInstance:0002,,arn:aws:rds:us-east-1:334455667788:db:app-db,1.0,,,0.171,0.171081,0.171,0.170994,Hrs,0.171,0.171,Amazon Relational Database Service,db.m5.large,,,,us-east-1,AmazonRDS,backend,prod,CC400,,,,,,,,,,,,,
cf5752d007f24e23a8958f138dd66bd1,2026-03-18T02:00:00Z/2026-03-18T03:00:00Z,112233445566,2026-03-01T00:00:00Z,2026-04-01T00:00:00Z,AWS,334455667788,Usage,2026-03-18T02:00:00Z,2026-03-18T03:00:00Z,AmazonRDS,USEA-InstanceUsage:db.m5.large,CreateDBInstance:0002,,arn:aws:rds:us-east-1:334455667788:db:app-db,1.0,,,0.171,0.170952,0.171,0.170904,Hrs,0.171,0.171,Amazon Relational Database Service,db.m5.large,,,,us-east-1,AmazonRDS,backend,prod,CC400,,,,,,,,,,,,,
8f303b15e75b4bdb9eb6660caec735c7,2026-03-18T12:00:00Z/2026-03-18T13:00:00Z,112233445566,2026-03-01T00:00:00Z,2026-04-01T00:00:00Z,AWS,334455667788,Usage,2026-03-18T12:00:00Z,2026-03-18T13:00:00Z,AmazonRDS,USEA-InstanceUsage:db.m5.large,CreateDBInstance:0002,,arn:aws:rds:us-east-1:334455667788:db:app-db,1.0,,,0.171,0.170996,0.171,0.17085,Hrs,0.171,0.171,Amazon Relational Database Service,db.m5.large,,,,us-east-1,AmazonRDS,backend,prod,CC400,,,,,,,,,,,,,
906ac7e444464711bfaadc48e3f01da4,2026-03-18T22:00:00Z/2026-03-18T23:00:00Z,112233445566,2026-03-01T00:00:00Z,2026-04-01T00:00:00Z,AWS,334455667788,Usage,2026-03-18T22:00:00Z,2026-03-18T23:00:00Z,AmazonRDS,USEA-InstanceUsage:db.m5.large,CreateDBInstance:0002,,arn:aws:rds:us-east-1:334455667788:db:app-db,1.0,,,0.171,0.170955,0.171,0.170844,Hrs,0.171,0.171,Amazon Relational Database Service,db.m5.large,,,,us-east-1,AmazonRDS,backend,prod,CC400,,,,,,,,,,,,,
d3e75178923b46589aec73bc46fd8878,2026-03-19T08:00:00Z/2026-03-19T09:00:00Z,112233445566,2026-03-01T00:00:00Z,2026-04-01T00:00:00Z,AWS,334455667788,Usage,2026-03-19T08:00:00Z,2026-03-19T09:00:00Z,AmazonRDS,USEA-InstanceUsage:db.m5.large,CreateDBInstance:0002,,arn:aws:rds:us-east-1:334455667788:db:app-db,1.0,,,0.171,0.1709,0.171,0.171139,Hrs,0.171,0.171,Amazon Relational Database Service,db.m5.large,,,,us-east-1,AmazonRDS,backend,prod,CC400,,,,,,,,,,,,,
597e0954324244bb830580b741152c57,2026-03-19T18:00:00Z/2026-03-19T19:00:00Z,112233445566,2026-03-01T00:00:00Z,2026-04-01T00:00:00Z,AWS,334455667788,Usage,2026-03-19T18:00:00Z,2026-03-19T19:00:00Z,AmazonRDS,USEA-InstanceUsage:db.m5.large,CreateDBInstance:0002,,arn:aws:rds:us-east-1:334455667788:db:app-db,1.0,,,0.171,0.170953,0.171,0.17099,Hrs,0.171,0.171,Amazon Relational Database Service,db.m5.large,,,,us-east-1,AmazonRDS,backend,prod,CC400,,,,,,,,,,,,,
62bf17d8a0db49b0ab68d250198a2fc5,2026-03-20T04:00:00Z/2026-03-20T05:00:00Z,112233445566,2026-03-01T00:00:00Z,2026-04-01T00:00:00Z,AWS,334455667788,Usage,2026-03-20T04:00:00Z,2026-03-20T05:00:00Z,AmazonRDS,USEA-InstanceUsage:db.m5.large,CreateDBInstance:0002,,arn:aws:rds:us-east-1:334455667788:db:app-db,1.0,,,0.171,0.170984,0.171,0.170845,Hrs,0.171,0.171,Amazon Relational Database Service,db.m5.large,,,,us-east-1,AmazonRDS,backend,prod,CC400,,,,,,,,,,,,,
29325b3a34264099b0ca2847be20de9e,2026-03-20T14:00:00Z/2026-03-20T15:00:00Z,112233445566,2026-03-01T00:00:00Z,2026-04-01T00:00:00Z,AWS,334455667788,Usage,2026-03-20T14:00:00Z,2026-03-20T15:00:00Z,AmazonRDS,USEA-InstanceUsage:db.m5.large,CreateDBInstance:0002,,arn:aws:rds:us-east-1:334455667788:db:app-db,1.0,,,0.171,0.171164,0.171,0.17094,Hrs,0.171,0.171,Amazon Relational Database Service,db.m5.large,,,,us-east-1,AmazonRDS,backend,prod,CC400,,,,,,,,,,,,,
fc6439237184406f8ca187ece5a0eda6,2026-03-21T00:00:00Z/2026-03-21T01:00:00Z,112233445566,2026-03-01T00:00:00Z,2026-04-01T00:00:00Z,AWS,334455667788,Usage,2026-03-21T00:00:00Z,2026-03-21T01:00:00Z,AmazonRDS,USEA-InstanceUsage:db.m5.large,CreateDBInstance:0002,,arn:aws:rds:us-east-1:334455667788:db:app-db,1.0,,,0.171,0.17107,0.171,0.171007,Hrs,0.171,0.171,Amazon Relational Database Service,db.m5.large,,,,us-east-1,AmazonRDS,backend,prod,CC400,,,,,,,,,,,,,
ce393d3833a640179ccc198dd6228bda,2026-03-21T10:00:00Z/2026-03-21T11:00:00Z,112233445566,2026-03-01T00:00:00Z,2026-04-01T00:00:00Z,AWS,334455667788,Usage,2026-03-21T10:00:00Z,2026-03-21T11:00:00Z,AmazonRDS,USEA-InstanceUsage:db.m5.large,CreateDBInstance:0002,,arn:aws:rds:us-east-1:334455667788:db:app-db,1.0,,,0.171,0.171113,0.171,0.171115,Hrs,0.171,0.171,Amazon Relational Database Service,db.m5.large,,,,us-east-1,AmazonRDS,backend,prod,CC400,,,,,,,,,,,,,
97c6cff798c74e0a95d519c23a389d7d,2026-03-21T20:00:00Z/2026-03-21T21:00:00Z,112233445566,2026-03-01T00:00:00Z,2026-04-01T00:00:00Z,AWS,334455667788,Usage,2026-03-21T20:00:00Z,2026-03-21T21:00:00Z,AmazonRDS,USEA-InstanceUsage:db.m5.large,CreateDBInstance:0002,,arn:aws:rds:us-east-1:334455667788:db:app-db,1.0,,,0.171,0.170919,0.171,0.171015,Hrs,0.171,0.171,Amazon Relational Database Service,db.m5.large,,,,us-east-1,AmazonRDS,backend,prod,CC400,,,,,,,,,,,,,
1bd043da7d3d47e2b163674dcef0660c,2026-03-22T06:00:00Z/2026-03-22T07:00:00Z,112233445566,2026-03-01T00:00:00Z,2026-04-01T00:00:00Z,AWS,334455667788,Usage,2026-03-22T06:00:00Z,2026-03-22T07:00:00Z,AmazonRDS,USEA-InstanceUsage:db.m5.large,CreateDBInstance:0002,,arn:aws:rds:us-east-1:334455667788:db:app-db,1.0,,,0.171,0.170888,0.171,0.171053,Hrs,0.171,0.171,Amazon Relational Database Service,db.m5.large,,,,us-east-1,AmazonRDS,backend,prod,CC400,,,,,,,,,,,,,
904b66e35eb3409fbaacbdfc3456eade,2026-03-22T16:00:00Z/2026-03-22T17:00:00Z,112233445566,2026-03-01T00:00:00Z,2026-04-01T00:00:00Z,AWS,334455667788,Usage,2026-03-22T16:00:00Z,2026-03-22T17:00:00Z,AmazonRDS,USEA-InstanceUsage:db.m5.large,CreateDBInstance:0002,,arn:aws:rds:us-east-1:334455667788:db:app-db,1.0,,,0.171,0.170954,0.171,0.171052,Hrs,0.171,0.171,Amazon Relational Database Service,db.m5.large,,,,us-east-1,AmazonRDS,backend,prod,CC400,,,,,,,,,,,,,
02081dc416fe44db8f4485982babb745,2026-03-23T02:00:00Z/2026-03-23T03:00:00Z,112233445566,2026-03-01T00:00:00Z,2026-04-01T00:00:00Z,AWS,334455667788,Usage,2026-03-23T02:00:00Z,2026-03-23T03:00:00Z,AmazonRDS,USEA-InstanceUsage:db.m5.large,CreateDBInstance:0002,,arn:aws:rds:us-east-1:334455667788:db:app-db,1.0,,,0.171,0.171115,0.171,0.171006,Hrs,0.171,0.171,Amazon Relational Database Service,db.m5.large,,,,us-east-1,AmazonRDS,backend,prod,CC400,,,,,,,,,,,,,
29c409603d3b4ebd96c1435491b1027b,2026-03-23T12:00:00Z/2026-03-23T13:00:00Z,112233445566,2026-03-01T00:00:00Z,2026-04-01T00:00:00Z,AWS,334455667788,Usage,2026-03-23T12:00:00Z,2026-03-23T13:00:00Z,AmazonRDS,USEA-InstanceUsage:db.m5.large,CreateDBInstance:0002,,arn:aws:rds:us-east-1:334455667788:db:app-db,1.0,,,0.171,0.170958,0.171,0.171139,Hrs,0.171,0.171,Amazon Relational Database Service,db.m5.large,,,,us-east-1,AmazonRDS,backend,prod,CC400,,,,,,,,,,,,,
1575868e980d426292f87a4ca31cc0e4,2026-03-23T22:00:00Z/2026-03-23T23:00:00Z,112233445566,2026-03-01T00:00:00Z,2026-04-01T00:00:00Z,AWS,334455667788,Usage,2026-03-23T22:00:00Z,2026-03-23T23:00:00Z,AmazonRDS,USEA-InstanceUsage:db.m5.large,CreateDBInstance:0002,,arn:aws:rds:us-east-1:334455667788:db:app-db,1.0,,,0.171,0.171006,0.171,0.17095,Hrs,0.171,0.171,Amazon Relational Database Service,db.m5.large,,,,us-east-1,AmazonRDS,backend,prod,CC400,,,,,,,,,,,,,
54947945ff9c4f1db0b94e155aae7542,2026-03-24T08:00:00Z/2026-03-24T09:00:00Z,112233445566,2026-03-01T00:00:00Z,2026-04-01T00:00:00Z,AWS,334455667788,Usage,2026-03-24T08:00:00Z,2026-03-24T09:00:00Z,AmazonRDS,USEA-InstanceUsage:db.m5.large,CreateDBInstance:0002,,arn:aws:rds:us-east-1:334455667788:db:app-db,1.0,,,0.171,0.171126,0.171,0.170996,Hrs,0.171,0.171,Amazon Relational Database Service,db.m5.large,,,,us-east-1,AmazonRDS,backend,prod,CC400,,,,,,,,,,,,,
ce5fdfdff96f4f4dbf1f9fbca5cbc8be,2026-03-24T18:00:00Z/2026-03-24T19:00:00Z,112233445566,2026-03-01T00:00:00Z,2026-04-01T00:00:00Z,AWS,334455667788,Usage,2026-03-24T18:00:00Z,2026-03-24T19:00:00Z,AmazonRDS,USEA-InstanceUsage:db.m5.large,CreateDBInstance:0002,,arn:aws:rds:us-east-1:334455667788:db:app-db,1.0,,,0.171,0.170994,0.171,0.171036,Hrs,0.171,0.171,Amazon Relational Database Service,db.m5.large,,,,us-east-1,AmazonRDS,backend,prod,CC400,,,,,,,,,,,,,
2ef0566d27dc4e6fa8d9c3b0992894ac,2026-03-25T04:00:00Z/2026-03-25T05:00:00Z,112233445566,2026-03-01T00:00:00Z,2026-04-01T00:00:00Z,AWS,334455667788,Usage,2026-03-25T04:00:00Z,2026-03-25T05:00:00Z,AmazonRDS,USEA-InstanceUsage:db.m5.large,CreateDBInstance:0002,,arn:aws:rds:us-east-1:334455667788:db:app-db,1.0,,,0.171,0.171001,0.171,0.170877,Hrs,0.171,0.171,Amazon Relational Database Service,db.m5.large,,,,us-east-1,AmazonRDS,backend,prod,CC400,,,,,,,,,,,,,
66b5a4bb367048a38c8032f6f54b0293,2026-03-25T14:00:00Z/2026-03-25T15:00:00Z,112233445566,2026-03-01T00:00:00Z,2026-04-01T00:00:00Z,AWS,334455667788,Usage,2026-03-25T14:00:00Z,2026-03-25T15:00:00Z,AmazonRDS,USEA-InstanceUsage:db.m5.large,CreateDBInstance:0002,,arn:aws:rds:us-east-1:334455667788:db:app-db,1.0,,,0.171,0.170886,0.171,0.170855,Hrs,0.171,0.171,Amazon Relational Database Service,db.m5.large,,,,us-east-1,AmazonRDS,backend,prod,CC400,,,,,,,,,,,,,
ee6be16572934409864cf10577e7a9aa,2026-03-26T00:00:00Z/2026-03-26T01:00:00Z,112233445566,2026-03-01T00:00:00Z,2026-04-01T00:00:00Z,AWS,334455667788,Usage,2026-03-26T00:00:00Z,2026-03-26T01:00:00Z,AmazonRDS,USEA-InstanceUsage:db.m5.large,CreateDBInstance:0002,,arn:aws:rds:us-east-1:334455667788:db:app-db,1.0,,,0.171,0.171049,0.171,0.170901,Hrs,0.171,0.171,Amazon Relational Database Service,db.m5.large,,,,us-east-1,AmazonRDS,backend,prod,CC400,,,,,,,,,,,,,
c925b43fd02d49968e3d3fceccdae247,2026-03-26T10:00:00Z/2026-03-26T11:00:00Z,112233445566,2026-03-01T00:00:00Z,2026-04-01T00:00:00Z,AWS,334455667788,Usage,2026-03-26T10:00:00Z,2026-03-26T11:00:00Z,AmazonRDS,USEA-InstanceUsage:db.m5.large,CreateDBInstance:0002,,arn:aws:rds:us-east-1:334455667788:db:app-db,1.0,,,0.171,0.170893,0.171,0.170953,Hrs,0.171,0.171,Amazon Relational Database Service,db.m5.large,,,,us-east-1,AmazonRDS,backend,prod,CC400,,,,,,,,,,,,,
ffa43a99137f4f3a88eea82f59ade647,2026-03-26T20:00:00Z/2026-03-26T21:00:00Z,112233445566,2026-03-01T00:00:00Z,2026-04-01T00:00:00Z,AWS,334455667788,Usage,2026-03-26T20:00:00Z,2026-03-26T21:00:00Z,AmazonRDS,USEA-InstanceUsage:db.m5.large,CreateDBInstance:0002,,arn:aws:rds:us-east-1:334455667788:db:app-db,1.0,,,0.171,0.171074,0.171,0.170869,Hrs,0.171,0.171,Amazon Relational Database Service,db.m5.large,,,,us-east-1,AmazonRDS,backend,prod,CC400,,,,,,,,,,,,,
b974b894d9a64717ad5f0cc9800a9580,2026-03-27T06:00:00Z/2026-03-27T07:00:00Z,112233445566,2026-03-01T00:00:00Z,2026-04-01T00:00:00Z,AWS,334455667788,Usage,2026-03-27T06:00:00Z,2026-03-27T07:00:00Z,AmazonRDS,USEA-InstanceUsage:db.m5.large,CreateDBInstance:0002,,arn:aws:rds:us-east-1:334455667788:db:app-db,1.0,,,0.171,0.170908,0.171,0.171106,Hrs,0.171,0.171,Amazon Relational Database Service,db.m5.large,,,,us-east-1,AmazonRDS,backend,prod,CC400,,,,,,,,,,,,,
bc798b44d145440c9fcf10726322ee44,2026-03-27T16:00:00Z/2026-03-27T17:00:00Z,112233445566,2026-03-01T00:00:00Z,2026-04-01T00:00:00Z,AWS,334455667788,Usage,2026-03-27T16:00:00Z,2026-03-27T17:00:00Z,AmazonRDS,USEA-InstanceUsage:db.m5.large,CreateDBInstance:0002,,arn:aws:rds:us-east-1:334455667788:db:app-db,1.0,,,0.171,0.171075,0.171,0.170994,Hrs,0.171,0.171,Amazon Relational Database Service,db.m5.large,,,,us-east-1,AmazonRDS,backend,prod,CC400,,,,,,,,,,,,,
9819e4b98e214833b13a62a0df0a6572,2026-03-28T02:00:00Z/2026-03-28T03:00:00Z,112233445566,2026-03-01T00:00:00Z,2026-04-01T00:00:00Z,AWS,334455667788,Usage,2026-03-28T02:00:00Z,2026-03-28T03:00:00Z,AmazonRDS,USEA-InstanceUsage:db.m5.large,CreateDBInstance:0002,,arn:aws:rds:us-east-1:334455667788:db:app-db,1.0,,,0.171,0.170993,0.171,0.170901,Hrs,0.171,0.171,Amazon Relational Database Service,db.m5.large,,,,us-east-1,AmazonRDS,backend,prod,CC400,,,,,,,,,,,,,
13d79ad6e9844e32a7210a9f0f85d00a,2026-03-28T12:00:00Z/2026-03-28T13:00:00Z,112233445566,2026-03-01T00:00:00Z,2026-04-01T00:00:00Z,AWS,334455667788,Usage,2026-03-28T12:00:00Z,2026-03-28T13:00:00Z,AmazonRDS,USEA-InstanceUsage:db.m5.large,CreateDBInstance:0002,,arn:aws:rds:us-east-1:334455667788:db:app-db,1.0,,,0.171,0.170884,0.171,0.171114,Hrs,0.171,0.171,Amazon Relational Database Service,db.m5.large,,,,us-east-1,AmazonRDS,backend,prod,CC400,,,,,,,,,,,,,
0d0b1fa415e946939c6bf244abf19f7c,2026-03-28T22:00:00Z/2026-03-28T23:00:00Z,112233445566,2026-03-01T00:00:00Z,2026-04-01T00:00:00Z,AWS,334455667788,Usage,2026-03-28T22:00:00Z,2026-03-28T23:00:00Z,AmazonRDS,USEA-InstanceUsage:db.m5.large,CreateDBInstance:0002,,arn:aws:rds:us-east-1:334455667788:db:app-db,1.0,,,0.171,0.170837,0.171,0.170844,Hrs,0.171,0.171,Amazon Relational Database Service,db.m5.large,,,,us-east-1,AmazonRDS,backend,prod,CC400,,,,,,,,,,,,,
4a16c7cbfe9a4e66bc0a91869ff7591b,2026-03-29T08:00:00Z/2026-03-29T09:00:00Z,112233445566,2026-03-01T00:00:00Z,2026-04-01T00:00:00Z,AWS,334455667788,Usage,2026-03-29T08:00:00Z,2026-03-29T09:00:00Z,AmazonRDS,USEA-InstanceUsage:db.m5.large,CreateDBInstance:0002,,arn:aws:rds:us-east-1:334455667788:db:app-db,1.0,,,0.171,0.171025,0.171,0.170884,Hrs,0.171,0.171,Amazon Relational Database Service,db.m5.large,,,,us-east-1,AmazonRDS,backend,prod,CC400,,,,,,,,,,,,,
2b70bb95f13847dbac779c79321ee450,2026-03-29T18:00:00Z/2026-03-29T19:00:00Z,112233445566,2026-03-01T00:00:00Z,2026-04-01T00:00:00Z,AWS,334455667788,Usage,2026-03-29T18:00:00Z,2026-03-29T19:00:00Z,AmazonRDS,USEA-InstanceUsage:db.m5.large,CreateDBInstance:0002,,arn:aws:rds:us-east-1:334455667788:db:app-db,1.0,,,0.171,0.171044,0.171,0.170842,Hrs,0.171,0.171,Amazon Relational Database Service,db.m5.large,,,,us-east-1,AmazonRDS,backend,prod,CC400,,,,,,,,,,,,,
0aa53efb278945c3aa264d5335ef8d2b,2026-03-30T04:00:00Z/2026-03-30T05:00:00Z,112233445566,2026-03-01T00:00:00Z,2026-04-01T00:00:00Z,AWS,334455667788,Usage,2026-03-30T04:00:00Z,2026-03-30T05:00:00Z,AmazonRDS,USEA-InstanceUsage:db.m5.large,CreateDBInstance:0002,,arn:aws:rds:us-east-1:334455667788:db:app-db,1.0,,,0.171,0.171025,0.171,0.170848,Hrs,0.171,0.171,Amazon Relational Database Service,db.m5.large,,,,us-east-1,AmazonRDS,backend,prod,CC400,,,,,,,,,,,,,
2707a2b745274ac59e2fbb02306ffae7,2026-03-30T14:00:00Z/2026-03-30T15:00:00Z,112233445566,2026-03-01T00:00:00Z,2026-04-01T00:00:00Z,AWS,334455667788,Usage,2026-03-30T14:00:00Z,2026-03-30T15:00:00Z,AmazonRDS,USEA-InstanceUsage:db.m5.large,CreateDBInstance:0002,,arn:aws:rds:us-east-1:334455667788:db:app-db,1.0,,,0.171,0.170917,0.171,0.170891,Hrs,0.171,0.171,Amazon Relational Database Service,db.m5.large,,,,us-east-1,AmazonRDS,backend,prod,CC400,,,,,,,,,,,,,
cc4187ca82ff4f48a47604fd1f126423,2026-03-01T00:00:00Z/2026-04-01T00:00:00Z,112233445566,2026-03-01T00:00:00Z,2026-04-01T00:00:00Z,AWS,112233445566,RIFee,2026-03-01T00:00:00Z,2026-04-01T00:00:00Z,AmazonEC2,USEA-HeavyUsage:t3.medium,RunInstances,us-east-1a,i-08c17060481d0498c,72.0,2.0,144.0,0.0,0.0,0.025003,1.800216,Hrs,0.0416,2.9952,Amazon Elastic Compute Cloud,t3.medium,2,4 GiB,Linux,us-east-1,AmazonEC2,platform,prod,CC100,arn:aws:ec2:us-east-1:112233445566:reserved-instances/92a587c9-8982-42da-8acb-6f64174b48c5,1.800216,1.530184,0.270032,11.67,0.043768,0.248017,,,,,,
bb02b94a647a4d26a89e3424523890be,2026-03-01T00:00:00Z/2026-04-01T00:00:00Z,112233445566,2026-03-01T00:00:00Z,2026-04-01T00:00:00Z,AWS,334455667788,SavingsPlanRecurringFee,2026-03-01T00:00:00Z,2026-04-01T00:00:00Z,AmazonEC2,USEA-BoxUsage:m5.large,RunInstances,us-east-1a,i-049798be486b44322,72.0,4.0,288.0,0.096,6.912,0.06931,4.99032,Hrs,0.096,6.912,Amazon Elastic Compute Cloud,m5.large,2,8 GiB,Linux,us-east-1,AmazonEC2,backend,prod,CC400,,,,,,,,arn:aws:savingsplans::334455667788:savingsplan/c4c5d327-085f-4422-9664-201aaaf1953a,0.06931,0.06931,4.8517,4.99032,4.99032
b9231d9e63fb4da9a91b41f3d5fef3b3,2026-03-01T00:00:00Z/2026-04-01T00:00:00Z,112233445566,2026-03-01T00:00:00Z,2026-04-01T00:00:00Z,AWS,334455667788,RIFee,2026-03-01T00:00:00Z,2026-04-01T00:00:00Z,AmazonEC2,USEA-HeavyUsage:m5.large,RunInstances,us-east-1c,i-04b6de506baaf4bc8,72.0,4.0,288.0,0.0,0.0,0.062162,4.475664,Hrs,0.096,6.912,Amazon Elastic Compute Cloud,m5.large,2,8 GiB,Linux,us-east-1,AmazonEC2,backend,prod,CC400,arn:aws:ec2:us-east-1:334455667788:reserved-instances/6dec5750-67e6-4270-856e-47f87ed57476,4.475664,3.804314,0.67135,12.93,0.120563,0.683191,,,,,,
37e1dc93bba84a87a7ade6a8a5bc3399,2026-03-01T00:00:00Z/2026-04-01T00:00:00Z,112233445566,2026-03-01T00:00:00Z,2026-04-01T00:00:00Z,AWS,223344556677,RIFee,2026-03-01T00:00:00Z,2026-04-01T00:00:00Z,AmazonEC2,USWE-HeavyUsage:c5.xlarge,RunInstances,us-west-2a,i-04f969cf127c14988,72.0,8.0,576.0,0.0,0.0,0.107687,7.753464,Hrs,0.17,12.24,Amazon Elastic Compute Cloud,c5.xlarge,4,8 GiB,Linux,us-west-2,AmazonEC2,,,,arn:aws:ec2:us-west-2:223344556677:reserved-instances/a726f9a9-8310-4a91-a4fa-47f7f0a0ce8d,7.753464,6.590444,1.16302,12.9,0.208374,1.180788,,,,,,
9f7fe417dc7948f9b85c0ef540c116a5,2026-03-01T00:00:00Z/2026-04-01T00:00:00Z,112233445566,2026-03-01T00:00:00Z,2026-04-01T00:00:00Z,AWS,223344556677,RIFee,2026-03-01T00:00:00Z,2026-04-01T00:00:00Z,AmazonEC2,USWE-HeavyUsage:r5.large,RunInstances,us-west-2a,i-06253534318854636,72.0,4.0,288.0,0.0,0.0,0.074491,5.363352,Hrs,0.126,9.072,Amazon Elastic Compute Cloud,r5.large,2,16 GiB,Linux,us-west-2,AmazonEC2,ml,prod,CC500,arn:aws:ec2:us-west-2:223344556677:reserved-instances/41949cd7-bb19-4c21-a2e7-7364828fe236,5.363352,4.558849,0.804503,7.31,0.081679,0.46285,,,,,,
e769124cb2e94d4a9ba90e05af090646,2026-03-01T00:00:00Z/2026-04-01T00:00:00Z,112233445566,2026-03-01T00:00:00Z,2026-04-01T00:00:00Z,AWS,223344556677,SavingsPlanRecurringFee,2026-03-01T00:00:00Z,2026-04-01T00:00:00Z,AmazonEC2,USWE-BoxUsage:r5.xlarge,RunInstances,us-west-2a,i-05c37106633ad4ac2,72.0,8.0,576.0,0.252,18.144,0.183743,13.229496,Hrs,0.252,18.144,Amazon Elastic Compute Cloud,r5.xlarge,4,32 GiB,Linux,us-west-2,AmazonEC2,ml,prod,CC500,,,,,,,,arn:aws:savingsplans::223344556677:savingsplan/4a5ad43f-7759-4fe0-9477-bf840cfe04d1,0.183743,0.183743,12.86201,13.229496,13.229496
82853caf9eed4b1fbf8ed72ee15825af,2026-03-01T00:00:00Z/2026-04-01T00:00:00Z,112233445566,2026-03-01T00:00:00Z,2026-04-01T00:00:00Z,AWS,112233445566,SavingsPlanRecurringFee,2026-03-01T00:00:00Z,2026-04-01T00:00:00Z,AmazonEC2,USEA-BoxUsage:t3.small,RunInstances,us-east-1b,i-024a8f9db6db74b75,72.0,1.0,72.0,0.0208,1.4976,0.014243,1.025496,Hrs,0.0208,1.4976,Amazon Elastic Compute Cloud,t3.small,2,2 GiB,Linux,us-east-1,AmazonEC2,platform,staging,CC100,,,,,,,,arn:aws:savingsplans::112233445566:savingsplan/723bc961-d15a-46f2-a6e3-7599c5de85b4,0.014243,0.014243,1.011253,1.025496,1.025496
773324d171de498f8d6ba8088799884f,2026-03-01T00:00:00Z/2026-04-01T00:00:00Z,112233445566,2026-03-01T00:00:00Z,2026-04-01T00:00:00Z,AWS,223344556677,RIFee,2026-03-01T00:00:00Z,2026-04-01T00:00:00Z,AmazonEC2,USWE-HeavyUsage:m5.2xlarge,RunInstances,us-west-2a,i-0512b083743f7416a,72.0,16.0,1152.0,0.0,0.0,0.234286,16.868592,Hrs,0.384,27.648,Amazon Elastic Compute Cloud,m5.2xlarge,8,32 GiB,Linux,us-west-2,AmazonEC2,data-eng,prod,CC200,arn:aws:ec2:us-west-2:223344556677:reserved-instances/134212ed-4f51-492d-8423-fef417006fb8,16.868592,14.338303,2.530289,11.86,0.416795,2.361837,,,,,,
