identity/LineItemId,identity/TimeInterval,bill/PayerAccountId,bill/BillingPeriodStartDate,bill/BillingPeriodEndDate,bill/BillingEntity,lineItem/UsageAccountId,lineItem/LineItemType,lineItem/UsageStartDate,lineItem/UsageEndDate,lineItem/ProductCode,lineItem/UsageType,lineItem/Operation,lineItem/AvailabilityZone,lineItem/ResourceId,lineItem/UsageAmount,lineItem/NormalizationFactor,lineItem/NormalizedUsageAmount,lineItem/UnblendedRate,lineItem/UnblendedCost,lineItem/BlendedRate,lineItem/BlendedCost,pricing/unit,pricing/publicOnDemandRate,pricing/publicOnDemandCost,product/ProductName,product/instanceType,product/vcpu,product/memory,product/operatingSystem,product/region,product/servicecode,resourceMetrics/cpuUtilizationPct,resourceMetrics/memoryUtilizationPct,resourceMetrics/diskUtilizationPct,resourceMetrics/idleHours,resourceMetrics/lastActivityAt,resourceTags/user:Team,resourceTags/user:Environment,resourceTags/user:CostCenter,reservation/ReservationARN,reservation/EffectiveCost,reservation/RecurringFeeForUsage,reservation/AmortizedUpfrontCostForUsage,reservation/UnusedQuantity,reservation/UnusedAmortizedUpfrontFeeForBillingPeriod,reservation/UnusedRecurringFee,savingsPlan/SavingsPlanARN,savingsPlan/SavingsPlanEffectiveCost,savingsPlan/SavingsPlanRate,savingsPlan/UsedCommitment,savingsPlan/TotalCommitmentToDate,savingsPlan/RecurringCommitmentForBillingPeriod
a8d5c495229046a795f9fbf39ecbed05,2026-01-01T00:00:00Z/2026-01-01T01:00:00Z,112233445566,2026-01-01T00:00:00Z,2026-02-01T00:00:00Z,AWS,112233445566,Usage,2026-01-01T00:00:00Z,2026-01-01T01:00:00Z,AmazonEC2,USEA-BoxUsage:t3.medium,RunInstances,us-east-1a,i-0cf977c905fab45a4,1.0,2.0,2.0,0.0416,0.0416,0.041073,0.042722,Hrs,0.0416,0.0416,Amazon Elastic Compute Cloud,t3.medium,2,4 GiB,Linux,us-east-1,AmazonEC2,41.74,55.89,48.09,3,2025-12-31T15:46:16Z,platform,prod,CC100,,,,,,,,,,,,,
16c1a31ad8fb45679cf39c1faf86ce34,2026-01-01T10:00:00Z/2026-01-01T11:00:00Z,112233445566,2026-01-01T00:00:00Z,2026-02-01T00:00:00Z,AWS,112233445566,Usage,2026-01-01T10:00:00Z,2026-01-01T11:00:00Z,AmazonEC2,USEA-BoxUsage:t3.medium,RunInstances,us-east-1a,i-0cf977c905fab45a4,1.0,2.0,2.0,0.0416,0.0416,0.041328,0.041203,Hrs,0.0416,0.0416,Amazon Elastic Compute Cloud,t3.medium,2,4 GiB,Linux,us-east-1,AmazonEC2,46.18,53.34,46.58,6,2025-12-31T06:00:19Z,platform,prod,CC100,,,,,,,,,,,,,
12a17b10c29748f0809badfba816298d,2026-01-01T20:00:00Z/2026-01-01T21:00:00Z,112233445566,2026-01-01T00:00:00Z,2026-02-01T00:00:00Z,AWS,112233445566,Usage,2026-01-01T20:00:00Z,2026-01-01T21:00:00Z,AmazonEC2,USEA-BoxUsage:t3.medium,RunInstances,us-east-1a,i-0cf977c905fab45a4,1.0,2.0,2.0,0.0416,0.0416,0.041778,0.043627,Hrs,0.0416,0.0416,Amazon Elastic Compute Cloud,t3.medium,2,4 GiB,Linux,us-east-1,AmazonEC2,51.2,46.13,51.58,4,2025-12-30T19:07:11Z,platform,prod,CC100,,,,,,,,,,,,,
a9ffaa133f8042c7a7cc9c51230a9928,2026-01-02T06:00:00Z/2026-01-02T07:00:00Z,112233445566,2026-01-01T00:00:00Z,2026-02-01T00:00:00Z,AWS,112233445566,Usage,2026-01-02T06:00:00Z,2026-01-02T07:00:00Z,AmazonEC2,USEA-BoxUsage:t3.medium,RunInstances,us-east-1a,i-0cf977c905fab45a4,1.0,2.0,2.0,0.0416,0.0416,0.039922,0.040589,Hrs,0.0416,0.0416,Amazon Elastic Compute Cloud,t3.medium,2,4 GiB,Linux,us-east-1,AmazonEC2,52.99,64.89,28.02,13,2026-01-01T06:17:50Z,platform,prod,CC100,,,,,,,,,,,,,
7eb70302e9034e4b87ba9c608d0e6f2e,2026-01-02T16:00:00Z/2026-01-02T17:00:00Z,112233445566,2026-01-01T00:00:00Z,2026-02-01T00:00:00Z,AWS,112233445566,Usage,2026-01-02T16:00:00Z,2026-01-02T17:00:00Z,AmazonEC2,USEA-BoxUsage:t3.medium,RunInstances,us-east-1a,i-0cf977c905fab45a4,1.0,2.0,2.0,0.0416,0.0416,0.04181,0.043512,Hrs,0.0416,0.0416,Amazon Elastic Compute Cloud,t3.medium,2,4 GiB,Linux,us-east-1,AmazonEC2,50.15,62.55,44.02,24,2026-01-01T00:12:02Z,platform,prod,CC100,,,,,,,,,,,,,
cb4d5c1af6ef4d8ca2a0c6713f2a57f9,2026-01-03T02:00:00Z/2026-01-03T03:00:00Z,112233445566,2026-01-01T00:00:00Z,2026-02-01T00:00:00Z,AWS,112233445566,Usage,2026-01-03T02:00:00Z,2026-01-03T03:00:00Z,AmazonEC2,USEA-BoxUsage:t3.medium,RunInstances,us-east-1a,i-0cf977c905fab45a4,1.0,2.0,2.0,0.0416,0.0416,0.039602,0.040191,Hrs,0.0416,0.0416,Amazon Elastic Compute Cloud,t3.medium,2,4 GiB,Linux,us-east-1,AmazonEC2,53.77,48.12,25.32,7,2026-01-02T17:58:14Z,platform,prod,CC100,,,,,,,,,,,,,
d79fcb608cbb4ebc8c3624980ff4c8d2,2026-01-03T12:00:00Z/2026-01-03T13:00:00Z,112233445566,2026-01-01T00:00:00Z,2026-02-01T00:00:00Z,AWS,112233445566,Usage,2026-01-03T12:00:00Z,2026-01-03T13:00:00Z,AmazonEC2,USEA-BoxUsage:t3.medium,RunInstances,us-east-1a,i-0cf977c905fab45a4,1.0,2.0,2.0,0.0416,0.0416,0.042251,0.041626,Hrs,0.0416,0.0416,Amazon Elastic Compute Cloud,t3.medium,2,4 GiB,Linux,us-east-1,AmazonEC2,34.62,63.42,37.0,4,2026-01-01T06:32:29Z,platform,prod,CC100,,,,,,,,,,,,,
835ea1a7961b48dc9b6ff3b23e86e960,2026-01-03T22:00:00Z/2026-01-03T23:00:00Z,112233445566,2026-01-01T00:00:00Z,2026-02-01T00:00:00Z,AWS,112233445566,Usage,2026-01-03T22:00:00Z,2026-01-03T23:00:00Z,AmazonEC2,USEA-BoxUsage:t3.medium,RunInstances,us-east-1a,i-0cf977c905fab45a4,1.0,2.0,2.0,0.0416,0.0416,0.041667,0.03981,Hrs,0.0416,0.0416,Amazon Elastic Compute Cloud,t3.medium,2,4 GiB,Linux,us-east-1,AmazonEC2,34.76,65.0,24.01,2,2026-01-01T18:55:25Z,platform,prod,CC100,,,,,,,,,,,,,
efbd6938f2b541cba37c9c3c399a989f,2026-01-04T08:00:00Z/2026-01-04T09:00:00Z,112233445566,2026-01-01T00:00:00Z,2026-02-01T00:00:00Z,AWS,112233445566,Usage,2026-01-04T08:00:00Z,2026-01-04T09:00:00Z,AmazonEC2,USEA-BoxUsage:t3.medium,RunInstances,us-east-1a,i-0cf977c905fab45a4,1.0,2.0,2.0,0.0416,0.0416,0.042463,0.043309,Hrs,0.0416,0.0416,Amazon Elastic Compute Cloud,t3.medium,2,4 GiB,Linux,us-east-1,AmazonEC2,39.55,59.45,40.22,16,2026-01-02T18:42:50Z,platform,prod,CC100,,,,,,,,,,,,,
e538b91252364afeba191b98199949eb,2026-01-04T18:00:00Z/2026-01-04T19:00:00Z,112233445566,2026-01-01T00:00:00Z,2026-02-01T00:00:00Z,AWS,112233445566,Usage,2026-01-04T18:00:00Z,2026-01-04T19:00:00Z,AmazonEC2,USEA-BoxUsage:t3.medium,RunInstances,us-east-1a,i-0cf977c905fab45a4,1.0,2.0,2.0,0.0416,0.0416,0.04191,0.041524,Hrs,0.0416,0.0416,Amazon Elastic Compute Cloud,t3.medium,2,4 GiB,Linux,us-east-1,AmazonEC2,56.13,43.76,47.04,28,2026-01-03T23:27:28Z,platform,prod,CC100,,,,,,,,,,,,,
2e625ab8032a446cb5a18564b9d6e395,2026-01-05T04:00:00Z/2026-01-05T05:00:00Z,112233445566,2026-01-01T00:00:00Z,2026-02-01T00:00:00Z,AWS,112233445566,Usage,2026-01-05T04:00:00Z,2026-01-05T05:00:00Z,AmazonEC2,USEA-BoxUsage:t3.medium,RunInstances,us-east-1a,i-0cf977c905fab45a4,1.0,2.0,2.0,0.0416,0.0416,0.039781,0.0419,Hrs,0.0416,0.0416,Amazon Elastic Compute Cloud,t3.medium,2,4 GiB,Linux,us-east-1,AmazonEC2,47.5,52.68,32.15,10,2026-01-03T13:59:36Z,platform,prod,CC100,,,,,,,,,,,,,
e93a0c349e3647758050097d659a9306,2026-01-05T14:00:00Z/2026-01-05T15:00:00Z,112233445566,2026-01-01T00:00:00Z,2026-02-01T00:00:00Z,AWS,112233445566,Usage,2026-01-05T14:00:00Z,2026-01-05T15:00:00Z,AmazonEC2,USEA-BoxUsage:t3.medium,RunInstances,us-east-1a,i-0cf977c905fab45a4,1.0,2.0,2.0,0.0416,0.0416,0.043102,0.041824,Hrs,0.0416,0.0416,Amazon Elastic Compute Cloud,t3.medium,2,4 GiB,Linux,us-east-1,AmazonEC2,43.59,58.22,44.61,3,2026-01-04T18:35:40Z,platform,prod,CC100,,,,,,,,,,,,,
ff3167bbdf41497f80eadb868546f79d,2026-01-06T00:00:00Z/2026-01-06T01:00:00Z,112233445566,2026-01-01T00:00:00Z,2026-02-01T00:00:00Z,AWS,112233445566,Usage,2026-01-06T00:00:00Z,2026-01-06T01:00:00Z,AmazonEC2,USEA-BoxUsage:t3.medium,RunInstances,us-east-1a,i-0cf977c905fab45a4,1.0,2.0,2.0,0.0416,0.0416,0.043024,0.040155,Hrs,0.0416,0.0416,Amazon Elastic Compute Cloud,t3.medium,2,4 GiB,Linux,us-east-1,AmazonEC2,40.81,42.64,27.0,21,2026-01-04T06:18:21Z,platform,prod,CC100,,,,,,,,,,,,,
7d7e6dcb68e146ebb45b76762df53a8b,2026-01-06T10:00:00Z/2026-01-06T11:00:00Z,112233445566,2026-01-01T00:00:00Z,2026-02-01T00:00:00Z,AWS,112233445566,Usage,2026-01-06T10:00:00Z,2026-01-06T11:00:00Z,AmazonEC2,USEA-BoxUsage:t3.medium,RunInstances,us-east-1a,i-0cf977c905fab45a4,1.0,2.0,2.0,0.0416,0.0416,0.040047,0.042514,Hrs,0.0416,0.0416,Amazon Elastic Compute Cloud,t3.medium,2,4 GiB,Linux,us-east-1,AmazonEC2,43.1,44.91,27.22,11,2026-01-05T16:25:52Z,platform,prod,CC100,,,,,,,,,,,,,
7d58de80acd74983adea8ff16778d0e4,2026-01-06T20:00:00Z/2026-01-06T21:00:00Z,112233445566,2026-01-01T00:00:00Z,2026-02-01T00:00:00Z,AWS,112233445566,Usage,2026-01-06T20:00:00Z,2026-01-06T21:00:00Z,AmazonEC2,USEA-BoxUsage:t3.medium,RunInstances,us-east-1a,i-0cf977c905fab45a4,1.0,2.0,2.0,0.0416,0.0416,0.041044,0.043545,Hrs,0.0416,0.0416,Amazon Elastic Compute Cloud,t3.medium,2,4 GiB,Linux,us-east-1,AmazonEC2,54.73,59.14,34.42,11,2026-01-05T07:58:16Z,platform,prod,CC100,,,,,,,,,,,,,
f7c5d5f8e0974037b473b6a69d87b116,2026-01-07T06:00:00Z/2026-01-07T07:00:00Z,112233445566,2026-01-01T00:00:00Z,2026-02-01T00:00:00Z,AWS,112233445566,Usage,2026-01-07T06:00:00Z,2026-01-07T07:00:00Z,AmazonEC2,USEA-BoxUsage:t3.medium,RunInstances,us-east-1a,i-0cf977c905fab45a4,1.0,2.0,2.0,0.0416,0.0416,0.043593,0.042386,Hrs,0.0416,0.0416,Amazon Elastic Compute Cloud,t3.medium,2,4 GiB,Linux,us-east-1,AmazonEC2,35.04,64.02,41.07,2,2026-01-05T20:57:41Z,platform,prod,CC100,,,,,,,,,,,,,
cff1ac3568de4c2986594c4ded576eee,2026-01-07T16:00:00Z/2026-01-07T17:00:00Z,112233445566,2026-01-01T00:00:00Z,2026-02-01T00:00:00Z,AWS,112233445566,Usage,2026-01-07T16:00:00Z,2026-01-07T17:00:00Z,AmazonEC2,USEA-BoxUsage:t3.medium,RunInstances,us-east-1a,i-0cf977c905fab45a4,1.0,2.0,2.0,0.0416,0.0416,0.043499,0.043043,Hrs,0.0416,0.0416,Amazon Elastic Compute Cloud,t3.medium,2,4 GiB,Linux,us-east-1,AmazonEC2,50.77,62.74,48.54,7,2026-01-05T18:17:48Z,platform,prod,CC100,,,,,,,,,,,,,
30fe944c835b47bba1c45e410fd6b59f,2026-01-08T02:00:00Z/2026-01-08T03:00:00Z,112233445566,2026-01-01T00:00:00Z,2026-02-01T00:00:00Z,AWS,112233445566,Usage,2026-01-08T02:00:00Z,2026-01-08T03:00:00Z,AmazonEC2,USEA-BoxUsage:t3.medium,RunInstances,us-east-1a,i-0cf977c905fab45a4,1.0,2.0,2.0,0.0416,0.0416,0.040965,0.043449,Hrs,0.0416,0.0416,Amazon Elastic Compute Cloud,t3.medium,2,4 GiB,Linux,us-east-1,AmazonEC2,42.66,48.8,40.08,17,2026-01-07T08:37:07Z,platform,prod,CC100,,,,,,,,,,,,,
3c26bf92a49a48ea924d1a33cbd34b2a,2026-01-08T12:00:00Z/2026-01-08T13:00:00Z,112233445566,2026-01-01T00:00:00Z,2026-02-01T00:00:00Z,AWS,112233445566,Usage,2026-01-08T12:00:00Z,2026-01-08T13:00:00Z,AmazonEC2,USEA-BoxUsage:t3.medium,RunInstances,us-east-1a,i-0cf977c905fab45a4,1.0,2.0,2.0,0.0416,0.0416,0.040495,0.039951,Hrs,0.0416,0.0416,Amazon Elastic Compute Cloud,t3.medium,2,4 GiB,Linux,us-east-1,AmazonEC2,55.87,58.44,42.72,24,2026-01-06T15:33:10Z,platform,prod,CC100,,,,,,,,,,,,,
51ab0a8fe09c4817b21f304fe95f6b98,2026-01-08T22:00:00Z/2026-01-08T23:00:00Z,112233445566,2026-01-01T00:00:00Z,2026-02-01T00:00:00Z,AWS,112233445566,Usage,2026-01-08T22:00:00Z,2026-01-08T23:00:00Z,AmazonEC2,USEA-BoxUsage:t3.medium,RunInstances,us-east-1a,i-0cf977c905fab45a4,1.0,2.0,2.0,0.0416,0.0416,0.042798,0.041668,Hrs,0.0416,0.0416,Amazon Elastic Compute Cloud,t3.medium,2,4 GiB,Linux,us-east-1,AmazonEC2,35.59,64.04,32.57,12,2026-01-07T14:37:51Z,platform,prod,CC100,,,,,,,,,,,,,
d901a976f6054a2f95ac46e682c8d72d,2026-01-09T08:00:00Z/2026-01-09T09:00:00Z,112233445566,2026-01-01T00:00:00Z,2026-02-01T00:00:00Z,AWS,112233445566,Usage,2026-01-09T08:00:00Z,2026-01-09T09:00:00Z,AmazonEC2,USEA-BoxUsage:t3.medium,RunInstances,us-east-1a,i-0cf977c905fab45a4,1.0,2.0,2.0,0.0416,0.0416,0.043306,0.041536,Hrs,0.0416,0.0416,Amazon Elastic Compute Cloud,t3.medium,2,4 GiB,Linux,us-east-1,AmazonEC2,41.75,64.83,27.1,17,2026-01-08T17:19:16Z,platform,prod,CC100,,,,,,,,,,,,,
dec8ec6497814f999e10033a937003b4,2026-01-09T18:00:00Z/2026-01-09T19:00:00Z,112233445566,2026-01-01T00:00:00Z,2026-02-01T00:00:00Z,AWS,112233445566,Usage,2026-01-09T18:00:00Z,2026-01-09T19:00:00Z,AmazonEC2,USEA-BoxUsage:t3.medium,RunInstances,us-east-1a,i-0cf977c905fab45a4,1.0,2.0,2.0,0.0416,0.0416,0.039836,0.040751,Hrs,0.0416,0.0416,Amazon Elastic Compute Cloud,t3.medium,2,4 GiB,Linux,us-east-1,AmazonEC2,53.95,38.39,24.4,6,2026-01-08T03:16:48Z,platform,prod,CC100,,,,,,,,,,,,,
37c05947d8824d8d854851f9895694ef,2026-01-10T04:00:00Z/2026-01-10T05:00:00Z,112233445566,2026-01-01T00:00:00Z,2026-02-01T00:00:00Z,AWS,112233445566,Usage,2026-01-10T04:00:00Z,2026-01-10T05:00:00Z,AmazonEC2,USEA-BoxUsage:t3.medium,RunInstances,us-east-1a,i-0cf977c905fab45a4,1.0,2.0,2.0,0.0416,0.0416,0.041889,0.040381,Hrs,0.0416,0.0416,Amazon Elastic Compute Cloud,t3.medium,2,4 GiB,Linux,us-east-1,AmazonEC2,35.08,39.61,29.9,16,2026-01-09T01:25:43Z,platform,prod,CC100,,,,,,,,,,,,,
27311ea955dc4c60a8afcbbc53f63a0b,2026-01-10T14:00:00Z/2026-01-10T15:00:00Z,112233445566,2026-01-01T00:00:00Z,2026-02-01T00:00:00Z,AWS,112233445566,Usage,2026-01-10T14:00:00Z,2026-01-10T15:00:00Z,AmazonEC2,USEA-BoxUsage:t3.medium,RunInstances,us-east-1a,i-0cf977c905fab45a4,1.0,2.0,2.0,0.0416,0.0416,0.040696,0.043255,Hrs,0.0416,0.0416,Amazon Elastic Compute Cloud,t3.medium,2,4 GiB,Linux,us-east-1,AmazonEC2,49.23,46.19,30.32,18,2026-01-09T04:42:10Z,platform,prod,CC100,,,,,,,,,,,,,
eb7f8938c5354e86a78f2e6ba22299f2,2026-01-11T00:00:00Z/2026-01-11T01:00:00Z,112233445566,2026-01-01T00:00:00Z,2026-02-01T00:00:00Z,AWS,112233445566,Usage,2026-01-11T00:00:00Z,2026-01-11T01:00:00Z,AmazonEC2,USEA-BoxUsage:t3.medium,RunInstances,us-east-1a,i-0cf977c905fab45a4,1.0,2.0,2.0,0.0416,0.0416,0.042469,0.04027,Hrs,0.0416,0.0416,Amazon Elastic Compute Cloud,t3.medium,2,4 GiB,Linux,us-east-1,AmazonEC2,39.53,55.16,27.62,4,2026-01-09T16:08:27Z,platform,prod,CC100,,,,,,,,,,,,,
b1f29e79d39d44dc831c84b12d3721bf,2026-01-11T10:00:00Z/2026-01-11T11:00:00Z,112233445566,2026-01-01T00:00:00Z,2026-02-01T00:00:00Z,AWS,112233445566,Usage,2026-01-11T10:00:00Z,2026-01-11T11:00:00Z,AmazonEC2,USEA-BoxUsage:t3.medium,RunInstances,us-east-1a,i-0cf977c905fab45a4,1.0,2.0,2.0,0.0416,0.0416,0.043435,0.04135,Hrs,0.0416,0.0416,Amazon Elastic Compute Cloud,t3.medium,2,4 GiB,Linux,us-east-1,AmazonEC2,56.21,39.93,30.76,7,2026-01-09T15:49:59Z,platform,prod,CC100,,,,,,,,,,,,,
958144f66c964a9f811d53a195c4c9e9,2026-01-11T20:00:00Z/2026-01-11T21:00:00Z,112233445566,2026-01-01T00:00:00Z,2026-02-01T00:00:00Z,AWS,112233445566,Usage,2026-01-11T20:00:00Z,2026-01-11T21:00:00Z,AmazonEC2,USEA-BoxUsage:t3.medium,RunInstances,us-east-1a,i-0cf977c905fab45a4,1.0,2.0,2.0,0.0416,0.0416,0.042256,0.042391,Hrs,0.0416,0.0416,Amazon Elastic Compute Cloud,t3.medium,2,4 GiB,Linux,us-east-1,AmazonEC2,36.44,42.95,49.02,16,2026-01-10T00:56:38Z,platform,prod,CC100,,,,,,,,,,,,,
f36bffaff0324f3f8ee7b1de410bfcee,2026-01-12T06:00:00Z/2026-01-12T07:00:00Z,112233445566,2026-01-01T00:00:00Z,2026-02-01T00:00:00Z,AWS,112233445566,Usage,2026-01-12T06:00:00Z,2026-01-12T07:00:00Z,AmazonEC2,USEA-BoxUsage:t3.medium,RunInstances,us-east-1a,i-0cf977c905fab45a4,1.0,2.0,2.0,0.0416,0.0416,0.04361,0.043655,Hrs,0.0416,0.0416,Amazon Elastic Compute Cloud,t3.medium,2,4 GiB,Linux,us-east-1,AmazonEC2,38.56,56.34,35.42,11,2026-01-11T18:11:58Z,platform,prod,CC100,,,,,,,,,,,,,
5510fa469348469bbb8e8a6d5696a076,2026-01-12T16:00:00Z/2026-01-12T17:00:00Z,112233445566,2026-01-01T00:00:00Z,2026-02-01T00:00:00Z,AWS,112233445566,Usage,2026-01-12T16:00:00Z,2026-01-12T17:00:00Z,AmazonEC2,USEA-BoxUsage:t3.medium,RunInstances,us-east-1a,i-0cf977c905fab45a4,1.0,2.0,2.0,0.0416,0.0416,0.040597,0.040836,Hrs,0.0416,0.0416,Amazon Elastic Compute Cloud,t3.medium,2,4 GiB,Linux,us-east-1,AmazonEC2,50.0,50.26,30.36,18,2026-01-11T00:42:47Z,platform,prod,CC100,,,,,,,,,,,,,
fa25c42a7ff94d5d9a8a7372d3e01b8a,2026-01-13T02:00:00Z/2026-01-13T03:00:00Z,112233445566,2026-01-01T00:00:00Z,2026-02-01T00:00:00Z,AWS,112233445566,Usage,2026-01-13T02:00:00Z,2026-01-13T03:00:00Z,AmazonEC2,USEA-BoxUsage:t3.medium,RunInstances,us-east-1a,i-0cf977c905fab45a4,1.0,2.0,2.0,0.0416,0.0416,0.040075,0.042035,Hrs,0.0416,0.0416,Amazon Elastic Compute Cloud,t3.medium,2,4 GiB,Linux,us-east-1,AmazonEC2,52.14,53.0,32.54,11,2026-01-11T16:57:22Z,platform,prod,CC100,,,,,,,,,,,,,
31345de6a85a4c1cb2b0143b5f8caf50,2026-01-13T12:00:00Z/2026-01-13T13:00:00Z,112233445566,2026-01-01T00:00:00Z,2026-02-01T00:00:00Z,AWS,112233445566,Usage,2026-01-13T12:00:00Z,2026-01-13T13:00:00Z,AmazonEC2,USEA-BoxUsage:t3.medium,RunInstances,us-east-1a,i-0cf977c905fab45a4,1.0,2.0,2.0,0.0416,0.0416,0.043223,0.039912,Hrs,0.0416,0.0416,Amazon Elastic Compute Cloud,t3.medium,2,4 GiB,Linux,us-east-1,AmazonEC2,55.58,62.54,26.56,13,2026-01-11T02:02:39Z,platform,prod,CC100,,,,,,,,,,,,,
ae82df1a7106410ab07e1d120ec7035b,2026-01-13T22:00:00Z/2026-01-13T23:00:00Z,112233445566,2026-01-01T00:00:00Z,2026-02-01T00:00:00Z,AWS,112233445566,Usage,2026-01-13T22:00:00Z,2026-01-13T23:00:00Z,AmazonEC2,USEA-BoxUsage:t3.medium,RunInstances,us-east-1a,i-0cf977c905fab45a4,1.0,2.0,2.0,0.0416,0.0416,0.04097,0.041276,Hrs,0.0416,0.0416,Amazon Elastic Compute Cloud,t3.medium,2,4 GiB,Linux,us-east-1,AmazonEC2,33.0,60.37,24.18,6,2026-01-11T13:26:12Z,platform,prod,CC100,,,,,,,,,,,,,
c1342fccaf4a4737848de5f3aefc6aa6,2026-01-14T08:00:00Z/2026-01-14T09:00:00Z,112233445566,2026-01-01T00:00:00Z,2026-02-01T00:00:00Z,AWS,112233445566,Usage,2026-01-14T08:00:00Z,2026-01-14T09:00:00Z,AmazonEC2,USEA-BoxUsage:t3.medium,RunInstances,us-east-1a,i-0cf977c905fab45a4,1.0,2.0,2.0,0.0416,0.0416,0.040971,0.042898,Hrs,0.0416,0.0416,Amazon Elastic Compute Cloud,t3.medium,2,4 GiB,Linux,us-east-1,AmazonEC2,35.18,60.1,50.41,24,2026-01-12T06:16:32Z,platform,prod,CC100,,,,,,,,,,,,,
75d1bf27cbc14099b617b3423becacbd,2026-01-14T18:00:00Z/2026-01-14T19:00:00Z,112233445566,2026-01-01T00:00:00Z,2026-02-01T00:00:00Z,AWS,112233445566,Usage,2026-01-14T18:00:00Z,2026-01-14T19:00:00Z,AmazonEC2,USEA-BoxUsage:t3.medium,RunInstances,us-east-1a,i-0cf977c905fab45a4,1.0,2.0,2.0,0.0416,0.0416,0.039545,0.041827,Hrs,0.0416,0.0416,Amazon Elastic Compute Cloud,t3.medium,2,4 GiB,Linux,us-east-1,AmazonEC2,48.09,58.89,46.97,10,2026-01-13T00:38:01Z,platform,prod,CC100,,,,,,,,,,,,,
50194105538447c9be2f49ef513af0ab,2026-01-15T04:00:00Z/2026-01-15T05:00:00Z,112233445566,2026-01-01T00:00:00Z,2026-02-01T00:00:00Z,AWS,112233445566,Usage,2026-01-15T04:00:00Z,2026-01-15T05:00:00Z,AmazonEC2,USEA-BoxUsage:t3.medium,RunInstances,us-east-1a,i-0cf977c905fab45a4,1.0,2.0,2.0,0.0416,0.0416,0.042253,0.039736,Hrs,0.0416,0.0416,Amazon Elastic Compute Cloud,t3.medium,2,4 GiB,Linux,us-east-1,AmazonEC2,57.37,55.9,51.82,23,2026-01-13T20:11:52Z,platform,prod,CC100,,,,,,,,,,,,,
400fc8617bd842af992c29e7bf759c80,2026-01-15T14:00:00Z/2026-01-15T15:00:00Z,112233445566,2026-01-01T00:00:00Z,2026-02-01T00:00:00Z,AWS,112233445566,Usage,2026-01-15T14:00:00Z,2026-01-15T15:00:00Z,AmazonEC2,USEA-BoxUsage:t3.medium,RunInstances,us-east-1a,i-0cf977c905fab45a4,1.0,2.0,2.0,0.0416,0.0416,0.040667,0.04175,Hrs,0.0416,0.0416,Amazon Elastic Compute Cloud,t3.medium,2,4 GiB,Linux,us-east-1,AmazonEC2,50.06,48.42,37.99,5,2026-01-14T00:11:07Z,platform,prod,CC100,,,,,,,,,,,,,
a72cd4bc0d2348058506fe09b0a9ae7f,2026-01-16T00:00:00Z/2026-01-16T01:00:00Z,112233445566,2026-01-01T00:00:00Z,2026-02-01T00:00:00Z,AWS,112233445566,Usage,2026-01-16T00:00:00Z,2026-01-16T01:00:00Z,AmazonEC2,USEA-BoxUsage:t3.medium,RunInstances,us-east-1a,i-0cf977c905fab45a4,1.0,2.0,2.0,0.0416,0.0416,0.040755,0.040588,Hrs,0.0416,0.0416,Amazon Elastic Compute Cloud,t3.medium,2,4 GiB,Linux,us-east-1,AmazonEC2,42.14,42.65,48.57,13,2026-01-14T13:54:44Z,platform,prod,CC100,,,,,,,,,,,,,
80d20e9e1df045d1bb3a146484fb1e5f,2026-01-16T10:00:00Z/2026-01-16T11:00:00Z,112233445566,2026-01-01T00:00:00Z,2026-02-01T00:00:00Z,AWS,112233445566,Usage,2026-01-16T10:00:00Z,2026-01-16T11:00:00Z,AmazonEC2,USEA-BoxUsage:t3.medium,RunInstances,us-east-1a,i-0cf977c905fab45a4,1.0,2.0,2.0,0.0416,0.0416,0.041446,0.041397,Hrs,0.0416,0.0416,Amazon Elastic Compute Cloud,t3.medium,2,4 GiB,Linux,us-east-1,AmazonEC2,38.38,43.23,47.06,15,2026-01-15T00:19:03Z,platform,prod,CC100,,,,,,,,,,,,,
79767cf092274d4f8d2bfe314a085125,2026-01-16T20:00:00Z/2026-01-16T21:00:00Z,112233445566,2026-01-01T00:00:00Z,2026-02-01T00:00:00Z,AWS,112233445566,Usage,2026-01-16T20:00:00Z,2026-01-16T21:00:00Z,AmazonEC2,USEA-BoxUsage:t3.medium,RunInstances,us-east-1a,i-0cf977c905fab45a4,1.0,2.0,2.0,0.0416,0.0416,0.041891,0.043602,Hrs,0.0416,0.0416,Amazon Elastic Compute Cloud,t3.medium,2,4 GiB,Linux,us-east-1,AmazonEC2,40.57,59.02,31.36,4,2026-01-15T19:31:35Z,platform,prod,CC100,,,,,,,,,,,,,
f28e617a6c014af8ada9e861c7bd56a1,2026-01-17T06:00:00Z/2026-01-17T07:00:00Z,112233445566,2026-01-01T00:00:00Z,2026-02-01T00:00:00Z,AWS,112233445566,Usage,2026-01-17T06:00:00Z,2026-01-17T07:00:00Z,AmazonEC2,USEA-BoxUsage:t3.medium,RunInstances,us-east-1a,i-0cf977c905fab45a4,1.0,2.0,2.0,0.0416,0.0416,0.042108,0.041098,Hrs,0.0416,0.0416,Amazon Elastic Compute Cloud,t3.medium,2,4 GiB,Linux,us-east-1,AmazonEC2,36.24,59.0,33.74,17,2026-01-15T16:46:58Z,platform,prod,CC100,,,,,,,,,,,,,
b36520a5391143b5a1b95f90bdca2a4e,2026-01-17T16:00:00Z/2026-01-17T17:00:00Z,112233445566,2026-01-01T00:00:00Z,2026-02-01T00:00:00Z,AWS,112233445566,Usage,2026-01-17T16:00:00Z,2026-01-17T17:00:00Z,AmazonEC2,USEA-BoxUsage:t3.medium,RunInstances,us-east-1a,i-0cf977c905fab45a4,1.0,2.0,2.0,0.0416,0.0416,0.04057,0.043396,Hrs,0.0416,0.0416,Amazon Elastic Compute Cloud,t3.medium,2,4 GiB,Linux,us-east-1,AmazonEC2,35.7,60.13,46.18,14,2026-01-16T00:50:04Z,platform,prod,CC100,,,,,,,,,,,,,
c54b21646e614375b87bc7389f56cd2b,2026-01-18T02:00:00Z/2026-01-18T03:00:00Z,112233445566,2026-01-01T00:00:00Z,2026-02-01T00:00:00Z,AWS,112233445566,Usage,2026-01-18T02:00:00Z,2026-01-18T03:00:00Z,AmazonEC2,USEA-BoxUsage:t3.medium,RunInstances,us-east-1a,i-0cf977c905fab45a4,1.0,2.0,2.0,0.0416,0.0416,0.040035,0.041142,Hrs,0.0416,0.0416,Amazon Elastic Compute Cloud,t3.medium,2,4 GiB,Linux,us-east-1,AmazonEC2,51.68,62.56,24.56,2,2026-01-16T01:16:23Z,platform,prod,CC100,,,,,,,,,,,,,
b873173e59934ab685a47769edd4934a,2026-01-18T12:00:00Z/2026-01-18T13:00:00Z,112233445566,2026-01-01T00:00:00Z,2026-02-01T00:00:00Z,AWS,112233445566,Usage,2026-01-18T12:00:00Z,2026-01-18T13:00:00Z,AmazonEC2,USEA-BoxUsage:t3.medium,RunInstances,us-east-1a,i-0cf977c905fab45a4,1.0,2.0,2.0,0.0416,0.0416,0.043633,0.040839,Hrs,0.0416,0.0416,Amazon Elastic Compute Cloud,t3.medium,2,4 GiB,Linux,us-east-1,AmazonEC2,43.09,40.82,26.71,15,2026-01-17T16:59:54Z,platform,prod,CC100,,,,,,,,,,,,,
09cdfc8acdf648c6aa017bdf87a7c4f8,2026-01-18T22:00:00Z/2026-01-18T23:00:00Z,112233445566,2026-01-01T00:00:00Z,2026-02-01T00:00:00Z,AWS,112233445566,Usage,2026-01-18T22:00:00Z,2026-01-18T23:00:00Z,AmazonEC2,USEA-BoxUsage:t3.medium,RunInstances,us-east-1a,i-0cf977c905fab45a4,1.0,2.0,2.0,0.0416,0.0416,0.040661,0.043417,Hrs,0.0416,0.0416,Amazon Elastic Compute Cloud,t3.medium,2,4 GiB,Linux,us-east-1,AmazonEC2,41.86,39.95,41.77,8,2026-01-16T22:32:40Z,platform,prod,CC100,,,,,,,,,,,,,
548926b4075d497385ef47125b4cfe3a,2026-01-19T08:00:00Z/2026-01-19T09:00:00Z,112233445566,2026-01-01T00:00:00Z,2026-02-01T00:00:00Z,AWS,112233445566,Usage,2026-01-19T08:00:00Z,2026-01-19T09:00:00Z,AmazonEC2,USEA-BoxUsage:t3.medium,RunInstances,us-east-1a,i-0cf977c905fab45a4,1.0,2.0,2.0,0.0416,0.0416,0.042794,0.040652,Hrs,0.0416,0.0416,Amazon Elastic Compute Cloud,t3.medium,2,4 GiB,Linux,us-east-1,AmazonEC2,44.34,39.78,33.45,7,2026-01-17T19:44:36Z,platform,prod,CC100,,,,,,,,,,,,,
a0086a8ed4fc4801b7a8403ce3722a37,2026-01-19T18:00:00Z/2026-01-19T19:00:00Z,112233445566,2026-01-01T00:00:00Z,2026-02-01T00:00:00Z,AWS,112233445566,Usage,2026-01-19T18:00:00Z,2026-01-19T19:00:00Z,AmazonEC2,USEA-BoxUsage:t3.medium,RunInstances,us-east-1a,i-0cf977c905fab45a4,1.0,2.0,2.0,0.0416,0.0416,0.042012,0.042526,Hrs,0.0416,0.0416,Amazon Elastic Compute Cloud,t3.medium,2,4 GiB,Linux,us-east-1,AmazonEC2,44.51,63.71,24.43,10,2026-01-19T10:31:58Z,platform,prod,CC100,,,,,,,,,,,,,
997378bc303945fc9509e28820767492,2026-01-20T04:00:00Z/2026-01-20T05:00:00Z,112233445566,2026-01-01T00:00:00Z,2026-02-01T00:00:00Z,AWS,112233445566,Usage,2026-01-20T04:00:00Z,2026-01-20T05:00:00Z,AmazonEC2,USEA-BoxUsage:t3.medium,RunInstances,us-east-1a,i-0cf977c905fab45a4,1.0,2.0,2.0,0.0416,0.0416,0.04292,0.042724,Hrs,0.0416,0.0416,Amazon Elastic Compute Cloud,t3.medium,2,4 GiB,Linux,us-east-1,AmazonEC2,52.18,56.1,24.61,25,2026-01-19T21:56:11Z,platform,prod,CC100,,,,,,,,,,,,,
8009f44b7c4949569500940af8fdd52a,2026-01-20T14:00:00Z/2026-01-20T15:00:00Z,112233445566,2026-01-01T00:00:00Z,2026-02-01T00:00:00Z,AWS,112233445566,Usage,2026-01-20T14:00:00Z,2026-01-20T15:00:00Z,AmazonEC2,USEA-BoxUsage:t3.medium,RunInstances,us-east-1a,i-0cf977c905fab45a4,1.0,2.0,2.0,0.0416,0.0416,0.041385,0.041408,Hrs,0.0416,0.0416,Amazon Elastic Compute Cloud,t3.medium,2,4 GiB,Linux,us-east-1,AmazonEC2,37.86,43.34,43.54,22,2026-01-18T17:12:26Z,platform,prod,CC100,,,,,,,,,,,,,
e79e9f4c2b374d16ac2902574862745d,2026-01-21T00:00:00Z/2026-01-21T01:00:00Z,112233445566,2026-01-01T00:00:00Z,2026-02-01T00:00:00Z,AWS,112233445566,Usage,2026-01-21T00:00:00Z,2026-01-21T01:00:00Z,AmazonEC2,USEA-BoxUsage:t3.medium,RunInstances,us-east-1a,i-0cf977c905fab45a4,1.0,2.0,2.0,0.0416,0.0416,0.040136,0.041155,Hrs,0.0416,0.0416,Amazon Elastic Compute Cloud,t3.medium,2,4 GiB,Linux,us-east-1,AmazonEC2,47.32,58.35,30.41,13,2026-01-18T12:08:17Z,platform,prod,CC100,,,,,,,,,,,,,
71dc69950f6242d38f9f625b983cafa4,2026-01-21T10:00:00Z/2026-01-21T11:00:00Z,112233445566,2026-01-01T00:00:00Z,2026-02-01T00:00:00Z,AWS,112233445566,Usage,2026-01-21T10:00:00Z,2026-01-21T11:00:00Z,AmazonEC2,USEA-BoxUsage:t3.medium,RunInstances,us-east-1a,i-0cf977c905fab45a4,1.0,2.0,2.0,0.0416,0.0416,0.043349,0.041818,Hrs,0.0416,0.0416,Amazon Elastic Compute Cloud,t3.medium,2,4 GiB,Linux,us-east-1,AmazonEC2,40.02,57.45,31.0,12,2026-01-19T15:15:12Z,platform,prod,CC100,,,,,,,,,,,,,
91a6c393913e4540a3538fb5d55d1c6f,2026-01-21T20:00:00Z/2026-01-21T21:00:00Z,112233445566,2026-01-01T00:00:00Z,2026-02-01T00:00:00Z,AWS,112233445566,Usage,2026-01-21T20:00:00Z,2026-01-21T21:00:00Z,AmazonEC2,USEA-BoxUsage:t3.medium,RunInstances,us-east-1a,i-0cf977c905fab45a4,1.0,2.0,2.0,0.0416,0.0416,0.042649,0.039973,Hrs,0.0416,0.0416,Amazon Elastic Compute Cloud,t3.medium,2,4 GiB,Linux,us-east-1,AmazonEC2,46.97,44.22,37.78,24,2026-01-19T22:44:43Z,platform,prod,CC100,,,,,,,,,,,,,
a355c22e48f94a25be98ac343a901162,2026-01-22T06:00:00Z/2026-01-22T07:00:00Z,112233445566,2026-01-01T00:00:00Z,2026-02-01T00:00:00Z,AWS,112233445566,Usage,2026-01-22T06:00:00Z,2026-01-22T07:00:00Z,AmazonEC2,USEA-BoxUsage:t3.medium,RunInstances,us-east-1a,i-0cf977c905fab45a4,1.0,2.0,2.0,0.0416,0.0416,0.043488,0.040265,Hrs,0.0416,0.0416,Amazon Elastic Compute Cloud,t3.medium,2,4 GiB,Linux,us-east-1,AmazonEC2,39.58,57.16,27.42,19,2026-01-21T08:19:21Z,platform,prod,CC100,,,,,,,,,,,,,
e6f57c8ce8804c928f7ca197522f3674,2026-01-22T16:00:00Z/2026-01-22T17:00:00Z,112233445566,2026-01-01T00:00:00Z,2026-02-01T00:00:00Z,AWS,112233445566,Usage,2026-01-22T16:00:00Z,2026-01-22T17:00:00Z,AmazonEC2,USEA-BoxUsage:t3.medium,RunInstances,us-east-1a,i-0cf977c905fab45a4,1.0,2.0,2.0,0.0416,0.0416,0.042605,0.041149,Hrs,0.0416,0.0416,Amazon Elastic Compute Cloud,t3.medium,2,4 GiB,Linux,us-east-1,AmazonEC2,42.74,54.71,43.68,8,2026-01-20T04:54:51Z,platform,prod,CC100,,,,,,,,,,,,,
8ac472979b094021a57854e0c220f67b,2026-01-23T02:00:00Z/2026-01-23T03:00:00Z,112233445566,2026-01-01T00:00:00Z,2026-02-01T00:00:00Z,AWS,112233445566,Usage,2026-01-23T02:00:00Z,2026-01-23T03:00:00Z,AmazonEC2,USEA-BoxUsage:t3.medium,RunInstances,us-east-1a,i-0cf977c905fab45a4,1.0,2.0,2.0,0.0416,0.0416,0.042549,0.042484,Hrs,0.0416,0.0416,Amazon Elastic Compute Cloud,t3.medium,2,4 GiB,Linux,us-east-1,AmazonEC2,56.98,55.5,40.36,5,2026-01-21T17:34:54Z,platform,prod,CC100,,,,,,,,,,,,,
e4cc80c563e54ee2adee2d1b5802a3de,2026-01-23T12:00:00Z/2026-01-23T13:00:00Z,112233445566,2026-01-01T00:00:00Z,2026-02-01T00:00:00Z,AWS,112233445566,Usage,2026-01-23T12:00:00Z,2026-01-23T13:00:00Z,AmazonEC2,USEA-BoxUsage:t3.medium,RunInstances,us-east-1a,i-0cf977c905fab45a4,1.0,2.0,2.0,0.0416,0.0416,0.043035,0.040646,Hrs,0.0416,0.0416,Amazon Elastic Compute Cloud,t3.medium,2,4 GiB,Linux,us-east-1,AmazonEC2,50.52,53.87,39.7,2,2026-01-22T05:34:31Z,platform,prod,CC100,,,,,,,,,,,,,
f8b3b101e61647d9b7563f37482aeabf,2026-01-23T22:00:00Z/2026-01-23T23:00:00Z,112233445566,2026-01-01T00:00:00Z,2026-02-01T00:00:00Z,AWS,112233445566,Usage,2026-01-23T22:00:00Z,2026-01-23T23:00:00Z,AmazonEC2,USEA-BoxUsage:t3.medium,RunInstances,us-east-1a,i-0cf977c905fab45a4,1.0,2.0,2.0,0.0416,0.0416,0.040517,0.041504,Hrs,0.0416,0.0416,Amazon Elastic Compute Cloud,t3.medium,2,4 GiB,Linux,us-east-1,AmazonEC2,47.37,63.75,44.23,6,2026-01-22T09:26:25Z,platform,prod,CC100,,,,,,,,,,,,,
5ed667bf38194e4aafb8a3c105d4b879,2026-01-24T08:00:00Z/2026-01-24T09:00:00Z,112233445566,2026-01-01T00:00:00Z,2026-02-01T00:00:00Z,AWS,112233445566,Usage,2026-01-24T08:00:00Z,2026-01-24T09:00:00Z,AmazonEC2,USEA-BoxUsage:t3.medium,RunInstances,us-east-1a,i-0cf977c905fab45a4,1.0,2.0,2.0,0.0416,0.0416,0.039649,0.040145,Hrs,0.0416,0.0416,Amazon Elastic Compute Cloud,t3.medium,2,4 GiB,Linux,us-east-1,AmazonEC2,50.6,58.7,51.54,10,2026-01-22T15:51:54Z,platform,prod,CC100,,,,,,,,,,,,,
60c19c952f0e4342b7cbf44b4dde0814,2026-01-24T18:00:00Z/2026-01-24T19:00:00Z,112233445566,2026-01-01T00:00:00Z,2026-02-01T00:00:00Z,AWS,112233445566,Usage,2026-01-24T18:00:00Z,2026-01-24T19:00:00Z,AmazonEC2,USEA-BoxUsage:t3.medium,RunInstances,us-east-1a,i-0cf977c905fab45a4,1.0,2.0,2.0,0.0416,0.0416,0.040699,0.040922,Hrs,0.0416,0.0416,Amazon Elastic Compute Cloud,t3.medium,2,4 GiB,Linux,us-east-1,AmazonEC2,56.18,48.59,26.91,25,2026-01-23T10:20:12Z,platform,prod,CC100,,,,,,,,,,,,,
9b281352f3e243918f1b8be1ed29ca8c,2026-01-25T04:00:00Z/2026-01-25T05:00:00Z,112233445566,2026-01-01T00:00:00Z,2026-02-01T00:00:00Z,AWS,112233445566,Usage,2026-01-25T04:00:00Z,2026-01-25T05:00:00Z,AmazonEC2,USEA-BoxUsage:t3.medium,RunInstances,us-east-1a,i-0cf977c905fab45a4,1.0,2.0,2.0,0.0416,0.0416,0.040514,0.040708,Hrs,0.0416,0.0416,Amazon Elastic Compute Cloud,t3.medium,2,4 GiB,Linux,us-east-1,AmazonEC2,43.27,48.02,30.0,11,2026-01-24T05:34:16Z,platform,prod,CC100,,,,,,,,,,,,,
3e9ca7fa2230492bb92c1839e4e248f9,2026-01-26T00:00:00Z/2026-01-26T01:00:00Z,112233445566,2026-01-01T00:00:00Z,2026-02-01T00:00:00Z,AWS,112233445566,Usage,2026-01-26T00:00:00Z,2026-01-26T01:00:00Z,AmazonEC2,USEA-BoxUsage:t3.medium,RunInstances,us-east-1a,i-0cf977c905fab45a4,1.0,2.0,2.0,0.0416,0.0416,0.04134,0.039821,Hrs,0.0416,0.0416,Amazon Elastic Compute Cloud,t3.medium,2,4 GiB,Linux,us-east-1,AmazonEC2,45.92,42.43,36.48,22,2026-01-24T23:43:18Z,platform,prod,CC100,,,,,,,,,,,,,
208cbc28310c4dc5ae5d712d7ad4ce0d,2026-01-26T10:00:00Z/2026-01-26T11:00:00Z,112233445566,2026-01-01T00:00:00Z,2026-02-01T00:00:00Z,AWS,112233445566,Usage,2026-01-26T10:00:00Z,2026-01-26T11:00:00Z,AmazonEC2,USEA-BoxUsage:t3.medium,RunInstances,us-east-1a,i-0cf977c905fab45a4,1.0,2.0,2.0,0.0416,0.0416,0.042475,0.039582,Hrs,0.0416,0.0416,Amazon Elastic Compute Cloud,t3.medium,2,4 GiB,Linux,us-east-1,AmazonEC2,42.83,38.37,32.65,25,2026-01-24T07:44:50Z,platform,prod,CC100,,,,,,,,,,,,,
5e06c84ebb5643eba11f854650977852,2026-01-26T20:00:00Z/2026-01-26T21:00:00Z,112233445566,2026-01-01T00:00:00Z,2026-02-01T00:00:00Z,AWS,112233445566,Usage,2026-01-26T20:00:00Z,2026-01-26T21:00:00Z,AmazonEC2,USEA-BoxUsage:t3.medium,RunInstances,us-east-1a,i-0cf977c905fab45a4,1.0,2.0,2.0,0.0416,0.0416,0.040756,0.039802,Hrs,0.0416,0.0416,Amazon Elastic Compute Cloud,t3.medium,2,4 GiB,Linux,us-east-1,AmazonEC2,44.14,44.3,39.24,2,2026-01-25T06:19:36Z,platform,prod,CC100,,,,,,,,,,,,,
cea24d97181140f8832ccc648b4ca321,2026-01-27T06:00:00Z/2026-01-27T07:00:00Z,112233445566,2026-01-01T00:00:00Z,2026-02-01T00:00:00Z,AWS,112233445566,Usage,2026-01-27T06:00:00Z,2026-01-27T07:00:00Z,AmazonEC2,USEA-BoxUsage:t3.medium,RunInstances,us-east-1a,i-0cf977c905fab45a4,1.0,2.0,2.0,0.0416,0.0416,0.042768,0.042676,Hrs,0.0416,0.0416,Amazon Elastic Compute Cloud,t3.medium,2,4 GiB,Linux,us-east-1,AmazonEC2,38.5,43.04,24.7,11,2026-01-26T11:22:06Z,platform,prod,CC100,,,,,,,,,,,,,
01c6805472304153ac681b37e1bcc294,2026-01-27T16:00:00Z/2026-01-27T17:00:00Z,112233445566,2026-01-01T00:00:00Z,2026-02-01T00:00:00Z,AWS,112233445566,Usage,2026-01-27T16:00:00Z,2026-01-27T17:00:00Z,AmazonEC2,USEA-BoxUsage:t3.medium,RunInstances,us-east-1a,i-0cf977c905fab45a4,1.0,2.0,2.0,0.0416,0.0416,0.0434,0.039987,Hrs,0.0416,0.0416,Amazon Elastic Compute Cloud,t3.medium,2,4 GiB,Linux,us-east-1,AmazonEC2,34.15,44.51,31.2,9,2026-01-26T10:26:17Z,platform,prod,CC100,,,,,,,,,,,,,
104c1e3cab3343fe838c98faae44c30d,2026-01-28T02:00:00Z/2026-01-28T03:00:00Z,112233445566,2026-01-01T00:00:00Z,2026-02-01T00:00:00Z,AWS,112233445566,Usage,2026-01-28T02:00:00Z,2026-01-28T03:00:00Z,AmazonEC2,USEA-BoxUsage:t3.medium,RunInstances,us-east-1a,i-0cf977c905fab45a4,1.0,2.0,2.0,0.0416,0.0416,0.041407,0.040185,Hrs,0.0416,0.0416,Amazon Elastic Compute Cloud,t3.medium,2,4 GiB,Linux,us-east-1,AmazonEC2,57.45,63.89,29.4,16,2026-01-27T18:55:58Z,platform,prod,CC100,,,,,,,,,,,,,
bf7ce5843a3d4ec2a2ac9185331a64ce,2026-01-28T12:00:00Z/2026-01-28T13:00:00Z,112233445566,2026-01-01T00:00:00Z,2026-02-01T00:00:00Z,AWS,112233445566,Usage,2026-01-28T12:00:00Z,2026-01-28T13:00:00Z,AmazonEC2,USEA-BoxUsage:t3.medium,RunInstances,us-east-1a,i-0cf977c905fab45a4,1.0,2.0,2.0,0.0416,0.0416,0.041871,0.040395,Hrs,0.0416,0.0416,Amazon Elastic Compute Cloud,t3.medium,2,4 GiB,Linux,us-east-1,AmazonEC2,49.13,42.22,45.91,3,2026-01-26T18:24:38Z,platform,prod,CC100,,,,,,,,,,,,,
d7f50d754800441992c7aacafa7b6c36,2026-01-28T22:00:00Z/2026-01-28T23:00:00Z,112233445566,2026-01-01T00:00:00Z,2026-02-01T00:00:00Z,AWS,112233445566,Usage,2026-01-28T22:00:00Z,2026-01-28T23:00:00Z,AmazonEC2,USEA-BoxUsage:t3.medium,RunInstances,us-east-1a,i-0cf977c905fab45a4,1.0,2.0,2.0,0.0416,0.0416,0.040785,0.040333,Hrs,0.0416,0.0416,Amazon Elastic Compute Cloud,t3.medium,2,4 GiB,Linux,us-east-1,AmazonEC2,55.67,50.27,33.16,9,2026-01-27T19:28:04Z,platform,prod,CC100,,,,,,,,,,,,,
694615aa9d1e48ed99406919cd1f23cd,2026-01-29T08:00:00Z/2026-01-29T09:00:00Z,112233445566,2026-01-01T00:00:00Z,2026-02-01T00:00:00Z,AWS,112233445566,Usage,2026-01-29T08:00:00Z,2026-01-29T09:00:00Z,AmazonEC2,USEA-BoxUsage:t3.medium,RunInstances,us-east-1a,i-0cf977c905fab45a4,1.0,2.0,2.0,0.0416,0.0416,0.04361,0.043012,Hrs,0.0416,0.0416,Amazon Elastic Compute Cloud,t3.medium,2,4 GiB,Linux,us-east-1,AmazonEC2,34.92,60.43,29.11,20,2026-01-28T17:41:13Z,platform,prod,CC100,,,,,,,,,,,,,
9c435730c0ea475d8256b7ce9def4bef,2026-01-29T18:00:00Z/2026-01-29T19:00:00Z,112233445566,2026-01-01T00:00:00Z,2026-02-01T00:00:00Z,AWS,112233445566,Usage,2026-01-29T18:00:00Z,2026-01-29T19:00:00Z,AmazonEC2,USEA-BoxUsage:t3.medium,RunInstances,us-east-1a,i-0cf977c905fab45a4,1.0,2.0,2.0,0.0416,0.0416,0.043668,0.041988,Hrs,0.0416,0.0416,Amazon Elastic Compute Cloud,t3.medium,2,4 GiB,Linux,us-east-1,AmazonEC2,32.69,46.16,49.66,26,2026-01-29T05:57:27Z,platform,prod,CC100,,,,,,,,,,,,,
5c89e0a773ec43c0b2ab03cfaee8aa32,2026-01-30T04:00:00Z/2026-01-30T05:00:00Z,112233445566,2026-01-01T00:00:00Z,2026-02-01T00:00:00Z,AWS,112233445566,Usage,2026-01-30T04:00:00Z,2026-01-30T05:00:00Z,AmazonEC2,USEA-BoxUsage:t3.medium,RunInstances,us-east-1a,i-0cf977c905fab45a4,1.0,2.0,2.0,0.0416,0.0416,0.04181,0.040389,Hrs,0.0416,0.0416,Amazon Elastic Compute Cloud,t3.medium,2,4 GiB,Linux,us-east-1,AmazonEC2,45.93,64.41,36.65,11,2026-01-28T04:50:15Z,platform,prod,CC100,,,,,,,,,,,,,
c4356de559cc4e2cb92820e9048b1859,2026-01-30T14:00:00Z/2026-01-30T15:00:00Z,112233445566,2026-01-01T00:00:00Z,2026-02-01T00:00:00Z,AWS,112233445566,Usage,2026-01-30T14:00:00Z,2026-01-30T15:00:00Z,AmazonEC2,USEA-BoxUsage:t3.medium,RunInstances,us-east-1a,i-0cf977c905fab45a4,1.0,2.0,2.0,0.0416,0.0416,0.041483,0.041297,Hrs,0.0416,0.0416,Amazon Elastic Compute Cloud,t3.medium,2,4 GiB,Linux,us-east-1,AmazonEC2,48.82,54.99,43.78,4,2026-01-29T03:05:56Z,platform,prod,CC100,,,,,,,,,,,,,
024cbb8d944c4e8cb67c5e5ccf87d098,2026-01-01T00:00:00Z/2026-01-01T01:00:00Z,112233445566,2026-01-01T00:00:00Z,2026-02-01T00:00:00Z,AWS,112233445566,SavingsPlanCoveredUsage,2026-01-01T00:00:00Z,2026-01-01T01:00:00Z,AmazonEC2,USEA-BoxUsage:t3.medium,RunInstances,us-east-1c,i-074cb15c455d3460b,1.0,2.0,2.0,0.0416,0.0416,0.029354,0.029354,Hrs,0.0416,0.0416,Amazon Elastic Compute Cloud,t3.medium,2,4 GiB,Linux,us-east-1,AmazonEC2,36.58,61.45,33.14,12,2025-12-30T18:46:20Z,platform,prod,CC100,,,,,,,,arn:aws:savingsplans::112233445566:savingsplan/f20d1d38-54fc-4570-9260-8db826ca398d,0.029354,0.029354,0.029354,,
3f9fb3e9953d422282484d6d6f10f73c,2026-01-01T10:00:00Z/2026-01-01T11:00:00Z,112233445566,2026-01-01T00:00:00Z,2026-02-01T00:00:00Z,AWS,112233445566,SavingsPlanCoveredUsage,2026-01-01T10:00:00Z,2026-01-01T11:00:00Z,AmazonEC2,USEA-BoxUsage:t3.medium,RunInstances,us-east-1c,i-074cb15c455d3460b,1.0,2.0,2.0,0.0416,0.0416,0.029033,0.029033,Hrs,0.0416,0.0416,Amazon Elastic Compute Cloud,t3.medium,2,4 GiB,Linux,us-east-1,AmazonEC2,51.14,55.71,25.83,10,2025-12-31T13:11:51Z,platform,prod,CC100,,,,,,,,arn:aws:savingsplans::112233445566:savingsplan/f20d1d38-54fc-4570-9260-8db826ca398d,0.029033,0.029033,0.029033,,
8761fcef73da42eb8f21926917857ced,2026-01-01T20:00:00Z/2026-01-01T21:00:00Z,112233445566,2026-01-01T00:00:00Z,2026-02-01T00:00:00Z,AWS,112233445566,SavingsPlanCoveredUsage,2026-01-01T20:00:00Z,2026-01-01T21:00:00Z,AmazonEC2,USEA-BoxUsage:t3.medium,RunInstances,us-east-1c,i-074cb15c455d3460b,1.0,2.0,2.0,0.0416,0.0416,0.027611,0.027611,Hrs,0.0416,0.0416,Amazon Elastic Compute Cloud,t3.medium,2,4 GiB,Linux,us-east-1,AmazonEC2,51.34,57.15,39.86,9,2025-12-31T05:55:43Z,platform,prod,CC100,,,,,,,,arn:aws:savingsplans::112233445566:savingsplan/f20d1d38-54fc-4570-9260-8db826ca398d,0.027611,0.027611,0.027611,,
5e4881b803054b17b1bc159ee939c7a9,2026-01-02T06:00:00Z/2026-01-02T07:00:00Z,112233445566,2026-01-01T00:00:00Z,2026-02-01T00:00:00Z,AWS,112233445566,SavingsPlanCoveredUsage,2026-01-02T06:00:00Z,2026-01-02T07:00:00Z,AmazonEC2,USEA-BoxUsage:t3.medium,RunInstances,us-east-1c,i-074cb15c455d3460b,1.0,2.0,2.0,0.0416,0.0416,0.029001,0.029001,Hrs,0.0416,0.0416,Amazon Elastic Compute Cloud,t3.medium,2,4 GiB,Linux,us-east-1,AmazonEC2,52.23,41.71,40.9,15,2026-01-01T09:43:45Z,platform,prod,CC100,,,,,,,,arn:aws:savingsplans::112233445566:savingsplan/f20d1d38-54fc-4570-9260-8db826ca398d,0.029001,0.029001,0.029001,,
2974435957144d2481629ab2dd218ee1,2026-01-02T16:00:00Z/2026-01-02T17:00:00Z,112233445566,2026-01-01T00:00:00Z,2026-02-01T00:00:00Z,AWS,112233445566,SavingsPlanCoveredUsage,2026-01-02T16:00:00Z,2026-01-02T17:00:00Z,AmazonEC2,USEA-BoxUsage:t3.medium,RunInstances,us-east-1c,i-074cb15c455d3460b,1.0,2.0,2.0,0.0416,0.0416,0.027659,0.027659,Hrs,0.0416,0.0416,Amazon Elastic Compute Cloud,t3.medium,2,4 GiB,Linux,us-east-1,AmazonEC2,45.32,60.7,46.42,14,2026-01-02T05:12:53Z,platform,prod,CC100,,,,,,,,arn:aws:savingsplans::112233445566:savingsplan/f20d1d38-54fc-4570-9260-8db826ca398d,0.027659,0.027659,0.027659,,
411ea4f0eda4492e9f2a4a83df6b985b,2026-01-03T02:00:00Z/2026-01-03T03:00:00Z,112233445566,2026-01-01T00:00:00Z,2026-02-01T00:00:00Z,AWS,112233445566,SavingsPlanCoveredUsage,2026-01-03T02:00:00Z,2026-01-03T03:00:00Z,AmazonEC2,USEA-BoxUsage:t3.medium,RunInstances,us-east-1c,i-074cb15c455d3460b,1.0,2.0,2.0,0.0416,0.0416,0.029469,0.029469,Hrs,0.0416,0.0416,Amazon Elastic Compute Cloud,t3.medium,2,4 GiB,Linux,us-east-1,AmazonEC2,43.83,57.15,46.42,16,2026-01-01T06:16:36Z,platform,prod,CC100,,,,,,,,arn:aws:savingsplans::112233445566:savingsplan/f20d1d38-54fc-4570-9260-8db826ca398d,0.029469,0.029469,0.029469,,
d449dd1ac9464a189a4e192124526364,2026-01-03T12:00:00Z/2026-01-03T13:00:00Z,112233445566,2026-01-01T00:00:00Z,2026-02-01T00:00:00Z,AWS,112233445566,SavingsPlanCoveredUsage,2026-01-03T12:00:00Z,2026-01-03T13:00:00Z,AmazonEC2,USEA-BoxUsage:t3.medium,RunInstances,us-east-1c,i-074cb15c455d3460b,1.0,2.0,2.0,0.0416,0.0416,0.030947,0.030947,Hrs,0.0416,0.0416,Amazon Elastic Compute Cloud,t3.medium,2,4 GiB,Linux,us-east-1,AmazonEC2,56.72,53.84,47.96,13,2026-01-02T14:53:25Z,platform,prod,CC100,,,,,,,,arn:aws:savingsplans::112233445566:savingsplan/f20d1d38-54fc-4570-9260-8db826ca398d,0.030947,0.030947,0.030947,,
65a3d6304851422fb00beee35a70afe5,2026-01-03T22:00:00Z/2026-01-03T23:00:00Z,112233445566,2026-01-01T00:00:00Z,2026-02-01T00:00:00Z,AWS,112233445566,SavingsPlanCoveredUsage,2026-01-03T22:00:00Z,2026-01-03T23:00:00Z,AmazonEC2,USEA-BoxUsage:t3.medium,RunInstances,us-east-1c,i-074cb15c455d3460b,1.0,2.0,2.0,0.0416,0.0416,0.027932,0.027932,Hrs,0.0416,0.0416,Amazon Elastic Compute Cloud,t3.medium,2,4 GiB,Linux,us-east-1,AmazonEC2,50.57,59.31,48.38,15,2026-01-01T16:00:24Z,platform,prod,CC100,,,,,,,,arn:aws:savingsplans::112233445566:savingsplan/f20d1d38-54fc-4570-9260-8db826ca398d,0.027932,0.027932,0.027932,,
abb65e63c5cd45fb9c6d446ab0e30d6d,2026-01-04T08:00:00Z/2026-01-04T09:00:00Z,112233445566,2026-01-01T00:00:00Z,2026-02-01T00:00:00Z,AWS,112233445566,SavingsPlanCoveredUsage,2026-01-04T08:00:00Z,2026-01-04T09:00:00Z,AmazonEC2,USEA-BoxUsage:t3.medium,RunInstances,us-east-1c,i-074cb15c455d3460b,1.0,2.0,2.0,0.0416,0.0416,0.03052,0.03052,Hrs,0.0416,0.0416,Amazon Elastic Compute Cloud,t3.medium,2,4 GiB,Linux,us-east-1,AmazonEC2,45.09,62.55,50.29,15,2026-01-03T11:49:40Z,platform,prod,CC100,,,,,,,,arn:aws:savingsplans::112233445566:savingsplan/f20d1d38-54fc-4570-9260-8db826ca398d,0.03052,0.03052,0.03052,,
a0d59666bf3641cabbe8c0ebaf7b8358,2026-01-04T18:00:00Z/2026-01-04T19:00:00Z,112233445566,2026-01-01T00:00:00Z,2026-02-01T00:00:00Z,AWS,112233445566,SavingsPlanCoveredUsage,2026-01-04T18:00:00Z,2026-01-04T19:00:00Z,AmazonEC2,USEA-BoxUsage:t3.medium,RunInstances,us-east-1c,i-074cb15c455d3460b,1.0,2.0,2.0,0.0416,0.0416,0.030454,0.030454,Hrs,0.0416,0.0416,Amazon Elastic Compute Cloud,t3.medium,2,4 GiB,Linux,us-east-1,AmazonEC2,44.13,60.88,25.19,21,2026-01-03T09:09:56Z,platform,prod,CC100,,,,,,,,arn:aws:savingsplans::112233445566:savingsplan/f20d1d38-54fc-4570-9260-8db826ca398d,0.030454,0.030454,0.030454,,
0e0c198149974f3c879312e00449e9f7,2026-01-05T04:00:00Z/2026-01-05T05:00:00Z,112233445566,2026-01-01T00:00:00Z,2026-02-01T00:00:00Z,AWS,112233445566,SavingsPlanCoveredUsage,2026-01-05T04:00:00Z,2026-01-05T05:00:00Z,AmazonEC2,USEA-BoxUsage:t3.medium,RunInstances,us-east-1c,i-074cb15c455d3460b,1.0,2.0,2.0,0.0416,0.0416,0.029662,0.029662,Hrs,0.0416,0.0416,Amazon Elastic Compute Cloud,t3.medium,2,4 GiB,Linux,us-east-1,AmazonEC2,41.85,44.98,34.25,20,2026-01-04T21:34:11Z,platform,prod,CC100,,,,,,,,arn:aws:savingsplans::112233445566:savingsplan/f20d1d38-54fc-4570-9260-8db826ca398d,0.029662,0.029662,0.029662,,
f80fc317a95f4ee2897663306abb9595,2026-01-05T14:00:00Z/2026-01-05T15:00:00Z,112233445566,2026-01-01T00:00:00Z,2026-02-01T00:00:00Z,AWS,112233445566,SavingsPlanCoveredUsage,2026-01-05T14:00:00Z,2026-01-05T15:00:00Z,AmazonEC2,USEA-BoxUsage:t3.medium,RunInstances,us-east-1c,i-074cb15c455d3460b,1.0,2.0,2.0,0.0416,0.0416,0.027106,0.027106,Hrs,0.0416,0.0416,Amazon Elastic Compute Cloud,t3.medium,2,4 GiB,Linux,us-east-1,AmazonEC2,32.81,55.31,24.27,23,2026-01-05T01:37:42Z,platform,prod,CC100,,,,,,,,arn:aws:savingsplans::112233445566:savingsplan/f20d1d38-54fc-4570-9260-8db826ca398d,0.027106,0.027106,0.027106,,
2dcf8a1503e14adf8277d3bb2b647934,2026-01-06T00:00:00Z/2026-01-06T01:00:00Z,112233445566,2026-01-01T00:00:00Z,2026-02-01T00:00:00Z,AWS,112233445566,SavingsPlanCoveredUsage,2026-01-06T00:00:00Z,2026-01-06T01:00:00Z,AmazonEC2,USEA-BoxUsage:t3.medium,RunInstances,us-east-1c,i-074cb15c455d3460b,1.0,2.0,2.0,0.0416,0.0416,0.030829,0.030829,Hrs,0.0416,0.0416,Amazon Elastic Compute Cloud,t3.medium,2,4 GiB,Linux,us-east-1,AmazonEC2,54.81,53.95,27.48,21,2026-01-04T14:26:42Z,platform,prod,CC100,,,,,,,,arn:aws:savingsplans::112233445566:savingsplan/f20d1d38-54fc-4570-9260-8db826ca398d,0.030829,0.030829,0.030829,,
2cad42fbff0246d08524c5a2560f375a,2026-01-06T10:00:00Z/2026-01-06T11:00:00Z,112233445566,2026-01-01T00:00:00Z,2026-02-01T00:00:00Z,AWS,112233445566,SavingsPlanCoveredUsage,2026-01-06T10:00:00Z,2026-01-06T11:00:00Z,AmazonEC2,USEA-BoxUsage:t3.medium,RunInstances,us-east-1c,i-074cb15c455d3460b,1.0,2.0,2.0,0.0416,0.0416,0.029026,0.029026,Hrs,0.0416,0.0416,Amazon Elastic Compute Cloud,t3.medium,2,4 GiB,Linux,us-east-1,AmazonEC2,32.7,45.41,34.07,5,2026-01-04T21:39:15Z,platform,prod,CC100,,,,,,,,arn:aws:savingsplans::112233445566:savingsplan/f20d1d38-54fc-4570-9260-8db826ca398d,0.029026,0.029026,0.029026,,
e8f51a212711417aa708a95a939d5068,2026-01-06T20:00:00Z/2026-01-06T21:00:00Z,112233445566,2026-01-01T00:00:00Z,2026-02-01T00:00:00Z,AWS,112233445566,SavingsPlanCoveredUsage,2026-01-06T20:00:00Z,2026-01-06T21:00:00Z,AmazonEC2,USEA-BoxUsage:t3.medium,RunInstances,us-east-1c,i-074cb15c455d3460b,1.0,2.0,2.0,0.0416,0.0416,0.03058,0.03058,Hrs,0.0416,0.0416,Amazon Elastic Compute Cloud,t3.medium,2,4 GiB,Linux,us-east-1,AmazonEC2,45.8,64.26,30.94,14,2026-01-06T15:10:41Z,platform,prod,CC100,,,,,,,,arn:aws:savingsplans::112233445566:savingsplan/f20d1d38-54fc-4570-9260-8db826ca398d,0.03058,0.03058,0.03058,,
53794f11527f427e88ad6881cd0626b3,2026-01-07T06:00:00Z/2026-01-07T07:00:00Z,112233445566,2026-01-01T00:00:00Z,2026-02-01T00:00:00Z,AWS,112233445566,SavingsPlanCoveredUsage,2026-01-07T06:00:00Z,2026-01-07T07:00:00Z,AmazonEC2,USEA-BoxUsage:t3.medium,RunInstances,us-east-1c,i-074cb15c455d3460b,1.0,2.0,2.0,0.0416,0.0416,0.030386,0.030386,Hrs,0.0416,0.0416,Amazon Elastic Compute Cloud,t3.medium,2,4 GiB,Linux,us-east-1,AmazonEC2,50.25,53.98,29.41,13,2026-01-06T09:05:26Z,platform,prod,CC100,,,,,,,,arn:aws:savingsplans::112233445566:savingsplan/f20d1d38-54fc-4570-9260-8db826ca398d,0.030386,0.030386,0.030386,,
7d7bd3163cac4e718465eef652b8ba13,2026-01-07T16:00:00Z/2026-01-07T17:00:00Z,112233445566,2026-01-01T00:00:00Z,2026-02-01T00:00:00Z,AWS,112233445566,SavingsPlanCoveredUsage,2026-01-07T16:00:00Z,2026-01-07T17:00:00Z,AmazonEC2,USEA-BoxUsage:t3.medium,RunInstances,us-east-1c,i-074cb15c455d3460b,1.0,2.0,2.0,0.0416,0.0416,0.030998,0.030998,Hrs,0.0416,0.0416,Amazon Elastic Compute Cloud,t3.medium,2,4 GiB,Linux,us-east-1,AmazonEC2,40.34,65.98,36.5,3,2026-01-07T01:23:57Z,platform,prod,CC100,,,,,,,,arn:aws:savingsplans::112233445566:savingsplan/f20d1d38-54fc-4570-9260-8db826ca398d,0.030998,0.030998,0.030998,,
57d9b86ce5984c85bb5d8d255676bf86,2026-01-08T02:00:00Z/2026-01-08T03:00:00Z,112233445566,2026-01-01T00:00:00Z,2026-02-01T00:00:00Z,AWS,112233445566,SavingsPlanCoveredUsage,2026-01-08T02:00:00Z,2026-01-08T03:00:00Z,AmazonEC2,USEA-BoxUsage:t3.medium,RunInstances,us-east-1c,i-074cb15c455d3460b,1.0,2.0,2.0,0.0416,0.0416,0.02781,0.02781,Hrs,0.0416,0.0416,Amazon Elastic Compute Cloud,t3.medium,2,4 GiB,Linux,us-east-1,AmazonEC2,44.52,47.18,44.33,21,2026-01-06T15:09:54Z,platform,prod,CC100,,,,,,,,arn:aws:savingsplans::112233445566:savingsplan/f20d1d38-54fc-4570-9260-8db826ca398d,0.02781,0.02781,0.02781,,
9affd02b61024fe2a827cf1c15f4b935,2026-01-08T12:00:00Z/2026-01-08T13:00:00Z,112233445566,2026-01-01T00:00:00Z,2026-02-01T00:00:00Z,AWS,112233445566,SavingsPlanCoveredUsage,2026-01-08T12:00:00Z,2026-01-08T13:00:00Z,AmazonEC2,USEA-BoxUsage:t3.medium,RunInstances,us-east-1c,i-074cb15c455d3460b,1.0,2.0,2.0,0.0416,0.0416,0.029209,0.029209,Hrs,0.0416,0.0416,Amazon Elastic Compute Cloud,t3.medium,2,4 GiB,Linux,us-east-1,AmazonEC2,45.02,43.69,28.44,12,2026-01-06T22:50:20Z,platform,prod,CC100,,,,,,,,arn:aws:savingsplans::112233445566:savingsplan/f20d1d38-54fc-4570-9260-8db826ca398d,0.029209,0.029209,0.029209,,
3b3a332e31304edd93d993148c615ebf,2026-01-08T22:00:00Z/2026-01-08T23:00:00Z,112233445566,2026-01-01T00:00:00Z,2026-02-01T00:00:00Z,AWS,112233445566,SavingsPlanCoveredUsage,2026-01-08T22:00:00Z,2026-01-08T23:00:00Z,AmazonEC2,USEA-BoxUsage:t3.medium,RunInstances,us-east-1c,i-074cb15c455d3460b,1.0,2.0,2.0,0.0416,0.0416,0.027919,0.027919,Hrs,0.0416,0.0416,Amazon Elastic Compute Cloud,t3.medium,2,4 GiB,Linux,us-east-1,AmazonEC2,34.07,57.13,45.67,1,2026-01-07T05:56:25Z,platform,prod,CC100,,,,,,,,arn:aws:savingsplans::112233445566:savingsplan/f20d1d38-54fc-4570-9260-8db826ca398d,0.027919,0.027919,0.027919,,
ab19ee5ae7644775beada1efee41b3e1,2026-01-09T08:00:00Z/2026-01-09T09:00:00Z,112233445566,2026-01-01T00:00:00Z,2026-02-01T00:00:00Z,AWS,112233445566,SavingsPlanCoveredUsage,2026-01-09T08:00:00Z,2026-01-09T09:00:00Z,AmazonEC2,USEA-BoxUsage:t3.medium,RunInstances,us-east-1c,i-074cb15c455d3460b,1.0,2.0,2.0,0.0416,0.0416,0.030759,0.030759,Hrs,0.0416,0.0416,Amazon Elastic Compute Cloud,t3.medium,2,4 GiB,Linux,us-east-1,AmazonEC2,39.79,63.62,43.04,14,2026-01-07T08:00:21Z,platform,prod,CC100,,,,,,,,arn:aws:savingsplans::112233445566:savingsplan/f20d1d38-54fc-4570-9260-8db826ca398d,0.030759,0.030759,0.030759,,
13d9ded38c8a48b385e87ed69334232a,2026-01-09T18:00:00Z/2026-01-09T19:00:00Z,112233445566,2026-01-01T00:00:00Z,2026-02-01T00:00:00Z,AWS,112233445566,SavingsPlanCoveredUsage,2026-01-09T18:00:00Z,2026-01-09T19:00:00Z,AmazonEC2,USEA-BoxUsage:t3.medium,RunInstances,us-east-1c,i-074cb15c455d3460b,1.0,2.0,2.0,0.0416,0.0416,0.030241,0.030241,Hrs,0.0416,0.0416,Amazon Elastic Compute Cloud,t3.medium,2,4 GiB,Linux,us-east-1,AmazonEC2,41.68,52.83,47.78,13,2026-01-09T05:35:22Z,platform,prod,CC100,,,,,,,,arn:aws:savingsplans::112233445566:savingsplan/f20d1d38-54fc-4570-9260-8db826ca398d,0.030241,0.030241,0.030241,,
18752953428f444ca9f03e69ab5fa1bc,2026-01-10T04:00:00Z/2026-01-10T05:00:00Z,112233445566,2026-01-01T00:00:00Z,2026-02-01T00:00:00Z,AWS,112233445566,SavingsPlanCoveredUsage,2026-01-10T04:00:00Z,2026-01-10T05:00:00Z,AmazonEC2,USEA-BoxUsage:t3.medium,RunInstances,us-east-1c,i-074cb15c455d3460b,1.0,2.0,2.0,0.0416,0.0416,0.027454,0.027454,Hrs,0.0416,0.0416,Amazon Elastic Compute Cloud,t3.medium,2,4 GiB,Linux,us-east-1,AmazonEC2,57.25,43.89,44.13,22,2026-01-09T09:36:09Z,platform,prod,CC100,,,,,,,,arn:aws:savingsplans::112233445566:savingsplan/f20d1d38-54fc-4570-9260-8db826ca398d,0.027454,0.027454,0.027454,,
8da390b68a1141b59506ae7c40094b74,2026-01-10T14:00:00Z/2026-01-10T15:00:00Z,112233445566,2026-01-01T00:00:00Z,2026-02-01T00:00:00Z,AWS,112233445566,SavingsPlanCoveredUsage,2026-01-10T14:00:00Z,2026-01-10T15:00:00Z,AmazonEC2,USEA-BoxUsage:t3.medium,RunInstances,us-east-1c,i-074cb15c455d3460b,1.0,2.0,2.0,0.0416,0.0416,0.02947,0.02947,Hrs,0.0416,0.0416,Amazon Elastic Compute Cloud,t3.medium,2,4 GiB,Linux,us-east-1,AmazonEC2,37.85,59.51,42.73,25,2026-01-09T05:49:06Z,platform,prod,CC100,,,,,,,,arn:aws:savingsplans::112233445566:savingsplan/f20d1d38-54fc-4570-9260-8db826ca398d,0.02947,0.02947,0.02947,,
23c59895857b440a90dc5258b8d021f8,2026-01-11T00:00:00Z/2026-01-11T01:00:00Z,112233445566,2026-01-01T00:00:00Z,2026-02-01T00:00:00Z,AWS,112233445566,SavingsPlanCoveredUsage,2026-01-11T00:00:00Z,2026-01-11T01:00:00Z,AmazonEC2,USEA-BoxUsage:t3.medium,RunInstances,us-east-1c,i-074cb15c455d3460b,1.0,2.0,2.0,0.0416,0.0416,0.030931,0.030931,Hrs,0.0416,0.0416,Amazon Elastic Compute Cloud,t3.medium,2,4 GiB,Linux,us-east-1,AmazonEC2,46.42,48.34,46.26,16,2026-01-09T13:49:52Z,platform,prod,CC100,,,,,,,,arn:aws:savingsplans::112233445566:savingsplan/f20d1d38-54fc-4570-9260-8db826ca398d,0.030931,0.030931,0.030931,,
512828261b2b4fc39b33ea9ba3ec4a05,2026-01-11T10:00:00Z/2026-01-11T11:00:00Z,112233445566,2026-01-01T00:00:00Z,2026-02-01T00:00:00Z,AWS,112233445566,SavingsPlanCoveredUsage,2026-01-11T10:00:00Z,2026-01-11T11:00:00Z,AmazonEC2,USEA-BoxUsage:t3.medium,RunInstances,us-east-1c,i-074cb15c455d3460b,1.0,2.0,2.0,0.0416,0.0416,0.029179,0.029179,Hrs,0.0416,0.0416,Amazon Elastic Compute Cloud,t3.medium,2,4 GiB,Linux,us-east-1,AmazonEC2,45.64,53.77,26.34,18,2026-01-10T11:58:10Z,platform,prod,CC100,,,,,,,,arn:aws:savingsplans::112233445566:savingsplan/f20d1d38-54fc-4570-9260-8db826ca398d,0.029179,0.029179,0.029179,,
856474121ed84894a635aa94e7743091,2026-01-11T20:00:00Z/2026-01-11T21:00:00Z,112233445566,2026-01-01T00:00:00Z,2026-02-01T00:00:00Z,AWS,112233445566,SavingsPlanCoveredUsage,2026-01-11T20:00:00Z,2026-01-11T21:00:00Z,AmazonEC2,USEA-BoxUsage:t3.medium,RunInstances,us-east-1c,i-074cb15c455d3460b,1.0,2.0,2.0,0.0416,0.0416,0.028967,0.028967,Hrs,0.0416,0.0416,Amazon Elastic Compute Cloud,t3.medium,2,4 GiB,Linux,us-east-1,AmazonEC2,49.7,50.39,45.58,15,2026-01-09T19:49:49Z,platform,prod,CC100,,,,,,,,arn:aws:savingsplans::112233445566:savingsplan/f20d1d38-54fc-4570-9260-8db826ca398d,0.028967,0.028967,0.028967,,
a797b1c456044e23970480d55b14e0cd,2026-01-12T16:00:00Z/2026-01-12T17:00:00Z,112233445566,2026-01-01T00:00:00Z,2026-02-01T00:00:00Z,AWS,112233445566,SavingsPlanCoveredUsage,2026-01-12T16:00:00Z,2026-01-12T17:00:00Z,AmazonEC2,USEA-BoxUsage:t3.medium,RunInstances,us-east-1c,i-074cb15c455d3460b,1.0,2.0,2.0,0.0416,0.0416,0.030244,0.030244,Hrs,0.0416,0.0416,Amazon Elastic Compute Cloud,t3.medium,2,4 GiB,Linux,us-east-1,AmazonEC2,35.47,61.82,24.05,20,2026-01-12T07:21:28Z,platform,prod,CC100,,,,,,,,arn:aws:savingsplans::112233445566:savingsplan/f20d1d38-54fc-4570-9260-8db826ca398d,0.030244,0.030244,0.030244,,
5af1fd1b8cd04af79ad9452042a6a3ab,2026-01-13T02:00:00Z/2026-01-13T03:00:00Z,112233445566,2026-01-01T00:00:00Z,2026-02-01T00:00:00Z,AWS,112233445566,SavingsPlanCoveredUsage,2026-01-13T02:00:00Z,2026-01-13T03:00:00Z,AmazonEC2,USEA-BoxUsage:t3.medium,RunInstances,us-east-1c,i-074cb15c455d3460b,1.0,2.0,2.0,0.0416,0.0416,0.027528,0.027528,Hrs,0.0416,0.0416,Amazon Elastic Compute Cloud,t3.medium,2,4 GiB,Linux,us-east-1,AmazonEC2,34.47,47.97,24.32,0,2026-01-11T03:23:02Z,platform,prod,CC100,,,,,,,,arn:aws:savingsplans::112233445566:savingsplan/f20d1d38-54fc-4570-9260-8db826ca398d,0.027528,0.027528,0.027528,,
90872b19f6d049d68f2aa232b0357632,2026-01-13T12:00:00Z/2026-01-13T13:00:00Z,112233445566,2026-01-01T00:00:00Z,2026-02-01T00:00:00Z,AWS,112233445566,SavingsPlanCoveredUsage,2026-01-13T12:00:00Z,2026-01-13T13:00:00Z,AmazonEC2,USEA-BoxUsage:t3.medium,RunInstances,us-east-1c,i-074cb15c455d3460b,1.0,2.0,2.0,0.0416,0.0416,0.030787,0.030787,Hrs,0.0416,0.0416,Amazon Elastic Compute Cloud,t3.medium,2,4 GiB,Linux,us-east-1,AmazonEC2,53.4,49.81,30.98,1,2026-01-11T07:56:50Z,platform,prod,CC100,,,,,,,,arn:aws:savingsplans::112233445566:savingsplan/f20d1d38-54fc-4570-9260-8db826ca398d,0.030787,0.030787,0.030787,,
367dc1ef25014de0bbd7a70de5582d44,2026-01-13T22:00:00Z/2026-01-13T23:00:00Z,112233445566,2026-01-01T00:00:00Z,2026-02-01T00:00:00Z,AWS,112233445566,SavingsPlanCoveredUsage,2026-01-13T22:00:00Z,2026-01-13T23:00:00Z,AmazonEC2,USEA-BoxUsage:t3.medium,RunInstances,us-east-1c,i-074cb15c455d3460b,1.0,2.0,2.0,0.0416,0.0416,0.030981,0.030981,Hrs,0.0416,0.0416,Amazon Elastic Compute Cloud,t3.medium,2,4 GiB,Linux,us-east-1,AmazonEC2,48.79,47.75,51.98,4,2026-01-11T06:02:47Z,platform,prod,CC100,,,,,,,,arn:aws:savingsplans::112233445566:savingsplan/f20d1d38-54fc-4570-9260-8db826ca398d,0.030981,0.030981,0.030981,,
615def0ae1184b8faf54bb87473b3d6e,2026-01-14T08:00:00Z/2026-01-14T09:00:00Z,112233445566,2026-01-01T00:00:00Z,2026-02-01T00:00:00Z,AWS,112233445566,SavingsPlanCoveredUsage,2026-01-14T08:00:00Z,2026-01-14T09:00:00Z,AmazonEC2,USEA-BoxUsage:t3.medium,RunInstances,us-east-1c,i-074cb15c455d3460b,1.0,2.0,2.0,0.0416,0.0416,0.02869,0.02869,Hrs,0.0416,0.0416,Amazon Elastic Compute Cloud,t3.medium,2,4 GiB,Linux,us-east-1,AmazonEC2,50.48,58.86,40.0,3,2026-01-13T17:08:41Z,platform,prod,CC100,,,,,,,,arn:aws:savingsplans::112233445566:savingsplan/f20d1d38-54fc-4570-9260-8db826ca398d,0.02869,0.02869,0.02869,,
1d79fffc69734dbdaa184df82d493b1a,2026-01-14T18:00:00Z/2026-01-14T19:00:00Z,112233445566,2026-01-01T00:00:00Z,2026-02-01T00:00:00Z,AWS,112233445566,SavingsPlanCoveredUsage,2026-01-14T18:00:00Z,2026-01-14T19:00:00Z,AmazonEC2,USEA-BoxUsage:t3.medium,RunInstances,us-east-1c,i-074cb15c455d3460b,1.0,2.0,2.0,0.0416,0.0416,0.027235,0.027235,Hrs,0.0416,0.0416,Amazon Elastic Compute Cloud,t3.medium,2,4 GiB,Linux,us-east-1,AmazonEC2,48.54,46.6,45.91,25,2026-01-13T16:25:19Z,platform,prod,CC100,,,,,,,,arn:aws:savingsplans::112233445566:savingsplan/f20d1d38-54fc-4570-9260-8db826ca398d,0.027235,0.027235,0.027235,,
4d0ee8ad17584db7a24597b0cedb9d29,2026-01-15T04:00:00Z/2026-01-15T05:00:00Z,112233445566,2026-01-01T00:00:00Z,2026-02-01T00:00:00Z,AWS,112233445566,SavingsPlanCoveredUsage,2026-01-15T04:00:00Z,2026-01-15T05:00:00Z,AmazonEC2,USEA-BoxUsage:t3.medium,RunInstances,us-east-1c,i-074cb15c455d3460b,1.0,2.0,2.0,0.0416,0.0416,0.029427,0.029427,Hrs,0.0416,0.0416,Amazon Elastic Compute Cloud,t3.medium,2,4 GiB,Linux,us-east-1,AmazonEC2,32.96,51.94,47.54,7,2026-01-14T20:45:38Z,platform,prod,CC100,,,,,,,,arn:aws:savingsplans::112233445566:savingsplan/f20d1d38-54fc-4570-9260-8db826ca398d,0.029427,0.029427,0.029427,,
def99b00670941a9a8cf40a0aaae1fda,2026-01-15T14:00:00Z/2026-01-15T15:00:00Z,112233445566,2026-01-01T00:00:00Z,2026-02-01T00:00:00Z,AWS,112233445566,SavingsPlanCoveredUsage,2026-01-15T14:00:00Z,2026-01-15T15:00:00Z,AmazonEC2,USEA-BoxUsage:t3.medium,RunInstances,us-east-1c,i-074cb15c455d3460b,1.0,2.0,2.0,0.0416,0.0416,0.030227,0.030227,Hrs,0.0416,0.0416,Amazon Elastic Compute Cloud,t3.medium,2,4 GiB,Linux,us-east-1,AmazonEC2,47.12,63.16,41.84,8,2026-01-13T05:41:27Z,platform,prod,CC100,,,,,,,,arn:aws:savingsplans::112233445566:savingsplan/f20d1d38-54fc-4570-9260-8db826ca398d,0.030227,0.030227,0.030227,,
0c8ccfdae95b4c2ebfc789eb3db11419,2026-01-16T00:00:00Z/2026-01-16T01:00:00Z,112233445566,2026-01-01T00:00:00Z,2026-02-01T00:00:00Z,AWS,112233445566,SavingsPlanCoveredUsage,2026-01-16T00:00:00Z,2026-01-16T01:00:00Z,AmazonEC2,USEA-BoxUsage:t3.medium,RunInstances,us-east-1c,i-074cb15c455d3460b,1.0,2.0,2.0,0.0416,0.0416,0.030771,0.030771,Hrs,0.0416,0.0416,Amazon Elastic Compute Cloud,t3.medium,2,4 GiB,Linux,us-east-1,AmazonEC2,38.13,56.77,26.53,11,2026-01-14T20:40:26Z,platform,prod,CC100,,,,,,,,arn:aws:savingsplans::112233445566:savingsplan/f20d1d38-54fc-4570-9260-8db826ca398d,0.030771,0.030771,0.030771,,
72b904bbe020493eb1ab0120e080ce98,2026-01-16T10:00:00Z/2026-01-16T11:00:00Z,112233445566,2026-01-01T00:00:00Z,2026-02-01T00:00:00Z,AWS,112233445566,SavingsPlanCoveredUsage,2026-01-16T10:00:00Z,2026-01-16T11:00:00Z,AmazonEC2,USEA-BoxUsage:t3.medium,RunInstances,us-east-1c,i-074cb15c455d3460b,1.0,2.0,2.0,0.0416,0.0416,0.029434,0.029434,Hrs,0.0416,0.0416,Amazon Elastic Compute Cloud,t3.medium,2,4 GiB,Linux,us-east-1,AmazonEC2,46.29,63.48,34.09,11,2026-01-15T00:29:40Z,platform,prod,CC100,,,,,,,,arn:aws:savingsplans::112233445566:savingsplan/f20d1d38-54fc-4570-9260-8db826ca398d,0.029434,0.029434,0.029434,,
3653ec65e3cf4ecb93c9cc99aeaee0f7,2026-01-16T20:00:00Z/2026-01-16T21:00:00Z,112233445566,2026-01-01T00:00:00Z,2026-02-01T00:00:00Z,AWS,112233445566,SavingsPlanCoveredUsage,2026-01-16T20:00:00Z,2026-01-16T21:00:00Z,AmazonEC2,USEA-BoxUsage:t3.medium,RunInstances,us-east-1c,i-074cb15c455d3460b,1.0,2.0,2.0,0.0416,0.0416,0.028691,0.028691,Hrs,0.0416,0.0416,Amazon Elastic Compute Cloud,t3.medium,2,4 GiB,Linux,us-east-1,AmazonEC2,35.84,61.66,26.6,12,2026-01-15T18:39:14Z,platform,prod,CC100,,,,,,,,arn:aws:savingsplans::112233445566:savingsplan/f20d1d38-54fc-4570-9260-8db826ca398d,0.028691,0.028691,0.028691,,
16846e687cd8460b86e06af4744e3b76,2026-01-17T06:00:00Z/2026-01-17T07:00:00Z,112233445566,2026-01-01T00:00:00Z,2026-02-01T00:00:00Z,AWS,112233445566,SavingsPlanCoveredUsage,2026-01-17T06:00:00Z,2026-01-17T07:00:00Z,AmazonEC2,USEA-BoxUsage:t3.medium,RunInstances,us-east-1c,i-074cb15c455d3460b,1.0,2.0,2.0,0.0416,0.0416,0.030919,0.030919,Hrs,0.0416,0.0416,Amazon Elastic Compute Cloud,t3.medium,2,4 GiB,Linux,us-east-1,AmazonEC2,44.9,56.37,37.24,17,2026-01-15T18:15:28Z,platform,prod,CC100,,,,,,,,arn:aws:savingsplans::112233445566:savingsplan/f20d1d38-54fc-4570-9260-8db826ca398d,0.030919,0.030919,0.030919,,
6286d46357cf46bcb96f7b94827f9524,2026-01-17T16:00:00Z/2026-01-17T17:00:00Z,112233445566,2026-01-01T00:00:00Z,2026-02-01T00:00:00Z,AWS,112233445566,SavingsPlanCoveredUsage,2026-01-17T16:00:00Z,2026-01-17T17:00:00Z,AmazonEC2,USEA-BoxUsage:t3.medium,RunInstances,us-east-1c,i-074cb15c455d3460b,1.0,2.0,2.0,0.0416,0.0416,0.03042,0.03042,Hrs,0.0416,0.0416,Amazon Elastic Compute Cloud,t3.medium,2,4 GiB,Linux,us-east-1,AmazonEC2,47.27,56.16,42.25,21,2026-01-17T07:25:34Z,platform,prod,CC100,,,,,,,,arn:aws:savingsplans::112233445566:savingsplan/f20d1d38-54fc-4570-9260-8db826ca398d,0.03042,0.03042,0.03042,,
c3ba97e9b3dc438f9981925bab9d0e90,2026-01-18T02:00:00Z/2026-01-18T03:00:00Z,112233445566,2026-01-01T00:00:00Z,2026-02-01T00:00:00Z,AWS,112233445566,SavingsPlanCoveredUsage,2026-01-18T02:00:00Z,2026-01-18T03:00:00Z,AmazonEC2,USEA-BoxUsage:t3.medium,RunInstances,us-east-1c,i-074cb15c455d3460b,1.0,2.0,2.0,0.0416,0.0416,0.027074,0.027074,Hrs,0.0416,0.0416,Amazon Elastic Compute Cloud,t3.medium,2,4 GiB,Linux,us-east-1,AmazonEC2,42.9,64.34,35.81,21,2026-01-16T17:53:50Z,platform,prod,CC100,,,,,,,,arn:aws:savingsplans::112233445566:savingsplan/f20d1d38-54fc-4570-9260-8db826ca398d,0.027074,0.027074,0.027074,,
6749108ae11f45469bbd465885ba891c,2026-01-18T12:00:00Z/2026-01-18T13:00:00Z,112233445566,2026-01-01T00:00:00Z,2026-02-01T00:00:00Z,AWS,112233445566,SavingsPlanCoveredUsage,2026-01-18T12:00:00Z,2026-01-18T13:00:00Z,AmazonEC2,USEA-BoxUsage:t3.medium,RunInstances,us-east-1c,i-074cb15c455d3460b,1.0,2.0,2.0,0.0416,0.0416,0.027542,0.027542,Hrs,0.0416,0.0416,Amazon Elastic Compute Cloud,t3.medium,2,4 GiB,Linux,us-east-1,AmazonEC2,40.95,55.19,37.16,6,2026-01-16T14:35:15Z,platform,prod,CC100,,,,,,,,arn:aws:savingsplans::112233445566:savingsplan/f20d1d38-54fc-4570-9260-8db826ca398d,0.027542,0.027542,0.027542,,
84673d7fd4074d1182011aa69dbc8781,2026-01-18T22:00:00Z/2026-01-18T23:00:00Z,112233445566,2026-01-01T00:00:00Z,2026-02-01T00:00:00Z,AWS,112233445566,SavingsPlanCoveredUsage,2026-01-18T22:00:00Z,2026-01-18T23:00:00Z,AmazonEC2,USEA-BoxUsage:t3.medium,RunInstances,us-east-1c,i-074cb15c455d3460b,1.0,2.0,2.0,0.0416,0.0416,0.029535,0.029535,Hrs,0.0416,0.0416,Amazon Elastic Compute Cloud,t3.medium,2,4 GiB,Linux,us-east-1,AmazonEC2,34.84,50.6,41.27,0,2026-01-17T08:06:07Z,platform,prod,CC100,,,,,,,,arn:aws:savingsplans::112233445566:savingsplan/f20d1d38-54fc-4570-9260-8db826ca398d,0.029535,0.029535,0.029535,,
02a98d81cce24360a71aee69d6218854,2026-01-19T08:00:00Z/2026-01-19T09:00:00Z,112233445566,2026-01-01T00:00:00Z,2026-02-01T00:00:00Z,AWS,112233445566,SavingsPlanCoveredUsage,2026-01-19T08:00:00Z,2026-01-19T09:00:00Z,AmazonEC2,USEA-BoxUsage:t3.medium,RunInstances,us-east-1c,i-074cb15c455d3460b,1.0,2.0,2.0,0.0416,0.0416,0.028275,0.028275,Hrs,0.0416,0.0416,Amazon Elastic Compute Cloud,t3.medium,2,4 GiB,Linux,us-east-1,AmazonEC2,46.75,40.2,47.69,23,2026-01-17T01:56:37Z,platform,prod,CC100,,,,,,,,arn:aws:savingsplans::112233445566:savingsplan/f20d1d38-54fc-4570-9260-8db826ca398d,0.028275,0.028275,0.028275,,
2fce5971eb9747c3a213b9b3b8c987b5,2026-01-19T18:00:00Z/2026-01-19T19:00:00Z,112233445566,2026-01-01T00:00:00Z,2026-02-01T00:00:00Z,AWS,112233445566,SavingsPlanCoveredUsage,2026-01-19T18:00:00Z,2026-01-19T19:00:00Z,AmazonEC2,USEA-BoxUsage:t3.medium,RunInstances,us-east-1c,i-074cb15c455d3460b,1.0,2.0,2.0,0.0416,0.0416,0.027048,0.027048,Hrs,0.0416,0.0416,Amazon Elastic Compute Cloud,t3.medium,2,4 GiB,Linux,us-east-1,AmazonEC2,49.15,42.58,29.46,4,2026-01-18T18:25:24Z,platform,prod,CC100,,,,,,,,arn:aws:savingsplans::112233445566:savingsplan/f20d1d38-54fc-4570-9260-8db826ca398d,0.027048,0.027048,0.027048,,
2d918a4015864298bbf6b480d7b7ba64,2026-01-20T04:00:00Z/2026-01-20T05:00:00Z,112233445566,2026-01-01T00:00:00Z,2026-02-01T00:00:00Z,AWS,112233445566,SavingsPlanCoveredUsage,2026-01-20T04:00:00Z,2026-01-20T05:00:00Z,AmazonEC2,USEA-BoxUsage:t3.medium,RunInstances,us-east-1c,i-074cb15c455d3460b,1.0,2.0,2.0,0.0416,0.0416,0.027573,0.027573,Hrs,0.0416,0.0416,Amazon Elastic Compute Cloud,t3.medium,2,4 GiB,Linux,us-east-1,AmazonEC2,35.92,40.85,43.53,18,2026-01-18T23:03:59Z,platform,prod,CC100,,,,,,,,arn:aws:savingsplans::112233445566:savingsplan/f20d1d38-54fc-4570-9260-8db826ca398d,0.027573,0.027573,0.027573,,
c8bf2d9ecc784f6597b89ef0d7a3f8e8,2026-01-20T14:00:00Z/2026-01-20T15:00:00Z,112233445566,2026-01-01T00:00:00Z,2026-02-01T00:00:00Z,AWS,112233445566,SavingsPlanCoveredUsage,2026-01-20T14:00:00Z,2026-01-20T15:00:00Z,AmazonEC2,USEA-BoxUsage:t3.medium,RunInstances,us-east-1c,i-074cb15c455d3460b,1.0,2.0,2.0,0.0416,0.0416,0.030862,0.030862,Hrs,0.0416,0.0416,Amazon Elastic Compute Cloud,t3.medium,2,4 GiB,Linux,us-east-1,AmazonEC2,53.11,49.49,35.12,23,2026-01-19T08:48:49Z,platform,prod,CC100,,,,,,,,arn:aws:savingsplans::112233445566:savingsplan/f20d1d38-54fc-4570-9260-8db826ca398d,0.030862,0.030862,0.030862,,
b7f97b83f3834666ac25a5563b5434bb,2026-01-21T00:00:00Z/2026-01-21T01:00:00Z,112233445566,2026-01-01T00:00:00Z,2026-02-01T00:00:00Z,AWS,112233445566,SavingsPlanCoveredUsage,2026-01-21T00:00:00Z,2026-01-21T01:00:00Z,AmazonEC2,USEA-BoxUsage:t3.medium,RunInstances,us-east-1c,i-074cb15c455d3460b,1.0,2.0,2.0,0.0416,0.0416,0.027754,0.027754,Hrs,0.0416,0.0416,Amazon Elastic Compute Cloud,t3.medium,2,4 GiB,Linux,us-east-1,AmazonEC2,41.16,53.7,31.62,12,2026-01-20T09:14:19Z,platform,prod,CC100,,,,,,,,arn:aws:savingsplans::112233445566:savingsplan/f20d1d38-54fc-4570-9260-8db826ca398d,0.027754,0.027754,0.027754,,
6bdd9e94b22444c5a51da9c808c2ff95,2026-01-21T10:00:00Z/2026-01-21T11:00:00Z,112233445566,2026-01-01T00:00:00Z,2026-02-01T00:00:00Z,AWS,112233445566,SavingsPlanCoveredUsage,2026-01-21T10:00:00Z,2026-01-21T11:00:00Z,AmazonEC2,USEA-BoxUsage:t3.medium,RunInstances,us-east-1c,i-074cb15c455d3460b,1.0,2.0,2.0,0.0416,0.0416,0.030509,0.030509,Hrs,0.0416,0.0416,Amazon Elastic Compute Cloud,t3.medium,2,4 GiB,Linux,us-east-1,AmazonEC2,39.42,45.61,39.67,13,2026-01-20T20:26:07Z,platform,prod,CC100,,,,,,,,arn:aws:savingsplans::112233445566:savingsplan/f20d1d38-54fc-4570-9260-8db826ca398d,0.030509,0.030509,0.030509,,
4b10ab8bb5a648228a392c5981c6b873,2026-01-21T20:00:00Z/2026-01-21T21:00:00Z,112233445566,2026-01-01T00:00:00Z,2026-02-01T00:00:00Z,AWS,112233445566,SavingsPlanCoveredUsage,2026-01-21T20:00:00Z,2026-01-21T21:00:00Z,AmazonEC2,USEA-BoxUsage:t3.medium,RunInstances,us-east-1c,i-074cb15c455d3460b,1.0,2.0,2.0,0.0416,0.0416,0.029154,0.029154,Hrs,0.0416,0.0416,Amazon Elastic Compute Cloud,t3.medium,2,4 GiB,Linux,us-east-1,AmazonEC2,57.79,43.63,26.19,13,2026-01-21T12:58:33Z,platform,prod,CC100,,,,,,,,arn:aws:savingsplans::112233445566:savingsplan/f20d1d38-54fc-4570-9260-8db826ca398d,0.029154,0.029154,0.029154,,
5954c5decd344f36a27ca324bf462c88,2026-01-22T06:00:00Z/2026-01-22T07:00:00Z,112233445566,2026-01-01T00:00:00Z,2026-02-01T00:00:00Z,AWS,112233445566,SavingsPlanCoveredUsage,2026-01-22T06:00:00Z,2026-01-22T07:00:00Z,AmazonEC2,USEA-BoxUsage:t3.medium,RunInstances,us-east-1c,i-074cb15c455d3460b,1.0,2.0,2.0,0.0416,0.0416,0.030807,0.030807,Hrs,0.0416,0.0416,Amazon Elastic Compute Cloud,t3.medium,2,4 GiB,Linux,us-east-1,AmazonEC2,46.2,60.75,32.98,8,2026-01-19T16:04:53Z,platform,prod,CC100,,,,,,,,arn:aws:savingsplans::112233445566:savingsplan/f20d1d38-54fc-4570-9260-8db826ca398d,0.030807,0.030807,0.030807,,
2ef748a2b86d460abc0d4d8d5fb50ac6,2026-01-22T16:00:00Z/2026-01-22T17:00:00Z,112233445566,2026-01-01T00:00:00Z,2026-02-01T00:00:00Z,AWS,112233445566,SavingsPlanCoveredUsage,2026-01-22T16:00:00Z,2026-01-22T17:00:00Z,AmazonEC2,USEA-BoxUsage:t3.medium,RunInstances,us-east-1c,i-074cb15c455d3460b,1.0,2.0,2.0,0.0416,0.0416,0.029318,0.029318,Hrs,0.0416,0.0416,Amazon Elastic Compute Cloud,t3.medium,2,4 GiB,Linux,us-east-1,AmazonEC2,38.97,65.29,51.34,15,2026-01-21T21:11:28Z,platform,prod,CC100,,,,,,,,arn:aws:savingsplans::112233445566:savingsplan/f20d1d38-54fc-4570-9260-8db826ca398d,0.029318,0.029318,0.029318,,
95100cd19023469399355ff97aad72fb,2026-01-23T02:00:00Z/2026-01-23T03:00:00Z,112233445566,2026-01-01T00:00:00Z,2026-02-01T00:00:00Z,AWS,112233445566,SavingsPlanCoveredUsage,2026-01-23T02:00:00Z,2026-01-23T03:00:00Z,AmazonEC2,USEA-BoxUsage:t3.medium,RunInstances,us-east-1c,i-074cb15c455d3460b,1.0,2.0,2.0,0.0416,0.0416,0.03088,0.03088,Hrs,0.0416,0.0416,Amazon Elastic Compute Cloud,t3.medium,2,4 GiB,Linux,us-east-1,AmazonEC2,43.3,61.69,51.99,6,2026-01-20T19:52:00Z,platform,prod,CC100,,,,,,,,arn:aws:savingsplans::112233445566:savingsplan/f20d1d38-54fc-4570-9260-8db826ca398d,0.03088,0.03088,0.03088,,
f61fd611ff4a46e08bfc6d56c0660c3f,2026-01-23T12:00:00Z/2026-01-23T13:00:00Z,112233445566,2026-01-01T00:00:00Z,2026-02-01T00:00:00Z,AWS,112233445566,SavingsPlanCoveredUsage,2026-01-23T12:00:00Z,2026-01-23T13:00:00Z,AmazonEC2,USEA-BoxUsage:t3.medium,RunInstances,us-east-1c,i-074cb15c455d3460b,1.0,2.0,2.0,0.0416,0.0416,0.02991,0.02991,Hrs,0.0416,0.0416,Amazon Elastic Compute Cloud,t3.medium,2,4 GiB,Linux,us-east-1,AmazonEC2,45.82,61.68,48.94,18,2026-01-21T15:22:38Z,platform,prod,CC100,,,,,,,,arn:aws:savingsplans::112233445566:savingsplan/f20d1d38-54fc-4570-9260-8db826ca398d,0.02991,0.02991,0.02991,,
69853a226d41431eb29ac031df4328a4,2026-01-23T22:00:00Z/2026-01-23T23:00:00Z,112233445566,2026-01-01T00:00:00Z,2026-02-01T00:00:00Z,AWS,112233445566,SavingsPlanCoveredUsage,2026-01-23T22:00:00Z,2026-01-23T23:00:00Z,AmazonEC2,USEA-BoxUsage:t3.medium,RunInstances,us-east-1c,i-074cb15c455d3460b,1.0,2.0,2.0,0.0416,0.0416,0.028981,0.028981,Hrs,0.0416,0.0416,Amazon Elastic Compute Cloud,t3.medium,2,4 GiB,Linux,us-east-1,AmazonEC2,48.54,40.02,51.93,22,2026-01-21T18:24:42Z,platform,prod,CC100,,,,,,,,arn:aws:savingsplans::112233445566:savingsplan/f20d1d38-54fc-4570-9260-8db826ca398d,0.028981,0.028981,0.028981,,
e5f771b2d2a24a9b9a2a18dabbe5b469,2026-01-24T08:00:00Z/2026-01-24T09:00:00Z,112233445566,2026-01-01T00:00:00Z,2026-02-01T00:00:00Z,AWS,112233445566,SavingsPlanCoveredUsage,2026-01-24T08:00:00Z,2026-01-24T09:00:00Z,AmazonEC2,USEA-BoxUsage:t3.medium,RunInstances,us-east-1c,i-074cb15c455d3460b,1.0,2.0,2.0,0.0416,0.0416,0.03064,0.03064,Hrs,0.0416,0.0416,Amazon Elastic Compute Cloud,t3.medium,2,4 GiB,Linux,us-east-1,AmazonEC2,41.42,54.32,34.06,12,2026-01-22T11:47:01Z,platform,prod,CC100,,,,,,,,arn:aws:savingsplans::112233445566:savingsplan/f20d1d38-54fc-4570-9260-8db826ca398d,0.03064,0.03064,0.03064,,
659006977dd0437aa74736c07040e7ca,2026-01-24T18:00:00Z/2026-01-24T19:00:00Z,112233445566,2026-01-01T00:00:00Z,2026-02-01T00:00:00Z,AWS,112233445566,SavingsPlanCoveredUsage,2026-01-24T18:00:00Z,2026-01-24T19:00:00Z,AmazonEC2,USEA-BoxUsage:t3.medium,RunInstances,us-east-1c,i-074cb15c455d3460b,1.0,2.0,2.0,0.0416,0.0416,0.028877,0.028877,Hrs,0.0416,0.0416,Amazon Elastic Compute Cloud,t3.medium,2,4 GiB,Linux,us-east-1,AmazonEC2,39.0,56.63,28.97,12,2026-01-22T20:55:17Z,platform,prod,CC100,,,,,,,,arn:aws:savingsplans::112233445566:savingsplan/f20d1d38-54fc-4570-9260-8db826ca398d,0.028877,0.028877,0.028877,,
ca06d789dd5f4fe7a712f44c3f2b15ee,2026-01-25T04:00:00Z/2026-01-25T05:00:00Z,112233445566,2026-01-01T00:00:00Z,2026-02-01T00:00:00Z,AWS,112233445566,SavingsPlanCoveredUsage,2026-01-25T04:00:00Z,2026-01-25T05:00:00Z,AmazonEC2,USEA-BoxUsage:t3.medium,RunInstances,us-east-1c,i-074cb15c455d3460b,1.0,2.0,2.0,0.0416,0.0416,0.029968,0.029968,Hrs,0.0416,0.0416,Amazon Elastic Compute Cloud,t3.medium,2,4 GiB,Linux,us-east-1,AmazonEC2,51.51,61.35,46.02,23,2026-01-23T18:33:21Z,platform,prod,CC100,,,,,,,,arn:aws:savingsplans::112233445566:savingsplan/f20d1d38-54fc-4570-9260-8db826ca398d,0.029968,0.029968,0.029968,,
18a5b1f6431b4f90aa4d9d39e04eca04,2026-01-25T14:00:00Z/2026-01-25T15:00:00Z,112233445566,2026-01-01T00:00:00Z,2026-02-01T00:00:00Z,AWS,112233445566,SavingsPlanCoveredUsage,2026-01-25T14:00:00Z,2026-01-25T15:00:00Z,AmazonEC2,USEA-BoxUsage:t3.medium,RunInstances,us-east-1c,i-074cb15c455d3460b,1.0,2.0,2.0,0.0416,0.0416,0.028907,0.028907,Hrs,0.0416,0.0416,Amazon Elastic Compute Cloud,t3.medium,2,4 GiB,Linux,us-east-1,AmazonEC2,39.28,45.41,34.55,24,2026-01-24T11:26:46Z,platform,prod,CC100,,,,,,,,arn:aws:savingsplans::112233445566:savingsplan/f20d1d38-54fc-4570-9260-8db826ca398d,0.028907,0.028907,0.028907,,
bde43c398e06472cbe20a731845c9aac,2026-01-26T00:00:00Z/2026-01-26T01:00:00Z,112233445566,2026-01-01T00:00:00Z,2026-02-01T00:00:00Z,AWS,112233445566,SavingsPlanCoveredUsage,2026-01-26T00:00:00Z,2026-01-26T01:00:00Z,AmazonEC2,USEA-BoxUsage:t3.medium,RunInstances,us-east-1c,i-074cb15c455d3460b,1.0,2.0,2.0,0.0416,0.0416,0.029167,0.029167,Hrs,0.0416,0.0416,Amazon Elastic Compute Cloud,t3.medium,2,4 GiB,Linux,us-east-1,AmazonEC2,38.3,60.62,49.79,3,2026-01-25T21:16:05Z,platform,prod,CC100,,,,,,,,arn:aws:savingsplans::112233445566:savingsplan/f20d1d38-54fc-4570-9260-8db826ca398d,0.029167,0.029167,0.029167,,
efbd5c65d99242d991e081cd6c4b6d4f,2026-01-26T10:00:00Z/2026-01-26T11:00:00Z,112233445566,2026-01-01T00:00:00Z,2026-02-01T00:00:00Z,AWS,112233445566,SavingsPlanCoveredUsage,2026-01-26T10:00:00Z,2026-01-26T11:00:00Z,AmazonEC2,USEA-BoxUsage:t3.medium,RunInstances,us-east-1c,i-074cb15c455d3460b,1.0,2.0,2.0,0.0416,0.0416,0.030436,0.030436,Hrs,0.0416,0.0416,Amazon Elastic Compute Cloud,t3.medium,2,4 GiB,Linux,us-east-1,AmazonEC2,57.66,43.82,30.71,9,2026-01-24T10:08:04Z,platform,prod,CC100,,,,,,,,arn:aws:savingsplans::112233445566:savingsplan/f20d1d38-54fc-4570-9260-8db826ca398d,0.030436,0.030436,0.030436,,
ec723377047e4b6f89e52d7e5e47a3ae,2026-01-26T20:00:00Z/2026-01-26T21:00:00Z,112233445566,2026-01-01T00:00:00Z,2026-02-01T00:00:00Z,AWS,112233445566,SavingsPlanCoveredUsage,2026-01-26T20:00:00Z,2026-01-26T21:00:00Z,AmazonEC2,USEA-BoxUsage:t3.medium,RunInstances,us-east-1c,i-074cb15c455d3460b,1.0,2.0,2.0,0.0416,0.0416,0.028733,0.028733,Hrs,0.0416,0.0416,Amazon Elastic Compute Cloud,t3.medium,2,4 GiB,Linux,us-east-1,AmazonEC2,56.16,61.98,32.51,13,2026-01-25T08:39:32Z,platform,prod,CC100,,,,,,,,arn:aws:savingsplans::112233445566:savingsplan/f20d1d38-54fc-4570-9260-8db826ca398d,0.028733,0.028733,0.028733,,
e4ffa47842fa4b8dafcbc9565a98252a,2026-01-27T06:00:00Z/2026-01-27T07:00:00Z,112233445566,2026-01-01T00:00:00Z,2026-02-01T00:00:00Z,AWS,112233445566,SavingsPlanCoveredUsage,2026-01-27T06:00:00Z,2026-01-27T07:00:00Z,AmazonEC2,USEA-BoxUsage:t3.medium,RunInstances,us-east-1c,i-074cb15c455d3460b,1.0,2.0,2.0,0.0416,0.0416,0.027714,0.027714,Hrs,0.0416,0.0416,Amazon Elastic Compute Cloud,t3.medium,2,4 GiB,Linux,us-east-1,AmazonEC2,47.61,43.3,40.25,9,2026-01-26T07:27:55Z,platform,prod,CC100,,,,,,,,arn:aws:savingsplans::112233445566:savingsplan/f20d1d38-54fc-4570-9260-8db826ca398d,0.027714,0.027714,0.027714,,
b5b0ce97b99b495ca439648a93b8d4e4,2026-01-27T16:00:00Z/2026-01-27T17:00:00Z,112233445566,2026-01-01T00:00:00Z,2026-02-01T00:00:00Z,AWS,112233445566,SavingsPlanCoveredUsage,2026-01-27T16:00:00Z,2026-01-27T17:00:00Z,AmazonEC2,USEA-BoxUsage:t3.medium,RunInstances,us-east-1c,i-074cb15c455d3460b,1.0,2.0,2.0,0.0416,0.0416,0.030524,0.030524,Hrs,0.0416,0.0416,Amazon Elastic Compute Cloud,t3.medium,2,4 GiB,Linux,us-east-1,AmazonEC2,39.91,59.24,26.24,9,2026-01-25T09:00:44Z,platform,prod,CC100,,,,,,,,arn:aws:savingsplans::112233445566:savingsplan/f20d1d38-54fc-4570-9260-8db826ca398d,0.030524,0.030524,0.030524,,
50eebe7c37ea471e8494969672e9d54e,2026-01-28T02:00:00Z/2026-01-28T03:00:00Z,112233445566,2026-01-01T00:00:00Z,2026-02-01T00:00:00Z,AWS,112233445566,SavingsPlanCoveredUsage,2026-01-28T02:00:00Z,2026-01-28T03:00:00Z,AmazonEC2,USEA-BoxUsage:t3.medium,RunInstances,us-east-1c,i-074cb15c455d3460b,1.0,2.0,2.0,0.0416,0.0416,0.031192,0.031192,Hrs,0.0416,0.0416,Amazon Elastic Compute Cloud,t3.medium,2,4 GiB,Linux,us-east-1,AmazonEC2,32.74,42.57,45.48,18,2026-01-25T23:38:27Z,platform,prod,CC100,,,,,,,,arn:aws:savingsplans::112233445566:savingsplan/f20d1d38-54fc-4570-9260-8db826ca398d,0.031192,0.031192,0.031192,,
b5fd05565c524037b1e6ee9736d26a78,2026-01-28T12:00:00Z/2026-01-28T13:00:00Z,112233445566,2026-01-01T00:00:00Z,2026-02-01T00:00:00Z,AWS,112233445566,SavingsPlanCoveredUsage,2026-01-28T12:00:00Z,2026-01-28T13:00:00Z,AmazonEC2,USEA-BoxUsage:t3.medium,RunInstances,us-east-1c,i-074cb15c455d3460b,1.0,2.0,2.0,0.0416,0.0416,0.028228,0.028228,Hrs,0.0416,0.0416,Amazon Elastic Compute Cloud,t3.medium,2,4 GiB,Linux,us-east-1,AmazonEC2,53.9,41.22,27.71,22,2026-01-27T20:04:12Z,platform,prod,CC100,,,,,,,,arn:aws:savingsplans::112233445566:savingsplan/f20d1d38-54fc-4570-9260-8db826ca398d,0.028228,0.028228,0.028228,,
7afa6ebd23be4c99ae764d73da73ba9c,2026-01-28T22:00:00Z/2026-01-28T23:00:00Z,112233445566,2026-01-01T00:00:00Z,2026-02-01T00:00:00Z,AWS,112233445566,SavingsPlanCoveredUsage,2026-01-28T22:00:00Z,2026-01-28T23:00:00Z,AmazonEC2,USEA-BoxUsage:t3.medium,RunInstances,us-east-1c,i-074cb15c455d3460b,1.0,2.0,2.0,0.0416,0.0416,0.030194,0.030194,Hrs,0.0416,0.0416,Amazon Elastic Compute Cloud,t3.medium,2,4 GiB,Linux,us-east-1,AmazonEC2,40.19,43.07,49.88,6,2026-01-28T04:31:02Z,platform,prod,CC100,,,,,,,,arn:aws:savingsplans::112233445566:savingsplan/f20d1d38-54fc-4570-9260-8db826ca398d,0.030194,0.030194,0.030194,,
f1f5cfdc1f9545618526289946e4e6d5,2026-01-29T08:00:00Z/2026-01-29T09:00:00Z,112233445566,2026-01-01T00:00:00Z,2026-02-01T00:00:00Z,AWS,112233445566,SavingsPlanCoveredUsage,2026-01-29T08:00:00Z,2026-01-29T09:00:00Z,AmazonEC2,USEA-BoxUsage:t3.medium,RunInstances,us-east-1c,i-074cb15c455d3460b,1.0,2.0,2.0,0.0416,0.0416,0.030165,0.030165,Hrs,0.0416,0.0416,Amazon Elastic Compute Cloud,t3.medium,2,4 GiB,Linux,us-east-1,AmazonEC2,47.76,45.24,24.04,10,2026-01-27T01:49:43Z,platform,prod,CC100,,,,,,,,arn:aws:savingsplans::112233445566:savingsplan/f20d1d38-54fc-4570-9260-8db826ca398d,0.030165,0.030165,0.030165,,
bf7c24ba0e394a1d8e32530aa178dbb2,2026-01-29T18:00:00Z/2026-01-29T19:00:00Z,112233445566,2026-01-01T00:00:00Z,2026-02-01T00:00:00Z,AWS,112233445566,SavingsPlanCoveredUsage,2026-01-29T18:00:00Z,2026-01-29T19:00:00Z,AmazonEC2,USEA-BoxUsage:t3.medium,RunInstances,us-east-1c,i-074cb15c455d3460b,1.0,2.0,2.0,0.0416,0.0416,0.031045,0.031045,Hrs,0.0416,0.0416,Amazon Elastic Compute Cloud,t3.medium,2,4 GiB,Linux,us-east-1,AmazonEC2,56.29,58.62,43.36,24,2026-01-27T18:55:31Z,platform,prod,CC100,,,,,,,,arn:aws:savingsplans::112233445566:savingsplan/f20d1d38-54fc-4570-9260-8db826ca398d,0.031045,0.031045,0.031045,,
4b488bae7be848d2a67aa67f68408682,2026-01-30T04:00:00Z/2026-01-30T05:00:00Z,112233445566,2026-01-01T00:00:00Z,2026-02-01T00:00:00Z,AWS,112233445566,SavingsPlanCoveredUsage,2026-01-30T04:00:00Z,2026-01-30T05:00:00Z,AmazonEC2,USEA-BoxUsage:t3.medium,RunInstances,us-east-1c,i-074cb15c455d3460b,1.0,2.0,2.0,0.0416,0.0416,0.028468,0.028468,Hrs,0.0416,0.0416,Amazon Elastic Compute Cloud,t3.medium,2,4 GiB,Linux,us-east-1,AmazonEC2,41.52,43.64,43.57,3,2026-01-29T13:54:27Z,platform,prod,CC100,,,,,,,,arn:aws:savingsplans::112233445566:savingsplan/f20d1d38-54fc-4570-9260-8db826ca398d,0.028468,0.028468,0.028468,,
aef70f283a154f4a9341024512b022d8,2026-01-30T14:00:00Z/2026-01-30T15:00:00Z,112233445566,2026-01-01T00:00:00Z,2026-02-01T00:00:00Z,AWS,112233445566,SavingsPlanCoveredUsage,2026-01-30T14:00:00Z,2026-01-30T15:00:00Z,AmazonEC2,USEA-BoxUsage:t3.medium,RunInstances,us-east-1c,i-074cb15c455d3460b,1.0,2.0,2.0,0.0416,0.0416,0.02776,0.02776,Hrs,0.0416,0.0416,Amazon Elastic Compute Cloud,t3.medium,2,4 GiB,Linux,us-east-1,AmazonEC2,43.21,51.0,27.17,23,2026-01-28T05:39:59Z,platform,prod,CC100,,,,,,,,arn:aws:savingsplans::112233445566:savingsplan/f20d1d38-54fc-4570-9260-8db826ca398d,0.02776,0.02776,0.02776,,
a21724a1c9fe4920a2f148c67aeb2791,2026-01-01T10:00:00Z/2026-01-01T11:00:00Z,112233445566,2026-01-01T00:00:00Z,2026-02-01T00:00:00Z,AWS,334455667788,Usage,2026-01-01T10:00:00Z,2026-01-01T11:00:00Z,AmazonEC2,USEA-BoxUsage:m5.large,RunInstances,us-east-1c,i-0bd59e2bcd1984002,1.0,4.0,4.0,0.096,0.096,0.096938,0.096361,Hrs,0.096,0.096,Amazon Elastic Compute Cloud,m5.large,2,8 GiB,Linux,us-east-1,AmazonEC2,35.97,29.59,35.46,47,2025-12-30T06:07:43Z,backend,prod,CC400,,,,,,,,,,,,,
f7d97a0c17864231aab993dcecf08e11,2026-01-01T20:00:00Z/2026-01-01T21:00:00Z,112233445566,2026-01-01T00:00:00Z,2026-02-01T00:00:00Z,AWS,334455667788,Usage,2026-01-01T20:00:00Z,2026-01-01T21:00:00Z,AmazonEC2,USEA-BoxUsage:m5.large,RunInstances,us-east-1c,i-0bd59e2bcd1984002,1.0,4.0,4.0,0.096,0.096,0.096723,0.094381,Hrs,0.096,0.096,Amazon Elastic Compute Cloud,m5.large,2,8 GiB,Linux,us-east-1,AmazonEC2,37.15,51.03,28.51,62,2025-12-31T09:36:27Z,backend,prod,CC400,,,,,,,,,,,,,
30687c61eded4eb6ac5f8ef5c3b07b97,2026-01-02T06:00:00Z/2026-01-02T07:00:00Z,112233445566,2026-01-01T00:00:00Z,2026-02-01T00:00:00Z,AWS,334455667788,Usage,2026-01-02T06:00:00Z,2026-01-02T07:00:00Z,AmazonEC2,USEA-BoxUsage:m5.large,RunInstances,us-east-1c,i-0bd59e2bcd1984002,1.0,4.0,4.0,0.096,0.096,0.091351,0.091205,Hrs,0.096,0.096,Amazon Elastic Compute Cloud,m5.large,2,8 GiB,Linux,us-east-1,AmazonEC2,37.78,50.13,40.4,51,2025-12-30T07:16:21Z,backend,prod,CC400,,,,,,,,,,,,,
916274efd2e945c3a9a761bc612868fb,2026-01-02T16:00:00Z/2026-01-02T17:00:00Z,112233445566,2026-01-01T00:00:00Z,2026-02-01T00:00:00Z,AWS,334455667788,Usage,2026-01-02T16:00:00Z,2026-01-02T17:00:00Z,AmazonEC2,USEA-BoxUsage:m5.large,RunInstances,us-east-1c,i-0bd59e2bcd1984002,1.0,4.0,4.0,0.096,0.096,0.097674,0.093934,Hrs,0.096,0.096,Amazon Elastic Compute Cloud,m5.large,2,8 GiB,Linux,us-east-1,AmazonEC2,40.23,33.27,20.16,42,2025-12-31T21:26:31Z,backend,prod,CC400,,,,,,,,,,,,,
c8420383d3e2471188de4fcca8f63def,2026-01-03T02:00:00Z/2026-01-03T03:00:00Z,112233445566,2026-01-01T00:00:00Z,2026-02-01T00:00:00Z,AWS,334455667788,Usage,2026-01-03T02:00:00Z,2026-01-03T03:00:00Z,AmazonEC2,USEA-BoxUsage:m5.large,RunInstances,us-east-1c,i-0bd59e2bcd1984002,1.0,4.0,4.0,0.096,0.096,0.094912,0.09289,Hrs,0.096,0.096,Amazon Elastic Compute Cloud,m5.large,2,8 GiB,Linux,us-east-1,AmazonEC2,32.43,45.87,32.65,47,2025-12-30T01:52:59Z,backend,prod,CC400,,,,,,,,,,,,,
aea95f9e2ac9479c8b3dca6092c9ae08,2026-01-03T12:00:00Z/2026-01-03T13:00:00Z,112233445566,2026-01-01T00:00:00Z,2026-02-01T00:00:00Z,AWS,334455667788,Usage,2026-01-03T12:00:00Z,2026-01-03T13:00:00Z,AmazonEC2,USEA-BoxUsage:m5.large,RunInstances,us-east-1c,i-0bd59e2bcd1984002,1.0,4.0,4.0,0.096,0.096,0.099626,0.099428,Hrs,0.096,0.096,Amazon Elastic Compute Cloud,m5.large,2,8 GiB,Linux,us-east-1,AmazonEC2,31.35,32.19,24.45,56,2025-12-31T21:45:31Z,backend,prod,CC400,,,,,,,,,,,,,
c693f83063d4438ba7052ae3fdc05b5f,2026-01-03T22:00:00Z/2026-01-03T23:00:00Z,112233445566,2026-01-01T00:00:00Z,2026-02-01T00:00:00Z,AWS,334455667788,Usage,2026-01-03T22:00:00Z,2026-01-03T23:00:00Z,AmazonEC2,USEA-BoxUsage:m5.large,RunInstances,us-east-1c,i-0bd59e2bcd1984002,1.0,4.0,4.0,0.096,0.096,0.092814,0.099938,Hrs,0.096,0.096,Amazon Elastic Compute Cloud,m5.large,2,8 GiB,Linux,us-east-1,AmazonEC2,35.99,31.57,35.69,45,2025-12-30T10:28:59Z,backend,prod,CC400,,,,,,,,,,,,,
3f5b12993a554a9d9edfdaa28545772d,2026-01-04T08:00:00Z/2026-01-04T09:00:00Z,112233445566,2026-01-01T00:00:00Z,2026-02-01T00:00:00Z,AWS,334455667788,Usage,2026-01-04T08:00:00Z,2026-01-04T09:00:00Z,AmazonEC2,USEA-BoxUsage:m5.large,RunInstances,us-east-1c,i-0bd59e2bcd1984002,1.0,4.0,4.0,0.096,0.096,0.096634,0.097716,Hrs,0.096,0.096,Amazon Elastic Compute Cloud,m5.large,2,8 GiB,Linux,us-east-1,AmazonEC2,34.64,37.77,23.03,58,2026-01-02T20:11:02Z,backend,prod,CC400,,,,,,,,,,,,,
3b46517297614b989c6a8ea555dfa984,2026-01-04T18:00:00Z/2026-01-04T19:00:00Z,112233445566,2026-01-01T00:00:00Z,2026-02-01T00:00:00Z,AWS,334455667788,Usage,2026-01-04T18:00:00Z,2026-01-04T19:00:00Z,AmazonEC2,USEA-BoxUsage:m5.large,RunInstances,us-east-1c,i-0bd59e2bcd1984002,1.0,4.0,4.0,0.096,0.096,0.098243,0.095451,Hrs,0.096,0.096,Amazon Elastic Compute Cloud,m5.large,2,8 GiB,Linux,us-east-1,AmazonEC2,23.76,28.35,41.08,33,2026-01-02T17:03:58Z,backend,prod,CC400,,,,,,,,,,,,,
46a445947b7b4e67aab24508bcd19f63,2026-01-05T04:00:00Z/2026-01-05T05:00:00Z,112233445566,2026-01-01T00:00:00Z,2026-02-01T00:00:00Z,AWS,334455667788,Usage,2026-01-05T04:00:00Z,2026-01-05T05:00:00Z,AmazonEC2,USEA-BoxUsage:m5.large,RunInstances,us-east-1c,i-0bd59e2bcd1984002,1.0,4.0,4.0,0.096,0.096,0.09923,0.094639,Hrs,0.096,0.096,Amazon Elastic Compute Cloud,m5.large,2,8 GiB,Linux,us-east-1,AmazonEC2,41.45,34.83,28.8,47,2026-01-01T13:04:50Z,backend,prod,CC400,,,,,,,,,,,,,
fceecad2cd294fe1a64be8a06240bccd,2026-01-05T14:00:00Z/2026-01-05T15:00:00Z,112233445566,2026-01-01T00:00:00Z,2026-02-01T00:00:00Z,AWS,334455667788,Usage,2026-01-05T14:00:00Z,2026-01-05T15:00:00Z,AmazonEC2,USEA-BoxUsage:m5.large,RunInstances,us-east-1c,i-0bd59e2bcd1984002,1.0,4.0,4.0,0.096,0.096,0.096814,0.100415,Hrs,0.096,0.096,Amazon Elastic Compute Cloud,m5.large,2,8 GiB,Linux,us-east-1,AmazonEC2,38.33,42.09,29.47,15,2026-01-01T22:52:29Z,backend,prod,CC400,,,,,,,,,,,,,
0303b68f5466498cbb9b460b1e58f72a,2026-01-06T00:00:00Z/2026-01-06T01:00:00Z,112233445566,2026-01-01T00:00:00Z,2026-02-01T00:00:00Z,AWS,334455667788,Usage,2026-01-06T00:00:00Z,2026-01-06T01:00:00Z,AmazonEC2,USEA-BoxUsage:m5.large,RunInstances,us-east-1c,i-0bd59e2bcd1984002,1.0,4.0,4.0,0.096,0.096,0.099175,0.091284,Hrs,0.096,0.096,Amazon Elastic Compute Cloud,m5.large,2,8 GiB,Linux,us-east-1,AmazonEC2,38.51,39.72,28.43,59,2026-01-03T13:32:35Z,backend,prod,CC400,,,,,,,,,,,,,
124eebdba66045b4a5c9cc0f2d647d0a,2026-01-06T10:00:00Z/2026-01-06T11:00:00Z,112233445566,2026-01-01T00:00:00Z,2026-02-01T00:00:00Z,AWS,334455667788,Usage,2026-01-06T10:00:00Z,2026-01-06T11:00:00Z,AmazonEC2,USEA-BoxUsage:m5.large,RunInstances,us-east-1c,i-0bd59e2bcd1984002,1.0,4.0,4.0,0.096,0.096,0.094427,0.095914,Hrs,0.096,0.096,Amazon Elastic Compute Cloud,m5.large,2,8 GiB,Linux,us-east-1,AmazonEC2,34.27,34.61,37.64,14,2026-01-04T07:13:05Z,backend,prod,CC400,,,,,,,,,,,,,
d0259123b2354b688b05e18af38cdc8e,2026-01-06T20:00:00Z/2026-01-06T21:00:00Z,112233445566,2026-01-01T00:00:00Z,2026-02-01T00:00:00Z,AWS,334455667788,Usage,2026-01-06T20:00:00Z,2026-01-06T21:00:00Z,AmazonEC2,USEA-BoxUsage:m5.large,RunInstances,us-east-1c,i-0bd59e2bcd1984002,1.0,4.0,4.0,0.096,0.096,0.092765,0.094199,Hrs,0.096,0.096,Amazon Elastic Compute Cloud,m5.large,2,8 GiB,Linux,us-east-1,AmazonEC2,24.37,44.48,41.63,25,2026-01-03T19:23:16Z,backend,prod,CC400,,,,,,,,,,,,,
ac16b110c3104f00aab8832db0ab704b,2026-01-07T06:00:00Z/2026-01-07T07:00:00Z,112233445566,2026-01-01T00:00:00Z,2026-02-01T00:00:00Z,AWS,334455667788,Usage,2026-01-07T06:00:00Z,2026-01-07T07:00:00Z,AmazonEC2,USEA-BoxUsage:m5.large,RunInstances,us-east-1c,i-0bd59e2bcd1984002,1.0,4.0,4.0,0.096,0.096,0.092592,0.098859,Hrs,0.096,0.096,Amazon Elastic Compute Cloud,m5.large,2,8 GiB,Linux,us-east-1,AmazonEC2,23.26,33.47,36.54,58,2026-01-05T02:01:53Z,backend,prod,CC400,,,,,,,,,,,,,
bee6b89dda634695a88136a6f81035ea,2026-01-07T16:00:00Z/2026-01-07T17:00:00Z,112233445566,2026-01-01T00:00:00Z,2026-02-01T00:00:00Z,AWS,334455667788,Usage,2026-01-07T16:00:00Z,2026-01-07T17:00:00Z,AmazonEC2,USEA-BoxUsage:m5.large,RunInstances,us-east-1c,i-0bd59e2bcd1984002,1.0,4.0,4.0,0.096,0.096,0.100025,0.094386,Hrs,0.096,0.096,Amazon Elastic Compute Cloud,m5.large,2,8 GiB,Linux,us-east-1,AmazonEC2,32.37,30.05,25.7,70,2026-01-03T08:51:38Z,backend,prod,CC400,,,,,,,,,,,,,
4ecf54c79922478ba20f68ca90af39c0,2026-01-08T02:00:00Z/2026-01-08T03:00:00Z,112233445566,2026-01-01T00:00:00Z,2026-02-01T00:00:00Z,AWS,334455667788,Usage,2026-01-08T02:00:00Z,2026-01-08T03:00:00Z,AmazonEC2,USEA-BoxUsage:m5.large,RunInstances,us-east-1c,i-0bd59e2bcd1984002,1.0,4.0,4.0,0.096,0.096,0.099888,0.098331,Hrs,0.096,0.096,Amazon Elastic Compute Cloud,m5.large,2,8 GiB,Linux,us-east-1,AmazonEC2,37.41,43.74,38.21,15,2026-01-05T22:44:27Z,backend,prod,CC400,,,,,,,,,,,,,
788e70a486be438086a2ebb3926c0641,2026-01-08T12:00:00Z/2026-01-08T13:00:00Z,112233445566,2026-01-01T00:00:00Z,2026-02-01T00:00:00Z,AWS,334455667788,Usage,2026-01-08T12:00:00Z,2026-01-08T13:00:00Z,AmazonEC2,USEA-BoxUsage:m5.large,RunInstances,us-east-1c,i-0bd59e2bcd1984002,1.0,4.0,4.0,0.096,0.096,0.099367,0.099594,Hrs,0.096,0.096,Amazon Elastic Compute Cloud,m5.large,2,8 GiB,Linux,us-east-1,AmazonEC2,35.06,49.46,24.5,17,2026-01-04T01:37:24Z,backend,prod,CC400,,,,,,,,,,,,,
d7c55547663342b78a0ed00a7d0e380e,2026-01-08T22:00:00Z/2026-01-08T23:00:00Z,112233445566,2026-01-01T00:00:00Z,2026-02-01T00:00:00Z,AWS,334455667788,Usage,2026-01-08T22:00:00Z,2026-01-08T23:00:00Z,AmazonEC2,USEA-BoxUsage:m5.large,RunInstances,us-east-1c,i-0bd59e2bcd1984002,1.0,4.0,4.0,0.096,0.096,0.094736,0.093914,Hrs,0.096,0.096,Amazon Elastic Compute Cloud,m5.large,2,8 GiB,Linux,us-east-1,AmazonEC2,32.33,50.76,39.39,26,2026-01-05T06:23:19Z,backend,prod,CC400,,,,,,,,,,,,,
ac67c0e1bf7045d99380ea4d9218f019,2026-01-09T08:00:00Z/2026-01-09T09:00:00Z,112233445566,2026-01-01T00:00:00Z,2026-02-01T00:00:00Z,AWS,334455667788,Usage,2026-01-09T08:00:00Z,2026-01-09T09:00:00Z,AmazonEC2,USEA-BoxUsage:m5.large,RunInstances,us-east-1c,i-0bd59e2bcd1984002,1.0,4.0,4.0,0.096,0.096,0.091848,0.094342,Hrs,0.096,0.096,Amazon Elastic Compute Cloud,m5.large,2,8 GiB,Linux,us-east-1,AmazonEC2,25.18,39.06,41.96,39,2026-01-06T08:11:02Z,backend,prod,CC400,,,,,,,,,,,,,
e78974eadaf545f488c1fa532dcbd810,2026-01-10T04:00:00Z/2026-01-10T05:00:00Z,112233445566,2026-01-01T00:00:00Z,2026-02-01T00:00:00Z,AWS,334455667788,Usage,2026-01-10T04:00:00Z,2026-01-10T05:00:00Z,AmazonEC2,USEA-BoxUsage:m5.large,RunInstances,us-east-1c,i-0bd59e2bcd1984002,1.0,4.0,4.0,0.096,0.096,0.09852,0.096868,Hrs,0.096,0.096,Amazon Elastic Compute Cloud,m5.large,2,8 GiB,Linux,us-east-1,AmazonEC2,32.83,41.68,37.76,47,2026-01-05T23:34:17Z,backend,prod,CC400,,,,,,,,,,,,,
39415ba922e049ca8c9a7e6de189507f,2026-01-10T14:00:00Z/2026-01-10T15:00:00Z,112233445566,2026-01-01T00:00:00Z,2026-02-01T00:00:00Z,AWS,334455667788,Usage,2026-01-10T14:00:00Z,2026-01-10T15:00:00Z,AmazonEC2,USEA-BoxUsage:m5.large,RunInstances,us-east-1c,i-0bd59e2bcd1984002,1.0,4.0,4.0,0.096,0.096,0.099515,0.092518,Hrs,0.096,0.096,Amazon Elastic Compute Cloud,m5.large,2,8 GiB,Linux,us-east-1,AmazonEC2,42.0,35.13,34.46,19,2026-01-07T08:50:58Z,backend,prod,CC400,,,,,,,,,,,,,
999716eaffd74350b03e45dd065efd7e,2026-01-11T00:00:00Z/2026-01-11T01:00:00Z,112233445566,2026-01-01T00:00:00Z,2026-02-01T00:00:00Z,AWS,334455667788,Usage,2026-01-11T00:00:00Z,2026-01-11T01:00:00Z,AmazonEC2,USEA-BoxUsage:m5.large,RunInstances,us-east-1c,i-0bd59e2bcd1984002,1.0,4.0,4.0,0.096,0.096,0.100681,0.092968,Hrs,0.096,0.096,Amazon Elastic Compute Cloud,m5.large,2,8 GiB,Linux,us-east-1,AmazonEC2,27.76,28.94,38.37,66,2026-01-08T18:24:15Z,backend,prod,CC400,,,,,,,,,,,,,
3de67f73e85a44739a1d1708a01bf412,2026-01-11T10:00:00Z/2026-01-11T11:00:00Z,112233445566,2026-01-01T00:00:00Z,2026-02-01T00:00:00Z,AWS,334455667788,Usage,2026-01-11T10:00:00Z,2026-01-11T11:00:00Z,AmazonEC2,USEA-BoxUsage:m5.large,RunInstances,us-east-1c,i-0bd59e2bcd1984002,1.0,4.0,4.0,0.096,0.096,0.094505,0.097114,Hrs,0.096,0.096,Amazon Elastic Compute Cloud,m5.large,2,8 GiB,Linux,us-east-1,AmazonEC2,28.34,31.42,37.75,66,2026-01-07T22:18:29Z,backend,prod,CC400,,,,,,,,,,,,,
a466956a5b064fee8cff0edf4c1ba49a,2026-01-11T20:00:00Z/2026-01-11T21:00:00Z,112233445566,2026-01-01T00:00:00Z,2026-02-01T00:00:00Z,AWS,334455667788,Usage,2026-01-11T20:00:00Z,2026-01-11T21:00:00Z,AmazonEC2,USEA-BoxUsage:m5.large,RunInstances,us-east-1c,i-0bd59e2bcd1984002,1.0,4.0,4.0,0.096,0.096,0.100026,0.097115,Hrs,0.096,0.096,Amazon Elastic Compute Cloud,m5.large,2,8 GiB,Linux,us-east-1,AmazonEC2,22.59,31.16,41.67,63,2026-01-08T07:59:27Z,backend,prod,CC400,,,,,,,,,,,,,
2021ceb6b8d843578bf5913835cd4d2f,2026-01-12T06:00:00Z/2026-01-12T07:00:00Z,112233445566,2026-01-01T00:00:00Z,2026-02-01T00:00:00Z,AWS,334455667788,Usage,2026-01-12T06:00:00Z,2026-01-12T07:00:00Z,AmazonEC2,USEA-BoxUsage:m5.large,RunInstances,us-east-1c,i-0bd59e2bcd1984002,1.0,4.0,4.0,0.096,0.096,0.093715,0.099632,Hrs,0.096,0.096,Amazon Elastic Compute Cloud,m5.large,2,8 GiB,Linux,us-east-1,AmazonEC2,24.21,50.78,37.93,51,2026-01-10T06:06:58Z,backend,prod,CC400,,,,,,,,,,,,,
308b4e137b4b490ca9562738b0be8f6b,2026-01-12T16:00:00Z/2026-01-12T17:00:00Z,112233445566,2026-01-01T00:00:00Z,2026-02-01T00:00:00Z,AWS,334455667788,Usage,2026-01-12T16:00:00Z,2026-01-12T17:00:00Z,AmazonEC2,USEA-BoxUsage:m5.large,RunInstances,us-east-1c,i-0bd59e2bcd1984002,1.0,4.0,4.0,0.096,0.096,0.095274,0.100195,Hrs,0.096,0.096,Amazon Elastic Compute Cloud,m5.large,2,8 GiB,Linux,us-east-1,AmazonEC2,35.53,31.88,33.43,22,2026-01-09T10:58:37Z,backend,prod,CC400,,,,,,,,,,,,,
09aac1f1347045ca95cdd7a13ca6d14e,2026-01-13T02:00:00Z/2026-01-13T03:00:00Z,112233445566,2026-01-01T00:00:00Z,2026-02-01T00:00:00Z,AWS,334455667788,Usage,2026-01-13T02:00:00Z,2026-01-13T03:00:00Z,AmazonEC2,USEA-BoxUsage:m5.large,RunInstances,us-east-1c,i-0bd59e2bcd1984002,1.0,4.0,4.0,0.096,0.096,0.097998,0.09902,Hrs,0.096,0.096,Amazon Elastic Compute Cloud,m5.large,2,8 GiB,Linux,us-east-1,AmazonEC2,25.24,36.18,37.49,71,2026-01-09T15:13:04Z,backend,prod,CC400,,,,,,,,,,,,,
706c204c236a4baf9e9dd40af3ff2330,2026-01-13T12:00:00Z/2026-01-13T13:00:00Z,112233445566,2026-01-01T00:00:00Z,2026-02-01T00:00:00Z,AWS,334455667788,Usage,2026-01-13T12:00:00Z,2026-01-13T13:00:00Z,AmazonEC2,USEA-BoxUsage:m5.large,RunInstances,us-east-1c,i-0bd59e2bcd1984002,1.0,4.0,4.0,0.096,0.096,0.097268,0.099328,Hrs,0.096,0.096,Amazon Elastic Compute Cloud,m5.large,2,8 GiB,Linux,us-east-1,AmazonEC2,41.83,42.5,39.07,70,2026-01-09T19:02:11Z,backend,prod,CC400,,,,,,,,,,,,,
7faf3bed15524d2dbdd0623913b24f11,2026-01-13T22:00:00Z/2026-01-13T23:00:00Z,112233445566,2026-01-01T00:00:00Z,2026-02-01T00:00:00Z,AWS,334455667788,Usage,2026-01-13T22:00:00Z,2026-01-13T23:00:00Z,AmazonEC2,USEA-BoxUsage:m5.large,RunInstances,us-east-1c,i-0bd59e2bcd1984002,1.0,4.0,4.0,0.096,0.096,0.094559,0.092792,Hrs,0.096,0.096,Amazon Elastic Compute Cloud,m5.large,2,8 GiB,Linux,us-east-1,AmazonEC2,36.67,46.02,34.87,15,2026-01-10T22:55:28Z,backend,prod,CC400,,,,,,,,,,,,,
27aee551f2c34413839364fe318b9fa2,2026-01-14T08:00:00Z/2026-01-14T09:00:00Z,112233445566,2026-01-01T00:00:00Z,2026-02-01T00:00:00Z,AWS,334455667788,Usage,2026-01-14T08:00:00Z,2026-01-14T09:00:00Z,AmazonEC2,USEA-BoxUsage:m5.large,RunInstances,us-east-1c,i-0bd59e2bcd1984002,1.0,4.0,4.0,0.096,0.096,0.096253,0.09321,Hrs,0.096,0.096,Amazon Elastic Compute Cloud,m5.large,2,8 GiB,Linux,us-east-1,AmazonEC2,24.61,47.81,39.02,19,2026-01-10T14:09:16Z,backend,prod,CC400,,,,,,,,,,,,,
3b91a53e628c4dc0813f91de8223a45e,2026-01-14T18:00:00Z/2026-01-14T19:00:00Z,112233445566,2026-01-01T00:00:00Z,2026-02-01T00:00:00Z,AWS,334455667788,Usage,2026-01-14T18:00:00Z,2026-01-14T19:00:00Z,AmazonEC2,USEA-BoxUsage:m5.large,RunInstances,us-east-1c,i-0bd59e2bcd1984002,1.0,4.0,4.0,0.096,0.096,0.098229,0.095838,Hrs,0.096,0.096,Amazon Elastic Compute Cloud,m5.large,2,8 GiB,Linux,us-east-1,AmazonEC2,24.68,47.98,22.92,44,2026-01-12T09:13:59Z,backend,prod,CC400,,,,,,,,,,,,,
82cb2fb99522432fb114268018882875,2026-01-15T04:00:00Z/2026-01-15T05:00:00Z,112233445566,2026-01-01T00:00:00Z,2026-02-01T00:00:00Z,AWS,334455667788,Usage,2026-01-15T04:00:00Z,2026-01-15T05:00:00Z,AmazonEC2,USEA-BoxUsage:m5.large,RunInstances,us-east-1c,i-0bd59e2bcd1984002,1.0,4.0,4.0,0.096,0.096,0.095026,0.093778,Hrs,0.096,0.096,Amazon Elastic Compute Cloud,m5.large,2,8 GiB,Linux,us-east-1,AmazonEC2,39.66,44.23,21.1,42,2026-01-12T19:13:03Z,backend,prod,CC400,,,,,,,,,,,,,
43e94fcd5f214483ac127ebdfbb2297b,2026-01-15T14:00:00Z/2026-01-15T15:00:00Z,112233445566,2026-01-01T00:00:00Z,2026-02-01T00:00:00Z,AWS,334455667788,Usage,2026-01-15T14:00:00Z,2026-01-15T15:00:00Z,AmazonEC2,USEA-BoxUsage:m5.large,RunInstances,us-east-1c,i-0bd59e2bcd1984002,1.0,4.0,4.0,0.096,0.096,0.093168,0.098659,Hrs,0.096,0.096,Amazon Elastic Compute Cloud,m5.large,2,8 GiB,Linux,us-east-1,AmazonEC2,34.48,43.35,39.68,22,2026-01-13T05:53:27Z,backend,prod,CC400,,,,,,,,,,,,,
be539de18d1141f794126320cea188ec,2026-01-16T00:00:00Z/2026-01-16T01:00:00Z,112233445566,2026-01-01T00:00:00Z,2026-02-01T00:00:00Z,AWS,334455667788,Usage,2026-01-16T00:00:00Z,2026-01-16T01:00:00Z,AmazonEC2,USEA-BoxUsage:m5.large,RunInstances,us-east-1c,i-0bd59e2bcd1984002,1.0,4.0,4.0,0.096,0.096,0.098498,0.095919,Hrs,0.096,0.096,Amazon Elastic Compute Cloud,m5.large,2,8 GiB,Linux,us-east-1,AmazonEC2,32.34,39.32,37.95,61,2026-01-11T21:31:22Z,backend,prod,CC400,,,,,,,,,,,,,
3f5c230afaa044799f68b4e0085de35c,2026-01-16T10:00:00Z/2026-01-16T11:00:00Z,112233445566,2026-01-01T00:00:00Z,2026-02-01T00:00:00Z,AWS,334455667788,Usage,2026-01-16T10:00:00Z,2026-01-16T11:00:00Z,AmazonEC2,USEA-BoxUsage:m5.large,RunInstances,us-east-1c,i-0bd59e2bcd1984002,1.0,4.0,4.0,0.096,0.096,0.099523,0.091656,Hrs,0.096,0.096,Amazon Elastic Compute Cloud,m5.large,2,8 GiB,Linux,us-east-1,AmazonEC2,31.32,38.36,37.13,17,2026-01-11T17:41:37Z,backend,prod,CC400,,,,,,,,,,,,,
871423d639ab45c09e063346ef3cb5b2,2026-01-17T06:00:00Z/2026-01-17T07:00:00Z,112233445566,2026-01-01T00:00:00Z,2026-02-01T00:00:00Z,AWS,334455667788,Usage,2026-01-17T06:00:00Z,2026-01-17T07:00:00Z,AmazonEC2,USEA-BoxUsage:m5.large,RunInstances,us-east-1c,i-0bd59e2bcd1984002,1.0,4.0,4.0,0.096,0.096,0.092337,0.093498,Hrs,0.096,0.096,Amazon Elastic Compute Cloud,m5.large,2,8 GiB,Linux,us-east-1,AmazonEC2,27.11,42.21,38.93,50,2026-01-14T06:09:42Z,backend,prod,CC400,,,,,,,,,,,,,
a110bd3f5bbf4869b646bc48d4469855,2026-01-17T16:00:00Z/2026-01-17T17:00:00Z,112233445566,2026-01-01T00:00:00Z,2026-02-01T00:00:00Z,AWS,334455667788,Usage,2026-01-17T16:00:00Z,2026-01-17T17:00:00Z,AmazonEC2,USEA-BoxUsage:m5.large,RunInstances,us-east-1c,i-0bd59e2bcd1984002,1.0,4.0,4.0,0.096,0.096,0.093395,0.09393,Hrs,0.096,0.096,Amazon Elastic Compute Cloud,m5.large,2,8 GiB,Linux,us-east-1,AmazonEC2,27.76,38.89,37.81,63,2026-01-15T12:14:51Z,backend,prod,CC400,,,,,,,,,,,,,
530a2f70a4ca430f94f7631a68b9cf71,2026-01-18T02:00:00Z/2026-01-18T03:00:00Z,112233445566,2026-01-01T00:00:00Z,2026-02-01T00:00:00Z,AWS,334455667788,Usage,2026-01-18T02:00:00Z,2026-01-18T03:00:00Z,AmazonEC2,USEA-BoxUsage:m5.large,RunInstances,us-east-1c,i-0bd59e2bcd1984002,1.0,4.0,4.0,0.096,0.096,0.094764,0.100058,Hrs,0.096,0.096,Amazon Elastic Compute Cloud,m5.large,2,8 GiB,Linux,us-east-1,AmazonEC2,37.92,40.73,25.98,64,2026-01-16T09:04:08Z,backend,prod,CC400,,,,,,,,,,,,,
41b81140b88649718567a4b1634ee52a,2026-01-18T22:00:00Z/2026-01-18T23:00:00Z,112233445566,2026-01-01T00:00:00Z,2026-02-01T00:00:00Z,AWS,334455667788,Usage,2026-01-18T22:00:00Z,2026-01-18T23:00:00Z,AmazonEC2,USEA-BoxUsage:m5.large,RunInstances,us-east-1c,i-0bd59e2bcd1984002,1.0,4.0,4.0,0.096,0.096,0.099709,0.100261,Hrs,0.096,0.096,Amazon Elastic Compute Cloud,m5.large,2,8 GiB,Linux,us-east-1,AmazonEC2,41.01,44.4,39.33,21,2026-01-14T19:30:07Z,backend,prod,CC400,,,,,,,,,,,,,
ec47eeb5264940a7b02b9bbe8bc1b103,2026-01-19T08:00:00Z/2026-01-19T09:00:00Z,112233445566,2026-01-01T00:00:00Z,2026-02-01T00:00:00Z,AWS,334455667788,Usage,2026-01-19T08:00:00Z,2026-01-19T09:00:00Z,AmazonEC2,USEA-BoxUsage:m5.large,RunInstances,us-east-1c,i-0bd59e2bcd1984002,1.0,4.0,4.0,0.096,0.096,0.092812,0.092779,Hrs,0.096,0.096,Amazon Elastic Compute Cloud,m5.large,2,8 GiB,Linux,us-east-1,AmazonEC2,36.46,39.85,36.29,56,2026-01-15T23:35:47Z,backend,prod,CC400,,,,,,,,,,,,,
ed41ea2564b8444da85afd702322ab3d,2026-01-19T18:00:00Z/2026-01-19T19:00:00Z,112233445566,2026-01-01T00:00:00Z,2026-02-01T00:00:00Z,AWS,334455667788,Usage,2026-01-19T18:00:00Z,2026-01-19T19:00:00Z,AmazonEC2,USEA-BoxUsage:m5.large,RunInstances,us-east-1c,i-0bd59e2bcd1984002,1.0,4.0,4.0,0.096,0.096,0.098607,0.093748,Hrs,0.096,0.096,Amazon Elastic Compute Cloud,m5.large,2,8 GiB,Linux,us-east-1,AmazonEC2,26.96,39.18,39.6,33,2026-01-17T22:31:44Z,backend,prod,CC400,,,,,,,,,,,,,
b109257d06ad4c39ba2eabe49488a9da,2026-01-20T04:00:00Z/2026-01-20T05:00:00Z,112233445566,2026-01-01T00:00:00Z,2026-02-01T00:00:00Z,AWS,334455667788,Usage,2026-01-20T04:00:00Z,2026-01-20T05:00:00Z,AmazonEC2,USEA-BoxUsage:m5.large,RunInstances,us-east-1c,i-0bd59e2bcd1984002,1.0,4.0,4.0,0.096,0.096,0.097547,0.09278,Hrs,0.096,0.096,Amazon Elastic Compute Cloud,m5.large,2,8 GiB,Linux,us-east-1,AmazonEC2,36.77,46.31,19.55,39,2026-01-18T02:51:53Z,backend,prod,CC400,,,,,,,,,,,,,
594dc02d47d3491c894caf95f911f397,2026-01-20T14:00:00Z/2026-01-20T15:00:00Z,112233445566,2026-01-01T00:00:00Z,2026-02-01T00:00:00Z,AWS,334455667788,Usage,2026-01-20T14:00:00Z,2026-01-20T15:00:00Z,AmazonEC2,USEA-BoxUsage:m5.large,RunInstances,us-east-1c,i-0bd59e2bcd1984002,1.0,4.0,4.0,0.096,0.096,0.094042,0.097875,Hrs,0.096,0.096,Amazon Elastic Compute Cloud,m5.large,2,8 GiB,Linux,us-east-1,AmazonEC2,24.98,29.26,28.76,38,2026-01-18T16:07:53Z,backend,prod,CC400,,,,,,,,,,,,,
b7c683fe80dc4454b6a0a1dc6d3f1241,2026-01-21T00:00:00Z/2026-01-21T01:00:00Z,112233445566,2026-01-01T00:00:00Z,2026-02-01T00:00:00Z,AWS,334455667788,Usage,2026-01-21T00:00:00Z,2026-01-21T01:00:00Z,AmazonEC2,USEA-BoxUsage:m5.large,RunInstances,us-east-1c,i-0bd59e2bcd1984002,1.0,4.0,4.0,0.096,0.096,0.10066,0.09518,Hrs,0.096,0.096,Amazon Elastic Compute Cloud,m5.large,2,8 GiB,Linux,us-east-1,AmazonEC2,40.94,46.74,38.53,36,2026-01-18T16:03:48Z,backend,prod,CC400,,,,,,,,,,,,,
8c8e6b33ed154f1dbf28cdb31762c7c3,2026-01-21T10:00:00Z/2026-01-21T11:00:00Z,112233445566,2026-01-01T00:00:00Z,2026-02-01T00:00:00Z,AWS,334455667788,Usage,2026-01-21T10:00:00Z,2026-01-21T11:00:00Z,AmazonEC2,USEA-BoxUsage:m5.large,RunInstances,us-east-1c,i-0bd59e2bcd1984002,1.0,4.0,4.0,0.096,0.096,0.097713,0.095152,Hrs,0.096,0.096,Amazon Elastic Compute Cloud,m5.large,2,8 GiB,Linux,us-east-1,AmazonEC2,33.77,29.63,41.85,51,2026-01-19T10:53:12Z,backend,prod,CC400,,,,,,,,,,,,,
18d5c86e6e9746ada6a36d5e6140c3c1,2026-01-21T20:00:00Z/2026-01-21T21:00:00Z,112233445566,2026-01-01T00:00:00Z,2026-02-01T00:00:00Z,AWS,334455667788,Usage,2026-01-21T20:00:00Z,2026-01-21T21:00:00Z,AmazonEC2,USEA-BoxUsage:m5.large,RunInstances,us-east-1c,i-0bd59e2bcd1984002,1.0,4.0,4.0,0.096,0.096,0.095824,0.092404,Hrs,0.096,0.096,Amazon Elastic Compute Cloud,m5.large,2,8 GiB,Linux,us-east-1,AmazonEC2,38.14,49.98,21.15,47,2026-01-19T17:51:49Z,backend,prod,CC400,,,,,,,,,,,,,
c6efccbeea3e44cfb802233cd527add2,2026-01-22T06:00:00Z/2026-01-22T07:00:00Z,112233445566,2026-01-01T00:00:00Z,2026-02-01T00:00:00Z,AWS,334455667788,Usage,2026-01-22T06:00:00Z,2026-01-22T07:00:00Z,AmazonEC2,USEA-BoxUsage:m5.large,RunInstances,us-east-1c,i-0bd59e2bcd1984002,1.0,4.0,4.0,0.096,0.096,0.098966,0.09644,Hrs,0.096,0.096,Amazon Elastic Compute Cloud,m5.large,2,8 GiB,Linux,us-east-1,AmazonEC2,34.19,47.93,38.84,31,2026-01-18T05:12:26Z,backend,prod,CC400,,,,,,,,,,,,,
ec68be9506a445279455ecc44afc10d7,2026-01-22T16:00:00Z/2026-01-22T17:00:00Z,112233445566,2026-01-01T00:00:00Z,2026-02-01T00:00:00Z,AWS,334455667788,Usage,2026-01-22T16:00:00Z,2026-01-22T17:00:00Z,AmazonEC2,USEA-BoxUsage:m5.large,RunInstances,us-east-1c,i-0bd59e2bcd1984002,1.0,4.0,4.0,0.096,0.096,0.093416,0.098236,Hrs,0.096,0.096,Amazon Elastic Compute Cloud,m5.large,2,8 GiB,Linux,us-east-1,AmazonEC2,28.02,38.22,37.0,30,2026-01-20T01:12:30Z,backend,prod,CC400,,,,,,,,,,,,,
49bc734d2acb4804b9dca89b53cc673a,2026-01-23T02:00:00Z/2026-01-23T03:00:00Z,112233445566,2026-01-01T00:00:00Z,2026-02-01T00:00:00Z,AWS,334455667788,Usage,2026-01-23T02:00:00Z,2026-01-23T03:00:00Z,AmazonEC2,USEA-BoxUsage:m5.large,RunInstances,us-east-1c,i-0bd59e2bcd1984002,1.0,4.0,4.0,0.096,0.096,0.100138,0.093073,Hrs,0.096,0.096,Amazon Elastic Compute Cloud,m5.large,2,8 GiB,Linux,us-east-1,AmazonEC2,33.62,35.89,36.32,46,2026-01-19T11:13:06Z,backend,prod,CC400,,,,,,,,,,,,,
991ee5c753f849abae26fd1196a08973,2026-01-23T12:00:00Z/2026-01-23T13:00:00Z,112233445566,2026-01-01T00:00:00Z,2026-02-01T00:00:00Z,AWS,334455667788,Usage,2026-01-23T12:00:00Z,2026-01-23T13:00:00Z,AmazonEC2,USEA-BoxUsage:m5.large,RunInstances,us-east-1c,i-0bd59e2bcd1984002,1.0,4.0,4.0,0.096,0.096,0.092927,0.091499,Hrs,0.096,0.096,Amazon Elastic Compute Cloud,m5.large,2,8 GiB,Linux,us-east-1,AmazonEC2,41.61,46.77,36.85,21,2026-01-20T01:02:41Z,backend,prod,CC400,,,,,,,,,,,,,
7c5c933c844f407f96fbeb57cec9b5fb,2026-01-23T22:00:00Z/2026-01-23T23:00:00Z,112233445566,2026-01-01T00:00:00Z,2026-02-01T00:00:00Z,AWS,334455667788,Usage,2026-01-23T22:00:00Z,2026-01-23T23:00:00Z,AmazonEC2,USEA-BoxUsage:m5.large,RunInstances,us-east-1c,i-0bd59e2bcd1984002,1.0,4.0,4.0,0.096,0.096,0.096752,0.093799,Hrs,0.096,0.096,Amazon Elastic Compute Cloud,m5.large,2,8 GiB,Linux,us-east-1,AmazonEC2,38.88,45.46,39.46,54,2026-01-22T01:25:13Z,backend,prod,CC400,,,,,,,,,,,,,
3c4d5eda4da04c4db2a931c44896feba,2026-01-24T08:00:00Z/2026-01-24T09:00:00Z,112233445566,2026-01-01T00:00:00Z,2026-02-01T00:00:00Z,AWS,334455667788,Usage,2026-01-24T08:00:00Z,2026-01-24T09:00:00Z,AmazonEC2,USEA-BoxUsage:m5.large,RunInstances,us-east-1c,i-0bd59e2bcd1984002,1.0,4.0,4.0,0.096,0.096,0.098427,0.092124,Hrs,0.096,0.096,Amazon Elastic Compute Cloud,m5.large,2,8 GiB,Linux,us-east-1,AmazonEC2,33.85,36.63,39.65,62,2026-01-22T22:09:00Z,backend,prod,CC400,,,,,,,,,,,,,
ca18b409cd9c41a08e31241420b744e9,2026-01-24T18:00:00Z/2026-01-24T19:00:00Z,112233445566,2026-01-01T00:00:00Z,2026-02-01T00:00:00Z,AWS,334455667788,Usage,2026-01-24T18:00:00Z,2026-01-24T19:00:00Z,AmazonEC2,USEA-BoxUsage:m5.large,RunInstances,us-east-1c,i-0bd59e2bcd1984002,1.0,4.0,4.0,0.096,0.096,0.100719,0.092982,Hrs,0.096,0.096,Amazon Elastic Compute Cloud,m5.large,2,8 GiB,Linux,us-east-1,AmazonEC2,39.68,28.04,40.6,69,2026-01-20T19:33:28Z,backend,prod,CC400,,,,,,,,,,,,,
d33dad2245e342cb9afad92c985940c8,2026-01-25T04:00:00Z/2026-01-25T05:00:00Z,112233445566,2026-01-01T00:00:00Z,2026-02-01T00:00:00Z,AWS,334455667788,Usage,2026-01-25T04:00:00Z,2026-01-25T05:00:00Z,AmazonEC2,USEA-BoxUsage:m5.large,RunInstances,us-east-1c,i-0bd59e2bcd1984002,1.0,4.0,4.0,0.096,0.096,0.09511,0.094384,Hrs,0.096,0.096,Amazon Elastic Compute Cloud,m5.large,2,8 GiB,Linux,us-east-1,AmazonEC2,36.32,33.08,32.61,24,2026-01-22T08:16:45Z,backend,prod,CC400,,,,,,,,,,,,,
44c370763d24408896a33df50a0ada6e,2026-01-25T14:00:00Z/2026-01-25T15:00:00Z,112233445566,2026-01-01T00:00:00Z,2026-02-01T00:00:00Z,AWS,334455667788,Usage,2026-01-25T14:00:00Z,2026-01-25T15:00:00Z,AmazonEC2,USEA-BoxUsage:m5.large,RunInstances,us-east-1c,i-0bd59e2bcd1984002,1.0,4.0,4.0,0.096,0.096,0.096019,0.092347,Hrs,0.096,0.096,Amazon Elastic Compute Cloud,m5.large,2,8 GiB,Linux,us-east-1,AmazonEC2,40.09,43.21,36.48,66,2026-01-23T04:03:26Z,backend,prod,CC400,,,,,,,,,,,,,
8075c624ea8a4033982d3f44f79aedb2,2026-01-26T00:00:00Z/2026-01-26T01:00:00Z,112233445566,2026-01-01T00:00:00Z,2026-02-01T00:00:00Z,AWS,334455667788,Usage,2026-01-26T00:00:00Z,2026-01-26T01:00:00Z,AmazonEC2,USEA-BoxUsage:m5.large,RunInstances,us-east-1c,i-0bd59e2bcd1984002,1.0,4.0,4.0,0.096,0.096,0.092801,0.095441,Hrs,0.096,0.096,Amazon Elastic Compute Cloud,m5.large,2,8 GiB,Linux,us-east-1,AmazonEC2,41.13,48.76,23.5,61,2026-01-21T21:19:13Z,backend,prod,CC400,,,,,,,,,,,,,
5cf2c823341246efb8ce9d95a252d4ba,2026-01-26T10:00:00Z/2026-01-26T11:00:00Z,112233445566,2026-01-01T00:00:00Z,2026-02-01T00:00:00Z,AWS,334455667788,Usage,2026-01-26T10:00:00Z,2026-01-26T11:00:00Z,AmazonEC2,USEA-BoxUsage:m5.large,RunInstances,us-east-1c,i-0bd59e2bcd1984002,1.0,4.0,4.0,0.096,0.096,0.0964,0.094178,Hrs,0.096,0.096,Amazon Elastic Compute Cloud,m5.large,2,8 GiB,Linux,us-east-1,AmazonEC2,41.64,45.65,31.58,53,2026-01-22T20:55:32Z,backend,prod,CC400,,,,,,,,,,,,,
57bda599ed674bfcbab3fe8c782e689a,2026-01-26T20:00:00Z/2026-01-26T21:00:00Z,112233445566,2026-01-01T00:00:00Z,2026-02-01T00:00:00Z,AWS,334455667788,Usage,2026-01-26T20:00:00Z,2026-01-26T21:00:00Z,AmazonEC2,USEA-BoxUsage:m5.large,RunInstances,us-east-1c,i-0bd59e2bcd1984002,1.0,4.0,4.0,0.096,0.096,0.091518,0.099892,Hrs,0.096,0.096,Amazon Elastic Compute Cloud,m5.large,2,8 GiB,Linux,us-east-1,AmazonEC2,34.5,35.07,22.12,60,2026-01-25T00:16:09Z,backend,prod,CC400,,,,,,,,,,,,,
1022344b35cf409ab5b6d8daa3c98d4d,2026-01-27T06:00:00Z/2026-01-27T07:00:00Z,112233445566,2026-01-01T00:00:00Z,2026-02-01T00:00:00Z,AWS,334455667788,Usage,2026-01-27T06:00:00Z,2026-01-27T07:00:00Z,AmazonEC2,USEA-BoxUsage:m5.large,RunInstances,us-east-1c,i-0bd59e2bcd1984002,1.0,4.0,4.0,0.096,0.096,0.094397,0.093312,Hrs,0.096,0.096,Amazon Elastic Compute Cloud,m5.large,2,8 GiB,Linux,us-east-1,AmazonEC2,37.0,45.6,20.23,62,2026-01-24T08:08:05Z,backend,prod,CC400,,,,,,,,,,,,,
03e0596aa0b64a799f50364e86736f38,2026-01-27T16:00:00Z/2026-01-27T17:00:00Z,112233445566,2026-01-01T00:00:00Z,2026-02-01T00:00:00Z,AWS,334455667788,Usage,2026-01-27T16:00:00Z,2026-01-27T17:00:00Z,AmazonEC2,USEA-BoxUsage:m5.large,RunInstances,us-east-1c,i-0bd59e2bcd1984002,1.0,4.0,4.0,0.096,0.096,0.095735,0.094341,Hrs,0.096,0.096,Amazon Elastic Compute Cloud,m5.large,2,8 GiB,Linux,us-east-1,AmazonEC2,36.34,47.46,30.51,36,2026-01-25T06:43:19Z,backend,prod,CC400,,,,,,,,,,,,,
17ec455980a346138fc1b1ab73166243,2026-01-28T02:00:00Z/2026-01-28T03:00:00Z,112233445566,2026-01-01T00:00:00Z,2026-02-01T00:00:00Z,AWS,334455667788,Usage,2026-01-28T02:00:00Z,2026-01-28T03:00:00Z,AmazonEC2,USEA-BoxUsage:m5.large,RunInstances,us-east-1c,i-0bd59e2bcd1984002,1.0,4.0,4.0,0.096,0.096,0.100103,0.094658,Hrs,0.096,0.096,Amazon Elastic Compute Cloud,m5.large,2,8 GiB,Linux,us-east-1,AmazonEC2,32.64,49.4,23.5,46,2026-01-24T03:44:10Z,backend,prod,CC400,,,,,,,,,,,,,
01088cf3211d4d4c93d626b51adb7a24,2026-01-28T12:00:00Z/2026-01-28T13:00:00Z,112233445566,2026-01-01T00:00:00Z,2026-02-01T00:00:00Z,AWS,334455667788,Usage,2026-01-28T12:00:00Z,2026-01-28T13:00:00Z,AmazonEC2,USEA-BoxUsage:m5.large,RunInstances,us-east-1c,i-0bd59e2bcd1984002,1.0,4.0,4.0,0.096,0.096,0.097744,0.099011,Hrs,0.096,0.096,Amazon Elastic Compute Cloud,m5.large,2,8 GiB,Linux,us-east-1,AmazonEC2,37.36,41.88,19.57,58,2026-01-25T20:41:18Z,backend,prod,CC400,,,,,,,,,,,,,
a4554b780bf2451faa209ee255aa14c9,2026-01-28T22:00:00Z/2026-01-28T23:00:00Z,112233445566,2026-01-01T00:00:00Z,2026-02-01T00:00:00Z,AWS,334455667788,Usage,2026-01-28T22:00:00Z,2026-01-28T23:00:00Z,AmazonEC2,USEA-BoxUsage:m5.large,RunInstances,us-east-1c,i-0bd59e2bcd1984002,1.0,4.0,4.0,0.096,0.096,0.094495,0.091203,Hrs,0.096,0.096,Amazon Elastic Compute Cloud,m5.large,2,8 GiB,Linux,us-east-1,AmazonEC2,36.78,46.09,19.47,49,2026-01-24T15:41:47Z,backend,prod,CC400,,,,,,,,,,,,,
9bf317b3b9a24f95a876ce07aec9d7a7,2026-01-29T08:00:00Z/2026-01-29T09:00:00Z,112233445566,2026-01-01T00:00:00Z,2026-02-01T00:00:00Z,AWS,334455667788,Usage,2026-01-29T08:00:00Z,2026-01-29T09:00:00Z,AmazonEC2,USEA-BoxUsage:m5.large,RunInstances,us-east-1c,i-0bd59e2bcd1984002,1.0,4.0,4.0,0.096,0.096,0.095085,0.098048,Hrs,0.096,0.096,Amazon Elastic Compute Cloud,m5.large,2,8 GiB,Linux,us-east-1,AmazonEC2,41.31,43.54,38.23,34,2026-01-27T03:00:32Z,backend,prod,CC400,,,,,,,,,,,,,
1f3dc6ce1a6a4ee79ccb3b8fd71edbc4,2026-01-29T18:00:00Z/2026-01-29T19:00:00Z,112233445566,2026-01-01T00:00:00Z,2026-02-01T00:00:00Z,AWS,334455667788,Usage,2026-01-29T18:00:00Z,2026-01-29T19:00:00Z,AmazonEC2,USEA-BoxUsage:m5.large,RunInstances,us-east-1c,i-0bd59e2bcd1984002,1.0,4.0,4.0,0.096,0.096,0.092104,0.09125,Hrs,0.096,0.096,Amazon Elastic Compute Cloud,m5.large,2,8 GiB,Linux,us-east-1,AmazonEC2,32.3,49.92,34.77,29,2026-01-26T20:55:42Z,backend,prod,CC400,,,,,,,,,,,,,
91508269c0314290a76bea60835ad0ad,2026-01-30T04:00:00Z/2026-01-30T05:00:00Z,112233445566,2026-01-01T00:00:00Z,2026-02-01T00:00:00Z,AWS,334455667788,Usage,2026-01-30T04:00:00Z,2026-01-30T05:00:00Z,AmazonEC2,USEA-BoxUsage:m5.large,RunInstances,us-east-1c,i-0bd59e2bcd1984002,1.0,4.0,4.0,0.096,0.096,0.092333,0.092838,Hrs,0.096,0.096,Amazon Elastic Compute Cloud,m5.large,2,8 GiB,Linux,us-east-1,AmazonEC2,32.15,34.7,27.52,32,2026-01-28T10:49:01Z,backend,prod,CC400,,,,,,,,,,,,,
76392685aeec4094aa4ffad441e9c195,2026-01-30T14:00:00Z/2026-01-30T15:00:00Z,112233445566,2026-01-01T00:00:00Z,2026-02-01T00:00:00Z,AWS,334455667788,Usage,2026-01-30T14:00:00Z,2026-01-30T15:00:00Z,AmazonEC2,USEA-BoxUsage:m5.large,RunInstances,us-east-1c,i-0bd59e2bcd1984002,1.0,4.0,4.0,0.096,0.096,0.099101,0.098263,Hrs,0.096,0.096,Amazon Elastic Compute Cloud,m5.large,2,8 GiB,Linux,us-east-1,AmazonEC2,28.67,29.46,18.7,45,2026-01-27T09:04:57Z,backend,prod,CC400,,,,,,,,,,,,,
a566597eb8a34d37935ddb727b958601,2026-01-01T00:00:00Z/2026-01-01T01:00:00Z,112233445566,2026-01-01T00:00:00Z,2026-02-01T00:00:00Z,AWS,334455667788,SavingsPlanCoveredUsage,2026-01-01T00:00:00Z,2026-01-01T01:00:00Z,AmazonEC2,USEA-BoxUsage:m5.large,RunInstances,us-east-1c,i-0bb0dc65122fe44ad,1.0,4.0,4.0,0.096,0.096,0.070051,0.070051,Hrs,0.096,0.096,Amazon Elastic Compute Cloud,m5.large,2,8 GiB,Linux,us-east-1,AmazonEC2,32.95,38.99,35.99,38,2025-12-30T08:55:11Z,backend,prod,CC400,,,,,,,,arn:aws:savingsplans::334455667788:savingsplan/95b865dd-258c-4c4a-a935-3b56b059226c,0.070051,0.070051,0.070051,,
feca40b0813447e0ad65fa3c8c4fd9be,2026-01-01T10:00:00Z/2026-01-01T11:00:00Z,112233445566,2026-01-01T00:00:00Z,2026-02-01T00:00:00Z,AWS,334455667788,SavingsPlanCoveredUsage,2026-01-01T10:00:00Z,2026-01-01T11:00:00Z,AmazonEC2,USEA-BoxUsage:m5.large,RunInstances,us-east-1c,i-0bb0dc65122fe44ad,1.0,4.0,4.0,0.096,0.096,0.066778,0.066778,Hrs,0.096,0.096,Amazon Elastic Compute Cloud,m5.large,2,8 GiB,Linux,us-east-1,AmazonEC2,35.56,37.05,27.19,36,2025-12-29T16:06:59Z,backend,prod,CC400,,,,,,,,arn:aws:savingsplans::334455667788:savingsplan/95b865dd-258c-4c4a-a935-3b56b059226c,0.066778,0.066778,0.066778,,
8529e3aa5cf141b7bb9a8f4611b6219f,2026-01-01T20:00:00Z/2026-01-01T21:00:00Z,112233445566,2026-01-01T00:00:00Z,2026-02-01T00:00:00Z,AWS,334455667788,SavingsPlanCoveredUsage,2026-01-01T20:00:00Z,2026-01-01T21:00:00Z,AmazonEC2,USEA-BoxUsage:m5.large,RunInstances,us-east-1c,i-0bb0dc65122fe44ad,1.0,4.0,4.0,0.096,0.096,0.070446,0.070446,Hrs,0.096,0.096,Amazon Elastic Compute Cloud,m5.large,2,8 GiB,Linux,us-east-1,AmazonEC2,31.34,46.14,38.65,54,2025-12-30T21:16:27Z,backend,prod,CC400,,,,,,,,arn:aws:savingsplans::334455667788:savingsplan/95b865dd-258c-4c4a-a935-3b56b059226c,0.070446,0.070446,0.070446,,
e9d34a69db5f4f8d826ab49cc88e96cd,2026-01-02T06:00:00Z/2026-01-02T07:00:00Z,112233445566,2026-01-01T00:00:00Z,2026-02-01T00:00:00Z,AWS,334455667788,SavingsPlanCoveredUsage,2026-01-02T06:00:00Z,2026-01-02T07:00:00Z,AmazonEC2,USEA-BoxUsage:m5.large,RunInstances,us-east-1c,i-0bb0dc65122fe44ad,1.0,4.0,4.0,0.096,0.096,0.070606,0.070606,Hrs,0.096,0.096,Amazon Elastic Compute Cloud,m5.large,2,8 GiB,Linux,us-east-1,AmazonEC2,28.22,40.59,24.37,32,2026-01-01T00:35:23Z,backend,prod,CC400,,,,,,,,arn:aws:savingsplans::334455667788:savingsplan/95b865dd-258c-4c4a-a935-3b56b059226c,0.070606,0.070606,0.070606,,
36f61c1045f4495cac0d59f8d56314ee,2026-01-02T16:00:00Z/2026-01-02T17:00:00Z,112233445566,2026-01-01T00:00:00Z,2026-02-01T00:00:00Z,AWS,334455667788,SavingsPlanCoveredUsage,2026-01-02T16:00:00Z,2026-01-02T17:00:00Z,AmazonEC2,USEA-BoxUsage:m5.large,RunInstances,us-east-1c,i-0bb0dc65122fe44ad,1.0,4.0,4.0,0.096,0.096,0.063646,0.063646,Hrs,0.096,0.096,Amazon Elastic Compute Cloud,m5.large,2,8 GiB,Linux,us-east-1,AmazonEC2,24.07,46.6,35.81,34,2026-01-01T03:59:45Z,backend,prod,CC400,,,,,,,,arn:aws:savingsplans::334455667788:savingsplan/95b865dd-258c-4c4a-a935-3b56b059226c,0.063646,0.063646,0.063646,,
783b0b46145d431ca46542a76fdf1c05,2026-01-03T02:00:00Z/2026-01-03T03:00:00Z,112233445566,2026-01-01T00:00:00Z,2026-02-01T00:00:00Z,AWS,334455667788,SavingsPlanCoveredUsage,2026-01-03T02:00:00Z,2026-01-03T03:00:00Z,AmazonEC2,USEA-BoxUsage:m5.large,RunInstances,us-east-1c,i-0bb0dc65122fe44ad,1.0,4.0,4.0,0.096,0.096,0.065814,0.065814,Hrs,0.096,0.096,Amazon Elastic Compute Cloud,m5.large,2,8 GiB,Linux,us-east-1,AmazonEC2,26.12,36.31,38.11,44,2025-12-30T04:03:12Z,backend,prod,CC400,,,,,,,,arn:aws:savingsplans::334455667788:savingsplan/95b865dd-258c-4c4a-a935-3b56b059226c,0.065814,0.065814,0.065814,,
14f0698522cc4232a732e1efd5f705f2,2026-01-03T12:00:00Z/2026-01-03T13:00:00Z,112233445566,2026-01-01T00:00:00Z,2026-02-01T00:00:00Z,AWS,334455667788,SavingsPlanCoveredUsage,2026-01-03T12:00:00Z,2026-01-03T13:00:00Z,AmazonEC2,USEA-BoxUsage:m5.large,RunInstances,us-east-1c,i-0bb0dc65122fe44ad,1.0,4.0,4.0,0.096,0.096,0.066392,0.066392,Hrs,0.096,0.096,Amazon Elastic Compute Cloud,m5.large,2,8 GiB,Linux,us-east-1,AmazonEC2,31.8,49.97,32.62,63,2025-12-31T17:38:01Z,backend,prod,CC400,,,,,,,,arn:aws:savingsplans::334455667788:savingsplan/95b865dd-258c-4c4a-a935-3b56b059226c,0.066392,0.066392,0.066392,,
cd9bc9f2496142b28d3ca88d49e22b1e,2026-01-03T22:00:00Z/2026-01-03T23:00:00Z,112233445566,2026-01-01T00:00:00Z,2026-02-01T00:00:00Z,AWS,334455667788,SavingsPlanCoveredUsage,2026-01-03T22:00:00Z,2026-01-03T23:00:00Z,AmazonEC2,USEA-BoxUsage:m5.large,RunInstances,us-east-1c,i-0bb0dc65122fe44ad,1.0,4.0,4.0,0.096,0.096,0.069191,0.069191,Hrs,0.096,0.096,Amazon Elastic Compute Cloud,m5.large,2,8 GiB,Linux,us-east-1,AmazonEC2,34.39,43.86,28.28,34,2026-01-01T12:18:00Z,backend,prod,CC400,,,,,,,,arn:aws:savingsplans::334455667788:savingsplan/95b865dd-258c-4c4a-a935-3b56b059226c,0.069191,0.069191,0.069191,,
ca996ef01c164e7282240d5da9ed8cc2,2026-01-04T08:00:00Z/2026-01-04T09:00:00Z,112233445566,2026-01-01T00:00:00Z,2026-02-01T00:00:00Z,AWS,334455667788,SavingsPlanCoveredUsage,2026-01-04T08:00:00Z,2026-01-04T09:00:00Z,AmazonEC2,USEA-BoxUsage:m5.large,RunInstances,us-east-1c,i-0bb0dc65122fe44ad,1.0,4.0,4.0,0.096,0.096,0.064504,0.064504,Hrs,0.096,0.096,Amazon Elastic Compute Cloud,m5.large,2,8 GiB,Linux,us-east-1,AmazonEC2,31.57,46.46,26.67,27,2026-01-01T23:19:08Z,backend,prod,CC400,,,,,,,,arn:aws:savingsplans::334455667788:savingsplan/95b865dd-258c-4c4a-a935-3b56b059226c,0.064504,0.064504,0.064504,,
ae2a995557b84abc88874d16f16d8e22,2026-01-04T18:00:00Z/2026-01-04T19:00:00Z,112233445566,2026-01-01T00:00:00Z,2026-02-01T00:00:00Z,AWS,334455667788,SavingsPlanCoveredUsage,2026-01-04T18:00:00Z,2026-01-04T19:00:00Z,AmazonEC2,USEA-BoxUsage:m5.large,RunInstances,us-east-1c,i-0bb0dc65122fe44ad,1.0,4.0,4.0,0.096,0.096,0.066997,0.066997,Hrs,0.096,0.096,Amazon Elastic Compute Cloud,m5.large,2,8 GiB,Linux,us-east-1,AmazonEC2,33.64,41.2,24.76,27,2025-12-31T09:58:00Z,backend,prod,CC400,,,,,,,,arn:aws:savingsplans::334455667788:savingsplan/95b865dd-258c-4c4a-a935-3b56b059226c,0.066997,0.066997,0.066997,,
168ea2e54bdc4453b65f0e2aa106d6cf,2026-01-05T04:00:00Z/2026-01-05T05:00:00Z,112233445566,2026-01-01T00:00:00Z,2026-02-01T00:00:00Z,AWS,334455667788,SavingsPlanCoveredUsage,2026-01-05T04:00:00Z,2026-01-05T05:00:00Z,AmazonEC2,USEA-BoxUsage:m5.large,RunInstances,us-east-1c,i-0bb0dc65122fe44ad,1.0,4.0,4.0,0.096,0.096,0.062618,0.062618,Hrs,0.096,0.096,Amazon Elastic Compute Cloud,m5.large,2,8 GiB,Linux,us-east-1,AmazonEC2,25.17,47.21,40.36,60,2026-01-02T03:58:02Z,backend,prod,CC400,,,,,,,,arn:aws:savingsplans::334455667788:savingsplan/95b865dd-258c-4c4a-a935-3b56b059226c,0.062618,0.062618,0.062618,,
3acdb75d6e33416baddf7499f11c586d,2026-01-05T14:00:00Z/2026-01-05T15:00:00Z,112233445566,2026-01-01T00:00:00Z,2026-02-01T00:00:00Z,AWS,334455667788,SavingsPlanCoveredUsage,2026-01-05T14:00:00Z,2026-01-05T15:00:00Z,AmazonEC2,USEA-BoxUsage:m5.large,RunInstances,us-east-1c,i-0bb0dc65122fe44ad,1.0,4.0,4.0,0.096,0.096,0.062903,0.062903,Hrs,0.096,0.096,Amazon Elastic Compute Cloud,m5.large,2,8 GiB,Linux,us-east-1,AmazonEC2,24.85,38.82,29.58,23,2026-01-02T15:29:00Z,backend,prod,CC400,,,,,,,,arn:aws:savingsplans::334455667788:savingsplan/95b865dd-258c-4c4a-a935-3b56b059226c,0.062903,0.062903,0.062903,,
8b69e8522c6c4c4e948946c679ca24dc,2026-01-06T00:00:00Z/2026-01-06T01:00:00Z,112233445566,2026-01-01T00:00:00Z,2026-02-01T00:00:00Z,AWS,334455667788,SavingsPlanCoveredUsage,2026-01-06T00:00:00Z,2026-01-06T01:00:00Z,AmazonEC2,USEA-BoxUsage:m5.large,RunInstances,us-east-1c,i-0bb0dc65122fe44ad,1.0,4.0,4.0,0.096,0.096,0.06469,0.06469,Hrs,0.096,0.096,Amazon Elastic Compute Cloud,m5.large,2,8 GiB,Linux,us-east-1,AmazonEC2,35.3,43.31,19.65,37,2026-01-03T21:00:46Z,backend,prod,CC400,,,,,,,,arn:aws:savingsplans::334455667788:savingsplan/95b865dd-258c-4c4a-a935-3b56b059226c,0.06469,0.06469,0.06469,,
4276a7d91e7a49998aa5dd828c237103,2026-01-06T10:00:00Z/2026-01-06T11:00:00Z,112233445566,2026-01-01T00:00:00Z,2026-02-01T00:00:00Z,AWS,334455667788,SavingsPlanCoveredUsage,2026-01-06T10:00:00Z,2026-01-06T11:00:00Z,AmazonEC2,USEA-BoxUsage:m5.large,RunInstances,us-east-1c,i-0bb0dc65122fe44ad,1.0,4.0,4.0,0.096,0.096,0.069717,0.069717,Hrs,0.096,0.096,Amazon Elastic Compute Cloud,m5.large,2,8 GiB,Linux,us-east-1,AmazonEC2,30.06,32.94,27.43,53,2026-01-02T15:14:49Z,backend,prod,CC400,,,,,,,,arn:aws:savingsplans::334455667788:savingsplan/95b865dd-258c-4c4a-a935-3b56b059226c,0.069717,0.069717,0.069717,,
5c6e76674d844e1c983ab8981ece89ad,2026-01-06T20:00:00Z/2026-01-06T21:00:00Z,112233445566,2026-01-01T00:00:00Z,2026-02-01T00:00:00Z,AWS,334455667788,SavingsPlanCoveredUsage,2026-01-06T20:00:00Z,2026-01-06T21:00:00Z,AmazonEC2,USEA-BoxUsage:m5.large,RunInstances,us-east-1c,i-0bb0dc65122fe44ad,1.0,4.0,4.0,0.096,0.096,0.067705,0.067705,Hrs,0.096,0.096,Amazon Elastic Compute Cloud,m5.large,2,8 GiB,Linux,us-east-1,AmazonEC2,28.32,49.71,20.37,33,2026-01-02T22:23:17Z,backend,prod,CC400,,,,,,,,arn:aws:savingsplans::334455667788:savingsplan/95b865dd-258c-4c4a-a935-3b56b059226c,0.067705,0.067705,0.067705,,
2fc264ecf98a4651841779bcf5c9ad57,2026-01-07T06:00:00Z/2026-01-07T07:00:00Z,112233445566,2026-01-01T00:00:00Z,2026-02-01T00:00:00Z,AWS,334455667788,SavingsPlanCoveredUsage,2026-01-07T06:00:00Z,2026-01-07T07:00:00Z,AmazonEC2,USEA-BoxUsage:m5.large,RunInstances,us-east-1c,i-0bb0dc65122fe44ad,1.0,4.0,4.0,0.096,0.096,0.071924,0.071924,Hrs,0.096,0.096,Amazon Elastic Compute Cloud,m5.large,2,8 GiB,Linux,us-east-1,AmazonEC2,34.18,42.44,31.69,20,2026-01-02T17:07:43Z,backend,prod,CC400,,,,,,,,arn:aws:savingsplans::334455667788:savingsplan/95b865dd-258c-4c4a-a935-3b56b059226c,0.071924,0.071924,0.071924,,
9b698d4f136e493ca93f021945a137fa,2026-01-07T16:00:00Z/2026-01-07T17:00:00Z,112233445566,2026-01-01T00:00:00Z,2026-02-01T00:00:00Z,AWS,334455667788,SavingsPlanCoveredUsage,2026-01-07T16:00:00Z,2026-01-07T17:00:00Z,AmazonEC2,USEA-BoxUsage:m5.large,RunInstances,us-east-1c,i-0bb0dc65122fe44ad,1.0,4.0,4.0,0.096,0.096,0.063075,0.063075,Hrs,0.096,0.096,Amazon Elastic Compute Cloud,m5.large,2,8 GiB,Linux,us-east-1,AmazonEC2,23.41,47.3,27.17,48,2026-01-04T04:52:34Z,backend,prod,CC400,,,,,,,,arn:aws:savingsplans::334455667788:savingsplan/95b865dd-258c-4c4a-a935-3b56b059226c,0.063075,0.063075,0.063075,,
8746f77f6a4f40a6b885487f3be5cba2,2026-01-08T02:00:00Z/2026-01-08T03:00:00Z,112233445566,2026-01-01T00:00:00Z,2026-02-01T00:00:00Z,AWS,334455667788,SavingsPlanCoveredUsage,2026-01-08T02:00:00Z,2026-01-08T03:00:00Z,AmazonEC2,USEA-BoxUsage:m5.large,RunInstances,us-east-1c,i-0bb0dc65122fe44ad,1.0,4.0,4.0,0.096,0.096,0.069776,0.069776,Hrs,0.096,0.096,Amazon Elastic Compute Cloud,m5.large,2,8 GiB,Linux,us-east-1,AmazonEC2,35.58,50.16,25.73,62,2026-01-04T08:38:30Z,backend,prod,CC400,,,,,,,,arn:aws:savingsplans::334455667788:savingsplan/95b865dd-258c-4c4a-a935-3b56b059226c,0.069776,0.069776,0.069776,,
ff026a8f085d425ebe655e58f9fac0a1,2026-01-08T12:00:00Z/2026-01-08T13:00:00Z,112233445566,2026-01-01T00:00:00Z,2026-02-01T00:00:00Z,AWS,334455667788,SavingsPlanCoveredUsage,2026-01-08T12:00:00Z,2026-01-08T13:00:00Z,AmazonEC2,USEA-BoxUsage:m5.large,RunInstances,us-east-1c,i-0bb0dc65122fe44ad,1.0,4.0,4.0,0.096,0.096,0.070344,0.070344,Hrs,0.096,0.096,Amazon Elastic Compute Cloud,m5.large,2,8 GiB,Linux,us-east-1,AmazonEC2,35.34,35.46,35.53,15,2026-01-04T15:04:14Z,backend,prod,CC400,,,,,,,,arn:aws:savingsplans::334455667788:savingsplan/95b865dd-258c-4c4a-a935-3b56b059226c,0.070344,0.070344,0.070344,,
36b345073e5d48aeb7a6f600f2ee551d,2026-01-08T22:00:00Z/2026-01-08T23:00:00Z,112233445566,2026-01-01T00:00:00Z,2026-02-01T00:00:00Z,AWS,334455667788,SavingsPlanCoveredUsage,2026-01-08T22:00:00Z,2026-01-08T23:00:00Z,AmazonEC2,USEA-BoxUsage:m5.large,RunInstances,us-east-1c,i-0bb0dc65122fe44ad,1.0,4.0,4.0,0.096,0.096,0.070752,0.070752,Hrs,0.096,0.096,Amazon Elastic Compute Cloud,m5.large,2,8 GiB,Linux,us-east-1,AmazonEC2,28.81,33.0,32.62,38,2026-01-05T09:47:16Z,backend,prod,CC400,,,,,,,,arn:aws:savingsplans::334455667788:savingsplan/95b865dd-258c-4c4a-a935-3b56b059226c,0.070752,0.070752,0.070752,,
36c54bb8ee244ae4ad57aa52e05e1ce5,2026-01-09T08:00:00Z/2026-01-09T09:00:00Z,112233445566,2026-01-01T00:00:00Z,2026-02-01T00:00:00Z,AWS,334455667788,SavingsPlanCoveredUsage,2026-01-09T08:00:00Z,2026-01-09T09:00:00Z,AmazonEC2,USEA-BoxUsage:m5.large,RunInstances,us-east-1c,i-0bb0dc65122fe44ad,1.0,4.0,4.0,0.096,0.096,0.063608,0.063608,Hrs,0.096,0.096,Amazon Elastic Compute Cloud,m5.large,2,8 GiB,Linux,us-east-1,AmazonEC2,36.36,42.35,36.74,20,2026-01-06T02:03:03Z,backend,prod,CC400,,,,,,,,arn:aws:savingsplans::334455667788:savingsplan/95b865dd-258c-4c4a-a935-3b56b059226c,0.063608,0.063608,0.063608,,
f9583027826b4a5aa9e91e5a4304852b,2026-01-09T18:00:00Z/2026-01-09T19:00:00Z,112233445566,2026-01-01T00:00:00Z,2026-02-01T00:00:00Z,AWS,334455667788,SavingsPlanCoveredUsage,2026-01-09T18:00:00Z,2026-01-09T19:00:00Z,AmazonEC2,USEA-BoxUsage:m5.large,RunInstances,us-east-1c,i-0bb0dc65122fe44ad,1.0,4.0,4.0,0.096,0.096,0.070948,0.070948,Hrs,0.096,0.096,Amazon Elastic Compute Cloud,m5.large,2,8 GiB,Linux,us-east-1,AmazonEC2,31.68,49.99,22.0,32,2026-01-07T23:15:21Z,backend,prod,CC400,,,,,,,,arn:aws:savingsplans::334455667788:savingsplan/95b865dd-258c-4c4a-a935-3b56b059226c,0.070948,0.070948,0.070948,,
4f99c2bd80f34a939b43e12bac91ca74,2026-01-10T04:00:00Z/2026-01-10T05:00:00Z,112233445566,2026-01-01T00:00:00Z,2026-02-01T00:00:00Z,AWS,334455667788,SavingsPlanCoveredUsage,2026-01-10T04:00:00Z,2026-01-10T05:00:00Z,AmazonEC2,USEA-BoxUsage:m5.large,RunInstances,us-east-1c,i-0bb0dc65122fe44ad,1.0,4.0,4.0,0.096,0.096,0.070824,0.070824,Hrs,0.096,0.096,Amazon Elastic Compute Cloud,m5.large,2,8 GiB,Linux,us-east-1,AmazonEC2,28.03,49.59,40.08,33,2026-01-08T20:18:36Z,backend,prod,CC400,,,,,,,,arn:aws:savingsplans::334455667788:savingsplan/95b865dd-258c-4c4a-a935-3b56b059226c,0.070824,0.070824,0.070824,,
c6f046d8f5274e74aec4641a4a831098,2026-01-10T14:00:00Z/2026-01-10T15:00:00Z,112233445566,2026-01-01T00:00:00Z,2026-02-01T00:00:00Z,AWS,334455667788,SavingsPlanCoveredUsage,2026-01-10T14:00:00Z,2026-01-10T15:00:00Z,AmazonEC2,USEA-BoxUsage:m5.large,RunInstances,us-east-1c,i-0bb0dc65122fe44ad,1.0,4.0,4.0,0.096,0.096,0.065346,0.065346,Hrs,0.096,0.096,Amazon Elastic Compute Cloud,m5.large,2,8 GiB,Linux,us-east-1,AmazonEC2,25.05,31.75,22.62,35,2026-01-09T04:57:51Z,backend,prod,CC400,,,,,,,,arn:aws:savingsplans::334455667788:savingsplan/95b865dd-258c-4c4a-a935-3b56b059226c,0.065346,0.065346,0.065346,,
cf0f89be35844aff888c94b7e600295b,2026-01-11T00:00:00Z/2026-01-11T01:00:00Z,112233445566,2026-01-01T00:00:00Z,2026-02-01T00:00:00Z,AWS,334455667788,SavingsPlanCoveredUsage,2026-01-11T00:00:00Z,2026-01-11T01:00:00Z,AmazonEC2,USEA-BoxUsage:m5.large,RunInstances,us-east-1c,i-0bb0dc65122fe44ad,1.0,4.0,4.0,0.096,0.096,0.067562,0.067562,Hrs,0.096,0.096,Amazon Elastic Compute Cloud,m5.large,2,8 GiB,Linux,us-east-1,AmazonEC2,40.53,37.52,37.57,60,2026-01-06T13:27:35Z,backend,prod,CC400,,,,,,,,arn:aws:savingsplans::334455667788:savingsplan/95b865dd-258c-4c4a-a935-3b56b059226c,0.067562,0.067562,0.067562,,
816ac3ae737b4f3297ef55b5b6a429b9,2026-01-11T10:00:00Z/2026-01-11T11:00:00Z,112233445566,2026-01-01T00:00:00Z,2026-02-01T00:00:00Z,AWS,334455667788,SavingsPlanCoveredUsage,2026-01-11T10:00:00Z,2026-01-11T11:00:00Z,AmazonEC2,USEA-BoxUsage:m5.large,RunInstances,us-east-1c,i-0bb0dc65122fe44ad,1.0,4.0,4.0,0.096,0.096,0.065665,0.065665,Hrs,0.096,0.096,Amazon Elastic Compute Cloud,m5.large,2,8 GiB,Linux,us-east-1,AmazonEC2,27.39,29.64,37.18,15,2026-01-07T10:23:25Z,backend,prod,CC400,,,,,,,,arn:aws:savingsplans::334455667788:savingsplan/95b865dd-258c-4c4a-a935-3b56b059226c,0.065665,0.065665,0.065665,,
7d2cdf41a7eb4883be1825e50c7008ce,2026-01-11T20:00:00Z/2026-01-11T21:00:00Z,112233445566,2026-01-01T00:00:00Z,2026-02-01T00:00:00Z,AWS,334455667788,SavingsPlanCoveredUsage,2026-01-11T20:00:00Z,2026-01-11T21:00:00Z,AmazonEC2,USEA-BoxUsage:m5.large,RunInstances,us-east-1c,i-0bb0dc65122fe44ad,1.0,4.0,4.0,0.096,0.096,0.071547,0.071547,Hrs,0.096,0.096,Amazon Elastic Compute Cloud,m5.large,2,8 GiB,Linux,us-east-1,AmazonEC2,32.49,50.17,31.63,65,2026-01-08T12:52:33Z,backend,prod,CC400,,,,,,,,arn:aws:savingsplans::334455667788:savingsplan/95b865dd-258c-4c4a-a935-3b56b059226c,0.071547,0.071547,0.071547,,
b85ba7d7ba5e4a3aaf86b7e410f71638,2026-01-12T06:00:00Z/2026-01-12T07:00:00Z,112233445566,2026-01-01T00:00:00Z,2026-02-01T00:00:00Z,AWS,334455667788,SavingsPlanCoveredUsage,2026-01-12T06:00:00Z,2026-01-12T07:00:00Z,AmazonEC2,USEA-BoxUsage:m5.large,RunInstances,us-east-1c,i-0bb0dc65122fe44ad,1.0,4.0,4.0,0.096,0.096,0.065721,0.065721,Hrs,0.096,0.096,Amazon Elastic Compute Cloud,m5.large,2,8 GiB,Linux,us-east-1,AmazonEC2,31.91,32.53,34.07,50,2026-01-10T22:10:04Z,backend,prod,CC400,,,,,,,,arn:aws:savingsplans::334455667788:savingsplan/95b865dd-258c-4c4a-a935-3b56b059226c,0.065721,0.065721,0.065721,,
7c2173ee86674cee8cacb08e8b2b899c,2026-01-12T16:00:00Z/2026-01-12T17:00:00Z,112233445566,2026-01-01T00:00:00Z,2026-02-01T00:00:00Z,AWS,334455667788,SavingsPlanCoveredUsage,2026-01-12T16:00:00Z,2026-01-12T17:00:00Z,AmazonEC2,USEA-BoxUsage:m5.large,RunInstances,us-east-1c,i-0bb0dc65122fe44ad,1.0,4.0,4.0,0.096,0.096,0.06622,0.06622,Hrs,0.096,0.096,Amazon Elastic Compute Cloud,m5.large,2,8 GiB,Linux,us-east-1,AmazonEC2,25.13,48.5,21.91,59,2026-01-10T12:13:59Z,backend,prod,CC400,,,,,,,,arn:aws:savingsplans::334455667788:savingsplan/95b865dd-258c-4c4a-a935-3b56b059226c,0.06622,0.06622,0.06622,,
5f8aa6d64417496cbc8054ba85ae8c18,2026-01-13T02:00:00Z/2026-01-13T03:00:00Z,112233445566,2026-01-01T00:00:00Z,2026-02-01T00:00:00Z,AWS,334455667788,SavingsPlanCoveredUsage,2026-01-13T02:00:00Z,2026-01-13T03:00:00Z,AmazonEC2,USEA-BoxUsage:m5.large,RunInstances,us-east-1c,i-0bb0dc65122fe44ad,1.0,4.0,4.0,0.096,0.096,0.069297,0.069297,Hrs,0.096,0.096,Amazon Elastic Compute Cloud,m5.large,2,8 GiB,Linux,us-east-1,AmazonEC2,30.0,47.85,31.31,55,2026-01-09T08:22:53Z,backend,prod,CC400,,,,,,,,arn:aws:savingsplans::334455667788:savingsplan/95b865dd-258c-4c4a-a935-3b56b059226c,0.069297,0.069297,0.069297,,
193f2405a1bc4e91a0b587c2e6755ed9,2026-01-13T12:00:00Z/2026-01-13T13:00:00Z,112233445566,2026-01-01T00:00:00Z,2026-02-01T00:00:00Z,AWS,334455667788,SavingsPlanCoveredUsage,2026-01-13T12:00:00Z,2026-01-13T13:00:00Z,AmazonEC2,USEA-BoxUsage:m5.large,RunInstances,us-east-1c,i-0bb0dc65122fe44ad,1.0,4.0,4.0,0.096,0.096,0.070711,0.070711,Hrs,0.096,0.096,Amazon Elastic Compute Cloud,m5.large,2,8 GiB,Linux,us-east-1,AmazonEC2,31.9,29.79,30.96,30,2026-01-11T23:16:12Z,backend,prod,CC400,,,,,,,,arn:aws:savingsplans::334455667788:savingsplan/95b865dd-258c-4c4a-a935-3b56b059226c,0.070711,0.070711,0.070711,,
5f6e86e4bc734b4a9eb4d4d61c4c0a0c,2026-01-13T22:00:00Z/2026-01-13T23:00:00Z,112233445566,2026-01-01T00:00:00Z,2026-02-01T00:00:00Z,AWS,334455667788,SavingsPlanCoveredUsage,2026-01-13T22:00:00Z,2026-01-13T23:00:00Z,AmazonEC2,USEA-BoxUsage:m5.large,RunInstances,us-east-1c,i-0bb0dc65122fe44ad,1.0,4.0,4.0,0.096,0.096,0.066858,0.066858,Hrs,0.096,0.096,Amazon Elastic Compute Cloud,m5.large,2,8 GiB,Linux,us-east-1,AmazonEC2,25.4,40.47,27.32,31,2026-01-11T13:04:21Z,backend,prod,CC400,,,,,,,,arn:aws:savingsplans::334455667788:savingsplan/95b865dd-258c-4c4a-a935-3b56b059226c,0.066858,0.066858,0.066858,,
13b7e809b0ec45889926b40470c2c01b,2026-01-14T08:00:00Z/2026-01-14T09:00:00Z,112233445566,2026-01-01T00:00:00Z,2026-02-01T00:00:00Z,AWS,334455667788,SavingsPlanCoveredUsage,2026-01-14T08:00:00Z,2026-01-14T09:00:00Z,AmazonEC2,USEA-BoxUsage:m5.large,RunInstances,us-east-1c,i-0bb0dc65122fe44ad,1.0,4.0,4.0,0.096,0.096,0.066546,0.066546,Hrs,0.096,0.096,Amazon Elastic Compute Cloud,m5.large,2,8 GiB,Linux,us-east-1,AmazonEC2,23.38,39.91,26.02,22,2026-01-10T16:19:25Z,backend,prod,CC400,,,,,,,,arn:aws:savingsplans::334455667788:savingsplan/95b865dd-258c-4c4a-a935-3b56b059226c,0.066546,0.066546,0.066546,,
0beb5f9028064d5e9ce47cc34239113e,2026-01-14T18:00:00Z/2026-01-14T19:00:00Z,112233445566,2026-01-01T00:00:00Z,2026-02-01T00:00:00Z,AWS,334455667788,SavingsPlanCoveredUsage,2026-01-14T18:00:00Z,2026-01-14T19:00:00Z,AmazonEC2,USEA-BoxUsage:m5.large,RunInstances,us-east-1c,i-0bb0dc65122fe44ad,1.0,4.0,4.0,0.096,0.096,0.063634,0.063634,Hrs,0.096,0.096,Amazon Elastic Compute Cloud,m5.large,2,8 GiB,Linux,us-east-1,AmazonEC2,24.39,42.98,33.87,51,2026-01-11T19:32:59Z,backend,prod,CC400,,,,,,,,arn:aws:savingsplans::334455667788:savingsplan/95b865dd-258c-4c4a-a935-3b56b059226c,0.063634,0.063634,0.063634,,
1a0f7ea510d34350bf066f1cbc991eee,2026-01-15T04:00:00Z/2026-01-15T05:00:00Z,112233445566,2026-01-01T00:00:00Z,2026-02-01T00:00:00Z,AWS,334455667788,SavingsPlanCoveredUsage,2026-01-15T04:00:00Z,2026-01-15T05:00:00Z,AmazonEC2,USEA-BoxUsage:m5.large,RunInstances,us-east-1c,i-0bb0dc65122fe44ad,1.0,4.0,4.0,0.096,0.096,0.06728,0.06728,Hrs,0.096,0.096,Amazon Elastic Compute Cloud,m5.large,2,8 GiB,Linux,us-east-1,AmazonEC2,27.0,35.43,35.27,48,2026-01-11T21:57:36Z,backend,prod,CC400,,,,,,,,arn:aws:savingsplans::334455667788:savingsplan/95b865dd-258c-4c4a-a935-3b56b059226c,0.06728,0.06728,0.06728,,
10d6884ec85e443fa3d84d56717a3137,2026-01-15T14:00:00Z/2026-01-15T15:00:00Z,112233445566,2026-01-01T00:00:00Z,2026-02-01T00:00:00Z,AWS,334455667788,SavingsPlanCoveredUsage,2026-01-15T14:00:00Z,2026-01-15T15:00:00Z,AmazonEC2,USEA-BoxUsage:m5.large,RunInstances,us-east-1c,i-0bb0dc65122fe44ad,1.0,4.0,4.0,0.096,0.096,0.063277,0.063277,Hrs,0.096,0.096,Amazon Elastic Compute Cloud,m5.large,2,8 GiB,Linux,us-east-1,AmazonEC2,23.75,42.86,25.24,22,2026-01-13T13:20:38Z,backend,prod,CC400,,,,,,,,arn:aws:savingsplans::334455667788:savingsplan/95b865dd-258c-4c4a-a935-3b56b059226c,0.063277,0.063277,0.063277,,
51545e7d040d4a6fbd3c3980f66a43d1,2026-01-16T00:00:00Z/2026-01-16T01:00:00Z,112233445566,2026-01-01T00:00:00Z,2026-02-01T00:00:00Z,AWS,334455667788,SavingsPlanCoveredUsage,2026-01-16T00:00:00Z,2026-01-16T01:00:00Z,AmazonEC2,USEA-BoxUsage:m5.large,RunInstances,us-east-1c,i-0bb0dc65122fe44ad,1.0,4.0,4.0,0.096,0.096,0.065151,0.065151,Hrs,0.096,0.096,Amazon Elastic Compute Cloud,m5.large,2,8 GiB,Linux,us-east-1,AmazonEC2,23.96,30.12,38.16,61,2026-01-12T01:15:31Z,backend,prod,CC400,,,,,,,,arn:aws:savingsplans::334455667788:savingsplan/95b865dd-258c-4c4a-a935-3b56b059226c,0.065151,0.065151,0.065151,,
ff672da74882430c9c37cff235d82815,2026-01-16T10:00:00Z/2026-01-16T11:00:00Z,112233445566,2026-01-01T00:00:00Z,2026-02-01T00:00:00Z,AWS,334455667788,SavingsPlanCoveredUsage,2026-01-16T10:00:00Z,2026-01-16T11:00:00Z,AmazonEC2,USEA-BoxUsage:m5.large,RunInstances,us-east-1c,i-0bb0dc65122fe44ad,1.0,4.0,4.0,0.096,0.096,0.063883,0.063883,Hrs,0.096,0.096,Amazon Elastic Compute Cloud,m5.large,2,8 GiB,Linux,us-east-1,AmazonEC2,25.6,46.71,36.41,28,2026-01-13T19:06:02Z,backend,prod,CC400,,,,,,,,arn:aws:savingsplans::334455667788:savingsplan/95b865dd-258c-4c4a-a935-3b56b059226c,0.063883,0.063883,0.063883,,
45771e64a1a0492bbe2074c27f2ab355,2026-01-16T20:00:00Z/2026-01-16T21:00:00Z,112233445566,2026-01-01T00:00:00Z,2026-02-01T00:00:00Z,AWS,334455667788,SavingsPlanCoveredUsage,2026-01-16T20:00:00Z,2026-01-16T21:00:00Z,AmazonEC2,USEA-BoxUsage:m5.large,RunInstances,us-east-1c,i-0bb0dc65122fe44ad,1.0,4.0,4.0,0.096,0.096,0.067053,0.067053,Hrs,0.096,0.096,Amazon Elastic Compute Cloud,m5.large,2,8 GiB,Linux,us-east-1,AmazonEC2,26.6,42.4,32.15,17,2026-01-14T17:07:54Z,backend,prod,CC400,,,,,,,,arn:aws:savingsplans::334455667788:savingsplan/95b865dd-258c-4c4a-a935-3b56b059226c,0.067053,0.067053,0.067053,,
67a0559b2bd54f1d897d32b931b00ede,2026-01-17T06:00:00Z/2026-01-17T07:00:00Z,112233445566,2026-01-01T00:00:00Z,2026-02-01T00:00:00Z,AWS,334455667788,SavingsPlanCoveredUsage,2026-01-17T06:00:00Z,2026-01-17T07:00:00Z,AmazonEC2,USEA-BoxUsage:m5.large,RunInstances,us-east-1c,i-0bb0dc65122fe44ad,1.0,4.0,4.0,0.096,0.096,0.063626,0.063626,Hrs,0.096,0.096,Amazon Elastic Compute Cloud,m5.large,2,8 GiB,Linux,us-east-1,AmazonEC2,28.25,32.16,24.35,65,2026-01-15T21:00:40Z,backend,prod,CC400,,,,,,,,arn:aws:savingsplans::334455667788:savingsplan/95b865dd-258c-4c4a-a935-3b56b059226c,0.063626,0.063626,0.063626,,
fd0c501c9f1e423cbc00b7847a381c6b,2026-01-17T16:00:00Z/2026-01-17T17:00:00Z,112233445566,2026-01-01T00:00:00Z,2026-02-01T00:00:00Z,AWS,334455667788,SavingsPlanCoveredUsage,2026-01-17T16:00:00Z,2026-01-17T17:00:00Z,AmazonEC2,USEA-BoxUsage:m5.large,RunInstances,us-east-1c,i-0bb0dc65122fe44ad,1.0,4.0,4.0,0.096,0.096,0.063777,0.063777,Hrs,0.096,0.096,Amazon Elastic Compute Cloud,m5.large,2,8 GiB,Linux,us-east-1,AmazonEC2,28.59,45.43,28.14,24,2026-01-15T03:15:33Z,backend,prod,CC400,,,,,,,,arn:aws:savingsplans::334455667788:savingsplan/95b865dd-258c-4c4a-a935-3b56b059226c,0.063777,0.063777,0.063777,,
faf54c1eb1f24331be58a21f26ba6e95,2026-01-18T02:00:00Z/2026-01-18T03:00:00Z,112233445566,2026-01-01T00:00:00Z,2026-02-01T00:00:00Z,AWS,334455667788,SavingsPlanCoveredUsage,2026-01-18T02:00:00Z,2026-01-18T03:00:00Z,AmazonEC2,USEA-BoxUsage:m5.large,RunInstances,us-east-1c,i-0bb0dc65122fe44ad,1.0,4.0,4.0,0.096,0.096,0.069405,0.069405,Hrs,0.096,0.096,Amazon Elastic Compute Cloud,m5.large,2,8 GiB,Linux,us-east-1,AmazonEC2,29.38,51.34,36.1,61,2026-01-14T09:11:59Z,backend,prod,CC400,,,,,,,,arn:aws:savingsplans::334455667788:savingsplan/95b865dd-258c-4c4a-a935-3b56b059226c,0.069405,0.069405,0.069405,,
3dd96ea9d97a4167bfd9db1f9a5e0bb0,2026-01-18T12:00:00Z/2026-01-18T13:00:00Z,112233445566,2026-01-01T00:00:00Z,2026-02-01T00:00:00Z,AWS,334455667788,SavingsPlanCoveredUsage,2026-01-18T12:00:00Z,2026-01-18T13:00:00Z,AmazonEC2,USEA-BoxUsage:m5.large,RunInstances,us-east-1c,i-0bb0dc65122fe44ad,1.0,4.0,4.0,0.096,0.096,0.069201,0.069201,Hrs,0.096,0.096,Amazon Elastic Compute Cloud,m5.large,2,8 GiB,Linux,us-east-1,AmazonEC2,23.59,40.28,22.02,61,2026-01-15T13:34:38Z,backend,prod,CC400,,,,,,,,arn:aws:savingsplans::334455667788:savingsplan/95b865dd-258c-4c4a-a935-3b56b059226c,0.069201,0.069201,0.069201,,
25e638559e524ece8c95d90d7dbbb9e8,2026-01-18T22:00:00Z/2026-01-18T23:00:00Z,112233445566,2026-01-01T00:00:00Z,2026-02-01T00:00:00Z,AWS,334455667788,SavingsPlanCoveredUsage,2026-01-18T22:00:00Z,2026-01-18T23:00:00Z,AmazonEC2,USEA-BoxUsage:m5.large,RunInstances,us-east-1c,i-0bb0dc65122fe44ad,1.0,4.0,4.0,0.096,0.096,0.064124,0.064124,Hrs,0.096,0.096,Amazon Elastic Compute Cloud,m5.large,2,8 GiB,Linux,us-east-1,AmazonEC2,31.77,32.7,24.88,59,2026-01-16T18:50:38Z,backend,prod,CC400,,,,,,,,arn:aws:savingsplans::334455667788:savingsplan/95b865dd-258c-4c4a-a935-3b56b059226c,0.064124,0.064124,0.064124,,
e92c9b7d4d9d42faa58fbef52264b249,2026-01-19T08:00:00Z/2026-01-19T09:00:00Z,112233445566,2026-01-01T00:00:00Z,2026-02-01T00:00:00Z,AWS,334455667788,SavingsPlanCoveredUsage,2026-01-19T08:00:00Z,2026-01-19T09:00:00Z,AmazonEC2,USEA-BoxUsage:m5.large,RunInstances,us-east-1c,i-0bb0dc65122fe44ad,1.0,4.0,4.0,0.096,0.096,0.067511,0.067511,Hrs,0.096,0.096,Amazon Elastic Compute Cloud,m5.large,2,8 GiB,Linux,us-east-1,AmazonEC2,35.27,51.92,26.03,66,2026-01-16T23:18:20Z,backend,prod,CC400,,,,,,,,arn:aws:savingsplans::334455667788:savingsplan/95b865dd-258c-4c4a-a935-3b56b059226c,0.067511,0.067511,0.067511,,
59eb77a7826e430880db28cd5bcf9bfd,2026-01-19T18:00:00Z/2026-01-19T19:00:00Z,112233445566,2026-01-01T00:00:00Z,2026-02-01T00:00:00Z,AWS,334455667788,SavingsPlanCoveredUsage,2026-01-19T18:00:00Z,2026-01-19T19:00:00Z,AmazonEC2,USEA-BoxUsage:m5.large,RunInstances,us-east-1c,i-0bb0dc65122fe44ad,1.0,4.0,4.0,0.096,0.096,0.064378,0.064378,Hrs,0.096,0.096,Amazon Elastic Compute Cloud,m5.large,2,8 GiB,Linux,us-east-1,AmazonEC2,30.62,50.44,36.37,71,2026-01-17T02:18:48Z,backend,prod,CC400,,,,,,,,arn:aws:savingsplans::334455667788:savingsplan/95b865dd-258c-4c4a-a935-3b56b059226c,0.064378,0.064378,0.064378,,
b0d9d1db74b4493c8640ffafa16da7ac,2026-01-20T04:00:00Z/2026-01-20T05:00:00Z,112233445566,2026-01-01T00:00:00Z,2026-02-01T00:00:00Z,AWS,334455667788,SavingsPlanCoveredUsage,2026-01-20T04:00:00Z,2026-01-20T05:00:00Z,AmazonEC2,USEA-BoxUsage:m5.large,RunInstances,us-east-1c,i-0bb0dc65122fe44ad,1.0,4.0,4.0,0.096,0.096,0.070842,0.070842,Hrs,0.096,0.096,Amazon Elastic Compute Cloud,m5.large,2,8 GiB,Linux,us-east-1,AmazonEC2,25.41,47.34,22.51,42,2026-01-18T14:51:21Z,backend,prod,CC400,,,,,,,,arn:aws:savingsplans::334455667788:savingsplan/95b865dd-258c-4c4a-a935-3b56b059226c,0.070842,0.070842,0.070842,,
937760583e454af19aad4ac3d609de87,2026-01-20T14:00:00Z/2026-01-20T15:00:00Z,112233445566,2026-01-01T00:00:00Z,2026-02-01T00:00:00Z,AWS,334455667788,SavingsPlanCoveredUsage,2026-01-20T14:00:00Z,2026-01-20T15:00:00Z,AmazonEC2,USEA-BoxUsage:m5.large,RunInstances,us-east-1c,i-0bb0dc65122fe44ad,1.0,4.0,4.0,0.096,0.096,0.064904,0.064904,Hrs,0.096,0.096,Amazon Elastic Compute Cloud,m5.large,2,8 GiB,Linux,us-east-1,AmazonEC2,26.84,30.53,25.64,13,2026-01-16T02:37:07Z,backend,prod,CC400,,,,,,,,arn:aws:savingsplans::334455667788:savingsplan/95b865dd-258c-4c4a-a935-3b56b059226c,0.064904,0.064904,0.064904,,
1bd8e2635eb74307a3d1b4554cfd96e5,2026-01-21T00:00:00Z/2026-01-21T01:00:00Z,112233445566,2026-01-01T00:00:00Z,2026-02-01T00:00:00Z,AWS,334455667788,SavingsPlanCoveredUsage,2026-01-21T00:00:00Z,2026-01-21T01:00:00Z,AmazonEC2,USEA-BoxUsage:m5.large,RunInstances,us-east-1c,i-0bb0dc65122fe44ad,1.0,4.0,4.0,0.096,0.096,0.067993,0.067993,Hrs,0.096,0.096,Amazon Elastic Compute Cloud,m5.large,2,8 GiB,Linux,us-east-1,AmazonEC2,41.66,28.3,24.64,47,2026-01-16T20:37:42Z,backend,prod,CC400,,,,,,,,arn:aws:savingsplans::334455667788:savingsplan/95b865dd-258c-4c4a-a935-3b56b059226c,0.067993,0.067993,0.067993,,
3ee094087b89402e8e932c3cbedda28a,2026-01-21T10:00:00Z/2026-01-21T11:00:00Z,112233445566,2026-01-01T00:00:00Z,2026-02-01T00:00:00Z,AWS,334455667788,SavingsPlanCoveredUsage,2026-01-21T10:00:00Z,2026-01-21T11:00:00Z,AmazonEC2,USEA-BoxUsage:m5.large,RunInstances,us-east-1c,i-0bb0dc65122fe44ad,1.0,4.0,4.0,0.096,0.096,0.064546,0.064546,Hrs,0.096,0.096,Amazon Elastic Compute Cloud,m5.large,2,8 GiB,Linux,us-east-1,AmazonEC2,40.5,50.69,34.44,70,2026-01-18T00:24:47Z,backend,prod,CC400,,,,,,,,arn:aws:savingsplans::334455667788:savingsplan/95b865dd-258c-4c4a-a935-3b56b059226c,0.064546,0.064546,0.064546,,
7fe958a8ef80430c911d442281c4e4be,2026-01-21T20:00:00Z/2026-01-21T21:00:00Z,112233445566,2026-01-01T00:00:00Z,2026-02-01T00:00:00Z,AWS,334455667788,SavingsPlanCoveredUsage,2026-01-21T20:00:00Z,2026-01-21T21:00:00Z,AmazonEC2,USEA-BoxUsage:m5.large,RunInstances,us-east-1c,i-0bb0dc65122fe44ad,1.0,4.0,4.0,0.096,0.096,0.068713,0.068713,Hrs,0.096,0.096,Amazon Elastic Compute Cloud,m5.large,2,8 GiB,Linux,us-east-1,AmazonEC2,33.25,48.43,20.45,19,2026-01-18T06:54:25Z,backend,prod,CC400,,,,,,,,arn:aws:savingsplans::334455667788:savingsplan/95b865dd-258c-4c4a-a935-3b56b059226c,0.068713,0.068713,0.068713,,
b15c9e8c15564c049a874905bc7000fc,2026-01-22T06:00:00Z/2026-01-22T07:00:00Z,112233445566,2026-01-01T00:00:00Z,2026-02-01T00:00:00Z,AWS,334455667788,SavingsPlanCoveredUsage,2026-01-22T06:00:00Z,2026-01-22T07:00:00Z,AmazonEC2,USEA-BoxUsage:m5.large,RunInstances,us-east-1c,i-0bb0dc65122fe44ad,1.0,4.0,4.0,0.096,0.096,0.06736,0.06736,Hrs,0.096,0.096,Amazon Elastic Compute Cloud,m5.large,2,8 GiB,Linux,us-east-1,AmazonEC2,23.36,29.44,37.48,65,2026-01-20T09:12:10Z,backend,prod,CC400,,,,,,,,arn:aws:savingsplans::334455667788:savingsplan/95b865dd-258c-4c4a-a935-3b56b059226c,0.06736,0.06736,0.06736,,
18bf9b80dc7945c09c65f4d65711ede6,2026-01-22T16:00:00Z/2026-01-22T17:00:00Z,112233445566,2026-01-01T00:00:00Z,2026-02-01T00:00:00Z,AWS,334455667788,SavingsPlanCoveredUsage,2026-01-22T16:00:00Z,2026-01-22T17:00:00Z,AmazonEC2,USEA-BoxUsage:m5.large,RunInstances,us-east-1c,i-0bb0dc65122fe44ad,1.0,4.0,4.0,0.096,0.096,0.065868,0.065868,Hrs,0.096,0.096,Amazon Elastic Compute Cloud,m5.large,2,8 GiB,Linux,us-east-1,AmazonEC2,25.47,42.88,23.05,60,2026-01-18T17:08:08Z,backend,prod,CC400,,,,,,,,arn:aws:savingsplans::334455667788:savingsplan/95b865dd-258c-4c4a-a935-3b56b059226c,0.065868,0.065868,0.065868,,
e052a8b52a594fe5b47fd44202aadca6,2026-01-23T02:00:00Z/2026-01-23T03:00:00Z,112233445566,2026-01-01T00:00:00Z,2026-02-01T00:00:00Z,AWS,334455667788,SavingsPlanCoveredUsage,2026-01-23T02:00:00Z,2026-01-23T03:00:00Z,AmazonEC2,USEA-BoxUsage:m5.large,RunInstances,us-east-1c,i-0bb0dc65122fe44ad,1.0,4.0,4.0,0.096,0.096,0.070104,0.070104,Hrs,0.096,0.096,Amazon Elastic Compute Cloud,m5.large,2,8 GiB,Linux,us-east-1,AmazonEC2,39.72,34.38,39.38,54,2026-01-20T10:07:01Z,backend,prod,CC400,,,,,,,,arn:aws:savingsplans::334455667788:savingsplan/95b865dd-258c-4c4a-a935-3b56b059226c,0.070104,0.070104,0.070104,,
d7ba8447d4cc4407b1c2125b49ecef3b,2026-01-23T12:00:00Z/2026-01-23T13:00:00Z,112233445566,2026-01-01T00:00:00Z,2026-02-01T00:00:00Z,AWS,334455667788,SavingsPlanCoveredUsage,2026-01-23T12:00:00Z,2026-01-23T13:00:00Z,AmazonEC2,USEA-BoxUsage:m5.large,RunInstances,us-east-1c,i-0bb0dc65122fe44ad,1.0,4.0,4.0,0.096,0.096,0.064284,0.064284,Hrs,0.096,0.096,Amazon Elastic Compute Cloud,m5.large,2,8 GiB,Linux,us-east-1,AmazonEC2,29.12,49.53,21.14,41,2026-01-21T08:51:23Z,backend,prod,CC400,,,,,,,,arn:aws:savingsplans::334455667788:savingsplan/95b865dd-258c-4c4a-a935-3b56b059226c,0.064284,0.064284,0.064284,,
7f300440b46b4f33bb1083d420f8a67b,2026-01-23T22:00:00Z/2026-01-23T23:00:00Z,112233445566,2026-01-01T00:00:00Z,2026-02-01T00:00:00Z,AWS,334455667788,SavingsPlanCoveredUsage,2026-01-23T22:00:00Z,2026-01-23T23:00:00Z,AmazonEC2,USEA-BoxUsage:m5.large,RunInstances,us-east-1c,i-0bb0dc65122fe44ad,1.0,4.0,4.0,0.096,0.096,0.063234,0.063234,Hrs,0.096,0.096,Amazon Elastic Compute Cloud,m5.large,2,8 GiB,Linux,us-east-1,AmazonEC2,39.5,32.36,36.73,58,2026-01-20T03:54:26Z,backend,prod,CC400,,,,,,,,arn:aws:savingsplans::334455667788:savingsplan/95b865dd-258c-4c4a-a935-3b56b059226c,0.063234,0.063234,0.063234,,
13e97c9a14004096b323a81dc26a5e2c,2026-01-24T08:00:00Z/2026-01-24T09:00:00Z,112233445566,2026-01-01T00:00:00Z,2026-02-01T00:00:00Z,AWS,334455667788,SavingsPlanCoveredUsage,2026-01-24T08:00:00Z,2026-01-24T09:00:00Z,AmazonEC2,USEA-BoxUsage:m5.large,RunInstances,us-east-1c,i-0bb0dc65122fe44ad,1.0,4.0,4.0,0.096,0.096,0.064556,0.064556,Hrs,0.096,0.096,Amazon Elastic Compute Cloud,m5.large,2,8 GiB,Linux,us-east-1,AmazonEC2,25.59,36.56,25.71,29,2026-01-20T23:53:58Z,backend,prod,CC400,,,,,,,,arn:aws:savingsplans::334455667788:savingsplan/95b865dd-258c-4c4a-a935-3b56b059226c,0.064556,0.064556,0.064556,,
97c5c22759fb4a90a1499c9e35567a38,2026-01-24T18:00:00Z/2026-01-24T19:00:00Z,112233445566,2026-01-01T00:00:00Z,2026-02-01T00:00:00Z,AWS,334455667788,SavingsPlanCoveredUsage,2026-01-24T18:00:00Z,2026-01-24T19:00:00Z,AmazonEC2,USEA-BoxUsage:m5.large,RunInstances,us-east-1c,i-0bb0dc65122fe44ad,1.0,4.0,4.0,0.096,0.096,0.065888,0.065888,Hrs,0.096,0.096,Amazon Elastic Compute Cloud,m5.large,2,8 GiB,Linux,us-east-1,AmazonEC2,31.9,39.15,36.97,62,2026-01-21T13:00:19Z,backend,prod,CC400,,,,,,,,arn:aws:savingsplans::334455667788:savingsplan/95b865dd-258c-4c4a-a935-3b56b059226c,0.065888,0.065888,0.065888,,
daaf2429906442bbb3f2ce5a342c0918,2026-01-25T04:00:00Z/2026-01-25T05:00:00Z,112233445566,2026-01-01T00:00:00Z,2026-02-01T00:00:00Z,AWS,334455667788,SavingsPlanCoveredUsage,2026-01-25T04:00:00Z,2026-01-25T05:00:00Z,AmazonEC2,USEA-BoxUsage:m5.large,RunInstances,us-east-1c,i-0bb0dc65122fe44ad,1.0,4.0,4.0,0.096,0.096,0.066608,0.066608,Hrs,0.096,0.096,Amazon Elastic Compute Cloud,m5.large,2,8 GiB,Linux,us-east-1,AmazonEC2,31.65,44.73,27.29,26,2026-01-21T05:35:25Z,backend,prod,CC400,,,,,,,,arn:aws:savingsplans::334455667788:savingsplan/95b865dd-258c-4c4a-a935-3b56b059226c,0.066608,0.066608,0.066608,,
07fdfc24348c4c87af1dd0758a7d26d3,2026-01-25T14:00:00Z/2026-01-25T15:00:00Z,112233445566,2026-01-01T00:00:00Z,2026-02-01T00:00:00Z,AWS,334455667788,SavingsPlanCoveredUsage,2026-01-25T14:00:00Z,2026-01-25T15:00:00Z,AmazonEC2,USEA-BoxUsage:m5.large,RunInstances,us-east-1c,i-0bb0dc65122fe44ad,1.0,4.0,4.0,0.096,0.096,0.07079,0.07079,Hrs,0.096,0.096,Amazon Elastic Compute Cloud,m5.large,2,8 GiB,Linux,us-east-1,AmazonEC2,31.2,37.8,37.46,41,2026-01-21T19:56:41Z,backend,prod,CC400,,,,,,,,arn:aws:savingsplans::334455667788:savingsplan/95b865dd-258c-4c4a-a935-3b56b059226c,0.07079,0.07079,0.07079,,
3b81a7ee154e43339f780440dc0e329f,2026-01-26T00:00:00Z/2026-01-26T01:00:00Z,112233445566,2026-01-01T00:00:00Z,2026-02-01T00:00:00Z,AWS,334455667788,SavingsPlanCoveredUsage,2026-01-26T00:00:00Z,2026-01-26T01:00:00Z,AmazonEC2,USEA-BoxUsage:m5.large,RunInstances,us-east-1c,i-0bb0dc65122fe44ad,1.0,4.0,4.0,0.096,0.096,0.071549,0.071549,Hrs,0.096,0.096,Amazon Elastic Compute Cloud,m5.large,2,8 GiB,Linux,us-east-1,AmazonEC2,33.28,36.91,20.96,38,2026-01-23T22:32:55Z,backend,prod,CC400,,,,,,,,arn:aws:savingsplans::334455667788:savingsplan/95b865dd-258c-4c4a-a935-3b56b059226c,0.071549,0.071549,0.071549,,
a1143c6d2a404ed586633e21997b7894,2026-01-26T10:00:00Z/2026-01-26T11:00:00Z,112233445566,2026-01-01T00:00:00Z,2026-02-01T00:00:00Z,AWS,334455667788,SavingsPlanCoveredUsage,2026-01-26T10:00:00Z,2026-01-26T11:00:00Z,AmazonEC2,USEA-BoxUsage:m5.large,RunInstances,us-east-1c,i-0bb0dc65122fe44ad,1.0,4.0,4.0,0.096,0.096,0.069816,0.069816,Hrs,0.096,0.096,Amazon Elastic Compute Cloud,m5.large,2,8 GiB,Linux,us-east-1,AmazonEC2,22.48,40.63,40.54,70,2026-01-22T10:41:11Z,backend,prod,CC400,,,,,,,,arn:aws:savingsplans::334455667788:savingsplan/95b865dd-258c-4c4a-a935-3b56b059226c,0.069816,0.069816,0.069816,,
6af3e2a83ae54cb8803b8b744d19a791,2026-01-26T20:00:00Z/2026-01-26T21:00:00Z,112233445566,2026-01-01T00:00:00Z,2026-02-01T00:00:00Z,AWS,334455667788,SavingsPlanCoveredUsage,2026-01-26T20:00:00Z,2026-01-26T21:00:00Z,AmazonEC2,USEA-BoxUsage:m5.large,RunInstances,us-east-1c,i-0bb0dc65122fe44ad,1.0,4.0,4.0,0.096,0.096,0.071612,0.071612,Hrs,0.096,0.096,Amazon Elastic Compute Cloud,m5.large,2,8 GiB,Linux,us-east-1,AmazonEC2,31.7,40.36,41.45,32,2026-01-25T05:33:40Z,backend,prod,CC400,,,,,,,,arn:aws:savingsplans::334455667788:savingsplan/95b865dd-258c-4c4a-a935-3b56b059226c,0.071612,0.071612,0.071612,,
142d2e55f84848b0812920798a760ba6,2026-01-27T06:00:00Z/2026-01-27T07:00:00Z,112233445566,2026-01-01T00:00:00Z,2026-02-01T00:00:00Z,AWS,334455667788,SavingsPlanCoveredUsage,2026-01-27T06:00:00Z,2026-01-27T07:00:00Z,AmazonEC2,USEA-BoxUsage:m5.large,RunInstances,us-east-1c,i-0bb0dc65122fe44ad,1.0,4.0,4.0,0.096,0.096,0.066745,0.066745,Hrs,0.096,0.096,Amazon Elastic Compute Cloud,m5.large,2,8 GiB,Linux,us-east-1,AmazonEC2,22.35,49.46,31.33,29,2026-01-24T23:17:13Z,backend,prod,CC400,,,,,,,,arn:aws:savingsplans::334455667788:savingsplan/95b865dd-258c-4c4a-a935-3b56b059226c,0.066745,0.066745,0.066745,,
2082c875551b4e67afd66e17b0f62b79,2026-01-27T16:00:00Z/2026-01-27T17:00:00Z,112233445566,2026-01-01T00:00:00Z,2026-02-01T00:00:00Z,AWS,334455667788,SavingsPlanCoveredUsage,2026-01-27T16:00:00Z,2026-01-27T17:00:00Z,AmazonEC2,USEA-BoxUsage:m5.large,RunInstances,us-east-1c,i-0bb0dc65122fe44ad,1.0,4.0,4.0,0.096,0.096,0.070935,0.070935,Hrs,0.096,0.096,Amazon Elastic Compute Cloud,m5.large,2,8 GiB,Linux,us-east-1,AmazonEC2,28.09,41.05,23.83,42,2026-01-23T20:02:33Z,backend,prod,CC400,,,,,,,,arn:aws:savingsplans::334455667788:savingsplan/95b865dd-258c-4c4a-a935-3b56b059226c,0.070935,0.070935,0.070935,,
c60c263016304f32a5f5b30e2467662d,2026-01-28T02:00:00Z/2026-01-28T03:00:00Z,112233445566,2026-01-01T00:00:00Z,2026-02-01T00:00:00Z,AWS,334455667788,SavingsPlanCoveredUsage,2026-01-28T02:00:00Z,2026-01-28T03:00:00Z,AmazonEC2,USEA-BoxUsage:m5.large,RunInstances,us-east-1c,i-0bb0dc65122fe44ad,1.0,4.0,4.0,0.096,0.096,0.062739,0.062739,Hrs,0.096,0.096,Amazon Elastic Compute Cloud,m5.large,2,8 GiB,Linux,us-east-1,AmazonEC2,24.11,35.09,23.7,26,2026-01-24T01:31:09Z,backend,prod,CC400,,,,,,,,arn:aws:savingsplans::334455667788:savingsplan/95b865dd-258c-4c4a-a935-3b56b059226c,0.062739,0.062739,0.062739,,
d377ff8de61446e19538303f3cc6c18c,2026-01-28T12:00:00Z/2026-01-28T13:00:00Z,112233445566,2026-01-01T00:00:00Z,2026-02-01T00:00:00Z,AWS,334455667788,SavingsPlanCoveredUsage,2026-01-28T12:00:00Z,2026-01-28T13:00:00Z,AmazonEC2,USEA-BoxUsage:m5.large,RunInstances,us-east-1c,i-0bb0dc65122fe44ad,1.0,4.0,4.0,0.096,0.096,0.063786,0.063786,Hrs,0.096,0.096,Amazon Elastic Compute Cloud,m5.large,2,8 GiB,Linux,us-east-1,AmazonEC2,29.6,35.81,22.66,53,2026-01-25T11:42:03Z,backend,prod,CC400,,,,,,,,arn:aws:savingsplans::334455667788:savingsplan/95b865dd-258c-4c4a-a935-3b56b059226c,0.063786,0.063786,0.063786,,
f6a8f35cbdff4a168829610abd6fede3,2026-01-28T22:00:00Z/2026-01-28T23:00:00Z,112233445566,2026-01-01T00:00:00Z,2026-02-01T00:00:00Z,AWS,334455667788,SavingsPlanCoveredUsage,2026-01-28T22:00:00Z,2026-01-28T23:00:00Z,AmazonEC2,USEA-BoxUsage:m5.large,RunInstances,us-east-1c,i-0bb0dc65122fe44ad,1.0,4.0,4.0,0.096,0.096,0.063077,0.063077,Hrs,0.096,0.096,Amazon Elastic Compute Cloud,m5.large,2,8 GiB,Linux,us-east-1,AmazonEC2,29.1,41.51,38.76,40,2026-01-24T22:54:06Z,backend,prod,CC400,,,,,,,,arn:aws:savingsplans::334455667788:savingsplan/95b865dd-258c-4c4a-a935-3b56b059226c,0.063077,0.063077,0.063077,,
8f19000a8aaa41828a8544265d551fbb,2026-01-29T08:00:00Z/2026-01-29T09:00:00Z,112233445566,2026-01-01T00:00:00Z,2026-02-01T00:00:00Z,AWS,334455667788,SavingsPlanCoveredUsage,2026-01-29T08:00:00Z,2026-01-29T09:00:00Z,AmazonEC2,USEA-BoxUsage:m5.large,RunInstances,us-east-1c,i-0bb0dc65122fe44ad,1.0,4.0,4.0,0.096,0.096,0.066914,0.066914,Hrs,0.096,0.096,Amazon Elastic Compute Cloud,m5.large,2,8 GiB,Linux,us-east-1,AmazonEC2,25.68,42.07,34.58,24,2026-01-26T06:26:42Z,backend,prod,CC400,,,,,,,,arn:aws:savingsplans::334455667788:savingsplan/95b865dd-258c-4c4a-a935-3b56b059226c,0.066914,0.066914,0.066914,,
098de340f4c54e8eb7820ceb6b683d4e,2026-01-29T18:00:00Z/2026-01-29T19:00:00Z,112233445566,2026-01-01T00:00:00Z,2026-02-01T00:00:00Z,AWS,334455667788,SavingsPlanCoveredUsage,2026-01-29T18:00:00Z,2026-01-29T19:00:00Z,AmazonEC2,USEA-BoxUsage:m5.large,RunInstances,us-east-1c,i-0bb0dc65122fe44ad,1.0,4.0,4.0,0.096,0.096,0.064067,0.064067,Hrs,0.096,0.096,Amazon Elastic Compute Cloud,m5.large,2,8 GiB,Linux,us-east-1,AmazonEC2,24.54,41.5,21.89,29,2026-01-28T00:48:00Z,backend,prod,CC400,,,,,,,,arn:aws:savingsplans::334455667788:savingsplan/95b865dd-258c-4c4a-a935-3b56b059226c,0.064067,0.064067,0.064067,,
b8c6b128acb8407799b44bd4dcb294f9,2026-01-30T04:00:00Z/2026-01-30T05:00:00Z,112233445566,2026-01-01T00:00:00Z,2026-02-01T00:00:00Z,AWS,334455667788,SavingsPlanCoveredUsage,2026-01-30T04:00:00Z,2026-01-30T05:00:00Z,AmazonEC2,USEA-BoxUsage:m5.large,RunInstances,us-east-1c,i-0bb0dc65122fe44ad,1.0,4.0,4.0,0.096,0.096,0.062987,0.062987,Hrs,0.096,0.096,Amazon Elastic Compute Cloud,m5.large,2,8 GiB,Linux,us-east-1,AmazonEC2,30.65,34.51,26.26,41,2026-01-28T03:03:14Z,backend,prod,CC400,,,,,,,,arn:aws:savingsplans::334455667788:savingsplan/95b865dd-258c-4c4a-a935-3b56b059226c,0.062987,0.062987,0.062987,,
cff69d4d53af4bb1837dd941d908575a,2026-01-30T14:00:00Z/2026-01-30T15:00:00Z,112233445566,2026-01-01T00:00:00Z,2026-02-01T00:00:00Z,AWS,334455667788,SavingsPlanCoveredUsage,2026-01-30T14:00:00Z,2026-01-30T15:00:00Z,AmazonEC2,USEA-BoxUsage:m5.large,RunInstances,us-east-1c,i-0bb0dc65122fe44ad,1.0,4.0,4.0,0.096,0.096,0.067013,0.067013,Hrs,0.096,0.096,Amazon Elastic Compute Cloud,m5.large,2,8 GiB,Linux,us-east-1,AmazonEC2,39.79,40.07,22.21,52,2026-01-26T14:48:21Z,backend,prod,CC400,,,,,,,,arn:aws:savingsplans::334455667788:savingsplan/95b865dd-258c-4c4a-a935-3b56b059226c,0.067013,0.067013,0.067013,,
0319fb8518404a17b6a19a814db83289,2026-01-01T00:00:00Z/2026-01-01T01:00:00Z,112233445566,2026-01-01T00:00:00Z,2026-02-01T00:00:00Z,AWS,334455667788,DiscountedUsage,2026-01-01T00:00:00Z,2026-01-01T01:00:00Z,AmazonEC2,USEA-BoxUsage:m5.xlarge,RunInstances,us-east-1c,i-042397f998f324014,1.0,8.0,8.0,0.0,0.0,0.133774,0.133774,Hrs,0.192,0.192,Amazon Elastic Compute Cloud,m5.xlarge,4,16 GiB,Linux,us-east-1,AmazonEC2,37.96,30.14,39.52,68,2025-12-28T04:57:16Z,backend,prod,CC400,arn:aws:ec2:us-east-1:334455667788:reserved-instances/195ff1f8-8a44-4f1c-979d-5733a30ad375,0.133774,0.113708,0.020066,,,,,,,,,
fd3fd11a546941e4825fe89457042ba5,2026-01-01T10:00:00Z/2026-01-01T11:00:00Z,112233445566,2026-01-01T00:00:00Z,2026-02-01T00:00:00Z,AWS,334455667788,DiscountedUsage,2026-01-01T10:00:00Z,2026-01-01T11:00:00Z,AmazonEC2,USEA-BoxUsage:m5.xlarge,RunInstances,us-east-1c,i-042397f998f324014,1.0,8.0,8.0,0.0,0.0,0.125742,0.125742,Hrs,0.192,0.192,Amazon Elastic Compute Cloud,m5.xlarge,4,16 GiB,Linux,us-east-1,AmazonEC2,39.64,35.63,24.61,70,2025-12-29T14:02:44Z,backend,prod,CC400,arn:aws:ec2:us-east-1:334455667788:reserved-instances/195ff1f8-8a44-4f1c-979d-5733a30ad375,0.125742,0.106881,0.018861,,,,,,,,,
fa47c444ef5a460bbeb15132fa5d3106,2026-01-01T20:00:00Z/2026-01-01T21:00:00Z,112233445566,2026-01-01T00:00:00Z,2026-02-01T00:00:00Z,AWS,334455667788,DiscountedUsage,2026-01-01T20:00:00Z,2026-01-01T21:00:00Z,AmazonEC2,USEA-BoxUsage:m5.xlarge,RunInstances,us-east-1c,i-042397f998f324014,1.0,8.0,8.0,0.0,0.0,0.115089,0.115089,Hrs,0.192,0.192,Amazon Elastic Compute Cloud,m5.xlarge,4,16 GiB,Linux,us-east-1,AmazonEC2,24.55,51.74,39.59,19,2025-12-30T08:54:32Z,backend,prod,CC400,arn:aws:ec2:us-east-1:334455667788:reserved-instances/195ff1f8-8a44-4f1c-979d-5733a30ad375,0.115089,0.097826,0.017263,,,,,,,,,
6004c38d922b4d0dbc3acb048c3c6183,2026-01-02T06:00:00Z/2026-01-02T07:00:00Z,112233445566,2026-01-01T00:00:00Z,2026-02-01T00:00:00Z,AWS,334455667788,DiscountedUsage,2026-01-02T06:00:00Z,2026-01-02T07:00:00Z,AmazonEC2,USEA-BoxUsage:m5.xlarge,RunInstances,us-east-1c,i-042397f998f324014,1.0,8.0,8.0,0.0,0.0,0.122162,0.122162,Hrs,0.192,0.192,Amazon Elastic Compute Cloud,m5.xlarge,4,16 GiB,Linux,us-east-1,AmazonEC2,34.59,40.43,28.77,63,2025-12-31T00:11:38Z,backend,prod,CC400,arn:aws:ec2:us-east-1:334455667788:reserved-instances/195ff1f8-8a44-4f1c-979d-5733a30ad375,0.122162,0.103838,0.018324,,,,,,,,,
2adcfbfef3d94f95ba5b4dbc0f48460f,2026-01-02T16:00:00Z/2026-01-02T17:00:00Z,112233445566,2026-01-01T00:00:00Z,2026-02-01T00:00:00Z,AWS,334455667788,DiscountedUsage,2026-01-02T16:00:00Z,2026-01-02T17:00:00Z,AmazonEC2,USEA-BoxUsage:m5.xlarge,RunInstances,us-east-1c,i-042397f998f324014,1.0,8.0,8.0,0.0,0.0,0.127247,0.127247,Hrs,0.192,0.192,Amazon Elastic Compute Cloud,m5.xlarge,4,16 GiB,Linux,us-east-1,AmazonEC2,38.11,30.19,34.11,19,2026-01-01T08:27:56Z,backend,prod,CC400,arn:aws:ec2:us-east-1:334455667788:reserved-instances/195ff1f8-8a44-4f1c-979d-5733a30ad375,0.127247,0.10816,0.019087,,,,,,,,,
7941b93c1bd54b1ca7124422cb6dc4be,2026-01-03T02:00:00Z/2026-01-03T03:00:00Z,112233445566,2026-01-01T00:00:00Z,2026-02-01T00:00:00Z,AWS,334455667788,DiscountedUsage,2026-01-03T02:00:00Z,2026-01-03T03:00:00Z,AmazonEC2,USEA-BoxUsage:m5.xlarge,RunInstances,us-east-1c,i-042397f998f324014,1.0,8.0,8.0,0.0,0.0,0.121164,0.121164,Hrs,0.192,0.192,Amazon Elastic Compute Cloud,m5.xlarge,4,16 GiB,Linux,us-east-1,AmazonEC2,35.52,41.43,36.72,49,2026-01-01T02:28:34Z,backend,prod,CC400,arn:aws:ec2:us-east-1:334455667788:reserved-instances/195ff1f8-8a44-4f1c-979d-5733a30ad375,0.121164,0.102989,0.018175,,,,,,,,,
207abb20cbd84d3ba7cdb9a5d3286c7d,2026-01-03T12:00:00Z/2026-01-03T13:00:00Z,112233445566,2026-01-01T00:00:00Z,2026-02-01T00:00:00Z,AWS,334455667788,DiscountedUsage,2026-01-03T12:00:00Z,2026-01-03T13:00:00Z,AmazonEC2,USEA-BoxUsage:m5.xlarge,RunInstances,us-east-1c,i-042397f998f324014,1.0,8.0,8.0,0.0,0.0,0.109121,0.109121,Hrs,0.192,0.192,Amazon Elastic Compute Cloud,m5.xlarge,4,16 GiB,Linux,us-east-1,AmazonEC2,32.84,28.81,18.92,69,2026-01-01T16:48:27Z,backend,prod,CC400,arn:aws:ec2:us-east-1:334455667788:reserved-instances/195ff1f8-8a44-4f1c-979d-5733a30ad375,0.109121,0.092753,0.016368,,,,,,,,,
c3d3c96d33bd4b409d3886e5213d2514,2026-01-03T22:00:00Z/2026-01-03T23:00:00Z,112233445566,2026-01-01T00:00:00Z,2026-02-01T00:00:00Z,AWS,334455667788,DiscountedUsage,2026-01-03T22:00:00Z,2026-01-03T23:00:00Z,AmazonEC2,USEA-BoxUsage:m5.xlarge,RunInstances,us-east-1c,i-042397f998f324014,1.0,8.0,8.0,0.0,0.0,0.110299,0.110299,Hrs,0.192,0.192,Amazon Elastic Compute Cloud,m5.xlarge,4,16 GiB,Linux,us-east-1,AmazonEC2,29.98,28.42,29.08,38,2025-12-31T23:27:23Z,backend,prod,CC400,arn:aws:ec2:us-east-1:334455667788:reserved-instances/195ff1f8-8a44-4f1c-979d-5733a30ad375,0.110299,0.093754,0.016545,,,,,,,,,
bed9761f26ba4a7f92609323da5ede85,2026-01-04T08:00:00Z/2026-01-04T09:00:00Z,112233445566,2026-01-01T00:00:00Z,2026-02-01T00:00:00Z,AWS,334455667788,DiscountedUsage,2026-01-04T08:00:00Z,2026-01-04T09:00:00Z,AmazonEC2,USEA-BoxUsage:m5.xlarge,RunInstances,us-east-1c,i-042397f998f324014,1.0,8.0,8.0,0.0,0.0,0.115898,0.115898,Hrs,0.192,0.192,Amazon Elastic Compute Cloud,m5.xlarge,4,16 GiB,Linux,us-east-1,AmazonEC2,38.65,44.2,33.19,50,2026-01-02T02:39:18Z,backend,prod,CC400,arn:aws:ec2:us-east-1:334455667788:reserved-instances/195ff1f8-8a44-4f1c-979d-5733a30ad375,0.115898,0.098513,0.017385,,,,,,,,,
b85d54fa0f88400daf6ccd5dc09a5608,2026-01-04T18:00:00Z/2026-01-04T19:00:00Z,112233445566,2026-01-01T00:00:00Z,2026-02-01T00:00:00Z,AWS,334455667788,DiscountedUsage,2026-01-04T18:00:00Z,2026-01-04T19:00:00Z,AmazonEC2,USEA-BoxUsage:m5.xlarge,RunInstances,us-east-1c,i-042397f998f324014,1.0,8.0,8.0,0.0,0.0,0.119545,0.119545,Hrs,0.192,0.192,Amazon Elastic Compute Cloud,m5.xlarge,4,16 GiB,Linux,us-east-1,AmazonEC2,33.39,51.43,40.97,24,2025-12-31T06:44:40Z,backend,prod,CC400,arn:aws:ec2:us-east-1:334455667788:reserved-instances/195ff1f8-8a44-4f1c-979d-5733a30ad375,0.119545,0.101613,0.017932,,,,,,,,,
f9156e09c0cc4285939d4f2fe4acbde3,2026-01-05T04:00:00Z/2026-01-05T05:00:00Z,112233445566,2026-01-01T00:00:00Z,2026-02-01T00:00:00Z,AWS,334455667788,DiscountedUsage,2026-01-05T04:00:00Z,2026-01-05T05:00:00Z,AmazonEC2,USEA-BoxUsage:m5.xlarge,RunInstances,us-east-1c,i-042397f998f324014,1.0,8.0,8.0,0.0,0.0,0.121417,0.121417,Hrs,0.192,0.192,Amazon Elastic Compute Cloud,m5.xlarge,4,16 GiB,Linux,us-east-1,AmazonEC2,35.51,49.71,32.51,40,2026-01-01T20:29:31Z,backend,prod,CC400,arn:aws:ec2:us-east-1:334455667788:reserved-instances/195ff1f8-8a44-4f1c-979d-5733a30ad375,0.121417,0.103204,0.018213,,,,,,,,,
89edf623dbca4d8d9dbd7e551dbee95c,2026-01-05T14:00:00Z/2026-01-05T15:00:00Z,112233445566,2026-01-01T00:00:00Z,2026-02-01T00:00:00Z,AWS,334455667788,DiscountedUsage,2026-01-05T14:00:00Z,2026-01-05T15:00:00Z,AmazonEC2,USEA-BoxUsage:m5.xlarge,RunInstances,us-east-1c,i-042397f998f324014,1.0,8.0,8.0,0.0,0.0,0.130765,0.130765,Hrs,0.192,0.192,Amazon Elastic Compute Cloud,m5.xlarge,4,16 GiB,Linux,us-east-1,AmazonEC2,33.91,31.9,24.63,23,2026-01-04T00:39:51Z,backend,prod,CC400,arn:aws:ec2:us-east-1:334455667788:reserved-instances/195ff1f8-8a44-4f1c-979d-5733a30ad375,0.130765,0.11115,0.019615,,,,,,,,,
f2ed61c4a71f42e6800d90855070a571,2026-01-06T00:00:00Z/2026-01-06T01:00:00Z,112233445566,2026-01-01T00:00:00Z,2026-02-01T00:00:00Z,AWS,334455667788,DiscountedUsage,2026-01-06T00:00:00Z,2026-01-06T01:00:00Z,AmazonEC2,USEA-BoxUsage:m5.xlarge,RunInstances,us-east-1c,i-042397f998f324014,1.0,8.0,8.0,0.0,0.0,0.123732,0.123732,Hrs,0.192,0.192,Amazon Elastic Compute Cloud,m5.xlarge,4,16 GiB,Linux,us-east-1,AmazonEC2,31.23,29.77,28.25,50,2026-01-02T05:54:44Z,backend,prod,CC400,arn:aws:ec2:us-east-1:334455667788:reserved-instances/195ff1f8-8a44-4f1c-979d-5733a30ad375,0.123732,0.105172,0.01856,,,,,,,,,
6fbc1b1be78f49429525366821d9c913,2026-01-06T10:00:00Z/2026-01-06T11:00:00Z,112233445566,2026-01-01T00:00:00Z,2026-02-01T00:00:00Z,AWS,334455667788,DiscountedUsage,2026-01-06T10:00:00Z,2026-01-06T11:00:00Z,AmazonEC2,USEA-BoxUsage:m5.xlarge,RunInstances,us-east-1c,i-042397f998f324014,1.0,8.0,8.0,0.0,0.0,0.131021,0.131021,Hrs,0.192,0.192,Amazon Elastic Compute Cloud,m5.xlarge,4,16 GiB,Linux,us-east-1,AmazonEC2,41.77,39.07,39.99,59,2026-01-03T03:46:38Z,backend,prod,CC400,arn:aws:ec2:us-east-1:334455667788:reserved-instances/195ff1f8-8a44-4f1c-979d-5733a30ad375,0.131021,0.111368,0.019653,,,,,,,,,
1026514d1d61410ba2083f05e13b75fa,2026-01-06T20:00:00Z/2026-01-06T21:00:00Z,112233445566,2026-01-01T00:00:00Z,2026-02-01T00:00:00Z,AWS,334455667788,DiscountedUsage,2026-01-06T20:00:00Z,2026-01-06T21:00:00Z,AmazonEC2,USEA-BoxUsage:m5.xlarge,RunInstances,us-east-1c,i-042397f998f324014,1.0,8.0,8.0,0.0,0.0,0.122553,0.122553,Hrs,0.192,0.192,Amazon Elastic Compute Cloud,m5.xlarge,4,16 GiB,Linux,us-east-1,AmazonEC2,32.26,33.4,24.94,39,2026-01-05T01:00:08Z,backend,prod,CC400,arn:aws:ec2:us-east-1:334455667788:reserved-instances/195ff1f8-8a44-4f1c-979d-5733a30ad375,0.122553,0.10417,0.018383,,,,,,,,,
02f72c4e9ec940e6b7ce2f5f035ffb1d,2026-01-07T06:00:00Z/2026-01-07T07:00:00Z,112233445566,2026-01-01T00:00:00Z,2026-02-01T00:00:00Z,AWS,334455667788,DiscountedUsage,2026-01-07T06:00:00Z,2026-01-07T07:00:00Z,AmazonEC2,USEA-BoxUsage:m5.xlarge,RunInstances,us-east-1c,i-042397f998f324014,1.0,8.0,8.0,0.0,0.0,0.129338,0.129338,Hrs,0.192,0.192,Amazon Elastic Compute Cloud,m5.xlarge,4,16 GiB,Linux,us-east-1,AmazonEC2,41.82,36.59,27.21,66,2026-01-04T16:03:24Z,backend,prod,CC400,arn:aws:ec2:us-east-1:334455667788:reserved-instances/195ff1f8-8a44-4f1c-979d-5733a30ad375,0.129338,0.109937,0.019401,,,,,,,,,
a27e3ca546514a3fa6313b1bd95f66a3,2026-01-07T16:00:00Z/2026-01-07T17:00:00Z,112233445566,2026-01-01T00:00:00Z,2026-02-01T00:00:00Z,AWS,334455667788,DiscountedUsage,2026-01-07T16:00:00Z,2026-01-07T17:00:00Z,AmazonEC2,USEA-BoxUsage:m5.xlarge,RunInstances,us-east-1c,i-042397f998f324014,1.0,8.0,8.0,0.0,0.0,0.108155,0.108155,Hrs,0.192,0.192,Amazon Elastic Compute Cloud,m5.xlarge,4,16 GiB,Linux,us-east-1,AmazonEC2,38.9,43.26,20.57,57,2026-01-05T12:58:04Z,backend,prod,CC400,arn:aws:ec2:us-east-1:334455667788:reserved-instances/195ff1f8-8a44-4f1c-979d-5733a30ad375,0.108155,0.091932,0.016223,,,,,,,,,
d8f3d981f35a4b04839a0f8f71877ace,2026-01-08T02:00:00Z/2026-01-08T03:00:00Z,112233445566,2026-01-01T00:00:00Z,2026-02-01T00:00:00Z,AWS,334455667788,DiscountedUsage,2026-01-08T02:00:00Z,2026-01-08T03:00:00Z,AmazonEC2,USEA-BoxUsage:m5.xlarge,RunInstances,us-east-1c,i-042397f998f324014,1.0,8.0,8.0,0.0,0.0,0.114424,0.114424,Hrs,0.192,0.192,Amazon Elastic Compute Cloud,m5.xlarge,4,16 GiB,Linux,us-east-1,AmazonEC2,23.95,30.78,22.77,62,2026-01-03T19:30:56Z,backend,prod,CC400,arn:aws:ec2:us-east-1:334455667788:reserved-instances/195ff1f8-8a44-4f1c-979d-5733a30ad375,0.114424,0.09726,0.017164,,,,,,,,,
2119c57207f1409cabc9eb30834bf9ab,2026-01-08T12:00:00Z/2026-01-08T13:00:00Z,112233445566,2026-01-01T00:00:00Z,2026-02-01T00:00:00Z,AWS,334455667788,DiscountedUsage,2026-01-08T12:00:00Z,2026-01-08T13:00:00Z,AmazonEC2,USEA-BoxUsage:m5.xlarge,RunInstances,us-east-1c,i-042397f998f324014,1.0,8.0,8.0,0.0,0.0,0.129534,0.129534,Hrs,0.192,0.192,Amazon Elastic Compute Cloud,m5.xlarge,4,16 GiB,Linux,us-east-1,AmazonEC2,32.7,51.3,30.29,19,2026-01-04T15:04:41Z,backend,prod,CC400,arn:aws:ec2:us-east-1:334455667788:reserved-instances/195ff1f8-8a44-4f1c-979d-5733a30ad375,0.129534,0.110104,0.01943,,,,,,,,,
9121224ccabb4cab9b8a89c9667a87f3,2026-01-08T22:00:00Z/2026-01-08T23:00:00Z,112233445566,2026-01-01T00:00:00Z,2026-02-01T00:00:00Z,AWS,334455667788,DiscountedUsage,2026-01-08T22:00:00Z,2026-01-08T23:00:00Z,AmazonEC2,USEA-BoxUsage:m5.xlarge,RunInstances,us-east-1c,i-042397f998f324014,1.0,8.0,8.0,0.0,0.0,0.124838,0.124838,Hrs,0.192,0.192,Amazon Elastic Compute Cloud,m5.xlarge,4,16 GiB,Linux,us-east-1,AmazonEC2,34.46,42.19,19.71,42,2026-01-06T11:57:17Z,backend,prod,CC400,arn:aws:ec2:us-east-1:334455667788:reserved-instances/195ff1f8-8a44-4f1c-979d-5733a30ad375,0.124838,0.106112,0.018726,,,,,,,,,
a5a4b88ad9284474ac2d49ee0d26a974,2026-01-09T08:00:00Z/2026-01-09T09:00:00Z,112233445566,2026-01-01T00:00:00Z,2026-02-01T00:00:00Z,AWS,334455667788,DiscountedUsage,2026-01-09T08:00:00Z,2026-01-09T09:00:00Z,AmazonEC2,USEA-BoxUsage:m5.xlarge,RunInstances,us-east-1c,i-042397f998f324014,1.0,8.0,8.0,0.0,0.0,0.133726,0.133726,Hrs,0.192,0.192,Amazon Elastic Compute Cloud,m5.xlarge,4,16 GiB,Linux,us-east-1,AmazonEC2,32.05,34.59,22.48,44,2026-01-07T07:27:47Z,backend,prod,CC400,arn:aws:ec2:us-east-1:334455667788:reserved-instances/195ff1f8-8a44-4f1c-979d-5733a30ad375,0.133726,0.113667,0.020059,,,,,,,,,
25e6a5a3eba745dfb586a02503d8a5e3,2026-01-09T18:00:00Z/2026-01-09T19:00:00Z,112233445566,2026-01-01T00:00:00Z,2026-02-01T00:00:00Z,AWS,334455667788,DiscountedUsage,2026-01-09T18:00:00Z,2026-01-09T19:00:00Z,AmazonEC2,USEA-BoxUsage:m5.xlarge,RunInstances,us-east-1c,i-042397f998f324014,1.0,8.0,8.0,0.0,0.0,0.132898,0.132898,Hrs,0.192,0.192,Amazon Elastic Compute Cloud,m5.xlarge,4,16 GiB,Linux,us-east-1,AmazonEC2,36.66,46.54,40.57,43,2026-01-07T10:25:04Z,backend,prod,CC400,arn:aws:ec2:us-east-1:334455667788:reserved-instances/195ff1f8-8a44-4f1c-979d-5733a30ad375,0.132898,0.112963,0.019935,,,,,,,,,
73f71b56c956497fa31215bc0084f098,2026-01-10T04:00:00Z/2026-01-10T05:00:00Z,112233445566,2026-01-01T00:00:00Z,2026-02-01T00:00:00Z,AWS,334455667788,DiscountedUsage,2026-01-10T04:00:00Z,2026-01-10T05:00:00Z,AmazonEC2,USEA-BoxUsage:m5.xlarge,RunInstances,us-east-1c,i-042397f998f324014,1.0,8.0,8.0,0.0,0.0,0.111375,0.111375,Hrs,0.192,0.192,Amazon Elastic Compute Cloud,m5.xlarge,4,16 GiB,Linux,us-east-1,AmazonEC2,35.03,32.76,22.54,56,2026-01-08T05:01:14Z,backend,prod,CC400,arn:aws:ec2:us-east-1:334455667788:reserved-instances/195ff1f8-8a44-4f1c-979d-5733a30ad375,0.111375,0.094669,0.016706,,,,,,,,,
befa4b435b1d4fc38c59c978f6499645,2026-01-10T14:00:00Z/2026-01-10T15:00:00Z,112233445566,2026-01-01T00:00:00Z,2026-02-01T00:00:00Z,AWS,334455667788,DiscountedUsage,2026-01-10T14:00:00Z,2026-01-10T15:00:00Z,AmazonEC2,USEA-BoxUsage:m5.xlarge,RunInstances,us-east-1c,i-042397f998f324014,1.0,8.0,8.0,0.0,0.0,0.129336,0.129336,Hrs,0.192,0.192,Amazon Elastic Compute Cloud,m5.xlarge,4,16 GiB,Linux,us-east-1,AmazonEC2,38.74,35.44,28.45,16,2026-01-07T18:51:58Z,backend,prod,CC400,arn:aws:ec2:us-east-1:334455667788:reserved-instances/195ff1f8-8a44-4f1c-979d-5733a30ad375,0.129336,0.109936,0.0194,,,,,,,,,
5adc26985e1f47ff87c105a2eb08114a,2026-01-11T00:00:00Z/2026-01-11T01:00:00Z,112233445566,2026-01-01T00:00:00Z,2026-02-01T00:00:00Z,AWS,334455667788,DiscountedUsage,2026-01-11T00:00:00Z,2026-01-11T01:00:00Z,AmazonEC2,USEA-BoxUsage:m5.xlarge,RunInstances,us-east-1c,i-042397f998f324014,1.0,8.0,8.0,0.0,0.0,0.124127,0.124127,Hrs,0.192,0.192,Amazon Elastic Compute Cloud,m5.xlarge,4,16 GiB,Linux,us-east-1,AmazonEC2,40.19,47.08,34.3,27,2026-01-08T18:23:05Z,backend,prod,CC400,arn:aws:ec2:us-east-1:334455667788:reserved-instances/195ff1f8-8a44-4f1c-979d-5733a30ad375,0.124127,0.105508,0.018619,,,,,,,,,
48a22a669a3e47dca7354d159e5978da,2026-01-11T10:00:00Z/2026-01-11T11:00:00Z,112233445566,2026-01-01T00:00:00Z,2026-02-01T00:00:00Z,AWS,334455667788,DiscountedUsage,2026-01-11T10:00:00Z,2026-01-11T11:00:00Z,AmazonEC2,USEA-BoxUsage:m5.xlarge,RunInstances,us-east-1c,i-042397f998f324014,1.0,8.0,8.0,0.0,0.0,0.130769,0.130769,Hrs,0.192,0.192,Amazon Elastic Compute Cloud,m5.xlarge,4,16 GiB,Linux,us-east-1,AmazonEC2,36.78,33.78,41.8,54,2026-01-06T23:36:44Z,backend,prod,CC400,arn:aws:ec2:us-east-1:334455667788:reserved-instances/195ff1f8-8a44-4f1c-979d-5733a30ad375,0.130769,0.111154,0.019615,,,,,,,,,
b692d4d512304d99b31df93ad80aff53,2026-01-11T20:00:00Z/2026-01-11T21:00:00Z,112233445566,2026-01-01T00:00:00Z,2026-02-01T00:00:00Z,AWS,334455667788,DiscountedUsage,2026-01-11T20:00:00Z,2026-01-11T21:00:00Z,AmazonEC2,USEA-BoxUsage:m5.xlarge,RunInstances,us-east-1c,i-042397f998f324014,1.0,8.0,8.0,0.0,0.0,0.131329,0.131329,Hrs,0.192,0.192,Amazon Elastic Compute Cloud,m5.xlarge,4,16 GiB,Linux,us-east-1,AmazonEC2,28.58,35.57,32.61,51,2026-01-08T07:33:01Z,backend,prod,CC400,arn:aws:ec2:us-east-1:334455667788:reserved-instances/195ff1f8-8a44-4f1c-979d-5733a30ad375,0.131329,0.11163,0.019699,,,,,,,,,
084a8fa6d773496baf9cde1bbbc92ed4,2026-01-12T06:00:00Z/2026-01-12T07:00:00Z,112233445566,2026-01-01T00:00:00Z,2026-02-01T00:00:00Z,AWS,334455667788,DiscountedUsage,2026-01-12T06:00:00Z,2026-01-12T07:00:00Z,AmazonEC2,USEA-BoxUsage:m5.xlarge,RunInstances,us-east-1c,i-042397f998f324014,1.0,8.0,8.0,0.0,0.0,0.131992,0.131992,Hrs,0.192,0.192,Amazon Elastic Compute Cloud,m5.xlarge,4,16 GiB,Linux,us-east-1,AmazonEC2,30.49,38.25,22.61,52,2026-01-07T19:58:32Z,backend,prod,CC400,arn:aws:ec2:us-east-1:334455667788:reserved-instances/195ff1f8-8a44-4f1c-979d-5733a30ad375,0.131992,0.112193,0.019799,,,,,,,,,
9f1f0f4c4ce543b6a3d4ef28701ce52b,2026-01-12T16:00:00Z/2026-01-12T17:00:00Z,112233445566,2026-01-01T00:00:00Z,2026-02-01T00:00:00Z,AWS,334455667788,DiscountedUsage,2026-01-12T16:00:00Z,2026-01-12T17:00:00Z,AmazonEC2,USEA-BoxUsage:m5.xlarge,RunInstances,us-east-1c,i-042397f998f324014,1.0,8.0,8.0,0.0,0.0,0.116726,0.116726,Hrs,0.192,0.192,Amazon Elastic Compute Cloud,m5.xlarge,4,16 GiB,Linux,us-east-1,AmazonEC2,24.16,45.95,22.53,40,2026-01-08T18:49:02Z,backend,prod,CC400,arn:aws:ec2:us-east-1:334455667788:reserved-instances/195ff1f8-8a44-4f1c-979d-5733a30ad375,0.116726,0.099217,0.017509,,,,,,,,,
a0e0d0eb09094e61a21f39dc8bd41020,2026-01-13T02:00:00Z/2026-01-13T03:00:00Z,112233445566,2026-01-01T00:00:00Z,2026-02-01T00:00:00Z,AWS,334455667788,DiscountedUsage,2026-01-13T02:00:00Z,2026-01-13T03:00:00Z,AmazonEC2,USEA-BoxUsage:m5.xlarge,RunInstances,us-east-1c,i-042397f998f324014,1.0,8.0,8.0,0.0,0.0,0.115608,0.115608,Hrs,0.192,0.192,Amazon Elastic Compute Cloud,m5.xlarge,4,16 GiB,Linux,us-east-1,AmazonEC2,35.17,51.23,30.27,59,2026-01-10T01:57:51Z,backend,prod,CC400,arn:aws:ec2:us-east-1:334455667788:reserved-instances/195ff1f8-8a44-4f1c-979d-5733a30ad375,0.115608,0.098267,0.017341,,,,,,,,,
53fab13d144c4b6499ed352ba45f3a99,2026-01-13T12:00:00Z/2026-01-13T13:00:00Z,112233445566,2026-01-01T00:00:00Z,2026-02-01T00:00:00Z,AWS,334455667788,DiscountedUsage,2026-01-13T12:00:00Z,2026-01-13T13:00:00Z,AmazonEC2,USEA-BoxUsage:m5.xlarge,RunInstances,us-east-1c,i-042397f998f324014,1.0,8.0,8.0,0.0,0.0,0.121199,0.121199,Hrs,0.192,0.192,Amazon Elastic Compute Cloud,m5.xlarge,4,16 GiB,Linux,us-east-1,AmazonEC2,34.45,44.19,21.6,60,2026-01-11T19:12:28Z,backend,prod,CC400,arn:aws:ec2:us-east-1:334455667788:reserved-instances/195ff1f8-8a44-4f1c-979d-5733a30ad375,0.121199,0.103019,0.01818,,,,,,,,,
34263f8cb0e64311b69b8d400483d37b,2026-01-13T22:00:00Z/2026-01-13T23:00:00Z,112233445566,2026-01-01T00:00:00Z,2026-02-01T00:00:00Z,AWS,334455667788,DiscountedUsage,2026-01-13T22:00:00Z,2026-01-13T23:00:00Z,AmazonEC2,USEA-BoxUsage:m5.xlarge,RunInstances,us-east-1c,i-042397f998f324014,1.0,8.0,8.0,0.0,0.0,0.118131,0.118131,Hrs,0.192,0.192,Amazon Elastic Compute Cloud,m5.xlarge,4,16 GiB,Linux,us-east-1,AmazonEC2,41.96,31.76,26.1,50,2026-01-09T12:23:03Z,backend,prod,CC400,arn:aws:ec2:us-east-1:334455667788:reserved-instances/195ff1f8-8a44-4f1c-979d-5733a30ad375,0.118131,0.100411,0.01772,,,,,,,,,
3dca6701d8374338b33ca88ae10b2792,2026-01-14T08:00:00Z/2026-01-14T09:00:00Z,112233445566,2026-01-01T00:00:00Z,2026-02-01T00:00:00Z,AWS,334455667788,DiscountedUsage,2026-01-14T08:00:00Z,2026-01-14T09:00:00Z,AmazonEC2,USEA-BoxUsage:m5.xlarge,RunInstances,us-east-1c,i-042397f998f324014,1.0,8.0,8.0,0.0,0.0,0.111362,0.111362,Hrs,0.192,0.192,Amazon Elastic Compute Cloud,m5.xlarge,4,16 GiB,Linux,us-east-1,AmazonEC2,23.87,31.91,21.71,67,2026-01-10T06:34:31Z,backend,prod,CC400,arn:aws:ec2:us-east-1:334455667788:reserved-instances/195ff1f8-8a44-4f1c-979d-5733a30ad375,0.111362,0.094658,0.016704,,,,,,,,,
2b544dd8aa67452c8f827dd575642f9d,2026-01-14T18:00:00Z/2026-01-14T19:00:00Z,112233445566,2026-01-01T00:00:00Z,2026-02-01T00:00:00Z,AWS,334455667788,DiscountedUsage,2026-01-14T18:00:00Z,2026-01-14T19:00:00Z,AmazonEC2,USEA-BoxUsage:m5.xlarge,RunInstances,us-east-1c,i-042397f998f324014,1.0,8.0,8.0,0.0,0.0,0.119624,0.119624,Hrs,0.192,0.192,Amazon Elastic Compute Cloud,m5.xlarge,4,16 GiB,Linux,us-east-1,AmazonEC2,29.48,51.27,27.44,56,2026-01-11T15:33:18Z,backend,prod,CC400,arn:aws:ec2:us-east-1:334455667788:reserved-instances/195ff1f8-8a44-4f1c-979d-5733a30ad375,0.119624,0.10168,0.017944,,,,,,,,,
cb9a8ae448ff42408fa89e2c8e0a8897,2026-01-15T04:00:00Z/2026-01-15T05:00:00Z,112233445566,2026-01-01T00:00:00Z,2026-02-01T00:00:00Z,AWS,334455667788,DiscountedUsage,2026-01-15T04:00:00Z,2026-01-15T05:00:00Z,AmazonEC2,USEA-BoxUsage:m5.xlarge,RunInstances,us-east-1c,i-042397f998f324014,1.0,8.0,8.0,0.0,0.0,0.107992,0.107992,Hrs,0.192,0.192,Amazon Elastic Compute Cloud,m5.xlarge,4,16 GiB,Linux,us-east-1,AmazonEC2,32.28,41.33,41.19,16,2026-01-12T20:42:26Z,backend,prod,CC400,arn:aws:ec2:us-east-1:334455667788:reserved-instances/195ff1f8-8a44-4f1c-979d-5733a30ad375,0.107992,0.091793,0.016199,,,,,,,,,
8b16d42043794e0eb00a72e87957bc0c,2026-01-15T14:00:00Z/2026-01-15T15:00:00Z,112233445566,2026-01-01T00:00:00Z,2026-02-01T00:00:00Z,AWS,334455667788,DiscountedUsage,2026-01-15T14:00:00Z,2026-01-15T15:00:00Z,AmazonEC2,USEA-BoxUsage:m5.xlarge,RunInstances,us-east-1c,i-042397f998f324014,1.0,8.0,8.0,0.0,0.0,0.130806,0.130806,Hrs,0.192,0.192,Amazon Elastic Compute Cloud,m5.xlarge,4,16 GiB,Linux,us-east-1,AmazonEC2,24.12,45.45,19.96,48,2026-01-11T07:17:43Z,backend,prod,CC400,arn:aws:ec2:us-east-1:334455667788:reserved-instances/195ff1f8-8a44-4f1c-979d-5733a30ad375,0.130806,0.111185,0.019621,,,,,,,,,
52c870fae3804a3d811c6136dd830b12,2026-01-16T00:00:00Z/2026-01-16T01:00:00Z,112233445566,2026-01-01T00:00:00Z,2026-02-01T00:00:00Z,AWS,334455667788,DiscountedUsage,2026-01-16T00:00:00Z,2026-01-16T01:00:00Z,AmazonEC2,USEA-BoxUsage:m5.xlarge,RunInstances,us-east-1c,i-042397f998f324014,1.0,8.0,8.0,0.0,0.0,0.121728,0.121728,Hrs,0.192,0.192,Amazon Elastic Compute Cloud,m5.xlarge,4,16 GiB,Linux,us-east-1,AmazonEC2,23.89,41.47,41.27,43,2026-01-13T23:33:43Z,backend,prod,CC400,arn:aws:ec2:us-east-1:334455667788:reserved-instances/195ff1f8-8a44-4f1c-979d-5733a30ad375,0.121728,0.103469,0.018259,,,,,,,,,
61f50eef33734136a32b7031900566e9,2026-01-16T10:00:00Z/2026-01-16T11:00:00Z,112233445566,2026-01-01T00:00:00Z,2026-02-01T00:00:00Z,AWS,334455667788,DiscountedUsage,2026-01-16T10:00:00Z,2026-01-16T11:00:00Z,AmazonEC2,USEA-BoxUsage:m5.xlarge,RunInstances,us-east-1c,i-042397f998f324014,1.0,8.0,8.0,0.0,0.0,0.131538,0.131538,Hrs,0.192,0.192,Amazon Elastic Compute Cloud,m5.xlarge,4,16 GiB,Linux,us-east-1,AmazonEC2,33.1,28.7,22.75,34,2026-01-14T14:48:00Z,backend,prod,CC400,arn:aws:ec2:us-east-1:334455667788:reserved-instances/195ff1f8-8a44-4f1c-979d-5733a30ad375,0.131538,0.111807,0.019731,,,,,,,,,
415db1f0393f4dbbb4b390c5136dfcb6,2026-01-16T20:00:00Z/2026-01-16T21:00:00Z,112233445566,2026-01-01T00:00:00Z,2026-02-01T00:00:00Z,AWS,334455667788,DiscountedUsage,2026-01-16T20:00:00Z,2026-01-16T21:00:00Z,AmazonEC2,USEA-BoxUsage:m5.xlarge,RunInstances,us-east-1c,i-042397f998f324014,1.0,8.0,8.0,0.0,0.0,0.127305,0.127305,Hrs,0.192,0.192,Amazon Elastic Compute Cloud,m5.xlarge,4,16 GiB,Linux,us-east-1,AmazonEC2,37.87,38.38,38.82,70,2026-01-14T17:26:50Z,backend,prod,CC400,arn:aws:ec2:us-east-1:334455667788:reserved-instances/195ff1f8-8a44-4f1c-979d-5733a30ad375,0.127305,0.108209,0.019096,,,,,,,,,
9db167befb074d82ad3649a65595b4ce,2026-01-17T16:00:00Z/2026-01-17T17:00:00Z,112233445566,2026-01-01T00:00:00Z,2026-02-01T00:00:00Z,AWS,334455667788,DiscountedUsage,2026-01-17T16:00:00Z,2026-01-17T17:00:00Z,AmazonEC2,USEA-BoxUsage:m5.xlarge,RunInstances,us-east-1c,i-042397f998f324014,1.0,8.0,8.0,0.0,0.0,0.107603,0.107603,Hrs,0.192,0.192,Amazon Elastic Compute Cloud,m5.xlarge,4,16 GiB,Linux,us-east-1,AmazonEC2,25.44,46.95,25.83,37,2026-01-15T06:56:15Z,backend,prod,CC400,arn:aws:ec2:us-east-1:334455667788:reserved-instances/195ff1f8-8a44-4f1c-979d-5733a30ad375,0.107603,0.091463,0.01614,,,,,,,,,
b4a95171d9fb4c90bf6eb453cbc02a00,2026-01-18T02:00:00Z/2026-01-18T03:00:00Z,112233445566,2026-01-01T00:00:00Z,2026-02-01T00:00:00Z,AWS,334455667788,DiscountedUsage,2026-01-18T02:00:00Z,2026-01-18T03:00:00Z,AmazonEC2,USEA-BoxUsage:m5.xlarge,RunInstances,us-east-1c,i-042397f998f324014,1.0,8.0,8.0,0.0,0.0,0.1266,0.1266,Hrs,0.192,0.192,Amazon Elastic Compute Cloud,m5.xlarge,4,16 GiB,Linux,us-east-1,AmazonEC2,37.04,51.57,27.18,56,2026-01-16T12:46:39Z,backend,prod,CC400,arn:aws:ec2:us-east-1:334455667788:reserved-instances/195ff1f8-8a44-4f1c-979d-5733a30ad375,0.1266,0.10761,0.01899,,,,,,,,,
0c690368d8134593891605ba9b0812f4,2026-01-18T12:00:00Z/2026-01-18T13:00:00Z,112233445566,2026-01-01T00:00:00Z,2026-02-01T00:00:00Z,AWS,334455667788,DiscountedUsage,2026-01-18T12:00:00Z,2026-01-18T13:00:00Z,AmazonEC2,USEA-BoxUsage:m5.xlarge,RunInstances,us-east-1c,i-042397f998f324014,1.0,8.0,8.0,0.0,0.0,0.123091,0.123091,Hrs,0.192,0.192,Amazon Elastic Compute Cloud,m5.xlarge,4,16 GiB,Linux,us-east-1,AmazonEC2,38.88,45.41,33.71,71,2026-01-14T06:57:53Z,backend,prod,CC400,arn:aws:ec2:us-east-1:334455667788:reserved-instances/195ff1f8-8a44-4f1c-979d-5733a30ad375,0.123091,0.104627,0.018464,,,,,,,,,
ae8f80ce3bbc4437bba776989b2f1cf5,2026-01-18T22:00:00Z/2026-01-18T23:00:00Z,112233445566,2026-01-01T00:00:00Z,2026-02-01T00:00:00Z,AWS,334455667788,DiscountedUsage,2026-01-18T22:00:00Z,2026-01-18T23:00:00Z,AmazonEC2,USEA-BoxUsage:m5.xlarge,RunInstances,us-east-1c,i-042397f998f324014,1.0,8.0,8.0,0.0,0.0,0.109586,0.109586,Hrs,0.192,0.192,Amazon Elastic Compute Cloud,m5.xlarge,4,16 GiB,Linux,us-east-1,AmazonEC2,28.81,51.8,30.77,38,2026-01-15T00:05:09Z,backend,prod,CC400,arn:aws:ec2:us-east-1:334455667788:reserved-instances/195ff1f8-8a44-4f1c-979d-5733a30ad375,0.109586,0.093148,0.016438,,,,,,,,,
ec2b6910ddd8429e8b948eb53c9879c2,2026-01-19T08:00:00Z/2026-01-19T09:00:00Z,112233445566,2026-01-01T00:00:00Z,2026-02-01T00:00:00Z,AWS,334455667788,DiscountedUsage,2026-01-19T08:00:00Z,2026-01-19T09:00:00Z,AmazonEC2,USEA-BoxUsage:m5.xlarge,RunInstances,us-east-1c,i-042397f998f324014,1.0,8.0,8.0,0.0,0.0,0.123987,0.123987,Hrs,0.192,0.192,Amazon Elastic Compute Cloud,m5.xlarge,4,16 GiB,Linux,us-east-1,AmazonEC2,37.57,49.64,32.22,58,2026-01-16T15:05:09Z,backend,prod,CC400,arn:aws:ec2:us-east-1:334455667788:reserved-instances/195ff1f8-8a44-4f1c-979d-5733a30ad375,0.123987,0.105389,0.018598,,,,,,,,,
5141639dbbcc4b3484d6e5ed1fc235f5,2026-01-19T18:00:00Z/2026-01-19T19:00:00Z,112233445566,2026-01-01T00:00:00Z,2026-02-01T00:00:00Z,AWS,334455667788,DiscountedUsage,2026-01-19T18:00:00Z,2026-01-19T19:00:00Z,AmazonEC2,USEA-BoxUsage:m5.xlarge,RunInstances,us-east-1c,i-042397f998f324014,1.0,8.0,8.0,0.0,0.0,0.130514,0.130514,Hrs,0.192,0.192,Amazon Elastic Compute Cloud,m5.xlarge,4,16 GiB,Linux,us-east-1,AmazonEC2,25.43,41.66,36.11,70,2026-01-15T22:30:32Z,backend,prod,CC400,arn:aws:ec2:us-east-1:334455667788:reserved-instances/195ff1f8-8a44-4f1c-979d-5733a30ad375,0.130514,0.110937,0.019577,,,,,,,,,
c1caaad04adb4aabbda846d679cab58d,2026-01-20T04:00:00Z/2026-01-20T05:00:00Z,112233445566,2026-01-01T00:00:00Z,2026-02-01T00:00:00Z,AWS,334455667788,DiscountedUsage,2026-01-20T04:00:00Z,2026-01-20T05:00:00Z,AmazonEC2,USEA-BoxUsage:m5.xlarge,RunInstances,us-east-1c,i-042397f998f324014,1.0,8.0,8.0,0.0,0.0,0.133342,0.133342,Hrs,0.192,0.192,Amazon Elastic Compute Cloud,m5.xlarge,4,16 GiB,Linux,us-east-1,AmazonEC2,29.58,48.94,38.74,30,2026-01-16T13:07:30Z,backend,prod,CC400,arn:aws:ec2:us-east-1:334455667788:reserved-instances/195ff1f8-8a44-4f1c-979d-5733a30ad375,0.133342,0.113341,0.020001,,,,,,,,,
b69e35007f9e46a98d81809b83a80f45,2026-01-20T14:00:00Z/2026-01-20T15:00:00Z,112233445566,2026-01-01T00:00:00Z,2026-02-01T00:00:00Z,AWS,334455667788,DiscountedUsage,2026-01-20T14:00:00Z,2026-01-20T15:00:00Z,AmazonEC2,USEA-BoxUsage:m5.xlarge,RunInstances,us-east-1c,i-042397f998f324014,1.0,8.0,8.0,0.0,0.0,0.125704,0.125704,Hrs,0.192,0.192,Amazon Elastic Compute Cloud,m5.xlarge,4,16 GiB,Linux,us-east-1,AmazonEC2,25.86,50.98,37.42,17,2026-01-18T19:48:28Z,backend,prod,CC400,arn:aws:ec2:us-east-1:334455667788:reserved-instances/195ff1f8-8a44-4f1c-979d-5733a30ad375,0.125704,0.106848,0.018856,,,,,,,,,
6143197cfafd489789bd8e54d38f2203,2026-01-21T00:00:00Z/2026-01-21T01:00:00Z,112233445566,2026-01-01T00:00:00Z,2026-02-01T00:00:00Z,AWS,334455667788,DiscountedUsage,2026-01-21T00:00:00Z,2026-01-21T01:00:00Z,AmazonEC2,USEA-BoxUsage:m5.xlarge,RunInstances,us-east-1c,i-042397f998f324014,1.0,8.0,8.0,0.0,0.0,0.133128,0.133128,Hrs,0.192,0.192,Amazon Elastic Compute Cloud,m5.xlarge,4,16 GiB,Linux,us-east-1,AmazonEC2,38.25,45.11,31.12,17,2026-01-19T02:38:10Z,backend,prod,CC400,arn:aws:ec2:us-east-1:334455667788:reserved-instances/195ff1f8-8a44-4f1c-979d-5733a30ad375,0.133128,0.113159,0.019969,,,,,,,,,
63e20ffc96f1433194dcc4fa25f6c227,2026-01-21T10:00:00Z/2026-01-21T11:00:00Z,112233445566,2026-01-01T00:00:00Z,2026-02-01T00:00:00Z,AWS,334455667788,DiscountedUsage,2026-01-21T10:00:00Z,2026-01-21T11:00:00Z,AmazonEC2,USEA-BoxUsage:m5.xlarge,RunInstances,us-east-1c,i-042397f998f324014,1.0,8.0,8.0,0.0,0.0,0.122028,0.122028,Hrs,0.192,0.192,Amazon Elastic Compute Cloud,m5.xlarge,4,16 GiB,Linux,us-east-1,AmazonEC2,28.03,41.95,31.38,35,2026-01-18T12:28:14Z,backend,prod,CC400,arn:aws:ec2:us-east-1:334455667788:reserved-instances/195ff1f8-8a44-4f1c-979d-5733a30ad375,0.122028,0.103724,0.018304,,,,,,,,,
f3a0dc619d2044bfbe2dcfbf086f0030,2026-01-21T20:00:00Z/2026-01-21T21:00:00Z,112233445566,2026-01-01T00:00:00Z,2026-02-01T00:00:00Z,AWS,334455667788,DiscountedUsage,2026-01-21T20:00:00Z,2026-01-21T21:00:00Z,AmazonEC2,USEA-BoxUsage:m5.xlarge,RunInstances,us-east-1c,i-042397f998f324014,1.0,8.0,8.0,0.0,0.0,0.130344,0.130344,Hrs,0.192,0.192,Amazon Elastic Compute Cloud,m5.xlarge,4,16 GiB,Linux,us-east-1,AmazonEC2,30.35,50.97,27.9,19,2026-01-18T19:31:05Z,backend,prod,CC400,arn:aws:ec2:us-east-1:334455667788:reserved-instances/195ff1f8-8a44-4f1c-979d-5733a30ad375,0.130344,0.110792,0.019552,,,,,,,,,
18197b43ba2b4fdcb80be4e32cb11179,2026-01-22T06:00:00Z/2026-01-22T07:00:00Z,112233445566,2026-01-01T00:00:00Z,2026-02-01T00:00:00Z,AWS,334455667788,DiscountedUsage,2026-01-22T06:00:00Z,2026-01-22T07:00:00Z,AmazonEC2,USEA-BoxUsage:m5.xlarge,RunInstances,us-east-1c,i-042397f998f324014,1.0,8.0,8.0,0.0,0.0,0.118864,0.118864,Hrs,0.192,0.192,Amazon Elastic Compute Cloud,m5.xlarge,4,16 GiB,Linux,us-east-1,AmazonEC2,24.49,31.48,31.39,48,2026-01-18T05:40:38Z,backend,prod,CC400,arn:aws:ec2:us-east-1:334455667788:reserved-instances/195ff1f8-8a44-4f1c-979d-5733a30ad375,0.118864,0.101034,0.01783,,,,,,,,,
3d5fcfcab9cd4fbead42517a10efa1ca,2026-01-22T16:00:00Z/2026-01-22T17:00:00Z,112233445566,2026-01-01T00:00:00Z,2026-02-01T00:00:00Z,AWS,334455667788,DiscountedUsage,2026-01-22T16:00:00Z,2026-01-22T17:00:00Z,AmazonEC2,USEA-BoxUsage:m5.xlarge,RunInstances,us-east-1c,i-042397f998f324014,1.0,8.0,8.0,0.0,0.0,0.112506,0.112506,Hrs,0.192,0.192,Amazon Elastic Compute Cloud,m5.xlarge,4,16 GiB,Linux,us-east-1,AmazonEC2,41.86,32.89,30.73,67,2026-01-19T23:05:40Z,backend,prod,CC400,arn:aws:ec2:us-east-1:334455667788:reserved-instances/195ff1f8-8a44-4f1c-979d-5733a30ad375,0.112506,0.09563,0.016876,,,,,,,,,
9196837c132449ddabf8a33b9692351c,2026-01-23T02:00:00Z/2026-01-23T03:00:00Z,112233445566,2026-01-01T00:00:00Z,2026-02-01T00:00:00Z,AWS,334455667788,DiscountedUsage,2026-01-23T02:00:00Z,2026-01-23T03:00:00Z,AmazonEC2,USEA-BoxUsage:m5.xlarge,RunInstances,us-east-1c,i-042397f998f324014,1.0,8.0,8.0,0.0,0.0,0.124713,0.124713,Hrs,0.192,0.192,Amazon Elastic Compute Cloud,m5.xlarge,4,16 GiB,Linux,us-east-1,AmazonEC2,35.07,49.53,25.05,28,2026-01-20T08:06:22Z,backend,prod,CC400,arn:aws:ec2:us-east-1:334455667788:reserved-instances/195ff1f8-8a44-4f1c-979d-5733a30ad375,0.124713,0.106006,0.018707,,,,,,,,,
e17e7ee77e394c74aec6114794ada141,2026-01-23T12:00:00Z/2026-01-23T13:00:00Z,112233445566,2026-01-01T00:00:00Z,2026-02-01T00:00:00Z,AWS,334455667788,DiscountedUsage,2026-01-23T12:00:00Z,2026-01-23T13:00:00Z,AmazonEC2,USEA-BoxUsage:m5.xlarge,RunInstances,us-east-1c,i-042397f998f324014,1.0,8.0,8.0,0.0,0.0,0.124285,0.124285,Hrs,0.192,0.192,Amazon Elastic Compute Cloud,m5.xlarge,4,16 GiB,Linux,us-east-1,AmazonEC2,36.58,44.35,32.16,40,2026-01-21T14:48:53Z,backend,prod,CC400,arn:aws:ec2:us-east-1:334455667788:reserved-instances/195ff1f8-8a44-4f1c-979d-5733a30ad375,0.124285,0.105642,0.018643,,,,,,,,,
4b923d729a6842b58f119b950f6b81b8,2026-01-23T22:00:00Z/2026-01-23T23:00:00Z,112233445566,2026-01-01T00:00:00Z,2026-02-01T00:00:00Z,AWS,334455667788,DiscountedUsage,2026-01-23T22:00:00Z,2026-01-23T23:00:00Z,AmazonEC2,USEA-BoxUsage:m5.xlarge,RunInstances,us-east-1c,i-042397f998f324014,1.0,8.0,8.0,0.0,0.0,0.123882,0.123882,Hrs,0.192,0.192,Amazon Elastic Compute Cloud,m5.xlarge,4,16 GiB,Linux,us-east-1,AmazonEC2,40.89,35.26,36.41,64,2026-01-22T00:19:29Z,backend,prod,CC400,arn:aws:ec2:us-east-1:334455667788:reserved-instances/195ff1f8-8a44-4f1c-979d-5733a30ad375,0.123882,0.1053,0.018582,,,,,,,,,
b1c258d673514525a4498f2968161615,2026-01-24T08:00:00Z/2026-01-24T09:00:00Z,112233445566,2026-01-01T00:00:00Z,2026-02-01T00:00:00Z,AWS,334455667788,DiscountedUsage,2026-01-24T08:00:00Z,2026-01-24T09:00:00Z,AmazonEC2,USEA-BoxUsage:m5.xlarge,RunInstances,us-east-1c,i-042397f998f324014,1.0,8.0,8.0,0.0,0.0,0.118658,0.118658,Hrs,0.192,0.192,Amazon Elastic Compute Cloud,m5.xlarge,4,16 GiB,Linux,us-east-1,AmazonEC2,27.02,39.86,27.63,25,2026-01-21T23:15:00Z,backend,prod,CC400,arn:aws:ec2:us-east-1:334455667788:reserved-instances/195ff1f8-8a44-4f1c-979d-5733a30ad375,0.118658,0.100859,0.017799,,,,,,,,,
70ebfbf0d7c7498591b6fa4949ef2671,2026-01-24T18:00:00Z/2026-01-24T19:00:00Z,112233445566,2026-01-01T00:00:00Z,2026-02-01T00:00:00Z,AWS,334455667788,DiscountedUsage,2026-01-24T18:00:00Z,2026-01-24T19:00:00Z,AmazonEC2,USEA-BoxUsage:m5.xlarge,RunInstances,us-east-1c,i-042397f998f324014,1.0,8.0,8.0,0.0,0.0,0.124667,0.124667,Hrs,0.192,0.192,Amazon Elastic Compute Cloud,m5.xlarge,4,16 GiB,Linux,us-east-1,AmazonEC2,39.08,38.42,37.4,25,2026-01-22T01:31:07Z,backend,prod,CC400,arn:aws:ec2:us-east-1:334455667788:reserved-instances/195ff1f8-8a44-4f1c-979d-5733a30ad375,0.124667,0.105967,0.0187,,,,,,,,,
5b99e2044cdf4327b85abaf8d8512e8c,2026-01-25T04:00:00Z/2026-01-25T05:00:00Z,112233445566,2026-01-01T00:00:00Z,2026-02-01T00:00:00Z,AWS,334455667788,DiscountedUsage,2026-01-25T04:00:00Z,2026-01-25T05:00:00Z,AmazonEC2,USEA-BoxUsage:m5.xlarge,RunInstances,us-east-1c,i-042397f998f324014,1.0,8.0,8.0,0.0,0.0,0.124096,0.124096,Hrs,0.192,0.192,Amazon Elastic Compute Cloud,m5.xlarge,4,16 GiB,Linux,us-east-1,AmazonEC2,40.54,44.9,23.44,45,2026-01-22T10:33:15Z,backend,prod,CC400,arn:aws:ec2:us-east-1:334455667788:reserved-instances/195ff1f8-8a44-4f1c-979d-5733a30ad375,0.124096,0.105482,0.018614,,,,,,,,,
c661ffb26b06477b9cca75df54459e0a,2026-01-25T14:00:00Z/2026-01-25T15:00:00Z,112233445566,2026-01-01T00:00:00Z,2026-02-01T00:00:00Z,AWS,334455667788,DiscountedUsage,2026-01-25T14:00:00Z,2026-01-25T15:00:00Z,AmazonEC2,USEA-BoxUsage:m5.xlarge,RunInstances,us-east-1c,i-042397f998f324014,1.0,8.0,8.0,0.0,0.0,0.114626,0.114626,Hrs,0.192,0.192,Amazon Elastic Compute Cloud,m5.xlarge,4,16 GiB,Linux,us-east-1,AmazonEC2,41.28,42.55,25.07,41,2026-01-23T12:02:14Z,backend,prod,CC400,arn:aws:ec2:us-east-1:334455667788:reserved-instances/195ff1f8-8a44-4f1c-979d-5733a30ad375,0.114626,0.097432,0.017194,,,,,,,,,
2b1fc19db59043899ee2f4cae13dc205,2026-01-26T00:00:00Z/2026-01-26T01:00:00Z,112233445566,2026-01-01T00:00:00Z,2026-02-01T00:00:00Z,AWS,334455667788,DiscountedUsage,2026-01-26T00:00:00Z,2026-01-26T01:00:00Z,AmazonEC2,USEA-BoxUsage:m5.xlarge,RunInstances,us-east-1c,i-042397f998f324014,1.0,8.0,8.0,0.0,0.0,0.121387,0.121387,Hrs,0.192,0.192,Amazon Elastic Compute Cloud,m5.xlarge,4,16 GiB,Linux,us-east-1,AmazonEC2,35.58,30.07,22.94,26,2026-01-22T07:44:04Z,backend,prod,CC400,arn:aws:ec2:us-east-1:334455667788:reserved-instances/195ff1f8-8a44-4f1c-979d-5733a30ad375,0.121387,0.103179,0.018208,,,,,,,,,
c6260c024e1a447392daf0fea6e0551c,2026-01-26T10:00:00Z/2026-01-26T11:00:00Z,112233445566,2026-01-01T00:00:00Z,2026-02-01T00:00:00Z,AWS,334455667788,DiscountedUsage,2026-01-26T10:00:00Z,2026-01-26T11:00:00Z,AmazonEC2,USEA-BoxUsage:m5.xlarge,RunInstances,us-east-1c,i-042397f998f324014,1.0,8.0,8.0,0.0,0.0,0.115528,0.115528,Hrs,0.192,0.192,Amazon Elastic Compute Cloud,m5.xlarge,4,16 GiB,Linux,us-east-1,AmazonEC2,27.73,51.11,18.89,17,2026-01-23T18:07:58Z,backend,prod,CC400,arn:aws:ec2:us-east-1:334455667788:reserved-instances/195ff1f8-8a44-4f1c-979d-5733a30ad375,0.115528,0.098199,0.017329,,,,,,,,,
e59d217b22c240a7b14ac7876b09834d,2026-01-26T20:00:00Z/2026-01-26T21:00:00Z,112233445566,2026-01-01T00:00:00Z,2026-02-01T00:00:00Z,AWS,334455667788,DiscountedUsage,2026-01-26T20:00:00Z,2026-01-26T21:00:00Z,AmazonEC2,USEA-BoxUsage:m5.xlarge,RunInstances,us-east-1c,i-042397f998f324014,1.0,8.0,8.0,0.0,0.0,0.115564,0.115564,Hrs,0.192,0.192,Amazon Elastic Compute Cloud,m5.xlarge,4,16 GiB,Linux,us-east-1,AmazonEC2,39.16,36.5,18.45,25,2026-01-25T08:29:51Z,backend,prod,CC400,arn:aws:ec2:us-east-1:334455667788:reserved-instances/195ff1f8-8a44-4f1c-979d-5733a30ad375,0.115564,0.098229,0.017335,,,,,,,,,
bc12fe6c069a45249d0f74038bb25954,2026-01-27T06:00:00Z/2026-01-27T07:00:00Z,112233445566,2026-01-01T00:00:00Z,2026-02-01T00:00:00Z,AWS,334455667788,DiscountedUsage,2026-01-27T06:00:00Z,2026-01-27T07:00:00Z,AmazonEC2,USEA-BoxUsage:m5.xlarge,RunInstances,us-east-1c,i-042397f998f324014,1.0,8.0,8.0,0.0,0.0,0.128844,0.128844,Hrs,0.192,0.192,Amazon Elastic Compute Cloud,m5.xlarge,4,16 GiB,Linux,us-east-1,AmazonEC2,27.11,37.11,21.64,16,2026-01-23T21:23:07Z,backend,prod,CC400,arn:aws:ec2:us-east-1:334455667788:reserved-instances/195ff1f8-8a44-4f1c-979d-5733a30ad375,0.128844,0.109517,0.019327,,,,,,,,,
7439b508b2e34acea877762ea15b8f11,2026-01-27T16:00:00Z/2026-01-27T17:00:00Z,112233445566,2026-01-01T00:00:00Z,2026-02-01T00:00:00Z,AWS,334455667788,DiscountedUsage,2026-01-27T16:00:00Z,2026-01-27T17:00:00Z,AmazonEC2,USEA-BoxUsage:m5.xlarge,RunInstances,us-east-1c,i-042397f998f324014,1.0,8.0,8.0,0.0,0.0,0.106424,0.106424,Hrs,0.192,0.192,Amazon Elastic Compute Cloud,m5.xlarge,4,16 GiB,Linux,us-east-1,AmazonEC2,35.12,48.7,18.8,55,2026-01-23T15:39:03Z,backend,prod,CC400,arn:aws:ec2:us-east-1:334455667788:reserved-instances/195ff1f8-8a44-4f1c-979d-5733a30ad375,0.106424,0.09046,0.015964,,,,,,,,,
21daa60be23a45caae33f67f698966bd,2026-01-28T02:00:00Z/2026-01-28T03:00:00Z,112233445566,2026-01-01T00:00:00Z,2026-02-01T00:00:00Z,AWS,334455667788,DiscountedUsage,2026-01-28T02:00:00Z,2026-01-28T03:00:00Z,AmazonEC2,USEA-BoxUsage:m5.xlarge,RunInstances,us-east-1c,i-042397f998f324014,1.0,8.0,8.0,0.0,0.0,0.117354,0.117354,Hrs,0.192,0.192,Amazon Elastic Compute Cloud,m5.xlarge,4,16 GiB,Linux,us-east-1,AmazonEC2,32.83,40.92,24.74,45,2026-01-25T23:17:01Z,backend,prod,CC400,arn:aws:ec2:us-east-1:334455667788:reserved-instances/195ff1f8-8a44-4f1c-979d-5733a30ad375,0.117354,0.099751,0.017603,,,,,,,,,
a5dc6d586ab048b18279c049976dbd4d,2026-01-28T12:00:00Z/2026-01-28T13:00:00Z,112233445566,2026-01-01T00:00:00Z,2026-02-01T00:00:00Z,AWS,334455667788,DiscountedUsage,2026-01-28T12:00:00Z,2026-01-28T13:00:00Z,AmazonEC2,USEA-BoxUsage:m5.xlarge,RunInstances,us-east-1c,i-042397f998f324014,1.0,8.0,8.0,0.0,0.0,0.125338,0.125338,Hrs,0.192,0.192,Amazon Elastic Compute Cloud,m5.xlarge,4,16 GiB,Linux,us-east-1,AmazonEC2,30.57,46.67,19.5,48,2026-01-26T01:44:03Z,backend,prod,CC400,arn:aws:ec2:us-east-1:334455667788:reserved-instances/195ff1f8-8a44-4f1c-979d-5733a30ad375,0.125338,0.106537,0.018801,,,,,,,,,
bc2537892cf24ef1845efcefe3a26376,2026-01-28T22:00:00Z/2026-01-28T23:00:00Z,112233445566,2026-01-01T00:00:00Z,2026-02-01T00:00:00Z,AWS,334455667788,DiscountedUsage,2026-01-28T22:00:00Z,2026-01-28T23:00:00Z,AmazonEC2,USEA-BoxUsage:m5.xlarge,RunInstances,us-east-1c,i-042397f998f324014,1.0,8.0,8.0,0.0,0.0,0.113872,0.113872,Hrs,0.192,0.192,Amazon Elastic Compute Cloud,m5.xlarge,4,16 GiB,Linux,us-east-1,AmazonEC2,22.59,50.68,30.93,38,2026-01-27T04:50:38Z,backend,prod,CC400,arn:aws:ec2:us-east-1:334455667788:reserved-instances/195ff1f8-8a44-4f1c-979d-5733a30ad375,0.113872,0.096791,0.017081,,,,,,,,,
4dbe41e2aff54f85a618156a2698b4ba,2026-01-29T08:00:00Z/2026-01-29T09:00:00Z,112233445566,2026-01-01T00:00:00Z,2026-02-01T00:00:00Z,AWS,334455667788,DiscountedUsage,2026-01-29T08:00:00Z,2026-01-29T09:00:00Z,AmazonEC2,USEA-BoxUsage:m5.xlarge,RunInstances,us-east-1c,i-042397f998f324014,1.0,8.0,8.0,0.0,0.0,0.108846,0.108846,Hrs,0.192,0.192,Amazon Elastic Compute Cloud,m5.xlarge,4,16 GiB,Linux,us-east-1,AmazonEC2,34.03,32.4,36.63,45,2026-01-27T02:34:33Z,backend,prod,CC400,arn:aws:ec2:us-east-1:334455667788:reserved-instances/195ff1f8-8a44-4f1c-979d-5733a30ad375,0.108846,0.092519,0.016327,,,,,,,,,
fcd4a2a54d5743139f50f56bf60871ae,2026-01-29T18:00:00Z/2026-01-29T19:00:00Z,112233445566,2026-01-01T00:00:00Z,2026-02-01T00:00:00Z,AWS,334455667788,DiscountedUsage,2026-01-29T18:00:00Z,2026-01-29T19:00:00Z,AmazonEC2,USEA-BoxUsage:m5.xlarge,RunInstances,us-east-1c,i-042397f998f324014,1.0,8.0,8.0,0.0,0.0,0.134331,0.134331,Hrs,0.192,0.192,Amazon Elastic Compute Cloud,m5.xlarge,4,16 GiB,Linux,us-east-1,AmazonEC2,26.13,47.97,21.86,23,2026-01-28T06:53:49Z,backend,prod,CC400,arn:aws:ec2:us-east-1:334455667788:reserved-instances/195ff1f8-8a44-4f1c-979d-5733a30ad375,0.134331,0.114181,0.02015,,,,,,,,,
d8ec228194734631978a4af5fa72311e,2026-01-30T04:00:00Z/2026-01-30T05:00:00Z,112233445566,2026-01-01T00:00:00Z,2026-02-01T00:00:00Z,AWS,334455667788,DiscountedUsage,2026-01-30T04:00:00Z,2026-01-30T05:00:00Z,AmazonEC2,USEA-BoxUsage:m5.xlarge,RunInstances,us-east-1c,i-042397f998f324014,1.0,8.0,8.0,0.0,0.0,0.126207,0.126207,Hrs,0.192,0.192,Amazon Elastic Compute Cloud,m5.xlarge,4,16 GiB,Linux,us-east-1,AmazonEC2,24.08,41.79,33.67,72,2026-01-27T04:41:18Z,backend,prod,CC400,arn:aws:ec2:us-east-1:334455667788:reserved-instances/195ff1f8-8a44-4f1c-979d-5733a30ad375,0.126207,0.107276,0.018931,,,,,,,,,
5c09ac4ecf1848f1b92d37774b3e71c6,2026-01-30T14:00:00Z/2026-01-30T15:00:00Z,112233445566,2026-01-01T00:00:00Z,2026-02-01T00:00:00Z,AWS,334455667788,DiscountedUsage,2026-01-30T14:00:00Z,2026-01-30T15:00:00Z,AmazonEC2,USEA-BoxUsage:m5.xlarge,RunInstances,us-east-1c,i-042397f998f324014,1.0,8.0,8.0,0.0,0.0,0.11322,0.11322,Hrs,0.192,0.192,Amazon Elastic Compute Cloud,m5.xlarge,4,16 GiB,Linux,us-east-1,AmazonEC2,22.75,39.96,34.61,30,2026-01-27T10:06:54Z,backend,prod,CC400,arn:aws:ec2:us-east-1:334455667788:reserved-instances/195ff1f8-8a44-4f1c-979d-5733a30ad375,0.11322,0.096237,0.016983,,,,,,,,,
735846cdf7704ab19e105c0886256218,2026-01-01T00:00:00Z/2026-01-01T01:00:00Z,112233445566,2026-01-01T00:00:00Z,2026-02-01T00:00:00Z,AWS,223344556677,Usage,2026-01-01T00:00:00Z,2026-01-01T01:00:00Z,AmazonEC2,USWE-BoxUsage:c5.large,RunInstances,us-west-2a,i-0aa9aba6b03d44dd0,1.0,4.0,4.0,0.085,0.085,0.084741,0.087085,Hrs,0.085,0.085,Amazon Elastic Compute Cloud,c5.large,2,4 GiB,Linux,us-west-2,AmazonEC2,25.44,41.45,21.87,69,2025-12-28T01:27:47Z,data-eng,prod,CC200,,,,,,,,,,,,,
d2fe8faed1f8469dabc3c3f1f30d7eaf,2026-01-01T10:00:00Z/2026-01-01T11:00:00Z,112233445566,2026-01-01T00:00:00Z,2026-02-01T00:00:00Z,AWS,223344556677,Usage,2026-01-01T10:00:00Z,2026-01-01T11:00:00Z,AmazonEC2,USWE-BoxUsage:c5.large,RunInstances,us-west-2a,i-0aa9aba6b03d44dd0,1.0,4.0,4.0,0.085,0.085,0.08443,0.082779,Hrs,0.085,0.085,Amazon Elastic Compute Cloud,c5.large,2,4 GiB,Linux,us-west-2,AmazonEC2,25.1,46.33,40.32,69,2025-12-28T18:21:39Z,data-eng,prod,CC200,,,,,,,,,,,,,
5bddc65b73d64044964d11c8c1034351,2026-01-01T20:00:00Z/2026-01-01T21:00:00Z,112233445566,2026-01-01T00:00:00Z,2026-02-01T00:00:00Z,AWS,223344556677,Usage,2026-01-01T20:00:00Z,2026-01-01T21:00:00Z,AmazonEC2,USWE-BoxUsage:c5.large,RunInstances,us-west-2a,i-0aa9aba6b03d44dd0,1.0,4.0,4.0,0.085,0.085,0.086447,0.085719,Hrs,0.085,0.085,Amazon Elastic Compute Cloud,c5.large,2,4 GiB,Linux,us-west-2,AmazonEC2,26.56,36.12,25.63,17,2025-12-29T09:18:57Z,data-eng,prod,CC200,,,,,,,,,,,,,
63ab7dd37f244cab9ac5f70c22aa61af,2026-01-02T06:00:00Z/2026-01-02T07:00:00Z,112233445566,2026-01-01T00:00:00Z,2026-02-01T00:00:00Z,AWS,223344556677,Usage,2026-01-02T06:00:00Z,2026-01-02T07:00:00Z,AmazonEC2,USWE-BoxUsage:c5.large,RunInstances,us-west-2a,i-0aa9aba6b03d44dd0,1.0,4.0,4.0,0.085,0.085,0.088439,0.086789,Hrs,0.085,0.085,Amazon Elastic Compute Cloud,c5.large,2,4 GiB,Linux,us-west-2,AmazonEC2,27.13,36.49,19.81,53,2025-12-30T14:17:39Z,data-eng,prod,CC200,,,,,,,,,,,,,
471388687bdb4701af16dc376d456756,2026-01-02T16:00:00Z/2026-01-02T17:00:00Z,112233445566,2026-01-01T00:00:00Z,2026-02-01T00:00:00Z,AWS,223344556677,Usage,2026-01-02T16:00:00Z,2026-01-02T17:00:00Z,AmazonEC2,USWE-BoxUsage:c5.large,RunInstances,us-west-2a,i-0aa9aba6b03d44dd0,1.0,4.0,4.0,0.085,0.085,0.082536,0.083617,Hrs,0.085,0.085,Amazon Elastic Compute Cloud,c5.large,2,4 GiB,Linux,us-west-2,AmazonEC2,29.12,38.52,22.61,34,2025-12-31T17:12:22Z,data-eng,prod,CC200,,,,,,,,,,,,,
70a9328d640f45e8a217ee112b74c027,2026-01-03T02:00:00Z/2026-01-03T03:00:00Z,112233445566,2026-01-01T00:00:00Z,2026-02-01T00:00:00Z,AWS,223344556677,Usage,2026-01-03T02:00:00Z,2026-01-03T03:00:00Z,AmazonEC2,USWE-BoxUsage:c5.large,RunInstances,us-west-2a,i-0aa9aba6b03d44dd0,1.0,4.0,4.0,0.085,0.085,0.085458,0.085418,Hrs,0.085,0.085,Amazon Elastic Compute Cloud,c5.large,2,4 GiB,Linux,us-west-2,AmazonEC2,26.44,51.78,21.43,33,2025-12-30T19:17:35Z,data-eng,prod,CC200,,,,,,,,,,,,,
c1d501b9a3844b3a983717c894471407,2026-01-03T12:00:00Z/2026-01-03T13:00:00Z,112233445566,2026-01-01T00:00:00Z,2026-02-01T00:00:00Z,AWS,223344556677,Usage,2026-01-03T12:00:00Z,2026-01-03T13:00:00Z,AmazonEC2,USWE-BoxUsage:c5.large,RunInstances,us-west-2a,i-0aa9aba6b03d44dd0,1.0,4.0,4.0,0.085,0.085,0.08408,0.086444,Hrs,0.085,0.085,Amazon Elastic Compute Cloud,c5.large,2,4 GiB,Linux,us-west-2,AmazonEC2,23.73,43.11,37.5,52,2026-01-01T16:43:15Z,data-eng,prod,CC200,,,,,,,,,,,,,
1f9dbdfad17a4dfdbbc631d9b1dc284e,2026-01-03T22:00:00Z/2026-01-03T23:00:00Z,112233445566,2026-01-01T00:00:00Z,2026-02-01T00:00:00Z,AWS,223344556677,Usage,2026-01-03T22:00:00Z,2026-01-03T23:00:00Z,AmazonEC2,USWE-BoxUsage:c5.large,RunInstances,us-west-2a,i-0aa9aba6b03d44dd0,1.0,4.0,4.0,0.085,0.085,0.08281,0.082582,Hrs,0.085,0.085,Amazon Elastic Compute Cloud,c5.large,2,4 GiB,Linux,us-west-2,AmazonEC2,38.11,35.41,33.14,44,2025-12-31T00:03:40Z,data-eng,prod,CC200,,,,,,,,,,,,,
092e98233a3d4c9ea848795016884a2d,2026-01-04T08:00:00Z/2026-01-04T09:00:00Z,112233445566,2026-01-01T00:00:00Z,2026-02-01T00:00:00Z,AWS,223344556677,Usage,2026-01-04T08:00:00Z,2026-01-04T09:00:00Z,AmazonEC2,USWE-BoxUsage:c5.large,RunInstances,us-west-2a,i-0aa9aba6b03d44dd0,1.0,4.0,4.0,0.085,0.085,0.087852,0.082302,Hrs,0.085,0.085,Amazon Elastic Compute Cloud,c5.large,2,4 GiB,Linux,us-west-2,AmazonEC2,35.97,30.04,18.81,49,2026-01-02T11:18:38Z,data-eng,prod,CC200,,,,,,,,,,,,,
dba5217d1d5040e9b6fbf5aef8b6f4ca,2026-01-04T18:00:00Z/2026-01-04T19:00:00Z,112233445566,2026-01-01T00:00:00Z,2026-02-01T00:00:00Z,AWS,223344556677,Usage,2026-01-04T18:00:00Z,2026-01-04T19:00:00Z,AmazonEC2,USWE-BoxUsage:c5.large,RunInstances,us-west-2a,i-0aa9aba6b03d44dd0,1.0,4.0,4.0,0.085,0.085,0.085666,0.086821,Hrs,0.085,0.085,Amazon Elastic Compute Cloud,c5.large,2,4 GiB,Linux,us-west-2,AmazonEC2,35.83,45.15,23.83,25,2026-01-01T08:54:50Z,data-eng,prod,CC200,,,,,,,,,,,,,
bb1600f624194bfa99acdb0173386dbb,2026-01-05T04:00:00Z/2026-01-05T05:00:00Z,112233445566,2026-01-01T00:00:00Z,2026-02-01T00:00:00Z,AWS,223344556677,Usage,2026-01-05T04:00:00Z,2026-01-05T05:00:00Z,AmazonEC2,USWE-BoxUsage:c5.large,RunInstances,us-west-2a,i-0aa9aba6b03d44dd0,1.0,4.0,4.0,0.085,0.085,0.083342,0.086309,Hrs,0.085,0.085,Amazon Elastic Compute Cloud,c5.large,2,4 GiB,Linux,us-west-2,AmazonEC2,30.46,36.66,26.96,36,2026-01-02T13:24:40Z,data-eng,prod,CC200,,,,,,,,,,,,,
a5d7fae82c7d4fa2a69b288fca0c969d,2026-01-05T14:00:00Z/2026-01-05T15:00:00Z,112233445566,2026-01-01T00:00:00Z,2026-02-01T00:00:00Z,AWS,223344556677,Usage,2026-01-05T14:00:00Z,2026-01-05T15:00:00Z,AmazonEC2,USWE-BoxUsage:c5.large,RunInstances,us-west-2a,i-0aa9aba6b03d44dd0,1.0,4.0,4.0,0.085,0.085,0.086714,0.085128,Hrs,0.085,0.085,Amazon Elastic Compute Cloud,c5.large,2,4 GiB,Linux,us-west-2,AmazonEC2,29.73,51.57,24.15,54,2026-01-03T03:45:19Z,data-eng,prod,CC200,,,,,,,,,,,,,
e9a36c6d111e430590e5aaa27486fcb7,2026-01-06T00:00:00Z/2026-01-06T01:00:00Z,112233445566,2026-01-01T00:00:00Z,2026-02-01T00:00:00Z,AWS,223344556677,Usage,2026-01-06T00:00:00Z,2026-01-06T01:00:00Z,AmazonEC2,USWE-BoxUsage:c5.large,RunInstances,us-west-2a,i-0aa9aba6b03d44dd0,1.0,4.0,4.0,0.085,0.085,0.085272,0.081965,Hrs,0.085,0.085,Amazon Elastic Compute Cloud,c5.large,2,4 GiB,Linux,us-west-2,AmazonEC2,37.47,30.52,36.89,47,2026-01-02T14:49:46Z,data-eng,prod,CC200,,,,,,,,,,,,,
114fde7e28874c5cb1c00beae092f9a0,2026-01-06T10:00:00Z/2026-01-06T11:00:00Z,112233445566,2026-01-01T00:00:00Z,2026-02-01T00:00:00Z,AWS,223344556677,Usage,2026-01-06T10:00:00Z,2026-01-06T11:00:00Z,AmazonEC2,USWE-BoxUsage:c5.large,RunInstances,us-west-2a,i-0aa9aba6b03d44dd0,1.0,4.0,4.0,0.085,0.085,0.082776,0.087765,Hrs,0.085,0.085,Amazon Elastic Compute Cloud,c5.large,2,4 GiB,Linux,us-west-2,AmazonEC2,34.36,46.54,37.34,30,2026-01-03T07:18:34Z,data-eng,prod,CC200,,,,,,,,,,,,,
5e72cfa4a5b54b758ae5ac925c9f3e64,2026-01-06T20:00:00Z/2026-01-06T21:00:00Z,112233445566,2026-01-01T00:00:00Z,2026-02-01T00:00:00Z,AWS,223344556677,Usage,2026-01-06T20:00:00Z,2026-01-06T21:00:00Z,AmazonEC2,USWE-BoxUsage:c5.large,RunInstances,us-west-2a,i-0aa9aba6b03d44dd0,1.0,4.0,4.0,0.085,0.085,0.087059,0.08663,Hrs,0.085,0.085,Amazon Elastic Compute Cloud,c5.large,2,4 GiB,Linux,us-west-2,AmazonEC2,31.17,30.6,20.97,50,2026-01-03T22:41:01Z,data-eng,prod,CC200,,,,,,,,,,,,,
12c0325bcf524b73aad3abeb79665378,2026-01-07T06:00:00Z/2026-01-07T07:00:00Z,112233445566,2026-01-01T00:00:00Z,2026-02-01T00:00:00Z,AWS,223344556677,Usage,2026-01-07T06:00:00Z,2026-01-07T07:00:00Z,AmazonEC2,USWE-BoxUsage:c5.large,RunInstances,us-west-2a,i-0aa9aba6b03d44dd0,1.0,4.0,4.0,0.085,0.085,0.082954,0.08336,Hrs,0.085,0.085,Amazon Elastic Compute Cloud,c5.large,2,4 GiB,Linux,us-west-2,AmazonEC2,36.49,41.0,41.24,27,2026-01-04T19:15:34Z,data-eng,prod,CC200,,,,,,,,,,,,,
cc3e49e441054f36844dce1e790594f5,2026-01-07T16:00:00Z/2026-01-07T17:00:00Z,112233445566,2026-01-01T00:00:00Z,2026-02-01T00:00:00Z,AWS,223344556677,Usage,2026-01-07T16:00:00Z,2026-01-07T17:00:00Z,AmazonEC2,USWE-BoxUsage:c5.large,RunInstances,us-west-2a,i-0aa9aba6b03d44dd0,1.0,4.0,4.0,0.085,0.085,0.0852,0.087268,Hrs,0.085,0.085,Amazon Elastic Compute Cloud,c5.large,2,4 GiB,Linux,us-west-2,AmazonEC2,40.42,42.86,19.56,45,2026-01-03T02:32:30Z,data-eng,prod,CC200,,,,,,,,,,,,,
ffc26503f87e480aa53856e32344590e,2026-01-08T02:00:00Z/2026-01-08T03:00:00Z,112233445566,2026-01-01T00:00:00Z,2026-02-01T00:00:00Z,AWS,223344556677,Usage,2026-01-08T02:00:00Z,2026-01-08T03:00:00Z,AmazonEC2,USWE-BoxUsage:c5.large,RunInstances,us-west-2a,i-0aa9aba6b03d44dd0,1.0,4.0,4.0,0.085,0.085,0.087984,0.081807,Hrs,0.085,0.085,Amazon Elastic Compute Cloud,c5.large,2,4 GiB,Linux,us-west-2,AmazonEC2,27.47,51.08,31.15,62,2026-01-04T22:19:26Z,data-eng,prod,CC200,,,,,,,,,,,,,
3c59ae90cae44786aa7b27cf71d82a8f,2026-01-08T12:00:00Z/2026-01-08T13:00:00Z,112233445566,2026-01-01T00:00:00Z,2026-02-01T00:00:00Z,AWS,223344556677,Usage,2026-01-08T12:00:00Z,2026-01-08T13:00:00Z,AmazonEC2,USWE-BoxUsage:c5.large,RunInstances,us-west-2a,i-0aa9aba6b03d44dd0,1.0,4.0,4.0,0.085,0.085,0.08311,0.087447,Hrs,0.085,0.085,Amazon Elastic Compute Cloud,c5.large,2,4 GiB,Linux,us-west-2,AmazonEC2,33.02,37.72,28.14,22,2026-01-05T14:14:47Z,data-eng,prod,CC200,,,,,,,,,,,,,
1c6d5388a8f34481a3b267645fcfc3d8,2026-01-08T22:00:00Z/2026-01-08T23:00:00Z,112233445566,2026-01-01T00:00:00Z,2026-02-01T00:00:00Z,AWS,223344556677,Usage,2026-01-08T22:00:00Z,2026-01-08T23:00:00Z,AmazonEC2,USWE-BoxUsage:c5.large,RunInstances,us-west-2a,i-0aa9aba6b03d44dd0,1.0,4.0,4.0,0.085,0.085,0.086002,0.082152,Hrs,0.085,0.085,Amazon Elastic Compute Cloud,c5.large,2,4 GiB,Linux,us-west-2,AmazonEC2,41.93,49.49,20.88,20,2026-01-06T18:32:09Z,data-eng,prod,CC200,,,,,,,,,,,,,
40c843842fd8455aa3261039ac2cc48f,2026-01-09T08:00:00Z/2026-01-09T09:00:00Z,112233445566,2026-01-01T00:00:00Z,2026-02-01T00:00:00Z,AWS,223344556677,Usage,2026-01-09T08:00:00Z,2026-01-09T09:00:00Z,AmazonEC2,USWE-BoxUsage:c5.large,RunInstances,us-west-2a,i-0aa9aba6b03d44dd0,1.0,4.0,4.0,0.085,0.085,0.085222,0.081791,Hrs,0.085,0.085,Amazon Elastic Compute Cloud,c5.large,2,4 GiB,Linux,us-west-2,AmazonEC2,31.75,50.51,23.19,38,2026-01-07T07:59:48Z,data-eng,prod,CC200,,,,,,,,,,,,,
2daba8375e9342439c58cb1071364fee,2026-01-09T18:00:00Z/2026-01-09T19:00:00Z,112233445566,2026-01-01T00:00:00Z,2026-02-01T00:00:00Z,AWS,223344556677,Usage,2026-01-09T18:00:00Z,2026-01-09T19:00:00Z,AmazonEC2,USWE-BoxUsage:c5.large,RunInstances,us-west-2a,i-0aa9aba6b03d44dd0,1.0,4.0,4.0,0.085,0.085,0.087584,0.086513,Hrs,0.085,0.085,Amazon Elastic Compute Cloud,c5.large,2,4 GiB,Linux,us-west-2,AmazonEC2,29.85,46.26,22.1,68,2026-01-08T12:43:05Z,data-eng,prod,CC200,,,,,,,,,,,,,
f6932d0aa9a147b5b9c6913de0d3a022,2026-01-10T04:00:00Z/2026-01-10T05:00:00Z,112233445566,2026-01-01T00:00:00Z,2026-02-01T00:00:00Z,AWS,223344556677,Usage,2026-01-10T04:00:00Z,2026-01-10T05:00:00Z,AmazonEC2,USWE-BoxUsage:c5.large,RunInstances,us-west-2a,i-0aa9aba6b03d44dd0,1.0,4.0,4.0,0.085,0.085,0.086458,0.089085,Hrs,0.085,0.085,Amazon Elastic Compute Cloud,c5.large,2,4 GiB,Linux,us-west-2,AmazonEC2,38.95,44.59,26.84,44,2026-01-06T04:24:06Z,data-eng,prod,CC200,,,,,,,,,,,,,
b1ade5139f7e4e39aceb71530c78f0c9,2026-01-10T14:00:00Z/2026-01-10T15:00:00Z,112233445566,2026-01-01T00:00:00Z,2026-02-01T00:00:00Z,AWS,223344556677,Usage,2026-01-10T14:00:00Z,2026-01-10T15:00:00Z,AmazonEC2,USWE-BoxUsage:c5.large,RunInstances,us-west-2a,i-0aa9aba6b03d44dd0,1.0,4.0,4.0,0.085,0.085,0.082059,0.085349,Hrs,0.085,0.085,Amazon Elastic Compute Cloud,c5.large,2,4 GiB,Linux,us-west-2,AmazonEC2,31.49,33.35,36.83,65,2026-01-09T09:03:14Z,data-eng,prod,CC200,,,,,,,,,,,,,
fa7363aceaff4c88a7ab2c8161ee3203,2026-01-11T00:00:00Z/2026-01-11T01:00:00Z,112233445566,2026-01-01T00:00:00Z,2026-02-01T00:00:00Z,AWS,223344556677,Usage,2026-01-11T00:00:00Z,2026-01-11T01:00:00Z,AmazonEC2,USWE-BoxUsage:c5.large,RunInstances,us-west-2a,i-0aa9aba6b03d44dd0,1.0,4.0,4.0,0.085,0.085,0.08425,0.088255,Hrs,0.085,0.085,Amazon Elastic Compute Cloud,c5.large,2,4 GiB,Linux,us-west-2,AmazonEC2,29.89,39.29,41.59,38,2026-01-08T22:50:02Z,data-eng,prod,CC200,,,,,,,,,,,,,
365e3c8e8bbc456c915b02bf35a9a03a,2026-01-11T10:00:00Z/2026-01-11T11:00:00Z,112233445566,2026-01-01T00:00:00Z,2026-02-01T00:00:00Z,AWS,223344556677,Usage,2026-01-11T10:00:00Z,2026-01-11T11:00:00Z,AmazonEC2,USWE-BoxUsage:c5.large,RunInstances,us-west-2a,i-0aa9aba6b03d44dd0,1.0,4.0,4.0,0.085,0.085,0.085587,0.087466,Hrs,0.085,0.085,Amazon Elastic Compute Cloud,c5.large,2,4 GiB,Linux,us-west-2,AmazonEC2,36.39,49.95,31.39,22,2026-01-07T23:55:25Z,data-eng,prod,CC200,,,,,,,,,,,,,
4454543109514cb0ba4a26397cefa35e,2026-01-11T20:00:00Z/2026-01-11T21:00:00Z,112233445566,2026-01-01T00:00:00Z,2026-02-01T00:00:00Z,AWS,223344556677,Usage,2026-01-11T20:00:00Z,2026-01-11T21:00:00Z,AmazonEC2,USWE-BoxUsage:c5.large,RunInstances,us-west-2a,i-0aa9aba6b03d44dd0,1.0,4.0,4.0,0.085,0.085,0.08222,0.089249,Hrs,0.085,0.085,Amazon Elastic Compute Cloud,c5.large,2,4 GiB,Linux,us-west-2,AmazonEC2,34.35,36.29,33.14,57,2026-01-09T08:49:09Z,data-eng,prod,CC200,,,,,,,,,,,,,
579ea218d2e34b71969ae5143587ccf4,2026-01-12T06:00:00Z/2026-01-12T07:00:00Z,112233445566,2026-01-01T00:00:00Z,2026-02-01T00:00:00Z,AWS,223344556677,Usage,2026-01-12T06:00:00Z,2026-01-12T07:00:00Z,AmazonEC2,USWE-BoxUsage:c5.large,RunInstances,us-west-2a,i-0aa9aba6b03d44dd0,1.0,4.0,4.0,0.085,0.085,0.083157,0.083677,Hrs,0.085,0.085,Amazon Elastic Compute Cloud,c5.large,2,4 GiB,Linux,us-west-2,AmazonEC2,36.43,49.11,27.1,54,2026-01-08T03:26:25Z,data-eng,prod,CC200,,,,,,,,,,,,,
3e7e0a74ccfc4c1b97f3859f36a42591,2026-01-12T16:00:00Z/2026-01-12T17:00:00Z,112233445566,2026-01-01T00:00:00Z,2026-02-01T00:00:00Z,AWS,223344556677,Usage,2026-01-12T16:00:00Z,2026-01-12T17:00:00Z,AmazonEC2,USWE-BoxUsage:c5.large,RunInstances,us-west-2a,i-0aa9aba6b03d44dd0,1.0,4.0,4.0,0.085,0.085,0.082433,0.08545,Hrs,0.085,0.085,Amazon Elastic Compute Cloud,c5.large,2,4 GiB,Linux,us-west-2,AmazonEC2,37.45,31.89,26.72,65,2026-01-09T16:28:57Z,data-eng,prod,CC200,,,,,,,,,,,,,
16f883909ccb411f948f2d94de93401f,2026-01-13T02:00:00Z/2026-01-13T03:00:00Z,112233445566,2026-01-01T00:00:00Z,2026-02-01T00:00:00Z,AWS,223344556677,Usage,2026-01-13T02:00:00Z,2026-01-13T03:00:00Z,AmazonEC2,USWE-BoxUsage:c5.large,RunInstances,us-west-2a,i-0aa9aba6b03d44dd0,1.0,4.0,4.0,0.085,0.085,0.085581,0.084461,Hrs,0.085,0.085,Amazon Elastic Compute Cloud,c5.large,2,4 GiB,Linux,us-west-2,AmazonEC2,22.95,33.2,23.61,61,2026-01-10T03:32:51Z,data-eng,prod,CC200,,,,,,,,,,,,,
0966602f34214eb3935ba8474d151747,2026-01-13T12:00:00Z/2026-01-13T13:00:00Z,112233445566,2026-01-01T00:00:00Z,2026-02-01T00:00:00Z,AWS,223344556677,Usage,2026-01-13T12:00:00Z,2026-01-13T13:00:00Z,AmazonEC2,USWE-BoxUsage:c5.large,RunInstances,us-west-2a,i-0aa9aba6b03d44dd0,1.0,4.0,4.0,0.085,0.085,0.081138,0.085345,Hrs,0.085,0.085,Amazon Elastic Compute Cloud,c5.large,2,4 GiB,Linux,us-west-2,AmazonEC2,28.14,41.48,34.77,17,2026-01-10T23:02:38Z,data-eng,prod,CC200,,,,,,,,,,,,,
f636e5c2cc31439294988bc95cb56976,2026-01-13T22:00:00Z/2026-01-13T23:00:00Z,112233445566,2026-01-01T00:00:00Z,2026-02-01T00:00:00Z,AWS,223344556677,Usage,2026-01-13T22:00:00Z,2026-01-13T23:00:00Z,AmazonEC2,USWE-BoxUsage:c5.large,RunInstances,us-west-2a,i-0aa9aba6b03d44dd0,1.0,4.0,4.0,0.085,0.085,0.088117,0.088451,Hrs,0.085,0.085,Amazon Elastic Compute Cloud,c5.large,2,4 GiB,Linux,us-west-2,AmazonEC2,35.98,42.22,38.27,41,2026-01-09T15:20:00Z,data-eng,prod,CC200,,,,,,,,,,,,,
7fd7fe9f3de140599616e014f0498b1b,2026-01-14T08:00:00Z/2026-01-14T09:00:00Z,112233445566,2026-01-01T00:00:00Z,2026-02-01T00:00:00Z,AWS,223344556677,Usage,2026-01-14T08:00:00Z,2026-01-14T09:00:00Z,AmazonEC2,USWE-BoxUsage:c5.large,RunInstances,us-west-2a,i-0aa9aba6b03d44dd0,1.0,4.0,4.0,0.085,0.085,0.085161,0.085229,Hrs,0.085,0.085,Amazon Elastic Compute Cloud,c5.large,2,4 GiB,Linux,us-west-2,AmazonEC2,31.41,28.22,30.17,33,2026-01-11T05:02:22Z,data-eng,prod,CC200,,,,,,,,,,,,,
1c9c2bea861e427da4dec60a90f143f0,2026-01-14T18:00:00Z/2026-01-14T19:00:00Z,112233445566,2026-01-01T00:00:00Z,2026-02-01T00:00:00Z,AWS,223344556677,Usage,2026-01-14T18:00:00Z,2026-01-14T19:00:00Z,AmazonEC2,USWE-BoxUsage:c5.large,RunInstances,us-west-2a,i-0aa9aba6b03d44dd0,1.0,4.0,4.0,0.085,0.085,0.087651,0.086719,Hrs,0.085,0.085,Amazon Elastic Compute Cloud,c5.large,2,4 GiB,Linux,us-west-2,AmazonEC2,40.59,33.43,18.63,69,2026-01-13T06:49:42Z,data-eng,prod,CC200,,,,,,,,,,,,,
d01f771b5afe4b8c87111319bcab717a,2026-01-15T04:00:00Z/2026-01-15T05:00:00Z,112233445566,2026-01-01T00:00:00Z,2026-02-01T00:00:00Z,AWS,223344556677,Usage,2026-01-15T04:00:00Z,2026-01-15T05:00:00Z,AmazonEC2,USWE-BoxUsage:c5.large,RunInstances,us-west-2a,i-0aa9aba6b03d44dd0,1.0,4.0,4.0,0.085,0.085,0.08829,0.083637,Hrs,0.085,0.085,Amazon Elastic Compute Cloud,c5.large,2,4 GiB,Linux,us-west-2,AmazonEC2,33.49,51.56,28.29,48,2026-01-12T05:26:37Z,data-eng,prod,CC200,,,,,,,,,,,,,
37c5ec930e384ff4887af65966fb8402,2026-01-15T14:00:00Z/2026-01-15T15:00:00Z,112233445566,2026-01-01T00:00:00Z,2026-02-01T00:00:00Z,AWS,223344556677,Usage,2026-01-15T14:00:00Z,2026-01-15T15:00:00Z,AmazonEC2,USWE-BoxUsage:c5.large,RunInstances,us-west-2a,i-0aa9aba6b03d44dd0,1.0,4.0,4.0,0.085,0.085,0.086739,0.085847,Hrs,0.085,0.085,Amazon Elastic Compute Cloud,c5.large,2,4 GiB,Linux,us-west-2,AmazonEC2,22.8,42.54,20.52,51,2026-01-12T18:02:06Z,data-eng,prod,CC200,,,,,,,,,,,,,
3a855386338e4371a3bbd568a90b3d59,2026-01-16T00:00:00Z/2026-01-16T01:00:00Z,112233445566,2026-01-01T00:00:00Z,2026-02-01T00:00:00Z,AWS,223344556677,Usage,2026-01-16T00:00:00Z,2026-01-16T01:00:00Z,AmazonEC2,USWE-BoxUsage:c5.large,RunInstances,us-west-2a,i-0aa9aba6b03d44dd0,1.0,4.0,4.0,0.085,0.085,0.081335,0.088037,Hrs,0.085,0.085,Amazon Elastic Compute Cloud,c5.large,2,4 GiB,Linux,us-west-2,AmazonEC2,24.4,45.98,39.36,57,2026-01-12T06:31:01Z,data-eng,prod,CC200,,,,,,,,,,,,,
ffc6b5cf497842148ebe3a1acf3a9ddc,2026-01-16T10:00:00Z/2026-01-16T11:00:00Z,112233445566,2026-01-01T00:00:00Z,2026-02-01T00:00:00Z,AWS,223344556677,Usage,2026-01-16T10:00:00Z,2026-01-16T11:00:00Z,AmazonEC2,USWE-BoxUsage:c5.large,RunInstances,us-west-2a,i-0aa9aba6b03d44dd0,1.0,4.0,4.0,0.085,0.085,0.082998,0.084831,Hrs,0.085,0.085,Amazon Elastic Compute Cloud,c5.large,2,4 GiB,Linux,us-west-2,AmazonEC2,29.38,39.11,18.41,36,2026-01-12T09:11:52Z,data-eng,prod,CC200,,,,,,,,,,,,,
627f6e12ff2d4d418fd80288a0951345,2026-01-16T20:00:00Z/2026-01-16T21:00:00Z,112233445566,2026-01-01T00:00:00Z,2026-02-01T00:00:00Z,AWS,223344556677,Usage,2026-01-16T20:00:00Z,2026-01-16T21:00:00Z,AmazonEC2,USWE-BoxUsage:c5.large,RunInstances,us-west-2a,i-0aa9aba6b03d44dd0,1.0,4.0,4.0,0.085,0.085,0.084095,0.084569,Hrs,0.085,0.085,Amazon Elastic Compute Cloud,c5.large,2,4 GiB,Linux,us-west-2,AmazonEC2,32.91,28.99,25.29,71,2026-01-14T19:01:09Z,data-eng,prod,CC200,,,,,,,,,,,,,
2a22fd10c32d41a0bd27f9b9de628cdf,2026-01-17T06:00:00Z/2026-01-17T07:00:00Z,112233445566,2026-01-01T00:00:00Z,2026-02-01T00:00:00Z,AWS,223344556677,Usage,2026-01-17T06:00:00Z,2026-01-17T07:00:00Z,AmazonEC2,USWE-BoxUsage:c5.large,RunInstances,us-west-2a,i-0aa9aba6b03d44dd0,1.0,4.0,4.0,0.085,0.085,0.084473,0.0809,Hrs,0.085,0.085,Amazon Elastic Compute Cloud,c5.large,2,4 GiB,Linux,us-west-2,AmazonEC2,35.83,36.57,32.52,36,2026-01-14T16:11:01Z,data-eng,prod,CC200,,,,,,,,,,,,,
3bd12516d49342ce920d831a5970e266,2026-01-17T16:00:00Z/2026-01-17T17:00:00Z,112233445566,2026-01-01T00:00:00Z,2026-02-01T00:00:00Z,AWS,223344556677,Usage,2026-01-17T16:00:00Z,2026-01-17T17:00:00Z,AmazonEC2,USWE-BoxUsage:c5.large,RunInstances,us-west-2a,i-0aa9aba6b03d44dd0,1.0,4.0,4.0,0.085,0.085,0.088241,0.084972,Hrs,0.085,0.085,Amazon Elastic Compute Cloud,c5.large,2,4 GiB,Linux,us-west-2,AmazonEC2,24.39,47.46,26.52,72,2026-01-16T10:23:49Z,data-eng,prod,CC200,,,,,,,,,,,,,
0f5c78737ce741438bab1176c2eb16a7,2026-01-18T02:00:00Z/2026-01-18T03:00:00Z,112233445566,2026-01-01T00:00:00Z,2026-02-01T00:00:00Z,AWS,223344556677,Usage,2026-01-18T02:00:00Z,2026-01-18T03:00:00Z,AmazonEC2,USWE-BoxUsage:c5.large,RunInstances,us-west-2a,i-0aa9aba6b03d44dd0,1.0,4.0,4.0,0.085,0.085,0.08628,0.083023,Hrs,0.085,0.085,Amazon Elastic Compute Cloud,c5.large,2,4 GiB,Linux,us-west-2,AmazonEC2,41.68,46.03,32.57,69,2026-01-13T23:41:56Z,data-eng,prod,CC200,,,,,,,,,,,,,
00751a893fcf4161970f699d479812cb,2026-01-18T12:00:00Z/2026-01-18T13:00:00Z,112233445566,2026-01-01T00:00:00Z,2026-02-01T00:00:00Z,AWS,223344556677,Usage,2026-01-18T12:00:00Z,2026-01-18T13:00:00Z,AmazonEC2,USWE-BoxUsage:c5.large,RunInstances,us-west-2a,i-0aa9aba6b03d44dd0,1.0,4.0,4.0,0.085,0.085,0.086047,0.08482,Hrs,0.085,0.085,Amazon Elastic Compute Cloud,c5.large,2,4 GiB,Linux,us-west-2,AmazonEC2,27.04,51.91,34.78,26,2026-01-16T15:21:38Z,data-eng,prod,CC200,,,,,,,,,,,,,
69d0d88f01064b31a74b2bce22f09844,2026-01-18T22:00:00Z/2026-01-18T23:00:00Z,112233445566,2026-01-01T00:00:00Z,2026-02-01T00:00:00Z,AWS,223344556677,Usage,2026-01-18T22:00:00Z,2026-01-18T23:00:00Z,AmazonEC2,USWE-BoxUsage:c5.large,RunInstances,us-west-2a,i-0aa9aba6b03d44dd0,1.0,4.0,4.0,0.085,0.085,0.087046,0.085528,Hrs,0.085,0.085,Amazon Elastic Compute Cloud,c5.large,2,4 GiB,Linux,us-west-2,AmazonEC2,31.4,45.45,26.29,53,2026-01-14T21:32:58Z,data-eng,prod,CC200,,,,,,,,,,,,,
b91c7fac89254ff4b7819c54b1a87788,2026-01-19T08:00:00Z/2026-01-19T09:00:00Z,112233445566,2026-01-01T00:00:00Z,2026-02-01T00:00:00Z,AWS,223344556677,Usage,2026-01-19T08:00:00Z,2026-01-19T09:00:00Z,AmazonEC2,USWE-BoxUsage:c5.large,RunInstances,us-west-2a,i-0aa9aba6b03d44dd0,1.0,4.0,4.0,0.085,0.085,0.089206,0.086754,Hrs,0.085,0.085,Amazon Elastic Compute Cloud,c5.large,2,4 GiB,Linux,us-west-2,AmazonEC2,38.36,46.35,30.27,28,2026-01-16T21:59:06Z,data-eng,prod,CC200,,,,,,,,,,,,,
e50f9f7f996f4ae0b9b196caf8a20916,2026-01-19T18:00:00Z/2026-01-19T19:00:00Z,112233445566,2026-01-01T00:00:00Z,2026-02-01T00:00:00Z,AWS,223344556677,Usage,2026-01-19T18:00:00Z,2026-01-19T19:00:00Z,AmazonEC2,USWE-BoxUsage:c5.large,RunInstances,us-west-2a,i-0aa9aba6b03d44dd0,1.0,4.0,4.0,0.085,0.085,0.082653,0.088056,Hrs,0.085,0.085,Amazon Elastic Compute Cloud,c5.large,2,4 GiB,Linux,us-west-2,AmazonEC2,26.46,51.43,19.93,60,2026-01-17T23:03:11Z,data-eng,prod,CC200,,,,,,,,,,,,,
69a54c669451472f94b7ca52c2ef75cd,2026-01-20T04:00:00Z/2026-01-20T05:00:00Z,112233445566,2026-01-01T00:00:00Z,2026-02-01T00:00:00Z,AWS,223344556677,Usage,2026-01-20T04:00:00Z,2026-01-20T05:00:00Z,AmazonEC2,USWE-BoxUsage:c5.large,RunInstances,us-west-2a,i-0aa9aba6b03d44dd0,1.0,4.0,4.0,0.085,0.085,0.087708,0.081625,Hrs,0.085,0.085,Amazon Elastic Compute Cloud,c5.large,2,4 GiB,Linux,us-west-2,AmazonEC2,22.49,36.4,39.29,69,2026-01-17T22:34:06Z,data-eng,prod,CC200,,,,,,,,,,,,,
45e28e5fdafc4a22af41fa255c6a71b2,2026-01-20T14:00:00Z/2026-01-20T15:00:00Z,112233445566,2026-01-01T00:00:00Z,2026-02-01T00:00:00Z,AWS,223344556677,Usage,2026-01-20T14:00:00Z,2026-01-20T15:00:00Z,AmazonEC2,USWE-BoxUsage:c5.large,RunInstances,us-west-2a,i-0aa9aba6b03d44dd0,1.0,4.0,4.0,0.085,0.085,0.08118,0.081003,Hrs,0.085,0.085,Amazon Elastic Compute Cloud,c5.large,2,4 GiB,Linux,us-west-2,AmazonEC2,22.27,39.59,34.45,64,2026-01-16T11:55:26Z,data-eng,prod,CC200,,,,,,,,,,,,,
6930fb92d8db4fc1ac408a960bdd62b6,2026-01-21T00:00:00Z/2026-01-21T01:00:00Z,112233445566,2026-01-01T00:00:00Z,2026-02-01T00:00:00Z,AWS,223344556677,Usage,2026-01-21T00:00:00Z,2026-01-21T01:00:00Z,AmazonEC2,USWE-BoxUsage:c5.large,RunInstances,us-west-2a,i-0aa9aba6b03d44dd0,1.0,4.0,4.0,0.085,0.085,0.086501,0.088036,Hrs,0.085,0.085,Amazon Elastic Compute Cloud,c5.large,2,4 GiB,Linux,us-west-2,AmazonEC2,25.16,49.63,23.61,31,2026-01-19T05:17:05Z,data-eng,prod,CC200,,,,,,,,,,,,,
c1fbcdf486e04a9abb1048d1f2d6f4a0,2026-01-21T10:00:00Z/2026-01-21T11:00:00Z,112233445566,2026-01-01T00:00:00Z,2026-02-01T00:00:00Z,AWS,223344556677,Usage,2026-01-21T10:00:00Z,2026-01-21T11:00:00Z,AmazonEC2,USWE-BoxUsage:c5.large,RunInstances,us-west-2a,i-0aa9aba6b03d44dd0,1.0,4.0,4.0,0.085,0.085,0.088828,0.083879,Hrs,0.085,0.085,Amazon Elastic Compute Cloud,c5.large,2,4 GiB,Linux,us-west-2,AmazonEC2,25.74,50.35,41.09,45,2026-01-19T14:42:27Z,data-eng,prod,CC200,,,,,,,,,,,,,
8f54698288f6440b9bcad7eab4d30d2b,2026-01-21T20:00:00Z/2026-01-21T21:00:00Z,112233445566,2026-01-01T00:00:00Z,2026-02-01T00:00:00Z,AWS,223344556677,Usage,2026-01-21T20:00:00Z,2026-01-21T21:00:00Z,AmazonEC2,USWE-BoxUsage:c5.large,RunInstances,us-west-2a,i-0aa9aba6b03d44dd0,1.0,4.0,4.0,0.085,0.085,0.08337,0.086682,Hrs,0.085,0.085,Amazon Elastic Compute Cloud,c5.large,2,4 GiB,Linux,us-west-2,AmazonEC2,33.66,39.94,26.65,58,2026-01-18T00:38:41Z,data-eng,prod,CC200,,,,,,,,,,,,,
e9b79ce50f034fbb99d9dd3adf4a538b,2026-01-22T06:00:00Z/2026-01-22T07:00:00Z,112233445566,2026-01-01T00:00:00Z,2026-02-01T00:00:00Z,AWS,223344556677,Usage,2026-01-22T06:00:00Z,2026-01-22T07:00:00Z,AmazonEC2,USWE-BoxUsage:c5.large,RunInstances,us-west-2a,i-0aa9aba6b03d44dd0,1.0,4.0,4.0,0.085,0.085,0.088322,0.086552,Hrs,0.085,0.085,Amazon Elastic Compute Cloud,c5.large,2,4 GiB,Linux,us-west-2,AmazonEC2,22.57,48.54,38.08,58,2026-01-19T22:33:28Z,data-eng,prod,CC200,,,,,,,,,,,,,
e1be13631c6842a2b27bde536f9dd44e,2026-01-22T16:00:00Z/2026-01-22T17:00:00Z,112233445566,2026-01-01T00:00:00Z,2026-02-01T00:00:00Z,AWS,223344556677,Usage,2026-01-22T16:00:00Z,2026-01-22T17:00:00Z,AmazonEC2,USWE-BoxUsage:c5.large,RunInstances,us-west-2a,i-0aa9aba6b03d44dd0,1.0,4.0,4.0,0.085,0.085,0.086455,0.087402,Hrs,0.085,0.085,Amazon Elastic Compute Cloud,c5.large,2,4 GiB,Linux,us-west-2,AmazonEC2,23.34,31.77,34.17,57,2026-01-20T09:14:56Z,data-eng,prod,CC200,,,,,,,,,,,,,
d4c4898c409b459795dad377113aa327,2026-01-23T02:00:00Z/2026-01-23T03:00:00Z,112233445566,2026-01-01T00:00:00Z,2026-02-01T00:00:00Z,AWS,223344556677,Usage,2026-01-23T02:00:00Z,2026-01-23T03:00:00Z,AmazonEC2,USWE-BoxUsage:c5.large,RunInstances,us-west-2a,i-0aa9aba6b03d44dd0,1.0,4.0,4.0,0.085,0.085,0.08891,0.085571,Hrs,0.085,0.085,Amazon Elastic Compute Cloud,c5.large,2,4 GiB,Linux,us-west-2,AmazonEC2,22.76,37.64,19.54,13,2026-01-21T19:16:11Z,data-eng,prod,CC200,,,,,,,,,,,,,
47e9827ec29e4936878cc23dc8265198,2026-01-23T12:00:00Z/2026-01-23T13:00:00Z,112233445566,2026-01-01T00:00:00Z,2026-02-01T00:00:00Z,AWS,223344556677,Usage,2026-01-23T12:00:00Z,2026-01-23T13:00:00Z,AmazonEC2,USWE-BoxUsage:c5.large,RunInstances,us-west-2a,i-0aa9aba6b03d44dd0,1.0,4.0,4.0,0.085,0.085,0.089226,0.083692,Hrs,0.085,0.085,Amazon Elastic Compute Cloud,c5.large,2,4 GiB,Linux,us-west-2,AmazonEC2,33.41,44.3,26.71,21,2026-01-19T09:27:23Z,data-eng,prod,CC200,,,,,,,,,,,,,
017ecf4a89d446ea8d8d317f6f8fc206,2026-01-23T22:00:00Z/2026-01-23T23:00:00Z,112233445566,2026-01-01T00:00:00Z,2026-02-01T00:00:00Z,AWS,223344556677,Usage,2026-01-23T22:00:00Z,2026-01-23T23:00:00Z,AmazonEC2,USWE-BoxUsage:c5.large,RunInstances,us-west-2a,i-0aa9aba6b03d44dd0,1.0,4.0,4.0,0.085,0.085,0.086675,0.087464,Hrs,0.085,0.085,Amazon Elastic Compute Cloud,c5.large,2,4 GiB,Linux,us-west-2,AmazonEC2,26.6,32.91,30.67,44,2026-01-19T09:42:36Z,data-eng,prod,CC200,,,,,,,,,,,,,
cefdec1e30e24a169e7ce1aef795b4fe,2026-01-24T08:00:00Z/2026-01-24T09:00:00Z,112233445566,2026-01-01T00:00:00Z,2026-02-01T00:00:00Z,AWS,223344556677,Usage,2026-01-24T08:00:00Z,2026-01-24T09:00:00Z,AmazonEC2,USWE-BoxUsage:c5.large,RunInstances,us-west-2a,i-0aa9aba6b03d44dd0,1.0,4.0,4.0,0.085,0.085,0.086059,0.084365,Hrs,0.085,0.085,Amazon Elastic Compute Cloud,c5.large,2,4 GiB,Linux,us-west-2,AmazonEC2,25.03,39.16,34.02,62,2026-01-22T17:39:05Z,data-eng,prod,CC200,,,,,,,,,,,,,
799d6a4fa7004fb4a01fbe91008cf061,2026-01-24T18:00:00Z/2026-01-24T19:00:00Z,112233445566,2026-01-01T00:00:00Z,2026-02-01T00:00:00Z,AWS,223344556677,Usage,2026-01-24T18:00:00Z,2026-01-24T19:00:00Z,AmazonEC2,USWE-BoxUsage:c5.large,RunInstances,us-west-2a,i-0aa9aba6b03d44dd0,1.0,4.0,4.0,0.085,0.085,0.085301,0.085362,Hrs,0.085,0.085,Amazon Elastic Compute Cloud,c5.large,2,4 GiB,Linux,us-west-2,AmazonEC2,24.12,49.15,28.82,39,2026-01-20T13:49:13Z,data-eng,prod,CC200,,,,,,,,,,,,,
5c25f0eb201843b19fe1ae83394889b3,2026-01-25T04:00:00Z/2026-01-25T05:00:00Z,112233445566,2026-01-01T00:00:00Z,2026-02-01T00:00:00Z,AWS,223344556677,Usage,2026-01-25T04:00:00Z,2026-01-25T05:00:00Z,AmazonEC2,USWE-BoxUsage:c5.large,RunInstances,us-west-2a,i-0aa9aba6b03d44dd0,1.0,4.0,4.0,0.085,0.085,0.080868,0.082682,Hrs,0.085,0.085,Amazon Elastic Compute Cloud,c5.large,2,4 GiB,Linux,us-west-2,AmazonEC2,30.13,34.83,40.12,25,2026-01-22T10:15:18Z,data-eng,prod,CC200,,,,,,,,,,,,,
34b36a4cc05747a8a02b242464f91c1f,2026-01-25T14:00:00Z/2026-01-25T15:00:00Z,112233445566,2026-01-01T00:00:00Z,2026-02-01T00:00:00Z,AWS,223344556677,Usage,2026-01-25T14:00:00Z,2026-01-25T15:00:00Z,AmazonEC2,USWE-BoxUsage:c5.large,RunInstances,us-west-2a,i-0aa9aba6b03d44dd0,1.0,4.0,4.0,0.085,0.085,0.087861,0.081215,Hrs,0.085,0.085,Amazon Elastic Compute Cloud,c5.large,2,4 GiB,Linux,us-west-2,AmazonEC2,40.35,46.32,39.13,55,2026-01-22T22:46:51Z,data-eng,prod,CC200,,,,,,,,,,,,,
9b9e4ef1bf54442098b1087bd3d3c1ae,2026-01-26T00:00:00Z/2026-01-26T01:00:00Z,112233445566,2026-01-01T00:00:00Z,2026-02-01T00:00:00Z,AWS,223344556677,Usage,2026-01-26T00:00:00Z,2026-01-26T01:00:00Z,AmazonEC2,USWE-BoxUsage:c5.large,RunInstances,us-west-2a,i-0aa9aba6b03d44dd0,1.0,4.0,4.0,0.085,0.085,0.082469,0.08124,Hrs,0.085,0.085,Amazon Elastic Compute Cloud,c5.large,2,4 GiB,Linux,us-west-2,AmazonEC2,40.04,40.19,30.37,19,2026-01-22T00:54:40Z,data-eng,prod,CC200,,,,,,,,,,,,,
32a033231a2a458ca2e61e56889c146d,2026-01-26T10:00:00Z/2026-01-26T11:00:00Z,112233445566,2026-01-01T00:00:00Z,2026-02-01T00:00:00Z,AWS,223344556677,Usage,2026-01-26T10:00:00Z,2026-01-26T11:00:00Z,AmazonEC2,USWE-BoxUsage:c5.large,RunInstances,us-west-2a,i-0aa9aba6b03d44dd0,1.0,4.0,4.0,0.085,0.085,0.086242,0.089136,Hrs,0.085,0.085,Amazon Elastic Compute Cloud,c5.large,2,4 GiB,Linux,us-west-2,AmazonEC2,37.53,39.53,40.9,37,2026-01-22T16:18:59Z,data-eng,prod,CC200,,,,,,,,,,,,,
f5b800ad7e7541369260ad1eb5a1fdbd,2026-01-26T20:00:00Z/2026-01-26T21:00:00Z,112233445566,2026-01-01T00:00:00Z,2026-02-01T00:00:00Z,AWS,223344556677,Usage,2026-01-26T20:00:00Z,2026-01-26T21:00:00Z,AmazonEC2,USWE-BoxUsage:c5.large,RunInstances,us-west-2a,i-0aa9aba6b03d44dd0,1.0,4.0,4.0,0.085,0.085,0.08697,0.086492,Hrs,0.085,0.085,Amazon Elastic Compute Cloud,c5.large,2,4 GiB,Linux,us-west-2,AmazonEC2,37.62,32.27,20.26,23,2026-01-22T17:00:38Z,data-eng,prod,CC200,,,,,,,,,,,,,
0c6992c41e0048a0870150244d115c66,2026-01-27T06:00:00Z/2026-01-27T07:00:00Z,112233445566,2026-01-01T00:00:00Z,2026-02-01T00:00:00Z,AWS,223344556677,Usage,2026-01-27T06:00:00Z,2026-01-27T07:00:00Z,AmazonEC2,USWE-BoxUsage:c5.large,RunInstances,us-west-2a,i-0aa9aba6b03d44dd0,1.0,4.0,4.0,0.085,0.085,0.082455,0.087012,Hrs,0.085,0.085,Amazon Elastic Compute Cloud,c5.large,2,4 GiB,Linux,us-west-2,AmazonEC2,29.52,49.75,24.38,50,2026-01-23T14:25:24Z,data-eng,prod,CC200,,,,,,,,,,,,,
2ce290032a2a410fa659a1c7cf284fe2,2026-01-27T16:00:00Z/2026-01-27T17:00:00Z,112233445566,2026-01-01T00:00:00Z,2026-02-01T00:00:00Z,AWS,223344556677,Usage,2026-01-27T16:00:00Z,2026-01-27T17:00:00Z,AmazonEC2,USWE-BoxUsage:c5.large,RunInstances,us-west-2a,i-0aa9aba6b03d44dd0,1.0,4.0,4.0,0.085,0.085,0.082331,0.081572,Hrs,0.085,0.085,Amazon Elastic Compute Cloud,c5.large,2,4 GiB,Linux,us-west-2,AmazonEC2,38.09,37.69,38.73,60,2026-01-23T14:52:41Z,data-eng,prod,CC200,,,,,,,,,,,,,
8eea2b4fdde346759f88bd1969c2ab44,2026-01-28T02:00:00Z/2026-01-28T03:00:00Z,112233445566,2026-01-01T00:00:00Z,2026-02-01T00:00:00Z,AWS,223344556677,Usage,2026-01-28T02:00:00Z,2026-01-28T03:00:00Z,AmazonEC2,USWE-BoxUsage:c5.large,RunInstances,us-west-2a,i-0aa9aba6b03d44dd0,1.0,4.0,4.0,0.085,0.085,0.088308,0.086789,Hrs,0.085,0.085,Amazon Elastic Compute Cloud,c5.large,2,4 GiB,Linux,us-west-2,AmazonEC2,24.86,49.38,37.88,22,2026-01-26T22:32:22Z,data-eng,prod,CC200,,,,,,,,,,,,,
0bcf5950e94843aa95880f49f962cb5d,2026-01-28T12:00:00Z/2026-01-28T13:00:00Z,112233445566,2026-01-01T00:00:00Z,2026-02-01T00:00:00Z,AWS,223344556677,Usage,2026-01-28T12:00:00Z,2026-01-28T13:00:00Z,AmazonEC2,USWE-BoxUsage:c5.large,RunInstances,us-west-2a,i-0aa9aba6b03d44dd0,1.0,4.0,4.0,0.085,0.085,0.08841,0.083644,Hrs,0.085,0.085,Amazon Elastic Compute Cloud,c5.large,2,4 GiB,Linux,us-west-2,AmazonEC2,37.04,48.78,36.89,19,2026-01-24T17:52:29Z,data-eng,prod,CC200,,,,,,,,,,,,,
262d760150f441248661a59226c9523d,2026-01-28T22:00:00Z/2026-01-28T23:00:00Z,112233445566,2026-01-01T00:00:00Z,2026-02-01T00:00:00Z,AWS,223344556677,Usage,2026-01-28T22:00:00Z,2026-01-28T23:00:00Z,AmazonEC2,USWE-BoxUsage:c5.large,RunInstances,us-west-2a,i-0aa9aba6b03d44dd0,1.0,4.0,4.0,0.085,0.085,0.082716,0.088736,Hrs,0.085,0.085,Amazon Elastic Compute Cloud,c5.large,2,4 GiB,Linux,us-west-2,AmazonEC2,40.23,40.45,25.64,49,2026-01-25T19:18:00Z,data-eng,prod,CC200,,,,,,,,,,,,,
2a0377b4db2f41e6bc5db613cb2b4dc6,2026-01-29T08:00:00Z/2026-01-29T09:00:00Z,112233445566,2026-01-01T00:00:00Z,2026-02-01T00:00:00Z,AWS,223344556677,Usage,2026-01-29T08:00:00Z,2026-01-29T09:00:00Z,AmazonEC2,USWE-BoxUsage:c5.large,RunInstances,us-west-2a,i-0aa9aba6b03d44dd0,1.0,4.0,4.0,0.085,0.085,0.08427,0.085765,Hrs,0.085,0.085,Amazon Elastic Compute Cloud,c5.large,2,4 GiB,Linux,us-west-2,AmazonEC2,22.32,51.87,30.38,31,2026-01-27T11:37:41Z,data-eng,prod,CC200,,,,,,,,,,,,,
44d67c7a45bb423c89ab1fbfe45fbd1a,2026-01-29T18:00:00Z/2026-01-29T19:00:00Z,112233445566,2026-01-01T00:00:00Z,2026-02-01T00:00:00Z,AWS,223344556677,Usage,2026-01-29T18:00:00Z,2026-01-29T19:00:00Z,AmazonEC2,USWE-BoxUsage:c5.large,RunInstances,us-west-2a,i-0aa9aba6b03d44dd0,1.0,4.0,4.0,0.085,0.085,0.084361,0.081576,Hrs,0.085,0.085,Amazon Elastic Compute Cloud,c5.large,2,4 GiB,Linux,us-west-2,AmazonEC2,22.98,39.87,24.82,41,2026-01-27T19:06:38Z,data-eng,prod,CC200,,,,,,,,,,,,,
a1ad8cfe3311436a9b35429968a3db0c,2026-01-30T04:00:00Z/2026-01-30T05:00:00Z,112233445566,2026-01-01T00:00:00Z,2026-02-01T00:00:00Z,AWS,223344556677,Usage,2026-01-30T04:00:00Z,2026-01-30T05:00:00Z,AmazonEC2,USWE-BoxUsage:c5.large,RunInstances,us-west-2a,i-0aa9aba6b03d44dd0,1.0,4.0,4.0,0.085,0.085,0.084647,0.082139,Hrs,0.085,0.085,Amazon Elastic Compute Cloud,c5.large,2,4 GiB,Linux,us-west-2,AmazonEC2,32.61,35.34,34.29,67,2026-01-27T15:47:42Z,data-eng,prod,CC200,,,,,,,,,,,,,
94be4776d43247d2b16bddc0dbcb859d,2026-01-30T14:00:00Z/2026-01-30T15:00:00Z,112233445566,2026-01-01T00:00:00Z,2026-02-01T00:00:00Z,AWS,223344556677,Usage,2026-01-30T14:00:00Z,2026-01-30T15:00:00Z,AmazonEC2,USWE-BoxUsage:c5.large,RunInstances,us-west-2a,i-0aa9aba6b03d44dd0,1.0,4.0,4.0,0.085,0.085,0.086725,0.086183,Hrs,0.085,0.085,Amazon Elastic Compute Cloud,c5.large,2,4 GiB,Linux,us-west-2,AmazonEC2,34.88,36.5,33.24,18,2026-01-27T07:07:09Z,data-eng,prod,CC200,,,,,,,,,,,,,
001bdae0fe6d481299b1ec509a2f5a65,2026-01-01T00:00:00Z/2026-01-01T01:00:00Z,112233445566,2026-01-01T00:00:00Z,2026-02-01T00:00:00Z,AWS,223344556677,Usage,2026-01-01T00:00:00Z,2026-01-01T01:00:00Z,AmazonEC2,USWE-BoxUsage:c5.xlarge,RunInstances,us-west-2a,i-04640bf3346f448f7,1.0,8.0,8.0,0.17,0.17,0.168393,0.175377,Hrs,0.17,0.17,Amazon Elastic Compute Cloud,c5.xlarge,4,8 GiB,Linux,us-west-2,AmazonEC2,2.41,6.77,3.83,676,2025-11-18T12:10:58Z,,,,,,,,,,,,,,,,
8ab84337acc647f3899320a12b4d791a,2026-01-01T10:00:00Z/2026-01-01T11:00:00Z,112233445566,2026-01-01T00:00:00Z,2026-02-01T00:00:00Z,AWS,223344556677,Usage,2026-01-01T10:00:00Z,2026-01-01T11:00:00Z,AmazonEC2,USWE-BoxUsage:c5.xlarge,RunInstances,us-west-2a,i-04640bf3346f448f7,1.0,8.0,8.0,0.17,0.17,0.162088,0.174979,Hrs,0.17,0.17,Amazon Elastic Compute Cloud,c5.xlarge,4,8 GiB,Linux,us-west-2,AmazonEC2,1.81,3.98,1.29,676,2025-11-18T15:56:55Z,,,,,,,,,,,,,,,,
2dbb0479d4e94fba9126ee0e86cbd15f,2026-01-01T20:00:00Z/2026-01-01T21:00:00Z,112233445566,2026-01-01T00:00:00Z,2026-02-01T00:00:00Z,AWS,223344556677,Usage,2026-01-01T20:00:00Z,2026-01-01T21:00:00Z,AmazonEC2,USWE-BoxUsage:c5.xlarge,RunInstances,us-west-2a,i-04640bf3346f448f7,1.0,8.0,8.0,0.17,0.17,0.175912,0.168515,Hrs,0.17,0.17,Amazon Elastic Compute Cloud,c5.xlarge,4,8 GiB,Linux,us-west-2,AmazonEC2,1.27,9.0,1.74,379,2025-12-06T03:33:03Z,,,,,,,,,,,,,,,,
76ce2db0f9654616be7f03778bcf6b02,2026-01-02T06:00:00Z/2026-01-02T07:00:00Z,112233445566,2026-01-01T00:00:00Z,2026-02-01T00:00:00Z,AWS,223344556677,Usage,2026-01-02T06:00:00Z,2026-01-02T07:00:00Z,AmazonEC2,USWE-BoxUsage:c5.xlarge,RunInstances,us-west-2a,i-04640bf3346f448f7,1.0,8.0,8.0,0.17,0.17,0.165167,0.165458,Hrs,0.17,0.17,Amazon Elastic Compute Cloud,c5.xlarge,4,8 GiB,Linux,us-west-2,AmazonEC2,1.81,9.64,3.66,513,2025-12-17T23:16:23Z,,,,,,,,,,,,,,,,
9554ef5d6b6e4aa292ef16b71ab8c412,2026-01-02T16:00:00Z/2026-01-02T17:00:00Z,112233445566,2026-01-01T00:00:00Z,2026-02-01T00:00:00Z,AWS,223344556677,Usage,2026-01-02T16:00:00Z,2026-01-02T17:00:00Z,AmazonEC2,USWE-BoxUsage:c5.xlarge,RunInstances,us-west-2a,i-04640bf3346f448f7,1.0,8.0,8.0,0.17,0.17,0.173191,0.170326,Hrs,0.17,0.17,Amazon Elastic Compute Cloud,c5.xlarge,4,8 GiB,Linux,us-west-2,AmazonEC2,1.25,7.03,2.53,448,2025-12-04T09:49:52Z,,,,,,,,,,,,,,,,
8b7cb179f23946debd4fe0218c9e4c05,2026-01-03T02:00:00Z/2026-01-03T03:00:00Z,112233445566,2026-01-01T00:00:00Z,2026-02-01T00:00:00Z,AWS,223344556677,Usage,2026-01-03T02:00:00Z,2026-01-03T03:00:00Z,AmazonEC2,USWE-BoxUsage:c5.xlarge,RunInstances,us-west-2a,i-04640bf3346f448f7,1.0,8.0,8.0,0.17,0.17,0.172013,0.172208,Hrs,0.17,0.17,Amazon Elastic Compute Cloud,c5.xlarge,4,8 GiB,Linux,us-west-2,AmazonEC2,4.05,7.8,6.18,633,2025-11-22T21:45:08Z,,,,,,,,,,,,,,,,
ce02a06308294f9ea847a581a5892550,2026-01-03T12:00:00Z/2026-01-03T13:00:00Z,112233445566,2026-01-01T00:00:00Z,2026-02-01T00:00:00Z,AWS,223344556677,Usage,2026-01-03T12:00:00Z,2026-01-03T13:00:00Z,AmazonEC2,USWE-BoxUsage:c5.xlarge,RunInstances,us-west-2a,i-04640bf3346f448f7,1.0,8.0,8.0,0.17,0.17,0.176179,0.16152,Hrs,0.17,0.17,Amazon Elastic Compute Cloud,c5.xlarge,4,8 GiB,Linux,us-west-2,AmazonEC2,2.07,7.9,6.08,643,2025-11-29T15:12:27Z,,,,,,,,,,,,,,,,
381de64fe08245d39ceb4f7ed446c736,2026-01-03T22:00:00Z/2026-01-03T23:00:00Z,112233445566,2026-01-01T00:00:00Z,2026-02-01T00:00:00Z,AWS,223344556677,Usage,2026-01-03T22:00:00Z,2026-01-03T23:00:00Z,AmazonEC2,USWE-BoxUsage:c5.xlarge,RunInstances,us-west-2a,i-04640bf3346f448f7,1.0,8.0,8.0,0.17,0.17,0.167765,0.169201,Hrs,0.17,0.17,Amazon Elastic Compute Cloud,c5.xlarge,4,8 GiB,Linux,us-west-2,AmazonEC2,4.44,9.85,5.76,682,2025-11-20T01:06:30Z,,,,,,,,,,,,,,,,
835a606ce5c249d095b62a2d41fc0572,2026-01-04T08:00:00Z/2026-01-04T09:00:00Z,112233445566,2026-01-01T00:00:00Z,2026-02-01T00:00:00Z,AWS,223344556677,Usage,2026-01-04T08:00:00Z,2026-01-04T09:00:00Z,AmazonEC2,USWE-BoxUsage:c5.xlarge,RunInstances,us-west-2a,i-04640bf3346f448f7,1.0,8.0,8.0,0.17,0.17,0.166084,0.176377,Hrs,0.17,0.17,Amazon Elastic Compute Cloud,c5.xlarge,4,8 GiB,Linux,us-west-2,AmazonEC2,1.12,3.13,1.89,580,2025-12-06T05:52:41Z,,,,,,,,,,,,,,,,
761f0e918752479882bdba146ab3ba7e,2026-01-04T18:00:00Z/2026-01-04T19:00:00Z,112233445566,2026-01-01T00:00:00Z,2026-02-01T00:00:00Z,AWS,223344556677,Usage,2026-01-04T18:00:00Z,2026-01-04T19:00:00Z,AmazonEC2,USWE-BoxUsage:c5.xlarge,RunInstances,us-west-2a,i-04640bf3346f448f7,1.0,8.0,8.0,0.17,0.17,0.175537,0.172699,Hrs,0.17,0.17,Amazon Elastic Compute Cloud,c5.xlarge,4,8 GiB,Linux,us-west-2,AmazonEC2,2.29,6.46,5.37,551,2025-12-02T04:36:33Z,,,,,,,,,,,,,,,,
7981c1e90fd642f190a52b70ef7ad9b4,2026-01-05T04:00:00Z/2026-01-05T05:00:00Z,112233445566,2026-01-01T00:00:00Z,2026-02-01T00:00:00Z,AWS,223344556677,Usage,2026-01-05T04:00:00Z,2026-01-05T05:00:00Z,AmazonEC2,USWE-BoxUsage:c5.xlarge,RunInstances,us-west-2a,i-04640bf3346f448f7,1.0,8.0,8.0,0.17,0.17,0.172504,0.170875,Hrs,0.17,0.17,Amazon Elastic Compute Cloud,c5.xlarge,4,8 GiB,Linux,us-west-2,AmazonEC2,2.24,5.3,5.33,706,2025-12-04T02:40:25Z,,,,,,,,,,,,,,,,
fe2a91fa144f4d0685836b1e6401173e,2026-01-05T14:00:00Z/2026-01-05T15:00:00Z,112233445566,2026-01-01T00:00:00Z,2026-02-01T00:00:00Z,AWS,223344556677,Usage,2026-01-05T14:00:00Z,2026-01-05T15:00:00Z,AmazonEC2,USWE-BoxUsage:c5.xlarge,RunInstances,us-west-2a,i-04640bf3346f448f7,1.0,8.0,8.0,0.17,0.17,0.165568,0.164326,Hrs,0.17,0.17,Amazon Elastic Compute Cloud,c5.xlarge,4,8 GiB,Linux,us-west-2,AmazonEC2,4.69,5.47,7.84,579,2025-12-21T16:40:04Z,,,,,,,,,,,,,,,,
e4dcc9224b284af39127e3c88359c817,2026-01-06T00:00:00Z/2026-01-06T01:00:00Z,112233445566,2026-01-01T00:00:00Z,2026-02-01T00:00:00Z,AWS,223344556677,Usage,2026-01-06T00:00:00Z,2026-01-06T01:00:00Z,AmazonEC2,USWE-BoxUsage:c5.xlarge,RunInstances,us-west-2a,i-04640bf3346f448f7,1.0,8.0,8.0,0.17,0.17,0.173727,0.162061,Hrs,0.17,0.17,Amazon Elastic Compute Cloud,c5.xlarge,4,8 GiB,Linux,us-west-2,AmazonEC2,1.48,6.05,1.89,585,2025-12-14T22:53:51Z,,,,,,,,,,,,,,,,
b3ce17978ba24422a88f80e67b2ab17e,2026-01-06T10:00:00Z/2026-01-06T11:00:00Z,112233445566,2026-01-01T00:00:00Z,2026-02-01T00:00:00Z,AWS,223344556677,Usage,2026-01-06T10:00:00Z,2026-01-06T11:00:00Z,AmazonEC2,USWE-BoxUsage:c5.xlarge,RunInstances,us-west-2a,i-04640bf3346f448f7,1.0,8.0,8.0,0.17,0.17,0.164081,0.162541,Hrs,0.17,0.17,Amazon Elastic Compute Cloud,c5.xlarge,4,8 GiB,Linux,us-west-2,AmazonEC2,1.26,3.99,3.87,674,2025-11-25T13:40:21Z,,,,,,,,,,,,,,,,
a4b8f9e31cde471188dc6b2c36eb0578,2026-01-06T20:00:00Z/2026-01-06T21:00:00Z,112233445566,2026-01-01T00:00:00Z,2026-02-01T00:00:00Z,AWS,223344556677,Usage,2026-01-06T20:00:00Z,2026-01-06T21:00:00Z,AmazonEC2,USWE-BoxUsage:c5.xlarge,RunInstances,us-west-2a,i-04640bf3346f448f7,1.0,8.0,8.0,0.17,0.17,0.162058,0.163898,Hrs,0.17,0.17,Amazon Elastic Compute Cloud,c5.xlarge,4,8 GiB,Linux,us-west-2,AmazonEC2,0.74,3.51,4.21,719,2025-12-10T16:27:19Z,,,,,,,,,,,,,,,,
c55f6da82c424eda9c7143947ed64667,2026-01-07T06:00:00Z/2026-01-07T07:00:00Z,112233445566,2026-01-01T00:00:00Z,2026-02-01T00:00:00Z,AWS,223344556677,Usage,2026-01-07T06:00:00Z,2026-01-07T07:00:00Z,AmazonEC2,USWE-BoxUsage:c5.xlarge,RunInstances,us-west-2a,i-04640bf3346f448f7,1.0,8.0,8.0,0.17,0.17,0.166772,0.163481,Hrs,0.17,0.17,Amazon Elastic Compute Cloud,c5.xlarge,4,8 GiB,Linux,us-west-2,AmazonEC2,0.92,8.5,3.12,568,2025-11-27T14:26:12Z,,,,,,,,,,,,,,,,
0559210dcf3c4dbba87918954a467dc6,2026-01-07T16:00:00Z/2026-01-07T17:00:00Z,112233445566,2026-01-01T00:00:00Z,2026-02-01T00:00:00Z,AWS,223344556677,Usage,2026-01-07T16:00:00Z,2026-01-07T17:00:00Z,AmazonEC2,USWE-BoxUsage:c5.xlarge,RunInstances,us-west-2a,i-04640bf3346f448f7,1.0,8.0,8.0,0.17,0.17,0.178489,0.173377,Hrs,0.17,0.17,Amazon Elastic Compute Cloud,c5.xlarge,4,8 GiB,Linux,us-west-2,AmazonEC2,1.55,7.51,2.35,718,2025-12-02T01:30:29Z,,,,,,,,,,,,,,,,
f919d9083a1d40c48a8fe5f2725eb082,2026-01-08T02:00:00Z/2026-01-08T03:00:00Z,112233445566,2026-01-01T00:00:00Z,2026-02-01T00:00:00Z,AWS,223344556677,Usage,2026-01-08T02:00:00Z,2026-01-08T03:00:00Z,AmazonEC2,USWE-BoxUsage:c5.xlarge,RunInstances,us-west-2a,i-04640bf3346f448f7,1.0,8.0,8.0,0.17,0.17,0.165446,0.177807,Hrs,0.17,0.17,Amazon Elastic Compute Cloud,c5.xlarge,4,8 GiB,Linux,us-west-2,AmazonEC2,2.66,5.62,4.95,635,2025-12-23T19:00:52Z,,,,,,,,,,,,,,,,
debf94085f02491aa9adacbfe47392cb,2026-01-08T12:00:00Z/2026-01-08T13:00:00Z,112233445566,2026-01-01T00:00:00Z,2026-02-01T00:00:00Z,AWS,223344556677,Usage,2026-01-08T12:00:00Z,2026-01-08T13:00:00Z,AmazonEC2,USWE-BoxUsage:c5.xlarge,RunInstances,us-west-2a,i-04640bf3346f448f7,1.0,8.0,8.0,0.17,0.17,0.170199,0.166258,Hrs,0.17,0.17,Amazon Elastic Compute Cloud,c5.xlarge,4,8 GiB,Linux,us-west-2,AmazonEC2,1.34,6.57,4.64,483,2025-12-18T21:18:19Z,,,,,,,,,,,,,,,,
237801afb8b74e3d9803af0a183fb156,2026-01-08T22:00:00Z/2026-01-08T23:00:00Z,112233445566,2026-01-01T00:00:00Z,2026-02-01T00:00:00Z,AWS,223344556677,Usage,2026-01-08T22:00:00Z,2026-01-08T23:00:00Z,AmazonEC2,USWE-BoxUsage:c5.xlarge,RunInstances,us-west-2a,i-04640bf3346f448f7,1.0,8.0,8.0,0.17,0.17,0.162707,0.167976,Hrs,0.17,0.17,Amazon Elastic Compute Cloud,c5.xlarge,4,8 GiB,Linux,us-west-2,AmazonEC2,1.43,8.06,6.7,719,2025-12-18T00:15:50Z,,,,,,,,,,,,,,,,
d2dcbbda76b1404288c9160404037542,2026-01-09T18:00:00Z/2026-01-09T19:00:00Z,112233445566,2026-01-01T00:00:00Z,2026-02-01T00:00:00Z,AWS,223344556677,Usage,2026-01-09T18:00:00Z,2026-01-09T19:00:00Z,AmazonEC2,USWE-BoxUsage:c5.xlarge,RunInstances,us-west-2a,i-04640bf3346f448f7,1.0,8.0,8.0,0.17,0.17,0.162009,0.167251,Hrs,0.17,0.17,Amazon Elastic Compute Cloud,c5.xlarge,4,8 GiB,Linux,us-west-2,AmazonEC2,2.58,7.47,1.33,676,2025-12-08T20:51:18Z,,,,,,,,,,,,,,,,
fc9abab174d642aaa00077e34a7813e5,2026-01-10T04:00:00Z/2026-01-10T05:00:00Z,112233445566,2026-01-01T00:00:00Z,2026-02-01T00:00:00Z,AWS,223344556677,Usage,2026-01-10T04:00:00Z,2026-01-10T05:00:00Z,AmazonEC2,USWE-BoxUsage:c5.xlarge,RunInstances,us-west-2a,i-04640bf3346f448f7,1.0,8.0,8.0,0.17,0.17,0.162822,0.17624,Hrs,0.17,0.17,Amazon Elastic Compute Cloud,c5.xlarge,4,8 GiB,Linux,us-west-2,AmazonEC2,4.56,6.16,7.5,411,2025-12-20T06:59:32Z,,,,,,,,,,,,,,,,
6e463447a31f4c79af4ec3417b27fe6a,2026-01-10T14:00:00Z/2026-01-10T15:00:00Z,112233445566,2026-01-01T00:00:00Z,2026-02-01T00:00:00Z,AWS,223344556677,Usage,2026-01-10T14:00:00Z,2026-01-10T15:00:00Z,AmazonEC2,USWE-BoxUsage:c5.xlarge,RunInstances,us-west-2a,i-04640bf3346f448f7,1.0,8.0,8.0,0.17,0.17,0.174083,0.172,Hrs,0.17,0.17,Amazon Elastic Compute Cloud,c5.xlarge,4,8 GiB,Linux,us-west-2,AmazonEC2,2.45,3.1,4.5,446,2025-12-12T03:03:29Z,,,,,,,,,,,,,,,,
3dc007de34f64e48b6b5ac39e8b38a7e,2026-01-11T00:00:00Z/2026-01-11T01:00:00Z,112233445566,2026-01-01T00:00:00Z,2026-02-01T00:00:00Z,AWS,223344556677,Usage,2026-01-11T00:00:00Z,2026-01-11T01:00:00Z,AmazonEC2,USWE-BoxUsage:c5.xlarge,RunInstances,us-west-2a,i-04640bf3346f448f7,1.0,8.0,8.0,0.17,0.17,0.165818,0.165007,Hrs,0.17,0.17,Amazon Elastic Compute Cloud,c5.xlarge,4,8 GiB,Linux,us-west-2,AmazonEC2,2.19,7.42,5.54,372,2025-12-23T23:36:56Z,,,,,,,,,,,,,,,,
69ed90189aa24c0b97506f139ff40a88,2026-01-11T10:00:00Z/2026-01-11T11:00:00Z,112233445566,2026-01-01T00:00:00Z,2026-02-01T00:00:00Z,AWS,223344556677,Usage,2026-01-11T10:00:00Z,2026-01-11T11:00:00Z,AmazonEC2,USWE-BoxUsage:c5.xlarge,RunInstances,us-west-2a,i-04640bf3346f448f7,1.0,8.0,8.0,0.17,0.17,0.169579,0.162255,Hrs,0.17,0.17,Amazon Elastic Compute Cloud,c5.xlarge,4,8 GiB,Linux,us-west-2,AmazonEC2,0.71,4.57,6.08,685,2025-12-16T09:30:50Z,,,,,,,,,,,,,,,,
73d7ebb45f7c4f3a885878283caea611,2026-01-11T20:00:00Z/2026-01-11T21:00:00Z,112233445566,2026-01-01T00:00:00Z,2026-02-01T00:00:00Z,AWS,223344556677,Usage,2026-01-11T20:00:00Z,2026-01-11T21:00:00Z,AmazonEC2,USWE-BoxUsage:c5.xlarge,RunInstances,us-west-2a,i-04640bf3346f448f7,1.0,8.0,8.0,0.17,0.17,0.174485,0.176679,Hrs,0.17,0.17,Amazon Elastic Compute Cloud,c5.xlarge,4,8 GiB,Linux,us-west-2,AmazonEC2,2.68,2.36,2.07,684,2025-12-21T16:14:44Z,,,,,,,,,,,,,,,,
272e316666984bc5ad1b9d6d12884e5c,2026-01-12T06:00:00Z/2026-01-12T07:00:00Z,112233445566,2026-01-01T00:00:00Z,2026-02-01T00:00:00Z,AWS,223344556677,Usage,2026-01-12T06:00:00Z,2026-01-12T07:00:00Z,AmazonEC2,USWE-BoxUsage:c5.xlarge,RunInstances,us-west-2a,i-04640bf3346f448f7,1.0,8.0,8.0,0.17,0.17,0.176246,0.172899,Hrs,0.17,0.17,Amazon Elastic Compute Cloud,c5.xlarge,4,8 GiB,Linux,us-west-2,AmazonEC2,3.51,7.86,5.72,566,2025-12-11T05:47:16Z,,,,,,,,,,,,,,,,
9d56bb4cc12a4573a4d7a70d7a1fabf8,2026-01-12T16:00:00Z/2026-01-12T17:00:00Z,112233445566,2026-01-01T00:00:00Z,2026-02-01T00:00:00Z,AWS,223344556677,Usage,2026-01-12T16:00:00Z,2026-01-12T17:00:00Z,AmazonEC2,USWE-BoxUsage:c5.xlarge,RunInstances,us-west-2a,i-04640bf3346f448f7,1.0,8.0,8.0,0.17,0.17,0.164148,0.17044,Hrs,0.17,0.17,Amazon Elastic Compute Cloud,c5.xlarge,4,8 GiB,Linux,us-west-2,AmazonEC2,1.14,8.07,6.07,704,2025-12-28T18:06:03Z,,,,,,,,,,,,,,,,
7149f1c707ed4ba3820121c2b6e5f212,2026-01-13T02:00:00Z/2026-01-13T03:00:00Z,112233445566,2026-01-01T00:00:00Z,2026-02-01T00:00:00Z,AWS,223344556677,Usage,2026-01-13T02:00:00Z,2026-01-13T03:00:00Z,AmazonEC2,USWE-BoxUsage:c5.xlarge,RunInstances,us-west-2a,i-04640bf3346f448f7,1.0,8.0,8.0,0.17,0.17,0.176976,0.163699,Hrs,0.17,0.17,Amazon Elastic Compute Cloud,c5.xlarge,4,8 GiB,Linux,us-west-2,AmazonEC2,1.66,7.09,3.23,393,2025-12-13T06:40:00Z,,,,,,,,,,,,,,,,
f2cac7198dd149d686392abfe6afbd6e,2026-01-13T12:00:00Z/2026-01-13T13:00:00Z,112233445566,2026-01-01T00:00:00Z,2026-02-01T00:00:00Z,AWS,223344556677,Usage,2026-01-13T12:00:00Z,2026-01-13T13:00:00Z,AmazonEC2,USWE-BoxUsage:c5.xlarge,RunInstances,us-west-2a,i-04640bf3346f448f7,1.0,8.0,8.0,0.17,0.17,0.173955,0.166555,Hrs,0.17,0.17,Amazon Elastic Compute Cloud,c5.xlarge,4,8 GiB,Linux,us-west-2,AmazonEC2,1.53,7.45,7.0,433,2025-12-05T19:26:22Z,,,,,,,,,,,,,,,,
9efc987a60034475a06e1c4130dc96ea,2026-01-13T22:00:00Z/2026-01-13T23:00:00Z,112233445566,2026-01-01T00:00:00Z,2026-02-01T00:00:00Z,AWS,223344556677,Usage,2026-01-13T22:00:00Z,2026-01-13T23:00:00Z,AmazonEC2,USWE-BoxUsage:c5.xlarge,RunInstances,us-west-2a,i-04640bf3346f448f7,1.0,8.0,8.0,0.17,0.17,0.164557,0.171575,Hrs,0.17,0.17,Amazon Elastic Compute Cloud,c5.xlarge,4,8 GiB,Linux,us-west-2,AmazonEC2,2.32,8.41,1.11,555,2025-12-14T08:11:38Z,,,,,,,,,,,,,,,,
64453f4ce4ab4359b52004edcc56a3f9,2026-01-14T08:00:00Z/2026-01-14T09:00:00Z,112233445566,2026-01-01T00:00:00Z,2026-02-01T00:00:00Z,AWS,223344556677,Usage,2026-01-14T08:00:00Z,2026-01-14T09:00:00Z,AmazonEC2,USWE-BoxUsage:c5.xlarge,RunInstances,us-west-2a,i-04640bf3346f448f7,1.0,8.0,8.0,0.17,0.17,0.17013,0.170192,Hrs,0.17,0.17,Amazon Elastic Compute Cloud,c5.xlarge,4,8 GiB,Linux,us-west-2,AmazonEC2,3.8,3.95,2.04,692,2025-12-02T15:46:45Z,,,,,,,,,,,,,,,,
7f06f5e8fba84dcba3c3dac3d452baa2,2026-01-14T18:00:00Z/2026-01-14T19:00:00Z,112233445566,2026-01-01T00:00:00Z,2026-02-01T00:00:00Z,AWS,223344556677,Usage,2026-01-14T18:00:00Z,2026-01-14T19:00:00Z,AmazonEC2,USWE-BoxUsage:c5.xlarge,RunInstances,us-west-2a,i-04640bf3346f448f7,1.0,8.0,8.0,0.17,0.17,0.164876,0.172599,Hrs,0.17,0.17,Amazon Elastic Compute Cloud,c5.xlarge,4,8 GiB,Linux,us-west-2,AmazonEC2,4.94,3.14,2.17,346,2025-12-08T20:29:13Z,,,,,,,,,,,,,,,,
1c81122107ff4f8ab492804c352cb7fe,2026-01-15T04:00:00Z/2026-01-15T05:00:00Z,112233445566,2026-01-01T00:00:00Z,2026-02-01T00:00:00Z,AWS,223344556677,Usage,2026-01-15T04:00:00Z,2026-01-15T05:00:00Z,AmazonEC2,USWE-BoxUsage:c5.xlarge,RunInstances,us-west-2a,i-04640bf3346f448f7,1.0,8.0,8.0,0.17,0.17,0.16806,0.168513,Hrs,0.17,0.17,Amazon Elastic Compute Cloud,c5.xlarge,4,8 GiB,Linux,us-west-2,AmazonEC2,1.99,2.27,5.37,687,2025-12-12T17:28:57Z,,,,,,,,,,,,,,,,
02ba073160d04593959663a48bf4eaae,2026-01-15T14:00:00Z/2026-01-15T15:00:00Z,112233445566,2026-01-01T00:00:00Z,2026-02-01T00:00:00Z,AWS,223344556677,Usage,2026-01-15T14:00:00Z,2026-01-15T15:00:00Z,AmazonEC2,USWE-BoxUsage:c5.xlarge,RunInstances,us-west-2a,i-04640bf3346f448f7,1.0,8.0,8.0,0.17,0.17,0.176714,0.164706,Hrs,0.17,0.17,Amazon Elastic Compute Cloud,c5.xlarge,4,8 GiB,Linux,us-west-2,AmazonEC2,2.38,5.27,6.85,701,2025-12-29T16:39:05Z,,,,,,,,,,,,,,,,
89802f0a65f44826b5616611b9541513,2026-01-16T00:00:00Z/2026-01-16T01:00:00Z,112233445566,2026-01-01T00:00:00Z,2026-02-01T00:00:00Z,AWS,223344556677,Usage,2026-01-16T00:00:00Z,2026-01-16T01:00:00Z,AmazonEC2,USWE-BoxUsage:c5.xlarge,RunInstances,us-west-2a,i-04640bf3346f448f7,1.0,8.0,8.0,0.17,0.17,0.174737,0.167565,Hrs,0.17,0.17,Amazon Elastic Compute Cloud,c5.xlarge,4,8 GiB,Linux,us-west-2,AmazonEC2,3.23,7.48,3.8,699,2025-12-16T18:52:39Z,,,,,,,,,,,,,,,,
402b362b2a954af0a74d312c6d9f1535,2026-01-16T10:00:00Z/2026-01-16T11:00:00Z,112233445566,2026-01-01T00:00:00Z,2026-02-01T00:00:00Z,AWS,223344556677,Usage,2026-01-16T10:00:00Z,2026-01-16T11:00:00Z,AmazonEC2,USWE-BoxUsage:c5.xlarge,RunInstances,us-west-2a,i-04640bf3346f448f7,1.0,8.0,8.0,0.17,0.17,0.167586,0.175295,Hrs,0.17,0.17,Amazon Elastic Compute Cloud,c5.xlarge,4,8 GiB,Linux,us-west-2,AmazonEC2,1.88,4.31,6.65,672,2025-12-09T13:42:34Z,,,,,,,,,,,,,,,,
bb768765a34c4e18b8a98f6d24ae9e2b,2026-01-16T20:00:00Z/2026-01-16T21:00:00Z,112233445566,2026-01-01T00:00:00Z,2026-02-01T00:00:00Z,AWS,223344556677,Usage,2026-01-16T20:00:00Z,2026-01-16T21:00:00Z,AmazonEC2,USWE-BoxUsage:c5.xlarge,RunInstances,us-west-2a,i-04640bf3346f448f7,1.0,8.0,8.0,0.17,0.17,0.167386,0.171991,Hrs,0.17,0.17,Amazon Elastic Compute Cloud,c5.xlarge,4,8 GiB,Linux,us-west-2,AmazonEC2,2.65,3.35,6.18,368,2025-12-05T18:17:15Z,,,,,,,,,,,,,,,,
b2a70a6eeeae41208be72f46387eb02d,2026-01-17T06:00:00Z/2026-01-17T07:00:00Z,112233445566,2026-01-01T00:00:00Z,2026-02-01T00:00:00Z,AWS,223344556677,Usage,2026-01-17T06:00:00Z,2026-01-17T07:00:00Z,AmazonEC2,USWE-BoxUsage:c5.xlarge,RunInstances,us-west-2a,i-04640bf3346f448f7,1.0,8.0,8.0,0.17,0.17,0.176245,0.16559,Hrs,0.17,0.17,Amazon Elastic Compute Cloud,c5.xlarge,4,8 GiB,Linux,us-west-2,AmazonEC2,1.55,4.63,2.19,545,2025-12-12T08:29:56Z,,,,,,,,,,,,,,,,
fd830856840e41f9983d3f88320ba3b9,2026-01-17T16:00:00Z/2026-01-17T17:00:00Z,112233445566,2026-01-01T00:00:00Z,2026-02-01T00:00:00Z,AWS,223344556677,Usage,2026-01-17T16:00:00Z,2026-01-17T17:00:00Z,AmazonEC2,USWE-BoxUsage:c5.xlarge,RunInstances,us-west-2a,i-04640bf3346f448f7,1.0,8.0,8.0,0.17,0.17,0.171487,0.161595,Hrs,0.17,0.17,Amazon Elastic Compute Cloud,c5.xlarge,4,8 GiB,Linux,us-west-2,AmazonEC2,0.77,7.93,4.56,534,2025-12-18T12:24:59Z,,,,,,,,,,,,,,,,
04d8a9ae5e694c05a8271765260f1fa9,2026-01-18T02:00:00Z/2026-01-18T03:00:00Z,112233445566,2026-01-01T00:00:00Z,2026-02-01T00:00:00Z,AWS,223344556677,Usage,2026-01-18T02:00:00Z,2026-01-18T03:00:00Z,AmazonEC2,USWE-BoxUsage:c5.xlarge,RunInstances,us-west-2a,i-04640bf3346f448f7,1.0,8.0,8.0,0.17,0.17,0.167375,0.170901,Hrs,0.17,0.17,Amazon Elastic Compute Cloud,c5.xlarge,4,8 GiB,Linux,us-west-2,AmazonEC2,4.03,5.35,7.95,466,2025-12-27T21:45:34Z,,,,,,,,,,,,,,,,
ddeec047e729459190b84b10d2beb291,2026-01-18T12:00:00Z/2026-01-18T13:00:00Z,112233445566,2026-01-01T00:00:00Z,2026-02-01T00:00:00Z,AWS,223344556677,Usage,2026-01-18T12:00:00Z,2026-01-18T13:00:00Z,AmazonEC2,USWE-BoxUsage:c5.xlarge,RunInstances,us-west-2a,i-04640bf3346f448f7,1.0,8.0,8.0,0.17,0.17,0.177109,0.162924,Hrs,0.17,0.17,Amazon Elastic Compute Cloud,c5.xlarge,4,8 GiB,Linux,us-west-2,AmazonEC2,1.11,4.07,5.63,519,2025-12-30T14:49:34Z,,,,,,,,,,,,,,,,
caaed97aaa654c0a873264cb55d5ed41,2026-01-18T22:00:00Z/2026-01-18T23:00:00Z,112233445566,2026-01-01T00:00:00Z,2026-02-01T00:00:00Z,AWS,223344556677,Usage,2026-01-18T22:00:00Z,2026-01-18T23:00:00Z,AmazonEC2,USWE-BoxUsage:c5.xlarge,RunInstances,us-west-2a,i-04640bf3346f448f7,1.0,8.0,8.0,0.17,0.17,0.168177,0.166105,Hrs,0.17,0.17,Amazon Elastic Compute Cloud,c5.xlarge,4,8 GiB,Linux,us-west-2,AmazonEC2,3.44,7.89,4.13,682,2025-12-21T00:20:36Z,,,,,,,,,,,,,,,,
71997cad01ac4943a3f7dff0008f6694,2026-01-19T08:00:00Z/2026-01-19T09:00:00Z,112233445566,2026-01-01T00:00:00Z,2026-02-01T00:00:00Z,AWS,223344556677,Usage,2026-01-19T08:00:00Z,2026-01-19T09:00:00Z,AmazonEC2,USWE-BoxUsage:c5.xlarge,RunInstances,us-west-2a,i-04640bf3346f448f7,1.0,8.0,8.0,0.17,0.17,0.163558,0.171384,Hrs,0.17,0.17,Amazon Elastic Compute Cloud,c5.xlarge,4,8 GiB,Linux,us-west-2,AmazonEC2,3.22,7.61,3.02,384,2025-12-21T20:52:14Z,,,,,,,,,,,,,,,,
1c324571a42d4353b4b6d3173aab15a6,2026-01-19T18:00:00Z/2026-01-19T19:00:00Z,112233445566,2026-01-01T00:00:00Z,2026-02-01T00:00:00Z,AWS,223344556677,Usage,2026-01-19T18:00:00Z,2026-01-19T19:00:00Z,AmazonEC2,USWE-BoxUsage:c5.xlarge,RunInstances,us-west-2a,i-04640bf3346f448f7,1.0,8.0,8.0,0.17,0.17,0.162322,0.176649,Hrs,0.17,0.17,Amazon Elastic Compute Cloud,c5.xlarge,4,8 GiB,Linux,us-west-2,AmazonEC2,3.36,7.68,1.95,642,2025-12-09T07:14:15Z,,,,,,,,,,,,,,,,
5bf8960ed945494197eeab9ec9db0d38,2026-01-20T04:00:00Z/2026-01-20T05:00:00Z,112233445566,2026-01-01T00:00:00Z,2026-02-01T00:00:00Z,AWS,223344556677,Usage,2026-01-20T04:00:00Z,2026-01-20T05:00:00Z,AmazonEC2,USWE-BoxUsage:c5.xlarge,RunInstances,us-west-2a,i-04640bf3346f448f7,1.0,8.0,8.0,0.17,0.17,0.171245,0.169815,Hrs,0.17,0.17,Amazon Elastic Compute Cloud,c5.xlarge,4,8 GiB,Linux,us-west-2,AmazonEC2,3.16,8.92,1.62,546,2025-12-31T08:37:08Z,,,,,,,,,,,,,,,,
65ddd51feefa4296b32feda3f7b71491,2026-01-20T14:00:00Z/2026-01-20T15:00:00Z,112233445566,2026-01-01T00:00:00Z,2026-02-01T00:00:00Z,AWS,223344556677,Usage,2026-01-20T14:00:00Z,2026-01-20T15:00:00Z,AmazonEC2,USWE-BoxUsage:c5.xlarge,RunInstances,us-west-2a,i-04640bf3346f448f7,1.0,8.0,8.0,0.17,0.17,0.166205,0.177203,Hrs,0.17,0.17,Amazon Elastic Compute Cloud,c5.xlarge,4,8 GiB,Linux,us-west-2,AmazonEC2,2.89,4.17,3.04,340,2026-01-01T21:34:17Z,,,,,,,,,,,,,,,,
1bf708f0cb1443a0a03dc0e9eee3e36b,2026-01-21T00:00:00Z/2026-01-21T01:00:00Z,112233445566,2026-01-01T00:00:00Z,2026-02-01T00:00:00Z,AWS,223344556677,Usage,2026-01-21T00:00:00Z,2026-01-21T01:00:00Z,AmazonEC2,USWE-BoxUsage:c5.xlarge,RunInstances,us-west-2a,i-04640bf3346f448f7,1.0,8.0,8.0,0.17,0.17,0.168647,0.174163,Hrs,0.17,0.17,Amazon Elastic Compute Cloud,c5.xlarge,4,8 GiB,Linux,us-west-2,AmazonEC2,2.19,2.96,1.3,494,2025-12-22T14:28:04Z,,,,,,,,,,,,,,,,
28831d420b5c414696efdb4e8e86f52b,2026-01-21T10:00:00Z/2026-01-21T11:00:00Z,112233445566,2026-01-01T00:00:00Z,2026-02-01T00:00:00Z,AWS,223344556677,Usage,2026-01-21T10:00:00Z,2026-01-21T11:00:00Z,AmazonEC2,USWE-BoxUsage:c5.xlarge,RunInstances,us-west-2a,i-04640bf3346f448f7,1.0,8.0,8.0,0.17,0.17,0.168583,0.16945,Hrs,0.17,0.17,Amazon Elastic Compute Cloud,c5.xlarge,4,8 GiB,Linux,us-west-2,AmazonEC2,1.28,2.22,3.7,491,2025-12-21T19:25:13Z,,,,,,,,,,,,,,,,
e89a834e04384da5b7fa1e37758841a7,2026-01-21T20:00:00Z/2026-01-21T21:00:00Z,112233445566,2026-01-01T00:00:00Z,2026-02-01T00:00:00Z,AWS,223344556677,Usage,2026-01-21T20:00:00Z,2026-01-21T21:00:00Z,AmazonEC2,USWE-BoxUsage:c5.xlarge,RunInstances,us-west-2a,i-04640bf3346f448f7,1.0,8.0,8.0,0.17,0.17,0.173238,0.162923,Hrs,0.17,0.17,Amazon Elastic Compute Cloud,c5.xlarge,4,8 GiB,Linux,us-west-2,AmazonEC2,2.64,7.67,3.83,520,2025-12-28T04:36:19Z,,,,,,,,,,,,,,,,
5149fac9e5004534b0b4e059b76fc1bc,2026-01-22T06:00:00Z/2026-01-22T07:00:00Z,112233445566,2026-01-01T00:00:00Z,2026-02-01T00:00:00Z,AWS,223344556677,Usage,2026-01-22T06:00:00Z,2026-01-22T07:00:00Z,AmazonEC2,USWE-BoxUsage:c5.xlarge,RunInstances,us-west-2a,i-04640bf3346f448f7,1.0,8.0,8.0,0.17,0.17,0.164047,0.166295,Hrs,0.17,0.17,Amazon Elastic Compute Cloud,c5.xlarge,4,8 GiB,Linux,us-west-2,AmazonEC2,4.01,6.96,1.3,614,2025-12-09T10:55:37Z,,,,,,,,,,,,,,,,
4a22d2241af54210b07bc0a84da10561,2026-01-22T16:00:00Z/2026-01-22T17:00:00Z,112233445566,2026-01-01T00:00:00Z,2026-02-01T00:00:00Z,AWS,223344556677,Usage,2026-01-22T16:00:00Z,2026-01-22T17:00:00Z,AmazonEC2,USWE-BoxUsage:c5.xlarge,RunInstances,us-west-2a,i-04640bf3346f448f7,1.0,8.0,8.0,0.17,0.17,0.174011,0.164752,Hrs,0.17,0.17,Amazon Elastic Compute Cloud,c5.xlarge,4,8 GiB,Linux,us-west-2,AmazonEC2,3.53,5.93,1.81,616,2026-01-03T20:43:06Z,,,,,,,,,,,,,,,,
1ce14ba8e2bc479da5d26f217d04077b,2026-01-23T02:00:00Z/2026-01-23T03:00:00Z,112233445566,2026-01-01T00:00:00Z,2026-02-01T00:00:00Z,AWS,223344556677,Usage,2026-01-23T02:00:00Z,2026-01-23T03:00:00Z,AmazonEC2,USWE-BoxUsage:c5.xlarge,RunInstances,us-west-2a,i-04640bf3346f448f7,1.0,8.0,8.0,0.17,0.17,0.165116,0.165697,Hrs,0.17,0.17,Amazon Elastic Compute Cloud,c5.xlarge,4,8 GiB,Linux,us-west-2,AmazonEC2,2.38,8.9,1.14,302,2026-01-02T20:00:53Z,,,,,,,,,,,,,,,,
ba573afde0fe4b1f979dc973cc479e7e,2026-01-23T12:00:00Z/2026-01-23T13:00:00Z,112233445566,2026-01-01T00:00:00Z,2026-02-01T00:00:00Z,AWS,223344556677,Usage,2026-01-23T12:00:00Z,2026-01-23T13:00:00Z,AmazonEC2,USWE-BoxUsage:c5.xlarge,RunInstances,us-west-2a,i-04640bf3346f448f7,1.0,8.0,8.0,0.17,0.17,0.162587,0.163251,Hrs,0.17,0.17,Amazon Elastic Compute Cloud,c5.xlarge,4,8 GiB,Linux,us-west-2,AmazonEC2,0.69,4.44,3.66,463,2026-01-02T05:02:26Z,,,,,,,,,,,,,,,,
7a23d9332d9e4798ad1d0343cd1c1731,2026-01-23T22:00:00Z/2026-01-23T23:00:00Z,112233445566,2026-01-01T00:00:00Z,2026-02-01T00:00:00Z,AWS,223344556677,Usage,2026-01-23T22:00:00Z,2026-01-23T23:00:00Z,AmazonEC2,USWE-BoxUsage:c5.xlarge,RunInstances,us-west-2a,i-04640bf3346f448f7,1.0,8.0,8.0,0.17,0.17,0.1674,0.162525,Hrs,0.17,0.17,Amazon Elastic Compute Cloud,c5.xlarge,4,8 GiB,Linux,us-west-2,AmazonEC2,1.62,8.43,5.11,665,2025-12-28T00:21:47Z,,,,,,,,,,,,,,,,
7d2db3caae174dbfa57476fd3d37e5c9,2026-01-24T08:00:00Z/2026-01-24T09:00:00Z,112233445566,2026-01-01T00:00:00Z,2026-02-01T00:00:00Z,AWS,223344556677,Usage,2026-01-24T08:00:00Z,2026-01-24T09:00:00Z,AmazonEC2,USWE-BoxUsage:c5.xlarge,RunInstances,us-west-2a,i-04640bf3346f448f7,1.0,8.0,8.0,0.17,0.17,0.176981,0.168139,Hrs,0.17,0.17,Amazon Elastic Compute Cloud,c5.xlarge,4,8 GiB,Linux,us-west-2,AmazonEC2,3.03,8.05,5.6,659,2026-01-06T05:53:18Z,,,,,,,,,,,,,,,,
d43f09e669dc40989df4ce0ef3a30df1,2026-01-24T18:00:00Z/2026-01-24T19:00:00Z,112233445566,2026-01-01T00:00:00Z,2026-02-01T00:00:00Z,AWS,223344556677,Usage,2026-01-24T18:00:00Z,2026-01-24T19:00:00Z,AmazonEC2,USWE-BoxUsage:c5.xlarge,RunInstances,us-west-2a,i-04640bf3346f448f7,1.0,8.0,8.0,0.17,0.17,0.172181,0.171243,Hrs,0.17,0.17,Amazon Elastic Compute Cloud,c5.xlarge,4,8 GiB,Linux,us-west-2,AmazonEC2,3.9,7.89,1.94,716,2026-01-05T14:22:24Z,,,,,,,,,,,,,,,,
79e9937c836d4a5ea631aafcffb1eee4,2026-01-25T14:00:00Z/2026-01-25T15:00:00Z,112233445566,2026-01-01T00:00:00Z,2026-02-01T00:00:00Z,AWS,223344556677,Usage,2026-01-25T14:00:00Z,2026-01-25T15:00:00Z,AmazonEC2,USWE-BoxUsage:c5.xlarge,RunInstances,us-west-2a,i-04640bf3346f448f7,1.0,8.0,8.0,0.17,0.17,0.166431,0.176065,Hrs,0.17,0.17,Amazon Elastic Compute Cloud,c5.xlarge,4,8 GiB,Linux,us-west-2,AmazonEC2,1.62,8.72,3.43,615,2025-12-23T04:45:51Z,,,,,,,,,,,,,,,,
983d8ef629844f8ea40e70223b0635ca,2026-01-26T00:00:00Z/2026-01-26T01:00:00Z,112233445566,2026-01-01T00:00:00Z,2026-02-01T00:00:00Z,AWS,223344556677,Usage,2026-01-26T00:00:00Z,2026-01-26T01:00:00Z,AmazonEC2,USWE-BoxUsage:c5.xlarge,RunInstances,us-west-2a,i-04640bf3346f448f7,1.0,8.0,8.0,0.17,0.17,0.176125,0.166439,Hrs,0.17,0.17,Amazon Elastic Compute Cloud,c5.xlarge,4,8 GiB,Linux,us-west-2,AmazonEC2,1.34,5.82,1.64,674,2025-12-12T09:33:59Z,,,,,,,,,,,,,,,,
de76ae3ac6b64d3eb023804b6f70fea5,2026-01-26T10:00:00Z/2026-01-26T11:00:00Z,112233445566,2026-01-01T00:00:00Z,2026-02-01T00:00:00Z,AWS,223344556677,Usage,2026-01-26T10:00:00Z,2026-01-26T11:00:00Z,AmazonEC2,USWE-BoxUsage:c5.xlarge,RunInstances,us-west-2a,i-04640bf3346f448f7,1.0,8.0,8.0,0.17,0.17,0.16624,0.176446,Hrs,0.17,0.17,Amazon Elastic Compute Cloud,c5.xlarge,4,8 GiB,Linux,us-west-2,AmazonEC2,4.52,8.25,5.25,548,2026-01-04T05:24:37Z,,,,,,,,,,,,,,,,
74670aa1cb6a417ca226e3f66687ecd9,2026-01-26T20:00:00Z/2026-01-26T21:00:00Z,112233445566,2026-01-01T00:00:00Z,2026-02-01T00:00:00Z,AWS,223344556677,Usage,2026-01-26T20:00:00Z,2026-01-26T21:00:00Z,AmazonEC2,USWE-BoxUsage:c5.xlarge,RunInstances,us-west-2a,i-04640bf3346f448f7,1.0,8.0,8.0,0.17,0.17,0.176523,0.164273,Hrs,0.17,0.17,Amazon Elastic Compute Cloud,c5.xlarge,4,8 GiB,Linux,us-west-2,AmazonEC2,1.37,5.6,1.81,524,2025-12-21T02:13:05Z,,,,,,,,,,,,,,,,
1ced576c00b440b5a00c6acc5b1dd09b,2026-01-27T06:00:00Z/2026-01-27T07:00:00Z,112233445566,2026-01-01T00:00:00Z,2026-02-01T00:00:00Z,AWS,223344556677,Usage,2026-01-27T06:00:00Z,2026-01-27T07:00:00Z,AmazonEC2,USWE-BoxUsage:c5.xlarge,RunInstances,us-west-2a,i-04640bf3346f448f7,1.0,8.0,8.0,0.17,0.17,0.163877,0.176585,Hrs,0.17,0.17,Amazon Elastic Compute Cloud,c5.xlarge,4,8 GiB,Linux,us-west-2,AmazonEC2,4.5,8.42,1.56,357,2025-12-19T20:56:48Z,,,,,,,,,,,,,,,,
7fa72d36c50847ce9c2c0116fc8f9659,2026-01-27T16:00:00Z/2026-01-27T17:00:00Z,112233445566,2026-01-01T00:00:00Z,2026-02-01T00:00:00Z,AWS,223344556677,Usage,2026-01-27T16:00:00Z,2026-01-27T17:00:00Z,AmazonEC2,USWE-BoxUsage:c5.xlarge,RunInstances,us-west-2a,i-04640bf3346f448f7,1.0,8.0,8.0,0.17,0.17,0.165342,0.163552,Hrs,0.17,0.17,Amazon Elastic Compute Cloud,c5.xlarge,4,8 GiB,Linux,us-west-2,AmazonEC2,3.96,7.46,7.83,623,2025-12-17T16:12:19Z,,,,,,,,,,,,,,,,
4a387fcbe96b43e89da793f9de1cf947,2026-01-28T02:00:00Z/2026-01-28T03:00:00Z,112233445566,2026-01-01T00:00:00Z,2026-02-01T00:00:00Z,AWS,223344556677,Usage,2026-01-28T02:00:00Z,2026-01-28T03:00:00Z,AmazonEC2,USWE-BoxUsage:c5.xlarge,RunInstances,us-west-2a,i-04640bf3346f448f7,1.0,8.0,8.0,0.17,0.17,0.171778,0.17635,Hrs,0.17,0.17,Amazon Elastic Compute Cloud,c5.xlarge,4,8 GiB,Linux,us-west-2,AmazonEC2,3.26,2.46,5.45,387,2026-01-10T21:07:51Z,,,,,,,,,,,,,,,,
f4380e017b294f2da40997227cb6570d,2026-01-28T12:00:00Z/2026-01-28T13:00:00Z,112233445566,2026-01-01T00:00:00Z,2026-02-01T00:00:00Z,AWS,223344556677,Usage,2026-01-28T12:00:00Z,2026-01-28T13:00:00Z,AmazonEC2,USWE-BoxUsage:c5.xlarge,RunInstances,us-west-2a,i-04640bf3346f448f7,1.0,8.0,8.0,0.17,0.17,0.164968,0.172249,Hrs,0.17,0.17,Amazon Elastic Compute Cloud,c5.xlarge,4,8 GiB,Linux,us-west-2,AmazonEC2,1.65,4.16,7.66,462,2026-01-04T01:50:23Z,,,,,,,,,,,,,,,,
b776e354748243f0ae08723fb456faf7,2026-01-28T22:00:00Z/2026-01-28T23:00:00Z,112233445566,2026-01-01T00:00:00Z,2026-02-01T00:00:00Z,AWS,223344556677,Usage,2026-01-28T22:00:00Z,2026-01-28T23:00:00Z,AmazonEC2,USWE-BoxUsage:c5.xlarge,RunInstances,us-west-2a,i-04640bf3346f448f7,1.0,8.0,8.0,0.17,0.17,0.167877,0.173565,Hrs,0.17,0.17,Amazon Elastic Compute Cloud,c5.xlarge,4,8 GiB,Linux,us-west-2,AmazonEC2,3.75,4.23,5.51,618,2025-12-25T16:14:17Z,,,,,,,,,,,,,,,,
3c0a83df3a13486ba46ba06e6401345b,2026-01-29T08:00:00Z/2026-01-29T09:00:00Z,112233445566,2026-01-01T00:00:00Z,2026-02-01T00:00:00Z,AWS,223344556677,Usage,2026-01-29T08:00:00Z,2026-01-29T09:00:00Z,AmazonEC2,USWE-BoxUsage:c5.xlarge,RunInstances,us-west-2a,i-04640bf3346f448f7,1.0,8.0,8.0,0.17,0.17,0.173596,0.162758,Hrs,0.17,0.17,Amazon Elastic Compute Cloud,c5.xlarge,4,8 GiB,Linux,us-west-2,AmazonEC2,2.0,7.05,1.42,631,2025-12-15T10:04:55Z,,,,,,,,,,,,,,,,
f441e2b0953949fb9e198135c1a07824,2026-01-29T18:00:00Z/2026-01-29T19:00:00Z,112233445566,2026-01-01T00:00:00Z,2026-02-01T00:00:00Z,AWS,223344556677,Usage,2026-01-29T18:00:00Z,2026-01-29T19:00:00Z,AmazonEC2,USWE-BoxUsage:c5.xlarge,RunInstances,us-west-2a,i-04640bf3346f448f7,1.0,8.0,8.0,0.17,0.17,0.175612,0.177585,Hrs,0.17,0.17,Amazon Elastic Compute Cloud,c5.xlarge,4,8 GiB,Linux,us-west-2,AmazonEC2,3.47,7.71,6.74,628,2025-12-18T08:56:42Z,,,,,,,,,,,,,,,,
8b2519f117bb42e5ad5725bf7903139d,2026-01-30T04:00:00Z/2026-01-30T05:00:00Z,112233445566,2026-01-01T00:00:00Z,2026-02-01T00:00:00Z,AWS,223344556677,Usage,2026-01-30T04:00:00Z,2026-01-30T05:00:00Z,AmazonEC2,USWE-BoxUsage:c5.xlarge,RunInstances,us-west-2a,i-04640bf3346f448f7,1.0,8.0,8.0,0.17,0.17,0.171936,0.173742,Hrs,0.17,0.17,Amazon Elastic Compute Cloud,c5.xlarge,4,8 GiB,Linux,us-west-2,AmazonEC2,3.45,2.06,1.8,651,2025-12-17T13:12:49Z,,,,,,,,,,,,,,,,
584c50f1ace344a39c139aab9d68fce2,2026-01-30T14:00:00Z/2026-01-30T15:00:00Z,112233445566,2026-01-01T00:00:00Z,2026-02-01T00:00:00Z,AWS,223344556677,Usage,2026-01-30T14:00:00Z,2026-01-30T15:00:00Z,AmazonEC2,USWE-BoxUsage:c5.xlarge,RunInstances,us-west-2a,i-04640bf3346f448f7,1.0,8.0,8.0,0.17,0.17,0.162235,0.162324,Hrs,0.17,0.17,Amazon Elastic Compute Cloud,c5.xlarge,4,8 GiB,Linux,us-west-2,AmazonEC2,4.69,8.02,6.94,699,2026-01-14T07:06:49Z,,,,,,,,,,,,,,,,
cf3a64c83a4d4b30a7b2258c83605fe9,2026-01-01T00:00:00Z/2026-01-01T01:00:00Z,112233445566,2026-01-01T00:00:00Z,2026-02-01T00:00:00Z,AWS,223344556677,Usage,2026-01-01T00:00:00Z,2026-01-01T01:00:00Z,AmazonEC2,USWE-BoxUsage:r5.large,RunInstances,us-west-2a,i-080f856aa104d4cfe,1.0,4.0,4.0,0.126,0.126,0.128759,0.120669,Hrs,0.126,0.126,Amazon Elastic Compute Cloud,r5.large,2,16 GiB,Linux,us-west-2,AmazonEC2,31.32,46.43,28.55,45,2025-12-27T16:15:47Z,ml,prod,CC500,,,,,,,,,,,,,
1086d01289394b54b6cb297f77079c7a,2026-01-01T10:00:00Z/2026-01-01T11:00:00Z,112233445566,2026-01-01T00:00:00Z,2026-02-01T00:00:00Z,AWS,223344556677,Usage,2026-01-01T10:00:00Z,2026-01-01T11:00:00Z,AmazonEC2,USWE-BoxUsage:r5.large,RunInstances,us-west-2a,i-080f856aa104d4cfe,1.0,4.0,4.0,0.126,0.126,0.120847,0.130385,Hrs,0.126,0.126,Amazon Elastic Compute Cloud,r5.large,2,16 GiB,Linux,us-west-2,AmazonEC2,40.61,42.87,30.52,45,2025-12-28T13:09:41Z,ml,prod,CC500,,,,,,,,,,,,,
ad5073391d1043de9020d097abff5158,2026-01-01T20:00:00Z/2026-01-01T21:00:00Z,112233445566,2026-01-01T00:00:00Z,2026-02-01T00:00:00Z,AWS,223344556677,Usage,2026-01-01T20:00:00Z,2026-01-01T21:00:00Z,AmazonEC2,USWE-BoxUsage:r5.large,RunInstances,us-west-2a,i-080f856aa104d4cfe,1.0,4.0,4.0,0.126,0.126,0.131356,0.129692,Hrs,0.126,0.126,Amazon Elastic Compute Cloud,r5.large,2,16 GiB,Linux,us-west-2,AmazonEC2,27.56,33.91,34.32,19,2025-12-30T06:59:14Z,ml,prod,CC500,,,,,,,,,,,,,
79bef72650a04059a041747b459d35a4,2026-01-02T06:00:00Z/2026-01-02T07:00:00Z,112233445566,2026-01-01T00:00:00Z,2026-02-01T00:00:00Z,AWS,223344556677,Usage,2026-01-02T06:00:00Z,2026-01-02T07:00:00Z,AmazonEC2,USWE-BoxUsage:r5.large,RunInstances,us-west-2a,i-080f856aa104d4cfe,1.0,4.0,4.0,0.126,0.126,0.128911,0.123278,Hrs,0.126,0.126,Amazon Elastic Compute Cloud,r5.large,2,16 GiB,Linux,us-west-2,AmazonEC2,36.16,46.51,20.42,62,2025-12-29T06:14:28Z,ml,prod,CC500,,,,,,,,,,,,,
755d3fb599154a4f94a849304bda4990,2026-01-02T16:00:00Z/2026-01-02T17:00:00Z,112233445566,2026-01-01T00:00:00Z,2026-02-01T00:00:00Z,AWS,223344556677,Usage,2026-01-02T16:00:00Z,2026-01-02T17:00:00Z,AmazonEC2,USWE-BoxUsage:r5.large,RunInstances,us-west-2a,i-080f856aa104d4cfe,1.0,4.0,4.0,0.126,0.126,0.122306,0.13206,Hrs,0.126,0.126,Amazon Elastic Compute Cloud,r5.large,2,16 GiB,Linux,us-west-2,AmazonEC2,37.71,38.5,39.18,38,2026-01-01T06:25:32Z,ml,prod,CC500,,,,,,,,,,,,,
943879d4ac314cc885dfc6fd34998b4f,2026-01-03T02:00:00Z/2026-01-03T03:00:00Z,112233445566,2026-01-01T00:00:00Z,2026-02-01T00:00:00Z,AWS,223344556677,Usage,2026-01-03T02:00:00Z,2026-01-03T03:00:00Z,AmazonEC2,USWE-BoxUsage:r5.large,RunInstances,us-west-2a,i-080f856aa104d4cfe,1.0,4.0,4.0,0.126,0.126,0.121344,0.129251,Hrs,0.126,0.126,Amazon Elastic Compute Cloud,r5.large,2,16 GiB,Linux,us-west-2,AmazonEC2,32.94,41.24,21.46,43,2025-12-30T11:20:58Z,ml,prod,CC500,,,,,,,,,,,,,
49af8ec2efb542949a2565fbee88d3e2,2026-01-03T12:00:00Z/2026-01-03T13:00:00Z,112233445566,2026-01-01T00:00:00Z,2026-02-01T00:00:00Z,AWS,223344556677,Usage,2026-01-03T12:00:00Z,2026-01-03T13:00:00Z,AmazonEC2,USWE-BoxUsage:r5.large,RunInstances,us-west-2a,i-080f856aa104d4cfe,1.0,4.0,4.0,0.126,0.126,0.130258,0.124685,Hrs,0.126,0.126,Amazon Elastic Compute Cloud,r5.large,2,16 GiB,Linux,us-west-2,AmazonEC2,41.04,40.16,26.12,52,2025-12-30T11:48:17Z,ml,prod,CC500,,,,,,,,,,,,,
971a528fe95c4693b8c1bb4575ae03ea,2026-01-04T08:00:00Z/2026-01-04T09:00:00Z,112233445566,2026-01-01T00:00:00Z,2026-02-01T00:00:00Z,AWS,223344556677,Usage,2026-01-04T08:00:00Z,2026-01-04T09:00:00Z,AmazonEC2,USWE-BoxUsage:r5.large,RunInstances,us-west-2a,i-080f856aa104d4cfe,1.0,4.0,4.0,0.126,0.126,0.126102,0.13208,Hrs,0.126,0.126,Amazon Elastic Compute Cloud,r5.large,2,16 GiB,Linux,us-west-2,AmazonEC2,22.75,36.59,25.29,64,2026-01-02T01:47:43Z,ml,prod,CC500,,,,,,,,,,,,,
9d89ea1c45a240c995d634ba9096275a,2026-01-04T18:00:00Z/2026-01-04T19:00:00Z,112233445566,2026-01-01T00:00:00Z,2026-02-01T00:00:00Z,AWS,223344556677,Usage,2026-01-04T18:00:00Z,2026-01-04T19:00:00Z,AmazonEC2,USWE-BoxUsage:r5.large,RunInstances,us-west-2a,i-080f856aa104d4cfe,1.0,4.0,4.0,0.126,0.126,0.120565,0.1261,Hrs,0.126,0.126,Amazon Elastic Compute Cloud,r5.large,2,16 GiB,Linux,us-west-2,AmazonEC2,25.1,42.87,38.67,46,2026-01-03T13:05:18Z,ml,prod,CC500,,,,,,,,,,,,,
76269285f545415491119370762f9a55,2026-01-05T04:00:00Z/2026-01-05T05:00:00Z,112233445566,2026-01-01T00:00:00Z,2026-02-01T00:00:00Z,AWS,223344556677,Usage,2026-01-05T04:00:00Z,2026-01-05T05:00:00Z,AmazonEC2,USWE-BoxUsage:r5.large,RunInstances,us-west-2a,i-080f856aa104d4cfe,1.0,4.0,4.0,0.126,0.126,0.128247,0.12559,Hrs,0.126,0.126,Amazon Elastic Compute Cloud,r5.large,2,16 GiB,Linux,us-west-2,AmazonEC2,40.01,28.87,23.91,61,2026-01-01T13:06:30Z,ml,prod,CC500,,,,,,,,,,,,,
41e5c29d4b944040b554fdee70a3f1bc,2026-01-05T14:00:00Z/2026-01-05T15:00:00Z,112233445566,2026-01-01T00:00:00Z,2026-02-01T00:00:00Z,AWS,223344556677,Usage,2026-01-05T14:00:00Z,2026-01-05T15:00:00Z,AmazonEC2,USWE-BoxUsage:r5.large,RunInstances,us-west-2a,i-080f856aa104d4cfe,1.0,4.0,4.0,0.126,0.126,0.125853,0.122426,Hrs,0.126,0.126,Amazon Elastic Compute Cloud,r5.large,2,16 GiB,Linux,us-west-2,AmazonEC2,41.0,50.18,35.31,41,2026-01-03T15:35:10Z,ml,prod,CC500,,,,,,,,,,,,,
a5c45168c26142cf81061ec0b5d61a47,2026-01-06T00:00:00Z/2026-01-06T01:00:00Z,112233445566,2026-01-01T00:00:00Z,2026-02-01T00:00:00Z,AWS,223344556677,Usage,2026-01-06T00:00:00Z,2026-01-06T01:00:00Z,AmazonEC2,USWE-BoxUsage:r5.large,RunInstances,us-west-2a,i-080f856aa104d4cfe,1.0,4.0,4.0,0.126,0.126,0.13007,0.123742,Hrs,0.126,0.126,Amazon Elastic Compute Cloud,r5.large,2,16 GiB,Linux,us-west-2,AmazonEC2,24.78,40.62,35.84,16,2026-01-02T23:38:38Z,ml,prod,CC500,,,,,,,,,,,,,
39bf3a03d4dd4a05a41011098f457321,2026-01-06T10:00:00Z/2026-01-06T11:00:00Z,112233445566,2026-01-01T00:00:00Z,2026-02-01T00:00:00Z,AWS,223344556677,Usage,2026-01-06T10:00:00Z,2026-01-06T11:00:00Z,AmazonEC2,USWE-BoxUsage:r5.large,RunInstances,us-west-2a,i-080f856aa104d4cfe,1.0,4.0,4.0,0.126,0.126,0.121827,0.129762,Hrs,0.126,0.126,Amazon Elastic Compute Cloud,r5.large,2,16 GiB,Linux,us-west-2,AmazonEC2,26.24,42.31,34.38,31,2026-01-02T19:37:57Z,ml,prod,CC500,,,,,,,,,,,,,
d04f3b51c00d4dde94baa9a1c6c166fe,2026-01-06T20:00:00Z/2026-01-06T21:00:00Z,112233445566,2026-01-01T00:00:00Z,2026-02-01T00:00:00Z,AWS,223344556677,Usage,2026-01-06T20:00:00Z,2026-01-06T21:00:00Z,AmazonEC2,USWE-BoxUsage:r5.large,RunInstances,us-west-2a,i-080f856aa104d4cfe,1.0,4.0,4.0,0.126,0.126,0.127659,0.131098,Hrs,0.126,0.126,Amazon Elastic Compute Cloud,r5.large,2,16 GiB,Linux,us-west-2,AmazonEC2,36.64,29.81,25.66,55,2026-01-05T08:55:05Z,ml,prod,CC500,,,,,,,,,,,,,
ef0ec3f595a84797919ff3d4c7be6614,2026-01-07T06:00:00Z/2026-01-07T07:00:00Z,112233445566,2026-01-01T00:00:00Z,2026-02-01T00:00:00Z,AWS,223344556677,Usage,2026-01-07T06:00:00Z,2026-01-07T07:00:00Z,AmazonEC2,USWE-BoxUsage:r5.large,RunInstances,us-west-2a,i-080f856aa104d4cfe,1.0,4.0,4.0,0.126,0.126,0.12465,0.120013,Hrs,0.126,0.126,Amazon Elastic Compute Cloud,r5.large,2,16 GiB,Linux,us-west-2,AmazonEC2,38.59,33.18,19.67,23,2026-01-04T23:41:01Z,ml,prod,CC500,,,,,,,,,,,,,
93b6e8229f3c4e3aaae1bfdec7df579e,2026-01-07T16:00:00Z/2026-01-07T17:00:00Z,112233445566,2026-01-01T00:00:00Z,2026-02-01T00:00:00Z,AWS,223344556677,Usage,2026-01-07T16:00:00Z,2026-01-07T17:00:00Z,AmazonEC2,USWE-BoxUsage:r5.large,RunInstances,us-west-2a,i-080f856aa104d4cfe,1.0,4.0,4.0,0.126,0.126,0.128561,0.122605,Hrs,0.126,0.126,Amazon Elastic Compute Cloud,r5.large,2,16 GiB,Linux,us-west-2,AmazonEC2,32.65,29.88,33.12,14,2026-01-03T05:58:55Z,ml,prod,CC500,,,,,,,,,,,,,
1df478f68345408a849f2f4e3fd7cad3,2026-01-08T02:00:00Z/2026-01-08T03:00:00Z,112233445566,2026-01-01T00:00:00Z,2026-02-01T00:00:00Z,AWS,223344556677,Usage,2026-01-08T02:00:00Z,2026-01-08T03:00:00Z,AmazonEC2,USWE-BoxUsage:r5.large,RunInstances,us-west-2a,i-080f856aa104d4cfe,1.0,4.0,4.0,0.126,0.126,0.124147,0.131058,Hrs,0.126,0.126,Amazon Elastic Compute Cloud,r5.large,2,16 GiB,Linux,us-west-2,AmazonEC2,33.45,37.4,31.82,46,2026-01-06T09:04:47Z,ml,prod,CC500,,,,,,,,,,,,,
da041c5a460f4e45b6ff916418bbdef9,2026-01-08T12:00:00Z/2026-01-08T13:00:00Z,112233445566,2026-01-01T00:00:00Z,2026-02-01T00:00:00Z,AWS,223344556677,Usage,2026-01-08T12:00:00Z,2026-01-08T13:00:00Z,AmazonEC2,USWE-BoxUsage:r5.large,RunInstances,us-west-2a,i-080f856aa104d4cfe,1.0,4.0,4.0,0.126,0.126,0.124019,0.128531,Hrs,0.126,0.126,Amazon Elastic Compute Cloud,r5.large,2,16 GiB,Linux,us-west-2,AmazonEC2,25.51,41.93,38.19,66,2026-01-06T00:25:44Z,ml,prod,CC500,,,,,,,,,,,,,
35ed656a7dcc4461ab60ca4f77a673a5,2026-01-08T22:00:00Z/2026-01-08T23:00:00Z,112233445566,2026-01-01T00:00:00Z,2026-02-01T00:00:00Z,AWS,223344556677,Usage,2026-01-08T22:00:00Z,2026-01-08T23:00:00Z,AmazonEC2,USWE-BoxUsage:r5.large,RunInstances,us-west-2a,i-080f856aa104d4cfe,1.0,4.0,4.0,0.126,0.126,0.125317,0.122291,Hrs,0.126,0.126,Amazon Elastic Compute Cloud,r5.large,2,16 GiB,Linux,us-west-2,AmazonEC2,37.48,49.12,41.48,33,2026-01-06T14:54:04Z,ml,prod,CC500,,,,,,,,,,,,,
8a53199bea9b40bfb111f67856e2eeb1,2026-01-09T08:00:00Z/2026-01-09T09:00:00Z,112233445566,2026-01-01T00:00:00Z,2026-02-01T00:00:00Z,AWS,223344556677,Usage,2026-01-09T08:00:00Z,2026-01-09T09:00:00Z,AmazonEC2,USWE-BoxUsage:r5.large,RunInstances,us-west-2a,i-080f856aa104d4cfe,1.0,4.0,4.0,0.126,0.126,0.12544,0.126147,Hrs,0.126,0.126,Amazon Elastic Compute Cloud,r5.large,2,16 GiB,Linux,us-west-2,AmazonEC2,38.54,30.28,33.24,64,2026-01-06T01:59:53Z,ml,prod,CC500,,,,,,,,,,,,,
955246db15fd4f0097a76ae78d4e2b5e,2026-01-09T18:00:00Z/2026-01-09T19:00:00Z,112233445566,2026-01-01T00:00:00Z,2026-02-01T00:00:00Z,AWS,223344556677,Usage,2026-01-09T18:00:00Z,2026-01-09T19:00:00Z,AmazonEC2,USWE-BoxUsage:r5.large,RunInstances,us-west-2a,i-080f856aa104d4cfe,1.0,4.0,4.0,0.126,0.126,0.122055,0.12944,Hrs,0.126,0.126,Amazon Elastic Compute Cloud,r5.large,2,16 GiB,Linux,us-west-2,AmazonEC2,25.46,36.74,18.99,71,2026-01-05T07:04:39Z,ml,prod,CC500,,,,,,,,,,,,,
3adc86c67059451d84d36509ee070ad7,2026-01-10T04:00:00Z/2026-01-10T05:00:00Z,112233445566,2026-01-01T00:00:00Z,2026-02-01T00:00:00Z,AWS,223344556677,Usage,2026-01-10T04:00:00Z,2026-01-10T05:00:00Z,AmazonEC2,USWE-BoxUsage:r5.large,RunInstances,us-west-2a,i-080f856aa104d4cfe,1.0,4.0,4.0,0.126,0.126,0.123051,0.12349,Hrs,0.126,0.126,Amazon Elastic Compute Cloud,r5.large,2,16 GiB,Linux,us-west-2,AmazonEC2,24.32,29.56,26.83,54,2026-01-08T05:05:36Z,ml,prod,CC500,,,,,,,,,,,,,
548bee1ed177443ea33a98ef6e2ff303,2026-01-10T14:00:00Z/2026-01-10T15:00:00Z,112233445566,2026-01-01T00:00:00Z,2026-02-01T00:00:00Z,AWS,223344556677,Usage,2026-01-10T14:00:00Z,2026-01-10T15:00:00Z,AmazonEC2,USWE-BoxUsage:r5.large,RunInstances,us-west-2a,i-080f856aa104d4cfe,1.0,4.0,4.0,0.126,0.126,0.125851,0.129994,Hrs,0.126,0.126,Amazon Elastic Compute Cloud,r5.large,2,16 GiB,Linux,us-west-2,AmazonEC2,37.48,49.83,24.12,23,2026-01-08T13:26:38Z,ml,prod,CC500,,,,,,,,,,,,,
c4496ddafdaa48ae93a1781f945f55f4,2026-01-11T00:00:00Z/2026-01-11T01:00:00Z,112233445566,2026-01-01T00:00:00Z,2026-02-01T00:00:00Z,AWS,223344556677,Usage,2026-01-11T00:00:00Z,2026-01-11T01:00:00Z,AmazonEC2,USWE-BoxUsage:r5.large,RunInstances,us-west-2a,i-080f856aa104d4cfe,1.0,4.0,4.0,0.126,0.126,0.128999,0.122132,Hrs,0.126,0.126,Amazon Elastic Compute Cloud,r5.large,2,16 GiB,Linux,us-west-2,AmazonEC2,29.62,31.14,35.64,16,2026-01-07T11:56:25Z,ml,prod,CC500,,,,,,,,,,,,,
dd44ee77b5f541cbb519d091f15a76d2,2026-01-11T10:00:00Z/2026-01-11T11:00:00Z,112233445566,2026-01-01T00:00:00Z,2026-02-01T00:00:00Z,AWS,223344556677,Usage,2026-01-11T10:00:00Z,2026-01-11T11:00:00Z,AmazonEC2,USWE-BoxUsage:r5.large,RunInstances,us-west-2a,i-080f856aa104d4cfe,1.0,4.0,4.0,0.126,0.126,0.120789,0.127224,Hrs,0.126,0.126,Amazon Elastic Compute Cloud,r5.large,2,16 GiB,Linux,us-west-2,AmazonEC2,34.87,28.23,38.3,34,2026-01-08T22:13:15Z,ml,prod,CC500,,,,,,,,,,,,,
5407da85c47b44a4973591d10a94da09,2026-01-11T20:00:00Z/2026-01-11T21:00:00Z,112233445566,2026-01-01T00:00:00Z,2026-02-01T00:00:00Z,AWS,223344556677,Usage,2026-01-11T20:00:00Z,2026-01-11T21:00:00Z,AmazonEC2,USWE-BoxUsage:r5.large,RunInstances,us-west-2a,i-080f856aa104d4cfe,1.0,4.0,4.0,0.126,0.126,0.126221,0.125658,Hrs,0.126,0.126,Amazon Elastic Compute Cloud,r5.large,2,16 GiB,Linux,us-west-2,AmazonEC2,33.71,31.91,20.09,48,2026-01-09T05:04:06Z,ml,prod,CC500,,,,,,,,,,,,,
707ab92c40914bbca9392bc17e274487,2026-01-12T06:00:00Z/2026-01-12T07:00:00Z,112233445566,2026-01-01T00:00:00Z,2026-02-01T00:00:00Z,AWS,223344556677,Usage,2026-01-12T06:00:00Z,2026-01-12T07:00:00Z,AmazonEC2,USWE-BoxUsage:r5.large,RunInstances,us-west-2a,i-080f856aa104d4cfe,1.0,4.0,4.0,0.126,0.126,0.130793,0.122479,Hrs,0.126,0.126,Amazon Elastic Compute Cloud,r5.large,2,16 GiB,Linux,us-west-2,AmazonEC2,39.1,34.02,32.95,16,2026-01-08T14:39:33Z,ml,prod,CC500,,,,,,,,,,,,,
581a1b69660c4143be2d6c8105ea6196,2026-01-12T16:00:00Z/2026-01-12T17:00:00Z,112233445566,2026-01-01T00:00:00Z,2026-02-01T00:00:00Z,AWS,223344556677,Usage,2026-01-12T16:00:00Z,2026-01-12T17:00:00Z,AmazonEC2,USWE-BoxUsage:r5.large,RunInstances,us-west-2a,i-080f856aa104d4cfe,1.0,4.0,4.0,0.126,0.126,0.128145,0.123575,Hrs,0.126,0.126,Amazon Elastic Compute Cloud,r5.large,2,16 GiB,Linux,us-west-2,AmazonEC2,23.39,29.29,37.89,51,2026-01-11T02:54:58Z,ml,prod,CC500,,,,,,,,,,,,,
54bf0a2d92f24b4eb43b1dfd0ee56853,2026-01-13T02:00:00Z/2026-01-13T03:00:00Z,112233445566,2026-01-01T00:00:00Z,2026-02-01T00:00:00Z,AWS,223344556677,Usage,2026-01-13T02:00:00Z,2026-01-13T03:00:00Z,AmazonEC2,USWE-BoxUsage:r5.large,RunInstances,us-west-2a,i-080f856aa104d4cfe,1.0,4.0,4.0,0.126,0.126,0.128483,0.131415,Hrs,0.126,0.126,Amazon Elastic Compute Cloud,r5.large,2,16 GiB,Linux,us-west-2,AmazonEC2,23.46,51.63,24.99,36,2026-01-10T00:15:40Z,ml,prod,CC500,,,,,,,,,,,,,
3e33d9cec12843a79c062b9303e69aae,2026-01-13T12:00:00Z/2026-01-13T13:00:00Z,112233445566,2026-01-01T00:00:00Z,2026-02-01T00:00:00Z,AWS,223344556677,Usage,2026-01-13T12:00:00Z,2026-01-13T13:00:00Z,AmazonEC2,USWE-BoxUsage:r5.large,RunInstances,us-west-2a,i-080f856aa104d4cfe,1.0,4.0,4.0,0.126,0.126,0.120144,0.126778,Hrs,0.126,0.126,Amazon Elastic Compute Cloud,r5.large,2,16 GiB,Linux,us-west-2,AmazonEC2,27.89,29.59,33.16,49,2026-01-08T22:33:05Z,ml,prod,CC500,,,,,,,,,,,,,
65dfcb9578d841f28df72d372d15535c,2026-01-13T22:00:00Z/2026-01-13T23:00:00Z,112233445566,2026-01-01T00:00:00Z,2026-02-01T00:00:00Z,AWS,223344556677,Usage,2026-01-13T22:00:00Z,2026-01-13T23:00:00Z,AmazonEC2,USWE-BoxUsage:r5.large,RunInstances,us-west-2a,i-080f856aa104d4cfe,1.0,4.0,4.0,0.126,0.126,0.125878,0.120295,Hrs,0.126,0.126,Amazon Elastic Compute Cloud,r5.large,2,16 GiB,Linux,us-west-2,AmazonEC2,24.56,28.39,30.77,47,2026-01-09T20:03:02Z,ml,prod,CC500,,,,,,,,,,,,,
a88475b974584a71941984801bac1c92,2026-01-14T08:00:00Z/2026-01-14T09:00:00Z,112233445566,2026-01-01T00:00:00Z,2026-02-01T00:00:00Z,AWS,223344556677,Usage,2026-01-14T08:00:00Z,2026-01-14T09:00:00Z,AmazonEC2,USWE-BoxUsage:r5.large,RunInstances,us-west-2a,i-080f856aa104d4cfe,1.0,4.0,4.0,0.126,0.126,0.119831,0.128777,Hrs,0.126,0.126,Amazon Elastic Compute Cloud,r5.large,2,16 GiB,Linux,us-west-2,AmazonEC2,26.13,34.92,35.18,43,2026-01-10T17:32:13Z,ml,prod,CC500,,,,,,,,,,,,,
b937d2d22c0b4911bcd0670c37d22716,2026-01-14T18:00:00Z/2026-01-14T19:00:00Z,112233445566,2026-01-01T00:00:00Z,2026-02-01T00:00:00Z,AWS,223344556677,Usage,2026-01-14T18:00:00Z,2026-01-14T19:00:00Z,AmazonEC2,USWE-BoxUsage:r5.large,RunInstances,us-west-2a,i-080f856aa104d4cfe,1.0,4.0,4.0,0.126,0.126,0.128484,0.128747,Hrs,0.126,0.126,Amazon Elastic Compute Cloud,r5.large,2,16 GiB,Linux,us-west-2,AmazonEC2,29.44,41.41,27.75,40,2026-01-12T05:27:00Z,ml,prod,CC500,,,,,,,,,,,,,
aaf7555b964c43e59139cd74c047b4dd,2026-01-15T04:00:00Z/2026-01-15T05:00:00Z,112233445566,2026-01-01T00:00:00Z,2026-02-01T00:00:00Z,AWS,223344556677,Usage,2026-01-15T04:00:00Z,2026-01-15T05:00:00Z,AmazonEC2,USWE-BoxUsage:r5.large,RunInstances,us-west-2a,i-080f856aa104d4cfe,1.0,4.0,4.0,0.126,0.126,0.129385,0.130902,Hrs,0.126,0.126,Amazon Elastic Compute Cloud,r5.large,2,16 GiB,Linux,us-west-2,AmazonEC2,32.18,29.14,28.96,17,2026-01-11T11:13:12Z,ml,prod,CC500,,,,,,,,,,,,,
c68f6f8c793a497993c1fd103d4d7580,2026-01-15T14:00:00Z/2026-01-15T15:00:00Z,112233445566,2026-01-01T00:00:00Z,2026-02-01T00:00:00Z,AWS,223344556677,Usage,2026-01-15T14:00:00Z,2026-01-15T15:00:00Z,AmazonEC2,USWE-BoxUsage:r5.large,RunInstances,us-west-2a,i-080f856aa104d4cfe,1.0,4.0,4.0,0.126,0.126,0.124383,0.12537,Hrs,0.126,0.126,Amazon Elastic Compute Cloud,r5.large,2,16 GiB,Linux,us-west-2,AmazonEC2,39.15,37.67,27.88,43,2026-01-12T00:00:40Z,ml,prod,CC500,,,,,,,,,,,,,
3767a7164d464a3c8d73ccfc844d9d00,2026-01-16T00:00:00Z/2026-01-16T01:00:00Z,112233445566,2026-01-01T00:00:00Z,2026-02-01T00:00:00Z,AWS,223344556677,Usage,2026-01-16T00:00:00Z,2026-01-16T01:00:00Z,AmazonEC2,USWE-BoxUsage:r5.large,RunInstances,us-west-2a,i-080f856aa104d4cfe,1.0,4.0,4.0,0.126,0.126,0.122187,0.121496,Hrs,0.126,0.126,Amazon Elastic Compute Cloud,r5.large,2,16 GiB,Linux,us-west-2,AmazonEC2,38.62,33.88,36.2,66,2026-01-13T23:46:39Z,ml,prod,CC500,,,,,,,,,,,,,
3e3efbd4f9c34bc4b4ce737a1ec1d76e,2026-01-16T10:00:00Z/2026-01-16T11:00:00Z,112233445566,2026-01-01T00:00:00Z,2026-02-01T00:00:00Z,AWS,223344556677,Usage,2026-01-16T10:00:00Z,2026-01-16T11:00:00Z,AmazonEC2,USWE-BoxUsage:r5.large,RunInstances,us-west-2a,i-080f856aa104d4cfe,1.0,4.0,4.0,0.126,0.126,0.12239,0.128077,Hrs,0.126,0.126,Amazon Elastic Compute Cloud,r5.large,2,16 GiB,Linux,us-west-2,AmazonEC2,32.8,45.31,25.18,61,2026-01-13T01:53:55Z,ml,prod,CC500,,,,,,,,,,,,,
847893f3d51241cf9df262e8eca84a1d,2026-01-16T20:00:00Z/2026-01-16T21:00:00Z,112233445566,2026-01-01T00:00:00Z,2026-02-01T00:00:00Z,AWS,223344556677,Usage,2026-01-16T20:00:00Z,2026-01-16T21:00:00Z,AmazonEC2,USWE-BoxUsage:r5.large,RunInstances,us-west-2a,i-080f856aa104d4cfe,1.0,4.0,4.0,0.126,0.126,0.130511,0.123424,Hrs,0.126,0.126,Amazon Elastic Compute Cloud,r5.large,2,16 GiB,Linux,us-west-2,AmazonEC2,24.25,46.25,33.53,61,2026-01-14T18:40:40Z,ml,prod,CC500,,,,,,,,,,,,,
9cc9de9be7784a2a8f8b4056e969d1ff,2026-01-17T06:00:00Z/2026-01-17T07:00:00Z,112233445566,2026-01-01T00:00:00Z,2026-02-01T00:00:00Z,AWS,223344556677,Usage,2026-01-17T06:00:00Z,2026-01-17T07:00:00Z,AmazonEC2,USWE-BoxUsage:r5.large,RunInstances,us-west-2a,i-080f856aa104d4cfe,1.0,4.0,4.0,0.126,0.126,0.123319,0.128334,Hrs,0.126,0.126,Amazon Elastic Compute Cloud,r5.large,2,16 GiB,Linux,us-west-2,AmazonEC2,27.3,51.52,35.34,47,2026-01-13T07:21:58Z,ml,prod,CC500,,,,,,,,,,,,,
5770499cb4884c9da79d209c7e55c5e6,2026-01-17T16:00:00Z/2026-01-17T17:00:00Z,112233445566,2026-01-01T00:00:00Z,2026-02-01T00:00:00Z,AWS,223344556677,Usage,2026-01-17T16:00:00Z,2026-01-17T17:00:00Z,AmazonEC2,USWE-BoxUsage:r5.large,RunInstances,us-west-2a,i-080f856aa104d4cfe,1.0,4.0,4.0,0.126,0.126,0.121561,0.124411,Hrs,0.126,0.126,Amazon Elastic Compute Cloud,r5.large,2,16 GiB,Linux,us-west-2,AmazonEC2,27.57,37.32,41.66,69,2026-01-15T00:46:39Z,ml,prod,CC500,,,,,,,,,,,,,
3ca4758f19694091864c641eacc07697,2026-01-18T02:00:00Z/2026-01-18T03:00:00Z,112233445566,2026-01-01T00:00:00Z,2026-02-01T00:00:00Z,AWS,223344556677,Usage,2026-01-18T02:00:00Z,2026-01-18T03:00:00Z,AmazonEC2,USWE-BoxUsage:r5.large,RunInstances,us-west-2a,i-080f856aa104d4cfe,1.0,4.0,4.0,0.126,0.126,0.122631,0.12108,Hrs,0.126,0.126,Amazon Elastic Compute Cloud,r5.large,2,16 GiB,Linux,us-west-2,AmazonEC2,35.66,33.11,36.93,28,2026-01-16T07:47:21Z,ml,prod,CC500,,,,,,,,,,,,,
d7ed9376faf5429590c2e5d29dba9e40,2026-01-18T12:00:00Z/2026-01-18T13:00:00Z,112233445566,2026-01-01T00:00:00Z,2026-02-01T00:00:00Z,AWS,223344556677,Usage,2026-01-18T12:00:00Z,2026-01-18T13:00:00Z,AmazonEC2,USWE-BoxUsage:r5.large,RunInstances,us-west-2a,i-080f856aa104d4cfe,1.0,4.0,4.0,0.126,0.126,0.12325,0.131545,Hrs,0.126,0.126,Amazon Elastic Compute Cloud,r5.large,2,16 GiB,Linux,us-west-2,AmazonEC2,34.99,48.38,19.02,26,2026-01-13T19:59:41Z,ml,prod,CC500,,,,,,,,,,,,,
72f8dab2225f4e2c9f2eeb1fcd358691,2026-01-18T22:00:00Z/2026-01-18T23:00:00Z,112233445566,2026-01-01T00:00:00Z,2026-02-01T00:00:00Z,AWS,223344556677,Usage,2026-01-18T22:00:00Z,2026-01-18T23:00:00Z,AmazonEC2,USWE-BoxUsage:r5.large,RunInstances,us-west-2a,i-080f856aa104d4cfe,1.0,4.0,4.0,0.126,0.126,0.121607,0.1212,Hrs,0.126,0.126,Amazon Elastic Compute Cloud,r5.large,2,16 GiB,Linux,us-west-2,AmazonEC2,22.32,35.45,23.84,43,2026-01-17T14:10:39Z,ml,prod,CC500,,,,,,,,,,,,,
0f6adce608cf416ab240d29019cf53c8,2026-01-19T18:00:00Z/2026-01-19T19:00:00Z,112233445566,2026-01-01T00:00:00Z,2026-02-01T00:00:00Z,AWS,223344556677,Usage,2026-01-19T18:00:00Z,2026-01-19T19:00:00Z,AmazonEC2,USWE-BoxUsage:r5.large,RunInstances,us-west-2a,i-080f856aa104d4cfe,1.0,4.0,4.0,0.126,0.126,0.127804,0.128514,Hrs,0.126,0.126,Amazon Elastic Compute Cloud,r5.large,2,16 GiB,Linux,us-west-2,AmazonEC2,28.01,50.51,28.86,69,2026-01-18T10:19:01Z,ml,prod,CC500,,,,,,,,,,,,,
b9d1265034af45aea039e68c08aeb7dc,2026-01-20T04:00:00Z/2026-01-20T05:00:00Z,112233445566,2026-01-01T00:00:00Z,2026-02-01T00:00:00Z,AWS,223344556677,Usage,2026-01-20T04:00:00Z,2026-01-20T05:00:00Z,AmazonEC2,USWE-BoxUsage:r5.large,RunInstances,us-west-2a,i-080f856aa104d4cfe,1.0,4.0,4.0,0.126,0.126,0.126536,0.123239,Hrs,0.126,0.126,Amazon Elastic Compute Cloud,r5.large,2,16 GiB,Linux,us-west-2,AmazonEC2,26.85,29.97,24.21,60,2026-01-17T11:48:51Z,ml,prod,CC500,,,,,,,,,,,,,
f133d96d363646f6a6f84089fb86d672,2026-01-20T14:00:00Z/2026-01-20T15:00:00Z,112233445566,2026-01-01T00:00:00Z,2026-02-01T00:00:00Z,AWS,223344556677,Usage,2026-01-20T14:00:00Z,2026-01-20T15:00:00Z,AmazonEC2,USWE-BoxUsage:r5.large,RunInstances,us-west-2a,i-080f856aa104d4cfe,1.0,4.0,4.0,0.126,0.126,0.129276,0.125568,Hrs,0.126,0.126,Amazon Elastic Compute Cloud,r5.large,2,16 GiB,Linux,us-west-2,AmazonEC2,25.77,32.69,31.8,52,2026-01-17T05:22:34Z,ml,prod,CC500,,,,,,,,,,,,,
374c2eec014a4aa4ab6f0da850f4c800,2026-01-21T00:00:00Z/2026-01-21T01:00:00Z,112233445566,2026-01-01T00:00:00Z,2026-02-01T00:00:00Z,AWS,223344556677,Usage,2026-01-21T00:00:00Z,2026-01-21T01:00:00Z,AmazonEC2,USWE-BoxUsage:r5.large,RunInstances,us-west-2a,i-080f856aa104d4cfe,1.0,4.0,4.0,0.126,0.126,0.131157,0.127756,Hrs,0.126,0.126,Amazon Elastic Compute Cloud,r5.large,2,16 GiB,Linux,us-west-2,AmazonEC2,22.74,28.48,24.4,67,2026-01-19T04:19:34Z,ml,prod,CC500,,,,,,,,,,,,,
05074e5420464b3a969fa2766ad2b145,2026-01-21T10:00:00Z/2026-01-21T11:00:00Z,112233445566,2026-01-01T00:00:00Z,2026-02-01T00:00:00Z,AWS,223344556677,Usage,2026-01-21T10:00:00Z,2026-01-21T11:00:00Z,AmazonEC2,USWE-BoxUsage:r5.large,RunInstances,us-west-2a,i-080f856aa104d4cfe,1.0,4.0,4.0,0.126,0.126,0.124606,0.123164,Hrs,0.126,0.126,Amazon Elastic Compute Cloud,r5.large,2,16 GiB,Linux,us-west-2,AmazonEC2,37.3,50.11,41.54,35,2026-01-19T16:27:15Z,ml,prod,CC500,,,,,,,,,,,,,
a479389d832b41508d5f0f75fa5ddbb5,2026-01-21T20:00:00Z/2026-01-21T21:00:00Z,112233445566,2026-01-01T00:00:00Z,2026-02-01T00:00:00Z,AWS,223344556677,Usage,2026-01-21T20:00:00Z,2026-01-21T21:00:00Z,AmazonEC2,USWE-BoxUsage:r5.large,RunInstances,us-west-2a,i-080f856aa104d4cfe,1.0,4.0,4.0,0.126,0.126,0.122894,0.122022,Hrs,0.126,0.126,Amazon Elastic Compute Cloud,r5.large,2,16 GiB,Linux,us-west-2,AmazonEC2,23.29,41.74,20.77,69,2026-01-18T01:34:43Z,ml,prod,CC500,,,,,,,,,,,,,
2f1ec2304a9f494b97194755df82592e,2026-01-22T06:00:00Z/2026-01-22T07:00:00Z,112233445566,2026-01-01T00:00:00Z,2026-02-01T00:00:00Z,AWS,223344556677,Usage,2026-01-22T06:00:00Z,2026-01-22T07:00:00Z,AmazonEC2,USWE-BoxUsage:r5.large,RunInstances,us-west-2a,i-080f856aa104d4cfe,1.0,4.0,4.0,0.126,0.126,0.127247,0.132037,Hrs,0.126,0.126,Amazon Elastic Compute Cloud,r5.large,2,16 GiB,Linux,us-west-2,AmazonEC2,30.37,34.65,38.03,29,2026-01-17T22:06:08Z,ml,prod,CC500,,,,,,,,,,,,,
a122e8018d6c4720909342f385405055,2026-01-22T16:00:00Z/2026-01-22T17:00:00Z,112233445566,2026-01-01T00:00:00Z,2026-02-01T00:00:00Z,AWS,223344556677,Usage,2026-01-22T16:00:00Z,2026-01-22T17:00:00Z,AmazonEC2,USWE-BoxUsage:r5.large,RunInstances,us-west-2a,i-080f856aa104d4cfe,1.0,4.0,4.0,0.126,0.126,0.124734,0.121622,Hrs,0.126,0.126,Amazon Elastic Compute Cloud,r5.large,2,16 GiB,Linux,us-west-2,AmazonEC2,32.81,47.89,23.15,54,2026-01-19T12:56:27Z,ml,prod,CC500,,,,,,,,,,,,,
cf541b7f1669454d95002afb7d7aee48,2026-01-23T02:00:00Z/2026-01-23T03:00:00Z,112233445566,2026-01-01T00:00:00Z,2026-02-01T00:00:00Z,AWS,223344556677,Usage,2026-01-23T02:00:00Z,2026-01-23T03:00:00Z,AmazonEC2,USWE-BoxUsage:r5.large,RunInstances,us-west-2a,i-080f856aa104d4cfe,1.0,4.0,4.0,0.126,0.126,0.128978,0.122127,Hrs,0.126,0.126,Amazon Elastic Compute Cloud,r5.large,2,16 GiB,Linux,us-west-2,AmazonEC2,38.79,42.58,40.52,59,2026-01-18T20:53:27Z,ml,prod,CC500,,,,,,,,,,,,,
1ea720ca3ccb4af7a10513be39aa64d3,2026-01-23T12:00:00Z/2026-01-23T13:00:00Z,112233445566,2026-01-01T00:00:00Z,2026-02-01T00:00:00Z,AWS,223344556677,Usage,2026-01-23T12:00:00Z,2026-01-23T13:00:00Z,AmazonEC2,USWE-BoxUsage:r5.large,RunInstances,us-west-2a,i-080f856aa104d4cfe,1.0,4.0,4.0,0.126,0.126,0.12902,0.123535,Hrs,0.126,0.126,Amazon Elastic Compute Cloud,r5.large,2,16 GiB,Linux,us-west-2,AmazonEC2,30.45,37.92,30.7,26,2026-01-21T19:23:53Z,ml,prod,CC500,,,,,,,,,,,,,
626ba316695640ab9fc8e3683e0f588f,2026-01-23T22:00:00Z/2026-01-23T23:00:00Z,112233445566,2026-01-01T00:00:00Z,2026-02-01T00:00:00Z,AWS,223344556677,Usage,2026-01-23T22:00:00Z,2026-01-23T23:00:00Z,AmazonEC2,USWE-BoxUsage:r5.large,RunInstances,us-west-2a,i-080f856aa104d4cfe,1.0,4.0,4.0,0.126,0.126,0.125027,0.120154,Hrs,0.126,0.126,Amazon Elastic Compute Cloud,r5.large,2,16 GiB,Linux,us-west-2,AmazonEC2,37.33,30.48,39.51,37,2026-01-22T07:32:59Z,ml,prod,CC500,,,,,,,,,,,,,
5be00e662c76450a8b2a066ef882e58a,2026-01-24T08:00:00Z/2026-01-24T09:00:00Z,112233445566,2026-01-01T00:00:00Z,2026-02-01T00:00:00Z,AWS,223344556677,Usage,2026-01-24T08:00:00Z,2026-01-24T09:00:00Z,AmazonEC2,USWE-BoxUsage:r5.large,RunInstances,us-west-2a,i-080f856aa104d4cfe,1.0,4.0,4.0,0.126,0.126,0.126239,0.129181,Hrs,0.126,0.126,Amazon Elastic Compute Cloud,r5.large,2,16 GiB,Linux,us-west-2,AmazonEC2,32.01,31.66,22.6,32,2026-01-20T13:23:23Z,ml,prod,CC500,,,,,,,,,,,,,
fa363800ce7c4cd1964b7bc1efbc8281,2026-01-24T18:00:00Z/2026-01-24T19:00:00Z,112233445566,2026-01-01T00:00:00Z,2026-02-01T00:00:00Z,AWS,223344556677,Usage,2026-01-24T18:00:00Z,2026-01-24T19:00:00Z,AmazonEC2,USWE-BoxUsage:r5.large,RunInstances,us-west-2a,i-080f856aa104d4cfe,1.0,4.0,4.0,0.126,0.126,0.125481,0.128311,Hrs,0.126,0.126,Amazon Elastic Compute Cloud,r5.large,2,16 GiB,Linux,us-west-2,AmazonEC2,30.15,32.5,33.66,31,2026-01-22T23:13:08Z,ml,prod,CC500,,,,,,,,,,,,,
4cc0574b9bf8487aa4f47c07aca92eb8,2026-01-25T04:00:00Z/2026-01-25T05:00:00Z,112233445566,2026-01-01T00:00:00Z,2026-02-01T00:00:00Z,AWS,223344556677,Usage,2026-01-25T04:00:00Z,2026-01-25T05:00:00Z,AmazonEC2,USWE-BoxUsage:r5.large,RunInstances,us-west-2a,i-080f856aa104d4cfe,1.0,4.0,4.0,0.126,0.126,0.123353,0.12001,Hrs,0.126,0.126,Amazon Elastic Compute Cloud,r5.large,2,16 GiB,Linux,us-west-2,AmazonEC2,34.38,35.29,33.89,46,2026-01-21T21:29:52Z,ml,prod,CC500,,,,,,,,,,,,,
7e9eaa00c738468d904ce14a8c9be8e9,2026-01-25T14:00:00Z/2026-01-25T15:00:00Z,112233445566,2026-01-01T00:00:00Z,2026-02-01T00:00:00Z,AWS,223344556677,Usage,2026-01-25T14:00:00Z,2026-01-25T15:00:00Z,AmazonEC2,USWE-BoxUsage:r5.large,RunInstances,us-west-2a,i-080f856aa104d4cfe,1.0,4.0,4.0,0.126,0.126,0.123836,0.126227,Hrs,0.126,0.126,Amazon Elastic Compute Cloud,r5.large,2,16 GiB,Linux,us-west-2,AmazonEC2,36.71,45.2,36.64,17,2026-01-24T04:52:40Z,ml,prod,CC500,,,,,,,,,,,,,
673fa3d82e644c1890facb6486bc975e,2026-01-26T00:00:00Z/2026-01-26T01:00:00Z,112233445566,2026-01-01T00:00:00Z,2026-02-01T00:00:00Z,AWS,223344556677,Usage,2026-01-26T00:00:00Z,2026-01-26T01:00:00Z,AmazonEC2,USWE-BoxUsage:r5.large,RunInstances,us-west-2a,i-080f856aa104d4cfe,1.0,4.0,4.0,0.126,0.126,0.123152,0.132253,Hrs,0.126,0.126,Amazon Elastic Compute Cloud,r5.large,2,16 GiB,Linux,us-west-2,AmazonEC2,31.69,34.78,18.92,31,2026-01-24T01:51:15Z,ml,prod,CC500,,,,,,,,,,,,,
b32d74d64a4d4f47964ba51db5e57c0e,2026-01-26T10:00:00Z/2026-01-26T11:00:00Z,112233445566,2026-01-01T00:00:00Z,2026-02-01T00:00:00Z,AWS,223344556677,Usage,2026-01-26T10:00:00Z,2026-01-26T11:00:00Z,AmazonEC2,USWE-BoxUsage:r5.large,RunInstances,us-west-2a,i-080f856aa104d4cfe,1.0,4.0,4.0,0.126,0.126,0.131889,0.128151,Hrs,0.126,0.126,Amazon Elastic Compute Cloud,r5.large,2,16 GiB,Linux,us-west-2,AmazonEC2,35.26,31.75,26.1,46,2026-01-24T23:15:17Z,ml,prod,CC500,,,,,,,,,,,,,
fe892d9b95f94ce8b4240bf71849ee16,2026-01-26T20:00:00Z/2026-01-26T21:00:00Z,112233445566,2026-01-01T00:00:00Z,2026-02-01T00:00:00Z,AWS,223344556677,Usage,2026-01-26T20:00:00Z,2026-01-26T21:00:00Z,AmazonEC2,USWE-BoxUsage:r5.large,RunInstances,us-west-2a,i-080f856aa104d4cfe,1.0,4.0,4.0,0.126,0.126,0.129696,0.129173,Hrs,0.126,0.126,Amazon Elastic Compute Cloud,r5.large,2,16 GiB,Linux,us-west-2,AmazonEC2,24.11,45.06,28.42,51,2026-01-24T19:28:22Z,ml,prod,CC500,,,,,,,,,,,,,
802309090ab641148ab709716084d305,2026-01-27T06:00:00Z/2026-01-27T07:00:00Z,112233445566,2026-01-01T00:00:00Z,2026-02-01T00:00:00Z,AWS,223344556677,Usage,2026-01-27T06:00:00Z,2026-01-27T07:00:00Z,AmazonEC2,USWE-BoxUsage:r5.large,RunInstances,us-west-2a,i-080f856aa104d4cfe,1.0,4.0,4.0,0.126,0.126,0.127332,0.131871,Hrs,0.126,0.126,Amazon Elastic Compute Cloud,r5.large,2,16 GiB,Linux,us-west-2,AmazonEC2,37.88,35.5,19.86,66,2026-01-23T04:58:15Z,ml,prod,CC500,,,,,,,,,,,,,
c55d1f010da74a62962b157810bb13f9,2026-01-27T16:00:00Z/2026-01-27T17:00:00Z,112233445566,2026-01-01T00:00:00Z,2026-02-01T00:00:00Z,AWS,223344556677,Usage,2026-01-27T16:00:00Z,2026-01-27T17:00:00Z,AmazonEC2,USWE-BoxUsage:r5.large,RunInstances,us-west-2a,i-080f856aa104d4cfe,1.0,4.0,4.0,0.126,0.126,0.127961,0.128613,Hrs,0.126,0.126,Amazon Elastic Compute Cloud,r5.large,2,16 GiB,Linux,us-west-2,AmazonEC2,39.05,28.18,31.12,18,2026-01-24T16:09:16Z,ml,prod,CC500,,,,,,,,,,,,,
cd199173e5b040ada12113b9e4f221a3,2026-01-28T02:00:00Z/2026-01-28T03:00:00Z,112233445566,2026-01-01T00:00:00Z,2026-02-01T00:00:00Z,AWS,223344556677,Usage,2026-01-28T02:00:00Z,2026-01-28T03:00:00Z,AmazonEC2,USWE-BoxUsage:r5.large,RunInstances,us-west-2a,i-080f856aa104d4cfe,1.0,4.0,4.0,0.126,0.126,0.122717,0.120829,Hrs,0.126,0.126,Amazon Elastic Compute Cloud,r5.large,2,16 GiB,Linux,us-west-2,AmazonEC2,36.54,45.52,23.71,54,2026-01-26T04:02:29Z,ml,prod,CC500,,,,,,,,,,,,,
0b66dba7a8f24f04967c84f29be7a146,2026-01-28T12:00:00Z/2026-01-28T13:00:00Z,112233445566,2026-01-01T00:00:00Z,2026-02-01T00:00:00Z,AWS,223344556677,Usage,2026-01-28T12:00:00Z,2026-01-28T13:00:00Z,AmazonEC2,USWE-BoxUsage:r5.large,RunInstances,us-west-2a,i-080f856aa104d4cfe,1.0,4.0,4.0,0.126,0.126,0.127645,0.122265,Hrs,0.126,0.126,Amazon Elastic Compute Cloud,r5.large,2,16 GiB,Linux,us-west-2,AmazonEC2,34.72,32.16,29.94,69,2026-01-26T19:31:26Z,ml,prod,CC500,,,,,,,,,,,,,
de43c85099e946cdbaf0727a799d8b4c,2026-01-28T22:00:00Z/2026-01-28T23:00:00Z,112233445566,2026-01-01T00:00:00Z,2026-02-01T00:00:00Z,AWS,223344556677,Usage,2026-01-28T22:00:00Z,2026-01-28T23:00:00Z,AmazonEC2,USWE-BoxUsage:r5.large,RunInstances,us-west-2a,i-080f856aa104d4cfe,1.0,4.0,4.0,0.126,0.126,0.123183,0.125276,Hrs,0.126,0.126,Amazon Elastic Compute Cloud,r5.large,2,16 GiB,Linux,us-west-2,AmazonEC2,22.29,44.74,31.73,14,2026-01-25T20:28:12Z,ml,prod,CC500,,,,,,,,,,,,,
c5cdd475ea184a4d8393d9ba112fcd0d,2026-01-29T08:00:00Z/2026-01-29T09:00:00Z,112233445566,2026-01-01T00:00:00Z,2026-02-01T00:00:00Z,AWS,223344556677,Usage,2026-01-29T08:00:00Z,2026-01-29T09:00:00Z,AmazonEC2,USWE-BoxUsage:r5.large,RunInstances,us-west-2a,i-080f856aa104d4cfe,1.0,4.0,4.0,0.126,0.126,0.127207,0.127313,Hrs,0.126,0.126,Amazon Elastic Compute Cloud,r5.large,2,16 GiB,Linux,us-west-2,AmazonEC2,39.29,28.79,30.09,36,2026-01-26T18:54:49Z,ml,prod,CC500,,,,,,,,,,,,,
f3af05c4cdc44beb8ff92d5df5e0a7ea,2026-01-30T04:00:00Z/2026-01-30T05:00:00Z,112233445566,2026-01-01T00:00:00Z,2026-02-01T00:00:00Z,AWS,223344556677,Usage,2026-01-30T04:00:00Z,2026-01-30T05:00:00Z,AmazonEC2,USWE-BoxUsage:r5.large,RunInstances,us-west-2a,i-080f856aa104d4cfe,1.0,4.0,4.0,0.126,0.126,0.131449,0.128214,Hrs,0.126,0.126,Amazon Elastic Compute Cloud,r5.large,2,16 GiB,Linux,us-west-2,AmazonEC2,32.94,50.68,27.68,47,2026-01-26T23:17:54Z,ml,prod,CC500,,,,,,,,,,,,,
b83b27f6721946be881fafa644f0bdd4,2026-01-30T14:00:00Z/2026-01-30T15:00:00Z,112233445566,2026-01-01T00:00:00Z,2026-02-01T00:00:00Z,AWS,223344556677,Usage,2026-01-30T14:00:00Z,2026-01-30T15:00:00Z,AmazonEC2,USWE-BoxUsage:r5.large,RunInstances,us-west-2a,i-080f856aa104d4cfe,1.0,4.0,4.0,0.126,0.126,0.129173,0.120894,Hrs,0.126,0.126,Amazon Elastic Compute Cloud,r5.large,2,16 GiB,Linux,us-west-2,AmazonEC2,26.2,49.4,21.07,60,2026-01-28T16:54:02Z,ml,prod,CC500,,,,,,,,,,,,,
3882a7730cb847f2a4c8c98e2d8e325c,2026-01-01T00:00:00Z/2026-01-01T01:00:00Z,112233445566,2026-01-01T00:00:00Z,2026-02-01T00:00:00Z,AWS,223344556677,Usage,2026-01-01T00:00:00Z,2026-01-01T01:00:00Z,AmazonEC2,USWE-BoxUsage:r5.xlarge,RunInstances,us-west-2a,i-0c3bbbb968ea24aea,1.0,8.0,8.0,0.252,0.252,0.251085,0.246698,Hrs,0.252,0.252,Amazon Elastic Compute Cloud,r5.xlarge,4,32 GiB,Linux,us-west-2,AmazonEC2,30.33,36.77,20.74,66,2025-12-28T05:28:19Z,ml,prod,CC500,,,,,,,,,,,,,
43bd8abc9b3e4f27bf37008718a57c45,2026-01-01T10:00:00Z/2026-01-01T11:00:00Z,112233445566,2026-01-01T00:00:00Z,2026-02-01T00:00:00Z,AWS,223344556677,Usage,2026-01-01T10:00:00Z,2026-01-01T11:00:00Z,AmazonEC2,USWE-BoxUsage:r5.xlarge,RunInstances,us-west-2a,i-0c3bbbb968ea24aea,1.0,8.0,8.0,0.252,0.252,0.251829,0.2532,Hrs,0.252,0.252,Amazon Elastic Compute Cloud,r5.xlarge,4,32 GiB,Linux,us-west-2,AmazonEC2,33.65,32.33,24.38,42,2025-12-29T06:05:02Z,ml,prod,CC500,,,,,,,,,,,,,
fabcc66dc2cd41e38862a2d936e7cfee,2026-01-01T20:00:00Z/2026-01-01T21:00:00Z,112233445566,2026-01-01T00:00:00Z,2026-02-01T00:00:00Z,AWS,223344556677,Usage,2026-01-01T20:00:00Z,2026-01-01T21:00:00Z,AmazonEC2,USWE-BoxUsage:r5.xlarge,RunInstances,us-west-2a,i-0c3bbbb968ea24aea,1.0,8.0,8.0,0.252,0.252,0.244717,0.256271,Hrs,0.252,0.252,Amazon Elastic Compute Cloud,r5.xlarge,4,32 GiB,Linux,us-west-2,AmazonEC2,38.45,49.2,23.41,25,2025-12-30T20:48:34Z,ml,prod,CC500,,,,,,,,,,,,,
db1a3946639a417385e8ce892bfeb370,2026-01-02T06:00:00Z/2026-01-02T07:00:00Z,112233445566,2026-01-01T00:00:00Z,2026-02-01T00:00:00Z,AWS,223344556677,Usage,2026-01-02T06:00:00Z,2026-01-02T07:00:00Z,AmazonEC2,USWE-BoxUsage:r5.xlarge,RunInstances,us-west-2a,i-0c3bbbb968ea24aea,1.0,8.0,8.0,0.252,0.252,0.260181,0.255116,Hrs,0.252,0.252,Amazon Elastic Compute Cloud,r5.xlarge,4,32 GiB,Linux,us-west-2,AmazonEC2,37.48,28.41,22.59,58,2025-12-30T18:18:37Z,ml,prod,CC500,,,,,,,,,,,,,
ca8f1fb392f04216b6823581a4d2647e,2026-01-02T16:00:00Z/2026-01-02T17:00:00Z,112233445566,2026-01-01T00:00:00Z,2026-02-01T00:00:00Z,AWS,223344556677,Usage,2026-01-02T16:00:00Z,2026-01-02T17:00:00Z,AmazonEC2,USWE-BoxUsage:r5.xlarge,RunInstances,us-west-2a,i-0c3bbbb968ea24aea,1.0,8.0,8.0,0.252,0.252,0.24085,0.246623,Hrs,0.252,0.252,Amazon Elastic Compute Cloud,r5.xlarge,4,32 GiB,Linux,us-west-2,AmazonEC2,29.79,32.7,29.96,31,2025-12-31T00:50:40Z,ml,prod,CC500,,,,,,,,,,,,,
348eac747d82457f9b9277f4ad1f290e,2026-01-03T02:00:00Z/2026-01-03T03:00:00Z,112233445566,2026-01-01T00:00:00Z,2026-02-01T00:00:00Z,AWS,223344556677,Usage,2026-01-03T02:00:00Z,2026-01-03T03:00:00Z,AmazonEC2,USWE-BoxUsage:r5.xlarge,RunInstances,us-west-2a,i-0c3bbbb968ea24aea,1.0,8.0,8.0,0.252,0.252,0.248395,0.260258,Hrs,0.252,0.252,Amazon Elastic Compute Cloud,r5.xlarge,4,32 GiB,Linux,us-west-2,AmazonEC2,22.11,38.76,40.3,59,2025-12-30T18:15:19Z,ml,prod,CC500,,,,,,,,,,,,,
3107ff7a0eaf472fad40b1b6bbd4c692,2026-01-03T12:00:00Z/2026-01-03T13:00:00Z,112233445566,2026-01-01T00:00:00Z,2026-02-01T00:00:00Z,AWS,223344556677,Usage,2026-01-03T12:00:00Z,2026-01-03T13:00:00Z,AmazonEC2,USWE-BoxUsage:r5.xlarge,RunInstances,us-west-2a,i-0c3bbbb968ea24aea,1.0,8.0,8.0,0.252,0.252,0.262508,0.255349,Hrs,0.252,0.252,Amazon Elastic Compute Cloud,r5.xlarge,4,32 GiB,Linux,us-west-2,AmazonEC2,28.24,31.7,38.57,59,2025-12-30T23:05:17Z,ml,prod,CC500,,,,,,,,,,,,,
9b3d8d72a91b4f9a9f457fd127c2f229,2026-01-03T22:00:00Z/2026-01-03T23:00:00Z,112233445566,2026-01-01T00:00:00Z,2026-02-01T00:00:00Z,AWS,223344556677,Usage,2026-01-03T22:00:00Z,2026-01-03T23:00:00Z,AmazonEC2,USWE-BoxUsage:r5.xlarge,RunInstances,us-west-2a,i-0c3bbbb968ea24aea,1.0,8.0,8.0,0.252,0.252,0.259281,0.25081,Hrs,0.252,0.252,Amazon Elastic Compute Cloud,r5.xlarge,4,32 GiB,Linux,us-west-2,AmazonEC2,36.98,39.42,41.4,68,2025-12-31T03:54:02Z,ml,prod,CC500,,,,,,,,,,,,,
7dd4ba8082884204bfd8eb7c07620c65,2026-01-04T08:00:00Z/2026-01-04T09:00:00Z,112233445566,2026-01-01T00:00:00Z,2026-02-01T00:00:00Z,AWS,223344556677,Usage,2026-01-04T08:00:00Z,2026-01-04T09:00:00Z,AmazonEC2,USWE-BoxUsage:r5.xlarge,RunInstances,us-west-2a,i-0c3bbbb968ea24aea,1.0,8.0,8.0,0.252,0.252,0.246403,0.242439,Hrs,0.252,0.252,Amazon Elastic Compute Cloud,r5.xlarge,4,32 GiB,Linux,us-west-2,AmazonEC2,41.27,29.06,35.85,52,2025-12-31T02:53:54Z,ml,prod,CC500,,,,,,,,,,,,,
76f2ed2d7abd42369e5407d0e237a693,2026-01-04T18:00:00Z/2026-01-04T19:00:00Z,112233445566,2026-01-01T00:00:00Z,2026-02-01T00:00:00Z,AWS,223344556677,Usage,2026-01-04T18:00:00Z,2026-01-04T19:00:00Z,AmazonEC2,USWE-BoxUsage:r5.xlarge,RunInstances,us-west-2a,i-0c3bbbb968ea24aea,1.0,8.0,8.0,0.252,0.252,0.262993,0.252399,Hrs,0.252,0.252,Amazon Elastic Compute Cloud,r5.xlarge,4,32 GiB,Linux,us-west-2,AmazonEC2,24.82,44.76,24.3,22,2026-01-01T01:03:06Z,ml,prod,CC500,,,,,,,,,,,,,
43509215788d4372adf56d9c3703802f,2026-01-05T04:00:00Z/2026-01-05T05:00:00Z,112233445566,2026-01-01T00:00:00Z,2026-02-01T00:00:00Z,AWS,223344556677,Usage,2026-01-05T04:00:00Z,2026-01-05T05:00:00Z,AmazonEC2,USWE-BoxUsage:r5.xlarge,RunInstances,us-west-2a,i-0c3bbbb968ea24aea,1.0,8.0,8.0,0.252,0.252,0.256466,0.244203,Hrs,0.252,0.252,Amazon Elastic Compute Cloud,r5.xlarge,4,32 GiB,Linux,us-west-2,AmazonEC2,41.12,37.95,40.17,53,2026-01-01T14:32:14Z,ml,prod,CC500,,,,,,,,,,,,,
9ea3ef340d1641bc89895044539d7d74,2026-01-05T14:00:00Z/2026-01-05T15:00:00Z,112233445566,2026-01-01T00:00:00Z,2026-02-01T00:00:00Z,AWS,223344556677,Usage,2026-01-05T14:00:00Z,2026-01-05T15:00:00Z,AmazonEC2,USWE-BoxUsage:r5.xlarge,RunInstances,us-west-2a,i-0c3bbbb968ea24aea,1.0,8.0,8.0,0.252,0.252,0.2442,0.244637,Hrs,0.252,0.252,Amazon Elastic Compute Cloud,r5.xlarge,4,32 GiB,Linux,us-west-2,AmazonEC2,26.59,44.72,34.6,41,2026-01-02T16:35:02Z,ml,prod,CC500,,,,,,,,,,,,,
29403b1962304b27a0fc406fbb6b3f0a,2026-01-06T00:00:00Z/2026-01-06T01:00:00Z,112233445566,2026-01-01T00:00:00Z,2026-02-01T00:00:00Z,AWS,223344556677,Usage,2026-01-06T00:00:00Z,2026-01-06T01:00:00Z,AmazonEC2,USWE-BoxUsage:r5.xlarge,RunInstances,us-west-2a,i-0c3bbbb968ea24aea,1.0,8.0,8.0,0.252,0.252,0.253871,0.262686,Hrs,0.252,0.252,Amazon Elastic Compute Cloud,r5.xlarge,4,32 GiB,Linux,us-west-2,AmazonEC2,36.81,43.61,32.48,59,2026-01-02T12:45:57Z,ml,prod,CC500,,,,,,,,,,,,,
f066e7a309ce4c41b9400f525671081d,2026-01-06T10:00:00Z/2026-01-06T11:00:00Z,112233445566,2026-01-01T00:00:00Z,2026-02-01T00:00:00Z,AWS,223344556677,Usage,2026-01-06T10:00:00Z,2026-01-06T11:00:00Z,AmazonEC2,USWE-BoxUsage:r5.xlarge,RunInstances,us-west-2a,i-0c3bbbb968ea24aea,1.0,8.0,8.0,0.252,0.252,0.242542,0.2576,Hrs,0.252,0.252,Amazon Elastic Compute Cloud,r5.xlarge,4,32 GiB,Linux,us-west-2,AmazonEC2,38.87,32.44,34.67,17,2026-01-04T10:53:25Z,ml,prod,CC500,,,,,,,,,,,,,
53738fea7eac4f17b77d9c7e19d7dd01,2026-01-06T20:00:00Z/2026-01-06T21:00:00Z,112233445566,2026-01-01T00:00:00Z,2026-02-01T00:00:00Z,AWS,223344556677,Usage,2026-01-06T20:00:00Z,2026-01-06T21:00:00Z,AmazonEC2,USWE-BoxUsage:r5.xlarge,RunInstances,us-west-2a,i-0c3bbbb968ea24aea,1.0,8.0,8.0,0.252,0.252,0.25498,0.23984,Hrs,0.252,0.252,Amazon Elastic Compute Cloud,r5.xlarge,4,32 GiB,Linux,us-west-2,AmazonEC2,25.82,49.36,22.27,67,2026-01-02T11:59:50Z,ml,prod,CC500,,,,,,,,,,,,,
c7624737f8b44d51b593340efe7df657,2026-01-07T06:00:00Z/2026-01-07T07:00:00Z,112233445566,2026-01-01T00:00:00Z,2026-02-01T00:00:00Z,AWS,223344556677,Usage,2026-01-07T06:00:00Z,2026-01-07T07:00:00Z,AmazonEC2,USWE-BoxUsage:r5.xlarge,RunInstances,us-west-2a,i-0c3bbbb968ea24aea,1.0,8.0,8.0,0.252,0.252,0.254403,0.258982,Hrs,0.252,0.252,Amazon Elastic Compute Cloud,r5.xlarge,4,32 GiB,Linux,us-west-2,AmazonEC2,22.21,41.91,18.85,31,2026-01-02T20:22:16Z,ml,prod,CC500,,,,,,,,,,,,,
02b55b15c52b48a8b9cf552f03521b0d,2026-01-07T16:00:00Z/2026-01-07T17:00:00Z,112233445566,2026-01-01T00:00:00Z,2026-02-01T00:00:00Z,AWS,223344556677,Usage,2026-01-07T16:00:00Z,2026-01-07T17:00:00Z,AmazonEC2,USWE-BoxUsage:r5.xlarge,RunInstances,us-west-2a,i-0c3bbbb968ea24aea,1.0,8.0,8.0,0.252,0.252,0.251622,0.242729,Hrs,0.252,0.252,Amazon Elastic Compute Cloud,r5.xlarge,4,32 GiB,Linux,us-west-2,AmazonEC2,28.44,32.3,20.85,56,2026-01-04T18:16:46Z,ml,prod,CC500,,,,,,,,,,,,,
85b59c0330b14a5184b8d450dc4715ee,2026-01-08T02:00:00Z/2026-01-08T03:00:00Z,112233445566,2026-01-01T00:00:00Z,2026-02-01T00:00:00Z,AWS,223344556677,Usage,2026-01-08T02:00:00Z,2026-01-08T03:00:00Z,AmazonEC2,USWE-BoxUsage:r5.xlarge,RunInstances,us-west-2a,i-0c3bbbb968ea24aea,1.0,8.0,8.0,0.252,0.252,0.250456,0.261653,Hrs,0.252,0.252,Amazon Elastic Compute Cloud,r5.xlarge,4,32 GiB,Linux,us-west-2,AmazonEC2,23.24,29.36,19.38,46,2026-01-05T09:32:15Z,ml,prod,CC500,,,,,,,,,,,,,
bc7c776cfb834f84bc601f083fb22a83,2026-01-08T12:00:00Z/2026-01-08T13:00:00Z,112233445566,2026-01-01T00:00:00Z,2026-02-01T00:00:00Z,AWS,223344556677,Usage,2026-01-08T12:00:00Z,2026-01-08T13:00:00Z,AmazonEC2,USWE-BoxUsage:r5.xlarge,RunInstances,us-west-2a,i-0c3bbbb968ea24aea,1.0,8.0,8.0,0.252,0.252,0.254335,0.25258,Hrs,0.252,0.252,Amazon Elastic Compute Cloud,r5.xlarge,4,32 GiB,Linux,us-west-2,AmazonEC2,37.93,43.59,23.13,63,2026-01-06T06:10:15Z,ml,prod,CC500,,,,,,,,,,,,,
d76e90b2621343e6b01c168b481ebe0c,2026-01-08T22:00:00Z/2026-01-08T23:00:00Z,112233445566,2026-01-01T00:00:00Z,2026-02-01T00:00:00Z,AWS,223344556677,Usage,2026-01-08T22:00:00Z,2026-01-08T23:00:00Z,AmazonEC2,USWE-BoxUsage:r5.xlarge,RunInstances,us-west-2a,i-0c3bbbb968ea24aea,1.0,8.0,8.0,0.252,0.252,0.251579,0.240937,Hrs,0.252,0.252,Amazon Elastic Compute Cloud,r5.xlarge,4,32 GiB,Linux,us-west-2,AmazonEC2,34.29,44.91,39.23,56,2026-01-06T07:57:38Z,ml,prod,CC500,,,,,,,,,,,,,
6037e4cf1d414adcbcd1f4ecffe9b506,2026-01-09T08:00:00Z/2026-01-09T09:00:00Z,112233445566,2026-01-01T00:00:00Z,2026-02-01T00:00:00Z,AWS,223344556677,Usage,2026-01-09T08:00:00Z,2026-01-09T09:00:00Z,AmazonEC2,USWE-BoxUsage:r5.xlarge,RunInstances,us-west-2a,i-0c3bbbb968ea24aea,1.0,8.0,8.0,0.252,0.252,0.262142,0.261036,Hrs,0.252,0.252,Amazon Elastic Compute Cloud,r5.xlarge,4,32 GiB,Linux,us-west-2,AmazonEC2,25.06,34.18,39.8,16,2026-01-06T19:35:45Z,ml,prod,CC500,,,,,,,,,,,,,
7be56ebb457b4cc79dc9f9d92b059c43,2026-01-09T18:00:00Z/2026-01-09T19:00:00Z,112233445566,2026-01-01T00:00:00Z,2026-02-01T00:00:00Z,AWS,223344556677,Usage,2026-01-09T18:00:00Z,2026-01-09T19:00:00Z,AmazonEC2,USWE-BoxUsage:r5.xlarge,RunInstances,us-west-2a,i-0c3bbbb968ea24aea,1.0,8.0,8.0,0.252,0.252,0.264577,0.250466,Hrs,0.252,0.252,Amazon Elastic Compute Cloud,r5.xlarge,4,32 GiB,Linux,us-west-2,AmazonEC2,28.83,32.23,25.01,35,2026-01-06T18:59:27Z,ml,prod,CC500,,,,,,,,,,,,,
0387673a11e14b5cbef05e71fd931407,2026-01-10T04:00:00Z/2026-01-10T05:00:00Z,112233445566,2026-01-01T00:00:00Z,2026-02-01T00:00:00Z,AWS,223344556677,Usage,2026-01-10T04:00:00Z,2026-01-10T05:00:00Z,AmazonEC2,USWE-BoxUsage:r5.xlarge,RunInstances,us-west-2a,i-0c3bbbb968ea24aea,1.0,8.0,8.0,0.252,0.252,0.26237,0.242576,Hrs,0.252,0.252,Amazon Elastic Compute Cloud,r5.xlarge,4,32 GiB,Linux,us-west-2,AmazonEC2,35.67,50.02,24.22,15,2026-01-06T03:58:08Z,ml,prod,CC500,,,,,,,,,,,,,
63cf4ad3f2154eafba22aa2cb87043c0,2026-01-10T14:00:00Z/2026-01-10T15:00:00Z,112233445566,2026-01-01T00:00:00Z,2026-02-01T00:00:00Z,AWS,223344556677,Usage,2026-01-10T14:00:00Z,2026-01-10T15:00:00Z,AmazonEC2,USWE-BoxUsage:r5.xlarge,RunInstances,us-west-2a,i-0c3bbbb968ea24aea,1.0,8.0,8.0,0.252,0.252,0.25281,0.260869,Hrs,0.252,0.252,Amazon Elastic Compute Cloud,r5.xlarge,4,32 GiB,Linux,us-west-2,AmazonEC2,34.43,41.64,26.8,66,2026-01-06T12:49:32Z,ml,prod,CC500,,,,,,,,,,,,,
a473d2b5328b4f3fbdc2472e5de90fdb,2026-01-11T00:00:00Z/2026-01-11T01:00:00Z,112233445566,2026-01-01T00:00:00Z,2026-02-01T00:00:00Z,AWS,223344556677,Usage,2026-01-11T00:00:00Z,2026-01-11T01:00:00Z,AmazonEC2,USWE-BoxUsage:r5.xlarge,RunInstances,us-west-2a,i-0c3bbbb968ea24aea,1.0,8.0,8.0,0.252,0.252,0.26017,0.249622,Hrs,0.252,0.252,Amazon Elastic Compute Cloud,r5.xlarge,4,32 GiB,Linux,us-west-2,AmazonEC2,26.36,46.9,41.49,61,2026-01-09T06:02:31Z,ml,prod,CC500,,,,,,,,,,,,,
c924e535bcb04a04b7873da7084c8064,2026-01-11T10:00:00Z/2026-01-11T11:00:00Z,112233445566,2026-01-01T00:00:00Z,2026-02-01T00:00:00Z,AWS,223344556677,Usage,2026-01-11T10:00:00Z,2026-01-11T11:00:00Z,AmazonEC2,USWE-BoxUsage:r5.xlarge,RunInstances,us-west-2a,i-0c3bbbb968ea24aea,1.0,8.0,8.0,0.252,0.252,0.249836,0.247344,Hrs,0.252,0.252,Amazon Elastic Compute Cloud,r5.xlarge,4,32 GiB,Linux,us-west-2,AmazonEC2,32.56,48.34,37.07,43,2026-01-08T10:45:46Z,ml,prod,CC500,,,,,,,,,,,,,
724b9d3ca1f7454d97e08a338ad22373,2026-01-11T20:00:00Z/2026-01-11T21:00:00Z,112233445566,2026-01-01T00:00:00Z,2026-02-01T00:00:00Z,AWS,223344556677,Usage,2026-01-11T20:00:00Z,2026-01-11T21:00:00Z,AmazonEC2,USWE-BoxUsage:r5.xlarge,RunInstances,us-west-2a,i-0c3bbbb968ea24aea,1.0,8.0,8.0,0.252,0.252,0.246865,0.250179,Hrs,0.252,0.252,Amazon Elastic Compute Cloud,r5.xlarge,4,32 GiB,Linux,us-west-2,AmazonEC2,35.38,38.53,22.81,57,2026-01-07T08:16:23Z,ml,prod,CC500,,,,,,,,,,,,,
ac4e241d8f3b44bca6cc933df0c3b74b,2026-01-12T06:00:00Z/2026-01-12T07:00:00Z,112233445566,2026-01-01T00:00:00Z,2026-02-01T00:00:00Z,AWS,223344556677,Usage,2026-01-12T06:00:00Z,2026-01-12T07:00:00Z,AmazonEC2,USWE-BoxUsage:r5.xlarge,RunInstances,us-west-2a,i-0c3bbbb968ea24aea,1.0,8.0,8.0,0.252,0.252,0.246398,0.253674,Hrs,0.252,0.252,Amazon Elastic Compute Cloud,r5.xlarge,4,32 GiB,Linux,us-west-2,AmazonEC2,27.93,38.04,27.5,32,2026-01-09T03:13:43Z,ml,prod,CC500,,,,,,,,,,,,,
2877214785894e5da3ca0f007afe3ecf,2026-01-12T16:00:00Z/2026-01-12T17:00:00Z,112233445566,2026-01-01T00:00:00Z,2026-02-01T00:00:00Z,AWS,223344556677,Usage,2026-01-12T16:00:00Z,2026-01-12T17:00:00Z,AmazonEC2,USWE-BoxUsage:r5.xlarge,RunInstances,us-west-2a,i-0c3bbbb968ea24aea,1.0,8.0,8.0,0.252,0.252,0.24726,0.242771,Hrs,0.252,0.252,Amazon Elastic Compute Cloud,r5.xlarge,4,32 GiB,Linux,us-west-2,AmazonEC2,30.37,32.41,38.31,35,2026-01-11T03:35:07Z,ml,prod,CC500,,,,,,,,,,,,,
565cb0c014e14ea7b6f1b54f83174ad9,2026-01-13T02:00:00Z/2026-01-13T03:00:00Z,112233445566,2026-01-01T00:00:00Z,2026-02-01T00:00:00Z,AWS,223344556677,Usage,2026-01-13T02:00:00Z,2026-01-13T03:00:00Z,AmazonEC2,USWE-BoxUsage:r5.xlarge,RunInstances,us-west-2a,i-0c3bbbb968ea24aea,1.0,8.0,8.0,0.252,0.252,0.263705,0.26445,Hrs,0.252,0.252,Amazon Elastic Compute Cloud,r5.xlarge,4,32 GiB,Linux,us-west-2,AmazonEC2,23.06,41.18,31.31,24,2026-01-09T23:53:55Z,ml,prod,CC500,,,,,,,,,,,,,
cdf401335f99475aad5180d4d541c2df,2026-01-13T12:00:00Z/2026-01-13T13:00:00Z,112233445566,2026-01-01T00:00:00Z,2026-02-01T00:00:00Z,AWS,223344556677,Usage,2026-01-13T12:00:00Z,2026-01-13T13:00:00Z,AmazonEC2,USWE-BoxUsage:r5.xlarge,RunInstances,us-west-2a,i-0c3bbbb968ea24aea,1.0,8.0,8.0,0.252,0.252,0.247198,0.244695,Hrs,0.252,0.252,Amazon Elastic Compute Cloud,r5.xlarge,4,32 GiB,Linux,us-west-2,AmazonEC2,25.51,42.28,23.7,14,2026-01-11T17:30:24Z,ml,prod,CC500,,,,,,,,,,,,,
fbf07a50281c4e6b9dd829ae07b9b67c,2026-01-13T22:00:00Z/2026-01-13T23:00:00Z,112233445566,2026-01-01T00:00:00Z,2026-02-01T00:00:00Z,AWS,223344556677,Usage,2026-01-13T22:00:00Z,2026-01-13T23:00:00Z,AmazonEC2,USWE-BoxUsage:r5.xlarge,RunInstances,us-west-2a,i-0c3bbbb968ea24aea,1.0,8.0,8.0,0.252,0.252,0.25646,0.256421,Hrs,0.252,0.252,Amazon Elastic Compute Cloud,r5.xlarge,4,32 GiB,Linux,us-west-2,AmazonEC2,37.46,48.79,33.37,50,2026-01-11T09:15:48Z,ml,prod,CC500,,,,,,,,,,,,,
0b2caf788c3040b1a3b79970a1d7a4ce,2026-01-14T08:00:00Z/2026-01-14T09:00:00Z,112233445566,2026-01-01T00:00:00Z,2026-02-01T00:00:00Z,AWS,223344556677,Usage,2026-01-14T08:00:00Z,2026-01-14T09:00:00Z,AmazonEC2,USWE-BoxUsage:r5.xlarge,RunInstances,us-west-2a,i-0c3bbbb968ea24aea,1.0,8.0,8.0,0.252,0.252,0.247698,0.242024,Hrs,0.252,0.252,Amazon Elastic Compute Cloud,r5.xlarge,4,32 GiB,Linux,us-west-2,AmazonEC2,35.22,33.95,26.4,20,2026-01-10T11:47:50Z,ml,prod,CC500,,,,,,,,,,,,,
b500b5f70c274dc492c15c2ebaae95e4,2026-01-14T18:00:00Z/2026-01-14T19:00:00Z,112233445566,2026-01-01T00:00:00Z,2026-02-01T00:00:00Z,AWS,223344556677,Usage,2026-01-14T18:00:00Z,2026-01-14T19:00:00Z,AmazonEC2,USWE-BoxUsage:r5.xlarge,RunInstances,us-west-2a,i-0c3bbbb968ea24aea,1.0,8.0,8.0,0.252,0.252,0.250295,0.245349,Hrs,0.252,0.252,Amazon Elastic Compute Cloud,r5.xlarge,4,32 GiB,Linux,us-west-2,AmazonEC2,26.51,31.41,38.72,13,2026-01-13T03:49:29Z,ml,prod,CC500,,,,,,,,,,,,,
0403eb2dc5da409ab647848a4d5f0912,2026-01-15T04:00:00Z/2026-01-15T05:00:00Z,112233445566,2026-01-01T00:00:00Z,2026-02-01T00:00:00Z,AWS,223344556677,Usage,2026-01-15T04:00:00Z,2026-01-15T05:00:00Z,AmazonEC2,USWE-BoxUsage:r5.xlarge,RunInstances,us-west-2a,i-0c3bbbb968ea24aea,1.0,8.0,8.0,0.252,0.252,0.249527,0.249477,Hrs,0.252,0.252,Amazon Elastic Compute Cloud,r5.xlarge,4,32 GiB,Linux,us-west-2,AmazonEC2,26.3,31.54,35.46,43,2026-01-11T17:40:27Z,ml,prod,CC500,,,,,,,,,,,,,
b62a29cca7f24b83b94120e50bdcb04b,2026-01-15T14:00:00Z/2026-01-15T15:00:00Z,112233445566,2026-01-01T00:00:00Z,2026-02-01T00:00:00Z,AWS,223344556677,Usage,2026-01-15T14:00:00Z,2026-01-15T15:00:00Z,AmazonEC2,USWE-BoxUsage:r5.xlarge,RunInstances,us-west-2a,i-0c3bbbb968ea24aea,1.0,8.0,8.0,0.252,0.252,0.241309,0.242544,Hrs,0.252,0.252,Amazon Elastic Compute Cloud,r5.xlarge,4,32 GiB,Linux,us-west-2,AmazonEC2,25.98,41.39,40.96,33,2026-01-12T03:51:03Z,ml,prod,CC500,,,,,,,,,,,,,
f2d530e4d7d144bcbb6a40586aa0ff6b,2026-01-16T00:00:00Z/2026-01-16T01:00:00Z,112233445566,2026-01-01T00:00:00Z,2026-02-01T00:00:00Z,AWS,223344556677,Usage,2026-01-16T00:00:00Z,2026-01-16T01:00:00Z,AmazonEC2,USWE-BoxUsage:r5.xlarge,RunInstances,us-west-2a,i-0c3bbbb968ea24aea,1.0,8.0,8.0,0.252,0.252,0.248242,0.2538,Hrs,0.252,0.252,Amazon Elastic Compute Cloud,r5.xlarge,4,32 GiB,Linux,us-west-2,AmazonEC2,28.09,44.11,24.99,51,2026-01-12T00:00:44Z,ml,prod,CC500,,,,,,,,,,,,,
f5aa6060b73a4781adc4719c86962db0,2026-01-16T10:00:00Z/2026-01-16T11:00:00Z,112233445566,2026-01-01T00:00:00Z,2026-02-01T00:00:00Z,AWS,223344556677,Usage,2026-01-16T10:00:00Z,2026-01-16T11:00:00Z,AmazonEC2,USWE-BoxUsage:r5.xlarge,RunInstances,us-west-2a,i-0c3bbbb968ea24aea,1.0,8.0,8.0,0.252,0.252,0.256083,0.251258,Hrs,0.252,0.252,Amazon Elastic Compute Cloud,r5.xlarge,4,32 GiB,Linux,us-west-2,AmazonEC2,25.92,47.84,32.27,71,2026-01-12T09:01:02Z,ml,prod,CC500,,,,,,,,,,,,,
a4841d6df9e94e039137a19209e20317,2026-01-16T20:00:00Z/2026-01-16T21:00:00Z,112233445566,2026-01-01T00:00:00Z,2026-02-01T00:00:00Z,AWS,223344556677,Usage,2026-01-16T20:00:00Z,2026-01-16T21:00:00Z,AmazonEC2,USWE-BoxUsage:r5.xlarge,RunInstances,us-west-2a,i-0c3bbbb968ea24aea,1.0,8.0,8.0,0.252,0.252,0.243596,0.241848,Hrs,0.252,0.252,Amazon Elastic Compute Cloud,r5.xlarge,4,32 GiB,Linux,us-west-2,AmazonEC2,39.45,38.7,22.27,34,2026-01-15T16:03:53Z,ml,prod,CC500,,,,,,,,,,,,,
f8b7468411bf424f859318e153bb5caf,2026-01-17T06:00:00Z/2026-01-17T07:00:00Z,112233445566,2026-01-01T00:00:00Z,2026-02-01T00:00:00Z,AWS,223344556677,Usage,2026-01-17T06:00:00Z,2026-01-17T07:00:00Z,AmazonEC2,USWE-BoxUsage:r5.xlarge,RunInstances,us-west-2a,i-0c3bbbb968ea24aea,1.0,8.0,8.0,0.252,0.252,0.247873,0.252942,Hrs,0.252,0.252,Amazon Elastic Compute Cloud,r5.xlarge,4,32 GiB,Linux,us-west-2,AmazonEC2,37.51,42.92,30.39,62,2026-01-14T16:20:26Z,ml,prod,CC500,,,,,,,,,,,,,
9923d7224f2547bd9fa6dfb014b7ff5d,2026-01-17T16:00:00Z/2026-01-17T17:00:00Z,112233445566,2026-01-01T00:00:00Z,2026-02-01T00:00:00Z,AWS,223344556677,Usage,2026-01-17T16:00:00Z,2026-01-17T17:00:00Z,AmazonEC2,USWE-BoxUsage:r5.xlarge,RunInstances,us-west-2a,i-0c3bbbb968ea24aea,1.0,8.0,8.0,0.252,0.252,0.255251,0.261484,Hrs,0.252,0.252,Amazon Elastic Compute Cloud,r5.xlarge,4,32 GiB,Linux,us-west-2,AmazonEC2,23.68,45.33,33.86,37,2026-01-13T12:09:30Z,ml,prod,CC500,,,,,,,,,,,,,
207b4e2dd0d448cfa0f1287732105cd9,2026-01-18T02:00:00Z/2026-01-18T03:00:00Z,112233445566,2026-01-01T00:00:00Z,2026-02-01T00:00:00Z,AWS,223344556677,Usage,2026-01-18T02:00:00Z,2026-01-18T03:00:00Z,AmazonEC2,USWE-BoxUsage:r5.xlarge,RunInstances,us-west-2a,i-0c3bbbb968ea24aea,1.0,8.0,8.0,0.252,0.252,0.25077,0.252085,Hrs,0.252,0.252,Amazon Elastic Compute Cloud,r5.xlarge,4,32 GiB,Linux,us-west-2,AmazonEC2,25.42,28.44,22.54,49,2026-01-14T15:51:30Z,ml,prod,CC500,,,,,,,,,,,,,
6ef6bddfe3e44da29155881330f481a2,2026-01-18T12:00:00Z/2026-01-18T13:00:00Z,112233445566,2026-01-01T00:00:00Z,2026-02-01T00:00:00Z,AWS,223344556677,Usage,2026-01-18T12:00:00Z,2026-01-18T13:00:00Z,AmazonEC2,USWE-BoxUsage:r5.xlarge,RunInstances,us-west-2a,i-0c3bbbb968ea24aea,1.0,8.0,8.0,0.252,0.252,0.258386,0.261163,Hrs,0.252,0.252,Amazon Elastic Compute Cloud,r5.xlarge,4,32 GiB,Linux,us-west-2,AmazonEC2,31.21,46.72,29.05,29,2026-01-16T21:57:15Z,ml,prod,CC500,,,,,,,,,,,,,
d044b8b0ef654689be70132e50a27497,2026-01-18T22:00:00Z/2026-01-18T23:00:00Z,112233445566,2026-01-01T00:00:00Z,2026-02-01T00:00:00Z,AWS,223344556677,Usage,2026-01-18T22:00:00Z,2026-01-18T23:00:00Z,AmazonEC2,USWE-BoxUsage:r5.xlarge,RunInstances,us-west-2a,i-0c3bbbb968ea24aea,1.0,8.0,8.0,0.252,0.252,0.242677,0.245356,Hrs,0.252,0.252,Amazon Elastic Compute Cloud,r5.xlarge,4,32 GiB,Linux,us-west-2,AmazonEC2,40.07,30.28,25.98,31,2026-01-17T08:04:38Z,ml,prod,CC500,,,,,,,,,,,,,
cc2891d02e8947858466fdef061942bd,2026-01-19T08:00:00Z/2026-01-19T09:00:00Z,112233445566,2026-01-01T00:00:00Z,2026-02-01T00:00:00Z,AWS,223344556677,Usage,2026-01-19T08:00:00Z,2026-01-19T09:00:00Z,AmazonEC2,USWE-BoxUsage:r5.xlarge,RunInstances,us-west-2a,i-0c3bbbb968ea24aea,1.0,8.0,8.0,0.252,0.252,0.25651,0.244281,Hrs,0.252,0.252,Amazon Elastic Compute Cloud,r5.xlarge,4,32 GiB,Linux,us-west-2,AmazonEC2,29.94,44.84,24.72,26,2026-01-16T22:37:33Z,ml,prod,CC500,,,,,,,,,,,,,
401314b22f8c4f848f4895f625c98244,2026-01-19T18:00:00Z/2026-01-19T19:00:00Z,112233445566,2026-01-01T00:00:00Z,2026-02-01T00:00:00Z,AWS,223344556677,Usage,2026-01-19T18:00:00Z,2026-01-19T19:00:00Z,AmazonEC2,USWE-BoxUsage:r5.xlarge,RunInstances,us-west-2a,i-0c3bbbb968ea24aea,1.0,8.0,8.0,0.252,0.252,0.242436,0.243818,Hrs,0.252,0.252,Amazon Elastic Compute Cloud,r5.xlarge,4,32 GiB,Linux,us-west-2,AmazonEC2,34.11,40.3,29.89,67,2026-01-17T18:06:27Z,ml,prod,CC500,,,,,,,,,,,,,
7618f04f0555484a8f4c539ee9bf30aa,2026-01-20T04:00:00Z/2026-01-20T05:00:00Z,112233445566,2026-01-01T00:00:00Z,2026-02-01T00:00:00Z,AWS,223344556677,Usage,2026-01-20T04:00:00Z,2026-01-20T05:00:00Z,AmazonEC2,USWE-BoxUsage:r5.xlarge,RunInstances,us-west-2a,i-0c3bbbb968ea24aea,1.0,8.0,8.0,0.252,0.252,0.242997,0.254777,Hrs,0.252,0.252,Amazon Elastic Compute Cloud,r5.xlarge,4,32 GiB,Linux,us-west-2,AmazonEC2,22.51,28.5,20.11,56,2026-01-19T00:01:15Z,ml,prod,CC500,,,,,,,,,,,,,
d369e9d7df1d4d45966da4677564ac78,2026-01-20T14:00:00Z/2026-01-20T15:00:00Z,112233445566,2026-01-01T00:00:00Z,2026-02-01T00:00:00Z,AWS,223344556677,Usage,2026-01-20T14:00:00Z,2026-01-20T15:00:00Z,AmazonEC2,USWE-BoxUsage:r5.xlarge,RunInstances,us-west-2a,i-0c3bbbb968ea24aea,1.0,8.0,8.0,0.252,0.252,0.252714,0.263922,Hrs,0.252,0.252,Amazon Elastic Compute Cloud,r5.xlarge,4,32 GiB,Linux,us-west-2,AmazonEC2,22.28,43.6,22.29,25,2026-01-17T16:12:18Z,ml,prod,CC500,,,,,,,,,,,,,
29982d1c03444065ab5bf5f4ef70d2b0,2026-01-21T00:00:00Z/2026-01-21T01:00:00Z,112233445566,2026-01-01T00:00:00Z,2026-02-01T00:00:00Z,AWS,223344556677,Usage,2026-01-21T00:00:00Z,2026-01-21T01:00:00Z,AmazonEC2,USWE-BoxUsage:r5.xlarge,RunInstances,us-west-2a,i-0c3bbbb968ea24aea,1.0,8.0,8.0,0.252,0.252,0.255633,0.251468,Hrs,0.252,0.252,Amazon Elastic Compute Cloud,r5.xlarge,4,32 GiB,Linux,us-west-2,AmazonEC2,32.03,32.85,37.51,60,2026-01-17T10:50:25Z,ml,prod,CC500,,,,,,,,,,,,,
ea85e2dd339248c98414add36050eed2,2026-01-21T10:00:00Z/2026-01-21T11:00:00Z,112233445566,2026-01-01T00:00:00Z,2026-02-01T00:00:00Z,AWS,223344556677,Usage,2026-01-21T10:00:00Z,2026-01-21T11:00:00Z,AmazonEC2,USWE-BoxUsage:r5.xlarge,RunInstances,us-west-2a,i-0c3bbbb968ea24aea,1.0,8.0,8.0,0.252,0.252,0.257268,0.24412,Hrs,0.252,0.252,Amazon Elastic Compute Cloud,r5.xlarge,4,32 GiB,Linux,us-west-2,AmazonEC2,37.93,42.31,34.36,57,2026-01-19T04:50:39Z,ml,prod,CC500,,,,,,,,,,,,,
ab0f927f87be4bbf818c39f061eac093,2026-01-21T20:00:00Z/2026-01-21T21:00:00Z,112233445566,2026-01-01T00:00:00Z,2026-02-01T00:00:00Z,AWS,223344556677,Usage,2026-01-21T20:00:00Z,2026-01-21T21:00:00Z,AmazonEC2,USWE-BoxUsage:r5.xlarge,RunInstances,us-west-2a,i-0c3bbbb968ea24aea,1.0,8.0,8.0,0.252,0.252,0.260613,0.26271,Hrs,0.252,0.252,Amazon Elastic Compute Cloud,r5.xlarge,4,32 GiB,Linux,us-west-2,AmazonEC2,22.25,49.55,26.63,32,2026-01-18T17:23:07Z,ml,prod,CC500,,,,,,,,,,,,,
64da877fd0ec4d3a9b958568a1d2f864,2026-01-22T06:00:00Z/2026-01-22T07:00:00Z,112233445566,2026-01-01T00:00:00Z,2026-02-01T00:00:00Z,AWS,223344556677,Usage,2026-01-22T06:00:00Z,2026-01-22T07:00:00Z,AmazonEC2,USWE-BoxUsage:r5.xlarge,RunInstances,us-west-2a,i-0c3bbbb968ea24aea,1.0,8.0,8.0,0.252,0.252,0.261434,0.251986,Hrs,0.252,0.252,Amazon Elastic Compute Cloud,r5.xlarge,4,32 GiB,Linux,us-west-2,AmazonEC2,22.71,32.71,22.96,67,2026-01-20T04:21:14Z,ml,prod,CC500,,,,,,,,,,,,,
83f3d3f78e694a5f805ced4cb699c31a,2026-01-22T16:00:00Z/2026-01-22T17:00:00Z,112233445566,2026-01-01T00:00:00Z,2026-02-01T00:00:00Z,AWS,223344556677,Usage,2026-01-22T16:00:00Z,2026-01-22T17:00:00Z,AmazonEC2,USWE-BoxUsage:r5.xlarge,RunInstances,us-west-2a,i-0c3bbbb968ea24aea,1.0,8.0,8.0,0.252,0.252,0.240129,0.258911,Hrs,0.252,0.252,Amazon Elastic Compute Cloud,r5.xlarge,4,32 GiB,Linux,us-west-2,AmazonEC2,30.26,30.0,18.86,56,2026-01-20T03:04:57Z,ml,prod,CC500,,,,,,,,,,,,,
75c92cd9e9a846a39edc3861b8b14d6d,2026-01-23T02:00:00Z/2026-01-23T03:00:00Z,112233445566,2026-01-01T00:00:00Z,2026-02-01T00:00:00Z,AWS,223344556677,Usage,2026-01-23T02:00:00Z,2026-01-23T03:00:00Z,AmazonEC2,USWE-BoxUsage:r5.xlarge,RunInstances,us-west-2a,i-0c3bbbb968ea24aea,1.0,8.0,8.0,0.252,0.252,0.250855,0.256177,Hrs,0.252,0.252,Amazon Elastic Compute Cloud,r5.xlarge,4,32 GiB,Linux,us-west-2,AmazonEC2,31.92,50.4,41.31,23,2026-01-21T04:23:38Z,ml,prod,CC500,,,,,,,,,,,,,
b9f46fd5bd314badb0eb3b39b8b31808,2026-01-23T12:00:00Z/2026-01-23T13:00:00Z,112233445566,2026-01-01T00:00:00Z,2026-02-01T00:00:00Z,AWS,223344556677,Usage,2026-01-23T12:00:00Z,2026-01-23T13:00:00Z,AmazonEC2,USWE-BoxUsage:r5.xlarge,RunInstances,us-west-2a,i-0c3bbbb968ea24aea,1.0,8.0,8.0,0.252,0.252,0.243932,0.243691,Hrs,0.252,0.252,Amazon Elastic Compute Cloud,r5.xlarge,4,32 GiB,Linux,us-west-2,AmazonEC2,34.8,44.74,41.17,53,2026-01-20T04:29:47Z,ml,prod,CC500,,,,,,,,,,,,,
a86f32e05bd44db3b40ef6b66beca04a,2026-01-23T22:00:00Z/2026-01-23T23:00:00Z,112233445566,2026-01-01T00:00:00Z,2026-02-01T00:00:00Z,AWS,223344556677,Usage,2026-01-23T22:00:00Z,2026-01-23T23:00:00Z,AmazonEC2,USWE-BoxUsage:r5.xlarge,RunInstances,us-west-2a,i-0c3bbbb968ea24aea,1.0,8.0,8.0,0.252,0.252,0.26418,0.247411,Hrs,0.252,0.252,Amazon Elastic Compute Cloud,r5.xlarge,4,32 GiB,Linux,us-west-2,AmazonEC2,41.96,30.38,25.94,64,2026-01-19T12:03:27Z,ml,prod,CC500,,,,,,,,,,,,,
2bf10ed8393d46158005275f98bfaaea,2026-01-24T08:00:00Z/2026-01-24T09:00:00Z,112233445566,2026-01-01T00:00:00Z,2026-02-01T00:00:00Z,AWS,223344556677,Usage,2026-01-24T08:00:00Z,2026-01-24T09:00:00Z,AmazonEC2,USWE-BoxUsage:r5.xlarge,RunInstances,us-west-2a,i-0c3bbbb968ea24aea,1.0,8.0,8.0,0.252,0.252,0.260512,0.24005,Hrs,0.252,0.252,Amazon Elastic Compute Cloud,r5.xlarge,4,32 GiB,Linux,us-west-2,AmazonEC2,38.67,44.52,28.65,57,2026-01-21T17:56:03Z,ml,prod,CC500,,,,,,,,,,,,,
d6a6592d50554cc88ae49be81ea666dd,2026-01-24T18:00:00Z/2026-01-24T19:00:00Z,112233445566,2026-01-01T00:00:00Z,2026-02-01T00:00:00Z,AWS,223344556677,Usage,2026-01-24T18:00:00Z,2026-01-24T19:00:00Z,AmazonEC2,USWE-BoxUsage:r5.xlarge,RunInstances,us-west-2a,i-0c3bbbb968ea24aea,1.0,8.0,8.0,0.252,0.252,0.258111,0.254183,Hrs,0.252,0.252,Amazon Elastic Compute Cloud,r5.xlarge,4,32 GiB,Linux,us-west-2,AmazonEC2,41.33,31.92,34.24,34,2026-01-21T13:50:52Z,ml,prod,CC500,,,,,,,,,,,,,
d3c3812100104ff183fd28b147d36068,2026-01-25T04:00:00Z/2026-01-25T05:00:00Z,112233445566,2026-01-01T00:00:00Z,2026-02-01T00:00:00Z,AWS,223344556677,Usage,2026-01-25T04:00:00Z,2026-01-25T05:00:00Z,AmazonEC2,USWE-BoxUsage:r5.xlarge,RunInstances,us-west-2a,i-0c3bbbb968ea24aea,1.0,8.0,8.0,0.252,0.252,0.260117,0.241316,Hrs,0.252,0.252,Amazon Elastic Compute Cloud,r5.xlarge,4,32 GiB,Linux,us-west-2,AmazonEC2,35.93,50.73,40.95,21,2026-01-23T04:48:28Z,ml,prod,CC500,,,,,,,,,,,,,
782a23c55738425590ab807f621f4866,2026-01-25T14:00:00Z/2026-01-25T15:00:00Z,112233445566,2026-01-01T00:00:00Z,2026-02-01T00:00:00Z,AWS,223344556677,Usage,2026-01-25T14:00:00Z,2026-01-25T15:00:00Z,AmazonEC2,USWE-BoxUsage:r5.xlarge,RunInstances,us-west-2a,i-0c3bbbb968ea24aea,1.0,8.0,8.0,0.252,0.252,0.251661,0.260519,Hrs,0.252,0.252,Amazon Elastic Compute Cloud,r5.xlarge,4,32 GiB,Linux,us-west-2,AmazonEC2,37.95,42.61,20.3,15,2026-01-23T21:11:17Z,ml,prod,CC500,,,,,,,,,,,,,
caa687bf12cb4cb1b2ba3e10abee25c0,2026-01-26T00:00:00Z/2026-01-26T01:00:00Z,112233445566,2026-01-01T00:00:00Z,2026-02-01T00:00:00Z,AWS,223344556677,Usage,2026-01-26T00:00:00Z,2026-01-26T01:00:00Z,AmazonEC2,USWE-BoxUsage:r5.xlarge,RunInstances,us-west-2a,i-0c3bbbb968ea24aea,1.0,8.0,8.0,0.252,0.252,0.256609,0.259542,Hrs,0.252,0.252,Amazon Elastic Compute Cloud,r5.xlarge,4,32 GiB,Linux,us-west-2,AmazonEC2,30.03,36.36,33.45,20,2026-01-22T05:13:52Z,ml,prod,CC500,,,,,,,,,,,,,
50136d3fb9ec4e4f9a257ab1f66de8ca,2026-01-26T10:00:00Z/2026-01-26T11:00:00Z,112233445566,2026-01-01T00:00:00Z,2026-02-01T00:00:00Z,AWS,223344556677,Usage,2026-01-26T10:00:00Z,2026-01-26T11:00:00Z,AmazonEC2,USWE-BoxUsage:r5.xlarge,RunInstances,us-west-2a,i-0c3bbbb968ea24aea,1.0,8.0,8.0,0.252,0.252,0.260673,0.240643,Hrs,0.252,0.252,Amazon Elastic Compute Cloud,r5.xlarge,4,32 GiB,Linux,us-west-2,AmazonEC2,24.25,46.3,36.46,43,2026-01-24T22:01:23Z,ml,prod,CC500,,,,,,,,,,,,,
54a9b6f51d48484bb4fde38cb6304a24,2026-01-26T20:00:00Z/2026-01-26T21:00:00Z,112233445566,2026-01-01T00:00:00Z,2026-02-01T00:00:00Z,AWS,223344556677,Usage,2026-01-26T20:00:00Z,2026-01-26T21:00:00Z,AmazonEC2,USWE-BoxUsage:r5.xlarge,RunInstances,us-west-2a,i-0c3bbbb968ea24aea,1.0,8.0,8.0,0.252,0.252,0.257781,0.240495,Hrs,0.252,0.252,Amazon Elastic Compute Cloud,r5.xlarge,4,32 GiB,Linux,us-west-2,AmazonEC2,35.65,38.04,35.94,18,2026-01-25T06:59:24Z,ml,prod,CC500,,,,,,,,,,,,,
5d3b7a5cb2dd4a199062743e8dadc18c,2026-01-27T06:00:00Z/2026-01-27T07:00:00Z,112233445566,2026-01-01T00:00:00Z,2026-02-01T00:00:00Z,AWS,223344556677,Usage,2026-01-27T06:00:00Z,2026-01-27T07:00:00Z,AmazonEC2,USWE-BoxUsage:r5.xlarge,RunInstances,us-west-2a,i-0c3bbbb968ea24aea,1.0,8.0,8.0,0.252,0.252,0.255772,0.248761,Hrs,0.252,0.252,Amazon Elastic Compute Cloud,r5.xlarge,4,32 GiB,Linux,us-west-2,AmazonEC2,30.17,39.35,39.55,29,2026-01-23T23:18:38Z,ml,prod,CC500,,,,,,,,,,,,,
cc753727050b43baa40ed88c0af40d9c,2026-01-27T16:00:00Z/2026-01-27T17:00:00Z,112233445566,2026-01-01T00:00:00Z,2026-02-01T00:00:00Z,AWS,223344556677,Usage,2026-01-27T16:00:00Z,2026-01-27T17:00:00Z,AmazonEC2,USWE-BoxUsage:r5.xlarge,RunInstances,us-west-2a,i-0c3bbbb968ea24aea,1.0,8.0,8.0,0.252,0.252,0.256937,0.261372,Hrs,0.252,0.252,Amazon Elastic Compute Cloud,r5.xlarge,4,32 GiB,Linux,us-west-2,AmazonEC2,33.47,43.87,41.34,24,2026-01-24T05:47:30Z,ml,prod,CC500,,,,,,,,,,,,,
315d14e2c61245ceb94873df43805ef5,2026-01-28T02:00:00Z/2026-01-28T03:00:00Z,112233445566,2026-01-01T00:00:00Z,2026-02-01T00:00:00Z,AWS,223344556677,Usage,2026-01-28T02:00:00Z,2026-01-28T03:00:00Z,AmazonEC2,USWE-BoxUsage:r5.xlarge,RunInstances,us-west-2a,i-0c3bbbb968ea24aea,1.0,8.0,8.0,0.252,0.252,0.240334,0.246577,Hrs,0.252,0.252,Amazon Elastic Compute Cloud,r5.xlarge,4,32 GiB,Linux,us-west-2,AmazonEC2,32.84,29.25,24.68,35,2026-01-24T11:27:56Z,ml,prod,CC500,,,,,,,,,,,,,
bb5e1381d6f24a9d896ae12de4616292,2026-01-28T12:00:00Z/2026-01-28T13:00:00Z,112233445566,2026-01-01T00:00:00Z,2026-02-01T00:00:00Z,AWS,223344556677,Usage,2026-01-28T12:00:00Z,2026-01-28T13:00:00Z,AmazonEC2,USWE-BoxUsage:r5.xlarge,RunInstances,us-west-2a,i-0c3bbbb968ea24aea,1.0,8.0,8.0,0.252,0.252,0.263983,0.239618,Hrs,0.252,0.252,Amazon Elastic Compute Cloud,r5.xlarge,4,32 GiB,Linux,us-west-2,AmazonEC2,27.68,38.45,41.47,44,2026-01-26T04:37:56Z,ml,prod,CC500,,,,,,,,,,,,,
af6be2b7824f41b4908e1e6b94bc94a3,2026-01-28T22:00:00Z/2026-01-28T23:00:00Z,112233445566,2026-01-01T00:00:00Z,2026-02-01T00:00:00Z,AWS,223344556677,Usage,2026-01-28T22:00:00Z,2026-01-28T23:00:00Z,AmazonEC2,USWE-BoxUsage:r5.xlarge,RunInstances,us-west-2a,i-0c3bbbb968ea24aea,1.0,8.0,8.0,0.252,0.252,0.239818,0.26377,Hrs,0.252,0.252,Amazon Elastic Compute Cloud,r5.xlarge,4,32 GiB,Linux,us-west-2,AmazonEC2,23.88,36.74,36.1,30,2026-01-27T02:44:16Z,ml,prod,CC500,,,,,,,,,,,,,
1f68d3601c7a407caf860d4ed77db54e,2026-01-29T08:00:00Z/2026-01-29T09:00:00Z,112233445566,2026-01-01T00:00:00Z,2026-02-01T00:00:00Z,AWS,223344556677,Usage,2026-01-29T08:00:00Z,2026-01-29T09:00:00Z,AmazonEC2,USWE-BoxUsage:r5.xlarge,RunInstances,us-west-2a,i-0c3bbbb968ea24aea,1.0,8.0,8.0,0.252,0.252,0.243649,0.239456,Hrs,0.252,0.252,Amazon Elastic Compute Cloud,r5.xlarge,4,32 GiB,Linux,us-west-2,AmazonEC2,39.62,40.0,26.96,12,2026-01-27T16:23:30Z,ml,prod,CC500,,,,,,,,,,,,,
151d5796d52d42889d9009d387df4482,2026-01-29T18:00:00Z/2026-01-29T19:00:00Z,112233445566,2026-01-01T00:00:00Z,2026-02-01T00:00:00Z,AWS,223344556677,Usage,2026-01-29T18:00:00Z,2026-01-29T19:00:00Z,AmazonEC2,USWE-BoxUsage:r5.xlarge,RunInstances,us-west-2a,i-0c3bbbb968ea24aea,1.0,8.0,8.0,0.252,0.252,0.248393,0.262999,Hrs,0.252,0.252,Amazon Elastic Compute Cloud,r5.xlarge,4,32 GiB,Linux,us-west-2,AmazonEC2,31.21,41.15,18.09,55,2026-01-26T11:20:48Z,ml,prod,CC500,,,,,,,,,,,,,
f7034dd735234926a1ff7ca5da4ac9bf,2026-01-30T04:00:00Z/2026-01-30T05:00:00Z,112233445566,2026-01-01T00:00:00Z,2026-02-01T00:00:00Z,AWS,223344556677,Usage,2026-01-30T04:00:00Z,2026-01-30T05:00:00Z,AmazonEC2,USWE-BoxUsage:r5.xlarge,RunInstances,us-west-2a,i-0c3bbbb968ea24aea,1.0,8.0,8.0,0.252,0.252,0.240084,0.240745,Hrs,0.252,0.252,Amazon Elastic Compute Cloud,r5.xlarge,4,32 GiB,Linux,us-west-2,AmazonEC2,25.59,48.64,26.55,57,2026-01-26T20:05:01Z,ml,prod,CC500,,,,,,,,,,,,,
2ab35d0a0ba043fb8ff68282f128e4f2,2026-01-30T14:00:00Z/2026-01-30T15:00:00Z,112233445566,2026-01-01T00:00:00Z,2026-02-01T00:00:00Z,AWS,223344556677,Usage,2026-01-30T14:00:00Z,2026-01-30T15:00:00Z,AmazonEC2,USWE-BoxUsage:r5.xlarge,RunInstances,us-west-2a,i-0c3bbbb968ea24aea,1.0,8.0,8.0,0.252,0.252,0.256586,0.25904,Hrs,0.252,0.252,Amazon Elastic Compute Cloud,r5.xlarge,4,32 GiB,Linux,us-west-2,AmazonEC2,39.79,46.93,37.22,49,2026-01-27T20:44:43Z,ml,prod,CC500,,,,,,,,,,,,,
a878810b315c41fdb5ab19e30ebc6c14,2026-01-01T00:00:00Z/2026-01-01T01:00:00Z,112233445566,2026-01-01T00:00:00Z,2026-02-01T00:00:00Z,AWS,334455667788,Usage,2026-01-01T00:00:00Z,2026-01-01T01:00:00Z,AmazonEC2,EUWE-BoxUsage:t3.large,RunInstances,eu-west-1a,i-0db7f64baa9ad45bf,1.0,4.0,4.0,0.0832,0.0832,0.084056,0.080679,Hrs,0.0832,0.0832,Amazon Elastic Compute Cloud,t3.large,2,8 GiB,Linux,eu-west-1,AmazonEC2,31.38,44.42,34.36,42,2025-12-28T19:08:59Z,frontend,prod,CC300,,,,,,,,,,,,,
3f656343a06d4160a82b30168451cd9f,2026-01-01T10:00:00Z/2026-01-01T11:00:00Z,112233445566,2026-01-01T00:00:00Z,2026-02-01T00:00:00Z,AWS,334455667788,Usage,2026-01-01T10:00:00Z,2026-01-01T11:00:00Z,AmazonEC2,EUWE-BoxUsage:t3.large,RunInstances,eu-west-1a,i-0db7f64baa9ad45bf,1.0,4.0,4.0,0.0832,0.0832,0.086091,0.082191,Hrs,0.0832,0.0832,Amazon Elastic Compute Cloud,t3.large,2,8 GiB,Linux,eu-west-1,AmazonEC2,41.28,44.89,37.05,31,2025-12-30T00:13:27Z,frontend,prod,CC300,,,,,,,,,,,,,
feaf72d42e324a138ae247df6c03eaa0,2026-01-01T20:00:00Z/2026-01-01T21:00:00Z,112233445566,2026-01-01T00:00:00Z,2026-02-01T00:00:00Z,AWS,334455667788,Usage,2026-01-01T20:00:00Z,2026-01-01T21:00:00Z,AmazonEC2,EUWE-BoxUsage:t3.large,RunInstances,eu-west-1a,i-0db7f64baa9ad45bf,1.0,4.0,4.0,0.0832,0.0832,0.083346,0.082604,Hrs,0.0832,0.0832,Amazon Elastic Compute Cloud,t3.large,2,8 GiB,Linux,eu-west-1,AmazonEC2,25.22,47.94,18.58,26,2025-12-28T21:47:52Z,frontend,prod,CC300,,,,,,,,,,,,,
06070878a5504f17b59f767aa45a58c1,2026-01-02T06:00:00Z/2026-01-02T07:00:00Z,112233445566,2026-01-01T00:00:00Z,2026-02-01T00:00:00Z,AWS,334455667788,Usage,2026-01-02T06:00:00Z,2026-01-02T07:00:00Z,AmazonEC2,EUWE-BoxUsage:t3.large,RunInstances,eu-west-1a,i-0db7f64baa9ad45bf,1.0,4.0,4.0,0.0832,0.0832,0.080881,0.082758,Hrs,0.0832,0.0832,Amazon Elastic Compute Cloud,t3.large,2,8 GiB,Linux,eu-west-1,AmazonEC2,27.41,42.72,34.5,46,2025-12-31T14:58:06Z,frontend,prod,CC300,,,,,,,,,,,,,
ed54edba98a146a08e1d7519cb1fcc22,2026-01-02T16:00:00Z/2026-01-02T17:00:00Z,112233445566,2026-01-01T00:00:00Z,2026-02-01T00:00:00Z,AWS,334455667788,Usage,2026-01-02T16:00:00Z,2026-01-02T17:00:00Z,AmazonEC2,EUWE-BoxUsage:t3.large,RunInstances,eu-west-1a,i-0db7f64baa9ad45bf,1.0,4.0,4.0,0.0832,0.0832,0.082374,0.086542,Hrs,0.0832,0.0832,Amazon Elastic Compute Cloud,t3.large,2,8 GiB,Linux,eu-west-1,AmazonEC2,22.89,32.62,21.31,69,2025-12-30T01:08:03Z,frontend,prod,CC300,,,,,,,,,,,,,
64b8ab7f81c44d859893a399d7431e6a,2026-01-03T02:00:00Z/2026-01-03T03:00:00Z,112233445566,2026-01-01T00:00:00Z,2026-02-01T00:00:00Z,AWS,334455667788,Usage,2026-01-03T02:00:00Z,2026-01-03T03:00:00Z,AmazonEC2,EUWE-BoxUsage:t3.large,RunInstances,eu-west-1a,i-0db7f64baa9ad45bf,1.0,4.0,4.0,0.0832,0.0832,0.085159,0.083327,Hrs,0.0832,0.0832,Amazon Elastic Compute Cloud,t3.large,2,8 GiB,Linux,eu-west-1,AmazonEC2,29.13,28.54,21.1,49,2025-12-31T14:23:23Z,frontend,prod,CC300,,,,,,,,,,,,,
eef954b679af4a798d04aefbc4619b7d,2026-01-03T12:00:00Z/2026-01-03T13:00:00Z,112233445566,2026-01-01T00:00:00Z,2026-02-01T00:00:00Z,AWS,334455667788,Usage,2026-01-03T12:00:00Z,2026-01-03T13:00:00Z,AmazonEC2,EUWE-BoxUsage:t3.large,RunInstances,eu-west-1a,i-0db7f64baa9ad45bf,1.0,4.0,4.0,0.0832,0.0832,0.084904,0.0811,Hrs,0.0832,0.0832,Amazon Elastic Compute Cloud,t3.large,2,8 GiB,Linux,eu-west-1,AmazonEC2,29.03,30.99,32.62,38,2026-01-01T13:55:38Z,frontend,prod,CC300,,,,,,,,,,,,,
caeb2b5130704a8eab70dcb02b15846a,2026-01-03T22:00:00Z/2026-01-03T23:00:00Z,112233445566,2026-01-01T00:00:00Z,2026-02-01T00:00:00Z,AWS,334455667788,Usage,2026-01-03T22:00:00Z,2026-01-03T23:00:00Z,AmazonEC2,EUWE-BoxUsage:t3.large,RunInstances,eu-west-1a,i-0db7f64baa9ad45bf,1.0,4.0,4.0,0.0832,0.0832,0.087085,0.087161,Hrs,0.0832,0.0832,Amazon Elastic Compute Cloud,t3.large,2,8 GiB,Linux,eu-west-1,AmazonEC2,22.4,37.77,37.12,36,2026-01-01T14:48:08Z,frontend,prod,CC300,,,,,,,,,,,,,
7ecb17f29ef848a0b1466d300c8e74f1,2026-01-04T08:00:00Z/2026-01-04T09:00:00Z,112233445566,2026-01-01T00:00:00Z,2026-02-01T00:00:00Z,AWS,334455667788,Usage,2026-01-04T08:00:00Z,2026-01-04T09:00:00Z,AmazonEC2,EUWE-BoxUsage:t3.large,RunInstances,eu-west-1a,i-0db7f64baa9ad45bf,1.0,4.0,4.0,0.0832,0.0832,0.081354,0.080864,Hrs,0.0832,0.0832,Amazon Elastic Compute Cloud,t3.large,2,8 GiB,Linux,eu-west-1,AmazonEC2,39.99,38.55,18.98,66,2026-01-01T22:02:43Z,frontend,prod,CC300,,,,,,,,,,,,,
2e4ab3b4fad44c0cad757dd17fd4494a,2026-01-04T18:00:00Z/2026-01-04T19:00:00Z,112233445566,2026-01-01T00:00:00Z,2026-02-01T00:00:00Z,AWS,334455667788,Usage,2026-01-04T18:00:00Z,2026-01-04T19:00:00Z,AmazonEC2,EUWE-BoxUsage:t3.large,RunInstances,eu-west-1a,i-0db7f64baa9ad45bf,1.0,4.0,4.0,0.0832,0.0832,0.08542,0.086915,Hrs,0.0832,0.0832,Amazon Elastic Compute Cloud,t3.large,2,8 GiB,Linux,eu-west-1,AmazonEC2,27.22,36.8,27.22,69,2025-12-31T08:00:38Z,frontend,prod,CC300,,,,,,,,,,,,,
535280ce6bab45dabc69d265582d8714,2026-01-05T04:00:00Z/2026-01-05T05:00:00Z,112233445566,2026-01-01T00:00:00Z,2026-02-01T00:00:00Z,AWS,334455667788,Usage,2026-01-05T04:00:00Z,2026-01-05T05:00:00Z,AmazonEC2,EUWE-BoxUsage:t3.large,RunInstances,eu-west-1a,i-0db7f64baa9ad45bf,1.0,4.0,4.0,0.0832,0.0832,0.084102,0.081021,Hrs,0.0832,0.0832,Amazon Elastic Compute Cloud,t3.large,2,8 GiB,Linux,eu-west-1,AmazonEC2,26.69,51.14,38.86,56,2025-12-31T16:06:21Z,frontend,prod,CC300,,,,,,,,,,,,,
ddf6669835144449b41e1d217ccb3174,2026-01-05T14:00:00Z/2026-01-05T15:00:00Z,112233445566,2026-01-01T00:00:00Z,2026-02-01T00:00:00Z,AWS,334455667788,Usage,2026-01-05T14:00:00Z,2026-01-05T15:00:00Z,AmazonEC2,EUWE-BoxUsage:t3.large,RunInstances,eu-west-1a,i-0db7f64baa9ad45bf,1.0,4.0,4.0,0.0832,0.0832,0.080974,0.080065,Hrs,0.0832,0.0832,Amazon Elastic Compute Cloud,t3.large,2,8 GiB,Linux,eu-west-1,AmazonEC2,40.15,51.1,35.35,54,2026-01-01T21:49:55Z,frontend,prod,CC300,,,,,,,,,,,,,
ec1a7bed1d574a948a6f112188212075,2026-01-06T10:00:00Z/2026-01-06T11:00:00Z,112233445566,2026-01-01T00:00:00Z,2026-02-01T00:00:00Z,AWS,334455667788,Usage,2026-01-06T10:00:00Z,2026-01-06T11:00:00Z,AmazonEC2,EUWE-BoxUsage:t3.large,RunInstances,eu-west-1a,i-0db7f64baa9ad45bf,1.0,4.0,4.0,0.0832,0.0832,0.082254,0.083566,Hrs,0.0832,0.0832,Amazon Elastic Compute Cloud,t3.large,2,8 GiB,Linux,eu-west-1,AmazonEC2,40.51,32.36,22.73,57,2026-01-03T00:14:22Z,frontend,prod,CC300,,,,,,,,,,,,,
61f9d2c7273142eca4a37046fdf47dec,2026-01-06T20:00:00Z/2026-01-06T21:00:00Z,112233445566,2026-01-01T00:00:00Z,2026-02-01T00:00:00Z,AWS,334455667788,Usage,2026-01-06T20:00:00Z,2026-01-06T21:00:00Z,AmazonEC2,EUWE-BoxUsage:t3.large,RunInstances,eu-west-1a,i-0db7f64baa9ad45bf,1.0,4.0,4.0,0.0832,0.0832,0.08066,0.079332,Hrs,0.0832,0.0832,Amazon Elastic Compute Cloud,t3.large,2,8 GiB,Linux,eu-west-1,AmazonEC2,26.48,50.11,34.08,12,2026-01-03T20:29:41Z,frontend,prod,CC300,,,,,,,,,,,,,
4a391453a78d4ef6b1dbf7553682ea83,2026-01-07T06:00:00Z/2026-01-07T07:00:00Z,112233445566,2026-01-01T00:00:00Z,2026-02-01T00:00:00Z,AWS,334455667788,Usage,2026-01-07T06:00:00Z,2026-01-07T07:00:00Z,AmazonEC2,EUWE-BoxUsage:t3.large,RunInstances,eu-west-1a,i-0db7f64baa9ad45bf,1.0,4.0,4.0,0.0832,0.0832,0.08098,0.084727,Hrs,0.0832,0.0832,Amazon Elastic Compute Cloud,t3.large,2,8 GiB,Linux,eu-west-1,AmazonEC2,38.62,34.12,22.76,13,2026-01-05T23:23:51Z,frontend,prod,CC300,,,,,,,,,,,,,
35f731dc3cac407c9649eaa79af60271,2026-01-07T16:00:00Z/2026-01-07T17:00:00Z,112233445566,2026-01-01T00:00:00Z,2026-02-01T00:00:00Z,AWS,334455667788,Usage,2026-01-07T16:00:00Z,2026-01-07T17:00:00Z,AmazonEC2,EUWE-BoxUsage:t3.large,RunInstances,eu-west-1a,i-0db7f64baa9ad45bf,1.0,4.0,4.0,0.0832,0.0832,0.085245,0.083807,Hrs,0.0832,0.0832,Amazon Elastic Compute Cloud,t3.large,2,8 GiB,Linux,eu-west-1,AmazonEC2,25.37,41.69,28.75,27,2026-01-04T09:38:46Z,frontend,prod,CC300,,,,,,,,,,,,,
93cac1238cf54580b47612cd3fda0aef,2026-01-08T02:00:00Z/2026-01-08T03:00:00Z,112233445566,2026-01-01T00:00:00Z,2026-02-01T00:00:00Z,AWS,334455667788,Usage,2026-01-08T02:00:00Z,2026-01-08T03:00:00Z,AmazonEC2,EUWE-BoxUsage:t3.large,RunInstances,eu-west-1a,i-0db7f64baa9ad45bf,1.0,4.0,4.0,0.0832,0.0832,0.080271,0.08416,Hrs,0.0832,0.0832,Amazon Elastic Compute Cloud,t3.large,2,8 GiB,Linux,eu-west-1,AmazonEC2,31.57,42.78,37.77,62,2026-01-04T14:11:06Z,frontend,prod,CC300,,,,,,,,,,,,,
8075b97645a442179e04bb9fba89313b,2026-01-08T12:00:00Z/2026-01-08T13:00:00Z,112233445566,2026-01-01T00:00:00Z,2026-02-01T00:00:00Z,AWS,334455667788,Usage,2026-01-08T12:00:00Z,2026-01-08T13:00:00Z,AmazonEC2,EUWE-BoxUsage:t3.large,RunInstances,eu-west-1a,i-0db7f64baa9ad45bf,1.0,4.0,4.0,0.0832,0.0832,0.085238,0.085708,Hrs,0.0832,0.0832,Amazon Elastic Compute Cloud,t3.large,2,8 GiB,Linux,eu-west-1,AmazonEC2,36.85,46.01,23.84,18,2026-01-06T13:00:45Z,frontend,prod,CC300,,,,,,,,,,,,,
0f9393ec0ed84413bbd54726e5ae1d7a,2026-01-08T22:00:00Z/2026-01-08T23:00:00Z,112233445566,2026-01-01T00:00:00Z,2026-02-01T00:00:00Z,AWS,334455667788,Usage,2026-01-08T22:00:00Z,2026-01-08T23:00:00Z,AmazonEC2,EUWE-BoxUsage:t3.large,RunInstances,eu-west-1a,i-0db7f64baa9ad45bf,1.0,4.0,4.0,0.0832,0.0832,0.086856,0.080841,Hrs,0.0832,0.0832,Amazon Elastic Compute Cloud,t3.large,2,8 GiB,Linux,eu-west-1,AmazonEC2,29.78,39.68,40.82,18,2026-01-07T06:58:36Z,frontend,prod,CC300,,,,,,,,,,,,,
fb00be2a02a246c7ae55992d9ca0830f,2026-01-09T08:00:00Z/2026-01-09T09:00:00Z,112233445566,2026-01-01T00:00:00Z,2026-02-01T00:00:00Z,AWS,334455667788,Usage,2026-01-09T08:00:00Z,2026-01-09T09:00:00Z,AmazonEC2,EUWE-BoxUsage:t3.large,RunInstances,eu-west-1a,i-0db7f64baa9ad45bf,1.0,4.0,4.0,0.0832,0.0832,0.083457,0.08339,Hrs,0.0832,0.0832,Amazon Elastic Compute Cloud,t3.large,2,8 GiB,Linux,eu-west-1,AmazonEC2,40.8,36.0,24.95,62,2026-01-05T06:14:39Z,frontend,prod,CC300,,,,,,,,,,,,,
f7dc6e352b4842e499596d623cd554d3,2026-01-09T18:00:00Z/2026-01-09T19:00:00Z,112233445566,2026-01-01T00:00:00Z,2026-02-01T00:00:00Z,AWS,334455667788,Usage,2026-01-09T18:00:00Z,2026-01-09T19:00:00Z,AmazonEC2,EUWE-BoxUsage:t3.large,RunInstances,eu-west-1a,i-0db7f64baa9ad45bf,1.0,4.0,4.0,0.0832,0.0832,0.082909,0.081402,Hrs,0.0832,0.0832,Amazon Elastic Compute Cloud,t3.large,2,8 GiB,Linux,eu-west-1,AmazonEC2,33.38,45.4,19.27,43,2026-01-06T23:40:28Z,frontend,prod,CC300,,,,,,,,,,,,,
b51d9b389a8245edbe0f19474610c7f4,2026-01-10T04:00:00Z/2026-01-10T05:00:00Z,112233445566,2026-01-01T00:00:00Z,2026-02-01T00:00:00Z,AWS,334455667788,Usage,2026-01-10T04:00:00Z,2026-01-10T05:00:00Z,AmazonEC2,EUWE-BoxUsage:t3.large,RunInstances,eu-west-1a,i-0db7f64baa9ad45bf,1.0,4.0,4.0,0.0832,0.0832,0.079561,0.083669,Hrs,0.0832,0.0832,Amazon Elastic Compute Cloud,t3.large,2,8 GiB,Linux,eu-west-1,AmazonEC2,41.34,48.85,25.29,70,2026-01-07T13:52:44Z,frontend,prod,CC300,,,,,,,,,,,,,
9e6e99224c35494380940e3c35b62196,2026-01-10T14:00:00Z/2026-01-10T15:00:00Z,112233445566,2026-01-01T00:00:00Z,2026-02-01T00:00:00Z,AWS,334455667788,Usage,2026-01-10T14:00:00Z,2026-01-10T15:00:00Z,AmazonEC2,EUWE-BoxUsage:t3.large,RunInstances,eu-west-1a,i-0db7f64baa9ad45bf,1.0,4.0,4.0,0.0832,0.0832,0.080085,0.08438,Hrs,0.0832,0.0832,Amazon Elastic Compute Cloud,t3.large,2,8 GiB,Linux,eu-west-1,AmazonEC2,29.58,40.02,40.94,34,2026-01-07T22:48:49Z,frontend,prod,CC300,,,,,,,,,,,,,
a498876fd85d4fcbb8d3c14ad45786bb,2026-01-11T00:00:00Z/2026-01-11T01:00:00Z,112233445566,2026-01-01T00:00:00Z,2026-02-01T00:00:00Z,AWS,334455667788,Usage,2026-01-11T00:00:00Z,2026-01-11T01:00:00Z,AmazonEC2,EUWE-BoxUsage:t3.large,RunInstances,eu-west-1a,i-0db7f64baa9ad45bf,1.0,4.0,4.0,0.0832,0.0832,0.084846,0.080393,Hrs,0.0832,0.0832,Amazon Elastic Compute Cloud,t3.large,2,8 GiB,Linux,eu-west-1,AmazonEC2,34.38,49.49,38.79,32,2026-01-07T23:28:59Z,frontend,prod,CC300,,,,,,,,,,,,,
e4f5f2f3b7354511ae9b7cace087efb4,2026-01-11T10:00:00Z/2026-01-11T11:00:00Z,112233445566,2026-01-01T00:00:00Z,2026-02-01T00:00:00Z,AWS,334455667788,Usage,2026-01-11T10:00:00Z,2026-01-11T11:00:00Z,AmazonEC2,EUWE-BoxUsage:t3.large,RunInstances,eu-west-1a,i-0db7f64baa9ad45bf,1.0,4.0,4.0,0.0832,0.0832,0.086662,0.084267,Hrs,0.0832,0.0832,Amazon Elastic Compute Cloud,t3.large,2,8 GiB,Linux,eu-west-1,AmazonEC2,25.35,43.82,30.8,60,2026-01-08T21:23:49Z,frontend,prod,CC300,,,,,,,,,,,,,
5a26a6a0d3fd4d868d6ff42db0162c48,2026-01-11T20:00:00Z/2026-01-11T21:00:00Z,112233445566,2026-01-01T00:00:00Z,2026-02-01T00:00:00Z,AWS,334455667788,Usage,2026-01-11T20:00:00Z,2026-01-11T21:00:00Z,AmazonEC2,EUWE-BoxUsage:t3.large,RunInstances,eu-west-1a,i-0db7f64baa9ad45bf,1.0,4.0,4.0,0.0832,0.0832,0.081357,0.084948,Hrs,0.0832,0.0832,Amazon Elastic Compute Cloud,t3.large,2,8 GiB,Linux,eu-west-1,AmazonEC2,24.39,34.78,31.73,65,2026-01-08T13:56:49Z,frontend,prod,CC300,,,,,,,,,,,,,
c52383eeec2d4e0ea7483168b8282986,2026-01-12T06:00:00Z/2026-01-12T07:00:00Z,112233445566,2026-01-01T00:00:00Z,2026-02-01T00:00:00Z,AWS,334455667788,Usage,2026-01-12T06:00:00Z,2026-01-12T07:00:00Z,AmazonEC2,EUWE-BoxUsage:t3.large,RunInstances,eu-west-1a,i-0db7f64baa9ad45bf,1.0,4.0,4.0,0.0832,0.0832,0.082003,0.080079,Hrs,0.0832,0.0832,Amazon Elastic Compute Cloud,t3.large,2,8 GiB,Linux,eu-west-1,AmazonEC2,36.46,30.05,33.84,13,2026-01-10T10:34:33Z,frontend,prod,CC300,,,,,,,,,,,,,
f4c25a816ee24d1481186face1ac00da,2026-01-12T16:00:00Z/2026-01-12T17:00:00Z,112233445566,2026-01-01T00:00:00Z,2026-02-01T00:00:00Z,AWS,334455667788,Usage,2026-01-12T16:00:00Z,2026-01-12T17:00:00Z,AmazonEC2,EUWE-BoxUsage:t3.large,RunInstances,eu-west-1a,i-0db7f64baa9ad45bf,1.0,4.0,4.0,0.0832,0.0832,0.07914,0.081091,Hrs,0.0832,0.0832,Amazon Elastic Compute Cloud,t3.large,2,8 GiB,Linux,eu-west-1,AmazonEC2,25.76,47.27,34.78,25,2026-01-09T14:23:13Z,frontend,prod,CC300,,,,,,,,,,,,,
ce4c75d8defe491fa41220eb7b11ade0,2026-01-13T02:00:00Z/2026-01-13T03:00:00Z,112233445566,2026-01-01T00:00:00Z,2026-02-01T00:00:00Z,AWS,334455667788,Usage,2026-01-13T02:00:00Z,2026-01-13T03:00:00Z,AmazonEC2,EUWE-BoxUsage:t3.large,RunInstances,eu-west-1a,i-0db7f64baa9ad45bf,1.0,4.0,4.0,0.0832,0.0832,0.084824,0.08392,Hrs,0.0832,0.0832,Amazon Elastic Compute Cloud,t3.large,2,8 GiB,Linux,eu-west-1,AmazonEC2,34.66,32.57,36.33,32,2026-01-11T18:48:32Z,frontend,prod,CC300,,,,,,,,,,,,,
b3c823094e254fdf867430f273a622b8,2026-01-13T12:00:00Z/2026-01-13T13:00:00Z,112233445566,2026-01-01T00:00:00Z,2026-02-01T00:00:00Z,AWS,334455667788,Usage,2026-01-13T12:00:00Z,2026-01-13T13:00:00Z,AmazonEC2,EUWE-BoxUsage:t3.large,RunInstances,eu-west-1a,i-0db7f64baa9ad45bf,1.0,4.0,4.0,0.0832,0.0832,0.082669,0.081626,Hrs,0.0832,0.0832,Amazon Elastic Compute Cloud,t3.large,2,8 GiB,Linux,eu-west-1,AmazonEC2,41.74,48.39,24.23,37,2026-01-09T07:43:03Z,frontend,prod,CC300,,,,,,,,,,,,,
748ebbf55f20415eb9e27f7f529fe29e,2026-01-13T22:00:00Z/2026-01-13T23:00:00Z,112233445566,2026-01-01T00:00:00Z,2026-02-01T00:00:00Z,AWS,334455667788,Usage,2026-01-13T22:00:00Z,2026-01-13T23:00:00Z,AmazonEC2,EUWE-BoxUsage:t3.large,RunInstances,eu-west-1a,i-0db7f64baa9ad45bf,1.0,4.0,4.0,0.0832,0.0832,0.080315,0.083893,Hrs,0.0832,0.0832,Amazon Elastic Compute Cloud,t3.large,2,8 GiB,Linux,eu-west-1,AmazonEC2,34.39,46.28,20.74,70,2026-01-09T22:37:24Z,frontend,prod,CC300,,,,,,,,,,,,,
56b5995bc15349d39df8c7ec83c9398d,2026-01-14T08:00:00Z/2026-01-14T09:00:00Z,112233445566,2026-01-01T00:00:00Z,2026-02-01T00:00:00Z,AWS,334455667788,Usage,2026-01-14T08:00:00Z,2026-01-14T09:00:00Z,AmazonEC2,EUWE-BoxUsage:t3.large,RunInstances,eu-west-1a,i-0db7f64baa9ad45bf,1.0,4.0,4.0,0.0832,0.0832,0.084955,0.085858,Hrs,0.0832,0.0832,Amazon Elastic Compute Cloud,t3.large,2,8 GiB,Linux,eu-west-1,AmazonEC2,28.84,30.13,23.11,13,2026-01-10T03:29:32Z,frontend,prod,CC300,,,,,,,,,,,,,
733ff71d6855437d939eb793cb731d64,2026-01-14T18:00:00Z/2026-01-14T19:00:00Z,112233445566,2026-01-01T00:00:00Z,2026-02-01T00:00:00Z,AWS,334455667788,Usage,2026-01-14T18:00:00Z,2026-01-14T19:00:00Z,AmazonEC2,EUWE-BoxUsage:t3.large,RunInstances,eu-west-1a,i-0db7f64baa9ad45bf,1.0,4.0,4.0,0.0832,0.0832,0.081656,0.079942,Hrs,0.0832,0.0832,Amazon Elastic Compute Cloud,t3.large,2,8 GiB,Linux,eu-west-1,AmazonEC2,23.6,48.49,18.23,48,2026-01-11T12:58:20Z,frontend,prod,CC300,,,,,,,,,,,,,
71b7a8537d6148188343862e48cfbbb7,2026-01-15T04:00:00Z/2026-01-15T05:00:00Z,112233445566,2026-01-01T00:00:00Z,2026-02-01T00:00:00Z,AWS,334455667788,Usage,2026-01-15T04:00:00Z,2026-01-15T05:00:00Z,AmazonEC2,EUWE-BoxUsage:t3.large,RunInstances,eu-west-1a,i-0db7f64baa9ad45bf,1.0,4.0,4.0,0.0832,0.0832,0.082574,0.082515,Hrs,0.0832,0.0832,Amazon Elastic Compute Cloud,t3.large,2,8 GiB,Linux,eu-west-1,AmazonEC2,26.51,51.05,40.81,26,2026-01-11T14:57:42Z,frontend,prod,CC300,,,,,,,,,,,,,
01a479cbd5ad4812978c8ccd770943e2,2026-01-15T14:00:00Z/2026-01-15T15:00:00Z,112233445566,2026-01-01T00:00:00Z,2026-02-01T00:00:00Z,AWS,334455667788,Usage,2026-01-15T14:00:00Z,2026-01-15T15:00:00Z,AmazonEC2,EUWE-BoxUsage:t3.large,RunInstances,eu-west-1a,i-0db7f64baa9ad45bf,1.0,4.0,4.0,0.0832,0.0832,0.08708,0.08326,Hrs,0.0832,0.0832,Amazon Elastic Compute Cloud,t3.large,2,8 GiB,Linux,eu-west-1,AmazonEC2,28.83,38.1,38.83,58,2026-01-13T01:10:49Z,frontend,prod,CC300,,,,,,,,,,,,,
0d965252a4274988a0f5b2c93b392252,2026-01-16T00:00:00Z/2026-01-16T01:00:00Z,112233445566,2026-01-01T00:00:00Z,2026-02-01T00:00:00Z,AWS,334455667788,Usage,2026-01-16T00:00:00Z,2026-01-16T01:00:00Z,AmazonEC2,EUWE-BoxUsage:t3.large,RunInstances,eu-west-1a,i-0db7f64baa9ad45bf,1.0,4.0,4.0,0.0832,0.0832,0.087049,0.08673,Hrs,0.0832,0.0832,Amazon Elastic Compute Cloud,t3.large,2,8 GiB,Linux,eu-west-1,AmazonEC2,23.28,40.71,27.04,27,2026-01-12T05:51:49Z,frontend,prod,CC300,,,,,,,,,,,,,
c99639ff65d44ec3a49ff1d0d689cbf4,2026-01-16T10:00:00Z/2026-01-16T11:00:00Z,112233445566,2026-01-01T00:00:00Z,2026-02-01T00:00:00Z,AWS,334455667788,Usage,2026-01-16T10:00:00Z,2026-01-16T11:00:00Z,AmazonEC2,EUWE-BoxUsage:t3.large,RunInstances,eu-west-1a,i-0db7f64baa9ad45bf,1.0,4.0,4.0,0.0832,0.0832,0.079465,0.083709,Hrs,0.0832,0.0832,Amazon Elastic Compute Cloud,t3.large,2,8 GiB,Linux,eu-west-1,AmazonEC2,28.68,39.22,32.28,36,2026-01-12T07:36:42Z,frontend,prod,CC300,,,,,,,,,,,,,
b9a42e0ee8a343599f156d06cfbcfc45,2026-01-16T20:00:00Z/2026-01-16T21:00:00Z,112233445566,2026-01-01T00:00:00Z,2026-02-01T00:00:00Z,AWS,334455667788,Usage,2026-01-16T20:00:00Z,2026-01-16T21:00:00Z,AmazonEC2,EUWE-BoxUsage:t3.large,RunInstances,eu-west-1a,i-0db7f64baa9ad45bf,1.0,4.0,4.0,0.0832,0.0832,0.081411,0.083843,Hrs,0.0832,0.0832,Amazon Elastic Compute Cloud,t3.large,2,8 GiB,Linux,eu-west-1,AmazonEC2,32.68,51.5,28.27,34,2026-01-14T01:53:41Z,frontend,prod,CC300,,,,,,,,,,,,,
2df4031015f1431890b08f8afd0a8ad1,2026-01-17T06:00:00Z/2026-01-17T07:00:00Z,112233445566,2026-01-01T00:00:00Z,2026-02-01T00:00:00Z,AWS,334455667788,Usage,2026-01-17T06:00:00Z,2026-01-17T07:00:00Z,AmazonEC2,EUWE-BoxUsage:t3.large,RunInstances,eu-west-1a,i-0db7f64baa9ad45bf,1.0,4.0,4.0,0.0832,0.0832,0.087172,0.087265,Hrs,0.0832,0.0832,Amazon Elastic Compute Cloud,t3.large,2,8 GiB,Linux,eu-west-1,AmazonEC2,31.0,30.88,38.06,65,2026-01-13T16:04:43Z,frontend,prod,CC300,,,,,,,,,,,,,
1aecb3f8dcbe4f0baa0de233a8a0d642,2026-01-17T16:00:00Z/2026-01-17T17:00:00Z,112233445566,2026-01-01T00:00:00Z,2026-02-01T00:00:00Z,AWS,334455667788,Usage,2026-01-17T16:00:00Z,2026-01-17T17:00:00Z,AmazonEC2,EUWE-BoxUsage:t3.large,RunInstances,eu-west-1a,i-0db7f64baa9ad45bf,1.0,4.0,4.0,0.0832,0.0832,0.083821,0.082842,Hrs,0.0832,0.0832,Amazon Elastic Compute Cloud,t3.large,2,8 GiB,Linux,eu-west-1,AmazonEC2,22.26,39.07,32.38,55,2026-01-16T08:13:55Z,frontend,prod,CC300,,,,,,,,,,,,,
abceffb5cbef488a9223ed26fb3a747b,2026-01-18T02:00:00Z/2026-01-18T03:00:00Z,112233445566,2026-01-01T00:00:00Z,2026-02-01T00:00:00Z,AWS,334455667788,Usage,2026-01-18T02:00:00Z,2026-01-18T03:00:00Z,AmazonEC2,EUWE-BoxUsage:t3.large,RunInstances,eu-west-1a,i-0db7f64baa9ad45bf,1.0,4.0,4.0,0.0832,0.0832,0.083497,0.082518,Hrs,0.0832,0.0832,Amazon Elastic Compute Cloud,t3.large,2,8 GiB,Linux,eu-west-1,AmazonEC2,26.54,38.19,35.86,38,2026-01-14T07:28:40Z,frontend,prod,CC300,,,,,,,,,,,,,
da851d89379b4eaca1a60ce019784ead,2026-01-18T12:00:00Z/2026-01-18T13:00:00Z,112233445566,2026-01-01T00:00:00Z,2026-02-01T00:00:00Z,AWS,334455667788,Usage,2026-01-18T12:00:00Z,2026-01-18T13:00:00Z,AmazonEC2,EUWE-BoxUsage:t3.large,RunInstances,eu-west-1a,i-0db7f64baa9ad45bf,1.0,4.0,4.0,0.0832,0.0832,0.085037,0.082256,Hrs,0.0832,0.0832,Amazon Elastic Compute Cloud,t3.large,2,8 GiB,Linux,eu-west-1,AmazonEC2,25.79,38.04,18.45,44,2026-01-16T00:40:09Z,frontend,prod,CC300,,,,,,,,,,,,,
0fddc0b93da64e848b0a2f7d3b8b1fa8,2026-01-18T22:00:00Z/2026-01-18T23:00:00Z,112233445566,2026-01-01T00:00:00Z,2026-02-01T00:00:00Z,AWS,334455667788,Usage,2026-01-18T22:00:00Z,2026-01-18T23:00:00Z,AmazonEC2,EUWE-BoxUsage:t3.large,RunInstances,eu-west-1a,i-0db7f64baa9ad45bf,1.0,4.0,4.0,0.0832,0.0832,0.085929,0.079647,Hrs,0.0832,0.0832,Amazon Elastic Compute Cloud,t3.large,2,8 GiB,Linux,eu-west-1,AmazonEC2,41.96,45.76,36.1,34,2026-01-15T10:27:15Z,frontend,prod,CC300,,,,,,,,,,,,,
cb4d159a26f348e98eee925930c0d7c4,2026-01-19T08:00:00Z/2026-01-19T09:00:00Z,112233445566,2026-01-01T00:00:00Z,2026-02-01T00:00:00Z,AWS,334455667788,Usage,2026-01-19T08:00:00Z,2026-01-19T09:00:00Z,AmazonEC2,EUWE-BoxUsage:t3.large,RunInstances,eu-west-1a,i-0db7f64baa9ad45bf,1.0,4.0,4.0,0.0832,0.0832,0.08227,0.086309,Hrs,0.0832,0.0832,Amazon Elastic Compute Cloud,t3.large,2,8 GiB,Linux,eu-west-1,AmazonEC2,23.45,49.02,36.01,59,2026-01-17T09:39:53Z,frontend,prod,CC300,,,,,,,,,,,,,
72a5b45445ee4c1f9c67497866365181,2026-01-19T18:00:00Z/2026-01-19T19:00:00Z,112233445566,2026-01-01T00:00:00Z,2026-02-01T00:00:00Z,AWS,334455667788,Usage,2026-01-19T18:00:00Z,2026-01-19T19:00:00Z,AmazonEC2,EUWE-BoxUsage:t3.large,RunInstances,eu-west-1a,i-0db7f64baa9ad45bf,1.0,4.0,4.0,0.0832,0.0832,0.086836,0.082431,Hrs,0.0832,0.0832,Amazon Elastic Compute Cloud,t3.large,2,8 GiB,Linux,eu-west-1,AmazonEC2,40.18,29.61,23.64,70,2026-01-17T07:14:10Z,frontend,prod,CC300,,,,,,,,,,,,,
f060c0295e0d4dee8d7f5b69bd229482,2026-01-20T04:00:00Z/2026-01-20T05:00:00Z,112233445566,2026-01-01T00:00:00Z,2026-02-01T00:00:00Z,AWS,334455667788,Usage,2026-01-20T04:00:00Z,2026-01-20T05:00:00Z,AmazonEC2,EUWE-BoxUsage:t3.large,RunInstances,eu-west-1a,i-0db7f64baa9ad45bf,1.0,4.0,4.0,0.0832,0.0832,0.079279,0.087222,Hrs,0.0832,0.0832,Amazon Elastic Compute Cloud,t3.large,2,8 GiB,Linux,eu-west-1,AmazonEC2,39.72,42.59,34.04,43,2026-01-18T07:45:06Z,frontend,prod,CC300,,,,,,,,,,,,,
4bd9b214aa1c464c80dc2e3976f42743,2026-01-20T14:00:00Z/2026-01-20T15:00:00Z,112233445566,2026-01-01T00:00:00Z,2026-02-01T00:00:00Z,AWS,334455667788,Usage,2026-01-20T14:00:00Z,2026-01-20T15:00:00Z,AmazonEC2,EUWE-BoxUsage:t3.large,RunInstances,eu-west-1a,i-0db7f64baa9ad45bf,1.0,4.0,4.0,0.0832,0.0832,0.081908,0.08451,Hrs,0.0832,0.0832,Amazon Elastic Compute Cloud,t3.large,2,8 GiB,Linux,eu-west-1,AmazonEC2,36.73,48.59,28.71,67,2026-01-17T04:15:08Z,frontend,prod,CC300,,,,,,,,,,,,,
6d2c7d1bda05438ab41d0776d9cd57f9,2026-01-21T00:00:00Z/2026-01-21T01:00:00Z,112233445566,2026-01-01T00:00:00Z,2026-02-01T00:00:00Z,AWS,334455667788,Usage,2026-01-21T00:00:00Z,2026-01-21T01:00:00Z,AmazonEC2,EUWE-BoxUsage:t3.large,RunInstances,eu-west-1a,i-0db7f64baa9ad45bf,1.0,4.0,4.0,0.0832,0.0832,0.08727,0.081798,Hrs,0.0832,0.0832,Amazon Elastic Compute Cloud,t3.large,2,8 GiB,Linux,eu-west-1,AmazonEC2,22.1,31.93,22.66,43,2026-01-18T08:00:58Z,frontend,prod,CC300,,,,,,,,,,,,,
9fed869569e044718da969f80f25a228,2026-01-21T10:00:00Z/2026-01-21T11:00:00Z,112233445566,2026-01-01T00:00:00Z,2026-02-01T00:00:00Z,AWS,334455667788,Usage,2026-01-21T10:00:00Z,2026-01-21T11:00:00Z,AmazonEC2,EUWE-BoxUsage:t3.large,RunInstances,eu-west-1a,i-0db7f64baa9ad45bf,1.0,4.0,4.0,0.0832,0.0832,0.085896,0.081452,Hrs,0.0832,0.0832,Amazon Elastic Compute Cloud,t3.large,2,8 GiB,Linux,eu-west-1,AmazonEC2,25.56,49.08,21.24,68,2026-01-18T07:25:02Z,frontend,prod,CC300,,,,,,,,,,,,,
1c302f82779748e5b5d25ea07f04e800,2026-01-21T20:00:00Z/2026-01-21T21:00:00Z,112233445566,2026-01-01T00:00:00Z,2026-02-01T00:00:00Z,AWS,334455667788,Usage,2026-01-21T20:00:00Z,2026-01-21T21:00:00Z,AmazonEC2,EUWE-BoxUsage:t3.large,RunInstances,eu-west-1a,i-0db7f64baa9ad45bf,1.0,4.0,4.0,0.0832,0.0832,0.0793,0.084734,Hrs,0.0832,0.0832,Amazon Elastic Compute Cloud,t3.large,2,8 GiB,Linux,eu-west-1,AmazonEC2,29.78,33.0,26.12,22,2026-01-18T15:53:07Z,frontend,prod,CC300,,,,,,,,,,,,,
6d2dc62e4ff34526b214a590cd219321,2026-01-22T06:00:00Z/2026-01-22T07:00:00Z,112233445566,2026-01-01T00:00:00Z,2026-02-01T00:00:00Z,AWS,334455667788,Usage,2026-01-22T06:00:00Z,2026-01-22T07:00:00Z,AmazonEC2,EUWE-BoxUsage:t3.large,RunInstances,eu-west-1a,i-0db7f64baa9ad45bf,1.0,4.0,4.0,0.0832,0.0832,0.085229,0.081709,Hrs,0.0832,0.0832,Amazon Elastic Compute Cloud,t3.large,2,8 GiB,Linux,eu-west-1,AmazonEC2,27.35,30.38,18.71,42,2026-01-19T22:25:52Z,frontend,prod,CC300,,,,,,,,,,,,,
859c9746a7dc4358b5fd04396d2bba16,2026-01-22T16:00:00Z/2026-01-22T17:00:00Z,112233445566,2026-01-01T00:00:00Z,2026-02-01T00:00:00Z,AWS,334455667788,Usage,2026-01-22T16:00:00Z,2026-01-22T17:00:00Z,AmazonEC2,EUWE-BoxUsage:t3.large,RunInstances,eu-west-1a,i-0db7f64baa9ad45bf,1.0,4.0,4.0,0.0832,0.0832,0.085877,0.085323,Hrs,0.0832,0.0832,Amazon Elastic Compute Cloud,t3.large,2,8 GiB,Linux,eu-west-1,AmazonEC2,27.8,44.86,24.65,41,2026-01-18T15:52:15Z,frontend,prod,CC300,,,,,,,,,,,,,
d717459042c84eaabed1acc9ba4db56a,2026-01-23T02:00:00Z/2026-01-23T03:00:00Z,112233445566,2026-01-01T00:00:00Z,2026-02-01T00:00:00Z,AWS,334455667788,Usage,2026-01-23T02:00:00Z,2026-01-23T03:00:00Z,AmazonEC2,EUWE-BoxUsage:t3.large,RunInstances,eu-west-1a,i-0db7f64baa9ad45bf,1.0,4.0,4.0,0.0832,0.0832,0.082822,0.083738,Hrs,0.0832,0.0832,Amazon Elastic Compute Cloud,t3.large,2,8 GiB,Linux,eu-west-1,AmazonEC2,28.89,33.55,23.3,67,2026-01-20T10:21:44Z,frontend,prod,CC300,,,,,,,,,,,,,
97fb86e848024383a633a36ede65e1d6,2026-01-23T12:00:00Z/2026-01-23T13:00:00Z,112233445566,2026-01-01T00:00:00Z,2026-02-01T00:00:00Z,AWS,334455667788,Usage,2026-01-23T12:00:00Z,2026-01-23T13:00:00Z,AmazonEC2,EUWE-BoxUsage:t3.large,RunInstances,eu-west-1a,i-0db7f64baa9ad45bf,1.0,4.0,4.0,0.0832,0.0832,0.08196,0.085097,Hrs,0.0832,0.0832,Amazon Elastic Compute Cloud,t3.large,2,8 GiB,Linux,eu-west-1,AmazonEC2,36.89,37.81,24.02,60,2026-01-19T02:09:05Z,frontend,prod,CC300,,,,,,,,,,,,,
75cfb1892ffc4901b42f49c024e35462,2026-01-23T22:00:00Z/2026-01-23T23:00:00Z,112233445566,2026-01-01T00:00:00Z,2026-02-01T00:00:00Z,AWS,334455667788,Usage,2026-01-23T22:00:00Z,2026-01-23T23:00:00Z,AmazonEC2,EUWE-BoxUsage:t3.large,RunInstances,eu-west-1a,i-0db7f64baa9ad45bf,1.0,4.0,4.0,0.0832,0.0832,0.079095,0.082763,Hrs,0.0832,0.0832,Amazon Elastic Compute Cloud,t3.large,2,8 GiB,Linux,eu-west-1,AmazonEC2,38.55,50.98,35.9,52,2026-01-21T05:55:56Z,frontend,prod,CC300,,,,,,,,,,,,,
825c9b6f16f04513bf9ee9798349910a,2026-01-24T08:00:00Z/2026-01-24T09:00:00Z,112233445566,2026-01-01T00:00:00Z,2026-02-01T00:00:00Z,AWS,334455667788,Usage,2026-01-24T08:00:00Z,2026-01-24T09:00:00Z,AmazonEC2,EUWE-BoxUsage:t3.large,RunInstances,eu-west-1a,i-0db7f64baa9ad45bf,1.0,4.0,4.0,0.0832,0.0832,0.084197,0.082339,Hrs,0.0832,0.0832,Amazon Elastic Compute Cloud,t3.large,2,8 GiB,Linux,eu-west-1,AmazonEC2,27.73,37.67,39.32,72,2026-01-21T20:09:21Z,frontend,prod,CC300,,,,,,,,,,,,,
d0ea87df5cc245d9a89dd95e53e7532e,2026-01-24T18:00:00Z/2026-01-24T19:00:00Z,112233445566,2026-01-01T00:00:00Z,2026-02-01T00:00:00Z,AWS,334455667788,Usage,2026-01-24T18:00:00Z,2026-01-24T19:00:00Z,AmazonEC2,EUWE-BoxUsage:t3.large,RunInstances,eu-west-1a,i-0db7f64baa9ad45bf,1.0,4.0,4.0,0.0832,0.0832,0.083588,0.081771,Hrs,0.0832,0.0832,Amazon Elastic Compute Cloud,t3.large,2,8 GiB,Linux,eu-west-1,AmazonEC2,35.89,32.99,29.74,32,2026-01-21T04:28:56Z,frontend,prod,CC300,,,,,,,,,,,,,
31ca0d7b325c4769985b8601e53fb00a,2026-01-25T04:00:00Z/2026-01-25T05:00:00Z,112233445566,2026-01-01T00:00:00Z,2026-02-01T00:00:00Z,AWS,334455667788,Usage,2026-01-25T04:00:00Z,2026-01-25T05:00:00Z,AmazonEC2,EUWE-BoxUsage:t3.large,RunInstances,eu-west-1a,i-0db7f64baa9ad45bf,1.0,4.0,4.0,0.0832,0.0832,0.080506,0.082377,Hrs,0.0832,0.0832,Amazon Elastic Compute Cloud,t3.large,2,8 GiB,Linux,eu-west-1,AmazonEC2,27.17,51.45,28.72,21,2026-01-21T08:57:08Z,frontend,prod,CC300,,,,,,,,,,,,,
2278320918144cedb37be7c6db513e0f,2026-01-25T14:00:00Z/2026-01-25T15:00:00Z,112233445566,2026-01-01T00:00:00Z,2026-02-01T00:00:00Z,AWS,334455667788,Usage,2026-01-25T14:00:00Z,2026-01-25T15:00:00Z,AmazonEC2,EUWE-BoxUsage:t3.large,RunInstances,eu-west-1a,i-0db7f64baa9ad45bf,1.0,4.0,4.0,0.0832,0.0832,0.086406,0.082194,Hrs,0.0832,0.0832,Amazon Elastic Compute Cloud,t3.large,2,8 GiB,Linux,eu-west-1,AmazonEC2,29.95,35.7,26.36,20,2026-01-23T09:51:43Z,frontend,prod,CC300,,,,,,,,,,,,,
3724789830f94482863332406bb704b5,2026-01-26T00:00:00Z/2026-01-26T01:00:00Z,112233445566,2026-01-01T00:00:00Z,2026-02-01T00:00:00Z,AWS,334455667788,Usage,2026-01-26T00:00:00Z,2026-01-26T01:00:00Z,AmazonEC2,EUWE-BoxUsage:t3.large,RunInstances,eu-west-1a,i-0db7f64baa9ad45bf,1.0,4.0,4.0,0.0832,0.0832,0.084331,0.082811,Hrs,0.0832,0.0832,Amazon Elastic Compute Cloud,t3.large,2,8 GiB,Linux,eu-west-1,AmazonEC2,23.87,39.31,38.5,61,2026-01-22T21:19:45Z,frontend,prod,CC300,,,,,,,,,,,,,
7a6f9336e74a4deca7b1bd5624d0226f,2026-01-26T10:00:00Z/2026-01-26T11:00:00Z,112233445566,2026-01-01T00:00:00Z,2026-02-01T00:00:00Z,AWS,334455667788,Usage,2026-01-26T10:00:00Z,2026-01-26T11:00:00Z,AmazonEC2,EUWE-BoxUsage:t3.large,RunInstances,eu-west-1a,i-0db7f64baa9ad45bf,1.0,4.0,4.0,0.0832,0.0832,0.087278,0.087046,Hrs,0.0832,0.0832,Amazon Elastic Compute Cloud,t3.large,2,8 GiB,Linux,eu-west-1,AmazonEC2,31.04,39.8,40.51,52,2026-01-22T05:21:40Z,frontend,prod,CC300,,,,,,,,,,,,,
eb44e93700ba47fe915a4c9a788e4995,2026-01-26T20:00:00Z/2026-01-26T21:00:00Z,112233445566,2026-01-01T00:00:00Z,2026-02-01T00:00:00Z,AWS,334455667788,Usage,2026-01-26T20:00:00Z,2026-01-26T21:00:00Z,AmazonEC2,EUWE-BoxUsage:t3.large,RunInstances,eu-west-1a,i-0db7f64baa9ad45bf,1.0,4.0,4.0,0.0832,0.0832,0.080372,0.086753,Hrs,0.0832,0.0832,Amazon Elastic Compute Cloud,t3.large,2,8 GiB,Linux,eu-west-1,AmazonEC2,36.17,34.99,26.14,32,2026-01-25T12:39:13Z,frontend,prod,CC300,,,,,,,,,,,,,
7ee9b2ae358c4d30adf9930498e22a00,2026-01-27T06:00:00Z/2026-01-27T07:00:00Z,112233445566,2026-01-01T00:00:00Z,2026-02-01T00:00:00Z,AWS,334455667788,Usage,2026-01-27T06:00:00Z,2026-01-27T07:00:00Z,AmazonEC2,EUWE-BoxUsage:t3.large,RunInstances,eu-west-1a,i-0db7f64baa9ad45bf,1.0,4.0,4.0,0.0832,0.0832,0.0853,0.079333,Hrs,0.0832,0.0832,Amazon Elastic Compute Cloud,t3.large,2,8 GiB,Linux,eu-west-1,AmazonEC2,40.83,48.66,27.99,68,2026-01-24T19:00:05Z,frontend,prod,CC300,,,,,,,,,,,,,
eb2a5148c0644c84ba83e00a5e71fe64,2026-01-27T16:00:00Z/2026-01-27T17:00:00Z,112233445566,2026-01-01T00:00:00Z,2026-02-01T00:00:00Z,AWS,334455667788,Usage,2026-01-27T16:00:00Z,2026-01-27T17:00:00Z,AmazonEC2,EUWE-BoxUsage:t3.large,RunInstances,eu-west-1a,i-0db7f64baa9ad45bf,1.0,4.0,4.0,0.0832,0.0832,0.086288,0.086436,Hrs,0.0832,0.0832,Amazon Elastic Compute Cloud,t3.large,2,8 GiB,Linux,eu-west-1,AmazonEC2,33.95,40.8,20.96,69,2026-01-25T14:50:53Z,frontend,prod,CC300,,,,,,,,,,,,,
f45ccc9e707c45b6b8a9d3c726ef91d2,2026-01-28T02:00:00Z/2026-01-28T03:00:00Z,112233445566,2026-01-01T00:00:00Z,2026-02-01T00:00:00Z,AWS,334455667788,Usage,2026-01-28T02:00:00Z,2026-01-28T03:00:00Z,AmazonEC2,EUWE-BoxUsage:t3.large,RunInstances,eu-west-1a,i-0db7f64baa9ad45bf,1.0,4.0,4.0,0.0832,0.0832,0.086864,0.080976,Hrs,0.0832,0.0832,Amazon Elastic Compute Cloud,t3.large,2,8 GiB,Linux,eu-west-1,AmazonEC2,39.91,35.01,30.33,55,2026-01-25T05:38:45Z,frontend,prod,CC300,,,,,,,,,,,,,
1749a4afbb054b6fa2c99fc02b50e425,2026-01-28T12:00:00Z/2026-01-28T13:00:00Z,112233445566,2026-01-01T00:00:00Z,2026-02-01T00:00:00Z,AWS,334455667788,Usage,2026-01-28T12:00:00Z,2026-01-28T13:00:00Z,AmazonEC2,EUWE-BoxUsage:t3.large,RunInstances,eu-west-1a,i-0db7f64baa9ad45bf,1.0,4.0,4.0,0.0832,0.0832,0.087103,0.081971,Hrs,0.0832,0.0832,Amazon Elastic Compute Cloud,t3.large,2,8 GiB,Linux,eu-west-1,AmazonEC2,27.51,45.01,39.66,34,2026-01-25T13:21:39Z,frontend,prod,CC300,,,,,,,,,,,,,
57d2df213eeb4d4cab34cd61261a5584,2026-01-28T22:00:00Z/2026-01-28T23:00:00Z,112233445566,2026-01-01T00:00:00Z,2026-02-01T00:00:00Z,AWS,334455667788,Usage,2026-01-28T22:00:00Z,2026-01-28T23:00:00Z,AmazonEC2,EUWE-BoxUsage:t3.large,RunInstances,eu-west-1a,i-0db7f64baa9ad45bf,1.0,4.0,4.0,0.0832,0.0832,0.086616,0.083236,Hrs,0.0832,0.0832,Amazon Elastic Compute Cloud,t3.large,2,8 GiB,Linux,eu-west-1,AmazonEC2,24.82,41.17,37.58,67,2026-01-24T19:45:57Z,frontend,prod,CC300,,,,,,,,,,,,,
5411ac53f5de40cebbe46089df136a53,2026-01-29T08:00:00Z/2026-01-29T09:00:00Z,112233445566,2026-01-01T00:00:00Z,2026-02-01T00:00:00Z,AWS,334455667788,Usage,2026-01-29T08:00:00Z,2026-01-29T09:00:00Z,AmazonEC2,EUWE-BoxUsage:t3.large,RunInstances,eu-west-1a,i-0db7f64baa9ad45bf,1.0,4.0,4.0,0.0832,0.0832,0.083255,0.081397,Hrs,0.0832,0.0832,Amazon Elastic Compute Cloud,t3.large,2,8 GiB,Linux,eu-west-1,AmazonEC2,36.39,32.54,23.75,28,2026-01-25T22:00:01Z,frontend,prod,CC300,,,,,,,,,,,,,
043b6eff09d642b6aae7fd2ab302ec92,2026-01-29T18:00:00Z/2026-01-29T19:00:00Z,112233445566,2026-01-01T00:00:00Z,2026-02-01T00:00:00Z,AWS,334455667788,Usage,2026-01-29T18:00:00Z,2026-01-29T19:00:00Z,AmazonEC2,EUWE-BoxUsage:t3.large,RunInstances,eu-west-1a,i-0db7f64baa9ad45bf,1.0,4.0,4.0,0.0832,0.0832,0.087193,0.080422,Hrs,0.0832,0.0832,Amazon Elastic Compute Cloud,t3.large,2,8 GiB,Linux,eu-west-1,AmazonEC2,40.21,30.37,24.17,52,2026-01-28T04:49:41Z,frontend,prod,CC300,,,,,,,,,,,,,
efc1bc4068274343a6f27c3036702c90,2026-01-30T04:00:00Z/2026-01-30T05:00:00Z,112233445566,2026-01-01T00:00:00Z,2026-02-01T00:00:00Z,AWS,334455667788,Usage,2026-01-30T04:00:00Z,2026-01-30T05:00:00Z,AmazonEC2,EUWE-BoxUsage:t3.large,RunInstances,eu-west-1a,i-0db7f64baa9ad45bf,1.0,4.0,4.0,0.0832,0.0832,0.081932,0.081503,Hrs,0.0832,0.0832,Amazon Elastic Compute Cloud,t3.large,2,8 GiB,Linux,eu-west-1,AmazonEC2,29.04,40.62,23.37,49,2026-01-26T01:46:57Z,frontend,prod,CC300,,,,,,,,,,,,,
447c564f315c4b70970fa09e649c447d,2026-01-30T14:00:00Z/2026-01-30T15:00:00Z,112233445566,2026-01-01T00:00:00Z,2026-02-01T00:00:00Z,AWS,334455667788,Usage,2026-01-30T14:00:00Z,2026-01-30T15:00:00Z,AmazonEC2,EUWE-BoxUsage:t3.large,RunInstances,eu-west-1a,i-0db7f64baa9ad45bf,1.0,4.0,4.0,0.0832,0.0832,0.086426,0.081287,Hrs,0.0832,0.0832,Amazon Elastic Compute Cloud,t3.large,2,8 GiB,Linux,eu-west-1,AmazonEC2,41.62,41.73,18.01,36,2026-01-28T20:08:42Z,frontend,prod,CC300,,,,,,,,,,,,,
fa7fd9d55a9d4e56979716a9496b59f8,2026-01-01T00:00:00Z/2026-01-01T01:00:00Z,112233445566,2026-01-01T00:00:00Z,2026-02-01T00:00:00Z,AWS,334455667788,Usage,2026-01-01T00:00:00Z,2026-01-01T01:00:00Z,AmazonEC2,EUWE-BoxUsage:t3.large,RunInstances,eu-west-1a,i-084e1f4d794744253,1.0,4.0,4.0,0.0832,0.0832,0.085604,0.085954,Hrs,0.0832,0.0832,Amazon Elastic Compute Cloud,t3.large,2,8 GiB,Linux,eu-west-1,AmazonEC2,31.61,36.11,28.52,49,2025-12-28T06:48:16Z,frontend,prod,CC300,,,,,,,,,,,,,
417850d152b2418fa2afa3075248027f,2026-01-01T10:00:00Z/2026-01-01T11:00:00Z,112233445566,2026-01-01T00:00:00Z,2026-02-01T00:00:00Z,AWS,334455667788,Usage,2026-01-01T10:00:00Z,2026-01-01T11:00:00Z,AmazonEC2,EUWE-BoxUsage:t3.large,RunInstances,eu-west-1a,i-084e1f4d794744253,1.0,4.0,4.0,0.0832,0.0832,0.08636,0.084882,Hrs,0.0832,0.0832,Amazon Elastic Compute Cloud,t3.large,2,8 GiB,Linux,eu-west-1,AmazonEC2,25.9,38.32,29.43,18,2025-12-28T08:32:05Z,frontend,prod,CC300,,,,,,,,,,,,,
40f7de1404074becbc11901972a65b21,2026-01-01T20:00:00Z/2026-01-01T21:00:00Z,112233445566,2026-01-01T00:00:00Z,2026-02-01T00:00:00Z,AWS,334455667788,Usage,2026-01-01T20:00:00Z,2026-01-01T21:00:00Z,AmazonEC2,EUWE-BoxUsage:t3.large,RunInstances,eu-west-1a,i-084e1f4d794744253,1.0,4.0,4.0,0.0832,0.0832,0.082738,0.080488,Hrs,0.0832,0.0832,Amazon Elastic Compute Cloud,t3.large,2,8 GiB,Linux,eu-west-1,AmazonEC2,35.59,29.38,20.38,36,2025-12-30T15:43:07Z,frontend,prod,CC300,,,,,,,,,,,,,
5f152332f01241778a6e072448b7d546,2026-01-02T06:00:00Z/2026-01-02T07:00:00Z,112233445566,2026-01-01T00:00:00Z,2026-02-01T00:00:00Z,AWS,334455667788,Usage,2026-01-02T06:00:00Z,2026-01-02T07:00:00Z,AmazonEC2,EUWE-BoxUsage:t3.large,RunInstances,eu-west-1a,i-084e1f4d794744253,1.0,4.0,4.0,0.0832,0.0832,0.086725,0.081024,Hrs,0.0832,0.0832,Amazon Elastic Compute Cloud,t3.large,2,8 GiB,Linux,eu-west-1,AmazonEC2,25.56,33.19,37.4,43,2025-12-30T07:22:40Z,frontend,prod,CC300,,,,,,,,,,,,,
5e50995d31cb4780960d1c08447e0b24,2026-01-02T16:00:00Z/2026-01-02T17:00:00Z,112233445566,2026-01-01T00:00:00Z,2026-02-01T00:00:00Z,AWS,334455667788,Usage,2026-01-02T16:00:00Z,2026-01-02T17:00:00Z,AmazonEC2,EUWE-BoxUsage:t3.large,RunInstances,eu-west-1a,i-084e1f4d794744253,1.0,4.0,4.0,0.0832,0.0832,0.080619,0.084507,Hrs,0.0832,0.0832,Amazon Elastic Compute Cloud,t3.large,2,8 GiB,Linux,eu-west-1,AmazonEC2,39.26,45.38,37.68,63,2025-12-30T09:49:25Z,frontend,prod,CC300,,,,,,,,,,,,,
09302c86e7014d009bf38f833365063d,2026-01-03T02:00:00Z/2026-01-03T03:00:00Z,112233445566,2026-01-01T00:00:00Z,2026-02-01T00:00:00Z,AWS,334455667788,Usage,2026-01-03T02:00:00Z,2026-01-03T03:00:00Z,AmazonEC2,EUWE-BoxUsage:t3.large,RunInstances,eu-west-1a,i-084e1f4d794744253,1.0,4.0,4.0,0.0832,0.0832,0.085227,0.085031,Hrs,0.0832,0.0832,Amazon Elastic Compute Cloud,t3.large,2,8 GiB,Linux,eu-west-1,AmazonEC2,35.54,38.91,40.73,44,2025-12-30T22:36:22Z,frontend,prod,CC300,,,,,,,,,,,,,
eb6e11c76ba248378f4d7850bef62bba,2026-01-03T12:00:00Z/2026-01-03T13:00:00Z,112233445566,2026-01-01T00:00:00Z,2026-02-01T00:00:00Z,AWS,334455667788,Usage,2026-01-03T12:00:00Z,2026-01-03T13:00:00Z,AmazonEC2,EUWE-BoxUsage:t3.large,RunInstances,eu-west-1a,i-084e1f4d794744253,1.0,4.0,4.0,0.0832,0.0832,0.080063,0.083324,Hrs,0.0832,0.0832,Amazon Elastic Compute Cloud,t3.large,2,8 GiB,Linux,eu-west-1,AmazonEC2,32.57,32.03,19.64,61,2026-01-01T03:18:16Z,frontend,prod,CC300,,,,,,,,,,,,,
38e6b235d7d544f0b86fc4e90b8cda91,2026-01-03T22:00:00Z/2026-01-03T23:00:00Z,112233445566,2026-01-01T00:00:00Z,2026-02-01T00:00:00Z,AWS,334455667788,Usage,2026-01-03T22:00:00Z,2026-01-03T23:00:00Z,AmazonEC2,EUWE-BoxUsage:t3.large,RunInstances,eu-west-1a,i-084e1f4d794744253,1.0,4.0,4.0,0.0832,0.0832,0.083995,0.085743,Hrs,0.0832,0.0832,Amazon Elastic Compute Cloud,t3.large,2,8 GiB,Linux,eu-west-1,AmazonEC2,29.97,47.87,19.33,53,2026-01-02T09:50:20Z,frontend,prod,CC300,,,,,,,,,,,,,
936c0319ff104308855bebf3c58d74a5,2026-01-04T08:00:00Z/2026-01-04T09:00:00Z,112233445566,2026-01-01T00:00:00Z,2026-02-01T00:00:00Z,AWS,334455667788,Usage,2026-01-04T08:00:00Z,2026-01-04T09:00:00Z,AmazonEC2,EUWE-BoxUsage:t3.large,RunInstances,eu-west-1a,i-084e1f4d794744253,1.0,4.0,4.0,0.0832,0.0832,0.085672,0.080532,Hrs,0.0832,0.0832,Amazon Elastic Compute Cloud,t3.large,2,8 GiB,Linux,eu-west-1,AmazonEC2,35.38,41.49,29.56,45,2026-01-02T02:45:36Z,frontend,prod,CC300,,,,,,,,,,,,,
70b3b4662583423a84792b0cd1dc603b,2026-01-04T18:00:00Z/2026-01-04T19:00:00Z,112233445566,2026-01-01T00:00:00Z,2026-02-01T00:00:00Z,AWS,334455667788,Usage,2026-01-04T18:00:00Z,2026-01-04T19:00:00Z,AmazonEC2,EUWE-BoxUsage:t3.large,RunInstances,eu-west-1a,i-084e1f4d794744253,1.0,4.0,4.0,0.0832,0.0832,0.086299,0.08477,Hrs,0.0832,0.0832,Amazon Elastic Compute Cloud,t3.large,2,8 GiB,Linux,eu-west-1,AmazonEC2,25.36,44.67,29.95,25,2026-01-02T23:36:59Z,frontend,prod,CC300,,,,,,,,,,,,,
efc4cb0433594fabac8728bf5363271b,2026-01-05T04:00:00Z/2026-01-05T05:00:00Z,112233445566,2026-01-01T00:00:00Z,2026-02-01T00:00:00Z,AWS,334455667788,Usage,2026-01-05T04:00:00Z,2026-01-05T05:00:00Z,AmazonEC2,EUWE-BoxUsage:t3.large,RunInstances,eu-west-1a,i-084e1f4d794744253,1.0,4.0,4.0,0.0832,0.0832,0.080684,0.086184,Hrs,0.0832,0.0832,Amazon Elastic Compute Cloud,t3.large,2,8 GiB,Linux,eu-west-1,AmazonEC2,39.98,32.7,39.82,53,2026-01-01T20:30:02Z,frontend,prod,CC300,,,,,,,,,,,,,
0da8747cb67947e5984930ade8aeee7c,2026-01-05T14:00:00Z/2026-01-05T15:00:00Z,112233445566,2026-01-01T00:00:00Z,2026-02-01T00:00:00Z,AWS,334455667788,Usage,2026-01-05T14:00:00Z,2026-01-05T15:00:00Z,AmazonEC2,EUWE-BoxUsage:t3.large,RunInstances,eu-west-1a,i-084e1f4d794744253,1.0,4.0,4.0,0.0832,0.0832,0.084359,0.085825,Hrs,0.0832,0.0832,Amazon Elastic Compute Cloud,t3.large,2,8 GiB,Linux,eu-west-1,AmazonEC2,29.18,37.13,25.25,25,2026-01-03T23:02:42Z,frontend,prod,CC300,,,,,,,,,,,,,
76a5ac165085438788aa64d237d0a962,2026-01-06T00:00:00Z/2026-01-06T01:00:00Z,112233445566,2026-01-01T00:00:00Z,2026-02-01T00:00:00Z,AWS,334455667788,Usage,2026-01-06T00:00:00Z,2026-01-06T01:00:00Z,AmazonEC2,EUWE-BoxUsage:t3.large,RunInstances,eu-west-1a,i-084e1f4d794744253,1.0,4.0,4.0,0.0832,0.0832,0.079795,0.081344,Hrs,0.0832,0.0832,Amazon Elastic Compute Cloud,t3.large,2,8 GiB,Linux,eu-west-1,AmazonEC2,41.91,28.55,25.23,41,2026-01-03T02:55:37Z,frontend,prod,CC300,,,,,,,,,,,,,
37b586a1cf0349b0b8dee9f9dd586ad3,2026-01-06T10:00:00Z/2026-01-06T11:00:00Z,112233445566,2026-01-01T00:00:00Z,2026-02-01T00:00:00Z,AWS,334455667788,Usage,2026-01-06T10:00:00Z,2026-01-06T11:00:00Z,AmazonEC2,EUWE-BoxUsage:t3.large,RunInstances,eu-west-1a,i-084e1f4d794744253,1.0,4.0,4.0,0.0832,0.0832,0.083052,0.081398,Hrs,0.0832,0.0832,Amazon Elastic Compute Cloud,t3.large,2,8 GiB,Linux,eu-west-1,AmazonEC2,25.33,51.98,22.0,59,2026-01-03T19:51:03Z,frontend,prod,CC300,,,,,,,,,,,,,
81fc603746044a97a9285834d1adf677,2026-01-06T20:00:00Z/2026-01-06T21:00:00Z,112233445566,2026-01-01T00:00:00Z,2026-02-01T00:00:00Z,AWS,334455667788,Usage,2026-01-06T20:00:00Z,2026-01-06T21:00:00Z,AmazonEC2,EUWE-BoxUsage:t3.large,RunInstances,eu-west-1a,i-084e1f4d794744253,1.0,4.0,4.0,0.0832,0.0832,0.08545,0.083827,Hrs,0.0832,0.0832,Amazon Elastic Compute Cloud,t3.large,2,8 GiB,Linux,eu-west-1,AmazonEC2,34.58,40.6,18.89,28,2026-01-03T00:06:59Z,frontend,prod,CC300,,,,,,,,,,,,,
a90a3b4a65a246bcb02ca3e79864ef65,2026-01-07T06:00:00Z/2026-01-07T07:00:00Z,112233445566,2026-01-01T00:00:00Z,2026-02-01T00:00:00Z,AWS,334455667788,Usage,2026-01-07T06:00:00Z,2026-01-07T07:00:00Z,AmazonEC2,EUWE-BoxUsage:t3.large,RunInstances,eu-west-1a,i-084e1f4d794744253,1.0,4.0,4.0,0.0832,0.0832,0.081311,0.085539,Hrs,0.0832,0.0832,Amazon Elastic Compute Cloud,t3.large,2,8 GiB,Linux,eu-west-1,AmazonEC2,35.03,41.7,28.45,27,2026-01-05T22:25:52Z,frontend,prod,CC300,,,,,,,,,,,,,
d8fa4650bedf4eb0807c214484baadb2,2026-01-07T16:00:00Z/2026-01-07T17:00:00Z,112233445566,2026-01-01T00:00:00Z,2026-02-01T00:00:00Z,AWS,334455667788,Usage,2026-01-07T16:00:00Z,2026-01-07T17:00:00Z,AmazonEC2,EUWE-BoxUsage:t3.large,RunInstances,eu-west-1a,i-084e1f4d794744253,1.0,4.0,4.0,0.0832,0.0832,0.085735,0.087271,Hrs,0.0832,0.0832,Amazon Elastic Compute Cloud,t3.large,2,8 GiB,Linux,eu-west-1,AmazonEC2,26.83,28.64,40.98,49,2026-01-03T06:22:19Z,frontend,prod,CC300,,,,,,,,,,,,,
9a0421e9d7ae4668aafa08e289eeaeaf,2026-01-08T02:00:00Z/2026-01-08T03:00:00Z,112233445566,2026-01-01T00:00:00Z,2026-02-01T00:00:00Z,AWS,334455667788,Usage,2026-01-08T02:00:00Z,2026-01-08T03:00:00Z,AmazonEC2,EUWE-BoxUsage:t3.large,RunInstances,eu-west-1a,i-084e1f4d794744253,1.0,4.0,4.0,0.0832,0.0832,0.082632,0.085312,Hrs,0.0832,0.0832,Amazon Elastic Compute Cloud,t3.large,2,8 GiB,Linux,eu-west-1,AmazonEC2,28.88,43.32,21.46,44,2026-01-03T12:03:18Z,frontend,prod,CC300,,,,,,,,,,,,,
bc8315889acf40cc91731bc165654f47,2026-01-08T12:00:00Z/2026-01-08T13:00:00Z,112233445566,2026-01-01T00:00:00Z,2026-02-01T00:00:00Z,AWS,334455667788,Usage,2026-01-08T12:00:00Z,2026-01-08T13:00:00Z,AmazonEC2,EUWE-BoxUsage:t3.large,RunInstances,eu-west-1a,i-084e1f4d794744253,1.0,4.0,4.0,0.0832,0.0832,0.082736,0.083058,Hrs,0.0832,0.0832,Amazon Elastic Compute Cloud,t3.large,2,8 GiB,Linux,eu-west-1,AmazonEC2,35.59,31.12,26.84,34,2026-01-04T04:40:34Z,frontend,prod,CC300,,,,,,,,,,,,,
41c13f02fd1b4a73bc4c0cc3275fed40,2026-01-08T22:00:00Z/2026-01-08T23:00:00Z,112233445566,2026-01-01T00:00:00Z,2026-02-01T00:00:00Z,AWS,334455667788,Usage,2026-01-08T22:00:00Z,2026-01-08T23:00:00Z,AmazonEC2,EUWE-BoxUsage:t3.large,RunInstances,eu-west-1a,i-084e1f4d794744253,1.0,4.0,4.0,0.0832,0.0832,0.081558,0.079419,Hrs,0.0832,0.0832,Amazon Elastic Compute Cloud,t3.large,2,8 GiB,Linux,eu-west-1,AmazonEC2,34.94,39.9,38.13,68,2026-01-06T22:16:34Z,frontend,prod,CC300,,,,,,,,,,,,,
cd7de2cb0cfc4a2491826ab7f9ab11fe,2026-01-09T08:00:00Z/2026-01-09T09:00:00Z,112233445566,2026-01-01T00:00:00Z,2026-02-01T00:00:00Z,AWS,334455667788,Usage,2026-01-09T08:00:00Z,2026-01-09T09:00:00Z,AmazonEC2,EUWE-BoxUsage:t3.large,RunInstances,eu-west-1a,i-084e1f4d794744253,1.0,4.0,4.0,0.0832,0.0832,0.080708,0.080188,Hrs,0.0832,0.0832,Amazon Elastic Compute Cloud,t3.large,2,8 GiB,Linux,eu-west-1,AmazonEC2,32.51,45.86,26.82,45,2026-01-05T16:49:58Z,frontend,prod,CC300,,,,,,,,,,,,,
99fa20917e5e4f9d8495c614498a0ad2,2026-01-09T18:00:00Z/2026-01-09T19:00:00Z,112233445566,2026-01-01T00:00:00Z,2026-02-01T00:00:00Z,AWS,334455667788,Usage,2026-01-09T18:00:00Z,2026-01-09T19:00:00Z,AmazonEC2,EUWE-BoxUsage:t3.large,RunInstances,eu-west-1a,i-084e1f4d794744253,1.0,4.0,4.0,0.0832,0.0832,0.08161,0.081873,Hrs,0.0832,0.0832,Amazon Elastic Compute Cloud,t3.large,2,8 GiB,Linux,eu-west-1,AmazonEC2,34.6,34.29,31.44,25,2026-01-06T18:01:22Z,frontend,prod,CC300,,,,,,,,,,,,,
bd42aa04bb6645a39feaf17c4d86acc4,2026-01-10T04:00:00Z/2026-01-10T05:00:00Z,112233445566,2026-01-01T00:00:00Z,2026-02-01T00:00:00Z,AWS,334455667788,Usage,2026-01-10T04:00:00Z,2026-01-10T05:00:00Z,AmazonEC2,EUWE-BoxUsage:t3.large,RunInstances,eu-west-1a,i-084e1f4d794744253,1.0,4.0,4.0,0.0832,0.0832,0.086236,0.081477,Hrs,0.0832,0.0832,Amazon Elastic Compute Cloud,t3.large,2,8 GiB,Linux,eu-west-1,AmazonEC2,30.41,46.12,23.82,70,2026-01-05T19:04:46Z,frontend,prod,CC300,,,,,,,,,,,,,
b84b9a77ac5249f1ba2eec029c15a58a,2026-01-10T14:00:00Z/2026-01-10T15:00:00Z,112233445566,2026-01-01T00:00:00Z,2026-02-01T00:00:00Z,AWS,334455667788,Usage,2026-01-10T14:00:00Z,2026-01-10T15:00:00Z,AmazonEC2,EUWE-BoxUsage:t3.large,RunInstances,eu-west-1a,i-084e1f4d794744253,1.0,4.0,4.0,0.0832,0.0832,0.083748,0.079778,Hrs,0.0832,0.0832,Amazon Elastic Compute Cloud,t3.large,2,8 GiB,Linux,eu-west-1,AmazonEC2,31.02,44.57,30.5,47,2026-01-08T21:34:28Z,frontend,prod,CC300,,,,,,,,,,,,,
3191ee71e9e24b478c6e613226883c0a,2026-01-11T00:00:00Z/2026-01-11T01:00:00Z,112233445566,2026-01-01T00:00:00Z,2026-02-01T00:00:00Z,AWS,334455667788,Usage,2026-01-11T00:00:00Z,2026-01-11T01:00:00Z,AmazonEC2,EUWE-BoxUsage:t3.large,RunInstances,eu-west-1a,i-084e1f4d794744253,1.0,4.0,4.0,0.0832,0.0832,0.082416,0.085455,Hrs,0.0832,0.0832,Amazon Elastic Compute Cloud,t3.large,2,8 GiB,Linux,eu-west-1,AmazonEC2,25.45,33.79,38.79,64,2026-01-09T06:36:09Z,frontend,prod,CC300,,,,,,,,,,,,,
de86a87e38f7427a8ce9e5020bdab5ec,2026-01-11T10:00:00Z/2026-01-11T11:00:00Z,112233445566,2026-01-01T00:00:00Z,2026-02-01T00:00:00Z,AWS,334455667788,Usage,2026-01-11T10:00:00Z,2026-01-11T11:00:00Z,AmazonEC2,EUWE-BoxUsage:t3.large,RunInstances,eu-west-1a,i-084e1f4d794744253,1.0,4.0,4.0,0.0832,0.0832,0.084246,0.079814,Hrs,0.0832,0.0832,Amazon Elastic Compute Cloud,t3.large,2,8 GiB,Linux,eu-west-1,AmazonEC2,25.12,37.31,38.83,67,2026-01-09T05:43:52Z,frontend,prod,CC300,,,,,,,,,,,,,
2d558236e50740cdbdb109209f0d266f,2026-01-11T20:00:00Z/2026-01-11T21:00:00Z,112233445566,2026-01-01T00:00:00Z,2026-02-01T00:00:00Z,AWS,334455667788,Usage,2026-01-11T20:00:00Z,2026-01-11T21:00:00Z,AmazonEC2,EUWE-BoxUsage:t3.large,RunInstances,eu-west-1a,i-084e1f4d794744253,1.0,4.0,4.0,0.0832,0.0832,0.07975,0.082689,Hrs,0.0832,0.0832,Amazon Elastic Compute Cloud,t3.large,2,8 GiB,Linux,eu-west-1,AmazonEC2,38.79,38.47,29.03,34,2026-01-08T00:28:08Z,frontend,prod,CC300,,,,,,,,,,,,,
822f899909c541f5870f7b463390dc28,2026-01-12T06:00:00Z/2026-01-12T07:00:00Z,112233445566,2026-01-01T00:00:00Z,2026-02-01T00:00:00Z,AWS,334455667788,Usage,2026-01-12T06:00:00Z,2026-01-12T07:00:00Z,AmazonEC2,EUWE-BoxUsage:t3.large,RunInstances,eu-west-1a,i-084e1f4d794744253,1.0,4.0,4.0,0.0832,0.0832,0.079628,0.084829,Hrs,0.0832,0.0832,Amazon Elastic Compute Cloud,t3.large,2,8 GiB,Linux,eu-west-1,AmazonEC2,30.42,48.45,34.61,54,2026-01-08T17:51:25Z,frontend,prod,CC300,,,,,,,,,,,,,
6157a7df01134ae9955baa099d79629e,2026-01-12T16:00:00Z/2026-01-12T17:00:00Z,112233445566,2026-01-01T00:00:00Z,2026-02-01T00:00:00Z,AWS,334455667788,Usage,2026-01-12T16:00:00Z,2026-01-12T17:00:00Z,AmazonEC2,EUWE-BoxUsage:t3.large,RunInstances,eu-west-1a,i-084e1f4d794744253,1.0,4.0,4.0,0.0832,0.0832,0.086342,0.079781,Hrs,0.0832,0.0832,Amazon Elastic Compute Cloud,t3.large,2,8 GiB,Linux,eu-west-1,AmazonEC2,34.78,32.78,33.86,32,2026-01-10T00:53:46Z,frontend,prod,CC300,,,,,,,,,,,,,
866e0f39a36d422eb60b5b31cdb884c8,2026-01-13T02:00:00Z/2026-01-13T03:00:00Z,112233445566,2026-01-01T00:00:00Z,2026-02-01T00:00:00Z,AWS,334455667788,Usage,2026-01-13T02:00:00Z,2026-01-13T03:00:00Z,AmazonEC2,EUWE-BoxUsage:t3.large,RunInstances,eu-west-1a,i-084e1f4d794744253,1.0,4.0,4.0,0.0832,0.0832,0.080277,0.082465,Hrs,0.0832,0.0832,Amazon Elastic Compute Cloud,t3.large,2,8 GiB,Linux,eu-west-1,AmazonEC2,33.81,50.18,23.75,62,2026-01-10T03:17:25Z,frontend,prod,CC300,,,,,,,,,,,,,
3eb8aadcbcd3452d80150c7e2110aea0,2026-01-13T12:00:00Z/2026-01-13T13:00:00Z,112233445566,2026-01-01T00:00:00Z,2026-02-01T00:00:00Z,AWS,334455667788,Usage,2026-01-13T12:00:00Z,2026-01-13T13:00:00Z,AmazonEC2,EUWE-BoxUsage:t3.large,RunInstances,eu-west-1a,i-084e1f4d794744253,1.0,4.0,4.0,0.0832,0.0832,0.082716,0.085876,Hrs,0.0832,0.0832,Amazon Elastic Compute Cloud,t3.large,2,8 GiB,Linux,eu-west-1,AmazonEC2,28.58,34.55,26.56,38,2026-01-10T07:13:07Z,frontend,prod,CC300,,,,,,,,,,,,,
e1d2cb10eb47488f86be53cbce16628d,2026-01-13T22:00:00Z/2026-01-13T23:00:00Z,112233445566,2026-01-01T00:00:00Z,2026-02-01T00:00:00Z,AWS,334455667788,Usage,2026-01-13T22:00:00Z,2026-01-13T23:00:00Z,AmazonEC2,EUWE-BoxUsage:t3.large,RunInstances,eu-west-1a,i-084e1f4d794744253,1.0,4.0,4.0,0.0832,0.0832,0.087211,0.083076,Hrs,0.0832,0.0832,Amazon Elastic Compute Cloud,t3.large,2,8 GiB,Linux,eu-west-1,AmazonEC2,25.8,43.93,28.6,25,2026-01-11T21:32:16Z,frontend,prod,CC300,,,,,,,,,,,,,
09e49c8142694733a9e43f1ade1433a8,2026-01-14T08:00:00Z/2026-01-14T09:00:00Z,112233445566,2026-01-01T00:00:00Z,2026-02-01T00:00:00Z,AWS,334455667788,Usage,2026-01-14T08:00:00Z,2026-01-14T09:00:00Z,AmazonEC2,EUWE-BoxUsage:t3.large,RunInstances,eu-west-1a,i-084e1f4d794744253,1.0,4.0,4.0,0.0832,0.0832,0.085087,0.079922,Hrs,0.0832,0.0832,Amazon Elastic Compute Cloud,t3.large,2,8 GiB,Linux,eu-west-1,AmazonEC2,32.05,39.8,21.98,37,2026-01-12T09:25:15Z,frontend,prod,CC300,,,,,,,,,,,,,
2fe175bd1c5248ac87f836971eb29c6d,2026-01-14T18:00:00Z/2026-01-14T19:00:00Z,112233445566,2026-01-01T00:00:00Z,2026-02-01T00:00:00Z,AWS,334455667788,Usage,2026-01-14T18:00:00Z,2026-01-14T19:00:00Z,AmazonEC2,EUWE-BoxUsage:t3.large,RunInstances,eu-west-1a,i-084e1f4d794744253,1.0,4.0,4.0,0.0832,0.0832,0.084188,0.080791,Hrs,0.0832,0.0832,Amazon Elastic Compute Cloud,t3.large,2,8 GiB,Linux,eu-west-1,AmazonEC2,38.9,43.38,37.35,16,2026-01-12T17:35:37Z,frontend,prod,CC300,,,,,,,,,,,,,
acdaeb600b854e5aabbf2be3ae43d03d,2026-01-15T04:00:00Z/2026-01-15T05:00:00Z,112233445566,2026-01-01T00:00:00Z,2026-02-01T00:00:00Z,AWS,334455667788,Usage,2026-01-15T04:00:00Z,2026-01-15T05:00:00Z,AmazonEC2,EUWE-BoxUsage:t3.large,RunInstances,eu-west-1a,i-084e1f4d794744253,1.0,4.0,4.0,0.0832,0.0832,0.085696,0.081451,Hrs,0.0832,0.0832,Amazon Elastic Compute Cloud,t3.large,2,8 GiB,Linux,eu-west-1,AmazonEC2,28.41,31.78,32.49,38,2026-01-11T09:17:11Z,frontend,prod,CC300,,,,,,,,,,,,,
886682e5a0ef41f6afca7c378b1c09c4,2026-01-15T14:00:00Z/2026-01-15T15:00:00Z,112233445566,2026-01-01T00:00:00Z,2026-02-01T00:00:00Z,AWS,334455667788,Usage,2026-01-15T14:00:00Z,2026-01-15T15:00:00Z,AmazonEC2,EUWE-BoxUsage:t3.large,RunInstances,eu-west-1a,i-084e1f4d794744253,1.0,4.0,4.0,0.0832,0.0832,0.082084,0.079741,Hrs,0.0832,0.0832,Amazon Elastic Compute Cloud,t3.large,2,8 GiB,Linux,eu-west-1,AmazonEC2,38.59,37.35,34.54,47,2026-01-13T18:56:02Z,frontend,prod,CC300,,,,,,,,,,,,,
6e471fb0e8a84b289479beac94c1684c,2026-01-16T00:00:00Z/2026-01-16T01:00:00Z,112233445566,2026-01-01T00:00:00Z,2026-02-01T00:00:00Z,AWS,334455667788,Usage,2026-01-16T00:00:00Z,2026-01-16T01:00:00Z,AmazonEC2,EUWE-BoxUsage:t3.large,RunInstances,eu-west-1a,i-084e1f4d794744253,1.0,4.0,4.0,0.0832,0.0832,0.080934,0.079766,Hrs,0.0832,0.0832,Amazon Elastic Compute Cloud,t3.large,2,8 GiB,Linux,eu-west-1,AmazonEC2,34.12,30.03,30.24,60,2026-01-13T19:44:23Z,frontend,prod,CC300,,,,,,,,,,,,,
8ae161f3f44b472885c5eaa629725356,2026-01-16T10:00:00Z/2026-01-16T11:00:00Z,112233445566,2026-01-01T00:00:00Z,2026-02-01T00:00:00Z,AWS,334455667788,Usage,2026-01-16T10:00:00Z,2026-01-16T11:00:00Z,AmazonEC2,EUWE-BoxUsage:t3.large,RunInstances,eu-west-1a,i-084e1f4d794744253,1.0,4.0,4.0,0.0832,0.0832,0.081014,0.08192,Hrs,0.0832,0.0832,Amazon Elastic Compute Cloud,t3.large,2,8 GiB,Linux,eu-west-1,AmazonEC2,37.36,40.9,29.46,67,2026-01-13T12:53:11Z,frontend,prod,CC300,,,,,,,,,,,,,
52dd70b28f1d4d84a644adcc355366b8,2026-01-16T20:00:00Z/2026-01-16T21:00:00Z,112233445566,2026-01-01T00:00:00Z,2026-02-01T00:00:00Z,AWS,334455667788,Usage,2026-01-16T20:00:00Z,2026-01-16T21:00:00Z,AmazonEC2,EUWE-BoxUsage:t3.large,RunInstances,eu-west-1a,i-084e1f4d794744253,1.0,4.0,4.0,0.0832,0.0832,0.081649,0.081153,Hrs,0.0832,0.0832,Amazon Elastic Compute Cloud,t3.large,2,8 GiB,Linux,eu-west-1,AmazonEC2,29.68,44.47,39.29,50,2026-01-13T15:12:57Z,frontend,prod,CC300,,,,,,,,,,,,,
6a348a764c174a548d3c073bd9738685,2026-01-17T06:00:00Z/2026-01-17T07:00:00Z,112233445566,2026-01-01T00:00:00Z,2026-02-01T00:00:00Z,AWS,334455667788,Usage,2026-01-17T06:00:00Z,2026-01-17T07:00:00Z,AmazonEC2,EUWE-BoxUsage:t3.large,RunInstances,eu-west-1a,i-084e1f4d794744253,1.0,4.0,4.0,0.0832,0.0832,0.079615,0.08286,Hrs,0.0832,0.0832,Amazon Elastic Compute Cloud,t3.large,2,8 GiB,Linux,eu-west-1,AmazonEC2,33.24,44.57,33.57,28,2026-01-14T22:18:59Z,frontend,prod,CC300,,,,,,,,,,,,,
51a12cd7da944f60a935a60b6c68a7b0,2026-01-17T16:00:00Z/2026-01-17T17:00:00Z,112233445566,2026-01-01T00:00:00Z,2026-02-01T00:00:00Z,AWS,334455667788,Usage,2026-01-17T16:00:00Z,2026-01-17T17:00:00Z,AmazonEC2,EUWE-BoxUsage:t3.large,RunInstances,eu-west-1a,i-084e1f4d794744253,1.0,4.0,4.0,0.0832,0.0832,0.081299,0.082479,Hrs,0.0832,0.0832,Amazon Elastic Compute Cloud,t3.large,2,8 GiB,Linux,eu-west-1,AmazonEC2,41.69,44.25,30.25,55,2026-01-14T19:49:54Z,frontend,prod,CC300,,,,,,,,,,,,,
8db3793c2c64436cb3a4c5542a9ca510,2026-01-18T02:00:00Z/2026-01-18T03:00:00Z,112233445566,2026-01-01T00:00:00Z,2026-02-01T00:00:00Z,AWS,334455667788,Usage,2026-01-18T02:00:00Z,2026-01-18T03:00:00Z,AmazonEC2,EUWE-BoxUsage:t3.large,RunInstances,eu-west-1a,i-084e1f4d794744253,1.0,4.0,4.0,0.0832,0.0832,0.079747,0.080874,Hrs,0.0832,0.0832,Amazon Elastic Compute Cloud,t3.large,2,8 GiB,Linux,eu-west-1,AmazonEC2,25.17,32.26,39.79,24,2026-01-14T18:30:59Z,frontend,prod,CC300,,,,,,,,,,,,,
0163b33c3e4f42c8889a7e8af8c3cdf5,2026-01-18T12:00:00Z/2026-01-18T13:00:00Z,112233445566,2026-01-01T00:00:00Z,2026-02-01T00:00:00Z,AWS,334455667788,Usage,2026-01-18T12:00:00Z,2026-01-18T13:00:00Z,AmazonEC2,EUWE-BoxUsage:t3.large,RunInstances,eu-west-1a,i-084e1f4d794744253,1.0,4.0,4.0,0.0832,0.0832,0.079197,0.081068,Hrs,0.0832,0.0832,Amazon Elastic Compute Cloud,t3.large,2,8 GiB,Linux,eu-west-1,AmazonEC2,22.34,39.52,25.77,26,2026-01-16T18:38:31Z,frontend,prod,CC300,,,,,,,,,,,,,
582cfcb4f02c4ffd9e109177b554c15e,2026-01-18T22:00:00Z/2026-01-18T23:00:00Z,112233445566,2026-01-01T00:00:00Z,2026-02-01T00:00:00Z,AWS,334455667788,Usage,2026-01-18T22:00:00Z,2026-01-18T23:00:00Z,AmazonEC2,EUWE-BoxUsage:t3.large,RunInstances,eu-west-1a,i-084e1f4d794744253,1.0,4.0,4.0,0.0832,0.0832,0.084456,0.081799,Hrs,0.0832,0.0832,Amazon Elastic Compute Cloud,t3.large,2,8 GiB,Linux,eu-west-1,AmazonEC2,41.93,35.18,37.88,66,2026-01-16T08:17:53Z,frontend,prod,CC300,,,,,,,,,,,,,
143a14f01bd84cf7b815fa3b58e70624,2026-01-19T08:00:00Z/2026-01-19T09:00:00Z,112233445566,2026-01-01T00:00:00Z,2026-02-01T00:00:00Z,AWS,334455667788,Usage,2026-01-19T08:00:00Z,2026-01-19T09:00:00Z,AmazonEC2,EUWE-BoxUsage:t3.large,RunInstances,eu-west-1a,i-084e1f4d794744253,1.0,4.0,4.0,0.0832,0.0832,0.082704,0.084018,Hrs,0.0832,0.0832,Amazon Elastic Compute Cloud,t3.large,2,8 GiB,Linux,eu-west-1,AmazonEC2,22.7,38.45,22.9,44,2026-01-17T20:10:39Z,frontend,prod,CC300,,,,,,,,,,,,,
19ae51fefebf4343b062eed14099a0e7,2026-01-19T18:00:00Z/2026-01-19T19:00:00Z,112233445566,2026-01-01T00:00:00Z,2026-02-01T00:00:00Z,AWS,334455667788,Usage,2026-01-19T18:00:00Z,2026-01-19T19:00:00Z,AmazonEC2,EUWE-BoxUsage:t3.large,RunInstances,eu-west-1a,i-084e1f4d794744253,1.0,4.0,4.0,0.0832,0.0832,0.082106,0.081438,Hrs,0.0832,0.0832,Amazon Elastic Compute Cloud,t3.large,2,8 GiB,Linux,eu-west-1,AmazonEC2,23.24,31.06,35.75,21,2026-01-18T00:07:23Z,frontend,prod,CC300,,,,,,,,,,,,,
95d6ab9cff91484eb4aa1d406b16ff3f,2026-01-20T04:00:00Z/2026-01-20T05:00:00Z,112233445566,2026-01-01T00:00:00Z,2026-02-01T00:00:00Z,AWS,334455667788,Usage,2026-01-20T04:00:00Z,2026-01-20T05:00:00Z,AmazonEC2,EUWE-BoxUsage:t3.large,RunInstances,eu-west-1a,i-084e1f4d794744253,1.0,4.0,4.0,0.0832,0.0832,0.085612,0.085384,Hrs,0.0832,0.0832,Amazon Elastic Compute Cloud,t3.large,2,8 GiB,Linux,eu-west-1,AmazonEC2,33.23,34.25,41.43,71,2026-01-17T09:39:34Z,frontend,prod,CC300,,,,,,,,,,,,,
a94eb989d9924310a693046817c7d139,2026-01-20T14:00:00Z/2026-01-20T15:00:00Z,112233445566,2026-01-01T00:00:00Z,2026-02-01T00:00:00Z,AWS,334455667788,Usage,2026-01-20T14:00:00Z,2026-01-20T15:00:00Z,AmazonEC2,EUWE-BoxUsage:t3.large,RunInstances,eu-west-1a,i-084e1f4d794744253,1.0,4.0,4.0,0.0832,0.0832,0.080448,0.081572,Hrs,0.0832,0.0832,Amazon Elastic Compute Cloud,t3.large,2,8 GiB,Linux,eu-west-1,AmazonEC2,37.47,29.21,20.66,23,2026-01-19T01:24:41Z,frontend,prod,CC300,,,,,,,,,,,,,
963eb6f0ee81480d97eb3b09845cb850,2026-01-21T00:00:00Z/2026-01-21T01:00:00Z,112233445566,2026-01-01T00:00:00Z,2026-02-01T00:00:00Z,AWS,334455667788,Usage,2026-01-21T00:00:00Z,2026-01-21T01:00:00Z,AmazonEC2,EUWE-BoxUsage:t3.large,RunInstances,eu-west-1a,i-084e1f4d794744253,1.0,4.0,4.0,0.0832,0.0832,0.087204,0.080487,Hrs,0.0832,0.0832,Amazon Elastic Compute Cloud,t3.large,2,8 GiB,Linux,eu-west-1,AmazonEC2,39.03,51.69,33.18,14,2026-01-19T06:49:10Z,frontend,prod,CC300,,,,,,,,,,,,,
fd620895513f4bd29006793f36ebd40d,2026-01-21T10:00:00Z/2026-01-21T11:00:00Z,112233445566,2026-01-01T00:00:00Z,2026-02-01T00:00:00Z,AWS,334455667788,Usage,2026-01-21T10:00:00Z,2026-01-21T11:00:00Z,AmazonEC2,EUWE-BoxUsage:t3.large,RunInstances,eu-west-1a,i-084e1f4d794744253,1.0,4.0,4.0,0.0832,0.0832,0.086403,0.082558,Hrs,0.0832,0.0832,Amazon Elastic Compute Cloud,t3.large,2,8 GiB,Linux,eu-west-1,AmazonEC2,40.25,32.48,20.92,13,2026-01-18T02:55:16Z,frontend,prod,CC300,,,,,,,,,,,,,
18c3fe8972fd47ea800aaf34f256840d,2026-01-21T20:00:00Z/2026-01-21T21:00:00Z,112233445566,2026-01-01T00:00:00Z,2026-02-01T00:00:00Z,AWS,334455667788,Usage,2026-01-21T20:00:00Z,2026-01-21T21:00:00Z,AmazonEC2,EUWE-BoxUsage:t3.large,RunInstances,eu-west-1a,i-084e1f4d794744253,1.0,4.0,4.0,0.0832,0.0832,0.079205,0.082544,Hrs,0.0832,0.0832,Amazon Elastic Compute Cloud,t3.large,2,8 GiB,Linux,eu-west-1,AmazonEC2,41.66,45.73,18.24,32,2026-01-20T06:58:36Z,frontend,prod,CC300,,,,,,,,,,,,,
fedb3b5f005347ebaa562fce746a29a6,2026-01-22T06:00:00Z/2026-01-22T07:00:00Z,112233445566,2026-01-01T00:00:00Z,2026-02-01T00:00:00Z,AWS,334455667788,Usage,2026-01-22T06:00:00Z,2026-01-22T07:00:00Z,AmazonEC2,EUWE-BoxUsage:t3.large,RunInstances,eu-west-1a,i-084e1f4d794744253,1.0,4.0,4.0,0.0832,0.0832,0.086322,0.087258,Hrs,0.0832,0.0832,Amazon Elastic Compute Cloud,t3.large,2,8 GiB,Linux,eu-west-1,AmazonEC2,33.6,49.9,31.3,45,2026-01-20T17:23:22Z,frontend,prod,CC300,,,,,,,,,,,,,
d136a166305c4d3ba75719b7a42a1e1e,2026-01-22T16:00:00Z/2026-01-22T17:00:00Z,112233445566,2026-01-01T00:00:00Z,2026-02-01T00:00:00Z,AWS,334455667788,Usage,2026-01-22T16:00:00Z,2026-01-22T17:00:00Z,AmazonEC2,EUWE-BoxUsage:t3.large,RunInstances,eu-west-1a,i-084e1f4d794744253,1.0,4.0,4.0,0.0832,0.0832,0.087162,0.079176,Hrs,0.0832,0.0832,Amazon Elastic Compute Cloud,t3.large,2,8 GiB,Linux,eu-west-1,AmazonEC2,33.97,37.89,28.21,25,2026-01-20T09:58:41Z,frontend,prod,CC300,,,,,,,,,,,,,
30be849a24c24cac996a2a8708b14c38,2026-01-23T02:00:00Z/2026-01-23T03:00:00Z,112233445566,2026-01-01T00:00:00Z,2026-02-01T00:00:00Z,AWS,334455667788,Usage,2026-01-23T02:00:00Z,2026-01-23T03:00:00Z,AmazonEC2,EUWE-BoxUsage:t3.large,RunInstances,eu-west-1a,i-084e1f4d794744253,1.0,4.0,4.0,0.0832,0.0832,0.086079,0.083747,Hrs,0.0832,0.0832,Amazon Elastic Compute Cloud,t3.large,2,8 GiB,Linux,eu-west-1,AmazonEC2,32.84,43.52,32.07,46,2026-01-19T07:16:47Z,frontend,prod,CC300,,,,,,,,,,,,,
fc1f14aa8a1f49039ec2ffabdac29b21,2026-01-23T12:00:00Z/2026-01-23T13:00:00Z,112233445566,2026-01-01T00:00:00Z,2026-02-01T00:00:00Z,AWS,334455667788,Usage,2026-01-23T12:00:00Z,2026-01-23T13:00:00Z,AmazonEC2,EUWE-BoxUsage:t3.large,RunInstances,eu-west-1a,i-084e1f4d794744253,1.0,4.0,4.0,0.0832,0.0832,0.081397,0.08162,Hrs,0.0832,0.0832,Amazon Elastic Compute Cloud,t3.large,2,8 GiB,Linux,eu-west-1,AmazonEC2,32.8,34.88,20.83,53,2026-01-20T14:14:56Z,frontend,prod,CC300,,,,,,,,,,,,,
84808308c2f3476082182920c4f687e3,2026-01-23T22:00:00Z/2026-01-23T23:00:00Z,112233445566,2026-01-01T00:00:00Z,2026-02-01T00:00:00Z,AWS,334455667788,Usage,2026-01-23T22:00:00Z,2026-01-23T23:00:00Z,AmazonEC2,EUWE-BoxUsage:t3.large,RunInstances,eu-west-1a,i-084e1f4d794744253,1.0,4.0,4.0,0.0832,0.0832,0.080569,0.085736,Hrs,0.0832,0.0832,Amazon Elastic Compute Cloud,t3.large,2,8 GiB,Linux,eu-west-1,AmazonEC2,25.81,35.37,37.19,42,2026-01-21T07:11:41Z,frontend,prod,CC300,,,,,,,,,,,,,
816971d6799b44f7899a820e1c406f10,2026-01-24T08:00:00Z/2026-01-24T09:00:00Z,112233445566,2026-01-01T00:00:00Z,2026-02-01T00:00:00Z,AWS,334455667788,Usage,2026-01-24T08:00:00Z,2026-01-24T09:00:00Z,AmazonEC2,EUWE-BoxUsage:t3.large,RunInstances,eu-west-1a,i-084e1f4d794744253,1.0,4.0,4.0,0.0832,0.0832,0.083919,0.082382,Hrs,0.0832,0.0832,Amazon Elastic Compute Cloud,t3.large,2,8 GiB,Linux,eu-west-1,AmazonEC2,36.57,33.18,32.19,64,2026-01-20T20:30:10Z,frontend,prod,CC300,,,,,,,,,,,,,
9c2d54663aeb4a64a22b28b3c9fd36ba,2026-01-24T18:00:00Z/2026-01-24T19:00:00Z,112233445566,2026-01-01T00:00:00Z,2026-02-01T00:00:00Z,AWS,334455667788,Usage,2026-01-24T18:00:00Z,2026-01-24T19:00:00Z,AmazonEC2,EUWE-BoxUsage:t3.large,RunInstances,eu-west-1a,i-084e1f4d794744253,1.0,4.0,4.0,0.0832,0.0832,0.079452,0.083784,Hrs,0.0832,0.0832,Amazon Elastic Compute Cloud,t3.large,2,8 GiB,Linux,eu-west-1,AmazonEC2,30.71,28.96,34.49,35,2026-01-21T01:30:39Z,frontend,prod,CC300,,,,,,,,,,,,,
a8fa7f910b9e478f8e33e84b3da8d904,2026-01-25T04:00:00Z/2026-01-25T05:00:00Z,112233445566,2026-01-01T00:00:00Z,2026-02-01T00:00:00Z,AWS,334455667788,Usage,2026-01-25T04:00:00Z,2026-01-25T05:00:00Z,AmazonEC2,EUWE-BoxUsage:t3.large,RunInstances,eu-west-1a,i-084e1f4d794744253,1.0,4.0,4.0,0.0832,0.0832,0.08387,0.080548,Hrs,0.0832,0.0832,Amazon Elastic Compute Cloud,t3.large,2,8 GiB,Linux,eu-west-1,AmazonEC2,38.72,51.01,31.39,47,2026-01-23T12:02:31Z,frontend,prod,CC300,,,,,,,,,,,,,
6060fd7dd40d49fb968b93466bfee3db,2026-01-25T14:00:00Z/2026-01-25T15:00:00Z,112233445566,2026-01-01T00:00:00Z,2026-02-01T00:00:00Z,AWS,334455667788,Usage,2026-01-25T14:00:00Z,2026-01-25T15:00:00Z,AmazonEC2,EUWE-BoxUsage:t3.large,RunInstances,eu-west-1a,i-084e1f4d794744253,1.0,4.0,4.0,0.0832,0.0832,0.086392,0.081263,Hrs,0.0832,0.0832,Amazon Elastic Compute Cloud,t3.large,2,8 GiB,Linux,eu-west-1,AmazonEC2,40.47,28.78,36.73,27,2026-01-23T20:29:46Z,frontend,prod,CC300,,,,,,,,,,,,,
48299d5bb1724d3e91fd8a78a5ea2fa2,2026-01-26T00:00:00Z/2026-01-26T01:00:00Z,112233445566,2026-01-01T00:00:00Z,2026-02-01T00:00:00Z,AWS,334455667788,Usage,2026-01-26T00:00:00Z,2026-01-26T01:00:00Z,AmazonEC2,EUWE-BoxUsage:t3.large,RunInstances,eu-west-1a,i-084e1f4d794744253,1.0,4.0,4.0,0.0832,0.0832,0.084426,0.082136,Hrs,0.0832,0.0832,Amazon Elastic Compute Cloud,t3.large,2,8 GiB,Linux,eu-west-1,AmazonEC2,32.44,46.27,18.79,49,2026-01-22T22:04:54Z,frontend,prod,CC300,,,,,,,,,,,,,
bf56af001c7c4ea69564aecb58afa5a5,2026-01-26T10:00:00Z/2026-01-26T11:00:00Z,112233445566,2026-01-01T00:00:00Z,2026-02-01T00:00:00Z,AWS,334455667788,Usage,2026-01-26T10:00:00Z,2026-01-26T11:00:00Z,AmazonEC2,EUWE-BoxUsage:t3.large,RunInstances,eu-west-1a,i-084e1f4d794744253,1.0,4.0,4.0,0.0832,0.0832,0.083171,0.084203,Hrs,0.0832,0.0832,Amazon Elastic Compute Cloud,t3.large,2,8 GiB,Linux,eu-west-1,AmazonEC2,23.23,51.34,27.74,27,2026-01-24T06:26:11Z,frontend,prod,CC300,,,,,,,,,,,,,
ce654811cc4345db9a873dba46d4a748,2026-01-26T20:00:00Z/2026-01-26T21:00:00Z,112233445566,2026-01-01T00:00:00Z,2026-02-01T00:00:00Z,AWS,334455667788,Usage,2026-01-26T20:00:00Z,2026-01-26T21:00:00Z,AmazonEC2,EUWE-BoxUsage:t3.large,RunInstances,eu-west-1a,i-084e1f4d794744253,1.0,4.0,4.0,0.0832,0.0832,0.080607,0.086379,Hrs,0.0832,0.0832,Amazon Elastic Compute Cloud,t3.large,2,8 GiB,Linux,eu-west-1,AmazonEC2,33.18,46.09,20.48,63,2026-01-24T01:31:49Z,frontend,prod,CC300,,,,,,,,,,,,,
09a3cc95f40e416b868cacea3ff317a2,2026-01-27T06:00:00Z/2026-01-27T07:00:00Z,112233445566,2026-01-01T00:00:00Z,2026-02-01T00:00:00Z,AWS,334455667788,Usage,2026-01-27T06:00:00Z,2026-01-27T07:00:00Z,AmazonEC2,EUWE-BoxUsage:t3.large,RunInstances,eu-west-1a,i-084e1f4d794744253,1.0,4.0,4.0,0.0832,0.0832,0.082423,0.081673,Hrs,0.0832,0.0832,Amazon Elastic Compute Cloud,t3.large,2,8 GiB,Linux,eu-west-1,AmazonEC2,22.91,42.68,35.21,20,2026-01-25T02:45:53Z,frontend,prod,CC300,,,,,,,,,,,,,
e70af3ddc4de49a5a906ee1fba720773,2026-01-27T16:00:00Z/2026-01-27T17:00:00Z,112233445566,2026-01-01T00:00:00Z,2026-02-01T00:00:00Z,AWS,334455667788,Usage,2026-01-27T16:00:00Z,2026-01-27T17:00:00Z,AmazonEC2,EUWE-BoxUsage:t3.large,RunInstances,eu-west-1a,i-084e1f4d794744253,1.0,4.0,4.0,0.0832,0.0832,0.085311,0.082727,Hrs,0.0832,0.0832,Amazon Elastic Compute Cloud,t3.large,2,8 GiB,Linux,eu-west-1,AmazonEC2,22.36,31.88,26.48,14,2026-01-23T16:00:01Z,frontend,prod,CC300,,,,,,,,,,,,,
23f812652a2d4654b1c544445570b985,2026-01-28T02:00:00Z/2026-01-28T03:00:00Z,112233445566,2026-01-01T00:00:00Z,2026-02-01T00:00:00Z,AWS,334455667788,Usage,2026-01-28T02:00:00Z,2026-01-28T03:00:00Z,AmazonEC2,EUWE-BoxUsage:t3.large,RunInstances,eu-west-1a,i-084e1f4d794744253,1.0,4.0,4.0,0.0832,0.0832,0.080898,0.083001,Hrs,0.0832,0.0832,Amazon Elastic Compute Cloud,t3.large,2,8 GiB,Linux,eu-west-1,AmazonEC2,22.33,30.93,28.87,49,2026-01-24T00:08:34Z,frontend,prod,CC300,,,,,,,,,,,,,
aec95a445c894e3c94f1109079682b9e,2026-01-28T12:00:00Z/2026-01-28T13:00:00Z,112233445566,2026-01-01T00:00:00Z,2026-02-01T00:00:00Z,AWS,334455667788,Usage,2026-01-28T12:00:00Z,2026-01-28T13:00:00Z,AmazonEC2,EUWE-BoxUsage:t3.large,RunInstances,eu-west-1a,i-084e1f4d794744253,1.0,4.0,4.0,0.0832,0.0832,0.083526,0.0858,Hrs,0.0832,0.0832,Amazon Elastic Compute Cloud,t3.large,2,8 GiB,Linux,eu-west-1,AmazonEC2,41.26,29.7,41.35,49,2026-01-25T03:41:08Z,frontend,prod,CC300,,,,,,,,,,,,,
ea6a1670153c470d8652b5f2ff7c801b,2026-01-28T22:00:00Z/2026-01-28T23:00:00Z,112233445566,2026-01-01T00:00:00Z,2026-02-01T00:00:00Z,AWS,334455667788,Usage,2026-01-28T22:00:00Z,2026-01-28T23:00:00Z,AmazonEC2,EUWE-BoxUsage:t3.large,RunInstances,eu-west-1a,i-084e1f4d794744253,1.0,4.0,4.0,0.0832,0.0832,0.086715,0.081652,Hrs,0.0832,0.0832,Amazon Elastic Compute Cloud,t3.large,2,8 GiB,Linux,eu-west-1,AmazonEC2,41.34,38.48,32.92,27,2026-01-25T19:30:38Z,frontend,prod,CC300,,,,,,,,,,,,,
c6f9a376edb840cc9cbc11512458ca6c,2026-01-29T08:00:00Z/2026-01-29T09:00:00Z,112233445566,2026-01-01T00:00:00Z,2026-02-01T00:00:00Z,AWS,334455667788,Usage,2026-01-29T08:00:00Z,2026-01-29T09:00:00Z,AmazonEC2,EUWE-BoxUsage:t3.large,RunInstances,eu-west-1a,i-084e1f4d794744253,1.0,4.0,4.0,0.0832,0.0832,0.085279,0.080535,Hrs,0.0832,0.0832,Amazon Elastic Compute Cloud,t3.large,2,8 GiB,Linux,eu-west-1,AmazonEC2,36.34,45.71,22.34,45,2026-01-27T14:28:48Z,frontend,prod,CC300,,,,,,,,,,,,,
3d98d6a9a8e64b9db0c9b85da3319979,2026-01-29T18:00:00Z/2026-01-29T19:00:00Z,112233445566,2026-01-01T00:00:00Z,2026-02-01T00:00:00Z,AWS,334455667788,Usage,2026-01-29T18:00:00Z,2026-01-29T19:00:00Z,AmazonEC2,EUWE-BoxUsage:t3.large,RunInstances,eu-west-1a,i-084e1f4d794744253,1.0,4.0,4.0,0.0832,0.0832,0.083093,0.085062,Hrs,0.0832,0.0832,Amazon Elastic Compute Cloud,t3.large,2,8 GiB,Linux,eu-west-1,AmazonEC2,24.27,34.56,38.02,24,2026-01-27T05:37:09Z,frontend,prod,CC300,,,,,,,,,,,,,
9149966f046a40a68fa0fcc0a5173c39,2026-01-30T04:00:00Z/2026-01-30T05:00:00Z,112233445566,2026-01-01T00:00:00Z,2026-02-01T00:00:00Z,AWS,334455667788,Usage,2026-01-30T04:00:00Z,2026-01-30T05:00:00Z,AmazonEC2,EUWE-BoxUsage:t3.large,RunInstances,eu-west-1a,i-084e1f4d794744253,1.0,4.0,4.0,0.0832,0.0832,0.082764,0.080919,Hrs,0.0832,0.0832,Amazon Elastic Compute Cloud,t3.large,2,8 GiB,Linux,eu-west-1,AmazonEC2,25.71,48.33,35.99,63,2026-01-27T21:51:40Z,frontend,prod,CC300,,,,,,,,,,,,,
725dc255ca694da8b9430bb318248a63,2026-01-30T14:00:00Z/2026-01-30T15:00:00Z,112233445566,2026-01-01T00:00:00Z,2026-02-01T00:00:00Z,AWS,334455667788,Usage,2026-01-30T14:00:00Z,2026-01-30T15:00:00Z,AmazonEC2,EUWE-BoxUsage:t3.large,RunInstances,eu-west-1a,i-084e1f4d794744253,1.0,4.0,4.0,0.0832,0.0832,0.086769,0.082875,Hrs,0.0832,0.0832,Amazon Elastic Compute Cloud,t3.large,2,8 GiB,Linux,eu-west-1,AmazonEC2,30.29,46.14,28.99,52,2026-01-27T00:08:47Z,frontend,prod,CC300,,,,,,,,,,,,,
ffe26d2febc9456a8eb78ec6fe91a92d,2026-01-01T00:00:00Z/2026-01-01T01:00:00Z,112233445566,2026-01-01T00:00:00Z,2026-02-01T00:00:00Z,AWS,112233445566,DiscountedUsage,2026-01-01T00:00:00Z,2026-01-01T01:00:00Z,AmazonEC2,USEA-BoxUsage:t3.small,RunInstances,us-east-1b,i-0ee471b0f7a174c8f,1.0,1.0,1.0,0.0,0.0,0.013443,0.013443,Hrs,0.0208,0.0208,Amazon Elastic Compute Cloud,t3.small,2,2 GiB,Linux,us-east-1,AmazonEC2,19.34,27.04,19.59,189,2025-12-24T10:53:29Z,platform,staging,CC100,arn:aws:ec2:us-east-1:112233445566:reserved-instances/30148984-e0c2-4f14-b078-f55bb6f41322,0.013443,0.011427,0.002016,,,,,,,,,
ba89c1cb15f54c12869567a981495f3e,2026-01-01T10:00:00Z/2026-01-01T11:00:00Z,112233445566,2026-01-01T00:00:00Z,2026-02-01T00:00:00Z,AWS,112233445566,DiscountedUsage,2026-01-01T10:00:00Z,2026-01-01T11:00:00Z,AmazonEC2,USEA-BoxUsage:t3.small,RunInstances,us-east-1b,i-0ee471b0f7a174c8f,1.0,1.0,1.0,0.0,0.0,0.011691,0.011691,Hrs,0.0208,0.0208,Amazon Elastic Compute Cloud,t3.small,2,2 GiB,Linux,us-east-1,AmazonEC2,10.59,12.59,22.51,122,2025-12-21T18:46:39Z,platform,staging,CC100,arn:aws:ec2:us-east-1:112233445566:reserved-instances/30148984-e0c2-4f14-b078-f55bb6f41322,0.011691,0.009937,0.001754,,,,,,,,,
75875f5248f3413daa44cfb60ae3a172,2026-01-01T20:00:00Z/2026-01-01T21:00:00Z,112233445566,2026-01-01T00:00:00Z,2026-02-01T00:00:00Z,AWS,112233445566,DiscountedUsage,2026-01-01T20:00:00Z,2026-01-01T21:00:00Z,AmazonEC2,USEA-BoxUsage:t3.small,RunInstances,us-east-1b,i-0ee471b0f7a174c8f,1.0,1.0,1.0,0.0,0.0,0.014288,0.014288,Hrs,0.0208,0.0208,Amazon Elastic Compute Cloud,t3.small,2,2 GiB,Linux,us-east-1,AmazonEC2,12.55,13.99,22.58,144,2025-12-28T16:05:05Z,platform,staging,CC100,arn:aws:ec2:us-east-1:112233445566:reserved-instances/30148984-e0c2-4f14-b078-f55bb6f41322,0.014288,0.012145,0.002143,,,,,,,,,
9a223ea22b24446fadeda61c33e00b7d,2026-01-02T06:00:00Z/2026-01-02T07:00:00Z,112233445566,2026-01-01T00:00:00Z,2026-02-01T00:00:00Z,AWS,112233445566,DiscountedUsage,2026-01-02T06:00:00Z,2026-01-02T07:00:00Z,AmazonEC2,USEA-BoxUsage:t3.small,RunInstances,us-east-1b,i-0ee471b0f7a174c8f,1.0,1.0,1.0,0.0,0.0,0.014443,0.014443,Hrs,0.0208,0.0208,Amazon Elastic Compute Cloud,t3.small,2,2 GiB,Linux,us-east-1,AmazonEC2,10.1,16.07,18.38,194,2025-12-21T18:52:50Z,platform,staging,CC100,arn:aws:ec2:us-east-1:112233445566:reserved-instances/30148984-e0c2-4f14-b078-f55bb6f41322,0.014443,0.012277,0.002166,,,,,,,,,
def352633a1d4da0893c3689a44fadeb,2026-01-02T16:00:00Z/2026-01-02T17:00:00Z,112233445566,2026-01-01T00:00:00Z,2026-02-01T00:00:00Z,AWS,112233445566,DiscountedUsage,2026-01-02T16:00:00Z,2026-01-02T17:00:00Z,AmazonEC2,USEA-BoxUsage:t3.small,RunInstances,us-east-1b,i-0ee471b0f7a174c8f,1.0,1.0,1.0,0.0,0.0,0.012165,0.012165,Hrs,0.0208,0.0208,Amazon Elastic Compute Cloud,t3.small,2,2 GiB,Linux,us-east-1,AmazonEC2,15.81,17.92,17.43,98,2025-12-24T02:01:00Z,platform,staging,CC100,arn:aws:ec2:us-east-1:112233445566:reserved-instances/30148984-e0c2-4f14-b078-f55bb6f41322,0.012165,0.01034,0.001825,,,,,,,,,
329f59747afa474a886f08470b8b2b24,2026-01-03T02:00:00Z/2026-01-03T03:00:00Z,112233445566,2026-01-01T00:00:00Z,2026-02-01T00:00:00Z,AWS,112233445566,DiscountedUsage,2026-01-03T02:00:00Z,2026-01-03T03:00:00Z,AmazonEC2,USEA-BoxUsage:t3.small,RunInstances,us-east-1b,i-0ee471b0f7a174c8f,1.0,1.0,1.0,0.0,0.0,0.014354,0.014354,Hrs,0.0208,0.0208,Amazon Elastic Compute Cloud,t3.small,2,2 GiB,Linux,us-east-1,AmazonEC2,18.74,17.04,22.69,112,2025-12-26T22:02:53Z,platform,staging,CC100,arn:aws:ec2:us-east-1:112233445566:reserved-instances/30148984-e0c2-4f14-b078-f55bb6f41322,0.014354,0.012201,0.002153,,,,,,,,,
6ed8cc38d2b44ee492d2c76780644ff0,2026-01-03T12:00:00Z/2026-01-03T13:00:00Z,112233445566,2026-01-01T00:00:00Z,2026-02-01T00:00:00Z,AWS,112233445566,DiscountedUsage,2026-01-03T12:00:00Z,2026-01-03T13:00:00Z,AmazonEC2,USEA-BoxUsage:t3.small,RunInstances,us-east-1b,i-0ee471b0f7a174c8f,1.0,1.0,1.0,0.0,0.0,0.011601,0.011601,Hrs,0.0208,0.0208,Amazon Elastic Compute Cloud,t3.small,2,2 GiB,Linux,us-east-1,AmazonEC2,18.39,21.35,13.87,146,2025-12-30T06:14:55Z,platform,staging,CC100,arn:aws:ec2:us-east-1:112233445566:reserved-instances/30148984-e0c2-4f14-b078-f55bb6f41322,0.011601,0.009861,0.00174,,,,,,,,,
08bfe6aa432d4441aa415a134ec024e8,2026-01-03T22:00:00Z/2026-01-03T23:00:00Z,112233445566,2026-01-01T00:00:00Z,2026-02-01T00:00:00Z,AWS,112233445566,DiscountedUsage,2026-01-03T22:00:00Z,2026-01-03T23:00:00Z,AmazonEC2,USEA-BoxUsage:t3.small,RunInstances,us-east-1b,i-0ee471b0f7a174c8f,1.0,1.0,1.0,0.0,0.0,0.013876,0.013876,Hrs,0.0208,0.0208,Amazon Elastic Compute Cloud,t3.small,2,2 GiB,Linux,us-east-1,AmazonEC2,12.51,26.57,12.62,189,2025-12-31T06:06:28Z,platform,staging,CC100,arn:aws:ec2:us-east-1:112233445566:reserved-instances/30148984-e0c2-4f14-b078-f55bb6f41322,0.013876,0.011795,0.002081,,,,,,,,,
2c38101bde54420ab958e3453046f9d2,2026-01-04T08:00:00Z/2026-01-04T09:00:00Z,112233445566,2026-01-01T00:00:00Z,2026-02-01T00:00:00Z,AWS,112233445566,DiscountedUsage,2026-01-04T08:00:00Z,2026-01-04T09:00:00Z,AmazonEC2,USEA-BoxUsage:t3.small,RunInstances,us-east-1b,i-0ee471b0f7a174c8f,1.0,1.0,1.0,0.0,0.0,0.012157,0.012157,Hrs,0.0208,0.0208,Amazon Elastic Compute Cloud,t3.small,2,2 GiB,Linux,us-east-1,AmazonEC2,15.6,12.19,23.48,195,2025-12-31T01:09:43Z,platform,staging,CC100,arn:aws:ec2:us-east-1:112233445566:reserved-instances/30148984-e0c2-4f14-b078-f55bb6f41322,0.012157,0.010333,0.001824,,,,,,,,,
5afd940536fe43008fd2c36ca9f816f3,2026-01-04T18:00:00Z/2026-01-04T19:00:00Z,112233445566,2026-01-01T00:00:00Z,2026-02-01T00:00:00Z,AWS,112233445566,DiscountedUsage,2026-01-04T18:00:00Z,2026-01-04T19:00:00Z,AmazonEC2,USEA-BoxUsage:t3.small,RunInstances,us-east-1b,i-0ee471b0f7a174c8f,1.0,1.0,1.0,0.0,0.0,0.012141,0.012141,Hrs,0.0208,0.0208,Amazon Elastic Compute Cloud,t3.small,2,2 GiB,Linux,us-east-1,AmazonEC2,13.03,19.14,11.6,109,2025-12-30T03:47:10Z,platform,staging,CC100,arn:aws:ec2:us-east-1:112233445566:reserved-instances/30148984-e0c2-4f14-b078-f55bb6f41322,0.012141,0.01032,0.001821,,,,,,,,,
2c3b45ab1584477d9fe601fcbe2dac6c,2026-01-05T04:00:00Z/2026-01-05T05:00:00Z,112233445566,2026-01-01T00:00:00Z,2026-02-01T00:00:00Z,AWS,112233445566,DiscountedUsage,2026-01-05T04:00:00Z,2026-01-05T05:00:00Z,AmazonEC2,USEA-BoxUsage:t3.small,RunInstances,us-east-1b,i-0ee471b0f7a174c8f,1.0,1.0,1.0,0.0,0.0,0.011661,0.011661,Hrs,0.0208,0.0208,Amazon Elastic Compute Cloud,t3.small,2,2 GiB,Linux,us-east-1,AmazonEC2,10.79,17.48,11.44,139,2025-12-24T16:20:55Z,platform,staging,CC100,arn:aws:ec2:us-east-1:112233445566:reserved-instances/30148984-e0c2-4f14-b078-f55bb6f41322,0.011661,0.009912,0.001749,,,,,,,,,
3fef9f746b06439e93d0019dbd6aad18,2026-01-05T14:00:00Z/2026-01-05T15:00:00Z,112233445566,2026-01-01T00:00:00Z,2026-02-01T00:00:00Z,AWS,112233445566,DiscountedUsage,2026-01-05T14:00:00Z,2026-01-05T15:00:00Z,AmazonEC2,USEA-BoxUsage:t3.small,RunInstances,us-east-1b,i-0ee471b0f7a174c8f,1.0,1.0,1.0,0.0,0.0,0.01323,0.01323,Hrs,0.0208,0.0208,Amazon Elastic Compute Cloud,t3.small,2,2 GiB,Linux,us-east-1,AmazonEC2,17.91,13.71,11.1,75,2025-12-25T11:11:25Z,platform,staging,CC100,arn:aws:ec2:us-east-1:112233445566:reserved-instances/30148984-e0c2-4f14-b078-f55bb6f41322,0.01323,0.011246,0.001985,,,,,,,,,
cc449861480c4214af56043f8f8769a5,2026-01-06T00:00:00Z/2026-01-06T01:00:00Z,112233445566,2026-01-01T00:00:00Z,2026-02-01T00:00:00Z,AWS,112233445566,DiscountedUsage,2026-01-06T00:00:00Z,2026-01-06T01:00:00Z,AmazonEC2,USEA-BoxUsage:t3.small,RunInstances,us-east-1b,i-0ee471b0f7a174c8f,1.0,1.0,1.0,0.0,0.0,0.014054,0.014054,Hrs,0.0208,0.0208,Amazon Elastic Compute Cloud,t3.small,2,2 GiB,Linux,us-east-1,AmazonEC2,9.99,26.41,18.55,83,2025-12-28T19:04:35Z,platform,staging,CC100,arn:aws:ec2:us-east-1:112233445566:reserved-instances/30148984-e0c2-4f14-b078-f55bb6f41322,0.014054,0.011946,0.002108,,,,,,,,,
d9ae8b992ce44babbd81e6026f844908,2026-01-06T10:00:00Z/2026-01-06T11:00:00Z,112233445566,2026-01-01T00:00:00Z,2026-02-01T00:00:00Z,AWS,112233445566,DiscountedUsage,2026-01-06T10:00:00Z,2026-01-06T11:00:00Z,AmazonEC2,USEA-BoxUsage:t3.small,RunInstances,us-east-1b,i-0ee471b0f7a174c8f,1.0,1.0,1.0,0.0,0.0,0.013765,0.013765,Hrs,0.0208,0.0208,Amazon Elastic Compute Cloud,t3.small,2,2 GiB,Linux,us-east-1,AmazonEC2,17.56,14.12,23.59,99,2026-01-01T18:21:21Z,platform,staging,CC100,arn:aws:ec2:us-east-1:112233445566:reserved-instances/30148984-e0c2-4f14-b078-f55bb6f41322,0.013765,0.0117,0.002065,,,,,,,,,
197d458b2c9a4774981db6a38c481e50,2026-01-06T20:00:00Z/2026-01-06T21:00:00Z,112233445566,2026-01-01T00:00:00Z,2026-02-01T00:00:00Z,AWS,112233445566,DiscountedUsage,2026-01-06T20:00:00Z,2026-01-06T21:00:00Z,AmazonEC2,USEA-BoxUsage:t3.small,RunInstances,us-east-1b,i-0ee471b0f7a174c8f,1.0,1.0,1.0,0.0,0.0,0.013669,0.013669,Hrs,0.0208,0.0208,Amazon Elastic Compute Cloud,t3.small,2,2 GiB,Linux,us-east-1,AmazonEC2,19.23,26.25,11.69,153,2025-12-30T21:23:02Z,platform,staging,CC100,arn:aws:ec2:us-east-1:112233445566:reserved-instances/30148984-e0c2-4f14-b078-f55bb6f41322,0.013669,0.011619,0.00205,,,,,,,,,
69b4786104114de4bc0c6f9ddb612450,2026-01-07T06:00:00Z/2026-01-07T07:00:00Z,112233445566,2026-01-01T00:00:00Z,2026-02-01T00:00:00Z,AWS,112233445566,DiscountedUsage,2026-01-07T06:00:00Z,2026-01-07T07:00:00Z,AmazonEC2,USEA-BoxUsage:t3.small,RunInstances,us-east-1b,i-0ee471b0f7a174c8f,1.0,1.0,1.0,0.0,0.0,0.012015,0.012015,Hrs,0.0208,0.0208,Amazon Elastic Compute Cloud,t3.small,2,2 GiB,Linux,us-east-1,AmazonEC2,14.98,13.93,9.11,165,2025-12-29T14:29:11Z,platform,staging,CC100,arn:aws:ec2:us-east-1:112233445566:reserved-instances/30148984-e0c2-4f14-b078-f55bb6f41322,0.012015,0.010213,0.001802,,,,,,,,,
c6c33301f3344c6fa56c18404b91a769,2026-01-07T16:00:00Z/2026-01-07T17:00:00Z,112233445566,2026-01-01T00:00:00Z,2026-02-01T00:00:00Z,AWS,112233445566,DiscountedUsage,2026-01-07T16:00:00Z,2026-01-07T17:00:00Z,AmazonEC2,USEA-BoxUsage:t3.small,RunInstances,us-east-1b,i-0ee471b0f7a174c8f,1.0,1.0,1.0,0.0,0.0,0.014288,0.014288,Hrs,0.0208,0.0208,Amazon Elastic Compute Cloud,t3.small,2,2 GiB,Linux,us-east-1,AmazonEC2,18.73,13.01,20.45,122,2025-12-28T23:04:26Z,platform,staging,CC100,arn:aws:ec2:us-east-1:112233445566:reserved-instances/30148984-e0c2-4f14-b078-f55bb6f41322,0.014288,0.012145,0.002143,,,,,,,,,
3c9f4b14d84641ae9a42cae790c90f55,2026-01-08T02:00:00Z/2026-01-08T03:00:00Z,112233445566,2026-01-01T00:00:00Z,2026-02-01T00:00:00Z,AWS,112233445566,DiscountedUsage,2026-01-08T02:00:00Z,2026-01-08T03:00:00Z,AmazonEC2,USEA-BoxUsage:t3.small,RunInstances,us-east-1b,i-0ee471b0f7a174c8f,1.0,1.0,1.0,0.0,0.0,0.012713,0.012713,Hrs,0.0208,0.0208,Amazon Elastic Compute Cloud,t3.small,2,2 GiB,Linux,us-east-1,AmazonEC2,19.68,23.24,23.63,126,2025-12-31T04:59:21Z,platform,staging,CC100,arn:aws:ec2:us-east-1:112233445566:reserved-instances/30148984-e0c2-4f14-b078-f55bb6f41322,0.012713,0.010806,0.001907,,,,,,,,,
a0dd0e149f984826b6514a6be4ab7acc,2026-01-08T12:00:00Z/2026-01-08T13:00:00Z,112233445566,2026-01-01T00:00:00Z,2026-02-01T00:00:00Z,AWS,112233445566,DiscountedUsage,2026-01-08T12:00:00Z,2026-01-08T13:00:00Z,AmazonEC2,USEA-BoxUsage:t3.small,RunInstances,us-east-1b,i-0ee471b0f7a174c8f,1.0,1.0,1.0,0.0,0.0,0.011524,0.011524,Hrs,0.0208,0.0208,Amazon Elastic Compute Cloud,t3.small,2,2 GiB,Linux,us-east-1,AmazonEC2,7.8,17.29,12.06,111,2025-12-27T15:50:51Z,platform,staging,CC100,arn:aws:ec2:us-east-1:112233445566:reserved-instances/30148984-e0c2-4f14-b078-f55bb6f41322,0.011524,0.009795,0.001729,,,,,,,,,
0b237f78a67e4896b0798258326b108c,2026-01-08T22:00:00Z/2026-01-08T23:00:00Z,112233445566,2026-01-01T00:00:00Z,2026-02-01T00:00:00Z,AWS,112233445566,DiscountedUsage,2026-01-08T22:00:00Z,2026-01-08T23:00:00Z,AmazonEC2,USEA-BoxUsage:t3.small,RunInstances,us-east-1b,i-0ee471b0f7a174c8f,1.0,1.0,1.0,0.0,0.0,0.011675,0.011675,Hrs,0.0208,0.0208,Amazon Elastic Compute Cloud,t3.small,2,2 GiB,Linux,us-east-1,AmazonEC2,15.33,19.77,11.99,116,2025-12-29T18:00:28Z,platform,staging,CC100,arn:aws:ec2:us-east-1:112233445566:reserved-instances/30148984-e0c2-4f14-b078-f55bb6f41322,0.011675,0.009924,0.001751,,,,,,,,,
dc91fb5b23bf4b1cbf83800808c43c20,2026-01-09T08:00:00Z/2026-01-09T09:00:00Z,112233445566,2026-01-01T00:00:00Z,2026-02-01T00:00:00Z,AWS,112233445566,DiscountedUsage,2026-01-09T08:00:00Z,2026-01-09T09:00:00Z,AmazonEC2,USEA-BoxUsage:t3.small,RunInstances,us-east-1b,i-0ee471b0f7a174c8f,1.0,1.0,1.0,0.0,0.0,0.014558,0.014558,Hrs,0.0208,0.0208,Amazon Elastic Compute Cloud,t3.small,2,2 GiB,Linux,us-east-1,AmazonEC2,10.64,13.1,13.39,109,2026-01-06T03:40:50Z,platform,staging,CC100,arn:aws:ec2:us-east-1:112233445566:reserved-instances/30148984-e0c2-4f14-b078-f55bb6f41322,0.014558,0.012374,0.002184,,,,,,,,,
c7c5d493b6c94dfc923ef3893d550fad,2026-01-09T18:00:00Z/2026-01-09T19:00:00Z,112233445566,2026-01-01T00:00:00Z,2026-02-01T00:00:00Z,AWS,112233445566,DiscountedUsage,2026-01-09T18:00:00Z,2026-01-09T19:00:00Z,AmazonEC2,USEA-BoxUsage:t3.small,RunInstances,us-east-1b,i-0ee471b0f7a174c8f,1.0,1.0,1.0,0.0,0.0,0.013045,0.013045,Hrs,0.0208,0.0208,Amazon Elastic Compute Cloud,t3.small,2,2 GiB,Linux,us-east-1,AmazonEC2,16.52,27.41,11.4,92,2026-01-01T15:50:55Z,platform,staging,CC100,arn:aws:ec2:us-east-1:112233445566:reserved-instances/30148984-e0c2-4f14-b078-f55bb6f41322,0.013045,0.011088,0.001957,,,,,,,,,
e5742efdc8d04a8e915eb897e3f85b04,2026-01-10T04:00:00Z/2026-01-10T05:00:00Z,112233445566,2026-01-01T00:00:00Z,2026-02-01T00:00:00Z,AWS,112233445566,DiscountedUsage,2026-01-10T04:00:00Z,2026-01-10T05:00:00Z,AmazonEC2,USEA-BoxUsage:t3.small,RunInstances,us-east-1b,i-0ee471b0f7a174c8f,1.0,1.0,1.0,0.0,0.0,0.012858,0.012858,Hrs,0.0208,0.0208,Amazon Elastic Compute Cloud,t3.small,2,2 GiB,Linux,us-east-1,AmazonEC2,11.23,23.87,14.44,89,2025-12-29T19:43:41Z,platform,staging,CC100,arn:aws:ec2:us-east-1:112233445566:reserved-instances/30148984-e0c2-4f14-b078-f55bb6f41322,0.012858,0.010929,0.001929,,,,,,,,,
ae4383d0f6f84b0c94904da76b5db1e1,2026-01-10T14:00:00Z/2026-01-10T15:00:00Z,112233445566,2026-01-01T00:00:00Z,2026-02-01T00:00:00Z,AWS,112233445566,DiscountedUsage,2026-01-10T14:00:00Z,2026-01-10T15:00:00Z,AmazonEC2,USEA-BoxUsage:t3.small,RunInstances,us-east-1b,i-0ee471b0f7a174c8f,1.0,1.0,1.0,0.0,0.0,0.012549,0.012549,Hrs,0.0208,0.0208,Amazon Elastic Compute Cloud,t3.small,2,2 GiB,Linux,us-east-1,AmazonEC2,16.86,25.18,15.42,119,2026-01-03T06:04:29Z,platform,staging,CC100,arn:aws:ec2:us-east-1:112233445566:reserved-instances/30148984-e0c2-4f14-b078-f55bb6f41322,0.012549,0.010667,0.001882,,,,,,,,,
43e1c1babe894984895b1f1db10d8ca2,2026-01-11T00:00:00Z/2026-01-11T01:00:00Z,112233445566,2026-01-01T00:00:00Z,2026-02-01T00:00:00Z,AWS,112233445566,DiscountedUsage,2026-01-11T00:00:00Z,2026-01-11T01:00:00Z,AmazonEC2,USEA-BoxUsage:t3.small,RunInstances,us-east-1b,i-0ee471b0f7a174c8f,1.0,1.0,1.0,0.0,0.0,0.013838,0.013838,Hrs,0.0208,0.0208,Amazon Elastic Compute Cloud,t3.small,2,2 GiB,Linux,us-east-1,AmazonEC2,12.76,14.22,12.57,148,2026-01-02T18:24:34Z,platform,staging,CC100,arn:aws:ec2:us-east-1:112233445566:reserved-instances/30148984-e0c2-4f14-b078-f55bb6f41322,0.013838,0.011762,0.002076,,,,,,,,,
4c9bc36c78eb4d1eb5a91f7b132c44c1,2026-01-11T10:00:00Z/2026-01-11T11:00:00Z,112233445566,2026-01-01T00:00:00Z,2026-02-01T00:00:00Z,AWS,112233445566,DiscountedUsage,2026-01-11T10:00:00Z,2026-01-11T11:00:00Z,AmazonEC2,USEA-BoxUsage:t3.small,RunInstances,us-east-1b,i-0ee471b0f7a174c8f,1.0,1.0,1.0,0.0,0.0,0.013427,0.013427,Hrs,0.0208,0.0208,Amazon Elastic Compute Cloud,t3.small,2,2 GiB,Linux,us-east-1,AmazonEC2,18.92,27.67,18.23,91,2025-12-30T07:35:11Z,platform,staging,CC100,arn:aws:ec2:us-east-1:112233445566:reserved-instances/30148984-e0c2-4f14-b078-f55bb6f41322,0.013427,0.011413,0.002014,,,,,,,,,
76295f1705f7447d861a9a1a65e9de84,2026-01-11T20:00:00Z/2026-01-11T21:00:00Z,112233445566,2026-01-01T00:00:00Z,2026-02-01T00:00:00Z,AWS,112233445566,DiscountedUsage,2026-01-11T20:00:00Z,2026-01-11T21:00:00Z,AmazonEC2,USEA-BoxUsage:t3.small,RunInstances,us-east-1b,i-0ee471b0f7a174c8f,1.0,1.0,1.0,0.0,0.0,0.012652,0.012652,Hrs,0.0208,0.0208,Amazon Elastic Compute Cloud,t3.small,2,2 GiB,Linux,us-east-1,AmazonEC2,13.84,23.98,17.64,96,2026-01-01T17:06:50Z,platform,staging,CC100,arn:aws:ec2:us-east-1:112233445566:reserved-instances/30148984-e0c2-4f14-b078-f55bb6f41322,0.012652,0.010754,0.001898,,,,,,,,,
c1306ef8a1224c9fbb85f675355a0a78,2026-01-12T06:00:00Z/2026-01-12T07:00:00Z,112233445566,2026-01-01T00:00:00Z,2026-02-01T00:00:00Z,AWS,112233445566,DiscountedUsage,2026-01-12T06:00:00Z,2026-01-12T07:00:00Z,AmazonEC2,USEA-BoxUsage:t3.small,RunInstances,us-east-1b,i-0ee471b0f7a174c8f,1.0,1.0,1.0,0.0,0.0,0.013235,0.013235,Hrs,0.0208,0.0208,Amazon Elastic Compute Cloud,t3.small,2,2 GiB,Linux,us-east-1,AmazonEC2,12.99,14.78,16.21,112,2026-01-06T20:34:53Z,platform,staging,CC100,arn:aws:ec2:us-east-1:112233445566:reserved-instances/30148984-e0c2-4f14-b078-f55bb6f41322,0.013235,0.01125,0.001985,,,,,,,,,
b34eb500237a4940ab58817315556883,2026-01-12T16:00:00Z/2026-01-12T17:00:00Z,112233445566,2026-01-01T00:00:00Z,2026-02-01T00:00:00Z,AWS,112233445566,DiscountedUsage,2026-01-12T16:00:00Z,2026-01-12T17:00:00Z,AmazonEC2,USEA-BoxUsage:t3.small,RunInstances,us-east-1b,i-0ee471b0f7a174c8f,1.0,1.0,1.0,0.0,0.0,0.014326,0.014326,Hrs,0.0208,0.0208,Amazon Elastic Compute Cloud,t3.small,2,2 GiB,Linux,us-east-1,AmazonEC2,18.51,21.32,22.58,108,2026-01-05T19:32:13Z,platform,staging,CC100,arn:aws:ec2:us-east-1:112233445566:reserved-instances/30148984-e0c2-4f14-b078-f55bb6f41322,0.014326,0.012177,0.002149,,,,,,,,,
a20c580315ec4aeebccb085494841f9b,2026-01-13T02:00:00Z/2026-01-13T03:00:00Z,112233445566,2026-01-01T00:00:00Z,2026-02-01T00:00:00Z,AWS,112233445566,DiscountedUsage,2026-01-13T02:00:00Z,2026-01-13T03:00:00Z,AmazonEC2,USEA-BoxUsage:t3.small,RunInstances,us-east-1b,i-0ee471b0f7a174c8f,1.0,1.0,1.0,0.0,0.0,0.0135,0.0135,Hrs,0.0208,0.0208,Amazon Elastic Compute Cloud,t3.small,2,2 GiB,Linux,us-east-1,AmazonEC2,10.55,21.81,18.79,119,2026-01-07T00:23:05Z,platform,staging,CC100,arn:aws:ec2:us-east-1:112233445566:reserved-instances/30148984-e0c2-4f14-b078-f55bb6f41322,0.0135,0.011475,0.002025,,,,,,,,,
4758d22c496c4dd0a7484c32041420a3,2026-01-13T12:00:00Z/2026-01-13T13:00:00Z,112233445566,2026-01-01T00:00:00Z,2026-02-01T00:00:00Z,AWS,112233445566,DiscountedUsage,2026-01-13T12:00:00Z,2026-01-13T13:00:00Z,AmazonEC2,USEA-BoxUsage:t3.small,RunInstances,us-east-1b,i-0ee471b0f7a174c8f,1.0,1.0,1.0,0.0,0.0,0.011478,0.011478,Hrs,0.0208,0.0208,Amazon Elastic Compute Cloud,t3.small,2,2 GiB,Linux,us-east-1,AmazonEC2,17.75,25.83,18.77,134,2026-01-04T15:12:00Z,platform,staging,CC100,arn:aws:ec2:us-east-1:112233445566:reserved-instances/30148984-e0c2-4f14-b078-f55bb6f41322,0.011478,0.009756,0.001722,,,,,,,,,
50d1ab07e5f5450bb348587c3a143581,2026-01-13T22:00:00Z/2026-01-13T23:00:00Z,112233445566,2026-01-01T00:00:00Z,2026-02-01T00:00:00Z,AWS,112233445566,DiscountedUsage,2026-01-13T22:00:00Z,2026-01-13T23:00:00Z,AmazonEC2,USEA-BoxUsage:t3.small,RunInstances,us-east-1b,i-0ee471b0f7a174c8f,1.0,1.0,1.0,0.0,0.0,0.013344,0.013344,Hrs,0.0208,0.0208,Amazon Elastic Compute Cloud,t3.small,2,2 GiB,Linux,us-east-1,AmazonEC2,10.8,24.0,12.53,156,2026-01-05T10:01:21Z,platform,staging,CC100,arn:aws:ec2:us-east-1:112233445566:reserved-instances/30148984-e0c2-4f14-b078-f55bb6f41322,0.013344,0.011342,0.002002,,,,,,,,,
a1f2fbf4cefb4b10bead2f804735d998,2026-01-14T08:00:00Z/2026-01-14T09:00:00Z,112233445566,2026-01-01T00:00:00Z,2026-02-01T00:00:00Z,AWS,112233445566,DiscountedUsage,2026-01-14T08:00:00Z,2026-01-14T09:00:00Z,AmazonEC2,USEA-BoxUsage:t3.small,RunInstances,us-east-1b,i-0ee471b0f7a174c8f,1.0,1.0,1.0,0.0,0.0,0.013877,0.013877,Hrs,0.0208,0.0208,Amazon Elastic Compute Cloud,t3.small,2,2 GiB,Linux,us-east-1,AmazonEC2,11.8,12.01,17.32,73,2026-01-10T14:39:56Z,platform,staging,CC100,arn:aws:ec2:us-east-1:112233445566:reserved-instances/30148984-e0c2-4f14-b078-f55bb6f41322,0.013877,0.011795,0.002082,,,,,,,,,
4ebfb624e7244b8cae7ba59f20cc741b,2026-01-14T18:00:00Z/2026-01-14T19:00:00Z,112233445566,2026-01-01T00:00:00Z,2026-02-01T00:00:00Z,AWS,112233445566,DiscountedUsage,2026-01-14T18:00:00Z,2026-01-14T19:00:00Z,AmazonEC2,USEA-BoxUsage:t3.small,RunInstances,us-east-1b,i-0ee471b0f7a174c8f,1.0,1.0,1.0,0.0,0.0,0.013365,0.013365,Hrs,0.0208,0.0208,Amazon Elastic Compute Cloud,t3.small,2,2 GiB,Linux,us-east-1,AmazonEC2,16.57,21.49,19.9,162,2026-01-08T12:49:03Z,platform,staging,CC100,arn:aws:ec2:us-east-1:112233445566:reserved-instances/30148984-e0c2-4f14-b078-f55bb6f41322,0.013365,0.01136,0.002005,,,,,,,,,
43d59d43ef14415ba020feeffba66645,2026-01-15T04:00:00Z/2026-01-15T05:00:00Z,112233445566,2026-01-01T00:00:00Z,2026-02-01T00:00:00Z,AWS,112233445566,DiscountedUsage,2026-01-15T04:00:00Z,2026-01-15T05:00:00Z,AmazonEC2,USEA-BoxUsage:t3.small,RunInstances,us-east-1b,i-0ee471b0f7a174c8f,1.0,1.0,1.0,0.0,0.0,0.013313,0.013313,Hrs,0.0208,0.0208,Amazon Elastic Compute Cloud,t3.small,2,2 GiB,Linux,us-east-1,AmazonEC2,14.86,22.19,20.51,109,2026-01-10T16:02:54Z,platform,staging,CC100,arn:aws:ec2:us-east-1:112233445566:reserved-instances/30148984-e0c2-4f14-b078-f55bb6f41322,0.013313,0.011316,0.001997,,,,,,,,,
3845bc0af7b74ec1a1447f11e83e8d84,2026-01-15T14:00:00Z/2026-01-15T15:00:00Z,112233445566,2026-01-01T00:00:00Z,2026-02-01T00:00:00Z,AWS,112233445566,DiscountedUsage,2026-01-15T14:00:00Z,2026-01-15T15:00:00Z,AmazonEC2,USEA-BoxUsage:t3.small,RunInstances,us-east-1b,i-0ee471b0f7a174c8f,1.0,1.0,1.0,0.0,0.0,0.011758,0.011758,Hrs,0.0208,0.0208,Amazon Elastic Compute Cloud,t3.small,2,2 GiB,Linux,us-east-1,AmazonEC2,11.68,23.85,10.09,137,2026-01-08T20:58:10Z,platform,staging,CC100,arn:aws:ec2:us-east-1:112233445566:reserved-instances/30148984-e0c2-4f14-b078-f55bb6f41322,0.011758,0.009994,0.001764,,,,,,,,,
5c3d409a8eb54727b1081742ce1e2831,2026-01-16T00:00:00Z/2026-01-16T01:00:00Z,112233445566,2026-01-01T00:00:00Z,2026-02-01T00:00:00Z,AWS,112233445566,DiscountedUsage,2026-01-16T00:00:00Z,2026-01-16T01:00:00Z,AmazonEC2,USEA-BoxUsage:t3.small,RunInstances,us-east-1b,i-0ee471b0f7a174c8f,1.0,1.0,1.0,0.0,0.0,0.012657,0.012657,Hrs,0.0208,0.0208,Amazon Elastic Compute Cloud,t3.small,2,2 GiB,Linux,us-east-1,AmazonEC2,11.33,14.62,14.51,219,2026-01-05T05:40:33Z,platform,staging,CC100,arn:aws:ec2:us-east-1:112233445566:reserved-instances/30148984-e0c2-4f14-b078-f55bb6f41322,0.012657,0.010758,0.001899,,,,,,,,,
7590406ee30f4598ac729cefdcb4d0dc,2026-01-16T10:00:00Z/2026-01-16T11:00:00Z,112233445566,2026-01-01T00:00:00Z,2026-02-01T00:00:00Z,AWS,112233445566,DiscountedUsage,2026-01-16T10:00:00Z,2026-01-16T11:00:00Z,AmazonEC2,USEA-BoxUsage:t3.small,RunInstances,us-east-1b,i-0ee471b0f7a174c8f,1.0,1.0,1.0,0.0,0.0,0.012441,0.012441,Hrs,0.0208,0.0208,Amazon Elastic Compute Cloud,t3.small,2,2 GiB,Linux,us-east-1,AmazonEC2,17.66,18.33,19.88,78,2026-01-06T04:40:44Z,platform,staging,CC100,arn:aws:ec2:us-east-1:112233445566:reserved-instances/30148984-e0c2-4f14-b078-f55bb6f41322,0.012441,0.010575,0.001866,,,,,,,,,
0cc0df0d58264b76ad7a128a12d1f241,2026-01-16T20:00:00Z/2026-01-16T21:00:00Z,112233445566,2026-01-01T00:00:00Z,2026-02-01T00:00:00Z,AWS,112233445566,DiscountedUsage,2026-01-16T20:00:00Z,2026-01-16T21:00:00Z,AmazonEC2,USEA-BoxUsage:t3.small,RunInstances,us-east-1b,i-0ee471b0f7a174c8f,1.0,1.0,1.0,0.0,0.0,0.014225,0.014225,Hrs,0.0208,0.0208,Amazon Elastic Compute Cloud,t3.small,2,2 GiB,Linux,us-east-1,AmazonEC2,15.11,24.94,12.14,151,2026-01-07T10:24:22Z,platform,staging,CC100,arn:aws:ec2:us-east-1:112233445566:reserved-instances/30148984-e0c2-4f14-b078-f55bb6f41322,0.014225,0.012091,0.002134,,,,,,,,,
278fddf71791490d8db11bd07dcaecd2,2026-01-17T06:00:00Z/2026-01-17T07:00:00Z,112233445566,2026-01-01T00:00:00Z,2026-02-01T00:00:00Z,AWS,112233445566,DiscountedUsage,2026-01-17T06:00:00Z,2026-01-17T07:00:00Z,AmazonEC2,USEA-BoxUsage:t3.small,RunInstances,us-east-1b,i-0ee471b0f7a174c8f,1.0,1.0,1.0,0.0,0.0,0.014225,0.014225,Hrs,0.0208,0.0208,Amazon Elastic Compute Cloud,t3.small,2,2 GiB,Linux,us-east-1,AmazonEC2,16.73,15.44,19.8,125,2026-01-07T13:54:30Z,platform,staging,CC100,arn:aws:ec2:us-east-1:112233445566:reserved-instances/30148984-e0c2-4f14-b078-f55bb6f41322,0.014225,0.012091,0.002134,,,,,,,,,
7c6ea3e3d58e4e8393a5ef3b53d95622,2026-01-17T16:00:00Z/2026-01-17T17:00:00Z,112233445566,2026-01-01T00:00:00Z,2026-02-01T00:00:00Z,AWS,112233445566,DiscountedUsage,2026-01-17T16:00:00Z,2026-01-17T17:00:00Z,AmazonEC2,USEA-BoxUsage:t3.small,RunInstances,us-east-1b,i-0ee471b0f7a174c8f,1.0,1.0,1.0,0.0,0.0,0.011787,0.011787,Hrs,0.0208,0.0208,Amazon Elastic Compute Cloud,t3.small,2,2 GiB,Linux,us-east-1,AmazonEC2,16.67,16.94,15.46,178,2026-01-13T22:24:38Z,platform,staging,CC100,arn:aws:ec2:us-east-1:112233445566:reserved-instances/30148984-e0c2-4f14-b078-f55bb6f41322,0.011787,0.010019,0.001768,,,,,,,,,
b6e6bf484e8d429d8061ca6a8b0a245d,2026-01-18T02:00:00Z/2026-01-18T03:00:00Z,112233445566,2026-01-01T00:00:00Z,2026-02-01T00:00:00Z,AWS,112233445566,DiscountedUsage,2026-01-18T02:00:00Z,2026-01-18T03:00:00Z,AmazonEC2,USEA-BoxUsage:t3.small,RunInstances,us-east-1b,i-0ee471b0f7a174c8f,1.0,1.0,1.0,0.0,0.0,0.012426,0.012426,Hrs,0.0208,0.0208,Amazon Elastic Compute Cloud,t3.small,2,2 GiB,Linux,us-east-1,AmazonEC2,19.17,14.83,17.84,113,2026-01-12T06:36:00Z,platform,staging,CC100,arn:aws:ec2:us-east-1:112233445566:reserved-instances/30148984-e0c2-4f14-b078-f55bb6f41322,0.012426,0.010562,0.001864,,,,,,,,,
25514955f93e410bb32a86e933584ac6,2026-01-18T12:00:00Z/2026-01-18T13:00:00Z,112233445566,2026-01-01T00:00:00Z,2026-02-01T00:00:00Z,AWS,112233445566,DiscountedUsage,2026-01-18T12:00:00Z,2026-01-18T13:00:00Z,AmazonEC2,USEA-BoxUsage:t3.small,RunInstances,us-east-1b,i-0ee471b0f7a174c8f,1.0,1.0,1.0,0.0,0.0,0.011569,0.011569,Hrs,0.0208,0.0208,Amazon Elastic Compute Cloud,t3.small,2,2 GiB,Linux,us-east-1,AmazonEC2,11.81,20.03,13.7,187,2026-01-14T21:45:55Z,platform,staging,CC100,arn:aws:ec2:us-east-1:112233445566:reserved-instances/30148984-e0c2-4f14-b078-f55bb6f41322,0.011569,0.009834,0.001735,,,,,,,,,
c53edead703341598bbd13a845f7b554,2026-01-18T22:00:00Z/2026-01-18T23:00:00Z,112233445566,2026-01-01T00:00:00Z,2026-02-01T00:00:00Z,AWS,112233445566,DiscountedUsage,2026-01-18T22:00:00Z,2026-01-18T23:00:00Z,AmazonEC2,USEA-BoxUsage:t3.small,RunInstances,us-east-1b,i-0ee471b0f7a174c8f,1.0,1.0,1.0,0.0,0.0,0.014046,0.014046,Hrs,0.0208,0.0208,Amazon Elastic Compute Cloud,t3.small,2,2 GiB,Linux,us-east-1,AmazonEC2,14.91,25.18,9.36,194,2026-01-08T11:46:58Z,platform,staging,CC100,arn:aws:ec2:us-east-1:112233445566:reserved-instances/30148984-e0c2-4f14-b078-f55bb6f41322,0.014046,0.011939,0.002107,,,,,,,,,
b386f0874b8d474aa418a1050b9498d0,2026-01-19T08:00:00Z/2026-01-19T09:00:00Z,112233445566,2026-01-01T00:00:00Z,2026-02-01T00:00:00Z,AWS,112233445566,DiscountedUsage,2026-01-19T08:00:00Z,2026-01-19T09:00:00Z,AmazonEC2,USEA-BoxUsage:t3.small,RunInstances,us-east-1b,i-0ee471b0f7a174c8f,1.0,1.0,1.0,0.0,0.0,0.013564,0.013564,Hrs,0.0208,0.0208,Amazon Elastic Compute Cloud,t3.small,2,2 GiB,Linux,us-east-1,AmazonEC2,9.38,12.68,10.98,192,2026-01-11T23:54:00Z,platform,staging,CC100,arn:aws:ec2:us-east-1:112233445566:reserved-instances/30148984-e0c2-4f14-b078-f55bb6f41322,0.013564,0.011529,0.002035,,,,,,,,,
bf94155ba527403595f6ff39d0b23387,2026-01-19T18:00:00Z/2026-01-19T19:00:00Z,112233445566,2026-01-01T00:00:00Z,2026-02-01T00:00:00Z,AWS,112233445566,DiscountedUsage,2026-01-19T18:00:00Z,2026-01-19T19:00:00Z,AmazonEC2,USEA-BoxUsage:t3.small,RunInstances,us-east-1b,i-0ee471b0f7a174c8f,1.0,1.0,1.0,0.0,0.0,0.013902,0.013902,Hrs,0.0208,0.0208,Amazon Elastic Compute Cloud,t3.small,2,2 GiB,Linux,us-east-1,AmazonEC2,14.3,22.35,9.33,210,2026-01-13T23:36:00Z,platform,staging,CC100,arn:aws:ec2:us-east-1:112233445566:reserved-instances/30148984-e0c2-4f14-b078-f55bb6f41322,0.013902,0.011817,0.002085,,,,,,,,,
c5860b2155e04b8aa7064db017cb333e,2026-01-20T04:00:00Z/2026-01-20T05:00:00Z,112233445566,2026-01-01T00:00:00Z,2026-02-01T00:00:00Z,AWS,112233445566,DiscountedUsage,2026-01-20T04:00:00Z,2026-01-20T05:00:00Z,AmazonEC2,USEA-BoxUsage:t3.small,RunInstances,us-east-1b,i-0ee471b0f7a174c8f,1.0,1.0,1.0,0.0,0.0,0.013543,0.013543,Hrs,0.0208,0.0208,Amazon Elastic Compute Cloud,t3.small,2,2 GiB,Linux,us-east-1,AmazonEC2,8.67,26.77,20.31,123,2026-01-15T00:29:13Z,platform,staging,CC100,arn:aws:ec2:us-east-1:112233445566:reserved-instances/30148984-e0c2-4f14-b078-f55bb6f41322,0.013543,0.011512,0.002031,,,,,,,,,
cf9494cb5569472095ecb9b68ec0b0cc,2026-01-20T14:00:00Z/2026-01-20T15:00:00Z,112233445566,2026-01-01T00:00:00Z,2026-02-01T00:00:00Z,AWS,112233445566,DiscountedUsage,2026-01-20T14:00:00Z,2026-01-20T15:00:00Z,AmazonEC2,USEA-BoxUsage:t3.small,RunInstances,us-east-1b,i-0ee471b0f7a174c8f,1.0,1.0,1.0,0.0,0.0,0.013155,0.013155,Hrs,0.0208,0.0208,Amazon Elastic Compute Cloud,t3.small,2,2 GiB,Linux,us-east-1,AmazonEC2,14.18,18.92,10.18,115,2026-01-09T02:39:59Z,platform,staging,CC100,arn:aws:ec2:us-east-1:112233445566:reserved-instances/30148984-e0c2-4f14-b078-f55bb6f41322,0.013155,0.011182,0.001973,,,,,,,,,
df51cb1c45e148fd8345f87c12c20e39,2026-01-21T00:00:00Z/2026-01-21T01:00:00Z,112233445566,2026-01-01T00:00:00Z,2026-02-01T00:00:00Z,AWS,112233445566,DiscountedUsage,2026-01-21T00:00:00Z,2026-01-21T01:00:00Z,AmazonEC2,USEA-BoxUsage:t3.small,RunInstances,us-east-1b,i-0ee471b0f7a174c8f,1.0,1.0,1.0,0.0,0.0,0.013798,0.013798,Hrs,0.0208,0.0208,Amazon Elastic Compute Cloud,t3.small,2,2 GiB,Linux,us-east-1,AmazonEC2,7.37,27.46,11.79,202,2026-01-17T07:43:27Z,platform,staging,CC100,arn:aws:ec2:us-east-1:112233445566:reserved-instances/30148984-e0c2-4f14-b078-f55bb6f41322,0.013798,0.011728,0.00207,,,,,,,,,
aa86e92e16234eefb36b2424decff644,2026-01-21T10:00:00Z/2026-01-21T11:00:00Z,112233445566,2026-01-01T00:00:00Z,2026-02-01T00:00:00Z,AWS,112233445566,DiscountedUsage,2026-01-21T10:00:00Z,2026-01-21T11:00:00Z,AmazonEC2,USEA-BoxUsage:t3.small,RunInstances,us-east-1b,i-0ee471b0f7a174c8f,1.0,1.0,1.0,0.0,0.0,0.011561,0.011561,Hrs,0.0208,0.0208,Amazon Elastic Compute Cloud,t3.small,2,2 GiB,Linux,us-east-1,AmazonEC2,12.62,26.14,12.51,164,2026-01-14T16:39:19Z,platform,staging,CC100,arn:aws:ec2:us-east-1:112233445566:reserved-instances/30148984-e0c2-4f14-b078-f55bb6f41322,0.011561,0.009827,0.001734,,,,,,,,,
111a142a5ee44ba88bef34d4b4acc9c6,2026-01-21T20:00:00Z/2026-01-21T21:00:00Z,112233445566,2026-01-01T00:00:00Z,2026-02-01T00:00:00Z,AWS,112233445566,DiscountedUsage,2026-01-21T20:00:00Z,2026-01-21T21:00:00Z,AmazonEC2,USEA-BoxUsage:t3.small,RunInstances,us-east-1b,i-0ee471b0f7a174c8f,1.0,1.0,1.0,0.0,0.0,0.01231,0.01231,Hrs,0.0208,0.0208,Amazon Elastic Compute Cloud,t3.small,2,2 GiB,Linux,us-east-1,AmazonEC2,16.76,14.6,23.69,184,2026-01-12T18:42:06Z,platform,staging,CC100,arn:aws:ec2:us-east-1:112233445566:reserved-instances/30148984-e0c2-4f14-b078-f55bb6f41322,0.01231,0.010463,0.001846,,,,,,,,,
fb7bf26ba0cf4dadb8fe2d8a344529ea,2026-01-22T06:00:00Z/2026-01-22T07:00:00Z,112233445566,2026-01-01T00:00:00Z,2026-02-01T00:00:00Z,AWS,112233445566,DiscountedUsage,2026-01-22T06:00:00Z,2026-01-22T07:00:00Z,AmazonEC2,USEA-BoxUsage:t3.small,RunInstances,us-east-1b,i-0ee471b0f7a174c8f,1.0,1.0,1.0,0.0,0.0,0.013126,0.013126,Hrs,0.0208,0.0208,Amazon Elastic Compute Cloud,t3.small,2,2 GiB,Linux,us-east-1,AmazonEC2,15.01,15.74,11.61,212,2026-01-13T03:29:02Z,platform,staging,CC100,arn:aws:ec2:us-east-1:112233445566:reserved-instances/30148984-e0c2-4f14-b078-f55bb6f41322,0.013126,0.011157,0.001969,,,,,,,,,
f71393b5c6054795b37cacc185316f52,2026-01-22T16:00:00Z/2026-01-22T17:00:00Z,112233445566,2026-01-01T00:00:00Z,2026-02-01T00:00:00Z,AWS,112233445566,DiscountedUsage,2026-01-22T16:00:00Z,2026-01-22T17:00:00Z,AmazonEC2,USEA-BoxUsage:t3.small,RunInstances,us-east-1b,i-0ee471b0f7a174c8f,1.0,1.0,1.0,0.0,0.0,0.014361,0.014361,Hrs,0.0208,0.0208,Amazon Elastic Compute Cloud,t3.small,2,2 GiB,Linux,us-east-1,AmazonEC2,17.17,13.62,12.9,133,2026-01-14T07:46:29Z,platform,staging,CC100,arn:aws:ec2:us-east-1:112233445566:reserved-instances/30148984-e0c2-4f14-b078-f55bb6f41322,0.014361,0.012207,0.002154,,,,,,,,,
dbe9f530326144ce8e4d0c2912c32c7a,2026-01-23T02:00:00Z/2026-01-23T03:00:00Z,112233445566,2026-01-01T00:00:00Z,2026-02-01T00:00:00Z,AWS,112233445566,DiscountedUsage,2026-01-23T02:00:00Z,2026-01-23T03:00:00Z,AmazonEC2,USEA-BoxUsage:t3.small,RunInstances,us-east-1b,i-0ee471b0f7a174c8f,1.0,1.0,1.0,0.0,0.0,0.013654,0.013654,Hrs,0.0208,0.0208,Amazon Elastic Compute Cloud,t3.small,2,2 GiB,Linux,us-east-1,AmazonEC2,14.91,12.58,19.44,127,2026-01-11T05:12:50Z,platform,staging,CC100,arn:aws:ec2:us-east-1:112233445566:reserved-instances/30148984-e0c2-4f14-b078-f55bb6f41322,0.013654,0.011606,0.002048,,,,,,,,,
5721bc6927214734b984458ce82399b8,2026-01-23T12:00:00Z/2026-01-23T13:00:00Z,112233445566,2026-01-01T00:00:00Z,2026-02-01T00:00:00Z,AWS,112233445566,DiscountedUsage,2026-01-23T12:00:00Z,2026-01-23T13:00:00Z,AmazonEC2,USEA-BoxUsage:t3.small,RunInstances,us-east-1b,i-0ee471b0f7a174c8f,1.0,1.0,1.0,0.0,0.0,0.014455,0.014455,Hrs,0.0208,0.0208,Amazon Elastic Compute Cloud,t3.small,2,2 GiB,Linux,us-east-1,AmazonEC2,18.57,18.97,18.11,188,2026-01-15T17:09:38Z,platform,staging,CC100,arn:aws:ec2:us-east-1:112233445566:reserved-instances/30148984-e0c2-4f14-b078-f55bb6f41322,0.014455,0.012287,0.002168,,,,,,,,,
9bc5981a2c3444a89568051d780df834,2026-01-23T22:00:00Z/2026-01-23T23:00:00Z,112233445566,2026-01-01T00:00:00Z,2026-02-01T00:00:00Z,AWS,112233445566,DiscountedUsage,2026-01-23T22:00:00Z,2026-01-23T23:00:00Z,AmazonEC2,USEA-BoxUsage:t3.small,RunInstances,us-east-1b,i-0ee471b0f7a174c8f,1.0,1.0,1.0,0.0,0.0,0.014158,0.014158,Hrs,0.0208,0.0208,Amazon Elastic Compute Cloud,t3.small,2,2 GiB,Linux,us-east-1,AmazonEC2,17.56,21.82,15.97,83,2026-01-17T16:26:43Z,platform,staging,CC100,arn:aws:ec2:us-east-1:112233445566:reserved-instances/30148984-e0c2-4f14-b078-f55bb6f41322,0.014158,0.012034,0.002124,,,,,,,,,
51b88709a33540d6ad15268b316ec7e1,2026-01-24T08:00:00Z/2026-01-24T09:00:00Z,112233445566,2026-01-01T00:00:00Z,2026-02-01T00:00:00Z,AWS,112233445566,DiscountedUsage,2026-01-24T08:00:00Z,2026-01-24T09:00:00Z,AmazonEC2,USEA-BoxUsage:t3.small,RunInstances,us-east-1b,i-0ee471b0f7a174c8f,1.0,1.0,1.0,0.0,0.0,0.012137,0.012137,Hrs,0.0208,0.0208,Amazon Elastic Compute Cloud,t3.small,2,2 GiB,Linux,us-east-1,AmazonEC2,9.66,12.24,9.07,109,2026-01-19T07:07:03Z,platform,staging,CC100,arn:aws:ec2:us-east-1:112233445566:reserved-instances/30148984-e0c2-4f14-b078-f55bb6f41322,0.012137,0.010316,0.001821,,,,,,,,,
616b1f63620c4785a41c00b5097152a9,2026-01-24T18:00:00Z/2026-01-24T19:00:00Z,112233445566,2026-01-01T00:00:00Z,2026-02-01T00:00:00Z,AWS,112233445566,DiscountedUsage,2026-01-24T18:00:00Z,2026-01-24T19:00:00Z,AmazonEC2,USEA-BoxUsage:t3.small,RunInstances,us-east-1b,i-0ee471b0f7a174c8f,1.0,1.0,1.0,0.0,0.0,0.014337,0.014337,Hrs,0.0208,0.0208,Amazon Elastic Compute Cloud,t3.small,2,2 GiB,Linux,us-east-1,AmazonEC2,7.23,16.46,14.92,183,2026-01-14T13:45:07Z,platform,staging,CC100,arn:aws:ec2:us-east-1:112233445566:reserved-instances/30148984-e0c2-4f14-b078-f55bb6f41322,0.014337,0.012186,0.002151,,,,,,,,,
81317d270902430787126d19a738ac19,2026-01-25T04:00:00Z/2026-01-25T05:00:00Z,112233445566,2026-01-01T00:00:00Z,2026-02-01T00:00:00Z,AWS,112233445566,DiscountedUsage,2026-01-25T04:00:00Z,2026-01-25T05:00:00Z,AmazonEC2,USEA-BoxUsage:t3.small,RunInstances,us-east-1b,i-0ee471b0f7a174c8f,1.0,1.0,1.0,0.0,0.0,0.013132,0.013132,Hrs,0.0208,0.0208,Amazon Elastic Compute Cloud,t3.small,2,2 GiB,Linux,us-east-1,AmazonEC2,19.15,20.53,12.04,158,2026-01-15T16:27:24Z,platform,staging,CC100,arn:aws:ec2:us-east-1:112233445566:reserved-instances/30148984-e0c2-4f14-b078-f55bb6f41322,0.013132,0.011162,0.00197,,,,,,,,,
2c54bf0477bb4ee2ba37bf54a77c44a9,2026-01-25T14:00:00Z/2026-01-25T15:00:00Z,112233445566,2026-01-01T00:00:00Z,2026-02-01T00:00:00Z,AWS,112233445566,DiscountedUsage,2026-01-25T14:00:00Z,2026-01-25T15:00:00Z,AmazonEC2,USEA-BoxUsage:t3.small,RunInstances,us-east-1b,i-0ee471b0f7a174c8f,1.0,1.0,1.0,0.0,0.0,0.012172,0.012172,Hrs,0.0208,0.0208,Amazon Elastic Compute Cloud,t3.small,2,2 GiB,Linux,us-east-1,AmazonEC2,13.16,21.46,22.14,143,2026-01-17T18:53:59Z,platform,staging,CC100,arn:aws:ec2:us-east-1:112233445566:reserved-instances/30148984-e0c2-4f14-b078-f55bb6f41322,0.012172,0.010346,0.001826,,,,,,,,,
5b4714c4b93b4fa6860c37c8fb03706f,2026-01-26T00:00:00Z/2026-01-26T01:00:00Z,112233445566,2026-01-01T00:00:00Z,2026-02-01T00:00:00Z,AWS,112233445566,DiscountedUsage,2026-01-26T00:00:00Z,2026-01-26T01:00:00Z,AmazonEC2,USEA-BoxUsage:t3.small,RunInstances,us-east-1b,i-0ee471b0f7a174c8f,1.0,1.0,1.0,0.0,0.0,0.014238,0.014238,Hrs,0.0208,0.0208,Amazon Elastic Compute Cloud,t3.small,2,2 GiB,Linux,us-east-1,AmazonEC2,8.23,27.25,10.16,100,2026-01-18T13:38:54Z,platform,staging,CC100,arn:aws:ec2:us-east-1:112233445566:reserved-instances/30148984-e0c2-4f14-b078-f55bb6f41322,0.014238,0.012102,0.002136,,,,,,,,,
b81d9c68a857425b83452617d90bb3de,2026-01-26T10:00:00Z/2026-01-26T11:00:00Z,112233445566,2026-01-01T00:00:00Z,2026-02-01T00:00:00Z,AWS,112233445566,DiscountedUsage,2026-01-26T10:00:00Z,2026-01-26T11:00:00Z,AmazonEC2,USEA-BoxUsage:t3.small,RunInstances,us-east-1b,i-0ee471b0f7a174c8f,1.0,1.0,1.0,0.0,0.0,0.012753,0.012753,Hrs,0.0208,0.0208,Amazon Elastic Compute Cloud,t3.small,2,2 GiB,Linux,us-east-1,AmazonEC2,10.46,27.13,16.03,161,2026-01-17T05:58:29Z,platform,staging,CC100,arn:aws:ec2:us-east-1:112233445566:reserved-instances/30148984-e0c2-4f14-b078-f55bb6f41322,0.012753,0.01084,0.001913,,,,,,,,,
ab56627d07ec4458a39ba3a7f3b2a120,2026-01-26T20:00:00Z/2026-01-26T21:00:00Z,112233445566,2026-01-01T00:00:00Z,2026-02-01T00:00:00Z,AWS,112233445566,DiscountedUsage,2026-01-26T20:00:00Z,2026-01-26T21:00:00Z,AmazonEC2,USEA-BoxUsage:t3.small,RunInstances,us-east-1b,i-0ee471b0f7a174c8f,1.0,1.0,1.0,0.0,0.0,0.011597,0.011597,Hrs,0.0208,0.0208,Amazon Elastic Compute Cloud,t3.small,2,2 GiB,Linux,us-east-1,AmazonEC2,19.41,13.18,11.54,103,2026-01-16T09:14:38Z,platform,staging,CC100,arn:aws:ec2:us-east-1:112233445566:reserved-instances/30148984-e0c2-4f14-b078-f55bb6f41322,0.011597,0.009857,0.00174,,,,,,,,,
9ed13804b7a44cfe98d82ff237fdaa57,2026-01-27T06:00:00Z/2026-01-27T07:00:00Z,112233445566,2026-01-01T00:00:00Z,2026-02-01T00:00:00Z,AWS,112233445566,DiscountedUsage,2026-01-27T06:00:00Z,2026-01-27T07:00:00Z,AmazonEC2,USEA-BoxUsage:t3.small,RunInstances,us-east-1b,i-0ee471b0f7a174c8f,1.0,1.0,1.0,0.0,0.0,0.014184,0.014184,Hrs,0.0208,0.0208,Amazon Elastic Compute Cloud,t3.small,2,2 GiB,Linux,us-east-1,AmazonEC2,10.48,25.68,10.18,171,2026-01-17T22:19:56Z,platform,staging,CC100,arn:aws:ec2:us-east-1:112233445566:reserved-instances/30148984-e0c2-4f14-b078-f55bb6f41322,0.014184,0.012056,0.002128,,,,,,,,,
a05d88059bea4f42a6b1cec819b1e179,2026-01-27T16:00:00Z/2026-01-27T17:00:00Z,112233445566,2026-01-01T00:00:00Z,2026-02-01T00:00:00Z,AWS,112233445566,DiscountedUsage,2026-01-27T16:00:00Z,2026-01-27T17:00:00Z,AmazonEC2,USEA-BoxUsage:t3.small,RunInstances,us-east-1b,i-0ee471b0f7a174c8f,1.0,1.0,1.0,0.0,0.0,0.012195,0.012195,Hrs,0.0208,0.0208,Amazon Elastic Compute Cloud,t3.small,2,2 GiB,Linux,us-east-1,AmazonEC2,12.15,21.26,10.83,115,2026-01-18T03:01:47Z,platform,staging,CC100,arn:aws:ec2:us-east-1:112233445566:reserved-instances/30148984-e0c2-4f14-b078-f55bb6f41322,0.012195,0.010366,0.001829,,,,,,,,,
b35727c2c0364e53bac87e2464f17c4d,2026-01-28T02:00:00Z/2026-01-28T03:00:00Z,112233445566,2026-01-01T00:00:00Z,2026-02-01T00:00:00Z,AWS,112233445566,DiscountedUsage,2026-01-28T02:00:00Z,2026-01-28T03:00:00Z,AmazonEC2,USEA-BoxUsage:t3.small,RunInstances,us-east-1b,i-0ee471b0f7a174c8f,1.0,1.0,1.0,0.0,0.0,0.01396,0.01396,Hrs,0.0208,0.0208,Amazon Elastic Compute Cloud,t3.small,2,2 GiB,Linux,us-east-1,AmazonEC2,7.54,20.64,14.55,163,2026-01-22T05:05:58Z,platform,staging,CC100,arn:aws:ec2:us-east-1:112233445566:reserved-instances/30148984-e0c2-4f14-b078-f55bb6f41322,0.01396,0.011866,0.002094,,,,,,,,,
223f0efb5a3f45cca7d77830070ae012,2026-01-28T12:00:00Z/2026-01-28T13:00:00Z,112233445566,2026-01-01T00:00:00Z,2026-02-01T00:00:00Z,AWS,112233445566,DiscountedUsage,2026-01-28T12:00:00Z,2026-01-28T13:00:00Z,AmazonEC2,USEA-BoxUsage:t3.small,RunInstances,us-east-1b,i-0ee471b0f7a174c8f,1.0,1.0,1.0,0.0,0.0,0.011742,0.011742,Hrs,0.0208,0.0208,Amazon Elastic Compute Cloud,t3.small,2,2 GiB,Linux,us-east-1,AmazonEC2,15.5,17.21,15.86,126,2026-01-22T08:45:30Z,platform,staging,CC100,arn:aws:ec2:us-east-1:112233445566:reserved-instances/30148984-e0c2-4f14-b078-f55bb6f41322,0.011742,0.009981,0.001761,,,,,,,,,
a88deef0e25740acbee1f4c6e049419b,2026-01-28T22:00:00Z/2026-01-28T23:00:00Z,112233445566,2026-01-01T00:00:00Z,2026-02-01T00:00:00Z,AWS,112233445566,DiscountedUsage,2026-01-28T22:00:00Z,2026-01-28T23:00:00Z,AmazonEC2,USEA-BoxUsage:t3.small,RunInstances,us-east-1b,i-0ee471b0f7a174c8f,1.0,1.0,1.0,0.0,0.0,0.014201,0.014201,Hrs,0.0208,0.0208,Amazon Elastic Compute Cloud,t3.small,2,2 GiB,Linux,us-east-1,AmazonEC2,18.41,21.64,10.62,73,2026-01-18T00:27:23Z,platform,staging,CC100,arn:aws:ec2:us-east-1:112233445566:reserved-instances/30148984-e0c2-4f14-b078-f55bb6f41322,0.014201,0.012071,0.00213,,,,,,,,,
6d0e84bda27647bc9520bf3a4e24d6a1,2026-01-29T08:00:00Z/2026-01-29T09:00:00Z,112233445566,2026-01-01T00:00:00Z,2026-02-01T00:00:00Z,AWS,112233445566,DiscountedUsage,2026-01-29T08:00:00Z,2026-01-29T09:00:00Z,AmazonEC2,USEA-BoxUsage:t3.small,RunInstances,us-east-1b,i-0ee471b0f7a174c8f,1.0,1.0,1.0,0.0,0.0,0.01416,0.01416,Hrs,0.0208,0.0208,Amazon Elastic Compute Cloud,t3.small,2,2 GiB,Linux,us-east-1,AmazonEC2,10.12,15.65,9.58,114,2026-01-16T22:46:48Z,platform,staging,CC100,arn:aws:ec2:us-east-1:112233445566:reserved-instances/30148984-e0c2-4f14-b078-f55bb6f41322,0.01416,0.012036,0.002124,,,,,,,,,
5314edb6306040c087e786e882fc81c7,2026-01-29T18:00:00Z/2026-01-29T19:00:00Z,112233445566,2026-01-01T00:00:00Z,2026-02-01T00:00:00Z,AWS,112233445566,DiscountedUsage,2026-01-29T18:00:00Z,2026-01-29T19:00:00Z,AmazonEC2,USEA-BoxUsage:t3.small,RunInstances,us-east-1b,i-0ee471b0f7a174c8f,1.0,1.0,1.0,0.0,0.0,0.011886,0.011886,Hrs,0.0208,0.0208,Amazon Elastic Compute Cloud,t3.small,2,2 GiB,Linux,us-east-1,AmazonEC2,8.36,26.87,9.74,127,2026-01-18T07:04:04Z,platform,staging,CC100,arn:aws:ec2:us-east-1:112233445566:reserved-instances/30148984-e0c2-4f14-b078-f55bb6f41322,0.011886,0.010103,0.001783,,,,,,,,,
c31b0ff5d92444afac0357f8d250db09,2026-01-30T04:00:00Z/2026-01-30T05:00:00Z,112233445566,2026-01-01T00:00:00Z,2026-02-01T00:00:00Z,AWS,112233445566,DiscountedUsage,2026-01-30T04:00:00Z,2026-01-30T05:00:00Z,AmazonEC2,USEA-BoxUsage:t3.small,RunInstances,us-east-1b,i-0ee471b0f7a174c8f,1.0,1.0,1.0,0.0,0.0,0.013076,0.013076,Hrs,0.0208,0.0208,Amazon Elastic Compute Cloud,t3.small,2,2 GiB,Linux,us-east-1,AmazonEC2,9.73,21.79,23.08,128,2026-01-20T04:55:01Z,platform,staging,CC100,arn:aws:ec2:us-east-1:112233445566:reserved-instances/30148984-e0c2-4f14-b078-f55bb6f41322,0.013076,0.011115,0.001961,,,,,,,,,
2a0e3aca133144838773a53ff0efc1b3,2026-01-30T14:00:00Z/2026-01-30T15:00:00Z,112233445566,2026-01-01T00:00:00Z,2026-02-01T00:00:00Z,AWS,112233445566,DiscountedUsage,2026-01-30T14:00:00Z,2026-01-30T15:00:00Z,AmazonEC2,USEA-BoxUsage:t3.small,RunInstances,us-east-1b,i-0ee471b0f7a174c8f,1.0,1.0,1.0,0.0,0.0,0.012344,0.012344,Hrs,0.0208,0.0208,Amazon Elastic Compute Cloud,t3.small,2,2 GiB,Linux,us-east-1,AmazonEC2,16.24,12.49,11.61,97,2026-01-22T19:28:11Z,platform,staging,CC100,arn:aws:ec2:us-east-1:112233445566:reserved-instances/30148984-e0c2-4f14-b078-f55bb6f41322,0.012344,0.010492,0.001852,,,,,,,,,
07c4b478a3464b86a967bf887a88ca0e,2026-01-01T00:00:00Z/2026-01-01T01:00:00Z,112233445566,2026-01-01T00:00:00Z,2026-02-01T00:00:00Z,AWS,334455667788,Usage,2026-01-01T00:00:00Z,2026-01-01T01:00:00Z,AmazonEC2,USEA-BoxUsage:t3.micro,RunInstances,us-east-1a,i-0ac2a09dfba6647b1,1.0,0.5,0.5,0.0104,0.0104,0.010614,0.010558,Hrs,0.0104,0.0104,Amazon Elastic Compute Cloud,t3.micro,2,1 GiB,Linux,us-east-1,AmazonEC2,1.22,6.44,1.67,504,2025-11-17T16:16:30Z,,,,,,,,,,,,,,,,
ebfb33346b4a42868e77e62df52469f6,2026-01-01T10:00:00Z/2026-01-01T11:00:00Z,112233445566,2026-01-01T00:00:00Z,2026-02-01T00:00:00Z,AWS,334455667788,Usage,2026-01-01T10:00:00Z,2026-01-01T11:00:00Z,AmazonEC2,USEA-BoxUsage:t3.micro,RunInstances,us-east-1a,i-0ac2a09dfba6647b1,1.0,0.5,0.5,0.0104,0.0104,0.010573,0.010724,Hrs,0.0104,0.0104,Amazon Elastic Compute Cloud,t3.micro,2,1 GiB,Linux,us-east-1,AmazonEC2,2.93,9.46,2.0,489,2025-12-17T05:57:35Z,,,,,,,,,,,,,,,,
723875e7cd084414b159919286f06304,2026-01-01T20:00:00Z/2026-01-01T21:00:00Z,112233445566,2026-01-01T00:00:00Z,2026-02-01T00:00:00Z,AWS,334455667788,Usage,2026-01-01T20:00:00Z,2026-01-01T21:00:00Z,AmazonEC2,USEA-BoxUsage:t3.micro,RunInstances,us-east-1a,i-0ac2a09dfba6647b1,1.0,0.5,0.5,0.0104,0.0104,0.010041,0.010441,Hrs,0.0104,0.0104,Amazon Elastic Compute Cloud,t3.micro,2,1 GiB,Linux,us-east-1,AmazonEC2,4.27,7.02,4.01,557,2025-12-04T03:17:27Z,,,,,,,,,,,,,,,,
952e8a1487ec4e32924ff40e70e7c128,2026-01-02T06:00:00Z/2026-01-02T07:00:00Z,112233445566,2026-01-01T00:00:00Z,2026-02-01T00:00:00Z,AWS,334455667788,Usage,2026-01-02T06:00:00Z,2026-01-02T07:00:00Z,AmazonEC2,USEA-BoxUsage:t3.micro,RunInstances,us-east-1a,i-0ac2a09dfba6647b1,1.0,0.5,0.5,0.0104,0.0104,0.010315,0.010212,Hrs,0.0104,0.0104,Amazon Elastic Compute Cloud,t3.micro,2,1 GiB,Linux,us-east-1,AmazonEC2,4.37,9.23,6.62,596,2025-11-25T21:59:17Z,,,,,,,,,,,,,,,,
83189e10a9c74399869a3c5c968ff218,2026-01-02T16:00:00Z/2026-01-02T17:00:00Z,112233445566,2026-01-01T00:00:00Z,2026-02-01T00:00:00Z,AWS,334455667788,Usage,2026-01-02T16:00:00Z,2026-01-02T17:00:00Z,AmazonEC2,USEA-BoxUsage:t3.micro,RunInstances,us-east-1a,i-0ac2a09dfba6647b1,1.0,0.5,0.5,0.0104,0.0104,0.010008,0.010024,Hrs,0.0104,0.0104,Amazon Elastic Compute Cloud,t3.micro,2,1 GiB,Linux,us-east-1,AmazonEC2,1.38,3.14,6.15,617,2025-12-14T10:05:35Z,,,,,,,,,,,,,,,,
ddfda096e5df42dabb420e4a1c58eba7,2026-01-03T02:00:00Z/2026-01-03T03:00:00Z,112233445566,2026-01-01T00:00:00Z,2026-02-01T00:00:00Z,AWS,334455667788,Usage,2026-01-03T02:00:00Z,2026-01-03T03:00:00Z,AmazonEC2,USEA-BoxUsage:t3.micro,RunInstances,us-east-1a,i-0ac2a09dfba6647b1,1.0,0.5,0.5,0.0104,0.0104,0.010808,0.010914,Hrs,0.0104,0.0104,Amazon Elastic Compute Cloud,t3.micro,2,1 GiB,Linux,us-east-1,AmazonEC2,1.85,4.12,1.08,462,2025-11-19T16:28:05Z,,,,,,,,,,,,,,,,
5208270c42e6415cbd0e5e0840145b8f,2026-01-03T12:00:00Z/2026-01-03T13:00:00Z,112233445566,2026-01-01T00:00:00Z,2026-02-01T00:00:00Z,AWS,334455667788,Usage,2026-01-03T12:00:00Z,2026-01-03T13:00:00Z,AmazonEC2,USEA-BoxUsage:t3.micro,RunInstances,us-east-1a,i-0ac2a09dfba6647b1,1.0,0.5,0.5,0.0104,0.0104,0.010556,0.01083,Hrs,0.0104,0.0104,Amazon Elastic Compute Cloud,t3.micro,2,1 GiB,Linux,us-east-1,AmazonEC2,2.08,4.19,7.33,550,2025-12-15T05:58:27Z,,,,,,,,,,,,,,,,
fd2f48b1350c427c9d44510fb296af74,2026-01-03T22:00:00Z/2026-01-03T23:00:00Z,112233445566,2026-01-01T00:00:00Z,2026-02-01T00:00:00Z,AWS,334455667788,Usage,2026-01-03T22:00:00Z,2026-01-03T23:00:00Z,AmazonEC2,USEA-BoxUsage:t3.micro,RunInstances,us-east-1a,i-0ac2a09dfba6647b1,1.0,0.5,0.5,0.0104,0.0104,0.009959,0.010216,Hrs,0.0104,0.0104,Amazon Elastic Compute Cloud,t3.micro,2,1 GiB,Linux,us-east-1,AmazonEC2,2.99,7.16,7.7,569,2025-12-14T11:08:38Z,,,,,,,,,,,,,,,,
468f2738b91045cab3408f51f2562c0f,2026-01-04T08:00:00Z/2026-01-04T09:00:00Z,112233445566,2026-01-01T00:00:00Z,2026-02-01T00:00:00Z,AWS,334455667788,Usage,2026-01-04T08:00:00Z,2026-01-04T09:00:00Z,AmazonEC2,USEA-BoxUsage:t3.micro,RunInstances,us-east-1a,i-0ac2a09dfba6647b1,1.0,0.5,0.5,0.0104,0.0104,0.010586,0.010299,Hrs,0.0104,0.0104,Amazon Elastic Compute Cloud,t3.micro,2,1 GiB,Linux,us-east-1,AmazonEC2,4.42,6.33,2.27,681,2025-12-01T15:32:17Z,,,,,,,,,,,,,,,,
47a85b9beea4447a837533c4e542062b,2026-01-04T18:00:00Z/2026-01-04T19:00:00Z,112233445566,2026-01-01T00:00:00Z,2026-02-01T00:00:00Z,AWS,334455667788,Usage,2026-01-04T18:00:00Z,2026-01-04T19:00:00Z,AmazonEC2,USEA-BoxUsage:t3.micro,RunInstances,us-east-1a,i-0ac2a09dfba6647b1,1.0,0.5,0.5,0.0104,0.0104,0.010911,0.009939,Hrs,0.0104,0.0104,Amazon Elastic Compute Cloud,t3.micro,2,1 GiB,Linux,us-east-1,AmazonEC2,0.57,2.83,2.32,628,2025-12-10T02:04:14Z,,,,,,,,,,,,,,,,
b4b9f51652e846ae992fcd3b9b068781,2026-01-05T04:00:00Z/2026-01-05T05:00:00Z,112233445566,2026-01-01T00:00:00Z,2026-02-01T00:00:00Z,AWS,334455667788,Usage,2026-01-05T04:00:00Z,2026-01-05T05:00:00Z,AmazonEC2,USEA-BoxUsage:t3.micro,RunInstances,us-east-1a,i-0ac2a09dfba6647b1,1.0,0.5,0.5,0.0104,0.0104,0.010896,0.010154,Hrs,0.0104,0.0104,Amazon Elastic Compute Cloud,t3.micro,2,1 GiB,Linux,us-east-1,AmazonEC2,3.29,9.86,1.02,695,2025-11-24T05:37:13Z,,,,,,,,,,,,,,,,
d20e95228df74cee824ba8766c34a337,2026-01-05T14:00:00Z/2026-01-05T15:00:00Z,112233445566,2026-01-01T00:00:00Z,2026-02-01T00:00:00Z,AWS,334455667788,Usage,2026-01-05T14:00:00Z,2026-01-05T15:00:00Z,AmazonEC2,USEA-BoxUsage:t3.micro,RunInstances,us-east-1a,i-0ac2a09dfba6647b1,1.0,0.5,0.5,0.0104,0.0104,0.010148,0.009994,Hrs,0.0104,0.0104,Amazon Elastic Compute Cloud,t3.micro,2,1 GiB,Linux,us-east-1,AmazonEC2,2.02,7.94,2.59,421,2025-12-20T15:09:48Z,,,,,,,,,,,,,,,,
2af5209152ef42b6abc5233c63d3ef84,2026-01-06T00:00:00Z/2026-01-06T01:00:00Z,112233445566,2026-01-01T00:00:00Z,2026-02-01T00:00:00Z,AWS,334455667788,Usage,2026-01-06T00:00:00Z,2026-01-06T01:00:00Z,AmazonEC2,USEA-BoxUsage:t3.micro,RunInstances,us-east-1a,i-0ac2a09dfba6647b1,1.0,0.5,0.5,0.0104,0.0104,0.010147,0.010536,Hrs,0.0104,0.0104,Amazon Elastic Compute Cloud,t3.micro,2,1 GiB,Linux,us-east-1,AmazonEC2,3.6,8.28,2.28,641,2025-12-22T06:24:30Z,,,,,,,,,,,,,,,,
1de1eaa883b64662a9d6751b4602e823,2026-01-06T10:00:00Z/2026-01-06T11:00:00Z,112233445566,2026-01-01T00:00:00Z,2026-02-01T00:00:00Z,AWS,334455667788,Usage,2026-01-06T10:00:00Z,2026-01-06T11:00:00Z,AmazonEC2,USEA-BoxUsage:t3.micro,RunInstances,us-east-1a,i-0ac2a09dfba6647b1,1.0,0.5,0.5,0.0104,0.0104,0.010078,0.010028,Hrs,0.0104,0.0104,Amazon Elastic Compute Cloud,t3.micro,2,1 GiB,Linux,us-east-1,AmazonEC2,3.6,2.95,3.44,473,2025-12-16T23:19:11Z,,,,,,,,,,,,,,,,
912a6551604d453f93f81d4141f64dd7,2026-01-06T20:00:00Z/2026-01-06T21:00:00Z,112233445566,2026-01-01T00:00:00Z,2026-02-01T00:00:00Z,AWS,334455667788,Usage,2026-01-06T20:00:00Z,2026-01-06T21:00:00Z,AmazonEC2,USEA-BoxUsage:t3.micro,RunInstances,us-east-1a,i-0ac2a09dfba6647b1,1.0,0.5,0.5,0.0104,0.0104,0.010711,0.0099,Hrs,0.0104,0.0104,Amazon Elastic Compute Cloud,t3.micro,2,1 GiB,Linux,us-east-1,AmazonEC2,1.83,9.19,2.83,611,2025-11-23T13:58:48Z,,,,,,,,,,,,,,,,
274eb396b0e94d66a54bfc3d78a06d2e,2026-01-07T06:00:00Z/2026-01-07T07:00:00Z,112233445566,2026-01-01T00:00:00Z,2026-02-01T00:00:00Z,AWS,334455667788,Usage,2026-01-07T06:00:00Z,2026-01-07T07:00:00Z,AmazonEC2,USEA-BoxUsage:t3.micro,RunInstances,us-east-1a,i-0ac2a09dfba6647b1,1.0,0.5,0.5,0.0104,0.0104,0.010166,0.010037,Hrs,0.0104,0.0104,Amazon Elastic Compute Cloud,t3.micro,2,1 GiB,Linux,us-east-1,AmazonEC2,2.99,9.47,4.38,541,2025-11-25T07:49:41Z,,,,,,,,,,,,,,,,
568622bfe60b45c994893d3263edd918,2026-01-07T16:00:00Z/2026-01-07T17:00:00Z,112233445566,2026-01-01T00:00:00Z,2026-02-01T00:00:00Z,AWS,334455667788,Usage,2026-01-07T16:00:00Z,2026-01-07T17:00:00Z,AmazonEC2,USEA-BoxUsage:t3.micro,RunInstances,us-east-1a,i-0ac2a09dfba6647b1,1.0,0.5,0.5,0.0104,0.0104,0.010441,0.010743,Hrs,0.0104,0.0104,Amazon Elastic Compute Cloud,t3.micro,2,1 GiB,Linux,us-east-1,AmazonEC2,0.99,3.04,6.5,576,2025-12-18T23:40:20Z,,,,,,,,,,,,,,,,
1fd902f27bee49b6a3018dc659a1e2e4,2026-01-08T02:00:00Z/2026-01-08T03:00:00Z,112233445566,2026-01-01T00:00:00Z,2026-02-01T00:00:00Z,AWS,334455667788,Usage,2026-01-08T02:00:00Z,2026-01-08T03:00:00Z,AmazonEC2,USEA-BoxUsage:t3.micro,RunInstances,us-east-1a,i-0ac2a09dfba6647b1,1.0,0.5,0.5,0.0104,0.0104,0.010226,0.01088,Hrs,0.0104,0.0104,Amazon Elastic Compute Cloud,t3.micro,2,1 GiB,Linux,us-east-1,AmazonEC2,1.0,6.92,7.3,705,2025-12-18T10:54:54Z,,,,,,,,,,,,,,,,
d3648424c9cd4ee2abb7e30b009bd2de,2026-01-08T12:00:00Z/2026-01-08T13:00:00Z,112233445566,2026-01-01T00:00:00Z,2026-02-01T00:00:00Z,AWS,334455667788,Usage,2026-01-08T12:00:00Z,2026-01-08T13:00:00Z,AmazonEC2,USEA-BoxUsage:t3.micro,RunInstances,us-east-1a,i-0ac2a09dfba6647b1,1.0,0.5,0.5,0.0104,0.0104,0.010051,0.010841,Hrs,0.0104,0.0104,Amazon Elastic Compute Cloud,t3.micro,2,1 GiB,Linux,us-east-1,AmazonEC2,1.34,7.22,2.94,707,2025-11-30T22:53:26Z,,,,,,,,,,,,,,,,
ef152e5ce2a8458c8ed44e83c824d027,2026-01-08T22:00:00Z/2026-01-08T23:00:00Z,112233445566,2026-01-01T00:00:00Z,2026-02-01T00:00:00Z,AWS,334455667788,Usage,2026-01-08T22:00:00Z,2026-01-08T23:00:00Z,AmazonEC2,USEA-BoxUsage:t3.micro,RunInstances,us-east-1a,i-0ac2a09dfba6647b1,1.0,0.5,0.5,0.0104,0.0104,0.010127,0.010256,Hrs,0.0104,0.0104,Amazon Elastic Compute Cloud,t3.micro,2,1 GiB,Linux,us-east-1,AmazonEC2,2.39,6.89,7.59,591,2025-12-19T10:01:33Z,,,,,,,,,,,,,,,,
ad53e0b1b086469d93bd107083fa712d,2026-01-09T08:00:00Z/2026-01-09T09:00:00Z,112233445566,2026-01-01T00:00:00Z,2026-02-01T00:00:00Z,AWS,334455667788,Usage,2026-01-09T08:00:00Z,2026-01-09T09:00:00Z,AmazonEC2,USEA-BoxUsage:t3.micro,RunInstances,us-east-1a,i-0ac2a09dfba6647b1,1.0,0.5,0.5,0.0104,0.0104,0.010291,0.01031,Hrs,0.0104,0.0104,Amazon Elastic Compute Cloud,t3.micro,2,1 GiB,Linux,us-east-1,AmazonEC2,1.28,4.34,4.17,702,2025-12-08T02:30:16Z,,,,,,,,,,,,,,,,
70c0bf5fbdbb4ae6bc6975436aceca34,2026-01-09T18:00:00Z/2026-01-09T19:00:00Z,112233445566,2026-01-01T00:00:00Z,2026-02-01T00:00:00Z,AWS,334455667788,Usage,2026-01-09T18:00:00Z,2026-01-09T19:00:00Z,AmazonEC2,USEA-BoxUsage:t3.micro,RunInstances,us-east-1a,i-0ac2a09dfba6647b1,1.0,0.5,0.5,0.0104,0.0104,0.010023,0.010223,Hrs,0.0104,0.0104,Amazon Elastic Compute Cloud,t3.micro,2,1 GiB,Linux,us-east-1,AmazonEC2,3.83,4.7,6.36,717,2025-12-06T03:12:48Z,,,,,,,,,,,,,,,,
1d12ef0fb5e34137a4125c887b17ad56,2026-01-10T04:00:00Z/2026-01-10T05:00:00Z,112233445566,2026-01-01T00:00:00Z,2026-02-01T00:00:00Z,AWS,334455667788,Usage,2026-01-10T04:00:00Z,2026-01-10T05:00:00Z,AmazonEC2,USEA-BoxUsage:t3.micro,RunInstances,us-east-1a,i-0ac2a09dfba6647b1,1.0,0.5,0.5,0.0104,0.0104,0.010854,0.01079,Hrs,0.0104,0.0104,Amazon Elastic Compute Cloud,t3.micro,2,1 GiB,Linux,us-east-1,AmazonEC2,4.2,3.59,6.92,611,2025-12-03T02:55:06Z,,,,,,,,,,,,,,,,
5ca33cd2515246ff8c4c050ed1c522f9,2026-01-10T14:00:00Z/2026-01-10T15:00:00Z,112233445566,2026-01-01T00:00:00Z,2026-02-01T00:00:00Z,AWS,334455667788,Usage,2026-01-10T14:00:00Z,2026-01-10T15:00:00Z,AmazonEC2,USEA-BoxUsage:t3.micro,RunInstances,us-east-1a,i-0ac2a09dfba6647b1,1.0,0.5,0.5,0.0104,0.0104,0.010887,0.00997,Hrs,0.0104,0.0104,Amazon Elastic Compute Cloud,t3.micro,2,1 GiB,Linux,us-east-1,AmazonEC2,1.14,7.0,1.74,566,2025-12-10T12:06:16Z,,,,,,,,,,,,,,,,
1653917d51c84eacbf41b2862eb66f2b,2026-01-11T00:00:00Z/2026-01-11T01:00:00Z,112233445566,2026-01-01T00:00:00Z,2026-02-01T00:00:00Z,AWS,334455667788,Usage,2026-01-11T00:00:00Z,2026-01-11T01:00:00Z,AmazonEC2,USEA-BoxUsage:t3.micro,RunInstances,us-east-1a,i-0ac2a09dfba6647b1,1.0,0.5,0.5,0.0104,0.0104,0.010835,0.01022,Hrs,0.0104,0.0104,Amazon Elastic Compute Cloud,t3.micro,2,1 GiB,Linux,us-east-1,AmazonEC2,3.28,5.3,4.52,618,2025-11-26T16:58:19Z,,,,,,,,,,,,,,,,
69db679ff0b24cbf9d64c6b48e7bd51b,2026-01-11T10:00:00Z/2026-01-11T11:00:00Z,112233445566,2026-01-01T00:00:00Z,2026-02-01T00:00:00Z,AWS,334455667788,Usage,2026-01-11T10:00:00Z,2026-01-11T11:00:00Z,AmazonEC2,USEA-BoxUsage:t3.micro,RunInstances,us-east-1a,i-0ac2a09dfba6647b1,1.0,0.5,0.5,0.0104,0.0104,0.010243,0.010783,Hrs,0.0104,0.0104,Amazon Elastic Compute Cloud,t3.micro,2,1 GiB,Linux,us-east-1,AmazonEC2,1.41,2.62,7.16,598,2025-12-25T04:03:15Z,,,,,,,,,,,,,,,,
52d5eeb191394ababb566d9e4f560593,2026-01-11T20:00:00Z/2026-01-11T21:00:00Z,112233445566,2026-01-01T00:00:00Z,2026-02-01T00:00:00Z,AWS,334455667788,Usage,2026-01-11T20:00:00Z,2026-01-11T21:00:00Z,AmazonEC2,USEA-BoxUsage:t3.micro,RunInstances,us-east-1a,i-0ac2a09dfba6647b1,1.0,0.5,0.5,0.0104,0.0104,0.010229,0.010202,Hrs,0.0104,0.0104,Amazon Elastic Compute Cloud,t3.micro,2,1 GiB,Linux,us-east-1,AmazonEC2,1.8,4.4,3.81,290,2025-12-12T07:24:23Z,,,,,,,,,,,,,,,,
8fb2fdc20f3946a6924cade33a4c9bb0,2026-01-12T06:00:00Z/2026-01-12T07:00:00Z,112233445566,2026-01-01T00:00:00Z,2026-02-01T00:00:00Z,AWS,334455667788,Usage,2026-01-12T06:00:00Z,2026-01-12T07:00:00Z,AmazonEC2,USEA-BoxUsage:t3.micro,RunInstances,us-east-1a,i-0ac2a09dfba6647b1,1.0,0.5,0.5,0.0104,0.0104,0.010551,0.0105,Hrs,0.0104,0.0104,Amazon Elastic Compute Cloud,t3.micro,2,1 GiB,Linux,us-east-1,AmazonEC2,2.72,6.96,5.73,453,2025-12-24T14:03:07Z,,,,,,,,,,,,,,,,
26d34587681f4f2d920bb653d2516a2e,2026-01-12T16:00:00Z/2026-01-12T17:00:00Z,112233445566,2026-01-01T00:00:00Z,2026-02-01T00:00:00Z,AWS,334455667788,Usage,2026-01-12T16:00:00Z,2026-01-12T17:00:00Z,AmazonEC2,USEA-BoxUsage:t3.micro,RunInstances,us-east-1a,i-0ac2a09dfba6647b1,1.0,0.5,0.5,0.0104,0.0104,0.010586,0.010529,Hrs,0.0104,0.0104,Amazon Elastic Compute Cloud,t3.micro,2,1 GiB,Linux,us-east-1,AmazonEC2,1.57,5.85,2.92,692,2025-12-07T00:02:42Z,,,,,,,,,,,,,,,,
32fd0425a0df4e61abb5b987ae264c8d,2026-01-13T02:00:00Z/2026-01-13T03:00:00Z,112233445566,2026-01-01T00:00:00Z,2026-02-01T00:00:00Z,AWS,334455667788,Usage,2026-01-13T02:00:00Z,2026-01-13T03:00:00Z,AmazonEC2,USEA-BoxUsage:t3.micro,RunInstances,us-east-1a,i-0ac2a09dfba6647b1,1.0,0.5,0.5,0.0104,0.0104,0.009942,0.010401,Hrs,0.0104,0.0104,Amazon Elastic Compute Cloud,t3.micro,2,1 GiB,Linux,us-east-1,AmazonEC2,2.86,7.15,4.28,708,2025-12-02T17:26:41Z,,,,,,,,,,,,,,,,
e3cf2938fac547a9bfc0fb65e0cae72d,2026-01-13T12:00:00Z/2026-01-13T13:00:00Z,112233445566,2026-01-01T00:00:00Z,2026-02-01T00:00:00Z,AWS,334455667788,Usage,2026-01-13T12:00:00Z,2026-01-13T13:00:00Z,AmazonEC2,USEA-BoxUsage:t3.micro,RunInstances,us-east-1a,i-0ac2a09dfba6647b1,1.0,0.5,0.5,0.0104,0.0104,0.010321,0.010834,Hrs,0.0104,0.0104,Amazon Elastic Compute Cloud,t3.micro,2,1 GiB,Linux,us-east-1,AmazonEC2,0.66,7.26,7.07,716,2025-12-22T16:45:47Z,,,,,,,,,,,,,,,,
784c9dbedb3b488192e9cf69efa4cf7d,2026-01-14T08:00:00Z/2026-01-14T09:00:00Z,112233445566,2026-01-01T00:00:00Z,2026-02-01T00:00:00Z,AWS,334455667788,Usage,2026-01-14T08:00:00Z,2026-01-14T09:00:00Z,AmazonEC2,USEA-BoxUsage:t3.micro,RunInstances,us-east-1a,i-0ac2a09dfba6647b1,1.0,0.5,0.5,0.0104,0.0104,0.010031,0.010357,Hrs,0.0104,0.0104,Amazon Elastic Compute Cloud,t3.micro,2,1 GiB,Linux,us-east-1,AmazonEC2,4.18,2.22,1.49,672,2025-12-07T18:12:09Z,,,,,,,,,,,,,,,,
4d0ea21e5e664502a93a836c2aae1cdc,2026-01-14T18:00:00Z/2026-01-14T19:00:00Z,112233445566,2026-01-01T00:00:00Z,2026-02-01T00:00:00Z,AWS,334455667788,Usage,2026-01-14T18:00:00Z,2026-01-14T19:00:00Z,AmazonEC2,USEA-BoxUsage:t3.micro,RunInstances,us-east-1a,i-0ac2a09dfba6647b1,1.0,0.5,0.5,0.0104,0.0104,0.009925,0.0108,Hrs,0.0104,0.0104,Amazon Elastic Compute Cloud,t3.micro,2,1 GiB,Linux,us-east-1,AmazonEC2,1.15,7.68,7.49,378,2025-12-18T00:16:14Z,,,,,,,,,,,,,,,,
a73cd9bfe46d41838c540075d06bfdc2,2026-01-15T04:00:00Z/2026-01-15T05:00:00Z,112233445566,2026-01-01T00:00:00Z,2026-02-01T00:00:00Z,AWS,334455667788,Usage,2026-01-15T04:00:00Z,2026-01-15T05:00:00Z,AmazonEC2,USEA-BoxUsage:t3.micro,RunInstances,us-east-1a,i-0ac2a09dfba6647b1,1.0,0.5,0.5,0.0104,0.0104,0.010875,0.01087,Hrs,0.0104,0.0104,Amazon Elastic Compute Cloud,t3.micro,2,1 GiB,Linux,us-east-1,AmazonEC2,0.77,7.19,2.09,522,2025-12-25T02:13:44Z,,,,,,,,,,,,,,,,
62537774117444f1a7849c67f8eed2b5,2026-01-15T14:00:00Z/2026-01-15T15:00:00Z,112233445566,2026-01-01T00:00:00Z,2026-02-01T00:00:00Z,AWS,334455667788,Usage,2026-01-15T14:00:00Z,2026-01-15T15:00:00Z,AmazonEC2,USEA-BoxUsage:t3.micro,RunInstances,us-east-1a,i-0ac2a09dfba6647b1,1.0,0.5,0.5,0.0104,0.0104,0.010103,0.01089,Hrs,0.0104,0.0104,Amazon Elastic Compute Cloud,t3.micro,2,1 GiB,Linux,us-east-1,AmazonEC2,3.9,7.78,6.27,335,2025-12-17T06:41:51Z,,,,,,,,,,,,,,,,
1d9562dd4f914bc19b02d5a62309a6a2,2026-01-16T00:00:00Z/2026-01-16T01:00:00Z,112233445566,2026-01-01T00:00:00Z,2026-02-01T00:00:00Z,AWS,334455667788,Usage,2026-01-16T00:00:00Z,2026-01-16T01:00:00Z,AmazonEC2,USEA-BoxUsage:t3.micro,RunInstances,us-east-1a,i-0ac2a09dfba6647b1,1.0,0.5,0.5,0.0104,0.0104,0.010176,0.01038,Hrs,0.0104,0.0104,Amazon Elastic Compute Cloud,t3.micro,2,1 GiB,Linux,us-east-1,AmazonEC2,3.67,4.84,6.67,646,2025-12-31T17:47:00Z,,,,,,,,,,,,,,,,
8d3e648774af4fc7a8e4125f7bb6fa16,2026-01-16T10:00:00Z/2026-01-16T11:00:00Z,112233445566,2026-01-01T00:00:00Z,2026-02-01T00:00:00Z,AWS,334455667788,Usage,2026-01-16T10:00:00Z,2026-01-16T11:00:00Z,AmazonEC2,USEA-BoxUsage:t3.micro,RunInstances,us-east-1a,i-0ac2a09dfba6647b1,1.0,0.5,0.5,0.0104,0.0104,0.010008,0.010667,Hrs,0.0104,0.0104,Amazon Elastic Compute Cloud,t3.micro,2,1 GiB,Linux,us-east-1,AmazonEC2,3.83,2.51,5.93,449,2025-12-13T21:27:16Z,,,,,,,,,,,,,,,,
747887e2f3f54a73a972ea7b46d69643,2026-01-16T20:00:00Z/2026-01-16T21:00:00Z,112233445566,2026-01-01T00:00:00Z,2026-02-01T00:00:00Z,AWS,334455667788,Usage,2026-01-16T20:00:00Z,2026-01-16T21:00:00Z,AmazonEC2,USEA-BoxUsage:t3.micro,RunInstances,us-east-1a,i-0ac2a09dfba6647b1,1.0,0.5,0.5,0.0104,0.0104,0.010556,0.010114,Hrs,0.0104,0.0104,Amazon Elastic Compute Cloud,t3.micro,2,1 GiB,Linux,us-east-1,AmazonEC2,1.62,5.89,6.77,435,2025-12-24T20:22:29Z,,,,,,,,,,,,,,,,
ad56850fcfc6407894eaf969dd6fa690,2026-01-17T06:00:00Z/2026-01-17T07:00:00Z,112233445566,2026-01-01T00:00:00Z,2026-02-01T00:00:00Z,AWS,334455667788,Usage,2026-01-17T06:00:00Z,2026-01-17T07:00:00Z,AmazonEC2,USEA-BoxUsage:t3.micro,RunInstances,us-east-1a,i-0ac2a09dfba6647b1,1.0,0.5,0.5,0.0104,0.0104,0.010896,0.010734,Hrs,0.0104,0.0104,Amazon Elastic Compute Cloud,t3.micro,2,1 GiB,Linux,us-east-1,AmazonEC2,4.97,8.09,3.61,639,2025-12-07T22:01:30Z,,,,,,,,,,,,,,,,
6cd1520a3e3943a2acf662516420c6dd,2026-01-17T16:00:00Z/2026-01-17T17:00:00Z,112233445566,2026-01-01T00:00:00Z,2026-02-01T00:00:00Z,AWS,334455667788,Usage,2026-01-17T16:00:00Z,2026-01-17T17:00:00Z,AmazonEC2,USEA-BoxUsage:t3.micro,RunInstances,us-east-1a,i-0ac2a09dfba6647b1,1.0,0.5,0.5,0.0104,0.0104,0.010444,0.010062,Hrs,0.0104,0.0104,Amazon Elastic Compute Cloud,t3.micro,2,1 GiB,Linux,us-east-1,AmazonEC2,2.6,3.85,4.16,607,2026-01-01T04:46:23Z,,,,,,,,,,,,,,,,
49e897d7a45841dc81b09f274fc6d8a8,2026-01-18T02:00:00Z/2026-01-18T03:00:00Z,112233445566,2026-01-01T00:00:00Z,2026-02-01T00:00:00Z,AWS,334455667788,Usage,2026-01-18T02:00:00Z,2026-01-18T03:00:00Z,AmazonEC2,USEA-BoxUsage:t3.micro,RunInstances,us-east-1a,i-0ac2a09dfba6647b1,1.0,0.5,0.5,0.0104,0.0104,0.010899,0.009922,Hrs,0.0104,0.0104,Amazon Elastic Compute Cloud,t3.micro,2,1 GiB,Linux,us-east-1,AmazonEC2,1.25,7.35,3.46,627,2025-12-08T08:28:24Z,,,,,,,,,,,,,,,,
006c620e903649a4b48f749f0726564b,2026-01-18T12:00:00Z/2026-01-18T13:00:00Z,112233445566,2026-01-01T00:00:00Z,2026-02-01T00:00:00Z,AWS,334455667788,Usage,2026-01-18T12:00:00Z,2026-01-18T13:00:00Z,AmazonEC2,USEA-BoxUsage:t3.micro,RunInstances,us-east-1a,i-0ac2a09dfba6647b1,1.0,0.5,0.5,0.0104,0.0104,0.010791,0.010387,Hrs,0.0104,0.0104,Amazon Elastic Compute Cloud,t3.micro,2,1 GiB,Linux,us-east-1,AmazonEC2,4.11,4.54,2.29,693,2025-12-29T17:58:57Z,,,,,,,,,,,,,,,,
c64c491ca9e34a6485a1224cb8c10972,2026-01-18T22:00:00Z/2026-01-18T23:00:00Z,112233445566,2026-01-01T00:00:00Z,2026-02-01T00:00:00Z,AWS,334455667788,Usage,2026-01-18T22:00:00Z,2026-01-18T23:00:00Z,AmazonEC2,USEA-BoxUsage:t3.micro,RunInstances,us-east-1a,i-0ac2a09dfba6647b1,1.0,0.5,0.5,0.0104,0.0104,0.010638,0.010841,Hrs,0.0104,0.0104,Amazon Elastic Compute Cloud,t3.micro,2,1 GiB,Linux,us-east-1,AmazonEC2,2.02,7.8,6.66,605,2025-12-19T02:07:43Z,,,,,,,,,,,,,,,,
3d8dfacc4f694ef597336ca0bb8d047e,2026-01-19T08:00:00Z/2026-01-19T09:00:00Z,112233445566,2026-01-01T00:00:00Z,2026-02-01T00:00:00Z,AWS,334455667788,Usage,2026-01-19T08:00:00Z,2026-01-19T09:00:00Z,AmazonEC2,USEA-BoxUsage:t3.micro,RunInstances,us-east-1a,i-0ac2a09dfba6647b1,1.0,0.5,0.5,0.0104,0.0104,0.010149,0.010774,Hrs,0.0104,0.0104,Amazon Elastic Compute Cloud,t3.micro,2,1 GiB,Linux,us-east-1,AmazonEC2,2.85,5.47,3.56,454,2025-12-17T07:51:53Z,,,,,,,,,,,,,,,,
0ab470fefc7a40498984f4ac585e2d8a,2026-01-19T18:00:00Z/2026-01-19T19:00:00Z,112233445566,2026-01-01T00:00:00Z,2026-02-01T00:00:00Z,AWS,334455667788,Usage,2026-01-19T18:00:00Z,2026-01-19T19:00:00Z,AmazonEC2,USEA-BoxUsage:t3.micro,RunInstances,us-east-1a,i-0ac2a09dfba6647b1,1.0,0.5,0.5,0.0104,0.0104,0.010759,0.010057,Hrs,0.0104,0.0104,Amazon Elastic Compute Cloud,t3.micro,2,1 GiB,Linux,us-east-1,AmazonEC2,3.81,6.49,3.33,614,2026-01-01T23:03:44Z,,,,,,,,,,,,,,,,
36b7485f71474bcfbac7f2c6cacd9490,2026-01-20T04:00:00Z/2026-01-20T05:00:00Z,112233445566,2026-01-01T00:00:00Z,2026-02-01T00:00:00Z,AWS,334455667788,Usage,2026-01-20T04:00:00Z,2026-01-20T05:00:00Z,AmazonEC2,USEA-BoxUsage:t3.micro,RunInstances,us-east-1a,i-0ac2a09dfba6647b1,1.0,0.5,0.5,0.0104,0.0104,0.010166,0.010666,Hrs,0.0104,0.0104,Amazon Elastic Compute Cloud,t3.micro,2,1 GiB,Linux,us-east-1,AmazonEC2,2.39,6.53,5.57,670,2025-12-23T15:40:40Z,,,,,,,,,,,,,,,,
6f65c0cd8b0a4b73a97092304c9384e5,2026-01-20T14:00:00Z/2026-01-20T15:00:00Z,112233445566,2026-01-01T00:00:00Z,2026-02-01T00:00:00Z,AWS,334455667788,Usage,2026-01-20T14:00:00Z,2026-01-20T15:00:00Z,AmazonEC2,USEA-BoxUsage:t3.micro,RunInstances,us-east-1a,i-0ac2a09dfba6647b1,1.0,0.5,0.5,0.0104,0.0104,0.010702,0.010045,Hrs,0.0104,0.0104,Amazon Elastic Compute Cloud,t3.micro,2,1 GiB,Linux,us-east-1,AmazonEC2,1.01,8.79,5.51,400,2025-12-31T17:34:56Z,,,,,,,,,,,,,,,,
b022eda42f0e4d2c8a6836d62d95370b,2026-01-21T00:00:00Z/2026-01-21T01:00:00Z,112233445566,2026-01-01T00:00:00Z,2026-02-01T00:00:00Z,AWS,334455667788,Usage,2026-01-21T00:00:00Z,2026-01-21T01:00:00Z,AmazonEC2,USEA-BoxUsage:t3.micro,RunInstances,us-east-1a,i-0ac2a09dfba6647b1,1.0,0.5,0.5,0.0104,0.0104,0.010503,0.010635,Hrs,0.0104,0.0104,Amazon Elastic Compute Cloud,t3.micro,2,1 GiB,Linux,us-east-1,AmazonEC2,2.48,2.67,7.06,700,2025-12-31T13:39:41Z,,,,,,,,,,,,,,,,
389a0783aa324aae9b8755812bee97d9,2026-01-21T10:00:00Z/2026-01-21T11:00:00Z,112233445566,2026-01-01T00:00:00Z,2026-02-01T00:00:00Z,AWS,334455667788,Usage,2026-01-21T10:00:00Z,2026-01-21T11:00:00Z,AmazonEC2,USEA-BoxUsage:t3.micro,RunInstances,us-east-1a,i-0ac2a09dfba6647b1,1.0,0.5,0.5,0.0104,0.0104,0.010203,0.010299,Hrs,0.0104,0.0104,Amazon Elastic Compute Cloud,t3.micro,2,1 GiB,Linux,us-east-1,AmazonEC2,0.68,9.44,4.47,625,2025-12-28T08:10:54Z,,,,,,,,,,,,,,,,
a84ae1c7c85c43c48c25c1e4cea4f263,2026-01-21T20:00:00Z/2026-01-21T21:00:00Z,112233445566,2026-01-01T00:00:00Z,2026-02-01T00:00:00Z,AWS,334455667788,Usage,2026-01-21T20:00:00Z,2026-01-21T21:00:00Z,AmazonEC2,USEA-BoxUsage:t3.micro,RunInstances,us-east-1a,i-0ac2a09dfba6647b1,1.0,0.5,0.5,0.0104,0.0104,0.01089,0.010365,Hrs,0.0104,0.0104,Amazon Elastic Compute Cloud,t3.micro,2,1 GiB,Linux,us-east-1,AmazonEC2,4.93,4.1,7.7,516,2025-12-24T09:44:40Z,,,,,,,,,,,,,,,,
5dda386dc234494cb1f30ed767653e13,2026-01-22T06:00:00Z/2026-01-22T07:00:00Z,112233445566,2026-01-01T00:00:00Z,2026-02-01T00:00:00Z,AWS,334455667788,Usage,2026-01-22T06:00:00Z,2026-01-22T07:00:00Z,AmazonEC2,USEA-BoxUsage:t3.micro,RunInstances,us-east-1a,i-0ac2a09dfba6647b1,1.0,0.5,0.5,0.0104,0.0104,0.010221,0.010114,Hrs,0.0104,0.0104,Amazon Elastic Compute Cloud,t3.micro,2,1 GiB,Linux,us-east-1,AmazonEC2,3.98,3.06,2.09,446,2026-01-05T03:03:10Z,,,,,,,,,,,,,,,,
ad8de2a354144acabb196e9b38d783e7,2026-01-22T16:00:00Z/2026-01-22T17:00:00Z,112233445566,2026-01-01T00:00:00Z,2026-02-01T00:00:00Z,AWS,334455667788,Usage,2026-01-22T16:00:00Z,2026-01-22T17:00:00Z,AmazonEC2,USEA-BoxUsage:t3.micro,RunInstances,us-east-1a,i-0ac2a09dfba6647b1,1.0,0.5,0.5,0.0104,0.0104,0.010791,0.010485,Hrs,0.0104,0.0104,Amazon Elastic Compute Cloud,t3.micro,2,1 GiB,Linux,us-east-1,AmazonEC2,4.36,2.35,2.83,512,2025-12-08T08:13:58Z,,,,,,,,,,,,,,,,
ae54167eefd24f72aafbe549156be890,2026-01-23T02:00:00Z/2026-01-23T03:00:00Z,112233445566,2026-01-01T00:00:00Z,2026-02-01T00:00:00Z,AWS,334455667788,Usage,2026-01-23T02:00:00Z,2026-01-23T03:00:00Z,AmazonEC2,USEA-BoxUsage:t3.micro,RunInstances,us-east-1a,i-0ac2a09dfba6647b1,1.0,0.5,0.5,0.0104,0.0104,0.010772,0.010457,Hrs,0.0104,0.0104,Amazon Elastic Compute Cloud,t3.micro,2,1 GiB,Linux,us-east-1,AmazonEC2,1.69,3.78,2.69,464,2025-12-26T00:39:07Z,,,,,,,,,,,,,,,,
daab943500e24494bbc1d16fb2fec075,2026-01-23T12:00:00Z/2026-01-23T13:00:00Z,112233445566,2026-01-01T00:00:00Z,2026-02-01T00:00:00Z,AWS,334455667788,Usage,2026-01-23T12:00:00Z,2026-01-23T13:00:00Z,AmazonEC2,USEA-BoxUsage:t3.micro,RunInstances,us-east-1a,i-0ac2a09dfba6647b1,1.0,0.5,0.5,0.0104,0.0104,0.010715,0.010408,Hrs,0.0104,0.0104,Amazon Elastic Compute Cloud,t3.micro,2,1 GiB,Linux,us-east-1,AmazonEC2,1.77,2.0,5.29,607,2025-12-21T18:51:00Z,,,,,,,,,,,,,,,,
59699b6a553842fd80211e4326e4f325,2026-01-23T22:00:00Z/2026-01-23T23:00:00Z,112233445566,2026-01-01T00:00:00Z,2026-02-01T00:00:00Z,AWS,334455667788,Usage,2026-01-23T22:00:00Z,2026-01-23T23:00:00Z,AmazonEC2,USEA-BoxUsage:t3.micro,RunInstances,us-east-1a,i-0ac2a09dfba6647b1,1.0,0.5,0.5,0.0104,0.0104,0.009911,0.010234,Hrs,0.0104,0.0104,Amazon Elastic Compute Cloud,t3.micro,2,1 GiB,Linux,us-east-1,AmazonEC2,0.55,8.27,5.31,486,2026-01-03T23:35:59Z,,,,,,,,,,,,,,,,
a151cad6234d44709d0e4fe84adc6076,2026-01-24T08:00:00Z/2026-01-24T09:00:00Z,112233445566,2026-01-01T00:00:00Z,2026-02-01T00:00:00Z,AWS,334455667788,Usage,2026-01-24T08:00:00Z,2026-01-24T09:00:00Z,AmazonEC2,USEA-BoxUsage:t3.micro,RunInstances,us-east-1a,i-0ac2a09dfba6647b1,1.0,0.5,0.5,0.0104,0.0104,0.010235,0.010114,Hrs,0.0104,0.0104,Amazon Elastic Compute Cloud,t3.micro,2,1 GiB,Linux,us-east-1,AmazonEC2,2.04,9.8,3.44,670,2025-12-28T05:17:50Z,,,,,,,,,,,,,,,,
6074cfcc90864330ab779bb084a3d7f0,2026-01-24T18:00:00Z/2026-01-24T19:00:00Z,112233445566,2026-01-01T00:00:00Z,2026-02-01T00:00:00Z,AWS,334455667788,Usage,2026-01-24T18:00:00Z,2026-01-24T19:00:00Z,AmazonEC2,USEA-BoxUsage:t3.micro,RunInstances,us-east-1a,i-0ac2a09dfba6647b1,1.0,0.5,0.5,0.0104,0.0104,0.010455,0.010076,Hrs,0.0104,0.0104,Amazon Elastic Compute Cloud,t3.micro,2,1 GiB,Linux,us-east-1,AmazonEC2,4.76,9.42,5.98,678,2026-01-07T21:36:13Z,,,,,,,,,,,,,,,,
555e954d6d5a40f5974b175461554d6b,2026-01-25T04:00:00Z/2026-01-25T05:00:00Z,112233445566,2026-01-01T00:00:00Z,2026-02-01T00:00:00Z,AWS,334455667788,Usage,2026-01-25T04:00:00Z,2026-01-25T05:00:00Z,AmazonEC2,USEA-BoxUsage:t3.micro,RunInstances,us-east-1a,i-0ac2a09dfba6647b1,1.0,0.5,0.5,0.0104,0.0104,0.01087,0.010131,Hrs,0.0104,0.0104,Amazon Elastic Compute Cloud,t3.micro,2,1 GiB,Linux,us-east-1,AmazonEC2,1.69,2.08,1.69,424,2025-12-27T03:04:07Z,,,,,,,,,,,,,,,,
a81a315034274b2a999f37dfb86f7a00,2026-01-25T14:00:00Z/2026-01-25T15:00:00Z,112233445566,2026-01-01T00:00:00Z,2026-02-01T00:00:00Z,AWS,334455667788,Usage,2026-01-25T14:00:00Z,2026-01-25T15:00:00Z,AmazonEC2,USEA-BoxUsage:t3.micro,RunInstances,us-east-1a,i-0ac2a09dfba6647b1,1.0,0.5,0.5,0.0104,0.0104,0.010639,0.01032,Hrs,0.0104,0.0104,Amazon Elastic Compute Cloud,t3.micro,2,1 GiB,Linux,us-east-1,AmazonEC2,1.96,4.9,1.96,634,2025-12-24T14:22:08Z,,,,,,,,,,,,,,,,
25e709b494ba49e684edf71ddb35c244,2026-01-26T00:00:00Z/2026-01-26T01:00:00Z,112233445566,2026-01-01T00:00:00Z,2026-02-01T00:00:00Z,AWS,334455667788,Usage,2026-01-26T00:00:00Z,2026-01-26T01:00:00Z,AmazonEC2,USEA-BoxUsage:t3.micro,RunInstances,us-east-1a,i-0ac2a09dfba6647b1,1.0,0.5,0.5,0.0104,0.0104,0.01073,0.009883,Hrs,0.0104,0.0104,Amazon Elastic Compute Cloud,t3.micro,2,1 GiB,Linux,us-east-1,AmazonEC2,4.72,4.82,4.78,590,2025-12-20T11:05:52Z,,,,,,,,,,,,,,,,
b4a5d8fc9ce843989b125fa2676178fe,2026-01-26T10:00:00Z/2026-01-26T11:00:00Z,112233445566,2026-01-01T00:00:00Z,2026-02-01T00:00:00Z,AWS,334455667788,Usage,2026-01-26T10:00:00Z,2026-01-26T11:00:00Z,AmazonEC2,USEA-BoxUsage:t3.micro,RunInstances,us-east-1a,i-0ac2a09dfba6647b1,1.0,0.5,0.5,0.0104,0.0104,0.010742,0.010778,Hrs,0.0104,0.0104,Amazon Elastic Compute Cloud,t3.micro,2,1 GiB,Linux,us-east-1,AmazonEC2,4.05,6.53,1.47,631,2025-12-13T19:47:22Z,,,,,,,,,,,,,,,,
3b18403184bf41afb95e60861f2fbc05,2026-01-26T20:00:00Z/2026-01-26T21:00:00Z,112233445566,2026-01-01T00:00:00Z,2026-02-01T00:00:00Z,AWS,334455667788,Usage,2026-01-26T20:00:00Z,2026-01-26T21:00:00Z,AmazonEC2,USEA-BoxUsage:t3.micro,RunInstances,us-east-1a,i-0ac2a09dfba6647b1,1.0,0.5,0.5,0.0104,0.0104,0.010509,0.010394,Hrs,0.0104,0.0104,Amazon Elastic Compute Cloud,t3.micro,2,1 GiB,Linux,us-east-1,AmazonEC2,1.87,3.25,2.65,578,2026-01-10T07:44:15Z,,,,,,,,,,,,,,,,
781e2e66f458426d91c34d26d9b5eee9,2026-01-27T06:00:00Z/2026-01-27T07:00:00Z,112233445566,2026-01-01T00:00:00Z,2026-02-01T00:00:00Z,AWS,334455667788,Usage,2026-01-27T06:00:00Z,2026-01-27T07:00:00Z,AmazonEC2,USEA-BoxUsage:t3.micro,RunInstances,us-east-1a,i-0ac2a09dfba6647b1,1.0,0.5,0.5,0.0104,0.0104,0.010854,0.010468,Hrs,0.0104,0.0104,Amazon Elastic Compute Cloud,t3.micro,2,1 GiB,Linux,us-east-1,AmazonEC2,4.49,2.6,4.51,589,2025-12-30T23:26:54Z,,,,,,,,,,,,,,,,
26b361002b914d21ac6d9ba04a86e58b,2026-01-27T16:00:00Z/2026-01-27T17:00:00Z,112233445566,2026-01-01T00:00:00Z,2026-02-01T00:00:00Z,AWS,334455667788,Usage,2026-01-27T16:00:00Z,2026-01-27T17:00:00Z,AmazonEC2,USEA-BoxUsage:t3.micro,RunInstances,us-east-1a,i-0ac2a09dfba6647b1,1.0,0.5,0.5,0.0104,0.0104,0.010769,0.010605,Hrs,0.0104,0.0104,Amazon Elastic Compute Cloud,t3.micro,2,1 GiB,Linux,us-east-1,AmazonEC2,1.12,2.16,4.4,676,2026-01-12T11:22:54Z,,,,,,,,,,,,,,,,
7116f01bcb42484a8b1b9ce1824be1d8,2026-01-28T02:00:00Z/2026-01-28T03:00:00Z,112233445566,2026-01-01T00:00:00Z,2026-02-01T00:00:00Z,AWS,334455667788,Usage,2026-01-28T02:00:00Z,2026-01-28T03:00:00Z,AmazonEC2,USEA-BoxUsage:t3.micro,RunInstances,us-east-1a,i-0ac2a09dfba6647b1,1.0,0.5,0.5,0.0104,0.0104,0.009959,0.010096,Hrs,0.0104,0.0104,Amazon Elastic Compute Cloud,t3.micro,2,1 GiB,Linux,us-east-1,AmazonEC2,3.18,8.78,4.59,467,2025-12-30T17:52:15Z,,,,,,,,,,,,,,,,
aafeb42b972a4629bd7d58f13698b2b6,2026-01-28T12:00:00Z/2026-01-28T13:00:00Z,112233445566,2026-01-01T00:00:00Z,2026-02-01T00:00:00Z,AWS,334455667788,Usage,2026-01-28T12:00:00Z,2026-01-28T13:00:00Z,AmazonEC2,USEA-BoxUsage:t3.micro,RunInstances,us-east-1a,i-0ac2a09dfba6647b1,1.0,0.5,0.5,0.0104,0.0104,0.010641,0.010438,Hrs,0.0104,0.0104,Amazon Elastic Compute Cloud,t3.micro,2,1 GiB,Linux,us-east-1,AmazonEC2,3.45,2.46,3.82,414,2026-01-13T04:45:30Z,,,,,,,,,,,,,,,,
573a813a282a43379a93439682b0fef5,2026-01-28T22:00:00Z/2026-01-28T23:00:00Z,112233445566,2026-01-01T00:00:00Z,2026-02-01T00:00:00Z,AWS,334455667788,Usage,2026-01-28T22:00:00Z,2026-01-28T23:00:00Z,AmazonEC2,USEA-BoxUsage:t3.micro,RunInstances,us-east-1a,i-0ac2a09dfba6647b1,1.0,0.5,0.5,0.0104,0.0104,0.010841,0.010388,Hrs,0.0104,0.0104,Amazon Elastic Compute Cloud,t3.micro,2,1 GiB,Linux,us-east-1,AmazonEC2,3.92,5.19,2.25,536,2025-12-16T13:53:10Z,,,,,,,,,,,,,,,,
ba578ea784664a799803684a66887859,2026-01-29T08:00:00Z/2026-01-29T09:00:00Z,112233445566,2026-01-01T00:00:00Z,2026-02-01T00:00:00Z,AWS,334455667788,Usage,2026-01-29T08:00:00Z,2026-01-29T09:00:00Z,AmazonEC2,USEA-BoxUsage:t3.micro,RunInstances,us-east-1a,i-0ac2a09dfba6647b1,1.0,0.5,0.5,0.0104,0.0104,0.010341,0.010569,Hrs,0.0104,0.0104,Amazon Elastic Compute Cloud,t3.micro,2,1 GiB,Linux,us-east-1,AmazonEC2,4.63,8.56,5.99,570,2025-12-26T04:19:14Z,,,,,,,,,,,,,,,,
ead608c4f253443487be25e685bc13ca,2026-01-29T18:00:00Z/2026-01-29T19:00:00Z,112233445566,2026-01-01T00:00:00Z,2026-02-01T00:00:00Z,AWS,334455667788,Usage,2026-01-29T18:00:00Z,2026-01-29T19:00:00Z,AmazonEC2,USEA-BoxUsage:t3.micro,RunInstances,us-east-1a,i-0ac2a09dfba6647b1,1.0,0.5,0.5,0.0104,0.0104,0.010488,0.010767,Hrs,0.0104,0.0104,Amazon Elastic Compute Cloud,t3.micro,2,1 GiB,Linux,us-east-1,AmazonEC2,4.71,5.64,5.64,567,2025-12-30T05:24:55Z,,,,,,,,,,,,,,,,
49a052c6e641438f81c38d6c61aeeae5,2026-01-30T04:00:00Z/2026-01-30T05:00:00Z,112233445566,2026-01-01T00:00:00Z,2026-02-01T00:00:00Z,AWS,334455667788,Usage,2026-01-30T04:00:00Z,2026-01-30T05:00:00Z,AmazonEC2,USEA-BoxUsage:t3.micro,RunInstances,us-east-1a,i-0ac2a09dfba6647b1,1.0,0.5,0.5,0.0104,0.0104,0.010094,0.00999,Hrs,0.0104,0.0104,Amazon Elastic Compute Cloud,t3.micro,2,1 GiB,Linux,us-east-1,AmazonEC2,2.52,5.27,3.55,551,2025-12-25T17:59:14Z,,,,,,,,,,,,,,,,
c594857a1e6b490d9164f48375470918,2026-01-30T14:00:00Z/2026-01-30T15:00:00Z,112233445566,2026-01-01T00:00:00Z,2026-02-01T00:00:00Z,AWS,334455667788,Usage,2026-01-30T14:00:00Z,2026-01-30T15:00:00Z,AmazonEC2,USEA-BoxUsage:t3.micro,RunInstances,us-east-1a,i-0ac2a09dfba6647b1,1.0,0.5,0.5,0.0104,0.0104,0.010004,0.01045,Hrs,0.0104,0.0104,Amazon Elastic Compute Cloud,t3.micro,2,1 GiB,Linux,us-east-1,AmazonEC2,0.7,9.96,2.85,484,2025-12-16T12:10:27Z,,,,,,,,,,,,,,,,
4c82d1d9d20e49d0acb254440852410d,2026-01-01T00:00:00Z/2026-01-01T01:00:00Z,112233445566,2026-01-01T00:00:00Z,2026-02-01T00:00:00Z,AWS,223344556677,Usage,2026-01-01T00:00:00Z,2026-01-01T01:00:00Z,AmazonEC2,USWE-BoxUsage:m5.2xlarge,RunInstances,us-west-2b,i-0c3595869f2a946af,1.0,16.0,16.0,0.384,0.384,0.368659,0.387429,Hrs,0.384,0.384,Amazon Elastic Compute Cloud,m5.2xlarge,8,32 GiB,Linux,us-west-2,AmazonEC2,41.41,38.97,20.58,56,2025-12-28T01:52:21Z,data-eng,prod,CC200,,,,,,,,,,,,,
cc350ae29f2645e8be8f3b5478074627,2026-01-01T10:00:00Z/2026-01-01T11:00:00Z,112233445566,2026-01-01T00:00:00Z,2026-02-01T00:00:00Z,AWS,223344556677,Usage,2026-01-01T10:00:00Z,2026-01-01T11:00:00Z,AmazonEC2,USWE-BoxUsage:m5.2xlarge,RunInstances,us-west-2b,i-0c3595869f2a946af,1.0,16.0,16.0,0.384,0.384,0.367629,0.39711,Hrs,0.384,0.384,Amazon Elastic Compute Cloud,m5.2xlarge,8,32 GiB,Linux,us-west-2,AmazonEC2,28.55,51.46,34.57,48,2025-12-28T23:58:43Z,data-eng,prod,CC200,,,,,,,,,,,,,
0d2461cf03554002a5925bdb6203caba,2026-01-01T20:00:00Z/2026-01-01T21:00:00Z,112233445566,2026-01-01T00:00:00Z,2026-02-01T00:00:00Z,AWS,223344556677,Usage,2026-01-01T20:00:00Z,2026-01-01T21:00:00Z,AmazonEC2,USWE-BoxUsage:m5.2xlarge,RunInstances,us-west-2b,i-0c3595869f2a946af,1.0,16.0,16.0,0.384,0.384,0.38543,0.39333,Hrs,0.384,0.384,Amazon Elastic Compute Cloud,m5.2xlarge,8,32 GiB,Linux,us-west-2,AmazonEC2,27.6,42.87,30.84,29,2025-12-29T02:15:37Z,data-eng,prod,CC200,,,,,,,,,,,,,
81fb2f2a80b34c87ad95ee52746cafbd,2026-01-02T06:00:00Z/2026-01-02T07:00:00Z,112233445566,2026-01-01T00:00:00Z,2026-02-01T00:00:00Z,AWS,223344556677,Usage,2026-01-02T06:00:00Z,2026-01-02T07:00:00Z,AmazonEC2,USWE-BoxUsage:m5.2xlarge,RunInstances,us-west-2b,i-0c3595869f2a946af,1.0,16.0,16.0,0.384,0.384,0.392755,0.37814,Hrs,0.384,0.384,Amazon Elastic Compute Cloud,m5.2xlarge,8,32 GiB,Linux,us-west-2,AmazonEC2,30.97,41.4,37.73,65,2025-12-30T23:39:19Z,data-eng,prod,CC200,,,,,,,,,,,,,
3bf3ce2af016428cb39542fc34f26da6,2026-01-02T16:00:00Z/2026-01-02T17:00:00Z,112233445566,2026-01-01T00:00:00Z,2026-02-01T00:00:00Z,AWS,223344556677,Usage,2026-01-02T16:00:00Z,2026-01-02T17:00:00Z,AmazonEC2,USWE-BoxUsage:m5.2xlarge,RunInstances,us-west-2b,i-0c3595869f2a946af,1.0,16.0,16.0,0.384,0.384,0.371011,0.400668,Hrs,0.384,0.384,Amazon Elastic Compute Cloud,m5.2xlarge,8,32 GiB,Linux,us-west-2,AmazonEC2,35.25,42.98,20.8,70,2025-12-30T01:19:11Z,data-eng,prod,CC200,,,,,,,,,,,,,
78cee05b933d447ab4a0fc2a9a37afed,2026-01-03T02:00:00Z/2026-01-03T03:00:00Z,112233445566,2026-01-01T00:00:00Z,2026-02-01T00:00:00Z,AWS,223344556677,Usage,2026-01-03T02:00:00Z,2026-01-03T03:00:00Z,AmazonEC2,USWE-BoxUsage:m5.2xlarge,RunInstances,us-west-2b,i-0c3595869f2a946af,1.0,16.0,16.0,0.384,0.384,0.384165,0.369274,Hrs,0.384,0.384,Amazon Elastic Compute Cloud,m5.2xlarge,8,32 GiB,Linux,us-west-2,AmazonEC2,27.09,42.32,18.05,31,2026-01-01T00:08:09Z,data-eng,prod,CC200,,,,,,,,,,,,,
24d024a4105e4254ae55b100ef06a87d,2026-01-03T12:00:00Z/2026-01-03T13:00:00Z,112233445566,2026-01-01T00:00:00Z,2026-02-01T00:00:00Z,AWS,223344556677,Usage,2026-01-03T12:00:00Z,2026-01-03T13:00:00Z,AmazonEC2,USWE-BoxUsage:m5.2xlarge,RunInstances,us-west-2b,i-0c3595869f2a946af,1.0,16.0,16.0,0.384,0.384,0.36617,0.394369,Hrs,0.384,0.384,Amazon Elastic Compute Cloud,m5.2xlarge,8,32 GiB,Linux,us-west-2,AmazonEC2,36.26,46.17,20.92,55,2026-01-01T01:01:37Z,data-eng,prod,CC200,,,,,,,,,,,,,
b5162476e4b240509ed15aea0c8c6405,2026-01-03T22:00:00Z/2026-01-03T23:00:00Z,112233445566,2026-01-01T00:00:00Z,2026-02-01T00:00:00Z,AWS,223344556677,Usage,2026-01-03T22:00:00Z,2026-01-03T23:00:00Z,AmazonEC2,USWE-BoxUsage:m5.2xlarge,RunInstances,us-west-2b,i-0c3595869f2a946af,1.0,16.0,16.0,0.384,0.384,0.394043,0.388126,Hrs,0.384,0.384,Amazon Elastic Compute Cloud,m5.2xlarge,8,32 GiB,Linux,us-west-2,AmazonEC2,23.62,34.51,19.78,33,2026-01-01T20:43:02Z,data-eng,prod,CC200,,,,,,,,,,,,,
bcd493d3f8d24dcbb4d2193f63f80ac4,2026-01-04T08:00:00Z/2026-01-04T09:00:00Z,112233445566,2026-01-01T00:00:00Z,2026-02-01T00:00:00Z,AWS,223344556677,Usage,2026-01-04T08:00:00Z,2026-01-04T09:00:00Z,AmazonEC2,USWE-BoxUsage:m5.2xlarge,RunInstances,us-west-2b,i-0c3595869f2a946af,1.0,16.0,16.0,0.384,0.384,0.3945,0.391252,Hrs,0.384,0.384,Amazon Elastic Compute Cloud,m5.2xlarge,8,32 GiB,Linux,us-west-2,AmazonEC2,27.16,49.8,39.35,34,2025-12-31T19:21:12Z,data-eng,prod,CC200,,,,,,,,,,,,,
37427a3c8bf740848b7ba2fddb172721,2026-01-04T18:00:00Z/2026-01-04T19:00:00Z,112233445566,2026-01-01T00:00:00Z,2026-02-01T00:00:00Z,AWS,223344556677,Usage,2026-01-04T18:00:00Z,2026-01-04T19:00:00Z,AmazonEC2,USWE-BoxUsage:m5.2xlarge,RunInstances,us-west-2b,i-0c3595869f2a946af,1.0,16.0,16.0,0.384,0.384,0.389367,0.366706,Hrs,0.384,0.384,Amazon Elastic Compute Cloud,m5.2xlarge,8,32 GiB,Linux,us-west-2,AmazonEC2,29.29,36.79,22.85,66,2025-12-31T09:05:09Z,data-eng,prod,CC200,,,,,,,,,,,,,
8422ce25403847cca350d56f9e13a4a6,2026-01-05T04:00:00Z/2026-01-05T05:00:00Z,112233445566,2026-01-01T00:00:00Z,2026-02-01T00:00:00Z,AWS,223344556677,Usage,2026-01-05T04:00:00Z,2026-01-05T05:00:00Z,AmazonEC2,USWE-BoxUsage:m5.2xlarge,RunInstances,us-west-2b,i-0c3595869f2a946af,1.0,16.0,16.0,0.384,0.384,0.395704,0.378223,Hrs,0.384,0.384,Amazon Elastic Compute Cloud,m5.2xlarge,8,32 GiB,Linux,us-west-2,AmazonEC2,41.44,38.56,27.69,48,2026-01-02T15:30:24Z,data-eng,prod,CC200,,,,,,,,,,,,,
3d2798ec43bc4207957dc292d6fef643,2026-01-05T14:00:00Z/2026-01-05T15:00:00Z,112233445566,2026-01-01T00:00:00Z,2026-02-01T00:00:00Z,AWS,223344556677,Usage,2026-01-05T14:00:00Z,2026-01-05T15:00:00Z,AmazonEC2,USWE-BoxUsage:m5.2xlarge,RunInstances,us-west-2b,i-0c3595869f2a946af,1.0,16.0,16.0,0.384,0.384,0.375714,0.377494,Hrs,0.384,0.384,Amazon Elastic Compute Cloud,m5.2xlarge,8,32 GiB,Linux,us-west-2,AmazonEC2,39.46,34.65,18.03,15,2026-01-04T00:45:37Z,data-eng,prod,CC200,,,,,,,,,,,,,
c53ac3fddb434b0099ca8107cbacf944,2026-01-06T00:00:00Z/2026-01-06T01:00:00Z,112233445566,2026-01-01T00:00:00Z,2026-02-01T00:00:00Z,AWS,223344556677,Usage,2026-01-06T00:00:00Z,2026-01-06T01:00:00Z,AmazonEC2,USWE-BoxUsage:m5.2xlarge,RunInstances,us-west-2b,i-0c3595869f2a946af,1.0,16.0,16.0,0.384,0.384,0.391486,0.401492,Hrs,0.384,0.384,Amazon Elastic Compute Cloud,m5.2xlarge,8,32 GiB,Linux,us-west-2,AmazonEC2,25.99,34.78,22.72,65,2026-01-01T17:32:05Z,data-eng,prod,CC200,,,,,,,,,,,,,
22f38f19e6844f1fb8707ddbbe4f855e,2026-01-06T10:00:00Z/2026-01-06T11:00:00Z,112233445566,2026-01-01T00:00:00Z,2026-02-01T00:00:00Z,AWS,223344556677,Usage,2026-01-06T10:00:00Z,2026-01-06T11:00:00Z,AmazonEC2,USWE-BoxUsage:m5.2xlarge,RunInstances,us-west-2b,i-0c3595869f2a946af,1.0,16.0,16.0,0.384,0.384,0.382005,0.372127,Hrs,0.384,0.384,Amazon Elastic Compute Cloud,m5.2xlarge,8,32 GiB,Linux,us-west-2,AmazonEC2,35.13,51.17,21.14,68,2026-01-02T18:46:52Z,data-eng,prod,CC200,,,,,,,,,,,,,
6d14c05c7d8645e1b65646bc11954d70,2026-01-06T20:00:00Z/2026-01-06T21:00:00Z,112233445566,2026-01-01T00:00:00Z,2026-02-01T00:00:00Z,AWS,223344556677,Usage,2026-01-06T20:00:00Z,2026-01-06T21:00:00Z,AmazonEC2,USWE-BoxUsage:m5.2xlarge,RunInstances,us-west-2b,i-0c3595869f2a946af,1.0,16.0,16.0,0.384,0.384,0.397286,0.392139,Hrs,0.384,0.384,Amazon Elastic Compute Cloud,m5.2xlarge,8,32 GiB,Linux,us-west-2,AmazonEC2,32.39,46.93,31.89,51,2026-01-04T06:22:54Z,data-eng,prod,CC200,,,,,,,,,,,,,
eabe0587c2b1481cb600b00e4d8f6fa9,2026-01-07T06:00:00Z/2026-01-07T07:00:00Z,112233445566,2026-01-01T00:00:00Z,2026-02-01T00:00:00Z,AWS,223344556677,Usage,2026-01-07T06:00:00Z,2026-01-07T07:00:00Z,AmazonEC2,USWE-BoxUsage:m5.2xlarge,RunInstances,us-west-2b,i-0c3595869f2a946af,1.0,16.0,16.0,0.384,0.384,0.366636,0.387707,Hrs,0.384,0.384,Amazon Elastic Compute Cloud,m5.2xlarge,8,32 GiB,Linux,us-west-2,AmazonEC2,29.51,36.75,39.53,40,2026-01-03T03:13:02Z,data-eng,prod,CC200,,,,,,,,,,,,,
eb623cecaa7e49dab6bc8ae20b0f2eb1,2026-01-07T16:00:00Z/2026-01-07T17:00:00Z,112233445566,2026-01-01T00:00:00Z,2026-02-01T00:00:00Z,AWS,223344556677,Usage,2026-01-07T16:00:00Z,2026-01-07T17:00:00Z,AmazonEC2,USWE-BoxUsage:m5.2xlarge,RunInstances,us-west-2b,i-0c3595869f2a946af,1.0,16.0,16.0,0.384,0.384,0.397603,0.388526,Hrs,0.384,0.384,Amazon Elastic Compute Cloud,m5.2xlarge,8,32 GiB,Linux,us-west-2,AmazonEC2,30.42,38.42,20.73,29,2026-01-05T08:52:33Z,data-eng,prod,CC200,,,,,,,,,,,,,
d87f4f6abd334507bbc79000b639e3cc,2026-01-08T02:00:00Z/2026-01-08T03:00:00Z,112233445566,2026-01-01T00:00:00Z,2026-02-01T00:00:00Z,AWS,223344556677,Usage,2026-01-08T02:00:00Z,2026-01-08T03:00:00Z,AmazonEC2,USWE-BoxUsage:m5.2xlarge,RunInstances,us-west-2b,i-0c3595869f2a946af,1.0,16.0,16.0,0.384,0.384,0.365298,0.39263,Hrs,0.384,0.384,Amazon Elastic Compute Cloud,m5.2xlarge,8,32 GiB,Linux,us-west-2,AmazonEC2,27.06,43.11,37.93,27,2026-01-05T08:55:29Z,data-eng,prod,CC200,,,,,,,,,,,,,
1416f06ef88545b88e962d7cc59caa75,2026-01-08T12:00:00Z/2026-01-08T13:00:00Z,112233445566,2026-01-01T00:00:00Z,2026-02-01T00:00:00Z,AWS,223344556677,Usage,2026-01-08T12:00:00Z,2026-01-08T13:00:00Z,AmazonEC2,USWE-BoxUsage:m5.2xlarge,RunInstances,us-west-2b,i-0c3595869f2a946af,1.0,16.0,16.0,0.384,0.384,0.387136,0.375738,Hrs,0.384,0.384,Amazon Elastic Compute Cloud,m5.2xlarge,8,32 GiB,Linux,us-west-2,AmazonEC2,22.55,35.42,21.1,49,2026-01-04T11:25:12Z,data-eng,prod,CC200,,,,,,,,,,,,,
e44679e370b14ebc8f64dcf447768b1f,2026-01-08T22:00:00Z/2026-01-08T23:00:00Z,112233445566,2026-01-01T00:00:00Z,2026-02-01T00:00:00Z,AWS,223344556677,Usage,2026-01-08T22:00:00Z,2026-01-08T23:00:00Z,AmazonEC2,USWE-BoxUsage:m5.2xlarge,RunInstances,us-west-2b,i-0c3595869f2a946af,1.0,16.0,16.0,0.384,0.384,0.387116,0.37988,Hrs,0.384,0.384,Amazon Elastic Compute Cloud,m5.2xlarge,8,32 GiB,Linux,us-west-2,AmazonEC2,25.9,47.15,37.84,56,2026-01-05T12:59:31Z,data-eng,prod,CC200,,,,,,,,,,,,,
3b6ee40b89ae43c4a97498f12ec928cc,2026-01-09T08:00:00Z/2026-01-09T09:00:00Z,112233445566,2026-01-01T00:00:00Z,2026-02-01T00:00:00Z,AWS,223344556677,Usage,2026-01-09T08:00:00Z,2026-01-09T09:00:00Z,AmazonEC2,USWE-BoxUsage:m5.2xlarge,RunInstances,us-west-2b,i-0c3595869f2a946af,1.0,16.0,16.0,0.384,0.384,0.390836,0.384009,Hrs,0.384,0.384,Amazon Elastic Compute Cloud,m5.2xlarge,8,32 GiB,Linux,us-west-2,AmazonEC2,35.38,31.61,31.82,56,2026-01-05T10:19:33Z,data-eng,prod,CC200,,,,,,,,,,,,,
489d4cc817ae420383c3b9d25874ed42,2026-01-09T18:00:00Z/2026-01-09T19:00:00Z,112233445566,2026-01-01T00:00:00Z,2026-02-01T00:00:00Z,AWS,223344556677,Usage,2026-01-09T18:00:00Z,2026-01-09T19:00:00Z,AmazonEC2,USWE-BoxUsage:m5.2xlarge,RunInstances,us-west-2b,i-0c3595869f2a946af,1.0,16.0,16.0,0.384,0.384,0.365859,0.396209,Hrs,0.384,0.384,Amazon Elastic Compute Cloud,m5.2xlarge,8,32 GiB,Linux,us-west-2,AmazonEC2,36.74,40.81,22.89,54,2026-01-05T05:26:02Z,data-eng,prod,CC200,,,,,,,,,,,,,
f57642b4d2e54846800c601091c0a09f,2026-01-10T04:00:00Z/2026-01-10T05:00:00Z,112233445566,2026-01-01T00:00:00Z,2026-02-01T00:00:00Z,AWS,223344556677,Usage,2026-01-10T04:00:00Z,2026-01-10T05:00:00Z,AmazonEC2,USWE-BoxUsage:m5.2xlarge,RunInstances,us-west-2b,i-0c3595869f2a946af,1.0,16.0,16.0,0.384,0.384,0.377538,0.395388,Hrs,0.384,0.384,Amazon Elastic Compute Cloud,m5.2xlarge,8,32 GiB,Linux,us-west-2,AmazonEC2,41.79,49.71,34.43,48,2026-01-07T13:09:32Z,data-eng,prod,CC200,,,,,,,,,,,,,
7930a2d5d56a4f9dbba92f904d04aefc,2026-01-10T14:00:00Z/2026-01-10T15:00:00Z,112233445566,2026-01-01T00:00:00Z,2026-02-01T00:00:00Z,AWS,223344556677,Usage,2026-01-10T14:00:00Z,2026-01-10T15:00:00Z,AmazonEC2,USWE-BoxUsage:m5.2xlarge,RunInstances,us-west-2b,i-0c3595869f2a946af,1.0,16.0,16.0,0.384,0.384,0.366005,0.385395,Hrs,0.384,0.384,Amazon Elastic Compute Cloud,m5.2xlarge,8,32 GiB,Linux,us-west-2,AmazonEC2,27.01,48.47,28.81,34,2026-01-07T17:04:49Z,data-eng,prod,CC200,,,,,,,,,,,,,
81ee1bdb06ec44568a78f304faea4d04,2026-01-11T00:00:00Z/2026-01-11T01:00:00Z,112233445566,2026-01-01T00:00:00Z,2026-02-01T00:00:00Z,AWS,223344556677,Usage,2026-01-11T00:00:00Z,2026-01-11T01:00:00Z,AmazonEC2,USWE-BoxUsage:m5.2xlarge,RunInstances,us-west-2b,i-0c3595869f2a946af,1.0,16.0,16.0,0.384,0.384,0.373699,0.377981,Hrs,0.384,0.384,Amazon Elastic Compute Cloud,m5.2xlarge,8,32 GiB,Linux,us-west-2,AmazonEC2,22.43,45.64,20.62,44,2026-01-08T01:50:46Z,data-eng,prod,CC200,,,,,,,,,,,,,
42d603b9c30744a4ab84f04e113bf625,2026-01-11T10:00:00Z/2026-01-11T11:00:00Z,112233445566,2026-01-01T00:00:00Z,2026-02-01T00:00:00Z,AWS,223344556677,Usage,2026-01-11T10:00:00Z,2026-01-11T11:00:00Z,AmazonEC2,USWE-BoxUsage:m5.2xlarge,RunInstances,us-west-2b,i-0c3595869f2a946af,1.0,16.0,16.0,0.384,0.384,0.36981,0.38741,Hrs,0.384,0.384,Amazon Elastic Compute Cloud,m5.2xlarge,8,32 GiB,Linux,us-west-2,AmazonEC2,33.8,38.04,22.8,17,2026-01-08T06:48:41Z,data-eng,prod,CC200,,,,,,,,,,,,,
b894e7c686954ef19dad658579c38c28,2026-01-11T20:00:00Z/2026-01-11T21:00:00Z,112233445566,2026-01-01T00:00:00Z,2026-02-01T00:00:00Z,AWS,223344556677,Usage,2026-01-11T20:00:00Z,2026-01-11T21:00:00Z,AmazonEC2,USWE-BoxUsage:m5.2xlarge,RunInstances,us-west-2b,i-0c3595869f2a946af,1.0,16.0,16.0,0.384,0.384,0.369274,0.365602,Hrs,0.384,0.384,Amazon Elastic Compute Cloud,m5.2xlarge,8,32 GiB,Linux,us-west-2,AmazonEC2,24.65,48.58,22.01,62,2026-01-08T21:51:51Z,data-eng,prod,CC200,,,,,,,,,,,,,
003911d3d89b43e88d3aca6f42f71f3f,2026-01-12T06:00:00Z/2026-01-12T07:00:00Z,112233445566,2026-01-01T00:00:00Z,2026-02-01T00:00:00Z,AWS,223344556677,Usage,2026-01-12T06:00:00Z,2026-01-12T07:00:00Z,AmazonEC2,USWE-BoxUsage:m5.2xlarge,RunInstances,us-west-2b,i-0c3595869f2a946af,1.0,16.0,16.0,0.384,0.384,0.397239,0.382718,Hrs,0.384,0.384,Amazon Elastic Compute Cloud,m5.2xlarge,8,32 GiB,Linux,us-west-2,AmazonEC2,26.75,38.7,20.34,68,2026-01-10T15:40:34Z,data-eng,prod,CC200,,,,,,,,,,,,,
40af4e0d105540f3a5ff254e303f786c,2026-01-12T16:00:00Z/2026-01-12T17:00:00Z,112233445566,2026-01-01T00:00:00Z,2026-02-01T00:00:00Z,AWS,223344556677,Usage,2026-01-12T16:00:00Z,2026-01-12T17:00:00Z,AmazonEC2,USWE-BoxUsage:m5.2xlarge,RunInstances,us-west-2b,i-0c3595869f2a946af,1.0,16.0,16.0,0.384,0.384,0.402152,0.394292,Hrs,0.384,0.384,Amazon Elastic Compute Cloud,m5.2xlarge,8,32 GiB,Linux,us-west-2,AmazonEC2,26.38,37.79,28.94,14,2026-01-09T06:35:02Z,data-eng,prod,CC200,,,,,,,,,,,,,
9edd144db75146c2a314c3800b4eb19d,2026-01-13T02:00:00Z/2026-01-13T03:00:00Z,112233445566,2026-01-01T00:00:00Z,2026-02-01T00:00:00Z,AWS,223344556677,Usage,2026-01-13T02:00:00Z,2026-01-13T03:00:00Z,AmazonEC2,USWE-BoxUsage:m5.2xlarge,RunInstances,us-west-2b,i-0c3595869f2a946af,1.0,16.0,16.0,0.384,0.384,0.382932,0.385752,Hrs,0.384,0.384,Amazon Elastic Compute Cloud,m5.2xlarge,8,32 GiB,Linux,us-west-2,AmazonEC2,26.09,41.53,21.73,62,2026-01-10T19:47:00Z,data-eng,prod,CC200,,,,,,,,,,,,,
249bf9224f894229a5f0f4264a62cfcf,2026-01-13T12:00:00Z/2026-01-13T13:00:00Z,112233445566,2026-01-01T00:00:00Z,2026-02-01T00:00:00Z,AWS,223344556677,Usage,2026-01-13T12:00:00Z,2026-01-13T13:00:00Z,AmazonEC2,USWE-BoxUsage:m5.2xlarge,RunInstances,us-west-2b,i-0c3595869f2a946af,1.0,16.0,16.0,0.384,0.384,0.376042,0.403019,Hrs,0.384,0.384,Amazon Elastic Compute Cloud,m5.2xlarge,8,32 GiB,Linux,us-west-2,AmazonEC2,39.44,37.74,24.55,70,2026-01-10T01:50:50Z,data-eng,prod,CC200,,,,,,,,,,,,,
221be27970924ad5bd91ccb0e4b0f80c,2026-01-13T22:00:00Z/2026-01-13T23:00:00Z,112233445566,2026-01-01T00:00:00Z,2026-02-01T00:00:00Z,AWS,223344556677,Usage,2026-01-13T22:00:00Z,2026-01-13T23:00:00Z,AmazonEC2,USWE-BoxUsage:m5.2xlarge,RunInstances,us-west-2b,i-0c3595869f2a946af,1.0,16.0,16.0,0.384,0.384,0.367127,0.392498,Hrs,0.384,0.384,Amazon Elastic Compute Cloud,m5.2xlarge,8,32 GiB,Linux,us-west-2,AmazonEC2,31.59,41.72,29.32,68,2026-01-10T21:54:55Z,data-eng,prod,CC200,,,,,,,,,,,,,
8829daf41b8940efbde8fa3287fc9d8c,2026-01-14T08:00:00Z/2026-01-14T09:00:00Z,112233445566,2026-01-01T00:00:00Z,2026-02-01T00:00:00Z,AWS,223344556677,Usage,2026-01-14T08:00:00Z,2026-01-14T09:00:00Z,AmazonEC2,USWE-BoxUsage:m5.2xlarge,RunInstances,us-west-2b,i-0c3595869f2a946af,1.0,16.0,16.0,0.384,0.384,0.390691,0.401106,Hrs,0.384,0.384,Amazon Elastic Compute Cloud,m5.2xlarge,8,32 GiB,Linux,us-west-2,AmazonEC2,22.18,30.95,19.73,53,2026-01-12T05:48:57Z,data-eng,prod,CC200,,,,,,,,,,,,,
fc420e9e33674413946185d3f9e3da00,2026-01-14T18:00:00Z/2026-01-14T19:00:00Z,112233445566,2026-01-01T00:00:00Z,2026-02-01T00:00:00Z,AWS,223344556677,Usage,2026-01-14T18:00:00Z,2026-01-14T19:00:00Z,AmazonEC2,USWE-BoxUsage:m5.2xlarge,RunInstances,us-west-2b,i-0c3595869f2a946af,1.0,16.0,16.0,0.384,0.384,0.382229,0.369687,Hrs,0.384,0.384,Amazon Elastic Compute Cloud,m5.2xlarge,8,32 GiB,Linux,us-west-2,AmazonEC2,28.26,30.47,40.89,31,2026-01-12T17:40:39Z,data-eng,prod,CC200,,,,,,,,,,,,,
7ac81e8652da4350a3128f3ca5be7402,2026-01-15T04:00:00Z/2026-01-15T05:00:00Z,112233445566,2026-01-01T00:00:00Z,2026-02-01T00:00:00Z,AWS,223344556677,Usage,2026-01-15T04:00:00Z,2026-01-15T05:00:00Z,AmazonEC2,USWE-BoxUsage:m5.2xlarge,RunInstances,us-west-2b,i-0c3595869f2a946af,1.0,16.0,16.0,0.384,0.384,0.380594,0.365438,Hrs,0.384,0.384,Amazon Elastic Compute Cloud,m5.2xlarge,8,32 GiB,Linux,us-west-2,AmazonEC2,27.43,32.73,39.73,34,2026-01-12T08:20:29Z,data-eng,prod,CC200,,,,,,,,,,,,,
19eea85c459d4a58ac9d86a38becfc97,2026-01-15T14:00:00Z/2026-01-15T15:00:00Z,112233445566,2026-01-01T00:00:00Z,2026-02-01T00:00:00Z,AWS,223344556677,Usage,2026-01-15T14:00:00Z,2026-01-15T15:00:00Z,AmazonEC2,USWE-BoxUsage:m5.2xlarge,RunInstances,us-west-2b,i-0c3595869f2a946af,1.0,16.0,16.0,0.384,0.384,0.394966,0.377718,Hrs,0.384,0.384,Amazon Elastic Compute Cloud,m5.2xlarge,8,32 GiB,Linux,us-west-2,AmazonEC2,30.59,45.98,18.23,36,2026-01-12T22:29:19Z,data-eng,prod,CC200,,,,,,,,,,,,,
a20b4a3475b84a2481a595d6acfadff6,2026-01-16T00:00:00Z/2026-01-16T01:00:00Z,112233445566,2026-01-01T00:00:00Z,2026-02-01T00:00:00Z,AWS,223344556677,Usage,2026-01-16T00:00:00Z,2026-01-16T01:00:00Z,AmazonEC2,USWE-BoxUsage:m5.2xlarge,RunInstances,us-west-2b,i-0c3595869f2a946af,1.0,16.0,16.0,0.384,0.384,0.387754,0.372069,Hrs,0.384,0.384,Amazon Elastic Compute Cloud,m5.2xlarge,8,32 GiB,Linux,us-west-2,AmazonEC2,25.31,51.32,26.41,63,2026-01-13T00:14:52Z,data-eng,prod,CC200,,,,,,,,,,,,,
9bdadb72f3494dceb5ca4acee29d7c48,2026-01-16T10:00:00Z/2026-01-16T11:00:00Z,112233445566,2026-01-01T00:00:00Z,2026-02-01T00:00:00Z,AWS,223344556677,Usage,2026-01-16T10:00:00Z,2026-01-16T11:00:00Z,AmazonEC2,USWE-BoxUsage:m5.2xlarge,RunInstances,us-west-2b,i-0c3595869f2a946af,1.0,16.0,16.0,0.384,0.384,0.385394,0.37908,Hrs,0.384,0.384,Amazon Elastic Compute Cloud,m5.2xlarge,8,32 GiB,Linux,us-west-2,AmazonEC2,41.28,50.91,39.26,36,2026-01-13T02:52:21Z,data-eng,prod,CC200,,,,,,,,,,,,,
c60066b97bc04b4a90253d66890066c6,2026-01-16T20:00:00Z/2026-01-16T21:00:00Z,112233445566,2026-01-01T00:00:00Z,2026-02-01T00:00:00Z,AWS,223344556677,Usage,2026-01-16T20:00:00Z,2026-01-16T21:00:00Z,AmazonEC2,USWE-BoxUsage:m5.2xlarge,RunInstances,us-west-2b,i-0c3595869f2a946af,1.0,16.0,16.0,0.384,0.384,0.365362,0.379849,Hrs,0.384,0.384,Amazon Elastic Compute Cloud,m5.2xlarge,8,32 GiB,Linux,us-west-2,AmazonEC2,34.93,45.97,19.52,35,2026-01-14T21:41:17Z,data-eng,prod,CC200,,,,,,,,,,,,,
4c7d852fc2a04627bff75217897358c2,2026-01-17T06:00:00Z/2026-01-17T07:00:00Z,112233445566,2026-01-01T00:00:00Z,2026-02-01T00:00:00Z,AWS,223344556677,Usage,2026-01-17T06:00:00Z,2026-01-17T07:00:00Z,AmazonEC2,USWE-BoxUsage:m5.2xlarge,RunInstances,us-west-2b,i-0c3595869f2a946af,1.0,16.0,16.0,0.384,0.384,0.389228,0.366103,Hrs,0.384,0.384,Amazon Elastic Compute Cloud,m5.2xlarge,8,32 GiB,Linux,us-west-2,AmazonEC2,40.21,39.89,22.73,43,2026-01-14T12:14:47Z,data-eng,prod,CC200,,,,,,,,,,,,,
40e29247e0704331b927aa56db24130a,2026-01-17T16:00:00Z/2026-01-17T17:00:00Z,112233445566,2026-01-01T00:00:00Z,2026-02-01T00:00:00Z,AWS,223344556677,Usage,2026-01-17T16:00:00Z,2026-01-17T17:00:00Z,AmazonEC2,USWE-BoxUsage:m5.2xlarge,RunInstances,us-west-2b,i-0c3595869f2a946af,1.0,16.0,16.0,0.384,0.384,0.386662,0.389524,Hrs,0.384,0.384,Amazon Elastic Compute Cloud,m5.2xlarge,8,32 GiB,Linux,us-west-2,AmazonEC2,41.25,43.74,18.91,17,2026-01-13T17:02:21Z,data-eng,prod,CC200,,,,,,,,,,,,,
17d154db4d754cd1b5c13481bf0e5daf,2026-01-18T02:00:00Z/2026-01-18T03:00:00Z,112233445566,2026-01-01T00:00:00Z,2026-02-01T00:00:00Z,AWS,223344556677,Usage,2026-01-18T02:00:00Z,2026-01-18T03:00:00Z,AmazonEC2,USWE-BoxUsage:m5.2xlarge,RunInstances,us-west-2b,i-0c3595869f2a946af,1.0,16.0,16.0,0.384,0.384,0.390151,0.399536,Hrs,0.384,0.384,Amazon Elastic Compute Cloud,m5.2xlarge,8,32 GiB,Linux,us-west-2,AmazonEC2,39.17,33.55,39.76,68,2026-01-15T02:17:08Z,data-eng,prod,CC200,,,,,,,,,,,,,
84e3b3d7af2447798d30c223e04fdce4,2026-01-18T12:00:00Z/2026-01-18T13:00:00Z,112233445566,2026-01-01T00:00:00Z,2026-02-01T00:00:00Z,AWS,223344556677,Usage,2026-01-18T12:00:00Z,2026-01-18T13:00:00Z,AmazonEC2,USWE-BoxUsage:m5.2xlarge,RunInstances,us-west-2b,i-0c3595869f2a946af,1.0,16.0,16.0,0.384,0.384,0.372785,0.376311,Hrs,0.384,0.384,Amazon Elastic Compute Cloud,m5.2xlarge,8,32 GiB,Linux,us-west-2,AmazonEC2,40.38,47.25,38.16,51,2026-01-16T22:36:03Z,data-eng,prod,CC200,,,,,,,,,,,,,
7a0afce807a0467b9ede6eb21d2908b0,2026-01-18T22:00:00Z/2026-01-18T23:00:00Z,112233445566,2026-01-01T00:00:00Z,2026-02-01T00:00:00Z,AWS,223344556677,Usage,2026-01-18T22:00:00Z,2026-01-18T23:00:00Z,AmazonEC2,USWE-BoxUsage:m5.2xlarge,RunInstances,us-west-2b,i-0c3595869f2a946af,1.0,16.0,16.0,0.384,0.384,0.375558,0.389435,Hrs,0.384,0.384,Amazon Elastic Compute Cloud,m5.2xlarge,8,32 GiB,Linux,us-west-2,AmazonEC2,26.82,34.47,37.35,24,2026-01-15T00:01:38Z,data-eng,prod,CC200,,,,,,,,,,,,,
9ab215d6d49645c8822b17e0293c8809,2026-01-19T08:00:00Z/2026-01-19T09:00:00Z,112233445566,2026-01-01T00:00:00Z,2026-02-01T00:00:00Z,AWS,223344556677,Usage,2026-01-19T08:00:00Z,2026-01-19T09:00:00Z,AmazonEC2,USWE-BoxUsage:m5.2xlarge,RunInstances,us-west-2b,i-0c3595869f2a946af,1.0,16.0,16.0,0.384,0.384,0.376008,0.37652,Hrs,0.384,0.384,Amazon Elastic Compute Cloud,m5.2xlarge,8,32 GiB,Linux,us-west-2,AmazonEC2,35.19,34.58,24.52,54,2026-01-15T00:07:39Z,data-eng,prod,CC200,,,,,,,,,,,,,
82f8a9d204fa4e4ab855e60ce59ed68a,2026-01-19T18:00:00Z/2026-01-19T19:00:00Z,112233445566,2026-01-01T00:00:00Z,2026-02-01T00:00:00Z,AWS,223344556677,Usage,2026-01-19T18:00:00Z,2026-01-19T19:00:00Z,AmazonEC2,USWE-BoxUsage:m5.2xlarge,RunInstances,us-west-2b,i-0c3595869f2a946af,1.0,16.0,16.0,0.384,0.384,0.391786,0.366539,Hrs,0.384,0.384,Amazon Elastic Compute Cloud,m5.2xlarge,8,32 GiB,Linux,us-west-2,AmazonEC2,26.74,34.32,32.76,28,2026-01-15T11:08:27Z,data-eng,prod,CC200,,,,,,,,,,,,,
df91ed23ad044d628f2619f959f96f40,2026-01-20T04:00:00Z/2026-01-20T05:00:00Z,112233445566,2026-01-01T00:00:00Z,2026-02-01T00:00:00Z,AWS,223344556677,Usage,2026-01-20T04:00:00Z,2026-01-20T05:00:00Z,AmazonEC2,USWE-BoxUsage:m5.2xlarge,RunInstances,us-west-2b,i-0c3595869f2a946af,1.0,16.0,16.0,0.384,0.384,0.400086,0.367524,Hrs,0.384,0.384,Amazon Elastic Compute Cloud,m5.2xlarge,8,32 GiB,Linux,us-west-2,AmazonEC2,29.76,37.18,20.58,39,2026-01-16T18:31:07Z,data-eng,prod,CC200,,,,,,,,,,,,,
6258c89c7e1a4b3d9a7ac6d1827f672d,2026-01-20T14:00:00Z/2026-01-20T15:00:00Z,112233445566,2026-01-01T00:00:00Z,2026-02-01T00:00:00Z,AWS,223344556677,Usage,2026-01-20T14:00:00Z,2026-01-20T15:00:00Z,AmazonEC2,USWE-BoxUsage:m5.2xlarge,RunInstances,us-west-2b,i-0c3595869f2a946af,1.0,16.0,16.0,0.384,0.384,0.365693,0.399673,Hrs,0.384,0.384,Amazon Elastic Compute Cloud,m5.2xlarge,8,32 GiB,Linux,us-west-2,AmazonEC2,32.69,46.18,25.21,50,2026-01-17T20:17:19Z,data-eng,prod,CC200,,,,,,,,,,,,,
b8a93f468ea04bcc932f7ce5d85ce8a6,2026-01-21T00:00:00Z/2026-01-21T01:00:00Z,112233445566,2026-01-01T00:00:00Z,2026-02-01T00:00:00Z,AWS,223344556677,Usage,2026-01-21T00:00:00Z,2026-01-21T01:00:00Z,AmazonEC2,USWE-BoxUsage:m5.2xlarge,RunInstances,us-west-2b,i-0c3595869f2a946af,1.0,16.0,16.0,0.384,0.384,0.397311,0.389965,Hrs,0.384,0.384,Amazon Elastic Compute Cloud,m5.2xlarge,8,32 GiB,Linux,us-west-2,AmazonEC2,25.39,41.89,39.5,29,2026-01-17T10:29:06Z,data-eng,prod,CC200,,,,,,,,,,,,,
15469bd226c34f89b4cd0d9e6780ef64,2026-01-21T10:00:00Z/2026-01-21T11:00:00Z,112233445566,2026-01-01T00:00:00Z,2026-02-01T00:00:00Z,AWS,223344556677,Usage,2026-01-21T10:00:00Z,2026-01-21T11:00:00Z,AmazonEC2,USWE-BoxUsage:m5.2xlarge,RunInstances,us-west-2b,i-0c3595869f2a946af,1.0,16.0,16.0,0.384,0.384,0.38053,0.395373,Hrs,0.384,0.384,Amazon Elastic Compute Cloud,m5.2xlarge,8,32 GiB,Linux,us-west-2,AmazonEC2,28.93,28.09,37.61,63,2026-01-17T11:24:26Z,data-eng,prod,CC200,,,,,,,,,,,,,
4729d525e2184d3e9c88a0547b08b597,2026-01-21T20:00:00Z/2026-01-21T21:00:00Z,112233445566,2026-01-01T00:00:00Z,2026-02-01T00:00:00Z,AWS,223344556677,Usage,2026-01-21T20:00:00Z,2026-01-21T21:00:00Z,AmazonEC2,USWE-BoxUsage:m5.2xlarge,RunInstances,us-west-2b,i-0c3595869f2a946af,1.0,16.0,16.0,0.384,0.384,0.372512,0.398414,Hrs,0.384,0.384,Amazon Elastic Compute Cloud,m5.2xlarge,8,32 GiB,Linux,us-west-2,AmazonEC2,32.35,38.82,38.3,32,2026-01-17T20:08:41Z,data-eng,prod,CC200,,,,,,,,,,,,,
c9e0c09162334897b5cd8693e085edd4,2026-01-22T06:00:00Z/2026-01-22T07:00:00Z,112233445566,2026-01-01T00:00:00Z,2026-02-01T00:00:00Z,AWS,223344556677,Usage,2026-01-22T06:00:00Z,2026-01-22T07:00:00Z,AmazonEC2,USWE-BoxUsage:m5.2xlarge,RunInstances,us-west-2b,i-0c3595869f2a946af,1.0,16.0,16.0,0.384,0.384,0.370817,0.370436,Hrs,0.384,0.384,Amazon Elastic Compute Cloud,m5.2xlarge,8,32 GiB,Linux,us-west-2,AmazonEC2,41.71,49.6,23.4,65,2026-01-19T18:15:28Z,data-eng,prod,CC200,,,,,,,,,,,,,
102d1a4503c9421c9205f92838581631,2026-01-22T16:00:00Z/2026-01-22T17:00:00Z,112233445566,2026-01-01T00:00:00Z,2026-02-01T00:00:00Z,AWS,223344556677,Usage,2026-01-22T16:00:00Z,2026-01-22T17:00:00Z,AmazonEC2,USWE-BoxUsage:m5.2xlarge,RunInstances,us-west-2b,i-0c3595869f2a946af,1.0,16.0,16.0,0.384,0.384,0.395838,0.377831,Hrs,0.384,0.384,Amazon Elastic Compute Cloud,m5.2xlarge,8,32 GiB,Linux,us-west-2,AmazonEC2,24.2,40.33,31.24,15,2026-01-20T03:04:15Z,data-eng,prod,CC200,,,,,,,,,,,,,
6eb17d95d21740768c27c50153827298,2026-01-23T02:00:00Z/2026-01-23T03:00:00Z,112233445566,2026-01-01T00:00:00Z,2026-02-01T00:00:00Z,AWS,223344556677,Usage,2026-01-23T02:00:00Z,2026-01-23T03:00:00Z,AmazonEC2,USWE-BoxUsage:m5.2xlarge,RunInstances,us-west-2b,i-0c3595869f2a946af,1.0,16.0,16.0,0.384,0.384,0.38864,0.373361,Hrs,0.384,0.384,Amazon Elastic Compute Cloud,m5.2xlarge,8,32 GiB,Linux,us-west-2,AmazonEC2,25.29,33.91,24.93,40,2026-01-20T12:08:28Z,data-eng,prod,CC200,,,,,,,,,,,,,
f34c2755f23c4b3287c992b8ef4bea08,2026-01-23T12:00:00Z/2026-01-23T13:00:00Z,112233445566,2026-01-01T00:00:00Z,2026-02-01T00:00:00Z,AWS,223344556677,Usage,2026-01-23T12:00:00Z,2026-01-23T13:00:00Z,AmazonEC2,USWE-BoxUsage:m5.2xlarge,RunInstances,us-west-2b,i-0c3595869f2a946af,1.0,16.0,16.0,0.384,0.384,0.386982,0.384866,Hrs,0.384,0.384,Amazon Elastic Compute Cloud,m5.2xlarge,8,32 GiB,Linux,us-west-2,AmazonEC2,30.08,49.23,38.85,35,2026-01-21T18:48:56Z,data-eng,prod,CC200,,,,,,,,,,,,,
d49b19de9c1d445f88ebed5baf09c39c,2026-01-23T22:00:00Z/2026-01-23T23:00:00Z,112233445566,2026-01-01T00:00:00Z,2026-02-01T00:00:00Z,AWS,223344556677,Usage,2026-01-23T22:00:00Z,2026-01-23T23:00:00Z,AmazonEC2,USWE-BoxUsage:m5.2xlarge,RunInstances,us-west-2b,i-0c3595869f2a946af,1.0,16.0,16.0,0.384,0.384,0.377581,0.38273,Hrs,0.384,0.384,Amazon Elastic Compute Cloud,m5.2xlarge,8,32 GiB,Linux,us-west-2,AmazonEC2,31.27,51.1,41.53,34,2026-01-21T04:39:55Z,data-eng,prod,CC200,,,,,,,,,,,,,
4f27c12fed2d474c89c5852c97ca737f,2026-01-24T08:00:00Z/2026-01-24T09:00:00Z,112233445566,2026-01-01T00:00:00Z,2026-02-01T00:00:00Z,AWS,223344556677,Usage,2026-01-24T08:00:00Z,2026-01-24T09:00:00Z,AmazonEC2,USWE-BoxUsage:m5.2xlarge,RunInstances,us-west-2b,i-0c3595869f2a946af,1.0,16.0,16.0,0.384,0.384,0.375344,0.385437,Hrs,0.384,0.384,Amazon Elastic Compute Cloud,m5.2xlarge,8,32 GiB,Linux,us-west-2,AmazonEC2,23.07,51.05,24.51,16,2026-01-20T08:53:19Z,data-eng,prod,CC200,,,,,,,,,,,,,
46d38f02183e49229a6374399fd2e14c,2026-01-24T18:00:00Z/2026-01-24T19:00:00Z,112233445566,2026-01-01T00:00:00Z,2026-02-01T00:00:00Z,AWS,223344556677,Usage,2026-01-24T18:00:00Z,2026-01-24T19:00:00Z,AmazonEC2,USWE-BoxUsage:m5.2xlarge,RunInstances,us-west-2b,i-0c3595869f2a946af,1.0,16.0,16.0,0.384,0.384,0.3738,0.377631,Hrs,0.384,0.384,Amazon Elastic Compute Cloud,m5.2xlarge,8,32 GiB,Linux,us-west-2,AmazonEC2,38.85,38.3,35.45,29,2026-01-21T00:46:33Z,data-eng,prod,CC200,,,,,,,,,,,,,
2838a789a69b47f99a93684335a9b9f4,2026-01-25T04:00:00Z/2026-01-25T05:00:00Z,112233445566,2026-01-01T00:00:00Z,2026-02-01T00:00:00Z,AWS,223344556677,Usage,2026-01-25T04:00:00Z,2026-01-25T05:00:00Z,AmazonEC2,USWE-BoxUsage:m5.2xlarge,RunInstances,us-west-2b,i-0c3595869f2a946af,1.0,16.0,16.0,0.384,0.384,0.377172,0.380929,Hrs,0.384,0.384,Amazon Elastic Compute Cloud,m5.2xlarge,8,32 GiB,Linux,us-west-2,AmazonEC2,27.41,51.95,18.18,68,2026-01-22T04:12:27Z,data-eng,prod,CC200,,,,,,,,,,,,,
f5b1f20ccd2c43d9ba067e91daa53032,2026-01-25T14:00:00Z/2026-01-25T15:00:00Z,112233445566,2026-01-01T00:00:00Z,2026-02-01T00:00:00Z,AWS,223344556677,Usage,2026-01-25T14:00:00Z,2026-01-25T15:00:00Z,AmazonEC2,USWE-BoxUsage:m5.2xlarge,RunInstances,us-west-2b,i-0c3595869f2a946af,1.0,16.0,16.0,0.384,0.384,0.379448,0.402838,Hrs,0.384,0.384,Amazon Elastic Compute Cloud,m5.2xlarge,8,32 GiB,Linux,us-west-2,AmazonEC2,37.24,34.76,27.7,51,2026-01-22T01:15:01Z,data-eng,prod,CC200,,,,,,,,,,,,,
01fdb6a2fa4d4be79406bf5efd3def5a,2026-01-26T00:00:00Z/2026-01-26T01:00:00Z,112233445566,2026-01-01T00:00:00Z,2026-02-01T00:00:00Z,AWS,223344556677,Usage,2026-01-26T00:00:00Z,2026-01-26T01:00:00Z,AmazonEC2,USWE-BoxUsage:m5.2xlarge,RunInstances,us-west-2b,i-0c3595869f2a946af,1.0,16.0,16.0,0.384,0.384,0.391917,0.377565,Hrs,0.384,0.384,Amazon Elastic Compute Cloud,m5.2xlarge,8,32 GiB,Linux,us-west-2,AmazonEC2,31.01,50.02,26.24,12,2026-01-22T10:32:18Z,data-eng,prod,CC200,,,,,,,,,,,,,
facb2e45f4c94e61be5b57a2642ee757,2026-01-26T10:00:00Z/2026-01-26T11:00:00Z,112233445566,2026-01-01T00:00:00Z,2026-02-01T00:00:00Z,AWS,223344556677,Usage,2026-01-26T10:00:00Z,2026-01-26T11:00:00Z,AmazonEC2,USWE-BoxUsage:m5.2xlarge,RunInstances,us-west-2b,i-0c3595869f2a946af,1.0,16.0,16.0,0.384,0.384,0.36785,0.37709,Hrs,0.384,0.384,Amazon Elastic Compute Cloud,m5.2xlarge,8,32 GiB,Linux,us-west-2,AmazonEC2,26.67,31.01,40.01,34,2026-01-22T13:23:35Z,data-eng,prod,CC200,,,,,,,,,,,,,
fc11e69067bf4eac972cbc2c013ce33e,2026-01-26T20:00:00Z/2026-01-26T21:00:00Z,112233445566,2026-01-01T00:00:00Z,2026-02-01T00:00:00Z,AWS,223344556677,Usage,2026-01-26T20:00:00Z,2026-01-26T21:00:00Z,AmazonEC2,USWE-BoxUsage:m5.2xlarge,RunInstances,us-west-2b,i-0c3595869f2a946af,1.0,16.0,16.0,0.384,0.384,0.383206,0.378455,Hrs,0.384,0.384,Amazon Elastic Compute Cloud,m5.2xlarge,8,32 GiB,Linux,us-west-2,AmazonEC2,33.92,31.67,37.74,71,2026-01-24T02:55:01Z,data-eng,prod,CC200,,,,,,,,,,,,,
efb8cfdeeb69486093245d35c4a2ce91,2026-01-27T06:00:00Z/2026-01-27T07:00:00Z,112233445566,2026-01-01T00:00:00Z,2026-02-01T00:00:00Z,AWS,223344556677,Usage,2026-01-27T06:00:00Z,2026-01-27T07:00:00Z,AmazonEC2,USWE-BoxUsage:m5.2xlarge,RunInstances,us-west-2b,i-0c3595869f2a946af,1.0,16.0,16.0,0.384,0.384,0.397645,0.369005,Hrs,0.384,0.384,Amazon Elastic Compute Cloud,m5.2xlarge,8,32 GiB,Linux,us-west-2,AmazonEC2,27.58,33.73,26.15,50,2026-01-24T15:12:18Z,data-eng,prod,CC200,,,,,,,,,,,,,
9fe3c3e88c5443719b37a6e5967df9a8,2026-01-27T16:00:00Z/2026-01-27T17:00:00Z,112233445566,2026-01-01T00:00:00Z,2026-02-01T00:00:00Z,AWS,223344556677,Usage,2026-01-27T16:00:00Z,2026-01-27T17:00:00Z,AmazonEC2,USWE-BoxUsage:m5.2xlarge,RunInstances,us-west-2b,i-0c3595869f2a946af,1.0,16.0,16.0,0.384,0.384,0.398487,0.397632,Hrs,0.384,0.384,Amazon Elastic Compute Cloud,m5.2xlarge,8,32 GiB,Linux,us-west-2,AmazonEC2,41.53,48.71,32.11,39,2026-01-25T07:30:37Z,data-eng,prod,CC200,,,,,,,,,,,,,
0ad1e217332746269ef6d42c097b686e,2026-01-28T02:00:00Z/2026-01-28T03:00:00Z,112233445566,2026-01-01T00:00:00Z,2026-02-01T00:00:00Z,AWS,223344556677,Usage,2026-01-28T02:00:00Z,2026-01-28T03:00:00Z,AmazonEC2,USWE-BoxUsage:m5.2xlarge,RunInstances,us-west-2b,i-0c3595869f2a946af,1.0,16.0,16.0,0.384,0.384,0.372466,0.396229,Hrs,0.384,0.384,Amazon Elastic Compute Cloud,m5.2xlarge,8,32 GiB,Linux,us-west-2,AmazonEC2,26.05,29.71,38.23,16,2026-01-26T10:11:17Z,data-eng,prod,CC200,,,,,,,,,,,,,
9f659c2e970a4ea4a1c97cfa3ba5ee4f,2026-01-28T12:00:00Z/2026-01-28T13:00:00Z,112233445566,2026-01-01T00:00:00Z,2026-02-01T00:00:00Z,AWS,223344556677,Usage,2026-01-28T12:00:00Z,2026-01-28T13:00:00Z,AmazonEC2,USWE-BoxUsage:m5.2xlarge,RunInstances,us-west-2b,i-0c3595869f2a946af,1.0,16.0,16.0,0.384,0.384,0.391415,0.370458,Hrs,0.384,0.384,Amazon Elastic Compute Cloud,m5.2xlarge,8,32 GiB,Linux,us-west-2,AmazonEC2,33.72,37.69,23.84,35,2026-01-25T14:49:11Z,data-eng,prod,CC200,,,,,,,,,,,,,
4361feb419874f40bd5d5221aea76fef,2026-01-28T22:00:00Z/2026-01-28T23:00:00Z,112233445566,2026-01-01T00:00:00Z,2026-02-01T00:00:00Z,AWS,223344556677,Usage,2026-01-28T22:00:00Z,2026-01-28T23:00:00Z,AmazonEC2,USWE-BoxUsage:m5.2xlarge,RunInstances,us-west-2b,i-0c3595869f2a946af,1.0,16.0,16.0,0.384,0.384,0.372807,0.377421,Hrs,0.384,0.384,Amazon Elastic Compute Cloud,m5.2xlarge,8,32 GiB,Linux,us-west-2,AmazonEC2,28.58,46.92,31.88,70,2026-01-26T04:00:55Z,data-eng,prod,CC200,,,,,,,,,,,,,
17c3f2403fbc4e159cc14fc266c73956,2026-01-29T08:00:00Z/2026-01-29T09:00:00Z,112233445566,2026-01-01T00:00:00Z,2026-02-01T00:00:00Z,AWS,223344556677,Usage,2026-01-29T08:00:00Z,2026-01-29T09:00:00Z,AmazonEC2,USWE-BoxUsage:m5.2xlarge,RunInstances,us-west-2b,i-0c3595869f2a946af,1.0,16.0,16.0,0.384,0.384,0.365318,0.372163,Hrs,0.384,0.384,Amazon Elastic Compute Cloud,m5.2xlarge,8,32 GiB,Linux,us-west-2,AmazonEC2,29.69,30.58,34.15,12,2026-01-26T19:07:12Z,data-eng,prod,CC200,,,,,,,,,,,,,
ef8d51b9bd3a446397ee28d2279486b9,2026-01-29T18:00:00Z/2026-01-29T19:00:00Z,112233445566,2026-01-01T00:00:00Z,2026-02-01T00:00:00Z,AWS,223344556677,Usage,2026-01-29T18:00:00Z,2026-01-29T19:00:00Z,AmazonEC2,USWE-BoxUsage:m5.2xlarge,RunInstances,us-west-2b,i-0c3595869f2a946af,1.0,16.0,16.0,0.384,0.384,0.370426,0.371957,Hrs,0.384,0.384,Amazon Elastic Compute Cloud,m5.2xlarge,8,32 GiB,Linux,us-west-2,AmazonEC2,40.69,30.22,32.27,21,2026-01-25T16:38:19Z,data-eng,prod,CC200,,,,,,,,,,,,,
08622dc65834431ab15883d5ea8b0b6c,2026-01-30T14:00:00Z/2026-01-30T15:00:00Z,112233445566,2026-01-01T00:00:00Z,2026-02-01T00:00:00Z,AWS,223344556677,Usage,2026-01-30T14:00:00Z,2026-01-30T15:00:00Z,AmazonEC2,USWE-BoxUsage:m5.2xlarge,RunInstances,us-west-2b,i-0c3595869f2a946af,1.0,16.0,16.0,0.384,0.384,0.390126,0.370743,Hrs,0.384,0.384,Amazon Elastic Compute Cloud,m5.2xlarge,8,32 GiB,Linux,us-west-2,AmazonEC2,39.51,42.71,25.65,46,2026-01-27T16:32:30Z,data-eng,prod,CC200,,,,,,,,,,,,,
a7c3612d9c554154a8b5af139ada3325,2026-01-01T00:00:00Z/2026-01-01T01:00:00Z,112233445566,2026-01-01T00:00:00Z,2026-02-01T00:00:00Z,AWS,112233445566,Usage,2026-01-01T00:00:00Z,2026-01-01T01:00:00Z,AmazonS3,USEA-TimedStorage-ByteHrs,StandardStorage,,arn:aws:s3:::platform-assets-bucket,420.3952,,,3.19444e-05,0.01351852,3.19444e-05,0.01351852,GB-Mo,0.023,0.01351852,Amazon Simple Storage Service,,,,,us-east-1,AmazonS3,0.0,0.0,40.62,5,2025-12-31T06:42:51Z,platform,prod,CC100,,,,,,,,,,,,,
436ff0d89dff46d4b5978100b0a81ccc,2026-01-01T10:00:00Z/2026-01-01T11:00:00Z,112233445566,2026-01-01T00:00:00Z,2026-02-01T00:00:00Z,AWS,112233445566,Usage,2026-01-01T10:00:00Z,2026-01-01T11:00:00Z,AmazonS3,USEA-TimedStorage-ByteHrs,StandardStorage,,arn:aws:s3:::platform-assets-bucket,419.8105,,,3.19444e-05,0.013505,3.19444e-05,0.013505,GB-Mo,0.023,0.013505,Amazon Simple Storage Service,,,,,us-east-1,AmazonS3,0.0,0.0,34.16,9,2025-12-31T08:03:03Z,platform,prod,CC100,,,,,,,,,,,,,
cfc4069685c84739af9b6b0771f9f45f,2026-01-01T20:00:00Z/2026-01-01T21:00:00Z,112233445566,2026-01-01T00:00:00Z,2026-02-01T00:00:00Z,AWS,112233445566,Usage,2026-01-01T20:00:00Z,2026-01-01T21:00:00Z,AmazonS3,USEA-TimedStorage-ByteHrs,StandardStorage,,arn:aws:s3:::platform-assets-bucket,420.1326,,,3.19444e-05,0.01364357,3.19444e-05,0.01364357,GB-Mo,0.023,0.01364357,Amazon Simple Storage Service,,,,,us-east-1,AmazonS3,0.0,0.0,41.35,0,2025-12-31T19:40:10Z,platform,prod,CC100,,,,,,,,,,,,,
c937399056644d189ac3cf703dd74c33,2026-01-02T06:00:00Z/2026-01-02T07:00:00Z,112233445566,2026-01-01T00:00:00Z,2026-02-01T00:00:00Z,AWS,112233445566,Usage,2026-01-02T06:00:00Z,2026-01-02T07:00:00Z,AmazonS3,USEA-TimedStorage-ByteHrs,StandardStorage,,arn:aws:s3:::platform-assets-bucket,420.1302,,,3.19444e-05,0.01337328,3.19444e-05,0.01337328,GB-Mo,0.023,0.01337328,Amazon Simple Storage Service,,,,,us-east-1,AmazonS3,0.0,0.0,51.71,3,2025-12-31T11:08:16Z,platform,prod,CC100,,,,,,,,,,,,,
9e791aa215894e61987f3bc4d093e56f,2026-01-02T16:00:00Z/2026-01-02T17:00:00Z,112233445566,2026-01-01T00:00:00Z,2026-02-01T00:00:00Z,AWS,112233445566,Usage,2026-01-02T16:00:00Z,2026-01-02T17:00:00Z,AmazonS3,USEA-TimedStorage-ByteHrs,StandardStorage,,arn:aws:s3:::platform-assets-bucket,420.2233,,,3.19444e-05,0.01326521,3.19444e-05,0.01326521,GB-Mo,0.023,0.01326521,Amazon Simple Storage Service,,,,,us-east-1,AmazonS3,0.0,0.0,38.6,6,2026-01-02T02:29:45Z,platform,prod,CC100,,,,,,,,,,,,,
48a1623acae54ae3bb5cebf31d78a7ef,2026-01-03T02:00:00Z/2026-01-03T03:00:00Z,112233445566,2026-01-01T00:00:00Z,2026-02-01T00:00:00Z,AWS,112233445566,Usage,2026-01-03T02:00:00Z,2026-01-03T03:00:00Z,AmazonS3,USEA-TimedStorage-ByteHrs,StandardStorage,,arn:aws:s3:::platform-assets-bucket,419.8613,,,3.19444e-05,0.01364226,3.19444e-05,0.01364226,GB-Mo,0.023,0.01364226,Amazon Simple Storage Service,,,,,us-east-1,AmazonS3,0.0,0.0,28.88,11,2026-01-01T22:28:28Z,platform,prod,CC100,,,,,,,,,,,,,
5e42fff9a13e4d2db3032349204b0a9d,2026-01-03T12:00:00Z/2026-01-03T13:00:00Z,112233445566,2026-01-01T00:00:00Z,2026-02-01T00:00:00Z,AWS,112233445566,Usage,2026-01-03T12:00:00Z,2026-01-03T13:00:00Z,AmazonS3,USEA-TimedStorage-ByteHrs,StandardStorage,,arn:aws:s3:::platform-assets-bucket,420.2492,,,3.19444e-05,0.01325876,3.19444e-05,0.01325876,GB-Mo,0.023,0.01325876,Amazon Simple Storage Service,,,,,us-east-1,AmazonS3,0.0,0.0,30.21,8,2026-01-02T17:42:45Z,platform,prod,CC100,,,,,,,,,,,,,
bef9fb33c237418bb16c9892050602e5,2026-01-03T22:00:00Z/2026-01-03T23:00:00Z,112233445566,2026-01-01T00:00:00Z,2026-02-01T00:00:00Z,AWS,112233445566,Usage,2026-01-03T22:00:00Z,2026-01-03T23:00:00Z,AmazonS3,USEA-TimedStorage-ByteHrs,StandardStorage,,arn:aws:s3:::platform-assets-bucket,420.178,,,3.19444e-05,0.01329228,3.19444e-05,0.01329228,GB-Mo,0.023,0.01329228,Amazon Simple Storage Service,,,,,us-east-1,AmazonS3,0.0,0.0,57.82,9,2026-01-02T19:39:42Z,platform,prod,CC100,,,,,,,,,,,,,
765d7e1cd8b14a80b0f4348247cc32ff,2026-01-04T08:00:00Z/2026-01-04T09:00:00Z,112233445566,2026-01-01T00:00:00Z,2026-02-01T00:00:00Z,AWS,112233445566,Usage,2026-01-04T08:00:00Z,2026-01-04T09:00:00Z,AmazonS3,USEA-TimedStorage-ByteHrs,StandardStorage,,arn:aws:s3:::platform-assets-bucket,420.2132,,,3.19444e-05,0.01344545,3.19444e-05,0.01344545,GB-Mo,0.023,0.01344545,Amazon Simple Storage Service,,,,,us-east-1,AmazonS3,0.0,0.0,34.07,6,2026-01-02T04:35:58Z,platform,prod,CC100,,,,,,,,,,,,,
863e1cac65664da4a1f8c057409ab101,2026-01-04T18:00:00Z/2026-01-04T19:00:00Z,112233445566,2026-01-01T00:00:00Z,2026-02-01T00:00:00Z,AWS,112233445566,Usage,2026-01-04T18:00:00Z,2026-01-04T19:00:00Z,AmazonS3,USEA-TimedStorage-ByteHrs,StandardStorage,,arn:aws:s3:::platform-assets-bucket,420.3605,,,3.19444e-05,0.01357647,3.19444e-05,0.01357647,GB-Mo,0.023,0.01357647,Amazon Simple Storage Service,,,,,us-east-1,AmazonS3,0.0,0.0,50.79,0,2026-01-03T00:25:16Z,platform,prod,CC100,,,,,,,,,,,,,
7b49e2328c844e5fac4f05324a41d417,2026-01-05T04:00:00Z/2026-01-05T05:00:00Z,112233445566,2026-01-01T00:00:00Z,2026-02-01T00:00:00Z,AWS,112233445566,Usage,2026-01-05T04:00:00Z,2026-01-05T05:00:00Z,AmazonS3,USEA-TimedStorage-ByteHrs,StandardStorage,,arn:aws:s3:::platform-assets-bucket,419.7519,,,3.19444e-05,0.01346563,3.19444e-05,0.01346563,GB-Mo,0.023,0.01346563,Amazon Simple Storage Service,,,,,us-east-1,AmazonS3,0.0,0.0,28.98,15,2026-01-03T04:22:48Z,platform,prod,CC100,,,,,,,,,,,,,
2f685641bf6e43bb85041a5c8697e951,2026-01-05T14:00:00Z/2026-01-05T15:00:00Z,112233445566,2026-01-01T00:00:00Z,2026-02-01T00:00:00Z,AWS,112233445566,Usage,2026-01-05T14:00:00Z,2026-01-05T15:00:00Z,AmazonS3,USEA-TimedStorage-ByteHrs,StandardStorage,,arn:aws:s3:::platform-assets-bucket,420.1054,,,3.19444e-05,0.01366033,3.19444e-05,0.01366033,GB-Mo,0.023,0.01366033,Amazon Simple Storage Service,,,,,us-east-1,AmazonS3,0.0,0.0,54.18,19,2026-01-04T03:23:37Z,platform,prod,CC100,,,,,,,,,,,,,
4aba73c6cddb404684abafb19ba716f9,2026-01-06T00:00:00Z/2026-01-06T01:00:00Z,112233445566,2026-01-01T00:00:00Z,2026-02-01T00:00:00Z,AWS,112233445566,Usage,2026-01-06T00:00:00Z,2026-01-06T01:00:00Z,AmazonS3,USEA-TimedStorage-ByteHrs,StandardStorage,,arn:aws:s3:::platform-assets-bucket,419.7738,,,3.19444e-05,0.0135894,3.19444e-05,0.0135894,GB-Mo,0.023,0.0135894,Amazon Simple Storage Service,,,,,us-east-1,AmazonS3,0.0,0.0,54.26,20,2026-01-04T15:05:40Z,platform,prod,CC100,,,,,,,,,,,,,
4926567c1b8248f9b595ee4bbcecfd43,2026-01-06T10:00:00Z/2026-01-06T11:00:00Z,112233445566,2026-01-01T00:00:00Z,2026-02-01T00:00:00Z,AWS,112233445566,Usage,2026-01-06T10:00:00Z,2026-01-06T11:00:00Z,AmazonS3,USEA-TimedStorage-ByteHrs,StandardStorage,,arn:aws:s3:::platform-assets-bucket,419.854,,,3.19444e-05,0.01353619,3.19444e-05,0.01353619,GB-Mo,0.023,0.01353619,Amazon Simple Storage Service,,,,,us-east-1,AmazonS3,0.0,0.0,48.37,6,2026-01-05T03:30:13Z,platform,prod,CC100,,,,,,,,,,,,,
617054884f3c4519bb2fb74fff22029f,2026-01-06T20:00:00Z/2026-01-06T21:00:00Z,112233445566,2026-01-01T00:00:00Z,2026-02-01T00:00:00Z,AWS,112233445566,Usage,2026-01-06T20:00:00Z,2026-01-06T21:00:00Z,AmazonS3,USEA-TimedStorage-ByteHrs,StandardStorage,,arn:aws:s3:::platform-assets-bucket,419.9339,,,3.19444e-05,0.01348291,3.19444e-05,0.01348291,GB-Mo,0.023,0.01348291,Amazon Simple Storage Service,,,,,us-east-1,AmazonS3,0.0,0.0,49.7,0,2026-01-05T04:25:46Z,platform,prod,CC100,,,,,,,,,,,,,
cee992178fa34fc38ad686c7c370f4c3,2026-01-07T06:00:00Z/2026-01-07T07:00:00Z,112233445566,2026-01-01T00:00:00Z,2026-02-01T00:00:00Z,AWS,112233445566,Usage,2026-01-07T06:00:00Z,2026-01-07T07:00:00Z,AmazonS3,USEA-TimedStorage-ByteHrs,StandardStorage,,arn:aws:s3:::platform-assets-bucket,419.899,,,3.19444e-05,0.01326808,3.19444e-05,0.01326808,GB-Mo,0.023,0.01326808,Amazon Simple Storage Service,,,,,us-east-1,AmazonS3,0.0,0.0,42.29,0,2026-01-05T10:40:44Z,platform,prod,CC100,,,,,,,,,,,,,
72a1a82fab1c43c89c1d3a43160afd3f,2026-01-07T16:00:00Z/2026-01-07T17:00:00Z,112233445566,2026-01-01T00:00:00Z,2026-02-01T00:00:00Z,AWS,112233445566,Usage,2026-01-07T16:00:00Z,2026-01-07T17:00:00Z,AmazonS3,USEA-TimedStorage-ByteHrs,StandardStorage,,arn:aws:s3:::platform-assets-bucket,419.6962,,,3.19444e-05,0.01366564,3.19444e-05,0.01366564,GB-Mo,0.023,0.01366564,Amazon Simple Storage Service,,,,,us-east-1,AmazonS3,0.0,0.0,50.12,13,2026-01-05T06:41:17Z,platform,prod,CC100,,,,,,,,,,,,,
634202a2fb4647d281268b47d8757a43,2026-01-08T02:00:00Z/2026-01-08T03:00:00Z,112233445566,2026-01-01T00:00:00Z,2026-02-01T00:00:00Z,AWS,112233445566,Usage,2026-01-08T02:00:00Z,2026-01-08T03:00:00Z,AmazonS3,USEA-TimedStorage-ByteHrs,StandardStorage,,arn:aws:s3:::platform-assets-bucket,419.8398,,,3.19444e-05,0.01349842,3.19444e-05,0.01349842,GB-Mo,0.023,0.01349842,Amazon Simple Storage Service,,,,,us-east-1,AmazonS3,0.0,0.0,54.41,7,2026-01-05T15:59:59Z,platform,prod,CC100,,,,,,,,,,,,,
7a0822e7a14c48c69ec3d05377c30c3b,2026-01-08T12:00:00Z/2026-01-08T13:00:00Z,112233445566,2026-01-01T00:00:00Z,2026-02-01T00:00:00Z,AWS,112233445566,Usage,2026-01-08T12:00:00Z,2026-01-08T13:00:00Z,AmazonS3,USEA-TimedStorage-ByteHrs,StandardStorage,,arn:aws:s3:::platform-assets-bucket,420.2138,,,3.19444e-05,0.01352352,3.19444e-05,0.01352352,GB-Mo,0.023,0.01352352,Amazon Simple Storage Service,,,,,us-east-1,AmazonS3,0.0,0.0,34.14,21,2026-01-07T19:26:19Z,platform,prod,CC100,,,,,,,,,,,,,
6e1a1fbafb2c4807b4f0c8b739be829c,2026-01-08T22:00:00Z/2026-01-08T23:00:00Z,112233445566,2026-01-01T00:00:00Z,2026-02-01T00:00:00Z,AWS,112233445566,Usage,2026-01-08T22:00:00Z,2026-01-08T23:00:00Z,AmazonS3,USEA-TimedStorage-ByteHrs,StandardStorage,,arn:aws:s3:::platform-assets-bucket,420.2206,,,3.19444e-05,0.01357864,3.19444e-05,0.01357864,GB-Mo,0.023,0.01357864,Amazon Simple Storage Service,,,,,us-east-1,AmazonS3,0.0,0.0,29.42,4,2026-01-08T11:03:00Z,platform,prod,CC100,,,,,,,,,,,,,
590558634fcd4a88a7e801afca5f12b9,2026-01-09T08:00:00Z/2026-01-09T09:00:00Z,112233445566,2026-01-01T00:00:00Z,2026-02-01T00:00:00Z,AWS,112233445566,Usage,2026-01-09T08:00:00Z,2026-01-09T09:00:00Z,AmazonS3,USEA-TimedStorage-ByteHrs,StandardStorage,,arn:aws:s3:::platform-assets-bucket,420.1048,,,3.19444e-05,0.0133744,3.19444e-05,0.0133744,GB-Mo,0.023,0.0133744,Amazon Simple Storage Service,,,,,us-east-1,AmazonS3,0.0,0.0,36.44,0,2026-01-07T06:38:51Z,platform,prod,CC100,,,,,,,,,,,,,
d87c759a02384855bd124efec08ea17d,2026-01-09T18:00:00Z/2026-01-09T19:00:00Z,112233445566,2026-01-01T00:00:00Z,2026-02-01T00:00:00Z,AWS,112233445566,Usage,2026-01-09T18:00:00Z,2026-01-09T19:00:00Z,AmazonS3,USEA-TimedStorage-ByteHrs,StandardStorage,,arn:aws:s3:::platform-assets-bucket,419.6571,,,3.19444e-05,0.01353463,3.19444e-05,0.01353463,GB-Mo,0.023,0.01353463,Amazon Simple Storage Service,,,,,us-east-1,AmazonS3,0.0,0.0,28.88,12,2026-01-07T09:04:18Z,platform,prod,CC100,,,,,,,,,,,,,
a9458667f0884317a8d7253e4bb33ca9,2026-01-10T04:00:00Z/2026-01-10T05:00:00Z,112233445566,2026-01-01T00:00:00Z,2026-02-01T00:00:00Z,AWS,112233445566,Usage,2026-01-10T04:00:00Z,2026-01-10T05:00:00Z,AmazonS3,USEA-TimedStorage-ByteHrs,StandardStorage,,arn:aws:s3:::platform-assets-bucket,419.8546,,,3.19444e-05,0.01329885,3.19444e-05,0.01329885,GB-Mo,0.023,0.01329885,Amazon Simple Storage Service,,,,,us-east-1,AmazonS3,0.0,0.0,59.77,8,2026-01-09T03:07:49Z,platform,prod,CC100,,,,,,,,,,,,,
fc89fee73ca9488f9d87c9f100cae654,2026-01-10T14:00:00Z/2026-01-10T15:00:00Z,112233445566,2026-01-01T00:00:00Z,2026-02-01T00:00:00Z,AWS,112233445566,Usage,2026-01-10T14:00:00Z,2026-01-10T15:00:00Z,AmazonS3,USEA-TimedStorage-ByteHrs,StandardStorage,,arn:aws:s3:::platform-assets-bucket,420.355,,,3.19444e-05,0.01319177,3.19444e-05,0.01319177,GB-Mo,0.023,0.01319177,Amazon Simple Storage Service,,,,,us-east-1,AmazonS3,0.0,0.0,60.23,20,2026-01-08T21:39:05Z,platform,prod,CC100,,,,,,,,,,,,,
1ec92d3958734b929c91504feaa698ef,2026-01-11T00:00:00Z/2026-01-11T01:00:00Z,112233445566,2026-01-01T00:00:00Z,2026-02-01T00:00:00Z,AWS,112233445566,Usage,2026-01-11T00:00:00Z,2026-01-11T01:00:00Z,AmazonS3,USEA-TimedStorage-ByteHrs,StandardStorage,,arn:aws:s3:::platform-assets-bucket,419.9937,,,3.19444e-05,0.01325942,3.19444e-05,0.01325942,GB-Mo,0.023,0.01325942,Amazon Simple Storage Service,,,,,us-east-1,AmazonS3,0.0,0.0,31.83,0,2026-01-08T15:54:45Z,platform,prod,CC100,,,,,,,,,,,,,
67b4be36ee5e47baa4614467f15eb77a,2026-01-11T10:00:00Z/2026-01-11T11:00:00Z,112233445566,2026-01-01T00:00:00Z,2026-02-01T00:00:00Z,AWS,112233445566,Usage,2026-01-11T10:00:00Z,2026-01-11T11:00:00Z,AmazonS3,USEA-TimedStorage-ByteHrs,StandardStorage,,arn:aws:s3:::platform-assets-bucket,420.3066,,,3.19444e-05,0.0133821,3.19444e-05,0.0133821,GB-Mo,0.023,0.0133821,Amazon Simple Storage Service,,,,,us-east-1,AmazonS3,0.0,0.0,37.3,5,2026-01-09T12:57:25Z,platform,prod,CC100,,,,,,,,,,,,,
9edb44463ae04bbf9e714e374f8827b4,2026-01-11T20:00:00Z/2026-01-11T21:00:00Z,112233445566,2026-01-01T00:00:00Z,2026-02-01T00:00:00Z,AWS,112233445566,Usage,2026-01-11T20:00:00Z,2026-01-11T21:00:00Z,AmazonS3,USEA-TimedStorage-ByteHrs,StandardStorage,,arn:aws:s3:::platform-assets-bucket,420.0648,,,3.19444e-05,0.01360179,3.19444e-05,0.01360179,GB-Mo,0.023,0.01360179,Amazon Simple Storage Service,,,,,us-east-1,AmazonS3,0.0,0.0,38.22,6,2026-01-11T09:32:20Z,platform,prod,CC100,,,,,,,,,,,,,
6872152971714a2c91992b4f4afe503d,2026-01-12T06:00:00Z/2026-01-12T07:00:00Z,112233445566,2026-01-01T00:00:00Z,2026-02-01T00:00:00Z,AWS,112233445566,Usage,2026-01-12T06:00:00Z,2026-01-12T07:00:00Z,AmazonS3,USEA-TimedStorage-ByteHrs,StandardStorage,,arn:aws:s3:::platform-assets-bucket,419.6091,,,3.19444e-05,0.01334906,3.19444e-05,0.01334906,GB-Mo,0.023,0.01334906,Amazon Simple Storage Service,,,,,us-east-1,AmazonS3,0.0,0.0,59.45,18,2026-01-11T06:44:57Z,platform,prod,CC100,,,,,,,,,,,,,
b6b12ebc03594a808d14fdf1165e5107,2026-01-12T16:00:00Z/2026-01-12T17:00:00Z,112233445566,2026-01-01T00:00:00Z,2026-02-01T00:00:00Z,AWS,112233445566,Usage,2026-01-12T16:00:00Z,2026-01-12T17:00:00Z,AmazonS3,USEA-TimedStorage-ByteHrs,StandardStorage,,arn:aws:s3:::platform-assets-bucket,419.9647,,,3.19444e-05,0.01338182,3.19444e-05,0.01338182,GB-Mo,0.023,0.01338182,Amazon Simple Storage Service,,,,,us-east-1,AmazonS3,0.0,0.0,55.37,7,2026-01-11T22:29:16Z,platform,prod,CC100,,,,,,,,,,,,,
5436a9783aab4e6fb54766f347581311,2026-01-13T02:00:00Z/2026-01-13T03:00:00Z,112233445566,2026-01-01T00:00:00Z,2026-02-01T00:00:00Z,AWS,112233445566,Usage,2026-01-13T02:00:00Z,2026-01-13T03:00:00Z,AmazonS3,USEA-TimedStorage-ByteHrs,StandardStorage,,arn:aws:s3:::platform-assets-bucket,419.6488,,,3.19444e-05,0.0132804,3.19444e-05,0.0132804,GB-Mo,0.023,0.0132804,Amazon Simple Storage Service,,,,,us-east-1,AmazonS3,0.0,0.0,61.18,9,2026-01-12T06:24:43Z,platform,prod,CC100,,,,,,,,,,,,,
272e4b0316df43b4856fcb500ccb442d,2026-01-13T12:00:00Z/2026-01-13T13:00:00Z,112233445566,2026-01-01T00:00:00Z,2026-02-01T00:00:00Z,AWS,112233445566,Usage,2026-01-13T12:00:00Z,2026-01-13T13:00:00Z,AmazonS3,USEA-TimedStorage-ByteHrs,StandardStorage,,arn:aws:s3:::platform-assets-bucket,420.0221,,,3.19444e-05,0.01317692,3.19444e-05,0.01317692,GB-Mo,0.023,0.01317692,Amazon Simple Storage Service,,,,,us-east-1,AmazonS3,0.0,0.0,42.03,12,2026-01-12T11:08:24Z,platform,prod,CC100,,,,,,,,,,,,,
a87d2d54f27242fd802521ea1a4a3fe7,2026-01-13T22:00:00Z/2026-01-13T23:00:00Z,112233445566,2026-01-01T00:00:00Z,2026-02-01T00:00:00Z,AWS,112233445566,Usage,2026-01-13T22:00:00Z,2026-01-13T23:00:00Z,AmazonS3,USEA-TimedStorage-ByteHrs,StandardStorage,,arn:aws:s3:::platform-assets-bucket,420.1198,,,3.19444e-05,0.01342072,3.19444e-05,0.01342072,GB-Mo,0.023,0.01342072,Amazon Simple Storage Service,,,,,us-east-1,AmazonS3,0.0,0.0,46.72,7,2026-01-12T17:54:35Z,platform,prod,CC100,,,,,,,,,,,,,
a200bbaa1a6848e88d1875889f21bd8f,2026-01-14T08:00:00Z/2026-01-14T09:00:00Z,112233445566,2026-01-01T00:00:00Z,2026-02-01T00:00:00Z,AWS,112233445566,Usage,2026-01-14T08:00:00Z,2026-01-14T09:00:00Z,AmazonS3,USEA-TimedStorage-ByteHrs,StandardStorage,,arn:aws:s3:::platform-assets-bucket,420.0771,,,3.19444e-05,0.0136562,3.19444e-05,0.0136562,GB-Mo,0.023,0.0136562,Amazon Simple Storage Service,,,,,us-east-1,AmazonS3,0.0,0.0,32.66,0,2026-01-12T02:19:35Z,platform,prod,CC100,,,,,,,,,,,,,
818b08dc503a4a43a75d0943736e5115,2026-01-14T18:00:00Z/2026-01-14T19:00:00Z,112233445566,2026-01-01T00:00:00Z,2026-02-01T00:00:00Z,AWS,112233445566,Usage,2026-01-14T18:00:00Z,2026-01-14T19:00:00Z,AmazonS3,USEA-TimedStorage-ByteHrs,StandardStorage,,arn:aws:s3:::platform-assets-bucket,419.894,,,3.19444e-05,0.0136141,3.19444e-05,0.0136141,GB-Mo,0.023,0.0136141,Amazon Simple Storage Service,,,,,us-east-1,AmazonS3,0.0,0.0,44.77,3,2026-01-12T03:24:00Z,platform,prod,CC100,,,,,,,,,,,,,
2c62e563b67c4a5ba62c2544d073182a,2026-01-15T04:00:00Z/2026-01-15T05:00:00Z,112233445566,2026-01-01T00:00:00Z,2026-02-01T00:00:00Z,AWS,112233445566,Usage,2026-01-15T04:00:00Z,2026-01-15T05:00:00Z,AmazonS3,USEA-TimedStorage-ByteHrs,StandardStorage,,arn:aws:s3:::platform-assets-bucket,419.7764,,,3.19444e-05,0.01368379,3.19444e-05,0.01368379,GB-Mo,0.023,0.01368379,Amazon Simple Storage Service,,,,,us-east-1,AmazonS3,0.0,0.0,56.47,0,2026-01-13T20:07:09Z,platform,prod,CC100,,,,,,,,,,,,,
f472d0dcc48441c18b6c45ee61567bbc,2026-01-15T14:00:00Z/2026-01-15T15:00:00Z,112233445566,2026-01-01T00:00:00Z,2026-02-01T00:00:00Z,AWS,112233445566,Usage,2026-01-15T14:00:00Z,2026-01-15T15:00:00Z,AmazonS3,USEA-TimedStorage-ByteHrs,StandardStorage,,arn:aws:s3:::platform-assets-bucket,419.9284,,,3.19444e-05,0.01321606,3.19444e-05,0.01321606,GB-Mo,0.023,0.01321606,Amazon Simple Storage Service,,,,,us-east-1,AmazonS3,0.0,0.0,43.6,17,2026-01-14T18:46:19Z,platform,prod,CC100,,,,,,,,,,,,,
0da88bd58220437ea2fa24559849d7fc,2026-01-16T00:00:00Z/2026-01-16T01:00:00Z,112233445566,2026-01-01T00:00:00Z,2026-02-01T00:00:00Z,AWS,112233445566,Usage,2026-01-16T00:00:00Z,2026-01-16T01:00:00Z,AmazonS3,USEA-TimedStorage-ByteHrs,StandardStorage,,arn:aws:s3:::platform-assets-bucket,420.2379,,,3.19444e-05,0.01324319,3.19444e-05,0.01324319,GB-Mo,0.023,0.01324319,Amazon Simple Storage Service,,,,,us-east-1,AmazonS3,0.0,0.0,60.11,8,2026-01-15T16:03:23Z,platform,prod,CC100,,,,,,,,,,,,,
ec3ee627c80c44658a770137842c4daa,2026-01-16T10:00:00Z/2026-01-16T11:00:00Z,112233445566,2026-01-01T00:00:00Z,2026-02-01T00:00:00Z,AWS,112233445566,Usage,2026-01-16T10:00:00Z,2026-01-16T11:00:00Z,AmazonS3,USEA-TimedStorage-ByteHrs,StandardStorage,,arn:aws:s3:::platform-assets-bucket,419.9717,,,3.19444e-05,0.01358425,3.19444e-05,0.01358425,GB-Mo,0.023,0.01358425,Amazon Simple Storage Service,,,,,us-east-1,AmazonS3,0.0,0.0,28.01,18,2026-01-16T03:46:54Z,platform,prod,CC100,,,,,,,,,,,,,
353c6b4d0f554fc18eb30708b5c138bd,2026-01-16T20:00:00Z/2026-01-16T21:00:00Z,112233445566,2026-01-01T00:00:00Z,2026-02-01T00:00:00Z,AWS,112233445566,Usage,2026-01-16T20:00:00Z,2026-01-16T21:00:00Z,AmazonS3,USEA-TimedStorage-ByteHrs,StandardStorage,,arn:aws:s3:::platform-assets-bucket,419.9318,,,3.19444e-05,0.01323959,3.19444e-05,0.01323959,GB-Mo,0.023,0.01323959,Amazon Simple Storage Service,,,,,us-east-1,AmazonS3,0.0,0.0,46.16,15,2026-01-15T09:11:14Z,platform,prod,CC100,,,,,,,,,,,,,
f1b8f3d618f84a1a88963e5a1f782634,2026-01-17T06:00:00Z/2026-01-17T07:00:00Z,112233445566,2026-01-01T00:00:00Z,2026-02-01T00:00:00Z,AWS,112233445566,Usage,2026-01-17T06:00:00Z,2026-01-17T07:00:00Z,AmazonS3,USEA-TimedStorage-ByteHrs,StandardStorage,,arn:aws:s3:::platform-assets-bucket,419.7803,,,3.19444e-05,0.01349415,3.19444e-05,0.01349415,GB-Mo,0.023,0.01349415,Amazon Simple Storage Service,,,,,us-east-1,AmazonS3,0.0,0.0,45.9,20,2026-01-15T06:31:13Z,platform,prod,CC100,,,,,,,,,,,,,
bcf2484e80af426d8e791b6df456fc4c,2026-01-17T16:00:00Z/2026-01-17T17:00:00Z,112233445566,2026-01-01T00:00:00Z,2026-02-01T00:00:00Z,AWS,112233445566,Usage,2026-01-17T16:00:00Z,2026-01-17T17:00:00Z,AmazonS3,USEA-TimedStorage-ByteHrs,StandardStorage,,arn:aws:s3:::platform-assets-bucket,420.0996,,,3.19444e-05,0.01363334,3.19444e-05,0.01363334,GB-Mo,0.023,0.01363334,Amazon Simple Storage Service,,,,,us-east-1,AmazonS3,0.0,0.0,34.43,4,2026-01-17T07:07:57Z,platform,prod,CC100,,,,,,,,,,,,,
0030438835f34c1f8ca242326976ae81,2026-01-18T02:00:00Z/2026-01-18T03:00:00Z,112233445566,2026-01-01T00:00:00Z,2026-02-01T00:00:00Z,AWS,112233445566,Usage,2026-01-18T02:00:00Z,2026-01-18T03:00:00Z,AmazonS3,USEA-TimedStorage-ByteHrs,StandardStorage,,arn:aws:s3:::platform-assets-bucket,420.1765,,,3.19444e-05,0.01358008,3.19444e-05,0.01358008,GB-Mo,0.023,0.01358008,Amazon Simple Storage Service,,,,,us-east-1,AmazonS3,0.0,0.0,36.64,18,2026-01-16T15:40:14Z,platform,prod,CC100,,,,,,,,,,,,,
a4d8a2d2e34d42788d155ff0fc58e38b,2026-01-18T12:00:00Z/2026-01-18T13:00:00Z,112233445566,2026-01-01T00:00:00Z,2026-02-01T00:00:00Z,AWS,112233445566,Usage,2026-01-18T12:00:00Z,2026-01-18T13:00:00Z,AmazonS3,USEA-TimedStorage-ByteHrs,StandardStorage,,arn:aws:s3:::platform-assets-bucket,420.0536,,,3.19444e-05,0.01326237,3.19444e-05,0.01326237,GB-Mo,0.023,0.01326237,Amazon Simple Storage Service,,,,,us-east-1,AmazonS3,0.0,0.0,28.2,18,2026-01-16T16:36:57Z,platform,prod,CC100,,,,,,,,,,,,,
794dd5247714469eaa2f2e3f1d0e459c,2026-01-18T22:00:00Z/2026-01-18T23:00:00Z,112233445566,2026-01-01T00:00:00Z,2026-02-01T00:00:00Z,AWS,112233445566,Usage,2026-01-18T22:00:00Z,2026-01-18T23:00:00Z,AmazonS3,USEA-TimedStorage-ByteHrs,StandardStorage,,arn:aws:s3:::platform-assets-bucket,420.0968,,,3.19444e-05,0.01327124,3.19444e-05,0.01327124,GB-Mo,0.023,0.01327124,Amazon Simple Storage Service,,,,,us-east-1,AmazonS3,0.0,0.0,44.69,17,2026-01-17T19:08:16Z,platform,prod,CC100,,,,,,,,,,,,,
433160ac0c6c4e6eb20505faf46126a7,2026-01-19T08:00:00Z/2026-01-19T09:00:00Z,112233445566,2026-01-01T00:00:00Z,2026-02-01T00:00:00Z,AWS,112233445566,Usage,2026-01-19T08:00:00Z,2026-01-19T09:00:00Z,AmazonS3,USEA-TimedStorage-ByteHrs,StandardStorage,,arn:aws:s3:::platform-assets-bucket,420.1018,,,3.19444e-05,0.01346874,3.19444e-05,0.01346874,GB-Mo,0.023,0.01346874,Amazon Simple Storage Service,,,,,us-east-1,AmazonS3,0.0,0.0,28.37,15,2026-01-17T14:18:32Z,platform,prod,CC100,,,,,,,,,,,,,
0ed1605f0462419bac4c46389a96aecc,2026-01-19T18:00:00Z/2026-01-19T19:00:00Z,112233445566,2026-01-01T00:00:00Z,2026-02-01T00:00:00Z,AWS,112233445566,Usage,2026-01-19T18:00:00Z,2026-01-19T19:00:00Z,AmazonS3,USEA-TimedStorage-ByteHrs,StandardStorage,,arn:aws:s3:::platform-assets-bucket,419.9163,,,3.19444e-05,0.01315586,3.19444e-05,0.01315586,GB-Mo,0.023,0.01315586,Amazon Simple Storage Service,,,,,us-east-1,AmazonS3,0.0,0.0,52.38,5,2026-01-18T11:33:29Z,platform,prod,CC100,,,,,,,,,,,,,
85a18573dfc349069358d24f61e1db27,2026-01-20T04:00:00Z/2026-01-20T05:00:00Z,112233445566,2026-01-01T00:00:00Z,2026-02-01T00:00:00Z,AWS,112233445566,Usage,2026-01-20T04:00:00Z,2026-01-20T05:00:00Z,AmazonS3,USEA-TimedStorage-ByteHrs,StandardStorage,,arn:aws:s3:::platform-assets-bucket,420.1571,,,3.19444e-05,0.0136819,3.19444e-05,0.0136819,GB-Mo,0.023,0.0136819,Amazon Simple Storage Service,,,,,us-east-1,AmazonS3,0.0,0.0,51.53,2,2026-01-18T05:26:25Z,platform,prod,CC100,,,,,,,,,,,,,
e8aeb0b4280a400384fd5a337a7d68ec,2026-01-20T14:00:00Z/2026-01-20T15:00:00Z,112233445566,2026-01-01T00:00:00Z,2026-02-01T00:00:00Z,AWS,112233445566,Usage,2026-01-20T14:00:00Z,2026-01-20T15:00:00Z,AmazonS3,USEA-TimedStorage-ByteHrs,StandardStorage,,arn:aws:s3:::platform-assets-bucket,420.1473,,,3.19444e-05,0.01365479,3.19444e-05,0.01365479,GB-Mo,0.023,0.01365479,Amazon Simple Storage Service,,,,,us-east-1,AmazonS3,0.0,0.0,32.25,9,2026-01-19T01:01:28Z,platform,prod,CC100,,,,,,,,,,,,,
40664c14bb9d43a9bf1bf97a798fadae,2026-01-21T00:00:00Z/2026-01-21T01:00:00Z,112233445566,2026-01-01T00:00:00Z,2026-02-01T00:00:00Z,AWS,112233445566,Usage,2026-01-21T00:00:00Z,2026-01-21T01:00:00Z,AmazonS3,USEA-TimedStorage-ByteHrs,StandardStorage,,arn:aws:s3:::platform-assets-bucket,420.2894,,,3.19444e-05,0.01354574,3.19444e-05,0.01354574,GB-Mo,0.023,0.01354574,Amazon Simple Storage Service,,,,,us-east-1,AmazonS3,0.0,0.0,53.66,6,2026-01-20T10:33:55Z,platform,prod,CC100,,,,,,,,,,,,,
7f1993b0dea54149aea6fcf7e7d2c76c,2026-01-21T10:00:00Z/2026-01-21T11:00:00Z,112233445566,2026-01-01T00:00:00Z,2026-02-01T00:00:00Z,AWS,112233445566,Usage,2026-01-21T10:00:00Z,2026-01-21T11:00:00Z,AmazonS3,USEA-TimedStorage-ByteHrs,StandardStorage,,arn:aws:s3:::platform-assets-bucket,419.9836,,,3.19444e-05,0.01330059,3.19444e-05,0.01330059,GB-Mo,0.023,0.01330059,Amazon Simple Storage Service,,,,,us-east-1,AmazonS3,0.0,0.0,60.32,0,2026-01-20T21:22:25Z,platform,prod,CC100,,,,,,,,,,,,,
937eb11265e8462199c7b959f0c2eb3e,2026-01-21T20:00:00Z/2026-01-21T21:00:00Z,112233445566,2026-01-01T00:00:00Z,2026-02-01T00:00:00Z,AWS,112233445566,Usage,2026-01-21T20:00:00Z,2026-01-21T21:00:00Z,AmazonS3,USEA-TimedStorage-ByteHrs,StandardStorage,,arn:aws:s3:::platform-assets-bucket,419.8214,,,3.19444e-05,0.01350459,3.19444e-05,0.01350459,GB-Mo,0.023,0.01350459,Amazon Simple Storage Service,,,,,us-east-1,AmazonS3,0.0,0.0,46.0,0,2026-01-20T12:13:06Z,platform,prod,CC100,,,,,,,,,,,,,
a4aff7f82a984d9c951af2567d613d8d,2026-01-22T06:00:00Z/2026-01-22T07:00:00Z,112233445566,2026-01-01T00:00:00Z,2026-02-01T00:00:00Z,AWS,112233445566,Usage,2026-01-22T06:00:00Z,2026-01-22T07:00:00Z,AmazonS3,USEA-TimedStorage-ByteHrs,StandardStorage,,arn:aws:s3:::platform-assets-bucket,419.6829,,,3.19444e-05,0.01338473,3.19444e-05,0.01338473,GB-Mo,0.023,0.01338473,Amazon Simple Storage Service,,,,,us-east-1,AmazonS3,0.0,0.0,53.09,9,2026-01-21T23:58:12Z,platform,prod,CC100,,,,,,,,,,,,,
57cb0545477f47cfb0e0a3f8b3f9204a,2026-01-22T16:00:00Z/2026-01-22T17:00:00Z,112233445566,2026-01-01T00:00:00Z,2026-02-01T00:00:00Z,AWS,112233445566,Usage,2026-01-22T16:00:00Z,2026-01-22T17:00:00Z,AmazonS3,USEA-TimedStorage-ByteHrs,StandardStorage,,arn:aws:s3:::platform-assets-bucket,420.363,,,3.19444e-05,0.01354121,3.19444e-05,0.01354121,GB-Mo,0.023,0.01354121,Amazon Simple Storage Service,,,,,us-east-1,AmazonS3,0.0,0.0,60.56,16,2026-01-20T22:03:27Z,platform,prod,CC100,,,,,,,,,,,,,
2ff51cbe79074e3180f66fca8d5f0c4e,2026-01-23T02:00:00Z/2026-01-23T03:00:00Z,112233445566,2026-01-01T00:00:00Z,2026-02-01T00:00:00Z,AWS,112233445566,Usage,2026-01-23T02:00:00Z,2026-01-23T03:00:00Z,AmazonS3,USEA-TimedStorage-ByteHrs,StandardStorage,,arn:aws:s3:::platform-assets-bucket,419.6425,,,3.19444e-05,0.01367437,3.19444e-05,0.01367437,GB-Mo,0.023,0.01367437,Amazon Simple Storage Service,,,,,us-east-1,AmazonS3,0.0,0.0,58.47,13,2026-01-22T02:38:30Z,platform,prod,CC100,,,,,,,,,,,,,
6544a21e8ad24235a070b91e395f1b2a,2026-01-23T12:00:00Z/2026-01-23T13:00:00Z,112233445566,2026-01-01T00:00:00Z,2026-02-01T00:00:00Z,AWS,112233445566,Usage,2026-01-23T12:00:00Z,2026-01-23T13:00:00Z,AmazonS3,USEA-TimedStorage-ByteHrs,StandardStorage,,arn:aws:s3:::platform-assets-bucket,419.7341,,,3.19444e-05,0.01366437,3.19444e-05,0.01366437,GB-Mo,0.023,0.01366437,Amazon Simple Storage Service,,,,,us-east-1,AmazonS3,0.0,0.0,48.01,18,2026-01-21T06:18:41Z,platform,prod,CC100,,,,,,,,,,,,,
8f36aecc88514c2aa2ad2f2d53009eda,2026-01-23T22:00:00Z/2026-01-23T23:00:00Z,112233445566,2026-01-01T00:00:00Z,2026-02-01T00:00:00Z,AWS,112233445566,Usage,2026-01-23T22:00:00Z,2026-01-23T23:00:00Z,AmazonS3,USEA-TimedStorage-ByteHrs,StandardStorage,,arn:aws:s3:::platform-assets-bucket,419.9001,,,3.19444e-05,0.01322944,3.19444e-05,0.01322944,GB-Mo,0.023,0.01322944,Amazon Simple Storage Service,,,,,us-east-1,AmazonS3,0.0,0.0,42.49,6,2026-01-23T00:56:01Z,platform,prod,CC100,,,,,,,,,,,,,
3e8ad799bb594643833c10e88c4c58a6,2026-01-24T08:00:00Z/2026-01-24T09:00:00Z,112233445566,2026-01-01T00:00:00Z,2026-02-01T00:00:00Z,AWS,112233445566,Usage,2026-01-24T08:00:00Z,2026-01-24T09:00:00Z,AmazonS3,USEA-TimedStorage-ByteHrs,StandardStorage,,arn:aws:s3:::platform-assets-bucket,420.0016,,,3.19444e-05,0.01334108,3.19444e-05,0.01334108,GB-Mo,0.023,0.01334108,Amazon Simple Storage Service,,,,,us-east-1,AmazonS3,0.0,0.0,58.06,9,2026-01-24T00:16:18Z,platform,prod,CC100,,,,,,,,,,,,,
04431fa1933441f2a73f12310356c1e0,2026-01-24T18:00:00Z/2026-01-24T19:00:00Z,112233445566,2026-01-01T00:00:00Z,2026-02-01T00:00:00Z,AWS,112233445566,Usage,2026-01-24T18:00:00Z,2026-01-24T19:00:00Z,AmazonS3,USEA-TimedStorage-ByteHrs,StandardStorage,,arn:aws:s3:::platform-assets-bucket,420.3992,,,3.19444e-05,0.01334495,3.19444e-05,0.01334495,GB-Mo,0.023,0.01334495,Amazon Simple Storage Service,,,,,us-east-1,AmazonS3,0.0,0.0,52.88,4,2026-01-24T11:51:38Z,platform,prod,CC100,,,,,,,,,,,,,
91a41e3362a0480f8b4dc074bde806f4,2026-01-25T04:00:00Z/2026-01-25T05:00:00Z,112233445566,2026-01-01T00:00:00Z,2026-02-01T00:00:00Z,AWS,112233445566,Usage,2026-01-25T04:00:00Z,2026-01-25T05:00:00Z,AmazonS3,USEA-TimedStorage-ByteHrs,StandardStorage,,arn:aws:s3:::platform-assets-bucket,419.7491,,,3.19444e-05,0.01318061,3.19444e-05,0.01318061,GB-Mo,0.023,0.01318061,Amazon Simple Storage Service,,,,,us-east-1,AmazonS3,0.0,0.0,42.56,14,2026-01-23T06:50:04Z,platform,prod,CC100,,,,,,,,,,,,,
2a7cb1f37a5b48379347e08ace81d6d0,2026-01-25T14:00:00Z/2026-01-25T15:00:00Z,112233445566,2026-01-01T00:00:00Z,2026-02-01T00:00:00Z,AWS,112233445566,Usage,2026-01-25T14:00:00Z,2026-01-25T15:00:00Z,AmazonS3,USEA-TimedStorage-ByteHrs,StandardStorage,,arn:aws:s3:::platform-assets-bucket,419.71,,,3.19444e-05,0.01345438,3.19444e-05,0.01345438,GB-Mo,0.023,0.01345438,Amazon Simple Storage Service,,,,,us-east-1,AmazonS3,0.0,0.0,52.45,10,2026-01-24T05:38:56Z,platform,prod,CC100,,,,,,,,,,,,,
b93528b6a2c4439e8e0bf5df42127699,2026-01-26T00:00:00Z/2026-01-26T01:00:00Z,112233445566,2026-01-01T00:00:00Z,2026-02-01T00:00:00Z,AWS,112233445566,Usage,2026-01-26T00:00:00Z,2026-01-26T01:00:00Z,AmazonS3,USEA-TimedStorage-ByteHrs,StandardStorage,,arn:aws:s3:::platform-assets-bucket,420.3086,,,3.19444e-05,0.01332675,3.19444e-05,0.01332675,GB-Mo,0.023,0.01332675,Amazon Simple Storage Service,,,,,us-east-1,AmazonS3,0.0,0.0,60.32,14,2026-01-24T02:43:18Z,platform,prod,CC100,,,,,,,,,,,,,
945ec708ae7d4bc09d5f4fcac1fa4b16,2026-01-26T10:00:00Z/2026-01-26T11:00:00Z,112233445566,2026-01-01T00:00:00Z,2026-02-01T00:00:00Z,AWS,112233445566,Usage,2026-01-26T10:00:00Z,2026-01-26T11:00:00Z,AmazonS3,USEA-TimedStorage-ByteHrs,StandardStorage,,arn:aws:s3:::platform-assets-bucket,419.8914,,,3.19444e-05,0.01322798,3.19444e-05,0.01322798,GB-Mo,0.023,0.01322798,Amazon Simple Storage Service,,,,,us-east-1,AmazonS3,0.0,0.0,46.9,10,2026-01-25T00:32:35Z,platform,prod,CC100,,,,,,,,,,,,,
31d96c99f67a489f8b0ca908ed75612c,2026-01-26T20:00:00Z/2026-01-26T21:00:00Z,112233445566,2026-01-01T00:00:00Z,2026-02-01T00:00:00Z,AWS,112233445566,Usage,2026-01-26T20:00:00Z,2026-01-26T21:00:00Z,AmazonS3,USEA-TimedStorage-ByteHrs,StandardStorage,,arn:aws:s3:::platform-assets-bucket,419.907,,,3.19444e-05,0.01345008,3.19444e-05,0.01345008,GB-Mo,0.023,0.01345008,Amazon Simple Storage Service,,,,,us-east-1,AmazonS3,0.0,0.0,54.7,13,2026-01-25T05:27:19Z,platform,prod,CC100,,,,,,,,,,,,,
c5f196f9b1bc414bb8076c12c0931eda,2026-01-27T06:00:00Z/2026-01-27T07:00:00Z,112233445566,2026-01-01T00:00:00Z,2026-02-01T00:00:00Z,AWS,112233445566,Usage,2026-01-27T06:00:00Z,2026-01-27T07:00:00Z,AmazonS3,USEA-TimedStorage-ByteHrs,StandardStorage,,arn:aws:s3:::platform-assets-bucket,420.2174,,,3.19444e-05,0.01335773,3.19444e-05,0.01335773,GB-Mo,0.023,0.01335773,Amazon Simple Storage Service,,,,,us-east-1,AmazonS3,0.0,0.0,49.95,16,2026-01-26T09:53:53Z,platform,prod,CC100,,,,,,,,,,,,,
b027f91c705449e096a61ed088bfce59,2026-01-27T16:00:00Z/2026-01-27T17:00:00Z,112233445566,2026-01-01T00:00:00Z,2026-02-01T00:00:00Z,AWS,112233445566,Usage,2026-01-27T16:00:00Z,2026-01-27T17:00:00Z,AmazonS3,USEA-TimedStorage-ByteHrs,StandardStorage,,arn:aws:s3:::platform-assets-bucket,420.2776,,,3.19444e-05,0.0131494,3.19444e-05,0.0131494,GB-Mo,0.023,0.0131494,Amazon Simple Storage Service,,,,,us-east-1,AmazonS3,0.0,0.0,43.82,4,2026-01-26T00:56:17Z,platform,prod,CC100,,,,,,,,,,,,,
3153b729456343418c88b8c13ddec65e,2026-01-28T02:00:00Z/2026-01-28T03:00:00Z,112233445566,2026-01-01T00:00:00Z,2026-02-01T00:00:00Z,AWS,112233445566,Usage,2026-01-28T02:00:00Z,2026-01-28T03:00:00Z,AmazonS3,USEA-TimedStorage-ByteHrs,StandardStorage,,arn:aws:s3:::platform-assets-bucket,419.7641,,,3.19444e-05,0.01367375,3.19444e-05,0.01367375,GB-Mo,0.023,0.01367375,Amazon Simple Storage Service,,,,,us-east-1,AmazonS3,0.0,0.0,30.03,10,2026-01-27T07:28:48Z,platform,prod,CC100,,,,,,,,,,,,,
aeeef35cd3f44a81b1c0f90231c2ca42,2026-01-28T12:00:00Z/2026-01-28T13:00:00Z,112233445566,2026-01-01T00:00:00Z,2026-02-01T00:00:00Z,AWS,112233445566,Usage,2026-01-28T12:00:00Z,2026-01-28T13:00:00Z,AmazonS3,USEA-TimedStorage-ByteHrs,StandardStorage,,arn:aws:s3:::platform-assets-bucket,420.0611,,,3.19444e-05,0.01323654,3.19444e-05,0.01323654,GB-Mo,0.023,0.01323654,Amazon Simple Storage Service,,,,,us-east-1,AmazonS3,0.0,0.0,43.6,16,2026-01-27T23:02:57Z,platform,prod,CC100,,,,,,,,,,,,,
e510a8756958497fb6dfbb078d2f789b,2026-01-28T22:00:00Z/2026-01-28T23:00:00Z,112233445566,2026-01-01T00:00:00Z,2026-02-01T00:00:00Z,AWS,112233445566,Usage,2026-01-28T22:00:00Z,2026-01-28T23:00:00Z,AmazonS3,USEA-TimedStorage-ByteHrs,StandardStorage,,arn:aws:s3:::platform-assets-bucket,420.1842,,,3.19444e-05,0.01332807,3.19444e-05,0.01332807,GB-Mo,0.023,0.01332807,Amazon Simple Storage Service,,,,,us-east-1,AmazonS3,0.0,0.0,56.62,2,2026-01-28T04:24:25Z,platform,prod,CC100,,,,,,,,,,,,,
9aa8a04a8eb54ba29945217118ca2847,2026-01-29T08:00:00Z/2026-01-29T09:00:00Z,112233445566,2026-01-01T00:00:00Z,2026-02-01T00:00:00Z,AWS,112233445566,Usage,2026-01-29T08:00:00Z,2026-01-29T09:00:00Z,AmazonS3,USEA-TimedStorage-ByteHrs,StandardStorage,,arn:aws:s3:::platform-assets-bucket,420.1537,,,3.19444e-05,0.0132264,3.19444e-05,0.0132264,GB-Mo,0.023,0.0132264,Amazon Simple Storage Service,,,,,us-east-1,AmazonS3,0.0,0.0,45.66,0,2026-01-28T11:21:13Z,platform,prod,CC100,,,,,,,,,,,,,
adccfa20cf854858a09fe1ad21c1aab9,2026-01-29T18:00:00Z/2026-01-29T19:00:00Z,112233445566,2026-01-01T00:00:00Z,2026-02-01T00:00:00Z,AWS,112233445566,Usage,2026-01-29T18:00:00Z,2026-01-29T19:00:00Z,AmazonS3,USEA-TimedStorage-ByteHrs,StandardStorage,,arn:aws:s3:::platform-assets-bucket,419.6478,,,3.19444e-05,0.01316112,3.19444e-05,0.01316112,GB-Mo,0.023,0.01316112,Amazon Simple Storage Service,,,,,us-east-1,AmazonS3,0.0,0.0,44.31,7,2026-01-28T19:42:18Z,platform,prod,CC100,,,,,,,,,,,,,
bd0910a2adef4b2fb30cdc766e79e00c,2026-01-30T04:00:00Z/2026-01-30T05:00:00Z,112233445566,2026-01-01T00:00:00Z,2026-02-01T00:00:00Z,AWS,112233445566,Usage,2026-01-30T04:00:00Z,2026-01-30T05:00:00Z,AmazonS3,USEA-TimedStorage-ByteHrs,StandardStorage,,arn:aws:s3:::platform-assets-bucket,419.8477,,,3.19444e-05,0.01317895,3.19444e-05,0.01317895,GB-Mo,0.023,0.01317895,Amazon Simple Storage Service,,,,,us-east-1,AmazonS3,0.0,0.0,32.66,14,2026-01-28T15:54:30Z,platform,prod,CC100,,,,,,,,,,,,,
791b8aabc7eb41c2bfe62f88798e4b39,2026-01-30T14:00:00Z/2026-01-30T15:00:00Z,112233445566,2026-01-01T00:00:00Z,2026-02-01T00:00:00Z,AWS,112233445566,Usage,2026-01-30T14:00:00Z,2026-01-30T15:00:00Z,AmazonS3,USEA-TimedStorage-ByteHrs,StandardStorage,,arn:aws:s3:::platform-assets-bucket,420.0745,,,3.19444e-05,0.01357942,3.19444e-05,0.01357942,GB-Mo,0.023,0.01357942,Amazon Simple Storage Service,,,,,us-east-1,AmazonS3,0.0,0.0,51.24,5,2026-01-30T03:46:33Z,platform,prod,CC100,,,,,,,,,,,,,
6f657f027534461f8f96d79214f11e82,2026-01-01T00:00:00Z/2026-01-01T01:00:00Z,112233445566,2026-01-01T00:00:00Z,2026-02-01T00:00:00Z,AWS,223344556677,Usage,2026-01-01T00:00:00Z,2026-01-01T01:00:00Z,AmazonS3,USWE-TimedStorage-ByteHrs,StandardStorage,,arn:aws:s3:::data-lake-raw,1848.6186,,,3.19444e-05,0.05933726,3.19444e-05,0.05933726,GB-Mo,0.023,0.05933726,Amazon Simple Storage Service,,,,,us-west-2,AmazonS3,0.0,0.0,35.63,12,2025-12-31T01:52:33Z,data-eng,prod,CC200,,,,,,,,,,,,,
057e9371072a4419a0b4693980bbac07,2026-01-01T10:00:00Z/2026-01-01T11:00:00Z,112233445566,2026-01-01T00:00:00Z,2026-02-01T00:00:00Z,AWS,223344556677,Usage,2026-01-01T10:00:00Z,2026-01-01T11:00:00Z,AmazonS3,USWE-TimedStorage-ByteHrs,StandardStorage,,arn:aws:s3:::data-lake-raw,1848.3466,,,3.19444e-05,0.05891701,3.19444e-05,0.05891701,GB-Mo,0.023,0.05891701,Amazon Simple Storage Service,,,,,us-west-2,AmazonS3,0.0,0.0,35.57,21,2025-12-30T23:19:24Z,data-eng,prod,CC200,,,,,,,,,,,,,
d4b4c0f1d74b407585bd8fd15b4858f4,2026-01-01T20:00:00Z/2026-01-01T21:00:00Z,112233445566,2026-01-01T00:00:00Z,2026-02-01T00:00:00Z,AWS,223344556677,Usage,2026-01-01T20:00:00Z,2026-01-01T21:00:00Z,AmazonS3,USWE-TimedStorage-ByteHrs,StandardStorage,,arn:aws:s3:::data-lake-raw,1849.1138,,,3.19444e-05,0.0579233,3.19444e-05,0.0579233,GB-Mo,0.023,0.0579233,Amazon Simple Storage Service,,,,,us-west-2,AmazonS3,0.0,0.0,54.53,4,2025-12-31T00:25:40Z,data-eng,prod,CC200,,,,,,,,,,,,,
87f44e5f748e498a9915ed82e8633ec6,2026-01-02T06:00:00Z/2026-01-02T07:00:00Z,112233445566,2026-01-01T00:00:00Z,2026-02-01T00:00:00Z,AWS,223344556677,Usage,2026-01-02T06:00:00Z,2026-01-02T07:00:00Z,AmazonS3,USWE-TimedStorage-ByteHrs,StandardStorage,,arn:aws:s3:::data-lake-raw,1850.3844,,,3.19444e-05,0.05834569,3.19444e-05,0.05834569,GB-Mo,0.023,0.05834569,Amazon Simple Storage Service,,,,,us-west-2,AmazonS3,0.0,0.0,36.77,1,2025-12-31T15:34:52Z,data-eng,prod,CC200,,,,,,,,,,,,,
82ada9542e4f47309534e177dc359d7d,2026-01-02T16:00:00Z/2026-01-02T17:00:00Z,112233445566,2026-01-01T00:00:00Z,2026-02-01T00:00:00Z,AWS,223344556677,Usage,2026-01-02T16:00:00Z,2026-01-02T17:00:00Z,AmazonS3,USWE-TimedStorage-ByteHrs,StandardStorage,,arn:aws:s3:::data-lake-raw,1851.2115,,,3.19444e-05,0.06011158,3.19444e-05,0.06011158,GB-Mo,0.023,0.06011158,Amazon Simple Storage Service,,,,,us-west-2,AmazonS3,0.0,0.0,42.67,5,2025-12-31T19:24:15Z,data-eng,prod,CC200,,,,,,,,,,,,,
46e26f552a2242cc8638d3f0e72959cf,2026-01-03T02:00:00Z/2026-01-03T03:00:00Z,112233445566,2026-01-01T00:00:00Z,2026-02-01T00:00:00Z,AWS,223344556677,Usage,2026-01-03T02:00:00Z,2026-01-03T03:00:00Z,AmazonS3,USWE-TimedStorage-ByteHrs,StandardStorage,,arn:aws:s3:::data-lake-raw,1850.0436,,,3.19444e-05,0.06003565,3.19444e-05,0.06003565,GB-Mo,0.023,0.06003565,Amazon Simple Storage Service,,,,,us-west-2,AmazonS3,0.0,0.0,33.91,0,2026-01-02T16:51:19Z,data-eng,prod,CC200,,,,,,,,,,,,,
088469583dac474bacd05a5291719035,2026-01-03T12:00:00Z/2026-01-03T13:00:00Z,112233445566,2026-01-01T00:00:00Z,2026-02-01T00:00:00Z,AWS,223344556677,Usage,2026-01-03T12:00:00Z,2026-01-03T13:00:00Z,AmazonS3,USWE-TimedStorage-ByteHrs,StandardStorage,,arn:aws:s3:::data-lake-raw,1851.3527,,,3.19444e-05,0.05933095,3.19444e-05,0.05933095,GB-Mo,0.023,0.05933095,Amazon Simple Storage Service,,,,,us-west-2,AmazonS3,0.0,0.0,40.6,5,2026-01-01T20:35:44Z,data-eng,prod,CC200,,,,,,,,,,,,,
6cf327cc94c64a859645de82a15f9c74,2026-01-03T22:00:00Z/2026-01-03T23:00:00Z,112233445566,2026-01-01T00:00:00Z,2026-02-01T00:00:00Z,AWS,223344556677,Usage,2026-01-03T22:00:00Z,2026-01-03T23:00:00Z,AmazonS3,USWE-TimedStorage-ByteHrs,StandardStorage,,arn:aws:s3:::data-lake-raw,1848.8919,,,3.19444e-05,0.0580238,3.19444e-05,0.0580238,GB-Mo,0.023,0.0580238,Amazon Simple Storage Service,,,,,us-west-2,AmazonS3,0.0,0.0,50.14,12,2026-01-01T23:20:51Z,data-eng,prod,CC200,,,,,,,,,,,,,
b1b3e0b3c45242ffb369236de0115338,2026-01-04T08:00:00Z/2026-01-04T09:00:00Z,112233445566,2026-01-01T00:00:00Z,2026-02-01T00:00:00Z,AWS,223344556677,Usage,2026-01-04T08:00:00Z,2026-01-04T09:00:00Z,AmazonS3,USWE-TimedStorage-ByteHrs,StandardStorage,,arn:aws:s3:::data-lake-raw,1850.488,,,3.19444e-05,0.05852504,3.19444e-05,0.05852504,GB-Mo,0.023,0.05852504,Amazon Simple Storage Service,,,,,us-west-2,AmazonS3,0.0,0.0,44.72,18,2026-01-03T05:21:46Z,data-eng,prod,CC200,,,,,,,,,,,,,
3fc9d31882ba40bc939dde2b703d7bef,2026-01-04T18:00:00Z/2026-01-04T19:00:00Z,112233445566,2026-01-01T00:00:00Z,2026-02-01T00:00:00Z,AWS,223344556677,Usage,2026-01-04T18:00:00Z,2026-01-04T19:00:00Z,AmazonS3,USWE-TimedStorage-ByteHrs,StandardStorage,,arn:aws:s3:::data-lake-raw,1849.9483,,,3.19444e-05,0.05967737,3.19444e-05,0.05967737,GB-Mo,0.023,0.05967737,Amazon Simple Storage Service,,,,,us-west-2,AmazonS3,0.0,0.0,29.0,8,2026-01-03T01:15:12Z,data-eng,prod,CC200,,,,,,,,,,,,,
a93d7949f2bf4d4c9195fcc52836afe9,2026-01-05T04:00:00Z/2026-01-05T05:00:00Z,112233445566,2026-01-01T00:00:00Z,2026-02-01T00:00:00Z,AWS,223344556677,Usage,2026-01-05T04:00:00Z,2026-01-05T05:00:00Z,AmazonS3,USWE-TimedStorage-ByteHrs,StandardStorage,,arn:aws:s3:::data-lake-raw,1850.7379,,,3.19444e-05,0.05836615,3.19444e-05,0.05836615,GB-Mo,0.023,0.05836615,Amazon Simple Storage Service,,,,,us-west-2,AmazonS3,0.0,0.0,41.35,9,2026-01-04T00:28:05Z,data-eng,prod,CC200,,,,,,,,,,,,,
7a608b5335c742fa9963ff674e8fa46b,2026-01-05T14:00:00Z/2026-01-05T15:00:00Z,112233445566,2026-01-01T00:00:00Z,2026-02-01T00:00:00Z,AWS,223344556677,Usage,2026-01-05T14:00:00Z,2026-01-05T15:00:00Z,AmazonS3,USWE-TimedStorage-ByteHrs,StandardStorage,,arn:aws:s3:::data-lake-raw,1850.2217,,,3.19444e-05,0.05979236,3.19444e-05,0.05979236,GB-Mo,0.023,0.05979236,Amazon Simple Storage Service,,,,,us-west-2,AmazonS3,0.0,0.0,38.7,0,2026-01-05T00:31:10Z,data-eng,prod,CC200,,,,,,,,,,,,,
9923236ccd5f46d1a438f412b5fa787c,2026-01-06T00:00:00Z/2026-01-06T01:00:00Z,112233445566,2026-01-01T00:00:00Z,2026-02-01T00:00:00Z,AWS,223344556677,Usage,2026-01-06T00:00:00Z,2026-01-06T01:00:00Z,AmazonS3,USWE-TimedStorage-ByteHrs,StandardStorage,,arn:aws:s3:::data-lake-raw,1848.6077,,,3.19444e-05,0.05851426,3.19444e-05,0.05851426,GB-Mo,0.023,0.05851426,Amazon Simple Storage Service,,,,,us-west-2,AmazonS3,0.0,0.0,31.25,20,2026-01-04T22:52:38Z,data-eng,prod,CC200,,,,,,,,,,,,,
35702bc83ce5402a9ca0482951c6888b,2026-01-06T10:00:00Z/2026-01-06T11:00:00Z,112233445566,2026-01-01T00:00:00Z,2026-02-01T00:00:00Z,AWS,223344556677,Usage,2026-01-06T10:00:00Z,2026-01-06T11:00:00Z,AmazonS3,USWE-TimedStorage-ByteHrs,StandardStorage,,arn:aws:s3:::data-lake-raw,1850.761,,,3.19444e-05,0.05956488,3.19444e-05,0.05956488,GB-Mo,0.023,0.05956488,Amazon Simple Storage Service,,,,,us-west-2,AmazonS3,0.0,0.0,36.04,13,2026-01-04T12:13:24Z,data-eng,prod,CC200,,,,,,,,,,,,,
094496003ea9480f8bb578c95c57378c,2026-01-06T20:00:00Z/2026-01-06T21:00:00Z,112233445566,2026-01-01T00:00:00Z,2026-02-01T00:00:00Z,AWS,223344556677,Usage,2026-01-06T20:00:00Z,2026-01-06T21:00:00Z,AmazonS3,USWE-TimedStorage-ByteHrs,StandardStorage,,arn:aws:s3:::data-lake-raw,1850.5243,,,3.19444e-05,0.05885599,3.19444e-05,0.05885599,GB-Mo,0.023,0.05885599,Amazon Simple Storage Service,,,,,us-west-2,AmazonS3,0.0,0.0,33.97,12,2026-01-05T06:21:54Z,data-eng,prod,CC200,,,,,,,,,,,,,
0975340393a848b19112f54cf92e6361,2026-01-07T06:00:00Z/2026-01-07T07:00:00Z,112233445566,2026-01-01T00:00:00Z,2026-02-01T00:00:00Z,AWS,223344556677,Usage,2026-01-07T06:00:00Z,2026-01-07T07:00:00Z,AmazonS3,USWE-TimedStorage-ByteHrs,StandardStorage,,arn:aws:s3:::data-lake-raw,1851.5656,,,3.19444e-05,0.05892791,3.19444e-05,0.05892791,GB-Mo,0.023,0.05892791,Amazon Simple Storage Service,,,,,us-west-2,AmazonS3,0.0,0.0,42.86,14,2026-01-05T13:35:28Z,data-eng,prod,CC200,,,,,,,,,,,,,
5be84cec36374df4a6b5e75d19019879,2026-01-07T16:00:00Z/2026-01-07T17:00:00Z,112233445566,2026-01-01T00:00:00Z,2026-02-01T00:00:00Z,AWS,223344556677,Usage,2026-01-07T16:00:00Z,2026-01-07T17:00:00Z,AmazonS3,USWE-TimedStorage-ByteHrs,StandardStorage,,arn:aws:s3:::data-lake-raw,1851.5159,,,3.19444e-05,0.05942664,3.19444e-05,0.05942664,GB-Mo,0.023,0.05942664,Amazon Simple Storage Service,,,,,us-west-2,AmazonS3,0.0,0.0,39.36,19,2026-01-06T22:24:49Z,data-eng,prod,CC200,,,,,,,,,,,,,
5864dcdc8a1b46cb96f68a691dfe6fc9,2026-01-08T02:00:00Z/2026-01-08T03:00:00Z,112233445566,2026-01-01T00:00:00Z,2026-02-01T00:00:00Z,AWS,223344556677,Usage,2026-01-08T02:00:00Z,2026-01-08T03:00:00Z,AmazonS3,USWE-TimedStorage-ByteHrs,StandardStorage,,arn:aws:s3:::data-lake-raw,1849.63,,,3.19444e-05,0.05936917,3.19444e-05,0.05936917,GB-Mo,0.023,0.05936917,Amazon Simple Storage Service,,,,,us-west-2,AmazonS3,0.0,0.0,30.47,8,2026-01-06T17:21:58Z,data-eng,prod,CC200,,,,,,,,,,,,,
66f1a562eabf4ffebb8e73a1ac493084,2026-01-08T12:00:00Z/2026-01-08T13:00:00Z,112233445566,2026-01-01T00:00:00Z,2026-02-01T00:00:00Z,AWS,223344556677,Usage,2026-01-08T12:00:00Z,2026-01-08T13:00:00Z,AmazonS3,USWE-TimedStorage-ByteHrs,StandardStorage,,arn:aws:s3:::data-lake-raw,1851.5301,,,3.19444e-05,0.05830233,3.19444e-05,0.05830233,GB-Mo,0.023,0.05830233,Amazon Simple Storage Service,,,,,us-west-2,AmazonS3,0.0,0.0,56.1,3,2026-01-05T21:32:18Z,data-eng,prod,CC200,,,,,,,,,,,,,
adf0aaf2b950448e83b9f313849c0180,2026-01-08T22:00:00Z/2026-01-08T23:00:00Z,112233445566,2026-01-01T00:00:00Z,2026-02-01T00:00:00Z,AWS,223344556677,Usage,2026-01-08T22:00:00Z,2026-01-08T23:00:00Z,AmazonS3,USWE-TimedStorage-ByteHrs,StandardStorage,,arn:aws:s3:::data-lake-raw,1850.999,,,3.19444e-05,0.05961846,3.19444e-05,0.05961846,GB-Mo,0.023,0.05961846,Amazon Simple Storage Service,,,,,us-west-2,AmazonS3,0.0,0.0,31.95,8,2026-01-07T14:57:29Z,data-eng,prod,CC200,,,,,,,,,,,,,
f098622db00242b1a0f414965df4ad7d,2026-01-09T08:00:00Z/2026-01-09T09:00:00Z,112233445566,2026-01-01T00:00:00Z,2026-02-01T00:00:00Z,AWS,223344556677,Usage,2026-01-09T08:00:00Z,2026-01-09T09:00:00Z,AmazonS3,USWE-TimedStorage-ByteHrs,StandardStorage,,arn:aws:s3:::data-lake-raw,1850.5877,,,3.19444e-05,0.05881494,3.19444e-05,0.05881494,GB-Mo,0.023,0.05881494,Amazon Simple Storage Service,,,,,us-west-2,AmazonS3,0.0,0.0,44.75,12,2026-01-08T00:24:13Z,data-eng,prod,CC200,,,,,,,,,,,,,
09f496f4ede84478b413992c4e2109b4,2026-01-09T18:00:00Z/2026-01-09T19:00:00Z,112233445566,2026-01-01T00:00:00Z,2026-02-01T00:00:00Z,AWS,223344556677,Usage,2026-01-09T18:00:00Z,2026-01-09T19:00:00Z,AmazonS3,USWE-TimedStorage-ByteHrs,StandardStorage,,arn:aws:s3:::data-lake-raw,1849.8263,,,3.19444e-05,0.05849608,3.19444e-05,0.05849608,GB-Mo,0.023,0.05849608,Amazon Simple Storage Service,,,,,us-west-2,AmazonS3,0.0,0.0,31.82,10,2026-01-08T23:36:01Z,data-eng,prod,CC200,,,,,,,,,,,,,
9ca6899b96964ed8a68572a047e0a808,2026-01-10T04:00:00Z/2026-01-10T05:00:00Z,112233445566,2026-01-01T00:00:00Z,2026-02-01T00:00:00Z,AWS,223344556677,Usage,2026-01-10T04:00:00Z,2026-01-10T05:00:00Z,AmazonS3,USWE-TimedStorage-ByteHrs,StandardStorage,,arn:aws:s3:::data-lake-raw,1849.284,,,3.19444e-05,0.05888042,3.19444e-05,0.05888042,GB-Mo,0.023,0.05888042,Amazon Simple Storage Service,,,,,us-west-2,AmazonS3,0.0,0.0,34.63,2,2026-01-07T15:39:46Z,data-eng,prod,CC200,,,,,,,,,,,,,
001ccef30ff0499dbf507852a8d211aa,2026-01-10T14:00:00Z/2026-01-10T15:00:00Z,112233445566,2026-01-01T00:00:00Z,2026-02-01T00:00:00Z,AWS,223344556677,Usage,2026-01-10T14:00:00Z,2026-01-10T15:00:00Z,AmazonS3,USWE-TimedStorage-ByteHrs,StandardStorage,,arn:aws:s3:::data-lake-raw,1849.6233,,,3.19444e-05,0.05838163,3.19444e-05,0.05838163,GB-Mo,0.023,0.05838163,Amazon Simple Storage Service,,,,,us-west-2,AmazonS3,0.0,0.0,29.83,0,2026-01-08T06:42:29Z,data-eng,prod,CC200,,,,,,,,,,,,,
f3b91140fd1d4c0591c0ef03e1b90291,2026-01-11T00:00:00Z/2026-01-11T01:00:00Z,112233445566,2026-01-01T00:00:00Z,2026-02-01T00:00:00Z,AWS,223344556677,Usage,2026-01-11T00:00:00Z,2026-01-11T01:00:00Z,AmazonS3,USWE-TimedStorage-ByteHrs,StandardStorage,,arn:aws:s3:::data-lake-raw,1851.3564,,,3.19444e-05,0.05799337,3.19444e-05,0.05799337,GB-Mo,0.023,0.05799337,Amazon Simple Storage Service,,,,,us-west-2,AmazonS3,0.0,0.0,48.02,2,2026-01-09T13:49:22Z,data-eng,prod,CC200,,,,,,,,,,,,,
c95aa1a8e36f469f8f0bf60853650510,2026-01-11T10:00:00Z/2026-01-11T11:00:00Z,112233445566,2026-01-01T00:00:00Z,2026-02-01T00:00:00Z,AWS,223344556677,Usage,2026-01-11T10:00:00Z,2026-01-11T11:00:00Z,AmazonS3,USWE-TimedStorage-ByteHrs,StandardStorage,,arn:aws:s3:::data-lake-raw,1848.5748,,,3.19444e-05,0.05884578,3.19444e-05,0.05884578,GB-Mo,0.023,0.05884578,Amazon Simple Storage Service,,,,,us-west-2,AmazonS3,0.0,0.0,46.75,0,2026-01-10T00:39:21Z,data-eng,prod,CC200,,,,,,,,,,,,,
dcb8ee401a07405385e4ecfc25fb245d,2026-01-11T20:00:00Z/2026-01-11T21:00:00Z,112233445566,2026-01-01T00:00:00Z,2026-02-01T00:00:00Z,AWS,223344556677,Usage,2026-01-11T20:00:00Z,2026-01-11T21:00:00Z,AmazonS3,USWE-TimedStorage-ByteHrs,StandardStorage,,arn:aws:s3:::data-lake-raw,1851.2471,,,3.19444e-05,0.05933693,3.19444e-05,0.05933693,GB-Mo,0.023,0.05933693,Amazon Simple Storage Service,,,,,us-west-2,AmazonS3,0.0,0.0,60.32,18,2026-01-10T04:48:19Z,data-eng,prod,CC200,,,,,,,,,,,,,
89c97b4565ca4b21a9f04a173dd63da9,2026-01-12T06:00:00Z/2026-01-12T07:00:00Z,112233445566,2026-01-01T00:00:00Z,2026-02-01T00:00:00Z,AWS,223344556677,Usage,2026-01-12T06:00:00Z,2026-01-12T07:00:00Z,AmazonS3,USWE-TimedStorage-ByteHrs,StandardStorage,,arn:aws:s3:::data-lake-raw,1851.0962,,,3.19444e-05,0.05828723,3.19444e-05,0.05828723,GB-Mo,0.023,0.05828723,Amazon Simple Storage Service,,,,,us-west-2,AmazonS3,0.0,0.0,46.05,0,2026-01-10T02:30:14Z,data-eng,prod,CC200,,,,,,,,,,,,,
8a0bca6175d8454393e8304ed41de3fb,2026-01-12T16:00:00Z/2026-01-12T17:00:00Z,112233445566,2026-01-01T00:00:00Z,2026-02-01T00:00:00Z,AWS,223344556677,Usage,2026-01-12T16:00:00Z,2026-01-12T17:00:00Z,AmazonS3,USWE-TimedStorage-ByteHrs,StandardStorage,,arn:aws:s3:::data-lake-raw,1850.8957,,,3.19444e-05,0.05818483,3.19444e-05,0.05818483,GB-Mo,0.023,0.05818483,Amazon Simple Storage Service,,,,,us-west-2,AmazonS3,0.0,0.0,35.13,19,2026-01-10T19:41:08Z,data-eng,prod,CC200,,,,,,,,,,,,,
b585ad22951c4c349d276f5c2ba5e4a4,2026-01-13T02:00:00Z/2026-01-13T03:00:00Z,112233445566,2026-01-01T00:00:00Z,2026-02-01T00:00:00Z,AWS,223344556677,Usage,2026-01-13T02:00:00Z,2026-01-13T03:00:00Z,AmazonS3,USWE-TimedStorage-ByteHrs,StandardStorage,,arn:aws:s3:::data-lake-raw,1851.0066,,,3.19444e-05,0.05917553,3.19444e-05,0.05917553,GB-Mo,0.023,0.05917553,Amazon Simple Storage Service,,,,,us-west-2,AmazonS3,0.0,0.0,32.16,3,2026-01-11T19:13:53Z,data-eng,prod,CC200,,,,,,,,,,,,,
e4dcc217e2284722b15856201b11f450,2026-01-13T12:00:00Z/2026-01-13T13:00:00Z,112233445566,2026-01-01T00:00:00Z,2026-02-01T00:00:00Z,AWS,223344556677,Usage,2026-01-13T12:00:00Z,2026-01-13T13:00:00Z,AmazonS3,USWE-TimedStorage-ByteHrs,StandardStorage,,arn:aws:s3:::data-lake-raw,1849.2318,,,3.19444e-05,0.05983741,3.19444e-05,0.05983741,GB-Mo,0.023,0.05983741,Amazon Simple Storage Service,,,,,us-west-2,AmazonS3,0.0,0.0,31.07,0,2026-01-11T12:53:49Z,data-eng,prod,CC200,,,,,,,,,,,,,
8df3a893cf8140b2ab47a9a3d0cfd141,2026-01-13T22:00:00Z/2026-01-13T23:00:00Z,112233445566,2026-01-01T00:00:00Z,2026-02-01T00:00:00Z,AWS,223344556677,Usage,2026-01-13T22:00:00Z,2026-01-13T23:00:00Z,AmazonS3,USWE-TimedStorage-ByteHrs,StandardStorage,,arn:aws:s3:::data-lake-raw,1848.6321,,,3.19444e-05,0.06010741,3.19444e-05,0.06010741,GB-Mo,0.023,0.06010741,Amazon Simple Storage Service,,,,,us-west-2,AmazonS3,0.0,0.0,45.69,0,2026-01-12T22:43:15Z,data-eng,prod,CC200,,,,,,,,,,,,,
2b6d28a67ee345cd85fecd95edacde40,2026-01-14T08:00:00Z/2026-01-14T09:00:00Z,112233445566,2026-01-01T00:00:00Z,2026-02-01T00:00:00Z,AWS,223344556677,Usage,2026-01-14T08:00:00Z,2026-01-14T09:00:00Z,AmazonS3,USWE-TimedStorage-ByteHrs,StandardStorage,,arn:aws:s3:::data-lake-raw,1850.1623,,,3.19444e-05,0.05921729,3.19444e-05,0.05921729,GB-Mo,0.023,0.05921729,Amazon Simple Storage Service,,,,,us-west-2,AmazonS3,0.0,0.0,60.0,0,2026-01-12T08:41:29Z,data-eng,prod,CC200,,,,,,,,,,,,,
ea75cca243e14e6e91edffb292d93775,2026-01-14T18:00:00Z/2026-01-14T19:00:00Z,112233445566,2026-01-01T00:00:00Z,2026-02-01T00:00:00Z,AWS,223344556677,Usage,2026-01-14T18:00:00Z,2026-01-14T19:00:00Z,AmazonS3,USWE-TimedStorage-ByteHrs,StandardStorage,,arn:aws:s3:::data-lake-raw,1850.5192,,,3.19444e-05,0.05885853,3.19444e-05,0.05885853,GB-Mo,0.023,0.05885853,Amazon Simple Storage Service,,,,,us-west-2,AmazonS3,0.0,0.0,39.92,5,2026-01-13T00:21:06Z,data-eng,prod,CC200,,,,,,,,,,,,,
9b98d3bf298c4f12b2103730ab9831cb,2026-01-15T04:00:00Z/2026-01-15T05:00:00Z,112233445566,2026-01-01T00:00:00Z,2026-02-01T00:00:00Z,AWS,223344556677,Usage,2026-01-15T04:00:00Z,2026-01-15T05:00:00Z,AmazonS3,USWE-TimedStorage-ByteHrs,StandardStorage,,arn:aws:s3:::data-lake-raw,1849.6102,,,3.19444e-05,0.05969503,3.19444e-05,0.05969503,GB-Mo,0.023,0.05969503,Amazon Simple Storage Service,,,,,us-west-2,AmazonS3,0.0,0.0,37.74,1,2026-01-14T06:12:27Z,data-eng,prod,CC200,,,,,,,,,,,,,
e6f632162b3944168df7f351c1d4b681,2026-01-15T14:00:00Z/2026-01-15T15:00:00Z,112233445566,2026-01-01T00:00:00Z,2026-02-01T00:00:00Z,AWS,223344556677,Usage,2026-01-15T14:00:00Z,2026-01-15T15:00:00Z,AmazonS3,USWE-TimedStorage-ByteHrs,StandardStorage,,arn:aws:s3:::data-lake-raw,1849.6094,,,3.19444e-05,0.05975728,3.19444e-05,0.05975728,GB-Mo,0.023,0.05975728,Amazon Simple Storage Service,,,,,us-west-2,AmazonS3,0.0,0.0,57.32,21,2026-01-15T02:14:38Z,data-eng,prod,CC200,,,,,,,,,,,,,
dd479b88b42c45688572b08bcc719f95,2026-01-16T00:00:00Z/2026-01-16T01:00:00Z,112233445566,2026-01-01T00:00:00Z,2026-02-01T00:00:00Z,AWS,223344556677,Usage,2026-01-16T00:00:00Z,2026-01-16T01:00:00Z,AmazonS3,USWE-TimedStorage-ByteHrs,StandardStorage,,arn:aws:s3:::data-lake-raw,1850.4113,,,3.19444e-05,0.05876846,3.19444e-05,0.05876846,GB-Mo,0.023,0.05876846,Amazon Simple Storage Service,,,,,us-west-2,AmazonS3,0.0,0.0,42.75,4,2026-01-14T05:27:26Z,data-eng,prod,CC200,,,,,,,,,,,,,
76cf4d5444844e619509647d3793b99c,2026-01-16T10:00:00Z/2026-01-16T11:00:00Z,112233445566,2026-01-01T00:00:00Z,2026-02-01T00:00:00Z,AWS,223344556677,Usage,2026-01-16T10:00:00Z,2026-01-16T11:00:00Z,AmazonS3,USWE-TimedStorage-ByteHrs,StandardStorage,,arn:aws:s3:::data-lake-raw,1850.1832,,,3.19444e-05,0.05982461,3.19444e-05,0.05982461,GB-Mo,0.023,0.05982461,Amazon Simple Storage Service,,,,,us-west-2,AmazonS3,0.0,0.0,39.15,4,2026-01-14T22:17:22Z,data-eng,prod,CC200,,,,,,,,,,,,,
d6cc4746ad91413386f9ad37ea23ec6d,2026-01-16T20:00:00Z/2026-01-16T21:00:00Z,112233445566,2026-01-01T00:00:00Z,2026-02-01T00:00:00Z,AWS,223344556677,Usage,2026-01-16T20:00:00Z,2026-01-16T21:00:00Z,AmazonS3,USWE-TimedStorage-ByteHrs,StandardStorage,,arn:aws:s3:::data-lake-raw,1848.8996,,,3.19444e-05,0.05857546,3.19444e-05,0.05857546,GB-Mo,0.023,0.05857546,Amazon Simple Storage Service,,,,,us-west-2,AmazonS3,0.0,0.0,50.3,21,2026-01-15T18:22:38Z,data-eng,prod,CC200,,,,,,,,,,,,,
e879303879264c55b816384b50fb3598,2026-01-17T06:00:00Z/2026-01-17T07:00:00Z,112233445566,2026-01-01T00:00:00Z,2026-02-01T00:00:00Z,AWS,223344556677,Usage,2026-01-17T06:00:00Z,2026-01-17T07:00:00Z,AmazonS3,USWE-TimedStorage-ByteHrs,StandardStorage,,arn:aws:s3:::data-lake-raw,1849.5434,,,3.19444e-05,0.05830017,3.19444e-05,0.05830017,GB-Mo,0.023,0.05830017,Amazon Simple Storage Service,,,,,us-west-2,AmazonS3,0.0,0.0,41.06,16,2026-01-16T18:59:43Z,data-eng,prod,CC200,,,,,,,,,,,,,
8ab2f349f2884abb90f9221ea9e41367,2026-01-17T16:00:00Z/2026-01-17T17:00:00Z,112233445566,2026-01-01T00:00:00Z,2026-02-01T00:00:00Z,AWS,223344556677,Usage,2026-01-17T16:00:00Z,2026-01-17T17:00:00Z,AmazonS3,USWE-TimedStorage-ByteHrs,StandardStorage,,arn:aws:s3:::data-lake-raw,1850.7806,,,3.19444e-05,0.05824719,3.19444e-05,0.05824719,GB-Mo,0.023,0.05824719,Amazon Simple Storage Service,,,,,us-west-2,AmazonS3,0.0,0.0,60.28,4,2026-01-16T13:07:54Z,data-eng,prod,CC200,,,,,,,,,,,,,
3b816b2abf3f47c98ab595b30f00a99b,2026-01-18T02:00:00Z/2026-01-18T03:00:00Z,112233445566,2026-01-01T00:00:00Z,2026-02-01T00:00:00Z,AWS,223344556677,Usage,2026-01-18T02:00:00Z,2026-01-18T03:00:00Z,AmazonS3,USWE-TimedStorage-ByteHrs,StandardStorage,,arn:aws:s3:::data-lake-raw,1849.1963,,,3.19444e-05,0.06004955,3.19444e-05,0.06004955,GB-Mo,0.023,0.06004955,Amazon Simple Storage Service,,,,,us-west-2,AmazonS3,0.0,0.0,29.38,3,2026-01-16T02:22:43Z,data-eng,prod,CC200,,,,,,,,,,,,,
d80ee5147d74458fb49e4aa41297d5a5,2026-01-18T12:00:00Z/2026-01-18T13:00:00Z,112233445566,2026-01-01T00:00:00Z,2026-02-01T00:00:00Z,AWS,223344556677,Usage,2026-01-18T12:00:00Z,2026-01-18T13:00:00Z,AmazonS3,USWE-TimedStorage-ByteHrs,StandardStorage,,arn:aws:s3:::data-lake-raw,1849.2287,,,3.19444e-05,0.05982293,3.19444e-05,0.05982293,GB-Mo,0.023,0.05982293,Amazon Simple Storage Service,,,,,us-west-2,AmazonS3,0.0,0.0,30.35,17,2026-01-17T16:00:58Z,data-eng,prod,CC200,,,,,,,,,,,,,
33f6fe9866d747b7958d220439ae544c,2026-01-18T22:00:00Z/2026-01-18T23:00:00Z,112233445566,2026-01-01T00:00:00Z,2026-02-01T00:00:00Z,AWS,223344556677,Usage,2026-01-18T22:00:00Z,2026-01-18T23:00:00Z,AmazonS3,USWE-TimedStorage-ByteHrs,StandardStorage,,arn:aws:s3:::data-lake-raw,1850.6972,,,3.19444e-05,0.05965203,3.19444e-05,0.05965203,GB-Mo,0.023,0.05965203,Amazon Simple Storage Service,,,,,us-west-2,AmazonS3,0.0,0.0,31.84,15,2026-01-16T13:37:48Z,data-eng,prod,CC200,,,,,,,,,,,,,
2dcd5afb556a47c083cc7386f4d86d24,2026-01-19T08:00:00Z/2026-01-19T09:00:00Z,112233445566,2026-01-01T00:00:00Z,2026-02-01T00:00:00Z,AWS,223344556677,Usage,2026-01-19T08:00:00Z,2026-01-19T09:00:00Z,AmazonS3,USWE-TimedStorage-ByteHrs,StandardStorage,,arn:aws:s3:::data-lake-raw,1850.6136,,,3.19444e-05,0.05841961,3.19444e-05,0.05841961,GB-Mo,0.023,0.05841961,Amazon Simple Storage Service,,,,,us-west-2,AmazonS3,0.0,0.0,32.81,6,2026-01-17T19:11:57Z,data-eng,prod,CC200,,,,,,,,,,,,,
cfd5ee2205f74312a296fdae32433f7f,2026-01-19T18:00:00Z/2026-01-19T19:00:00Z,112233445566,2026-01-01T00:00:00Z,2026-02-01T00:00:00Z,AWS,223344556677,Usage,2026-01-19T18:00:00Z,2026-01-19T19:00:00Z,AmazonS3,USWE-TimedStorage-ByteHrs,StandardStorage,,arn:aws:s3:::data-lake-raw,1850.0735,,,3.19444e-05,0.05955077,3.19444e-05,0.05955077,GB-Mo,0.023,0.05955077,Amazon Simple Storage Service,,,,,us-west-2,AmazonS3,0.0,0.0,28.18,11,2026-01-17T02:11:28Z,data-eng,prod,CC200,,,,,,,,,,,,,
10eb12ab782a4ed3a1a6f7821a674414,2026-01-20T04:00:00Z/2026-01-20T05:00:00Z,112233445566,2026-01-01T00:00:00Z,2026-02-01T00:00:00Z,AWS,223344556677,Usage,2026-01-20T04:00:00Z,2026-01-20T05:00:00Z,AmazonS3,USWE-TimedStorage-ByteHrs,StandardStorage,,arn:aws:s3:::data-lake-raw,1851.4871,,,3.19444e-05,0.06014671,3.19444e-05,0.06014671,GB-Mo,0.023,0.06014671,Amazon Simple Storage Service,,,,,us-west-2,AmazonS3,0.0,0.0,42.3,16,2026-01-19T05:52:55Z,data-eng,prod,CC200,,,,,,,,,,,,,
4a26779360a745d0acab12ef5603fc4d,2026-01-20T14:00:00Z/2026-01-20T15:00:00Z,112233445566,2026-01-01T00:00:00Z,2026-02-01T00:00:00Z,AWS,223344556677,Usage,2026-01-20T14:00:00Z,2026-01-20T15:00:00Z,AmazonS3,USWE-TimedStorage-ByteHrs,StandardStorage,,arn:aws:s3:::data-lake-raw,1851.3985,,,3.19444e-05,0.05844645,3.19444e-05,0.05844645,GB-Mo,0.023,0.05844645,Amazon Simple Storage Service,,,,,us-west-2,AmazonS3,0.0,0.0,37.66,0,2026-01-19T02:00:36Z,data-eng,prod,CC200,,,,,,,,,,,,,
75dc168fe828441495512926fc11832a,2026-01-21T00:00:00Z/2026-01-21T01:00:00Z,112233445566,2026-01-01T00:00:00Z,2026-02-01T00:00:00Z,AWS,223344556677,Usage,2026-01-21T00:00:00Z,2026-01-21T01:00:00Z,AmazonS3,USWE-TimedStorage-ByteHrs,StandardStorage,,arn:aws:s3:::data-lake-raw,1850.528,,,3.19444e-05,0.05925785,3.19444e-05,0.05925785,GB-Mo,0.023,0.05925785,Amazon Simple Storage Service,,,,,us-west-2,AmazonS3,0.0,0.0,51.26,0,2026-01-19T16:30:26Z,data-eng,prod,CC200,,,,,,,,,,,,,
601de326fee3436bb46e25a346b2c189,2026-01-21T10:00:00Z/2026-01-21T11:00:00Z,112233445566,2026-01-01T00:00:00Z,2026-02-01T00:00:00Z,AWS,223344556677,Usage,2026-01-21T10:00:00Z,2026-01-21T11:00:00Z,AmazonS3,USWE-TimedStorage-ByteHrs,StandardStorage,,arn:aws:s3:::data-lake-raw,1849.2002,,,3.19444e-05,0.06018247,3.19444e-05,0.06018247,GB-Mo,0.023,0.06018247,Amazon Simple Storage Service,,,,,us-west-2,AmazonS3,0.0,0.0,31.92,21,2026-01-20T07:57:34Z,data-eng,prod,CC200,,,,,,,,,,,,,
dc39842694cd45b7895e0ca9143f0a4b,2026-01-21T20:00:00Z/2026-01-21T21:00:00Z,112233445566,2026-01-01T00:00:00Z,2026-02-01T00:00:00Z,AWS,223344556677,Usage,2026-01-21T20:00:00Z,2026-01-21T21:00:00Z,AmazonS3,USWE-TimedStorage-ByteHrs,StandardStorage,,arn:aws:s3:::data-lake-raw,1849.8913,,,3.19444e-05,0.05929105,3.19444e-05,0.05929105,GB-Mo,0.023,0.05929105,Amazon Simple Storage Service,,,,,us-west-2,AmazonS3,0.0,0.0,38.19,12,2026-01-19T08:13:27Z,data-eng,prod,CC200,,,,,,,,,,,,,
d52a61ef010c4ad08dc31c6eb199bb1b,2026-01-22T06:00:00Z/2026-01-22T07:00:00Z,112233445566,2026-01-01T00:00:00Z,2026-02-01T00:00:00Z,AWS,223344556677,Usage,2026-01-22T06:00:00Z,2026-01-22T07:00:00Z,AmazonS3,USWE-TimedStorage-ByteHrs,StandardStorage,,arn:aws:s3:::data-lake-raw,1851.7651,,,3.19444e-05,0.06016925,3.19444e-05,0.06016925,GB-Mo,0.023,0.06016925,Amazon Simple Storage Service,,,,,us-west-2,AmazonS3,0.0,0.0,29.43,15,2026-01-19T23:11:06Z,data-eng,prod,CC200,,,,,,,,,,,,,
373923727604488a9a3c57053549a2e0,2026-01-22T16:00:00Z/2026-01-22T17:00:00Z,112233445566,2026-01-01T00:00:00Z,2026-02-01T00:00:00Z,AWS,223344556677,Usage,2026-01-22T16:00:00Z,2026-01-22T17:00:00Z,AmazonS3,USWE-TimedStorage-ByteHrs,StandardStorage,,arn:aws:s3:::data-lake-raw,1851.4222,,,3.19444e-05,0.05977991,3.19444e-05,0.05977991,GB-Mo,0.023,0.05977991,Amazon Simple Storage Service,,,,,us-west-2,AmazonS3,0.0,0.0,58.69,12,2026-01-21T12:15:17Z,data-eng,prod,CC200,,,,,,,,,,,,,
50a7031db5314201beea0916c191f35c,2026-01-23T02:00:00Z/2026-01-23T03:00:00Z,112233445566,2026-01-01T00:00:00Z,2026-02-01T00:00:00Z,AWS,223344556677,Usage,2026-01-23T02:00:00Z,2026-01-23T03:00:00Z,AmazonS3,USWE-TimedStorage-ByteHrs,StandardStorage,,arn:aws:s3:::data-lake-raw,1850.3947,,,3.19444e-05,0.05839562,3.19444e-05,0.05839562,GB-Mo,0.023,0.05839562,Amazon Simple Storage Service,,,,,us-west-2,AmazonS3,0.0,0.0,44.85,15,2026-01-21T00:26:13Z,data-eng,prod,CC200,,,,,,,,,,,,,
acdc49c23b434c94b676640e08c9d6cb,2026-01-23T12:00:00Z/2026-01-23T13:00:00Z,112233445566,2026-01-01T00:00:00Z,2026-02-01T00:00:00Z,AWS,223344556677,Usage,2026-01-23T12:00:00Z,2026-01-23T13:00:00Z,AmazonS3,USWE-TimedStorage-ByteHrs,StandardStorage,,arn:aws:s3:::data-lake-raw,1850.5169,,,3.19444e-05,0.0582104,3.19444e-05,0.0582104,GB-Mo,0.023,0.0582104,Amazon Simple Storage Service,,,,,us-west-2,AmazonS3,0.0,0.0,43.48,0,2026-01-22T17:07:08Z,data-eng,prod,CC200,,,,,,,,,,,,,
597ac99e431e446896444b86d1fe4712,2026-01-23T22:00:00Z/2026-01-23T23:00:00Z,112233445566,2026-01-01T00:00:00Z,2026-02-01T00:00:00Z,AWS,223344556677,Usage,2026-01-23T22:00:00Z,2026-01-23T23:00:00Z,AmazonS3,USWE-TimedStorage-ByteHrs,StandardStorage,,arn:aws:s3:::data-lake-raw,1850.8706,,,3.19444e-05,0.06019821,3.19444e-05,0.06019821,GB-Mo,0.023,0.06019821,Amazon Simple Storage Service,,,,,us-west-2,AmazonS3,0.0,0.0,33.11,16,2026-01-23T00:30:39Z,data-eng,prod,CC200,,,,,,,,,,,,,
beb2db252be54e88b695d56df9507b8e,2026-01-24T08:00:00Z/2026-01-24T09:00:00Z,112233445566,2026-01-01T00:00:00Z,2026-02-01T00:00:00Z,AWS,223344556677,Usage,2026-01-24T08:00:00Z,2026-01-24T09:00:00Z,AmazonS3,USWE-TimedStorage-ByteHrs,StandardStorage,,arn:aws:s3:::data-lake-raw,1850.6164,,,3.19444e-05,0.05793219,3.19444e-05,0.05793219,GB-Mo,0.023,0.05793219,Amazon Simple Storage Service,,,,,us-west-2,AmazonS3,0.0,0.0,44.49,19,2026-01-23T00:40:07Z,data-eng,prod,CC200,,,,,,,,,,,,,
675d8059dbf94573b01beb3f69051b26,2026-01-24T18:00:00Z/2026-01-24T19:00:00Z,112233445566,2026-01-01T00:00:00Z,2026-02-01T00:00:00Z,AWS,223344556677,Usage,2026-01-24T18:00:00Z,2026-01-24T19:00:00Z,AmazonS3,USWE-TimedStorage-ByteHrs,StandardStorage,,arn:aws:s3:::data-lake-raw,1851.6945,,,3.19444e-05,0.05818385,3.19444e-05,0.05818385,GB-Mo,0.023,0.05818385,Amazon Simple Storage Service,,,,,us-west-2,AmazonS3,0.0,0.0,52.2,6,2026-01-24T11:44:10Z,data-eng,prod,CC200,,,,,,,,,,,,,
d5d3a7ff5e4d4cbc9a6b5ef1d2f53159,2026-01-25T04:00:00Z/2026-01-25T05:00:00Z,112233445566,2026-01-01T00:00:00Z,2026-02-01T00:00:00Z,AWS,223344556677,Usage,2026-01-25T04:00:00Z,2026-01-25T05:00:00Z,AmazonS3,USWE-TimedStorage-ByteHrs,StandardStorage,,arn:aws:s3:::data-lake-raw,1850.0284,,,3.19444e-05,0.05847832,3.19444e-05,0.05847832,GB-Mo,0.023,0.05847832,Amazon Simple Storage Service,,,,,us-west-2,AmazonS3,0.0,0.0,38.99,2,2026-01-23T14:14:31Z,data-eng,prod,CC200,,,,,,,,,,,,,
5388ce2076bf481a8aa5ab7bac7c5a74,2026-01-25T14:00:00Z/2026-01-25T15:00:00Z,112233445566,2026-01-01T00:00:00Z,2026-02-01T00:00:00Z,AWS,223344556677,Usage,2026-01-25T14:00:00Z,2026-01-25T15:00:00Z,AmazonS3,USWE-TimedStorage-ByteHrs,StandardStorage,,arn:aws:s3:::data-lake-raw,1848.2844,,,3.19444e-05,0.05852943,3.19444e-05,0.05852943,GB-Mo,0.023,0.05852943,Amazon Simple Storage Service,,,,,us-west-2,AmazonS3,0.0,0.0,44.36,14,2026-01-24T02:44:46Z,data-eng,prod,CC200,,,,,,,,,,,,,
7237eb7cb67f4648b9e805c8a22c193d,2026-01-26T00:00:00Z/2026-01-26T01:00:00Z,112233445566,2026-01-01T00:00:00Z,2026-02-01T00:00:00Z,AWS,223344556677,Usage,2026-01-26T00:00:00Z,2026-01-26T01:00:00Z,AmazonS3,USWE-TimedStorage-ByteHrs,StandardStorage,,arn:aws:s3:::data-lake-raw,1850.5102,,,3.19444e-05,0.05992027,3.19444e-05,0.05992027,GB-Mo,0.023,0.05992027,Amazon Simple Storage Service,,,,,us-west-2,AmazonS3,0.0,0.0,49.95,11,2026-01-24T23:06:46Z,data-eng,prod,CC200,,,,,,,,,,,,,
5774af120e5448caa8d1491703e75fd5,2026-01-26T10:00:00Z/2026-01-26T11:00:00Z,112233445566,2026-01-01T00:00:00Z,2026-02-01T00:00:00Z,AWS,223344556677,Usage,2026-01-26T10:00:00Z,2026-01-26T11:00:00Z,AmazonS3,USWE-TimedStorage-ByteHrs,StandardStorage,,arn:aws:s3:::data-lake-raw,1849.7444,,,3.19444e-05,0.05973769,3.19444e-05,0.05973769,GB-Mo,0.023,0.05973769,Amazon Simple Storage Service,,,,,us-west-2,AmazonS3,0.0,0.0,30.32,2,2026-01-26T05:34:51Z,data-eng,prod,CC200,,,,,,,,,,,,,
959b9db7b4114162a155381993df2e4b,2026-01-26T20:00:00Z/2026-01-26T21:00:00Z,112233445566,2026-01-01T00:00:00Z,2026-02-01T00:00:00Z,AWS,223344556677,Usage,2026-01-26T20:00:00Z,2026-01-26T21:00:00Z,AmazonS3,USWE-TimedStorage-ByteHrs,StandardStorage,,arn:aws:s3:::data-lake-raw,1849.1812,,,3.19444e-05,0.05909351,3.19444e-05,0.05909351,GB-Mo,0.023,0.05909351,Amazon Simple Storage Service,,,,,us-west-2,AmazonS3,0.0,0.0,59.37,20,2026-01-26T04:40:07Z,data-eng,prod,CC200,,,,,,,,,,,,,
471a848e3e2a49209d6d83478102da55,2026-01-27T06:00:00Z/2026-01-27T07:00:00Z,112233445566,2026-01-01T00:00:00Z,2026-02-01T00:00:00Z,AWS,223344556677,Usage,2026-01-27T06:00:00Z,2026-01-27T07:00:00Z,AmazonS3,USWE-TimedStorage-ByteHrs,StandardStorage,,arn:aws:s3:::data-lake-raw,1849.3316,,,3.19444e-05,0.06003276,3.19444e-05,0.06003276,GB-Mo,0.023,0.06003276,Amazon Simple Storage Service,,,,,us-west-2,AmazonS3,0.0,0.0,33.77,20,2026-01-26T01:54:51Z,data-eng,prod,CC200,,,,,,,,,,,,,
357ef741505e464d87a5f86266462573,2026-01-27T16:00:00Z/2026-01-27T17:00:00Z,112233445566,2026-01-01T00:00:00Z,2026-02-01T00:00:00Z,AWS,223344556677,Usage,2026-01-27T16:00:00Z,2026-01-27T17:00:00Z,AmazonS3,USWE-TimedStorage-ByteHrs,StandardStorage,,arn:aws:s3:::data-lake-raw,1850.905,,,3.19444e-05,0.05794202,3.19444e-05,0.05794202,GB-Mo,0.023,0.05794202,Amazon Simple Storage Service,,,,,us-west-2,AmazonS3,0.0,0.0,36.04,24,2026-01-27T08:30:15Z,data-eng,prod,CC200,,,,,,,,,,,,,
2d647695cfea4f5898559d9d06717000,2026-01-28T02:00:00Z/2026-01-28T03:00:00Z,112233445566,2026-01-01T00:00:00Z,2026-02-01T00:00:00Z,AWS,223344556677,Usage,2026-01-28T02:00:00Z,2026-01-28T03:00:00Z,AmazonS3,USWE-TimedStorage-ByteHrs,StandardStorage,,arn:aws:s3:::data-lake-raw,1851.1492,,,3.19444e-05,0.05874959,3.19444e-05,0.05874959,GB-Mo,0.023,0.05874959,Amazon Simple Storage Service,,,,,us-west-2,AmazonS3,0.0,0.0,38.19,10,2026-01-27T09:59:07Z,data-eng,prod,CC200,,,,,,,,,,,,,
2d8647db72df4dfe8ebb5ce3100c9558,2026-01-28T12:00:00Z/2026-01-28T13:00:00Z,112233445566,2026-01-01T00:00:00Z,2026-02-01T00:00:00Z,AWS,223344556677,Usage,2026-01-28T12:00:00Z,2026-01-28T13:00:00Z,AmazonS3,USWE-TimedStorage-ByteHrs,StandardStorage,,arn:aws:s3:::data-lake-raw,1850.7789,,,3.19444e-05,0.0579617,3.19444e-05,0.0579617,GB-Mo,0.023,0.0579617,Amazon Simple Storage Service,,,,,us-west-2,AmazonS3,0.0,0.0,36.51,5,2026-01-26T20:59:44Z,data-eng,prod,CC200,,,,,,,,,,,,,
01fe333b6e3943bdbc1c80abefb3ed89,2026-01-28T22:00:00Z/2026-01-28T23:00:00Z,112233445566,2026-01-01T00:00:00Z,2026-02-01T00:00:00Z,AWS,223344556677,Usage,2026-01-28T22:00:00Z,2026-01-28T23:00:00Z,AmazonS3,USWE-TimedStorage-ByteHrs,StandardStorage,,arn:aws:s3:::data-lake-raw,1848.6551,,,3.19444e-05,0.05836733,3.19444e-05,0.05836733,GB-Mo,0.023,0.05836733,Amazon Simple Storage Service,,,,,us-west-2,AmazonS3,0.0,0.0,40.4,17,2026-01-27T21:30:04Z,data-eng,prod,CC200,,,,,,,,,,,,,
5d34ea30a9ad40b0b148d71478cec517,2026-01-29T08:00:00Z/2026-01-29T09:00:00Z,112233445566,2026-01-01T00:00:00Z,2026-02-01T00:00:00Z,AWS,223344556677,Usage,2026-01-29T08:00:00Z,2026-01-29T09:00:00Z,AmazonS3,USWE-TimedStorage-ByteHrs,StandardStorage,,arn:aws:s3:::data-lake-raw,1848.6613,,,3.19444e-05,0.05795265,3.19444e-05,0.05795265,GB-Mo,0.023,0.05795265,Amazon Simple Storage Service,,,,,us-west-2,AmazonS3,0.0,0.0,60.31,10,2026-01-28T09:26:27Z,data-eng,prod,CC200,,,,,,,,,,,,,
df8c646da6bb4b07801e72412535117a,2026-01-29T18:00:00Z/2026-01-29T19:00:00Z,112233445566,2026-01-01T00:00:00Z,2026-02-01T00:00:00Z,AWS,223344556677,Usage,2026-01-29T18:00:00Z,2026-01-29T19:00:00Z,AmazonS3,USWE-TimedStorage-ByteHrs,StandardStorage,,arn:aws:s3:::data-lake-raw,1848.7448,,,3.19444e-05,0.05877296,3.19444e-05,0.05877296,GB-Mo,0.023,0.05877296,Amazon Simple Storage Service,,,,,us-west-2,AmazonS3,0.0,0.0,42.56,16,2026-01-28T18:35:14Z,data-eng,prod,CC200,,,,,,,,,,,,,
bae5a87c0356417c9eda0a28be60e2cd,2026-01-30T04:00:00Z/2026-01-30T05:00:00Z,112233445566,2026-01-01T00:00:00Z,2026-02-01T00:00:00Z,AWS,223344556677,Usage,2026-01-30T04:00:00Z,2026-01-30T05:00:00Z,AmazonS3,USWE-TimedStorage-ByteHrs,StandardStorage,,arn:aws:s3:::data-lake-raw,1848.461,,,3.19444e-05,0.06010176,3.19444e-05,0.06010176,GB-Mo,0.023,0.06010176,Amazon Simple Storage Service,,,,,us-west-2,AmazonS3,0.0,0.0,47.6,14,2026-01-28T12:14:54Z,data-eng,prod,CC200,,,,,,,,,,,,,
56f5bdf36ac24c49ae8d1cab18ac0d2a,2026-01-30T14:00:00Z/2026-01-30T15:00:00Z,112233445566,2026-01-01T00:00:00Z,2026-02-01T00:00:00Z,AWS,223344556677,Usage,2026-01-30T14:00:00Z,2026-01-30T15:00:00Z,AmazonS3,USWE-TimedStorage-ByteHrs,StandardStorage,,arn:aws:s3:::data-lake-raw,1851.6182,,,3.19444e-05,0.05831566,3.19444e-05,0.05831566,GB-Mo,0.023,0.05831566,Amazon Simple Storage Service,,,,,us-west-2,AmazonS3,0.0,0.0,54.63,8,2026-01-28T16:59:10Z,data-eng,prod,CC200,,,,,,,,,,,,,
8e8284a67f7c46c2975b25998e2e56e5,2026-01-01T00:00:00Z/2026-01-01T01:00:00Z,112233445566,2026-01-01T00:00:00Z,2026-02-01T00:00:00Z,AWS,223344556677,Usage,2026-01-01T00:00:00Z,2026-01-01T01:00:00Z,AmazonS3,USWE-TimedStorage-ByteHrs,StandardStorage,,arn:aws:s3:::data-lake-processed,939.7686,,,3.19444e-05,0.02965207,3.19444e-05,0.02965207,GB-Mo,0.023,0.02965207,Amazon Simple Storage Service,,,,,us-west-2,AmazonS3,0.0,0.0,56.2,13,2025-12-30T20:05:41Z,data-eng,prod,CC200,,,,,,,,,,,,,
d0921b9c72444dd0beec9be6f6a8b070,2026-01-01T10:00:00Z/2026-01-01T11:00:00Z,112233445566,2026-01-01T00:00:00Z,2026-02-01T00:00:00Z,AWS,223344556677,Usage,2026-01-01T10:00:00Z,2026-01-01T11:00:00Z,AmazonS3,USWE-TimedStorage-ByteHrs,StandardStorage,,arn:aws:s3:::data-lake-processed,940.1331,,,3.19444e-05,0.03039685,3.19444e-05,0.03039685,GB-Mo,0.023,0.03039685,Amazon Simple Storage Service,,,,,us-west-2,AmazonS3,0.0,0.0,61.49,5,2025-12-30T15:50:55Z,data-eng,prod,CC200,,,,,,,,,,,,,
60853333e9d54aa6820d9733c249eb61,2026-01-01T20:00:00Z/2026-01-01T21:00:00Z,112233445566,2026-01-01T00:00:00Z,2026-02-01T00:00:00Z,AWS,223344556677,Usage,2026-01-01T20:00:00Z,2026-01-01T21:00:00Z,AmazonS3,USWE-TimedStorage-ByteHrs,StandardStorage,,arn:aws:s3:::data-lake-processed,939.4234,,,3.19444e-05,0.02945712,3.19444e-05,0.02945712,GB-Mo,0.023,0.02945712,Amazon Simple Storage Service,,,,,us-west-2,AmazonS3,0.0,0.0,55.83,0,2026-01-01T07:37:48Z,data-eng,prod,CC200,,,,,,,,,,,,,
41d41cf413a14d7cafec0cf95b8a272e,2026-01-02T06:00:00Z/2026-01-02T07:00:00Z,112233445566,2026-01-01T00:00:00Z,2026-02-01T00:00:00Z,AWS,223344556677,Usage,2026-01-02T06:00:00Z,2026-01-02T07:00:00Z,AmazonS3,USWE-TimedStorage-ByteHrs,StandardStorage,,arn:aws:s3:::data-lake-processed,939.5373,,,3.19444e-05,0.02968333,3.19444e-05,0.02968333,GB-Mo,0.023,0.02968333,Amazon Simple Storage Service,,,,,us-west-2,AmazonS3,0.0,0.0,53.34,13,2025-12-31T04:43:03Z,data-eng,prod,CC200,,,,,,,,,,,,,
8713eb88fd934779ae67143aa4c72c09,2026-01-02T16:00:00Z/2026-01-02T17:00:00Z,112233445566,2026-01-01T00:00:00Z,2026-02-01T00:00:00Z,AWS,223344556677,Usage,2026-01-02T16:00:00Z,2026-01-02T17:00:00Z,AmazonS3,USWE-TimedStorage-ByteHrs,StandardStorage,,arn:aws:s3:::data-lake-processed,939.3962,,,3.19444e-05,0.02950924,3.19444e-05,0.02950924,GB-Mo,0.023,0.02950924,Amazon Simple Storage Service,,,,,us-west-2,AmazonS3,0.0,0.0,46.46,10,2026-01-01T06:52:53Z,data-eng,prod,CC200,,,,,,,,,,,,,
b168472bdcf64caa8da898280d12ca7d,2026-01-03T02:00:00Z/2026-01-03T03:00:00Z,112233445566,2026-01-01T00:00:00Z,2026-02-01T00:00:00Z,AWS,223344556677,Usage,2026-01-03T02:00:00Z,2026-01-03T03:00:00Z,AmazonS3,USWE-TimedStorage-ByteHrs,StandardStorage,,arn:aws:s3:::data-lake-processed,940.8119,,,3.19444e-05,0.02978503,3.19444e-05,0.02978503,GB-Mo,0.023,0.02978503,Amazon Simple Storage Service,,,,,us-west-2,AmazonS3,0.0,0.0,38.09,20,2026-01-02T06:37:43Z,data-eng,prod,CC200,,,,,,,,,,,,,
462e44b9c811454790293c4692847c21,2026-01-03T12:00:00Z/2026-01-03T13:00:00Z,112233445566,2026-01-01T00:00:00Z,2026-02-01T00:00:00Z,AWS,223344556677,Usage,2026-01-03T12:00:00Z,2026-01-03T13:00:00Z,AmazonS3,USWE-TimedStorage-ByteHrs,StandardStorage,,arn:aws:s3:::data-lake-processed,939.9454,,,3.19444e-05,0.02964991,3.19444e-05,0.02964991,GB-Mo,0.023,0.02964991,Amazon Simple Storage Service,,,,,us-west-2,AmazonS3,0.0,0.0,29.43,22,2026-01-01T06:40:55Z,data-eng,prod,CC200,,,,,,,,,,,,,
07619d0bd0974fd18442f7081f11bc87,2026-01-03T22:00:00Z/2026-01-03T23:00:00Z,112233445566,2026-01-01T00:00:00Z,2026-02-01T00:00:00Z,AWS,223344556677,Usage,2026-01-03T22:00:00Z,2026-01-03T23:00:00Z,AmazonS3,USWE-TimedStorage-ByteHrs,StandardStorage,,arn:aws:s3:::data-lake-processed,940.0257,,,3.19444e-05,0.03034683,3.19444e-05,0.03034683,GB-Mo,0.023,0.03034683,Amazon Simple Storage Service,,,,,us-west-2,AmazonS3,0.0,0.0,32.46,13,2026-01-03T05:41:52Z,data-eng,prod,CC200,,,,,,,,,,,,,
fd79b4ca2e70410f8bad5987823b31d9,2026-01-04T08:00:00Z/2026-01-04T09:00:00Z,112233445566,2026-01-01T00:00:00Z,2026-02-01T00:00:00Z,AWS,223344556677,Usage,2026-01-04T08:00:00Z,2026-01-04T09:00:00Z,AmazonS3,USWE-TimedStorage-ByteHrs,StandardStorage,,arn:aws:s3:::data-lake-processed,940.7788,,,3.19444e-05,0.03027518,3.19444e-05,0.03027518,GB-Mo,0.023,0.03027518,Amazon Simple Storage Service,,,,,us-west-2,AmazonS3,0.0,0.0,58.17,16,2026-01-02T08:31:37Z,data-eng,prod,CC200,,,,,,,,,,,,,
ef4fb1cea2224239bd927c38067cb2b4,2026-01-04T18:00:00Z/2026-01-04T19:00:00Z,112233445566,2026-01-01T00:00:00Z,2026-02-01T00:00:00Z,AWS,223344556677,Usage,2026-01-04T18:00:00Z,2026-01-04T19:00:00Z,AmazonS3,USWE-TimedStorage-ByteHrs,StandardStorage,,arn:aws:s3:::data-lake-processed,939.5845,,,3.19444e-05,0.02968347,3.19444e-05,0.02968347,GB-Mo,0.023,0.02968347,Amazon Simple Storage Service,,,,,us-west-2,AmazonS3,0.0,0.0,60.67,0,2026-01-04T06:57:16Z,data-eng,prod,CC200,,,,,,,,,,,,,
7cc95afaa9044836ad36d69ad3d28bee,2026-01-05T04:00:00Z/2026-01-05T05:00:00Z,112233445566,2026-01-01T00:00:00Z,2026-02-01T00:00:00Z,AWS,223344556677,Usage,2026-01-05T04:00:00Z,2026-01-05T05:00:00Z,AmazonS3,USWE-TimedStorage-ByteHrs,StandardStorage,,arn:aws:s3:::data-lake-processed,940.2763,,,3.19444e-05,0.03037981,3.19444e-05,0.03037981,GB-Mo,0.023,0.03037981,Amazon Simple Storage Service,,,,,us-west-2,AmazonS3,0.0,0.0,31.24,8,2026-01-02T21:44:20Z,data-eng,prod,CC200,,,,,,,,,,,,,
776947667ef34a28bfe0c26b4ec3d21a,2026-01-05T14:00:00Z/2026-01-05T15:00:00Z,112233445566,2026-01-01T00:00:00Z,2026-02-01T00:00:00Z,AWS,223344556677,Usage,2026-01-05T14:00:00Z,2026-01-05T15:00:00Z,AmazonS3,USWE-TimedStorage-ByteHrs,StandardStorage,,arn:aws:s3:::data-lake-processed,939.2294,,,3.19444e-05,0.02996067,3.19444e-05,0.02996067,GB-Mo,0.023,0.02996067,Amazon Simple Storage Service,,,,,us-west-2,AmazonS3,0.0,0.0,60.86,16,2026-01-04T00:58:54Z,data-eng,prod,CC200,,,,,,,,,,,,,
f7f728c4f91c486296777c076e80c1ec,2026-01-06T00:00:00Z/2026-01-06T01:00:00Z,112233445566,2026-01-01T00:00:00Z,2026-02-01T00:00:00Z,AWS,223344556677,Usage,2026-01-06T00:00:00Z,2026-01-06T01:00:00Z,AmazonS3,USWE-TimedStorage-ByteHrs,StandardStorage,,arn:aws:s3:::data-lake-processed,939.4569,,,3.19444e-05,0.03049045,3.19444e-05,0.03049045,GB-Mo,0.023,0.03049045,Amazon Simple Storage Service,,,,,us-west-2,AmazonS3,0.0,0.0,49.33,8,2026-01-04T08:07:05Z,data-eng,prod,CC200,,,,,,,,,,,,,
2f98207ded7e4c738445938c3fe2ae50,2026-01-06T10:00:00Z/2026-01-06T11:00:00Z,112233445566,2026-01-01T00:00:00Z,2026-02-01T00:00:00Z,AWS,223344556677,Usage,2026-01-06T10:00:00Z,2026-01-06T11:00:00Z,AmazonS3,USWE-TimedStorage-ByteHrs,StandardStorage,,arn:aws:s3:::data-lake-processed,939.4507,,,3.19444e-05,0.0294799,3.19444e-05,0.0294799,GB-Mo,0.023,0.0294799,Amazon Simple Storage Service,,,,,us-west-2,AmazonS3,0.0,0.0,33.83,6,2026-01-03T23:39:02Z,data-eng,prod,CC200,,,,,,,,,,,,,
b85194ef84ca4462b85295f06ac33c57,2026-01-06T20:00:00Z/2026-01-06T21:00:00Z,112233445566,2026-01-01T00:00:00Z,2026-02-01T00:00:00Z,AWS,223344556677,Usage,2026-01-06T20:00:00Z,2026-01-06T21:00:00Z,AmazonS3,USWE-TimedStorage-ByteHrs,StandardStorage,,arn:aws:s3:::data-lake-processed,940.0258,,,3.19444e-05,0.03024738,3.19444e-05,0.03024738,GB-Mo,0.023,0.03024738,Amazon Simple Storage Service,,,,,us-west-2,AmazonS3,0.0,0.0,30.98,21,2026-01-04T18:46:32Z,data-eng,prod,CC200,,,,,,,,,,,,,
eb39b2a66f0d480eaa03aba24146a5cf,2026-01-07T06:00:00Z/2026-01-07T07:00:00Z,112233445566,2026-01-01T00:00:00Z,2026-02-01T00:00:00Z,AWS,223344556677,Usage,2026-01-07T06:00:00Z,2026-01-07T07:00:00Z,AmazonS3,USWE-TimedStorage-ByteHrs,StandardStorage,,arn:aws:s3:::data-lake-processed,939.9015,,,3.19444e-05,0.02982697,3.19444e-05,0.02982697,GB-Mo,0.023,0.02982697,Amazon Simple Storage Service,,,,,us-west-2,AmazonS3,0.0,0.0,47.63,11,2026-01-05T17:46:24Z,data-eng,prod,CC200,,,,,,,,,,,,,
43334ee604b94b0bb1436dab249ccf47,2026-01-07T16:00:00Z/2026-01-07T17:00:00Z,112233445566,2026-01-01T00:00:00Z,2026-02-01T00:00:00Z,AWS,223344556677,Usage,2026-01-07T16:00:00Z,2026-01-07T17:00:00Z,AmazonS3,USWE-TimedStorage-ByteHrs,StandardStorage,,arn:aws:s3:::data-lake-processed,939.2745,,,3.19444e-05,0.029679,3.19444e-05,0.029679,GB-Mo,0.023,0.029679,Amazon Simple Storage Service,,,,,us-west-2,AmazonS3,0.0,0.0,58.83,19,2026-01-06T03:21:04Z,data-eng,prod,CC200,,,,,,,,,,,,,
a4755a17797f41219a073281fae79025,2026-01-08T02:00:00Z/2026-01-08T03:00:00Z,112233445566,2026-01-01T00:00:00Z,2026-02-01T00:00:00Z,AWS,223344556677,Usage,2026-01-08T02:00:00Z,2026-01-08T03:00:00Z,AmazonS3,USWE-TimedStorage-ByteHrs,StandardStorage,,arn:aws:s3:::data-lake-processed,940.6556,,,3.19444e-05,0.03024851,3.19444e-05,0.03024851,GB-Mo,0.023,0.03024851,Amazon Simple Storage Service,,,,,us-west-2,AmazonS3,0.0,0.0,55.0,12,2026-01-06T07:14:34Z,data-eng,prod,CC200,,,,,,,,,,,,,
692f6df0c5e647eab69005c37cd4c373,2026-01-08T12:00:00Z/2026-01-08T13:00:00Z,112233445566,2026-01-01T00:00:00Z,2026-02-01T00:00:00Z,AWS,223344556677,Usage,2026-01-08T12:00:00Z,2026-01-08T13:00:00Z,AmazonS3,USWE-TimedStorage-ByteHrs,StandardStorage,,arn:aws:s3:::data-lake-processed,939.8822,,,3.19444e-05,0.03041169,3.19444e-05,0.03041169,GB-Mo,0.023,0.03041169,Amazon Simple Storage Service,,,,,us-west-2,AmazonS3,0.0,0.0,37.04,21,2026-01-07T06:24:34Z,data-eng,prod,CC200,,,,,,,,,,,,,
760abd0bd3e64e43b11158d5f05fd13b,2026-01-08T22:00:00Z/2026-01-08T23:00:00Z,112233445566,2026-01-01T00:00:00Z,2026-02-01T00:00:00Z,AWS,223344556677,Usage,2026-01-08T22:00:00Z,2026-01-08T23:00:00Z,AmazonS3,USWE-TimedStorage-ByteHrs,StandardStorage,,arn:aws:s3:::data-lake-processed,940.5531,,,3.19444e-05,0.03040994,3.19444e-05,0.03040994,GB-Mo,0.023,0.03040994,Amazon Simple Storage Service,,,,,us-west-2,AmazonS3,0.0,0.0,29.32,14,2026-01-06T23:17:55Z,data-eng,prod,CC200,,,,,,,,,,,,,
41bae03380024ee283996b2894d40d3a,2026-01-09T08:00:00Z/2026-01-09T09:00:00Z,112233445566,2026-01-01T00:00:00Z,2026-02-01T00:00:00Z,AWS,223344556677,Usage,2026-01-09T08:00:00Z,2026-01-09T09:00:00Z,AmazonS3,USWE-TimedStorage-ByteHrs,StandardStorage,,arn:aws:s3:::data-lake-processed,939.5079,,,3.19444e-05,0.02950575,3.19444e-05,0.02950575,GB-Mo,0.023,0.02950575,Amazon Simple Storage Service,,,,,us-west-2,AmazonS3,0.0,0.0,60.9,0,2026-01-08T04:27:08Z,data-eng,prod,CC200,,,,,,,,,,,,,
3c5198a88cbf4ec5a4ddab29545aa8ab,2026-01-09T18:00:00Z/2026-01-09T19:00:00Z,112233445566,2026-01-01T00:00:00Z,2026-02-01T00:00:00Z,AWS,223344556677,Usage,2026-01-09T18:00:00Z,2026-01-09T19:00:00Z,AmazonS3,USWE-TimedStorage-ByteHrs,StandardStorage,,arn:aws:s3:::data-lake-processed,939.1849,,,3.19444e-05,0.02970372,3.19444e-05,0.02970372,GB-Mo,0.023,0.02970372,Amazon Simple Storage Service,,,,,us-west-2,AmazonS3,0.0,0.0,38.66,15,2026-01-07T18:19:12Z,data-eng,prod,CC200,,,,,,,,,,,,,
50c784515a3b4f689e4664d4193bbe32,2026-01-10T04:00:00Z/2026-01-10T05:00:00Z,112233445566,2026-01-01T00:00:00Z,2026-02-01T00:00:00Z,AWS,223344556677,Usage,2026-01-10T04:00:00Z,2026-01-10T05:00:00Z,AmazonS3,USWE-TimedStorage-ByteHrs,StandardStorage,,arn:aws:s3:::data-lake-processed,940.2251,,,3.19444e-05,0.03050795,3.19444e-05,0.03050795,GB-Mo,0.023,0.03050795,Amazon Simple Storage Service,,,,,us-west-2,AmazonS3,0.0,0.0,35.55,2,2026-01-07T23:15:01Z,data-eng,prod,CC200,,,,,,,,,,,,,
a3942306cf2849b89289fdb7bf2644d3,2026-01-10T14:00:00Z/2026-01-10T15:00:00Z,112233445566,2026-01-01T00:00:00Z,2026-02-01T00:00:00Z,AWS,223344556677,Usage,2026-01-10T14:00:00Z,2026-01-10T15:00:00Z,AmazonS3,USWE-TimedStorage-ByteHrs,StandardStorage,,arn:aws:s3:::data-lake-processed,940.4449,,,3.19444e-05,0.03043809,3.19444e-05,0.03043809,GB-Mo,0.023,0.03043809,Amazon Simple Storage Service,,,,,us-west-2,AmazonS3,0.0,0.0,50.95,16,2026-01-09T11:46:43Z,data-eng,prod,CC200,,,,,,,,,,,,,
002d91908453445f8bbdef9d41cca001,2026-01-11T00:00:00Z/2026-01-11T01:00:00Z,112233445566,2026-01-01T00:00:00Z,2026-02-01T00:00:00Z,AWS,223344556677,Usage,2026-01-11T00:00:00Z,2026-01-11T01:00:00Z,AmazonS3,USWE-TimedStorage-ByteHrs,StandardStorage,,arn:aws:s3:::data-lake-processed,939.8885,,,3.19444e-05,0.02977878,3.19444e-05,0.02977878,GB-Mo,0.023,0.02977878,Amazon Simple Storage Service,,,,,us-west-2,AmazonS3,0.0,0.0,36.64,20,2026-01-08T13:38:30Z,data-eng,prod,CC200,,,,,,,,,,,,,
5514d41660e34c5cb239c8800a20cb78,2026-01-11T10:00:00Z/2026-01-11T11:00:00Z,112233445566,2026-01-01T00:00:00Z,2026-02-01T00:00:00Z,AWS,223344556677,Usage,2026-01-11T10:00:00Z,2026-01-11T11:00:00Z,AmazonS3,USWE-TimedStorage-ByteHrs,StandardStorage,,arn:aws:s3:::data-lake-processed,939.978,,,3.19444e-05,0.03031968,3.19444e-05,0.03031968,GB-Mo,0.023,0.03031968,Amazon Simple Storage Service,,,,,us-west-2,AmazonS3,0.0,0.0,35.29,4,2026-01-10T13:03:27Z,data-eng,prod,CC200,,,,,,,,,,,,,
aec89d37462f41b68f2079e52aae956e,2026-01-11T20:00:00Z/2026-01-11T21:00:00Z,112233445566,2026-01-01T00:00:00Z,2026-02-01T00:00:00Z,AWS,223344556677,Usage,2026-01-11T20:00:00Z,2026-01-11T21:00:00Z,AmazonS3,USWE-TimedStorage-ByteHrs,StandardStorage,,arn:aws:s3:::data-lake-processed,940.401,,,3.19444e-05,0.02965102,3.19444e-05,0.02965102,GB-Mo,0.023,0.02965102,Amazon Simple Storage Service,,,,,us-west-2,AmazonS3,0.0,0.0,42.76,8,2026-01-11T01:52:31Z,data-eng,prod,CC200,,,,,,,,,,,,,
bb6479a19140448ea4375496404bcf6e,2026-01-12T06:00:00Z/2026-01-12T07:00:00Z,112233445566,2026-01-01T00:00:00Z,2026-02-01T00:00:00Z,AWS,223344556677,Usage,2026-01-12T06:00:00Z,2026-01-12T07:00:00Z,AmazonS3,USWE-TimedStorage-ByteHrs,StandardStorage,,arn:aws:s3:::data-lake-processed,940.1854,,,3.19444e-05,0.03007994,3.19444e-05,0.03007994,GB-Mo,0.023,0.03007994,Amazon Simple Storage Service,,,,,us-west-2,AmazonS3,0.0,0.0,48.36,24,2026-01-11T04:48:16Z,data-eng,prod,CC200,,,,,,,,,,,,,
0175126d14ce4b0c85bb28335c86e743,2026-01-12T16:00:00Z/2026-01-12T17:00:00Z,112233445566,2026-01-01T00:00:00Z,2026-02-01T00:00:00Z,AWS,223344556677,Usage,2026-01-12T16:00:00Z,2026-01-12T17:00:00Z,AmazonS3,USWE-TimedStorage-ByteHrs,StandardStorage,,arn:aws:s3:::data-lake-processed,939.3025,,,3.19444e-05,0.02976684,3.19444e-05,0.02976684,GB-Mo,0.023,0.02976684,Amazon Simple Storage Service,,,,,us-west-2,AmazonS3,0.0,0.0,43.59,9,2026-01-10T21:12:23Z,data-eng,prod,CC200,,,,,,,,,,,,,
f017d0b199d9450885b2e82e9bf43611,2026-01-13T02:00:00Z/2026-01-13T03:00:00Z,112233445566,2026-01-01T00:00:00Z,2026-02-01T00:00:00Z,AWS,223344556677,Usage,2026-01-13T02:00:00Z,2026-01-13T03:00:00Z,AmazonS3,USWE-TimedStorage-ByteHrs,StandardStorage,,arn:aws:s3:::data-lake-processed,940.1211,,,3.19444e-05,0.03050851,3.19444e-05,0.03050851,GB-Mo,0.023,0.03050851,Amazon Simple Storage Service,,,,,us-west-2,AmazonS3,0.0,0.0,60.49,10,2026-01-11T04:13:53Z,data-eng,prod,CC200,,,,,,,,,,,,,
33762d7def2e46bf8b6a4df0f6dde876,2026-01-13T12:00:00Z/2026-01-13T13:00:00Z,112233445566,2026-01-01T00:00:00Z,2026-02-01T00:00:00Z,AWS,223344556677,Usage,2026-01-13T12:00:00Z,2026-01-13T13:00:00Z,AmazonS3,USWE-TimedStorage-ByteHrs,StandardStorage,,arn:aws:s3:::data-lake-processed,939.9247,,,3.19444e-05,0.02977421,3.19444e-05,0.02977421,GB-Mo,0.023,0.02977421,Amazon Simple Storage Service,,,,,us-west-2,AmazonS3,0.0,0.0,34.92,0,2026-01-12T11:37:06Z,data-eng,prod,CC200,,,,,,,,,,,,,
04b7eed247bf4ecaa947598066193c3a,2026-01-13T22:00:00Z/2026-01-13T23:00:00Z,112233445566,2026-01-01T00:00:00Z,2026-02-01T00:00:00Z,AWS,223344556677,Usage,2026-01-13T22:00:00Z,2026-01-13T23:00:00Z,AmazonS3,USWE-TimedStorage-ByteHrs,StandardStorage,,arn:aws:s3:::data-lake-processed,939.6402,,,3.19444e-05,0.02986462,3.19444e-05,0.02986462,GB-Mo,0.023,0.02986462,Amazon Simple Storage Service,,,,,us-west-2,AmazonS3,0.0,0.0,58.23,7,2026-01-12T16:55:08Z,data-eng,prod,CC200,,,,,,,,,,,,,
93c07cc3772c440090af2e64219bbbe9,2026-01-14T08:00:00Z/2026-01-14T09:00:00Z,112233445566,2026-01-01T00:00:00Z,2026-02-01T00:00:00Z,AWS,223344556677,Usage,2026-01-14T08:00:00Z,2026-01-14T09:00:00Z,AmazonS3,USWE-TimedStorage-ByteHrs,StandardStorage,,arn:aws:s3:::data-lake-processed,939.5439,,,3.19444e-05,0.03004917,3.19444e-05,0.03004917,GB-Mo,0.023,0.03004917,Amazon Simple Storage Service,,,,,us-west-2,AmazonS3,0.0,0.0,40.43,5,2026-01-12T00:56:30Z,data-eng,prod,CC200,,,,,,,,,,,,,
51e14ce0420145e5af1882889a991e63,2026-01-14T18:00:00Z/2026-01-14T19:00:00Z,112233445566,2026-01-01T00:00:00Z,2026-02-01T00:00:00Z,AWS,223344556677,Usage,2026-01-14T18:00:00Z,2026-01-14T19:00:00Z,AmazonS3,USWE-TimedStorage-ByteHrs,StandardStorage,,arn:aws:s3:::data-lake-processed,940.0932,,,3.19444e-05,0.02944036,3.19444e-05,0.02944036,GB-Mo,0.023,0.02944036,Amazon Simple Storage Service,,,,,us-west-2,AmazonS3,0.0,0.0,46.21,19,2026-01-14T00:57:03Z,data-eng,prod,CC200,,,,,,,,,,,,,
1d03f1b2e1894df880bbf1e10be094af,2026-01-15T04:00:00Z/2026-01-15T05:00:00Z,112233445566,2026-01-01T00:00:00Z,2026-02-01T00:00:00Z,AWS,223344556677,Usage,2026-01-15T04:00:00Z,2026-01-15T05:00:00Z,AmazonS3,USWE-TimedStorage-ByteHrs,StandardStorage,,arn:aws:s3:::data-lake-processed,940.1384,,,3.19444e-05,0.02993162,3.19444e-05,0.02993162,GB-Mo,0.023,0.02993162,Amazon Simple Storage Service,,,,,us-west-2,AmazonS3,0.0,0.0,61.1,4,2026-01-13T07:02:38Z,data-eng,prod,CC200,,,,,,,,,,,,,
4824662994e245d3ab80cd160179bfa8,2026-01-15T14:00:00Z/2026-01-15T15:00:00Z,112233445566,2026-01-01T00:00:00Z,2026-02-01T00:00:00Z,AWS,223344556677,Usage,2026-01-15T14:00:00Z,2026-01-15T15:00:00Z,AmazonS3,USWE-TimedStorage-ByteHrs,StandardStorage,,arn:aws:s3:::data-lake-processed,940.6982,,,3.19444e-05,0.02989814,3.19444e-05,0.02989814,GB-Mo,0.023,0.02989814,Amazon Simple Storage Service,,,,,us-west-2,AmazonS3,0.0,0.0,30.98,10,2026-01-14T13:35:41Z,data-eng,prod,CC200,,,,,,,,,,,,,
8062726698da4bbca19e5a9e190076a9,2026-01-16T00:00:00Z/2026-01-16T01:00:00Z,112233445566,2026-01-01T00:00:00Z,2026-02-01T00:00:00Z,AWS,223344556677,Usage,2026-01-16T00:00:00Z,2026-01-16T01:00:00Z,AmazonS3,USWE-TimedStorage-ByteHrs,StandardStorage,,arn:aws:s3:::data-lake-processed,939.9198,,,3.19444e-05,0.03025142,3.19444e-05,0.03025142,GB-Mo,0.023,0.03025142,Amazon Simple Storage Service,,,,,us-west-2,AmazonS3,0.0,0.0,39.83,2,2026-01-13T23:18:30Z,data-eng,prod,CC200,,,,,,,,,,,,,
c733871aff9148e0a3500664622cadbd,2026-01-16T10:00:00Z/2026-01-16T11:00:00Z,112233445566,2026-01-01T00:00:00Z,2026-02-01T00:00:00Z,AWS,223344556677,Usage,2026-01-16T10:00:00Z,2026-01-16T11:00:00Z,AmazonS3,USWE-TimedStorage-ByteHrs,StandardStorage,,arn:aws:s3:::data-lake-processed,939.6315,,,3.19444e-05,0.03019463,3.19444e-05,0.03019463,GB-Mo,0.023,0.03019463,Amazon Simple Storage Service,,,,,us-west-2,AmazonS3,0.0,0.0,53.23,11,2026-01-15T05:32:56Z,data-eng,prod,CC200,,,,,,,,,,,,,
b3a3b34ddf5e4e8597fb9bd40dffb9ac,2026-01-16T20:00:00Z/2026-01-16T21:00:00Z,112233445566,2026-01-01T00:00:00Z,2026-02-01T00:00:00Z,AWS,223344556677,Usage,2026-01-16T20:00:00Z,2026-01-16T21:00:00Z,AmazonS3,USWE-TimedStorage-ByteHrs,StandardStorage,,arn:aws:s3:::data-lake-processed,939.2215,,,3.19444e-05,0.02977606,3.19444e-05,0.02977606,GB-Mo,0.023,0.02977606,Amazon Simple Storage Service,,,,,us-west-2,AmazonS3,0.0,0.0,57.29,17,2026-01-16T00:09:36Z,data-eng,prod,CC200,,,,,,,,,,,,,
304916396d494af88c840e75f5292345,2026-01-17T06:00:00Z/2026-01-17T07:00:00Z,112233445566,2026-01-01T00:00:00Z,2026-02-01T00:00:00Z,AWS,223344556677,Usage,2026-01-17T06:00:00Z,2026-01-17T07:00:00Z,AmazonS3,USWE-TimedStorage-ByteHrs,StandardStorage,,arn:aws:s3:::data-lake-processed,939.6832,,,3.19444e-05,0.03016061,3.19444e-05,0.03016061,GB-Mo,0.023,0.03016061,Amazon Simple Storage Service,,,,,us-west-2,AmazonS3,0.0,0.0,34.67,8,2026-01-16T23:35:44Z,data-eng,prod,CC200,,,,,,,,,,,,,
1e8399e04f524966893fe3d294f23d2e,2026-01-17T16:00:00Z/2026-01-17T17:00:00Z,112233445566,2026-01-01T00:00:00Z,2026-02-01T00:00:00Z,AWS,223344556677,Usage,2026-01-17T16:00:00Z,2026-01-17T17:00:00Z,AmazonS3,USWE-TimedStorage-ByteHrs,StandardStorage,,arn:aws:s3:::data-lake-processed,939.901,,,3.19444e-05,0.03007043,3.19444e-05,0.03007043,GB-Mo,0.023,0.03007043,Amazon Simple Storage Service,,,,,us-west-2,AmazonS3,0.0,0.0,56.45,6,2026-01-15T05:15:57Z,data-eng,prod,CC200,,,,,,,,,,,,,
9502a62a4de548c0a06c23a2171a1228,2026-01-18T02:00:00Z/2026-01-18T03:00:00Z,112233445566,2026-01-01T00:00:00Z,2026-02-01T00:00:00Z,AWS,223344556677,Usage,2026-01-18T02:00:00Z,2026-01-18T03:00:00Z,AmazonS3,USWE-TimedStorage-ByteHrs,StandardStorage,,arn:aws:s3:::data-lake-processed,939.6452,,,3.19444e-05,0.029662,3.19444e-05,0.029662,GB-Mo,0.023,0.029662,Amazon Simple Storage Service,,,,,us-west-2,AmazonS3,0.0,0.0,50.79,16,2026-01-17T10:14:19Z,data-eng,prod,CC200,,,,,,,,,,,,,
f080b2b1469840eb9c52dfef3c30c590,2026-01-18T12:00:00Z/2026-01-18T13:00:00Z,112233445566,2026-01-01T00:00:00Z,2026-02-01T00:00:00Z,AWS,223344556677,Usage,2026-01-18T12:00:00Z,2026-01-18T13:00:00Z,AmazonS3,USWE-TimedStorage-ByteHrs,StandardStorage,,arn:aws:s3:::data-lake-processed,940.4105,,,3.19444e-05,0.02995499,3.19444e-05,0.02995499,GB-Mo,0.023,0.02995499,Amazon Simple Storage Service,,,,,us-west-2,AmazonS3,0.0,0.0,50.26,7,2026-01-15T20:58:39Z,data-eng,prod,CC200,,,,,,,,,,,,,
96de88777c9c47f7b1745001849ae924,2026-01-18T22:00:00Z/2026-01-18T23:00:00Z,112233445566,2026-01-01T00:00:00Z,2026-02-01T00:00:00Z,AWS,223344556677,Usage,2026-01-18T22:00:00Z,2026-01-18T23:00:00Z,AmazonS3,USWE-TimedStorage-ByteHrs,StandardStorage,,arn:aws:s3:::data-lake-processed,940.7852,,,3.19444e-05,0.02969462,3.19444e-05,0.02969462,GB-Mo,0.023,0.02969462,Amazon Simple Storage Service,,,,,us-west-2,AmazonS3,0.0,0.0,46.15,0,2026-01-17T18:06:03Z,data-eng,prod,CC200,,,,,,,,,,,,,
4cd31a61e53447a19007a45db7399e21,2026-01-19T08:00:00Z/2026-01-19T09:00:00Z,112233445566,2026-01-01T00:00:00Z,2026-02-01T00:00:00Z,AWS,223344556677,Usage,2026-01-19T08:00:00Z,2026-01-19T09:00:00Z,AmazonS3,USWE-TimedStorage-ByteHrs,StandardStorage,,arn:aws:s3:::data-lake-processed,939.2597,,,3.19444e-05,0.03059576,3.19444e-05,0.03059576,GB-Mo,0.023,0.03059576,Amazon Simple Storage Service,,,,,us-west-2,AmazonS3,0.0,0.0,54.06,11,2026-01-18T22:03:30Z,data-eng,prod,CC200,,,,,,,,,,,,,
e7fd4926a71e4a37b45eda8348b88c83,2026-01-19T18:00:00Z/2026-01-19T19:00:00Z,112233445566,2026-01-01T00:00:00Z,2026-02-01T00:00:00Z,AWS,223344556677,Usage,2026-01-19T18:00:00Z,2026-01-19T19:00:00Z,AmazonS3,USWE-TimedStorage-ByteHrs,StandardStorage,,arn:aws:s3:::data-lake-processed,940.8446,,,3.19444e-05,0.03032813,3.19444e-05,0.03032813,GB-Mo,0.023,0.03032813,Amazon Simple Storage Service,,,,,us-west-2,AmazonS3,0.0,0.0,52.44,5,2026-01-18T17:03:59Z,data-eng,prod,CC200,,,,,,,,,,,,,
f098ef31d48e467cb662532a8d6b311b,2026-01-20T04:00:00Z/2026-01-20T05:00:00Z,112233445566,2026-01-01T00:00:00Z,2026-02-01T00:00:00Z,AWS,223344556677,Usage,2026-01-20T04:00:00Z,2026-01-20T05:00:00Z,AmazonS3,USWE-TimedStorage-ByteHrs,StandardStorage,,arn:aws:s3:::data-lake-processed,940.2948,,,3.19444e-05,0.03044426,3.19444e-05,0.03044426,GB-Mo,0.023,0.03044426,Amazon Simple Storage Service,,,,,us-west-2,AmazonS3,0.0,0.0,58.74,0,2026-01-18T13:46:44Z,data-eng,prod,CC200,,,,,,,,,,,,,
2bcabefb305e4a208ff457f653f89032,2026-01-20T14:00:00Z/2026-01-20T15:00:00Z,112233445566,2026-01-01T00:00:00Z,2026-02-01T00:00:00Z,AWS,223344556677,Usage,2026-01-20T14:00:00Z,2026-01-20T15:00:00Z,AmazonS3,USWE-TimedStorage-ByteHrs,StandardStorage,,arn:aws:s3:::data-lake-processed,939.258,,,3.19444e-05,0.02994692,3.19444e-05,0.02994692,GB-Mo,0.023,0.02994692,Amazon Simple Storage Service,,,,,us-west-2,AmazonS3,0.0,0.0,46.49,11,2026-01-18T17:31:25Z,data-eng,prod,CC200,,,,,,,,,,,,,
83cbef6dbdaa4b129e71994a8aeaadf4,2026-01-21T00:00:00Z/2026-01-21T01:00:00Z,112233445566,2026-01-01T00:00:00Z,2026-02-01T00:00:00Z,AWS,223344556677,Usage,2026-01-21T00:00:00Z,2026-01-21T01:00:00Z,AmazonS3,USWE-TimedStorage-ByteHrs,StandardStorage,,arn:aws:s3:::data-lake-processed,939.709,,,3.19444e-05,0.02995358,3.19444e-05,0.02995358,GB-Mo,0.023,0.02995358,Amazon Simple Storage Service,,,,,us-west-2,AmazonS3,0.0,0.0,54.99,20,2026-01-19T14:10:41Z,data-eng,prod,CC200,,,,,,,,,,,,,
8e1cd6ddf731460face8f0a157590acc,2026-01-21T10:00:00Z/2026-01-21T11:00:00Z,112233445566,2026-01-01T00:00:00Z,2026-02-01T00:00:00Z,AWS,223344556677,Usage,2026-01-21T10:00:00Z,2026-01-21T11:00:00Z,AmazonS3,USWE-TimedStorage-ByteHrs,StandardStorage,,arn:aws:s3:::data-lake-processed,940.7205,,,3.19444e-05,0.02972843,3.19444e-05,0.02972843,GB-Mo,0.023,0.02972843,Amazon Simple Storage Service,,,,,us-west-2,AmazonS3,0.0,0.0,37.53,8,2026-01-20T04:05:45Z,data-eng,prod,CC200,,,,,,,,,,,,,
436c1b9fd32e4fbca81e83d951f2cd0e,2026-01-21T20:00:00Z/2026-01-21T21:00:00Z,112233445566,2026-01-01T00:00:00Z,2026-02-01T00:00:00Z,AWS,223344556677,Usage,2026-01-21T20:00:00Z,2026-01-21T21:00:00Z,AmazonS3,USWE-TimedStorage-ByteHrs,StandardStorage,,arn:aws:s3:::data-lake-processed,940.4678,,,3.19444e-05,0.02996026,3.19444e-05,0.02996026,GB-Mo,0.023,0.02996026,Amazon Simple Storage Service,,,,,us-west-2,AmazonS3,0.0,0.0,41.88,21,2026-01-20T13:54:13Z,data-eng,prod,CC200,,,,,,,,,,,,,
ad11882045244011b75f80489d1096f8,2026-01-22T06:00:00Z/2026-01-22T07:00:00Z,112233445566,2026-01-01T00:00:00Z,2026-02-01T00:00:00Z,AWS,223344556677,Usage,2026-01-22T06:00:00Z,2026-01-22T07:00:00Z,AmazonS3,USWE-TimedStorage-ByteHrs,StandardStorage,,arn:aws:s3:::data-lake-processed,939.8293,,,3.19444e-05,0.03023632,3.19444e-05,0.03023632,GB-Mo,0.023,0.03023632,Amazon Simple Storage Service,,,,,us-west-2,AmazonS3,0.0,0.0,50.16,10,2026-01-20T06:40:50Z,data-eng,prod,CC200,,,,,,,,,,,,,
b36da44b724149d4aa033c0bb7a0928d,2026-01-22T16:00:00Z/2026-01-22T17:00:00Z,112233445566,2026-01-01T00:00:00Z,2026-02-01T00:00:00Z,AWS,223344556677,Usage,2026-01-22T16:00:00Z,2026-01-22T17:00:00Z,AmazonS3,USWE-TimedStorage-ByteHrs,StandardStorage,,arn:aws:s3:::data-lake-processed,940.4937,,,3.19444e-05,0.03002876,3.19444e-05,0.03002876,GB-Mo,0.023,0.03002876,Amazon Simple Storage Service,,,,,us-west-2,AmazonS3,0.0,0.0,47.3,17,2026-01-21T02:01:54Z,data-eng,prod,CC200,,,,,,,,,,,,,
549e2081d2794156889b9c64248433ab,2026-01-23T02:00:00Z/2026-01-23T03:00:00Z,112233445566,2026-01-01T00:00:00Z,2026-02-01T00:00:00Z,AWS,223344556677,Usage,2026-01-23T02:00:00Z,2026-01-23T03:00:00Z,AmazonS3,USWE-TimedStorage-ByteHrs,StandardStorage,,arn:aws:s3:::data-lake-processed,939.3099,,,3.19444e-05,0.03048209,3.19444e-05,0.03048209,GB-Mo,0.023,0.03048209,Amazon Simple Storage Service,,,,,us-west-2,AmazonS3,0.0,0.0,29.26,3,2026-01-21T00:22:36Z,data-eng,prod,CC200,,,,,,,,,,,,,
6c1bd94216054198ac4b99e065fba486,2026-01-23T12:00:00Z/2026-01-23T13:00:00Z,112233445566,2026-01-01T00:00:00Z,2026-02-01T00:00:00Z,AWS,223344556677,Usage,2026-01-23T12:00:00Z,2026-01-23T13:00:00Z,AmazonS3,USWE-TimedStorage-ByteHrs,StandardStorage,,arn:aws:s3:::data-lake-processed,939.6972,,,3.19444e-05,0.03007813,3.19444e-05,0.03007813,GB-Mo,0.023,0.03007813,Amazon Simple Storage Service,,,,,us-west-2,AmazonS3,0.0,0.0,37.9,1,2026-01-21T17:48:44Z,data-eng,prod,CC200,,,,,,,,,,,,,
d38ec827db3549eeb8981aec6270429c,2026-01-23T22:00:00Z/2026-01-23T23:00:00Z,112233445566,2026-01-01T00:00:00Z,2026-02-01T00:00:00Z,AWS,223344556677,Usage,2026-01-23T22:00:00Z,2026-01-23T23:00:00Z,AmazonS3,USWE-TimedStorage-ByteHrs,StandardStorage,,arn:aws:s3:::data-lake-processed,939.9155,,,3.19444e-05,0.02990376,3.19444e-05,0.02990376,GB-Mo,0.023,0.02990376,Amazon Simple Storage Service,,,,,us-west-2,AmazonS3,0.0,0.0,56.78,5,2026-01-23T05:29:05Z,data-eng,prod,CC200,,,,,,,,,,,,,
f3cf547352bd4ef7b3be275ecec00d6b,2026-01-24T08:00:00Z/2026-01-24T09:00:00Z,112233445566,2026-01-01T00:00:00Z,2026-02-01T00:00:00Z,AWS,223344556677,Usage,2026-01-24T08:00:00Z,2026-01-24T09:00:00Z,AmazonS3,USWE-TimedStorage-ByteHrs,StandardStorage,,arn:aws:s3:::data-lake-processed,939.5554,,,3.19444e-05,0.03023729,3.19444e-05,0.03023729,GB-Mo,0.023,0.03023729,Amazon Simple Storage Service,,,,,us-west-2,AmazonS3,0.0,0.0,45.37,2,2026-01-22T17:29:22Z,data-eng,prod,CC200,,,,,,,,,,,,,
c77bbbcf4e10486996a93c8e770a92f3,2026-01-24T18:00:00Z/2026-01-24T19:00:00Z,112233445566,2026-01-01T00:00:00Z,2026-02-01T00:00:00Z,AWS,223344556677,Usage,2026-01-24T18:00:00Z,2026-01-24T19:00:00Z,AmazonS3,USWE-TimedStorage-ByteHrs,StandardStorage,,arn:aws:s3:::data-lake-processed,939.5673,,,3.19444e-05,0.02971684,3.19444e-05,0.02971684,GB-Mo,0.023,0.02971684,Amazon Simple Storage Service,,,,,us-west-2,AmazonS3,0.0,0.0,33.13,17,2026-01-23T00:32:35Z,data-eng,prod,CC200,,,,,,,,,,,,,
001b94c0ba284a74ad33b73c91ba053d,2026-01-25T04:00:00Z/2026-01-25T05:00:00Z,112233445566,2026-01-01T00:00:00Z,2026-02-01T00:00:00Z,AWS,223344556677,Usage,2026-01-25T04:00:00Z,2026-01-25T05:00:00Z,AmazonS3,USWE-TimedStorage-ByteHrs,StandardStorage,,arn:aws:s3:::data-lake-processed,939.5809,,,3.19444e-05,0.03059137,3.19444e-05,0.03059137,GB-Mo,0.023,0.03059137,Amazon Simple Storage Service,,,,,us-west-2,AmazonS3,0.0,0.0,59.41,18,2026-01-23T05:17:03Z,data-eng,prod,CC200,,,,,,,,,,,,,
bcd9aa51a3e440ec81dda36a7eaf2fb2,2026-01-25T14:00:00Z/2026-01-25T15:00:00Z,112233445566,2026-01-01T00:00:00Z,2026-02-01T00:00:00Z,AWS,223344556677,Usage,2026-01-25T14:00:00Z,2026-01-25T15:00:00Z,AmazonS3,USWE-TimedStorage-ByteHrs,StandardStorage,,arn:aws:s3:::data-lake-processed,940.2957,,,3.19444e-05,0.02960118,3.19444e-05,0.02960118,GB-Mo,0.023,0.02960118,Amazon Simple Storage Service,,,,,us-west-2,AmazonS3,0.0,0.0,44.22,5,2026-01-23T21:50:37Z,data-eng,prod,CC200,,,,,,,,,,,,,
50f8a7dcff5546c0a811ced7e8751a2e,2026-01-26T00:00:00Z/2026-01-26T01:00:00Z,112233445566,2026-01-01T00:00:00Z,2026-02-01T00:00:00Z,AWS,223344556677,Usage,2026-01-26T00:00:00Z,2026-01-26T01:00:00Z,AmazonS3,USWE-TimedStorage-ByteHrs,StandardStorage,,arn:aws:s3:::data-lake-processed,939.2407,,,3.19444e-05,0.02944675,3.19444e-05,0.02944675,GB-Mo,0.023,0.02944675,Amazon Simple Storage Service,,,,,us-west-2,AmazonS3,0.0,0.0,31.71,11,2026-01-24T19:20:52Z,data-eng,prod,CC200,,,,,,,,,,,,,
d1c4d89637164648b4d69d62d1434dfe,2026-01-26T10:00:00Z/2026-01-26T11:00:00Z,112233445566,2026-01-01T00:00:00Z,2026-02-01T00:00:00Z,AWS,223344556677,Usage,2026-01-26T10:00:00Z,2026-01-26T11:00:00Z,AmazonS3,USWE-TimedStorage-ByteHrs,StandardStorage,,arn:aws:s3:::data-lake-processed,939.1312,,,3.19444e-05,0.02983294,3.19444e-05,0.02983294,GB-Mo,0.023,0.02983294,Amazon Simple Storage Service,,,,,us-west-2,AmazonS3,0.0,0.0,46.4,0,2026-01-24T06:51:37Z,data-eng,prod,CC200,,,,,,,,,,,,,
55d7b351906b45779423c853423d89ee,2026-01-26T20:00:00Z/2026-01-26T21:00:00Z,112233445566,2026-01-01T00:00:00Z,2026-02-01T00:00:00Z,AWS,223344556677,Usage,2026-01-26T20:00:00Z,2026-01-26T21:00:00Z,AmazonS3,USWE-TimedStorage-ByteHrs,StandardStorage,,arn:aws:s3:::data-lake-processed,939.4142,,,3.19444e-05,0.03026222,3.19444e-05,0.03026222,GB-Mo,0.023,0.03026222,Amazon Simple Storage Service,,,,,us-west-2,AmazonS3,0.0,0.0,49.46,14,2026-01-25T17:29:20Z,data-eng,prod,CC200,,,,,,,,,,,,,
7bdde7bb5abb4e6b8decd6f40a415886,2026-01-27T06:00:00Z/2026-01-27T07:00:00Z,112233445566,2026-01-01T00:00:00Z,2026-02-01T00:00:00Z,AWS,223344556677,Usage,2026-01-27T06:00:00Z,2026-01-27T07:00:00Z,AmazonS3,USWE-TimedStorage-ByteHrs,StandardStorage,,arn:aws:s3:::data-lake-processed,940.283,,,3.19444e-05,0.03043299,3.19444e-05,0.03043299,GB-Mo,0.023,0.03043299,Amazon Simple Storage Service,,,,,us-west-2,AmazonS3,0.0,0.0,42.46,14,2026-01-25T08:55:36Z,data-eng,prod,CC200,,,,,,,,,,,,,
241608bb7fbd47a293ef447b370e6db7,2026-01-27T16:00:00Z/2026-01-27T17:00:00Z,112233445566,2026-01-01T00:00:00Z,2026-02-01T00:00:00Z,AWS,223344556677,Usage,2026-01-27T16:00:00Z,2026-01-27T17:00:00Z,AmazonS3,USWE-TimedStorage-ByteHrs,StandardStorage,,arn:aws:s3:::data-lake-processed,939.6066,,,3.19444e-05,0.03042627,3.19444e-05,0.03042627,GB-Mo,0.023,0.03042627,Amazon Simple Storage Service,,,,,us-west-2,AmazonS3,0.0,0.0,33.72,10,2026-01-25T06:30:01Z,data-eng,prod,CC200,,,,,,,,,,,,,
e8adaca061e542c69f06fcd71c6293c7,2026-01-28T02:00:00Z/2026-01-28T03:00:00Z,112233445566,2026-01-01T00:00:00Z,2026-02-01T00:00:00Z,AWS,223344556677,Usage,2026-01-28T02:00:00Z,2026-01-28T03:00:00Z,AmazonS3,USWE-TimedStorage-ByteHrs,StandardStorage,,arn:aws:s3:::data-lake-processed,939.2076,,,3.19444e-05,0.02994355,3.19444e-05,0.02994355,GB-Mo,0.023,0.02994355,Amazon Simple Storage Service,,,,,us-west-2,AmazonS3,0.0,0.0,53.79,0,2026-01-26T14:35:48Z,data-eng,prod,CC200,,,,,,,,,,,,,
cca61fee891046a7a9983b6f396fe437,2026-01-28T12:00:00Z/2026-01-28T13:00:00Z,112233445566,2026-01-01T00:00:00Z,2026-02-01T00:00:00Z,AWS,223344556677,Usage,2026-01-28T12:00:00Z,2026-01-28T13:00:00Z,AmazonS3,USWE-TimedStorage-ByteHrs,StandardStorage,,arn:aws:s3:::data-lake-processed,940.2631,,,3.19444e-05,0.03046876,3.19444e-05,0.03046876,GB-Mo,0.023,0.03046876,Amazon Simple Storage Service,,,,,us-west-2,AmazonS3,0.0,0.0,48.89,3,2026-01-27T21:59:20Z,data-eng,prod,CC200,,,,,,,,,,,,,
8f5f0b826a3643779d045a6bd8096a3e,2026-01-28T22:00:00Z/2026-01-28T23:00:00Z,112233445566,2026-01-01T00:00:00Z,2026-02-01T00:00:00Z,AWS,223344556677,Usage,2026-01-28T22:00:00Z,2026-01-28T23:00:00Z,AmazonS3,USWE-TimedStorage-ByteHrs,StandardStorage,,arn:aws:s3:::data-lake-processed,939.2297,,,3.19444e-05,0.03001869,3.19444e-05,0.03001869,GB-Mo,0.023,0.03001869,Amazon Simple Storage Service,,,,,us-west-2,AmazonS3,0.0,0.0,38.47,3,2026-01-26T14:00:07Z,data-eng,prod,CC200,,,,,,,,,,,,,
d72a543f758e4bec93c2617248825dde,2026-01-29T08:00:00Z/2026-01-29T09:00:00Z,112233445566,2026-01-01T00:00:00Z,2026-02-01T00:00:00Z,AWS,223344556677,Usage,2026-01-29T08:00:00Z,2026-01-29T09:00:00Z,AmazonS3,USWE-TimedStorage-ByteHrs,StandardStorage,,arn:aws:s3:::data-lake-processed,940.1652,,,3.19444e-05,0.03062465,3.19444e-05,0.03062465,GB-Mo,0.023,0.03062465,Amazon Simple Storage Service,,,,,us-west-2,AmazonS3,0.0,0.0,52.24,19,2026-01-27T23:51:07Z,data-eng,prod,CC200,,,,,,,,,,,,,
cb2329db39c24d0db7d0574815fe6b51,2026-01-29T18:00:00Z/2026-01-29T19:00:00Z,112233445566,2026-01-01T00:00:00Z,2026-02-01T00:00:00Z,AWS,223344556677,Usage,2026-01-29T18:00:00Z,2026-01-29T19:00:00Z,AmazonS3,USWE-TimedStorage-ByteHrs,StandardStorage,,arn:aws:s3:::data-lake-processed,939.3418,,,3.19444e-05,0.02995984,3.19444e-05,0.02995984,GB-Mo,0.023,0.02995984,Amazon Simple Storage Service,,,,,us-west-2,AmazonS3,0.0,0.0,39.71,11,2026-01-28T21:25:52Z,data-eng,prod,CC200,,,,,,,,,,,,,
562a1bae4c7f40ff92fe6b41591dc583,2026-01-30T04:00:00Z/2026-01-30T05:00:00Z,112233445566,2026-01-01T00:00:00Z,2026-02-01T00:00:00Z,AWS,223344556677,Usage,2026-01-30T04:00:00Z,2026-01-30T05:00:00Z,AmazonS3,USWE-TimedStorage-ByteHrs,StandardStorage,,arn:aws:s3:::data-lake-processed,940.1673,,,3.19444e-05,0.02975161,3.19444e-05,0.02975161,GB-Mo,0.023,0.02975161,Amazon Simple Storage Service,,,,,us-west-2,AmazonS3,0.0,0.0,61.18,4,2026-01-27T22:22:39Z,data-eng,prod,CC200,,,,,,,,,,,,,
5a3870a6353c48438dca160d248da5e8,2026-01-30T14:00:00Z/2026-01-30T15:00:00Z,112233445566,2026-01-01T00:00:00Z,2026-02-01T00:00:00Z,AWS,223344556677,Usage,2026-01-30T14:00:00Z,2026-01-30T15:00:00Z,AmazonS3,USWE-TimedStorage-ByteHrs,StandardStorage,,arn:aws:s3:::data-lake-processed,940.1018,,,3.19444e-05,0.03046836,3.19444e-05,0.03046836,GB-Mo,0.023,0.03046836,Amazon Simple Storage Service,,,,,us-west-2,AmazonS3,0.0,0.0,47.13,18,2026-01-29T01:42:27Z,data-eng,prod,CC200,,,,,,,,,,,,,
5b5c9526da194fffb76c393d9ddb4f40,2026-01-01T00:00:00Z/2026-01-01T01:00:00Z,112233445566,2026-01-01T00:00:00Z,2026-02-01T00:00:00Z,AWS,334455667788,Usage,2026-01-01T00:00:00Z,2026-01-01T01:00:00Z,AmazonS3,USEA-TimedStorage-ByteHrs,StandardStorage,,arn:aws:s3:::app-static-assets,309.8244,,,3.19444e-05,0.01009576,3.19444e-05,0.01009576,GB-Mo,0.023,0.01009576,Amazon Simple Storage Service,,,,,us-east-1,AmazonS3,0.0,0.0,34.93,0,2025-12-31T14:29:19Z,frontend,prod,CC300,,,,,,,,,,,,,
ffe9b6e34be64014828b529e8be2a41c,2026-01-01T10:00:00Z/2026-01-01T11:00:00Z,112233445566,2026-01-01T00:00:00Z,2026-02-01T00:00:00Z,AWS,334455667788,Usage,2026-01-01T10:00:00Z,2026-01-01T11:00:00Z,AmazonS3,USEA-TimedStorage-ByteHrs,StandardStorage,,arn:aws:s3:::app-static-assets,309.9692,,,3.19444e-05,0.01001889,3.19444e-05,0.01001889,GB-Mo,0.023,0.01001889,Amazon Simple Storage Service,,,,,us-east-1,AmazonS3,0.0,0.0,38.55,7,2025-12-31T05:53:51Z,frontend,prod,CC300,,,,,,,,,,,,,
2329639139cc4361966f7d8c69955667,2026-01-01T20:00:00Z/2026-01-01T21:00:00Z,112233445566,2026-01-01T00:00:00Z,2026-02-01T00:00:00Z,AWS,334455667788,Usage,2026-01-01T20:00:00Z,2026-01-01T21:00:00Z,AmazonS3,USEA-TimedStorage-ByteHrs,StandardStorage,,arn:aws:s3:::app-static-assets,310.0077,,,3.19444e-05,0.00986359,3.19444e-05,0.00986359,GB-Mo,0.023,0.00986359,Amazon Simple Storage Service,,,,,us-east-1,AmazonS3,0.0,0.0,30.77,22,2025-12-31T11:31:53Z,frontend,prod,CC300,,,,,,,,,,,,,
99b815dcab3149048ef1fd2fc5e45044,2026-01-02T06:00:00Z/2026-01-02T07:00:00Z,112233445566,2026-01-01T00:00:00Z,2026-02-01T00:00:00Z,AWS,334455667788,Usage,2026-01-02T06:00:00Z,2026-01-02T07:00:00Z,AmazonS3,USEA-TimedStorage-ByteHrs,StandardStorage,,arn:aws:s3:::app-static-assets,309.8253,,,3.19444e-05,0.0097052,3.19444e-05,0.0097052,GB-Mo,0.023,0.0097052,Amazon Simple Storage Service,,,,,us-east-1,AmazonS3,0.0,0.0,40.18,11,2025-12-31T20:17:09Z,frontend,prod,CC300,,,,,,,,,,,,,
f3fe81649e1c487084bdcd3564fadc32,2026-01-02T16:00:00Z/2026-01-02T17:00:00Z,112233445566,2026-01-01T00:00:00Z,2026-02-01T00:00:00Z,AWS,334455667788,Usage,2026-01-02T16:00:00Z,2026-01-02T17:00:00Z,AmazonS3,USEA-TimedStorage-ByteHrs,StandardStorage,,arn:aws:s3:::app-static-assets,309.9024,,,3.19444e-05,0.01009516,3.19444e-05,0.01009516,GB-Mo,0.023,0.01009516,Amazon Simple Storage Service,,,,,us-east-1,AmazonS3,0.0,0.0,29.36,11,2025-12-31T21:01:07Z,frontend,prod,CC300,,,,,,,,,,,,,
719e01fc56e14534902f0b2a10b3d109,2026-01-03T02:00:00Z/2026-01-03T03:00:00Z,112233445566,2026-01-01T00:00:00Z,2026-02-01T00:00:00Z,AWS,334455667788,Usage,2026-01-03T02:00:00Z,2026-01-03T03:00:00Z,AmazonS3,USEA-TimedStorage-ByteHrs,StandardStorage,,arn:aws:s3:::app-static-assets,310.0982,,,3.19444e-05,0.01001417,3.19444e-05,0.01001417,GB-Mo,0.023,0.01001417,Amazon Simple Storage Service,,,,,us-east-1,AmazonS3,0.0,0.0,52.18,8,2025-12-31T22:11:57Z,frontend,prod,CC300,,,,,,,,,,,,,
fb80882655024af09103e12900f24990,2026-01-03T12:00:00Z/2026-01-03T13:00:00Z,112233445566,2026-01-01T00:00:00Z,2026-02-01T00:00:00Z,AWS,334455667788,Usage,2026-01-03T12:00:00Z,2026-01-03T13:00:00Z,AmazonS3,USEA-TimedStorage-ByteHrs,StandardStorage,,arn:aws:s3:::app-static-assets,309.9176,,,3.19444e-05,0.01008151,3.19444e-05,0.01008151,GB-Mo,0.023,0.01008151,Amazon Simple Storage Service,,,,,us-east-1,AmazonS3,0.0,0.0,34.34,12,2026-01-02T03:34:52Z,frontend,prod,CC300,,,,,,,,,,,,,
e382ba9f6c9b4202a06f184a4bf99925,2026-01-03T22:00:00Z/2026-01-03T23:00:00Z,112233445566,2026-01-01T00:00:00Z,2026-02-01T00:00:00Z,AWS,334455667788,Usage,2026-01-03T22:00:00Z,2026-01-03T23:00:00Z,AmazonS3,USEA-TimedStorage-ByteHrs,StandardStorage,,arn:aws:s3:::app-static-assets,309.9839,,,3.19444e-05,0.01000848,3.19444e-05,0.01000848,GB-Mo,0.023,0.01000848,Amazon Simple Storage Service,,,,,us-east-1,AmazonS3,0.0,0.0,49.23,3,2026-01-02T00:09:32Z,frontend,prod,CC300,,,,,,,,,,,,,
008394e317124f369856ab746bd6f26d,2026-01-04T08:00:00Z/2026-01-04T09:00:00Z,112233445566,2026-01-01T00:00:00Z,2026-02-01T00:00:00Z,AWS,334455667788,Usage,2026-01-04T08:00:00Z,2026-01-04T09:00:00Z,AmazonS3,USEA-TimedStorage-ByteHrs,StandardStorage,,arn:aws:s3:::app-static-assets,310.293,,,3.19444e-05,0.00995408,3.19444e-05,0.00995408,GB-Mo,0.023,0.00995408,Amazon Simple Storage Service,,,,,us-east-1,AmazonS3,0.0,0.0,51.1,19,2026-01-02T11:31:46Z,frontend,prod,CC300,,,,,,,,,,,,,
61fd3ee02a814e7cbf533f7f91aa6a16,2026-01-04T18:00:00Z/2026-01-04T19:00:00Z,112233445566,2026-01-01T00:00:00Z,2026-02-01T00:00:00Z,AWS,334455667788,Usage,2026-01-04T18:00:00Z,2026-01-04T19:00:00Z,AmazonS3,USEA-TimedStorage-ByteHrs,StandardStorage,,arn:aws:s3:::app-static-assets,309.7712,,,3.19444e-05,0.00981657,3.19444e-05,0.00981657,GB-Mo,0.023,0.00981657,Amazon Simple Storage Service,,,,,us-east-1,AmazonS3,0.0,0.0,46.17,7,2026-01-02T14:00:30Z,frontend,prod,CC300,,,,,,,,,,,,,
ac380ebe91814dc1b7cf7fb75d6bb639,2026-01-05T04:00:00Z/2026-01-05T05:00:00Z,112233445566,2026-01-01T00:00:00Z,2026-02-01T00:00:00Z,AWS,334455667788,Usage,2026-01-05T04:00:00Z,2026-01-05T05:00:00Z,AmazonS3,USEA-TimedStorage-ByteHrs,StandardStorage,,arn:aws:s3:::app-static-assets,309.8687,,,3.19444e-05,0.00981518,3.19444e-05,0.00981518,GB-Mo,0.023,0.00981518,Amazon Simple Storage Service,,,,,us-east-1,AmazonS3,0.0,0.0,58.56,7,2026-01-04T08:56:02Z,frontend,prod,CC300,,,,,,,,,,,,,
743cd28d47324d0a8f607b464fe4275b,2026-01-05T14:00:00Z/2026-01-05T15:00:00Z,112233445566,2026-01-01T00:00:00Z,2026-02-01T00:00:00Z,AWS,334455667788,Usage,2026-01-05T14:00:00Z,2026-01-05T15:00:00Z,AmazonS3,USEA-TimedStorage-ByteHrs,StandardStorage,,arn:aws:s3:::app-static-assets,310.2699,,,3.19444e-05,0.00982127,3.19444e-05,0.00982127,GB-Mo,0.023,0.00982127,Amazon Simple Storage Service,,,,,us-east-1,AmazonS3,0.0,0.0,39.17,9,2026-01-04T10:00:23Z,frontend,prod,CC300,,,,,,,,,,,,,
f85a14d224d942f69aac53c1b2c7ddff,2026-01-06T00:00:00Z/2026-01-06T01:00:00Z,112233445566,2026-01-01T00:00:00Z,2026-02-01T00:00:00Z,AWS,334455667788,Usage,2026-01-06T00:00:00Z,2026-01-06T01:00:00Z,AmazonS3,USEA-TimedStorage-ByteHrs,StandardStorage,,arn:aws:s3:::app-static-assets,310.2607,,,3.19444e-05,0.00976878,3.19444e-05,0.00976878,GB-Mo,0.023,0.00976878,Amazon Simple Storage Service,,,,,us-east-1,AmazonS3,0.0,0.0,52.85,0,2026-01-05T08:57:01Z,frontend,prod,CC300,,,,,,,,,,,,,
149c3901484b4cef809cda02f1694a35,2026-01-06T10:00:00Z/2026-01-06T11:00:00Z,112233445566,2026-01-01T00:00:00Z,2026-02-01T00:00:00Z,AWS,334455667788,Usage,2026-01-06T10:00:00Z,2026-01-06T11:00:00Z,AmazonS3,USEA-TimedStorage-ByteHrs,StandardStorage,,arn:aws:s3:::app-static-assets,309.8624,,,3.19444e-05,0.00978516,3.19444e-05,0.00978516,GB-Mo,0.023,0.00978516,Amazon Simple Storage Service,,,,,us-east-1,AmazonS3,0.0,0.0,39.91,14,2026-01-05T18:41:09Z,frontend,prod,CC300,,,,,,,,,,,,,
69daecb6464f4ca7b7dccd51b75842ea,2026-01-06T20:00:00Z/2026-01-06T21:00:00Z,112233445566,2026-01-01T00:00:00Z,2026-02-01T00:00:00Z,AWS,334455667788,Usage,2026-01-06T20:00:00Z,2026-01-06T21:00:00Z,AmazonS3,USEA-TimedStorage-ByteHrs,StandardStorage,,arn:aws:s3:::app-static-assets,309.8585,,,3.19444e-05,0.00996453,3.19444e-05,0.00996453,GB-Mo,0.023,0.00996453,Amazon Simple Storage Service,,,,,us-east-1,AmazonS3,0.0,0.0,61.39,0,2026-01-05T23:07:49Z,frontend,prod,CC300,,,,,,,,,,,,,
96d007525c5d4605b6e9861029159f25,2026-01-07T06:00:00Z/2026-01-07T07:00:00Z,112233445566,2026-01-01T00:00:00Z,2026-02-01T00:00:00Z,AWS,334455667788,Usage,2026-01-07T06:00:00Z,2026-01-07T07:00:00Z,AmazonS3,USEA-TimedStorage-ByteHrs,StandardStorage,,arn:aws:s3:::app-static-assets,310.2606,,,3.19444e-05,0.00995563,3.19444e-05,0.00995563,GB-Mo,0.023,0.00995563,Amazon Simple Storage Service,,,,,us-east-1,AmazonS3,0.0,0.0,39.84,15,2026-01-06T07:20:50Z,frontend,prod,CC300,,,,,,,,,,,,,
d4b4c02647e84aa19347569d0f379858,2026-01-07T16:00:00Z/2026-01-07T17:00:00Z,112233445566,2026-01-01T00:00:00Z,2026-02-01T00:00:00Z,AWS,334455667788,Usage,2026-01-07T16:00:00Z,2026-01-07T17:00:00Z,AmazonS3,USEA-TimedStorage-ByteHrs,StandardStorage,,arn:aws:s3:::app-static-assets,310.0544,,,3.19444e-05,0.00997272,3.19444e-05,0.00997272,GB-Mo,0.023,0.00997272,Amazon Simple Storage Service,,,,,us-east-1,AmazonS3,0.0,0.0,50.89,1,2026-01-05T04:46:43Z,frontend,prod,CC300,,,,,,,,,,,,,
a60d7c05c97d44f9b0199ee76aba7538,2026-01-08T02:00:00Z/2026-01-08T03:00:00Z,112233445566,2026-01-01T00:00:00Z,2026-02-01T00:00:00Z,AWS,334455667788,Usage,2026-01-08T02:00:00Z,2026-01-08T03:00:00Z,AmazonS3,USEA-TimedStorage-ByteHrs,StandardStorage,,arn:aws:s3:::app-static-assets,309.7394,,,3.19444e-05,0.00998974,3.19444e-05,0.00998974,GB-Mo,0.023,0.00998974,Amazon Simple Storage Service,,,,,us-east-1,AmazonS3,0.0,0.0,41.69,21,2026-01-06T07:58:58Z,frontend,prod,CC300,,,,,,,,,,,,,
c72c96f06a364b13bfcd223b3f2f0f38,2026-01-08T12:00:00Z/2026-01-08T13:00:00Z,112233445566,2026-01-01T00:00:00Z,2026-02-01T00:00:00Z,AWS,334455667788,Usage,2026-01-08T12:00:00Z,2026-01-08T13:00:00Z,AmazonS3,USEA-TimedStorage-ByteHrs,StandardStorage,,arn:aws:s3:::app-static-assets,309.7284,,,3.19444e-05,0.01000699,3.19444e-05,0.01000699,GB-Mo,0.023,0.01000699,Amazon Simple Storage Service,,,,,us-east-1,AmazonS3,0.0,0.0,44.23,16,2026-01-07T23:38:02Z,frontend,prod,CC300,,,,,,,,,,,,,
7e6ea529f0a6419a8da95113657e0d0d,2026-01-08T22:00:00Z/2026-01-08T23:00:00Z,112233445566,2026-01-01T00:00:00Z,2026-02-01T00:00:00Z,AWS,334455667788,Usage,2026-01-08T22:00:00Z,2026-01-08T23:00:00Z,AmazonS3,USEA-TimedStorage-ByteHrs,StandardStorage,,arn:aws:s3:::app-static-assets,310.2887,,,3.19444e-05,0.01006853,3.19444e-05,0.01006853,GB-Mo,0.023,0.01006853,Amazon Simple Storage Service,,,,,us-east-1,AmazonS3,0.0,0.0,56.65,0,2026-01-07T16:14:59Z,frontend,prod,CC300,,,,,,,,,,,,,
cb00ca25ba594a4285987581eaa0a2d9,2026-01-09T08:00:00Z/2026-01-09T09:00:00Z,112233445566,2026-01-01T00:00:00Z,2026-02-01T00:00:00Z,AWS,334455667788,Usage,2026-01-09T08:00:00Z,2026-01-09T09:00:00Z,AmazonS3,USEA-TimedStorage-ByteHrs,StandardStorage,,arn:aws:s3:::app-static-assets,310.0557,,,3.19444e-05,0.01000806,3.19444e-05,0.01000806,GB-Mo,0.023,0.01000806,Amazon Simple Storage Service,,,,,us-east-1,AmazonS3,0.0,0.0,49.47,17,2026-01-08T06:33:25Z,frontend,prod,CC300,,,,,,,,,,,,,
b95ee6622bdf43eabef440b319861ab6,2026-01-09T18:00:00Z/2026-01-09T19:00:00Z,112233445566,2026-01-01T00:00:00Z,2026-02-01T00:00:00Z,AWS,334455667788,Usage,2026-01-09T18:00:00Z,2026-01-09T19:00:00Z,AmazonS3,USEA-TimedStorage-ByteHrs,StandardStorage,,arn:aws:s3:::app-static-assets,310.0731,,,3.19444e-05,0.00987321,3.19444e-05,0.00987321,GB-Mo,0.023,0.00987321,Amazon Simple Storage Service,,,,,us-east-1,AmazonS3,0.0,0.0,48.29,15,2026-01-09T11:47:17Z,frontend,prod,CC300,,,,,,,,,,,,,
024dc36f2c5c4b25bacd00c1c66d2f92,2026-01-10T04:00:00Z/2026-01-10T05:00:00Z,112233445566,2026-01-01T00:00:00Z,2026-02-01T00:00:00Z,AWS,334455667788,Usage,2026-01-10T04:00:00Z,2026-01-10T05:00:00Z,AmazonS3,USEA-TimedStorage-ByteHrs,StandardStorage,,arn:aws:s3:::app-static-assets,310.1043,,,3.19444e-05,0.00988635,3.19444e-05,0.00988635,GB-Mo,0.023,0.00988635,Amazon Simple Storage Service,,,,,us-east-1,AmazonS3,0.0,0.0,37.93,13,2026-01-08T14:27:53Z,frontend,prod,CC300,,,,,,,,,,,,,
388405260db2465f9df486eeec2f26ba,2026-01-10T14:00:00Z/2026-01-10T15:00:00Z,112233445566,2026-01-01T00:00:00Z,2026-02-01T00:00:00Z,AWS,334455667788,Usage,2026-01-10T14:00:00Z,2026-01-10T15:00:00Z,AmazonS3,USEA-TimedStorage-ByteHrs,StandardStorage,,arn:aws:s3:::app-static-assets,310.048,,,3.19444e-05,0.0097177,3.19444e-05,0.0097177,GB-Mo,0.023,0.0097177,Amazon Simple Storage Service,,,,,us-east-1,AmazonS3,0.0,0.0,53.42,22,2026-01-08T00:40:48Z,frontend,prod,CC300,,,,,,,,,,,,,
c3810d66aebc4733a84077d63a31fe25,2026-01-11T00:00:00Z/2026-01-11T01:00:00Z,112233445566,2026-01-01T00:00:00Z,2026-02-01T00:00:00Z,AWS,334455667788,Usage,2026-01-11T00:00:00Z,2026-01-11T01:00:00Z,AmazonS3,USEA-TimedStorage-ByteHrs,StandardStorage,,arn:aws:s3:::app-static-assets,309.9746,,,3.19444e-05,0.00994448,3.19444e-05,0.00994448,GB-Mo,0.023,0.00994448,Amazon Simple Storage Service,,,,,us-east-1,AmazonS3,0.0,0.0,61.68,8,2026-01-10T00:45:54Z,frontend,prod,CC300,,,,,,,,,,,,,
0782478c2bad451f8fe323fc7bd24ede,2026-01-11T10:00:00Z/2026-01-11T11:00:00Z,112233445566,2026-01-01T00:00:00Z,2026-02-01T00:00:00Z,AWS,334455667788,Usage,2026-01-11T10:00:00Z,2026-01-11T11:00:00Z,AmazonS3,USEA-TimedStorage-ByteHrs,StandardStorage,,arn:aws:s3:::app-static-assets,309.7167,,,3.19444e-05,0.0097816,3.19444e-05,0.0097816,GB-Mo,0.023,0.0097816,Amazon Simple Storage Service,,,,,us-east-1,AmazonS3,0.0,0.0,48.51,2,2026-01-08T19:55:13Z,frontend,prod,CC300,,,,,,,,,,,,,
d84009cecd7144e9bc82c434f4cdb901,2026-01-11T20:00:00Z/2026-01-11T21:00:00Z,112233445566,2026-01-01T00:00:00Z,2026-02-01T00:00:00Z,AWS,334455667788,Usage,2026-01-11T20:00:00Z,2026-01-11T21:00:00Z,AmazonS3,USEA-TimedStorage-ByteHrs,StandardStorage,,arn:aws:s3:::app-static-assets,310.143,,,3.19444e-05,0.01003968,3.19444e-05,0.01003968,GB-Mo,0.023,0.01003968,Amazon Simple Storage Service,,,,,us-east-1,AmazonS3,0.0,0.0,46.39,15,2026-01-10T22:21:52Z,frontend,prod,CC300,,,,,,,,,,,,,
2ffd92d286904c90883ac8801fa10be0,2026-01-12T06:00:00Z/2026-01-12T07:00:00Z,112233445566,2026-01-01T00:00:00Z,2026-02-01T00:00:00Z,AWS,334455667788,Usage,2026-01-12T06:00:00Z,2026-01-12T07:00:00Z,AmazonS3,USEA-TimedStorage-ByteHrs,StandardStorage,,arn:aws:s3:::app-static-assets,309.9254,,,3.19444e-05,0.01007281,3.19444e-05,0.01007281,GB-Mo,0.023,0.01007281,Amazon Simple Storage Service,,,,,us-east-1,AmazonS3,0.0,0.0,57.58,3,2026-01-11T07:24:45Z,frontend,prod,CC300,,,,,,,,,,,,,
ad3f6f70ba13428a945a7949d4184421,2026-01-12T16:00:00Z/2026-01-12T17:00:00Z,112233445566,2026-01-01T00:00:00Z,2026-02-01T00:00:00Z,AWS,334455667788,Usage,2026-01-12T16:00:00Z,2026-01-12T17:00:00Z,AmazonS3,USEA-TimedStorage-ByteHrs,StandardStorage,,arn:aws:s3:::app-static-assets,310.1293,,,3.19444e-05,0.00991182,3.19444e-05,0.00991182,GB-Mo,0.023,0.00991182,Amazon Simple Storage Service,,,,,us-east-1,AmazonS3,0.0,0.0,59.49,15,2026-01-10T22:35:25Z,frontend,prod,CC300,,,,,,,,,,,,,
e783f9a22fbd4849a8f1f434c6fd9d81,2026-01-13T02:00:00Z/2026-01-13T03:00:00Z,112233445566,2026-01-01T00:00:00Z,2026-02-01T00:00:00Z,AWS,334455667788,Usage,2026-01-13T02:00:00Z,2026-01-13T03:00:00Z,AmazonS3,USEA-TimedStorage-ByteHrs,StandardStorage,,arn:aws:s3:::app-static-assets,310.2308,,,3.19444e-05,0.01007514,3.19444e-05,0.01007514,GB-Mo,0.023,0.01007514,Amazon Simple Storage Service,,,,,us-east-1,AmazonS3,0.0,0.0,56.04,5,2026-01-12T07:41:27Z,frontend,prod,CC300,,,,,,,,,,,,,
01d92a0a55e245da83f50c4a384869b9,2026-01-13T12:00:00Z/2026-01-13T13:00:00Z,112233445566,2026-01-01T00:00:00Z,2026-02-01T00:00:00Z,AWS,334455667788,Usage,2026-01-13T12:00:00Z,2026-01-13T13:00:00Z,AmazonS3,USEA-TimedStorage-ByteHrs,StandardStorage,,arn:aws:s3:::app-static-assets,310.1678,,,3.19444e-05,0.00995805,3.19444e-05,0.00995805,GB-Mo,0.023,0.00995805,Amazon Simple Storage Service,,,,,us-east-1,AmazonS3,0.0,0.0,55.96,18,2026-01-12T09:39:01Z,frontend,prod,CC300,,,,,,,,,,,,,
516aa437e0df4a8f801457f3abde82a8,2026-01-13T22:00:00Z/2026-01-13T23:00:00Z,112233445566,2026-01-01T00:00:00Z,2026-02-01T00:00:00Z,AWS,334455667788,Usage,2026-01-13T22:00:00Z,2026-01-13T23:00:00Z,AmazonS3,USEA-TimedStorage-ByteHrs,StandardStorage,,arn:aws:s3:::app-static-assets,309.8825,,,3.19444e-05,0.00994999,3.19444e-05,0.00994999,GB-Mo,0.023,0.00994999,Amazon Simple Storage Service,,,,,us-east-1,AmazonS3,0.0,0.0,36.12,2,2026-01-11T17:21:23Z,frontend,prod,CC300,,,,,,,,,,,,,
2a16d4e18cbc4bfd8bc8fe3cbe482d6c,2026-01-14T08:00:00Z/2026-01-14T09:00:00Z,112233445566,2026-01-01T00:00:00Z,2026-02-01T00:00:00Z,AWS,334455667788,Usage,2026-01-14T08:00:00Z,2026-01-14T09:00:00Z,AmazonS3,USEA-TimedStorage-ByteHrs,StandardStorage,,arn:aws:s3:::app-static-assets,309.6919,,,3.19444e-05,0.01006186,3.19444e-05,0.01006186,GB-Mo,0.023,0.01006186,Amazon Simple Storage Service,,,,,us-east-1,AmazonS3,0.0,0.0,42.29,10,2026-01-12T11:48:12Z,frontend,prod,CC300,,,,,,,,,,,,,
597e345619b4481ca356309c0f55c284,2026-01-14T18:00:00Z/2026-01-14T19:00:00Z,112233445566,2026-01-01T00:00:00Z,2026-02-01T00:00:00Z,AWS,334455667788,Usage,2026-01-14T18:00:00Z,2026-01-14T19:00:00Z,AmazonS3,USEA-TimedStorage-ByteHrs,StandardStorage,,arn:aws:s3:::app-static-assets,310.0489,,,3.19444e-05,0.01003644,3.19444e-05,0.01003644,GB-Mo,0.023,0.01003644,Amazon Simple Storage Service,,,,,us-east-1,AmazonS3,0.0,0.0,30.09,17,2026-01-12T09:42:44Z,frontend,prod,CC300,,,,,,,,,,,,,
3d7c272275fc4c8aae0ed13a6fb3b011,2026-01-15T04:00:00Z/2026-01-15T05:00:00Z,112233445566,2026-01-01T00:00:00Z,2026-02-01T00:00:00Z,AWS,334455667788,Usage,2026-01-15T04:00:00Z,2026-01-15T05:00:00Z,AmazonS3,USEA-TimedStorage-ByteHrs,StandardStorage,,arn:aws:s3:::app-static-assets,310.1363,,,3.19444e-05,0.00996159,3.19444e-05,0.00996159,GB-Mo,0.023,0.00996159,Amazon Simple Storage Service,,,,,us-east-1,AmazonS3,0.0,0.0,59.04,15,2026-01-13T06:16:40Z,frontend,prod,CC300,,,,,,,,,,,,,
b90de000beca462bb8c38849548d92c9,2026-01-15T14:00:00Z/2026-01-15T15:00:00Z,112233445566,2026-01-01T00:00:00Z,2026-02-01T00:00:00Z,AWS,334455667788,Usage,2026-01-15T14:00:00Z,2026-01-15T15:00:00Z,AmazonS3,USEA-TimedStorage-ByteHrs,StandardStorage,,arn:aws:s3:::app-static-assets,310.0637,,,3.19444e-05,0.00983033,3.19444e-05,0.00983033,GB-Mo,0.023,0.00983033,Amazon Simple Storage Service,,,,,us-east-1,AmazonS3,0.0,0.0,32.27,14,2026-01-13T22:39:02Z,frontend,prod,CC300,,,,,,,,,,,,,
b64927b7e7aa4c2f88557405ced0e47f,2026-01-16T00:00:00Z/2026-01-16T01:00:00Z,112233445566,2026-01-01T00:00:00Z,2026-02-01T00:00:00Z,AWS,334455667788,Usage,2026-01-16T00:00:00Z,2026-01-16T01:00:00Z,AmazonS3,USEA-TimedStorage-ByteHrs,StandardStorage,,arn:aws:s3:::app-static-assets,309.798,,,3.19444e-05,0.00979113,3.19444e-05,0.00979113,GB-Mo,0.023,0.00979113,Amazon Simple Storage Service,,,,,us-east-1,AmazonS3,0.0,0.0,43.47,14,2026-01-14T06:20:05Z,frontend,prod,CC300,,,,,,,,,,,,,
da77d38c7c434a429751bbbe8ecdd805,2026-01-16T10:00:00Z/2026-01-16T11:00:00Z,112233445566,2026-01-01T00:00:00Z,2026-02-01T00:00:00Z,AWS,334455667788,Usage,2026-01-16T10:00:00Z,2026-01-16T11:00:00Z,AmazonS3,USEA-TimedStorage-ByteHrs,StandardStorage,,arn:aws:s3:::app-static-assets,309.7139,,,3.19444e-05,0.0097396,3.19444e-05,0.0097396,GB-Mo,0.023,0.0097396,Amazon Simple Storage Service,,,,,us-east-1,AmazonS3,0.0,0.0,34.09,6,2026-01-14T10:17:10Z,frontend,prod,CC300,,,,,,,,,,,,,
b4f11d2ba7b842f68eff4e97b89a2767,2026-01-16T20:00:00Z/2026-01-16T21:00:00Z,112233445566,2026-01-01T00:00:00Z,2026-02-01T00:00:00Z,AWS,334455667788,Usage,2026-01-16T20:00:00Z,2026-01-16T21:00:00Z,AmazonS3,USEA-TimedStorage-ByteHrs,StandardStorage,,arn:aws:s3:::app-static-assets,309.9185,,,3.19444e-05,0.01002986,3.19444e-05,0.01002986,GB-Mo,0.023,0.01002986,Amazon Simple Storage Service,,,,,us-east-1,AmazonS3,0.0,0.0,46.08,12,2026-01-15T03:50:31Z,frontend,prod,CC300,,,,,,,,,,,,,
1f34e404decb4f18bccc321944429f0b,2026-01-17T06:00:00Z/2026-01-17T07:00:00Z,112233445566,2026-01-01T00:00:00Z,2026-02-01T00:00:00Z,AWS,334455667788,Usage,2026-01-17T06:00:00Z,2026-01-17T07:00:00Z,AmazonS3,USEA-TimedStorage-ByteHrs,StandardStorage,,arn:aws:s3:::app-static-assets,309.8071,,,3.19444e-05,0.00975541,3.19444e-05,0.00975541,GB-Mo,0.023,0.00975541,Amazon Simple Storage Service,,,,,us-east-1,AmazonS3,0.0,0.0,46.78,8,2026-01-15T08:25:19Z,frontend,prod,CC300,,,,,,,,,,,,,
9f4e8f17a84a42f39d509353e0a9a0eb,2026-01-17T16:00:00Z/2026-01-17T17:00:00Z,112233445566,2026-01-01T00:00:00Z,2026-02-01T00:00:00Z,AWS,334455667788,Usage,2026-01-17T16:00:00Z,2026-01-17T17:00:00Z,AmazonS3,USEA-TimedStorage-ByteHrs,StandardStorage,,arn:aws:s3:::app-static-assets,309.9411,,,3.19444e-05,0.01001121,3.19444e-05,0.01001121,GB-Mo,0.023,0.01001121,Amazon Simple Storage Service,,,,,us-east-1,AmazonS3,0.0,0.0,42.52,2,2026-01-17T01:56:52Z,frontend,prod,CC300,,,,,,,,,,,,,
7654045796f04d02a385de559f803d34,2026-01-18T02:00:00Z/2026-01-18T03:00:00Z,112233445566,2026-01-01T00:00:00Z,2026-02-01T00:00:00Z,AWS,334455667788,Usage,2026-01-18T02:00:00Z,2026-01-18T03:00:00Z,AmazonS3,USEA-TimedStorage-ByteHrs,StandardStorage,,arn:aws:s3:::app-static-assets,309.9318,,,3.19444e-05,0.00980396,3.19444e-05,0.00980396,GB-Mo,0.023,0.00980396,Amazon Simple Storage Service,,,,,us-east-1,AmazonS3,0.0,0.0,39.15,6,2026-01-16T22:59:51Z,frontend,prod,CC300,,,,,,,,,,,,,
936c75ddb9584e35b726f7cb296f91dc,2026-01-18T12:00:00Z/2026-01-18T13:00:00Z,112233445566,2026-01-01T00:00:00Z,2026-02-01T00:00:00Z,AWS,334455667788,Usage,2026-01-18T12:00:00Z,2026-01-18T13:00:00Z,AmazonS3,USEA-TimedStorage-ByteHrs,StandardStorage,,arn:aws:s3:::app-static-assets,310.2088,,,3.19444e-05,0.00975217,3.19444e-05,0.00975217,GB-Mo,0.023,0.00975217,Amazon Simple Storage Service,,,,,us-east-1,AmazonS3,0.0,0.0,32.54,19,2026-01-17T17:16:38Z,frontend,prod,CC300,,,,,,,,,,,,,
42038de2c4c14627af8dfbefcafee6e3,2026-01-18T22:00:00Z/2026-01-18T23:00:00Z,112233445566,2026-01-01T00:00:00Z,2026-02-01T00:00:00Z,AWS,334455667788,Usage,2026-01-18T22:00:00Z,2026-01-18T23:00:00Z,AmazonS3,USEA-TimedStorage-ByteHrs,StandardStorage,,arn:aws:s3:::app-static-assets,310.0283,,,3.19444e-05,0.01000388,3.19444e-05,0.01000388,GB-Mo,0.023,0.01000388,Amazon Simple Storage Service,,,,,us-east-1,AmazonS3,0.0,0.0,32.04,22,2026-01-17T08:25:51Z,frontend,prod,CC300,,,,,,,,,,,,,
dbf6dee650f246b9b38369f76b036e26,2026-01-19T08:00:00Z/2026-01-19T09:00:00Z,112233445566,2026-01-01T00:00:00Z,2026-02-01T00:00:00Z,AWS,334455667788,Usage,2026-01-19T08:00:00Z,2026-01-19T09:00:00Z,AmazonS3,USEA-TimedStorage-ByteHrs,StandardStorage,,arn:aws:s3:::app-static-assets,309.9315,,,3.19444e-05,0.00990576,3.19444e-05,0.00990576,GB-Mo,0.023,0.00990576,Amazon Simple Storage Service,,,,,us-east-1,AmazonS3,0.0,0.0,60.87,17,2026-01-17T10:33:00Z,frontend,prod,CC300,,,,,,,,,,,,,
4372cb4628dc45f0aa8b3ba51feac5f6,2026-01-19T18:00:00Z/2026-01-19T19:00:00Z,112233445566,2026-01-01T00:00:00Z,2026-02-01T00:00:00Z,AWS,334455667788,Usage,2026-01-19T18:00:00Z,2026-01-19T19:00:00Z,AmazonS3,USEA-TimedStorage-ByteHrs,StandardStorage,,arn:aws:s3:::app-static-assets,309.7568,,,3.19444e-05,0.00990642,3.19444e-05,0.00990642,GB-Mo,0.023,0.00990642,Amazon Simple Storage Service,,,,,us-east-1,AmazonS3,0.0,0.0,28.98,1,2026-01-19T02:05:51Z,frontend,prod,CC300,,,,,,,,,,,,,
d5b53bc5d80041d6bbd1d48361c49a10,2026-01-20T04:00:00Z/2026-01-20T05:00:00Z,112233445566,2026-01-01T00:00:00Z,2026-02-01T00:00:00Z,AWS,334455667788,Usage,2026-01-20T04:00:00Z,2026-01-20T05:00:00Z,AmazonS3,USEA-TimedStorage-ByteHrs,StandardStorage,,arn:aws:s3:::app-static-assets,310.0434,,,3.19444e-05,0.01005899,3.19444e-05,0.01005899,GB-Mo,0.023,0.01005899,Amazon Simple Storage Service,,,,,us-east-1,AmazonS3,0.0,0.0,35.45,14,2026-01-18T16:26:13Z,frontend,prod,CC300,,,,,,,,,,,,,
8292e3bfffb246829984f20f8e74c4c1,2026-01-20T14:00:00Z/2026-01-20T15:00:00Z,112233445566,2026-01-01T00:00:00Z,2026-02-01T00:00:00Z,AWS,334455667788,Usage,2026-01-20T14:00:00Z,2026-01-20T15:00:00Z,AmazonS3,USEA-TimedStorage-ByteHrs,StandardStorage,,arn:aws:s3:::app-static-assets,309.9117,,,3.19444e-05,0.00991477,3.19444e-05,0.00991477,GB-Mo,0.023,0.00991477,Amazon Simple Storage Service,,,,,us-east-1,AmazonS3,0.0,0.0,34.88,13,2026-01-18T19:32:39Z,frontend,prod,CC300,,,,,,,,,,,,,
fb8f4824ae224933ad1c2bd01ec87710,2026-01-21T00:00:00Z/2026-01-21T01:00:00Z,112233445566,2026-01-01T00:00:00Z,2026-02-01T00:00:00Z,AWS,334455667788,Usage,2026-01-21T00:00:00Z,2026-01-21T01:00:00Z,AmazonS3,USEA-TimedStorage-ByteHrs,StandardStorage,,arn:aws:s3:::app-static-assets,309.7287,,,3.19444e-05,0.00976748,3.19444e-05,0.00976748,GB-Mo,0.023,0.00976748,Amazon Simple Storage Service,,,,,us-east-1,AmazonS3,0.0,0.0,32.12,17,2026-01-19T20:09:03Z,frontend,prod,CC300,,,,,,,,,,,,,
1cabbfb46cb7470bbe60b72767c7fd90,2026-01-21T10:00:00Z/2026-01-21T11:00:00Z,112233445566,2026-01-01T00:00:00Z,2026-02-01T00:00:00Z,AWS,334455667788,Usage,2026-01-21T10:00:00Z,2026-01-21T11:00:00Z,AmazonS3,USEA-TimedStorage-ByteHrs,StandardStorage,,arn:aws:s3:::app-static-assets,309.9103,,,3.19444e-05,0.00995703,3.19444e-05,0.00995703,GB-Mo,0.023,0.00995703,Amazon Simple Storage Service,,,,,us-east-1,AmazonS3,0.0,0.0,44.09,11,2026-01-20T21:39:55Z,frontend,prod,CC300,,,,,,,,,,,,,
04be77e5f47941e7995020406bb94dbd,2026-01-21T20:00:00Z/2026-01-21T21:00:00Z,112233445566,2026-01-01T00:00:00Z,2026-02-01T00:00:00Z,AWS,334455667788,Usage,2026-01-21T20:00:00Z,2026-01-21T21:00:00Z,AmazonS3,USEA-TimedStorage-ByteHrs,StandardStorage,,arn:aws:s3:::app-static-assets,309.7971,,,3.19444e-05,0.01000984,3.19444e-05,0.01000984,GB-Mo,0.023,0.01000984,Amazon Simple Storage Service,,,,,us-east-1,AmazonS3,0.0,0.0,42.15,16,2026-01-19T23:20:49Z,frontend,prod,CC300,,,,,,,,,,,,,
93b5acf8f5494f06a5096f57da2d812b,2026-01-22T06:00:00Z/2026-01-22T07:00:00Z,112233445566,2026-01-01T00:00:00Z,2026-02-01T00:00:00Z,AWS,334455667788,Usage,2026-01-22T06:00:00Z,2026-01-22T07:00:00Z,AmazonS3,USEA-TimedStorage-ByteHrs,StandardStorage,,arn:aws:s3:::app-static-assets,310.1056,,,3.19444e-05,0.01009333,3.19444e-05,0.01009333,GB-Mo,0.023,0.01009333,Amazon Simple Storage Service,,,,,us-east-1,AmazonS3,0.0,0.0,48.08,7,2026-01-20T14:14:32Z,frontend,prod,CC300,,,,,,,,,,,,,
66337ca0077d46ab9cd626a35e1e14ad,2026-01-22T16:00:00Z/2026-01-22T17:00:00Z,112233445566,2026-01-01T00:00:00Z,2026-02-01T00:00:00Z,AWS,334455667788,Usage,2026-01-22T16:00:00Z,2026-01-22T17:00:00Z,AmazonS3,USEA-TimedStorage-ByteHrs,StandardStorage,,arn:aws:s3:::app-static-assets,310.189,,,3.19444e-05,0.00980513,3.19444e-05,0.00980513,GB-Mo,0.023,0.00980513,Amazon Simple Storage Service,,,,,us-east-1,AmazonS3,0.0,0.0,32.31,11,2026-01-22T00:25:55Z,frontend,prod,CC300,,,,,,,,,,,,,
6c0506921e1046d38cfc4a78b882d4b9,2026-01-23T02:00:00Z/2026-01-23T03:00:00Z,112233445566,2026-01-01T00:00:00Z,2026-02-01T00:00:00Z,AWS,334455667788,Usage,2026-01-23T02:00:00Z,2026-01-23T03:00:00Z,AmazonS3,USEA-TimedStorage-ByteHrs,StandardStorage,,arn:aws:s3:::app-static-assets,309.933,,,3.19444e-05,0.00996869,3.19444e-05,0.00996869,GB-Mo,0.023,0.00996869,Amazon Simple Storage Service,,,,,us-east-1,AmazonS3,0.0,0.0,55.22,4,2026-01-22T06:59:59Z,frontend,prod,CC300,,,,,,,,,,,,,
97434083fcb54478aae3da1495860f2e,2026-01-23T12:00:00Z/2026-01-23T13:00:00Z,112233445566,2026-01-01T00:00:00Z,2026-02-01T00:00:00Z,AWS,334455667788,Usage,2026-01-23T12:00:00Z,2026-01-23T13:00:00Z,AmazonS3,USEA-TimedStorage-ByteHrs,StandardStorage,,arn:aws:s3:::app-static-assets,310.2966,,,3.19444e-05,0.0100504,3.19444e-05,0.0100504,GB-Mo,0.023,0.0100504,Amazon Simple Storage Service,,,,,us-east-1,AmazonS3,0.0,0.0,43.17,7,2026-01-21T08:19:56Z,frontend,prod,CC300,,,,,,,,,,,,,
1e153c2ca0d847d49cd70299213027c7,2026-01-23T22:00:00Z/2026-01-23T23:00:00Z,112233445566,2026-01-01T00:00:00Z,2026-02-01T00:00:00Z,AWS,334455667788,Usage,2026-01-23T22:00:00Z,2026-01-23T23:00:00Z,AmazonS3,USEA-TimedStorage-ByteHrs,StandardStorage,,arn:aws:s3:::app-static-assets,310.027,,,3.19444e-05,0.00975693,3.19444e-05,0.00975693,GB-Mo,0.023,0.00975693,Amazon Simple Storage Service,,,,,us-east-1,AmazonS3,0.0,0.0,38.57,17,2026-01-22T12:05:31Z,frontend,prod,CC300,,,,,,,,,,,,,
50f2eba265514a5db8b1cea569d473cb,2026-01-24T08:00:00Z/2026-01-24T09:00:00Z,112233445566,2026-01-01T00:00:00Z,2026-02-01T00:00:00Z,AWS,334455667788,Usage,2026-01-24T08:00:00Z,2026-01-24T09:00:00Z,AmazonS3,USEA-TimedStorage-ByteHrs,StandardStorage,,arn:aws:s3:::app-static-assets,310.2359,,,3.19444e-05,0.01009876,3.19444e-05,0.01009876,GB-Mo,0.023,0.01009876,Amazon Simple Storage Service,,,,,us-east-1,AmazonS3,0.0,0.0,28.56,0,2026-01-22T19:36:30Z,frontend,prod,CC300,,,,,,,,,,,,,
8ba9700aa54c4d89b4adbf10d427c003,2026-01-24T18:00:00Z/2026-01-24T19:00:00Z,112233445566,2026-01-01T00:00:00Z,2026-02-01T00:00:00Z,AWS,334455667788,Usage,2026-01-24T18:00:00Z,2026-01-24T19:00:00Z,AmazonS3,USEA-TimedStorage-ByteHrs,StandardStorage,,arn:aws:s3:::app-static-assets,309.9559,,,3.19444e-05,0.0099615,3.19444e-05,0.0099615,GB-Mo,0.023,0.0099615,Amazon Simple Storage Service,,,,,us-east-1,AmazonS3,0.0,0.0,36.04,5,2026-01-24T07:25:29Z,frontend,prod,CC300,,,,,,,,,,,,,
e0df014e8fc843d68f15080b8221e5c5,2026-01-25T04:00:00Z/2026-01-25T05:00:00Z,112233445566,2026-01-01T00:00:00Z,2026-02-01T00:00:00Z,AWS,334455667788,Usage,2026-01-25T04:00:00Z,2026-01-25T05:00:00Z,AmazonS3,USEA-TimedStorage-ByteHrs,StandardStorage,,arn:aws:s3:::app-static-assets,309.8906,,,3.19444e-05,0.009884,3.19444e-05,0.009884,GB-Mo,0.023,0.009884,Amazon Simple Storage Service,,,,,us-east-1,AmazonS3,0.0,0.0,32.21,12,2026-01-23T10:33:20Z,frontend,prod,CC300,,,,,,,,,,,,,
0af15a188fad4775a2ff7cbe9cd9cdaa,2026-01-25T14:00:00Z/2026-01-25T15:00:00Z,112233445566,2026-01-01T00:00:00Z,2026-02-01T00:00:00Z,AWS,334455667788,Usage,2026-01-25T14:00:00Z,2026-01-25T15:00:00Z,AmazonS3,USEA-TimedStorage-ByteHrs,StandardStorage,,arn:aws:s3:::app-static-assets,310.1564,,,3.19444e-05,0.01005587,3.19444e-05,0.01005587,GB-Mo,0.023,0.01005587,Amazon Simple Storage Service,,,,,us-east-1,AmazonS3,0.0,0.0,28.39,14,2026-01-23T03:41:59Z,frontend,prod,CC300,,,,,,,,,,,,,
6dadcc514f484510a39d67da42ae6006,2026-01-26T00:00:00Z/2026-01-26T01:00:00Z,112233445566,2026-01-01T00:00:00Z,2026-02-01T00:00:00Z,AWS,334455667788,Usage,2026-01-26T00:00:00Z,2026-01-26T01:00:00Z,AmazonS3,USEA-TimedStorage-ByteHrs,StandardStorage,,arn:aws:s3:::app-static-assets,310.1861,,,3.19444e-05,0.00993271,3.19444e-05,0.00993271,GB-Mo,0.023,0.00993271,Amazon Simple Storage Service,,,,,us-east-1,AmazonS3,0.0,0.0,57.56,9,2026-01-25T09:40:32Z,frontend,prod,CC300,,,,,,,,,,,,,
6aa9d1cfc2d14d7ca8973bd37c3a04e9,2026-01-26T10:00:00Z/2026-01-26T11:00:00Z,112233445566,2026-01-01T00:00:00Z,2026-02-01T00:00:00Z,AWS,334455667788,Usage,2026-01-26T10:00:00Z,2026-01-26T11:00:00Z,AmazonS3,USEA-TimedStorage-ByteHrs,StandardStorage,,arn:aws:s3:::app-static-assets,310.2498,,,3.19444e-05,0.00986811,3.19444e-05,0.00986811,GB-Mo,0.023,0.00986811,Amazon Simple Storage Service,,,,,us-east-1,AmazonS3,0.0,0.0,47.32,1,2026-01-24T15:50:25Z,frontend,prod,CC300,,,,,,,,,,,,,
ef3724f1197a42e7a04fe428c84a57a4,2026-01-26T20:00:00Z/2026-01-26T21:00:00Z,112233445566,2026-01-01T00:00:00Z,2026-02-01T00:00:00Z,AWS,334455667788,Usage,2026-01-26T20:00:00Z,2026-01-26T21:00:00Z,AmazonS3,USEA-TimedStorage-ByteHrs,StandardStorage,,arn:aws:s3:::app-static-assets,309.899,,,3.19444e-05,0.00978538,3.19444e-05,0.00978538,GB-Mo,0.023,0.00978538,Amazon Simple Storage Service,,,,,us-east-1,AmazonS3,0.0,0.0,50.99,4,2026-01-25T14:53:43Z,frontend,prod,CC300,,,,,,,,,,,,,
cac7463625024269bcc453dae8d6f94a,2026-01-27T06:00:00Z/2026-01-27T07:00:00Z,112233445566,2026-01-01T00:00:00Z,2026-02-01T00:00:00Z,AWS,334455667788,Usage,2026-01-27T06:00:00Z,2026-01-27T07:00:00Z,AmazonS3,USEA-TimedStorage-ByteHrs,StandardStorage,,arn:aws:s3:::app-static-assets,310.3042,,,3.19444e-05,0.00980421,3.19444e-05,0.00980421,GB-Mo,0.023,0.00980421,Amazon Simple Storage Service,,,,,us-east-1,AmazonS3,0.0,0.0,60.13,10,2026-01-26T03:54:57Z,frontend,prod,CC300,,,,,,,,,,,,,
aa643e9559b247dfb012da2faf592951,2026-01-27T16:00:00Z/2026-01-27T17:00:00Z,112233445566,2026-01-01T00:00:00Z,2026-02-01T00:00:00Z,AWS,334455667788,Usage,2026-01-27T16:00:00Z,2026-01-27T17:00:00Z,AmazonS3,USEA-TimedStorage-ByteHrs,StandardStorage,,arn:aws:s3:::app-static-assets,309.6974,,,3.19444e-05,0.00974738,3.19444e-05,0.00974738,GB-Mo,0.023,0.00974738,Amazon Simple Storage Service,,,,,us-east-1,AmazonS3,0.0,0.0,50.79,0,2026-01-26T12:56:47Z,frontend,prod,CC300,,,,,,,,,,,,,
d13fadb33d814047b33449c5204ac724,2026-01-28T02:00:00Z/2026-01-28T03:00:00Z,112233445566,2026-01-01T00:00:00Z,2026-02-01T00:00:00Z,AWS,334455667788,Usage,2026-01-28T02:00:00Z,2026-01-28T03:00:00Z,AmazonS3,USEA-TimedStorage-ByteHrs,StandardStorage,,arn:aws:s3:::app-static-assets,309.9661,,,3.19444e-05,0.00992786,3.19444e-05,0.00992786,GB-Mo,0.023,0.00992786,Amazon Simple Storage Service,,,,,us-east-1,AmazonS3,0.0,0.0,40.03,5,2026-01-26T22:35:04Z,frontend,prod,CC300,,,,,,,,,,,,,
7a7102f731bc4d64a3cd17d87a146df7,2026-01-28T12:00:00Z/2026-01-28T13:00:00Z,112233445566,2026-01-01T00:00:00Z,2026-02-01T00:00:00Z,AWS,334455667788,Usage,2026-01-28T12:00:00Z,2026-01-28T13:00:00Z,AmazonS3,USEA-TimedStorage-ByteHrs,StandardStorage,,arn:aws:s3:::app-static-assets,309.7335,,,3.19444e-05,0.01005513,3.19444e-05,0.01005513,GB-Mo,0.023,0.01005513,Amazon Simple Storage Service,,,,,us-east-1,AmazonS3,0.0,0.0,55.03,10,2026-01-26T09:04:23Z,frontend,prod,CC300,,,,,,,,,,,,,
be3ccc767d8f499d8e0e1cef5d7f6c41,2026-01-28T22:00:00Z/2026-01-28T23:00:00Z,112233445566,2026-01-01T00:00:00Z,2026-02-01T00:00:00Z,AWS,334455667788,Usage,2026-01-28T22:00:00Z,2026-01-28T23:00:00Z,AmazonS3,USEA-TimedStorage-ByteHrs,StandardStorage,,arn:aws:s3:::app-static-assets,309.8075,,,3.19444e-05,0.00986723,3.19444e-05,0.00986723,GB-Mo,0.023,0.00986723,Amazon Simple Storage Service,,,,,us-east-1,AmazonS3,0.0,0.0,32.68,0,2026-01-27T08:20:18Z,frontend,prod,CC300,,,,,,,,,,,,,
527edf4016ad4516a6e6d0d789ff447d,2026-01-29T08:00:00Z/2026-01-29T09:00:00Z,112233445566,2026-01-01T00:00:00Z,2026-02-01T00:00:00Z,AWS,334455667788,Usage,2026-01-29T08:00:00Z,2026-01-29T09:00:00Z,AmazonS3,USEA-TimedStorage-ByteHrs,StandardStorage,,arn:aws:s3:::app-static-assets,309.7854,,,3.19444e-05,0.01005175,3.19444e-05,0.01005175,GB-Mo,0.023,0.01005175,Amazon Simple Storage Service,,,,,us-east-1,AmazonS3,0.0,0.0,47.76,2,2026-01-26T20:44:11Z,frontend,prod,CC300,,,,,,,,,,,,,
7d51098a9d5644658317a7dd6bb0e837,2026-01-29T18:00:00Z/2026-01-29T19:00:00Z,112233445566,2026-01-01T00:00:00Z,2026-02-01T00:00:00Z,AWS,334455667788,Usage,2026-01-29T18:00:00Z,2026-01-29T19:00:00Z,AmazonS3,USEA-TimedStorage-ByteHrs,StandardStorage,,arn:aws:s3:::app-static-assets,309.724,,,3.19444e-05,0.01004392,3.19444e-05,0.01004392,GB-Mo,0.023,0.01004392,Amazon Simple Storage Service,,,,,us-east-1,AmazonS3,0.0,0.0,46.35,0,2026-01-27T12:58:59Z,frontend,prod,CC300,,,,,,,,,,,,,
0b3245e1d50f424c9fc4aaf15838e8d1,2026-01-30T04:00:00Z/2026-01-30T05:00:00Z,112233445566,2026-01-01T00:00:00Z,2026-02-01T00:00:00Z,AWS,334455667788,Usage,2026-01-30T04:00:00Z,2026-01-30T05:00:00Z,AmazonS3,USEA-TimedStorage-ByteHrs,StandardStorage,,arn:aws:s3:::app-static-assets,310.3071,,,3.19444e-05,0.01006484,3.19444e-05,0.01006484,GB-Mo,0.023,0.01006484,Amazon Simple Storage Service,,,,,us-east-1,AmazonS3,0.0,0.0,58.31,20,2026-01-28T15:44:04Z,frontend,prod,CC300,,,,,,,,,,,,,
d096994f097243baa3048042ec937d0d,2026-01-30T14:00:00Z/2026-01-30T15:00:00Z,112233445566,2026-01-01T00:00:00Z,2026-02-01T00:00:00Z,AWS,334455667788,Usage,2026-01-30T14:00:00Z,2026-01-30T15:00:00Z,AmazonS3,USEA-TimedStorage-ByteHrs,StandardStorage,,arn:aws:s3:::app-static-assets,310.2904,,,3.19444e-05,0.0098876,3.19444e-05,0.0098876,GB-Mo,0.023,0.0098876,Amazon Simple Storage Service,,,,,us-east-1,AmazonS3,0.0,0.0,46.86,13,2026-01-28T20:14:33Z,frontend,prod,CC300,,,,,,,,,,,,,
54243d410f0c4bf895794d84575db769,2026-01-01T00:00:00Z/2026-01-01T01:00:00Z,112233445566,2026-01-01T00:00:00Z,2026-02-01T00:00:00Z,AWS,223344556677,Usage,2026-01-01T00:00:00Z,2026-01-01T01:00:00Z,AmazonS3,USWE-TimedStorage-ByteHrs,StandardStorage,,arn:aws:s3:::ml-model-artifacts,780.5357,,,3.19444e-05,0.02462143,3.19444e-05,0.02462143,GB-Mo,0.023,0.02462143,Amazon Simple Storage Service,,,,,us-west-2,AmazonS3,0.0,0.0,48.24,10,2025-12-29T16:46:26Z,ml,prod,CC500,,,,,,,,,,,,,
698595f57c504c75b259c84f2c60203d,2026-01-01T10:00:00Z/2026-01-01T11:00:00Z,112233445566,2026-01-01T00:00:00Z,2026-02-01T00:00:00Z,AWS,223344556677,Usage,2026-01-01T10:00:00Z,2026-01-01T11:00:00Z,AmazonS3,USWE-TimedStorage-ByteHrs,StandardStorage,,arn:aws:s3:::ml-model-artifacts,780.6817,,,3.19444e-05,0.02503116,3.19444e-05,0.02503116,GB-Mo,0.023,0.02503116,Amazon Simple Storage Service,,,,,us-west-2,AmazonS3,0.0,0.0,54.58,10,2025-12-30T10:50:35Z,ml,prod,CC500,,,,,,,,,,,,,
396691e9385943ed9da117b4401bf2d5,2026-01-01T20:00:00Z/2026-01-01T21:00:00Z,112233445566,2026-01-01T00:00:00Z,2026-02-01T00:00:00Z,AWS,223344556677,Usage,2026-01-01T20:00:00Z,2026-01-01T21:00:00Z,AmazonS3,USWE-TimedStorage-ByteHrs,StandardStorage,,arn:aws:s3:::ml-model-artifacts,780.0381,,,3.19444e-05,0.02449775,3.19444e-05,0.02449775,GB-Mo,0.023,0.02449775,Amazon Simple Storage Service,,,,,us-west-2,AmazonS3,0.0,0.0,47.48,12,2025-12-31T02:23:15Z,ml,prod,CC500,,,,,,,,,,,,,
1636d39d639b4d399d787440c224310a,2026-01-02T06:00:00Z/2026-01-02T07:00:00Z,112233445566,2026-01-01T00:00:00Z,2026-02-01T00:00:00Z,AWS,223344556677,Usage,2026-01-02T06:00:00Z,2026-01-02T07:00:00Z,AmazonS3,USWE-TimedStorage-ByteHrs,StandardStorage,,arn:aws:s3:::ml-model-artifacts,779.4465,,,3.19444e-05,0.02480673,3.19444e-05,0.02480673,GB-Mo,0.023,0.02480673,Amazon Simple Storage Service,,,,,us-west-2,AmazonS3,0.0,0.0,41.7,4,2025-12-31T07:13:37Z,ml,prod,CC500,,,,,,,,,,,,,
7b46e7a0958c431687ef3105a6f0e66e,2026-01-02T16:00:00Z/2026-01-02T17:00:00Z,112233445566,2026-01-01T00:00:00Z,2026-02-01T00:00:00Z,AWS,223344556677,Usage,2026-01-02T16:00:00Z,2026-01-02T17:00:00Z,AmazonS3,USWE-TimedStorage-ByteHrs,StandardStorage,,arn:aws:s3:::ml-model-artifacts,780.0428,,,3.19444e-05,0.02473892,3.19444e-05,0.02473892,GB-Mo,0.023,0.02473892,Amazon Simple Storage Service,,,,,us-west-2,AmazonS3,0.0,0.0,39.66,11,2026-01-01T00:18:09Z,ml,prod,CC500,,,,,,,,,,,,,
3ecc09163fa041cf8416b4fcf6112322,2026-01-03T02:00:00Z/2026-01-03T03:00:00Z,112233445566,2026-01-01T00:00:00Z,2026-02-01T00:00:00Z,AWS,223344556677,Usage,2026-01-03T02:00:00Z,2026-01-03T03:00:00Z,AmazonS3,USWE-TimedStorage-ByteHrs,StandardStorage,,arn:aws:s3:::ml-model-artifacts,779.6552,,,3.19444e-05,0.02488464,3.19444e-05,0.02488464,GB-Mo,0.023,0.02488464,Amazon Simple Storage Service,,,,,us-west-2,AmazonS3,0.0,0.0,47.2,11,2026-01-02T08:43:51Z,ml,prod,CC500,,,,,,,,,,,,,
468fe3e73dda41c9aec6b9b8c271dc85,2026-01-03T12:00:00Z/2026-01-03T13:00:00Z,112233445566,2026-01-01T00:00:00Z,2026-02-01T00:00:00Z,AWS,223344556677,Usage,2026-01-03T12:00:00Z,2026-01-03T13:00:00Z,AmazonS3,USWE-TimedStorage-ByteHrs,StandardStorage,,arn:aws:s3:::ml-model-artifacts,780.1687,,,3.19444e-05,0.02525789,3.19444e-05,0.02525789,GB-Mo,0.023,0.02525789,Amazon Simple Storage Service,,,,,us-west-2,AmazonS3,0.0,0.0,35.56,22,2026-01-01T13:55:00Z,ml,prod,CC500,,,,,,,,,,,,,
2c13eac249dd47baadd14d5960fd2a5f,2026-01-03T22:00:00Z/2026-01-03T23:00:00Z,112233445566,2026-01-01T00:00:00Z,2026-02-01T00:00:00Z,AWS,223344556677,Usage,2026-01-03T22:00:00Z,2026-01-03T23:00:00Z,AmazonS3,USWE-TimedStorage-ByteHrs,StandardStorage,,arn:aws:s3:::ml-model-artifacts,780.281,,,3.19444e-05,0.02482319,3.19444e-05,0.02482319,GB-Mo,0.023,0.02482319,Amazon Simple Storage Service,,,,,us-west-2,AmazonS3,0.0,0.0,41.37,15,2026-01-02T12:36:43Z,ml,prod,CC500,,,,,,,,,,,,,
033d1fec76894bf9adc1021844e2705a,2026-01-04T08:00:00Z/2026-01-04T09:00:00Z,112233445566,2026-01-01T00:00:00Z,2026-02-01T00:00:00Z,AWS,223344556677,Usage,2026-01-04T08:00:00Z,2026-01-04T09:00:00Z,AmazonS3,USWE-TimedStorage-ByteHrs,StandardStorage,,arn:aws:s3:::ml-model-artifacts,779.5344,,,3.19444e-05,0.02512412,3.19444e-05,0.02512412,GB-Mo,0.023,0.02512412,Amazon Simple Storage Service,,,,,us-west-2,AmazonS3,0.0,0.0,59.91,0,2026-01-04T01:08:02Z,ml,prod,CC500,,,,,,,,,,,,,
8deab37e7f874485a46bc01f42d78e43,2026-01-04T18:00:00Z/2026-01-04T19:00:00Z,112233445566,2026-01-01T00:00:00Z,2026-02-01T00:00:00Z,AWS,223344556677,Usage,2026-01-04T18:00:00Z,2026-01-04T19:00:00Z,AmazonS3,USWE-TimedStorage-ByteHrs,StandardStorage,,arn:aws:s3:::ml-model-artifacts,780.0332,,,3.19444e-05,0.02453869,3.19444e-05,0.02453869,GB-Mo,0.023,0.02453869,Amazon Simple Storage Service,,,,,us-west-2,AmazonS3,0.0,0.0,29.03,3,2026-01-02T19:05:25Z,ml,prod,CC500,,,,,,,,,,,,,
2af81ba5b97b4c57bc809f6c740daa75,2026-01-05T04:00:00Z/2026-01-05T05:00:00Z,112233445566,2026-01-01T00:00:00Z,2026-02-01T00:00:00Z,AWS,223344556677,Usage,2026-01-05T04:00:00Z,2026-01-05T05:00:00Z,AmazonS3,USWE-TimedStorage-ByteHrs,StandardStorage,,arn:aws:s3:::ml-model-artifacts,780.1467,,,3.19444e-05,0.02512825,3.19444e-05,0.02512825,GB-Mo,0.023,0.02512825,Amazon Simple Storage Service,,,,,us-west-2,AmazonS3,0.0,0.0,28.52,14,2026-01-03T13:55:32Z,ml,prod,CC500,,,,,,,,,,,,,
7ae79c31e5a24f65bc0d46c0d08a8166,2026-01-05T14:00:00Z/2026-01-05T15:00:00Z,112233445566,2026-01-01T00:00:00Z,2026-02-01T00:00:00Z,AWS,223344556677,Usage,2026-01-05T14:00:00Z,2026-01-05T15:00:00Z,AmazonS3,USWE-TimedStorage-ByteHrs,StandardStorage,,arn:aws:s3:::ml-model-artifacts,779.4622,,,3.19444e-05,0.02516913,3.19444e-05,0.02516913,GB-Mo,0.023,0.02516913,Amazon Simple Storage Service,,,,,us-west-2,AmazonS3,0.0,0.0,58.28,18,2026-01-05T10:01:42Z,ml,prod,CC500,,,,,,,,,,,,,
ccc41ab59c0d482599c0f39060aac62c,2026-01-06T00:00:00Z/2026-01-06T01:00:00Z,112233445566,2026-01-01T00:00:00Z,2026-02-01T00:00:00Z,AWS,223344556677,Usage,2026-01-06T00:00:00Z,2026-01-06T01:00:00Z,AmazonS3,USWE-TimedStorage-ByteHrs,StandardStorage,,arn:aws:s3:::ml-model-artifacts,779.502,,,3.19444e-05,0.0249182,3.19444e-05,0.0249182,GB-Mo,0.023,0.0249182,Amazon Simple Storage Service,,,,,us-west-2,AmazonS3,0.0,0.0,44.86,16,2026-01-04T22:45:22Z,ml,prod,CC500,,,,,,,,,,,,,
bfb322be6b1c4a01a68ea75abfd99f27,2026-01-06T10:00:00Z/2026-01-06T11:00:00Z,112233445566,2026-01-01T00:00:00Z,2026-02-01T00:00:00Z,AWS,223344556677,Usage,2026-01-06T10:00:00Z,2026-01-06T11:00:00Z,AmazonS3,USWE-TimedStorage-ByteHrs,StandardStorage,,arn:aws:s3:::ml-model-artifacts,779.725,,,3.19444e-05,0.025281,3.19444e-05,0.025281,GB-Mo,0.023,0.025281,Amazon Simple Storage Service,,,,,us-west-2,AmazonS3,0.0,0.0,55.95,0,2026-01-05T14:05:26Z,ml,prod,CC500,,,,,,,,,,,,,
fa64e160fbd1460b9d527e12988c2046,2026-01-06T20:00:00Z/2026-01-06T21:00:00Z,112233445566,2026-01-01T00:00:00Z,2026-02-01T00:00:00Z,AWS,223344556677,Usage,2026-01-06T20:00:00Z,2026-01-06T21:00:00Z,AmazonS3,USWE-TimedStorage-ByteHrs,StandardStorage,,arn:aws:s3:::ml-model-artifacts,780.5328,,,3.19444e-05,0.02453853,3.19444e-05,0.02453853,GB-Mo,0.023,0.02453853,Amazon Simple Storage Service,,,,,us-west-2,AmazonS3,0.0,0.0,39.41,13,2026-01-05T15:56:06Z,ml,prod,CC500,,,,,,,,,,,,,
37a948fef16044e6939f448e6220ebd3,2026-01-07T06:00:00Z/2026-01-07T07:00:00Z,112233445566,2026-01-01T00:00:00Z,2026-02-01T00:00:00Z,AWS,223344556677,Usage,2026-01-07T06:00:00Z,2026-01-07T07:00:00Z,AmazonS3,USWE-TimedStorage-ByteHrs,StandardStorage,,arn:aws:s3:::ml-model-artifacts,779.9277,,,3.19444e-05,0.02502508,3.19444e-05,0.02502508,GB-Mo,0.023,0.02502508,Amazon Simple Storage Service,,,,,us-west-2,AmazonS3,0.0,0.0,38.87,14,2026-01-05T12:52:53Z,ml,prod,CC500,,,,,,,,,,,,,
f9295471d52642f5a16f85600e3381ae,2026-01-07T16:00:00Z/2026-01-07T17:00:00Z,112233445566,2026-01-01T00:00:00Z,2026-02-01T00:00:00Z,AWS,223344556677,Usage,2026-01-07T16:00:00Z,2026-01-07T17:00:00Z,AmazonS3,USWE-TimedStorage-ByteHrs,StandardStorage,,arn:aws:s3:::ml-model-artifacts,779.9172,,,3.19444e-05,0.02483868,3.19444e-05,0.02483868,GB-Mo,0.023,0.02483868,Amazon Simple Storage Service,,,,,us-west-2,AmazonS3,0.0,0.0,33.43,21,2026-01-06T05:35:35Z,ml,prod,CC500,,,,,,,,,,,,,
fe2eed92952740d69fa78a9dfc2e402a,2026-01-08T02:00:00Z/2026-01-08T03:00:00Z,112233445566,2026-01-01T00:00:00Z,2026-02-01T00:00:00Z,AWS,223344556677,Usage,2026-01-08T02:00:00Z,2026-01-08T03:00:00Z,AmazonS3,USWE-TimedStorage-ByteHrs,StandardStorage,,arn:aws:s3:::ml-model-artifacts,780.5416,,,3.19444e-05,0.02497964,3.19444e-05,0.02497964,GB-Mo,0.023,0.02497964,Amazon Simple Storage Service,,,,,us-west-2,AmazonS3,0.0,0.0,50.95,0,2026-01-05T20:55:34Z,ml,prod,CC500,,,,,,,,,,,,,
b45d64e503e343f48efe7abbb284b471,2026-01-08T12:00:00Z/2026-01-08T13:00:00Z,112233445566,2026-01-01T00:00:00Z,2026-02-01T00:00:00Z,AWS,223344556677,Usage,2026-01-08T12:00:00Z,2026-01-08T13:00:00Z,AmazonS3,USWE-TimedStorage-ByteHrs,StandardStorage,,arn:aws:s3:::ml-model-artifacts,779.5409,,,3.19444e-05,0.02533322,3.19444e-05,0.02533322,GB-Mo,0.023,0.02533322,Amazon Simple Storage Service,,,,,us-west-2,AmazonS3,0.0,0.0,43.76,10,2026-01-07T08:41:21Z,ml,prod,CC500,,,,,,,,,,,,,
81f536c0d478448aaf09dbb1ea0ef83a,2026-01-08T22:00:00Z/2026-01-08T23:00:00Z,112233445566,2026-01-01T00:00:00Z,2026-02-01T00:00:00Z,AWS,223344556677,Usage,2026-01-08T22:00:00Z,2026-01-08T23:00:00Z,AmazonS3,USWE-TimedStorage-ByteHrs,StandardStorage,,arn:aws:s3:::ml-model-artifacts,779.6686,,,3.19444e-05,0.02534742,3.19444e-05,0.02534742,GB-Mo,0.023,0.02534742,Amazon Simple Storage Service,,,,,us-west-2,AmazonS3,0.0,0.0,35.61,1,2026-01-06T20:53:20Z,ml,prod,CC500,,,,,,,,,,,,,
dc9c0923d13a4ceb9852284c3159b544,2026-01-09T08:00:00Z/2026-01-09T09:00:00Z,112233445566,2026-01-01T00:00:00Z,2026-02-01T00:00:00Z,AWS,223344556677,Usage,2026-01-09T08:00:00Z,2026-01-09T09:00:00Z,AmazonS3,USWE-TimedStorage-ByteHrs,StandardStorage,,arn:aws:s3:::ml-model-artifacts,780.3097,,,3.19444e-05,0.02513334,3.19444e-05,0.02513334,GB-Mo,0.023,0.02513334,Amazon Simple Storage Service,,,,,us-west-2,AmazonS3,0.0,0.0,45.82,11,2026-01-08T15:29:04Z,ml,prod,CC500,,,,,,,,,,,,,
1c7e57d4869741dc8c91ebfa5f05950d,2026-01-09T18:00:00Z/2026-01-09T19:00:00Z,112233445566,2026-01-01T00:00:00Z,2026-02-01T00:00:00Z,AWS,223344556677,Usage,2026-01-09T18:00:00Z,2026-01-09T19:00:00Z,AmazonS3,USWE-TimedStorage-ByteHrs,StandardStorage,,arn:aws:s3:::ml-model-artifacts,779.238,,,3.19444e-05,0.02527435,3.19444e-05,0.02527435,GB-Mo,0.023,0.02527435,Amazon Simple Storage Service,,,,,us-west-2,AmazonS3,0.0,0.0,53.43,18,2026-01-08T22:47:05Z,ml,prod,CC500,,,,,,,,,,,,,
dd0dc208603d4cdca427f852cbe66f2c,2026-01-10T04:00:00Z/2026-01-10T05:00:00Z,112233445566,2026-01-01T00:00:00Z,2026-02-01T00:00:00Z,AWS,223344556677,Usage,2026-01-10T04:00:00Z,2026-01-10T05:00:00Z,AmazonS3,USWE-TimedStorage-ByteHrs,StandardStorage,,arn:aws:s3:::ml-model-artifacts,780.5914,,,3.19444e-05,0.02442251,3.19444e-05,0.02442251,GB-Mo,0.023,0.02442251,Amazon Simple Storage Service,,,,,us-west-2,AmazonS3,0.0,0.0,33.52,0,2026-01-09T02:29:22Z,ml,prod,CC500,,,,,,,,,,,,,
31f33fa480c947d1a4741a0deb470eaf,2026-01-10T14:00:00Z/2026-01-10T15:00:00Z,112233445566,2026-01-01T00:00:00Z,2026-02-01T00:00:00Z,AWS,223344556677,Usage,2026-01-10T14:00:00Z,2026-01-10T15:00:00Z,AmazonS3,USWE-TimedStorage-ByteHrs,StandardStorage,,arn:aws:s3:::ml-model-artifacts,779.2819,,,3.19444e-05,0.0244903,3.19444e-05,0.0244903,GB-Mo,0.023,0.0244903,Amazon Simple Storage Service,,,,,us-west-2,AmazonS3,0.0,0.0,61.27,5,2026-01-08T22:31:54Z,ml,prod,CC500,,,,,,,,,,,,,
6ca355c5c75047ef82b6a1305c440da2,2026-01-11T00:00:00Z/2026-01-11T01:00:00Z,112233445566,2026-01-01T00:00:00Z,2026-02-01T00:00:00Z,AWS,223344556677,Usage,2026-01-11T00:00:00Z,2026-01-11T01:00:00Z,AmazonS3,USWE-TimedStorage-ByteHrs,StandardStorage,,arn:aws:s3:::ml-model-artifacts,780.7131,,,3.19444e-05,0.02455586,3.19444e-05,0.02455586,GB-Mo,0.023,0.02455586,Amazon Simple Storage Service,,,,,us-west-2,AmazonS3,0.0,0.0,50.02,0,2026-01-09T01:53:36Z,ml,prod,CC500,,,,,,,,,,,,,
b45a3b014852417f9bc1a4ce89ff0184,2026-01-11T10:00:00Z/2026-01-11T11:00:00Z,112233445566,2026-01-01T00:00:00Z,2026-02-01T00:00:00Z,AWS,223344556677,Usage,2026-01-11T10:00:00Z,2026-01-11T11:00:00Z,AmazonS3,USWE-TimedStorage-ByteHrs,StandardStorage,,arn:aws:s3:::ml-model-artifacts,779.6624,,,3.19444e-05,0.02499631,3.19444e-05,0.02499631,GB-Mo,0.023,0.02499631,Amazon Simple Storage Service,,,,,us-west-2,AmazonS3,0.0,0.0,52.93,5,2026-01-10T09:24:34Z,ml,prod,CC500,,,,,,,,,,,,,
8dd71efdd482470e8fb5e77c6bab44b3,2026-01-11T20:00:00Z/2026-01-11T21:00:00Z,112233445566,2026-01-01T00:00:00Z,2026-02-01T00:00:00Z,AWS,223344556677,Usage,2026-01-11T20:00:00Z,2026-01-11T21:00:00Z,AmazonS3,USWE-TimedStorage-ByteHrs,StandardStorage,,arn:aws:s3:::ml-model-artifacts,779.2418,,,3.19444e-05,0.02499942,3.19444e-05,0.02499942,GB-Mo,0.023,0.02499942,Amazon Simple Storage Service,,,,,us-west-2,AmazonS3,0.0,0.0,32.81,9,2026-01-10T12:36:04Z,ml,prod,CC500,,,,,,,,,,,,,
046477bb03654d54a21e7b152aa1194d,2026-01-12T06:00:00Z/2026-01-12T07:00:00Z,112233445566,2026-01-01T00:00:00Z,2026-02-01T00:00:00Z,AWS,223344556677,Usage,2026-01-12T06:00:00Z,2026-01-12T07:00:00Z,AmazonS3,USWE-TimedStorage-ByteHrs,StandardStorage,,arn:aws:s3:::ml-model-artifacts,779.8975,,,3.19444e-05,0.02483093,3.19444e-05,0.02483093,GB-Mo,0.023,0.02483093,Amazon Simple Storage Service,,,,,us-west-2,AmazonS3,0.0,0.0,38.06,7,2026-01-10T15:40:28Z,ml,prod,CC500,,,,,,,,,,,,,
4e3febe6ec5b45aba932f49daeaf4916,2026-01-12T16:00:00Z/2026-01-12T17:00:00Z,112233445566,2026-01-01T00:00:00Z,2026-02-01T00:00:00Z,AWS,223344556677,Usage,2026-01-12T16:00:00Z,2026-01-12T17:00:00Z,AmazonS3,USWE-TimedStorage-ByteHrs,StandardStorage,,arn:aws:s3:::ml-model-artifacts,779.3473,,,3.19444e-05,0.02499033,3.19444e-05,0.02499033,GB-Mo,0.023,0.02499033,Amazon Simple Storage Service,,,,,us-west-2,AmazonS3,0.0,0.0,50.32,17,2026-01-11T08:48:37Z,ml,prod,CC500,,,,,,,,,,,,,
06713b47e65b4655a8b0940295492081,2026-01-13T02:00:00Z/2026-01-13T03:00:00Z,112233445566,2026-01-01T00:00:00Z,2026-02-01T00:00:00Z,AWS,223344556677,Usage,2026-01-13T02:00:00Z,2026-01-13T03:00:00Z,AmazonS3,USWE-TimedStorage-ByteHrs,StandardStorage,,arn:aws:s3:::ml-model-artifacts,779.3509,,,3.19444e-05,0.0246811,3.19444e-05,0.0246811,GB-Mo,0.023,0.0246811,Amazon Simple Storage Service,,,,,us-west-2,AmazonS3,0.0,0.0,44.71,17,2026-01-12T01:23:43Z,ml,prod,CC500,,,,,,,,,,,,,
c683bade4c554b45a01eb117e8f1dbe3,2026-01-13T12:00:00Z/2026-01-13T13:00:00Z,112233445566,2026-01-01T00:00:00Z,2026-02-01T00:00:00Z,AWS,223344556677,Usage,2026-01-13T12:00:00Z,2026-01-13T13:00:00Z,AmazonS3,USWE-TimedStorage-ByteHrs,StandardStorage,,arn:aws:s3:::ml-model-artifacts,780.5308,,,3.19444e-05,0.0252771,3.19444e-05,0.0252771,GB-Mo,0.023,0.0252771,Amazon Simple Storage Service,,,,,us-west-2,AmazonS3,0.0,0.0,53.95,13,2026-01-12T15:28:16Z,ml,prod,CC500,,,,,,,,,,,,,
def5cf1d17cc41b0ad5682e595c97e4b,2026-01-13T22:00:00Z/2026-01-13T23:00:00Z,112233445566,2026-01-01T00:00:00Z,2026-02-01T00:00:00Z,AWS,223344556677,Usage,2026-01-13T22:00:00Z,2026-01-13T23:00:00Z,AmazonS3,USWE-TimedStorage-ByteHrs,StandardStorage,,arn:aws:s3:::ml-model-artifacts,780.2155,,,3.19444e-05,0.02490607,3.19444e-05,0.02490607,GB-Mo,0.023,0.02490607,Amazon Simple Storage Service,,,,,us-west-2,AmazonS3,0.0,0.0,41.39,0,2026-01-12T06:48:24Z,ml,prod,CC500,,,,,,,,,,,,,
84a392c6b23f469186affe59d8954e97,2026-01-14T08:00:00Z/2026-01-14T09:00:00Z,112233445566,2026-01-01T00:00:00Z,2026-02-01T00:00:00Z,AWS,223344556677,Usage,2026-01-14T08:00:00Z,2026-01-14T09:00:00Z,AmazonS3,USWE-TimedStorage-ByteHrs,StandardStorage,,arn:aws:s3:::ml-model-artifacts,780.1578,,,3.19444e-05,0.02509399,3.19444e-05,0.02509399,GB-Mo,0.023,0.02509399,Amazon Simple Storage Service,,,,,us-west-2,AmazonS3,0.0,0.0,34.45,4,2026-01-13T00:24:41Z,ml,prod,CC500,,,,,,,,,,,,,
15f623add2b6415e9a5bc84d5529a860,2026-01-14T18:00:00Z/2026-01-14T19:00:00Z,112233445566,2026-01-01T00:00:00Z,2026-02-01T00:00:00Z,AWS,223344556677,Usage,2026-01-14T18:00:00Z,2026-01-14T19:00:00Z,AmazonS3,USWE-TimedStorage-ByteHrs,StandardStorage,,arn:aws:s3:::ml-model-artifacts,779.5233,,,3.19444e-05,0.02509383,3.19444e-05,0.02509383,GB-Mo,0.023,0.02509383,Amazon Simple Storage Service,,,,,us-west-2,AmazonS3,0.0,0.0,56.28,2,2026-01-12T09:27:00Z,ml,prod,CC500,,,,,,,,,,,,,
973550e99b4d4ca2b24feaeb2815d493,2026-01-15T04:00:00Z/2026-01-15T05:00:00Z,112233445566,2026-01-01T00:00:00Z,2026-02-01T00:00:00Z,AWS,223344556677,Usage,2026-01-15T04:00:00Z,2026-01-15T05:00:00Z,AmazonS3,USWE-TimedStorage-ByteHrs,StandardStorage,,arn:aws:s3:::ml-model-artifacts,780.5429,,,3.19444e-05,0.02517287,3.19444e-05,0.02517287,GB-Mo,0.023,0.02517287,Amazon Simple Storage Service,,,,,us-west-2,AmazonS3,0.0,0.0,58.19,19,2026-01-14T04:51:58Z,ml,prod,CC500,,,,,,,,,,,,,
99c3d53ca84d40599b9282436215c495,2026-01-15T14:00:00Z/2026-01-15T15:00:00Z,112233445566,2026-01-01T00:00:00Z,2026-02-01T00:00:00Z,AWS,223344556677,Usage,2026-01-15T14:00:00Z,2026-01-15T15:00:00Z,AmazonS3,USWE-TimedStorage-ByteHrs,StandardStorage,,arn:aws:s3:::ml-model-artifacts,779.2537,,,3.19444e-05,0.02482502,3.19444e-05,0.02482502,GB-Mo,0.023,0.02482502,Amazon Simple Storage Service,,,,,us-west-2,AmazonS3,0.0,0.0,29.45,16,2026-01-14T05:04:43Z,ml,prod,CC500,,,,,,,,,,,,,
e5ae07bcca2d4d418e3262a64e51b481,2026-01-16T00:00:00Z/2026-01-16T01:00:00Z,112233445566,2026-01-01T00:00:00Z,2026-02-01T00:00:00Z,AWS,223344556677,Usage,2026-01-16T00:00:00Z,2026-01-16T01:00:00Z,AmazonS3,USWE-TimedStorage-ByteHrs,StandardStorage,,arn:aws:s3:::ml-model-artifacts,779.5596,,,3.19444e-05,0.02500485,3.19444e-05,0.02500485,GB-Mo,0.023,0.02500485,Amazon Simple Storage Service,,,,,us-west-2,AmazonS3,0.0,0.0,28.99,6,2026-01-14T13:59:16Z,ml,prod,CC500,,,,,,,,,,,,,
181745420fac451b91045c80cda66378,2026-01-16T10:00:00Z/2026-01-16T11:00:00Z,112233445566,2026-01-01T00:00:00Z,2026-02-01T00:00:00Z,AWS,223344556677,Usage,2026-01-16T10:00:00Z,2026-01-16T11:00:00Z,AmazonS3,USWE-TimedStorage-ByteHrs,StandardStorage,,arn:aws:s3:::ml-model-artifacts,779.6768,,,3.19444e-05,0.02459425,3.19444e-05,0.02459425,GB-Mo,0.023,0.02459425,Amazon Simple Storage Service,,,,,us-west-2,AmazonS3,0.0,0.0,51.56,21,2026-01-15T08:29:17Z,ml,prod,CC500,,,,,,,,,,,,,
d3408766c9304faabbf45641a1a675e2,2026-01-16T20:00:00Z/2026-01-16T21:00:00Z,112233445566,2026-01-01T00:00:00Z,2026-02-01T00:00:00Z,AWS,223344556677,Usage,2026-01-16T20:00:00Z,2026-01-16T21:00:00Z,AmazonS3,USWE-TimedStorage-ByteHrs,StandardStorage,,arn:aws:s3:::ml-model-artifacts,780.3749,,,3.19444e-05,0.02484999,3.19444e-05,0.02484999,GB-Mo,0.023,0.02484999,Amazon Simple Storage Service,,,,,us-west-2,AmazonS3,0.0,0.0,34.52,9,2026-01-16T04:01:28Z,ml,prod,CC500,,,,,,,,,,,,,
c1c7112c70754ac980f5adf6a44a3dc4,2026-01-17T06:00:00Z/2026-01-17T07:00:00Z,112233445566,2026-01-01T00:00:00Z,2026-02-01T00:00:00Z,AWS,223344556677,Usage,2026-01-17T06:00:00Z,2026-01-17T07:00:00Z,AmazonS3,USWE-TimedStorage-ByteHrs,StandardStorage,,arn:aws:s3:::ml-model-artifacts,780.2106,,,3.19444e-05,0.02498339,3.19444e-05,0.02498339,GB-Mo,0.023,0.02498339,Amazon Simple Storage Service,,,,,us-west-2,AmazonS3,0.0,0.0,44.19,9,2026-01-16T12:48:22Z,ml,prod,CC500,,,,,,,,,,,,,
cf5ff79fe9034f7399d8c7f5171a5ee0,2026-01-17T16:00:00Z/2026-01-17T17:00:00Z,112233445566,2026-01-01T00:00:00Z,2026-02-01T00:00:00Z,AWS,223344556677,Usage,2026-01-17T16:00:00Z,2026-01-17T17:00:00Z,AmazonS3,USWE-TimedStorage-ByteHrs,StandardStorage,,arn:aws:s3:::ml-model-artifacts,779.8441,,,3.19444e-05,0.02489886,3.19444e-05,0.02489886,GB-Mo,0.023,0.02489886,Amazon Simple Storage Service,,,,,us-west-2,AmazonS3,0.0,0.0,39.34,8,2026-01-15T21:38:09Z,ml,prod,CC500,,,,,,,,,,,,,
88f9b08a966a4e9c8c8c185a31484da9,2026-01-18T02:00:00Z/2026-01-18T03:00:00Z,112233445566,2026-01-01T00:00:00Z,2026-02-01T00:00:00Z,AWS,223344556677,Usage,2026-01-18T02:00:00Z,2026-01-18T03:00:00Z,AmazonS3,USWE-TimedStorage-ByteHrs,StandardStorage,,arn:aws:s3:::ml-model-artifacts,779.2479,,,3.19444e-05,0.02527266,3.19444e-05,0.02527266,GB-Mo,0.023,0.02527266,Amazon Simple Storage Service,,,,,us-west-2,AmazonS3,0.0,0.0,40.87,14,2026-01-16T20:48:57Z,ml,prod,CC500,,,,,,,,,,,,,
b976e190515f46d58b405424a41b5d37,2026-01-18T12:00:00Z/2026-01-18T13:00:00Z,112233445566,2026-01-01T00:00:00Z,2026-02-01T00:00:00Z,AWS,223344556677,Usage,2026-01-18T12:00:00Z,2026-01-18T13:00:00Z,AmazonS3,USWE-TimedStorage-ByteHrs,StandardStorage,,arn:aws:s3:::ml-model-artifacts,779.9942,,,3.19444e-05,0.02444106,3.19444e-05,0.02444106,GB-Mo,0.023,0.02444106,Amazon Simple Storage Service,,,,,us-west-2,AmazonS3,0.0,0.0,57.68,12,2026-01-16T19:13:40Z,ml,prod,CC500,,,,,,,,,,,,,
c18f5e059dc14e17b82c1ecbb91992a0,2026-01-18T22:00:00Z/2026-01-18T23:00:00Z,112233445566,2026-01-01T00:00:00Z,2026-02-01T00:00:00Z,AWS,223344556677,Usage,2026-01-18T22:00:00Z,2026-01-18T23:00:00Z,AmazonS3,USWE-TimedStorage-ByteHrs,StandardStorage,,arn:aws:s3:::ml-model-artifacts,780.7544,,,3.19444e-05,0.02520617,3.19444e-05,0.02520617,GB-Mo,0.023,0.02520617,Amazon Simple Storage Service,,,,,us-west-2,AmazonS3,0.0,0.0,44.4,12,2026-01-16T17:15:14Z,ml,prod,CC500,,,,,,,,,,,,,
1a5d029a75dc4c25b159cb28eaff942b,2026-01-19T08:00:00Z/2026-01-19T09:00:00Z,112233445566,2026-01-01T00:00:00Z,2026-02-01T00:00:00Z,AWS,223344556677,Usage,2026-01-19T08:00:00Z,2026-01-19T09:00:00Z,AmazonS3,USWE-TimedStorage-ByteHrs,StandardStorage,,arn:aws:s3:::ml-model-artifacts,780.6184,,,3.19444e-05,0.02489646,3.19444e-05,0.02489646,GB-Mo,0.023,0.02489646,Amazon Simple Storage Service,,,,,us-west-2,AmazonS3,0.0,0.0,43.31,2,2026-01-17T19:50:17Z,ml,prod,CC500,,,,,,,,,,,,,
990fd94f15a14052a5af9b99069be69a,2026-01-19T18:00:00Z/2026-01-19T19:00:00Z,112233445566,2026-01-01T00:00:00Z,2026-02-01T00:00:00Z,AWS,223344556677,Usage,2026-01-19T18:00:00Z,2026-01-19T19:00:00Z,AmazonS3,USWE-TimedStorage-ByteHrs,StandardStorage,,arn:aws:s3:::ml-model-artifacts,779.5499,,,3.19444e-05,0.02470962,3.19444e-05,0.02470962,GB-Mo,0.023,0.02470962,Amazon Simple Storage Service,,,,,us-west-2,AmazonS3,0.0,0.0,28.18,8,2026-01-18T06:41:10Z,ml,prod,CC500,,,,,,,,,,,,,
4559ee2f129449f89cc1cff1b760af3b,2026-01-20T04:00:00Z/2026-01-20T05:00:00Z,112233445566,2026-01-01T00:00:00Z,2026-02-01T00:00:00Z,AWS,223344556677,Usage,2026-01-20T04:00:00Z,2026-01-20T05:00:00Z,AmazonS3,USWE-TimedStorage-ByteHrs,StandardStorage,,arn:aws:s3:::ml-model-artifacts,779.7989,,,3.19444e-05,0.02471579,3.19444e-05,0.02471579,GB-Mo,0.023,0.02471579,Amazon Simple Storage Service,,,,,us-west-2,AmazonS3,0.0,0.0,42.02,20,2026-01-18T04:48:43Z,ml,prod,CC500,,,,,,,,,,,,,
c18428583ea44efdac3606329491ade4,2026-01-20T14:00:00Z/2026-01-20T15:00:00Z,112233445566,2026-01-01T00:00:00Z,2026-02-01T00:00:00Z,AWS,223344556677,Usage,2026-01-20T14:00:00Z,2026-01-20T15:00:00Z,AmazonS3,USWE-TimedStorage-ByteHrs,StandardStorage,,arn:aws:s3:::ml-model-artifacts,779.4614,,,3.19444e-05,0.02480688,3.19444e-05,0.02480688,GB-Mo,0.023,0.02480688,Amazon Simple Storage Service,,,,,us-west-2,AmazonS3,0.0,0.0,45.78,0,2026-01-19T00:16:13Z,ml,prod,CC500,,,,,,,,,,,,,
4ad1fa8dc2584c1690cc1529f339bf96,2026-01-21T00:00:00Z/2026-01-21T01:00:00Z,112233445566,2026-01-01T00:00:00Z,2026-02-01T00:00:00Z,AWS,223344556677,Usage,2026-01-21T00:00:00Z,2026-01-21T01:00:00Z,AmazonS3,USWE-TimedStorage-ByteHrs,StandardStorage,,arn:aws:s3:::ml-model-artifacts,780.0885,,,3.19444e-05,0.0253744,3.19444e-05,0.0253744,GB-Mo,0.023,0.0253744,Amazon Simple Storage Service,,,,,us-west-2,AmazonS3,0.0,0.0,31.73,10,2026-01-18T23:51:40Z,ml,prod,CC500,,,,,,,,,,,,,
d24dfd8e100e4eadb2f07caf282ed28d,2026-01-21T10:00:00Z/2026-01-21T11:00:00Z,112233445566,2026-01-01T00:00:00Z,2026-02-01T00:00:00Z,AWS,223344556677,Usage,2026-01-21T10:00:00Z,2026-01-21T11:00:00Z,AmazonS3,USWE-TimedStorage-ByteHrs,StandardStorage,,arn:aws:s3:::ml-model-artifacts,780.172,,,3.19444e-05,0.02482413,3.19444e-05,0.02482413,GB-Mo,0.023,0.02482413,Amazon Simple Storage Service,,,,,us-west-2,AmazonS3,0.0,0.0,31.39,18,2026-01-19T03:32:56Z,ml,prod,CC500,,,,,,,,,,,,,
f85e04670f2a4ba19cf1d5d3f5d44539,2026-01-21T20:00:00Z/2026-01-21T21:00:00Z,112233445566,2026-01-01T00:00:00Z,2026-02-01T00:00:00Z,AWS,223344556677,Usage,2026-01-21T20:00:00Z,2026-01-21T21:00:00Z,AmazonS3,USWE-TimedStorage-ByteHrs,StandardStorage,,arn:aws:s3:::ml-model-artifacts,780.5805,,,3.19444e-05,0.02452814,3.19444e-05,0.02452814,GB-Mo,0.023,0.02452814,Amazon Simple Storage Service,,,,,us-west-2,AmazonS3,0.0,0.0,49.07,19,2026-01-20T10:28:34Z,ml,prod,CC500,,,,,,,,,,,,,
2374967e8c794656a95c78a84bb307c1,2026-01-22T06:00:00Z/2026-01-22T07:00:00Z,112233445566,2026-01-01T00:00:00Z,2026-02-01T00:00:00Z,AWS,223344556677,Usage,2026-01-22T06:00:00Z,2026-01-22T07:00:00Z,AmazonS3,USWE-TimedStorage-ByteHrs,StandardStorage,,arn:aws:s3:::ml-model-artifacts,780.4027,,,3.19444e-05,0.02457119,3.19444e-05,0.02457119,GB-Mo,0.023,0.02457119,Amazon Simple Storage Service,,,,,us-west-2,AmazonS3,0.0,0.0,52.26,11,2026-01-21T07:42:41Z,ml,prod,CC500,,,,,,,,,,,,,
8d499537c3204de2bd4b058789805f19,2026-01-22T16:00:00Z/2026-01-22T17:00:00Z,112233445566,2026-01-01T00:00:00Z,2026-02-01T00:00:00Z,AWS,223344556677,Usage,2026-01-22T16:00:00Z,2026-01-22T17:00:00Z,AmazonS3,USWE-TimedStorage-ByteHrs,StandardStorage,,arn:aws:s3:::ml-model-artifacts,779.8667,,,3.19444e-05,0.02482286,3.19444e-05,0.02482286,GB-Mo,0.023,0.02482286,Amazon Simple Storage Service,,,,,us-west-2,AmazonS3,0.0,0.0,34.1,20,2026-01-21T11:58:46Z,ml,prod,CC500,,,,,,,,,,,,,
37abb3c4ad8a44d39beefe1ef8bff492,2026-01-23T02:00:00Z/2026-01-23T03:00:00Z,112233445566,2026-01-01T00:00:00Z,2026-02-01T00:00:00Z,AWS,223344556677,Usage,2026-01-23T02:00:00Z,2026-01-23T03:00:00Z,AmazonS3,USWE-TimedStorage-ByteHrs,StandardStorage,,arn:aws:s3:::ml-model-artifacts,780.4839,,,3.19444e-05,0.02536121,3.19444e-05,0.02536121,GB-Mo,0.023,0.02536121,Amazon Simple Storage Service,,,,,us-west-2,AmazonS3,0.0,0.0,40.63,12,2026-01-22T06:35:05Z,ml,prod,CC500,,,,,,,,,,,,,
6c5a8514f106482e846d7461f21a5ca1,2026-01-23T12:00:00Z/2026-01-23T13:00:00Z,112233445566,2026-01-01T00:00:00Z,2026-02-01T00:00:00Z,AWS,223344556677,Usage,2026-01-23T12:00:00Z,2026-01-23T13:00:00Z,AmazonS3,USWE-TimedStorage-ByteHrs,StandardStorage,,arn:aws:s3:::ml-model-artifacts,780.2993,,,3.19444e-05,0.02513969,3.19444e-05,0.02513969,GB-Mo,0.023,0.02513969,Amazon Simple Storage Service,,,,,us-west-2,AmazonS3,0.0,0.0,49.23,7,2026-01-21T07:36:06Z,ml,prod,CC500,,,,,,,,,,,,,
58fd9b6cad49460dbf73ff31641e3623,2026-01-23T22:00:00Z/2026-01-23T23:00:00Z,112233445566,2026-01-01T00:00:00Z,2026-02-01T00:00:00Z,AWS,223344556677,Usage,2026-01-23T22:00:00Z,2026-01-23T23:00:00Z,AmazonS3,USWE-TimedStorage-ByteHrs,StandardStorage,,arn:aws:s3:::ml-model-artifacts,779.6563,,,3.19444e-05,0.02514241,3.19444e-05,0.02514241,GB-Mo,0.023,0.02514241,Amazon Simple Storage Service,,,,,us-west-2,AmazonS3,0.0,0.0,56.18,16,2026-01-23T12:12:03Z,ml,prod,CC500,,,,,,,,,,,,,
b4227e89a1dd447ea788a1e1bfd8d433,2026-01-24T08:00:00Z/2026-01-24T09:00:00Z,112233445566,2026-01-01T00:00:00Z,2026-02-01T00:00:00Z,AWS,223344556677,Usage,2026-01-24T08:00:00Z,2026-01-24T09:00:00Z,AmazonS3,USWE-TimedStorage-ByteHrs,StandardStorage,,arn:aws:s3:::ml-model-artifacts,780.516,,,3.19444e-05,0.02484335,3.19444e-05,0.02484335,GB-Mo,0.023,0.02484335,Amazon Simple Storage Service,,,,,us-west-2,AmazonS3,0.0,0.0,41.5,4,2026-01-24T02:51:24Z,ml,prod,CC500,,,,,,,,,,,,,
2fb6ef23b4224d9d826936e2e2a437a8,2026-01-24T18:00:00Z/2026-01-24T19:00:00Z,112233445566,2026-01-01T00:00:00Z,2026-02-01T00:00:00Z,AWS,223344556677,Usage,2026-01-24T18:00:00Z,2026-01-24T19:00:00Z,AmazonS3,USWE-TimedStorage-ByteHrs,StandardStorage,,arn:aws:s3:::ml-model-artifacts,780.5308,,,3.19444e-05,0.02454973,3.19444e-05,0.02454973,GB-Mo,0.023,0.02454973,Amazon Simple Storage Service,,,,,us-west-2,AmazonS3,0.0,0.0,53.04,19,2026-01-22T23:32:42Z,ml,prod,CC500,,,,,,,,,,,,,
c9a78db8ae50494dbe3dd792b01f0a42,2026-01-25T04:00:00Z/2026-01-25T05:00:00Z,112233445566,2026-01-01T00:00:00Z,2026-02-01T00:00:00Z,AWS,223344556677,Usage,2026-01-25T04:00:00Z,2026-01-25T05:00:00Z,AmazonS3,USWE-TimedStorage-ByteHrs,StandardStorage,,arn:aws:s3:::ml-model-artifacts,780.0104,,,3.19444e-05,0.02524243,3.19444e-05,0.02524243,GB-Mo,0.023,0.02524243,Amazon Simple Storage Service,,,,,us-west-2,AmazonS3,0.0,0.0,38.12,12,2026-01-24T06:46:28Z,ml,prod,CC500,,,,,,,,,,,,,
90b9214cf9ae42ef9b1cd01b17f50bbe,2026-01-25T14:00:00Z/2026-01-25T15:00:00Z,112233445566,2026-01-01T00:00:00Z,2026-02-01T00:00:00Z,AWS,223344556677,Usage,2026-01-25T14:00:00Z,2026-01-25T15:00:00Z,AmazonS3,USWE-TimedStorage-ByteHrs,StandardStorage,,arn:aws:s3:::ml-model-artifacts,779.504,,,3.19444e-05,0.02471677,3.19444e-05,0.02471677,GB-Mo,0.023,0.02471677,Amazon Simple Storage Service,,,,,us-west-2,AmazonS3,0.0,0.0,52.02,18,2026-01-23T09:48:27Z,ml,prod,CC500,,,,,,,,,,,,,
53dc54f07d9b44338ad8125dd3fccaa5,2026-01-26T00:00:00Z/2026-01-26T01:00:00Z,112233445566,2026-01-01T00:00:00Z,2026-02-01T00:00:00Z,AWS,223344556677,Usage,2026-01-26T00:00:00Z,2026-01-26T01:00:00Z,AmazonS3,USWE-TimedStorage-ByteHrs,StandardStorage,,arn:aws:s3:::ml-model-artifacts,779.2807,,,3.19444e-05,0.02527174,3.19444e-05,0.02527174,GB-Mo,0.023,0.02527174,Amazon Simple Storage Service,,,,,us-west-2,AmazonS3,0.0,0.0,42.5,17,2026-01-24T02:02:07Z,ml,prod,CC500,,,,,,,,,,,,,
cc8e96df4b9a4d8d90497fd25d86ba8e,2026-01-26T10:00:00Z/2026-01-26T11:00:00Z,112233445566,2026-01-01T00:00:00Z,2026-02-01T00:00:00Z,AWS,223344556677,Usage,2026-01-26T10:00:00Z,2026-01-26T11:00:00Z,AmazonS3,USWE-TimedStorage-ByteHrs,StandardStorage,,arn:aws:s3:::ml-model-artifacts,780.489,,,3.19444e-05,0.02474551,3.19444e-05,0.02474551,GB-Mo,0.023,0.02474551,Amazon Simple Storage Service,,,,,us-west-2,AmazonS3,0.0,0.0,51.59,10,2026-01-24T21:25:50Z,ml,prod,CC500,,,,,,,,,,,,,
918f311b8a5c4deb95fafd731cae0743,2026-01-26T20:00:00Z/2026-01-26T21:00:00Z,112233445566,2026-01-01T00:00:00Z,2026-02-01T00:00:00Z,AWS,223344556677,Usage,2026-01-26T20:00:00Z,2026-01-26T21:00:00Z,AmazonS3,USWE-TimedStorage-ByteHrs,StandardStorage,,arn:aws:s3:::ml-model-artifacts,779.5992,,,3.19444e-05,0.02442722,3.19444e-05,0.02442722,GB-Mo,0.023,0.02442722,Amazon Simple Storage Service,,,,,us-west-2,AmazonS3,0.0,0.0,44.28,24,2026-01-24T15:58:10Z,ml,prod,CC500,,,,,,,,,,,,,
fd8b6e8b9a494466b3039c5f88a54f10,2026-01-27T06:00:00Z/2026-01-27T07:00:00Z,112233445566,2026-01-01T00:00:00Z,2026-02-01T00:00:00Z,AWS,223344556677,Usage,2026-01-27T06:00:00Z,2026-01-27T07:00:00Z,AmazonS3,USWE-TimedStorage-ByteHrs,StandardStorage,,arn:aws:s3:::ml-model-artifacts,779.4163,,,3.19444e-05,0.02514691,3.19444e-05,0.02514691,GB-Mo,0.023,0.02514691,Amazon Simple Storage Service,,,,,us-west-2,AmazonS3,0.0,0.0,60.23,17,2026-01-25T09:27:10Z,ml,prod,CC500,,,,,,,,,,,,,
e3bcb0ec4bd4411b8d050ec6f68bbe85,2026-01-27T16:00:00Z/2026-01-27T17:00:00Z,112233445566,2026-01-01T00:00:00Z,2026-02-01T00:00:00Z,AWS,223344556677,Usage,2026-01-27T16:00:00Z,2026-01-27T17:00:00Z,AmazonS3,USWE-TimedStorage-ByteHrs,StandardStorage,,arn:aws:s3:::ml-model-artifacts,780.0603,,,3.19444e-05,0.02473974,3.19444e-05,0.02473974,GB-Mo,0.023,0.02473974,Amazon Simple Storage Service,,,,,us-west-2,AmazonS3,0.0,0.0,42.45,14,2026-01-26T14:16:24Z,ml,prod,CC500,,,,,,,,,,,,,
df7f97ff1c9a4327aefccfa7aa328d29,2026-01-28T02:00:00Z/2026-01-28T03:00:00Z,112233445566,2026-01-01T00:00:00Z,2026-02-01T00:00:00Z,AWS,223344556677,Usage,2026-01-28T02:00:00Z,2026-01-28T03:00:00Z,AmazonS3,USWE-TimedStorage-ByteHrs,StandardStorage,,arn:aws:s3:::ml-model-artifacts,780.6967,,,3.19444e-05,0.02484229,3.19444e-05,0.02484229,GB-Mo,0.023,0.02484229,Amazon Simple Storage Service,,,,,us-west-2,AmazonS3,0.0,0.0,43.58,7,2026-01-26T11:31:28Z,ml,prod,CC500,,,,,,,,,,,,,
1402b93d7c1d4cac90e1dfdc6455eaa0,2026-01-28T12:00:00Z/2026-01-28T13:00:00Z,112233445566,2026-01-01T00:00:00Z,2026-02-01T00:00:00Z,AWS,223344556677,Usage,2026-01-28T12:00:00Z,2026-01-28T13:00:00Z,AmazonS3,USWE-TimedStorage-ByteHrs,StandardStorage,,arn:aws:s3:::ml-model-artifacts,779.4259,,,3.19444e-05,0.02500943,3.19444e-05,0.02500943,GB-Mo,0.023,0.02500943,Amazon Simple Storage Service,,,,,us-west-2,AmazonS3,0.0,0.0,57.55,4,2026-01-28T02:29:18Z,ml,prod,CC500,,,,,,,,,,,,,
c510a759ced745f693bec2c32768c72d,2026-01-28T22:00:00Z/2026-01-28T23:00:00Z,112233445566,2026-01-01T00:00:00Z,2026-02-01T00:00:00Z,AWS,223344556677,Usage,2026-01-28T22:00:00Z,2026-01-28T23:00:00Z,AmazonS3,USWE-TimedStorage-ByteHrs,StandardStorage,,arn:aws:s3:::ml-model-artifacts,779.5901,,,3.19444e-05,0.02444014,3.19444e-05,0.02444014,GB-Mo,0.023,0.02444014,Amazon Simple Storage Service,,,,,us-west-2,AmazonS3,0.0,0.0,47.93,0,2026-01-27T17:55:47Z,ml,prod,CC500,,,,,,,,,,,,,
8083965865b248c29b873e3a644bfe9d,2026-01-29T08:00:00Z/2026-01-29T09:00:00Z,112233445566,2026-01-01T00:00:00Z,2026-02-01T00:00:00Z,AWS,223344556677,Usage,2026-01-29T08:00:00Z,2026-01-29T09:00:00Z,AmazonS3,USWE-TimedStorage-ByteHrs,StandardStorage,,arn:aws:s3:::ml-model-artifacts,779.5284,,,3.19444e-05,0.02453865,3.19444e-05,0.02453865,GB-Mo,0.023,0.02453865,Amazon Simple Storage Service,,,,,us-west-2,AmazonS3,0.0,0.0,28.42,14,2026-01-27T22:34:52Z,ml,prod,CC500,,,,,,,,,,,,,
9fda835b3df04b2389797756cdef8317,2026-01-29T18:00:00Z/2026-01-29T19:00:00Z,112233445566,2026-01-01T00:00:00Z,2026-02-01T00:00:00Z,AWS,223344556677,Usage,2026-01-29T18:00:00Z,2026-01-29T19:00:00Z,AmazonS3,USWE-TimedStorage-ByteHrs,StandardStorage,,arn:aws:s3:::ml-model-artifacts,780.6528,,,3.19444e-05,0.025255,3.19444e-05,0.025255,GB-Mo,0.023,0.025255,Amazon Simple Storage Service,,,,,us-west-2,AmazonS3,0.0,0.0,48.81,11,2026-01-27T14:39:35Z,ml,prod,CC500,,,,,,,,,,,,,
be11abaf41664434b0ebf388b65cd0bf,2026-01-30T04:00:00Z/2026-01-30T05:00:00Z,112233445566,2026-01-01T00:00:00Z,2026-02-01T00:00:00Z,AWS,223344556677,Usage,2026-01-30T04:00:00Z,2026-01-30T05:00:00Z,AmazonS3,USWE-TimedStorage-ByteHrs,StandardStorage,,arn:aws:s3:::ml-model-artifacts,779.5135,,,3.19444e-05,0.02525661,3.19444e-05,0.02525661,GB-Mo,0.023,0.02525661,Amazon Simple Storage Service,,,,,us-west-2,AmazonS3,0.0,0.0,45.58,2,2026-01-28T00:41:25Z,ml,prod,CC500,,,,,,,,,,,,,
fdc6d63d761f45a1a9d85d900b5ec6c3,2026-01-30T14:00:00Z/2026-01-30T15:00:00Z,112233445566,2026-01-01T00:00:00Z,2026-02-01T00:00:00Z,AWS,223344556677,Usage,2026-01-30T14:00:00Z,2026-01-30T15:00:00Z,AmazonS3,USWE-TimedStorage-ByteHrs,StandardStorage,,arn:aws:s3:::ml-model-artifacts,780.3892,,,3.19444e-05,0.02529449,3.19444e-05,0.02529449,GB-Mo,0.023,0.02529449,Amazon Simple Storage Service,,,,,us-west-2,AmazonS3,0.0,0.0,37.62,12,2026-01-29T07:01:01Z,ml,prod,CC500,,,,,,,,,,,,,
a9928b0c8704479f8d8bb81fa11d4ce7,2026-01-01T00:00:00Z/2026-01-01T01:00:00Z,112233445566,2026-01-01T00:00:00Z,2026-02-01T00:00:00Z,AWS,334455667788,Usage,2026-01-01T00:00:00Z,2026-01-01T01:00:00Z,AmazonS3,USEA-TimedStorage-ByteHrs,StandardStorage,,arn:aws:s3:::dev-scratch-bucket,54.9506,,,3.19444e-05,0.00175969,3.19444e-05,0.00175969,GB-Mo,0.023,0.00175969,Amazon Simple Storage Service,,,,,us-east-1,AmazonS3,0.0,0.0,7.58,518,2025-11-06T02:01:37Z,,,,,,,,,,,,,,,,
68a33a7003fe46e7ad0bbf4e6b5b012a,2026-01-01T10:00:00Z/2026-01-01T11:00:00Z,112233445566,2026-01-01T00:00:00Z,2026-02-01T00:00:00Z,AWS,334455667788,Usage,2026-01-01T10:00:00Z,2026-01-01T11:00:00Z,AmazonS3,USEA-TimedStorage-ByteHrs,StandardStorage,,arn:aws:s3:::dev-scratch-bucket,55.0389,,,3.19444e-05,0.00175499,3.19444e-05,0.00175499,GB-Mo,0.023,0.00175499,Amazon Simple Storage Service,,,,,us-east-1,AmazonS3,0.0,0.0,3.56,588,2025-12-03T02:38:29Z,,,,,,,,,,,,,,,,
39dc2b55fecd4dcfb8212d6b5724cd32,2026-01-01T20:00:00Z/2026-01-01T21:00:00Z,112233445566,2026-01-01T00:00:00Z,2026-02-01T00:00:00Z,AWS,334455667788,Usage,2026-01-01T20:00:00Z,2026-01-01T21:00:00Z,AmazonS3,USEA-TimedStorage-ByteHrs,StandardStorage,,arn:aws:s3:::dev-scratch-bucket,54.948,,,3.19444e-05,0.00173224,3.19444e-05,0.00173224,GB-Mo,0.023,0.00173224,Amazon Simple Storage Service,,,,,us-east-1,AmazonS3,0.0,0.0,4.89,714,2025-12-04T18:47:38Z,,,,,,,,,,,,,,,,
07fe968ff31d4ffebbe10b1c9e2dfe79,2026-01-02T06:00:00Z/2026-01-02T07:00:00Z,112233445566,2026-01-01T00:00:00Z,2026-02-01T00:00:00Z,AWS,334455667788,Usage,2026-01-02T06:00:00Z,2026-01-02T07:00:00Z,AmazonS3,USEA-TimedStorage-ByteHrs,StandardStorage,,arn:aws:s3:::dev-scratch-bucket,54.9589,,,3.19444e-05,0.00174659,3.19444e-05,0.00174659,GB-Mo,0.023,0.00174659,Amazon Simple Storage Service,,,,,us-east-1,AmazonS3,0.0,0.0,3.95,488,2025-11-06T03:49:56Z,,,,,,,,,,,,,,,,
a636c2f5da894af081859e8dcfb17df3,2026-01-02T16:00:00Z/2026-01-02T17:00:00Z,112233445566,2026-01-01T00:00:00Z,2026-02-01T00:00:00Z,AWS,334455667788,Usage,2026-01-02T16:00:00Z,2026-01-02T17:00:00Z,AmazonS3,USEA-TimedStorage-ByteHrs,StandardStorage,,arn:aws:s3:::dev-scratch-bucket,54.9546,,,3.19444e-05,0.0017904,3.19444e-05,0.0017904,GB-Mo,0.023,0.0017904,Amazon Simple Storage Service,,,,,us-east-1,AmazonS3,0.0,0.0,2.42,433,2025-12-10T20:23:43Z,,,,,,,,,,,,,,,,
f5e1dd48979e45958972869d716bc807,2026-01-03T02:00:00Z/2026-01-03T03:00:00Z,112233445566,2026-01-01T00:00:00Z,2026-02-01T00:00:00Z,AWS,334455667788,Usage,2026-01-03T02:00:00Z,2026-01-03T03:00:00Z,AmazonS3,USEA-TimedStorage-ByteHrs,StandardStorage,,arn:aws:s3:::dev-scratch-bucket,55.0147,,,3.19444e-05,0.00174442,3.19444e-05,0.00174442,GB-Mo,0.023,0.00174442,Amazon Simple Storage Service,,,,,us-east-1,AmazonS3,0.0,0.0,1.73,534,2025-11-17T17:30:34Z,,,,,,,,,,,,,,,,
3e8eefa2d07244cda01d96a91a7658fb,2026-01-03T12:00:00Z/2026-01-03T13:00:00Z,112233445566,2026-01-01T00:00:00Z,2026-02-01T00:00:00Z,AWS,334455667788,Usage,2026-01-03T12:00:00Z,2026-01-03T13:00:00Z,AmazonS3,USEA-TimedStorage-ByteHrs,StandardStorage,,arn:aws:s3:::dev-scratch-bucket,55.0484,,,3.19444e-05,0.00173462,3.19444e-05,0.00173462,GB-Mo,0.023,0.00173462,Amazon Simple Storage Service,,,,,us-east-1,AmazonS3,0.0,0.0,9.3,459,2025-11-20T12:31:13Z,,,,,,,,,,,,,,,,
9c87bb882c42415ab9c153b901907bba,2026-01-03T22:00:00Z/2026-01-03T23:00:00Z,112233445566,2026-01-01T00:00:00Z,2026-02-01T00:00:00Z,AWS,334455667788,Usage,2026-01-03T22:00:00Z,2026-01-03T23:00:00Z,AmazonS3,USEA-TimedStorage-ByteHrs,StandardStorage,,arn:aws:s3:::dev-scratch-bucket,54.9918,,,3.19444e-05,0.00178389,3.19444e-05,0.00178389,GB-Mo,0.023,0.00178389,Amazon Simple Storage Service,,,,,us-east-1,AmazonS3,0.0,0.0,1.05,548,2025-11-12T18:26:20Z,,,,,,,,,,,,,,,,
4960404750c04e30944885e219f23cae,2026-01-04T08:00:00Z/2026-01-04T09:00:00Z,112233445566,2026-01-01T00:00:00Z,2026-02-01T00:00:00Z,AWS,334455667788,Usage,2026-01-04T08:00:00Z,2026-01-04T09:00:00Z,AmazonS3,USEA-TimedStorage-ByteHrs,StandardStorage,,arn:aws:s3:::dev-scratch-bucket,54.9878,,,3.19444e-05,0.00177331,3.19444e-05,0.00177331,GB-Mo,0.023,0.00177331,Amazon Simple Storage Service,,,,,us-east-1,AmazonS3,0.0,0.0,9.07,631,2025-11-09T12:10:14Z,,,,,,,,,,,,,,,,
fd68294dfce74ff1987f279021b017a0,2026-01-04T18:00:00Z/2026-01-04T19:00:00Z,112233445566,2026-01-01T00:00:00Z,2026-02-01T00:00:00Z,AWS,334455667788,Usage,2026-01-04T18:00:00Z,2026-01-04T19:00:00Z,AmazonS3,USEA-TimedStorage-ByteHrs,StandardStorage,,arn:aws:s3:::dev-scratch-bucket,55.0391,,,3.19444e-05,0.00175999,3.19444e-05,0.00175999,GB-Mo,0.023,0.00175999,Amazon Simple Storage Service,,,,,us-east-1,AmazonS3,0.0,0.0,4.49,368,2025-12-07T20:21:04Z,,,,,,,,,,,,,,,,
f1bcc9f010934a31951d65bd0348650e,2026-01-05T04:00:00Z/2026-01-05T05:00:00Z,112233445566,2026-01-01T00:00:00Z,2026-02-01T00:00:00Z,AWS,334455667788,Usage,2026-01-05T04:00:00Z,2026-01-05T05:00:00Z,AmazonS3,USEA-TimedStorage-ByteHrs,StandardStorage,,arn:aws:s3:::dev-scratch-bucket,55.0383,,,3.19444e-05,0.00177059,3.19444e-05,0.00177059,GB-Mo,0.023,0.00177059,Amazon Simple Storage Service,,,,,us-east-1,AmazonS3,0.0,0.0,6.11,373,2025-11-27T03:25:00Z,,,,,,,,,,,,,,,,
c37081e8fd2549928a6c3abfcb2f4f55,2026-01-05T14:00:00Z/2026-01-05T15:00:00Z,112233445566,2026-01-01T00:00:00Z,2026-02-01T00:00:00Z,AWS,334455667788,Usage,2026-01-05T14:00:00Z,2026-01-05T15:00:00Z,AmazonS3,USEA-TimedStorage-ByteHrs,StandardStorage,,arn:aws:s3:::dev-scratch-bucket,55.0218,,,3.19444e-05,0.00175601,3.19444e-05,0.00175601,GB-Mo,0.023,0.00175601,Amazon Simple Storage Service,,,,,us-east-1,AmazonS3,0.0,0.0,6.2,621,2025-11-29T12:55:08Z,,,,,,,,,,,,,,,,
4690d95d849749f881381546969d91e0,2026-01-06T00:00:00Z/2026-01-06T01:00:00Z,112233445566,2026-01-01T00:00:00Z,2026-02-01T00:00:00Z,AWS,334455667788,Usage,2026-01-06T00:00:00Z,2026-01-06T01:00:00Z,AmazonS3,USEA-TimedStorage-ByteHrs,StandardStorage,,arn:aws:s3:::dev-scratch-bucket,54.9606,,,3.19444e-05,0.00177537,3.19444e-05,0.00177537,GB-Mo,0.023,0.00177537,Amazon Simple Storage Service,,,,,us-east-1,AmazonS3,0.0,0.0,8.03,506,2025-12-03T22:36:32Z,,,,,,,,,,,,,,,,
3e0b1e4bd96d4dca8dded3c55574f7b8,2026-01-06T10:00:00Z/2026-01-06T11:00:00Z,112233445566,2026-01-01T00:00:00Z,2026-02-01T00:00:00Z,AWS,334455667788,Usage,2026-01-06T10:00:00Z,2026-01-06T11:00:00Z,AmazonS3,USEA-TimedStorage-ByteHrs,StandardStorage,,arn:aws:s3:::dev-scratch-bucket,54.949,,,3.19444e-05,0.00174658,3.19444e-05,0.00174658,GB-Mo,0.023,0.00174658,Amazon Simple Storage Service,,,,,us-east-1,AmazonS3,0.0,0.0,9.77,647,2025-11-22T04:16:09Z,,,,,,,,,,,,,,,,
58fcbe06bd92431f8858169fae76671f,2026-01-06T20:00:00Z/2026-01-06T21:00:00Z,112233445566,2026-01-01T00:00:00Z,2026-02-01T00:00:00Z,AWS,334455667788,Usage,2026-01-06T20:00:00Z,2026-01-06T21:00:00Z,AmazonS3,USEA-TimedStorage-ByteHrs,StandardStorage,,arn:aws:s3:::dev-scratch-bucket,54.9529,,,3.19444e-05,0.00173963,3.19444e-05,0.00173963,GB-Mo,0.023,0.00173963,Amazon Simple Storage Service,,,,,us-east-1,AmazonS3,0.0,0.0,2.18,493,2025-11-12T04:06:28Z,,,,,,,,,,,,,,,,
eafa198415834ec09f9a577964718984,2026-01-07T06:00:00Z/2026-01-07T07:00:00Z,112233445566,2026-01-01T00:00:00Z,2026-02-01T00:00:00Z,AWS,334455667788,Usage,2026-01-07T06:00:00Z,2026-01-07T07:00:00Z,AmazonS3,USEA-TimedStorage-ByteHrs,StandardStorage,,arn:aws:s3:::dev-scratch-bucket,55.024,,,3.19444e-05,0.00172765,3.19444e-05,0.00172765,GB-Mo,0.023,0.00172765,Amazon Simple Storage Service,,,,,us-east-1,AmazonS3,0.0,0.0,9.12,631,2025-11-22T16:11:06Z,,,,,,,,,,,,,,,,
93f2f8caaa774f17a14e7d6a2944eed3,2026-01-07T16:00:00Z/2026-01-07T17:00:00Z,112233445566,2026-01-01T00:00:00Z,2026-02-01T00:00:00Z,AWS,334455667788,Usage,2026-01-07T16:00:00Z,2026-01-07T17:00:00Z,AmazonS3,USEA-TimedStorage-ByteHrs,StandardStorage,,arn:aws:s3:::dev-scratch-bucket,54.9685,,,3.19444e-05,0.00174675,3.19444e-05,0.00174675,GB-Mo,0.023,0.00174675,Amazon Simple Storage Service,,,,,us-east-1,AmazonS3,0.0,0.0,8.64,426,2025-11-21T09:01:33Z,,,,,,,,,,,,,,,,
a5a3e34fb7b74e81894276ec46cf9968,2026-01-08T02:00:00Z/2026-01-08T03:00:00Z,112233445566,2026-01-01T00:00:00Z,2026-02-01T00:00:00Z,AWS,334455667788,Usage,2026-01-08T02:00:00Z,2026-01-08T03:00:00Z,AmazonS3,USEA-TimedStorage-ByteHrs,StandardStorage,,arn:aws:s3:::dev-scratch-bucket,54.9509,,,3.19444e-05,0.00175373,3.19444e-05,0.00175373,GB-Mo,0.023,0.00175373,Amazon Simple Storage Service,,,,,us-east-1,AmazonS3,0.0,0.0,2.54,680,2025-11-09T03:02:32Z,,,,,,,,,,,,,,,,
6739f431ede047479cc72434c3d3fb09,2026-01-08T12:00:00Z/2026-01-08T13:00:00Z,112233445566,2026-01-01T00:00:00Z,2026-02-01T00:00:00Z,AWS,334455667788,Usage,2026-01-08T12:00:00Z,2026-01-08T13:00:00Z,AmazonS3,USEA-TimedStorage-ByteHrs,StandardStorage,,arn:aws:s3:::dev-scratch-bucket,54.9568,,,3.19444e-05,0.00178513,3.19444e-05,0.00178513,GB-Mo,0.023,0.00178513,Amazon Simple Storage Service,,,,,us-east-1,AmazonS3,0.0,0.0,3.9,608,2025-11-17T22:31:29Z,,,,,,,,,,,,,,,,
195af49a292e453cb9401294f4dd63a7,2026-01-08T22:00:00Z/2026-01-08T23:00:00Z,112233445566,2026-01-01T00:00:00Z,2026-02-01T00:00:00Z,AWS,334455667788,Usage,2026-01-08T22:00:00Z,2026-01-08T23:00:00Z,AmazonS3,USEA-TimedStorage-ByteHrs,StandardStorage,,arn:aws:s3:::dev-scratch-bucket,54.9566,,,3.19444e-05,0.00175475,3.19444e-05,0.00175475,GB-Mo,0.023,0.00175475,Amazon Simple Storage Service,,,,,us-east-1,AmazonS3,0.0,0.0,3.74,634,2025-11-25T01:02:40Z,,,,,,,,,,,,,,,,
309bc1021895485680231ae0c20a31a6,2026-01-09T08:00:00Z/2026-01-09T09:00:00Z,112233445566,2026-01-01T00:00:00Z,2026-02-01T00:00:00Z,AWS,334455667788,Usage,2026-01-09T08:00:00Z,2026-01-09T09:00:00Z,AmazonS3,USEA-TimedStorage-ByteHrs,StandardStorage,,arn:aws:s3:::dev-scratch-bucket,54.9593,,,3.19444e-05,0.0017435,3.19444e-05,0.0017435,GB-Mo,0.023,0.0017435,Amazon Simple Storage Service,,,,,us-east-1,AmazonS3,0.0,0.0,8.4,693,2025-12-10T12:43:29Z,,,,,,,,,,,,,,,,
44353d48df914c35860717b3b51eaa9a,2026-01-09T18:00:00Z/2026-01-09T19:00:00Z,112233445566,2026-01-01T00:00:00Z,2026-02-01T00:00:00Z,AWS,334455667788,Usage,2026-01-09T18:00:00Z,2026-01-09T19:00:00Z,AmazonS3,USEA-TimedStorage-ByteHrs,StandardStorage,,arn:aws:s3:::dev-scratch-bucket,54.9451,,,3.19444e-05,0.00175029,3.19444e-05,0.00175029,GB-Mo,0.023,0.00175029,Amazon Simple Storage Service,,,,,us-east-1,AmazonS3,0.0,0.0,7.18,673,2025-11-30T23:06:57Z,,,,,,,,,,,,,,,,
c7e18704f68843a1bff198759bb7d7a4,2026-01-10T04:00:00Z/2026-01-10T05:00:00Z,112233445566,2026-01-01T00:00:00Z,2026-02-01T00:00:00Z,AWS,334455667788,Usage,2026-01-10T04:00:00Z,2026-01-10T05:00:00Z,AmazonS3,USEA-TimedStorage-ByteHrs,StandardStorage,,arn:aws:s3:::dev-scratch-bucket,54.97,,,3.19444e-05,0.0017326,3.19444e-05,0.0017326,GB-Mo,0.023,0.0017326,Amazon Simple Storage Service,,,,,us-east-1,AmazonS3,0.0,0.0,1.33,563,2025-12-14T14:45:21Z,,,,,,,,,,,,,,,,
1fc70bd922b84941b3d64dc90f41b206,2026-01-10T14:00:00Z/2026-01-10T15:00:00Z,112233445566,2026-01-01T00:00:00Z,2026-02-01T00:00:00Z,AWS,334455667788,Usage,2026-01-10T14:00:00Z,2026-01-10T15:00:00Z,AmazonS3,USEA-TimedStorage-ByteHrs,StandardStorage,,arn:aws:s3:::dev-scratch-bucket,54.9689,,,3.19444e-05,0.00173263,3.19444e-05,0.00173263,GB-Mo,0.023,0.00173263,Amazon Simple Storage Service,,,,,us-east-1,AmazonS3,0.0,0.0,1.14,598,2025-11-14T09:43:13Z,,,,,,,,,,,,,,,,
d8a4fb5b39dc4382bc6ca0ab18ab5fe2,2026-01-11T00:00:00Z/2026-01-11T01:00:00Z,112233445566,2026-01-01T00:00:00Z,2026-02-01T00:00:00Z,AWS,334455667788,Usage,2026-01-11T00:00:00Z,2026-01-11T01:00:00Z,AmazonS3,USEA-TimedStorage-ByteHrs,StandardStorage,,arn:aws:s3:::dev-scratch-bucket,55.0502,,,3.19444e-05,0.00173486,3.19444e-05,0.00173486,GB-Mo,0.023,0.00173486,Amazon Simple Storage Service,,,,,us-east-1,AmazonS3,0.0,0.0,3.86,337,2025-12-03T11:03:15Z,,,,,,,,,,,,,,,,
ba15d813f9df4b0bab09337c4342444d,2026-01-11T10:00:00Z/2026-01-11T11:00:00Z,112233445566,2026-01-01T00:00:00Z,2026-02-01T00:00:00Z,AWS,334455667788,Usage,2026-01-11T10:00:00Z,2026-01-11T11:00:00Z,AmazonS3,USEA-TimedStorage-ByteHrs,StandardStorage,,arn:aws:s3:::dev-scratch-bucket,55.0415,,,3.19444e-05,0.00173388,3.19444e-05,0.00173388,GB-Mo,0.023,0.00173388,Amazon Simple Storage Service,,,,,us-east-1,AmazonS3,0.0,0.0,2.01,467,2025-11-13T00:44:00Z,,,,,,,,,,,,,,,,
374d20f2f36d49f988809b73cdb56042,2026-01-11T20:00:00Z/2026-01-11T21:00:00Z,112233445566,2026-01-01T00:00:00Z,2026-02-01T00:00:00Z,AWS,334455667788,Usage,2026-01-11T20:00:00Z,2026-01-11T21:00:00Z,AmazonS3,USEA-TimedStorage-ByteHrs,StandardStorage,,arn:aws:s3:::dev-scratch-bucket,55.0501,,,3.19444e-05,0.00175764,3.19444e-05,0.00175764,GB-Mo,0.023,0.00175764,Amazon Simple Storage Service,,,,,us-east-1,AmazonS3,0.0,0.0,1.57,395,2025-12-24T06:29:13Z,,,,,,,,,,,,,,,,
0f2fdbe9cc614c75a51fc92ca03a6994,2026-01-12T06:00:00Z/2026-01-12T07:00:00Z,112233445566,2026-01-01T00:00:00Z,2026-02-01T00:00:00Z,AWS,334455667788,Usage,2026-01-12T06:00:00Z,2026-01-12T07:00:00Z,AmazonS3,USEA-TimedStorage-ByteHrs,StandardStorage,,arn:aws:s3:::dev-scratch-bucket,54.9566,,,3.19444e-05,0.00174994,3.19444e-05,0.00174994,GB-Mo,0.023,0.00174994,Amazon Simple Storage Service,,,,,us-east-1,AmazonS3,0.0,0.0,5.29,548,2025-12-01T21:15:46Z,,,,,,,,,,,,,,,,
a42030ebf69048c79139adb6b3184bc1,2026-01-12T16:00:00Z/2026-01-12T17:00:00Z,112233445566,2026-01-01T00:00:00Z,2026-02-01T00:00:00Z,AWS,334455667788,Usage,2026-01-12T16:00:00Z,2026-01-12T17:00:00Z,AmazonS3,USEA-TimedStorage-ByteHrs,StandardStorage,,arn:aws:s3:::dev-scratch-bucket,54.9746,,,3.19444e-05,0.00173421,3.19444e-05,0.00173421,GB-Mo,0.023,0.00173421,Amazon Simple Storage Service,,,,,us-east-1,AmazonS3,0.0,0.0,9.02,469,2025-12-15T18:04:32Z,,,,,,,,,,,,,,,,
708c34444fb448bd83799800efb70e5a,2026-01-13T02:00:00Z/2026-01-13T03:00:00Z,112233445566,2026-01-01T00:00:00Z,2026-02-01T00:00:00Z,AWS,334455667788,Usage,2026-01-13T02:00:00Z,2026-01-13T03:00:00Z,AmazonS3,USEA-TimedStorage-ByteHrs,StandardStorage,,arn:aws:s3:::dev-scratch-bucket,54.9508,,,3.19444e-05,0.0017251,3.19444e-05,0.0017251,GB-Mo,0.023,0.0017251,Amazon Simple Storage Service,,,,,us-east-1,AmazonS3,0.0,0.0,6.19,629,2025-12-06T02:00:54Z,,,,,,,,,,,,,,,,
f06bcb6e607e4bf59cbcf93abc54fb66,2026-01-13T12:00:00Z/2026-01-13T13:00:00Z,112233445566,2026-01-01T00:00:00Z,2026-02-01T00:00:00Z,AWS,334455667788,Usage,2026-01-13T12:00:00Z,2026-01-13T13:00:00Z,AmazonS3,USEA-TimedStorage-ByteHrs,StandardStorage,,arn:aws:s3:::dev-scratch-bucket,54.9875,,,3.19444e-05,0.00178901,3.19444e-05,0.00178901,GB-Mo,0.023,0.00178901,Amazon Simple Storage Service,,,,,us-east-1,AmazonS3,0.0,0.0,1.98,680,2025-11-22T13:11:11Z,,,,,,,,,,,,,,,,
7b0363b5089c4b948dda7141a125e539,2026-01-13T22:00:00Z/2026-01-13T23:00:00Z,112233445566,2026-01-01T00:00:00Z,2026-02-01T00:00:00Z,AWS,334455667788,Usage,2026-01-13T22:00:00Z,2026-01-13T23:00:00Z,AmazonS3,USEA-TimedStorage-ByteHrs,StandardStorage,,arn:aws:s3:::dev-scratch-bucket,54.9865,,,3.19444e-05,0.0017563,3.19444e-05,0.0017563,GB-Mo,0.023,0.0017563,Amazon Simple Storage Service,,,,,us-east-1,AmazonS3,0.0,0.0,8.98,323,2025-11-15T03:55:36Z,,,,,,,,,,,,,,,,
ee9d9668776143108cd129f54bf1751a,2026-01-14T08:00:00Z/2026-01-14T09:00:00Z,112233445566,2026-01-01T00:00:00Z,2026-02-01T00:00:00Z,AWS,334455667788,Usage,2026-01-14T08:00:00Z,2026-01-14T09:00:00Z,AmazonS3,USEA-TimedStorage-ByteHrs,StandardStorage,,arn:aws:s3:::dev-scratch-bucket,54.9662,,,3.19444e-05,0.00174962,3.19444e-05,0.00174962,GB-Mo,0.023,0.00174962,Amazon Simple Storage Service,,,,,us-east-1,AmazonS3,0.0,0.0,4.28,685,2025-11-15T18:25:55Z,,,,,,,,,,,,,,,,
5b3443ea31ee41fca9192f126257cfd6,2026-01-14T18:00:00Z/2026-01-14T19:00:00Z,112233445566,2026-01-01T00:00:00Z,2026-02-01T00:00:00Z,AWS,334455667788,Usage,2026-01-14T18:00:00Z,2026-01-14T19:00:00Z,AmazonS3,USEA-TimedStorage-ByteHrs,StandardStorage,,arn:aws:s3:::dev-scratch-bucket,55.0009,,,3.19444e-05,0.00174983,3.19444e-05,0.00174983,GB-Mo,0.023,0.00174983,Amazon Simple Storage Service,,,,,us-east-1,AmazonS3,0.0,0.0,5.48,636,2025-12-22T05:36:26Z,,,,,,,,,,,,,,,,
4f0e00d52a7c439ab6794c9ec41cf784,2026-01-15T04:00:00Z/2026-01-15T05:00:00Z,112233445566,2026-01-01T00:00:00Z,2026-02-01T00:00:00Z,AWS,334455667788,Usage,2026-01-15T04:00:00Z,2026-01-15T05:00:00Z,AmazonS3,USEA-TimedStorage-ByteHrs,StandardStorage,,arn:aws:s3:::dev-scratch-bucket,55.0022,,,3.19444e-05,0.00177142,3.19444e-05,0.00177142,GB-Mo,0.023,0.00177142,Amazon Simple Storage Service,,,,,us-east-1,AmazonS3,0.0,0.0,4.97,607,2025-12-10T06:51:19Z,,,,,,,,,,,,,,,,
c70c49a4965e4aa58f0fb20b87f572ff,2026-01-15T14:00:00Z/2026-01-15T15:00:00Z,112233445566,2026-01-01T00:00:00Z,2026-02-01T00:00:00Z,AWS,334455667788,Usage,2026-01-15T14:00:00Z,2026-01-15T15:00:00Z,AmazonS3,USEA-TimedStorage-ByteHrs,StandardStorage,,arn:aws:s3:::dev-scratch-bucket,54.9671,,,3.19444e-05,0.00172879,3.19444e-05,0.00172879,GB-Mo,0.023,0.00172879,Amazon Simple Storage Service,,,,,us-east-1,AmazonS3,0.0,0.0,2.9,582,2025-12-31T01:41:59Z,,,,,,,,,,,,,,,,
c3043af679c148e7ac07215023de045b,2026-01-16T00:00:00Z/2026-01-16T01:00:00Z,112233445566,2026-01-01T00:00:00Z,2026-02-01T00:00:00Z,AWS,334455667788,Usage,2026-01-16T00:00:00Z,2026-01-16T01:00:00Z,AmazonS3,USEA-TimedStorage-ByteHrs,StandardStorage,,arn:aws:s3:::dev-scratch-bucket,54.958,,,3.19444e-05,0.0017264,3.19444e-05,0.0017264,GB-Mo,0.023,0.0017264,Amazon Simple Storage Service,,,,,us-east-1,AmazonS3,0.0,0.0,9.73,587,2025-12-05T17:15:39Z,,,,,,,,,,,,,,,,
bf8557e7b3ac45ec8efa6e1eacd7c2e3,2026-01-16T10:00:00Z/2026-01-16T11:00:00Z,112233445566,2026-01-01T00:00:00Z,2026-02-01T00:00:00Z,AWS,334455667788,Usage,2026-01-16T10:00:00Z,2026-01-16T11:00:00Z,AmazonS3,USEA-TimedStorage-ByteHrs,StandardStorage,,arn:aws:s3:::dev-scratch-bucket,55.0341,,,3.19444e-05,0.00174567,3.19444e-05,0.00174567,GB-Mo,0.023,0.00174567,Amazon Simple Storage Service,,,,,us-east-1,AmazonS3,0.0,0.0,1.18,540,2025-12-21T15:33:29Z,,,,,,,,,,,,,,,,
0135c0d43fba4f3eb8a56f780975d646,2026-01-16T20:00:00Z/2026-01-16T21:00:00Z,112233445566,2026-01-01T00:00:00Z,2026-02-01T00:00:00Z,AWS,334455667788,Usage,2026-01-16T20:00:00Z,2026-01-16T21:00:00Z,AmazonS3,USEA-TimedStorage-ByteHrs,StandardStorage,,arn:aws:s3:::dev-scratch-bucket,54.9737,,,3.19444e-05,0.00173931,3.19444e-05,0.00173931,GB-Mo,0.023,0.00173931,Amazon Simple Storage Service,,,,,us-east-1,AmazonS3,0.0,0.0,1.96,664,2026-01-01T04:03:56Z,,,,,,,,,,,,,,,,
081b133b2aa044899747c2fd6fe6b0c2,2026-01-17T06:00:00Z/2026-01-17T07:00:00Z,112233445566,2026-01-01T00:00:00Z,2026-02-01T00:00:00Z,AWS,334455667788,Usage,2026-01-17T06:00:00Z,2026-01-17T07:00:00Z,AmazonS3,USEA-TimedStorage-ByteHrs,StandardStorage,,arn:aws:s3:::dev-scratch-bucket,55.0292,,,3.19444e-05,0.00176037,3.19444e-05,0.00176037,GB-Mo,0.023,0.00176037,Amazon Simple Storage Service,,,,,us-east-1,AmazonS3,0.0,0.0,9.13,371,2025-12-08T22:21:31Z,,,,,,,,,,,,,,,,
5c87a1522ca74cd184d151ee6e976d57,2026-01-17T16:00:00Z/2026-01-17T17:00:00Z,112233445566,2026-01-01T00:00:00Z,2026-02-01T00:00:00Z,AWS,334455667788,Usage,2026-01-17T16:00:00Z,2026-01-17T17:00:00Z,AmazonS3,USEA-TimedStorage-ByteHrs,StandardStorage,,arn:aws:s3:::dev-scratch-bucket,55.0072,,,3.19444e-05,0.00175465,3.19444e-05,0.00175465,GB-Mo,0.023,0.00175465,Amazon Simple Storage Service,,,,,us-east-1,AmazonS3,0.0,0.0,3.61,499,2025-12-06T20:44:29Z,,,,,,,,,,,,,,,,
119db1f23cba45b78bdc8fa9c28d0b00,2026-01-18T02:00:00Z/2026-01-18T03:00:00Z,112233445566,2026-01-01T00:00:00Z,2026-02-01T00:00:00Z,AWS,334455667788,Usage,2026-01-18T02:00:00Z,2026-01-18T03:00:00Z,AmazonS3,USEA-TimedStorage-ByteHrs,StandardStorage,,arn:aws:s3:::dev-scratch-bucket,54.964,,,3.19444e-05,0.00175575,3.19444e-05,0.00175575,GB-Mo,0.023,0.00175575,Amazon Simple Storage Service,,,,,us-east-1,AmazonS3,0.0,0.0,2.65,351,2025-12-14T03:18:18Z,,,,,,,,,,,,,,,,
4ba7ae4cb43047cab84fc9db8546bceb,2026-01-18T12:00:00Z/2026-01-18T13:00:00Z,112233445566,2026-01-01T00:00:00Z,2026-02-01T00:00:00Z,AWS,334455667788,Usage,2026-01-18T12:00:00Z,2026-01-18T13:00:00Z,AmazonS3,USEA-TimedStorage-ByteHrs,StandardStorage,,arn:aws:s3:::dev-scratch-bucket,55.0031,,,3.19444e-05,0.00173718,3.19444e-05,0.00173718,GB-Mo,0.023,0.00173718,Amazon Simple Storage Service,,,,,us-east-1,AmazonS3,0.0,0.0,4.01,599,2025-11-20T05:57:47Z,,,,,,,,,,,,,,,,
ba384b407dd44c1ca4845a21781b3cf3,2026-01-18T22:00:00Z/2026-01-18T23:00:00Z,112233445566,2026-01-01T00:00:00Z,2026-02-01T00:00:00Z,AWS,334455667788,Usage,2026-01-18T22:00:00Z,2026-01-18T23:00:00Z,AmazonS3,USEA-TimedStorage-ByteHrs,StandardStorage,,arn:aws:s3:::dev-scratch-bucket,54.9905,,,3.19444e-05,0.00175053,3.19444e-05,0.00175053,GB-Mo,0.023,0.00175053,Amazon Simple Storage Service,,,,,us-east-1,AmazonS3,0.0,0.0,2.88,669,2025-12-27T11:55:30Z,,,,,,,,,,,,,,,,
7571c95572d042a1965a1d524a711e70,2026-01-19T08:00:00Z/2026-01-19T09:00:00Z,112233445566,2026-01-01T00:00:00Z,2026-02-01T00:00:00Z,AWS,334455667788,Usage,2026-01-19T08:00:00Z,2026-01-19T09:00:00Z,AmazonS3,USEA-TimedStorage-ByteHrs,StandardStorage,,arn:aws:s3:::dev-scratch-bucket,54.9763,,,3.19444e-05,0.00178195,3.19444e-05,0.00178195,GB-Mo,0.023,0.00178195,Amazon Simple Storage Service,,,,,us-east-1,AmazonS3,0.0,0.0,4.29,626,2025-12-07T05:21:03Z,,,,,,,,,,,,,,,,
91237ab5cc464527b18cb939818580e0,2026-01-19T18:00:00Z/2026-01-19T19:00:00Z,112233445566,2026-01-01T00:00:00Z,2026-02-01T00:00:00Z,AWS,334455667788,Usage,2026-01-19T18:00:00Z,2026-01-19T19:00:00Z,AmazonS3,USEA-TimedStorage-ByteHrs,StandardStorage,,arn:aws:s3:::dev-scratch-bucket,55.0368,,,3.19444e-05,0.00174887,3.19444e-05,0.00174887,GB-Mo,0.023,0.00174887,Amazon Simple Storage Service,,,,,us-east-1,AmazonS3,0.0,0.0,2.25,462,2025-11-24T04:07:39Z,,,,,,,,,,,,,,,,
0de057cb826a4b4782097011b9d9764c,2026-01-20T04:00:00Z/2026-01-20T05:00:00Z,112233445566,2026-01-01T00:00:00Z,2026-02-01T00:00:00Z,AWS,334455667788,Usage,2026-01-20T04:00:00Z,2026-01-20T05:00:00Z,AmazonS3,USEA-TimedStorage-ByteHrs,StandardStorage,,arn:aws:s3:::dev-scratch-bucket,55.0424,,,3.19444e-05,0.0017736,3.19444e-05,0.0017736,GB-Mo,0.023,0.0017736,Amazon Simple Storage Service,,,,,us-east-1,AmazonS3,0.0,0.0,7.41,704,2025-12-22T06:31:27Z,,,,,,,,,,,,,,,,
e7051d8c2bb94624968569832ee3f6a5,2026-01-20T14:00:00Z/2026-01-20T15:00:00Z,112233445566,2026-01-01T00:00:00Z,2026-02-01T00:00:00Z,AWS,334455667788,Usage,2026-01-20T14:00:00Z,2026-01-20T15:00:00Z,AmazonS3,USEA-TimedStorage-ByteHrs,StandardStorage,,arn:aws:s3:::dev-scratch-bucket,54.9856,,,3.19444e-05,0.00172956,3.19444e-05,0.00172956,GB-Mo,0.023,0.00172956,Amazon Simple Storage Service,,,,,us-east-1,AmazonS3,0.0,0.0,2.01,448,2025-12-02T03:35:15Z,,,,,,,,,,,,,,,,
5fed9b06de4446929c0f285e1eb88c37,2026-01-21T00:00:00Z/2026-01-21T01:00:00Z,112233445566,2026-01-01T00:00:00Z,2026-02-01T00:00:00Z,AWS,334455667788,Usage,2026-01-21T00:00:00Z,2026-01-21T01:00:00Z,AmazonS3,USEA-TimedStorage-ByteHrs,StandardStorage,,arn:aws:s3:::dev-scratch-bucket,55.014,,,3.19444e-05,0.00175081,3.19444e-05,0.00175081,GB-Mo,0.023,0.00175081,Amazon Simple Storage Service,,,,,us-east-1,AmazonS3,0.0,0.0,4.81,701,2025-12-28T13:43:18Z,,,,,,,,,,,,,,,,
fb7c911000264a7bbf99db3db55a8c74,2026-01-21T10:00:00Z/2026-01-21T11:00:00Z,112233445566,2026-01-01T00:00:00Z,2026-02-01T00:00:00Z,AWS,334455667788,Usage,2026-01-21T10:00:00Z,2026-01-21T11:00:00Z,AmazonS3,USEA-TimedStorage-ByteHrs,StandardStorage,,arn:aws:s3:::dev-scratch-bucket,55.0333,,,3.19444e-05,0.00174995,3.19444e-05,0.00174995,GB-Mo,0.023,0.00174995,Amazon Simple Storage Service,,,,,us-east-1,AmazonS3,0.0,0.0,7.46,574,2025-11-26T03:02:45Z,,,,,,,,,,,,,,,,
6407dc2978ae4c85bd2e2df110afbb7f,2026-01-21T20:00:00Z/2026-01-21T21:00:00Z,112233445566,2026-01-01T00:00:00Z,2026-02-01T00:00:00Z,AWS,334455667788,Usage,2026-01-21T20:00:00Z,2026-01-21T21:00:00Z,AmazonS3,USEA-TimedStorage-ByteHrs,StandardStorage,,arn:aws:s3:::dev-scratch-bucket,54.9569,,,3.19444e-05,0.00179017,3.19444e-05,0.00179017,GB-Mo,0.023,0.00179017,Amazon Simple Storage Service,,,,,us-east-1,AmazonS3,0.0,0.0,5.03,542,2025-12-24T22:02:31Z,,,,,,,,,,,,,,,,
1889defa34454f138937a37c41958380,2026-01-22T06:00:00Z/2026-01-22T07:00:00Z,112233445566,2026-01-01T00:00:00Z,2026-02-01T00:00:00Z,AWS,334455667788,Usage,2026-01-22T06:00:00Z,2026-01-22T07:00:00Z,AmazonS3,USEA-TimedStorage-ByteHrs,StandardStorage,,arn:aws:s3:::dev-scratch-bucket,55.0402,,,3.19444e-05,0.00176007,3.19444e-05,0.00176007,GB-Mo,0.023,0.00176007,Amazon Simple Storage Service,,,,,us-east-1,AmazonS3,0.0,0.0,2.41,548,2025-12-17T10:26:03Z,,,,,,,,,,,,,,,,
dd09f7eabc9f4f37a99e0e3c335cc841,2026-01-22T16:00:00Z/2026-01-22T17:00:00Z,112233445566,2026-01-01T00:00:00Z,2026-02-01T00:00:00Z,AWS,334455667788,Usage,2026-01-22T16:00:00Z,2026-01-22T17:00:00Z,AmazonS3,USEA-TimedStorage-ByteHrs,StandardStorage,,arn:aws:s3:::dev-scratch-bucket,54.994,,,3.19444e-05,0.00177274,3.19444e-05,0.00177274,GB-Mo,0.023,0.00177274,Amazon Simple Storage Service,,,,,us-east-1,AmazonS3,0.0,0.0,7.34,585,2025-12-24T21:12:09Z,,,,,,,,,,,,,,,,
3dadace5489a4368aaa7fe2c8fa7b7ff,2026-01-23T02:00:00Z/2026-01-23T03:00:00Z,112233445566,2026-01-01T00:00:00Z,2026-02-01T00:00:00Z,AWS,334455667788,Usage,2026-01-23T02:00:00Z,2026-01-23T03:00:00Z,AmazonS3,USEA-TimedStorage-ByteHrs,StandardStorage,,arn:aws:s3:::dev-scratch-bucket,55.03,,,3.19444e-05,0.00173233,3.19444e-05,0.00173233,GB-Mo,0.023,0.00173233,Amazon Simple Storage Service,,,,,us-east-1,AmazonS3,0.0,0.0,8.33,565,2025-12-01T19:45:51Z,,,,,,,,,,,,,,,,
59bb24b067ab4e388a4f8ceccb818cab,2026-01-23T12:00:00Z/2026-01-23T13:00:00Z,112233445566,2026-01-01T00:00:00Z,2026-02-01T00:00:00Z,AWS,334455667788,Usage,2026-01-23T12:00:00Z,2026-01-23T13:00:00Z,AmazonS3,USEA-TimedStorage-ByteHrs,StandardStorage,,arn:aws:s3:::dev-scratch-bucket,54.9716,,,3.19444e-05,0.00173699,3.19444e-05,0.00173699,GB-Mo,0.023,0.00173699,Amazon Simple Storage Service,,,,,us-east-1,AmazonS3,0.0,0.0,3.07,470,2026-01-03T23:30:55Z,,,,,,,,,,,,,,,,
22b207fbf9c843809e15752fd6189c74,2026-01-23T22:00:00Z/2026-01-23T23:00:00Z,112233445566,2026-01-01T00:00:00Z,2026-02-01T00:00:00Z,AWS,334455667788,Usage,2026-01-23T22:00:00Z,2026-01-23T23:00:00Z,AmazonS3,USEA-TimedStorage-ByteHrs,StandardStorage,,arn:aws:s3:::dev-scratch-bucket,55.0336,,,3.19444e-05,0.00176908,3.19444e-05,0.00176908,GB-Mo,0.023,0.00176908,Amazon Simple Storage Service,,,,,us-east-1,AmazonS3,0.0,0.0,4.04,544,2025-12-04T04:50:54Z,,,,,,,,,,,,,,,,
d2a6aa1e415d4d18a2ad1b7a299aee39,2026-01-24T08:00:00Z/2026-01-24T09:00:00Z,112233445566,2026-01-01T00:00:00Z,2026-02-01T00:00:00Z,AWS,334455667788,Usage,2026-01-24T08:00:00Z,2026-01-24T09:00:00Z,AmazonS3,USEA-TimedStorage-ByteHrs,StandardStorage,,arn:aws:s3:::dev-scratch-bucket,54.9774,,,3.19444e-05,0.00174285,3.19444e-05,0.00174285,GB-Mo,0.023,0.00174285,Amazon Simple Storage Service,,,,,us-east-1,AmazonS3,0.0,0.0,1.63,520,2025-12-09T22:14:51Z,,,,,,,,,,,,,,,,
f32edcde6f6e467c9a2098683a290b36,2026-01-24T18:00:00Z/2026-01-24T19:00:00Z,112233445566,2026-01-01T00:00:00Z,2026-02-01T00:00:00Z,AWS,334455667788,Usage,2026-01-24T18:00:00Z,2026-01-24T19:00:00Z,AmazonS3,USEA-TimedStorage-ByteHrs,StandardStorage,,arn:aws:s3:::dev-scratch-bucket,55.0475,,,3.19444e-05,0.00178708,3.19444e-05,0.00178708,GB-Mo,0.023,0.00178708,Amazon Simple Storage Service,,,,,us-east-1,AmazonS3,0.0,0.0,6.15,292,2025-12-20T08:06:44Z,,,,,,,,,,,,,,,,
6e29d2c0816b4c19b74be587cefab320,2026-01-25T04:00:00Z/2026-01-25T05:00:00Z,112233445566,2026-01-01T00:00:00Z,2026-02-01T00:00:00Z,AWS,334455667788,Usage,2026-01-25T04:00:00Z,2026-01-25T05:00:00Z,AmazonS3,USEA-TimedStorage-ByteHrs,StandardStorage,,arn:aws:s3:::dev-scratch-bucket,55.0218,,,3.19444e-05,0.00177172,3.19444e-05,0.00177172,GB-Mo,0.023,0.00177172,Amazon Simple Storage Service,,,,,us-east-1,AmazonS3,0.0,0.0,5.27,503,2026-01-04T14:23:19Z,,,,,,,,,,,,,,,,
199f9acdcfdc40f6a443b9acd5d18957,2026-01-25T14:00:00Z/2026-01-25T15:00:00Z,112233445566,2026-01-01T00:00:00Z,2026-02-01T00:00:00Z,AWS,334455667788,Usage,2026-01-25T14:00:00Z,2026-01-25T15:00:00Z,AmazonS3,USEA-TimedStorage-ByteHrs,StandardStorage,,arn:aws:s3:::dev-scratch-bucket,54.9766,,,3.19444e-05,0.00172326,3.19444e-05,0.00172326,GB-Mo,0.023,0.00172326,Amazon Simple Storage Service,,,,,us-east-1,AmazonS3,0.0,0.0,9.53,625,2025-12-01T10:14:53Z,,,,,,,,,,,,,,,,
e142fe42276348b1ae0a233f3603814d,2026-01-26T00:00:00Z/2026-01-26T01:00:00Z,112233445566,2026-01-01T00:00:00Z,2026-02-01T00:00:00Z,AWS,334455667788,Usage,2026-01-26T00:00:00Z,2026-01-26T01:00:00Z,AmazonS3,USEA-TimedStorage-ByteHrs,StandardStorage,,arn:aws:s3:::dev-scratch-bucket,54.9635,,,3.19444e-05,0.00174787,3.19444e-05,0.00174787,GB-Mo,0.023,0.00174787,Amazon Simple Storage Service,,,,,us-east-1,AmazonS3,0.0,0.0,2.39,541,2025-12-12T13:54:10Z,,,,,,,,,,,,,,,,
74219378789d4706ae208ff73d5f722e,2026-01-26T10:00:00Z/2026-01-26T11:00:00Z,112233445566,2026-01-01T00:00:00Z,2026-02-01T00:00:00Z,AWS,334455667788,Usage,2026-01-26T10:00:00Z,2026-01-26T11:00:00Z,AmazonS3,USEA-TimedStorage-ByteHrs,StandardStorage,,arn:aws:s3:::dev-scratch-bucket,54.961,,,3.19444e-05,0.00174771,3.19444e-05,0.00174771,GB-Mo,0.023,0.00174771,Amazon Simple Storage Service,,,,,us-east-1,AmazonS3,0.0,0.0,3.24,517,2025-12-17T17:01:28Z,,,,,,,,,,,,,,,,
4fcdf1f1a78e46b08a3e056bd902fd8b,2026-01-26T20:00:00Z/2026-01-26T21:00:00Z,112233445566,2026-01-01T00:00:00Z,2026-02-01T00:00:00Z,AWS,334455667788,Usage,2026-01-26T20:00:00Z,2026-01-26T21:00:00Z,AmazonS3,USEA-TimedStorage-ByteHrs,StandardStorage,,arn:aws:s3:::dev-scratch-bucket,54.9536,,,3.19444e-05,0.00178063,3.19444e-05,0.00178063,GB-Mo,0.023,0.00178063,Amazon Simple Storage Service,,,,,us-east-1,AmazonS3,0.0,0.0,1.88,554,2025-12-05T15:51:46Z,,,,,,,,,,,,,,,,
9132fd57d5a544e98c238982a64c61d3,2026-01-27T06:00:00Z/2026-01-27T07:00:00Z,112233445566,2026-01-01T00:00:00Z,2026-02-01T00:00:00Z,AWS,334455667788,Usage,2026-01-27T06:00:00Z,2026-01-27T07:00:00Z,AmazonS3,USEA-TimedStorage-ByteHrs,StandardStorage,,arn:aws:s3:::dev-scratch-bucket,54.9729,,,3.19444e-05,0.00178969,3.19444e-05,0.00178969,GB-Mo,0.023,0.00178969,Amazon Simple Storage Service,,,,,us-east-1,AmazonS3,0.0,0.0,3.99,578,2025-12-30T11:15:14Z,,,,,,,,,,,,,,,,
d2cab2e326944fdaa5eab71cee102e44,2026-01-27T16:00:00Z/2026-01-27T17:00:00Z,112233445566,2026-01-01T00:00:00Z,2026-02-01T00:00:00Z,AWS,334455667788,Usage,2026-01-27T16:00:00Z,2026-01-27T17:00:00Z,AmazonS3,USEA-TimedStorage-ByteHrs,StandardStorage,,arn:aws:s3:::dev-scratch-bucket,54.9746,,,3.19444e-05,0.0017389,3.19444e-05,0.0017389,GB-Mo,0.023,0.0017389,Amazon Simple Storage Service,,,,,us-east-1,AmazonS3,0.0,0.0,8.62,446,2026-01-10T17:21:50Z,,,,,,,,,,,,,,,,
083cdb57b67a4552a474b2ca1fbadd89,2026-01-28T02:00:00Z/2026-01-28T03:00:00Z,112233445566,2026-01-01T00:00:00Z,2026-02-01T00:00:00Z,AWS,334455667788,Usage,2026-01-28T02:00:00Z,2026-01-28T03:00:00Z,AmazonS3,USEA-TimedStorage-ByteHrs,StandardStorage,,arn:aws:s3:::dev-scratch-bucket,54.9668,,,3.19444e-05,0.00176377,3.19444e-05,0.00176377,GB-Mo,0.023,0.00176377,Amazon Simple Storage Service,,,,,us-east-1,AmazonS3,0.0,0.0,3.87,429,2026-01-03T17:24:37Z,,,,,,,,,,,,,,,,
58e22b198ebc4c50b89ced3aae032997,2026-01-28T12:00:00Z/2026-01-28T13:00:00Z,112233445566,2026-01-01T00:00:00Z,2026-02-01T00:00:00Z,AWS,334455667788,Usage,2026-01-28T12:00:00Z,2026-01-28T13:00:00Z,AmazonS3,USEA-TimedStorage-ByteHrs,StandardStorage,,arn:aws:s3:::dev-scratch-bucket,55.0517,,,3.19444e-05,0.00172627,3.19444e-05,0.00172627,GB-Mo,0.023,0.00172627,Amazon Simple Storage Service,,,,,us-east-1,AmazonS3,0.0,0.0,2.67,313,2026-01-12T08:07:49Z,,,,,,,,,,,,,,,,
fec62d791f68478da5c141679271a2d7,2026-01-28T22:00:00Z/2026-01-28T23:00:00Z,112233445566,2026-01-01T00:00:00Z,2026-02-01T00:00:00Z,AWS,334455667788,Usage,2026-01-28T22:00:00Z,2026-01-28T23:00:00Z,AmazonS3,USEA-TimedStorage-ByteHrs,StandardStorage,,arn:aws:s3:::dev-scratch-bucket,55.0479,,,3.19444e-05,0.00173839,3.19444e-05,0.00173839,GB-Mo,0.023,0.00173839,Amazon Simple Storage Service,,,,,us-east-1,AmazonS3,0.0,0.0,5.9,654,2025-11-30T14:44:32Z,,,,,,,,,,,,,,,,
be3ec3843a6541b78097ba4f19e643e4,2026-01-29T08:00:00Z/2026-01-29T09:00:00Z,112233445566,2026-01-01T00:00:00Z,2026-02-01T00:00:00Z,AWS,334455667788,Usage,2026-01-29T08:00:00Z,2026-01-29T09:00:00Z,AmazonS3,USEA-TimedStorage-ByteHrs,StandardStorage,,arn:aws:s3:::dev-scratch-bucket,55.0152,,,3.19444e-05,0.00172713,3.19444e-05,0.00172713,GB-Mo,0.023,0.00172713,Amazon Simple Storage Service,,,,,us-east-1,AmazonS3,0.0,0.0,7.02,626,2025-12-22T00:09:53Z,,,,,,,,,,,,,,,,
06b5940f0cd1434aa145714a2ce46b63,2026-01-29T18:00:00Z/2026-01-29T19:00:00Z,112233445566,2026-01-01T00:00:00Z,2026-02-01T00:00:00Z,AWS,334455667788,Usage,2026-01-29T18:00:00Z,2026-01-29T19:00:00Z,AmazonS3,USEA-TimedStorage-ByteHrs,StandardStorage,,arn:aws:s3:::dev-scratch-bucket,54.9507,,,3.19444e-05,0.00173435,3.19444e-05,0.00173435,GB-Mo,0.023,0.00173435,Amazon Simple Storage Service,,,,,us-east-1,AmazonS3,0.0,0.0,4.14,718,2026-01-08T23:23:21Z,,,,,,,,,,,,,,,,
4ce7c34b62494507aac46e9550e9fd30,2026-01-30T04:00:00Z/2026-01-30T05:00:00Z,112233445566,2026-01-01T00:00:00Z,2026-02-01T00:00:00Z,AWS,334455667788,Usage,2026-01-30T04:00:00Z,2026-01-30T05:00:00Z,AmazonS3,USEA-TimedStorage-ByteHrs,StandardStorage,,arn:aws:s3:::dev-scratch-bucket,54.9745,,,3.19444e-05,0.00179083,3.19444e-05,0.00179083,GB-Mo,0.023,0.00179083,Amazon Simple Storage Service,,,,,us-east-1,AmazonS3,0.0,0.0,9.55,549,2025-12-11T02:55:26Z,,,,,,,,,,,,,,,,
87136062362447b49e05fb2e5060a87e,2026-01-30T14:00:00Z/2026-01-30T15:00:00Z,112233445566,2026-01-01T00:00:00Z,2026-02-01T00:00:00Z,AWS,334455667788,Usage,2026-01-30T14:00:00Z,2026-01-30T15:00:00Z,AmazonS3,USEA-TimedStorage-ByteHrs,StandardStorage,,arn:aws:s3:::dev-scratch-bucket,54.9956,,,3.19444e-05,0.00172472,3.19444e-05,0.00172472,GB-Mo,0.023,0.00172472,Amazon Simple Storage Service,,,,,us-east-1,AmazonS3,0.0,0.0,7.68,654,2025-12-04T09:15:11Z,,,,,,,,,,,,,,,,
67098401c86b4a4c94dc1dd67c39e08e,2026-01-01T00:00:00Z/2026-01-01T01:00:00Z,112233445566,2026-01-01T00:00:00Z,2026-02-01T00:00:00Z,AWS,112233445566,Usage,2026-01-01T00:00:00Z,2026-01-01T01:00:00Z,AmazonVPC,USE1-NatGateway-Hours,NatGateway,,arn:aws:ec2:us-east-1:112233445566:natgateway/nat-f6114e21ff0b439aa,1.0,,,0.045,0.0445,0.045,0.0445,Hrs,0.045,0.0445,Amazon Virtual Private Cloud,,,,,us-east-1,AmazonVPC,,,,,,,,,,,,,,,,,,,,,
c29fa85f277c488c9eef5265122c81bc,2026-01-01T10:00:00Z/2026-01-01T11:00:00Z,112233445566,2026-01-01T00:00:00Z,2026-02-01T00:00:00Z,AWS,112233445566,Usage,2026-01-01T10:00:00Z,2026-01-01T11:00:00Z,AmazonVPC,USE1-NatGateway-Hours,NatGateway,,arn:aws:ec2:us-east-1:112233445566:natgateway/nat-f6114e21ff0b439aa,1.0,,,0.045,0.045469,0.045,0.045469,Hrs,0.045,0.045469,Amazon Virtual Private Cloud,,,,,us-east-1,AmazonVPC,,,,,,,,,,,,,,,,,,,,,
75d8304a669f492dad61dfdaeccbf9b0,2026-01-01T20:00:00Z/2026-01-01T21:00:00Z,112233445566,2026-01-01T00:00:00Z,2026-02-01T00:00:00Z,AWS,112233445566,Usage,2026-01-01T20:00:00Z,2026-01-01T21:00:00Z,AmazonVPC,USE1-NatGateway-Hours,NatGateway,,arn:aws:ec2:us-east-1:112233445566:natgateway/nat-f6114e21ff0b439aa,1.0,,,0.045,0.044191,0.045,0.044191,Hrs,0.045,0.044191,Amazon Virtual Private Cloud,,,,,us-east-1,AmazonVPC,,,,,,,,,,,,,,,,,,,,,
dc3e03c43ac741ea8bf7e2b024f99a66,2026-01-02T06:00:00Z/2026-01-02T07:00:00Z,112233445566,2026-01-01T00:00:00Z,2026-02-01T00:00:00Z,AWS,112233445566,Usage,2026-01-02T06:00:00Z,2026-01-02T07:00:00Z,AmazonVPC,USE1-NatGateway-Hours,NatGateway,,arn:aws:ec2:us-east-1:112233445566:natgateway/nat-f6114e21ff0b439aa,1.0,,,0.045,0.045114,0.045,0.045114,Hrs,0.045,0.045114,Amazon Virtual Private Cloud,,,,,us-east-1,AmazonVPC,,,,,,,,,,,,,,,,,,,,,
131e7fb8548f4928ab16b5a9188740ce,2026-01-02T16:00:00Z/2026-01-02T17:00:00Z,112233445566,2026-01-01T00:00:00Z,2026-02-01T00:00:00Z,AWS,112233445566,Usage,2026-01-02T16:00:00Z,2026-01-02T17:00:00Z,AmazonVPC,USE1-NatGateway-Hours,NatGateway,,arn:aws:ec2:us-east-1:112233445566:natgateway/nat-f6114e21ff0b439aa,1.0,,,0.045,0.044633,0.045,0.044633,Hrs,0.045,0.044633,Amazon Virtual Private Cloud,,,,,us-east-1,AmazonVPC,,,,,,,,,,,,,,,,,,,,,
5a245a71b3ec444e9c3eb235dfad7545,2026-01-03T02:00:00Z/2026-01-03T03:00:00Z,112233445566,2026-01-01T00:00:00Z,2026-02-01T00:00:00Z,AWS,112233445566,Usage,2026-01-03T02:00:00Z,2026-01-03T03:00:00Z,AmazonVPC,USE1-NatGateway-Hours,NatGateway,,arn:aws:ec2:us-east-1:112233445566:natgateway/nat-f6114e21ff0b439aa,1.0,,,0.045,0.044203,0.045,0.044203,Hrs,0.045,0.044203,Amazon Virtual Private Cloud,,,,,us-east-1,AmazonVPC,,,,,,,,,,,,,,,,,,,,,
f3b3e9bbe43b4ea9adf4ff937db9f5b9,2026-01-03T12:00:00Z/2026-01-03T13:00:00Z,112233445566,2026-01-01T00:00:00Z,2026-02-01T00:00:00Z,AWS,112233445566,Usage,2026-01-03T12:00:00Z,2026-01-03T13:00:00Z,AmazonVPC,USE1-NatGateway-Hours,NatGateway,,arn:aws:ec2:us-east-1:112233445566:natgateway/nat-f6114e21ff0b439aa,1.0,,,0.045,0.045166,0.045,0.045166,Hrs,0.045,0.045166,Amazon Virtual Private Cloud,,,,,us-east-1,AmazonVPC,,,,,,,,,,,,,,,,,,,,,
74d1387409094e84875c116ad3d63838,2026-01-03T22:00:00Z/2026-01-03T23:00:00Z,112233445566,2026-01-01T00:00:00Z,2026-02-01T00:00:00Z,AWS,112233445566,Usage,2026-01-03T22:00:00Z,2026-01-03T23:00:00Z,AmazonVPC,USE1-NatGateway-Hours,NatGateway,,arn:aws:ec2:us-east-1:112233445566:natgateway/nat-f6114e21ff0b439aa,1.0,,,0.045,0.044768,0.045,0.044768,Hrs,0.045,0.044768,Amazon Virtual Private Cloud,,,,,us-east-1,AmazonVPC,,,,,,,,,,,,,,,,,,,,,
5d2d0abd3d9442a2876028c5752ea2e3,2026-01-04T08:00:00Z/2026-01-04T09:00:00Z,112233445566,2026-01-01T00:00:00Z,2026-02-01T00:00:00Z,AWS,112233445566,Usage,2026-01-04T08:00:00Z,2026-01-04T09:00:00Z,AmazonVPC,USE1-NatGateway-Hours,NatGateway,,arn:aws:ec2:us-east-1:112233445566:natgateway/nat-f6114e21ff0b439aa,1.0,,,0.045,0.045581,0.045,0.045581,Hrs,0.045,0.045581,Amazon Virtual Private Cloud,,,,,us-east-1,AmazonVPC,,,,,,,,,,,,,,,,,,,,,
b55af2155cd14ab1ba23999a062abab4,2026-01-04T18:00:00Z/2026-01-04T19:00:00Z,112233445566,2026-01-01T00:00:00Z,2026-02-01T00:00:00Z,AWS,112233445566,Usage,2026-01-04T18:00:00Z,2026-01-04T19:00:00Z,AmazonVPC,USE1-NatGateway-Hours,NatGateway,,arn:aws:ec2:us-east-1:112233445566:natgateway/nat-f6114e21ff0b439aa,1.0,,,0.045,0.044294,0.045,0.044294,Hrs,0.045,0.044294,Amazon Virtual Private Cloud,,,,,us-east-1,AmazonVPC,,,,,,,,,,,,,,,,,,,,,
46107889fb03419d985a9ecdd18045bd,2026-01-05T04:00:00Z/2026-01-05T05:00:00Z,112233445566,2026-01-01T00:00:00Z,2026-02-01T00:00:00Z,AWS,112233445566,Usage,2026-01-05T04:00:00Z,2026-01-05T05:00:00Z,AmazonVPC,USE1-NatGateway-Hours,NatGateway,,arn:aws:ec2:us-east-1:112233445566:natgateway/nat-f6114e21ff0b439aa,1.0,,,0.045,0.04468,0.045,0.04468,Hrs,0.045,0.04468,Amazon Virtual Private Cloud,,,,,us-east-1,AmazonVPC,,,,,,,,,,,,,,,,,,,,,
a4135503c24241fb8eae0086666d5b6e,2026-01-05T14:00:00Z/2026-01-05T15:00:00Z,112233445566,2026-01-01T00:00:00Z,2026-02-01T00:00:00Z,AWS,112233445566,Usage,2026-01-05T14:00:00Z,2026-01-05T15:00:00Z,AmazonVPC,USE1-NatGateway-Hours,NatGateway,,arn:aws:ec2:us-east-1:112233445566:natgateway/nat-f6114e21ff0b439aa,1.0,,,0.045,0.045377,0.045,0.045377,Hrs,0.045,0.045377,Amazon Virtual Private Cloud,,,,,us-east-1,AmazonVPC,,,,,,,,,,,,,,,,,,,,,
7b2d357c1ac74164b92f50a80ef73a5c,2026-01-06T00:00:00Z/2026-01-06T01:00:00Z,112233445566,2026-01-01T00:00:00Z,2026-02-01T00:00:00Z,AWS,112233445566,Usage,2026-01-06T00:00:00Z,2026-01-06T01:00:00Z,AmazonVPC,USE1-NatGateway-Hours,NatGateway,,arn:aws:ec2:us-east-1:112233445566:natgateway/nat-f6114e21ff0b439aa,1.0,,,0.045,0.044461,0.045,0.044461,Hrs,0.045,0.044461,Amazon Virtual Private Cloud,,,,,us-east-1,AmazonVPC,,,,,,,,,,,,,,,,,,,,,
3832375e68a748a991ccd69bb8eb3633,2026-01-06T10:00:00Z/2026-01-06T11:00:00Z,112233445566,2026-01-01T00:00:00Z,2026-02-01T00:00:00Z,AWS,112233445566,Usage,2026-01-06T10:00:00Z,2026-01-06T11:00:00Z,AmazonVPC,USE1-NatGateway-Hours,NatGateway,,arn:aws:ec2:us-east-1:112233445566:natgateway/nat-f6114e21ff0b439aa,1.0,,,0.045,0.045796,0.045,0.045796,Hrs,0.045,0.045796,Amazon Virtual Private Cloud,,,,,us-east-1,AmazonVPC,,,,,,,,,,,,,,,,,,,,,
01dd4fce8b034ff8bc750b2f98405b2f,2026-01-06T20:00:00Z/2026-01-06T21:00:00Z,112233445566,2026-01-01T00:00:00Z,2026-02-01T00:00:00Z,AWS,112233445566,Usage,2026-01-06T20:00:00Z,2026-01-06T21:00:00Z,AmazonVPC,USE1-NatGateway-Hours,NatGateway,,arn:aws:ec2:us-east-1:112233445566:natgateway/nat-f6114e21ff0b439aa,1.0,,,0.045,0.044724,0.045,0.044724,Hrs,0.045,0.044724,Amazon Virtual Private Cloud,,,,,us-east-1,AmazonVPC,,,,,,,,,,,,,,,,,,,,,
1d878d7c47374da8a66c302a63651714,2026-01-07T06:00:00Z/2026-01-07T07:00:00Z,112233445566,2026-01-01T00:00:00Z,2026-02-01T00:00:00Z,AWS,112233445566,Usage,2026-01-07T06:00:00Z,2026-01-07T07:00:00Z,AmazonVPC,USE1-NatGateway-Hours,NatGateway,,arn:aws:ec2:us-east-1:112233445566:natgateway/nat-f6114e21ff0b439aa,1.0,,,0.045,0.045627,0.045,0.045627,Hrs,0.045,0.045627,Amazon Virtual Private Cloud,,,,,us-east-1,AmazonVPC,,,,,,,,,,,,,,,,,,,,,
ea546d67be1a4da88ee4287414da3781,2026-01-07T16:00:00Z/2026-01-07T17:00:00Z,112233445566,2026-01-01T00:00:00Z,2026-02-01T00:00:00Z,AWS,112233445566,Usage,2026-01-07T16:00:00Z,2026-01-07T17:00:00Z,AmazonVPC,USE1-NatGateway-Hours,NatGateway,,arn:aws:ec2:us-east-1:112233445566:natgateway/nat-f6114e21ff0b439aa,1.0,,,0.045,0.045863,0.045,0.045863,Hrs,0.045,0.045863,Amazon Virtual Private Cloud,,,,,us-east-1,AmazonVPC,,,,,,,,,,,,,,,,,,,,,
d5c371d0750347c0a28149b6356f6014,2026-01-08T02:00:00Z/2026-01-08T03:00:00Z,112233445566,2026-01-01T00:00:00Z,2026-02-01T00:00:00Z,AWS,112233445566,Usage,2026-01-08T02:00:00Z,2026-01-08T03:00:00Z,AmazonVPC,USE1-NatGateway-Hours,NatGateway,,arn:aws:ec2:us-east-1:112233445566:natgateway/nat-f6114e21ff0b439aa,1.0,,,0.045,0.044197,0.045,0.044197,Hrs,0.045,0.044197,Amazon Virtual Private Cloud,,,,,us-east-1,AmazonVPC,,,,,,,,,,,,,,,,,,,,,
161998a0ac9c4a409652beb291fd784f,2026-01-08T12:00:00Z/2026-01-08T13:00:00Z,112233445566,2026-01-01T00:00:00Z,2026-02-01T00:00:00Z,AWS,112233445566,Usage,2026-01-08T12:00:00Z,2026-01-08T13:00:00Z,AmazonVPC,USE1-NatGateway-Hours,NatGateway,,arn:aws:ec2:us-east-1:112233445566:natgateway/nat-f6114e21ff0b439aa,1.0,,,0.045,0.044533,0.045,0.044533,Hrs,0.045,0.044533,Amazon Virtual Private Cloud,,,,,us-east-1,AmazonVPC,,,,,,,,,,,,,,,,,,,,,
fa7b157bc4584fc9b6b9cf58c766f8da,2026-01-08T22:00:00Z/2026-01-08T23:00:00Z,112233445566,2026-01-01T00:00:00Z,2026-02-01T00:00:00Z,AWS,112233445566,Usage,2026-01-08T22:00:00Z,2026-01-08T23:00:00Z,AmazonVPC,USE1-NatGateway-Hours,NatGateway,,arn:aws:ec2:us-east-1:112233445566:natgateway/nat-f6114e21ff0b439aa,1.0,,,0.045,0.044671,0.045,0.044671,Hrs,0.045,0.044671,Amazon Virtual Private Cloud,,,,,us-east-1,AmazonVPC,,,,,,,,,,,,,,,,,,,,,
5cd0b033ec8e4e69ad7351f27f759beb,2026-01-09T08:00:00Z/2026-01-09T09:00:00Z,112233445566,2026-01-01T00:00:00Z,2026-02-01T00:00:00Z,AWS,112233445566,Usage,2026-01-09T08:00:00Z,2026-01-09T09:00:00Z,AmazonVPC,USE1-NatGateway-Hours,NatGateway,,arn:aws:ec2:us-east-1:112233445566:natgateway/nat-f6114e21ff0b439aa,1.0,,,0.045,0.04523,0.045,0.04523,Hrs,0.045,0.04523,Amazon Virtual Private Cloud,,,,,us-east-1,AmazonVPC,,,,,,,,,,,,,,,,,,,,,
d080d7a549d248a299a9804d7e43229c,2026-01-09T18:00:00Z/2026-01-09T19:00:00Z,112233445566,2026-01-01T00:00:00Z,2026-02-01T00:00:00Z,AWS,112233445566,Usage,2026-01-09T18:00:00Z,2026-01-09T19:00:00Z,AmazonVPC,USE1-NatGateway-Hours,NatGateway,,arn:aws:ec2:us-east-1:112233445566:natgateway/nat-f6114e21ff0b439aa,1.0,,,0.045,0.044899,0.045,0.044899,Hrs,0.045,0.044899,Amazon Virtual Private Cloud,,,,,us-east-1,AmazonVPC,,,,,,,,,,,,,,,,,,,,,
0fbbd482a8a643319a0a7fca57a01802,2026-01-10T04:00:00Z/2026-01-10T05:00:00Z,112233445566,2026-01-01T00:00:00Z,2026-02-01T00:00:00Z,AWS,112233445566,Usage,2026-01-10T04:00:00Z,2026-01-10T05:00:00Z,AmazonVPC,USE1-NatGateway-Hours,NatGateway,,arn:aws:ec2:us-east-1:112233445566:natgateway/nat-f6114e21ff0b439aa,1.0,,,0.045,0.044242,0.045,0.044242,Hrs,0.045,0.044242,Amazon Virtual Private Cloud,,,,,us-east-1,AmazonVPC,,,,,,,,,,,,,,,,,,,,,
0147e4ea3ff44a9ba7920adeb13ca04e,2026-01-10T14:00:00Z/2026-01-10T15:00:00Z,112233445566,2026-01-01T00:00:00Z,2026-02-01T00:00:00Z,AWS,112233445566,Usage,2026-01-10T14:00:00Z,2026-01-10T15:00:00Z,AmazonVPC,USE1-NatGateway-Hours,NatGateway,,arn:aws:ec2:us-east-1:112233445566:natgateway/nat-f6114e21ff0b439aa,1.0,,,0.045,0.04511,0.045,0.04511,Hrs,0.045,0.04511,Amazon Virtual Private Cloud,,,,,us-east-1,AmazonVPC,,,,,,,,,,,,,,,,,,,,,
38df7ffd0b044d4f8cb830ad3fdad147,2026-01-11T00:00:00Z/2026-01-11T01:00:00Z,112233445566,2026-01-01T00:00:00Z,2026-02-01T00:00:00Z,AWS,112233445566,Usage,2026-01-11T00:00:00Z,2026-01-11T01:00:00Z,AmazonVPC,USE1-NatGateway-Hours,NatGateway,,arn:aws:ec2:us-east-1:112233445566:natgateway/nat-f6114e21ff0b439aa,1.0,,,0.045,0.044245,0.045,0.044245,Hrs,0.045,0.044245,Amazon Virtual Private Cloud,,,,,us-east-1,AmazonVPC,,,,,,,,,,,,,,,,,,,,,
8dbcbd130c2c446ead66553dcd3b49e0,2026-01-11T10:00:00Z/2026-01-11T11:00:00Z,112233445566,2026-01-01T00:00:00Z,2026-02-01T00:00:00Z,AWS,112233445566,Usage,2026-01-11T10:00:00Z,2026-01-11T11:00:00Z,AmazonVPC,USE1-NatGateway-Hours,NatGateway,,arn:aws:ec2:us-east-1:112233445566:natgateway/nat-f6114e21ff0b439aa,1.0,,,0.045,0.044747,0.045,0.044747,Hrs,0.045,0.044747,Amazon Virtual Private Cloud,,,,,us-east-1,AmazonVPC,,,,,,,,,,,,,,,,,,,,,
0f55b4ad7ff2448b953adf5d1bfceb15,2026-01-11T20:00:00Z/2026-01-11T21:00:00Z,112233445566,2026-01-01T00:00:00Z,2026-02-01T00:00:00Z,AWS,112233445566,Usage,2026-01-11T20:00:00Z,2026-01-11T21:00:00Z,AmazonVPC,USE1-NatGateway-Hours,NatGateway,,arn:aws:ec2:us-east-1:112233445566:natgateway/nat-f6114e21ff0b439aa,1.0,,,0.045,0.0447,0.045,0.0447,Hrs,0.045,0.0447,Amazon Virtual Private Cloud,,,,,us-east-1,AmazonVPC,,,,,,,,,,,,,,,,,,,,,
6029610d70134521b8b40b57e37c0aa6,2026-01-12T06:00:00Z/2026-01-12T07:00:00Z,112233445566,2026-01-01T00:00:00Z,2026-02-01T00:00:00Z,AWS,112233445566,Usage,2026-01-12T06:00:00Z,2026-01-12T07:00:00Z,AmazonVPC,USE1-NatGateway-Hours,NatGateway,,arn:aws:ec2:us-east-1:112233445566:natgateway/nat-f6114e21ff0b439aa,1.0,,,0.045,0.044561,0.045,0.044561,Hrs,0.045,0.044561,Amazon Virtual Private Cloud,,,,,us-east-1,AmazonVPC,,,,,,,,,,,,,,,,,,,,,
870b6228842d4a78ae28f226b63e3c39,2026-01-12T16:00:00Z/2026-01-12T17:00:00Z,112233445566,2026-01-01T00:00:00Z,2026-02-01T00:00:00Z,AWS,112233445566,Usage,2026-01-12T16:00:00Z,2026-01-12T17:00:00Z,AmazonVPC,USE1-NatGateway-Hours,NatGateway,,arn:aws:ec2:us-east-1:112233445566:natgateway/nat-f6114e21ff0b439aa,1.0,,,0.045,0.045638,0.045,0.045638,Hrs,0.045,0.045638,Amazon Virtual Private Cloud,,,,,us-east-1,AmazonVPC,,,,,,,,,,,,,,,,,,,,,
4a12bd21d62a44ac90025fb68684c8a7,2026-01-13T02:00:00Z/2026-01-13T03:00:00Z,112233445566,2026-01-01T00:00:00Z,2026-02-01T00:00:00Z,AWS,112233445566,Usage,2026-01-13T02:00:00Z,2026-01-13T03:00:00Z,AmazonVPC,USE1-NatGateway-Hours,NatGateway,,arn:aws:ec2:us-east-1:112233445566:natgateway/nat-f6114e21ff0b439aa,1.0,,,0.045,0.044609,0.045,0.044609,Hrs,0.045,0.044609,Amazon Virtual Private Cloud,,,,,us-east-1,AmazonVPC,,,,,,,,,,,,,,,,,,,,,
8118efcae15844ed8fe0f72d8553e8f4,2026-01-13T12:00:00Z/2026-01-13T13:00:00Z,112233445566,2026-01-01T00:00:00Z,2026-02-01T00:00:00Z,AWS,112233445566,Usage,2026-01-13T12:00:00Z,2026-01-13T13:00:00Z,AmazonVPC,USE1-NatGateway-Hours,NatGateway,,arn:aws:ec2:us-east-1:112233445566:natgateway/nat-f6114e21ff0b439aa,1.0,,,0.045,0.044283,0.045,0.044283,Hrs,0.045,0.044283,Amazon Virtual Private Cloud,,,,,us-east-1,AmazonVPC,,,,,,,,,,,,,,,,,,,,,
f9963b7abff048e6a53e2751df9d3631,2026-01-13T22:00:00Z/2026-01-13T23:00:00Z,112233445566,2026-01-01T00:00:00Z,2026-02-01T00:00:00Z,AWS,112233445566,Usage,2026-01-13T22:00:00Z,2026-01-13T23:00:00Z,AmazonVPC,USE1-NatGateway-Hours,NatGateway,,arn:aws:ec2:us-east-1:112233445566:natgateway/nat-f6114e21ff0b439aa,1.0,,,0.045,0.044274,0.045,0.044274,Hrs,0.045,0.044274,Amazon Virtual Private Cloud,,,,,us-east-1,AmazonVPC,,,,,,,,,,,,,,,,,,,,,
8e786214898b4804a35f0e7fe51fd013,2026-01-14T08:00:00Z/2026-01-14T09:00:00Z,112233445566,2026-01-01T00:00:00Z,2026-02-01T00:00:00Z,AWS,112233445566,Usage,2026-01-14T08:00:00Z,2026-01-14T09:00:00Z,AmazonVPC,USE1-NatGateway-Hours,NatGateway,,arn:aws:ec2:us-east-1:112233445566:natgateway/nat-f6114e21ff0b439aa,1.0,,,0.045,0.045367,0.045,0.045367,Hrs,0.045,0.045367,Amazon Virtual Private Cloud,,,,,us-east-1,AmazonVPC,,,,,,,,,,,,,,,,,,,,,
6d6abfee26244f3baf387215ca23055a,2026-01-14T18:00:00Z/2026-01-14T19:00:00Z,112233445566,2026-01-01T00:00:00Z,2026-02-01T00:00:00Z,AWS,112233445566,Usage,2026-01-14T18:00:00Z,2026-01-14T19:00:00Z,AmazonVPC,USE1-NatGateway-Hours,NatGateway,,arn:aws:ec2:us-east-1:112233445566:natgateway/nat-f6114e21ff0b439aa,1.0,,,0.045,0.0449,0.045,0.0449,Hrs,0.045,0.0449,Amazon Virtual Private Cloud,,,,,us-east-1,AmazonVPC,,,,,,,,,,,,,,,,,,,,,
f1453051dabb476eb53be3eeed4e2ce5,2026-01-15T04:00:00Z/2026-01-15T05:00:00Z,112233445566,2026-01-01T00:00:00Z,2026-02-01T00:00:00Z,AWS,112233445566,Usage,2026-01-15T04:00:00Z,2026-01-15T05:00:00Z,AmazonVPC,USE1-NatGateway-Hours,NatGateway,,arn:aws:ec2:us-east-1:112233445566:natgateway/nat-f6114e21ff0b439aa,1.0,,,0.045,0.04575,0.045,0.04575,Hrs,0.045,0.04575,Amazon Virtual Private Cloud,,,,,us-east-1,AmazonVPC,,,,,,,,,,,,,,,,,,,,,
b940e944de6d462bb03b2bafd59a4d37,2026-01-15T14:00:00Z/2026-01-15T15:00:00Z,112233445566,2026-01-01T00:00:00Z,2026-02-01T00:00:00Z,AWS,112233445566,Usage,2026-01-15T14:00:00Z,2026-01-15T15:00:00Z,AmazonVPC,USE1-NatGateway-Hours,NatGateway,,arn:aws:ec2:us-east-1:112233445566:natgateway/nat-f6114e21ff0b439aa,1.0,,,0.045,0.044515,0.045,0.044515,Hrs,0.045,0.044515,Amazon Virtual Private Cloud,,,,,us-east-1,AmazonVPC,,,,,,,,,,,,,,,,,,,,,
29d88c57f60c47efbc780e0585d2fd34,2026-01-16T00:00:00Z/2026-01-16T01:00:00Z,112233445566,2026-01-01T00:00:00Z,2026-02-01T00:00:00Z,AWS,112233445566,Usage,2026-01-16T00:00:00Z,2026-01-16T01:00:00Z,AmazonVPC,USE1-NatGateway-Hours,NatGateway,,arn:aws:ec2:us-east-1:112233445566:natgateway/nat-f6114e21ff0b439aa,1.0,,,0.045,0.044165,0.045,0.044165,Hrs,0.045,0.044165,Amazon Virtual Private Cloud,,,,,us-east-1,AmazonVPC,,,,,,,,,,,,,,,,,,,,,
baab815824cf4a35863fbcc2c5c7c18d,2026-01-16T10:00:00Z/2026-01-16T11:00:00Z,112233445566,2026-01-01T00:00:00Z,2026-02-01T00:00:00Z,AWS,112233445566,Usage,2026-01-16T10:00:00Z,2026-01-16T11:00:00Z,AmazonVPC,USE1-NatGateway-Hours,NatGateway,,arn:aws:ec2:us-east-1:112233445566:natgateway/nat-f6114e21ff0b439aa,1.0,,,0.045,0.045736,0.045,0.045736,Hrs,0.045,0.045736,Amazon Virtual Private Cloud,,,,,us-east-1,AmazonVPC,,,,,,,,,,,,,,,,,,,,,
d6ee4f3af70a456581916c8b04a6ad97,2026-01-16T20:00:00Z/2026-01-16T21:00:00Z,112233445566,2026-01-01T00:00:00Z,2026-02-01T00:00:00Z,AWS,112233445566,Usage,2026-01-16T20:00:00Z,2026-01-16T21:00:00Z,AmazonVPC,USE1-NatGateway-Hours,NatGateway,,arn:aws:ec2:us-east-1:112233445566:natgateway/nat-f6114e21ff0b439aa,1.0,,,0.045,0.04492,0.045,0.04492,Hrs,0.045,0.04492,Amazon Virtual Private Cloud,,,,,us-east-1,AmazonVPC,,,,,,,,,,,,,,,,,,,,,
026c38c0149a4eeb9b96581ee013d6c2,2026-01-17T06:00:00Z/2026-01-17T07:00:00Z,112233445566,2026-01-01T00:00:00Z,2026-02-01T00:00:00Z,AWS,112233445566,Usage,2026-01-17T06:00:00Z,2026-01-17T07:00:00Z,AmazonVPC,USE1-NatGateway-Hours,NatGateway,,arn:aws:ec2:us-east-1:112233445566:natgateway/nat-f6114e21ff0b439aa,1.0,,,0.045,0.044493,0.045,0.044493,Hrs,0.045,0.044493,Amazon Virtual Private Cloud,,,,,us-east-1,AmazonVPC,,,,,,,,,,,,,,,,,,,,,
ad681b8f54074b5f93cd4c0c2ca87197,2026-01-17T16:00:00Z/2026-01-17T17:00:00Z,112233445566,2026-01-01T00:00:00Z,2026-02-01T00:00:00Z,AWS,112233445566,Usage,2026-01-17T16:00:00Z,2026-01-17T17:00:00Z,AmazonVPC,USE1-NatGateway-Hours,NatGateway,,arn:aws:ec2:us-east-1:112233445566:natgateway/nat-f6114e21ff0b439aa,1.0,,,0.045,0.045265,0.045,0.045265,Hrs,0.045,0.045265,Amazon Virtual Private Cloud,,,,,us-east-1,AmazonVPC,,,,,,,,,,,,,,,,,,,,,
1b3eef1b03a04586a2524af087f1f262,2026-01-18T02:00:00Z/2026-01-18T03:00:00Z,112233445566,2026-01-01T00:00:00Z,2026-02-01T00:00:00Z,AWS,112233445566,Usage,2026-01-18T02:00:00Z,2026-01-18T03:00:00Z,AmazonVPC,USE1-NatGateway-Hours,NatGateway,,arn:aws:ec2:us-east-1:112233445566:natgateway/nat-f6114e21ff0b439aa,1.0,,,0.045,0.045623,0.045,0.045623,Hrs,0.045,0.045623,Amazon Virtual Private Cloud,,,,,us-east-1,AmazonVPC,,,,,,,,,,,,,,,,,,,,,
79bd90e7b357427f81e0f4fc027eef41,2026-01-18T12:00:00Z/2026-01-18T13:00:00Z,112233445566,2026-01-01T00:00:00Z,2026-02-01T00:00:00Z,AWS,112233445566,Usage,2026-01-18T12:00:00Z,2026-01-18T13:00:00Z,AmazonVPC,USE1-NatGateway-Hours,NatGateway,,arn:aws:ec2:us-east-1:112233445566:natgateway/nat-f6114e21ff0b439aa,1.0,,,0.045,0.045234,0.045,0.045234,Hrs,0.045,0.045234,Amazon Virtual Private Cloud,,,,,us-east-1,AmazonVPC,,,,,,,,,,,,,,,,,,,,,
5bb305e7f6504614811f096d1efc02b2,2026-01-18T22:00:00Z/2026-01-18T23:00:00Z,112233445566,2026-01-01T00:00:00Z,2026-02-01T00:00:00Z,AWS,112233445566,Usage,2026-01-18T22:00:00Z,2026-01-18T23:00:00Z,AmazonVPC,USE1-NatGateway-Hours,NatGateway,,arn:aws:ec2:us-east-1:112233445566:natgateway/nat-f6114e21ff0b439aa,1.0,,,0.045,0.045857,0.045,0.045857,Hrs,0.045,0.045857,Amazon Virtual Private Cloud,,,,,us-east-1,AmazonVPC,,,,,,,,,,,,,,,,,,,,,
78db548bf95f4bfe91c7260d4005c99b,2026-01-19T08:00:00Z/2026-01-19T09:00:00Z,112233445566,2026-01-01T00:00:00Z,2026-02-01T00:00:00Z,AWS,112233445566,Usage,2026-01-19T08:00:00Z,2026-01-19T09:00:00Z,AmazonVPC,USE1-NatGateway-Hours,NatGateway,,arn:aws:ec2:us-east-1:112233445566:natgateway/nat-f6114e21ff0b439aa,1.0,,,0.045,0.045718,0.045,0.045718,Hrs,0.045,0.045718,Amazon Virtual Private Cloud,,,,,us-east-1,AmazonVPC,,,,,,,,,,,,,,,,,,,,,
07de6a95877743f1ba5124a2da9e846f,2026-01-19T18:00:00Z/2026-01-19T19:00:00Z,112233445566,2026-01-01T00:00:00Z,2026-02-01T00:00:00Z,AWS,112233445566,Usage,2026-01-19T18:00:00Z,2026-01-19T19:00:00Z,AmazonVPC,USE1-NatGateway-Hours,NatGateway,,arn:aws:ec2:us-east-1:112233445566:natgateway/nat-f6114e21ff0b439aa,1.0,,,0.045,0.04428,0.045,0.04428,Hrs,0.045,0.04428,Amazon Virtual Private Cloud,,,,,us-east-1,AmazonVPC,,,,,,,,,,,,,,,,,,,,,
bd0d0559f3d342b2a500d851e8b34982,2026-01-20T04:00:00Z/2026-01-20T05:00:00Z,112233445566,2026-01-01T00:00:00Z,2026-02-01T00:00:00Z,AWS,112233445566,Usage,2026-01-20T04:00:00Z,2026-01-20T05:00:00Z,AmazonVPC,USE1-NatGateway-Hours,NatGateway,,arn:aws:ec2:us-east-1:112233445566:natgateway/nat-f6114e21ff0b439aa,1.0,,,0.045,0.044671,0.045,0.044671,Hrs,0.045,0.044671,Amazon Virtual Private Cloud,,,,,us-east-1,AmazonVPC,,,,,,,,,,,,,,,,,,,,,
418b245e8fae4f20aa15f79a9f788c0b,2026-01-20T14:00:00Z/2026-01-20T15:00:00Z,112233445566,2026-01-01T00:00:00Z,2026-02-01T00:00:00Z,AWS,112233445566,Usage,2026-01-20T14:00:00Z,2026-01-20T15:00:00Z,AmazonVPC,USE1-NatGateway-Hours,NatGateway,,arn:aws:ec2:us-east-1:112233445566:natgateway/nat-f6114e21ff0b439aa,1.0,,,0.045,0.04434,0.045,0.04434,Hrs,0.045,0.04434,Amazon Virtual Private Cloud,,,,,us-east-1,AmazonVPC,,,,,,,,,,,,,,,,,,,,,
83ba7c94cd634245b01b27a98981e001,2026-01-21T00:00:00Z/2026-01-21T01:00:00Z,112233445566,2026-01-01T00:00:00Z,2026-02-01T00:00:00Z,AWS,112233445566,Usage,2026-01-21T00:00:00Z,2026-01-21T01:00:00Z,AmazonVPC,USE1-NatGateway-Hours,NatGateway,,arn:aws:ec2:us-east-1:112233445566:natgateway/nat-f6114e21ff0b439aa,1.0,,,0.045,0.04581,0.045,0.04581,Hrs,0.045,0.04581,Amazon Virtual Private Cloud,,,,,us-east-1,AmazonVPC,,,,,,,,,,,,,,,,,,,,,
aa049aeebf0647f1a0be5e2d627c1f11,2026-01-21T10:00:00Z/2026-01-21T11:00:00Z,112233445566,2026-01-01T00:00:00Z,2026-02-01T00:00:00Z,AWS,112233445566,Usage,2026-01-21T10:00:00Z,2026-01-21T11:00:00Z,AmazonVPC,USE1-NatGateway-Hours,NatGateway,,arn:aws:ec2:us-east-1:112233445566:natgateway/nat-f6114e21ff0b439aa,1.0,,,0.045,0.045572,0.045,0.045572,Hrs,0.045,0.045572,Amazon Virtual Private Cloud,,,,,us-east-1,AmazonVPC,,,,,,,,,,,,,,,,,,,,,
483d29b771f14181b10a8a3fd2a9c2b9,2026-01-21T20:00:00Z/2026-01-21T21:00:00Z,112233445566,2026-01-01T00:00:00Z,2026-02-01T00:00:00Z,AWS,112233445566,Usage,2026-01-21T20:00:00Z,2026-01-21T21:00:00Z,AmazonVPC,USE1-NatGateway-Hours,NatGateway,,arn:aws:ec2:us-east-1:112233445566:natgateway/nat-f6114e21ff0b439aa,1.0,,,0.045,0.045525,0.045,0.045525,Hrs,0.045,0.045525,Amazon Virtual Private Cloud,,,,,us-east-1,AmazonVPC,,,,,,,,,,,,,,,,,,,,,
15a752cb99e84f89a0c0c3c26fab6687,2026-01-22T06:00:00Z/2026-01-22T07:00:00Z,112233445566,2026-01-01T00:00:00Z,2026-02-01T00:00:00Z,AWS,112233445566,Usage,2026-01-22T06:00:00Z,2026-01-22T07:00:00Z,AmazonVPC,USE1-NatGateway-Hours,NatGateway,,arn:aws:ec2:us-east-1:112233445566:natgateway/nat-f6114e21ff0b439aa,1.0,,,0.045,0.045885,0.045,0.045885,Hrs,0.045,0.045885,Amazon Virtual Private Cloud,,,,,us-east-1,AmazonVPC,,,,,,,,,,,,,,,,,,,,,
80a3504a902540bebca0f9ce3bc050c1,2026-01-22T16:00:00Z/2026-01-22T17:00:00Z,112233445566,2026-01-01T00:00:00Z,2026-02-01T00:00:00Z,AWS,112233445566,Usage,2026-01-22T16:00:00Z,2026-01-22T17:00:00Z,AmazonVPC,USE1-NatGateway-Hours,NatGateway,,arn:aws:ec2:us-east-1:112233445566:natgateway/nat-f6114e21ff0b439aa,1.0,,,0.045,0.045617,0.045,0.045617,Hrs,0.045,0.045617,Amazon Virtual Private Cloud,,,,,us-east-1,AmazonVPC,,,,,,,,,,,,,,,,,,,,,
da71d2d3c9e946a1948f0e37fedaef54,2026-01-23T02:00:00Z/2026-01-23T03:00:00Z,112233445566,2026-01-01T00:00:00Z,2026-02-01T00:00:00Z,AWS,112233445566,Usage,2026-01-23T02:00:00Z,2026-01-23T03:00:00Z,AmazonVPC,USE1-NatGateway-Hours,NatGateway,,arn:aws:ec2:us-east-1:112233445566:natgateway/nat-f6114e21ff0b439aa,1.0,,,0.045,0.044762,0.045,0.044762,Hrs,0.045,0.044762,Amazon Virtual Private Cloud,,,,,us-east-1,AmazonVPC,,,,,,,,,,,,,,,,,,,,,
b22b6496bbf44e21bb14ad8d18b24b9e,2026-01-23T12:00:00Z/2026-01-23T13:00:00Z,112233445566,2026-01-01T00:00:00Z,2026-02-01T00:00:00Z,AWS,112233445566,Usage,2026-01-23T12:00:00Z,2026-01-23T13:00:00Z,AmazonVPC,USE1-NatGateway-Hours,NatGateway,,arn:aws:ec2:us-east-1:112233445566:natgateway/nat-f6114e21ff0b439aa,1.0,,,0.045,0.044898,0.045,0.044898,Hrs,0.045,0.044898,Amazon Virtual Private Cloud,,,,,us-east-1,AmazonVPC,,,,,,,,,,,,,,,,,,,,,
9320aba9f95a4224aceb06e57ece7e5e,2026-01-23T22:00:00Z/2026-01-23T23:00:00Z,112233445566,2026-01-01T00:00:00Z,2026-02-01T00:00:00Z,AWS,112233445566,Usage,2026-01-23T22:00:00Z,2026-01-23T23:00:00Z,AmazonVPC,USE1-NatGateway-Hours,NatGateway,,arn:aws:ec2:us-east-1:112233445566:natgateway/nat-f6114e21ff0b439aa,1.0,,,0.045,0.045715,0.045,0.045715,Hrs,0.045,0.045715,Amazon Virtual Private Cloud,,,,,us-east-1,AmazonVPC,,,,,,,,,,,,,,,,,,,,,
f03218e5f0604555b582e2f015ff2380,2026-01-24T08:00:00Z/2026-01-24T09:00:00Z,112233445566,2026-01-01T00:00:00Z,2026-02-01T00:00:00Z,AWS,112233445566,Usage,2026-01-24T08:00:00Z,2026-01-24T09:00:00Z,AmazonVPC,USE1-NatGateway-Hours,NatGateway,,arn:aws:ec2:us-east-1:112233445566:natgateway/nat-f6114e21ff0b439aa,1.0,,,0.045,0.044113,0.045,0.044113,Hrs,0.045,0.044113,Amazon Virtual Private Cloud,,,,,us-east-1,AmazonVPC,,,,,,,,,,,,,,,,,,,,,
5b0f18b588d84fe4871aa17279c61d42,2026-01-24T18:00:00Z/2026-01-24T19:00:00Z,112233445566,2026-01-01T00:00:00Z,2026-02-01T00:00:00Z,AWS,112233445566,Usage,2026-01-24T18:00:00Z,2026-01-24T19:00:00Z,AmazonVPC,USE1-NatGateway-Hours,NatGateway,,arn:aws:ec2:us-east-1:112233445566:natgateway/nat-f6114e21ff0b439aa,1.0,,,0.045,0.044596,0.045,0.044596,Hrs,0.045,0.044596,Amazon Virtual Private Cloud,,,,,us-east-1,AmazonVPC,,,,,,,,,,,,,,,,,,,,,
80af9908e0584eb49212169d74919c53,2026-01-25T04:00:00Z/2026-01-25T05:00:00Z,112233445566,2026-01-01T00:00:00Z,2026-02-01T00:00:00Z,AWS,112233445566,Usage,2026-01-25T04:00:00Z,2026-01-25T05:00:00Z,AmazonVPC,USE1-NatGateway-Hours,NatGateway,,arn:aws:ec2:us-east-1:112233445566:natgateway/nat-f6114e21ff0b439aa,1.0,,,0.045,0.044947,0.045,0.044947,Hrs,0.045,0.044947,Amazon Virtual Private Cloud,,,,,us-east-1,AmazonVPC,,,,,,,,,,,,,,,,,,,,,
b3ee983724224ed5bd31bf4de44c14a5,2026-01-25T14:00:00Z/2026-01-25T15:00:00Z,112233445566,2026-01-01T00:00:00Z,2026-02-01T00:00:00Z,AWS,112233445566,Usage,2026-01-25T14:00:00Z,2026-01-25T15:00:00Z,AmazonVPC,USE1-NatGateway-Hours,NatGateway,,arn:aws:ec2:us-east-1:112233445566:natgateway/nat-f6114e21ff0b439aa,1.0,,,0.045,0.044435,0.045,0.044435,Hrs,0.045,0.044435,Amazon Virtual Private Cloud,,,,,us-east-1,AmazonVPC,,,,,,,,,,,,,,,,,,,,,
7fc4a25a464c4eb5a07373cbfc668e4d,2026-01-26T00:00:00Z/2026-01-26T01:00:00Z,112233445566,2026-01-01T00:00:00Z,2026-02-01T00:00:00Z,AWS,112233445566,Usage,2026-01-26T00:00:00Z,2026-01-26T01:00:00Z,AmazonVPC,USE1-NatGateway-Hours,NatGateway,,arn:aws:ec2:us-east-1:112233445566:natgateway/nat-f6114e21ff0b439aa,1.0,,,0.045,0.044329,0.045,0.044329,Hrs,0.045,0.044329,Amazon Virtual Private Cloud,,,,,us-east-1,AmazonVPC,,,,,,,,,,,,,,,,,,,,,
211acdbea37f4cc7846578a83b39fde3,2026-01-26T10:00:00Z/2026-01-26T11:00:00Z,112233445566,2026-01-01T00:00:00Z,2026-02-01T00:00:00Z,AWS,112233445566,Usage,2026-01-26T10:00:00Z,2026-01-26T11:00:00Z,AmazonVPC,USE1-NatGateway-Hours,NatGateway,,arn:aws:ec2:us-east-1:112233445566:natgateway/nat-f6114e21ff0b439aa,1.0,,,0.045,0.045866,0.045,0.045866,Hrs,0.045,0.045866,Amazon Virtual Private Cloud,,,,,us-east-1,AmazonVPC,,,,,,,,,,,,,,,,,,,,,
eb1e70affa6d4212beec8cc5887c95b1,2026-01-26T20:00:00Z/2026-01-26T21:00:00Z,112233445566,2026-01-01T00:00:00Z,2026-02-01T00:00:00Z,AWS,112233445566,Usage,2026-01-26T20:00:00Z,2026-01-26T21:00:00Z,AmazonVPC,USE1-NatGateway-Hours,NatGateway,,arn:aws:ec2:us-east-1:112233445566:natgateway/nat-f6114e21ff0b439aa,1.0,,,0.045,0.045873,0.045,0.045873,Hrs,0.045,0.045873,Amazon Virtual Private Cloud,,,,,us-east-1,AmazonVPC,,,,,,,,,,,,,,,,,,,,,
033a153911f14847b0e3f9f0c4a3e07e,2026-01-27T06:00:00Z/2026-01-27T07:00:00Z,112233445566,2026-01-01T00:00:00Z,2026-02-01T00:00:00Z,AWS,112233445566,Usage,2026-01-27T06:00:00Z,2026-01-27T07:00:00Z,AmazonVPC,USE1-NatGateway-Hours,NatGateway,,arn:aws:ec2:us-east-1:112233445566:natgateway/nat-f6114e21ff0b439aa,1.0,,,0.045,0.045465,0.045,0.045465,Hrs,0.045,0.045465,Amazon Virtual Private Cloud,,,,,us-east-1,AmazonVPC,,,,,,,,,,,,,,,,,,,,,
b780de16c32a4cc8a206b4c2ff9d430e,2026-01-27T16:00:00Z/2026-01-27T17:00:00Z,112233445566,2026-01-01T00:00:00Z,2026-02-01T00:00:00Z,AWS,112233445566,Usage,2026-01-27T16:00:00Z,2026-01-27T17:00:00Z,AmazonVPC,USE1-NatGateway-Hours,NatGateway,,arn:aws:ec2:us-east-1:112233445566:natgateway/nat-f6114e21ff0b439aa,1.0,,,0.045,0.044521,0.045,0.044521,Hrs,0.045,0.044521,Amazon Virtual Private Cloud,,,,,us-east-1,AmazonVPC,,,,,,,,,,,,,,,,,,,,,
c94707e55891473ca0450589ddf27df8,2026-01-28T02:00:00Z/2026-01-28T03:00:00Z,112233445566,2026-01-01T00:00:00Z,2026-02-01T00:00:00Z,AWS,112233445566,Usage,2026-01-28T02:00:00Z,2026-01-28T03:00:00Z,AmazonVPC,USE1-NatGateway-Hours,NatGateway,,arn:aws:ec2:us-east-1:112233445566:natgateway/nat-f6114e21ff0b439aa,1.0,,,0.045,0.045571,0.045,0.045571,Hrs,0.045,0.045571,Amazon Virtual Private Cloud,,,,,us-east-1,AmazonVPC,,,,,,,,,,,,,,,,,,,,,
80b1a62e4b874f93a89377be57d06e0d,2026-01-28T12:00:00Z/2026-01-28T13:00:00Z,112233445566,2026-01-01T00:00:00Z,2026-02-01T00:00:00Z,AWS,112233445566,Usage,2026-01-28T12:00:00Z,2026-01-28T13:00:00Z,AmazonVPC,USE1-NatGateway-Hours,NatGateway,,arn:aws:ec2:us-east-1:112233445566:natgateway/nat-f6114e21ff0b439aa,1.0,,,0.045,0.044189,0.045,0.044189,Hrs,0.045,0.044189,Amazon Virtual Private Cloud,,,,,us-east-1,AmazonVPC,,,,,,,,,,,,,,,,,,,,,
55a4f4b298504d1a8746270f58865547,2026-01-28T22:00:00Z/2026-01-28T23:00:00Z,112233445566,2026-01-01T00:00:00Z,2026-02-01T00:00:00Z,AWS,112233445566,Usage,2026-01-28T22:00:00Z,2026-01-28T23:00:00Z,AmazonVPC,USE1-NatGateway-Hours,NatGateway,,arn:aws:ec2:us-east-1:112233445566:natgateway/nat-f6114e21ff0b439aa,1.0,,,0.045,0.045087,0.045,0.045087,Hrs,0.045,0.045087,Amazon Virtual Private Cloud,,,,,us-east-1,AmazonVPC,,,,,,,,,,,,,,,,,,,,,
001c058d6b18401c8a5e69f040a1ebf3,2026-01-29T08:00:00Z/2026-01-29T09:00:00Z,112233445566,2026-01-01T00:00:00Z,2026-02-01T00:00:00Z,AWS,112233445566,Usage,2026-01-29T08:00:00Z,2026-01-29T09:00:00Z,AmazonVPC,USE1-NatGateway-Hours,NatGateway,,arn:aws:ec2:us-east-1:112233445566:natgateway/nat-f6114e21ff0b439aa,1.0,,,0.045,0.045355,0.045,0.045355,Hrs,0.045,0.045355,Amazon Virtual Private Cloud,,,,,us-east-1,AmazonVPC,,,,,,,,,,,,,,,,,,,,,
ffa729acf9a14130ab3541909d65f64d,2026-01-29T18:00:00Z/2026-01-29T19:00:00Z,112233445566,2026-01-01T00:00:00Z,2026-02-01T00:00:00Z,AWS,112233445566,Usage,2026-01-29T18:00:00Z,2026-01-29T19:00:00Z,AmazonVPC,USE1-NatGateway-Hours,NatGateway,,arn:aws:ec2:us-east-1:112233445566:natgateway/nat-f6114e21ff0b439aa,1.0,,,0.045,0.045345,0.045,0.045345,Hrs,0.045,0.045345,Amazon Virtual Private Cloud,,,,,us-east-1,AmazonVPC,,,,,,,,,,,,,,,,,,,,,
f7b50804c52c4a9a85ef3c64c4631b84,2026-01-30T04:00:00Z/2026-01-30T05:00:00Z,112233445566,2026-01-01T00:00:00Z,2026-02-01T00:00:00Z,AWS,112233445566,Usage,2026-01-30T04:00:00Z,2026-01-30T05:00:00Z,AmazonVPC,USE1-NatGateway-Hours,NatGateway,,arn:aws:ec2:us-east-1:112233445566:natgateway/nat-f6114e21ff0b439aa,1.0,,,0.045,0.045824,0.045,0.045824,Hrs,0.045,0.045824,Amazon Virtual Private Cloud,,,,,us-east-1,AmazonVPC,,,,,,,,,,,,,,,,,,,,,
99fee1ca471f46318af6a3a4729f985d,2026-01-30T14:00:00Z/2026-01-30T15:00:00Z,112233445566,2026-01-01T00:00:00Z,2026-02-01T00:00:00Z,AWS,112233445566,Usage,2026-01-30T14:00:00Z,2026-01-30T15:00:00Z,AmazonVPC,USE1-NatGateway-Hours,NatGateway,,arn:aws:ec2:us-east-1:112233445566:natgateway/nat-f6114e21ff0b439aa,1.0,,,0.045,0.045853,0.045,0.045853,Hrs,0.045,0.045853,Amazon Virtual Private Cloud,,,,,us-east-1,AmazonVPC,,,,,,,,,,,,,,,,,,,,,
7694040199134035a0ceaa6c2ec23ee1,2026-01-01T00:00:00Z/2026-01-01T01:00:00Z,112233445566,2026-01-01T00:00:00Z,2026-02-01T00:00:00Z,AWS,112233445566,Usage,2026-01-01T00:00:00Z,2026-01-01T01:00:00Z,AmazonVPC,USE1-VPN-Usage-Hours,CreateVpnConnection,,arn:aws:ec2:us-east-1:112233445566:vpn-connection/vpn-b7f704e2,1.0,,,0.05,0.049222,0.05,0.049222,Hrs,0.05,0.049222,Amazon Virtual Private Cloud,,,,,us-east-1,AmazonVPC,,,,,,,,,,,,,,,,,,,,,
b18c5bd20d55487392aa4384c7c378bf,2026-01-01T10:00:00Z/2026-01-01T11:00:00Z,112233445566,2026-01-01T00:00:00Z,2026-02-01T00:00:00Z,AWS,112233445566,Usage,2026-01-01T10:00:00Z,2026-01-01T11:00:00Z,AmazonVPC,USE1-VPN-Usage-Hours,CreateVpnConnection,,arn:aws:ec2:us-east-1:112233445566:vpn-connection/vpn-b7f704e2,1.0,,,0.05,0.049861,0.05,0.049861,Hrs,0.05,0.049861,Amazon Virtual Private Cloud,,,,,us-east-1,AmazonVPC,,,,,,,,,,,,,,,,,,,,,
b9010cd9dbda49a3a9f43b69b61a03f7,2026-01-01T20:00:00Z/2026-01-01T21:00:00Z,112233445566,2026-01-01T00:00:00Z,2026-02-01T00:00:00Z,AWS,112233445566,Usage,2026-01-01T20:00:00Z,2026-01-01T21:00:00Z,AmazonVPC,USE1-VPN-Usage-Hours,CreateVpnConnection,,arn:aws:ec2:us-east-1:112233445566:vpn-connection/vpn-b7f704e2,1.0,,,0.05,0.050283,0.05,0.050283,Hrs,0.05,0.050283,Amazon Virtual Private Cloud,,,,,us-east-1,AmazonVPC,,,,,,,,,,,,,,,,,,,,,
da3494e5cc0d4a47bcc898bdf83f0523,2026-01-02T06:00:00Z/2026-01-02T07:00:00Z,112233445566,2026-01-01T00:00:00Z,2026-02-01T00:00:00Z,AWS,112233445566,Usage,2026-01-02T06:00:00Z,2026-01-02T07:00:00Z,AmazonVPC,USE1-VPN-Usage-Hours,CreateVpnConnection,,arn:aws:ec2:us-east-1:112233445566:vpn-connection/vpn-b7f704e2,1.0,,,0.05,0.050913,0.05,0.050913,Hrs,0.05,0.050913,Amazon Virtual Private Cloud,,,,,us-east-1,AmazonVPC,,,,,,,,,,,,,,,,,,,,,
702459cb979e44488b5a229665611a2a,2026-01-02T16:00:00Z/2026-01-02T17:00:00Z,112233445566,2026-01-01T00:00:00Z,2026-02-01T00:00:00Z,AWS,112233445566,Usage,2026-01-02T16:00:00Z,2026-01-02T17:00:00Z,AmazonVPC,USE1-VPN-Usage-Hours,CreateVpnConnection,,arn:aws:ec2:us-east-1:112233445566:vpn-connection/vpn-b7f704e2,1.0,,,0.05,0.04974,0.05,0.04974,Hrs,0.05,0.04974,Amazon Virtual Private Cloud,,,,,us-east-1,AmazonVPC,,,,,,,,,,,,,,,,,,,,,
d3a8783916c544f7a01f773096a20cf1,2026-01-03T02:00:00Z/2026-01-03T03:00:00Z,112233445566,2026-01-01T00:00:00Z,2026-02-01T00:00:00Z,AWS,112233445566,Usage,2026-01-03T02:00:00Z,2026-01-03T03:00:00Z,AmazonVPC,USE1-VPN-Usage-Hours,CreateVpnConnection,,arn:aws:ec2:us-east-1:112233445566:vpn-connection/vpn-b7f704e2,1.0,,,0.05,0.049961,0.05,0.049961,Hrs,0.05,0.049961,Amazon Virtual Private Cloud,,,,,us-east-1,AmazonVPC,,,,,,,,,,,,,,,,,,,,,
f2d54d9399bf4852a429c5645416f51f,2026-01-03T12:00:00Z/2026-01-03T13:00:00Z,112233445566,2026-01-01T00:00:00Z,2026-02-01T00:00:00Z,AWS,112233445566,Usage,2026-01-03T12:00:00Z,2026-01-03T13:00:00Z,AmazonVPC,USE1-VPN-Usage-Hours,CreateVpnConnection,,arn:aws:ec2:us-east-1:112233445566:vpn-connection/vpn-b7f704e2,1.0,,,0.05,0.050742,0.05,0.050742,Hrs,0.05,0.050742,Amazon Virtual Private Cloud,,,,,us-east-1,AmazonVPC,,,,,,,,,,,,,,,,,,,,,
345d0d6a9f47444d9081e7b858e17867,2026-01-03T22:00:00Z/2026-01-03T23:00:00Z,112233445566,2026-01-01T00:00:00Z,2026-02-01T00:00:00Z,AWS,112233445566,Usage,2026-01-03T22:00:00Z,2026-01-03T23:00:00Z,AmazonVPC,USE1-VPN-Usage-Hours,CreateVpnConnection,,arn:aws:ec2:us-east-1:112233445566:vpn-connection/vpn-b7f704e2,1.0,,,0.05,0.050552,0.05,0.050552,Hrs,0.05,0.050552,Amazon Virtual Private Cloud,,,,,us-east-1,AmazonVPC,,,,,,,,,,,,,,,,,,,,,
a6e3d6f005404c0db7204fb8c655b405,2026-01-04T08:00:00Z/2026-01-04T09:00:00Z,112233445566,2026-01-01T00:00:00Z,2026-02-01T00:00:00Z,AWS,112233445566,Usage,2026-01-04T08:00:00Z,2026-01-04T09:00:00Z,AmazonVPC,USE1-VPN-Usage-Hours,CreateVpnConnection,,arn:aws:ec2:us-east-1:112233445566:vpn-connection/vpn-b7f704e2,1.0,,,0.05,0.049016,0.05,0.049016,Hrs,0.05,0.049016,Amazon Virtual Private Cloud,,,,,us-east-1,AmazonVPC,,,,,,,,,,,,,,,,,,,,,
9827685874514e97b4ed0c256c2224c2,2026-01-04T18:00:00Z/2026-01-04T19:00:00Z,112233445566,2026-01-01T00:00:00Z,2026-02-01T00:00:00Z,AWS,112233445566,Usage,2026-01-04T18:00:00Z,2026-01-04T19:00:00Z,AmazonVPC,USE1-VPN-Usage-Hours,CreateVpnConnection,,arn:aws:ec2:us-east-1:112233445566:vpn-connection/vpn-b7f704e2,1.0,,,0.05,0.050621,0.05,0.050621,Hrs,0.05,0.050621,Amazon Virtual Private Cloud,,,,,us-east-1,AmazonVPC,,,,,,,,,,,,,,,,,,,,,
fa6f307b60c549efa5fe3bc3f5d2af5e,2026-01-05T04:00:00Z/2026-01-05T05:00:00Z,112233445566,2026-01-01T00:00:00Z,2026-02-01T00:00:00Z,AWS,112233445566,Usage,2026-01-05T04:00:00Z,2026-01-05T05:00:00Z,AmazonVPC,USE1-VPN-Usage-Hours,CreateVpnConnection,,arn:aws:ec2:us-east-1:112233445566:vpn-connection/vpn-b7f704e2,1.0,,,0.05,0.050228,0.05,0.050228,Hrs,0.05,0.050228,Amazon Virtual Private Cloud,,,,,us-east-1,AmazonVPC,,,,,,,,,,,,,,,,,,,,,
bc2694f713c546d48778dbb152879ce2,2026-01-05T14:00:00Z/2026-01-05T15:00:00Z,112233445566,2026-01-01T00:00:00Z,2026-02-01T00:00:00Z,AWS,112233445566,Usage,2026-01-05T14:00:00Z,2026-01-05T15:00:00Z,AmazonVPC,USE1-VPN-Usage-Hours,CreateVpnConnection,,arn:aws:ec2:us-east-1:112233445566:vpn-connection/vpn-b7f704e2,1.0,,,0.05,0.049902,0.05,0.049902,Hrs,0.05,0.049902,Amazon Virtual Private Cloud,,,,,us-east-1,AmazonVPC,,,,,,,,,,,,,,,,,,,,,
2e37504707254254841904f0ffba65eb,2026-01-06T00:00:00Z/2026-01-06T01:00:00Z,112233445566,2026-01-01T00:00:00Z,2026-02-01T00:00:00Z,AWS,112233445566,Usage,2026-01-06T00:00:00Z,2026-01-06T01:00:00Z,AmazonVPC,USE1-VPN-Usage-Hours,CreateVpnConnection,,arn:aws:ec2:us-east-1:112233445566:vpn-connection/vpn-b7f704e2,1.0,,,0.05,0.050461,0.05,0.050461,Hrs,0.05,0.050461,Amazon Virtual Private Cloud,,,,,us-east-1,AmazonVPC,,,,,,,,,,,,,,,,,,,,,
5ef8d7feb49444288771f7b1bd3a2cea,2026-01-06T10:00:00Z/2026-01-06T11:00:00Z,112233445566,2026-01-01T00:00:00Z,2026-02-01T00:00:00Z,AWS,112233445566,Usage,2026-01-06T10:00:00Z,2026-01-06T11:00:00Z,AmazonVPC,USE1-VPN-Usage-Hours,CreateVpnConnection,,arn:aws:ec2:us-east-1:112233445566:vpn-connection/vpn-b7f704e2,1.0,,,0.05,0.050135,0.05,0.050135,Hrs,0.05,0.050135,Amazon Virtual Private Cloud,,,,,us-east-1,AmazonVPC,,,,,,,,,,,,,,,,,,,,,
a13ec12b6bf94776b30f98f95c4a6234,2026-01-06T20:00:00Z/2026-01-06T21:00:00Z,112233445566,2026-01-01T00:00:00Z,2026-02-01T00:00:00Z,AWS,112233445566,Usage,2026-01-06T20:00:00Z,2026-01-06T21:00:00Z,AmazonVPC,USE1-VPN-Usage-Hours,CreateVpnConnection,,arn:aws:ec2:us-east-1:112233445566:vpn-connection/vpn-b7f704e2,1.0,,,0.05,0.050138,0.05,0.050138,Hrs,0.05,0.050138,Amazon Virtual Private Cloud,,,,,us-east-1,AmazonVPC,,,,,,,,,,,,,,,,,,,,,
a6b12076ffd44782a7791f768b02e9c1,2026-01-07T06:00:00Z/2026-01-07T07:00:00Z,112233445566,2026-01-01T00:00:00Z,2026-02-01T00:00:00Z,AWS,112233445566,Usage,2026-01-07T06:00:00Z,2026-01-07T07:00:00Z,AmazonVPC,USE1-VPN-Usage-Hours,CreateVpnConnection,,arn:aws:ec2:us-east-1:112233445566:vpn-connection/vpn-b7f704e2,1.0,,,0.05,0.049259,0.05,0.049259,Hrs,0.05,0.049259,Amazon Virtual Private Cloud,,,,,us-east-1,AmazonVPC,,,,,,,,,,,,,,,,,,,,,
f178f509f31d4f14b5d1bd1e5337b394,2026-01-07T16:00:00Z/2026-01-07T17:00:00Z,112233445566,2026-01-01T00:00:00Z,2026-02-01T00:00:00Z,AWS,112233445566,Usage,2026-01-07T16:00:00Z,2026-01-07T17:00:00Z,AmazonVPC,USE1-VPN-Usage-Hours,CreateVpnConnection,,arn:aws:ec2:us-east-1:112233445566:vpn-connection/vpn-b7f704e2,1.0,,,0.05,0.049301,0.05,0.049301,Hrs,0.05,0.049301,Amazon Virtual Private Cloud,,,,,us-east-1,AmazonVPC,,,,,,,,,,,,,,,,,,,,,
133da059f14245b28e9251ffde17dd33,2026-01-08T02:00:00Z/2026-01-08T03:00:00Z,112233445566,2026-01-01T00:00:00Z,2026-02-01T00:00:00Z,AWS,112233445566,Usage,2026-01-08T02:00:00Z,2026-01-08T03:00:00Z,AmazonVPC,USE1-VPN-Usage-Hours,CreateVpnConnection,,arn:aws:ec2:us-east-1:112233445566:vpn-connection/vpn-b7f704e2,1.0,,,0.05,0.049024,0.05,0.049024,Hrs,0.05,0.049024,Amazon Virtual Private Cloud,,,,,us-east-1,AmazonVPC,,,,,,,,,,,,,,,,,,,,,
e8f626a5d1374efe9fc72811ce1285a9,2026-01-08T12:00:00Z/2026-01-08T13:00:00Z,112233445566,2026-01-01T00:00:00Z,2026-02-01T00:00:00Z,AWS,112233445566,Usage,2026-01-08T12:00:00Z,2026-01-08T13:00:00Z,AmazonVPC,USE1-VPN-Usage-Hours,CreateVpnConnection,,arn:aws:ec2:us-east-1:112233445566:vpn-connection/vpn-b7f704e2,1.0,,,0.05,0.050742,0.05,0.050742,Hrs,0.05,0.050742,Amazon Virtual Private Cloud,,,,,us-east-1,AmazonVPC,,,,,,,,,,,,,,,,,,,,,
d48836631e204dd7a417304d3a3e8c76,2026-01-08T22:00:00Z/2026-01-08T23:00:00Z,112233445566,2026-01-01T00:00:00Z,2026-02-01T00:00:00Z,AWS,112233445566,Usage,2026-01-08T22:00:00Z,2026-01-08T23:00:00Z,AmazonVPC,USE1-VPN-Usage-Hours,CreateVpnConnection,,arn:aws:ec2:us-east-1:112233445566:vpn-connection/vpn-b7f704e2,1.0,,,0.05,0.049943,0.05,0.049943,Hrs,0.05,0.049943,Amazon Virtual Private Cloud,,,,,us-east-1,AmazonVPC,,,,,,,,,,,,,,,,,,,,,
e6e35cc45d8c4b229ca1ed087215cbcd,2026-01-09T08:00:00Z/2026-01-09T09:00:00Z,112233445566,2026-01-01T00:00:00Z,2026-02-01T00:00:00Z,AWS,112233445566,Usage,2026-01-09T08:00:00Z,2026-01-09T09:00:00Z,AmazonVPC,USE1-VPN-Usage-Hours,CreateVpnConnection,,arn:aws:ec2:us-east-1:112233445566:vpn-connection/vpn-b7f704e2,1.0,,,0.05,0.049993,0.05,0.049993,Hrs,0.05,0.049993,Amazon Virtual Private Cloud,,,,,us-east-1,AmazonVPC,,,,,,,,,,,,,,,,,,,,,
a0d16327db1d40ad85edac85443b2c4a,2026-01-09T18:00:00Z/2026-01-09T19:00:00Z,112233445566,2026-01-01T00:00:00Z,2026-02-01T00:00:00Z,AWS,112233445566,Usage,2026-01-09T18:00:00Z,2026-01-09T19:00:00Z,AmazonVPC,USE1-VPN-Usage-Hours,CreateVpnConnection,,arn:aws:ec2:us-east-1:112233445566:vpn-connection/vpn-b7f704e2,1.0,,,0.05,0.050501,0.05,0.050501,Hrs,0.05,0.050501,Amazon Virtual Private Cloud,,,,,us-east-1,AmazonVPC,,,,,,,,,,,,,,,,,,,,,
3fae0f55c990453cb93f3f86071afbce,2026-01-10T04:00:00Z/2026-01-10T05:00:00Z,112233445566,2026-01-01T00:00:00Z,2026-02-01T00:00:00Z,AWS,112233445566,Usage,2026-01-10T04:00:00Z,2026-01-10T05:00:00Z,AmazonVPC,USE1-VPN-Usage-Hours,CreateVpnConnection,,arn:aws:ec2:us-east-1:112233445566:vpn-connection/vpn-b7f704e2,1.0,,,0.05,0.04916,0.05,0.04916,Hrs,0.05,0.04916,Amazon Virtual Private Cloud,,,,,us-east-1,AmazonVPC,,,,,,,,,,,,,,,,,,,,,
10e6073decd0464e9f32811a3861dc52,2026-01-10T14:00:00Z/2026-01-10T15:00:00Z,112233445566,2026-01-01T00:00:00Z,2026-02-01T00:00:00Z,AWS,112233445566,Usage,2026-01-10T14:00:00Z,2026-01-10T15:00:00Z,AmazonVPC,USE1-VPN-Usage-Hours,CreateVpnConnection,,arn:aws:ec2:us-east-1:112233445566:vpn-connection/vpn-b7f704e2,1.0,,,0.05,0.050387,0.05,0.050387,Hrs,0.05,0.050387,Amazon Virtual Private Cloud,,,,,us-east-1,AmazonVPC,,,,,,,,,,,,,,,,,,,,,
5cb7379a26f142a88c7d07398cd688dd,2026-01-11T00:00:00Z/2026-01-11T01:00:00Z,112233445566,2026-01-01T00:00:00Z,2026-02-01T00:00:00Z,AWS,112233445566,Usage,2026-01-11T00:00:00Z,2026-01-11T01:00:00Z,AmazonVPC,USE1-VPN-Usage-Hours,CreateVpnConnection,,arn:aws:ec2:us-east-1:112233445566:vpn-connection/vpn-b7f704e2,1.0,,,0.05,0.049548,0.05,0.049548,Hrs,0.05,0.049548,Amazon Virtual Private Cloud,,,,,us-east-1,AmazonVPC,,,,,,,,,,,,,,,,,,,,,
3c4238f97a724762bf6ef4aab59f4e93,2026-01-11T10:00:00Z/2026-01-11T11:00:00Z,112233445566,2026-01-01T00:00:00Z,2026-02-01T00:00:00Z,AWS,112233445566,Usage,2026-01-11T10:00:00Z,2026-01-11T11:00:00Z,AmazonVPC,USE1-VPN-Usage-Hours,CreateVpnConnection,,arn:aws:ec2:us-east-1:112233445566:vpn-connection/vpn-b7f704e2,1.0,,,0.05,0.050144,0.05,0.050144,Hrs,0.05,0.050144,Amazon Virtual Private Cloud,,,,,us-east-1,AmazonVPC,,,,,,,,,,,,,,,,,,,,,
1a42e469871f438ca98ef1ddf91b49df,2026-01-11T20:00:00Z/2026-01-11T21:00:00Z,112233445566,2026-01-01T00:00:00Z,2026-02-01T00:00:00Z,AWS,112233445566,Usage,2026-01-11T20:00:00Z,2026-01-11T21:00:00Z,AmazonVPC,USE1-VPN-Usage-Hours,CreateVpnConnection,,arn:aws:ec2:us-east-1:112233445566:vpn-connection/vpn-b7f704e2,1.0,,,0.05,0.050009,0.05,0.050009,Hrs,0.05,0.050009,Amazon Virtual Private Cloud,,,,,us-east-1,AmazonVPC,,,,,,,,,,,,,,,,,,,,,
d953dfd6f73b4cad80c438c9d6804213,2026-01-12T06:00:00Z/2026-01-12T07:00:00Z,112233445566,2026-01-01T00:00:00Z,2026-02-01T00:00:00Z,AWS,112233445566,Usage,2026-01-12T06:00:00Z,2026-01-12T07:00:00Z,AmazonVPC,USE1-VPN-Usage-Hours,CreateVpnConnection,,arn:aws:ec2:us-east-1:112233445566:vpn-connection/vpn-b7f704e2,1.0,,,0.05,0.050921,0.05,0.050921,Hrs,0.05,0.050921,Amazon Virtual Private Cloud,,,,,us-east-1,AmazonVPC,,,,,,,,,,,,,,,,,,,,,
92705651ef3544de982b33c0b01b9386,2026-01-12T16:00:00Z/2026-01-12T17:00:00Z,112233445566,2026-01-01T00:00:00Z,2026-02-01T00:00:00Z,AWS,112233445566,Usage,2026-01-12T16:00:00Z,2026-01-12T17:00:00Z,AmazonVPC,USE1-VPN-Usage-Hours,CreateVpnConnection,,arn:aws:ec2:us-east-1:112233445566:vpn-connection/vpn-b7f704e2,1.0,,,0.05,0.049862,0.05,0.049862,Hrs,0.05,0.049862,Amazon Virtual Private Cloud,,,,,us-east-1,AmazonVPC,,,,,,,,,,,,,,,,,,,,,
8c5b92f512d24c0eb15930d2479181ee,2026-01-13T02:00:00Z/2026-01-13T03:00:00Z,112233445566,2026-01-01T00:00:00Z,2026-02-01T00:00:00Z,AWS,112233445566,Usage,2026-01-13T02:00:00Z,2026-01-13T03:00:00Z,AmazonVPC,USE1-VPN-Usage-Hours,CreateVpnConnection,,arn:aws:ec2:us-east-1:112233445566:vpn-connection/vpn-b7f704e2,1.0,,,0.05,0.050597,0.05,0.050597,Hrs,0.05,0.050597,Amazon Virtual Private Cloud,,,,,us-east-1,AmazonVPC,,,,,,,,,,,,,,,,,,,,,
7929b40b4c794f8b853d333ee1407da2,2026-01-13T12:00:00Z/2026-01-13T13:00:00Z,112233445566,2026-01-01T00:00:00Z,2026-02-01T00:00:00Z,AWS,112233445566,Usage,2026-01-13T12:00:00Z,2026-01-13T13:00:00Z,AmazonVPC,USE1-VPN-Usage-Hours,CreateVpnConnection,,arn:aws:ec2:us-east-1:112233445566:vpn-connection/vpn-b7f704e2,1.0,,,0.05,0.049975,0.05,0.049975,Hrs,0.05,0.049975,Amazon Virtual Private Cloud,,,,,us-east-1,AmazonVPC,,,,,,,,,,,,,,,,,,,,,
afe5742ee57642019f4d59475f25a034,2026-01-13T22:00:00Z/2026-01-13T23:00:00Z,112233445566,2026-01-01T00:00:00Z,2026-02-01T00:00:00Z,AWS,112233445566,Usage,2026-01-13T22:00:00Z,2026-01-13T23:00:00Z,AmazonVPC,USE1-VPN-Usage-Hours,CreateVpnConnection,,arn:aws:ec2:us-east-1:112233445566:vpn-connection/vpn-b7f704e2,1.0,,,0.05,0.049628,0.05,0.049628,Hrs,0.05,0.049628,Amazon Virtual Private Cloud,,,,,us-east-1,AmazonVPC,,,,,,,,,,,,,,,,,,,,,
d0cff41cbd504e8bb75ce5e6023fb3e7,2026-01-14T08:00:00Z/2026-01-14T09:00:00Z,112233445566,2026-01-01T00:00:00Z,2026-02-01T00:00:00Z,AWS,112233445566,Usage,2026-01-14T08:00:00Z,2026-01-14T09:00:00Z,AmazonVPC,USE1-VPN-Usage-Hours,CreateVpnConnection,,arn:aws:ec2:us-east-1:112233445566:vpn-connection/vpn-b7f704e2,1.0,,,0.05,0.049252,0.05,0.049252,Hrs,0.05,0.049252,Amazon Virtual Private Cloud,,,,,us-east-1,AmazonVPC,,,,,,,,,,,,,,,,,,,,,
0d747320fb8741bab4514e279aae99f1,2026-01-14T18:00:00Z/2026-01-14T19:00:00Z,112233445566,2026-01-01T00:00:00Z,2026-02-01T00:00:00Z,AWS,112233445566,Usage,2026-01-14T18:00:00Z,2026-01-14T19:00:00Z,AmazonVPC,USE1-VPN-Usage-Hours,CreateVpnConnection,,arn:aws:ec2:us-east-1:112233445566:vpn-connection/vpn-b7f704e2,1.0,,,0.05,0.049619,0.05,0.049619,Hrs,0.05,0.049619,Amazon Virtual Private Cloud,,,,,us-east-1,AmazonVPC,,,,,,,,,,,,,,,,,,,,,
81467bf783364f4c829ccd2686fb4843,2026-01-15T04:00:00Z/2026-01-15T05:00:00Z,112233445566,2026-01-01T00:00:00Z,2026-02-01T00:00:00Z,AWS,112233445566,Usage,2026-01-15T04:00:00Z,2026-01-15T05:00:00Z,AmazonVPC,USE1-VPN-Usage-Hours,CreateVpnConnection,,arn:aws:ec2:us-east-1:112233445566:vpn-connection/vpn-b7f704e2,1.0,,,0.05,0.050597,0.05,0.050597,Hrs,0.05,0.050597,Amazon Virtual Private Cloud,,,,,us-east-1,AmazonVPC,,,,,,,,,,,,,,,,,,,,,
ef06a841ab61453fb889b658ba47a52f,2026-01-15T14:00:00Z/2026-01-15T15:00:00Z,112233445566,2026-01-01T00:00:00Z,2026-02-01T00:00:00Z,AWS,112233445566,Usage,2026-01-15T14:00:00Z,2026-01-15T15:00:00Z,AmazonVPC,USE1-VPN-Usage-Hours,CreateVpnConnection,,arn:aws:ec2:us-east-1:112233445566:vpn-connection/vpn-b7f704e2,1.0,,,0.05,0.050097,0.05,0.050097,Hrs,0.05,0.050097,Amazon Virtual Private Cloud,,,,,us-east-1,AmazonVPC,,,,,,,,,,,,,,,,,,,,,
01a6c2ae404047f88b5b1d7f8faf43e6,2026-01-16T00:00:00Z/2026-01-16T01:00:00Z,112233445566,2026-01-01T00:00:00Z,2026-02-01T00:00:00Z,AWS,112233445566,Usage,2026-01-16T00:00:00Z,2026-01-16T01:00:00Z,AmazonVPC,USE1-VPN-Usage-Hours,CreateVpnConnection,,arn:aws:ec2:us-east-1:112233445566:vpn-connection/vpn-b7f704e2,1.0,,,0.05,0.049428,0.05,0.049428,Hrs,0.05,0.049428,Amazon Virtual Private Cloud,,,,,us-east-1,AmazonVPC,,,,,,,,,,,,,,,,,,,,,
557e00bae8e04bcf91c8aa750643000b,2026-01-16T10:00:00Z/2026-01-16T11:00:00Z,112233445566,2026-01-01T00:00:00Z,2026-02-01T00:00:00Z,AWS,112233445566,Usage,2026-01-16T10:00:00Z,2026-01-16T11:00:00Z,AmazonVPC,USE1-VPN-Usage-Hours,CreateVpnConnection,,arn:aws:ec2:us-east-1:112233445566:vpn-connection/vpn-b7f704e2,1.0,,,0.05,0.050226,0.05,0.050226,Hrs,0.05,0.050226,Amazon Virtual Private Cloud,,,,,us-east-1,AmazonVPC,,,,,,,,,,,,,,,,,,,,,
96563b4321994a068e0d554b4553ca6f,2026-01-16T20:00:00Z/2026-01-16T21:00:00Z,112233445566,2026-01-01T00:00:00Z,2026-02-01T00:00:00Z,AWS,112233445566,Usage,2026-01-16T20:00:00Z,2026-01-16T21:00:00Z,AmazonVPC,USE1-VPN-Usage-Hours,CreateVpnConnection,,arn:aws:ec2:us-east-1:112233445566:vpn-connection/vpn-b7f704e2,1.0,,,0.05,0.049875,0.05,0.049875,Hrs,0.05,0.049875,Amazon Virtual Private Cloud,,,,,us-east-1,AmazonVPC,,,,,,,,,,,,,,,,,,,,,
83c90b8f857f42d198f2821680e6e6fa,2026-01-17T06:00:00Z/2026-01-17T07:00:00Z,112233445566,2026-01-01T00:00:00Z,2026-02-01T00:00:00Z,AWS,112233445566,Usage,2026-01-17T06:00:00Z,2026-01-17T07:00:00Z,AmazonVPC,USE1-VPN-Usage-Hours,CreateVpnConnection,,arn:aws:ec2:us-east-1:112233445566:vpn-connection/vpn-b7f704e2,1.0,,,0.05,0.050417,0.05,0.050417,Hrs,0.05,0.050417,Amazon Virtual Private Cloud,,,,,us-east-1,AmazonVPC,,,,,,,,,,,,,,,,,,,,,
31bfc722e647421c831131f8aa15cffb,2026-01-17T16:00:00Z/2026-01-17T17:00:00Z,112233445566,2026-01-01T00:00:00Z,2026-02-01T00:00:00Z,AWS,112233445566,Usage,2026-01-17T16:00:00Z,2026-01-17T17:00:00Z,AmazonVPC,USE1-VPN-Usage-Hours,CreateVpnConnection,,arn:aws:ec2:us-east-1:112233445566:vpn-connection/vpn-b7f704e2,1.0,,,0.05,0.049638,0.05,0.049638,Hrs,0.05,0.049638,Amazon Virtual Private Cloud,,,,,us-east-1,AmazonVPC,,,,,,,,,,,,,,,,,,,,,
6f85eee04c94425a92bda737af13c78e,2026-01-18T02:00:00Z/2026-01-18T03:00:00Z,112233445566,2026-01-01T00:00:00Z,2026-02-01T00:00:00Z,AWS,112233445566,Usage,2026-01-18T02:00:00Z,2026-01-18T03:00:00Z,AmazonVPC,USE1-VPN-Usage-Hours,CreateVpnConnection,,arn:aws:ec2:us-east-1:112233445566:vpn-connection/vpn-b7f704e2,1.0,,,0.05,0.049046,0.05,0.049046,Hrs,0.05,0.049046,Amazon Virtual Private Cloud,,,,,us-east-1,AmazonVPC,,,,,,,,,,,,,,,,,,,,,
3ab6eafc726b4ab29b59385c40b80870,2026-01-18T12:00:00Z/2026-01-18T13:00:00Z,112233445566,2026-01-01T00:00:00Z,2026-02-01T00:00:00Z,AWS,112233445566,Usage,2026-01-18T12:00:00Z,2026-01-18T13:00:00Z,AmazonVPC,USE1-VPN-Usage-Hours,CreateVpnConnection,,arn:aws:ec2:us-east-1:112233445566:vpn-connection/vpn-b7f704e2,1.0,,,0.05,0.049915,0.05,0.049915,Hrs,0.05,0.049915,Amazon Virtual Private Cloud,,,,,us-east-1,AmazonVPC,,,,,,,,,,,,,,,,,,,,,
5a4fca083b5c45b9bf5ddb2154d3be8e,2026-01-18T22:00:00Z/2026-01-18T23:00:00Z,112233445566,2026-01-01T00:00:00Z,2026-02-01T00:00:00Z,AWS,112233445566,Usage,2026-01-18T22:00:00Z,2026-01-18T23:00:00Z,AmazonVPC,USE1-VPN-Usage-Hours,CreateVpnConnection,,arn:aws:ec2:us-east-1:112233445566:vpn-connection/vpn-b7f704e2,1.0,,,0.05,0.049209,0.05,0.049209,Hrs,0.05,0.049209,Amazon Virtual Private Cloud,,,,,us-east-1,AmazonVPC,,,,,,,,,,,,,,,,,,,,,
a619a90e31b74fdba36395e740617342,2026-01-19T08:00:00Z/2026-01-19T09:00:00Z,112233445566,2026-01-01T00:00:00Z,2026-02-01T00:00:00Z,AWS,112233445566,Usage,2026-01-19T08:00:00Z,2026-01-19T09:00:00Z,AmazonVPC,USE1-VPN-Usage-Hours,CreateVpnConnection,,arn:aws:ec2:us-east-1:112233445566:vpn-connection/vpn-b7f704e2,1.0,,,0.05,0.050634,0.05,0.050634,Hrs,0.05,0.050634,Amazon Virtual Private Cloud,,,,,us-east-1,AmazonVPC,,,,,,,,,,,,,,,,,,,,,
823a0a9ed9ca434abfe7dae45977616c,2026-01-19T18:00:00Z/2026-01-19T19:00:00Z,112233445566,2026-01-01T00:00:00Z,2026-02-01T00:00:00Z,AWS,112233445566,Usage,2026-01-19T18:00:00Z,2026-01-19T19:00:00Z,AmazonVPC,USE1-VPN-Usage-Hours,CreateVpnConnection,,arn:aws:ec2:us-east-1:112233445566:vpn-connection/vpn-b7f704e2,1.0,,,0.05,0.049118,0.05,0.049118,Hrs,0.05,0.049118,Amazon Virtual Private Cloud,,,,,us-east-1,AmazonVPC,,,,,,,,,,,,,,,,,,,,,
99909c7eb9a34e8bb09ba1a4ab13144b,2026-01-20T04:00:00Z/2026-01-20T05:00:00Z,112233445566,2026-01-01T00:00:00Z,2026-02-01T00:00:00Z,AWS,112233445566,Usage,2026-01-20T04:00:00Z,2026-01-20T05:00:00Z,AmazonVPC,USE1-VPN-Usage-Hours,CreateVpnConnection,,arn:aws:ec2:us-east-1:112233445566:vpn-connection/vpn-b7f704e2,1.0,,,0.05,0.049715,0.05,0.049715,Hrs,0.05,0.049715,Amazon Virtual Private Cloud,,,,,us-east-1,AmazonVPC,,,,,,,,,,,,,,,,,,,,,
9e86e43620ff450597d9eb2d95cd6c76,2026-01-20T14:00:00Z/2026-01-20T15:00:00Z,112233445566,2026-01-01T00:00:00Z,2026-02-01T00:00:00Z,AWS,112233445566,Usage,2026-01-20T14:00:00Z,2026-01-20T15:00:00Z,AmazonVPC,USE1-VPN-Usage-Hours,CreateVpnConnection,,arn:aws:ec2:us-east-1:112233445566:vpn-connection/vpn-b7f704e2,1.0,,,0.05,0.049355,0.05,0.049355,Hrs,0.05,0.049355,Amazon Virtual Private Cloud,,,,,us-east-1,AmazonVPC,,,,,,,,,,,,,,,,,,,,,
b4e91c080cfb4433870f119aad7fa938,2026-01-21T00:00:00Z/2026-01-21T01:00:00Z,112233445566,2026-01-01T00:00:00Z,2026-02-01T00:00:00Z,AWS,112233445566,Usage,2026-01-21T00:00:00Z,2026-01-21T01:00:00Z,AmazonVPC,USE1-VPN-Usage-Hours,CreateVpnConnection,,arn:aws:ec2:us-east-1:112233445566:vpn-connection/vpn-b7f704e2,1.0,,,0.05,0.049757,0.05,0.049757,Hrs,0.05,0.049757,Amazon Virtual Private Cloud,,,,,us-east-1,AmazonVPC,,,,,,,,,,,,,,,,,,,,,
a2822e2b539d4b17aa489b070cae67bc,2026-01-21T10:00:00Z/2026-01-21T11:00:00Z,112233445566,2026-01-01T00:00:00Z,2026-02-01T00:00:00Z,AWS,112233445566,Usage,2026-01-21T10:00:00Z,2026-01-21T11:00:00Z,AmazonVPC,USE1-VPN-Usage-Hours,CreateVpnConnection,,arn:aws:ec2:us-east-1:112233445566:vpn-connection/vpn-b7f704e2,1.0,,,0.05,0.050773,0.05,0.050773,Hrs,0.05,0.050773,Amazon Virtual Private Cloud,,,,,us-east-1,AmazonVPC,,,,,,,,,,,,,,,,,,,,,
d69fede43cb940c9bfc580de567786d5,2026-01-21T20:00:00Z/2026-01-21T21:00:00Z,112233445566,2026-01-01T00:00:00Z,2026-02-01T00:00:00Z,AWS,112233445566,Usage,2026-01-21T20:00:00Z,2026-01-21T21:00:00Z,AmazonVPC,USE1-VPN-Usage-Hours,CreateVpnConnection,,arn:aws:ec2:us-east-1:112233445566:vpn-connection/vpn-b7f704e2,1.0,,,0.05,0.049665,0.05,0.049665,Hrs,0.05,0.049665,Amazon Virtual Private Cloud,,,,,us-east-1,AmazonVPC,,,,,,,,,,,,,,,,,,,,,
77b43b3ef35543cabe311f8811c0afa6,2026-01-22T06:00:00Z/2026-01-22T07:00:00Z,112233445566,2026-01-01T00:00:00Z,2026-02-01T00:00:00Z,AWS,112233445566,Usage,2026-01-22T06:00:00Z,2026-01-22T07:00:00Z,AmazonVPC,USE1-VPN-Usage-Hours,CreateVpnConnection,,arn:aws:ec2:us-east-1:112233445566:vpn-connection/vpn-b7f704e2,1.0,,,0.05,0.049374,0.05,0.049374,Hrs,0.05,0.049374,Amazon Virtual Private Cloud,,,,,us-east-1,AmazonVPC,,,,,,,,,,,,,,,,,,,,,
37d3374185fa4e03b4eef0957947fc32,2026-01-22T16:00:00Z/2026-01-22T17:00:00Z,112233445566,2026-01-01T00:00:00Z,2026-02-01T00:00:00Z,AWS,112233445566,Usage,2026-01-22T16:00:00Z,2026-01-22T17:00:00Z,AmazonVPC,USE1-VPN-Usage-Hours,CreateVpnConnection,,arn:aws:ec2:us-east-1:112233445566:vpn-connection/vpn-b7f704e2,1.0,,,0.05,0.050446,0.05,0.050446,Hrs,0.05,0.050446,Amazon Virtual Private Cloud,,,,,us-east-1,AmazonVPC,,,,,,,,,,,,,,,,,,,,,
7a4504cfc5814c2ab1ffdd1495c8af2d,2026-01-23T02:00:00Z/2026-01-23T03:00:00Z,112233445566,2026-01-01T00:00:00Z,2026-02-01T00:00:00Z,AWS,112233445566,Usage,2026-01-23T02:00:00Z,2026-01-23T03:00:00Z,AmazonVPC,USE1-VPN-Usage-Hours,CreateVpnConnection,,arn:aws:ec2:us-east-1:112233445566:vpn-connection/vpn-b7f704e2,1.0,,,0.05,0.050674,0.05,0.050674,Hrs,0.05,0.050674,Amazon Virtual Private Cloud,,,,,us-east-1,AmazonVPC,,,,,,,,,,,,,,,,,,,,,
4d650f1a8c744113ba1f7cd5bd4fee47,2026-01-23T12:00:00Z/2026-01-23T13:00:00Z,112233445566,2026-01-01T00:00:00Z,2026-02-01T00:00:00Z,AWS,112233445566,Usage,2026-01-23T12:00:00Z,2026-01-23T13:00:00Z,AmazonVPC,USE1-VPN-Usage-Hours,CreateVpnConnection,,arn:aws:ec2:us-east-1:112233445566:vpn-connection/vpn-b7f704e2,1.0,,,0.05,0.050954,0.05,0.050954,Hrs,0.05,0.050954,Amazon Virtual Private Cloud,,,,,us-east-1,AmazonVPC,,,,,,,,,,,,,,,,,,,,,
1296025813b342a3957312cf621ac58f,2026-01-23T22:00:00Z/2026-01-23T23:00:00Z,112233445566,2026-01-01T00:00:00Z,2026-02-01T00:00:00Z,AWS,112233445566,Usage,2026-01-23T22:00:00Z,2026-01-23T23:00:00Z,AmazonVPC,USE1-VPN-Usage-Hours,CreateVpnConnection,,arn:aws:ec2:us-east-1:112233445566:vpn-connection/vpn-b7f704e2,1.0,,,0.05,0.049796,0.05,0.049796,Hrs,0.05,0.049796,Amazon Virtual Private Cloud,,,,,us-east-1,AmazonVPC,,,,,,,,,,,,,,,,,,,,,
fa7e00bcb45f4918bf64a67b8296ada3,2026-01-24T08:00:00Z/2026-01-24T09:00:00Z,112233445566,2026-01-01T00:00:00Z,2026-02-01T00:00:00Z,AWS,112233445566,Usage,2026-01-24T08:00:00Z,2026-01-24T09:00:00Z,AmazonVPC,USE1-VPN-Usage-Hours,CreateVpnConnection,,arn:aws:ec2:us-east-1:112233445566:vpn-connection/vpn-b7f704e2,1.0,,,0.05,0.049029,0.05,0.049029,Hrs,0.05,0.049029,Amazon Virtual Private Cloud,,,,,us-east-1,AmazonVPC,,,,,,,,,,,,,,,,,,,,,
36861e44e5154336b24b4d9f7b25ee27,2026-01-24T18:00:00Z/2026-01-24T19:00:00Z,112233445566,2026-01-01T00:00:00Z,2026-02-01T00:00:00Z,AWS,112233445566,Usage,2026-01-24T18:00:00Z,2026-01-24T19:00:00Z,AmazonVPC,USE1-VPN-Usage-Hours,CreateVpnConnection,,arn:aws:ec2:us-east-1:112233445566:vpn-connection/vpn-b7f704e2,1.0,,,0.05,0.049543,0.05,0.049543,Hrs,0.05,0.049543,Amazon Virtual Private Cloud,,,,,us-east-1,AmazonVPC,,,,,,,,,,,,,,,,,,,,,
3db8f26aaf364ec8b4c331fb6f8dcdce,2026-01-25T04:00:00Z/2026-01-25T05:00:00Z,112233445566,2026-01-01T00:00:00Z,2026-02-01T00:00:00Z,AWS,112233445566,Usage,2026-01-25T04:00:00Z,2026-01-25T05:00:00Z,AmazonVPC,USE1-VPN-Usage-Hours,CreateVpnConnection,,arn:aws:ec2:us-east-1:112233445566:vpn-connection/vpn-b7f704e2,1.0,,,0.05,0.049332,0.05,0.049332,Hrs,0.05,0.049332,Amazon Virtual Private Cloud,,,,,us-east-1,AmazonVPC,,,,,,,,,,,,,,,,,,,,,
ac74c1d3111d40d18f63f4e0cb0d3bd8,2026-01-25T14:00:00Z/2026-01-25T15:00:00Z,112233445566,2026-01-01T00:00:00Z,2026-02-01T00:00:00Z,AWS,112233445566,Usage,2026-01-25T14:00:00Z,2026-01-25T15:00:00Z,AmazonVPC,USE1-VPN-Usage-Hours,CreateVpnConnection,,arn:aws:ec2:us-east-1:112233445566:vpn-connection/vpn-b7f704e2,1.0,,,0.05,0.050575,0.05,0.050575,Hrs,0.05,0.050575,Amazon Virtual Private Cloud,,,,,us-east-1,AmazonVPC,,,,,,,,,,,,,,,,,,,,,
b3006e3e1cc2458ca45b3b3cdd05b5da,2026-01-26T00:00:00Z/2026-01-26T01:00:00Z,112233445566,2026-01-01T00:00:00Z,2026-02-01T00:00:00Z,AWS,112233445566,Usage,2026-01-26T00:00:00Z,2026-01-26T01:00:00Z,AmazonVPC,USE1-VPN-Usage-Hours,CreateVpnConnection,,arn:aws:ec2:us-east-1:112233445566:vpn-connection/vpn-b7f704e2,1.0,,,0.05,0.049813,0.05,0.049813,Hrs,0.05,0.049813,Amazon Virtual Private Cloud,,,,,us-east-1,AmazonVPC,,,,,,,,,,,,,,,,,,,,,
9635b3d7ae8f4b77949634396812bc0d,2026-01-26T10:00:00Z/2026-01-26T11:00:00Z,112233445566,2026-01-01T00:00:00Z,2026-02-01T00:00:00Z,AWS,112233445566,Usage,2026-01-26T10:00:00Z,2026-01-26T11:00:00Z,AmazonVPC,USE1-VPN-Usage-Hours,CreateVpnConnection,,arn:aws:ec2:us-east-1:112233445566:vpn-connection/vpn-b7f704e2,1.0,,,0.05,0.050022,0.05,0.050022,Hrs,0.05,0.050022,Amazon Virtual Private Cloud,,,,,us-east-1,AmazonVPC,,,,,,,,,,,,,,,,,,,,,
b8c5018577d7453d87051f8a56a18c68,2026-01-26T20:00:00Z/2026-01-26T21:00:00Z,112233445566,2026-01-01T00:00:00Z,2026-02-01T00:00:00Z,AWS,112233445566,Usage,2026-01-26T20:00:00Z,2026-01-26T21:00:00Z,AmazonVPC,USE1-VPN-Usage-Hours,CreateVpnConnection,,arn:aws:ec2:us-east-1:112233445566:vpn-connection/vpn-b7f704e2,1.0,,,0.05,0.050944,0.05,0.050944,Hrs,0.05,0.050944,Amazon Virtual Private Cloud,,,,,us-east-1,AmazonVPC,,,,,,,,,,,,,,,,,,,,,
f5d8630dcfee4627847d715a3360251c,2026-01-27T06:00:00Z/2026-01-27T07:00:00Z,112233445566,2026-01-01T00:00:00Z,2026-02-01T00:00:00Z,AWS,112233445566,Usage,2026-01-27T06:00:00Z,2026-01-27T07:00:00Z,AmazonVPC,USE1-VPN-Usage-Hours,CreateVpnConnection,,arn:aws:ec2:us-east-1:112233445566:vpn-connection/vpn-b7f704e2,1.0,,,0.05,0.050922,0.05,0.050922,Hrs,0.05,0.050922,Amazon Virtual Private Cloud,,,,,us-east-1,AmazonVPC,,,,,,,,,,,,,,,,,,,,,
e7a8179bee1f423b92997d163e7ae2d6,2026-01-27T16:00:00Z/2026-01-27T17:00:00Z,112233445566,2026-01-01T00:00:00Z,2026-02-01T00:00:00Z,AWS,112233445566,Usage,2026-01-27T16:00:00Z,2026-01-27T17:00:00Z,AmazonVPC,USE1-VPN-Usage-Hours,CreateVpnConnection,,arn:aws:ec2:us-east-1:112233445566:vpn-connection/vpn-b7f704e2,1.0,,,0.05,0.050934,0.05,0.050934,Hrs,0.05,0.050934,Amazon Virtual Private Cloud,,,,,us-east-1,AmazonVPC,,,,,,,,,,,,,,,,,,,,,
584c9cf4d21a4693a46971a3f9a6de1f,2026-01-28T02:00:00Z/2026-01-28T03:00:00Z,112233445566,2026-01-01T00:00:00Z,2026-02-01T00:00:00Z,AWS,112233445566,Usage,2026-01-28T02:00:00Z,2026-01-28T03:00:00Z,AmazonVPC,USE1-VPN-Usage-Hours,CreateVpnConnection,,arn:aws:ec2:us-east-1:112233445566:vpn-connection/vpn-b7f704e2,1.0,,,0.05,0.0508,0.05,0.0508,Hrs,0.05,0.0508,Amazon Virtual Private Cloud,,,,,us-east-1,AmazonVPC,,,,,,,,,,,,,,,,,,,,,
ae3688d4fcde4785bf25a39223c0c96e,2026-01-28T12:00:00Z/2026-01-28T13:00:00Z,112233445566,2026-01-01T00:00:00Z,2026-02-01T00:00:00Z,AWS,112233445566,Usage,2026-01-28T12:00:00Z,2026-01-28T13:00:00Z,AmazonVPC,USE1-VPN-Usage-Hours,CreateVpnConnection,,arn:aws:ec2:us-east-1:112233445566:vpn-connection/vpn-b7f704e2,1.0,,,0.05,0.050376,0.05,0.050376,Hrs,0.05,0.050376,Amazon Virtual Private Cloud,,,,,us-east-1,AmazonVPC,,,,,,,,,,,,,,,,,,,,,
cb5c4ccfecc846349593968ac22be10a,2026-01-28T22:00:00Z/2026-01-28T23:00:00Z,112233445566,2026-01-01T00:00:00Z,2026-02-01T00:00:00Z,AWS,112233445566,Usage,2026-01-28T22:00:00Z,2026-01-28T23:00:00Z,AmazonVPC,USE1-VPN-Usage-Hours,CreateVpnConnection,,arn:aws:ec2:us-east-1:112233445566:vpn-connection/vpn-b7f704e2,1.0,,,0.05,0.050105,0.05,0.050105,Hrs,0.05,0.050105,Amazon Virtual Private Cloud,,,,,us-east-1,AmazonVPC,,,,,,,,,,,,,,,,,,,,,
0c5dd16a1b0d4806ab845ba0a77dfb99,2026-01-29T08:00:00Z/2026-01-29T09:00:00Z,112233445566,2026-01-01T00:00:00Z,2026-02-01T00:00:00Z,AWS,112233445566,Usage,2026-01-29T08:00:00Z,2026-01-29T09:00:00Z,AmazonVPC,USE1-VPN-Usage-Hours,CreateVpnConnection,,arn:aws:ec2:us-east-1:112233445566:vpn-connection/vpn-b7f704e2,1.0,,,0.05,0.050399,0.05,0.050399,Hrs,0.05,0.050399,Amazon Virtual Private Cloud,,,,,us-east-1,AmazonVPC,,,,,,,,,,,,,,,,,,,,,
9d66190a8ed14b2dbef174cc99641775,2026-01-29T18:00:00Z/2026-01-29T19:00:00Z,112233445566,2026-01-01T00:00:00Z,2026-02-01T00:00:00Z,AWS,112233445566,Usage,2026-01-29T18:00:00Z,2026-01-29T19:00:00Z,AmazonVPC,USE1-VPN-Usage-Hours,CreateVpnConnection,,arn:aws:ec2:us-east-1:112233445566:vpn-connection/vpn-b7f704e2,1.0,,,0.05,0.049625,0.05,0.049625,Hrs,0.05,0.049625,Amazon Virtual Private Cloud,,,,,us-east-1,AmazonVPC,,,,,,,,,,,,,,,,,,,,,
5653a71dd02e47f790740c5dc578ad2f,2026-01-30T04:00:00Z/2026-01-30T05:00:00Z,112233445566,2026-01-01T00:00:00Z,2026-02-01T00:00:00Z,AWS,112233445566,Usage,2026-01-30T04:00:00Z,2026-01-30T05:00:00Z,AmazonVPC,USE1-VPN-Usage-Hours,CreateVpnConnection,,arn:aws:ec2:us-east-1:112233445566:vpn-connection/vpn-b7f704e2,1.0,,,0.05,0.049548,0.05,0.049548,Hrs,0.05,0.049548,Amazon Virtual Private Cloud,,,,,us-east-1,AmazonVPC,,,,,,,,,,,,,,,,,,,,,
30ba05ebcde54f89887e3b2b29b96dd3,2026-01-30T14:00:00Z/2026-01-30T15:00:00Z,112233445566,2026-01-01T00:00:00Z,2026-02-01T00:00:00Z,AWS,112233445566,Usage,2026-01-30T14:00:00Z,2026-01-30T15:00:00Z,AmazonVPC,USE1-VPN-Usage-Hours,CreateVpnConnection,,arn:aws:ec2:us-east-1:112233445566:vpn-connection/vpn-b7f704e2,1.0,,,0.05,0.050627,0.05,0.050627,Hrs,0.05,0.050627,Amazon Virtual Private Cloud,,,,,us-east-1,AmazonVPC,,,,,,,,,,,,,,,,,,,,,
ab4d84d4c8e94f71a115251fc7003f8e,2026-01-01T00:00:00Z/2026-01-01T01:00:00Z,112233445566,2026-01-01T00:00:00Z,2026-02-01T00:00:00Z,AWS,112233445566,Usage,2026-01-01T00:00:00Z,2026-01-01T01:00:00Z,AWSCloudTrail,USE1-DigestEvent,LookupEvents,,arn:aws:cloudtrail:us-east-1:112233445566:trail/org-trail,1.0,,,0.1,0.099718,0.1,0.099718,Hrs,0.1,0.099718,AWS CloudTrail,,,,,us-east-1,AWSCloudTrail,,,,,,,,,,,,,,,,,,,,,
7a7da37621a244309de30156031aecef,2026-01-01T10:00:00Z/2026-01-01T11:00:00Z,112233445566,2026-01-01T00:00:00Z,2026-02-01T00:00:00Z,AWS,112233445566,Usage,2026-01-01T10:00:00Z,2026-01-01T11:00:00Z,AWSCloudTrail,USE1-DigestEvent,LookupEvents,,arn:aws:cloudtrail:us-east-1:112233445566:trail/org-trail,1.0,,,0.1,0.100613,0.1,0.100613,Hrs,0.1,0.100613,AWS CloudTrail,,,,,us-east-1,AWSCloudTrail,,,,,,,,,,,,,,,,,,,,,
c7a44250c0b94e85962e18447e34bbc1,2026-01-01T20:00:00Z/2026-01-01T21:00:00Z,112233445566,2026-01-01T00:00:00Z,2026-02-01T00:00:00Z,AWS,112233445566,Usage,2026-01-01T20:00:00Z,2026-01-01T21:00:00Z,AWSCloudTrail,USE1-DigestEvent,LookupEvents,,arn:aws:cloudtrail:us-east-1:112233445566:trail/org-trail,1.0,,,0.1,0.099324,0.1,0.099324,Hrs,0.1,0.099324,AWS CloudTrail,,,,,us-east-1,AWSCloudTrail,,,,,,,,,,,,,,,,,,,,,
8726c81f9c7b4e078f0d37c1d95d39b3,2026-01-02T06:00:00Z/2026-01-02T07:00:00Z,112233445566,2026-01-01T00:00:00Z,2026-02-01T00:00:00Z,AWS,112233445566,Usage,2026-01-02T06:00:00Z,2026-01-02T07:00:00Z,AWSCloudTrail,USE1-DigestEvent,LookupEvents,,arn:aws:cloudtrail:us-east-1:112233445566:trail/org-trail,1.0,,,0.1,0.100616,0.1,0.100616,Hrs,0.1,0.100616,AWS CloudTrail,,,,,us-east-1,AWSCloudTrail,,,,,,,,,,,,,,,,,,,,,
6990aff7941c4917a37dd70802a9571d,2026-01-02T16:00:00Z/2026-01-02T17:00:00Z,112233445566,2026-01-01T00:00:00Z,2026-02-01T00:00:00Z,AWS,112233445566,Usage,2026-01-02T16:00:00Z,2026-01-02T17:00:00Z,AWSCloudTrail,USE1-DigestEvent,LookupEvents,,arn:aws:cloudtrail:us-east-1:112233445566:trail/org-trail,1.0,,,0.1,0.098642,0.1,0.098642,Hrs,0.1,0.098642,AWS CloudTrail,,,,,us-east-1,AWSCloudTrail,,,,,,,,,,,,,,,,,,,,,
588f83e26e14405d82c8f0500636571c,2026-01-03T02:00:00Z/2026-01-03T03:00:00Z,112233445566,2026-01-01T00:00:00Z,2026-02-01T00:00:00Z,AWS,112233445566,Usage,2026-01-03T02:00:00Z,2026-01-03T03:00:00Z,AWSCloudTrail,USE1-DigestEvent,LookupEvents,,arn:aws:cloudtrail:us-east-1:112233445566:trail/org-trail,1.0,,,0.1,0.09916,0.1,0.09916,Hrs,0.1,0.09916,AWS CloudTrail,,,,,us-east-1,AWSCloudTrail,,,,,,,,,,,,,,,,,,,,,
4fc85a528bb5400fb18b6364b33510f4,2026-01-03T12:00:00Z/2026-01-03T13:00:00Z,112233445566,2026-01-01T00:00:00Z,2026-02-01T00:00:00Z,AWS,112233445566,Usage,2026-01-03T12:00:00Z,2026-01-03T13:00:00Z,AWSCloudTrail,USE1-DigestEvent,LookupEvents,,arn:aws:cloudtrail:us-east-1:112233445566:trail/org-trail,1.0,,,0.1,0.101805,0.1,0.101805,Hrs,0.1,0.101805,AWS CloudTrail,,,,,us-east-1,AWSCloudTrail,,,,,,,,,,,,,,,,,,,,,
4eabe1df87b94cdc91f489f3da38cdd6,2026-01-03T22:00:00Z/2026-01-03T23:00:00Z,112233445566,2026-01-01T00:00:00Z,2026-02-01T00:00:00Z,AWS,112233445566,Usage,2026-01-03T22:00:00Z,2026-01-03T23:00:00Z,AWSCloudTrail,USE1-DigestEvent,LookupEvents,,arn:aws:cloudtrail:us-east-1:112233445566:trail/org-trail,1.0,,,0.1,0.100651,0.1,0.100651,Hrs,0.1,0.100651,AWS CloudTrail,,,,,us-east-1,AWSCloudTrail,,,,,,,,,,,,,,,,,,,,,
c4084c1ddb7240e49b3280050f220ee4,2026-01-04T08:00:00Z/2026-01-04T09:00:00Z,112233445566,2026-01-01T00:00:00Z,2026-02-01T00:00:00Z,AWS,112233445566,Usage,2026-01-04T08:00:00Z,2026-01-04T09:00:00Z,AWSCloudTrail,USE1-DigestEvent,LookupEvents,,arn:aws:cloudtrail:us-east-1:112233445566:trail/org-trail,1.0,,,0.1,0.098552,0.1,0.098552,Hrs,0.1,0.098552,AWS CloudTrail,,,,,us-east-1,AWSCloudTrail,,,,,,,,,,,,,,,,,,,,,
dd8087142e8443ff911fe57bed4cd1e5,2026-01-04T18:00:00Z/2026-01-04T19:00:00Z,112233445566,2026-01-01T00:00:00Z,2026-02-01T00:00:00Z,AWS,112233445566,Usage,2026-01-04T18:00:00Z,2026-01-04T19:00:00Z,AWSCloudTrail,USE1-DigestEvent,LookupEvents,,arn:aws:cloudtrail:us-east-1:112233445566:trail/org-trail,1.0,,,0.1,0.098469,0.1,0.098469,Hrs,0.1,0.098469,AWS CloudTrail,,,,,us-east-1,AWSCloudTrail,,,,,,,,,,,,,,,,,,,,,
f6836a30d81845c8ba71497c69ac3603,2026-01-05T04:00:00Z/2026-01-05T05:00:00Z,112233445566,2026-01-01T00:00:00Z,2026-02-01T00:00:00Z,AWS,112233445566,Usage,2026-01-05T04:00:00Z,2026-01-05T05:00:00Z,AWSCloudTrail,USE1-DigestEvent,LookupEvents,,arn:aws:cloudtrail:us-east-1:112233445566:trail/org-trail,1.0,,,0.1,0.101742,0.1,0.101742,Hrs,0.1,0.101742,AWS CloudTrail,,,,,us-east-1,AWSCloudTrail,,,,,,,,,,,,,,,,,,,,,
d11278fa71a64f15a42a51224a499531,2026-01-05T14:00:00Z/2026-01-05T15:00:00Z,112233445566,2026-01-01T00:00:00Z,2026-02-01T00:00:00Z,AWS,112233445566,Usage,2026-01-05T14:00:00Z,2026-01-05T15:00:00Z,AWSCloudTrail,USE1-DigestEvent,LookupEvents,,arn:aws:cloudtrail:us-east-1:112233445566:trail/org-trail,1.0,,,0.1,0.099308,0.1,0.099308,Hrs,0.1,0.099308,AWS CloudTrail,,,,,us-east-1,AWSCloudTrail,,,,,,,,,,,,,,,,,,,,,
72c44f52da524a3fad4fd959e5a4fe16,2026-01-06T00:00:00Z/2026-01-06T01:00:00Z,112233445566,2026-01-01T00:00:00Z,2026-02-01T00:00:00Z,AWS,112233445566,Usage,2026-01-06T00:00:00Z,2026-01-06T01:00:00Z,AWSCloudTrail,USE1-DigestEvent,LookupEvents,,arn:aws:cloudtrail:us-east-1:112233445566:trail/org-trail,1.0,,,0.1,0.098908,0.1,0.098908,Hrs,0.1,0.098908,AWS CloudTrail,,,,,us-east-1,AWSCloudTrail,,,,,,,,,,,,,,,,,,,,,
faad01b14ced47cc954380c6872b274c,2026-01-06T10:00:00Z/2026-01-06T11:00:00Z,112233445566,2026-01-01T00:00:00Z,2026-02-01T00:00:00Z,AWS,112233445566,Usage,2026-01-06T10:00:00Z,2026-01-06T11:00:00Z,AWSCloudTrail,USE1-DigestEvent,LookupEvents,,arn:aws:cloudtrail:us-east-1:112233445566:trail/org-trail,1.0,,,0.1,0.100087,0.1,0.100087,Hrs,0.1,0.100087,AWS CloudTrail,,,,,us-east-1,AWSCloudTrail,,,,,,,,,,,,,,,,,,,,,
705008ba5ad24c37bedcfbde51e94472,2026-01-06T20:00:00Z/2026-01-06T21:00:00Z,112233445566,2026-01-01T00:00:00Z,2026-02-01T00:00:00Z,AWS,112233445566,Usage,2026-01-06T20:00:00Z,2026-01-06T21:00:00Z,AWSCloudTrail,USE1-DigestEvent,LookupEvents,,arn:aws:cloudtrail:us-east-1:112233445566:trail/org-trail,1.0,,,0.1,0.101173,0.1,0.101173,Hrs,0.1,0.101173,AWS CloudTrail,,,,,us-east-1,AWSCloudTrail,,,,,,,,,,,,,,,,,,,,,
28c9fc5d76c94f218931657539fbc6f7,2026-01-07T06:00:00Z/2026-01-07T07:00:00Z,112233445566,2026-01-01T00:00:00Z,2026-02-01T00:00:00Z,AWS,112233445566,Usage,2026-01-07T06:00:00Z,2026-01-07T07:00:00Z,AWSCloudTrail,USE1-DigestEvent,LookupEvents,,arn:aws:cloudtrail:us-east-1:112233445566:trail/org-trail,1.0,,,0.1,0.098002,0.1,0.098002,Hrs,0.1,0.098002,AWS CloudTrail,,,,,us-east-1,AWSCloudTrail,,,,,,,,,,,,,,,,,,,,,
4bf73f35b91a454f9517f665120851bc,2026-01-07T16:00:00Z/2026-01-07T17:00:00Z,112233445566,2026-01-01T00:00:00Z,2026-02-01T00:00:00Z,AWS,112233445566,Usage,2026-01-07T16:00:00Z,2026-01-07T17:00:00Z,AWSCloudTrail,USE1-DigestEvent,LookupEvents,,arn:aws:cloudtrail:us-east-1:112233445566:trail/org-trail,1.0,,,0.1,0.098444,0.1,0.098444,Hrs,0.1,0.098444,AWS CloudTrail,,,,,us-east-1,AWSCloudTrail,,,,,,,,,,,,,,,,,,,,,
cdde3c8840d340d9bb856b0417f8e9e4,2026-01-08T02:00:00Z/2026-01-08T03:00:00Z,112233445566,2026-01-01T00:00:00Z,2026-02-01T00:00:00Z,AWS,112233445566,Usage,2026-01-08T02:00:00Z,2026-01-08T03:00:00Z,AWSCloudTrail,USE1-DigestEvent,LookupEvents,,arn:aws:cloudtrail:us-east-1:112233445566:trail/org-trail,1.0,,,0.1,0.099759,0.1,0.099759,Hrs,0.1,0.099759,AWS CloudTrail,,,,,us-east-1,AWSCloudTrail,,,,,,,,,,,,,,,,,,,,,
4c56ab1f999b49a680db05868302bb3a,2026-01-08T12:00:00Z/2026-01-08T13:00:00Z,112233445566,2026-01-01T00:00:00Z,2026-02-01T00:00:00Z,AWS,112233445566,Usage,2026-01-08T12:00:00Z,2026-01-08T13:00:00Z,AWSCloudTrail,USE1-DigestEvent,LookupEvents,,arn:aws:cloudtrail:us-east-1:112233445566:trail/org-trail,1.0,,,0.1,0.101597,0.1,0.101597,Hrs,0.1,0.101597,AWS CloudTrail,,,,,us-east-1,AWSCloudTrail,,,,,,,,,,,,,,,,,,,,,
5d2e611d43a847a3ade08668618c7d35,2026-01-08T22:00:00Z/2026-01-08T23:00:00Z,112233445566,2026-01-01T00:00:00Z,2026-02-01T00:00:00Z,AWS,112233445566,Usage,2026-01-08T22:00:00Z,2026-01-08T23:00:00Z,AWSCloudTrail,USE1-DigestEvent,LookupEvents,,arn:aws:cloudtrail:us-east-1:112233445566:trail/org-trail,1.0,,,0.1,0.100918,0.1,0.100918,Hrs,0.1,0.100918,AWS CloudTrail,,,,,us-east-1,AWSCloudTrail,,,,,,,,,,,,,,,,,,,,,
53b68ad84f8e446d9f88b5d272406107,2026-01-09T08:00:00Z/2026-01-09T09:00:00Z,112233445566,2026-01-01T00:00:00Z,2026-02-01T00:00:00Z,AWS,112233445566,Usage,2026-01-09T08:00:00Z,2026-01-09T09:00:00Z,AWSCloudTrail,USE1-DigestEvent,LookupEvents,,arn:aws:cloudtrail:us-east-1:112233445566:trail/org-trail,1.0,,,0.1,0.100058,0.1,0.100058,Hrs,0.1,0.100058,AWS CloudTrail,,,,,us-east-1,AWSCloudTrail,,,,,,,,,,,,,,,,,,,,,
c696e25fefb3485e8653e77306d90fdb,2026-01-09T18:00:00Z/2026-01-09T19:00:00Z,112233445566,2026-01-01T00:00:00Z,2026-02-01T00:00:00Z,AWS,112233445566,Usage,2026-01-09T18:00:00Z,2026-01-09T19:00:00Z,AWSCloudTrail,USE1-DigestEvent,LookupEvents,,arn:aws:cloudtrail:us-east-1:112233445566:trail/org-trail,1.0,,,0.1,0.099524,0.1,0.099524,Hrs,0.1,0.099524,AWS CloudTrail,,,,,us-east-1,AWSCloudTrail,,,,,,,,,,,,,,,,,,,,,
39d64e79a6814ad5bce216ae68b732f5,2026-01-10T04:00:00Z/2026-01-10T05:00:00Z,112233445566,2026-01-01T00:00:00Z,2026-02-01T00:00:00Z,AWS,112233445566,Usage,2026-01-10T04:00:00Z,2026-01-10T05:00:00Z,AWSCloudTrail,USE1-DigestEvent,LookupEvents,,arn:aws:cloudtrail:us-east-1:112233445566:trail/org-trail,1.0,,,0.1,0.099433,0.1,0.099433,Hrs,0.1,0.099433,AWS CloudTrail,,,,,us-east-1,AWSCloudTrail,,,,,,,,,,,,,,,,,,,,,
d25582041cf24d56bb264a78626a432f,2026-01-10T14:00:00Z/2026-01-10T15:00:00Z,112233445566,2026-01-01T00:00:00Z,2026-02-01T00:00:00Z,AWS,112233445566,Usage,2026-01-10T14:00:00Z,2026-01-10T15:00:00Z,AWSCloudTrail,USE1-DigestEvent,LookupEvents,,arn:aws:cloudtrail:us-east-1:112233445566:trail/org-trail,1.0,,,0.1,0.101202,0.1,0.101202,Hrs,0.1,0.101202,AWS CloudTrail,,,,,us-east-1,AWSCloudTrail,,,,,,,,,,,,,,,,,,,,,
4e07cae6ca2d445dac6d8613718e0f19,2026-01-11T00:00:00Z/2026-01-11T01:00:00Z,112233445566,2026-01-01T00:00:00Z,2026-02-01T00:00:00Z,AWS,112233445566,Usage,2026-01-11T00:00:00Z,2026-01-11T01:00:00Z,AWSCloudTrail,USE1-DigestEvent,LookupEvents,,arn:aws:cloudtrail:us-east-1:112233445566:trail/org-trail,1.0,,,0.1,0.10178,0.1,0.10178,Hrs,0.1,0.10178,AWS CloudTrail,,,,,us-east-1,AWSCloudTrail,,,,,,,,,,,,,,,,,,,,,
4ff1a661a3e94260ac8d4d56631f584f,2026-01-11T10:00:00Z/2026-01-11T11:00:00Z,112233445566,2026-01-01T00:00:00Z,2026-02-01T00:00:00Z,AWS,112233445566,Usage,2026-01-11T10:00:00Z,2026-01-11T11:00:00Z,AWSCloudTrail,USE1-DigestEvent,LookupEvents,,arn:aws:cloudtrail:us-east-1:112233445566:trail/org-trail,1.0,,,0.1,0.098714,0.1,0.098714,Hrs,0.1,0.098714,AWS CloudTrail,,,,,us-east-1,AWSCloudTrail,,,,,,,,,,,,,,,,,,,,,
9cf64722087c4315bf9d09f18e8300b8,2026-01-11T20:00:00Z/2026-01-11T21:00:00Z,112233445566,2026-01-01T00:00:00Z,2026-02-01T00:00:00Z,AWS,112233445566,Usage,2026-01-11T20:00:00Z,2026-01-11T21:00:00Z,AWSCloudTrail,USE1-DigestEvent,LookupEvents,,arn:aws:cloudtrail:us-east-1:112233445566:trail/org-trail,1.0,,,0.1,0.0987,0.1,0.0987,Hrs,0.1,0.0987,AWS CloudTrail,,,,,us-east-1,AWSCloudTrail,,,,,,,,,,,,,,,,,,,,,
e419187e01294dccba7ba4b529895abb,2026-01-12T06:00:00Z/2026-01-12T07:00:00Z,112233445566,2026-01-01T00:00:00Z,2026-02-01T00:00:00Z,AWS,112233445566,Usage,2026-01-12T06:00:00Z,2026-01-12T07:00:00Z,AWSCloudTrail,USE1-DigestEvent,LookupEvents,,arn:aws:cloudtrail:us-east-1:112233445566:trail/org-trail,1.0,,,0.1,0.101501,0.1,0.101501,Hrs,0.1,0.101501,AWS CloudTrail,,,,,us-east-1,AWSCloudTrail,,,,,,,,,,,,,,,,,,,,,
c8e73bb259494fe8a2e463bbfa0c1ec5,2026-01-12T16:00:00Z/2026-01-12T17:00:00Z,112233445566,2026-01-01T00:00:00Z,2026-02-01T00:00:00Z,AWS,112233445566,Usage,2026-01-12T16:00:00Z,2026-01-12T17:00:00Z,AWSCloudTrail,USE1-DigestEvent,LookupEvents,,arn:aws:cloudtrail:us-east-1:112233445566:trail/org-trail,1.0,,,0.1,0.101575,0.1,0.101575,Hrs,0.1,0.101575,AWS CloudTrail,,,,,us-east-1,AWSCloudTrail,,,,,,,,,,,,,,,,,,,,,
16677c70167d4d8980ca8be41751f083,2026-01-13T02:00:00Z/2026-01-13T03:00:00Z,112233445566,2026-01-01T00:00:00Z,2026-02-01T00:00:00Z,AWS,112233445566,Usage,2026-01-13T02:00:00Z,2026-01-13T03:00:00Z,AWSCloudTrail,USE1-DigestEvent,LookupEvents,,arn:aws:cloudtrail:us-east-1:112233445566:trail/org-trail,1.0,,,0.1,0.101493,0.1,0.101493,Hrs,0.1,0.101493,AWS CloudTrail,,,,,us-east-1,AWSCloudTrail,,,,,,,,,,,,,,,,,,,,,
2eb74166e10d4f5190adfd9f032d6ce1,2026-01-13T12:00:00Z/2026-01-13T13:00:00Z,112233445566,2026-01-01T00:00:00Z,2026-02-01T00:00:00Z,AWS,112233445566,Usage,2026-01-13T12:00:00Z,2026-01-13T13:00:00Z,AWSCloudTrail,USE1-DigestEvent,LookupEvents,,arn:aws:cloudtrail:us-east-1:112233445566:trail/org-trail,1.0,,,0.1,0.101859,0.1,0.101859,Hrs,0.1,0.101859,AWS CloudTrail,,,,,us-east-1,AWSCloudTrail,,,,,,,,,,,,,,,,,,,,,
6923a87f97044eac9cd8c9d8a5fae6c8,2026-01-13T22:00:00Z/2026-01-13T23:00:00Z,112233445566,2026-01-01T00:00:00Z,2026-02-01T00:00:00Z,AWS,112233445566,Usage,2026-01-13T22:00:00Z,2026-01-13T23:00:00Z,AWSCloudTrail,USE1-DigestEvent,LookupEvents,,arn:aws:cloudtrail:us-east-1:112233445566:trail/org-trail,1.0,,,0.1,0.099755,0.1,0.099755,Hrs,0.1,0.099755,AWS CloudTrail,,,,,us-east-1,AWSCloudTrail,,,,,,,,,,,,,,,,,,,,,
2ab9523129074eeaa8ed13160ba3dbde,2026-01-14T08:00:00Z/2026-01-14T09:00:00Z,112233445566,2026-01-01T00:00:00Z,2026-02-01T00:00:00Z,AWS,112233445566,Usage,2026-01-14T08:00:00Z,2026-01-14T09:00:00Z,AWSCloudTrail,USE1-DigestEvent,LookupEvents,,arn:aws:cloudtrail:us-east-1:112233445566:trail/org-trail,1.0,,,0.1,0.098469,0.1,0.098469,Hrs,0.1,0.098469,AWS CloudTrail,,,,,us-east-1,AWSCloudTrail,,,,,,,,,,,,,,,,,,,,,
e5377cb57c714b88b8c4f9d77f145857,2026-01-14T18:00:00Z/2026-01-14T19:00:00Z,112233445566,2026-01-01T00:00:00Z,2026-02-01T00:00:00Z,AWS,112233445566,Usage,2026-01-14T18:00:00Z,2026-01-14T19:00:00Z,AWSCloudTrail,USE1-DigestEvent,LookupEvents,,arn:aws:cloudtrail:us-east-1:112233445566:trail/org-trail,1.0,,,0.1,0.10065,0.1,0.10065,Hrs,0.1,0.10065,AWS CloudTrail,,,,,us-east-1,AWSCloudTrail,,,,,,,,,,,,,,,,,,,,,
c6324acbd18a473c8cfeace4ff033e4a,2026-01-15T04:00:00Z/2026-01-15T05:00:00Z,112233445566,2026-01-01T00:00:00Z,2026-02-01T00:00:00Z,AWS,112233445566,Usage,2026-01-15T04:00:00Z,2026-01-15T05:00:00Z,AWSCloudTrail,USE1-DigestEvent,LookupEvents,,arn:aws:cloudtrail:us-east-1:112233445566:trail/org-trail,1.0,,,0.1,0.099289,0.1,0.099289,Hrs,0.1,0.099289,AWS CloudTrail,,,,,us-east-1,AWSCloudTrail,,,,,,,,,,,,,,,,,,,,,
cd25fcb246e14bb1874b446575cddf13,2026-01-15T14:00:00Z/2026-01-15T15:00:00Z,112233445566,2026-01-01T00:00:00Z,2026-02-01T00:00:00Z,AWS,112233445566,Usage,2026-01-15T14:00:00Z,2026-01-15T15:00:00Z,AWSCloudTrail,USE1-DigestEvent,LookupEvents,,arn:aws:cloudtrail:us-east-1:112233445566:trail/org-trail,1.0,,,0.1,0.101225,0.1,0.101225,Hrs,0.1,0.101225,AWS CloudTrail,,,,,us-east-1,AWSCloudTrail,,,,,,,,,,,,,,,,,,,,,
43925f709d104d6ca50bf7a7c8bef4d9,2026-01-16T00:00:00Z/2026-01-16T01:00:00Z,112233445566,2026-01-01T00:00:00Z,2026-02-01T00:00:00Z,AWS,112233445566,Usage,2026-01-16T00:00:00Z,2026-01-16T01:00:00Z,AWSCloudTrail,USE1-DigestEvent,LookupEvents,,arn:aws:cloudtrail:us-east-1:112233445566:trail/org-trail,1.0,,,0.1,0.100978,0.1,0.100978,Hrs,0.1,0.100978,AWS CloudTrail,,,,,us-east-1,AWSCloudTrail,,,,,,,,,,,,,,,,,,,,,
d23aab32930f485ba782edebcb3ca7eb,2026-01-16T10:00:00Z/2026-01-16T11:00:00Z,112233445566,2026-01-01T00:00:00Z,2026-02-01T00:00:00Z,AWS,112233445566,Usage,2026-01-16T10:00:00Z,2026-01-16T11:00:00Z,AWSCloudTrail,USE1-DigestEvent,LookupEvents,,arn:aws:cloudtrail:us-east-1:112233445566:trail/org-trail,1.0,,,0.1,0.100287,0.1,0.100287,Hrs,0.1,0.100287,AWS CloudTrail,,,,,us-east-1,AWSCloudTrail,,,,,,,,,,,,,,,,,,,,,
f7076fdc732e4f64881c78c99234346a,2026-01-16T20:00:00Z/2026-01-16T21:00:00Z,112233445566,2026-01-01T00:00:00Z,2026-02-01T00:00:00Z,AWS,112233445566,Usage,2026-01-16T20:00:00Z,2026-01-16T21:00:00Z,AWSCloudTrail,USE1-DigestEvent,LookupEvents,,arn:aws:cloudtrail:us-east-1:112233445566:trail/org-trail,1.0,,,0.1,0.101439,0.1,0.101439,Hrs,0.1,0.101439,AWS CloudTrail,,,,,us-east-1,AWSCloudTrail,,,,,,,,,,,,,,,,,,,,,
38a909b2d4834b6698365d0d7e23307c,2026-01-17T06:00:00Z/2026-01-17T07:00:00Z,112233445566,2026-01-01T00:00:00Z,2026-02-01T00:00:00Z,AWS,112233445566,Usage,2026-01-17T06:00:00Z,2026-01-17T07:00:00Z,AWSCloudTrail,USE1-DigestEvent,LookupEvents,,arn:aws:cloudtrail:us-east-1:112233445566:trail/org-trail,1.0,,,0.1,0.099642,0.1,0.099642,Hrs,0.1,0.099642,AWS CloudTrail,,,,,us-east-1,AWSCloudTrail,,,,,,,,,,,,,,,,,,,,,
75c785f00a6f4000acc2bd76c1478289,2026-01-17T16:00:00Z/2026-01-17T17:00:00Z,112233445566,2026-01-01T00:00:00Z,2026-02-01T00:00:00Z,AWS,112233445566,Usage,2026-01-17T16:00:00Z,2026-01-17T17:00:00Z,AWSCloudTrail,USE1-DigestEvent,LookupEvents,,arn:aws:cloudtrail:us-east-1:112233445566:trail/org-trail,1.0,,,0.1,0.100722,0.1,0.100722,Hrs,0.1,0.100722,AWS CloudTrail,,,,,us-east-1,AWSCloudTrail,,,,,,,,,,,,,,,,,,,,,
65e1026207b341cdb372aea4e0856b3a,2026-01-18T02:00:00Z/2026-01-18T03:00:00Z,112233445566,2026-01-01T00:00:00Z,2026-02-01T00:00:00Z,AWS,112233445566,Usage,2026-01-18T02:00:00Z,2026-01-18T03:00:00Z,AWSCloudTrail,USE1-DigestEvent,LookupEvents,,arn:aws:cloudtrail:us-east-1:112233445566:trail/org-trail,1.0,,,0.1,0.101016,0.1,0.101016,Hrs,0.1,0.101016,AWS CloudTrail,,,,,us-east-1,AWSCloudTrail,,,,,,,,,,,,,,,,,,,,,
5689e98844ee450e967b4d38ef14f2fd,2026-01-18T12:00:00Z/2026-01-18T13:00:00Z,112233445566,2026-01-01T00:00:00Z,2026-02-01T00:00:00Z,AWS,112233445566,Usage,2026-01-18T12:00:00Z,2026-01-18T13:00:00Z,AWSCloudTrail,USE1-DigestEvent,LookupEvents,,arn:aws:cloudtrail:us-east-1:112233445566:trail/org-trail,1.0,,,0.1,0.098478,0.1,0.098478,Hrs,0.1,0.098478,AWS CloudTrail,,,,,us-east-1,AWSCloudTrail,,,,,,,,,,,,,,,,,,,,,
2be0b4b50f0d43d58821f9da88014ed5,2026-01-18T22:00:00Z/2026-01-18T23:00:00Z,112233445566,2026-01-01T00:00:00Z,2026-02-01T00:00:00Z,AWS,112233445566,Usage,2026-01-18T22:00:00Z,2026-01-18T23:00:00Z,AWSCloudTrail,USE1-DigestEvent,LookupEvents,,arn:aws:cloudtrail:us-east-1:112233445566:trail/org-trail,1.0,,,0.1,0.100483,0.1,0.100483,Hrs,0.1,0.100483,AWS CloudTrail,,,,,us-east-1,AWSCloudTrail,,,,,,,,,,,,,,,,,,,,,
3d448edf5ad84b3abb1b4c8ea0898c59,2026-01-19T08:00:00Z/2026-01-19T09:00:00Z,112233445566,2026-01-01T00:00:00Z,2026-02-01T00:00:00Z,AWS,112233445566,Usage,2026-01-19T08:00:00Z,2026-01-19T09:00:00Z,AWSCloudTrail,USE1-DigestEvent,LookupEvents,,arn:aws:cloudtrail:us-east-1:112233445566:trail/org-trail,1.0,,,0.1,0.098751,0.1,0.098751,Hrs,0.1,0.098751,AWS CloudTrail,,,,,us-east-1,AWSCloudTrail,,,,,,,,,,,,,,,,,,,,,
8919eb45316c480baff2467d9ccd5228,2026-01-19T18:00:00Z/2026-01-19T19:00:00Z,112233445566,2026-01-01T00:00:00Z,2026-02-01T00:00:00Z,AWS,112233445566,Usage,2026-01-19T18:00:00Z,2026-01-19T19:00:00Z,AWSCloudTrail,USE1-DigestEvent,LookupEvents,,arn:aws:cloudtrail:us-east-1:112233445566:trail/org-trail,1.0,,,0.1,0.101899,0.1,0.101899,Hrs,0.1,0.101899,AWS CloudTrail,,,,,us-east-1,AWSCloudTrail,,,,,,,,,,,,,,,,,,,,,
5bc27745e9a14b858db12e8e38d330ec,2026-01-20T04:00:00Z/2026-01-20T05:00:00Z,112233445566,2026-01-01T00:00:00Z,2026-02-01T00:00:00Z,AWS,112233445566,Usage,2026-01-20T04:00:00Z,2026-01-20T05:00:00Z,AWSCloudTrail,USE1-DigestEvent,LookupEvents,,arn:aws:cloudtrail:us-east-1:112233445566:trail/org-trail,1.0,,,0.1,0.099807,0.1,0.099807,Hrs,0.1,0.099807,AWS CloudTrail,,,,,us-east-1,AWSCloudTrail,,,,,,,,,,,,,,,,,,,,,
eda961a332d947c9ac879bd887335b3b,2026-01-20T14:00:00Z/2026-01-20T15:00:00Z,112233445566,2026-01-01T00:00:00Z,2026-02-01T00:00:00Z,AWS,112233445566,Usage,2026-01-20T14:00:00Z,2026-01-20T15:00:00Z,AWSCloudTrail,USE1-DigestEvent,LookupEvents,,arn:aws:cloudtrail:us-east-1:112233445566:trail/org-trail,1.0,,,0.1,0.098947,0.1,0.098947,Hrs,0.1,0.098947,AWS CloudTrail,,,,,us-east-1,AWSCloudTrail,,,,,,,,,,,,,,,,,,,,,
75589f34726c4afbb921aec2bd8ffdca,2026-01-21T00:00:00Z/2026-01-21T01:00:00Z,112233445566,2026-01-01T00:00:00Z,2026-02-01T00:00:00Z,AWS,112233445566,Usage,2026-01-21T00:00:00Z,2026-01-21T01:00:00Z,AWSCloudTrail,USE1-DigestEvent,LookupEvents,,arn:aws:cloudtrail:us-east-1:112233445566:trail/org-trail,1.0,,,0.1,0.100132,0.1,0.100132,Hrs,0.1,0.100132,AWS CloudTrail,,,,,us-east-1,AWSCloudTrail,,,,,,,,,,,,,,,,,,,,,
e7978683098a414c9ced355eb12cf570,2026-01-21T10:00:00Z/2026-01-21T11:00:00Z,112233445566,2026-01-01T00:00:00Z,2026-02-01T00:00:00Z,AWS,112233445566,Usage,2026-01-21T10:00:00Z,2026-01-21T11:00:00Z,AWSCloudTrail,USE1-DigestEvent,LookupEvents,,arn:aws:cloudtrail:us-east-1:112233445566:trail/org-trail,1.0,,,0.1,0.100883,0.1,0.100883,Hrs,0.1,0.100883,AWS CloudTrail,,,,,us-east-1,AWSCloudTrail,,,,,,,,,,,,,,,,,,,,,
965919ed530b4916a9f4e1bb9c634535,2026-01-21T20:00:00Z/2026-01-21T21:00:00Z,112233445566,2026-01-01T00:00:00Z,2026-02-01T00:00:00Z,AWS,112233445566,Usage,2026-01-21T20:00:00Z,2026-01-21T21:00:00Z,AWSCloudTrail,USE1-DigestEvent,LookupEvents,,arn:aws:cloudtrail:us-east-1:112233445566:trail/org-trail,1.0,,,0.1,0.099105,0.1,0.099105,Hrs,0.1,0.099105,AWS CloudTrail,,,,,us-east-1,AWSCloudTrail,,,,,,,,,,,,,,,,,,,,,
d4c809dc2f5e428ca710302670cad099,2026-01-22T06:00:00Z/2026-01-22T07:00:00Z,112233445566,2026-01-01T00:00:00Z,2026-02-01T00:00:00Z,AWS,112233445566,Usage,2026-01-22T06:00:00Z,2026-01-22T07:00:00Z,AWSCloudTrail,USE1-DigestEvent,LookupEvents,,arn:aws:cloudtrail:us-east-1:112233445566:trail/org-trail,1.0,,,0.1,0.099929,0.1,0.099929,Hrs,0.1,0.099929,AWS CloudTrail,,,,,us-east-1,AWSCloudTrail,,,,,,,,,,,,,,,,,,,,,
5aa98f4fffe04a4db04e84b31101c978,2026-01-22T16:00:00Z/2026-01-22T17:00:00Z,112233445566,2026-01-01T00:00:00Z,2026-02-01T00:00:00Z,AWS,112233445566,Usage,2026-01-22T16:00:00Z,2026-01-22T17:00:00Z,AWSCloudTrail,USE1-DigestEvent,LookupEvents,,arn:aws:cloudtrail:us-east-1:112233445566:trail/org-trail,1.0,,,0.1,0.099139,0.1,0.099139,Hrs,0.1,0.099139,AWS CloudTrail,,,,,us-east-1,AWSCloudTrail,,,,,,,,,,,,,,,,,,,,,
ede48d47bee04f12812def8105633746,2026-01-23T02:00:00Z/2026-01-23T03:00:00Z,112233445566,2026-01-01T00:00:00Z,2026-02-01T00:00:00Z,AWS,112233445566,Usage,2026-01-23T02:00:00Z,2026-01-23T03:00:00Z,AWSCloudTrail,USE1-DigestEvent,LookupEvents,,arn:aws:cloudtrail:us-east-1:112233445566:trail/org-trail,1.0,,,0.1,0.098852,0.1,0.098852,Hrs,0.1,0.098852,AWS CloudTrail,,,,,us-east-1,AWSCloudTrail,,,,,,,,,,,,,,,,,,,,,
30d6580218934c3ba343b74295abb6b2,2026-01-23T12:00:00Z/2026-01-23T13:00:00Z,112233445566,2026-01-01T00:00:00Z,2026-02-01T00:00:00Z,AWS,112233445566,Usage,2026-01-23T12:00:00Z,2026-01-23T13:00:00Z,AWSCloudTrail,USE1-DigestEvent,LookupEvents,,arn:aws:cloudtrail:us-east-1:112233445566:trail/org-trail,1.0,,,0.1,0.100347,0.1,0.100347,Hrs,0.1,0.100347,AWS CloudTrail,,,,,us-east-1,AWSCloudTrail,,,,,,,,,,,,,,,,,,,,,
14edef549ffe456d87dbae599c3d628c,2026-01-23T22:00:00Z/2026-01-23T23:00:00Z,112233445566,2026-01-01T00:00:00Z,2026-02-01T00:00:00Z,AWS,112233445566,Usage,2026-01-23T22:00:00Z,2026-01-23T23:00:00Z,AWSCloudTrail,USE1-DigestEvent,LookupEvents,,arn:aws:cloudtrail:us-east-1:112233445566:trail/org-trail,1.0,,,0.1,0.098766,0.1,0.098766,Hrs,0.1,0.098766,AWS CloudTrail,,,,,us-east-1,AWSCloudTrail,,,,,,,,,,,,,,,,,,,,,
282b3cae309444fdafa752edfaf4c658,2026-01-24T08:00:00Z/2026-01-24T09:00:00Z,112233445566,2026-01-01T00:00:00Z,2026-02-01T00:00:00Z,AWS,112233445566,Usage,2026-01-24T08:00:00Z,2026-01-24T09:00:00Z,AWSCloudTrail,USE1-DigestEvent,LookupEvents,,arn:aws:cloudtrail:us-east-1:112233445566:trail/org-trail,1.0,,,0.1,0.100646,0.1,0.100646,Hrs,0.1,0.100646,AWS CloudTrail,,,,,us-east-1,AWSCloudTrail,,,,,,,,,,,,,,,,,,,,,
875a22a3a2e8470d89e27cfb6421c538,2026-01-24T18:00:00Z/2026-01-24T19:00:00Z,112233445566,2026-01-01T00:00:00Z,2026-02-01T00:00:00Z,AWS,112233445566,Usage,2026-01-24T18:00:00Z,2026-01-24T19:00:00Z,AWSCloudTrail,USE1-DigestEvent,LookupEvents,,arn:aws:cloudtrail:us-east-1:112233445566:trail/org-trail,1.0,,,0.1,0.099306,0.1,0.099306,Hrs,0.1,0.099306,AWS CloudTrail,,,,,us-east-1,AWSCloudTrail,,,,,,,,,,,,,,,,,,,,,
61a8acec65324694b72197367d156aaa,2026-01-25T04:00:00Z/2026-01-25T05:00:00Z,112233445566,2026-01-01T00:00:00Z,2026-02-01T00:00:00Z,AWS,112233445566,Usage,2026-01-25T04:00:00Z,2026-01-25T05:00:00Z,AWSCloudTrail,USE1-DigestEvent,LookupEvents,,arn:aws:cloudtrail:us-east-1:112233445566:trail/org-trail,1.0,,,0.1,0.100663,0.1,0.100663,Hrs,0.1,0.100663,AWS CloudTrail,,,,,us-east-1,AWSCloudTrail,,,,,,,,,,,,,,,,,,,,,
303c5ca0ad394b529aa300d0d3f9f348,2026-01-25T14:00:00Z/2026-01-25T15:00:00Z,112233445566,2026-01-01T00:00:00Z,2026-02-01T00:00:00Z,AWS,112233445566,Usage,2026-01-25T14:00:00Z,2026-01-25T15:00:00Z,AWSCloudTrail,USE1-DigestEvent,LookupEvents,,arn:aws:cloudtrail:us-east-1:112233445566:trail/org-trail,1.0,,,0.1,0.101843,0.1,0.101843,Hrs,0.1,0.101843,AWS CloudTrail,,,,,us-east-1,AWSCloudTrail,,,,,,,,,,,,,,,,,,,,,
af52335d2f2346fc9b0bfd7e5785ca1d,2026-01-26T00:00:00Z/2026-01-26T01:00:00Z,112233445566,2026-01-01T00:00:00Z,2026-02-01T00:00:00Z,AWS,112233445566,Usage,2026-01-26T00:00:00Z,2026-01-26T01:00:00Z,AWSCloudTrail,USE1-DigestEvent,LookupEvents,,arn:aws:cloudtrail:us-east-1:112233445566:trail/org-trail,1.0,,,0.1,0.100973,0.1,0.100973,Hrs,0.1,0.100973,AWS CloudTrail,,,,,us-east-1,AWSCloudTrail,,,,,,,,,,,,,,,,,,,,,
bc71577ff2f2451b9b3650c76df0e9fe,2026-01-26T10:00:00Z/2026-01-26T11:00:00Z,112233445566,2026-01-01T00:00:00Z,2026-02-01T00:00:00Z,AWS,112233445566,Usage,2026-01-26T10:00:00Z,2026-01-26T11:00:00Z,AWSCloudTrail,USE1-DigestEvent,LookupEvents,,arn:aws:cloudtrail:us-east-1:112233445566:trail/org-trail,1.0,,,0.1,0.100097,0.1,0.100097,Hrs,0.1,0.100097,AWS CloudTrail,,,,,us-east-1,AWSCloudTrail,,,,,,,,,,,,,,,,,,,,,
2d62b13476fe4286ac847509021ba482,2026-01-26T20:00:00Z/2026-01-26T21:00:00Z,112233445566,2026-01-01T00:00:00Z,2026-02-01T00:00:00Z,AWS,112233445566,Usage,2026-01-26T20:00:00Z,2026-01-26T21:00:00Z,AWSCloudTrail,USE1-DigestEvent,LookupEvents,,arn:aws:cloudtrail:us-east-1:112233445566:trail/org-trail,1.0,,,0.1,0.10004,0.1,0.10004,Hrs,0.1,0.10004,AWS CloudTrail,,,,,us-east-1,AWSCloudTrail,,,,,,,,,,,,,,,,,,,,,
7465afce149949f1b554a4a05a33ae6a,2026-01-27T06:00:00Z/2026-01-27T07:00:00Z,112233445566,2026-01-01T00:00:00Z,2026-02-01T00:00:00Z,AWS,112233445566,Usage,2026-01-27T06:00:00Z,2026-01-27T07:00:00Z,AWSCloudTrail,USE1-DigestEvent,LookupEvents,,arn:aws:cloudtrail:us-east-1:112233445566:trail/org-trail,1.0,,,0.1,0.100893,0.1,0.100893,Hrs,0.1,0.100893,AWS CloudTrail,,,,,us-east-1,AWSCloudTrail,,,,,,,,,,,,,,,,,,,,,
0f82de8769fc465ebe4598c50fd8c30a,2026-01-27T16:00:00Z/2026-01-27T17:00:00Z,112233445566,2026-01-01T00:00:00Z,2026-02-01T00:00:00Z,AWS,112233445566,Usage,2026-01-27T16:00:00Z,2026-01-27T17:00:00Z,AWSCloudTrail,USE1-DigestEvent,LookupEvents,,arn:aws:cloudtrail:us-east-1:112233445566:trail/org-trail,1.0,,,0.1,0.101526,0.1,0.101526,Hrs,0.1,0.101526,AWS CloudTrail,,,,,us-east-1,AWSCloudTrail,,,,,,,,,,,,,,,,,,,,,
701a85e8a11d497d8ed0b1329499ae98,2026-01-28T02:00:00Z/2026-01-28T03:00:00Z,112233445566,2026-01-01T00:00:00Z,2026-02-01T00:00:00Z,AWS,112233445566,Usage,2026-01-28T02:00:00Z,2026-01-28T03:00:00Z,AWSCloudTrail,USE1-DigestEvent,LookupEvents,,arn:aws:cloudtrail:us-east-1:112233445566:trail/org-trail,1.0,,,0.1,0.10109,0.1,0.10109,Hrs,0.1,0.10109,AWS CloudTrail,,,,,us-east-1,AWSCloudTrail,,,,,,,,,,,,,,,,,,,,,
132179ef16954e979ea3189b7c1e485c,2026-01-28T12:00:00Z/2026-01-28T13:00:00Z,112233445566,2026-01-01T00:00:00Z,2026-02-01T00:00:00Z,AWS,112233445566,Usage,2026-01-28T12:00:00Z,2026-01-28T13:00:00Z,AWSCloudTrail,USE1-DigestEvent,LookupEvents,,arn:aws:cloudtrail:us-east-1:112233445566:trail/org-trail,1.0,,,0.1,0.099147,0.1,0.099147,Hrs,0.1,0.099147,AWS CloudTrail,,,,,us-east-1,AWSCloudTrail,,,,,,,,,,,,,,,,,,,,,
71ff88449710412582d32c973d6b4261,2026-01-28T22:00:00Z/2026-01-28T23:00:00Z,112233445566,2026-01-01T00:00:00Z,2026-02-01T00:00:00Z,AWS,112233445566,Usage,2026-01-28T22:00:00Z,2026-01-28T23:00:00Z,AWSCloudTrail,USE1-DigestEvent,LookupEvents,,arn:aws:cloudtrail:us-east-1:112233445566:trail/org-trail,1.0,,,0.1,0.099572,0.1,0.099572,Hrs,0.1,0.099572,AWS CloudTrail,,,,,us-east-1,AWSCloudTrail,,,,,,,,,,,,,,,,,,,,,
6816901c23d74f92b8e23cc32a4cb8c3,2026-01-29T08:00:00Z/2026-01-29T09:00:00Z,112233445566,2026-01-01T00:00:00Z,2026-02-01T00:00:00Z,AWS,112233445566,Usage,2026-01-29T08:00:00Z,2026-01-29T09:00:00Z,AWSCloudTrail,USE1-DigestEvent,LookupEvents,,arn:aws:cloudtrail:us-east-1:112233445566:trail/org-trail,1.0,,,0.1,0.099151,0.1,0.099151,Hrs,0.1,0.099151,AWS CloudTrail,,,,,us-east-1,AWSCloudTrail,,,,,,,,,,,,,,,,,,,,,
79bc6e24b5744478a590064983a26534,2026-01-29T18:00:00Z/2026-01-29T19:00:00Z,112233445566,2026-01-01T00:00:00Z,2026-02-01T00:00:00Z,AWS,112233445566,Usage,2026-01-29T18:00:00Z,2026-01-29T19:00:00Z,AWSCloudTrail,USE1-DigestEvent,LookupEvents,,arn:aws:cloudtrail:us-east-1:112233445566:trail/org-trail,1.0,,,0.1,0.101312,0.1,0.101312,Hrs,0.1,0.101312,AWS CloudTrail,,,,,us-east-1,AWSCloudTrail,,,,,,,,,,,,,,,,,,,,,
de39bbd06b4149539dc7f9adb9680bc1,2026-01-30T04:00:00Z/2026-01-30T05:00:00Z,112233445566,2026-01-01T00:00:00Z,2026-02-01T00:00:00Z,AWS,112233445566,Usage,2026-01-30T04:00:00Z,2026-01-30T05:00:00Z,AWSCloudTrail,USE1-DigestEvent,LookupEvents,,arn:aws:cloudtrail:us-east-1:112233445566:trail/org-trail,1.0,,,0.1,0.099575,0.1,0.099575,Hrs,0.1,0.099575,AWS CloudTrail,,,,,us-east-1,AWSCloudTrail,,,,,,,,,,,,,,,,,,,,,
4bce73374fc94949be16bd1b3f3f8853,2026-01-30T14:00:00Z/2026-01-30T15:00:00Z,112233445566,2026-01-01T00:00:00Z,2026-02-01T00:00:00Z,AWS,112233445566,Usage,2026-01-30T14:00:00Z,2026-01-30T15:00:00Z,AWSCloudTrail,USE1-DigestEvent,LookupEvents,,arn:aws:cloudtrail:us-east-1:112233445566:trail/org-trail,1.0,,,0.1,0.101428,0.1,0.101428,Hrs,0.1,0.101428,AWS CloudTrail,,,,,us-east-1,AWSCloudTrail,,,,,,,,,,,,,,,,,,,,,
087ff36ca3ca4d2f8f07bab9b0463f97,2026-01-01T00:00:00Z/2026-01-01T01:00:00Z,112233445566,2026-01-01T00:00:00Z,2026-02-01T00:00:00Z,AWS,112233445566,Usage,2026-01-01T00:00:00Z,2026-01-01T01:00:00Z,AmazonRDS,USEA-InstanceUsage:db.t3.medium,CreateDBInstance:0002,,arn:aws:rds:us-east-1:112233445566:db:platform-db,1.0,,,0.068,0.068056,0.068,0.068046,Hrs,0.068,0.068,Amazon Relational Database Service,db.t3.medium,,,,us-east-1,AmazonRDS,53.24,63.32,51.33,11,2025-12-31T12:42:15Z,platform,prod,CC100,,,,,,,,,,,,,
b4417e4435b4460690db0080d99231c5,2026-01-01T10:00:00Z/2026-01-01T11:00:00Z,112233445566,2026-01-01T00:00:00Z,2026-02-01T00:00:00Z,AWS,112233445566,Usage,2026-01-01T10:00:00Z,2026-01-01T11:00:00Z,AmazonRDS,USEA-InstanceUsage:db.t3.medium,CreateDBInstance:0002,,arn:aws:rds:us-east-1:112233445566:db:platform-db,1.0,,,0.068,0.068014,0.068,0.068018,Hrs,0.068,0.068,Amazon Relational Database Service,db.t3.medium,,,,us-east-1,AmazonRDS,34.26,50.12,30.93,23,2025-12-31T05:01:16Z,platform,prod,CC100,,,,,,,,,,,,,
70dd36e08bc541f688acb81294c1f1ee,2026-01-01T20:00:00Z/2026-01-01T21:00:00Z,112233445566,2026-01-01T00:00:00Z,2026-02-01T00:00:00Z,AWS,112233445566,Usage,2026-01-01T20:00:00Z,2026-01-01T21:00:00Z,AmazonRDS,USEA-InstanceUsage:db.t3.medium,CreateDBInstance:0002,,arn:aws:rds:us-east-1:112233445566:db:platform-db,1.0,,,0.068,0.067984,0.068,0.067994,Hrs,0.068,0.068,Amazon Relational Database Service,db.t3.medium,,,,us-east-1,AmazonRDS,42.47,41.69,48.23,19,2026-01-01T03:36:10Z,platform,prod,CC100,,,,,,,,,,,,,
2dbac1ee4d054155b923174b39949638,2026-01-02T06:00:00Z/2026-01-02T07:00:00Z,112233445566,2026-01-01T00:00:00Z,2026-02-01T00:00:00Z,AWS,112233445566,Usage,2026-01-02T06:00:00Z,2026-01-02T07:00:00Z,AmazonRDS,USEA-InstanceUsage:db.t3.medium,CreateDBInstance:0002,,arn:aws:rds:us-east-1:112233445566:db:platform-db,1.0,,,0.068,0.067952,0.068,0.068014,Hrs,0.068,0.068,Amazon Relational Database Service,db.t3.medium,,,,us-east-1,AmazonRDS,44.0,46.53,40.44,18,2026-01-01T01:39:00Z,platform,prod,CC100,,,,,,,,,,,,,
50696fc2367c44a3ae4028e43297dcd9,2026-01-02T16:00:00Z/2026-01-02T17:00:00Z,112233445566,2026-01-01T00:00:00Z,2026-02-01T00:00:00Z,AWS,112233445566,Usage,2026-01-02T16:00:00Z,2026-01-02T17:00:00Z,AmazonRDS,USEA-InstanceUsage:db.t3.medium,CreateDBInstance:0002,,arn:aws:rds:us-east-1:112233445566:db:platform-db,1.0,,,0.068,0.068065,0.068,0.068066,Hrs,0.068,0.068,Amazon Relational Database Service,db.t3.medium,,,,us-east-1,AmazonRDS,51.21,40.75,44.88,15,2026-01-01T18:59:40Z,platform,prod,CC100,,,,,,,,,,,,,
d3e523054f844690ac4123d36c674f54,2026-01-03T02:00:00Z/2026-01-03T03:00:00Z,112233445566,2026-01-01T00:00:00Z,2026-02-01T00:00:00Z,AWS,112233445566,Usage,2026-01-03T02:00:00Z,2026-01-03T03:00:00Z,AmazonRDS,USEA-InstanceUsage:db.t3.medium,CreateDBInstance:0002,,arn:aws:rds:us-east-1:112233445566:db:platform-db,1.0,,,0.068,0.068012,0.068,0.06804,Hrs,0.068,0.068,Amazon Relational Database Service,db.t3.medium,,,,us-east-1,AmazonRDS,48.03,65.68,51.49,8,2026-01-02T19:00:15Z,platform,prod,CC100,,,,,,,,,,,,,
3de46157bcac44958e266cbb61aefea4,2026-01-03T12:00:00Z/2026-01-03T13:00:00Z,112233445566,2026-01-01T00:00:00Z,2026-02-01T00:00:00Z,AWS,112233445566,Usage,2026-01-03T12:00:00Z,2026-01-03T13:00:00Z,AmazonRDS,USEA-InstanceUsage:db.t3.medium,CreateDBInstance:0002,,arn:aws:rds:us-east-1:112233445566:db:platform-db,1.0,,,0.068,0.06806,0.068,0.068042,Hrs,0.068,0.068,Amazon Relational Database Service,db.t3.medium,,,,us-east-1,AmazonRDS,45.57,49.72,51.39,18,2026-01-02T06:11:40Z,platform,prod,CC100,,,,,,,,,,,,,
fd97cbd65c794d10971bd4d1718d98a8,2026-01-03T22:00:00Z/2026-01-03T23:00:00Z,112233445566,2026-01-01T00:00:00Z,2026-02-01T00:00:00Z,AWS,112233445566,Usage,2026-01-03T22:00:00Z,2026-01-03T23:00:00Z,AmazonRDS,USEA-InstanceUsage:db.t3.medium,CreateDBInstance:0002,,arn:aws:rds:us-east-1:112233445566:db:platform-db,1.0,,,0.068,0.067978,0.068,0.067934,Hrs,0.068,0.068,Amazon Relational Database Service,db.t3.medium,,,,us-east-1,AmazonRDS,44.98,64.87,42.75,10,2026-01-01T23:57:59Z,platform,prod,CC100,,,,,,,,,,,,,
7a7a6e0d2452426c81f893b8ea782f41,2026-01-04T08:00:00Z/2026-01-04T09:00:00Z,112233445566,2026-01-01T00:00:00Z,2026-02-01T00:00:00Z,AWS,112233445566,Usage,2026-01-04T08:00:00Z,2026-01-04T09:00:00Z,AmazonRDS,USEA-InstanceUsage:db.t3.medium,CreateDBInstance:0002,,arn:aws:rds:us-east-1:112233445566:db:platform-db,1.0,,,0.068,0.068018,0.068,0.068028,Hrs,0.068,0.068,Amazon Relational Database Service,db.t3.medium,,,,us-east-1,AmazonRDS,42.35,60.87,45.03,14,2026-01-02T15:28:18Z,platform,prod,CC100,,,,,,,,,,,,,
cef90f17a6d940ccaa42cf3911a3c4bb,2026-01-04T18:00:00Z/2026-01-04T19:00:00Z,112233445566,2026-01-01T00:00:00Z,2026-02-01T00:00:00Z,AWS,112233445566,Usage,2026-01-04T18:00:00Z,2026-01-04T19:00:00Z,AmazonRDS,USEA-InstanceUsage:db.t3.medium,CreateDBInstance:0002,,arn:aws:rds:us-east-1:112233445566:db:platform-db,1.0,,,0.068,0.068,0.068,0.06794,Hrs,0.068,0.068,Amazon Relational Database Service,db.t3.medium,,,,us-east-1,AmazonRDS,43.47,63.41,35.43,12,2026-01-04T04:24:37Z,platform,prod,CC100,,,,,,,,,,,,,
a2b1fb3944d14085b2c420416ad2f156,2026-01-05T04:00:00Z/2026-01-05T05:00:00Z,112233445566,2026-01-01T00:00:00Z,2026-02-01T00:00:00Z,AWS,112233445566,Usage,2026-01-05T04:00:00Z,2026-01-05T05:00:00Z,AmazonRDS,USEA-InstanceUsage:db.t3.medium,CreateDBInstance:0002,,arn:aws:rds:us-east-1:112233445566:db:platform-db,1.0,,,0.068,0.068002,0.068,0.067938,Hrs,0.068,0.068,Amazon Relational Database Service,db.t3.medium,,,,us-east-1,AmazonRDS,45.83,61.69,32.72,4,2026-01-03T00:41:07Z,platform,prod,CC100,,,,,,,,,,,,,
5f34a2729faf4fcc88377993cf68d172,2026-01-05T14:00:00Z/2026-01-05T15:00:00Z,112233445566,2026-01-01T00:00:00Z,2026-02-01T00:00:00Z,AWS,112233445566,Usage,2026-01-05T14:00:00Z,2026-01-05T15:00:00Z,AmazonRDS,USEA-InstanceUsage:db.t3.medium,CreateDBInstance:0002,,arn:aws:rds:us-east-1:112233445566:db:platform-db,1.0,,,0.068,0.067978,0.068,0.06806,Hrs,0.068,0.068,Amazon Relational Database Service,db.t3.medium,,,,us-east-1,AmazonRDS,34.33,60.7,32.52,13,2026-01-03T12:55:54Z,platform,prod,CC100,,,,,,,,,,,,,
bea20ac004ed40d49d932f55e99dc2c9,2026-01-06T00:00:00Z/2026-01-06T01:00:00Z,112233445566,2026-01-01T00:00:00Z,2026-02-01T00:00:00Z,AWS,112233445566,Usage,2026-01-06T00:00:00Z,2026-01-06T01:00:00Z,AmazonRDS,USEA-InstanceUsage:db.t3.medium,CreateDBInstance:0002,,arn:aws:rds:us-east-1:112233445566:db:platform-db,1.0,,,0.068,0.068012,0.068,0.06795,Hrs,0.068,0.068,Amazon Relational Database Service,db.t3.medium,,,,us-east-1,AmazonRDS,56.33,44.91,32.0,4,2026-01-04T01:10:00Z,platform,prod,CC100,,,,,,,,,,,,,
1c78802de98346128fa0859b265a5523,2026-01-06T10:00:00Z/2026-01-06T11:00:00Z,112233445566,2026-01-01T00:00:00Z,2026-02-01T00:00:00Z,AWS,112233445566,Usage,2026-01-06T10:00:00Z,2026-01-06T11:00:00Z,AmazonRDS,USEA-InstanceUsage:db.t3.medium,CreateDBInstance:0002,,arn:aws:rds:us-east-1:112233445566:db:platform-db,1.0,,,0.068,0.06799,0.068,0.068042,Hrs,0.068,0.068,Amazon Relational Database Service,db.t3.medium,,,,us-east-1,AmazonRDS,38.31,44.37,36.55,8,2026-01-05T06:10:00Z,platform,prod,CC100,,,,,,,,,,,,,
70da5ece13774da48de5e37f395f689c,2026-01-06T20:00:00Z/2026-01-06T21:00:00Z,112233445566,2026-01-01T00:00:00Z,2026-02-01T00:00:00Z,AWS,112233445566,Usage,2026-01-06T20:00:00Z,2026-01-06T21:00:00Z,AmazonRDS,USEA-InstanceUsage:db.t3.medium,CreateDBInstance:0002,,arn:aws:rds:us-east-1:112233445566:db:platform-db,1.0,,,0.068,0.067996,0.068,0.067958,Hrs,0.068,0.068,Amazon Relational Database Service,db.t3.medium,,,,us-east-1,AmazonRDS,37.5,63.68,32.74,12,2026-01-04T21:40:48Z,platform,prod,CC100,,,,,,,,,,,,,
dbeeecf00749432fb66a957f50d91577,2026-01-07T06:00:00Z/2026-01-07T07:00:00Z,112233445566,2026-01-01T00:00:00Z,2026-02-01T00:00:00Z,AWS,112233445566,Usage,2026-01-07T06:00:00Z,2026-01-07T07:00:00Z,AmazonRDS,USEA-InstanceUsage:db.t3.medium,CreateDBInstance:0002,,arn:aws:rds:us-east-1:112233445566:db:platform-db,1.0,,,0.068,0.068007,0.068,0.068057,Hrs,0.068,0.068,Amazon Relational Database Service,db.t3.medium,,,,us-east-1,AmazonRDS,37.47,55.42,48.42,7,2026-01-05T03:56:44Z,platform,prod,CC100,,,,,,,,,,,,,
4175dd2007254a77ba0d0fc1336bed82,2026-01-07T16:00:00Z/2026-01-07T17:00:00Z,112233445566,2026-01-01T00:00:00Z,2026-02-01T00:00:00Z,AWS,112233445566,Usage,2026-01-07T16:00:00Z,2026-01-07T17:00:00Z,AmazonRDS,USEA-InstanceUsage:db.t3.medium,CreateDBInstance:0002,,arn:aws:rds:us-east-1:112233445566:db:platform-db,1.0,,,0.068,0.067986,0.068,0.067957,Hrs,0.068,0.068,Amazon Relational Database Service,db.t3.medium,,,,us-east-1,AmazonRDS,35.59,55.7,51.7,20,2026-01-06T13:28:32Z,platform,prod,CC100,,,,,,,,,,,,,
304c11ec874a4b56bb1c7eaf195458f1,2026-01-08T02:00:00Z/2026-01-08T03:00:00Z,112233445566,2026-01-01T00:00:00Z,2026-02-01T00:00:00Z,AWS,112233445566,Usage,2026-01-08T02:00:00Z,2026-01-08T03:00:00Z,AmazonRDS,USEA-InstanceUsage:db.t3.medium,CreateDBInstance:0002,,arn:aws:rds:us-east-1:112233445566:db:platform-db,1.0,,,0.068,0.068045,0.068,0.067975,Hrs,0.068,0.068,Amazon Relational Database Service,db.t3.medium,,,,us-east-1,AmazonRDS,36.9,59.9,32.07,22,2026-01-07T06:00:09Z,platform,prod,CC100,,,,,,,,,,,,,
5d81f3eee29746dbb26486189ed885d0,2026-01-08T12:00:00Z/2026-01-08T13:00:00Z,112233445566,2026-01-01T00:00:00Z,2026-02-01T00:00:00Z,AWS,112233445566,Usage,2026-01-08T12:00:00Z,2026-01-08T13:00:00Z,AmazonRDS,USEA-InstanceUsage:db.t3.medium,CreateDBInstance:0002,,arn:aws:rds:us-east-1:112233445566:db:platform-db,1.0,,,0.068,0.06803,0.068,0.067976,Hrs,0.068,0.068,Amazon Relational Database Service,db.t3.medium,,,,us-east-1,AmazonRDS,47.42,63.1,47.29,15,2026-01-06T08:38:02Z,platform,prod,CC100,,,,,,,,,,,,,
174af14d80f64cea8a3df665c975092c,2026-01-08T22:00:00Z/2026-01-08T23:00:00Z,112233445566,2026-01-01T00:00:00Z,2026-02-01T00:00:00Z,AWS,112233445566,Usage,2026-01-08T22:00:00Z,2026-01-08T23:00:00Z,AmazonRDS,USEA-InstanceUsage:db.t3.medium,CreateDBInstance:0002,,arn:aws:rds:us-east-1:112233445566:db:platform-db,1.0,,,0.068,0.067971,0.068,0.068046,Hrs,0.068,0.068,Amazon Relational Database Service,db.t3.medium,,,,us-east-1,AmazonRDS,45.98,61.7,26.07,14,2026-01-06T22:24:39Z,platform,prod,CC100,,,,,,,,,,,,,
4d9154d0a2804bcb814261a4d9bf65e5,2026-01-09T08:00:00Z/2026-01-09T09:00:00Z,112233445566,2026-01-01T00:00:00Z,2026-02-01T00:00:00Z,AWS,112233445566,Usage,2026-01-09T08:00:00Z,2026-01-09T09:00:00Z,AmazonRDS,USEA-InstanceUsage:db.t3.medium,CreateDBInstance:0002,,arn:aws:rds:us-east-1:112233445566:db:platform-db,1.0,,,0.068,0.067984,0.068,0.068,Hrs,0.068,0.068,Amazon Relational Database Service,db.t3.medium,,,,us-east-1,AmazonRDS,45.42,56.34,43.13,2,2026-01-07T14:42:51Z,platform,prod,CC100,,,,,,,,,,,,,
31d8c41c830b4327a0404a6902895dd1,2026-01-09T18:00:00Z/2026-01-09T19:00:00Z,112233445566,2026-01-01T00:00:00Z,2026-02-01T00:00:00Z,AWS,112233445566,Usage,2026-01-09T18:00:00Z,2026-01-09T19:00:00Z,AmazonRDS,USEA-InstanceUsage:db.t3.medium,CreateDBInstance:0002,,arn:aws:rds:us-east-1:112233445566:db:platform-db,1.0,,,0.068,0.068018,0.068,0.067937,Hrs,0.068,0.068,Amazon Relational Database Service,db.t3.medium,,,,us-east-1,AmazonRDS,52.95,56.47,29.48,18,2026-01-07T09:21:47Z,platform,prod,CC100,,,,,,,,,,,,,
4fa945ebe8514815afe9d08b7b7ba453,2026-01-10T04:00:00Z/2026-01-10T05:00:00Z,112233445566,2026-01-01T00:00:00Z,2026-02-01T00:00:00Z,AWS,112233445566,Usage,2026-01-10T04:00:00Z,2026-01-10T05:00:00Z,AmazonRDS,USEA-InstanceUsage:db.t3.medium,CreateDBInstance:0002,,arn:aws:rds:us-east-1:112233445566:db:platform-db,1.0,,,0.068,0.067969,0.068,0.068027,Hrs,0.068,0.068,Amazon Relational Database Service,db.t3.medium,,,,us-east-1,AmazonRDS,42.25,53.57,51.33,19,2026-01-08T06:09:09Z,platform,prod,CC100,,,,,,,,,,,,,
89047735f8d84e9e99e7d9596e59c709,2026-01-10T14:00:00Z/2026-01-10T15:00:00Z,112233445566,2026-01-01T00:00:00Z,2026-02-01T00:00:00Z,AWS,112233445566,Usage,2026-01-10T14:00:00Z,2026-01-10T15:00:00Z,AmazonRDS,USEA-InstanceUsage:db.t3.medium,CreateDBInstance:0002,,arn:aws:rds:us-east-1:112233445566:db:platform-db,1.0,,,0.068,0.067989,0.068,0.06803,Hrs,0.068,0.068,Amazon Relational Database Service,db.t3.medium,,,,us-east-1,AmazonRDS,43.48,63.48,46.03,26,2026-01-10T02:30:05Z,platform,prod,CC100,,,,,,,,,,,,,
a853495358ce4e3e8e2e71777312199e,2026-01-11T00:00:00Z/2026-01-11T01:00:00Z,112233445566,2026-01-01T00:00:00Z,2026-02-01T00:00:00Z,AWS,112233445566,Usage,2026-01-11T00:00:00Z,2026-01-11T01:00:00Z,AmazonRDS,USEA-InstanceUsage:db.t3.medium,CreateDBInstance:0002,,arn:aws:rds:us-east-1:112233445566:db:platform-db,1.0,,,0.068,0.068068,0.068,0.06799,Hrs,0.068,0.068,Amazon Relational Database Service,db.t3.medium,,,,us-east-1,AmazonRDS,42.96,61.52,46.02,20,2026-01-10T01:15:14Z,platform,prod,CC100,,,,,,,,,,,,,
87baaef8d72345549384dac41e766f45,2026-01-11T10:00:00Z/2026-01-11T11:00:00Z,112233445566,2026-01-01T00:00:00Z,2026-02-01T00:00:00Z,AWS,112233445566,Usage,2026-01-11T10:00:00Z,2026-01-11T11:00:00Z,AmazonRDS,USEA-InstanceUsage:db.t3.medium,CreateDBInstance:0002,,arn:aws:rds:us-east-1:112233445566:db:platform-db,1.0,,,0.068,0.06796,0.068,0.067966,Hrs,0.068,0.068,Amazon Relational Database Service,db.t3.medium,,,,us-east-1,AmazonRDS,50.16,53.97,40.35,5,2026-01-09T19:21:54Z,platform,prod,CC100,,,,,,,,,,,,,
14277449790740988df68946b9cc9310,2026-01-11T20:00:00Z/2026-01-11T21:00:00Z,112233445566,2026-01-01T00:00:00Z,2026-02-01T00:00:00Z,AWS,112233445566,Usage,2026-01-11T20:00:00Z,2026-01-11T21:00:00Z,AmazonRDS,USEA-InstanceUsage:db.t3.medium,CreateDBInstance:0002,,arn:aws:rds:us-east-1:112233445566:db:platform-db,1.0,,,0.068,0.067945,0.068,0.068054,Hrs,0.068,0.068,Amazon Relational Database Service,db.t3.medium,,,,us-east-1,AmazonRDS,57.48,42.38,33.52,9,2026-01-10T04:57:08Z,platform,prod,CC100,,,,,,,,,,,,,
dd5b97560e1a4b0e976b1d590998eebe,2026-01-12T06:00:00Z/2026-01-12T07:00:00Z,112233445566,2026-01-01T00:00:00Z,2026-02-01T00:00:00Z,AWS,112233445566,Usage,2026-01-12T06:00:00Z,2026-01-12T07:00:00Z,AmazonRDS,USEA-InstanceUsage:db.t3.medium,CreateDBInstance:0002,,arn:aws:rds:us-east-1:112233445566:db:platform-db,1.0,,,0.068,0.068022,0.068,0.067933,Hrs,0.068,0.068,Amazon Relational Database Service,db.t3.medium,,,,us-east-1,AmazonRDS,45.47,57.21,39.38,15,2026-01-11T11:49:16Z,platform,prod,CC100,,,,,,,,,,,,,
33d51d2c26f44f97b87c9dca38be049c,2026-01-12T16:00:00Z/2026-01-12T17:00:00Z,112233445566,2026-01-01T00:00:00Z,2026-02-01T00:00:00Z,AWS,112233445566,Usage,2026-01-12T16:00:00Z,2026-01-12T17:00:00Z,AmazonRDS,USEA-InstanceUsage:db.t3.medium,CreateDBInstance:0002,,arn:aws:rds:us-east-1:112233445566:db:platform-db,1.0,,,0.068,0.068004,0.068,0.067943,Hrs,0.068,0.068,Amazon Relational Database Service,db.t3.medium,,,,us-east-1,AmazonRDS,53.31,60.54,33.17,19,2026-01-11T06:20:05Z,platform,prod,CC100,,,,,,,,,,,,,
d293d2fa484d4569a57c19915169cca3,2026-01-13T02:00:00Z/2026-01-13T03:00:00Z,112233445566,2026-01-01T00:00:00Z,2026-02-01T00:00:00Z,AWS,112233445566,Usage,2026-01-13T02:00:00Z,2026-01-13T03:00:00Z,AmazonRDS,USEA-InstanceUsage:db.t3.medium,CreateDBInstance:0002,,arn:aws:rds:us-east-1:112233445566:db:platform-db,1.0,,,0.068,0.06798,0.068,0.068051,Hrs,0.068,0.068,Amazon Relational Database Service,db.t3.medium,,,,us-east-1,AmazonRDS,47.96,58.31,26.21,11,2026-01-12T13:12:05Z,platform,prod,CC100,,,,,,,,,,,,,
c6d13a00c0b647648c1d77b8514e643d,2026-01-13T12:00:00Z/2026-01-13T13:00:00Z,112233445566,2026-01-01T00:00:00Z,2026-02-01T00:00:00Z,AWS,112233445566,Usage,2026-01-13T12:00:00Z,2026-01-13T13:00:00Z,AmazonRDS,USEA-InstanceUsage:db.t3.medium,CreateDBInstance:0002,,arn:aws:rds:us-east-1:112233445566:db:platform-db,1.0,,,0.068,0.068035,0.068,0.067988,Hrs,0.068,0.068,Amazon Relational Database Service,db.t3.medium,,,,us-east-1,AmazonRDS,40.02,62.86,28.66,10,2026-01-12T01:29:29Z,platform,prod,CC100,,,,,,,,,,,,,
1f3f8f52ae3a416ebf9080e818062e1a,2026-01-13T22:00:00Z/2026-01-13T23:00:00Z,112233445566,2026-01-01T00:00:00Z,2026-02-01T00:00:00Z,AWS,112233445566,Usage,2026-01-13T22:00:00Z,2026-01-13T23:00:00Z,AmazonRDS,USEA-InstanceUsage:db.t3.medium,CreateDBInstance:0002,,arn:aws:rds:us-east-1:112233445566:db:platform-db,1.0,,,0.068,0.067963,0.068,0.067986,Hrs,0.068,0.068,Amazon Relational Database Service,db.t3.medium,,,,us-east-1,AmazonRDS,57.92,62.39,39.58,22,2026-01-11T21:34:21Z,platform,prod,CC100,,,,,,,,,,,,,
5b975e1be2ca47ca823b231b5285c3ae,2026-01-14T08:00:00Z/2026-01-14T09:00:00Z,112233445566,2026-01-01T00:00:00Z,2026-02-01T00:00:00Z,AWS,112233445566,Usage,2026-01-14T08:00:00Z,2026-01-14T09:00:00Z,AmazonRDS,USEA-InstanceUsage:db.t3.medium,CreateDBInstance:0002,,arn:aws:rds:us-east-1:112233445566:db:platform-db,1.0,,,0.068,0.068026,0.068,0.067996,Hrs,0.068,0.068,Amazon Relational Database Service,db.t3.medium,,,,us-east-1,AmazonRDS,40.24,65.39,26.59,16,2026-01-12T23:15:28Z,platform,prod,CC100,,,,,,,,,,,,,
51af874273d24859b5a0f059d35cceb6,2026-01-14T18:00:00Z/2026-01-14T19:00:00Z,112233445566,2026-01-01T00:00:00Z,2026-02-01T00:00:00Z,AWS,112233445566,Usage,2026-01-14T18:00:00Z,2026-01-14T19:00:00Z,AmazonRDS,USEA-InstanceUsage:db.t3.medium,CreateDBInstance:0002,,arn:aws:rds:us-east-1:112233445566:db:platform-db,1.0,,,0.068,0.067998,0.068,0.068044,Hrs,0.068,0.068,Amazon Relational Database Service,db.t3.medium,,,,us-east-1,AmazonRDS,35.15,49.48,29.14,21,2026-01-13T23:28:25Z,platform,prod,CC100,,,,,,,,,,,,,
82c3f13379d64281ae9a96cebbd2dd38,2026-01-15T04:00:00Z/2026-01-15T05:00:00Z,112233445566,2026-01-01T00:00:00Z,2026-02-01T00:00:00Z,AWS,112233445566,Usage,2026-01-15T04:00:00Z,2026-01-15T05:00:00Z,AmazonRDS,USEA-InstanceUsage:db.t3.medium,CreateDBInstance:0002,,arn:aws:rds:us-east-1:112233445566:db:platform-db,1.0,,,0.068,0.068037,0.068,0.067984,Hrs,0.068,0.068,Amazon Relational Database Service,db.t3.medium,,,,us-east-1,AmazonRDS,53.97,39.53,24.48,8,2026-01-14T06:58:12Z,platform,prod,CC100,,,,,,,,,,,,,
71ae826cd6f549db8cbb699fefa74dc2,2026-01-15T14:00:00Z/2026-01-15T15:00:00Z,112233445566,2026-01-01T00:00:00Z,2026-02-01T00:00:00Z,AWS,112233445566,Usage,2026-01-15T14:00:00Z,2026-01-15T15:00:00Z,AmazonRDS,USEA-InstanceUsage:db.t3.medium,CreateDBInstance:0002,,arn:aws:rds:us-east-1:112233445566:db:platform-db,1.0,,,0.068,0.067972,0.068,0.068044,Hrs,0.068,0.068,Amazon Relational Database Service,db.t3.medium,,,,us-east-1,AmazonRDS,41.3,46.2,36.62,13,2026-01-14T10:16:36Z,platform,prod,CC100,,,,,,,,,,,,,
9e97ccbe191e4c34b145acc08cb3b1b8,2026-01-16T00:00:00Z/2026-01-16T01:00:00Z,112233445566,2026-01-01T00:00:00Z,2026-02-01T00:00:00Z,AWS,112233445566,Usage,2026-01-16T00:00:00Z,2026-01-16T01:00:00Z,AmazonRDS,USEA-InstanceUsage:db.t3.medium,CreateDBInstance:0002,,arn:aws:rds:us-east-1:112233445566:db:platform-db,1.0,,,0.068,0.068038,0.068,0.068061,Hrs,0.068,0.068,Amazon Relational Database Service,db.t3.medium,,,,us-east-1,AmazonRDS,43.23,50.68,44.72,14,2026-01-14T13:10:34Z,platform,prod,CC100,,,,,,,,,,,,,
0361f29c888442099bda5904f5348a09,2026-01-16T10:00:00Z/2026-01-16T11:00:00Z,112233445566,2026-01-01T00:00:00Z,2026-02-01T00:00:00Z,AWS,112233445566,Usage,2026-01-16T10:00:00Z,2026-01-16T11:00:00Z,AmazonRDS,USEA-InstanceUsage:db.t3.medium,CreateDBInstance:0002,,arn:aws:rds:us-east-1:112233445566:db:platform-db,1.0,,,0.068,0.067957,0.068,0.067945,Hrs,0.068,0.068,Amazon Relational Database Service,db.t3.medium,,,,us-east-1,AmazonRDS,50.37,51.25,24.3,16,2026-01-15T05:22:47Z,platform,prod,CC100,,,,,,,,,,,,,
da0ee1e7eb414d30b8788cdb6e85d979,2026-01-16T20:00:00Z/2026-01-16T21:00:00Z,112233445566,2026-01-01T00:00:00Z,2026-02-01T00:00:00Z,AWS,112233445566,Usage,2026-01-16T20:00:00Z,2026-01-16T21:00:00Z,AmazonRDS,USEA-InstanceUsage:db.t3.medium,CreateDBInstance:0002,,arn:aws:rds:us-east-1:112233445566:db:platform-db,1.0,,,0.068,0.068041,0.068,0.067942,Hrs,0.068,0.068,Amazon Relational Database Service,db.t3.medium,,,,us-east-1,AmazonRDS,47.76,57.43,44.42,16,2026-01-14T23:52:22Z,platform,prod,CC100,,,,,,,,,,,,,
e3937aaa3de549499e218271661a5672,2026-01-17T06:00:00Z/2026-01-17T07:00:00Z,112233445566,2026-01-01T00:00:00Z,2026-02-01T00:00:00Z,AWS,112233445566,Usage,2026-01-17T06:00:00Z,2026-01-17T07:00:00Z,AmazonRDS,USEA-InstanceUsage:db.t3.medium,CreateDBInstance:0002,,arn:aws:rds:us-east-1:112233445566:db:platform-db,1.0,,,0.068,0.068054,0.068,0.068002,Hrs,0.068,0.068,Amazon Relational Database Service,db.t3.medium,,,,us-east-1,AmazonRDS,41.04,58.5,27.4,15,2026-01-16T10:14:09Z,platform,prod,CC100,,,,,,,,,,,,,
35b5b7a406424210b28e83c048b5fa94,2026-01-17T16:00:00Z/2026-01-17T17:00:00Z,112233445566,2026-01-01T00:00:00Z,2026-02-01T00:00:00Z,AWS,112233445566,Usage,2026-01-17T16:00:00Z,2026-01-17T17:00:00Z,AmazonRDS,USEA-InstanceUsage:db.t3.medium,CreateDBInstance:0002,,arn:aws:rds:us-east-1:112233445566:db:platform-db,1.0,,,0.068,0.067943,0.068,0.067969,Hrs,0.068,0.068,Amazon Relational Database Service,db.t3.medium,,,,us-east-1,AmazonRDS,46.48,51.42,43.62,9,2026-01-17T05:39:10Z,platform,prod,CC100,,,,,,,,,,,,,
9a6784a4a38a46649c2f4034ae13f285,2026-01-18T02:00:00Z/2026-01-18T03:00:00Z,112233445566,2026-01-01T00:00:00Z,2026-02-01T00:00:00Z,AWS,112233445566,Usage,2026-01-18T02:00:00Z,2026-01-18T03:00:00Z,AmazonRDS,USEA-InstanceUsage:db.t3.medium,CreateDBInstance:0002,,arn:aws:rds:us-east-1:112233445566:db:platform-db,1.0,,,0.068,0.068009,0.068,0.067975,Hrs,0.068,0.068,Amazon Relational Database Service,db.t3.medium,,,,us-east-1,AmazonRDS,36.97,59.1,43.92,8,2026-01-16T19:49:16Z,platform,prod,CC100,,,,,,,,,,,,,
1fb52196a55b4c128f98931234abf8ea,2026-01-18T12:00:00Z/2026-01-18T13:00:00Z,112233445566,2026-01-01T00:00:00Z,2026-02-01T00:00:00Z,AWS,112233445566,Usage,2026-01-18T12:00:00Z,2026-01-18T13:00:00Z,AmazonRDS,USEA-InstanceUsage:db.t3.medium,CreateDBInstance:0002,,arn:aws:rds:us-east-1:112233445566:db:platform-db,1.0,,,0.068,0.068053,0.068,0.06799,Hrs,0.068,0.068,Amazon Relational Database Service,db.t3.medium,,,,us-east-1,AmazonRDS,39.67,43.96,43.72,8,2026-01-17T19:04:02Z,platform,prod,CC100,,,,,,,,,,,,,
b33803a99f734a8b9c1bf056f987b07b,2026-01-18T22:00:00Z/2026-01-18T23:00:00Z,112233445566,2026-01-01T00:00:00Z,2026-02-01T00:00:00Z,AWS,112233445566,Usage,2026-01-18T22:00:00Z,2026-01-18T23:00:00Z,AmazonRDS,USEA-InstanceUsage:db.t3.medium,CreateDBInstance:0002,,arn:aws:rds:us-east-1:112233445566:db:platform-db,1.0,,,0.068,0.067995,0.068,0.067934,Hrs,0.068,0.068,Amazon Relational Database Service,db.t3.medium,,,,us-east-1,AmazonRDS,57.52,50.02,31.71,3,2026-01-18T14:55:32Z,platform,prod,CC100,,,,,,,,,,,,,
349a7bc59ead4d618761328396031fce,2026-01-19T08:00:00Z/2026-01-19T09:00:00Z,112233445566,2026-01-01T00:00:00Z,2026-02-01T00:00:00Z,AWS,112233445566,Usage,2026-01-19T08:00:00Z,2026-01-19T09:00:00Z,AmazonRDS,USEA-InstanceUsage:db.t3.medium,CreateDBInstance:0002,,arn:aws:rds:us-east-1:112233445566:db:platform-db,1.0,,,0.068,0.067936,0.068,0.067965,Hrs,0.068,0.068,Amazon Relational Database Service,db.t3.medium,,,,us-east-1,AmazonRDS,33.11,60.01,29.29,4,2026-01-18T02:15:00Z,platform,prod,CC100,,,,,,,,,,,,,
6146ee309520452f90672584ead8b526,2026-01-19T18:00:00Z/2026-01-19T19:00:00Z,112233445566,2026-01-01T00:00:00Z,2026-02-01T00:00:00Z,AWS,112233445566,Usage,2026-01-19T18:00:00Z,2026-01-19T19:00:00Z,AmazonRDS,USEA-InstanceUsage:db.t3.medium,CreateDBInstance:0002,,arn:aws:rds:us-east-1:112233445566:db:platform-db,1.0,,,0.068,0.068037,0.068,0.067999,Hrs,0.068,0.068,Amazon Relational Database Service,db.t3.medium,,,,us-east-1,AmazonRDS,48.48,49.1,51.58,4,2026-01-18T05:21:59Z,platform,prod,CC100,,,,,,,,,,,,,
9f283a51036947059f123c517c680762,2026-01-20T04:00:00Z/2026-01-20T05:00:00Z,112233445566,2026-01-01T00:00:00Z,2026-02-01T00:00:00Z,AWS,112233445566,Usage,2026-01-20T04:00:00Z,2026-01-20T05:00:00Z,AmazonRDS,USEA-InstanceUsage:db.t3.medium,CreateDBInstance:0002,,arn:aws:rds:us-east-1:112233445566:db:platform-db,1.0,,,0.068,0.068045,0.068,0.06803,Hrs,0.068,0.068,Amazon Relational Database Service,db.t3.medium,,,,us-east-1,AmazonRDS,38.22,54.33,28.9,17,2026-01-17T14:03:38Z,platform,prod,CC100,,,,,,,,,,,,,
f8ede6e09ad6422486ceb5e267fa1dc5,2026-01-20T14:00:00Z/2026-01-20T15:00:00Z,112233445566,2026-01-01T00:00:00Z,2026-02-01T00:00:00Z,AWS,112233445566,Usage,2026-01-20T14:00:00Z,2026-01-20T15:00:00Z,AmazonRDS,USEA-InstanceUsage:db.t3.medium,CreateDBInstance:0002,,arn:aws:rds:us-east-1:112233445566:db:platform-db,1.0,,,0.068,0.068003,0.068,0.068041,Hrs,0.068,0.068,Amazon Relational Database Service,db.t3.medium,,,,us-east-1,AmazonRDS,44.49,46.86,31.27,23,2026-01-19T03:58:50Z,platform,prod,CC100,,,,,,,,,,,,,
7051c2854d4d47dcb090edf7b7d1241f,2026-01-21T00:00:00Z/2026-01-21T01:00:00Z,112233445566,2026-01-01T00:00:00Z,2026-02-01T00:00:00Z,AWS,112233445566,Usage,2026-01-21T00:00:00Z,2026-01-21T01:00:00Z,AmazonRDS,USEA-InstanceUsage:db.t3.medium,CreateDBInstance:0002,,arn:aws:rds:us-east-1:112233445566:db:platform-db,1.0,,,0.068,0.068024,0.068,0.067941,Hrs,0.068,0.068,Amazon Relational Database Service,db.t3.medium,,,,us-east-1,AmazonRDS,57.92,42.41,42.94,14,2026-01-20T10:00:49Z,platform,prod,CC100,,,,,,,,,,,,,
0cbb7448d9e24c54b39b0356db9245f6,2026-01-21T10:00:00Z/2026-01-21T11:00:00Z,112233445566,2026-01-01T00:00:00Z,2026-02-01T00:00:00Z,AWS,112233445566,Usage,2026-01-21T10:00:00Z,2026-01-21T11:00:00Z,AmazonRDS,USEA-InstanceUsage:db.t3.medium,CreateDBInstance:0002,,arn:aws:rds:us-east-1:112233445566:db:platform-db,1.0,,,0.068,0.068052,0.068,0.067984,Hrs,0.068,0.068,Amazon Relational Database Service,db.t3.medium,,,,us-east-1,AmazonRDS,54.73,52.89,51.46,12,2026-01-19T00:14:20Z,platform,prod,CC100,,,,,,,,,,,,,
1d2f91ffddac4bf080626be918e57024,2026-01-21T20:00:00Z/2026-01-21T21:00:00Z,112233445566,2026-01-01T00:00:00Z,2026-02-01T00:00:00Z,AWS,112233445566,Usage,2026-01-21T20:00:00Z,2026-01-21T21:00:00Z,AmazonRDS,USEA-InstanceUsage:db.t3.medium,CreateDBInstance:0002,,arn:aws:rds:us-east-1:112233445566:db:platform-db,1.0,,,0.068,0.067968,0.068,0.067953,Hrs,0.068,0.068,Amazon Relational Database Service,db.t3.medium,,,,us-east-1,AmazonRDS,34.42,43.83,47.55,17,2026-01-20T23:58:07Z,platform,prod,CC100,,,,,,,,,,,,,
cee357781b564cf19aad35f628372989,2026-01-22T06:00:00Z/2026-01-22T07:00:00Z,112233445566,2026-01-01T00:00:00Z,2026-02-01T00:00:00Z,AWS,112233445566,Usage,2026-01-22T06:00:00Z,2026-01-22T07:00:00Z,AmazonRDS,USEA-InstanceUsage:db.t3.medium,CreateDBInstance:0002,,arn:aws:rds:us-east-1:112233445566:db:platform-db,1.0,,,0.068,0.067998,0.068,0.067991,Hrs,0.068,0.068,Amazon Relational Database Service,db.t3.medium,,,,us-east-1,AmazonRDS,34.31,45.25,33.64,6,2026-01-21T04:00:13Z,platform,prod,CC100,,,,,,,,,,,,,
9b18a7bce4d7432e8b3b03a86779b1e0,2026-01-22T16:00:00Z/2026-01-22T17:00:00Z,112233445566,2026-01-01T00:00:00Z,2026-02-01T00:00:00Z,AWS,112233445566,Usage,2026-01-22T16:00:00Z,2026-01-22T17:00:00Z,AmazonRDS,USEA-InstanceUsage:db.t3.medium,CreateDBInstance:0002,,arn:aws:rds:us-east-1:112233445566:db:platform-db,1.0,,,0.068,0.068063,0.068,0.067972,Hrs,0.068,0.068,Amazon Relational Database Service,db.t3.medium,,,,us-east-1,AmazonRDS,57.26,45.68,49.75,9,2026-01-21T18:39:16Z,platform,prod,CC100,,,,,,,,,,,,,
351d5364aed848a7a692330cf78706bb,2026-01-23T02:00:00Z/2026-01-23T03:00:00Z,112233445566,2026-01-01T00:00:00Z,2026-02-01T00:00:00Z,AWS,112233445566,Usage,2026-01-23T02:00:00Z,2026-01-23T03:00:00Z,AmazonRDS,USEA-InstanceUsage:db.t3.medium,CreateDBInstance:0002,,arn:aws:rds:us-east-1:112233445566:db:platform-db,1.0,,,0.068,0.067968,0.068,0.067965,Hrs,0.068,0.068,Amazon Relational Database Service,db.t3.medium,,,,us-east-1,AmazonRDS,49.79,58.96,33.86,21,2026-01-22T00:53:58Z,platform,prod,CC100,,,,,,,,,,,,,
84f1a9e7d9fb44f591d93d9b5fb70f39,2026-01-23T12:00:00Z/2026-01-23T13:00:00Z,112233445566,2026-01-01T00:00:00Z,2026-02-01T00:00:00Z,AWS,112233445566,Usage,2026-01-23T12:00:00Z,2026-01-23T13:00:00Z,AmazonRDS,USEA-InstanceUsage:db.t3.medium,CreateDBInstance:0002,,arn:aws:rds:us-east-1:112233445566:db:platform-db,1.0,,,0.068,0.068023,0.068,0.068045,Hrs,0.068,0.068,Amazon Relational Database Service,db.t3.medium,,,,us-east-1,AmazonRDS,43.7,54.05,50.71,1,2026-01-22T17:00:21Z,platform,prod,CC100,,,,,,,,,,,,,
5ffff5e09a58454185c1138e7cb51202,2026-01-23T22:00:00Z/2026-01-23T23:00:00Z,112233445566,2026-01-01T00:00:00Z,2026-02-01T00:00:00Z,AWS,112233445566,Usage,2026-01-23T22:00:00Z,2026-01-23T23:00:00Z,AmazonRDS,USEA-InstanceUsage:db.t3.medium,CreateDBInstance:0002,,arn:aws:rds:us-east-1:112233445566:db:platform-db,1.0,,,0.068,0.06799,0.068,0.068067,Hrs,0.068,0.068,Amazon Relational Database Service,db.t3.medium,,,,us-east-1,AmazonRDS,41.74,62.43,25.21,18,2026-01-23T11:43:04Z,platform,prod,CC100,,,,,,,,,,,,,
04c15c3319174b57bf1fff2f742e36ef,2026-01-24T08:00:00Z/2026-01-24T09:00:00Z,112233445566,2026-01-01T00:00:00Z,2026-02-01T00:00:00Z,AWS,112233445566,Usage,2026-01-24T08:00:00Z,2026-01-24T09:00:00Z,AmazonRDS,USEA-InstanceUsage:db.t3.medium,CreateDBInstance:0002,,arn:aws:rds:us-east-1:112233445566:db:platform-db,1.0,,,0.068,0.067967,0.068,0.068004,Hrs,0.068,0.068,Amazon Relational Database Service,db.t3.medium,,,,us-east-1,AmazonRDS,44.17,38.65,38.51,22,2026-01-22T09:06:22Z,platform,prod,CC100,,,,,,,,,,,,,
c880bff8e80f4a59ad2f100d59430ba7,2026-01-24T18:00:00Z/2026-01-24T19:00:00Z,112233445566,2026-01-01T00:00:00Z,2026-02-01T00:00:00Z,AWS,112233445566,Usage,2026-01-24T18:00:00Z,2026-01-24T19:00:00Z,AmazonRDS,USEA-InstanceUsage:db.t3.medium,CreateDBInstance:0002,,arn:aws:rds:us-east-1:112233445566:db:platform-db,1.0,,,0.068,0.067949,0.068,0.06798,Hrs,0.068,0.068,Amazon Relational Database Service,db.t3.medium,,,,us-east-1,AmazonRDS,57.05,43.42,32.44,10,2026-01-23T20:59:08Z,platform,prod,CC100,,,,,,,,,,,,,
65422b88aa864b62967dc60402696574,2026-01-25T04:00:00Z/2026-01-25T05:00:00Z,112233445566,2026-01-01T00:00:00Z,2026-02-01T00:00:00Z,AWS,112233445566,Usage,2026-01-25T04:00:00Z,2026-01-25T05:00:00Z,AmazonRDS,USEA-InstanceUsage:db.t3.medium,CreateDBInstance:0002,,arn:aws:rds:us-east-1:112233445566:db:platform-db,1.0,,,0.068,0.067939,0.068,0.067997,Hrs,0.068,0.068,Amazon Relational Database Service,db.t3.medium,,,,us-east-1,AmazonRDS,44.49,61.23,34.57,20,2026-01-23T07:31:44Z,platform,prod,CC100,,,,,,,,,,,,,
8fbcc492bcd24f31a21d33483057b5fc,2026-01-25T14:00:00Z/2026-01-25T15:00:00Z,112233445566,2026-01-01T00:00:00Z,2026-02-01T00:00:00Z,AWS,112233445566,Usage,2026-01-25T14:00:00Z,2026-01-25T15:00:00Z,AmazonRDS,USEA-InstanceUsage:db.t3.medium,CreateDBInstance:0002,,arn:aws:rds:us-east-1:112233445566:db:platform-db,1.0,,,0.068,0.067972,0.068,0.06803,Hrs,0.068,0.068,Amazon Relational Database Service,db.t3.medium,,,,us-east-1,AmazonRDS,43.13,54.78,43.25,0,2026-01-23T19:24:49Z,platform,prod,CC100,,,,,,,,,,,,,
e1b05518100a40e3b94c3aece6ca3403,2026-01-26T00:00:00Z/2026-01-26T01:00:00Z,112233445566,2026-01-01T00:00:00Z,2026-02-01T00:00:00Z,AWS,112233445566,Usage,2026-01-26T00:00:00Z,2026-01-26T01:00:00Z,AmazonRDS,USEA-InstanceUsage:db.t3.medium,CreateDBInstance:0002,,arn:aws:rds:us-east-1:112233445566:db:platform-db,1.0,,,0.068,0.067934,0.068,0.068025,Hrs,0.068,0.068,Amazon Relational Database Service,db.t3.medium,,,,us-east-1,AmazonRDS,43.67,44.58,43.71,22,2026-01-23T19:07:30Z,platform,prod,CC100,,,,,,,,,,,,,
7f9752c61fee46889a40cb00bd1e9c3c,2026-01-26T10:00:00Z/2026-01-26T11:00:00Z,112233445566,2026-01-01T00:00:00Z,2026-02-01T00:00:00Z,AWS,112233445566,Usage,2026-01-26T10:00:00Z,2026-01-26T11:00:00Z,AmazonRDS,USEA-InstanceUsage:db.t3.medium,CreateDBInstance:0002,,arn:aws:rds:us-east-1:112233445566:db:platform-db,1.0,,,0.068,0.067968,0.068,0.068005,Hrs,0.068,0.068,Amazon Relational Database Service,db.t3.medium,,,,us-east-1,AmazonRDS,45.55,53.99,44.31,2,2026-01-24T14:28:05Z,platform,prod,CC100,,,,,,,,,,,,,
e2aa31fe8f4548e489c43a733a8b37c2,2026-01-26T20:00:00Z/2026-01-26T21:00:00Z,112233445566,2026-01-01T00:00:00Z,2026-02-01T00:00:00Z,AWS,112233445566,Usage,2026-01-26T20:00:00Z,2026-01-26T21:00:00Z,AmazonRDS,USEA-InstanceUsage:db.t3.medium,CreateDBInstance:0002,,arn:aws:rds:us-east-1:112233445566:db:platform-db,1.0,,,0.068,0.068004,0.068,0.068068,Hrs,0.068,0.068,Amazon Relational Database Service,db.t3.medium,,,,us-east-1,AmazonRDS,45.66,39.03,47.45,15,2026-01-26T06:24:30Z,platform,prod,CC100,,,,,,,,,,,,,
3a63b6da1a4e46b69ec9622cc2c8df44,2026-01-27T06:00:00Z/2026-01-27T07:00:00Z,112233445566,2026-01-01T00:00:00Z,2026-02-01T00:00:00Z,AWS,112233445566,Usage,2026-01-27T06:00:00Z,2026-01-27T07:00:00Z,AmazonRDS,USEA-InstanceUsage:db.t3.medium,CreateDBInstance:0002,,arn:aws:rds:us-east-1:112233445566:db:platform-db,1.0,,,0.068,0.067997,0.068,0.067958,Hrs,0.068,0.068,Amazon Relational Database Service,db.t3.medium,,,,us-east-1,AmazonRDS,38.61,43.32,26.58,5,2026-01-25T20:05:48Z,platform,prod,CC100,,,,,,,,,,,,,
23ec913827fc4c98be42ff40bacdfddb,2026-01-27T16:00:00Z/2026-01-27T17:00:00Z,112233445566,2026-01-01T00:00:00Z,2026-02-01T00:00:00Z,AWS,112233445566,Usage,2026-01-27T16:00:00Z,2026-01-27T17:00:00Z,AmazonRDS,USEA-InstanceUsage:db.t3.medium,CreateDBInstance:0002,,arn:aws:rds:us-east-1:112233445566:db:platform-db,1.0,,,0.068,0.068066,0.068,0.06799,Hrs,0.068,0.068,Amazon Relational Database Service,db.t3.medium,,,,us-east-1,AmazonRDS,49.85,61.23,34.34,9,2026-01-25T15:10:07Z,platform,prod,CC100,,,,,,,,,,,,,
d99917cd1c494b36883a11fc3cd503a3,2026-01-28T02:00:00Z/2026-01-28T03:00:00Z,112233445566,2026-01-01T00:00:00Z,2026-02-01T00:00:00Z,AWS,112233445566,Usage,2026-01-28T02:00:00Z,2026-01-28T03:00:00Z,AmazonRDS,USEA-InstanceUsage:db.t3.medium,CreateDBInstance:0002,,arn:aws:rds:us-east-1:112233445566:db:platform-db,1.0,,,0.068,0.067985,0.068,0.068041,Hrs,0.068,0.068,Amazon Relational Database Service,db.t3.medium,,,,us-east-1,AmazonRDS,52.57,59.22,26.58,22,2026-01-26T16:57:49Z,platform,prod,CC100,,,,,,,,,,,,,
548634f46c034366ac38895ea2d70fad,2026-01-28T12:00:00Z/2026-01-28T13:00:00Z,112233445566,2026-01-01T00:00:00Z,2026-02-01T00:00:00Z,AWS,112233445566,Usage,2026-01-28T12:00:00Z,2026-01-28T13:00:00Z,AmazonRDS,USEA-InstanceUsage:db.t3.medium,CreateDBInstance:0002,,arn:aws:rds:us-east-1:112233445566:db:platform-db,1.0,,,0.068,0.067977,0.068,0.068008,Hrs,0.068,0.068,Amazon Relational Database Service,db.t3.medium,,,,us-east-1,AmazonRDS,34.99,61.14,50.28,15,2026-01-28T11:16:31Z,platform,prod,CC100,,,,,,,,,,,,,
11c1df28baa34b2eb9a08c8191f58985,2026-01-28T22:00:00Z/2026-01-28T23:00:00Z,112233445566,2026-01-01T00:00:00Z,2026-02-01T00:00:00Z,AWS,112233445566,Usage,2026-01-28T22:00:00Z,2026-01-28T23:00:00Z,AmazonRDS,USEA-InstanceUsage:db.t3.medium,CreateDBInstance:0002,,arn:aws:rds:us-east-1:112233445566:db:platform-db,1.0,,,0.068,0.068044,0.068,0.068025,Hrs,0.068,0.068,Amazon Relational Database Service,db.t3.medium,,,,us-east-1,AmazonRDS,39.98,47.12,39.95,12,2026-01-26T14:08:29Z,platform,prod,CC100,,,,,,,,,,,,,
b9c6d67435e74d8684403a233cc55349,2026-01-29T08:00:00Z/2026-01-29T09:00:00Z,112233445566,2026-01-01T00:00:00Z,2026-02-01T00:00:00Z,AWS,112233445566,Usage,2026-01-29T08:00:00Z,2026-01-29T09:00:00Z,AmazonRDS,USEA-InstanceUsage:db.t3.medium,CreateDBInstance:0002,,arn:aws:rds:us-east-1:112233445566:db:platform-db,1.0,,,0.068,0.068034,0.068,0.068057,Hrs,0.068,0.068,Amazon Relational Database Service,db.t3.medium,,,,us-east-1,AmazonRDS,33.27,59.79,26.18,11,2026-01-29T04:49:04Z,platform,prod,CC100,,,,,,,,,,,,,
6f01308dfae041e8a9a94d098903b73d,2026-01-29T18:00:00Z/2026-01-29T19:00:00Z,112233445566,2026-01-01T00:00:00Z,2026-02-01T00:00:00Z,AWS,112233445566,Usage,2026-01-29T18:00:00Z,2026-01-29T19:00:00Z,AmazonRDS,USEA-InstanceUsage:db.t3.medium,CreateDBInstance:0002,,arn:aws:rds:us-east-1:112233445566:db:platform-db,1.0,,,0.068,0.067937,0.068,0.067992,Hrs,0.068,0.068,Amazon Relational Database Service,db.t3.medium,,,,us-east-1,AmazonRDS,48.7,63.07,24.39,8,2026-01-29T00:06:51Z,platform,prod,CC100,,,,,,,,,,,,,
baec81d2540447328eadde4e43a89bff,2026-01-30T04:00:00Z/2026-01-30T05:00:00Z,112233445566,2026-01-01T00:00:00Z,2026-02-01T00:00:00Z,AWS,112233445566,Usage,2026-01-30T04:00:00Z,2026-01-30T05:00:00Z,AmazonRDS,USEA-InstanceUsage:db.t3.medium,CreateDBInstance:0002,,arn:aws:rds:us-east-1:112233445566:db:platform-db,1.0,,,0.068,0.068016,0.068,0.068045,Hrs,0.068,0.068,Amazon Relational Database Service,db.t3.medium,,,,us-east-1,AmazonRDS,32.09,44.91,41.1,16,2026-01-28T21:49:16Z,platform,prod,CC100,,,,,,,,,,,,,
790db758c0e74fff8b1729c37daaa2b1,2026-01-30T14:00:00Z/2026-01-30T15:00:00Z,112233445566,2026-01-01T00:00:00Z,2026-02-01T00:00:00Z,AWS,112233445566,Usage,2026-01-30T14:00:00Z,2026-01-30T15:00:00Z,AmazonRDS,USEA-InstanceUsage:db.t3.medium,CreateDBInstance:0002,,arn:aws:rds:us-east-1:112233445566:db:platform-db,1.0,,,0.068,0.067985,0.068,0.06805,Hrs,0.068,0.068,Amazon Relational Database Service,db.t3.medium,,,,us-east-1,AmazonRDS,55.08,54.31,28.36,15,2026-01-28T09:02:37Z,platform,prod,CC100,,,,,,,,,,,,,
b6809a6df4664e09bf1eb582366867e5,2026-01-01T00:00:00Z/2026-01-01T01:00:00Z,112233445566,2026-01-01T00:00:00Z,2026-02-01T00:00:00Z,AWS,223344556677,Usage,2026-01-01T00:00:00Z,2026-01-01T01:00:00Z,AmazonRDS,USWE-InstanceUsage:db.r5.large,CreateDBInstance:0002,,arn:aws:rds:us-west-2:223344556677:db:analytics-db,1.0,,,0.24,0.24018,0.24,0.239943,Hrs,0.24,0.24,Amazon Relational Database Service,db.r5.large,,,,us-west-2,AmazonRDS,29.15,42.45,26.0,29,2025-12-28T20:03:16Z,data-eng,prod,CC200,,,,,,,,,,,,,
9fe7719fa7a44e3bba65978601aadc21,2026-01-01T10:00:00Z/2026-01-01T11:00:00Z,112233445566,2026-01-01T00:00:00Z,2026-02-01T00:00:00Z,AWS,223344556677,Usage,2026-01-01T10:00:00Z,2026-01-01T11:00:00Z,AmazonRDS,USWE-InstanceUsage:db.r5.large,CreateDBInstance:0002,,arn:aws:rds:us-west-2:223344556677:db:analytics-db,1.0,,,0.24,0.240076,0.24,0.239952,Hrs,0.24,0.24,Amazon Relational Database Service,db.r5.large,,,,us-west-2,AmazonRDS,22.72,40.35,18.2,29,2025-12-31T00:44:35Z,data-eng,prod,CC200,,,,,,,,,,,,,
4683cf6ccabe49bf9eadb09e024ec20c,2026-01-01T20:00:00Z/2026-01-01T21:00:00Z,112233445566,2026-01-01T00:00:00Z,2026-02-01T00:00:00Z,AWS,223344556677,Usage,2026-01-01T20:00:00Z,2026-01-01T21:00:00Z,AmazonRDS,USWE-InstanceUsage:db.r5.large,CreateDBInstance:0002,,arn:aws:rds:us-west-2:223344556677:db:analytics-db,1.0,,,0.24,0.23985,0.24,0.239874,Hrs,0.24,0.24,Amazon Relational Database Service,db.r5.large,,,,us-west-2,AmazonRDS,33.91,32.04,20.95,60,2025-12-31T06:24:35Z,data-eng,prod,CC200,,,,,,,,,,,,,
50213349f96949d2b8c455ab5590fcc3,2026-01-02T06:00:00Z/2026-01-02T07:00:00Z,112233445566,2026-01-01T00:00:00Z,2026-02-01T00:00:00Z,AWS,223344556677,Usage,2026-01-02T06:00:00Z,2026-01-02T07:00:00Z,AmazonRDS,USWE-InstanceUsage:db.r5.large,CreateDBInstance:0002,,arn:aws:rds:us-west-2:223344556677:db:analytics-db,1.0,,,0.24,0.240192,0.24,0.239803,Hrs,0.24,0.24,Amazon Relational Database Service,db.r5.large,,,,us-west-2,AmazonRDS,39.15,31.04,24.28,61,2025-12-29T19:59:14Z,data-eng,prod,CC200,,,,,,,,,,,,,
86d2c50bd4b94d5d9afcc9e281530f3d,2026-01-02T16:00:00Z/2026-01-02T17:00:00Z,112233445566,2026-01-01T00:00:00Z,2026-02-01T00:00:00Z,AWS,223344556677,Usage,2026-01-02T16:00:00Z,2026-01-02T17:00:00Z,AmazonRDS,USWE-InstanceUsage:db.r5.large,CreateDBInstance:0002,,arn:aws:rds:us-west-2:223344556677:db:analytics-db,1.0,,,0.24,0.239897,0.24,0.239924,Hrs,0.24,0.24,Amazon Relational Database Service,db.r5.large,,,,us-west-2,AmazonRDS,22.18,47.5,25.26,40,2025-12-31T08:15:02Z,data-eng,prod,CC200,,,,,,,,,,,,,
1394bfe5f9e8487aa1745a6473c5048e,2026-01-03T02:00:00Z/2026-01-03T03:00:00Z,112233445566,2026-01-01T00:00:00Z,2026-02-01T00:00:00Z,AWS,223344556677,Usage,2026-01-03T02:00:00Z,2026-01-03T03:00:00Z,AmazonRDS,USWE-InstanceUsage:db.r5.large,CreateDBInstance:0002,,arn:aws:rds:us-west-2:223344556677:db:analytics-db,1.0,,,0.24,0.239909,0.24,0.240162,Hrs,0.24,0.24,Amazon Relational Database Service,db.r5.large,,,,us-west-2,AmazonRDS,40.11,31.22,41.43,56,2025-12-31T03:24:15Z,data-eng,prod,CC200,,,,,,,,,,,,,
430835a22d4440c0b8ddb12694b4519e,2026-01-03T12:00:00Z/2026-01-03T13:00:00Z,112233445566,2026-01-01T00:00:00Z,2026-02-01T00:00:00Z,AWS,223344556677,Usage,2026-01-03T12:00:00Z,2026-01-03T13:00:00Z,AmazonRDS,USWE-InstanceUsage:db.r5.large,CreateDBInstance:0002,,arn:aws:rds:us-west-2:223344556677:db:analytics-db,1.0,,,0.24,0.240017,0.24,0.240029,Hrs,0.24,0.24,Amazon Relational Database Service,db.r5.large,,,,us-west-2,AmazonRDS,25.15,33.96,33.45,30,2025-12-31T23:34:30Z,data-eng,prod,CC200,,,,,,,,,,,,,
702ddf44245748868dd406c760984645,2026-01-03T22:00:00Z/2026-01-03T23:00:00Z,112233445566,2026-01-01T00:00:00Z,2026-02-01T00:00:00Z,AWS,223344556677,Usage,2026-01-03T22:00:00Z,2026-01-03T23:00:00Z,AmazonRDS,USWE-InstanceUsage:db.r5.large,CreateDBInstance:0002,,arn:aws:rds:us-west-2:223344556677:db:analytics-db,1.0,,,0.24,0.240176,0.24,0.239991,Hrs,0.24,0.24,Amazon Relational Database Service,db.r5.large,,,,us-west-2,AmazonRDS,40.3,41.82,28.92,26,2025-12-31T03:13:50Z,data-eng,prod,CC200,,,,,,,,,,,,,
09588b0f357d4d399653b909c6f1b72b,2026-01-04T08:00:00Z/2026-01-04T09:00:00Z,112233445566,2026-01-01T00:00:00Z,2026-02-01T00:00:00Z,AWS,223344556677,Usage,2026-01-04T08:00:00Z,2026-01-04T09:00:00Z,AmazonRDS,USWE-InstanceUsage:db.r5.large,CreateDBInstance:0002,,arn:aws:rds:us-west-2:223344556677:db:analytics-db,1.0,,,0.24,0.240036,0.24,0.239961,Hrs,0.24,0.24,Amazon Relational Database Service,db.r5.large,,,,us-west-2,AmazonRDS,39.25,34.08,19.44,48,2026-01-01T11:21:23Z,data-eng,prod,CC200,,,,,,,,,,,,,
6fddf5ec5ab04bb7aca11600b89cf746,2026-01-04T18:00:00Z/2026-01-04T19:00:00Z,112233445566,2026-01-01T00:00:00Z,2026-02-01T00:00:00Z,AWS,223344556677,Usage,2026-01-04T18:00:00Z,2026-01-04T19:00:00Z,AmazonRDS,USWE-InstanceUsage:db.r5.large,CreateDBInstance:0002,,arn:aws:rds:us-west-2:223344556677:db:analytics-db,1.0,,,0.24,0.240177,0.24,0.239823,Hrs,0.24,0.24,Amazon Relational Database Service,db.r5.large,,,,us-west-2,AmazonRDS,41.06,46.08,41.18,23,2026-01-02T05:44:53Z,data-eng,prod,CC200,,,,,,,,,,,,,
3b2f6e3d497c46fba4c456f7d1522137,2026-01-05T04:00:00Z/2026-01-05T05:00:00Z,112233445566,2026-01-01T00:00:00Z,2026-02-01T00:00:00Z,AWS,223344556677,Usage,2026-01-05T04:00:00Z,2026-01-05T05:00:00Z,AmazonRDS,USWE-InstanceUsage:db.r5.large,CreateDBInstance:0002,,arn:aws:rds:us-west-2:223344556677:db:analytics-db,1.0,,,0.24,0.240052,0.24,0.239772,Hrs,0.24,0.24,Amazon Relational Database Service,db.r5.large,,,,us-west-2,AmazonRDS,22.47,35.52,30.08,68,2026-01-02T06:49:15Z,data-eng,prod,CC200,,,,,,,,,,,,,
ff362a1b038e4cf78a32e439ec786efe,2026-01-05T14:00:00Z/2026-01-05T15:00:00Z,112233445566,2026-01-01T00:00:00Z,2026-02-01T00:00:00Z,AWS,223344556677,Usage,2026-01-05T14:00:00Z,2026-01-05T15:00:00Z,AmazonRDS,USWE-InstanceUsage:db.r5.large,CreateDBInstance:0002,,arn:aws:rds:us-west-2:223344556677:db:analytics-db,1.0,,,0.24,0.239851,0.24,0.240013,Hrs,0.24,0.24,Amazon Relational Database Service,db.r5.large,,,,us-west-2,AmazonRDS,31.8,32.42,22.79,30,2026-01-01T11:05:37Z,data-eng,prod,CC200,,,,,,,,,,,,,
b5efe01b78604ccfbc92287718b9d890,2026-01-06T00:00:00Z/2026-01-06T01:00:00Z,112233445566,2026-01-01T00:00:00Z,2026-02-01T00:00:00Z,AWS,223344556677,Usage,2026-01-06T00:00:00Z,2026-01-06T01:00:00Z,AmazonRDS,USWE-InstanceUsage:db.r5.large,CreateDBInstance:0002,,arn:aws:rds:us-west-2:223344556677:db:analytics-db,1.0,,,0.24,0.240171,0.24,0.240029,Hrs,0.24,0.24,Amazon Relational Database Service,db.r5.large,,,,us-west-2,AmazonRDS,25.6,40.82,34.12,26,2026-01-03T01:16:12Z,data-eng,prod,CC200,,,,,,,,,,,,,
c54c239713fa46e49b6f604d914c9774,2026-01-06T10:00:00Z/2026-01-06T11:00:00Z,112233445566,2026-01-01T00:00:00Z,2026-02-01T00:00:00Z,AWS,223344556677,Usage,2026-01-06T10:00:00Z,2026-01-06T11:00:00Z,AmazonRDS,USWE-InstanceUsage:db.r5.large,CreateDBInstance:0002,,arn:aws:rds:us-west-2:223344556677:db:analytics-db,1.0,,,0.24,0.239766,0.24,0.240209,Hrs,0.24,0.24,Amazon Relational Database Service,db.r5.large,,,,us-west-2,AmazonRDS,38.3,49.34,20.07,33,2026-01-03T03:00:32Z,data-eng,prod,CC200,,,,,,,,,,,,,
278ab244333e478aad032e8b1fd9b4e7,2026-01-06T20:00:00Z/2026-01-06T21:00:00Z,112233445566,2026-01-01T00:00:00Z,2026-02-01T00:00:00Z,AWS,223344556677,Usage,2026-01-06T20:00:00Z,2026-01-06T21:00:00Z,AmazonRDS,USWE-InstanceUsage:db.r5.large,CreateDBInstance:0002,,arn:aws:rds:us-west-2:223344556677:db:analytics-db,1.0,,,0.24,0.239992,0.24,0.240138,Hrs,0.24,0.24,Amazon Relational Database Service,db.r5.large,,,,us-west-2,AmazonRDS,34.63,30.62,18.99,16,2026-01-03T14:57:03Z,data-eng,prod,CC200,,,,,,,,,,,,,
c633d5931ec44a8f93c07d252a370264,2026-01-07T06:00:00Z/2026-01-07T07:00:00Z,112233445566,2026-01-01T00:00:00Z,2026-02-01T00:00:00Z,AWS,223344556677,Usage,2026-01-07T06:00:00Z,2026-01-07T07:00:00Z,AmazonRDS,USWE-InstanceUsage:db.r5.large,CreateDBInstance:0002,,arn:aws:rds:us-west-2:223344556677:db:analytics-db,1.0,,,0.24,0.23981,0.24,0.240079,Hrs,0.24,0.24,Amazon Relational Database Service,db.r5.large,,,,us-west-2,AmazonRDS,22.5,32.74,38.34,22,2026-01-03T14:42:26Z,data-eng,prod,CC200,,,,,,,,,,,,,
8603b1de142147c99949450c5d59695a,2026-01-07T16:00:00Z/2026-01-07T17:00:00Z,112233445566,2026-01-01T00:00:00Z,2026-02-01T00:00:00Z,AWS,223344556677,Usage,2026-01-07T16:00:00Z,2026-01-07T17:00:00Z,AmazonRDS,USWE-InstanceUsage:db.r5.large,CreateDBInstance:0002,,arn:aws:rds:us-west-2:223344556677:db:analytics-db,1.0,,,0.24,0.240199,0.24,0.239857,Hrs,0.24,0.24,Amazon Relational Database Service,db.r5.large,,,,us-west-2,AmazonRDS,34.55,41.17,36.73,43,2026-01-04T22:46:48Z,data-eng,prod,CC200,,,,,,,,,,,,,
48fb8e4443d64ea28221ba7152c08d0f,2026-01-08T02:00:00Z/2026-01-08T03:00:00Z,112233445566,2026-01-01T00:00:00Z,2026-02-01T00:00:00Z,AWS,223344556677,Usage,2026-01-08T02:00:00Z,2026-01-08T03:00:00Z,AmazonRDS,USWE-InstanceUsage:db.r5.large,CreateDBInstance:0002,,arn:aws:rds:us-west-2:223344556677:db:analytics-db,1.0,,,0.24,0.24004,0.24,0.240022,Hrs,0.24,0.24,Amazon Relational Database Service,db.r5.large,,,,us-west-2,AmazonRDS,29.95,29.62,26.18,28,2026-01-05T12:14:35Z,data-eng,prod,CC200,,,,,,,,,,,,,
5cc18f9e4fab411380b873e10f38010d,2026-01-08T12:00:00Z/2026-01-08T13:00:00Z,112233445566,2026-01-01T00:00:00Z,2026-02-01T00:00:00Z,AWS,223344556677,Usage,2026-01-08T12:00:00Z,2026-01-08T13:00:00Z,AmazonRDS,USWE-InstanceUsage:db.r5.large,CreateDBInstance:0002,,arn:aws:rds:us-west-2:223344556677:db:analytics-db,1.0,,,0.24,0.24023,0.24,0.240002,Hrs,0.24,0.24,Amazon Relational Database Service,db.r5.large,,,,us-west-2,AmazonRDS,40.97,35.33,36.99,21,2026-01-05T11:10:54Z,data-eng,prod,CC200,,,,,,,,,,,,,
d6c179fab992465d822d0f123a274904,2026-01-08T22:00:00Z/2026-01-08T23:00:00Z,112233445566,2026-01-01T00:00:00Z,2026-02-01T00:00:00Z,AWS,223344556677,Usage,2026-01-08T22:00:00Z,2026-01-08T23:00:00Z,AmazonRDS,USWE-InstanceUsage:db.r5.large,CreateDBInstance:0002,,arn:aws:rds:us-west-2:223344556677:db:analytics-db,1.0,,,0.24,0.240006,0.24,0.239906,Hrs,0.24,0.24,Amazon Relational Database Service,db.r5.large,,,,us-west-2,AmazonRDS,24.77,41.73,31.55,39,2026-01-06T22:14:16Z,data-eng,prod,CC200,,,,,,,,,,,,,
d6515e410b984d349cf4ad1ef0be8721,2026-01-09T08:00:00Z/2026-01-09T09:00:00Z,112233445566,2026-01-01T00:00:00Z,2026-02-01T00:00:00Z,AWS,223344556677,Usage,2026-01-09T08:00:00Z,2026-01-09T09:00:00Z,AmazonRDS,USWE-InstanceUsage:db.r5.large,CreateDBInstance:0002,,arn:aws:rds:us-west-2:223344556677:db:analytics-db,1.0,,,0.24,0.240196,0.24,0.239915,Hrs,0.24,0.24,Amazon Relational Database Service,db.r5.large,,,,us-west-2,AmazonRDS,33.33,29.7,38.48,19,2026-01-07T13:53:17Z,data-eng,prod,CC200,,,,,,,,,,,,,
95c9cc568ba046d0b9c18a66db99551a,2026-01-09T18:00:00Z/2026-01-09T19:00:00Z,112233445566,2026-01-01T00:00:00Z,2026-02-01T00:00:00Z,AWS,223344556677,Usage,2026-01-09T18:00:00Z,2026-01-09T19:00:00Z,AmazonRDS,USWE-InstanceUsage:db.r5.large,CreateDBInstance:0002,,arn:aws:rds:us-west-2:223344556677:db:analytics-db,1.0,,,0.24,0.240126,0.24,0.240226,Hrs,0.24,0.24,Amazon Relational Database Service,db.r5.large,,,,us-west-2,AmazonRDS,31.26,48.31,28.69,34,2026-01-05T22:09:10Z,data-eng,prod,CC200,,,,,,,,,,,,,
289e16213eb6452d828bb8fca56a3cff,2026-01-10T04:00:00Z/2026-01-10T05:00:00Z,112233445566,2026-01-01T00:00:00Z,2026-02-01T00:00:00Z,AWS,223344556677,Usage,2026-01-10T04:00:00Z,2026-01-10T05:00:00Z,AmazonRDS,USWE-InstanceUsage:db.r5.large,CreateDBInstance:0002,,arn:aws:rds:us-west-2:223344556677:db:analytics-db,1.0,,,0.24,0.239987,0.24,0.240216,Hrs,0.24,0.24,Amazon Relational Database Service,db.r5.large,,,,us-west-2,AmazonRDS,28.31,42.61,24.1,16,2026-01-06T23:07:31Z,data-eng,prod,CC200,,,,,,,,,,,,,
6a60ab2098cf4beba3cf806972aa2054,2026-01-10T14:00:00Z/2026-01-10T15:00:00Z,112233445566,2026-01-01T00:00:00Z,2026-02-01T00:00:00Z,AWS,223344556677,Usage,2026-01-10T14:00:00Z,2026-01-10T15:00:00Z,AmazonRDS,USWE-InstanceUsage:db.r5.large,CreateDBInstance:0002,,arn:aws:rds:us-west-2:223344556677:db:analytics-db,1.0,,,0.24,0.240166,0.24,0.24024,Hrs,0.24,0.24,Amazon Relational Database Service,db.r5.large,,,,us-west-2,AmazonRDS,35.19,40.47,18.79,34,2026-01-07T10:14:37Z,data-eng,prod,CC200,,,,,,,,,,,,,
0ea5093de8a1403986d6fea045710bda,2026-01-11T00:00:00Z/2026-01-11T01:00:00Z,112233445566,2026-01-01T00:00:00Z,2026-02-01T00:00:00Z,AWS,223344556677,Usage,2026-01-11T00:00:00Z,2026-01-11T01:00:00Z,AmazonRDS,USWE-InstanceUsage:db.r5.large,CreateDBInstance:0002,,arn:aws:rds:us-west-2:223344556677:db:analytics-db,1.0,,,0.24,0.240058,0.24,0.239774,Hrs,0.24,0.24,Amazon Relational Database Service,db.r5.large,,,,us-west-2,AmazonRDS,34.82,40.03,33.64,50,2026-01-07T01:11:16Z,data-eng,prod,CC200,,,,,,,,,,,,,
fba41aea35474e2694b1aabcac987371,2026-01-11T10:00:00Z/2026-01-11T11:00:00Z,112233445566,2026-01-01T00:00:00Z,2026-02-01T00:00:00Z,AWS,223344556677,Usage,2026-01-11T10:00:00Z,2026-01-11T11:00:00Z,AmazonRDS,USWE-InstanceUsage:db.r5.large,CreateDBInstance:0002,,arn:aws:rds:us-west-2:223344556677:db:analytics-db,1.0,,,0.24,0.239983,0.24,0.240205,Hrs,0.24,0.24,Amazon Relational Database Service,db.r5.large,,,,us-west-2,AmazonRDS,35.47,30.29,34.31,55,2026-01-09T04:08:07Z,data-eng,prod,CC200,,,,,,,,,,,,,
bafb77d4892c43d2ac16c4e710e3cc47,2026-01-11T20:00:00Z/2026-01-11T21:00:00Z,112233445566,2026-01-01T00:00:00Z,2026-02-01T00:00:00Z,AWS,223344556677,Usage,2026-01-11T20:00:00Z,2026-01-11T21:00:00Z,AmazonRDS,USWE-InstanceUsage:db.r5.large,CreateDBInstance:0002,,arn:aws:rds:us-west-2:223344556677:db:analytics-db,1.0,,,0.24,0.240168,0.24,0.240194,Hrs,0.24,0.24,Amazon Relational Database Service,db.r5.large,,,,us-west-2,AmazonRDS,32.1,46.49,29.91,50,2026-01-08T06:59:01Z,data-eng,prod,CC200,,,,,,,,,,,,,
d1d25f4854e740d689fbc7b1422c28d2,2026-01-12T06:00:00Z/2026-01-12T07:00:00Z,112233445566,2026-01-01T00:00:00Z,2026-02-01T00:00:00Z,AWS,223344556677,Usage,2026-01-12T06:00:00Z,2026-01-12T07:00:00Z,AmazonRDS,USWE-InstanceUsage:db.r5.large,CreateDBInstance:0002,,arn:aws:rds:us-west-2:223344556677:db:analytics-db,1.0,,,0.24,0.240176,0.24,0.240152,Hrs,0.24,0.24,Amazon Relational Database Service,db.r5.large,,,,us-west-2,AmazonRDS,32.53,44.68,28.71,33,2026-01-09T21:50:13Z,data-eng,prod,CC200,,,,,,,,,,,,,
384fbeff766d4c3382d9697a20520e4a,2026-01-12T16:00:00Z/2026-01-12T17:00:00Z,112233445566,2026-01-01T00:00:00Z,2026-02-01T00:00:00Z,AWS,223344556677,Usage,2026-01-12T16:00:00Z,2026-01-12T17:00:00Z,AmazonRDS,USWE-InstanceUsage:db.r5.large,CreateDBInstance:0002,,arn:aws:rds:us-west-2:223344556677:db:analytics-db,1.0,,,0.24,0.240093,0.24,0.240238,Hrs,0.24,0.24,Amazon Relational Database Service,db.r5.large,,,,us-west-2,AmazonRDS,32.9,42.96,20.58,48,2026-01-09T19:31:38Z,data-eng,prod,CC200,,,,,,,,,,,,,
8cf80a49fd1747cc9d3919241a8f5301,2026-01-13T02:00:00Z/2026-01-13T03:00:00Z,112233445566,2026-01-01T00:00:00Z,2026-02-01T00:00:00Z,AWS,223344556677,Usage,2026-01-13T02:00:00Z,2026-01-13T03:00:00Z,AmazonRDS,USWE-InstanceUsage:db.r5.large,CreateDBInstance:0002,,arn:aws:rds:us-west-2:223344556677:db:analytics-db,1.0,,,0.24,0.239824,0.24,0.239792,Hrs,0.24,0.24,Amazon Relational Database Service,db.r5.large,,,,us-west-2,AmazonRDS,33.13,36.63,27.93,63,2026-01-09T06:36:00Z,data-eng,prod,CC200,,,,,,,,,,,,,
8e696ebc29a8487ca88fe43759091e25,2026-01-13T12:00:00Z/2026-01-13T13:00:00Z,112233445566,2026-01-01T00:00:00Z,2026-02-01T00:00:00Z,AWS,223344556677,Usage,2026-01-13T12:00:00Z,2026-01-13T13:00:00Z,AmazonRDS,USWE-InstanceUsage:db.r5.large,CreateDBInstance:0002,,arn:aws:rds:us-west-2:223344556677:db:analytics-db,1.0,,,0.24,0.239975,0.24,0.239977,Hrs,0.24,0.24,Amazon Relational Database Service,db.r5.large,,,,us-west-2,AmazonRDS,26.11,33.22,21.79,42,2026-01-10T12:52:54Z,data-eng,prod,CC200,,,,,,,,,,,,,
2a85d43e9a3c44d096aadebcb93d172f,2026-01-13T22:00:00Z/2026-01-13T23:00:00Z,112233445566,2026-01-01T00:00:00Z,2026-02-01T00:00:00Z,AWS,223344556677,Usage,2026-01-13T22:00:00Z,2026-01-13T23:00:00Z,AmazonRDS,USWE-InstanceUsage:db.r5.large,CreateDBInstance:0002,,arn:aws:rds:us-west-2:223344556677:db:analytics-db,1.0,,,0.24,0.240052,0.24,0.240024,Hrs,0.24,0.24,Amazon Relational Database Service,db.r5.large,,,,us-west-2,AmazonRDS,27.82,41.65,19.15,21,2026-01-11T00:50:40Z,data-eng,prod,CC200,,,,,,,,,,,,,
9539a41a0c5a4ad08fde75f8416564e1,2026-01-14T08:00:00Z/2026-01-14T09:00:00Z,112233445566,2026-01-01T00:00:00Z,2026-02-01T00:00:00Z,AWS,223344556677,Usage,2026-01-14T08:00:00Z,2026-01-14T09:00:00Z,AmazonRDS,USWE-InstanceUsage:db.r5.large,CreateDBInstance:0002,,arn:aws:rds:us-west-2:223344556677:db:analytics-db,1.0,,,0.24,0.239962,0.24,0.240114,Hrs,0.24,0.24,Amazon Relational Database Service,db.r5.large,,,,us-west-2,AmazonRDS,27.8,42.64,36.67,13,2026-01-11T18:57:24Z,data-eng,prod,CC200,,,,,,,,,,,,,
ac564fb4f5f047d4838bbd18128ebaa5,2026-01-14T18:00:00Z/2026-01-14T19:00:00Z,112233445566,2026-01-01T00:00:00Z,2026-02-01T00:00:00Z,AWS,223344556677,Usage,2026-01-14T18:00:00Z,2026-01-14T19:00:00Z,AmazonRDS,USWE-InstanceUsage:db.r5.large,CreateDBInstance:0002,,arn:aws:rds:us-west-2:223344556677:db:analytics-db,1.0,,,0.24,0.239933,0.24,0.240032,Hrs,0.24,0.24,Amazon Relational Database Service,db.r5.large,,,,us-west-2,AmazonRDS,32.36,36.54,18.7,26,2026-01-12T13:49:40Z,data-eng,prod,CC200,,,,,,,,,,,,,
839d45f2bc414ee2b163ee296ddf133f,2026-01-15T04:00:00Z/2026-01-15T05:00:00Z,112233445566,2026-01-01T00:00:00Z,2026-02-01T00:00:00Z,AWS,223344556677,Usage,2026-01-15T04:00:00Z,2026-01-15T05:00:00Z,AmazonRDS,USWE-InstanceUsage:db.r5.large,CreateDBInstance:0002,,arn:aws:rds:us-west-2:223344556677:db:analytics-db,1.0,,,0.24,0.240145,0.24,0.23999,Hrs,0.24,0.24,Amazon Relational Database Service,db.r5.large,,,,us-west-2,AmazonRDS,24.11,49.52,31.37,49,2026-01-12T13:22:03Z,data-eng,prod,CC200,,,,,,,,,,,,,
83c993644af9441a8b60d3e268f159d8,2026-01-15T14:00:00Z/2026-01-15T15:00:00Z,112233445566,2026-01-01T00:00:00Z,2026-02-01T00:00:00Z,AWS,223344556677,Usage,2026-01-15T14:00:00Z,2026-01-15T15:00:00Z,AmazonRDS,USWE-InstanceUsage:db.r5.large,CreateDBInstance:0002,,arn:aws:rds:us-west-2:223344556677:db:analytics-db,1.0,,,0.24,0.239826,0.24,0.240179,Hrs,0.24,0.24,Amazon Relational Database Service,db.r5.large,,,,us-west-2,AmazonRDS,32.75,33.22,41.59,36,2026-01-12T09:19:21Z,data-eng,prod,CC200,,,,,,,,,,,,,
83e47a00dfcc4d52b2a43f001783cbb8,2026-01-16T00:00:00Z/2026-01-16T01:00:00Z,112233445566,2026-01-01T00:00:00Z,2026-02-01T00:00:00Z,AWS,223344556677,Usage,2026-01-16T00:00:00Z,2026-01-16T01:00:00Z,AmazonRDS,USWE-InstanceUsage:db.r5.large,CreateDBInstance:0002,,arn:aws:rds:us-west-2:223344556677:db:analytics-db,1.0,,,0.24,0.240237,0.24,0.239788,Hrs,0.24,0.24,Amazon Relational Database Service,db.r5.large,,,,us-west-2,AmazonRDS,33.98,31.23,27.83,20,2026-01-13T22:40:12Z,data-eng,prod,CC200,,,,,,,,,,,,,
21d6ca91c7664f30935b812ea94170cc,2026-01-16T10:00:00Z/2026-01-16T11:00:00Z,112233445566,2026-01-01T00:00:00Z,2026-02-01T00:00:00Z,AWS,223344556677,Usage,2026-01-16T10:00:00Z,2026-01-16T11:00:00Z,AmazonRDS,USWE-InstanceUsage:db.r5.large,CreateDBInstance:0002,,arn:aws:rds:us-west-2:223344556677:db:analytics-db,1.0,,,0.24,0.240156,0.24,0.2401,Hrs,0.24,0.24,Amazon Relational Database Service,db.r5.large,,,,us-west-2,AmazonRDS,22.24,42.19,40.73,22,2026-01-14T11:00:47Z,data-eng,prod,CC200,,,,,,,,,,,,,
b2470de756144c23873362aefcc3f5c1,2026-01-16T20:00:00Z/2026-01-16T21:00:00Z,112233445566,2026-01-01T00:00:00Z,2026-02-01T00:00:00Z,AWS,223344556677,Usage,2026-01-16T20:00:00Z,2026-01-16T21:00:00Z,AmazonRDS,USWE-InstanceUsage:db.r5.large,CreateDBInstance:0002,,arn:aws:rds:us-west-2:223344556677:db:analytics-db,1.0,,,0.24,0.239803,0.24,0.240029,Hrs,0.24,0.24,Amazon Relational Database Service,db.r5.large,,,,us-west-2,AmazonRDS,31.51,31.2,21.77,16,2026-01-14T03:51:01Z,data-eng,prod,CC200,,,,,,,,,,,,,
08bdaa0ad5094d3cbde6eb82c7eb2b72,2026-01-17T06:00:00Z/2026-01-17T07:00:00Z,112233445566,2026-01-01T00:00:00Z,2026-02-01T00:00:00Z,AWS,223344556677,Usage,2026-01-17T06:00:00Z,2026-01-17T07:00:00Z,AmazonRDS,USWE-InstanceUsage:db.r5.large,CreateDBInstance:0002,,arn:aws:rds:us-west-2:223344556677:db:analytics-db,1.0,,,0.24,0.240239,0.24,0.240102,Hrs,0.24,0.24,Amazon Relational Database Service,db.r5.large,,,,us-west-2,AmazonRDS,34.42,29.98,29.48,54,2026-01-13T02:12:09Z,data-eng,prod,CC200,,,,,,,,,,,,,
18e080b735dd4f818b63e71487b90dfc,2026-01-17T16:00:00Z/2026-01-17T17:00:00Z,112233445566,2026-01-01T00:00:00Z,2026-02-01T00:00:00Z,AWS,223344556677,Usage,2026-01-17T16:00:00Z,2026-01-17T17:00:00Z,AmazonRDS,USWE-InstanceUsage:db.r5.large,CreateDBInstance:0002,,arn:aws:rds:us-west-2:223344556677:db:analytics-db,1.0,,,0.24,0.239998,0.24,0.240216,Hrs,0.24,0.24,Amazon Relational Database Service,db.r5.large,,,,us-west-2,AmazonRDS,33.57,45.69,41.58,15,2026-01-13T05:09:32Z,data-eng,prod,CC200,,,,,,,,,,,,,
3d9c83a1b44a4e01a779243689c8abee,2026-01-18T02:00:00Z/2026-01-18T03:00:00Z,112233445566,2026-01-01T00:00:00Z,2026-02-01T00:00:00Z,AWS,223344556677,Usage,2026-01-18T02:00:00Z,2026-01-18T03:00:00Z,AmazonRDS,USWE-InstanceUsage:db.r5.large,CreateDBInstance:0002,,arn:aws:rds:us-west-2:223344556677:db:analytics-db,1.0,,,0.24,0.240153,0.24,0.239929,Hrs,0.24,0.24,Amazon Relational Database Service,db.r5.large,,,,us-west-2,AmazonRDS,24.34,41.49,24.14,17,2026-01-14T19:57:11Z,data-eng,prod,CC200,,,,,,,,,,,,,
ed8fcb0f7ae5469c971907c02d6e8229,2026-01-18T12:00:00Z/2026-01-18T13:00:00Z,112233445566,2026-01-01T00:00:00Z,2026-02-01T00:00:00Z,AWS,223344556677,Usage,2026-01-18T12:00:00Z,2026-01-18T13:00:00Z,AmazonRDS,USWE-InstanceUsage:db.r5.large,CreateDBInstance:0002,,arn:aws:rds:us-west-2:223344556677:db:analytics-db,1.0,,,0.24,0.239925,0.24,0.239871,Hrs,0.24,0.24,Amazon Relational Database Service,db.r5.large,,,,us-west-2,AmazonRDS,32.54,50.56,20.43,44,2026-01-16T08:38:44Z,data-eng,prod,CC200,,,,,,,,,,,,,
a1674666bce24c199cee81a52b79d29e,2026-01-18T22:00:00Z/2026-01-18T23:00:00Z,112233445566,2026-01-01T00:00:00Z,2026-02-01T00:00:00Z,AWS,223344556677,Usage,2026-01-18T22:00:00Z,2026-01-18T23:00:00Z,AmazonRDS,USWE-InstanceUsage:db.r5.large,CreateDBInstance:0002,,arn:aws:rds:us-west-2:223344556677:db:analytics-db,1.0,,,0.24,0.240043,0.24,0.240025,Hrs,0.24,0.24,Amazon Relational Database Service,db.r5.large,,,,us-west-2,AmazonRDS,29.39,38.33,40.89,47,2026-01-14T16:43:15Z,data-eng,prod,CC200,,,,,,,,,,,,,
8684ecc7759d42348b3a20fbd68a2d1b,2026-01-19T08:00:00Z/2026-01-19T09:00:00Z,112233445566,2026-01-01T00:00:00Z,2026-02-01T00:00:00Z,AWS,223344556677,Usage,2026-01-19T08:00:00Z,2026-01-19T09:00:00Z,AmazonRDS,USWE-InstanceUsage:db.r5.large,CreateDBInstance:0002,,arn:aws:rds:us-west-2:223344556677:db:analytics-db,1.0,,,0.24,0.239888,0.24,0.240081,Hrs,0.24,0.24,Amazon Relational Database Service,db.r5.large,,,,us-west-2,AmazonRDS,32.1,45.12,36.59,22,2026-01-17T02:48:54Z,data-eng,prod,CC200,,,,,,,,,,,,,
1a15759bb88b4b7ba99fe3f50a351ede,2026-01-19T18:00:00Z/2026-01-19T19:00:00Z,112233445566,2026-01-01T00:00:00Z,2026-02-01T00:00:00Z,AWS,223344556677,Usage,2026-01-19T18:00:00Z,2026-01-19T19:00:00Z,AmazonRDS,USWE-InstanceUsage:db.r5.large,CreateDBInstance:0002,,arn:aws:rds:us-west-2:223344556677:db:analytics-db,1.0,,,0.24,0.240076,0.24,0.240174,Hrs,0.24,0.24,Amazon Relational Database Service,db.r5.large,,,,us-west-2,AmazonRDS,35.22,48.29,18.55,63,2026-01-16T06:05:13Z,data-eng,prod,CC200,,,,,,,,,,,,,
c42266750f834ccdb7b9470aab059895,2026-01-20T04:00:00Z/2026-01-20T05:00:00Z,112233445566,2026-01-01T00:00:00Z,2026-02-01T00:00:00Z,AWS,223344556677,Usage,2026-01-20T04:00:00Z,2026-01-20T05:00:00Z,AmazonRDS,USWE-InstanceUsage:db.r5.large,CreateDBInstance:0002,,arn:aws:rds:us-west-2:223344556677:db:analytics-db,1.0,,,0.24,0.240167,0.24,0.240027,Hrs,0.24,0.24,Amazon Relational Database Service,db.r5.large,,,,us-west-2,AmazonRDS,31.58,32.34,27.79,34,2026-01-16T02:37:54Z,data-eng,prod,CC200,,,,,,,,,,,,,
d7f557b5aa2f46a38f93123a82839ae7,2026-01-20T14:00:00Z/2026-01-20T15:00:00Z,112233445566,2026-01-01T00:00:00Z,2026-02-01T00:00:00Z,AWS,223344556677,Usage,2026-01-20T14:00:00Z,2026-01-20T15:00:00Z,AmazonRDS,USWE-InstanceUsage:db.r5.large,CreateDBInstance:0002,,arn:aws:rds:us-west-2:223344556677:db:analytics-db,1.0,,,0.24,0.240184,0.24,0.239825,Hrs,0.24,0.24,Amazon Relational Database Service,db.r5.large,,,,us-west-2,AmazonRDS,26.04,42.97,21.78,71,2026-01-16T14:37:46Z,data-eng,prod,CC200,,,,,,,,,,,,,
582d9b0d5cca46b5b07d98c683d14713,2026-01-21T00:00:00Z/2026-01-21T01:00:00Z,112233445566,2026-01-01T00:00:00Z,2026-02-01T00:00:00Z,AWS,223344556677,Usage,2026-01-21T00:00:00Z,2026-01-21T01:00:00Z,AmazonRDS,USWE-InstanceUsage:db.r5.large,CreateDBInstance:0002,,arn:aws:rds:us-west-2:223344556677:db:analytics-db,1.0,,,0.24,0.240186,0.24,0.239918,Hrs,0.24,0.24,Amazon Relational Database Service,db.r5.large,,,,us-west-2,AmazonRDS,24.57,31.74,19.2,43,2026-01-18T16:34:27Z,data-eng,prod,CC200,,,,,,,,,,,,,
1c6d44712ddf48f796d0f23c319e8308,2026-01-21T10:00:00Z/2026-01-21T11:00:00Z,112233445566,2026-01-01T00:00:00Z,2026-02-01T00:00:00Z,AWS,223344556677,Usage,2026-01-21T10:00:00Z,2026-01-21T11:00:00Z,AmazonRDS,USWE-InstanceUsage:db.r5.large,CreateDBInstance:0002,,arn:aws:rds:us-west-2:223344556677:db:analytics-db,1.0,,,0.24,0.239963,0.24,0.239999,Hrs,0.24,0.24,Amazon Relational Database Service,db.r5.large,,,,us-west-2,AmazonRDS,31.77,29.26,24.63,69,2026-01-17T17:35:00Z,data-eng,prod,CC200,,,,,,,,,,,,,
f3f9107cb3794680971d449f9ff07533,2026-01-21T20:00:00Z/2026-01-21T21:00:00Z,112233445566,2026-01-01T00:00:00Z,2026-02-01T00:00:00Z,AWS,223344556677,Usage,2026-01-21T20:00:00Z,2026-01-21T21:00:00Z,AmazonRDS,USWE-InstanceUsage:db.r5.large,CreateDBInstance:0002,,arn:aws:rds:us-west-2:223344556677:db:analytics-db,1.0,,,0.24,0.240094,0.24,0.239824,Hrs,0.24,0.24,Amazon Relational Database Service,db.r5.large,,,,us-west-2,AmazonRDS,34.39,36.45,24.82,72,2026-01-17T16:56:20Z,data-eng,prod,CC200,,,,,,,,,,,,,
3253d93597c34e42ad34de777520121a,2026-01-22T06:00:00Z/2026-01-22T07:00:00Z,112233445566,2026-01-01T00:00:00Z,2026-02-01T00:00:00Z,AWS,223344556677,Usage,2026-01-22T06:00:00Z,2026-01-22T07:00:00Z,AmazonRDS,USWE-InstanceUsage:db.r5.large,CreateDBInstance:0002,,arn:aws:rds:us-west-2:223344556677:db:analytics-db,1.0,,,0.24,0.240139,0.24,0.239923,Hrs,0.24,0.24,Amazon Relational Database Service,db.r5.large,,,,us-west-2,AmazonRDS,26.32,41.38,24.27,60,2026-01-20T07:24:54Z,data-eng,prod,CC200,,,,,,,,,,,,,
a047d9076d5f4c5a97b89260ca8cd2ee,2026-01-22T16:00:00Z/2026-01-22T17:00:00Z,112233445566,2026-01-01T00:00:00Z,2026-02-01T00:00:00Z,AWS,223344556677,Usage,2026-01-22T16:00:00Z,2026-01-22T17:00:00Z,AmazonRDS,USWE-InstanceUsage:db.r5.large,CreateDBInstance:0002,,arn:aws:rds:us-west-2:223344556677:db:analytics-db,1.0,,,0.24,0.239987,0.24,0.240076,Hrs,0.24,0.24,Amazon Relational Database Service,db.r5.large,,,,us-west-2,AmazonRDS,23.81,45.27,31.64,15,2026-01-18T18:38:33Z,data-eng,prod,CC200,,,,,,,,,,,,,
935054a0727540099cf7226f074a213e,2026-01-23T02:00:00Z/2026-01-23T03:00:00Z,112233445566,2026-01-01T00:00:00Z,2026-02-01T00:00:00Z,AWS,223344556677,Usage,2026-01-23T02:00:00Z,2026-01-23T03:00:00Z,AmazonRDS,USWE-InstanceUsage:db.r5.large,CreateDBInstance:0002,,arn:aws:rds:us-west-2:223344556677:db:analytics-db,1.0,,,0.24,0.239767,0.24,0.240131,Hrs,0.24,0.24,Amazon Relational Database Service,db.r5.large,,,,us-west-2,AmazonRDS,30.02,28.44,22.53,55,2026-01-21T00:22:04Z,data-eng,prod,CC200,,,,,,,,,,,,,
9f624faab264489194ab1d7b9e3921f4,2026-01-23T12:00:00Z/2026-01-23T13:00:00Z,112233445566,2026-01-01T00:00:00Z,2026-02-01T00:00:00Z,AWS,223344556677,Usage,2026-01-23T12:00:00Z,2026-01-23T13:00:00Z,AmazonRDS,USWE-InstanceUsage:db.r5.large,CreateDBInstance:0002,,arn:aws:rds:us-west-2:223344556677:db:analytics-db,1.0,,,0.24,0.239939,0.24,0.239823,Hrs,0.24,0.24,Amazon Relational Database Service,db.r5.large,,,,us-west-2,AmazonRDS,22.84,41.57,18.81,51,2026-01-19T14:08:23Z,data-eng,prod,CC200,,,,,,,,,,,,,
1a9c7a1b14cd4ab1a2146f9b8cc98c84,2026-01-23T22:00:00Z/2026-01-23T23:00:00Z,112233445566,2026-01-01T00:00:00Z,2026-02-01T00:00:00Z,AWS,223344556677,Usage,2026-01-23T22:00:00Z,2026-01-23T23:00:00Z,AmazonRDS,USWE-InstanceUsage:db.r5.large,CreateDBInstance:0002,,arn:aws:rds:us-west-2:223344556677:db:analytics-db,1.0,,,0.24,0.239861,0.24,0.239774,Hrs,0.24,0.24,Amazon Relational Database Service,db.r5.large,,,,us-west-2,AmazonRDS,29.55,42.81,37.04,52,2026-01-22T02:23:50Z,data-eng,prod,CC200,,,,,,,,,,,,,
4b8bfe97d2fd437fb03af23f9fb12ff5,2026-01-24T08:00:00Z/2026-01-24T09:00:00Z,112233445566,2026-01-01T00:00:00Z,2026-02-01T00:00:00Z,AWS,223344556677,Usage,2026-01-24T08:00:00Z,2026-01-24T09:00:00Z,AmazonRDS,USWE-InstanceUsage:db.r5.large,CreateDBInstance:0002,,arn:aws:rds:us-west-2:223344556677:db:analytics-db,1.0,,,0.24,0.240183,0.24,0.240016,Hrs,0.24,0.24,Amazon Relational Database Service,db.r5.large,,,,us-west-2,AmazonRDS,41.89,40.77,30.21,44,2026-01-21T23:40:25Z,data-eng,prod,CC200,,,,,,,,,,,,,
5fbb0933499f449e9d5c1af9538a22ec,2026-01-24T18:00:00Z/2026-01-24T19:00:00Z,112233445566,2026-01-01T00:00:00Z,2026-02-01T00:00:00Z,AWS,223344556677,Usage,2026-01-24T18:00:00Z,2026-01-24T19:00:00Z,AmazonRDS,USWE-InstanceUsage:db.r5.large,CreateDBInstance:0002,,arn:aws:rds:us-west-2:223344556677:db:analytics-db,1.0,,,0.24,0.240147,0.24,0.240173,Hrs,0.24,0.24,Amazon Relational Database Service,db.r5.large,,,,us-west-2,AmazonRDS,28.43,29.73,21.28,32,2026-01-23T01:34:30Z,data-eng,prod,CC200,,,,,,,,,,,,,
77555ad957484024819a0d6609037964,2026-01-25T04:00:00Z/2026-01-25T05:00:00Z,112233445566,2026-01-01T00:00:00Z,2026-02-01T00:00:00Z,AWS,223344556677,Usage,2026-01-25T04:00:00Z,2026-01-25T05:00:00Z,AmazonRDS,USWE-InstanceUsage:db.r5.large,CreateDBInstance:0002,,arn:aws:rds:us-west-2:223344556677:db:analytics-db,1.0,,,0.24,0.239791,0.24,0.23984,Hrs,0.24,0.24,Amazon Relational Database Service,db.r5.large,,,,us-west-2,AmazonRDS,33.64,48.31,23.16,64,2026-01-21T17:01:20Z,data-eng,prod,CC200,,,,,,,,,,,,,
2141fde1ca0a432aac6c27121b92451c,2026-01-25T14:00:00Z/2026-01-25T15:00:00Z,112233445566,2026-01-01T00:00:00Z,2026-02-01T00:00:00Z,AWS,223344556677,Usage,2026-01-25T14:00:00Z,2026-01-25T15:00:00Z,AmazonRDS,USWE-InstanceUsage:db.r5.large,CreateDBInstance:0002,,arn:aws:rds:us-west-2:223344556677:db:analytics-db,1.0,,,0.24,0.239995,0.24,0.239884,Hrs,0.24,0.24,Amazon Relational Database Service,db.r5.large,,,,us-west-2,AmazonRDS,41.37,29.48,25.77,18,2026-01-21T20:58:18Z,data-eng,prod,CC200,,,,,,,,,,,,,
693d54ab6da2476ca6259d23d1ba39ee,2026-01-26T00:00:00Z/2026-01-26T01:00:00Z,112233445566,2026-01-01T00:00:00Z,2026-02-01T00:00:00Z,AWS,223344556677,Usage,2026-01-26T00:00:00Z,2026-01-26T01:00:00Z,AmazonRDS,USWE-InstanceUsage:db.r5.large,CreateDBInstance:0002,,arn:aws:rds:us-west-2:223344556677:db:analytics-db,1.0,,,0.24,0.23976,0.24,0.24011,Hrs,0.24,0.24,Amazon Relational Database Service,db.r5.large,,,,us-west-2,AmazonRDS,27.9,50.33,21.78,71,2026-01-21T23:19:26Z,data-eng,prod,CC200,,,,,,,,,,,,,
39c33939fc3d4751bc896b727162563c,2026-01-26T10:00:00Z/2026-01-26T11:00:00Z,112233445566,2026-01-01T00:00:00Z,2026-02-01T00:00:00Z,AWS,223344556677,Usage,2026-01-26T10:00:00Z,2026-01-26T11:00:00Z,AmazonRDS,USWE-InstanceUsage:db.r5.large,CreateDBInstance:0002,,arn:aws:rds:us-west-2:223344556677:db:analytics-db,1.0,,,0.24,0.239802,0.24,0.240017,Hrs,0.24,0.24,Amazon Relational Database Service,db.r5.large,,,,us-west-2,AmazonRDS,25.48,46.08,29.82,53,2026-01-21T22:22:11Z,data-eng,prod,CC200,,,,,,,,,,,,,
052087e0a8814325b1ad83074db41688,2026-01-26T20:00:00Z/2026-01-26T21:00:00Z,112233445566,2026-01-01T00:00:00Z,2026-02-01T00:00:00Z,AWS,223344556677,Usage,2026-01-26T20:00:00Z,2026-01-26T21:00:00Z,AmazonRDS,USWE-InstanceUsage:db.r5.large,CreateDBInstance:0002,,arn:aws:rds:us-west-2:223344556677:db:analytics-db,1.0,,,0.24,0.240002,0.24,0.240198,Hrs,0.24,0.24,Amazon Relational Database Service,db.r5.large,,,,us-west-2,AmazonRDS,26.87,39.42,39.45,52,2026-01-23T22:48:58Z,data-eng,prod,CC200,,,,,,,,,,,,,
ef8d1ad9648a46d09a5d2953412e1194,2026-01-27T06:00:00Z/2026-01-27T07:00:00Z,112233445566,2026-01-01T00:00:00Z,2026-02-01T00:00:00Z,AWS,223344556677,Usage,2026-01-27T06:00:00Z,2026-01-27T07:00:00Z,AmazonRDS,USWE-InstanceUsage:db.r5.large,CreateDBInstance:0002,,arn:aws:rds:us-west-2:223344556677:db:analytics-db,1.0,,,0.24,0.240189,0.24,0.239879,Hrs,0.24,0.24,Amazon Relational Database Service,db.r5.large,,,,us-west-2,AmazonRDS,25.24,44.29,32.24,16,2026-01-25T04:13:34Z,data-eng,prod,CC200,,,,,,,,,,,,,
f9b274ee5045425a90a82fb05c3087bc,2026-01-27T16:00:00Z/2026-01-27T17:00:00Z,112233445566,2026-01-01T00:00:00Z,2026-02-01T00:00:00Z,AWS,223344556677,Usage,2026-01-27T16:00:00Z,2026-01-27T17:00:00Z,AmazonRDS,USWE-InstanceUsage:db.r5.large,CreateDBInstance:0002,,arn:aws:rds:us-west-2:223344556677:db:analytics-db,1.0,,,0.24,0.240167,0.24,0.240237,Hrs,0.24,0.24,Amazon Relational Database Service,db.r5.large,,,,us-west-2,AmazonRDS,40.03,32.06,18.21,21,2026-01-24T17:07:46Z,data-eng,prod,CC200,,,,,,,,,,,,,
1a9b3f41386248d6b81dde52a84806b5,2026-01-28T02:00:00Z/2026-01-28T03:00:00Z,112233445566,2026-01-01T00:00:00Z,2026-02-01T00:00:00Z,AWS,223344556677,Usage,2026-01-28T02:00:00Z,2026-01-28T03:00:00Z,AmazonRDS,USWE-InstanceUsage:db.r5.large,CreateDBInstance:0002,,arn:aws:rds:us-west-2:223344556677:db:analytics-db,1.0,,,0.24,0.240176,0.24,0.240119,Hrs,0.24,0.24,Amazon Relational Database Service,db.r5.large,,,,us-west-2,AmazonRDS,37.58,48.77,21.96,70,2026-01-24T04:48:27Z,data-eng,prod,CC200,,,,,,,,,,,,,
ec0e95d158774aa5ad8bd6fbbd8c5fcd,2026-01-28T12:00:00Z/2026-01-28T13:00:00Z,112233445566,2026-01-01T00:00:00Z,2026-02-01T00:00:00Z,AWS,223344556677,Usage,2026-01-28T12:00:00Z,2026-01-28T13:00:00Z,AmazonRDS,USWE-InstanceUsage:db.r5.large,CreateDBInstance:0002,,arn:aws:rds:us-west-2:223344556677:db:analytics-db,1.0,,,0.24,0.240123,0.24,0.240006,Hrs,0.24,0.24,Amazon Relational Database Service,db.r5.large,,,,us-west-2,AmazonRDS,37.18,50.46,26.86,31,2026-01-26T14:49:53Z,data-eng,prod,CC200,,,,,,,,,,,,,
2b54cde46d9f4fada1a158a016c1397c,2026-01-28T22:00:00Z/2026-01-28T23:00:00Z,112233445566,2026-01-01T00:00:00Z,2026-02-01T00:00:00Z,AWS,223344556677,Usage,2026-01-28T22:00:00Z,2026-01-28T23:00:00Z,AmazonRDS,USWE-InstanceUsage:db.r5.large,CreateDBInstance:0002,,arn:aws:rds:us-west-2:223344556677:db:analytics-db,1.0,,,0.24,0.240122,0.24,0.240079,Hrs,0.24,0.24,Amazon Relational Database Service,db.r5.large,,,,us-west-2,AmazonRDS,24.96,34.53,27.19,16,2026-01-25T15:05:23Z,data-eng,prod,CC200,,,,,,,,,,,,,
07268cb95b994ec795d53e3df994e7d5,2026-01-29T08:00:00Z/2026-01-29T09:00:00Z,112233445566,2026-01-01T00:00:00Z,2026-02-01T00:00:00Z,AWS,223344556677,Usage,2026-01-29T08:00:00Z,2026-01-29T09:00:00Z,AmazonRDS,USWE-InstanceUsage:db.r5.large,CreateDBInstance:0002,,arn:aws:rds:us-west-2:223344556677:db:analytics-db,1.0,,,0.24,0.239889,0.24,0.240061,Hrs,0.24,0.24,Amazon Relational Database Service,db.r5.large,,,,us-west-2,AmazonRDS,34.62,45.55,40.71,69,2026-01-25T14:26:34Z,data-eng,prod,CC200,,,,,,,,,,,,,
dfd153331c234a3eab2377e4b2e2ebac,2026-01-29T18:00:00Z/2026-01-29T19:00:00Z,112233445566,2026-01-01T00:00:00Z,2026-02-01T00:00:00Z,AWS,223344556677,Usage,2026-01-29T18:00:00Z,2026-01-29T19:00:00Z,AmazonRDS,USWE-InstanceUsage:db.r5.large,CreateDBInstance:0002,,arn:aws:rds:us-west-2:223344556677:db:analytics-db,1.0,,,0.24,0.239925,0.24,0.240129,Hrs,0.24,0.24,Amazon Relational Database Service,db.r5.large,,,,us-west-2,AmazonRDS,37.19,50.5,25.48,36,2026-01-27T08:31:02Z,data-eng,prod,CC200,,,,,,,,,,,,,
c36d5eb50d0c4e96af68120be4659caa,2026-01-30T04:00:00Z/2026-01-30T05:00:00Z,112233445566,2026-01-01T00:00:00Z,2026-02-01T00:00:00Z,AWS,223344556677,Usage,2026-01-30T04:00:00Z,2026-01-30T05:00:00Z,AmazonRDS,USWE-InstanceUsage:db.r5.large,CreateDBInstance:0002,,arn:aws:rds:us-west-2:223344556677:db:analytics-db,1.0,,,0.24,0.239818,0.24,0.240105,Hrs,0.24,0.24,Amazon Relational Database Service,db.r5.large,,,,us-west-2,AmazonRDS,30.6,41.08,18.37,26,2026-01-25T23:07:49Z,data-eng,prod,CC200,,,,,,,,,,,,,
f2f3503e8bbe4379bca1ff0f0a6e9b99,2026-01-30T14:00:00Z/2026-01-30T15:00:00Z,112233445566,2026-01-01T00:00:00Z,2026-02-01T00:00:00Z,AWS,223344556677,Usage,2026-01-30T14:00:00Z,2026-01-30T15:00:00Z,AmazonRDS,USWE-InstanceUsage:db.r5.large,CreateDBInstance:0002,,arn:aws:rds:us-west-2:223344556677:db:analytics-db,1.0,,,0.24,0.24011,0.24,0.239921,Hrs,0.24,0.24,Amazon Relational Database Service,db.r5.large,,,,us-west-2,AmazonRDS,37.35,41.56,21.93,36,2026-01-26T13:35:24Z,data-eng,prod,CC200,,,,,,,,,,,,,
c71cca2faafe4d349acbea86580eebf5,2026-01-01T00:00:00Z/2026-01-01T01:00:00Z,112233445566,2026-01-01T00:00:00Z,2026-02-01T00:00:00Z,AWS,334455667788,Usage,2026-01-01T00:00:00Z,2026-01-01T01:00:00Z,AmazonRDS,USEA-InstanceUsage:db.m5.large,CreateDBInstance:0002,,arn:aws:rds:us-east-1:334455667788:db:app-db,1.0,,,0.171,0.171126,0.171,0.170962,Hrs,0.171,0.171,Amazon Relational Database Service,db.m5.large,,,,us-east-1,AmazonRDS,31.34,34.57,32.86,63,2025-12-29T15:54:45Z,backend,prod,CC400,,,,,,,,,,,,,
baaa6e5f561349c0975275b78230edf1,2026-01-01T10:00:00Z/2026-01-01T11:00:00Z,112233445566,2026-01-01T00:00:00Z,2026-02-01T00:00:00Z,AWS,334455667788,Usage,2026-01-01T10:00:00Z,2026-01-01T11:00:00Z,AmazonRDS,USEA-InstanceUsage:db.m5.large,CreateDBInstance:0002,,arn:aws:rds:us-east-1:334455667788:db:app-db,1.0,,,0.171,0.171,0.171,0.170963,Hrs,0.171,0.171,Amazon Relational Database Service,db.m5.large,,,,us-east-1,AmazonRDS,35.34,31.23,30.01,16,2025-12-28T09:46:13Z,backend,prod,CC400,,,,,,,,,,,,,
059f7cc905444a39ad6787ee9da6278b,2026-01-01T20:00:00Z/2026-01-01T21:00:00Z,112233445566,2026-01-01T00:00:00Z,2026-02-01T00:00:00Z,AWS,334455667788,Usage,2026-01-01T20:00:00Z,2026-01-01T21:00:00Z,AmazonRDS,USEA-InstanceUsage:db.m5.large,CreateDBInstance:0002,,arn:aws:rds:us-east-1:334455667788:db:app-db,1.0,,,0.171,0.171077,0.171,0.170927,Hrs,0.171,0.171,Amazon Relational Database Service,db.m5.large,,,,us-east-1,AmazonRDS,28.12,47.32,30.81,48,2025-12-29T22:38:56Z,backend,prod,CC400,,,,,,,,,,,,,
fea60078b8ef4198969aa964adb6bbdb,2026-01-02T06:00:00Z/2026-01-02T07:00:00Z,112233445566,2026-01-01T00:00:00Z,2026-02-01T00:00:00Z,AWS,334455667788,Usage,2026-01-02T06:00:00Z,2026-01-02T07:00:00Z,AmazonRDS,USEA-InstanceUsage:db.m5.large,CreateDBInstance:0002,,arn:aws:rds:us-east-1:334455667788:db:app-db,1.0,,,0.171,0.171109,0.171,0.17088,Hrs,0.171,0.171,Amazon Relational Database Service,db.m5.large,,,,us-east-1,AmazonRDS,25.47,35.9,28.77,58,2025-12-30T12:47:53Z,backend,prod,CC400,,,,,,,,,,,,,
7e9b51d0011c4819956ed5227682ba8c,2026-01-02T16:00:00Z/2026-01-02T17:00:00Z,112233445566,2026-01-01T00:00:00Z,2026-02-01T00:00:00Z,AWS,334455667788,Usage,2026-01-02T16:00:00Z,2026-01-02T17:00:00Z,AmazonRDS,USEA-InstanceUsage:db.m5.large,CreateDBInstance:0002,,arn:aws:rds:us-east-1:334455667788:db:app-db,1.0,,,0.171,0.171033,0.171,0.170869,Hrs,0.171,0.171,Amazon Relational Database Service,db.m5.large,,,,us-east-1,AmazonRDS,31.09,50.18,39.88,29,2025-12-31T10:48:43Z,backend,prod,CC400,,,,,,,,,,,,,
13e0bfc800d64e22bccaa1e598609623,2026-01-03T02:00:00Z/2026-01-03T03:00:00Z,112233445566,2026-01-01T00:00:00Z,2026-02-01T00:00:00Z,AWS,334455667788,Usage,2026-01-03T02:00:00Z,2026-01-03T03:00:00Z,AmazonRDS,USEA-InstanceUsage:db.m5.large,CreateDBInstance:0002,,arn:aws:rds:us-east-1:334455667788:db:app-db,1.0,,,0.171,0.171163,0.171,0.171153,Hrs,0.171,0.171,Amazon Relational Database Service,db.m5.large,,,,us-east-1,AmazonRDS,39.34,31.02,23.23,39,2025-12-31T08:17:26Z,backend,prod,CC400,,,,,,,,,,,,,
286d3050f5734cfaacd7dd850739d93a,2026-01-03T12:00:00Z/2026-01-03T13:00:00Z,112233445566,2026-01-01T00:00:00Z,2026-02-01T00:00:00Z,AWS,334455667788,Usage,2026-01-03T12:00:00Z,2026-01-03T13:00:00Z,AmazonRDS,USEA-InstanceUsage:db.m5.large,CreateDBInstance:0002,,arn:aws:rds:us-east-1:334455667788:db:app-db,1.0,,,0.171,0.171069,0.171,0.171156,Hrs,0.171,0.171,Amazon Relational Database Service,db.m5.large,,,,us-east-1,AmazonRDS,41.71,43.09,23.53,58,2025-12-30T22:37:37Z,backend,prod,CC400,,,,,,,,,,,,,
a831709468344d5b8686dfea482fdd7f,2026-01-03T22:00:00Z/2026-01-03T23:00:00Z,112233445566,2026-01-01T00:00:00Z,2026-02-01T00:00:00Z,AWS,334455667788,Usage,2026-01-03T22:00:00Z,2026-01-03T23:00:00Z,AmazonRDS,USEA-InstanceUsage:db.m5.large,CreateDBInstance:0002,,arn:aws:rds:us-east-1:334455667788:db:app-db,1.0,,,0.171,0.17094,0.171,0.171064,Hrs,0.171,0.171,Amazon Relational Database Service,db.m5.large,,,,us-east-1,AmazonRDS,22.6,37.99,20.33,51,2025-12-30T23:28:17Z,backend,prod,CC400,,,,,,,,,,,,,
ce0693e9c5364429921543be49d55f5a,2026-01-04T08:00:00Z/2026-01-04T09:00:00Z,112233445566,2026-01-01T00:00:00Z,2026-02-01T00:00:00Z,AWS,334455667788,Usage,2026-01-04T08:00:00Z,2026-01-04T09:00:00Z,AmazonRDS,USEA-InstanceUsage:db.m5.large,CreateDBInstance:0002,,arn:aws:rds:us-east-1:334455667788:db:app-db,1.0,,,0.171,0.171153,0.171,0.171116,Hrs,0.171,0.171,Amazon Relational Database Service,db.m5.large,,,,us-east-1,AmazonRDS,40.34,31.06,18.04,43,2026-01-01T00:28:37Z,backend,prod,CC400,,,,,,,,,,,,,
0e195c614e1e49f3b5a9412a977cd32b,2026-01-04T18:00:00Z/2026-01-04T19:00:00Z,112233445566,2026-01-01T00:00:00Z,2026-02-01T00:00:00Z,AWS,334455667788,Usage,2026-01-04T18:00:00Z,2026-01-04T19:00:00Z,AmazonRDS,USEA-InstanceUsage:db.m5.large,CreateDBInstance:0002,,arn:aws:rds:us-east-1:334455667788:db:app-db,1.0,,,0.171,0.170992,0.171,0.170875,Hrs,0.171,0.171,Amazon Relational Database Service,db.m5.large,,,,us-east-1,AmazonRDS,23.54,50.74,22.96,16,2026-01-02T19:41:15Z,backend,prod,CC400,,,,,,,,,,,,,
b04c1df9267a4fb587ffd37ac438b9ed,2026-01-05T04:00:00Z/2026-01-05T05:00:00Z,112233445566,2026-01-01T00:00:00Z,2026-02-01T00:00:00Z,AWS,334455667788,Usage,2026-01-05T04:00:00Z,2026-01-05T05:00:00Z,AmazonRDS,USEA-InstanceUsage:db.m5.large,CreateDBInstance:0002,,arn:aws:rds:us-east-1:334455667788:db:app-db,1.0,,,0.171,0.171102,0.171,0.171041,Hrs,0.171,0.171,Amazon Relational Database Service,db.m5.large,,,,us-east-1,AmazonRDS,22.94,32.39,19.1,17,2026-01-03T00:03:57Z,backend,prod,CC400,,,,,,,,,,,,,
ab04fd5961b6487eb40a02a6f3dfcdd7,2026-01-05T14:00:00Z/2026-01-05T15:00:00Z,112233445566,2026-01-01T00:00:00Z,2026-02-01T00:00:00Z,AWS,334455667788,Usage,2026-01-05T14:00:00Z,2026-01-05T15:00:00Z,AmazonRDS,USEA-InstanceUsage:db.m5.large,CreateDBInstance:0002,,arn:aws:rds:us-east-1:334455667788:db:app-db,1.0,,,0.171,0.171038,0.171,0.171135,Hrs,0.171,0.171,Amazon Relational Database Service,db.m5.large,,,,us-east-1,AmazonRDS,30.42,43.0,37.06,25,2026-01-01T05:28:59Z,backend,prod,CC400,,,,,,,,,,,,,
a78bc3bf2fb84d99aab5d2ce59f9fb88,2026-01-06T00:00:00Z/2026-01-06T01:00:00Z,112233445566,2026-01-01T00:00:00Z,2026-02-01T00:00:00Z,AWS,334455667788,Usage,2026-01-06T00:00:00Z,2026-01-06T01:00:00Z,AmazonRDS,USEA-InstanceUsage:db.m5.large,CreateDBInstance:0002,,arn:aws:rds:us-east-1:334455667788:db:app-db,1.0,,,0.171,0.17085,0.171,0.171071,Hrs,0.171,0.171,Amazon Relational Database Service,db.m5.large,,,,us-east-1,AmazonRDS,37.19,36.25,19.68,33,2026-01-03T01:39:38Z,backend,prod,CC400,,,,,,,,,,,,,
af80ab76e03346caa4a1caaeabe34c39,2026-01-06T10:00:00Z/2026-01-06T11:00:00Z,112233445566,2026-01-01T00:00:00Z,2026-02-01T00:00:00Z,AWS,334455667788,Usage,2026-01-06T10:00:00Z,2026-01-06T11:00:00Z,AmazonRDS,USEA-InstanceUsage:db.m5.large,CreateDBInstance:0002,,arn:aws:rds:us-east-1:334455667788:db:app-db,1.0,,,0.171,0.170941,0.171,0.171146,Hrs,0.171,0.171,Amazon Relational Database Service,db.m5.large,,,,us-east-1,AmazonRDS,26.29,43.34,18.19,49,2026-01-03T04:29:11Z,backend,prod,CC400,,,,,,,,,,,,,
81b2b329812e4fa69c45676fd7d578c5,2026-01-06T20:00:00Z/2026-01-06T21:00:00Z,112233445566,2026-01-01T00:00:00Z,2026-02-01T00:00:00Z,AWS,334455667788,Usage,2026-01-06T20:00:00Z,2026-01-06T21:00:00Z,AmazonRDS,USEA-InstanceUsage:db.m5.large,CreateDBInstance:0002,,arn:aws:rds:us-east-1:334455667788:db:app-db,1.0,,,0.171,0.170988,0.171,0.171143,Hrs,0.171,0.171,Amazon Relational Database Service,db.m5.large,,,,us-east-1,AmazonRDS,38.54,49.32,26.87,23,2026-01-02T17:01:17Z,backend,prod,CC400,,,,,,,,,,,,,
1d65bb39b0554fd6be6085e131561cf6,2026-01-07T06:00:00Z/2026-01-07T07:00:00Z,112233445566,2026-01-01T00:00:00Z,2026-02-01T00:00:00Z,AWS,334455667788,Usage,2026-01-07T06:00:00Z,2026-01-07T07:00:00Z,AmazonRDS,USEA-InstanceUsage:db.m5.large,CreateDBInstance:0002,,arn:aws:rds:us-east-1:334455667788:db:app-db,1.0,,,0.171,0.171038,0.171,0.17099,Hrs,0.171,0.171,Amazon Relational Database Service,db.m5.large,,,,us-east-1,AmazonRDS,22.33,44.82,23.58,63,2026-01-03T15:38:34Z,backend,prod,CC400,,,,,,,,,,,,,
09febc179dc3428d9335e5506bf84dcf,2026-01-07T16:00:00Z/2026-01-07T17:00:00Z,112233445566,2026-01-01T00:00:00Z,2026-02-01T00:00:00Z,AWS,334455667788,Usage,2026-01-07T16:00:00Z,2026-01-07T17:00:00Z,AmazonRDS,USEA-InstanceUsage:db.m5.large,CreateDBInstance:0002,,arn:aws:rds:us-east-1:334455667788:db:app-db,1.0,,,0.171,0.170963,0.171,0.17109,Hrs,0.171,0.171,Amazon Relational Database Service,db.m5.large,,,,us-east-1,AmazonRDS,24.07,32.16,32.39,15,2026-01-05T10:38:29Z,backend,prod,CC400,,,,,,,,,,,,,
357e5c070d9042f9ad44e25fb8568e46,2026-01-08T02:00:00Z/2026-01-08T03:00:00Z,112233445566,2026-01-01T00:00:00Z,2026-02-01T00:00:00Z,AWS,334455667788,Usage,2026-01-08T02:00:00Z,2026-01-08T03:00:00Z,AmazonRDS,USEA-InstanceUsage:db.m5.large,CreateDBInstance:0002,,arn:aws:rds:us-east-1:334455667788:db:app-db,1.0,,,0.171,0.170837,0.171,0.171131,Hrs,0.171,0.171,Amazon Relational Database Service,db.m5.large,,,,us-east-1,AmazonRDS,41.2,41.38,33.28,28,2026-01-04T08:58:17Z,backend,prod,CC400,,,,,,,,,,,,,
65eea33b71cd44a1a9aa8bd8c5bedd78,2026-01-08T12:00:00Z/2026-01-08T13:00:00Z,112233445566,2026-01-01T00:00:00Z,2026-02-01T00:00:00Z,AWS,334455667788,Usage,2026-01-08T12:00:00Z,2026-01-08T13:00:00Z,AmazonRDS,USEA-InstanceUsage:db.m5.large,CreateDBInstance:0002,,arn:aws:rds:us-east-1:334455667788:db:app-db,1.0,,,0.171,0.170873,0.171,0.170939,Hrs,0.171,0.171,Amazon Relational Database Service,db.m5.large,,,,us-east-1,AmazonRDS,22.46,29.77,31.94,25,2026-01-05T09:48:28Z,backend,prod,CC400,,,,,,,,,,,,,
4017ad0b79c54a93a18555b83937f65a,2026-01-08T22:00:00Z/2026-01-08T23:00:00Z,112233445566,2026-01-01T00:00:00Z,2026-02-01T00:00:00Z,AWS,334455667788,Usage,2026-01-08T22:00:00Z,2026-01-08T23:00:00Z,AmazonRDS,USEA-InstanceUsage:db.m5.large,CreateDBInstance:0002,,arn:aws:rds:us-east-1:334455667788:db:app-db,1.0,,,0.171,0.170887,0.171,0.170958,Hrs,0.171,0.171,Amazon Relational Database Service,db.m5.large,,,,us-east-1,AmazonRDS,22.69,40.53,28.85,13,2026-01-06T14:20:46Z,backend,prod,CC400,,,,,,,,,,,,,
68b257de41ce48869e7cb31f64043c92,2026-01-09T08:00:00Z/2026-01-09T09:00:00Z,112233445566,2026-01-01T00:00:00Z,2026-02-01T00:00:00Z,AWS,334455667788,Usage,2026-01-09T08:00:00Z,2026-01-09T09:00:00Z,AmazonRDS,USEA-InstanceUsage:db.m5.large,CreateDBInstance:0002,,arn:aws:rds:us-east-1:334455667788:db:app-db,1.0,,,0.171,0.170989,0.171,0.171129,Hrs,0.171,0.171,Amazon Relational Database Service,db.m5.large,,,,us-east-1,AmazonRDS,26.84,44.71,22.24,68,2026-01-07T21:11:23Z,backend,prod,CC400,,,,,,,,,,,,,
4f882ff5be6e44fdb1ec6985aba3fb8b,2026-01-09T18:00:00Z/2026-01-09T19:00:00Z,112233445566,2026-01-01T00:00:00Z,2026-02-01T00:00:00Z,AWS,334455667788,Usage,2026-01-09T18:00:00Z,2026-01-09T19:00:00Z,AmazonRDS,USEA-InstanceUsage:db.m5.large,CreateDBInstance:0002,,arn:aws:rds:us-east-1:334455667788:db:app-db,1.0,,,0.171,0.17112,0.171,0.171165,Hrs,0.171,0.171,Amazon Relational Database Service,db.m5.large,,,,us-east-1,AmazonRDS,23.07,34.61,26.82,31,2026-01-07T17:33:57Z,backend,prod,CC400,,,,,,,,,,,,,
eda7020fde8e43359a04662412c1c432,2026-01-10T04:00:00Z/2026-01-10T05:00:00Z,112233445566,2026-01-01T00:00:00Z,2026-02-01T00:00:00Z,AWS,334455667788,Usage,2026-01-10T04:00:00Z,2026-01-10T05:00:00Z,AmazonRDS,USEA-InstanceUsage:db.m5.large,CreateDBInstance:0002,,arn:aws:rds:us-east-1:334455667788:db:app-db,1.0,,,0.171,0.170967,0.171,0.170978,Hrs,0.171,0.171,Amazon Relational Database Service,db.m5.large,,,,us-east-1,AmazonRDS,36.44,50.4,40.03,67,2026-01-07T13:02:37Z,backend,prod,CC400,,,,,,,,,,,,,
d9fc6608dba44e50bc809cfcefcbcaee,2026-01-10T14:00:00Z/2026-01-10T15:00:00Z,112233445566,2026-01-01T00:00:00Z,2026-02-01T00:00:00Z,AWS,334455667788,Usage,2026-01-10T14:00:00Z,2026-01-10T15:00:00Z,AmazonRDS,USEA-InstanceUsage:db.m5.large,CreateDBInstance:0002,,arn:aws:rds:us-east-1:334455667788:db:app-db,1.0,,,0.171,0.171011,0.171,0.171047,Hrs,0.171,0.171,Amazon Relational Database Service,db.m5.large,,,,us-east-1,AmazonRDS,38.54,40.66,31.45,44,2026-01-07T22:46:34Z,backend,prod,CC400,,,,,,,,,,,,,
1a45a857e32f49638f2e3307d3cd6e42,2026-01-11T00:00:00Z/2026-01-11T01:00:00Z,112233445566,2026-01-01T00:00:00Z,2026-02-01T00:00:00Z,AWS,334455667788,Usage,2026-01-11T00:00:00Z,2026-01-11T01:00:00Z,AmazonRDS,USEA-InstanceUsage:db.m5.large,CreateDBInstance:0002,,arn:aws:rds:us-east-1:334455667788:db:app-db,1.0,,,0.171,0.170999,0.171,0.171079,Hrs,0.171,0.171,Amazon Relational Database Service,db.m5.large,,,,us-east-1,AmazonRDS,33.47,36.21,20.57,50,2026-01-06T17:10:04Z,backend,prod,CC400,,,,,,,,,,,,,
0956b3a7dd2d40cb827b30114fb75d9c,2026-01-11T10:00:00Z/2026-01-11T11:00:00Z,112233445566,2026-01-01T00:00:00Z,2026-02-01T00:00:00Z,AWS,334455667788,Usage,2026-01-11T10:00:00Z,2026-01-11T11:00:00Z,AmazonRDS,USEA-InstanceUsage:db.m5.large,CreateDBInstance:0002,,arn:aws:rds:us-east-1:334455667788:db:app-db,1.0,,,0.171,0.171078,0.171,0.17107,Hrs,0.171,0.171,Amazon Relational Database Service,db.m5.large,,,,us-east-1,AmazonRDS,37.0,51.65,21.26,39,2026-01-08T10:20:31Z,backend,prod,CC400,,,,,,,,,,,,,
29a9f46cd0b64776b6521631a2fc380e,2026-01-11T20:00:00Z/2026-01-11T21:00:00Z,112233445566,2026-01-01T00:00:00Z,2026-02-01T00:00:00Z,AWS,334455667788,Usage,2026-01-11T20:00:00Z,2026-01-11T21:00:00Z,AmazonRDS,USEA-InstanceUsage:db.m5.large,CreateDBInstance:0002,,arn:aws:rds:us-east-1:334455667788:db:app-db,1.0,,,0.171,0.170979,0.171,0.17115,Hrs,0.171,0.171,Amazon Relational Database Service,db.m5.large,,,,us-east-1,AmazonRDS,26.7,49.0,34.61,12,2026-01-09T23:53:17Z,backend,prod,CC400,,,,,,,,,,,,,
de4e21de4fae4a9e8b8aba2ce68b3113,2026-01-12T06:00:00Z/2026-01-12T07:00:00Z,112233445566,2026-01-01T00:00:00Z,2026-02-01T00:00:00Z,AWS,334455667788,Usage,2026-01-12T06:00:00Z,2026-01-12T07:00:00Z,AmazonRDS,USEA-InstanceUsage:db.m5.large,CreateDBInstance:0002,,arn:aws:rds:us-east-1:334455667788:db:app-db,1.0,,,0.171,0.171143,0.171,0.170932,Hrs,0.171,0.171,Amazon Relational Database Service,db.m5.large,,,,us-east-1,AmazonRDS,25.78,46.83,26.06,41,2026-01-10T09:05:54Z,backend,prod,CC400,,,,,,,,,,,,,
7fa51977e4244af8b2e0924187cf152b,2026-01-12T16:00:00Z/2026-01-12T17:00:00Z,112233445566,2026-01-01T00:00:00Z,2026-02-01T00:00:00Z,AWS,334455667788,Usage,2026-01-12T16:00:00Z,2026-01-12T17:00:00Z,AmazonRDS,USEA-InstanceUsage:db.m5.large,CreateDBInstance:0002,,arn:aws:rds:us-east-1:334455667788:db:app-db,1.0,,,0.171,0.170876,0.171,0.170915,Hrs,0.171,0.171,Amazon Relational Database Service,db.m5.large,,,,us-east-1,AmazonRDS,23.53,41.14,25.25,22,2026-01-10T14:55:51Z,backend,prod,CC400,,,,,,,,,,,,,
b57ea7b8794e42f7b31969cb7222253a,2026-01-13T02:00:00Z/2026-01-13T03:00:00Z,112233445566,2026-01-01T00:00:00Z,2026-02-01T00:00:00Z,AWS,334455667788,Usage,2026-01-13T02:00:00Z,2026-01-13T03:00:00Z,AmazonRDS,USEA-InstanceUsage:db.m5.large,CreateDBInstance:0002,,arn:aws:rds:us-east-1:334455667788:db:app-db,1.0,,,0.171,0.171083,0.171,0.171112,Hrs,0.171,0.171,Amazon Relational Database Service,db.m5.large,,,,us-east-1,AmazonRDS,31.69,50.41,22.12,27,2026-01-11T12:46:28Z,backend,prod,CC400,,,,,,,,,,,,,
e20da0c0a2ef4246b925815a3ddeef32,2026-01-13T12:00:00Z/2026-01-13T13:00:00Z,112233445566,2026-01-01T00:00:00Z,2026-02-01T00:00:00Z,AWS,334455667788,Usage,2026-01-13T12:00:00Z,2026-01-13T13:00:00Z,AmazonRDS,USEA-InstanceUsage:db.m5.large,CreateDBInstance:0002,,arn:aws:rds:us-east-1:334455667788:db:app-db,1.0,,,0.171,0.17117,0.171,0.17102,Hrs,0.171,0.171,Amazon Relational Database Service,db.m5.large,,,,us-east-1,AmazonRDS,36.06,49.46,26.44,14,2026-01-11T14:08:43Z,backend,prod,CC400,,,,,,,,,,,,,
8532a64d58ae45e79ce4aa51a80cdd8d,2026-01-13T22:00:00Z/2026-01-13T23:00:00Z,112233445566,2026-01-01T00:00:00Z,2026-02-01T00:00:00Z,AWS,334455667788,Usage,2026-01-13T22:00:00Z,2026-01-13T23:00:00Z,AmazonRDS,USEA-InstanceUsage:db.m5.large,CreateDBInstance:0002,,arn:aws:rds:us-east-1:334455667788:db:app-db,1.0,,,0.171,0.171048,0.171,0.171153,Hrs,0.171,0.171,Amazon Relational Database Service,db.m5.large,,,,us-east-1,AmazonRDS,40.51,49.53,38.88,53,2026-01-09T09:06:13Z,backend,prod,CC400,,,,,,,,,,,,,
1fce57ea4d134cf78186d43d5b42ec75,2026-01-14T08:00:00Z/2026-01-14T09:00:00Z,112233445566,2026-01-01T00:00:00Z,2026-02-01T00:00:00Z,AWS,334455667788,Usage,2026-01-14T08:00:00Z,2026-01-14T09:00:00Z,AmazonRDS,USEA-InstanceUsage:db.m5.large,CreateDBInstance:0002,,arn:aws:rds:us-east-1:334455667788:db:app-db,1.0,,,0.171,0.170858,0.171,0.170863,Hrs,0.171,0.171,Amazon Relational Database Service,db.m5.large,,,,us-east-1,AmazonRDS,32.22,47.2,18.03,19,2026-01-12T07:29:46Z,backend,prod,CC400,,,,,,,,,,,,,
98e8a49de07b49d69db4148fa59f4689,2026-01-14T18:00:00Z/2026-01-14T19:00:00Z,112233445566,2026-01-01T00:00:00Z,2026-02-01T00:00:00Z,AWS,334455667788,Usage,2026-01-14T18:00:00Z,2026-01-14T19:00:00Z,AmazonRDS,USEA-InstanceUsage:db.m5.large,CreateDBInstance:0002,,arn:aws:rds:us-east-1:334455667788:db:app-db,1.0,,,0.171,0.171119,0.171,0.171036,Hrs,0.171,0.171,Amazon Relational Database Service,db.m5.large,,,,us-east-1,AmazonRDS,25.8,39.33,32.61,16,2026-01-12T03:35:53Z,backend,prod,CC400,,,,,,,,,,,,,
d0cd88aabb5d46088dc4aa3e98d97ebf,2026-01-15T04:00:00Z/2026-01-15T05:00:00Z,112233445566,2026-01-01T00:00:00Z,2026-02-01T00:00:00Z,AWS,334455667788,Usage,2026-01-15T04:00:00Z,2026-01-15T05:00:00Z,AmazonRDS,USEA-InstanceUsage:db.m5.large,CreateDBInstance:0002,,arn:aws:rds:us-east-1:334455667788:db:app-db,1.0,,,0.171,0.170904,0.171,0.171072,Hrs,0.171,0.171,Amazon Relational Database Service,db.m5.large,,,,us-east-1,AmazonRDS,27.76,43.67,24.16,34,2026-01-11T01:16:23Z,backend,prod,CC400,,,,,,,,,,,,,
e970195581644654b0c854d98df33b9a,2026-01-15T14:00:00Z/2026-01-15T15:00:00Z,112233445566,2026-01-01T00:00:00Z,2026-02-01T00:00:00Z,AWS,334455667788,Usage,2026-01-15T14:00:00Z,2026-01-15T15:00:00Z,AmazonRDS,USEA-InstanceUsage:db.m5.large,CreateDBInstance:0002,,arn:aws:rds:us-east-1:334455667788:db:app-db,1.0,,,0.171,0.170924,0.171,0.170899,Hrs,0.171,0.171,Amazon Relational Database Service,db.m5.large,,,,us-east-1,AmazonRDS,29.27,38.99,38.89,23,2026-01-11T06:52:56Z,backend,prod,CC400,,,,,,,,,,,,,
e67ccd62dbb447328c191375d8953be4,2026-01-16T00:00:00Z/2026-01-16T01:00:00Z,112233445566,2026-01-01T00:00:00Z,2026-02-01T00:00:00Z,AWS,334455667788,Usage,2026-01-16T00:00:00Z,2026-01-16T01:00:00Z,AmazonRDS,USEA-InstanceUsage:db.m5.large,CreateDBInstance:0002,,arn:aws:rds:us-east-1:334455667788:db:app-db,1.0,,,0.171,0.170858,0.171,0.170835,Hrs,0.171,0.171,Amazon Relational Database Service,db.m5.large,,,,us-east-1,AmazonRDS,22.72,30.4,36.1,64,2026-01-12T20:37:43Z,backend,prod,CC400,,,,,,,,,,,,,
2bf4fadf9caf4cbf9c6f7ecf1b325068,2026-01-16T10:00:00Z/2026-01-16T11:00:00Z,112233445566,2026-01-01T00:00:00Z,2026-02-01T00:00:00Z,AWS,334455667788,Usage,2026-01-16T10:00:00Z,2026-01-16T11:00:00Z,AmazonRDS,USEA-InstanceUsage:db.m5.large,CreateDBInstance:0002,,arn:aws:rds:us-east-1:334455667788:db:app-db,1.0,,,0.171,0.17102,0.171,0.171036,Hrs,0.171,0.171,Amazon Relational Database Service,db.m5.large,,,,us-east-1,AmazonRDS,39.72,45.87,26.4,67,2026-01-13T18:37:49Z,backend,prod,CC400,,,,,,,,,,,,,
4ef86438babb4c32a56d51ece8495856,2026-01-16T20:00:00Z/2026-01-16T21:00:00Z,112233445566,2026-01-01T00:00:00Z,2026-02-01T00:00:00Z,AWS,334455667788,Usage,2026-01-16T20:00:00Z,2026-01-16T21:00:00Z,AmazonRDS,USEA-InstanceUsage:db.m5.large,CreateDBInstance:0002,,arn:aws:rds:us-east-1:334455667788:db:app-db,1.0,,,0.171,0.171113,0.171,0.171044,Hrs,0.171,0.171,Amazon Relational Database Service,db.m5.large,,,,us-east-1,AmazonRDS,35.33,42.48,24.35,23,2026-01-14T15:29:39Z,backend,prod,CC400,,,,,,,,,,,,,
a7dab3615f904bcda4c05e14eec3a0f3,2026-01-17T06:00:00Z/2026-01-17T07:00:00Z,112233445566,2026-01-01T00:00:00Z,2026-02-01T00:00:00Z,AWS,334455667788,Usage,2026-01-17T06:00:00Z,2026-01-17T07:00:00Z,AmazonRDS,USEA-InstanceUsage:db.m5.large,CreateDBInstance:0002,,arn:aws:rds:us-east-1:334455667788:db:app-db,1.0,,,0.171,0.17116,0.171,0.170869,Hrs,0.171,0.171,Amazon Relational Database Service,db.m5.large,,,,us-east-1,AmazonRDS,40.57,45.9,37.06,20,2026-01-15T02:00:04Z,backend,prod,CC400,,,,,,,,,,,,,
9bc7530ace51417e8a039b018a9c9c2d,2026-01-17T16:00:00Z/2026-01-17T17:00:00Z,112233445566,2026-01-01T00:00:00Z,2026-02-01T00:00:00Z,AWS,334455667788,Usage,2026-01-17T16:00:00Z,2026-01-17T17:00:00Z,AmazonRDS,USEA-InstanceUsage:db.m5.large,CreateDBInstance:0002,,arn:aws:rds:us-east-1:334455667788:db:app-db,1.0,,,0.171,0.171013,0.171,0.170865,Hrs,0.171,0.171,Amazon Relational Database Service,db.m5.large,,,,us-east-1,AmazonRDS,32.71,32.89,21.73,59,2026-01-13T05:03:51Z,backend,prod,CC400,,,,,,,,,,,,,
83a88fd6677b44488421ec4f624e8e04,2026-01-18T02:00:00Z/2026-01-18T03:00:00Z,112233445566,2026-01-01T00:00:00Z,2026-02-01T00:00:00Z,AWS,334455667788,Usage,2026-01-18T02:00:00Z,2026-01-18T03:00:00Z,AmazonRDS,USEA-InstanceUsage:db.m5.large,CreateDBInstance:0002,,arn:aws:rds:us-east-1:334455667788:db:app-db,1.0,,,0.171,0.170967,0.171,0.170956,Hrs,0.171,0.171,Amazon Relational Database Service,db.m5.large,,,,us-east-1,AmazonRDS,23.8,30.58,21.08,31,2026-01-15T07:31:06Z,backend,prod,CC400,,,,,,,,,,,,,
4e53b9c71a6f46739f239a2c5f1c12c9,2026-01-18T12:00:00Z/2026-01-18T13:00:00Z,112233445566,2026-01-01T00:00:00Z,2026-02-01T00:00:00Z,AWS,334455667788,Usage,2026-01-18T12:00:00Z,2026-01-18T13:00:00Z,AmazonRDS,USEA-InstanceUsage:db.m5.large,CreateDBInstance:0002,,arn:aws:rds:us-east-1:334455667788:db:app-db,1.0,,,0.171,0.171101,0.171,0.170894,Hrs,0.171,0.171,Amazon Relational Database Service,db.m5.large,,,,us-east-1,AmazonRDS,41.87,29.27,31.82,19,2026-01-16T20:17:01Z,backend,prod,CC400,,,,,,,,,,,,,
ceaadb84ebe44af98e63fbb1fab9e208,2026-01-18T22:00:00Z/2026-01-18T23:00:00Z,112233445566,2026-01-01T00:00:00Z,2026-02-01T00:00:00Z,AWS,334455667788,Usage,2026-01-18T22:00:00Z,2026-01-18T23:00:00Z,AmazonRDS,USEA-InstanceUsage:db.m5.large,CreateDBInstance:0002,,arn:aws:rds:us-east-1:334455667788:db:app-db,1.0,,,0.171,0.171103,0.171,0.170962,Hrs,0.171,0.171,Amazon Relational Database Service,db.m5.large,,,,us-east-1,AmazonRDS,23.44,32.15,25.25,27,2026-01-14T14:10:41Z,backend,prod,CC400,,,,,,,,,,,,,
2e617f5974934d24b31608962bd6cb27,2026-01-19T08:00:00Z/2026-01-19T09:00:00Z,112233445566,2026-01-01T00:00:00Z,2026-02-01T00:00:00Z,AWS,334455667788,Usage,2026-01-19T08:00:00Z,2026-01-19T09:00:00Z,AmazonRDS,USEA-InstanceUsage:db.m5.large,CreateDBInstance:0002,,arn:aws:rds:us-east-1:334455667788:db:app-db,1.0,,,0.171,0.171126,0.171,0.170898,Hrs,0.171,0.171,Amazon Relational Database Service,db.m5.large,,,,us-east-1,AmazonRDS,28.05,46.26,25.28,18,2026-01-18T02:04:49Z,backend,prod,CC400,,,,,,,,,,,,,
84abb1834e8746ecb9c7b60e35871ed7,2026-01-19T18:00:00Z/2026-01-19T19:00:00Z,112233445566,2026-01-01T00:00:00Z,2026-02-01T00:00:00Z,AWS,334455667788,Usage,2026-01-19T18:00:00Z,2026-01-19T19:00:00Z,AmazonRDS,USEA-InstanceUsage:db.m5.large,CreateDBInstance:0002,,arn:aws:rds:us-east-1:334455667788:db:app-db,1.0,,,0.171,0.171135,0.171,0.171143,Hrs,0.171,0.171,Amazon Relational Database Service,db.m5.large,,,,us-east-1,AmazonRDS,37.85,40.01,37.27,21,2026-01-18T06:01:37Z,backend,prod,CC400,,,,,,,,,,,,,
eefd77013479476094eac81c4129beea,2026-01-20T04:00:00Z/2026-01-20T05:00:00Z,112233445566,2026-01-01T00:00:00Z,2026-02-01T00:00:00Z,AWS,334455667788,Usage,2026-01-20T04:00:00Z,2026-01-20T05:00:00Z,AmazonRDS,USEA-InstanceUsage:db.m5.large,CreateDBInstance:0002,,arn:aws:rds:us-east-1:334455667788:db:app-db,1.0,,,0.171,0.170888,0.171,0.171144,Hrs,0.171,0.171,Amazon Relational Database Service,db.m5.large,,,,us-east-1,AmazonRDS,41.08,47.35,31.84,59,2026-01-18T12:39:07Z,backend,prod,CC400,,,,,,,,,,,,,
198a48808b5445e49aa9830346fc0aa5,2026-01-20T14:00:00Z/2026-01-20T15:00:00Z,112233445566,2026-01-01T00:00:00Z,2026-02-01T00:00:00Z,AWS,334455667788,Usage,2026-01-20T14:00:00Z,2026-01-20T15:00:00Z,AmazonRDS,USEA-InstanceUsage:db.m5.large,CreateDBInstance:0002,,arn:aws:rds:us-east-1:334455667788:db:app-db,1.0,,,0.171,0.171048,0.171,0.170983,Hrs,0.171,0.171,Amazon Relational Database Service,db.m5.large,,,,us-east-1,AmazonRDS,22.12,41.9,32.76,60,2026-01-17T16:13:22Z,backend,prod,CC400,,,,,,,,,,,,,
268523e1d7e74f328285459b2dac9c6a,2026-01-21T00:00:00Z/2026-01-21T01:00:00Z,112233445566,2026-01-01T00:00:00Z,2026-02-01T00:00:00Z,AWS,334455667788,Usage,2026-01-21T00:00:00Z,2026-01-21T01:00:00Z,AmazonRDS,USEA-InstanceUsage:db.m5.large,CreateDBInstance:0002,,arn:aws:rds:us-east-1:334455667788:db:app-db,1.0,,,0.171,0.170961,0.171,0.171132,Hrs,0.171,0.171,Amazon Relational Database Service,db.m5.large,,,,us-east-1,AmazonRDS,24.97,38.12,37.9,69,2026-01-17T08:55:35Z,backend,prod,CC400,,,,,,,,,,,,,
0573afca5dd646c09d39e302640e4b55,2026-01-21T10:00:00Z/2026-01-21T11:00:00Z,112233445566,2026-01-01T00:00:00Z,2026-02-01T00:00:00Z,AWS,334455667788,Usage,2026-01-21T10:00:00Z,2026-01-21T11:00:00Z,AmazonRDS,USEA-InstanceUsage:db.m5.large,CreateDBInstance:0002,,arn:aws:rds:us-east-1:334455667788:db:app-db,1.0,,,0.171,0.170933,0.171,0.171074,Hrs,0.171,0.171,Amazon Relational Database Service,db.m5.large,,,,us-east-1,AmazonRDS,32.51,49.42,38.65,14,2026-01-18T17:58:39Z,backend,prod,CC400,,,,,,,,,,,,,
c3fb8f5441694362b3c7a7a7bc971646,2026-01-21T20:00:00Z/2026-01-21T21:00:00Z,112233445566,2026-01-01T00:00:00Z,2026-02-01T00:00:00Z,AWS,334455667788,Usage,2026-01-21T20:00:00Z,2026-01-21T21:00:00Z,AmazonRDS,USEA-InstanceUsage:db.m5.large,CreateDBInstance:0002,,arn:aws:rds:us-east-1:334455667788:db:app-db,1.0,,,0.171,0.171161,0.171,0.17102,Hrs,0.171,0.171,Amazon Relational Database Service,db.m5.large,,,,us-east-1,AmazonRDS,31.27,40.77,30.94,21,2026-01-18T19:04:40Z,backend,prod,CC400,,,,,,,,,,,,,
caa750e39df1486b951a45038089f3b3,2026-01-22T06:00:00Z/2026-01-22T07:00:00Z,112233445566,2026-01-01T00:00:00Z,2026-02-01T00:00:00Z,AWS,334455667788,Usage,2026-01-22T06:00:00Z,2026-01-22T07:00:00Z,AmazonRDS,USEA-InstanceUsage:db.m5.large,CreateDBInstance:0002,,arn:aws:rds:us-east-1:334455667788:db:app-db,1.0,,,0.171,0.17093,0.171,0.170943,Hrs,0.171,0.171,Amazon Relational Database Service,db.m5.large,,,,us-east-1,AmazonRDS,28.11,49.33,31.83,19,2026-01-20T06:26:03Z,backend,prod,CC400,,,,,,,,,,,,,
24dd1db0f655450bafe69533fd9dd741,2026-01-22T16:00:00Z/2026-01-22T17:00:00Z,112233445566,2026-01-01T00:00:00Z,2026-02-01T00:00:00Z,AWS,334455667788,Usage,2026-01-22T16:00:00Z,2026-01-22T17:00:00Z,AmazonRDS,USEA-InstanceUsage:db.m5.large,CreateDBInstance:0002,,arn:aws:rds:us-east-1:334455667788:db:app-db,1.0,,,0.171,0.17108,0.171,0.171074,Hrs,0.171,0.171,Amazon Relational Database Service,db.m5.large,,,,us-east-1,AmazonRDS,23.89,40.54,25.36,57,2026-01-19T07:32:27Z,backend,prod,CC400,,,,,,,,,,,,,
c78ee6fe5deb40aeb14d3c635f1bf27e,2026-01-23T02:00:00Z/2026-01-23T03:00:00Z,112233445566,2026-01-01T00:00:00Z,2026-02-01T00:00:00Z,AWS,334455667788,Usage,2026-01-23T02:00:00Z,2026-01-23T03:00:00Z,AmazonRDS,USEA-InstanceUsage:db.m5.large,CreateDBInstance:0002,,arn:aws:rds:us-east-1:334455667788:db:app-db,1.0,,,0.171,0.170873,0.171,0.171007,Hrs,0.171,0.171,Amazon Relational Database Service,db.m5.large,,,,us-east-1,AmazonRDS,38.82,42.95,19.59,51,2026-01-20T12:05:49Z,backend,prod,CC400,,,,,,,,,,,,,
11b729c5bf664461912c8f5cdcbc70cd,2026-01-23T12:00:00Z/2026-01-23T13:00:00Z,112233445566,2026-01-01T00:00:00Z,2026-02-01T00:00:00Z,AWS,334455667788,Usage,2026-01-23T12:00:00Z,2026-01-23T13:00:00Z,AmazonRDS,USEA-InstanceUsage:db.m5.large,CreateDBInstance:0002,,arn:aws:rds:us-east-1:334455667788:db:app-db,1.0,,,0.171,0.171082,0.171,0.171032,Hrs,0.171,0.171,Amazon Relational Database Service,db.m5.large,,,,us-east-1,AmazonRDS,32.33,48.87,19.09,44,2026-01-20T03:09:28Z,backend,prod,CC400,,,,,,,,,,,,,
003063a7f737428c870fa6f56d36a351,2026-01-23T22:00:00Z/2026-01-23T23:00:00Z,112233445566,2026-01-01T00:00:00Z,2026-02-01T00:00:00Z,AWS,334455667788,Usage,2026-01-23T22:00:00Z,2026-01-23T23:00:00Z,AmazonRDS,USEA-InstanceUsage:db.m5.large,CreateDBInstance:0002,,arn:aws:rds:us-east-1:334455667788:db:app-db,1.0,,,0.171,0.170843,0.171,0.170856,Hrs,0.171,0.171,Amazon Relational Database Service,db.m5.large,,,,us-east-1,AmazonRDS,27.67,50.03,32.54,31,2026-01-22T00:40:31Z,backend,prod,CC400,,,,,,,,,,,,,
681958b7ddc6455e8cef752a52612748,2026-01-24T08:00:00Z/2026-01-24T09:00:00Z,112233445566,2026-01-01T00:00:00Z,2026-02-01T00:00:00Z,AWS,334455667788,Usage,2026-01-24T08:00:00Z,2026-01-24T09:00:00Z,AmazonRDS,USEA-InstanceUsage:db.m5.large,CreateDBInstance:0002,,arn:aws:rds:us-east-1:334455667788:db:app-db,1.0,,,0.171,0.170999,0.171,0.170878,Hrs,0.171,0.171,Amazon Relational Database Service,db.m5.large,,,,us-east-1,AmazonRDS,25.54,45.99,23.62,39,2026-01-20T05:26:06Z,backend,prod,CC400,,,,,,,,,,,,,
63ca8f5c5f5747c285780c90b86bb240,2026-01-24T18:00:00Z/2026-01-24T19:00:00Z,112233445566,2026-01-01T00:00:00Z,2026-02-01T00:00:00Z,AWS,334455667788,Usage,2026-01-24T18:00:00Z,2026-01-24T19:00:00Z,AmazonRDS,USEA-InstanceUsage:db.m5.large,CreateDBInstance:0002,,arn:aws:rds:us-east-1:334455667788:db:app-db,1.0,,,0.171,0.170865,0.171,0.171077,Hrs,0.171,0.171,Amazon Relational Database Service,db.m5.large,,,,us-east-1,AmazonRDS,40.18,33.78,24.86,58,2026-01-22T08:25:47Z,backend,prod,CC400,,,,,,,,,,,,,
a2103b8802024c458d3f86ca42456bda,2026-01-25T04:00:00Z/2026-01-25T05:00:00Z,112233445566,2026-01-01T00:00:00Z,2026-02-01T00:00:00Z,AWS,334455667788,Usage,2026-01-25T04:00:00Z,2026-01-25T05:00:00Z,AmazonRDS,USEA-InstanceUsage:db.m5.large,CreateDBInstance:0002,,arn:aws:rds:us-east-1:334455667788:db:app-db,1.0,,,0.171,0.170901,0.171,0.170868,Hrs,0.171,0.171,Amazon Relational Database Service,db.m5.large,,,,us-east-1,AmazonRDS,38.15,41.46,18.1,60,2026-01-21T07:36:41Z,backend,prod,CC400,,,,,,,,,,,,,
721c49a76bf3428fb0f7be945b7a202d,2026-01-25T14:00:00Z/2026-01-25T15:00:00Z,112233445566,2026-01-01T00:00:00Z,2026-02-01T00:00:00Z,AWS,334455667788,Usage,2026-01-25T14:00:00Z,2026-01-25T15:00:00Z,AmazonRDS,USEA-InstanceUsage:db.m5.large,CreateDBInstance:0002,,arn:aws:rds:us-east-1:334455667788:db:app-db,1.0,,,0.171,0.17095,0.171,0.17109,Hrs,0.171,0.171,Amazon Relational Database Service,db.m5.large,,,,us-east-1,AmazonRDS,33.11,32.87,19.29,26,2026-01-21T15:31:01Z,backend,prod,CC400,,,,,,,,,,,,,
c6f506850568494399aea2b6a4c3c819,2026-01-26T00:00:00Z/2026-01-26T01:00:00Z,112233445566,2026-01-01T00:00:00Z,2026-02-01T00:00:00Z,AWS,334455667788,Usage,2026-01-26T00:00:00Z,2026-01-26T01:00:00Z,AmazonRDS,USEA-InstanceUsage:db.m5.large,CreateDBInstance:0002,,arn:aws:rds:us-east-1:334455667788:db:app-db,1.0,,,0.171,0.170922,0.171,0.171031,Hrs,0.171,0.171,Amazon Relational Database Service,db.m5.large,,,,us-east-1,AmazonRDS,34.64,44.69,26.72,13,2026-01-22T09:43:53Z,backend,prod,CC400,,,,,,,,,,,,,
1709e1733d4f4ccb9a65014a6731a747,2026-01-26T10:00:00Z/2026-01-26T11:00:00Z,112233445566,2026-01-01T00:00:00Z,2026-02-01T00:00:00Z,AWS,334455667788,Usage,2026-01-26T10:00:00Z,2026-01-26T11:00:00Z,AmazonRDS,USEA-InstanceUsage:db.m5.large,CreateDBInstance:0002,,arn:aws:rds:us-east-1:334455667788:db:app-db,1.0,,,0.171,0.171162,0.171,0.171118,Hrs,0.171,0.171,Amazon Relational Database Service,db.m5.large,,,,us-east-1,AmazonRDS,34.51,39.99,20.51,13,2026-01-24T01:18:59Z,backend,prod,CC400,,,,,,,,,,,,,
6c101b7dd35f4175930390d40046e1b7,2026-01-26T20:00:00Z/2026-01-26T21:00:00Z,112233445566,2026-01-01T00:00:00Z,2026-02-01T00:00:00Z,AWS,334455667788,Usage,2026-01-26T20:00:00Z,2026-01-26T21:00:00Z,AmazonRDS,USEA-InstanceUsage:db.m5.large,CreateDBInstance:0002,,arn:aws:rds:us-east-1:334455667788:db:app-db,1.0,,,0.171,0.171163,0.171,0.170925,Hrs,0.171,0.171,Amazon Relational Database Service,db.m5.large,,,,us-east-1,AmazonRDS,25.07,33.16,36.09,26,2026-01-25T15:38:40Z,backend,prod,CC400,,,,,,,,,,,,,
b822dd64565a46bf8e555cf64e30b51e,2026-01-27T06:00:00Z/2026-01-27T07:00:00Z,112233445566,2026-01-01T00:00:00Z,2026-02-01T00:00:00Z,AWS,334455667788,Usage,2026-01-27T06:00:00Z,2026-01-27T07:00:00Z,AmazonRDS,USEA-InstanceUsage:db.m5.large,CreateDBInstance:0002,,arn:aws:rds:us-east-1:334455667788:db:app-db,1.0,,,0.171,0.171041,0.171,0.170836,Hrs,0.171,0.171,Amazon Relational Database Service,db.m5.large,,,,us-east-1,AmazonRDS,35.68,41.54,26.6,18,2026-01-24T19:46:34Z,backend,prod,CC400,,,,,,,,,,,,,
80925670e2f84d0ca21715dabbf9503c,2026-01-27T16:00:00Z/2026-01-27T17:00:00Z,112233445566,2026-01-01T00:00:00Z,2026-02-01T00:00:00Z,AWS,334455667788,Usage,2026-01-27T16:00:00Z,2026-01-27T17:00:00Z,AmazonRDS,USEA-InstanceUsage:db.m5.large,CreateDBInstance:0002,,arn:aws:rds:us-east-1:334455667788:db:app-db,1.0,,,0.171,0.170972,0.171,0.17094,Hrs,0.171,0.171,Amazon Relational Database Service,db.m5.large,,,,us-east-1,AmazonRDS,24.91,40.19,27.5,45,2026-01-23T10:37:48Z,backend,prod,CC400,,,,,,,,,,,,,
01842bca46e244ac970272a056d34734,2026-01-28T02:00:00Z/2026-01-28T03:00:00Z,112233445566,2026-01-01T00:00:00Z,2026-02-01T00:00:00Z,AWS,334455667788,Usage,2026-01-28T02:00:00Z,2026-01-28T03:00:00Z,AmazonRDS,USEA-InstanceUsage:db.m5.large,CreateDBInstance:0002,,arn:aws:rds:us-east-1:334455667788:db:app-db,1.0,,,0.171,0.170871,0.171,0.170917,Hrs,0.171,0.171,Amazon Relational Database Service,db.m5.large,,,,us-east-1,AmazonRDS,32.54,35.41,30.3,65,2026-01-25T00:36:23Z,backend,prod,CC400,,,,,,,,,,,,,
9b851504362645b8840fad4b7d409cf6,2026-01-28T12:00:00Z/2026-01-28T13:00:00Z,112233445566,2026-01-01T00:00:00Z,2026-02-01T00:00:00Z,AWS,334455667788,Usage,2026-01-28T12:00:00Z,2026-01-28T13:00:00Z,AmazonRDS,USEA-InstanceUsage:db.m5.large,CreateDBInstance:0002,,arn:aws:rds:us-east-1:334455667788:db:app-db,1.0,,,0.171,0.171121,0.171,0.17088,Hrs,0.171,0.171,Amazon Relational Database Service,db.m5.large,,,,us-east-1,AmazonRDS,23.18,36.92,33.62,32,2026-01-26T15:44:27Z,backend,prod,CC400,,,,,,,,,,,,,
0fc0fce7b60d4f4185dcd45b20edcece,2026-01-28T22:00:00Z/2026-01-28T23:00:00Z,112233445566,2026-01-01T00:00:00Z,2026-02-01T00:00:00Z,AWS,334455667788,Usage,2026-01-28T22:00:00Z,2026-01-28T23:00:00Z,AmazonRDS,USEA-InstanceUsage:db.m5.large,CreateDBInstance:0002,,arn:aws:rds:us-east-1:334455667788:db:app-db,1.0,,,0.171,0.171044,0.171,0.171021,Hrs,0.171,0.171,Amazon Relational Database Service,db.m5.large,,,,us-east-1,AmazonRDS,32.04,40.05,38.33,71,2026-01-25T15:34:24Z,backend,prod,CC400,,,,,,,,,,,,,
0f17f3a5ed2c4207af1b8ec4bbdde4b9,2026-01-29T08:00:00Z/2026-01-29T09:00:00Z,112233445566,2026-01-01T00:00:00Z,2026-02-01T00:00:00Z,AWS,334455667788,Usage,2026-01-29T08:00:00Z,2026-01-29T09:00:00Z,AmazonRDS,USEA-InstanceUsage:db.m5.large,CreateDBInstance:0002,,arn:aws:rds:us-east-1:334455667788:db:app-db,1.0,,,0.171,0.17102,0.171,0.171049,Hrs,0.171,0.171,Amazon Relational Database Service,db.m5.large,,,,us-east-1,AmazonRDS,29.04,33.54,21.58,47,2026-01-26T07:44:06Z,backend,prod,CC400,,,,,,,,,,,,,
fc14aee07e9e43ab90046d9b7567e4ad,2026-01-29T18:00:00Z/2026-01-29T19:00:00Z,112233445566,2026-01-01T00:00:00Z,2026-02-01T00:00:00Z,AWS,334455667788,Usage,2026-01-29T18:00:00Z,2026-01-29T19:00:00Z,AmazonRDS,USEA-InstanceUsage:db.m5.large,CreateDBInstance:0002,,arn:aws:rds:us-east-1:334455667788:db:app-db,1.0,,,0.171,0.170946,0.171,0.171015,Hrs,0.171,0.171,Amazon Relational Database Service,db.m5.large,,,,us-east-1,AmazonRDS,33.72,39.36,24.34,53,2026-01-28T00:18:54Z,backend,prod,CC400,,,,,,,,,,,,,
f077d53a41b941fa9ca5777a741809d1,2026-01-30T04:00:00Z/2026-01-30T05:00:00Z,112233445566,2026-01-01T00:00:00Z,2026-02-01T00:00:00Z,AWS,334455667788,Usage,2026-01-30T04:00:00Z,2026-01-30T05:00:00Z,AmazonRDS,USEA-InstanceUsage:db.m5.large,CreateDBInstance:0002,,arn:aws:rds:us-east-1:334455667788:db:app-db,1.0,,,0.171,0.171156,0.171,0.170939,Hrs,0.171,0.171,Amazon Relational Database Service,db.m5.large,,,,us-east-1,AmazonRDS,37.0,35.79,35.48,34,2026-01-28T04:46:00Z,backend,prod,CC400,,,,,,,,,,,,,
0a4b231ee42e499eac7e914f8573e80d,2026-01-30T14:00:00Z/2026-01-30T15:00:00Z,112233445566,2026-01-01T00:00:00Z,2026-02-01T00:00:00Z,AWS,334455667788,Usage,2026-01-30T14:00:00Z,2026-01-30T15:00:00Z,AmazonRDS,USEA-InstanceUsage:db.m5.large,CreateDBInstance:0002,,arn:aws:rds:us-east-1:334455667788:db:app-db,1.0,,,0.171,0.170909,0.171,0.170944,Hrs,0.171,0.171,Amazon Relational Database Service,db.m5.large,,,,us-east-1,AmazonRDS,33.56,35.41,25.69,70,2026-01-26T23:38:21Z,backend,prod,CC400,,,,,,,,,,,,,
f6c49ef2479246f38eda90f1cb7ead65,2026-01-01T00:00:00Z/2026-02-01T00:00:00Z,112233445566,2026-01-01T00:00:00Z,2026-02-01T00:00:00Z,AWS,112233445566,SavingsPlanRecurringFee,2026-01-01T00:00:00Z,2026-02-01T00:00:00Z,AmazonEC2,USEA-BoxUsage:t3.medium,RunInstances,us-east-1c,i-074cb15c455d3460b,72.0,2.0,144.0,0.0416,2.9952,0.029354,2.113488,Hrs,0.0416,2.9952,Amazon Elastic Compute Cloud,t3.medium,2,4 GiB,Linux,us-east-1,AmazonEC2,36.58,61.45,33.14,12,2025-12-30T18:46:20Z,platform,prod,CC100,,,,,,,,arn:aws:savingsplans::112233445566:savingsplan/f20d1d38-54fc-4570-9260-8db826ca398d,0.029354,0.029354,2.084134,2.113488,2.113488
b700b988d2954750a37a733ed9a6ca59,2026-01-01T00:00:00Z/2026-02-01T00:00:00Z,112233445566,2026-01-01T00:00:00Z,2026-02-01T00:00:00Z,AWS,334455667788,SavingsPlanRecurringFee,2026-01-01T00:00:00Z,2026-02-01T00:00:00Z,AmazonEC2,USEA-BoxUsage:m5.large,RunInstances,us-east-1c,i-0bb0dc65122fe44ad,72.0,4.0,288.0,0.096,6.912,0.070051,5.043672,Hrs,0.096,6.912,Amazon Elastic Compute Cloud,m5.large,2,8 GiB,Linux,us-east-1,AmazonEC2,32.95,38.99,35.99,38,2025-12-30T08:55:11Z,backend,prod,CC400,,,,,,,,arn:aws:savingsplans::334455667788:savingsplan/95b865dd-258c-4c4a-a935-3b56b059226c,0.070051,0.070051,5.043672,5.043672,5.043672
ca8c7bb96a604618a0e5bf6a3754493e,2026-01-01T00:00:00Z/2026-02-01T00:00:00Z,112233445566,2026-01-01T00:00:00Z,2026-02-01T00:00:00Z,AWS,334455667788,RIFee,2026-01-01T00:00:00Z,2026-02-01T00:00:00Z,AmazonEC2,USEA-HeavyUsage:m5.xlarge,RunInstances,us-east-1c,i-042397f998f324014,72.0,8.0,576.0,0.0,0.0,0.133774,9.631728,Hrs,0.192,13.824,Amazon Elastic Compute Cloud,m5.xlarge,4,16 GiB,Linux,us-east-1,AmazonEC2,37.96,30.14,39.52,68,2025-12-28T04:57:16Z,backend,prod,CC400,arn:aws:ec2:us-east-1:334455667788:reserved-instances/195ff1f8-8a44-4f1c-979d-5733a30ad375,9.631728,8.186969,1.444759,13.21,0.265073,1.502081,,,,,,
3e312c15d285402781231afb97b903d0,2026-01-01T00:00:00Z/2026-02-01T00:00:00Z,112233445566,2026-01-01T00:00:00Z,2026-02-01T00:00:00Z,AWS,112233445566,RIFee,2026-01-01T00:00:00Z,2026-02-01T00:00:00Z,AmazonEC2,USEA-HeavyUsage:t3.small,RunInstances,us-east-1b,i-0ee471b0f7a174c8f,72.0,1.0,72.0,0.0,0.0,0.013443,0.967896,Hrs,0.0208,1.4976,Amazon Elastic Compute Cloud,t3.small,2,2 GiB,Linux,us-east-1,AmazonEC2,19.34,27.04,19.59,189,2025-12-24T10:53:29Z,platform,staging,CC100,arn:aws:ec2:us-east-1:112233445566:reserved-instances/30148984-e0c2-4f14-b078-f55bb6f41322,0.967896,0.822712,0.145184,13.62,0.027464,0.15563,,,,,,
