BillingAccountId,InvoiceSectionName,AccountName,AccountOwnerId,SubscriptionId,SubscriptionName,ResourceGroup,ResourceLocation,Date,ProductName,MeterCategory,MeterSubcategory,MeterId,MeterName,Quantity,Unit,CostInBillingCurrency,UnitPrice,EffectivePrice,PayGPrice,PricingModel,BillingCurrency,ConsumedService,ResourceId,ResourceName,Tags,AdditionalInfo,ServiceFamily,ChargeType,PublisherType,BenefitId,BenefitName
EA-9876543210,platform-prod-sub,platform-prod-sub,owner_0001@company.com,a1b2c3d4-0001-0001-0001-000000000001,platform-prod-sub,rg-platform-prod,eastus,2026-04-01,Virtual Machines Standard_D2s_v3 - eastus,Virtual Machines,Standard_D2s_v3 Series,bbc4f1e6-b32a-5f02-86f0-702bf6097b8b,D2s v3,24.0,1 Hour,4.038665,0.168,0.168278,0.168,OnDemand,USD,Microsoft.Compute,/subscriptions/a1b2c3d4-0001-0001-0001-000000000001/resourceGroups/rg-platform-prod/providers/Microsoft.Compute/virtualMachines/vm-standard-d2s-v3-00,vm-standard-d2s-v3-00,"{""team"": ""platform"", ""environment"": ""prod"", ""costcenter"": ""CC100"", ""application"": ""platform-app""}","{""ServiceType"": ""Standard"", ""VMName"": ""vm-standard-d2s-v3-00"", ""vCPUs"": 2}",Compute,Usage,Azure,,
EA-9876543210,platform-prod-sub,platform-prod-sub,owner_0001@company.com,a1b2c3d4-0001-0001-0001-000000000001,platform-prod-sub,rg-platform-prod,eastus,2026-04-01,Virtual Machines Standard_D2s_v3 - eastus,Virtual Machines,Standard_D2s_v3 Series,bbc4f1e6-b32a-5f02-86f0-702bf6097b8b,D2s v3,24.0,1 Hour,4.005205,0.168,0.166884,0.168,OnDemand,USD,Microsoft.Compute,/subscriptions/a1b2c3d4-0001-0001-0001-000000000001/resourceGroups/rg-platform-prod/providers/Microsoft.Compute/virtualMachines/vm-standard-d2s-v3-01,vm-standard-d2s-v3-01,{},"{""ServiceType"": ""Standard"", ""VMName"": ""vm-standard-d2s-v3-01"", ""vCPUs"": 2}",Compute,Usage,Azure,,
EA-9876543210,app-prod-sub,app-prod-sub,owner_0003@company.com,a1b2c3d4-0003-0003-0003-000000000003,app-prod-sub,rg-app-prod,eastus,2026-04-01,Virtual Machines Standard_D4s_v3 - eastus,Virtual Machines,Standard_D4s_v3 Series,6c8e1236-a3aa-53d7-8e09-dadb98f69027,D4s v3,24.0,1 Hour,7.994463,0.336,0.333103,0.336,OnDemand,USD,Microsoft.Compute,/subscriptions/a1b2c3d4-0003-0003-0003-000000000003/resourceGroups/rg-app-prod/providers/Microsoft.Compute/virtualMachines/vm-standard-d4s-v3-02,vm-standard-d4s-v3-02,{},"{""ServiceType"": ""Standard"", ""VMName"": ""vm-standard-d4s-v3-02"", ""vCPUs"": 4}",Compute,Usage,Azure,,
EA-9876543210,data-eng-prod-sub,data-eng-prod-sub,owner_0002@company.com,a1b2c3d4-0002-0002-0002-000000000002,data-eng-prod-sub,rg-data-prod,westeurope,2026-04-01,Virtual Machines Standard_E4s_v3 - westeurope,Virtual Machines,Standard_E4s_v3 Series,7373fa15-5d45-5d30-a83f-72064e156f94,E4s v3,24.0,1 Hour,5.947346,0.364,0.247806,0.364,Reservation,USD,Microsoft.Compute,/subscriptions/a1b2c3d4-0002-0002-0002-000000000002/resourceGroups/rg-data-prod/providers/Microsoft.Compute/virtualMachines/vm-standard-e4s-v3-03,vm-standard-e4s-v3-03,{},"{""ServiceType"": ""Standard"", ""VMName"": ""vm-standard-e4s-v3-03"", ""vCPUs"": 4}",Compute,Usage,Azure,/providers/Microsoft.BillingBenefits/savingsPlanOrders/09a6e1c8-92fb-462d-a3cf-12a8c3bf7df6,Reserved VM Instance_westeurope_1Year
EA-9876543210,data-eng-prod-sub,data-eng-prod-sub,owner_0002@company.com,a1b2c3d4-0002-0002-0002-000000000002,data-eng-prod-sub,rg-data-prod,westeurope,2026-04-01,Virtual Machines Standard_E8s_v3 - westeurope,Virtual Machines,Standard_E8s_v3 Series,2b9593f7-8692-56d9-b10a-a624f400da47,E8s v3,24.0,1 Hour,17.50887,0.728,0.729536,0.728,OnDemand,USD,Microsoft.Compute,/subscriptions/a1b2c3d4-0002-0002-0002-000000000002/resourceGroups/rg-data-prod/providers/Microsoft.Compute/virtualMachines/vm-standard-e8s-v3-04,vm-standard-e8s-v3-04,"{""team"": ""data-eng"", ""environment"": ""prod"", ""costcenter"": ""CC200"", ""application"": ""data-eng-app""}","{""ServiceType"": ""Standard"", ""VMName"": ""vm-standard-e8s-v3-04"", ""vCPUs"": 8}",Compute,Usage,Azure,,
EA-9876543210,data-eng-prod-sub,data-eng-prod-sub,owner_0002@company.com,a1b2c3d4-0002-0002-0002-000000000002,data-eng-prod-sub,rg-ml-prod,westeurope,2026-04-01,Virtual Machines Standard_F4s_v2 - westeurope,Virtual Machines,Standard_F4s_v2 Series,303bf71a-6d52-56d9-8e75-95552aa01c86,F4s v2,24.0,1 Hour,3.467272,0.252,0.14447,0.252,Reservation,USD,Microsoft.Compute,/subscriptions/a1b2c3d4-0002-0002-0002-000000000002/resourceGroups/rg-ml-prod/providers/Microsoft.Compute/virtualMachines/vm-standard-f4s-v2-05,vm-standard-f4s-v2-05,{},"{""ServiceType"": ""Standard"", ""VMName"": ""vm-standard-f4s-v2-05"", ""vCPUs"": 4}",Compute,Usage,Azure,/providers/Microsoft.BillingBenefits/savingsPlanOrders/6cd130bc-f203-42af-84a4-2a62344b2e65,Reserved VM Instance_westeurope_1Year
EA-9876543210,data-eng-prod-sub,data-eng-prod-sub,owner_0002@company.com,a1b2c3d4-0002-0002-0002-000000000002,data-eng-prod-sub,rg-ml-prod,westeurope,2026-04-01,Virtual Machines Standard_D8s_v3 - westeurope,Virtual Machines,Standard_D8s_v3 Series,348575ff-7ae0-57e5-896e-037d67179117,D8s v3,24.0,1 Hour,12.757779,0.672,0.531574,0.672,SavingsPlan,USD,Microsoft.Compute,/subscriptions/a1b2c3d4-0002-0002-0002-000000000002/resourceGroups/rg-ml-prod/providers/Microsoft.Compute/virtualMachines/vm-standard-d8s-v3-06,vm-standard-d8s-v3-06,"{""team"": ""ml"", ""environment"": ""prod"", ""costcenter"": ""CC500"", ""application"": ""ml-app""}","{""ServiceType"": ""Standard"", ""VMName"": ""vm-standard-d8s-v3-06"", ""vCPUs"": 8}",Compute,Usage,Azure,/providers/Microsoft.BillingBenefits/savingsPlanOrders/6d120f10-12d3-410b-b4fb-ff2f33db4b8c,Compute savings plan_1Year
EA-9876543210,app-prod-sub,app-prod-sub,owner_0003@company.com,a1b2c3d4-0003-0003-0003-000000000003,app-prod-sub,rg-app-prod,southeastasia,2026-04-01,Virtual Machines Standard_B2s - southeastasia,Virtual Machines,Standard_B2s Series,78a50003-6630-5ba4-aad2-c10f0de71d3b,B2s,24.0,1 Hour,2.033649,0.084,0.084735,0.084,OnDemand,USD,Microsoft.Compute,/subscriptions/a1b2c3d4-0003-0003-0003-000000000003/resourceGroups/rg-app-prod/providers/Microsoft.Compute/virtualMachines/vm-standard-b2s-07,vm-standard-b2s-07,"{""team"": ""frontend"", ""environment"": ""prod"", ""costcenter"": ""CC300"", ""application"": ""frontend-app""}","{""ServiceType"": ""Standard"", ""VMName"": ""vm-standard-b2s-07"", ""vCPUs"": 2}",Compute,Usage,Azure,,
EA-9876543210,app-prod-sub,app-prod-sub,owner_0003@company.com,a1b2c3d4-0003-0003-0003-000000000003,app-prod-sub,rg-app-staging,southeastasia,2026-04-01,Virtual Machines Standard_B2s - southeastasia,Virtual Machines,Standard_B2s Series,78a50003-6630-5ba4-aad2-c10f0de71d3b,B2s,24.0,1 Hour,2.031113,0.084,0.08463,0.084,OnDemand,USD,Microsoft.Compute,/subscriptions/a1b2c3d4-0003-0003-0003-000000000003/resourceGroups/rg-app-staging/providers/Microsoft.Compute/virtualMachines/vm-standard-b2s-08,vm-standard-b2s-08,"{""team"": ""frontend"", ""environment"": ""staging"", ""costcenter"": ""CC300"", ""application"": ""frontend-app""}","{""ServiceType"": ""Standard"", ""VMName"": ""vm-standard-b2s-08"", ""vCPUs"": 2}",Compute,Usage,Azure,,
EA-9876543210,app-prod-sub,app-prod-sub,owner_0003@company.com,a1b2c3d4-0003-0003-0003-000000000003,app-prod-sub,rg-app-staging,eastus,2026-04-01,Virtual Machines Standard_D2s_v3 - eastus,Virtual Machines,Standard_D2s_v3 Series,bbc4f1e6-b32a-5f02-86f0-702bf6097b8b,D2s v3,24.0,1 Hour,4.030558,0.168,0.16794,0.168,OnDemand,USD,Microsoft.Compute,/subscriptions/a1b2c3d4-0003-0003-0003-000000000003/resourceGroups/rg-app-staging/providers/Microsoft.Compute/virtualMachines/vm-standard-d2s-v3-09,vm-standard-d2s-v3-09,"{""team"": ""backend"", ""environment"": ""staging"", ""costcenter"": ""CC400"", ""application"": ""backend-app""}","{""ServiceType"": ""Standard"", ""VMName"": ""vm-standard-d2s-v3-09"", ""vCPUs"": 2}",Compute,Usage,Azure,,
EA-9876543210,platform-prod-sub,platform-prod-sub,owner_0001@company.com,a1b2c3d4-0001-0001-0001-000000000001,platform-prod-sub,rg-platform-dev,eastus,2026-04-01,Virtual Machines Standard_B2s - eastus,Virtual Machines,Standard_B2s Series,7190101e-d2ab-5a56-ad8e-83f7122f17e8,B2s,24.0,1 Hour,2.032445,0.084,0.084685,0.084,OnDemand,USD,Microsoft.Compute,/subscriptions/a1b2c3d4-0001-0001-0001-000000000001/resourceGroups/rg-platform-dev/providers/Microsoft.Compute/virtualMachines/vm-standard-b2s-10,vm-standard-b2s-10,"{""team"": ""platform"", ""environment"": ""dev"", ""costcenter"": ""CC100"", ""application"": ""platform-app""}","{""ServiceType"": ""Standard"", ""VMName"": ""vm-standard-b2s-10"", ""vCPUs"": 2}",Compute,Usage,Azure,,
EA-9876543210,app-prod-sub,app-prod-sub,owner_0003@company.com,a1b2c3d4-0003-0003-0003-000000000003,app-prod-sub,rg-app-dev,eastus,2026-04-01,Virtual Machines Standard_B2s - eastus,Virtual Machines,Standard_B2s Series,7190101e-d2ab-5a56-ad8e-83f7122f17e8,B2s,24.0,1 Hour,1.469559,0.084,0.061232,0.084,SavingsPlan,USD,Microsoft.Compute,/subscriptions/a1b2c3d4-0003-0003-0003-000000000003/resourceGroups/rg-app-dev/providers/Microsoft.Compute/virtualMachines/vm-standard-b2s-11,vm-standard-b2s-11,{},"{""ServiceType"": ""Standard"", ""VMName"": ""vm-standard-b2s-11"", ""vCPUs"": 2}",Compute,Usage,Azure,/providers/Microsoft.BillingBenefits/savingsPlanOrders/856f13c0-1225-4477-b09a-a262c7717904,Compute savings plan_1Year
EA-9876543210,platform-prod-sub,platform-prod-sub,owner_0001@company.com,a1b2c3d4-0001-0001-0001-000000000001,platform-prod-sub,rg-platform-prod,eastus,2026-04-01,Blob Storage - LRS - Hot - eastus,Storage,Blobs - LRS - Hot,fb8faed0-f377-5fb0-92b7-78035153a7fa,Data Stored,850.6971,1 GB/Month,0.510814,0.018,0.018,0.018,OnDemand,USD,Microsoft.Storage,/subscriptions/a1b2c3d4-0001-0001-0001-000000000001/resourceGroups/rg-platform-prod/providers/Microsoft.Storage/storageAccounts/stplatformassets,stplatformassets,"{""team"": ""platform"", ""environment"": ""prod"", ""costcenter"": ""CC100"", ""application"": ""platform-app""}","{""AccountType"": ""LRS""}",Storage,Usage,Azure,,
EA-9876543210,data-eng-prod-sub,data-eng-prod-sub,owner_0002@company.com,a1b2c3d4-0002-0002-0002-000000000002,data-eng-prod-sub,rg-data-prod,westeurope,2026-04-01,Blob Storage - ZRS - Hot - westeurope,Storage,Blobs - ZRS - Hot,9dd9b051-b91d-533a-9f70-e4838eb241bb,Data Stored,3200.6291,1 GB/Month,2.447207,0.023,0.023,0.023,OnDemand,USD,Microsoft.Storage,/subscriptions/a1b2c3d4-0002-0002-0002-000000000002/resourceGroups/rg-data-prod/providers/Microsoft.Storage/storageAccounts/stdatalake,stdatalake,"{""team"": ""data-eng"", ""environment"": ""prod"", ""costcenter"": ""CC200"", ""application"": ""data-eng-app""}","{""AccountType"": ""ZRS""}",Storage,Usage,Azure,,
EA-9876543210,app-prod-sub,app-prod-sub,owner_0003@company.com,a1b2c3d4-0003-0003-0003-000000000003,app-prod-sub,rg-app-prod,southeastasia,2026-04-01,Blob Storage - LRS - Hot - southeastasia,Storage,Blobs - LRS - Hot,3ae72a36-b458-5b93-9e16-84484844594d,Data Stored,399.8062,1 GB/Month,0.240063,0.018,0.018,0.018,OnDemand,USD,Microsoft.Storage,/subscriptions/a1b2c3d4-0003-0003-0003-000000000003/resourceGroups/rg-app-prod/providers/Microsoft.Storage/storageAccounts/stappassets,stappassets,{},"{""AccountType"": ""LRS""}",Storage,Usage,Azure,,
EA-9876543210,data-eng-prod-sub,data-eng-prod-sub,owner_0002@company.com,a1b2c3d4-0002-0002-0002-000000000002,data-eng-prod-sub,rg-ml-prod,westeurope,2026-04-01,Blob Storage - LRS - Hot - westeurope,Storage,Blobs - LRS - Hot,4ba045d2-b571-568f-be23-884194c5daba,Data Stored,1100.536,1 GB/Month,0.658042,0.018,0.018,0.018,OnDemand,USD,Microsoft.Storage,/subscriptions/a1b2c3d4-0002-0002-0002-000000000002/resourceGroups/rg-ml-prod/providers/Microsoft.Storage/storageAccounts/stmlmodels,stmlmodels,"{""team"": ""ml"", ""environment"": ""prod"", ""costcenter"": ""CC500"", ""application"": ""ml-app""}","{""AccountType"": ""LRS""}",Storage,Usage,Azure,,
EA-9876543210,platform-prod-sub,platform-prod-sub,owner_0001@company.com,a1b2c3d4-0001-0001-0001-000000000001,platform-prod-sub,rg-platform-prod,eastus,2026-04-01,Azure SQL Database Standard_S2 - eastus,SQL Database,Standard_S2,cd1e0b9a-8ff0-5779-9281-87ab698e2916,vCore Hours,24.0,1 Hour,7.366659,0.31,0.31,0.31,OnDemand,USD,Microsoft.Sql,/subscriptions/a1b2c3d4-0001-0001-0001-000000000001/resourceGroups/rg-platform-prod/providers/Microsoft.Sql/servers/databases/sqldb-standard-0001,sqldb-standard-0001,"{""team"": ""platform"", ""environment"": ""prod"", ""costcenter"": ""CC100"", ""application"": ""platform-app""}",{},Databases,Usage,Azure,,
EA-9876543210,data-eng-prod-sub,data-eng-prod-sub,owner_0002@company.com,a1b2c3d4-0002-0002-0002-000000000002,data-eng-prod-sub,rg-data-prod,westeurope,2026-04-01,Azure SQL Database Business Critical_BC_Gen5_4 - westeurope,SQL Database,Business Critical_BC_Gen5_4,4bab5ab0-7291-58c2-8564-3252f5053179,vCore Hours,24.0,1 Hour,52.823803,2.2,2.2,2.2,OnDemand,USD,Microsoft.Sql,/subscriptions/a1b2c3d4-0002-0002-0002-000000000002/resourceGroups/rg-data-prod/providers/Microsoft.Sql/servers/databases/sqldb-business critical-0002,sqldb-business critical-0002,"{""team"": ""data-eng"", ""environment"": ""prod"", ""costcenter"": ""CC200"", ""application"": ""data-eng-app""}",{},Databases,Usage,Azure,,
EA-9876543210,app-prod-sub,app-prod-sub,owner_0003@company.com,a1b2c3d4-0003-0003-0003-000000000003,app-prod-sub,rg-app-prod,eastus,2026-04-01,Azure SQL Database General Purpose_GP_Gen5_2 - eastus,SQL Database,General Purpose_GP_Gen5_2,69e0198c-4ca3-5ac2-8540-db65f6d44c56,vCore Hours,24.0,1 Hour,14.405691,0.6,0.6,0.6,OnDemand,USD,Microsoft.Sql,/subscriptions/a1b2c3d4-0003-0003-0003-000000000003/resourceGroups/rg-app-prod/providers/Microsoft.Sql/servers/databases/sqldb-general purpose-0003,sqldb-general purpose-0003,"{""team"": ""backend"", ""environment"": ""prod"", ""costcenter"": ""CC400"", ""application"": ""backend-app""}",{},Databases,Usage,Azure,,
EA-9876543210,shared-infra-sub,shared-infra-sub,owner_infra@company.com,a1b2c3d4-9999-9999-9999-000000000099,shared-infra-sub,rg-shared-infra,eastus,2026-04-01,Azure Monitor,Monitor,Data Ingested,aadff281-e00d-588e-bd69-a4630325bd50,Data Ingested,1000.0,1 Unit,44.887527,0.045,0.045,0.045,OnDemand,USD,Microsoft.SharedInfra,/subscriptions/a1b2c3d4-9999-9999-9999-000000000099/resourceGroups/rg-shared-infra/providers/Microsoft.SharedInfra/Monitor/monitor,monitor,{},{},Management,Usage,Azure,,
EA-9876543210,shared-infra-sub,shared-infra-sub,owner_infra@company.com,a1b2c3d4-9999-9999-9999-000000000099,shared-infra-sub,rg-shared-infra,eastus,2026-04-01,Virtual Network,Networking,Intra-Region,cc2ca1a8-2d13-5873-b301-4b8ed16ed2c0,Intra-Region,622.22,1 Unit,27.835034,0.045,0.045,0.045,OnDemand,USD,Microsoft.SharedInfra,/subscriptions/a1b2c3d4-9999-9999-9999-000000000099/resourceGroups/rg-shared-infra/providers/Microsoft.SharedInfra/Networking/networking,networking,{},{},Networking,Usage,Azure,,
EA-9876543210,shared-infra-sub,shared-infra-sub,owner_infra@company.com,a1b2c3d4-9999-9999-9999-000000000099,shared-infra-sub,rg-shared-infra,eastus,2026-04-01,API Management,API Management,Gateway Units,78998862-331b-5215-a4b4-8d4500189f89,Gateway Units,2666.67,1 Unit,120.730289,0.045,0.045,0.045,OnDemand,USD,Microsoft.SharedInfra,/subscriptions/a1b2c3d4-9999-9999-9999-000000000099/resourceGroups/rg-shared-infra/providers/Microsoft.SharedInfra/API Management/api-management,api-management,{},{},Integration,Usage,Azure,,
EA-9876543210,shared-infra-sub,shared-infra-sub,owner_infra@company.com,a1b2c3d4-9999-9999-9999-000000000099,shared-infra-sub,rg-shared-infra,eastus,2026-04-01,Azure Key Vault,Key Vault,Operations,3cb0172e-6732-5350-b439-97753364a78c,Operations,177.78,1 Unit,7.985415,0.045,0.045,0.045,OnDemand,USD,Microsoft.SharedInfra,/subscriptions/a1b2c3d4-9999-9999-9999-000000000099/resourceGroups/rg-shared-infra/providers/Microsoft.SharedInfra/Key Vault/key-vault,key-vault,{},{},Security,Usage,Azure,,
EA-9876543210,shared-infra-sub,shared-infra-sub,owner_infra@company.com,a1b2c3d4-9999-9999-9999-000000000099,shared-infra-sub,rg-shared-infra,eastus,2026-04-01,Azure Blob Storage,Storage,Data Stored,2e8ee991-b3b7-5136-98e5-4772405cdb0c,Data Stored,400.0,1 Unit,17.85837,0.045,0.045,0.045,OnDemand,USD,Microsoft.SharedInfra,/subscriptions/a1b2c3d4-9999-9999-9999-000000000099/resourceGroups/rg-shared-infra/providers/Microsoft.SharedInfra/Storage/storage,storage,{},{},Storage,Usage,Azure,,
EA-9876543210,platform-prod-sub,platform-prod-sub,owner_0001@company.com,a1b2c3d4-0001-0001-0001-000000000001,platform-prod-sub,rg-platform-prod,eastus,2026-04-02,Virtual Machines Standard_D2s_v3 - eastus,Virtual Machines,Standard_D2s_v3 Series,bbc4f1e6-b32a-5f02-86f0-702bf6097b8b,D2s v3,24.0,1 Hour,4.034911,0.168,0.168121,0.168,OnDemand,USD,Microsoft.Compute,/subscriptions/a1b2c3d4-0001-0001-0001-000000000001/resourceGroups/rg-platform-prod/providers/Microsoft.Compute/virtualMachines/vm-standard-d2s-v3-00,vm-standard-d2s-v3-00,{},"{""ServiceType"": ""Standard"", ""VMName"": ""vm-standard-d2s-v3-00"", ""vCPUs"": 2}",Compute,Usage,Azure,,
EA-9876543210,platform-prod-sub,platform-prod-sub,owner_0001@company.com,a1b2c3d4-0001-0001-0001-000000000001,platform-prod-sub,rg-platform-prod,eastus,2026-04-02,Virtual Machines Standard_D2s_v3 - eastus,Virtual Machines,Standard_D2s_v3 Series,bbc4f1e6-b32a-5f02-86f0-702bf6097b8b,D2s v3,24.0,1 Hour,4.023731,0.168,0.167655,0.168,OnDemand,USD,Microsoft.Compute,/subscriptions/a1b2c3d4-0001-0001-0001-000000000001/resourceGroups/rg-platform-prod/providers/Microsoft.Compute/virtualMachines/vm-standard-d2s-v3-01,vm-standard-d2s-v3-01,"{""team"": ""platform"", ""environment"": ""prod"", ""costcenter"": ""CC100"", ""application"": ""platform-app""}","{""ServiceType"": ""Standard"", ""VMName"": ""vm-standard-d2s-v3-01"", ""vCPUs"": 2}",Compute,Usage,Azure,,
EA-9876543210,app-prod-sub,app-prod-sub,owner_0003@company.com,a1b2c3d4-0003-0003-0003-000000000003,app-prod-sub,rg-app-prod,eastus,2026-04-02,Virtual Machines Standard_D4s_v3 - eastus,Virtual Machines,Standard_D4s_v3 Series,6c8e1236-a3aa-53d7-8e09-dadb98f69027,D4s v3,24.0,1 Hour,8.012184,0.336,0.333841,0.336,OnDemand,USD,Microsoft.Compute,/subscriptions/a1b2c3d4-0003-0003-0003-000000000003/resourceGroups/rg-app-prod/providers/Microsoft.Compute/virtualMachines/vm-standard-d4s-v3-02,vm-standard-d4s-v3-02,"{""team"": ""backend"", ""environment"": ""prod"", ""costcenter"": ""CC400"", ""application"": ""backend-app""}","{""ServiceType"": ""Standard"", ""VMName"": ""vm-standard-d4s-v3-02"", ""vCPUs"": 4}",Compute,Usage,Azure,,
EA-9876543210,data-eng-prod-sub,data-eng-prod-sub,owner_0002@company.com,a1b2c3d4-0002-0002-0002-000000000002,data-eng-prod-sub,rg-data-prod,westeurope,2026-04-02,Virtual Machines Standard_E4s_v3 - westeurope,Virtual Machines,Standard_E4s_v3 Series,7373fa15-5d45-5d30-a83f-72064e156f94,E4s v3,24.0,1 Hour,5.498306,0.364,0.229096,0.364,Reservation,USD,Microsoft.Compute,/subscriptions/a1b2c3d4-0002-0002-0002-000000000002/resourceGroups/rg-data-prod/providers/Microsoft.Compute/virtualMachines/vm-standard-e4s-v3-03,vm-standard-e4s-v3-03,{},"{""ServiceType"": ""Standard"", ""VMName"": ""vm-standard-e4s-v3-03"", ""vCPUs"": 4}",Compute,Usage,Azure,/providers/Microsoft.BillingBenefits/savingsPlanOrders/0d13919b-0aa3-451e-b5ce-e0173c90dd35,Reserved VM Instance_westeurope_1Year
EA-9876543210,data-eng-prod-sub,data-eng-prod-sub,owner_0002@company.com,a1b2c3d4-0002-0002-0002-000000000002,data-eng-prod-sub,rg-data-prod,westeurope,2026-04-02,Unused Reservation - vm-standard-e4s-v3-03,Virtual Machines,Unused Capacity,b1904ae7-2d8b-5496-9027-da71427b1383,Unused,0.0,1 Hour,0.915679,0.0,0.0,0.364,Reservation,USD,Microsoft.Compute,,vm-standard-e4s-v3-03,"{""team"": ""data-eng"", ""environment"": ""prod"", ""costcenter"": ""CC200"", ""application"": ""data-eng-app""}",{},Compute,UnusedReservation,Azure,/providers/Microsoft.BillingBenefits/savingsPlanOrders/f5f34888-8140-4412-8f17-1255f51bc3bd,Reserved VM Instance_westeurope_1Year
EA-9876543210,data-eng-prod-sub,data-eng-prod-sub,owner_0002@company.com,a1b2c3d4-0002-0002-0002-000000000002,data-eng-prod-sub,rg-data-prod,westeurope,2026-04-02,Virtual Machines Standard_E8s_v3 - westeurope,Virtual Machines,Standard_E8s_v3 Series,2b9593f7-8692-56d9-b10a-a624f400da47,E8s v3,24.0,1 Hour,17.599137,0.728,0.733297,0.728,OnDemand,USD,Microsoft.Compute,/subscriptions/a1b2c3d4-0002-0002-0002-000000000002/resourceGroups/rg-data-prod/providers/Microsoft.Compute/virtualMachines/vm-standard-e8s-v3-04,vm-standard-e8s-v3-04,"{""team"": ""data-eng"", ""environment"": ""prod"", ""costcenter"": ""CC200"", ""application"": ""data-eng-app""}","{""ServiceType"": ""Standard"", ""VMName"": ""vm-standard-e8s-v3-04"", ""vCPUs"": 8}",Compute,Usage,Azure,,
EA-9876543210,data-eng-prod-sub,data-eng-prod-sub,owner_0002@company.com,a1b2c3d4-0002-0002-0002-000000000002,data-eng-prod-sub,rg-ml-prod,westeurope,2026-04-02,Virtual Machines Standard_F4s_v2 - westeurope,Virtual Machines,Standard_F4s_v2 Series,303bf71a-6d52-56d9-8e75-95552aa01c86,F4s v2,24.0,1 Hour,4.097483,0.252,0.170728,0.252,Reservation,USD,Microsoft.Compute,/subscriptions/a1b2c3d4-0002-0002-0002-000000000002/resourceGroups/rg-ml-prod/providers/Microsoft.Compute/virtualMachines/vm-standard-f4s-v2-05,vm-standard-f4s-v2-05,"{""team"": ""ml"", ""environment"": ""prod"", ""costcenter"": ""CC500"", ""application"": ""ml-app""}","{""ServiceType"": ""Standard"", ""VMName"": ""vm-standard-f4s-v2-05"", ""vCPUs"": 4}",Compute,Usage,Azure,/providers/Microsoft.BillingBenefits/savingsPlanOrders/ec1cdd52-ea75-4dc4-aeac-571c57210d60,Reserved VM Instance_westeurope_1Year
EA-9876543210,data-eng-prod-sub,data-eng-prod-sub,owner_0002@company.com,a1b2c3d4-0002-0002-0002-000000000002,data-eng-prod-sub,rg-ml-prod,westeurope,2026-04-02,Virtual Machines Standard_D8s_v3 - westeurope,Virtual Machines,Standard_D8s_v3 Series,348575ff-7ae0-57e5-896e-037d67179117,D8s v3,24.0,1 Hour,11.133097,0.672,0.463879,0.672,SavingsPlan,USD,Microsoft.Compute,/subscriptions/a1b2c3d4-0002-0002-0002-000000000002/resourceGroups/rg-ml-prod/providers/Microsoft.Compute/virtualMachines/vm-standard-d8s-v3-06,vm-standard-d8s-v3-06,"{""team"": ""ml"", ""environment"": ""prod"", ""costcenter"": ""CC500"", ""application"": ""ml-app""}","{""ServiceType"": ""Standard"", ""VMName"": ""vm-standard-d8s-v3-06"", ""vCPUs"": 8}",Compute,Usage,Azure,/providers/Microsoft.BillingBenefits/savingsPlanOrders/da2e980b-6383-4254-a76a-156c7a7188fa,Compute savings plan_1Year
EA-9876543210,app-prod-sub,app-prod-sub,owner_0003@company.com,a1b2c3d4-0003-0003-0003-000000000003,app-prod-sub,rg-app-prod,southeastasia,2026-04-02,Virtual Machines Standard_B2s - southeastasia,Virtual Machines,Standard_B2s Series,78a50003-6630-5ba4-aad2-c10f0de71d3b,B2s,24.0,1 Hour,2.011529,0.084,0.083814,0.084,OnDemand,USD,Microsoft.Compute,/subscriptions/a1b2c3d4-0003-0003-0003-000000000003/resourceGroups/rg-app-prod/providers/Microsoft.Compute/virtualMachines/vm-standard-b2s-07,vm-standard-b2s-07,"{""team"": ""frontend"", ""environment"": ""prod"", ""costcenter"": ""CC300"", ""application"": ""frontend-app""}","{""ServiceType"": ""Standard"", ""VMName"": ""vm-standard-b2s-07"", ""vCPUs"": 2}",Compute,Usage,Azure,,
EA-9876543210,app-prod-sub,app-prod-sub,owner_0003@company.com,a1b2c3d4-0003-0003-0003-000000000003,app-prod-sub,rg-app-staging,southeastasia,2026-04-02,Virtual Machines Standard_B2s - southeastasia,Virtual Machines,Standard_B2s Series,78a50003-6630-5ba4-aad2-c10f0de71d3b,B2s,24.0,1 Hour,2.014858,0.084,0.083952,0.084,OnDemand,USD,Microsoft.Compute,/subscriptions/a1b2c3d4-0003-0003-0003-000000000003/resourceGroups/rg-app-staging/providers/Microsoft.Compute/virtualMachines/vm-standard-b2s-08,vm-standard-b2s-08,"{""team"": ""frontend"", ""environment"": ""staging"", ""costcenter"": ""CC300"", ""application"": ""frontend-app""}","{""ServiceType"": ""Standard"", ""VMName"": ""vm-standard-b2s-08"", ""vCPUs"": 2}",Compute,Usage,Azure,,
EA-9876543210,app-prod-sub,app-prod-sub,owner_0003@company.com,a1b2c3d4-0003-0003-0003-000000000003,app-prod-sub,rg-app-staging,eastus,2026-04-02,Virtual Machines Standard_D2s_v3 - eastus,Virtual Machines,Standard_D2s_v3 Series,bbc4f1e6-b32a-5f02-86f0-702bf6097b8b,D2s v3,24.0,1 Hour,4.021584,0.168,0.167566,0.168,OnDemand,USD,Microsoft.Compute,/subscriptions/a1b2c3d4-0003-0003-0003-000000000003/resourceGroups/rg-app-staging/providers/Microsoft.Compute/virtualMachines/vm-standard-d2s-v3-09,vm-standard-d2s-v3-09,{},"{""ServiceType"": ""Standard"", ""VMName"": ""vm-standard-d2s-v3-09"", ""vCPUs"": 2}",Compute,Usage,Azure,,
EA-9876543210,platform-prod-sub,platform-prod-sub,owner_0001@company.com,a1b2c3d4-0001-0001-0001-000000000001,platform-prod-sub,rg-platform-dev,eastus,2026-04-02,Virtual Machines Standard_B2s - eastus,Virtual Machines,Standard_B2s Series,7190101e-d2ab-5a56-ad8e-83f7122f17e8,B2s,24.0,1 Hour,2.011994,0.084,0.083833,0.084,OnDemand,USD,Microsoft.Compute,/subscriptions/a1b2c3d4-0001-0001-0001-000000000001/resourceGroups/rg-platform-dev/providers/Microsoft.Compute/virtualMachines/vm-standard-b2s-10,vm-standard-b2s-10,{},"{""ServiceType"": ""Standard"", ""VMName"": ""vm-standard-b2s-10"", ""vCPUs"": 2}",Compute,Usage,Azure,,
EA-9876543210,app-prod-sub,app-prod-sub,owner_0003@company.com,a1b2c3d4-0003-0003-0003-000000000003,app-prod-sub,rg-app-dev,eastus,2026-04-02,Virtual Machines Standard_B2s - eastus,Virtual Machines,Standard_B2s Series,7190101e-d2ab-5a56-ad8e-83f7122f17e8,B2s,24.0,1 Hour,1.298037,0.084,0.054085,0.084,SavingsPlan,USD,Microsoft.Compute,/subscriptions/a1b2c3d4-0003-0003-0003-000000000003/resourceGroups/rg-app-dev/providers/Microsoft.Compute/virtualMachines/vm-standard-b2s-11,vm-standard-b2s-11,{},"{""ServiceType"": ""Standard"", ""VMName"": ""vm-standard-b2s-11"", ""vCPUs"": 2}",Compute,Usage,Azure,/providers/Microsoft.BillingBenefits/savingsPlanOrders/bdf038a5-588b-4fb1-a8b3-4d0cec48d601,Compute savings plan_1Year
EA-9876543210,app-prod-sub,app-prod-sub,owner_0003@company.com,a1b2c3d4-0003-0003-0003-000000000003,app-prod-sub,rg-app-dev,eastus,2026-04-02,Unused Reservation - vm-standard-b2s-11,Virtual Machines,Unused Capacity,729a13c8-26e6-5eb2-82c7-73d4240274e2,Unused,0.0,1 Hour,0.305613,0.0,0.0,0.084,SavingsPlan,USD,Microsoft.Compute,,vm-standard-b2s-11,{},{},Compute,UnusedSavingsPlan,Azure,/providers/Microsoft.BillingBenefits/savingsPlanOrders/6cb7b345-19e1-4448-9586-a64c13b94647,Compute savings plan_1Year
EA-9876543210,platform-prod-sub,platform-prod-sub,owner_0001@company.com,a1b2c3d4-0001-0001-0001-000000000001,platform-prod-sub,rg-platform-prod,eastus,2026-04-02,Blob Storage - LRS - Hot - eastus,Storage,Blobs - LRS - Hot,fb8faed0-f377-5fb0-92b7-78035153a7fa,Data Stored,849.448,1 GB/Month,0.510837,0.018,0.018,0.018,OnDemand,USD,Microsoft.Storage,/subscriptions/a1b2c3d4-0001-0001-0001-000000000001/resourceGroups/rg-platform-prod/providers/Microsoft.Storage/storageAccounts/stplatformassets,stplatformassets,{},"{""AccountType"": ""LRS""}",Storage,Usage,Azure,,
EA-9876543210,data-eng-prod-sub,data-eng-prod-sub,owner_0002@company.com,a1b2c3d4-0002-0002-0002-000000000002,data-eng-prod-sub,rg-data-prod,westeurope,2026-04-02,Blob Storage - ZRS - Hot - westeurope,Storage,Blobs - ZRS - Hot,9dd9b051-b91d-533a-9f70-e4838eb241bb,Data Stored,3196.8685,1 GB/Month,2.45325,0.023,0.023,0.023,OnDemand,USD,Microsoft.Storage,/subscriptions/a1b2c3d4-0002-0002-0002-000000000002/resourceGroups/rg-data-prod/providers/Microsoft.Storage/storageAccounts/stdatalake,stdatalake,"{""team"": ""data-eng"", ""environment"": ""prod"", ""costcenter"": ""CC200"", ""application"": ""data-eng-app""}","{""AccountType"": ""ZRS""}",Storage,Usage,Azure,,
EA-9876543210,app-prod-sub,app-prod-sub,owner_0003@company.com,a1b2c3d4-0003-0003-0003-000000000003,app-prod-sub,rg-app-prod,southeastasia,2026-04-02,Blob Storage - LRS - Hot - southeastasia,Storage,Blobs - LRS - Hot,3ae72a36-b458-5b93-9e16-84484844594d,Data Stored,400.3446,1 GB/Month,0.240505,0.018,0.018,0.018,OnDemand,USD,Microsoft.Storage,/subscriptions/a1b2c3d4-0003-0003-0003-000000000003/resourceGroups/rg-app-prod/providers/Microsoft.Storage/storageAccounts/stappassets,stappassets,"{""team"": ""frontend"", ""environment"": ""prod"", ""costcenter"": ""CC300"", ""application"": ""frontend-app""}","{""AccountType"": ""LRS""}",Storage,Usage,Azure,,
EA-9876543210,data-eng-prod-sub,data-eng-prod-sub,owner_0002@company.com,a1b2c3d4-0002-0002-0002-000000000002,data-eng-prod-sub,rg-ml-prod,westeurope,2026-04-02,Blob Storage - LRS - Hot - westeurope,Storage,Blobs - LRS - Hot,4ba045d2-b571-568f-be23-884194c5daba,Data Stored,1099.3284,1 GB/Month,0.660072,0.018,0.018,0.018,OnDemand,USD,Microsoft.Storage,/subscriptions/a1b2c3d4-0002-0002-0002-000000000002/resourceGroups/rg-ml-prod/providers/Microsoft.Storage/storageAccounts/stmlmodels,stmlmodels,"{""team"": ""ml"", ""environment"": ""prod"", ""costcenter"": ""CC500"", ""application"": ""ml-app""}","{""AccountType"": ""LRS""}",Storage,Usage,Azure,,
EA-9876543210,platform-prod-sub,platform-prod-sub,owner_0001@company.com,a1b2c3d4-0001-0001-0001-000000000001,platform-prod-sub,rg-platform-prod,eastus,2026-04-02,Azure SQL Database Standard_S2 - eastus,SQL Database,Standard_S2,cd1e0b9a-8ff0-5779-9281-87ab698e2916,vCore Hours,24.0,1 Hour,7.482253,0.31,0.31,0.31,OnDemand,USD,Microsoft.Sql,/subscriptions/a1b2c3d4-0001-0001-0001-000000000001/resourceGroups/rg-platform-prod/providers/Microsoft.Sql/servers/databases/sqldb-standard-0001,sqldb-standard-0001,"{""team"": ""platform"", ""environment"": ""prod"", ""costcenter"": ""CC100"", ""application"": ""platform-app""}",{},Databases,Usage,Azure,,
EA-9876543210,data-eng-prod-sub,data-eng-prod-sub,owner_0002@company.com,a1b2c3d4-0002-0002-0002-000000000002,data-eng-prod-sub,rg-data-prod,westeurope,2026-04-02,Azure SQL Database Business Critical_BC_Gen5_4 - westeurope,SQL Database,Business Critical_BC_Gen5_4,4bab5ab0-7291-58c2-8564-3252f5053179,vCore Hours,24.0,1 Hour,52.811139,2.2,2.2,2.2,OnDemand,USD,Microsoft.Sql,/subscriptions/a1b2c3d4-0002-0002-0002-000000000002/resourceGroups/rg-data-prod/providers/Microsoft.Sql/servers/databases/sqldb-business critical-0002,sqldb-business critical-0002,"{""team"": ""data-eng"", ""environment"": ""prod"", ""costcenter"": ""CC200"", ""application"": ""data-eng-app""}",{},Databases,Usage,Azure,,
EA-9876543210,app-prod-sub,app-prod-sub,owner_0003@company.com,a1b2c3d4-0003-0003-0003-000000000003,app-prod-sub,rg-app-prod,eastus,2026-04-02,Azure SQL Database General Purpose_GP_Gen5_2 - eastus,SQL Database,General Purpose_GP_Gen5_2,69e0198c-4ca3-5ac2-8540-db65f6d44c56,vCore Hours,24.0,1 Hour,14.457154,0.6,0.6,0.6,OnDemand,USD,Microsoft.Sql,/subscriptions/a1b2c3d4-0003-0003-0003-000000000003/resourceGroups/rg-app-prod/providers/Microsoft.Sql/servers/databases/sqldb-general purpose-0003,sqldb-general purpose-0003,"{""team"": ""backend"", ""environment"": ""prod"", ""costcenter"": ""CC400"", ""application"": ""backend-app""}",{},Databases,Usage,Azure,,
EA-9876543210,shared-infra-sub,shared-infra-sub,owner_infra@company.com,a1b2c3d4-9999-9999-9999-000000000099,shared-infra-sub,rg-shared-infra,eastus,2026-04-02,Azure Monitor,Monitor,Data Ingested,aadff281-e00d-588e-bd69-a4630325bd50,Data Ingested,1000.0,1 Unit,45.103671,0.045,0.045,0.045,OnDemand,USD,Microsoft.SharedInfra,/subscriptions/a1b2c3d4-9999-9999-9999-000000000099/resourceGroups/rg-shared-infra/providers/Microsoft.SharedInfra/Monitor/monitor,monitor,{},{},Management,Usage,Azure,,
EA-9876543210,shared-infra-sub,shared-infra-sub,owner_infra@company.com,a1b2c3d4-9999-9999-9999-000000000099,shared-infra-sub,rg-shared-infra,eastus,2026-04-02,Virtual Network,Networking,Intra-Region,cc2ca1a8-2d13-5873-b301-4b8ed16ed2c0,Intra-Region,622.22,1 Unit,28.097454,0.045,0.045,0.045,OnDemand,USD,Microsoft.SharedInfra,/subscriptions/a1b2c3d4-9999-9999-9999-000000000099/resourceGroups/rg-shared-infra/providers/Microsoft.SharedInfra/Networking/networking,networking,{},{},Networking,Usage,Azure,,
EA-9876543210,shared-infra-sub,shared-infra-sub,owner_infra@company.com,a1b2c3d4-9999-9999-9999-000000000099,shared-infra-sub,rg-shared-infra,eastus,2026-04-02,API Management,API Management,Gateway Units,78998862-331b-5215-a4b4-8d4500189f89,Gateway Units,2666.67,1 Unit,119.663376,0.045,0.045,0.045,OnDemand,USD,Microsoft.SharedInfra,/subscriptions/a1b2c3d4-9999-9999-9999-000000000099/resourceGroups/rg-shared-infra/providers/Microsoft.SharedInfra/API Management/api-management,api-management,{},{},Integration,Usage,Azure,,
EA-9876543210,shared-infra-sub,shared-infra-sub,owner_infra@company.com,a1b2c3d4-9999-9999-9999-000000000099,shared-infra-sub,rg-shared-infra,eastus,2026-04-02,Azure Key Vault,Key Vault,Operations,3cb0172e-6732-5350-b439-97753364a78c,Operations,177.78,1 Unit,8.024803,0.045,0.045,0.045,OnDemand,USD,Microsoft.SharedInfra,/subscriptions/a1b2c3d4-9999-9999-9999-000000000099/resourceGroups/rg-shared-infra/providers/Microsoft.SharedInfra/Key Vault/key-vault,key-vault,{},{},Security,Usage,Azure,,
EA-9876543210,shared-infra-sub,shared-infra-sub,owner_infra@company.com,a1b2c3d4-9999-9999-9999-000000000099,shared-infra-sub,rg-shared-infra,eastus,2026-04-02,Azure Blob Storage,Storage,Data Stored,2e8ee991-b3b7-5136-98e5-4772405cdb0c,Data Stored,400.0,1 Unit,18.171233,0.045,0.045,0.045,OnDemand,USD,Microsoft.SharedInfra,/subscriptions/a1b2c3d4-9999-9999-9999-000000000099/resourceGroups/rg-shared-infra/providers/Microsoft.SharedInfra/Storage/storage,storage,{},{},Storage,Usage,Azure,,
EA-9876543210,platform-prod-sub,platform-prod-sub,owner_0001@company.com,a1b2c3d4-0001-0001-0001-000000000001,platform-prod-sub,rg-platform-prod,eastus,2026-04-03,Virtual Machines Standard_D2s_v3 - eastus,Virtual Machines,Standard_D2s_v3 Series,bbc4f1e6-b32a-5f02-86f0-702bf6097b8b,D2s v3,24.0,1 Hour,4.045682,0.168,0.16857,0.168,OnDemand,USD,Microsoft.Compute,/subscriptions/a1b2c3d4-0001-0001-0001-000000000001/resourceGroups/rg-platform-prod/providers/Microsoft.Compute/virtualMachines/vm-standard-d2s-v3-00,vm-standard-d2s-v3-00,"{""team"": ""platform"", ""environment"": ""prod"", ""costcenter"": ""CC100"", ""application"": ""platform-app""}","{""ServiceType"": ""Standard"", ""VMName"": ""vm-standard-d2s-v3-00"", ""vCPUs"": 2}",Compute,Usage,Azure,,
EA-9876543210,platform-prod-sub,platform-prod-sub,owner_0001@company.com,a1b2c3d4-0001-0001-0001-000000000001,platform-prod-sub,rg-platform-prod,eastus,2026-04-03,Virtual Machines Standard_D2s_v3 - eastus,Virtual Machines,Standard_D2s_v3 Series,bbc4f1e6-b32a-5f02-86f0-702bf6097b8b,D2s v3,24.0,1 Hour,4.04842,0.168,0.168684,0.168,OnDemand,USD,Microsoft.Compute,/subscriptions/a1b2c3d4-0001-0001-0001-000000000001/resourceGroups/rg-platform-prod/providers/Microsoft.Compute/virtualMachines/vm-standard-d2s-v3-01,vm-standard-d2s-v3-01,{},"{""ServiceType"": ""Standard"", ""VMName"": ""vm-standard-d2s-v3-01"", ""vCPUs"": 2}",Compute,Usage,Azure,,
EA-9876543210,app-prod-sub,app-prod-sub,owner_0003@company.com,a1b2c3d4-0003-0003-0003-000000000003,app-prod-sub,rg-app-prod,eastus,2026-04-03,Virtual Machines Standard_D4s_v3 - eastus,Virtual Machines,Standard_D4s_v3 Series,6c8e1236-a3aa-53d7-8e09-dadb98f69027,D4s v3,24.0,1 Hour,8.073534,0.336,0.336397,0.336,OnDemand,USD,Microsoft.Compute,/subscriptions/a1b2c3d4-0003-0003-0003-000000000003/resourceGroups/rg-app-prod/providers/Microsoft.Compute/virtualMachines/vm-standard-d4s-v3-02,vm-standard-d4s-v3-02,"{""team"": ""backend"", ""environment"": ""prod"", ""costcenter"": ""CC400"", ""application"": ""backend-app""}","{""ServiceType"": ""Standard"", ""VMName"": ""vm-standard-d4s-v3-02"", ""vCPUs"": 4}",Compute,Usage,Azure,,
EA-9876543210,data-eng-prod-sub,data-eng-prod-sub,owner_0002@company.com,a1b2c3d4-0002-0002-0002-000000000002,data-eng-prod-sub,rg-data-prod,westeurope,2026-04-03,Virtual Machines Standard_E4s_v3 - westeurope,Virtual Machines,Standard_E4s_v3 Series,7373fa15-5d45-5d30-a83f-72064e156f94,E4s v3,24.0,1 Hour,5.597903,0.364,0.233246,0.364,Reservation,USD,Microsoft.Compute,/subscriptions/a1b2c3d4-0002-0002-0002-000000000002/resourceGroups/rg-data-prod/providers/Microsoft.Compute/virtualMachines/vm-standard-e4s-v3-03,vm-standard-e4s-v3-03,{},"{""ServiceType"": ""Standard"", ""VMName"": ""vm-standard-e4s-v3-03"", ""vCPUs"": 4}",Compute,Usage,Azure,/providers/Microsoft.BillingBenefits/savingsPlanOrders/58bd3040-6082-4662-8219-35231bd0beca,Reserved VM Instance_westeurope_1Year
EA-9876543210,data-eng-prod-sub,data-eng-prod-sub,owner_0002@company.com,a1b2c3d4-0002-0002-0002-000000000002,data-eng-prod-sub,rg-data-prod,westeurope,2026-04-03,Virtual Machines Standard_E8s_v3 - westeurope,Virtual Machines,Standard_E8s_v3 Series,2b9593f7-8692-56d9-b10a-a624f400da47,E8s v3,24.0,1 Hour,17.298905,0.728,0.720788,0.728,OnDemand,USD,Microsoft.Compute,/subscriptions/a1b2c3d4-0002-0002-0002-000000000002/resourceGroups/rg-data-prod/providers/Microsoft.Compute/virtualMachines/vm-standard-e8s-v3-04,vm-standard-e8s-v3-04,"{""team"": ""data-eng"", ""environment"": ""prod"", ""costcenter"": ""CC200"", ""application"": ""data-eng-app""}","{""ServiceType"": ""Standard"", ""VMName"": ""vm-standard-e8s-v3-04"", ""vCPUs"": 8}",Compute,Usage,Azure,,
EA-9876543210,data-eng-prod-sub,data-eng-prod-sub,owner_0002@company.com,a1b2c3d4-0002-0002-0002-000000000002,data-eng-prod-sub,rg-ml-prod,westeurope,2026-04-03,Virtual Machines Standard_F4s_v2 - westeurope,Virtual Machines,Standard_F4s_v2 Series,303bf71a-6d52-56d9-8e75-95552aa01c86,F4s v2,24.0,1 Hour,3.774819,0.252,0.157284,0.252,Reservation,USD,Microsoft.Compute,/subscriptions/a1b2c3d4-0002-0002-0002-000000000002/resourceGroups/rg-ml-prod/providers/Microsoft.Compute/virtualMachines/vm-standard-f4s-v2-05,vm-standard-f4s-v2-05,"{""team"": ""ml"", ""environment"": ""prod"", ""costcenter"": ""CC500"", ""application"": ""ml-app""}","{""ServiceType"": ""Standard"", ""VMName"": ""vm-standard-f4s-v2-05"", ""vCPUs"": 4}",Compute,Usage,Azure,/providers/Microsoft.BillingBenefits/savingsPlanOrders/087a7047-3b97-4eea-bb5e-5770552102ce,Reserved VM Instance_westeurope_1Year
EA-9876543210,data-eng-prod-sub,data-eng-prod-sub,owner_0002@company.com,a1b2c3d4-0002-0002-0002-000000000002,data-eng-prod-sub,rg-ml-prod,westeurope,2026-04-03,Virtual Machines Standard_D8s_v3 - westeurope,Virtual Machines,Standard_D8s_v3 Series,348575ff-7ae0-57e5-896e-037d67179117,D8s v3,24.0,1 Hour,11.547639,0.672,0.481152,0.672,SavingsPlan,USD,Microsoft.Compute,/subscriptions/a1b2c3d4-0002-0002-0002-000000000002/resourceGroups/rg-ml-prod/providers/Microsoft.Compute/virtualMachines/vm-standard-d8s-v3-06,vm-standard-d8s-v3-06,"{""team"": ""ml"", ""environment"": ""prod"", ""costcenter"": ""CC500"", ""application"": ""ml-app""}","{""ServiceType"": ""Standard"", ""VMName"": ""vm-standard-d8s-v3-06"", ""vCPUs"": 8}",Compute,Usage,Azure,/providers/Microsoft.BillingBenefits/savingsPlanOrders/4880223a-282f-4903-a700-fd573b5ee6f3,Compute savings plan_1Year
EA-9876543210,data-eng-prod-sub,data-eng-prod-sub,owner_0002@company.com,a1b2c3d4-0002-0002-0002-000000000002,data-eng-prod-sub,rg-ml-prod,westeurope,2026-04-03,Unused Reservation - vm-standard-d8s-v3-06,Virtual Machines,Unused Capacity,183b4fd0-1a47-59f4-a083-ce4e535b2f5d,Unused,0.0,1 Hour,3.405985,0.0,0.0,0.672,SavingsPlan,USD,Microsoft.Compute,,vm-standard-d8s-v3-06,"{""team"": ""ml"", ""environment"": ""prod"", ""costcenter"": ""CC500"", ""application"": ""ml-app""}",{},Compute,UnusedSavingsPlan,Azure,/providers/Microsoft.BillingBenefits/savingsPlanOrders/14378d2e-1f8c-4d3d-bee2-0f60f66006d1,Compute savings plan_1Year
EA-9876543210,app-prod-sub,app-prod-sub,owner_0003@company.com,a1b2c3d4-0003-0003-0003-000000000003,app-prod-sub,rg-app-prod,southeastasia,2026-04-03,Virtual Machines Standard_B2s - southeastasia,Virtual Machines,Standard_B2s Series,78a50003-6630-5ba4-aad2-c10f0de71d3b,B2s,24.0,1 Hour,2.013692,0.084,0.083904,0.084,OnDemand,USD,Microsoft.Compute,/subscriptions/a1b2c3d4-0003-0003-0003-000000000003/resourceGroups/rg-app-prod/providers/Microsoft.Compute/virtualMachines/vm-standard-b2s-07,vm-standard-b2s-07,"{""team"": ""frontend"", ""environment"": ""prod"", ""costcenter"": ""CC300"", ""application"": ""frontend-app""}","{""ServiceType"": ""Standard"", ""VMName"": ""vm-standard-b2s-07"", ""vCPUs"": 2}",Compute,Usage,Azure,,
EA-9876543210,app-prod-sub,app-prod-sub,owner_0003@company.com,a1b2c3d4-0003-0003-0003-000000000003,app-prod-sub,rg-app-staging,southeastasia,2026-04-03,Virtual Machines Standard_B2s - southeastasia,Virtual Machines,Standard_B2s Series,78a50003-6630-5ba4-aad2-c10f0de71d3b,B2s,24.0,1 Hour,2.009535,0.084,0.083731,0.084,OnDemand,USD,Microsoft.Compute,/subscriptions/a1b2c3d4-0003-0003-0003-000000000003/resourceGroups/rg-app-staging/providers/Microsoft.Compute/virtualMachines/vm-standard-b2s-08,vm-standard-b2s-08,"{""team"": ""frontend"", ""environment"": ""staging"", ""costcenter"": ""CC300"", ""application"": ""frontend-app""}","{""ServiceType"": ""Standard"", ""VMName"": ""vm-standard-b2s-08"", ""vCPUs"": 2}",Compute,Usage,Azure,,
EA-9876543210,app-prod-sub,app-prod-sub,owner_0003@company.com,a1b2c3d4-0003-0003-0003-000000000003,app-prod-sub,rg-app-staging,eastus,2026-04-03,Virtual Machines Standard_D2s_v3 - eastus,Virtual Machines,Standard_D2s_v3 Series,bbc4f1e6-b32a-5f02-86f0-702bf6097b8b,D2s v3,24.0,1 Hour,4.061194,0.168,0.169216,0.168,OnDemand,USD,Microsoft.Compute,/subscriptions/a1b2c3d4-0003-0003-0003-000000000003/resourceGroups/rg-app-staging/providers/Microsoft.Compute/virtualMachines/vm-standard-d2s-v3-09,vm-standard-d2s-v3-09,{},"{""ServiceType"": ""Standard"", ""VMName"": ""vm-standard-d2s-v3-09"", ""vCPUs"": 2}",Compute,Usage,Azure,,
EA-9876543210,platform-prod-sub,platform-prod-sub,owner_0001@company.com,a1b2c3d4-0001-0001-0001-000000000001,platform-prod-sub,rg-platform-dev,eastus,2026-04-03,Virtual Machines Standard_B2s - eastus,Virtual Machines,Standard_B2s Series,7190101e-d2ab-5a56-ad8e-83f7122f17e8,B2s,24.0,1 Hour,2.027639,0.084,0.084485,0.084,OnDemand,USD,Microsoft.Compute,/subscriptions/a1b2c3d4-0001-0001-0001-000000000001/resourceGroups/rg-platform-dev/providers/Microsoft.Compute/virtualMachines/vm-standard-b2s-10,vm-standard-b2s-10,{},"{""ServiceType"": ""Standard"", ""VMName"": ""vm-standard-b2s-10"", ""vCPUs"": 2}",Compute,Usage,Azure,,
EA-9876543210,app-prod-sub,app-prod-sub,owner_0003@company.com,a1b2c3d4-0003-0003-0003-000000000003,app-prod-sub,rg-app-dev,eastus,2026-04-03,Virtual Machines Standard_B2s - eastus,Virtual Machines,Standard_B2s Series,7190101e-d2ab-5a56-ad8e-83f7122f17e8,B2s,24.0,1 Hour,1.366029,0.084,0.056918,0.084,SavingsPlan,USD,Microsoft.Compute,/subscriptions/a1b2c3d4-0003-0003-0003-000000000003/resourceGroups/rg-app-dev/providers/Microsoft.Compute/virtualMachines/vm-standard-b2s-11,vm-standard-b2s-11,{},"{""ServiceType"": ""Standard"", ""VMName"": ""vm-standard-b2s-11"", ""vCPUs"": 2}",Compute,Usage,Azure,/providers/Microsoft.BillingBenefits/savingsPlanOrders/6f130d98-676a-4639-a1eb-611f0b2c62dd,Compute savings plan_1Year
EA-9876543210,app-prod-sub,app-prod-sub,owner_0003@company.com,a1b2c3d4-0003-0003-0003-000000000003,app-prod-sub,rg-app-dev,eastus,2026-04-03,Unused Reservation - vm-standard-b2s-11,Virtual Machines,Unused Capacity,79b57dce-eb08-5954-ae6c-22e25060f614,Unused,0.0,1 Hour,0.372834,0.0,0.0,0.084,SavingsPlan,USD,Microsoft.Compute,,vm-standard-b2s-11,{},{},Compute,UnusedSavingsPlan,Azure,/providers/Microsoft.BillingBenefits/savingsPlanOrders/431a22ab-b471-47b3-8734-9bd70046ae14,Compute savings plan_1Year
EA-9876543210,platform-prod-sub,platform-prod-sub,owner_0001@company.com,a1b2c3d4-0001-0001-0001-000000000001,platform-prod-sub,rg-platform-prod,eastus,2026-04-03,Blob Storage - LRS - Hot - eastus,Storage,Blobs - LRS - Hot,fb8faed0-f377-5fb0-92b7-78035153a7fa,Data Stored,850.0606,1 GB/Month,0.50955,0.018,0.018,0.018,OnDemand,USD,Microsoft.Storage,/subscriptions/a1b2c3d4-0001-0001-0001-000000000001/resourceGroups/rg-platform-prod/providers/Microsoft.Storage/storageAccounts/stplatformassets,stplatformassets,"{""team"": ""platform"", ""environment"": ""prod"", ""costcenter"": ""CC100"", ""application"": ""platform-app""}","{""AccountType"": ""LRS""}",Storage,Usage,Azure,,
EA-9876543210,data-eng-prod-sub,data-eng-prod-sub,owner_0002@company.com,a1b2c3d4-0002-0002-0002-000000000002,data-eng-prod-sub,rg-data-prod,westeurope,2026-04-03,Blob Storage - ZRS - Hot - westeurope,Storage,Blobs - ZRS - Hot,9dd9b051-b91d-533a-9f70-e4838eb241bb,Data Stored,3198.4854,1 GB/Month,2.456289,0.023,0.023,0.023,OnDemand,USD,Microsoft.Storage,/subscriptions/a1b2c3d4-0002-0002-0002-000000000002/resourceGroups/rg-data-prod/providers/Microsoft.Storage/storageAccounts/stdatalake,stdatalake,"{""team"": ""data-eng"", ""environment"": ""prod"", ""costcenter"": ""CC200"", ""application"": ""data-eng-app""}","{""AccountType"": ""ZRS""}",Storage,Usage,Azure,,
EA-9876543210,app-prod-sub,app-prod-sub,owner_0003@company.com,a1b2c3d4-0003-0003-0003-000000000003,app-prod-sub,rg-app-prod,southeastasia,2026-04-03,Blob Storage - LRS - Hot - southeastasia,Storage,Blobs - LRS - Hot,3ae72a36-b458-5b93-9e16-84484844594d,Data Stored,399.9191,1 GB/Month,0.239694,0.018,0.018,0.018,OnDemand,USD,Microsoft.Storage,/subscriptions/a1b2c3d4-0003-0003-0003-000000000003/resourceGroups/rg-app-prod/providers/Microsoft.Storage/storageAccounts/stappassets,stappassets,{},"{""AccountType"": ""LRS""}",Storage,Usage,Azure,,
EA-9876543210,data-eng-prod-sub,data-eng-prod-sub,owner_0002@company.com,a1b2c3d4-0002-0002-0002-000000000002,data-eng-prod-sub,rg-ml-prod,westeurope,2026-04-03,Blob Storage - LRS - Hot - westeurope,Storage,Blobs - LRS - Hot,4ba045d2-b571-568f-be23-884194c5daba,Data Stored,1099.6524,1 GB/Month,0.660985,0.018,0.018,0.018,OnDemand,USD,Microsoft.Storage,/subscriptions/a1b2c3d4-0002-0002-0002-000000000002/resourceGroups/rg-ml-prod/providers/Microsoft.Storage/storageAccounts/stmlmodels,stmlmodels,"{""team"": ""ml"", ""environment"": ""prod"", ""costcenter"": ""CC500"", ""application"": ""ml-app""}","{""AccountType"": ""LRS""}",Storage,Usage,Azure,,
EA-9876543210,platform-prod-sub,platform-prod-sub,owner_0001@company.com,a1b2c3d4-0001-0001-0001-000000000001,platform-prod-sub,rg-platform-prod,eastus,2026-04-03,Azure SQL Database Standard_S2 - eastus,SQL Database,Standard_S2,cd1e0b9a-8ff0-5779-9281-87ab698e2916,vCore Hours,24.0,1 Hour,7.448117,0.31,0.31,0.31,OnDemand,USD,Microsoft.Sql,/subscriptions/a1b2c3d4-0001-0001-0001-000000000001/resourceGroups/rg-platform-prod/providers/Microsoft.Sql/servers/databases/sqldb-standard-0001,sqldb-standard-0001,{},{},Databases,Usage,Azure,,
EA-9876543210,data-eng-prod-sub,data-eng-prod-sub,owner_0002@company.com,a1b2c3d4-0002-0002-0002-000000000002,data-eng-prod-sub,rg-data-prod,westeurope,2026-04-03,Azure SQL Database Business Critical_BC_Gen5_4 - westeurope,SQL Database,Business Critical_BC_Gen5_4,4bab5ab0-7291-58c2-8564-3252f5053179,vCore Hours,24.0,1 Hour,52.460481,2.2,2.2,2.2,OnDemand,USD,Microsoft.Sql,/subscriptions/a1b2c3d4-0002-0002-0002-000000000002/resourceGroups/rg-data-prod/providers/Microsoft.Sql/servers/databases/sqldb-business critical-0002,sqldb-business critical-0002,{},{},Databases,Usage,Azure,,
EA-9876543210,app-prod-sub,app-prod-sub,owner_0003@company.com,a1b2c3d4-0003-0003-0003-000000000003,app-prod-sub,rg-app-prod,eastus,2026-04-03,Azure SQL Database General Purpose_GP_Gen5_2 - eastus,SQL Database,General Purpose_GP_Gen5_2,69e0198c-4ca3-5ac2-8540-db65f6d44c56,vCore Hours,24.0,1 Hour,14.346395,0.6,0.6,0.6,OnDemand,USD,Microsoft.Sql,/subscriptions/a1b2c3d4-0003-0003-0003-000000000003/resourceGroups/rg-app-prod/providers/Microsoft.Sql/servers/databases/sqldb-general purpose-0003,sqldb-general purpose-0003,{},{},Databases,Usage,Azure,,
EA-9876543210,shared-infra-sub,shared-infra-sub,owner_infra@company.com,a1b2c3d4-9999-9999-9999-000000000099,shared-infra-sub,rg-shared-infra,eastus,2026-04-03,Azure Monitor,Monitor,Data Ingested,aadff281-e00d-588e-bd69-a4630325bd50,Data Ingested,1000.0,1 Unit,44.74671,0.045,0.045,0.045,OnDemand,USD,Microsoft.SharedInfra,/subscriptions/a1b2c3d4-9999-9999-9999-000000000099/resourceGroups/rg-shared-infra/providers/Microsoft.SharedInfra/Monitor/monitor,monitor,{},{},Management,Usage,Azure,,
EA-9876543210,shared-infra-sub,shared-infra-sub,owner_infra@company.com,a1b2c3d4-9999-9999-9999-000000000099,shared-infra-sub,rg-shared-infra,eastus,2026-04-03,Virtual Network,Networking,Intra-Region,cc2ca1a8-2d13-5873-b301-4b8ed16ed2c0,Intra-Region,622.22,1 Unit,28.041279,0.045,0.045,0.045,OnDemand,USD,Microsoft.SharedInfra,/subscriptions/a1b2c3d4-9999-9999-9999-000000000099/resourceGroups/rg-shared-infra/providers/Microsoft.SharedInfra/Networking/networking,networking,{},{},Networking,Usage,Azure,,
EA-9876543210,shared-infra-sub,shared-infra-sub,owner_infra@company.com,a1b2c3d4-9999-9999-9999-000000000099,shared-infra-sub,rg-shared-infra,eastus,2026-04-03,API Management,API Management,Gateway Units,78998862-331b-5215-a4b4-8d4500189f89,Gateway Units,2666.67,1 Unit,119.238683,0.045,0.045,0.045,OnDemand,USD,Microsoft.SharedInfra,/subscriptions/a1b2c3d4-9999-9999-9999-000000000099/resourceGroups/rg-shared-infra/providers/Microsoft.SharedInfra/API Management/api-management,api-management,{},{},Integration,Usage,Azure,,
EA-9876543210,shared-infra-sub,shared-infra-sub,owner_infra@company.com,a1b2c3d4-9999-9999-9999-000000000099,shared-infra-sub,rg-shared-infra,eastus,2026-04-03,Azure Key Vault,Key Vault,Operations,3cb0172e-6732-5350-b439-97753364a78c,Operations,177.78,1 Unit,8.039385,0.045,0.045,0.045,OnDemand,USD,Microsoft.SharedInfra,/subscriptions/a1b2c3d4-9999-9999-9999-000000000099/resourceGroups/rg-shared-infra/providers/Microsoft.SharedInfra/Key Vault/key-vault,key-vault,{},{},Security,Usage,Azure,,
EA-9876543210,shared-infra-sub,shared-infra-sub,owner_infra@company.com,a1b2c3d4-9999-9999-9999-000000000099,shared-infra-sub,rg-shared-infra,eastus,2026-04-03,Azure Blob Storage,Storage,Data Stored,2e8ee991-b3b7-5136-98e5-4772405cdb0c,Data Stored,400.0,1 Unit,18.154892,0.045,0.045,0.045,OnDemand,USD,Microsoft.SharedInfra,/subscriptions/a1b2c3d4-9999-9999-9999-000000000099/resourceGroups/rg-shared-infra/providers/Microsoft.SharedInfra/Storage/storage,storage,{},{},Storage,Usage,Azure,,
EA-9876543210,platform-prod-sub,platform-prod-sub,owner_0001@company.com,a1b2c3d4-0001-0001-0001-000000000001,platform-prod-sub,rg-platform-prod,eastus,2026-04-04,Virtual Machines Standard_D2s_v3 - eastus,Virtual Machines,Standard_D2s_v3 Series,bbc4f1e6-b32a-5f02-86f0-702bf6097b8b,D2s v3,24.0,1 Hour,4.011199,0.168,0.167133,0.168,OnDemand,USD,Microsoft.Compute,/subscriptions/a1b2c3d4-0001-0001-0001-000000000001/resourceGroups/rg-platform-prod/providers/Microsoft.Compute/virtualMachines/vm-standard-d2s-v3-00,vm-standard-d2s-v3-00,{},"{""ServiceType"": ""Standard"", ""VMName"": ""vm-standard-d2s-v3-00"", ""vCPUs"": 2}",Compute,Usage,Azure,,
EA-9876543210,platform-prod-sub,platform-prod-sub,owner_0001@company.com,a1b2c3d4-0001-0001-0001-000000000001,platform-prod-sub,rg-platform-prod,eastus,2026-04-04,Virtual Machines Standard_D2s_v3 - eastus,Virtual Machines,Standard_D2s_v3 Series,bbc4f1e6-b32a-5f02-86f0-702bf6097b8b,D2s v3,24.0,1 Hour,4.059122,0.168,0.16913,0.168,OnDemand,USD,Microsoft.Compute,/subscriptions/a1b2c3d4-0001-0001-0001-000000000001/resourceGroups/rg-platform-prod/providers/Microsoft.Compute/virtualMachines/vm-standard-d2s-v3-01,vm-standard-d2s-v3-01,"{""team"": ""platform"", ""environment"": ""prod"", ""costcenter"": ""CC100"", ""application"": ""platform-app""}","{""ServiceType"": ""Standard"", ""VMName"": ""vm-standard-d2s-v3-01"", ""vCPUs"": 2}",Compute,Usage,Azure,,
EA-9876543210,app-prod-sub,app-prod-sub,owner_0003@company.com,a1b2c3d4-0003-0003-0003-000000000003,app-prod-sub,rg-app-prod,eastus,2026-04-04,Virtual Machines Standard_D4s_v3 - eastus,Virtual Machines,Standard_D4s_v3 Series,6c8e1236-a3aa-53d7-8e09-dadb98f69027,D4s v3,24.0,1 Hour,7.996018,0.336,0.333167,0.336,OnDemand,USD,Microsoft.Compute,/subscriptions/a1b2c3d4-0003-0003-0003-000000000003/resourceGroups/rg-app-prod/providers/Microsoft.Compute/virtualMachines/vm-standard-d4s-v3-02,vm-standard-d4s-v3-02,{},"{""ServiceType"": ""Standard"", ""VMName"": ""vm-standard-d4s-v3-02"", ""vCPUs"": 4}",Compute,Usage,Azure,,
EA-9876543210,data-eng-prod-sub,data-eng-prod-sub,owner_0002@company.com,a1b2c3d4-0002-0002-0002-000000000002,data-eng-prod-sub,rg-data-prod,westeurope,2026-04-04,Virtual Machines Standard_E4s_v3 - westeurope,Virtual Machines,Standard_E4s_v3 Series,7373fa15-5d45-5d30-a83f-72064e156f94,E4s v3,24.0,1 Hour,5.547738,0.364,0.231156,0.364,Reservation,USD,Microsoft.Compute,/subscriptions/a1b2c3d4-0002-0002-0002-000000000002/resourceGroups/rg-data-prod/providers/Microsoft.Compute/virtualMachines/vm-standard-e4s-v3-03,vm-standard-e4s-v3-03,"{""team"": ""data-eng"", ""environment"": ""prod"", ""costcenter"": ""CC200"", ""application"": ""data-eng-app""}","{""ServiceType"": ""Standard"", ""VMName"": ""vm-standard-e4s-v3-03"", ""vCPUs"": 4}",Compute,Usage,Azure,/providers/Microsoft.BillingBenefits/savingsPlanOrders/acb7ab13-1678-4151-984e-66f853ee3a41,Reserved VM Instance_westeurope_1Year
EA-9876543210,data-eng-prod-sub,data-eng-prod-sub,owner_0002@company.com,a1b2c3d4-0002-0002-0002-000000000002,data-eng-prod-sub,rg-data-prod,westeurope,2026-04-04,Virtual Machines Standard_E8s_v3 - westeurope,Virtual Machines,Standard_E8s_v3 Series,2b9593f7-8692-56d9-b10a-a624f400da47,E8s v3,24.0,1 Hour,17.407499,0.728,0.725312,0.728,OnDemand,USD,Microsoft.Compute,/subscriptions/a1b2c3d4-0002-0002-0002-000000000002/resourceGroups/rg-data-prod/providers/Microsoft.Compute/virtualMachines/vm-standard-e8s-v3-04,vm-standard-e8s-v3-04,{},"{""ServiceType"": ""Standard"", ""VMName"": ""vm-standard-e8s-v3-04"", ""vCPUs"": 8}",Compute,Usage,Azure,,
EA-9876543210,data-eng-prod-sub,data-eng-prod-sub,owner_0002@company.com,a1b2c3d4-0002-0002-0002-000000000002,data-eng-prod-sub,rg-ml-prod,westeurope,2026-04-04,Virtual Machines Standard_F4s_v2 - westeurope,Virtual Machines,Standard_F4s_v2 Series,303bf71a-6d52-56d9-8e75-95552aa01c86,F4s v2,24.0,1 Hour,3.403422,0.252,0.141809,0.252,Reservation,USD,Microsoft.Compute,/subscriptions/a1b2c3d4-0002-0002-0002-000000000002/resourceGroups/rg-ml-prod/providers/Microsoft.Compute/virtualMachines/vm-standard-f4s-v2-05,vm-standard-f4s-v2-05,{},"{""ServiceType"": ""Standard"", ""VMName"": ""vm-standard-f4s-v2-05"", ""vCPUs"": 4}",Compute,Usage,Azure,/providers/Microsoft.BillingBenefits/savingsPlanOrders/f685f868-1f42-4bf5-af13-c4161a763330,Reserved VM Instance_westeurope_1Year
EA-9876543210,data-eng-prod-sub,data-eng-prod-sub,owner_0002@company.com,a1b2c3d4-0002-0002-0002-000000000002,data-eng-prod-sub,rg-ml-prod,westeurope,2026-04-04,Virtual Machines Standard_D8s_v3 - westeurope,Virtual Machines,Standard_D8s_v3 Series,348575ff-7ae0-57e5-896e-037d67179117,D8s v3,24.0,1 Hour,11.618213,0.672,0.484092,0.672,SavingsPlan,USD,Microsoft.Compute,/subscriptions/a1b2c3d4-0002-0002-0002-000000000002/resourceGroups/rg-ml-prod/providers/Microsoft.Compute/virtualMachines/vm-standard-d8s-v3-06,vm-standard-d8s-v3-06,{},"{""ServiceType"": ""Standard"", ""VMName"": ""vm-standard-d8s-v3-06"", ""vCPUs"": 8}",Compute,Usage,Azure,/providers/Microsoft.BillingBenefits/savingsPlanOrders/a9cd5d62-fb54-4775-a8e3-fc6a7590d887,Compute savings plan_1Year
EA-9876543210,data-eng-prod-sub,data-eng-prod-sub,owner_0002@company.com,a1b2c3d4-0002-0002-0002-000000000002,data-eng-prod-sub,rg-ml-prod,westeurope,2026-04-04,Unused Reservation - vm-standard-d8s-v3-06,Virtual Machines,Unused Capacity,19af8c80-4664-5032-a0e6-797d4876f9c4,Unused,0.0,1 Hour,1.53491,0.0,0.0,0.672,SavingsPlan,USD,Microsoft.Compute,,vm-standard-d8s-v3-06,"{""team"": ""ml"", ""environment"": ""prod"", ""costcenter"": ""CC500"", ""application"": ""ml-app""}",{},Compute,UnusedSavingsPlan,Azure,/providers/Microsoft.BillingBenefits/savingsPlanOrders/3685894b-180c-4100-b649-0137da6ea118,Compute savings plan_1Year
EA-9876543210,app-prod-sub,app-prod-sub,owner_0003@company.com,a1b2c3d4-0003-0003-0003-000000000003,app-prod-sub,rg-app-prod,southeastasia,2026-04-04,Virtual Machines Standard_B2s - southeastasia,Virtual Machines,Standard_B2s Series,78a50003-6630-5ba4-aad2-c10f0de71d3b,B2s,24.0,1 Hour,2.012902,0.084,0.083871,0.084,OnDemand,USD,Microsoft.Compute,/subscriptions/a1b2c3d4-0003-0003-0003-000000000003/resourceGroups/rg-app-prod/providers/Microsoft.Compute/virtualMachines/vm-standard-b2s-07,vm-standard-b2s-07,"{""team"": ""frontend"", ""environment"": ""prod"", ""costcenter"": ""CC300"", ""application"": ""frontend-app""}","{""ServiceType"": ""Standard"", ""VMName"": ""vm-standard-b2s-07"", ""vCPUs"": 2}",Compute,Usage,Azure,,
EA-9876543210,app-prod-sub,app-prod-sub,owner_0003@company.com,a1b2c3d4-0003-0003-0003-000000000003,app-prod-sub,rg-app-staging,southeastasia,2026-04-04,Virtual Machines Standard_B2s - southeastasia,Virtual Machines,Standard_B2s Series,78a50003-6630-5ba4-aad2-c10f0de71d3b,B2s,24.0,1 Hour,2.030531,0.084,0.084605,0.084,OnDemand,USD,Microsoft.Compute,/subscriptions/a1b2c3d4-0003-0003-0003-000000000003/resourceGroups/rg-app-staging/providers/Microsoft.Compute/virtualMachines/vm-standard-b2s-08,vm-standard-b2s-08,"{""team"": ""frontend"", ""environment"": ""staging"", ""costcenter"": ""CC300"", ""application"": ""frontend-app""}","{""ServiceType"": ""Standard"", ""VMName"": ""vm-standard-b2s-08"", ""vCPUs"": 2}",Compute,Usage,Azure,,
EA-9876543210,app-prod-sub,app-prod-sub,owner_0003@company.com,a1b2c3d4-0003-0003-0003-000000000003,app-prod-sub,rg-app-staging,eastus,2026-04-04,Virtual Machines Standard_D2s_v3 - eastus,Virtual Machines,Standard_D2s_v3 Series,bbc4f1e6-b32a-5f02-86f0-702bf6097b8b,D2s v3,24.0,1 Hour,4.033468,0.168,0.168061,0.168,OnDemand,USD,Microsoft.Compute,/subscriptions/a1b2c3d4-0003-0003-0003-000000000003/resourceGroups/rg-app-staging/providers/Microsoft.Compute/virtualMachines/vm-standard-d2s-v3-09,vm-standard-d2s-v3-09,"{""team"": ""backend"", ""environment"": ""staging"", ""costcenter"": ""CC400"", ""application"": ""backend-app""}","{""ServiceType"": ""Standard"", ""VMName"": ""vm-standard-d2s-v3-09"", ""vCPUs"": 2}",Compute,Usage,Azure,,
EA-9876543210,platform-prod-sub,platform-prod-sub,owner_0001@company.com,a1b2c3d4-0001-0001-0001-000000000001,platform-prod-sub,rg-platform-dev,eastus,2026-04-04,Virtual Machines Standard_B2s - eastus,Virtual Machines,Standard_B2s Series,7190101e-d2ab-5a56-ad8e-83f7122f17e8,B2s,24.0,1 Hour,2.011139,0.084,0.083797,0.084,OnDemand,USD,Microsoft.Compute,/subscriptions/a1b2c3d4-0001-0001-0001-000000000001/resourceGroups/rg-platform-dev/providers/Microsoft.Compute/virtualMachines/vm-standard-b2s-10,vm-standard-b2s-10,"{""team"": ""platform"", ""environment"": ""dev"", ""costcenter"": ""CC100"", ""application"": ""platform-app""}","{""ServiceType"": ""Standard"", ""VMName"": ""vm-standard-b2s-10"", ""vCPUs"": 2}",Compute,Usage,Azure,,
EA-9876543210,app-prod-sub,app-prod-sub,owner_0003@company.com,a1b2c3d4-0003-0003-0003-000000000003,app-prod-sub,rg-app-dev,eastus,2026-04-04,Virtual Machines Standard_B2s - eastus,Virtual Machines,Standard_B2s Series,7190101e-d2ab-5a56-ad8e-83f7122f17e8,B2s,24.0,1 Hour,1.335258,0.084,0.055636,0.084,SavingsPlan,USD,Microsoft.Compute,/subscriptions/a1b2c3d4-0003-0003-0003-000000000003/resourceGroups/rg-app-dev/providers/Microsoft.Compute/virtualMachines/vm-standard-b2s-11,vm-standard-b2s-11,{},"{""ServiceType"": ""Standard"", ""VMName"": ""vm-standard-b2s-11"", ""vCPUs"": 2}",Compute,Usage,Azure,/providers/Microsoft.BillingBenefits/savingsPlanOrders/de6741ed-a7c7-41f0-80bb-e0be648371b6,Compute savings plan_1Year
EA-9876543210,app-prod-sub,app-prod-sub,owner_0003@company.com,a1b2c3d4-0003-0003-0003-000000000003,app-prod-sub,rg-app-dev,eastus,2026-04-04,Unused Reservation - vm-standard-b2s-11,Virtual Machines,Unused Capacity,7987a97a-abb0-5c65-8785-72a9103811d2,Unused,0.0,1 Hour,0.36009,0.0,0.0,0.084,SavingsPlan,USD,Microsoft.Compute,,vm-standard-b2s-11,{},{},Compute,UnusedSavingsPlan,Azure,/providers/Microsoft.BillingBenefits/savingsPlanOrders/67d45404-80a8-4114-bb17-71b2ce9cf459,Compute savings plan_1Year
EA-9876543210,platform-prod-sub,platform-prod-sub,owner_0001@company.com,a1b2c3d4-0001-0001-0001-000000000001,platform-prod-sub,rg-platform-prod,eastus,2026-04-04,Blob Storage - LRS - Hot - eastus,Storage,Blobs - LRS - Hot,fb8faed0-f377-5fb0-92b7-78035153a7fa,Data Stored,849.608,1 GB/Month,0.509274,0.018,0.018,0.018,OnDemand,USD,Microsoft.Storage,/subscriptions/a1b2c3d4-0001-0001-0001-000000000001/resourceGroups/rg-platform-prod/providers/Microsoft.Storage/storageAccounts/stplatformassets,stplatformassets,"{""team"": ""platform"", ""environment"": ""prod"", ""costcenter"": ""CC100"", ""application"": ""platform-app""}","{""AccountType"": ""LRS""}",Storage,Usage,Azure,,
EA-9876543210,data-eng-prod-sub,data-eng-prod-sub,owner_0002@company.com,a1b2c3d4-0002-0002-0002-000000000002,data-eng-prod-sub,rg-data-prod,westeurope,2026-04-04,Blob Storage - ZRS - Hot - westeurope,Storage,Blobs - ZRS - Hot,9dd9b051-b91d-533a-9f70-e4838eb241bb,Data Stored,3198.9958,1 GB/Month,2.460083,0.023,0.023,0.023,OnDemand,USD,Microsoft.Storage,/subscriptions/a1b2c3d4-0002-0002-0002-000000000002/resourceGroups/rg-data-prod/providers/Microsoft.Storage/storageAccounts/stdatalake,stdatalake,{},"{""AccountType"": ""ZRS""}",Storage,Usage,Azure,,
EA-9876543210,app-prod-sub,app-prod-sub,owner_0003@company.com,a1b2c3d4-0003-0003-0003-000000000003,app-prod-sub,rg-app-prod,southeastasia,2026-04-04,Blob Storage - LRS - Hot - southeastasia,Storage,Blobs - LRS - Hot,3ae72a36-b458-5b93-9e16-84484844594d,Data Stored,399.9392,1 GB/Month,0.239545,0.018,0.018,0.018,OnDemand,USD,Microsoft.Storage,/subscriptions/a1b2c3d4-0003-0003-0003-000000000003/resourceGroups/rg-app-prod/providers/Microsoft.Storage/storageAccounts/stappassets,stappassets,"{""team"": ""frontend"", ""environment"": ""prod"", ""costcenter"": ""CC300"", ""application"": ""frontend-app""}","{""AccountType"": ""LRS""}",Storage,Usage,Azure,,
EA-9876543210,data-eng-prod-sub,data-eng-prod-sub,owner_0002@company.com,a1b2c3d4-0002-0002-0002-000000000002,data-eng-prod-sub,rg-ml-prod,westeurope,2026-04-04,Blob Storage - LRS - Hot - westeurope,Storage,Blobs - LRS - Hot,4ba045d2-b571-568f-be23-884194c5daba,Data Stored,1100.5548,1 GB/Month,0.65968,0.018,0.018,0.018,OnDemand,USD,Microsoft.Storage,/subscriptions/a1b2c3d4-0002-0002-0002-000000000002/resourceGroups/rg-ml-prod/providers/Microsoft.Storage/storageAccounts/stmlmodels,stmlmodels,"{""team"": ""ml"", ""environment"": ""prod"", ""costcenter"": ""CC500"", ""application"": ""ml-app""}","{""AccountType"": ""LRS""}",Storage,Usage,Azure,,
EA-9876543210,platform-prod-sub,platform-prod-sub,owner_0001@company.com,a1b2c3d4-0001-0001-0001-000000000001,platform-prod-sub,rg-platform-prod,eastus,2026-04-04,Azure SQL Database Standard_S2 - eastus,SQL Database,Standard_S2,cd1e0b9a-8ff0-5779-9281-87ab698e2916,vCore Hours,24.0,1 Hour,7.419924,0.31,0.31,0.31,OnDemand,USD,Microsoft.Sql,/subscriptions/a1b2c3d4-0001-0001-0001-000000000001/resourceGroups/rg-platform-prod/providers/Microsoft.Sql/servers/databases/sqldb-standard-0001,sqldb-standard-0001,"{""team"": ""platform"", ""environment"": ""prod"", ""costcenter"": ""CC100"", ""application"": ""platform-app""}",{},Databases,Usage,Azure,,
EA-9876543210,data-eng-prod-sub,data-eng-prod-sub,owner_0002@company.com,a1b2c3d4-0002-0002-0002-000000000002,data-eng-prod-sub,rg-data-prod,westeurope,2026-04-04,Azure SQL Database Business Critical_BC_Gen5_4 - westeurope,SQL Database,Business Critical_BC_Gen5_4,4bab5ab0-7291-58c2-8564-3252f5053179,vCore Hours,24.0,1 Hour,52.695026,2.2,2.2,2.2,OnDemand,USD,Microsoft.Sql,/subscriptions/a1b2c3d4-0002-0002-0002-000000000002/resourceGroups/rg-data-prod/providers/Microsoft.Sql/servers/databases/sqldb-business critical-0002,sqldb-business critical-0002,"{""team"": ""data-eng"", ""environment"": ""prod"", ""costcenter"": ""CC200"", ""application"": ""data-eng-app""}",{},Databases,Usage,Azure,,
EA-9876543210,app-prod-sub,app-prod-sub,owner_0003@company.com,a1b2c3d4-0003-0003-0003-000000000003,app-prod-sub,rg-app-prod,eastus,2026-04-04,Azure SQL Database General Purpose_GP_Gen5_2 - eastus,SQL Database,General Purpose_GP_Gen5_2,69e0198c-4ca3-5ac2-8540-db65f6d44c56,vCore Hours,24.0,1 Hour,14.38581,0.6,0.6,0.6,OnDemand,USD,Microsoft.Sql,/subscriptions/a1b2c3d4-0003-0003-0003-000000000003/resourceGroups/rg-app-prod/providers/Microsoft.Sql/servers/databases/sqldb-general purpose-0003,sqldb-general purpose-0003,"{""team"": ""backend"", ""environment"": ""prod"", ""costcenter"": ""CC400"", ""application"": ""backend-app""}",{},Databases,Usage,Azure,,
EA-9876543210,shared-infra-sub,shared-infra-sub,owner_infra@company.com,a1b2c3d4-9999-9999-9999-000000000099,shared-infra-sub,rg-shared-infra,eastus,2026-04-04,Azure Monitor,Monitor,Data Ingested,aadff281-e00d-588e-bd69-a4630325bd50,Data Ingested,1000.0,1 Unit,45.064269,0.045,0.045,0.045,OnDemand,USD,Microsoft.SharedInfra,/subscriptions/a1b2c3d4-9999-9999-9999-000000000099/resourceGroups/rg-shared-infra/providers/Microsoft.SharedInfra/Monitor/monitor,monitor,{},{},Management,Usage,Azure,,
EA-9876543210,shared-infra-sub,shared-infra-sub,owner_infra@company.com,a1b2c3d4-9999-9999-9999-000000000099,shared-infra-sub,rg-shared-infra,eastus,2026-04-04,Virtual Network,Networking,Intra-Region,cc2ca1a8-2d13-5873-b301-4b8ed16ed2c0,Intra-Region,622.22,1 Unit,28.268393,0.045,0.045,0.045,OnDemand,USD,Microsoft.SharedInfra,/subscriptions/a1b2c3d4-9999-9999-9999-000000000099/resourceGroups/rg-shared-infra/providers/Microsoft.SharedInfra/Networking/networking,networking,{},{},Networking,Usage,Azure,,
EA-9876543210,shared-infra-sub,shared-infra-sub,owner_infra@company.com,a1b2c3d4-9999-9999-9999-000000000099,shared-infra-sub,rg-shared-infra,eastus,2026-04-04,API Management,API Management,Gateway Units,78998862-331b-5215-a4b4-8d4500189f89,Gateway Units,2666.67,1 Unit,120.446429,0.045,0.045,0.045,OnDemand,USD,Microsoft.SharedInfra,/subscriptions/a1b2c3d4-9999-9999-9999-000000000099/resourceGroups/rg-shared-infra/providers/Microsoft.SharedInfra/API Management/api-management,api-management,{},{},Integration,Usage,Azure,,
EA-9876543210,shared-infra-sub,shared-infra-sub,owner_infra@company.com,a1b2c3d4-9999-9999-9999-000000000099,shared-infra-sub,rg-shared-infra,eastus,2026-04-04,Azure Key Vault,Key Vault,Operations,3cb0172e-6732-5350-b439-97753364a78c,Operations,177.78,1 Unit,8.050271,0.045,0.045,0.045,OnDemand,USD,Microsoft.SharedInfra,/subscriptions/a1b2c3d4-9999-9999-9999-000000000099/resourceGroups/rg-shared-infra/providers/Microsoft.SharedInfra/Key Vault/key-vault,key-vault,{},{},Security,Usage,Azure,,
EA-9876543210,shared-infra-sub,shared-infra-sub,owner_infra@company.com,a1b2c3d4-9999-9999-9999-000000000099,shared-infra-sub,rg-shared-infra,eastus,2026-04-04,Azure Blob Storage,Storage,Data Stored,2e8ee991-b3b7-5136-98e5-4772405cdb0c,Data Stored,400.0,1 Unit,18.079494,0.045,0.045,0.045,OnDemand,USD,Microsoft.SharedInfra,/subscriptions/a1b2c3d4-9999-9999-9999-000000000099/resourceGroups/rg-shared-infra/providers/Microsoft.SharedInfra/Storage/storage,storage,{},{},Storage,Usage,Azure,,
EA-9876543210,platform-prod-sub,platform-prod-sub,owner_0001@company.com,a1b2c3d4-0001-0001-0001-000000000001,platform-prod-sub,rg-platform-prod,eastus,2026-04-05,Virtual Machines Standard_D2s_v3 - eastus,Virtual Machines,Standard_D2s_v3 Series,bbc4f1e6-b32a-5f02-86f0-702bf6097b8b,D2s v3,24.0,1 Hour,4.007491,0.168,0.166979,0.168,OnDemand,USD,Microsoft.Compute,/subscriptions/a1b2c3d4-0001-0001-0001-000000000001/resourceGroups/rg-platform-prod/providers/Microsoft.Compute/virtualMachines/vm-standard-d2s-v3-00,vm-standard-d2s-v3-00,{},"{""ServiceType"": ""Standard"", ""VMName"": ""vm-standard-d2s-v3-00"", ""vCPUs"": 2}",Compute,Usage,Azure,,
EA-9876543210,platform-prod-sub,platform-prod-sub,owner_0001@company.com,a1b2c3d4-0001-0001-0001-000000000001,platform-prod-sub,rg-platform-prod,eastus,2026-04-05,Virtual Machines Standard_D2s_v3 - eastus,Virtual Machines,Standard_D2s_v3 Series,bbc4f1e6-b32a-5f02-86f0-702bf6097b8b,D2s v3,24.0,1 Hour,3.992466,0.168,0.166353,0.168,OnDemand,USD,Microsoft.Compute,/subscriptions/a1b2c3d4-0001-0001-0001-000000000001/resourceGroups/rg-platform-prod/providers/Microsoft.Compute/virtualMachines/vm-standard-d2s-v3-01,vm-standard-d2s-v3-01,{},"{""ServiceType"": ""Standard"", ""VMName"": ""vm-standard-d2s-v3-01"", ""vCPUs"": 2}",Compute,Usage,Azure,,
EA-9876543210,app-prod-sub,app-prod-sub,owner_0003@company.com,a1b2c3d4-0003-0003-0003-000000000003,app-prod-sub,rg-app-prod,eastus,2026-04-05,Virtual Machines Standard_D4s_v3 - eastus,Virtual Machines,Standard_D4s_v3 Series,6c8e1236-a3aa-53d7-8e09-dadb98f69027,D4s v3,24.0,1 Hour,8.085072,0.336,0.336878,0.336,OnDemand,USD,Microsoft.Compute,/subscriptions/a1b2c3d4-0003-0003-0003-000000000003/resourceGroups/rg-app-prod/providers/Microsoft.Compute/virtualMachines/vm-standard-d4s-v3-02,vm-standard-d4s-v3-02,{},"{""ServiceType"": ""Standard"", ""VMName"": ""vm-standard-d4s-v3-02"", ""vCPUs"": 4}",Compute,Usage,Azure,,
EA-9876543210,data-eng-prod-sub,data-eng-prod-sub,owner_0002@company.com,a1b2c3d4-0002-0002-0002-000000000002,data-eng-prod-sub,rg-data-prod,westeurope,2026-04-05,Virtual Machines Standard_E4s_v3 - westeurope,Virtual Machines,Standard_E4s_v3 Series,7373fa15-5d45-5d30-a83f-72064e156f94,E4s v3,24.0,1 Hour,5.644678,0.364,0.235195,0.364,Reservation,USD,Microsoft.Compute,/subscriptions/a1b2c3d4-0002-0002-0002-000000000002/resourceGroups/rg-data-prod/providers/Microsoft.Compute/virtualMachines/vm-standard-e4s-v3-03,vm-standard-e4s-v3-03,{},"{""ServiceType"": ""Standard"", ""VMName"": ""vm-standard-e4s-v3-03"", ""vCPUs"": 4}",Compute,Usage,Azure,/providers/Microsoft.BillingBenefits/savingsPlanOrders/475cf4ac-24cc-4347-8ab6-f53d2f60ecc4,Reserved VM Instance_westeurope_1Year
EA-9876543210,data-eng-prod-sub,data-eng-prod-sub,owner_0002@company.com,a1b2c3d4-0002-0002-0002-000000000002,data-eng-prod-sub,rg-data-prod,westeurope,2026-04-05,Virtual Machines Standard_E8s_v3 - westeurope,Virtual Machines,Standard_E8s_v3 Series,2b9593f7-8692-56d9-b10a-a624f400da47,E8s v3,24.0,1 Hour,17.354358,0.728,0.723098,0.728,OnDemand,USD,Microsoft.Compute,/subscriptions/a1b2c3d4-0002-0002-0002-000000000002/resourceGroups/rg-data-prod/providers/Microsoft.Compute/virtualMachines/vm-standard-e8s-v3-04,vm-standard-e8s-v3-04,{},"{""ServiceType"": ""Standard"", ""VMName"": ""vm-standard-e8s-v3-04"", ""vCPUs"": 8}",Compute,Usage,Azure,,
EA-9876543210,data-eng-prod-sub,data-eng-prod-sub,owner_0002@company.com,a1b2c3d4-0002-0002-0002-000000000002,data-eng-prod-sub,rg-ml-prod,westeurope,2026-04-05,Virtual Machines Standard_F4s_v2 - westeurope,Virtual Machines,Standard_F4s_v2 Series,303bf71a-6d52-56d9-8e75-95552aa01c86,F4s v2,24.0,1 Hour,3.93827,0.252,0.164095,0.252,Reservation,USD,Microsoft.Compute,/subscriptions/a1b2c3d4-0002-0002-0002-000000000002/resourceGroups/rg-ml-prod/providers/Microsoft.Compute/virtualMachines/vm-standard-f4s-v2-05,vm-standard-f4s-v2-05,{},"{""ServiceType"": ""Standard"", ""VMName"": ""vm-standard-f4s-v2-05"", ""vCPUs"": 4}",Compute,Usage,Azure,/providers/Microsoft.BillingBenefits/savingsPlanOrders/da406eac-c4c4-4bc0-a63c-c90148922029,Reserved VM Instance_westeurope_1Year
EA-9876543210,data-eng-prod-sub,data-eng-prod-sub,owner_0002@company.com,a1b2c3d4-0002-0002-0002-000000000002,data-eng-prod-sub,rg-ml-prod,westeurope,2026-04-05,Virtual Machines Standard_D8s_v3 - westeurope,Virtual Machines,Standard_D8s_v3 Series,348575ff-7ae0-57e5-896e-037d67179117,D8s v3,24.0,1 Hour,12.058413,0.672,0.502434,0.672,SavingsPlan,USD,Microsoft.Compute,/subscriptions/a1b2c3d4-0002-0002-0002-000000000002/resourceGroups/rg-ml-prod/providers/Microsoft.Compute/virtualMachines/vm-standard-d8s-v3-06,vm-standard-d8s-v3-06,"{""team"": ""ml"", ""environment"": ""prod"", ""costcenter"": ""CC500"", ""application"": ""ml-app""}","{""ServiceType"": ""Standard"", ""VMName"": ""vm-standard-d8s-v3-06"", ""vCPUs"": 8}",Compute,Usage,Azure,/providers/Microsoft.BillingBenefits/savingsPlanOrders/bcdecd8b-c388-4297-a000-67622e1be6cc,Compute savings plan_1Year
EA-9876543210,data-eng-prod-sub,data-eng-prod-sub,owner_0002@company.com,a1b2c3d4-0002-0002-0002-000000000002,data-eng-prod-sub,rg-ml-prod,westeurope,2026-04-05,Unused Reservation - vm-standard-d8s-v3-06,Virtual Machines,Unused Capacity,666c018f-6860-5acd-811f-878e12d18137,Unused,0.0,1 Hour,0.826934,0.0,0.0,0.672,SavingsPlan,USD,Microsoft.Compute,,vm-standard-d8s-v3-06,"{""team"": ""ml"", ""environment"": ""prod"", ""costcenter"": ""CC500"", ""application"": ""ml-app""}",{},Compute,UnusedSavingsPlan,Azure,/providers/Microsoft.BillingBenefits/savingsPlanOrders/ee19a883-2a22-4a6d-8258-5243b36dbc7c,Compute savings plan_1Year
EA-9876543210,app-prod-sub,app-prod-sub,owner_0003@company.com,a1b2c3d4-0003-0003-0003-000000000003,app-prod-sub,rg-app-prod,southeastasia,2026-04-05,Virtual Machines Standard_B2s - southeastasia,Virtual Machines,Standard_B2s Series,78a50003-6630-5ba4-aad2-c10f0de71d3b,B2s,24.0,1 Hour,2.009996,0.084,0.08375,0.084,OnDemand,USD,Microsoft.Compute,/subscriptions/a1b2c3d4-0003-0003-0003-000000000003/resourceGroups/rg-app-prod/providers/Microsoft.Compute/virtualMachines/vm-standard-b2s-07,vm-standard-b2s-07,"{""team"": ""frontend"", ""environment"": ""prod"", ""costcenter"": ""CC300"", ""application"": ""frontend-app""}","{""ServiceType"": ""Standard"", ""VMName"": ""vm-standard-b2s-07"", ""vCPUs"": 2}",Compute,Usage,Azure,,
EA-9876543210,app-prod-sub,app-prod-sub,owner_0003@company.com,a1b2c3d4-0003-0003-0003-000000000003,app-prod-sub,rg-app-staging,southeastasia,2026-04-05,Virtual Machines Standard_B2s - southeastasia,Virtual Machines,Standard_B2s Series,78a50003-6630-5ba4-aad2-c10f0de71d3b,B2s,24.0,1 Hour,2.022043,0.084,0.084252,0.084,OnDemand,USD,Microsoft.Compute,/subscriptions/a1b2c3d4-0003-0003-0003-000000000003/resourceGroups/rg-app-staging/providers/Microsoft.Compute/virtualMachines/vm-standard-b2s-08,vm-standard-b2s-08,"{""team"": ""frontend"", ""environment"": ""staging"", ""costcenter"": ""CC300"", ""application"": ""frontend-app""}","{""ServiceType"": ""Standard"", ""VMName"": ""vm-standard-b2s-08"", ""vCPUs"": 2}",Compute,Usage,Azure,,
EA-9876543210,app-prod-sub,app-prod-sub,owner_0003@company.com,a1b2c3d4-0003-0003-0003-000000000003,app-prod-sub,rg-app-staging,eastus,2026-04-05,Virtual Machines Standard_D2s_v3 - eastus,Virtual Machines,Standard_D2s_v3 Series,bbc4f1e6-b32a-5f02-86f0-702bf6097b8b,D2s v3,24.0,1 Hour,4.017895,0.168,0.167412,0.168,OnDemand,USD,Microsoft.Compute,/subscriptions/a1b2c3d4-0003-0003-0003-000000000003/resourceGroups/rg-app-staging/providers/Microsoft.Compute/virtualMachines/vm-standard-d2s-v3-09,vm-standard-d2s-v3-09,"{""team"": ""backend"", ""environment"": ""staging"", ""costcenter"": ""CC400"", ""application"": ""backend-app""}","{""ServiceType"": ""Standard"", ""VMName"": ""vm-standard-d2s-v3-09"", ""vCPUs"": 2}",Compute,Usage,Azure,,
EA-9876543210,platform-prod-sub,platform-prod-sub,owner_0001@company.com,a1b2c3d4-0001-0001-0001-000000000001,platform-prod-sub,rg-platform-dev,eastus,2026-04-05,Virtual Machines Standard_B2s - eastus,Virtual Machines,Standard_B2s Series,7190101e-d2ab-5a56-ad8e-83f7122f17e8,B2s,24.0,1 Hour,1.999001,0.084,0.083292,0.084,OnDemand,USD,Microsoft.Compute,/subscriptions/a1b2c3d4-0001-0001-0001-000000000001/resourceGroups/rg-platform-dev/providers/Microsoft.Compute/virtualMachines/vm-standard-b2s-10,vm-standard-b2s-10,{},"{""ServiceType"": ""Standard"", ""VMName"": ""vm-standard-b2s-10"", ""vCPUs"": 2}",Compute,Usage,Azure,,
EA-9876543210,app-prod-sub,app-prod-sub,owner_0003@company.com,a1b2c3d4-0003-0003-0003-000000000003,app-prod-sub,rg-app-dev,eastus,2026-04-05,Virtual Machines Standard_B2s - eastus,Virtual Machines,Standard_B2s Series,7190101e-d2ab-5a56-ad8e-83f7122f17e8,B2s,24.0,1 Hour,1.343022,0.084,0.055959,0.084,SavingsPlan,USD,Microsoft.Compute,/subscriptions/a1b2c3d4-0003-0003-0003-000000000003/resourceGroups/rg-app-dev/providers/Microsoft.Compute/virtualMachines/vm-standard-b2s-11,vm-standard-b2s-11,{},"{""ServiceType"": ""Standard"", ""VMName"": ""vm-standard-b2s-11"", ""vCPUs"": 2}",Compute,Usage,Azure,/providers/Microsoft.BillingBenefits/savingsPlanOrders/653cb4ee-9bad-41fa-9980-00575356ca6a,Compute savings plan_1Year
EA-9876543210,platform-prod-sub,platform-prod-sub,owner_0001@company.com,a1b2c3d4-0001-0001-0001-000000000001,platform-prod-sub,rg-platform-prod,eastus,2026-04-05,Blob Storage - LRS - Hot - eastus,Storage,Blobs - LRS - Hot,fb8faed0-f377-5fb0-92b7-78035153a7fa,Data Stored,850.7286,1 GB/Month,0.51043,0.018,0.018,0.018,OnDemand,USD,Microsoft.Storage,/subscriptions/a1b2c3d4-0001-0001-0001-000000000001/resourceGroups/rg-platform-prod/providers/Microsoft.Storage/storageAccounts/stplatformassets,stplatformassets,"{""team"": ""platform"", ""environment"": ""prod"", ""costcenter"": ""CC100"", ""application"": ""platform-app""}","{""AccountType"": ""LRS""}",Storage,Usage,Azure,,
EA-9876543210,data-eng-prod-sub,data-eng-prod-sub,owner_0002@company.com,a1b2c3d4-0002-0002-0002-000000000002,data-eng-prod-sub,rg-data-prod,westeurope,2026-04-05,Blob Storage - ZRS - Hot - westeurope,Storage,Blobs - ZRS - Hot,9dd9b051-b91d-533a-9f70-e4838eb241bb,Data Stored,3200.7188,1 GB/Month,2.452182,0.023,0.023,0.023,OnDemand,USD,Microsoft.Storage,/subscriptions/a1b2c3d4-0002-0002-0002-000000000002/resourceGroups/rg-data-prod/providers/Microsoft.Storage/storageAccounts/stdatalake,stdatalake,{},"{""AccountType"": ""ZRS""}",Storage,Usage,Azure,,
EA-9876543210,app-prod-sub,app-prod-sub,owner_0003@company.com,a1b2c3d4-0003-0003-0003-000000000003,app-prod-sub,rg-app-prod,southeastasia,2026-04-05,Blob Storage - LRS - Hot - southeastasia,Storage,Blobs - LRS - Hot,3ae72a36-b458-5b93-9e16-84484844594d,Data Stored,400.3257,1 GB/Month,0.239863,0.018,0.018,0.018,OnDemand,USD,Microsoft.Storage,/subscriptions/a1b2c3d4-0003-0003-0003-000000000003/resourceGroups/rg-app-prod/providers/Microsoft.Storage/storageAccounts/stappassets,stappassets,{},"{""AccountType"": ""LRS""}",Storage,Usage,Azure,,
EA-9876543210,data-eng-prod-sub,data-eng-prod-sub,owner_0002@company.com,a1b2c3d4-0002-0002-0002-000000000002,data-eng-prod-sub,rg-ml-prod,westeurope,2026-04-05,Blob Storage - LRS - Hot - westeurope,Storage,Blobs - LRS - Hot,4ba045d2-b571-568f-be23-884194c5daba,Data Stored,1099.656,1 GB/Month,0.658333,0.018,0.018,0.018,OnDemand,USD,Microsoft.Storage,/subscriptions/a1b2c3d4-0002-0002-0002-000000000002/resourceGroups/rg-ml-prod/providers/Microsoft.Storage/storageAccounts/stmlmodels,stmlmodels,{},"{""AccountType"": ""LRS""}",Storage,Usage,Azure,,
EA-9876543210,platform-prod-sub,platform-prod-sub,owner_0001@company.com,a1b2c3d4-0001-0001-0001-000000000001,platform-prod-sub,rg-platform-prod,eastus,2026-04-05,Azure SQL Database Standard_S2 - eastus,SQL Database,Standard_S2,cd1e0b9a-8ff0-5779-9281-87ab698e2916,vCore Hours,24.0,1 Hour,7.412246,0.31,0.31,0.31,OnDemand,USD,Microsoft.Sql,/subscriptions/a1b2c3d4-0001-0001-0001-000000000001/resourceGroups/rg-platform-prod/providers/Microsoft.Sql/servers/databases/sqldb-standard-0001,sqldb-standard-0001,"{""team"": ""platform"", ""environment"": ""prod"", ""costcenter"": ""CC100"", ""application"": ""platform-app""}",{},Databases,Usage,Azure,,
EA-9876543210,data-eng-prod-sub,data-eng-prod-sub,owner_0002@company.com,a1b2c3d4-0002-0002-0002-000000000002,data-eng-prod-sub,rg-data-prod,westeurope,2026-04-05,Azure SQL Database Business Critical_BC_Gen5_4 - westeurope,SQL Database,Business Critical_BC_Gen5_4,4bab5ab0-7291-58c2-8564-3252f5053179,vCore Hours,24.0,1 Hour,52.961582,2.2,2.2,2.2,OnDemand,USD,Microsoft.Sql,/subscriptions/a1b2c3d4-0002-0002-0002-000000000002/resourceGroups/rg-data-prod/providers/Microsoft.Sql/servers/databases/sqldb-business critical-0002,sqldb-business critical-0002,{},{},Databases,Usage,Azure,,
EA-9876543210,app-prod-sub,app-prod-sub,owner_0003@company.com,a1b2c3d4-0003-0003-0003-000000000003,app-prod-sub,rg-app-prod,eastus,2026-04-05,Azure SQL Database General Purpose_GP_Gen5_2 - eastus,SQL Database,General Purpose_GP_Gen5_2,69e0198c-4ca3-5ac2-8540-db65f6d44c56,vCore Hours,24.0,1 Hour,14.460605,0.6,0.6,0.6,OnDemand,USD,Microsoft.Sql,/subscriptions/a1b2c3d4-0003-0003-0003-000000000003/resourceGroups/rg-app-prod/providers/Microsoft.Sql/servers/databases/sqldb-general purpose-0003,sqldb-general purpose-0003,{},{},Databases,Usage,Azure,,
EA-9876543210,shared-infra-sub,shared-infra-sub,owner_infra@company.com,a1b2c3d4-9999-9999-9999-000000000099,shared-infra-sub,rg-shared-infra,eastus,2026-04-05,Azure Monitor,Monitor,Data Ingested,aadff281-e00d-588e-bd69-a4630325bd50,Data Ingested,1000.0,1 Unit,45.094846,0.045,0.045,0.045,OnDemand,USD,Microsoft.SharedInfra,/subscriptions/a1b2c3d4-9999-9999-9999-000000000099/resourceGroups/rg-shared-infra/providers/Microsoft.SharedInfra/Monitor/monitor,monitor,{},{},Management,Usage,Azure,,
EA-9876543210,shared-infra-sub,shared-infra-sub,owner_infra@company.com,a1b2c3d4-9999-9999-9999-000000000099,shared-infra-sub,rg-shared-infra,eastus,2026-04-05,Virtual Network,Networking,Intra-Region,cc2ca1a8-2d13-5873-b301-4b8ed16ed2c0,Intra-Region,622.22,1 Unit,27.941455,0.045,0.045,0.045,OnDemand,USD,Microsoft.SharedInfra,/subscriptions/a1b2c3d4-9999-9999-9999-000000000099/resourceGroups/rg-shared-infra/providers/Microsoft.SharedInfra/Networking/networking,networking,{},{},Networking,Usage,Azure,,
EA-9876543210,shared-infra-sub,shared-infra-sub,owner_infra@company.com,a1b2c3d4-9999-9999-9999-000000000099,shared-infra-sub,rg-shared-infra,eastus,2026-04-05,API Management,API Management,Gateway Units,78998862-331b-5215-a4b4-8d4500189f89,Gateway Units,2666.67,1 Unit,120.93046,0.045,0.045,0.045,OnDemand,USD,Microsoft.SharedInfra,/subscriptions/a1b2c3d4-9999-9999-9999-000000000099/resourceGroups/rg-shared-infra/providers/Microsoft.SharedInfra/API Management/api-management,api-management,{},{},Integration,Usage,Azure,,
EA-9876543210,shared-infra-sub,shared-infra-sub,owner_infra@company.com,a1b2c3d4-9999-9999-9999-000000000099,shared-infra-sub,rg-shared-infra,eastus,2026-04-05,Azure Key Vault,Key Vault,Operations,3cb0172e-6732-5350-b439-97753364a78c,Operations,177.78,1 Unit,8.044956,0.045,0.045,0.045,OnDemand,USD,Microsoft.SharedInfra,/subscriptions/a1b2c3d4-9999-9999-9999-000000000099/resourceGroups/rg-shared-infra/providers/Microsoft.SharedInfra/Key Vault/key-vault,key-vault,{},{},Security,Usage,Azure,,
EA-9876543210,shared-infra-sub,shared-infra-sub,owner_infra@company.com,a1b2c3d4-9999-9999-9999-000000000099,shared-infra-sub,rg-shared-infra,eastus,2026-04-05,Azure Blob Storage,Storage,Data Stored,2e8ee991-b3b7-5136-98e5-4772405cdb0c,Data Stored,400.0,1 Unit,18.157957,0.045,0.045,0.045,OnDemand,USD,Microsoft.SharedInfra,/subscriptions/a1b2c3d4-9999-9999-9999-000000000099/resourceGroups/rg-shared-infra/providers/Microsoft.SharedInfra/Storage/storage,storage,{},{},Storage,Usage,Azure,,
EA-9876543210,platform-prod-sub,platform-prod-sub,owner_0001@company.com,a1b2c3d4-0001-0001-0001-000000000001,platform-prod-sub,rg-platform-prod,eastus,2026-04-06,Virtual Machines Standard_D2s_v3 - eastus,Virtual Machines,Standard_D2s_v3 Series,bbc4f1e6-b32a-5f02-86f0-702bf6097b8b,D2s v3,24.0,1 Hour,4.005173,0.168,0.166882,0.168,OnDemand,USD,Microsoft.Compute,/subscriptions/a1b2c3d4-0001-0001-0001-000000000001/resourceGroups/rg-platform-prod/providers/Microsoft.Compute/virtualMachines/vm-standard-d2s-v3-00,vm-standard-d2s-v3-00,"{""team"": ""platform"", ""environment"": ""prod"", ""costcenter"": ""CC100"", ""application"": ""platform-app""}","{""ServiceType"": ""Standard"", ""VMName"": ""vm-standard-d2s-v3-00"", ""vCPUs"": 2}",Compute,Usage,Azure,,
EA-9876543210,platform-prod-sub,platform-prod-sub,owner_0001@company.com,a1b2c3d4-0001-0001-0001-000000000001,platform-prod-sub,rg-platform-prod,eastus,2026-04-06,Virtual Machines Standard_D2s_v3 - eastus,Virtual Machines,Standard_D2s_v3 Series,bbc4f1e6-b32a-5f02-86f0-702bf6097b8b,D2s v3,24.0,1 Hour,4.011973,0.168,0.167166,0.168,OnDemand,USD,Microsoft.Compute,/subscriptions/a1b2c3d4-0001-0001-0001-000000000001/resourceGroups/rg-platform-prod/providers/Microsoft.Compute/virtualMachines/vm-standard-d2s-v3-01,vm-standard-d2s-v3-01,"{""team"": ""platform"", ""environment"": ""prod"", ""costcenter"": ""CC100"", ""application"": ""platform-app""}","{""ServiceType"": ""Standard"", ""VMName"": ""vm-standard-d2s-v3-01"", ""vCPUs"": 2}",Compute,Usage,Azure,,
EA-9876543210,app-prod-sub,app-prod-sub,owner_0003@company.com,a1b2c3d4-0003-0003-0003-000000000003,app-prod-sub,rg-app-prod,eastus,2026-04-06,Virtual Machines Standard_D4s_v3 - eastus,Virtual Machines,Standard_D4s_v3 Series,6c8e1236-a3aa-53d7-8e09-dadb98f69027,D4s v3,24.0,1 Hour,8.047396,0.336,0.335308,0.336,OnDemand,USD,Microsoft.Compute,/subscriptions/a1b2c3d4-0003-0003-0003-000000000003/resourceGroups/rg-app-prod/providers/Microsoft.Compute/virtualMachines/vm-standard-d4s-v3-02,vm-standard-d4s-v3-02,"{""team"": ""backend"", ""environment"": ""prod"", ""costcenter"": ""CC400"", ""application"": ""backend-app""}","{""ServiceType"": ""Standard"", ""VMName"": ""vm-standard-d4s-v3-02"", ""vCPUs"": 4}",Compute,Usage,Azure,,
EA-9876543210,data-eng-prod-sub,data-eng-prod-sub,owner_0002@company.com,a1b2c3d4-0002-0002-0002-000000000002,data-eng-prod-sub,rg-data-prod,westeurope,2026-04-06,Virtual Machines Standard_E4s_v3 - westeurope,Virtual Machines,Standard_E4s_v3 Series,7373fa15-5d45-5d30-a83f-72064e156f94,E4s v3,24.0,1 Hour,4.800396,0.364,0.200017,0.364,Reservation,USD,Microsoft.Compute,/subscriptions/a1b2c3d4-0002-0002-0002-000000000002/resourceGroups/rg-data-prod/providers/Microsoft.Compute/virtualMachines/vm-standard-e4s-v3-03,vm-standard-e4s-v3-03,"{""team"": ""data-eng"", ""environment"": ""prod"", ""costcenter"": ""CC200"", ""application"": ""data-eng-app""}","{""ServiceType"": ""Standard"", ""VMName"": ""vm-standard-e4s-v3-03"", ""vCPUs"": 4}",Compute,Usage,Azure,/providers/Microsoft.BillingBenefits/savingsPlanOrders/dcfe4ac1-a9b5-4668-9515-d1efdd6fa317,Reserved VM Instance_westeurope_1Year
EA-9876543210,data-eng-prod-sub,data-eng-prod-sub,owner_0002@company.com,a1b2c3d4-0002-0002-0002-000000000002,data-eng-prod-sub,rg-data-prod,westeurope,2026-04-06,Virtual Machines Standard_E8s_v3 - westeurope,Virtual Machines,Standard_E8s_v3 Series,2b9593f7-8692-56d9-b10a-a624f400da47,E8s v3,24.0,1 Hour,17.333597,0.728,0.722233,0.728,OnDemand,USD,Microsoft.Compute,/subscriptions/a1b2c3d4-0002-0002-0002-000000000002/resourceGroups/rg-data-prod/providers/Microsoft.Compute/virtualMachines/vm-standard-e8s-v3-04,vm-standard-e8s-v3-04,"{""team"": ""data-eng"", ""environment"": ""prod"", ""costcenter"": ""CC200"", ""application"": ""data-eng-app""}","{""ServiceType"": ""Standard"", ""VMName"": ""vm-standard-e8s-v3-04"", ""vCPUs"": 8}",Compute,Usage,Azure,,
EA-9876543210,data-eng-prod-sub,data-eng-prod-sub,owner_0002@company.com,a1b2c3d4-0002-0002-0002-000000000002,data-eng-prod-sub,rg-ml-prod,westeurope,2026-04-06,Virtual Machines Standard_F4s_v2 - westeurope,Virtual Machines,Standard_F4s_v2 Series,303bf71a-6d52-56d9-8e75-95552aa01c86,F4s v2,24.0,1 Hour,4.138796,0.252,0.17245,0.252,Reservation,USD,Microsoft.Compute,/subscriptions/a1b2c3d4-0002-0002-0002-000000000002/resourceGroups/rg-ml-prod/providers/Microsoft.Compute/virtualMachines/vm-standard-f4s-v2-05,vm-standard-f4s-v2-05,{},"{""ServiceType"": ""Standard"", ""VMName"": ""vm-standard-f4s-v2-05"", ""vCPUs"": 4}",Compute,Usage,Azure,/providers/Microsoft.BillingBenefits/savingsPlanOrders/43f4af52-d852-40b6-8985-b28e6d58bb08,Reserved VM Instance_westeurope_1Year
EA-9876543210,data-eng-prod-sub,data-eng-prod-sub,owner_0002@company.com,a1b2c3d4-0002-0002-0002-000000000002,data-eng-prod-sub,rg-ml-prod,westeurope,2026-04-06,Virtual Machines Standard_D8s_v3 - westeurope,Virtual Machines,Standard_D8s_v3 Series,348575ff-7ae0-57e5-896e-037d67179117,D8s v3,24.0,1 Hour,11.65352,0.672,0.485563,0.672,SavingsPlan,USD,Microsoft.Compute,/subscriptions/a1b2c3d4-0002-0002-0002-000000000002/resourceGroups/rg-ml-prod/providers/Microsoft.Compute/virtualMachines/vm-standard-d8s-v3-06,vm-standard-d8s-v3-06,"{""team"": ""ml"", ""environment"": ""prod"", ""costcenter"": ""CC500"", ""application"": ""ml-app""}","{""ServiceType"": ""Standard"", ""VMName"": ""vm-standard-d8s-v3-06"", ""vCPUs"": 8}",Compute,Usage,Azure,/providers/Microsoft.BillingBenefits/savingsPlanOrders/52af13d2-fbbc-47de-ab89-b674b8d8774a,Compute savings plan_1Year
EA-9876543210,app-prod-sub,app-prod-sub,owner_0003@company.com,a1b2c3d4-0003-0003-0003-000000000003,app-prod-sub,rg-app-prod,southeastasia,2026-04-06,Virtual Machines Standard_B2s - southeastasia,Virtual Machines,Standard_B2s Series,78a50003-6630-5ba4-aad2-c10f0de71d3b,B2s,24.0,1 Hour,2.010228,0.084,0.08376,0.084,OnDemand,USD,Microsoft.Compute,/subscriptions/a1b2c3d4-0003-0003-0003-000000000003/resourceGroups/rg-app-prod/providers/Microsoft.Compute/virtualMachines/vm-standard-b2s-07,vm-standard-b2s-07,"{""team"": ""frontend"", ""environment"": ""prod"", ""costcenter"": ""CC300"", ""application"": ""frontend-app""}","{""ServiceType"": ""Standard"", ""VMName"": ""vm-standard-b2s-07"", ""vCPUs"": 2}",Compute,Usage,Azure,,
EA-9876543210,app-prod-sub,app-prod-sub,owner_0003@company.com,a1b2c3d4-0003-0003-0003-000000000003,app-prod-sub,rg-app-staging,southeastasia,2026-04-06,Virtual Machines Standard_B2s - southeastasia,Virtual Machines,Standard_B2s Series,78a50003-6630-5ba4-aad2-c10f0de71d3b,B2s,24.0,1 Hour,2.030955,0.084,0.084623,0.084,OnDemand,USD,Microsoft.Compute,/subscriptions/a1b2c3d4-0003-0003-0003-000000000003/resourceGroups/rg-app-staging/providers/Microsoft.Compute/virtualMachines/vm-standard-b2s-08,vm-standard-b2s-08,"{""team"": ""frontend"", ""environment"": ""staging"", ""costcenter"": ""CC300"", ""application"": ""frontend-app""}","{""ServiceType"": ""Standard"", ""VMName"": ""vm-standard-b2s-08"", ""vCPUs"": 2}",Compute,Usage,Azure,,
EA-9876543210,app-prod-sub,app-prod-sub,owner_0003@company.com,a1b2c3d4-0003-0003-0003-000000000003,app-prod-sub,rg-app-staging,eastus,2026-04-06,Virtual Machines Standard_D2s_v3 - eastus,Virtual Machines,Standard_D2s_v3 Series,bbc4f1e6-b32a-5f02-86f0-702bf6097b8b,D2s v3,24.0,1 Hour,4.068166,0.168,0.169507,0.168,OnDemand,USD,Microsoft.Compute,/subscriptions/a1b2c3d4-0003-0003-0003-000000000003/resourceGroups/rg-app-staging/providers/Microsoft.Compute/virtualMachines/vm-standard-d2s-v3-09,vm-standard-d2s-v3-09,"{""team"": ""backend"", ""environment"": ""staging"", ""costcenter"": ""CC400"", ""application"": ""backend-app""}","{""ServiceType"": ""Standard"", ""VMName"": ""vm-standard-d2s-v3-09"", ""vCPUs"": 2}",Compute,Usage,Azure,,
EA-9876543210,platform-prod-sub,platform-prod-sub,owner_0001@company.com,a1b2c3d4-0001-0001-0001-000000000001,platform-prod-sub,rg-platform-dev,eastus,2026-04-06,Virtual Machines Standard_B2s - eastus,Virtual Machines,Standard_B2s Series,7190101e-d2ab-5a56-ad8e-83f7122f17e8,B2s,24.0,1 Hour,2.026036,0.084,0.084418,0.084,OnDemand,USD,Microsoft.Compute,/subscriptions/a1b2c3d4-0001-0001-0001-000000000001/resourceGroups/rg-platform-dev/providers/Microsoft.Compute/virtualMachines/vm-standard-b2s-10,vm-standard-b2s-10,"{""team"": ""platform"", ""environment"": ""dev"", ""costcenter"": ""CC100"", ""application"": ""platform-app""}","{""ServiceType"": ""Standard"", ""VMName"": ""vm-standard-b2s-10"", ""vCPUs"": 2}",Compute,Usage,Azure,,
EA-9876543210,app-prod-sub,app-prod-sub,owner_0003@company.com,a1b2c3d4-0003-0003-0003-000000000003,app-prod-sub,rg-app-dev,eastus,2026-04-06,Virtual Machines Standard_B2s - eastus,Virtual Machines,Standard_B2s Series,7190101e-d2ab-5a56-ad8e-83f7122f17e8,B2s,24.0,1 Hour,1.421247,0.084,0.059219,0.084,SavingsPlan,USD,Microsoft.Compute,/subscriptions/a1b2c3d4-0003-0003-0003-000000000003/resourceGroups/rg-app-dev/providers/Microsoft.Compute/virtualMachines/vm-standard-b2s-11,vm-standard-b2s-11,{},"{""ServiceType"": ""Standard"", ""VMName"": ""vm-standard-b2s-11"", ""vCPUs"": 2}",Compute,Usage,Azure,/providers/Microsoft.BillingBenefits/savingsPlanOrders/f133d3d8-3275-4480-89ec-9d627df9493d,Compute savings plan_1Year
EA-9876543210,app-prod-sub,app-prod-sub,owner_0003@company.com,a1b2c3d4-0003-0003-0003-000000000003,app-prod-sub,rg-app-dev,eastus,2026-04-06,Unused Reservation - vm-standard-b2s-11,Virtual Machines,Unused Capacity,cd5a5f06-d03c-5eea-a706-55b7da6569eb,Unused,0.0,1 Hour,0.382448,0.0,0.0,0.084,SavingsPlan,USD,Microsoft.Compute,,vm-standard-b2s-11,{},{},Compute,UnusedSavingsPlan,Azure,/providers/Microsoft.BillingBenefits/savingsPlanOrders/c3cb6ddd-b0cc-43e7-9f7a-227fa45c281b,Compute savings plan_1Year
EA-9876543210,platform-prod-sub,platform-prod-sub,owner_0001@company.com,a1b2c3d4-0001-0001-0001-000000000001,platform-prod-sub,rg-platform-prod,eastus,2026-04-06,Blob Storage - LRS - Hot - eastus,Storage,Blobs - LRS - Hot,fb8faed0-f377-5fb0-92b7-78035153a7fa,Data Stored,849.9688,1 GB/Month,0.511251,0.018,0.018,0.018,OnDemand,USD,Microsoft.Storage,/subscriptions/a1b2c3d4-0001-0001-0001-000000000001/resourceGroups/rg-platform-prod/providers/Microsoft.Storage/storageAccounts/stplatformassets,stplatformassets,{},"{""AccountType"": ""LRS""}",Storage,Usage,Azure,,
EA-9876543210,data-eng-prod-sub,data-eng-prod-sub,owner_0002@company.com,a1b2c3d4-0002-0002-0002-000000000002,data-eng-prod-sub,rg-data-prod,westeurope,2026-04-06,Blob Storage - ZRS - Hot - westeurope,Storage,Blobs - ZRS - Hot,9dd9b051-b91d-533a-9f70-e4838eb241bb,Data Stored,3197.3731,1 GB/Month,2.449317,0.023,0.023,0.023,OnDemand,USD,Microsoft.Storage,/subscriptions/a1b2c3d4-0002-0002-0002-000000000002/resourceGroups/rg-data-prod/providers/Microsoft.Storage/storageAccounts/stdatalake,stdatalake,"{""team"": ""data-eng"", ""environment"": ""prod"", ""costcenter"": ""CC200"", ""application"": ""data-eng-app""}","{""AccountType"": ""ZRS""}",Storage,Usage,Azure,,
EA-9876543210,app-prod-sub,app-prod-sub,owner_0003@company.com,a1b2c3d4-0003-0003-0003-000000000003,app-prod-sub,rg-app-prod,southeastasia,2026-04-06,Blob Storage - LRS - Hot - southeastasia,Storage,Blobs - LRS - Hot,3ae72a36-b458-5b93-9e16-84484844594d,Data Stored,399.9298,1 GB/Month,0.239723,0.018,0.018,0.018,OnDemand,USD,Microsoft.Storage,/subscriptions/a1b2c3d4-0003-0003-0003-000000000003/resourceGroups/rg-app-prod/providers/Microsoft.Storage/storageAccounts/stappassets,stappassets,"{""team"": ""frontend"", ""environment"": ""prod"", ""costcenter"": ""CC300"", ""application"": ""frontend-app""}","{""AccountType"": ""LRS""}",Storage,Usage,Azure,,
EA-9876543210,data-eng-prod-sub,data-eng-prod-sub,owner_0002@company.com,a1b2c3d4-0002-0002-0002-000000000002,data-eng-prod-sub,rg-ml-prod,westeurope,2026-04-06,Blob Storage - LRS - Hot - westeurope,Storage,Blobs - LRS - Hot,4ba045d2-b571-568f-be23-884194c5daba,Data Stored,1098.9232,1 GB/Month,0.658637,0.018,0.018,0.018,OnDemand,USD,Microsoft.Storage,/subscriptions/a1b2c3d4-0002-0002-0002-000000000002/resourceGroups/rg-ml-prod/providers/Microsoft.Storage/storageAccounts/stmlmodels,stmlmodels,{},"{""AccountType"": ""LRS""}",Storage,Usage,Azure,,
EA-9876543210,platform-prod-sub,platform-prod-sub,owner_0001@company.com,a1b2c3d4-0001-0001-0001-000000000001,platform-prod-sub,rg-platform-prod,eastus,2026-04-06,Azure SQL Database Standard_S2 - eastus,SQL Database,Standard_S2,cd1e0b9a-8ff0-5779-9281-87ab698e2916,vCore Hours,24.0,1 Hour,7.443469,0.31,0.31,0.31,OnDemand,USD,Microsoft.Sql,/subscriptions/a1b2c3d4-0001-0001-0001-000000000001/resourceGroups/rg-platform-prod/providers/Microsoft.Sql/servers/databases/sqldb-standard-0001,sqldb-standard-0001,"{""team"": ""platform"", ""environment"": ""prod"", ""costcenter"": ""CC100"", ""application"": ""platform-app""}",{},Databases,Usage,Azure,,
EA-9876543210,data-eng-prod-sub,data-eng-prod-sub,owner_0002@company.com,a1b2c3d4-0002-0002-0002-000000000002,data-eng-prod-sub,rg-data-prod,westeurope,2026-04-06,Azure SQL Database Business Critical_BC_Gen5_4 - westeurope,SQL Database,Business Critical_BC_Gen5_4,4bab5ab0-7291-58c2-8564-3252f5053179,vCore Hours,24.0,1 Hour,53.072758,2.2,2.2,2.2,OnDemand,USD,Microsoft.Sql,/subscriptions/a1b2c3d4-0002-0002-0002-000000000002/resourceGroups/rg-data-prod/providers/Microsoft.Sql/servers/databases/sqldb-business critical-0002,sqldb-business critical-0002,"{""team"": ""data-eng"", ""environment"": ""prod"", ""costcenter"": ""CC200"", ""application"": ""data-eng-app""}",{},Databases,Usage,Azure,,
EA-9876543210,app-prod-sub,app-prod-sub,owner_0003@company.com,a1b2c3d4-0003-0003-0003-000000000003,app-prod-sub,rg-app-prod,eastus,2026-04-06,Azure SQL Database General Purpose_GP_Gen5_2 - eastus,SQL Database,General Purpose_GP_Gen5_2,69e0198c-4ca3-5ac2-8540-db65f6d44c56,vCore Hours,24.0,1 Hour,14.295255,0.6,0.6,0.6,OnDemand,USD,Microsoft.Sql,/subscriptions/a1b2c3d4-0003-0003-0003-000000000003/resourceGroups/rg-app-prod/providers/Microsoft.Sql/servers/databases/sqldb-general purpose-0003,sqldb-general purpose-0003,{},{},Databases,Usage,Azure,,
EA-9876543210,shared-infra-sub,shared-infra-sub,owner_infra@company.com,a1b2c3d4-9999-9999-9999-000000000099,shared-infra-sub,rg-shared-infra,eastus,2026-04-06,Azure Monitor,Monitor,Data Ingested,aadff281-e00d-588e-bd69-a4630325bd50,Data Ingested,1000.0,1 Unit,44.808086,0.045,0.045,0.045,OnDemand,USD,Microsoft.SharedInfra,/subscriptions/a1b2c3d4-9999-9999-9999-000000000099/resourceGroups/rg-shared-infra/providers/Microsoft.SharedInfra/Monitor/monitor,monitor,{},{},Management,Usage,Azure,,
EA-9876543210,shared-infra-sub,shared-infra-sub,owner_infra@company.com,a1b2c3d4-9999-9999-9999-000000000099,shared-infra-sub,rg-shared-infra,eastus,2026-04-06,Virtual Network,Networking,Intra-Region,cc2ca1a8-2d13-5873-b301-4b8ed16ed2c0,Intra-Region,622.22,1 Unit,28.019655,0.045,0.045,0.045,OnDemand,USD,Microsoft.SharedInfra,/subscriptions/a1b2c3d4-9999-9999-9999-000000000099/resourceGroups/rg-shared-infra/providers/Microsoft.SharedInfra/Networking/networking,networking,{},{},Networking,Usage,Azure,,
EA-9876543210,shared-infra-sub,shared-infra-sub,owner_infra@company.com,a1b2c3d4-9999-9999-9999-000000000099,shared-infra-sub,rg-shared-infra,eastus,2026-04-06,API Management,API Management,Gateway Units,78998862-331b-5215-a4b4-8d4500189f89,Gateway Units,2666.67,1 Unit,120.450648,0.045,0.045,0.045,OnDemand,USD,Microsoft.SharedInfra,/subscriptions/a1b2c3d4-9999-9999-9999-000000000099/resourceGroups/rg-shared-infra/providers/Microsoft.SharedInfra/API Management/api-management,api-management,{},{},Integration,Usage,Azure,,
EA-9876543210,shared-infra-sub,shared-infra-sub,owner_infra@company.com,a1b2c3d4-9999-9999-9999-000000000099,shared-infra-sub,rg-shared-infra,eastus,2026-04-06,Azure Key Vault,Key Vault,Operations,3cb0172e-6732-5350-b439-97753364a78c,Operations,177.78,1 Unit,7.998709,0.045,0.045,0.045,OnDemand,USD,Microsoft.SharedInfra,/subscriptions/a1b2c3d4-9999-9999-9999-000000000099/resourceGroups/rg-shared-infra/providers/Microsoft.SharedInfra/Key Vault/key-vault,key-vault,{},{},Security,Usage,Azure,,
EA-9876543210,shared-infra-sub,shared-infra-sub,owner_infra@company.com,a1b2c3d4-9999-9999-9999-000000000099,shared-infra-sub,rg-shared-infra,eastus,2026-04-06,Azure Blob Storage,Storage,Data Stored,2e8ee991-b3b7-5136-98e5-4772405cdb0c,Data Stored,400.0,1 Unit,18.09197,0.045,0.045,0.045,OnDemand,USD,Microsoft.SharedInfra,/subscriptions/a1b2c3d4-9999-9999-9999-000000000099/resourceGroups/rg-shared-infra/providers/Microsoft.SharedInfra/Storage/storage,storage,{},{},Storage,Usage,Azure,,
EA-9876543210,platform-prod-sub,platform-prod-sub,owner_0001@company.com,a1b2c3d4-0001-0001-0001-000000000001,platform-prod-sub,rg-platform-prod,eastus,2026-04-07,Virtual Machines Standard_D2s_v3 - eastus,Virtual Machines,Standard_D2s_v3 Series,bbc4f1e6-b32a-5f02-86f0-702bf6097b8b,D2s v3,24.0,1 Hour,4.039822,0.168,0.168326,0.168,OnDemand,USD,Microsoft.Compute,/subscriptions/a1b2c3d4-0001-0001-0001-000000000001/resourceGroups/rg-platform-prod/providers/Microsoft.Compute/virtualMachines/vm-standard-d2s-v3-00,vm-standard-d2s-v3-00,"{""team"": ""platform"", ""environment"": ""prod"", ""costcenter"": ""CC100"", ""application"": ""platform-app""}","{""ServiceType"": ""Standard"", ""VMName"": ""vm-standard-d2s-v3-00"", ""vCPUs"": 2}",Compute,Usage,Azure,,
EA-9876543210,platform-prod-sub,platform-prod-sub,owner_0001@company.com,a1b2c3d4-0001-0001-0001-000000000001,platform-prod-sub,rg-platform-prod,eastus,2026-04-07,Virtual Machines Standard_D2s_v3 - eastus,Virtual Machines,Standard_D2s_v3 Series,bbc4f1e6-b32a-5f02-86f0-702bf6097b8b,D2s v3,24.0,1 Hour,4.062818,0.168,0.169284,0.168,OnDemand,USD,Microsoft.Compute,/subscriptions/a1b2c3d4-0001-0001-0001-000000000001/resourceGroups/rg-platform-prod/providers/Microsoft.Compute/virtualMachines/vm-standard-d2s-v3-01,vm-standard-d2s-v3-01,"{""team"": ""platform"", ""environment"": ""prod"", ""costcenter"": ""CC100"", ""application"": ""platform-app""}","{""ServiceType"": ""Standard"", ""VMName"": ""vm-standard-d2s-v3-01"", ""vCPUs"": 2}",Compute,Usage,Azure,,
EA-9876543210,app-prod-sub,app-prod-sub,owner_0003@company.com,a1b2c3d4-0003-0003-0003-000000000003,app-prod-sub,rg-app-prod,eastus,2026-04-07,Virtual Machines Standard_D4s_v3 - eastus,Virtual Machines,Standard_D4s_v3 Series,6c8e1236-a3aa-53d7-8e09-dadb98f69027,D4s v3,24.0,1 Hour,8.087545,0.336,0.336981,0.336,OnDemand,USD,Microsoft.Compute,/subscriptions/a1b2c3d4-0003-0003-0003-000000000003/resourceGroups/rg-app-prod/providers/Microsoft.Compute/virtualMachines/vm-standard-d4s-v3-02,vm-standard-d4s-v3-02,{},"{""ServiceType"": ""Standard"", ""VMName"": ""vm-standard-d4s-v3-02"", ""vCPUs"": 4}",Compute,Usage,Azure,,
EA-9876543210,data-eng-prod-sub,data-eng-prod-sub,owner_0002@company.com,a1b2c3d4-0002-0002-0002-000000000002,data-eng-prod-sub,rg-data-prod,westeurope,2026-04-07,Virtual Machines Standard_E4s_v3 - westeurope,Virtual Machines,Standard_E4s_v3 Series,7373fa15-5d45-5d30-a83f-72064e156f94,E4s v3,24.0,1 Hour,5.855342,0.364,0.243973,0.364,Reservation,USD,Microsoft.Compute,/subscriptions/a1b2c3d4-0002-0002-0002-000000000002/resourceGroups/rg-data-prod/providers/Microsoft.Compute/virtualMachines/vm-standard-e4s-v3-03,vm-standard-e4s-v3-03,{},"{""ServiceType"": ""Standard"", ""VMName"": ""vm-standard-e4s-v3-03"", ""vCPUs"": 4}",Compute,Usage,Azure,/providers/Microsoft.BillingBenefits/savingsPlanOrders/c05be7c5-6e07-4260-b82c-04af17f4ce25,Reserved VM Instance_westeurope_1Year
EA-9876543210,data-eng-prod-sub,data-eng-prod-sub,owner_0002@company.com,a1b2c3d4-0002-0002-0002-000000000002,data-eng-prod-sub,rg-data-prod,westeurope,2026-04-07,Virtual Machines Standard_E8s_v3 - westeurope,Virtual Machines,Standard_E8s_v3 Series,2b9593f7-8692-56d9-b10a-a624f400da47,E8s v3,24.0,1 Hour,17.539765,0.728,0.730824,0.728,OnDemand,USD,Microsoft.Compute,/subscriptions/a1b2c3d4-0002-0002-0002-000000000002/resourceGroups/rg-data-prod/providers/Microsoft.Compute/virtualMachines/vm-standard-e8s-v3-04,vm-standard-e8s-v3-04,"{""team"": ""data-eng"", ""environment"": ""prod"", ""costcenter"": ""CC200"", ""application"": ""data-eng-app""}","{""ServiceType"": ""Standard"", ""VMName"": ""vm-standard-e8s-v3-04"", ""vCPUs"": 8}",Compute,Usage,Azure,,
EA-9876543210,data-eng-prod-sub,data-eng-prod-sub,owner_0002@company.com,a1b2c3d4-0002-0002-0002-000000000002,data-eng-prod-sub,rg-ml-prod,westeurope,2026-04-07,Virtual Machines Standard_F4s_v2 - westeurope,Virtual Machines,Standard_F4s_v2 Series,303bf71a-6d52-56d9-8e75-95552aa01c86,F4s v2,24.0,1 Hour,3.611611,0.252,0.150484,0.252,Reservation,USD,Microsoft.Compute,/subscriptions/a1b2c3d4-0002-0002-0002-000000000002/resourceGroups/rg-ml-prod/providers/Microsoft.Compute/virtualMachines/vm-standard-f4s-v2-05,vm-standard-f4s-v2-05,{},"{""ServiceType"": ""Standard"", ""VMName"": ""vm-standard-f4s-v2-05"", ""vCPUs"": 4}",Compute,Usage,Azure,/providers/Microsoft.BillingBenefits/savingsPlanOrders/dabaf8fa-f1b2-46fe-a34c-89215fc75868,Reserved VM Instance_westeurope_1Year
EA-9876543210,data-eng-prod-sub,data-eng-prod-sub,owner_0002@company.com,a1b2c3d4-0002-0002-0002-000000000002,data-eng-prod-sub,rg-ml-prod,westeurope,2026-04-07,Virtual Machines Standard_D8s_v3 - westeurope,Virtual Machines,Standard_D8s_v3 Series,348575ff-7ae0-57e5-896e-037d67179117,D8s v3,24.0,1 Hour,12.375937,0.672,0.515664,0.672,SavingsPlan,USD,Microsoft.Compute,/subscriptions/a1b2c3d4-0002-0002-0002-000000000002/resourceGroups/rg-ml-prod/providers/Microsoft.Compute/virtualMachines/vm-standard-d8s-v3-06,vm-standard-d8s-v3-06,"{""team"": ""ml"", ""environment"": ""prod"", ""costcenter"": ""CC500"", ""application"": ""ml-app""}","{""ServiceType"": ""Standard"", ""VMName"": ""vm-standard-d8s-v3-06"", ""vCPUs"": 8}",Compute,Usage,Azure,/providers/Microsoft.BillingBenefits/savingsPlanOrders/289ef169-8f46-47ac-84c9-ada235b42102,Compute savings plan_1Year
EA-9876543210,app-prod-sub,app-prod-sub,owner_0003@company.com,a1b2c3d4-0003-0003-0003-000000000003,app-prod-sub,rg-app-prod,southeastasia,2026-04-07,Virtual Machines Standard_B2s - southeastasia,Virtual Machines,Standard_B2s Series,78a50003-6630-5ba4-aad2-c10f0de71d3b,B2s,24.0,1 Hour,2.015677,0.084,0.083987,0.084,OnDemand,USD,Microsoft.Compute,/subscriptions/a1b2c3d4-0003-0003-0003-000000000003/resourceGroups/rg-app-prod/providers/Microsoft.Compute/virtualMachines/vm-standard-b2s-07,vm-standard-b2s-07,"{""team"": ""frontend"", ""environment"": ""prod"", ""costcenter"": ""CC300"", ""application"": ""frontend-app""}","{""ServiceType"": ""Standard"", ""VMName"": ""vm-standard-b2s-07"", ""vCPUs"": 2}",Compute,Usage,Azure,,
EA-9876543210,app-prod-sub,app-prod-sub,owner_0003@company.com,a1b2c3d4-0003-0003-0003-000000000003,app-prod-sub,rg-app-staging,southeastasia,2026-04-07,Virtual Machines Standard_B2s - southeastasia,Virtual Machines,Standard_B2s Series,78a50003-6630-5ba4-aad2-c10f0de71d3b,B2s,24.0,1 Hour,1.996732,0.084,0.083197,0.084,OnDemand,USD,Microsoft.Compute,/subscriptions/a1b2c3d4-0003-0003-0003-000000000003/resourceGroups/rg-app-staging/providers/Microsoft.Compute/virtualMachines/vm-standard-b2s-08,vm-standard-b2s-08,{},"{""ServiceType"": ""Standard"", ""VMName"": ""vm-standard-b2s-08"", ""vCPUs"": 2}",Compute,Usage,Azure,,
EA-9876543210,app-prod-sub,app-prod-sub,owner_0003@company.com,a1b2c3d4-0003-0003-0003-000000000003,app-prod-sub,rg-app-staging,eastus,2026-04-07,Virtual Machines Standard_D2s_v3 - eastus,Virtual Machines,Standard_D2s_v3 Series,bbc4f1e6-b32a-5f02-86f0-702bf6097b8b,D2s v3,24.0,1 Hour,4.027034,0.168,0.167793,0.168,OnDemand,USD,Microsoft.Compute,/subscriptions/a1b2c3d4-0003-0003-0003-000000000003/resourceGroups/rg-app-staging/providers/Microsoft.Compute/virtualMachines/vm-standard-d2s-v3-09,vm-standard-d2s-v3-09,"{""team"": ""backend"", ""environment"": ""staging"", ""costcenter"": ""CC400"", ""application"": ""backend-app""}","{""ServiceType"": ""Standard"", ""VMName"": ""vm-standard-d2s-v3-09"", ""vCPUs"": 2}",Compute,Usage,Azure,,
EA-9876543210,app-prod-sub,app-prod-sub,owner_0003@company.com,a1b2c3d4-0003-0003-0003-000000000003,app-prod-sub,rg-app-dev,eastus,2026-04-07,Virtual Machines Standard_B2s - eastus,Virtual Machines,Standard_B2s Series,7190101e-d2ab-5a56-ad8e-83f7122f17e8,B2s,24.0,1 Hour,1.542187,0.084,0.064258,0.084,SavingsPlan,USD,Microsoft.Compute,/subscriptions/a1b2c3d4-0003-0003-0003-000000000003/resourceGroups/rg-app-dev/providers/Microsoft.Compute/virtualMachines/vm-standard-b2s-11,vm-standard-b2s-11,{},"{""ServiceType"": ""Standard"", ""VMName"": ""vm-standard-b2s-11"", ""vCPUs"": 2}",Compute,Usage,Azure,/providers/Microsoft.BillingBenefits/savingsPlanOrders/af793b8a-53f4-4f3f-b4c0-7fde2e2182c6,Compute savings plan_1Year
EA-9876543210,platform-prod-sub,platform-prod-sub,owner_0001@company.com,a1b2c3d4-0001-0001-0001-000000000001,platform-prod-sub,rg-platform-prod,eastus,2026-04-07,Blob Storage - LRS - Hot - eastus,Storage,Blobs - LRS - Hot,fb8faed0-f377-5fb0-92b7-78035153a7fa,Data Stored,849.9973,1 GB/Month,0.510874,0.018,0.018,0.018,OnDemand,USD,Microsoft.Storage,/subscriptions/a1b2c3d4-0001-0001-0001-000000000001/resourceGroups/rg-platform-prod/providers/Microsoft.Storage/storageAccounts/stplatformassets,stplatformassets,"{""team"": ""platform"", ""environment"": ""prod"", ""costcenter"": ""CC100"", ""application"": ""platform-app""}","{""AccountType"": ""LRS""}",Storage,Usage,Azure,,
EA-9876543210,data-eng-prod-sub,data-eng-prod-sub,owner_0002@company.com,a1b2c3d4-0002-0002-0002-000000000002,data-eng-prod-sub,rg-data-prod,westeurope,2026-04-07,Blob Storage - ZRS - Hot - westeurope,Storage,Blobs - ZRS - Hot,9dd9b051-b91d-533a-9f70-e4838eb241bb,Data Stored,3201.2604,1 GB/Month,2.45144,0.023,0.023,0.023,OnDemand,USD,Microsoft.Storage,/subscriptions/a1b2c3d4-0002-0002-0002-000000000002/resourceGroups/rg-data-prod/providers/Microsoft.Storage/storageAccounts/stdatalake,stdatalake,"{""team"": ""data-eng"", ""environment"": ""prod"", ""costcenter"": ""CC200"", ""application"": ""data-eng-app""}","{""AccountType"": ""ZRS""}",Storage,Usage,Azure,,
EA-9876543210,app-prod-sub,app-prod-sub,owner_0003@company.com,a1b2c3d4-0003-0003-0003-000000000003,app-prod-sub,rg-app-prod,southeastasia,2026-04-07,Blob Storage - LRS - Hot - southeastasia,Storage,Blobs - LRS - Hot,3ae72a36-b458-5b93-9e16-84484844594d,Data Stored,399.6642,1 GB/Month,0.239326,0.018,0.018,0.018,OnDemand,USD,Microsoft.Storage,/subscriptions/a1b2c3d4-0003-0003-0003-000000000003/resourceGroups/rg-app-prod/providers/Microsoft.Storage/storageAccounts/stappassets,stappassets,"{""team"": ""frontend"", ""environment"": ""prod"", ""costcenter"": ""CC300"", ""application"": ""frontend-app""}","{""AccountType"": ""LRS""}",Storage,Usage,Azure,,
EA-9876543210,data-eng-prod-sub,data-eng-prod-sub,owner_0002@company.com,a1b2c3d4-0002-0002-0002-000000000002,data-eng-prod-sub,rg-ml-prod,westeurope,2026-04-07,Blob Storage - LRS - Hot - westeurope,Storage,Blobs - LRS - Hot,4ba045d2-b571-568f-be23-884194c5daba,Data Stored,1099.2214,1 GB/Month,0.660992,0.018,0.018,0.018,OnDemand,USD,Microsoft.Storage,/subscriptions/a1b2c3d4-0002-0002-0002-000000000002/resourceGroups/rg-ml-prod/providers/Microsoft.Storage/storageAccounts/stmlmodels,stmlmodels,"{""team"": ""ml"", ""environment"": ""prod"", ""costcenter"": ""CC500"", ""application"": ""ml-app""}","{""AccountType"": ""LRS""}",Storage,Usage,Azure,,
EA-9876543210,platform-prod-sub,platform-prod-sub,owner_0001@company.com,a1b2c3d4-0001-0001-0001-000000000001,platform-prod-sub,rg-platform-prod,eastus,2026-04-07,Azure SQL Database Standard_S2 - eastus,SQL Database,Standard_S2,cd1e0b9a-8ff0-5779-9281-87ab698e2916,vCore Hours,24.0,1 Hour,7.405256,0.31,0.31,0.31,OnDemand,USD,Microsoft.Sql,/subscriptions/a1b2c3d4-0001-0001-0001-000000000001/resourceGroups/rg-platform-prod/providers/Microsoft.Sql/servers/databases/sqldb-standard-0001,sqldb-standard-0001,"{""team"": ""platform"", ""environment"": ""prod"", ""costcenter"": ""CC100"", ""application"": ""platform-app""}",{},Databases,Usage,Azure,,
EA-9876543210,data-eng-prod-sub,data-eng-prod-sub,owner_0002@company.com,a1b2c3d4-0002-0002-0002-000000000002,data-eng-prod-sub,rg-data-prod,westeurope,2026-04-07,Azure SQL Database Business Critical_BC_Gen5_4 - westeurope,SQL Database,Business Critical_BC_Gen5_4,4bab5ab0-7291-58c2-8564-3252f5053179,vCore Hours,24.0,1 Hour,52.686397,2.2,2.2,2.2,OnDemand,USD,Microsoft.Sql,/subscriptions/a1b2c3d4-0002-0002-0002-000000000002/resourceGroups/rg-data-prod/providers/Microsoft.Sql/servers/databases/sqldb-business critical-0002,sqldb-business critical-0002,{},{},Databases,Usage,Azure,,
EA-9876543210,app-prod-sub,app-prod-sub,owner_0003@company.com,a1b2c3d4-0003-0003-0003-000000000003,app-prod-sub,rg-app-prod,eastus,2026-04-07,Azure SQL Database General Purpose_GP_Gen5_2 - eastus,SQL Database,General Purpose_GP_Gen5_2,69e0198c-4ca3-5ac2-8540-db65f6d44c56,vCore Hours,24.0,1 Hour,14.412439,0.6,0.6,0.6,OnDemand,USD,Microsoft.Sql,/subscriptions/a1b2c3d4-0003-0003-0003-000000000003/resourceGroups/rg-app-prod/providers/Microsoft.Sql/servers/databases/sqldb-general purpose-0003,sqldb-general purpose-0003,"{""team"": ""backend"", ""environment"": ""prod"", ""costcenter"": ""CC400"", ""application"": ""backend-app""}",{},Databases,Usage,Azure,,
EA-9876543210,shared-infra-sub,shared-infra-sub,owner_infra@company.com,a1b2c3d4-9999-9999-9999-000000000099,shared-infra-sub,rg-shared-infra,eastus,2026-04-07,Azure Monitor,Monitor,Data Ingested,aadff281-e00d-588e-bd69-a4630325bd50,Data Ingested,1000.0,1 Unit,44.713443,0.045,0.045,0.045,OnDemand,USD,Microsoft.SharedInfra,/subscriptions/a1b2c3d4-9999-9999-9999-000000000099/resourceGroups/rg-shared-infra/providers/Microsoft.SharedInfra/Monitor/monitor,monitor,{},{},Management,Usage,Azure,,
EA-9876543210,shared-infra-sub,shared-infra-sub,owner_infra@company.com,a1b2c3d4-9999-9999-9999-000000000099,shared-infra-sub,rg-shared-infra,eastus,2026-04-07,Virtual Network,Networking,Intra-Region,cc2ca1a8-2d13-5873-b301-4b8ed16ed2c0,Intra-Region,622.22,1 Unit,28.221591,0.045,0.045,0.045,OnDemand,USD,Microsoft.SharedInfra,/subscriptions/a1b2c3d4-9999-9999-9999-000000000099/resourceGroups/rg-shared-infra/providers/Microsoft.SharedInfra/Networking/networking,networking,{},{},Networking,Usage,Azure,,
EA-9876543210,shared-infra-sub,shared-infra-sub,owner_infra@company.com,a1b2c3d4-9999-9999-9999-000000000099,shared-infra-sub,rg-shared-infra,eastus,2026-04-07,API Management,API Management,Gateway Units,78998862-331b-5215-a4b4-8d4500189f89,Gateway Units,2666.67,1 Unit,119.400191,0.045,0.045,0.045,OnDemand,USD,Microsoft.SharedInfra,/subscriptions/a1b2c3d4-9999-9999-9999-000000000099/resourceGroups/rg-shared-infra/providers/Microsoft.SharedInfra/API Management/api-management,api-management,{},{},Integration,Usage,Azure,,
EA-9876543210,shared-infra-sub,shared-infra-sub,owner_infra@company.com,a1b2c3d4-9999-9999-9999-000000000099,shared-infra-sub,rg-shared-infra,eastus,2026-04-07,Azure Key Vault,Key Vault,Operations,3cb0172e-6732-5350-b439-97753364a78c,Operations,177.78,1 Unit,7.981052,0.045,0.045,0.045,OnDemand,USD,Microsoft.SharedInfra,/subscriptions/a1b2c3d4-9999-9999-9999-000000000099/resourceGroups/rg-shared-infra/providers/Microsoft.SharedInfra/Key Vault/key-vault,key-vault,{},{},Security,Usage,Azure,,
EA-9876543210,shared-infra-sub,shared-infra-sub,owner_infra@company.com,a1b2c3d4-9999-9999-9999-000000000099,shared-infra-sub,rg-shared-infra,eastus,2026-04-07,Azure Blob Storage,Storage,Data Stored,2e8ee991-b3b7-5136-98e5-4772405cdb0c,Data Stored,400.0,1 Unit,17.824542,0.045,0.045,0.045,OnDemand,USD,Microsoft.SharedInfra,/subscriptions/a1b2c3d4-9999-9999-9999-000000000099/resourceGroups/rg-shared-infra/providers/Microsoft.SharedInfra/Storage/storage,storage,{},{},Storage,Usage,Azure,,
EA-9876543210,platform-prod-sub,platform-prod-sub,owner_0001@company.com,a1b2c3d4-0001-0001-0001-000000000001,platform-prod-sub,rg-platform-prod,eastus,2026-04-08,Virtual Machines Standard_D2s_v3 - eastus,Virtual Machines,Standard_D2s_v3 Series,bbc4f1e6-b32a-5f02-86f0-702bf6097b8b,D2s v3,24.0,1 Hour,4.070302,0.168,0.169596,0.168,OnDemand,USD,Microsoft.Compute,/subscriptions/a1b2c3d4-0001-0001-0001-000000000001/resourceGroups/rg-platform-prod/providers/Microsoft.Compute/virtualMachines/vm-standard-d2s-v3-00,vm-standard-d2s-v3-00,"{""team"": ""platform"", ""environment"": ""prod"", ""costcenter"": ""CC100"", ""application"": ""platform-app""}","{""ServiceType"": ""Standard"", ""VMName"": ""vm-standard-d2s-v3-00"", ""vCPUs"": 2}",Compute,Usage,Azure,,
EA-9876543210,platform-prod-sub,platform-prod-sub,owner_0001@company.com,a1b2c3d4-0001-0001-0001-000000000001,platform-prod-sub,rg-platform-prod,eastus,2026-04-08,Virtual Machines Standard_D2s_v3 - eastus,Virtual Machines,Standard_D2s_v3 Series,bbc4f1e6-b32a-5f02-86f0-702bf6097b8b,D2s v3,24.0,1 Hour,4.050976,0.168,0.168791,0.168,OnDemand,USD,Microsoft.Compute,/subscriptions/a1b2c3d4-0001-0001-0001-000000000001/resourceGroups/rg-platform-prod/providers/Microsoft.Compute/virtualMachines/vm-standard-d2s-v3-01,vm-standard-d2s-v3-01,"{""team"": ""platform"", ""environment"": ""prod"", ""costcenter"": ""CC100"", ""application"": ""platform-app""}","{""ServiceType"": ""Standard"", ""VMName"": ""vm-standard-d2s-v3-01"", ""vCPUs"": 2}",Compute,Usage,Azure,,
EA-9876543210,app-prod-sub,app-prod-sub,owner_0003@company.com,a1b2c3d4-0003-0003-0003-000000000003,app-prod-sub,rg-app-prod,eastus,2026-04-08,Virtual Machines Standard_D4s_v3 - eastus,Virtual Machines,Standard_D4s_v3 Series,6c8e1236-a3aa-53d7-8e09-dadb98f69027,D4s v3,24.0,1 Hour,8.046118,0.336,0.335255,0.336,OnDemand,USD,Microsoft.Compute,/subscriptions/a1b2c3d4-0003-0003-0003-000000000003/resourceGroups/rg-app-prod/providers/Microsoft.Compute/virtualMachines/vm-standard-d4s-v3-02,vm-standard-d4s-v3-02,"{""team"": ""backend"", ""environment"": ""prod"", ""costcenter"": ""CC400"", ""application"": ""backend-app""}","{""ServiceType"": ""Standard"", ""VMName"": ""vm-standard-d4s-v3-02"", ""vCPUs"": 4}",Compute,Usage,Azure,,
EA-9876543210,data-eng-prod-sub,data-eng-prod-sub,owner_0002@company.com,a1b2c3d4-0002-0002-0002-000000000002,data-eng-prod-sub,rg-data-prod,westeurope,2026-04-08,Virtual Machines Standard_E4s_v3 - westeurope,Virtual Machines,Standard_E4s_v3 Series,7373fa15-5d45-5d30-a83f-72064e156f94,E4s v3,24.0,1 Hour,4.933012,0.364,0.205542,0.364,Reservation,USD,Microsoft.Compute,/subscriptions/a1b2c3d4-0002-0002-0002-000000000002/resourceGroups/rg-data-prod/providers/Microsoft.Compute/virtualMachines/vm-standard-e4s-v3-03,vm-standard-e4s-v3-03,{},"{""ServiceType"": ""Standard"", ""VMName"": ""vm-standard-e4s-v3-03"", ""vCPUs"": 4}",Compute,Usage,Azure,/providers/Microsoft.BillingBenefits/savingsPlanOrders/2b3764d2-eb8d-4d0c-9548-299b3a9002b1,Reserved VM Instance_westeurope_1Year
EA-9876543210,data-eng-prod-sub,data-eng-prod-sub,owner_0002@company.com,a1b2c3d4-0002-0002-0002-000000000002,data-eng-prod-sub,rg-data-prod,westeurope,2026-04-08,Unused Reservation - vm-standard-e4s-v3-03,Virtual Machines,Unused Capacity,97043d61-f8b6-5e09-b92d-767de89413b0,Unused,0.0,1 Hour,0.89537,0.0,0.0,0.364,Reservation,USD,Microsoft.Compute,,vm-standard-e4s-v3-03,"{""team"": ""data-eng"", ""environment"": ""prod"", ""costcenter"": ""CC200"", ""application"": ""data-eng-app""}",{},Compute,UnusedReservation,Azure,/providers/Microsoft.BillingBenefits/savingsPlanOrders/2f0f31d8-ce26-4933-a166-f7febb4cacf7,Reserved VM Instance_westeurope_1Year
EA-9876543210,data-eng-prod-sub,data-eng-prod-sub,owner_0002@company.com,a1b2c3d4-0002-0002-0002-000000000002,data-eng-prod-sub,rg-data-prod,westeurope,2026-04-08,Virtual Machines Standard_E8s_v3 - westeurope,Virtual Machines,Standard_E8s_v3 Series,2b9593f7-8692-56d9-b10a-a624f400da47,E8s v3,24.0,1 Hour,17.465441,0.728,0.727727,0.728,OnDemand,USD,Microsoft.Compute,/subscriptions/a1b2c3d4-0002-0002-0002-000000000002/resourceGroups/rg-data-prod/providers/Microsoft.Compute/virtualMachines/vm-standard-e8s-v3-04,vm-standard-e8s-v3-04,"{""team"": ""data-eng"", ""environment"": ""prod"", ""costcenter"": ""CC200"", ""application"": ""data-eng-app""}","{""ServiceType"": ""Standard"", ""VMName"": ""vm-standard-e8s-v3-04"", ""vCPUs"": 8}",Compute,Usage,Azure,,
EA-9876543210,data-eng-prod-sub,data-eng-prod-sub,owner_0002@company.com,a1b2c3d4-0002-0002-0002-000000000002,data-eng-prod-sub,rg-ml-prod,westeurope,2026-04-08,Virtual Machines Standard_F4s_v2 - westeurope,Virtual Machines,Standard_F4s_v2 Series,303bf71a-6d52-56d9-8e75-95552aa01c86,F4s v2,24.0,1 Hour,3.932669,0.252,0.163861,0.252,Reservation,USD,Microsoft.Compute,/subscriptions/a1b2c3d4-0002-0002-0002-000000000002/resourceGroups/rg-ml-prod/providers/Microsoft.Compute/virtualMachines/vm-standard-f4s-v2-05,vm-standard-f4s-v2-05,"{""team"": ""ml"", ""environment"": ""prod"", ""costcenter"": ""CC500"", ""application"": ""ml-app""}","{""ServiceType"": ""Standard"", ""VMName"": ""vm-standard-f4s-v2-05"", ""vCPUs"": 4}",Compute,Usage,Azure,/providers/Microsoft.BillingBenefits/savingsPlanOrders/46c1aefe-ef3b-48a3-b717-7a9a1499aa9a,Reserved VM Instance_westeurope_1Year
EA-9876543210,data-eng-prod-sub,data-eng-prod-sub,owner_0002@company.com,a1b2c3d4-0002-0002-0002-000000000002,data-eng-prod-sub,rg-ml-prod,westeurope,2026-04-08,Unused Reservation - vm-standard-f4s-v2-05,Virtual Machines,Unused Capacity,647df6cc-43e4-5f48-8c87-da5da1c1dbd1,Unused,0.0,1 Hour,0.920161,0.0,0.0,0.252,Reservation,USD,Microsoft.Compute,,vm-standard-f4s-v2-05,"{""team"": ""ml"", ""environment"": ""prod"", ""costcenter"": ""CC500"", ""application"": ""ml-app""}",{},Compute,UnusedReservation,Azure,/providers/Microsoft.BillingBenefits/savingsPlanOrders/0df701dc-b27d-463a-aed1-7e1a605ca0a4,Reserved VM Instance_westeurope_1Year
EA-9876543210,data-eng-prod-sub,data-eng-prod-sub,owner_0002@company.com,a1b2c3d4-0002-0002-0002-000000000002,data-eng-prod-sub,rg-ml-prod,westeurope,2026-04-08,Virtual Machines Standard_D8s_v3 - westeurope,Virtual Machines,Standard_D8s_v3 Series,348575ff-7ae0-57e5-896e-037d67179117,D8s v3,24.0,1 Hour,11.622178,0.672,0.484257,0.672,SavingsPlan,USD,Microsoft.Compute,/subscriptions/a1b2c3d4-0002-0002-0002-000000000002/resourceGroups/rg-ml-prod/providers/Microsoft.Compute/virtualMachines/vm-standard-d8s-v3-06,vm-standard-d8s-v3-06,"{""team"": ""ml"", ""environment"": ""prod"", ""costcenter"": ""CC500"", ""application"": ""ml-app""}","{""ServiceType"": ""Standard"", ""VMName"": ""vm-standard-d8s-v3-06"", ""vCPUs"": 8}",Compute,Usage,Azure,/providers/Microsoft.BillingBenefits/savingsPlanOrders/cceaa1bd-5af3-4181-9f86-ddf1367ba6c5,Compute savings plan_1Year
EA-9876543210,app-prod-sub,app-prod-sub,owner_0003@company.com,a1b2c3d4-0003-0003-0003-000000000003,app-prod-sub,rg-app-prod,southeastasia,2026-04-08,Virtual Machines Standard_B2s - southeastasia,Virtual Machines,Standard_B2s Series,78a50003-6630-5ba4-aad2-c10f0de71d3b,B2s,24.0,1 Hour,2.005641,0.084,0.083568,0.084,OnDemand,USD,Microsoft.Compute,/subscriptions/a1b2c3d4-0003-0003-0003-000000000003/resourceGroups/rg-app-prod/providers/Microsoft.Compute/virtualMachines/vm-standard-b2s-07,vm-standard-b2s-07,"{""team"": ""frontend"", ""environment"": ""prod"", ""costcenter"": ""CC300"", ""application"": ""frontend-app""}","{""ServiceType"": ""Standard"", ""VMName"": ""vm-standard-b2s-07"", ""vCPUs"": 2}",Compute,Usage,Azure,,
EA-9876543210,app-prod-sub,app-prod-sub,owner_0003@company.com,a1b2c3d4-0003-0003-0003-000000000003,app-prod-sub,rg-app-staging,southeastasia,2026-04-08,Virtual Machines Standard_B2s - southeastasia,Virtual Machines,Standard_B2s Series,78a50003-6630-5ba4-aad2-c10f0de71d3b,B2s,24.0,1 Hour,2.023597,0.084,0.084317,0.084,OnDemand,USD,Microsoft.Compute,/subscriptions/a1b2c3d4-0003-0003-0003-000000000003/resourceGroups/rg-app-staging/providers/Microsoft.Compute/virtualMachines/vm-standard-b2s-08,vm-standard-b2s-08,"{""team"": ""frontend"", ""environment"": ""staging"", ""costcenter"": ""CC300"", ""application"": ""frontend-app""}","{""ServiceType"": ""Standard"", ""VMName"": ""vm-standard-b2s-08"", ""vCPUs"": 2}",Compute,Usage,Azure,,
EA-9876543210,app-prod-sub,app-prod-sub,owner_0003@company.com,a1b2c3d4-0003-0003-0003-000000000003,app-prod-sub,rg-app-staging,eastus,2026-04-08,Virtual Machines Standard_D2s_v3 - eastus,Virtual Machines,Standard_D2s_v3 Series,bbc4f1e6-b32a-5f02-86f0-702bf6097b8b,D2s v3,24.0,1 Hour,4.031993,0.168,0.168,0.168,OnDemand,USD,Microsoft.Compute,/subscriptions/a1b2c3d4-0003-0003-0003-000000000003/resourceGroups/rg-app-staging/providers/Microsoft.Compute/virtualMachines/vm-standard-d2s-v3-09,vm-standard-d2s-v3-09,"{""team"": ""backend"", ""environment"": ""staging"", ""costcenter"": ""CC400"", ""application"": ""backend-app""}","{""ServiceType"": ""Standard"", ""VMName"": ""vm-standard-d2s-v3-09"", ""vCPUs"": 2}",Compute,Usage,Azure,,
EA-9876543210,platform-prod-sub,platform-prod-sub,owner_0001@company.com,a1b2c3d4-0001-0001-0001-000000000001,platform-prod-sub,rg-platform-dev,eastus,2026-04-08,Virtual Machines Standard_B2s - eastus,Virtual Machines,Standard_B2s Series,7190101e-d2ab-5a56-ad8e-83f7122f17e8,B2s,24.0,1 Hour,2.026465,0.084,0.084436,0.084,OnDemand,USD,Microsoft.Compute,/subscriptions/a1b2c3d4-0001-0001-0001-000000000001/resourceGroups/rg-platform-dev/providers/Microsoft.Compute/virtualMachines/vm-standard-b2s-10,vm-standard-b2s-10,"{""team"": ""platform"", ""environment"": ""dev"", ""costcenter"": ""CC100"", ""application"": ""platform-app""}","{""ServiceType"": ""Standard"", ""VMName"": ""vm-standard-b2s-10"", ""vCPUs"": 2}",Compute,Usage,Azure,,
EA-9876543210,app-prod-sub,app-prod-sub,owner_0003@company.com,a1b2c3d4-0003-0003-0003-000000000003,app-prod-sub,rg-app-dev,eastus,2026-04-08,Virtual Machines Standard_B2s - eastus,Virtual Machines,Standard_B2s Series,7190101e-d2ab-5a56-ad8e-83f7122f17e8,B2s,24.0,1 Hour,1.568533,0.084,0.065356,0.084,SavingsPlan,USD,Microsoft.Compute,/subscriptions/a1b2c3d4-0003-0003-0003-000000000003/resourceGroups/rg-app-dev/providers/Microsoft.Compute/virtualMachines/vm-standard-b2s-11,vm-standard-b2s-11,{},"{""ServiceType"": ""Standard"", ""VMName"": ""vm-standard-b2s-11"", ""vCPUs"": 2}",Compute,Usage,Azure,/providers/Microsoft.BillingBenefits/savingsPlanOrders/d9c0ca88-92c9-4eea-8f3b-73066c475848,Compute savings plan_1Year
EA-9876543210,app-prod-sub,app-prod-sub,owner_0003@company.com,a1b2c3d4-0003-0003-0003-000000000003,app-prod-sub,rg-app-dev,eastus,2026-04-08,Unused Reservation - vm-standard-b2s-11,Virtual Machines,Unused Capacity,dba1b264-7417-54ca-9dda-5d9da050abb6,Unused,0.0,1 Hour,0.237219,0.0,0.0,0.084,SavingsPlan,USD,Microsoft.Compute,,vm-standard-b2s-11,{},{},Compute,UnusedSavingsPlan,Azure,/providers/Microsoft.BillingBenefits/savingsPlanOrders/ea63c120-34dd-4254-95e1-a72ebca6628b,Compute savings plan_1Year
EA-9876543210,platform-prod-sub,platform-prod-sub,owner_0001@company.com,a1b2c3d4-0001-0001-0001-000000000001,platform-prod-sub,rg-platform-prod,eastus,2026-04-08,Blob Storage - LRS - Hot - eastus,Storage,Blobs - LRS - Hot,fb8faed0-f377-5fb0-92b7-78035153a7fa,Data Stored,849.9793,1 GB/Month,0.508799,0.018,0.018,0.018,OnDemand,USD,Microsoft.Storage,/subscriptions/a1b2c3d4-0001-0001-0001-000000000001/resourceGroups/rg-platform-prod/providers/Microsoft.Storage/storageAccounts/stplatformassets,stplatformassets,{},"{""AccountType"": ""LRS""}",Storage,Usage,Azure,,
EA-9876543210,data-eng-prod-sub,data-eng-prod-sub,owner_0002@company.com,a1b2c3d4-0002-0002-0002-000000000002,data-eng-prod-sub,rg-data-prod,westeurope,2026-04-08,Blob Storage - ZRS - Hot - westeurope,Storage,Blobs - ZRS - Hot,9dd9b051-b91d-533a-9f70-e4838eb241bb,Data Stored,3200.3734,1 GB/Month,2.450636,0.023,0.023,0.023,OnDemand,USD,Microsoft.Storage,/subscriptions/a1b2c3d4-0002-0002-0002-000000000002/resourceGroups/rg-data-prod/providers/Microsoft.Storage/storageAccounts/stdatalake,stdatalake,"{""team"": ""data-eng"", ""environment"": ""prod"", ""costcenter"": ""CC200"", ""application"": ""data-eng-app""}","{""AccountType"": ""ZRS""}",Storage,Usage,Azure,,
EA-9876543210,app-prod-sub,app-prod-sub,owner_0003@company.com,a1b2c3d4-0003-0003-0003-000000000003,app-prod-sub,rg-app-prod,southeastasia,2026-04-08,Blob Storage - LRS - Hot - southeastasia,Storage,Blobs - LRS - Hot,3ae72a36-b458-5b93-9e16-84484844594d,Data Stored,399.8779,1 GB/Month,0.240208,0.018,0.018,0.018,OnDemand,USD,Microsoft.Storage,/subscriptions/a1b2c3d4-0003-0003-0003-000000000003/resourceGroups/rg-app-prod/providers/Microsoft.Storage/storageAccounts/stappassets,stappassets,"{""team"": ""frontend"", ""environment"": ""prod"", ""costcenter"": ""CC300"", ""application"": ""frontend-app""}","{""AccountType"": ""LRS""}",Storage,Usage,Azure,,
EA-9876543210,data-eng-prod-sub,data-eng-prod-sub,owner_0002@company.com,a1b2c3d4-0002-0002-0002-000000000002,data-eng-prod-sub,rg-ml-prod,westeurope,2026-04-08,Blob Storage - LRS - Hot - westeurope,Storage,Blobs - LRS - Hot,4ba045d2-b571-568f-be23-884194c5daba,Data Stored,1100.513,1 GB/Month,0.661552,0.018,0.018,0.018,OnDemand,USD,Microsoft.Storage,/subscriptions/a1b2c3d4-0002-0002-0002-000000000002/resourceGroups/rg-ml-prod/providers/Microsoft.Storage/storageAccounts/stmlmodels,stmlmodels,"{""team"": ""ml"", ""environment"": ""prod"", ""costcenter"": ""CC500"", ""application"": ""ml-app""}","{""AccountType"": ""LRS""}",Storage,Usage,Azure,,
EA-9876543210,platform-prod-sub,platform-prod-sub,owner_0001@company.com,a1b2c3d4-0001-0001-0001-000000000001,platform-prod-sub,rg-platform-prod,eastus,2026-04-08,Azure SQL Database Standard_S2 - eastus,SQL Database,Standard_S2,cd1e0b9a-8ff0-5779-9281-87ab698e2916,vCore Hours,24.0,1 Hour,7.368777,0.31,0.31,0.31,OnDemand,USD,Microsoft.Sql,/subscriptions/a1b2c3d4-0001-0001-0001-000000000001/resourceGroups/rg-platform-prod/providers/Microsoft.Sql/servers/databases/sqldb-standard-0001,sqldb-standard-0001,{},{},Databases,Usage,Azure,,
EA-9876543210,data-eng-prod-sub,data-eng-prod-sub,owner_0002@company.com,a1b2c3d4-0002-0002-0002-000000000002,data-eng-prod-sub,rg-data-prod,westeurope,2026-04-08,Azure SQL Database Business Critical_BC_Gen5_4 - westeurope,SQL Database,Business Critical_BC_Gen5_4,4bab5ab0-7291-58c2-8564-3252f5053179,vCore Hours,24.0,1 Hour,52.670924,2.2,2.2,2.2,OnDemand,USD,Microsoft.Sql,/subscriptions/a1b2c3d4-0002-0002-0002-000000000002/resourceGroups/rg-data-prod/providers/Microsoft.Sql/servers/databases/sqldb-business critical-0002,sqldb-business critical-0002,"{""team"": ""data-eng"", ""environment"": ""prod"", ""costcenter"": ""CC200"", ""application"": ""data-eng-app""}",{},Databases,Usage,Azure,,
EA-9876543210,app-prod-sub,app-prod-sub,owner_0003@company.com,a1b2c3d4-0003-0003-0003-000000000003,app-prod-sub,rg-app-prod,eastus,2026-04-08,Azure SQL Database General Purpose_GP_Gen5_2 - eastus,SQL Database,General Purpose_GP_Gen5_2,69e0198c-4ca3-5ac2-8540-db65f6d44c56,vCore Hours,24.0,1 Hour,14.464627,0.6,0.6,0.6,OnDemand,USD,Microsoft.Sql,/subscriptions/a1b2c3d4-0003-0003-0003-000000000003/resourceGroups/rg-app-prod/providers/Microsoft.Sql/servers/databases/sqldb-general purpose-0003,sqldb-general purpose-0003,{},{},Databases,Usage,Azure,,
EA-9876543210,shared-infra-sub,shared-infra-sub,owner_infra@company.com,a1b2c3d4-9999-9999-9999-000000000099,shared-infra-sub,rg-shared-infra,eastus,2026-04-08,Azure Monitor,Monitor,Data Ingested,aadff281-e00d-588e-bd69-a4630325bd50,Data Ingested,1000.0,1 Unit,44.775627,0.045,0.045,0.045,OnDemand,USD,Microsoft.SharedInfra,/subscriptions/a1b2c3d4-9999-9999-9999-000000000099/resourceGroups/rg-shared-infra/providers/Microsoft.SharedInfra/Monitor/monitor,monitor,{},{},Management,Usage,Azure,,
EA-9876543210,shared-infra-sub,shared-infra-sub,owner_infra@company.com,a1b2c3d4-9999-9999-9999-000000000099,shared-infra-sub,rg-shared-infra,eastus,2026-04-08,Virtual Network,Networking,Intra-Region,cc2ca1a8-2d13-5873-b301-4b8ed16ed2c0,Intra-Region,622.22,1 Unit,27.742114,0.045,0.045,0.045,OnDemand,USD,Microsoft.SharedInfra,/subscriptions/a1b2c3d4-9999-9999-9999-000000000099/resourceGroups/rg-shared-infra/providers/Microsoft.SharedInfra/Networking/networking,networking,{},{},Networking,Usage,Azure,,
EA-9876543210,shared-infra-sub,shared-infra-sub,owner_infra@company.com,a1b2c3d4-9999-9999-9999-000000000099,shared-infra-sub,rg-shared-infra,eastus,2026-04-08,API Management,API Management,Gateway Units,78998862-331b-5215-a4b4-8d4500189f89,Gateway Units,2666.67,1 Unit,120.495902,0.045,0.045,0.045,OnDemand,USD,Microsoft.SharedInfra,/subscriptions/a1b2c3d4-9999-9999-9999-000000000099/resourceGroups/rg-shared-infra/providers/Microsoft.SharedInfra/API Management/api-management,api-management,{},{},Integration,Usage,Azure,,
EA-9876543210,shared-infra-sub,shared-infra-sub,owner_infra@company.com,a1b2c3d4-9999-9999-9999-000000000099,shared-infra-sub,rg-shared-infra,eastus,2026-04-08,Azure Key Vault,Key Vault,Operations,3cb0172e-6732-5350-b439-97753364a78c,Operations,177.78,1 Unit,8.009444,0.045,0.045,0.045,OnDemand,USD,Microsoft.SharedInfra,/subscriptions/a1b2c3d4-9999-9999-9999-000000000099/resourceGroups/rg-shared-infra/providers/Microsoft.SharedInfra/Key Vault/key-vault,key-vault,{},{},Security,Usage,Azure,,
EA-9876543210,shared-infra-sub,shared-infra-sub,owner_infra@company.com,a1b2c3d4-9999-9999-9999-000000000099,shared-infra-sub,rg-shared-infra,eastus,2026-04-08,Azure Blob Storage,Storage,Data Stored,2e8ee991-b3b7-5136-98e5-4772405cdb0c,Data Stored,400.0,1 Unit,18.015384,0.045,0.045,0.045,OnDemand,USD,Microsoft.SharedInfra,/subscriptions/a1b2c3d4-9999-9999-9999-000000000099/resourceGroups/rg-shared-infra/providers/Microsoft.SharedInfra/Storage/storage,storage,{},{},Storage,Usage,Azure,,
EA-9876543210,platform-prod-sub,platform-prod-sub,owner_0001@company.com,a1b2c3d4-0001-0001-0001-000000000001,platform-prod-sub,rg-platform-prod,eastus,2026-04-09,Virtual Machines Standard_D2s_v3 - eastus,Virtual Machines,Standard_D2s_v3 Series,bbc4f1e6-b32a-5f02-86f0-702bf6097b8b,D2s v3,24.0,1 Hour,4.017782,0.168,0.167408,0.168,OnDemand,USD,Microsoft.Compute,/subscriptions/a1b2c3d4-0001-0001-0001-000000000001/resourceGroups/rg-platform-prod/providers/Microsoft.Compute/virtualMachines/vm-standard-d2s-v3-00,vm-standard-d2s-v3-00,"{""team"": ""platform"", ""environment"": ""prod"", ""costcenter"": ""CC100"", ""application"": ""platform-app""}","{""ServiceType"": ""Standard"", ""VMName"": ""vm-standard-d2s-v3-00"", ""vCPUs"": 2}",Compute,Usage,Azure,,
EA-9876543210,platform-prod-sub,platform-prod-sub,owner_0001@company.com,a1b2c3d4-0001-0001-0001-000000000001,platform-prod-sub,rg-platform-prod,eastus,2026-04-09,Virtual Machines Standard_D2s_v3 - eastus,Virtual Machines,Standard_D2s_v3 Series,bbc4f1e6-b32a-5f02-86f0-702bf6097b8b,D2s v3,24.0,1 Hour,4.061076,0.168,0.169211,0.168,OnDemand,USD,Microsoft.Compute,/subscriptions/a1b2c3d4-0001-0001-0001-000000000001/resourceGroups/rg-platform-prod/providers/Microsoft.Compute/virtualMachines/vm-standard-d2s-v3-01,vm-standard-d2s-v3-01,"{""team"": ""platform"", ""environment"": ""prod"", ""costcenter"": ""CC100"", ""application"": ""platform-app""}","{""ServiceType"": ""Standard"", ""VMName"": ""vm-standard-d2s-v3-01"", ""vCPUs"": 2}",Compute,Usage,Azure,,
EA-9876543210,app-prod-sub,app-prod-sub,owner_0003@company.com,a1b2c3d4-0003-0003-0003-000000000003,app-prod-sub,rg-app-prod,eastus,2026-04-09,Virtual Machines Standard_D4s_v3 - eastus,Virtual Machines,Standard_D4s_v3 Series,6c8e1236-a3aa-53d7-8e09-dadb98f69027,D4s v3,24.0,1 Hour,8.115516,0.336,0.338146,0.336,OnDemand,USD,Microsoft.Compute,/subscriptions/a1b2c3d4-0003-0003-0003-000000000003/resourceGroups/rg-app-prod/providers/Microsoft.Compute/virtualMachines/vm-standard-d4s-v3-02,vm-standard-d4s-v3-02,"{""team"": ""backend"", ""environment"": ""prod"", ""costcenter"": ""CC400"", ""application"": ""backend-app""}","{""ServiceType"": ""Standard"", ""VMName"": ""vm-standard-d4s-v3-02"", ""vCPUs"": 4}",Compute,Usage,Azure,,
EA-9876543210,data-eng-prod-sub,data-eng-prod-sub,owner_0002@company.com,a1b2c3d4-0002-0002-0002-000000000002,data-eng-prod-sub,rg-data-prod,westeurope,2026-04-09,Virtual Machines Standard_E4s_v3 - westeurope,Virtual Machines,Standard_E4s_v3 Series,7373fa15-5d45-5d30-a83f-72064e156f94,E4s v3,24.0,1 Hour,5.52149,0.364,0.230062,0.364,Reservation,USD,Microsoft.Compute,/subscriptions/a1b2c3d4-0002-0002-0002-000000000002/resourceGroups/rg-data-prod/providers/Microsoft.Compute/virtualMachines/vm-standard-e4s-v3-03,vm-standard-e4s-v3-03,"{""team"": ""data-eng"", ""environment"": ""prod"", ""costcenter"": ""CC200"", ""application"": ""data-eng-app""}","{""ServiceType"": ""Standard"", ""VMName"": ""vm-standard-e4s-v3-03"", ""vCPUs"": 4}",Compute,Usage,Azure,/providers/Microsoft.BillingBenefits/savingsPlanOrders/168ddf7b-1ff4-48fd-8fbe-0ba3873aeb49,Reserved VM Instance_westeurope_1Year
EA-9876543210,data-eng-prod-sub,data-eng-prod-sub,owner_0002@company.com,a1b2c3d4-0002-0002-0002-000000000002,data-eng-prod-sub,rg-data-prod,westeurope,2026-04-09,Virtual Machines Standard_E8s_v3 - westeurope,Virtual Machines,Standard_E8s_v3 Series,2b9593f7-8692-56d9-b10a-a624f400da47,E8s v3,24.0,1 Hour,17.424502,0.728,0.726021,0.728,OnDemand,USD,Microsoft.Compute,/subscriptions/a1b2c3d4-0002-0002-0002-000000000002/resourceGroups/rg-data-prod/providers/Microsoft.Compute/virtualMachines/vm-standard-e8s-v3-04,vm-standard-e8s-v3-04,{},"{""ServiceType"": ""Standard"", ""VMName"": ""vm-standard-e8s-v3-04"", ""vCPUs"": 8}",Compute,Usage,Azure,,
EA-9876543210,data-eng-prod-sub,data-eng-prod-sub,owner_0002@company.com,a1b2c3d4-0002-0002-0002-000000000002,data-eng-prod-sub,rg-ml-prod,westeurope,2026-04-09,Virtual Machines Standard_F4s_v2 - westeurope,Virtual Machines,Standard_F4s_v2 Series,303bf71a-6d52-56d9-8e75-95552aa01c86,F4s v2,24.0,1 Hour,4.016341,0.252,0.167348,0.252,Reservation,USD,Microsoft.Compute,/subscriptions/a1b2c3d4-0002-0002-0002-000000000002/resourceGroups/rg-ml-prod/providers/Microsoft.Compute/virtualMachines/vm-standard-f4s-v2-05,vm-standard-f4s-v2-05,"{""team"": ""ml"", ""environment"": ""prod"", ""costcenter"": ""CC500"", ""application"": ""ml-app""}","{""ServiceType"": ""Standard"", ""VMName"": ""vm-standard-f4s-v2-05"", ""vCPUs"": 4}",Compute,Usage,Azure,/providers/Microsoft.BillingBenefits/savingsPlanOrders/dd529106-9c20-49c8-94a9-19b2e1b02129,Reserved VM Instance_westeurope_1Year
EA-9876543210,data-eng-prod-sub,data-eng-prod-sub,owner_0002@company.com,a1b2c3d4-0002-0002-0002-000000000002,data-eng-prod-sub,rg-ml-prod,westeurope,2026-04-09,Virtual Machines Standard_D8s_v3 - westeurope,Virtual Machines,Standard_D8s_v3 Series,348575ff-7ae0-57e5-896e-037d67179117,D8s v3,24.0,1 Hour,11.36912,0.672,0.473713,0.672,SavingsPlan,USD,Microsoft.Compute,/subscriptions/a1b2c3d4-0002-0002-0002-000000000002/resourceGroups/rg-ml-prod/providers/Microsoft.Compute/virtualMachines/vm-standard-d8s-v3-06,vm-standard-d8s-v3-06,{},"{""ServiceType"": ""Standard"", ""VMName"": ""vm-standard-d8s-v3-06"", ""vCPUs"": 8}",Compute,Usage,Azure,/providers/Microsoft.BillingBenefits/savingsPlanOrders/925b3463-fffa-4581-80fd-dd610ec46e67,Compute savings plan_1Year
EA-9876543210,data-eng-prod-sub,data-eng-prod-sub,owner_0002@company.com,a1b2c3d4-0002-0002-0002-000000000002,data-eng-prod-sub,rg-ml-prod,westeurope,2026-04-09,Unused Reservation - vm-standard-d8s-v3-06,Virtual Machines,Unused Capacity,211a5dfb-8589-5275-8295-d59ee4b1cdf5,Unused,0.0,1 Hour,3.346167,0.0,0.0,0.672,SavingsPlan,USD,Microsoft.Compute,,vm-standard-d8s-v3-06,"{""team"": ""ml"", ""environment"": ""prod"", ""costcenter"": ""CC500"", ""application"": ""ml-app""}",{},Compute,UnusedSavingsPlan,Azure,/providers/Microsoft.BillingBenefits/savingsPlanOrders/42b2c5d2-0f29-4878-89c9-887d04eeb6df,Compute savings plan_1Year
EA-9876543210,app-prod-sub,app-prod-sub,owner_0003@company.com,a1b2c3d4-0003-0003-0003-000000000003,app-prod-sub,rg-app-prod,southeastasia,2026-04-09,Virtual Machines Standard_B2s - southeastasia,Virtual Machines,Standard_B2s Series,78a50003-6630-5ba4-aad2-c10f0de71d3b,B2s,24.0,1 Hour,2.008824,0.084,0.083701,0.084,OnDemand,USD,Microsoft.Compute,/subscriptions/a1b2c3d4-0003-0003-0003-000000000003/resourceGroups/rg-app-prod/providers/Microsoft.Compute/virtualMachines/vm-standard-b2s-07,vm-standard-b2s-07,"{""team"": ""frontend"", ""environment"": ""prod"", ""costcenter"": ""CC300"", ""application"": ""frontend-app""}","{""ServiceType"": ""Standard"", ""VMName"": ""vm-standard-b2s-07"", ""vCPUs"": 2}",Compute,Usage,Azure,,
EA-9876543210,app-prod-sub,app-prod-sub,owner_0003@company.com,a1b2c3d4-0003-0003-0003-000000000003,app-prod-sub,rg-app-staging,southeastasia,2026-04-09,Virtual Machines Standard_B2s - southeastasia,Virtual Machines,Standard_B2s Series,78a50003-6630-5ba4-aad2-c10f0de71d3b,B2s,24.0,1 Hour,2.033652,0.084,0.084736,0.084,OnDemand,USD,Microsoft.Compute,/subscriptions/a1b2c3d4-0003-0003-0003-000000000003/resourceGroups/rg-app-staging/providers/Microsoft.Compute/virtualMachines/vm-standard-b2s-08,vm-standard-b2s-08,{},"{""ServiceType"": ""Standard"", ""VMName"": ""vm-standard-b2s-08"", ""vCPUs"": 2}",Compute,Usage,Azure,,
EA-9876543210,app-prod-sub,app-prod-sub,owner_0003@company.com,a1b2c3d4-0003-0003-0003-000000000003,app-prod-sub,rg-app-staging,eastus,2026-04-09,Virtual Machines Standard_D2s_v3 - eastus,Virtual Machines,Standard_D2s_v3 Series,bbc4f1e6-b32a-5f02-86f0-702bf6097b8b,D2s v3,24.0,1 Hour,4.007132,0.168,0.166964,0.168,OnDemand,USD,Microsoft.Compute,/subscriptions/a1b2c3d4-0003-0003-0003-000000000003/resourceGroups/rg-app-staging/providers/Microsoft.Compute/virtualMachines/vm-standard-d2s-v3-09,vm-standard-d2s-v3-09,"{""team"": ""backend"", ""environment"": ""staging"", ""costcenter"": ""CC400"", ""application"": ""backend-app""}","{""ServiceType"": ""Standard"", ""VMName"": ""vm-standard-d2s-v3-09"", ""vCPUs"": 2}",Compute,Usage,Azure,,
EA-9876543210,platform-prod-sub,platform-prod-sub,owner_0001@company.com,a1b2c3d4-0001-0001-0001-000000000001,platform-prod-sub,rg-platform-dev,eastus,2026-04-09,Virtual Machines Standard_B2s - eastus,Virtual Machines,Standard_B2s Series,7190101e-d2ab-5a56-ad8e-83f7122f17e8,B2s,24.0,1 Hour,2.015593,0.084,0.083983,0.084,OnDemand,USD,Microsoft.Compute,/subscriptions/a1b2c3d4-0001-0001-0001-000000000001/resourceGroups/rg-platform-dev/providers/Microsoft.Compute/virtualMachines/vm-standard-b2s-10,vm-standard-b2s-10,{},"{""ServiceType"": ""Standard"", ""VMName"": ""vm-standard-b2s-10"", ""vCPUs"": 2}",Compute,Usage,Azure,,
EA-9876543210,app-prod-sub,app-prod-sub,owner_0003@company.com,a1b2c3d4-0003-0003-0003-000000000003,app-prod-sub,rg-app-dev,eastus,2026-04-09,Virtual Machines Standard_B2s - eastus,Virtual Machines,Standard_B2s Series,7190101e-d2ab-5a56-ad8e-83f7122f17e8,B2s,24.0,1 Hour,1.580106,0.084,0.065838,0.084,SavingsPlan,USD,Microsoft.Compute,/subscriptions/a1b2c3d4-0003-0003-0003-000000000003/resourceGroups/rg-app-dev/providers/Microsoft.Compute/virtualMachines/vm-standard-b2s-11,vm-standard-b2s-11,{},"{""ServiceType"": ""Standard"", ""VMName"": ""vm-standard-b2s-11"", ""vCPUs"": 2}",Compute,Usage,Azure,/providers/Microsoft.BillingBenefits/savingsPlanOrders/43d50bd8-ae51-4961-9366-75b8e67ec018,Compute savings plan_1Year
EA-9876543210,app-prod-sub,app-prod-sub,owner_0003@company.com,a1b2c3d4-0003-0003-0003-000000000003,app-prod-sub,rg-app-dev,eastus,2026-04-09,Unused Reservation - vm-standard-b2s-11,Virtual Machines,Unused Capacity,bd2c2529-7129-5afe-baea-1bc9dc97a2a0,Unused,0.0,1 Hour,0.383779,0.0,0.0,0.084,SavingsPlan,USD,Microsoft.Compute,,vm-standard-b2s-11,{},{},Compute,UnusedSavingsPlan,Azure,/providers/Microsoft.BillingBenefits/savingsPlanOrders/697f3457-9031-47ab-95bc-1a8451ca8711,Compute savings plan_1Year
EA-9876543210,platform-prod-sub,platform-prod-sub,owner_0001@company.com,a1b2c3d4-0001-0001-0001-000000000001,platform-prod-sub,rg-platform-prod,eastus,2026-04-09,Blob Storage - LRS - Hot - eastus,Storage,Blobs - LRS - Hot,fb8faed0-f377-5fb0-92b7-78035153a7fa,Data Stored,849.1722,1 GB/Month,0.510667,0.018,0.018,0.018,OnDemand,USD,Microsoft.Storage,/subscriptions/a1b2c3d4-0001-0001-0001-000000000001/resourceGroups/rg-platform-prod/providers/Microsoft.Storage/storageAccounts/stplatformassets,stplatformassets,{},"{""AccountType"": ""LRS""}",Storage,Usage,Azure,,
EA-9876543210,data-eng-prod-sub,data-eng-prod-sub,owner_0002@company.com,a1b2c3d4-0002-0002-0002-000000000002,data-eng-prod-sub,rg-data-prod,westeurope,2026-04-09,Blob Storage - ZRS - Hot - westeurope,Storage,Blobs - ZRS - Hot,9dd9b051-b91d-533a-9f70-e4838eb241bb,Data Stored,3200.9968,1 GB/Month,2.459531,0.023,0.023,0.023,OnDemand,USD,Microsoft.Storage,/subscriptions/a1b2c3d4-0002-0002-0002-000000000002/resourceGroups/rg-data-prod/providers/Microsoft.Storage/storageAccounts/stdatalake,stdatalake,"{""team"": ""data-eng"", ""environment"": ""prod"", ""costcenter"": ""CC200"", ""application"": ""data-eng-app""}","{""AccountType"": ""ZRS""}",Storage,Usage,Azure,,
EA-9876543210,app-prod-sub,app-prod-sub,owner_0003@company.com,a1b2c3d4-0003-0003-0003-000000000003,app-prod-sub,rg-app-prod,southeastasia,2026-04-09,Blob Storage - LRS - Hot - southeastasia,Storage,Blobs - LRS - Hot,3ae72a36-b458-5b93-9e16-84484844594d,Data Stored,400.2657,1 GB/Month,0.240617,0.018,0.018,0.018,OnDemand,USD,Microsoft.Storage,/subscriptions/a1b2c3d4-0003-0003-0003-000000000003/resourceGroups/rg-app-prod/providers/Microsoft.Storage/storageAccounts/stappassets,stappassets,"{""team"": ""frontend"", ""environment"": ""prod"", ""costcenter"": ""CC300"", ""application"": ""frontend-app""}","{""AccountType"": ""LRS""}",Storage,Usage,Azure,,
EA-9876543210,data-eng-prod-sub,data-eng-prod-sub,owner_0002@company.com,a1b2c3d4-0002-0002-0002-000000000002,data-eng-prod-sub,rg-ml-prod,westeurope,2026-04-09,Blob Storage - LRS - Hot - westeurope,Storage,Blobs - LRS - Hot,4ba045d2-b571-568f-be23-884194c5daba,Data Stored,1100.3056,1 GB/Month,0.659874,0.018,0.018,0.018,OnDemand,USD,Microsoft.Storage,/subscriptions/a1b2c3d4-0002-0002-0002-000000000002/resourceGroups/rg-ml-prod/providers/Microsoft.Storage/storageAccounts/stmlmodels,stmlmodels,{},"{""AccountType"": ""LRS""}",Storage,Usage,Azure,,
EA-9876543210,platform-prod-sub,platform-prod-sub,owner_0001@company.com,a1b2c3d4-0001-0001-0001-000000000001,platform-prod-sub,rg-platform-prod,eastus,2026-04-09,Azure SQL Database Standard_S2 - eastus,SQL Database,Standard_S2,cd1e0b9a-8ff0-5779-9281-87ab698e2916,vCore Hours,24.0,1 Hour,7.419306,0.31,0.31,0.31,OnDemand,USD,Microsoft.Sql,/subscriptions/a1b2c3d4-0001-0001-0001-000000000001/resourceGroups/rg-platform-prod/providers/Microsoft.Sql/servers/databases/sqldb-standard-0001,sqldb-standard-0001,"{""team"": ""platform"", ""environment"": ""prod"", ""costcenter"": ""CC100"", ""application"": ""platform-app""}",{},Databases,Usage,Azure,,
EA-9876543210,data-eng-prod-sub,data-eng-prod-sub,owner_0002@company.com,a1b2c3d4-0002-0002-0002-000000000002,data-eng-prod-sub,rg-data-prod,westeurope,2026-04-09,Azure SQL Database Business Critical_BC_Gen5_4 - westeurope,SQL Database,Business Critical_BC_Gen5_4,4bab5ab0-7291-58c2-8564-3252f5053179,vCore Hours,24.0,1 Hour,53.057112,2.2,2.2,2.2,OnDemand,USD,Microsoft.Sql,/subscriptions/a1b2c3d4-0002-0002-0002-000000000002/resourceGroups/rg-data-prod/providers/Microsoft.Sql/servers/databases/sqldb-business critical-0002,sqldb-business critical-0002,"{""team"": ""data-eng"", ""environment"": ""prod"", ""costcenter"": ""CC200"", ""application"": ""data-eng-app""}",{},Databases,Usage,Azure,,
EA-9876543210,app-prod-sub,app-prod-sub,owner_0003@company.com,a1b2c3d4-0003-0003-0003-000000000003,app-prod-sub,rg-app-prod,eastus,2026-04-09,Azure SQL Database General Purpose_GP_Gen5_2 - eastus,SQL Database,General Purpose_GP_Gen5_2,69e0198c-4ca3-5ac2-8540-db65f6d44c56,vCore Hours,24.0,1 Hour,14.512444,0.6,0.6,0.6,OnDemand,USD,Microsoft.Sql,/subscriptions/a1b2c3d4-0003-0003-0003-000000000003/resourceGroups/rg-app-prod/providers/Microsoft.Sql/servers/databases/sqldb-general purpose-0003,sqldb-general purpose-0003,{},{},Databases,Usage,Azure,,
EA-9876543210,shared-infra-sub,shared-infra-sub,owner_infra@company.com,a1b2c3d4-9999-9999-9999-000000000099,shared-infra-sub,rg-shared-infra,eastus,2026-04-09,Azure Monitor,Monitor,Data Ingested,aadff281-e00d-588e-bd69-a4630325bd50,Data Ingested,1000.0,1 Unit,45.289824,0.045,0.045,0.045,OnDemand,USD,Microsoft.SharedInfra,/subscriptions/a1b2c3d4-9999-9999-9999-000000000099/resourceGroups/rg-shared-infra/providers/Microsoft.SharedInfra/Monitor/monitor,monitor,{},{},Management,Usage,Azure,,
EA-9876543210,shared-infra-sub,shared-infra-sub,owner_infra@company.com,a1b2c3d4-9999-9999-9999-000000000099,shared-infra-sub,rg-shared-infra,eastus,2026-04-09,Virtual Network,Networking,Intra-Region,cc2ca1a8-2d13-5873-b301-4b8ed16ed2c0,Intra-Region,622.22,1 Unit,28.16478,0.045,0.045,0.045,OnDemand,USD,Microsoft.SharedInfra,/subscriptions/a1b2c3d4-9999-9999-9999-000000000099/resourceGroups/rg-shared-infra/providers/Microsoft.SharedInfra/Networking/networking,networking,{},{},Networking,Usage,Azure,,
EA-9876543210,shared-infra-sub,shared-infra-sub,owner_infra@company.com,a1b2c3d4-9999-9999-9999-000000000099,shared-infra-sub,rg-shared-infra,eastus,2026-04-09,API Management,API Management,Gateway Units,78998862-331b-5215-a4b4-8d4500189f89,Gateway Units,2666.67,1 Unit,118.93992,0.045,0.045,0.045,OnDemand,USD,Microsoft.SharedInfra,/subscriptions/a1b2c3d4-9999-9999-9999-000000000099/resourceGroups/rg-shared-infra/providers/Microsoft.SharedInfra/API Management/api-management,api-management,{},{},Integration,Usage,Azure,,
EA-9876543210,shared-infra-sub,shared-infra-sub,owner_infra@company.com,a1b2c3d4-9999-9999-9999-000000000099,shared-infra-sub,rg-shared-infra,eastus,2026-04-09,Azure Key Vault,Key Vault,Operations,3cb0172e-6732-5350-b439-97753364a78c,Operations,177.78,1 Unit,8.018709,0.045,0.045,0.045,OnDemand,USD,Microsoft.SharedInfra,/subscriptions/a1b2c3d4-9999-9999-9999-000000000099/resourceGroups/rg-shared-infra/providers/Microsoft.SharedInfra/Key Vault/key-vault,key-vault,{},{},Security,Usage,Azure,,
EA-9876543210,shared-infra-sub,shared-infra-sub,owner_infra@company.com,a1b2c3d4-9999-9999-9999-000000000099,shared-infra-sub,rg-shared-infra,eastus,2026-04-09,Azure Blob Storage,Storage,Data Stored,2e8ee991-b3b7-5136-98e5-4772405cdb0c,Data Stored,400.0,1 Unit,18.010447,0.045,0.045,0.045,OnDemand,USD,Microsoft.SharedInfra,/subscriptions/a1b2c3d4-9999-9999-9999-000000000099/resourceGroups/rg-shared-infra/providers/Microsoft.SharedInfra/Storage/storage,storage,{},{},Storage,Usage,Azure,,
EA-9876543210,platform-prod-sub,platform-prod-sub,owner_0001@company.com,a1b2c3d4-0001-0001-0001-000000000001,platform-prod-sub,rg-platform-prod,eastus,2026-04-10,Virtual Machines Standard_D2s_v3 - eastus,Virtual Machines,Standard_D2s_v3 Series,bbc4f1e6-b32a-5f02-86f0-702bf6097b8b,D2s v3,24.0,1 Hour,4.00909,0.168,0.167045,0.168,OnDemand,USD,Microsoft.Compute,/subscriptions/a1b2c3d4-0001-0001-0001-000000000001/resourceGroups/rg-platform-prod/providers/Microsoft.Compute/virtualMachines/vm-standard-d2s-v3-00,vm-standard-d2s-v3-00,"{""team"": ""platform"", ""environment"": ""prod"", ""costcenter"": ""CC100"", ""application"": ""platform-app""}","{""ServiceType"": ""Standard"", ""VMName"": ""vm-standard-d2s-v3-00"", ""vCPUs"": 2}",Compute,Usage,Azure,,
EA-9876543210,platform-prod-sub,platform-prod-sub,owner_0001@company.com,a1b2c3d4-0001-0001-0001-000000000001,platform-prod-sub,rg-platform-prod,eastus,2026-04-10,Virtual Machines Standard_D2s_v3 - eastus,Virtual Machines,Standard_D2s_v3 Series,bbc4f1e6-b32a-5f02-86f0-702bf6097b8b,D2s v3,24.0,1 Hour,4.022753,0.168,0.167615,0.168,OnDemand,USD,Microsoft.Compute,/subscriptions/a1b2c3d4-0001-0001-0001-000000000001/resourceGroups/rg-platform-prod/providers/Microsoft.Compute/virtualMachines/vm-standard-d2s-v3-01,vm-standard-d2s-v3-01,"{""team"": ""platform"", ""environment"": ""prod"", ""costcenter"": ""CC100"", ""application"": ""platform-app""}","{""ServiceType"": ""Standard"", ""VMName"": ""vm-standard-d2s-v3-01"", ""vCPUs"": 2}",Compute,Usage,Azure,,
EA-9876543210,app-prod-sub,app-prod-sub,owner_0003@company.com,a1b2c3d4-0003-0003-0003-000000000003,app-prod-sub,rg-app-prod,eastus,2026-04-10,Virtual Machines Standard_D4s_v3 - eastus,Virtual Machines,Standard_D4s_v3 Series,6c8e1236-a3aa-53d7-8e09-dadb98f69027,D4s v3,24.0,1 Hour,8.136173,0.336,0.339007,0.336,OnDemand,USD,Microsoft.Compute,/subscriptions/a1b2c3d4-0003-0003-0003-000000000003/resourceGroups/rg-app-prod/providers/Microsoft.Compute/virtualMachines/vm-standard-d4s-v3-02,vm-standard-d4s-v3-02,"{""team"": ""backend"", ""environment"": ""prod"", ""costcenter"": ""CC400"", ""application"": ""backend-app""}","{""ServiceType"": ""Standard"", ""VMName"": ""vm-standard-d4s-v3-02"", ""vCPUs"": 4}",Compute,Usage,Azure,,
EA-9876543210,data-eng-prod-sub,data-eng-prod-sub,owner_0002@company.com,a1b2c3d4-0002-0002-0002-000000000002,data-eng-prod-sub,rg-data-prod,westeurope,2026-04-10,Virtual Machines Standard_E4s_v3 - westeurope,Virtual Machines,Standard_E4s_v3 Series,7373fa15-5d45-5d30-a83f-72064e156f94,E4s v3,24.0,1 Hour,5.441156,0.364,0.226715,0.364,Reservation,USD,Microsoft.Compute,/subscriptions/a1b2c3d4-0002-0002-0002-000000000002/resourceGroups/rg-data-prod/providers/Microsoft.Compute/virtualMachines/vm-standard-e4s-v3-03,vm-standard-e4s-v3-03,"{""team"": ""data-eng"", ""environment"": ""prod"", ""costcenter"": ""CC200"", ""application"": ""data-eng-app""}","{""ServiceType"": ""Standard"", ""VMName"": ""vm-standard-e4s-v3-03"", ""vCPUs"": 4}",Compute,Usage,Azure,/providers/Microsoft.BillingBenefits/savingsPlanOrders/060e4cf7-d615-4757-beee-2d32e892f486,Reserved VM Instance_westeurope_1Year
EA-9876543210,data-eng-prod-sub,data-eng-prod-sub,owner_0002@company.com,a1b2c3d4-0002-0002-0002-000000000002,data-eng-prod-sub,rg-data-prod,westeurope,2026-04-10,Virtual Machines Standard_E8s_v3 - westeurope,Virtual Machines,Standard_E8s_v3 Series,2b9593f7-8692-56d9-b10a-a624f400da47,E8s v3,24.0,1 Hour,17.446517,0.728,0.726938,0.728,OnDemand,USD,Microsoft.Compute,/subscriptions/a1b2c3d4-0002-0002-0002-000000000002/resourceGroups/rg-data-prod/providers/Microsoft.Compute/virtualMachines/vm-standard-e8s-v3-04,vm-standard-e8s-v3-04,"{""team"": ""data-eng"", ""environment"": ""prod"", ""costcenter"": ""CC200"", ""application"": ""data-eng-app""}","{""ServiceType"": ""Standard"", ""VMName"": ""vm-standard-e8s-v3-04"", ""vCPUs"": 8}",Compute,Usage,Azure,,
EA-9876543210,data-eng-prod-sub,data-eng-prod-sub,owner_0002@company.com,a1b2c3d4-0002-0002-0002-000000000002,data-eng-prod-sub,rg-ml-prod,westeurope,2026-04-10,Virtual Machines Standard_F4s_v2 - westeurope,Virtual Machines,Standard_F4s_v2 Series,303bf71a-6d52-56d9-8e75-95552aa01c86,F4s v2,24.0,1 Hour,3.515339,0.252,0.146472,0.252,Reservation,USD,Microsoft.Compute,/subscriptions/a1b2c3d4-0002-0002-0002-000000000002/resourceGroups/rg-ml-prod/providers/Microsoft.Compute/virtualMachines/vm-standard-f4s-v2-05,vm-standard-f4s-v2-05,"{""team"": ""ml"", ""environment"": ""prod"", ""costcenter"": ""CC500"", ""application"": ""ml-app""}","{""ServiceType"": ""Standard"", ""VMName"": ""vm-standard-f4s-v2-05"", ""vCPUs"": 4}",Compute,Usage,Azure,/providers/Microsoft.BillingBenefits/savingsPlanOrders/3b7d9bfe-6ef4-4e4a-8070-948753bab605,Reserved VM Instance_westeurope_1Year
EA-9876543210,data-eng-prod-sub,data-eng-prod-sub,owner_0002@company.com,a1b2c3d4-0002-0002-0002-000000000002,data-eng-prod-sub,rg-ml-prod,westeurope,2026-04-10,Virtual Machines Standard_D8s_v3 - westeurope,Virtual Machines,Standard_D8s_v3 Series,348575ff-7ae0-57e5-896e-037d67179117,D8s v3,24.0,1 Hour,11.649655,0.672,0.485402,0.672,SavingsPlan,USD,Microsoft.Compute,/subscriptions/a1b2c3d4-0002-0002-0002-000000000002/resourceGroups/rg-ml-prod/providers/Microsoft.Compute/virtualMachines/vm-standard-d8s-v3-06,vm-standard-d8s-v3-06,"{""team"": ""ml"", ""environment"": ""prod"", ""costcenter"": ""CC500"", ""application"": ""ml-app""}","{""ServiceType"": ""Standard"", ""VMName"": ""vm-standard-d8s-v3-06"", ""vCPUs"": 8}",Compute,Usage,Azure,/providers/Microsoft.BillingBenefits/savingsPlanOrders/ce61238f-89bd-4f9f-bed9-d9fcbeadf53a,Compute savings plan_1Year
EA-9876543210,app-prod-sub,app-prod-sub,owner_0003@company.com,a1b2c3d4-0003-0003-0003-000000000003,app-prod-sub,rg-app-prod,southeastasia,2026-04-10,Virtual Machines Standard_B2s - southeastasia,Virtual Machines,Standard_B2s Series,78a50003-6630-5ba4-aad2-c10f0de71d3b,B2s,24.0,1 Hour,2.029905,0.084,0.084579,0.084,OnDemand,USD,Microsoft.Compute,/subscriptions/a1b2c3d4-0003-0003-0003-000000000003/resourceGroups/rg-app-prod/providers/Microsoft.Compute/virtualMachines/vm-standard-b2s-07,vm-standard-b2s-07,"{""team"": ""frontend"", ""environment"": ""prod"", ""costcenter"": ""CC300"", ""application"": ""frontend-app""}","{""ServiceType"": ""Standard"", ""VMName"": ""vm-standard-b2s-07"", ""vCPUs"": 2}",Compute,Usage,Azure,,
EA-9876543210,app-prod-sub,app-prod-sub,owner_0003@company.com,a1b2c3d4-0003-0003-0003-000000000003,app-prod-sub,rg-app-staging,southeastasia,2026-04-10,Virtual Machines Standard_B2s - southeastasia,Virtual Machines,Standard_B2s Series,78a50003-6630-5ba4-aad2-c10f0de71d3b,B2s,24.0,1 Hour,2.008882,0.084,0.083703,0.084,OnDemand,USD,Microsoft.Compute,/subscriptions/a1b2c3d4-0003-0003-0003-000000000003/resourceGroups/rg-app-staging/providers/Microsoft.Compute/virtualMachines/vm-standard-b2s-08,vm-standard-b2s-08,{},"{""ServiceType"": ""Standard"", ""VMName"": ""vm-standard-b2s-08"", ""vCPUs"": 2}",Compute,Usage,Azure,,
EA-9876543210,app-prod-sub,app-prod-sub,owner_0003@company.com,a1b2c3d4-0003-0003-0003-000000000003,app-prod-sub,rg-app-staging,eastus,2026-04-10,Virtual Machines Standard_D2s_v3 - eastus,Virtual Machines,Standard_D2s_v3 Series,bbc4f1e6-b32a-5f02-86f0-702bf6097b8b,D2s v3,24.0,1 Hour,4.036051,0.168,0.168169,0.168,OnDemand,USD,Microsoft.Compute,/subscriptions/a1b2c3d4-0003-0003-0003-000000000003/resourceGroups/rg-app-staging/providers/Microsoft.Compute/virtualMachines/vm-standard-d2s-v3-09,vm-standard-d2s-v3-09,{},"{""ServiceType"": ""Standard"", ""VMName"": ""vm-standard-d2s-v3-09"", ""vCPUs"": 2}",Compute,Usage,Azure,,
EA-9876543210,platform-prod-sub,platform-prod-sub,owner_0001@company.com,a1b2c3d4-0001-0001-0001-000000000001,platform-prod-sub,rg-platform-dev,eastus,2026-04-10,Virtual Machines Standard_B2s - eastus,Virtual Machines,Standard_B2s Series,7190101e-d2ab-5a56-ad8e-83f7122f17e8,B2s,24.0,1 Hour,2.03454,0.084,0.084772,0.084,OnDemand,USD,Microsoft.Compute,/subscriptions/a1b2c3d4-0001-0001-0001-000000000001/resourceGroups/rg-platform-dev/providers/Microsoft.Compute/virtualMachines/vm-standard-b2s-10,vm-standard-b2s-10,{},"{""ServiceType"": ""Standard"", ""VMName"": ""vm-standard-b2s-10"", ""vCPUs"": 2}",Compute,Usage,Azure,,
EA-9876543210,platform-prod-sub,platform-prod-sub,owner_0001@company.com,a1b2c3d4-0001-0001-0001-000000000001,platform-prod-sub,rg-platform-prod,eastus,2026-04-10,Blob Storage - LRS - Hot - eastus,Storage,Blobs - LRS - Hot,fb8faed0-f377-5fb0-92b7-78035153a7fa,Data Stored,849.6336,1 GB/Month,0.508576,0.018,0.018,0.018,OnDemand,USD,Microsoft.Storage,/subscriptions/a1b2c3d4-0001-0001-0001-000000000001/resourceGroups/rg-platform-prod/providers/Microsoft.Storage/storageAccounts/stplatformassets,stplatformassets,{},"{""AccountType"": ""LRS""}",Storage,Usage,Azure,,
EA-9876543210,data-eng-prod-sub,data-eng-prod-sub,owner_0002@company.com,a1b2c3d4-0002-0002-0002-000000000002,data-eng-prod-sub,rg-data-prod,westeurope,2026-04-10,Blob Storage - ZRS - Hot - westeurope,Storage,Blobs - ZRS - Hot,9dd9b051-b91d-533a-9f70-e4838eb241bb,Data Stored,3197.6645,1 GB/Month,2.446213,0.023,0.023,0.023,OnDemand,USD,Microsoft.Storage,/subscriptions/a1b2c3d4-0002-0002-0002-000000000002/resourceGroups/rg-data-prod/providers/Microsoft.Storage/storageAccounts/stdatalake,stdatalake,"{""team"": ""data-eng"", ""environment"": ""prod"", ""costcenter"": ""CC200"", ""application"": ""data-eng-app""}","{""AccountType"": ""ZRS""}",Storage,Usage,Azure,,
EA-9876543210,app-prod-sub,app-prod-sub,owner_0003@company.com,a1b2c3d4-0003-0003-0003-000000000003,app-prod-sub,rg-app-prod,southeastasia,2026-04-10,Blob Storage - LRS - Hot - southeastasia,Storage,Blobs - LRS - Hot,3ae72a36-b458-5b93-9e16-84484844594d,Data Stored,399.6053,1 GB/Month,0.240562,0.018,0.018,0.018,OnDemand,USD,Microsoft.Storage,/subscriptions/a1b2c3d4-0003-0003-0003-000000000003/resourceGroups/rg-app-prod/providers/Microsoft.Storage/storageAccounts/stappassets,stappassets,"{""team"": ""frontend"", ""environment"": ""prod"", ""costcenter"": ""CC300"", ""application"": ""frontend-app""}","{""AccountType"": ""LRS""}",Storage,Usage,Azure,,
EA-9876543210,data-eng-prod-sub,data-eng-prod-sub,owner_0002@company.com,a1b2c3d4-0002-0002-0002-000000000002,data-eng-prod-sub,rg-ml-prod,westeurope,2026-04-10,Blob Storage - LRS - Hot - westeurope,Storage,Blobs - LRS - Hot,4ba045d2-b571-568f-be23-884194c5daba,Data Stored,1099.3726,1 GB/Month,0.661918,0.018,0.018,0.018,OnDemand,USD,Microsoft.Storage,/subscriptions/a1b2c3d4-0002-0002-0002-000000000002/resourceGroups/rg-ml-prod/providers/Microsoft.Storage/storageAccounts/stmlmodels,stmlmodels,"{""team"": ""ml"", ""environment"": ""prod"", ""costcenter"": ""CC500"", ""application"": ""ml-app""}","{""AccountType"": ""LRS""}",Storage,Usage,Azure,,
EA-9876543210,platform-prod-sub,platform-prod-sub,owner_0001@company.com,a1b2c3d4-0001-0001-0001-000000000001,platform-prod-sub,rg-platform-prod,eastus,2026-04-10,Azure SQL Database Standard_S2 - eastus,SQL Database,Standard_S2,cd1e0b9a-8ff0-5779-9281-87ab698e2916,vCore Hours,24.0,1 Hour,7.412458,0.31,0.31,0.31,OnDemand,USD,Microsoft.Sql,/subscriptions/a1b2c3d4-0001-0001-0001-000000000001/resourceGroups/rg-platform-prod/providers/Microsoft.Sql/servers/databases/sqldb-standard-0001,sqldb-standard-0001,"{""team"": ""platform"", ""environment"": ""prod"", ""costcenter"": ""CC100"", ""application"": ""platform-app""}",{},Databases,Usage,Azure,,
EA-9876543210,data-eng-prod-sub,data-eng-prod-sub,owner_0002@company.com,a1b2c3d4-0002-0002-0002-000000000002,data-eng-prod-sub,rg-data-prod,westeurope,2026-04-10,Azure SQL Database Business Critical_BC_Gen5_4 - westeurope,SQL Database,Business Critical_BC_Gen5_4,4bab5ab0-7291-58c2-8564-3252f5053179,vCore Hours,24.0,1 Hour,53.086728,2.2,2.2,2.2,OnDemand,USD,Microsoft.Sql,/subscriptions/a1b2c3d4-0002-0002-0002-000000000002/resourceGroups/rg-data-prod/providers/Microsoft.Sql/servers/databases/sqldb-business critical-0002,sqldb-business critical-0002,"{""team"": ""data-eng"", ""environment"": ""prod"", ""costcenter"": ""CC200"", ""application"": ""data-eng-app""}",{},Databases,Usage,Azure,,
EA-9876543210,app-prod-sub,app-prod-sub,owner_0003@company.com,a1b2c3d4-0003-0003-0003-000000000003,app-prod-sub,rg-app-prod,eastus,2026-04-10,Azure SQL Database General Purpose_GP_Gen5_2 - eastus,SQL Database,General Purpose_GP_Gen5_2,69e0198c-4ca3-5ac2-8540-db65f6d44c56,vCore Hours,24.0,1 Hour,14.527684,0.6,0.6,0.6,OnDemand,USD,Microsoft.Sql,/subscriptions/a1b2c3d4-0003-0003-0003-000000000003/resourceGroups/rg-app-prod/providers/Microsoft.Sql/servers/databases/sqldb-general purpose-0003,sqldb-general purpose-0003,"{""team"": ""backend"", ""environment"": ""prod"", ""costcenter"": ""CC400"", ""application"": ""backend-app""}",{},Databases,Usage,Azure,,
EA-9876543210,shared-infra-sub,shared-infra-sub,owner_infra@company.com,a1b2c3d4-9999-9999-9999-000000000099,shared-infra-sub,rg-shared-infra,eastus,2026-04-10,Azure Monitor,Monitor,Data Ingested,aadff281-e00d-588e-bd69-a4630325bd50,Data Ingested,1000.0,1 Unit,45.290104,0.045,0.045,0.045,OnDemand,USD,Microsoft.SharedInfra,/subscriptions/a1b2c3d4-9999-9999-9999-000000000099/resourceGroups/rg-shared-infra/providers/Microsoft.SharedInfra/Monitor/monitor,monitor,{},{},Management,Usage,Azure,,
EA-9876543210,shared-infra-sub,shared-infra-sub,owner_infra@company.com,a1b2c3d4-9999-9999-9999-000000000099,shared-infra-sub,rg-shared-infra,eastus,2026-04-10,Virtual Network,Networking,Intra-Region,cc2ca1a8-2d13-5873-b301-4b8ed16ed2c0,Intra-Region,622.22,1 Unit,28.234703,0.045,0.045,0.045,OnDemand,USD,Microsoft.SharedInfra,/subscriptions/a1b2c3d4-9999-9999-9999-000000000099/resourceGroups/rg-shared-infra/providers/Microsoft.SharedInfra/Networking/networking,networking,{},{},Networking,Usage,Azure,,
EA-9876543210,shared-infra-sub,shared-infra-sub,owner_infra@company.com,a1b2c3d4-9999-9999-9999-000000000099,shared-infra-sub,rg-shared-infra,eastus,2026-04-10,API Management,API Management,Gateway Units,78998862-331b-5215-a4b4-8d4500189f89,Gateway Units,2666.67,1 Unit,120.027052,0.045,0.045,0.045,OnDemand,USD,Microsoft.SharedInfra,/subscriptions/a1b2c3d4-9999-9999-9999-000000000099/resourceGroups/rg-shared-infra/providers/Microsoft.SharedInfra/API Management/api-management,api-management,{},{},Integration,Usage,Azure,,
EA-9876543210,shared-infra-sub,shared-infra-sub,owner_infra@company.com,a1b2c3d4-9999-9999-9999-000000000099,shared-infra-sub,rg-shared-infra,eastus,2026-04-10,Azure Key Vault,Key Vault,Operations,3cb0172e-6732-5350-b439-97753364a78c,Operations,177.78,1 Unit,8.011307,0.045,0.045,0.045,OnDemand,USD,Microsoft.SharedInfra,/subscriptions/a1b2c3d4-9999-9999-9999-000000000099/resourceGroups/rg-shared-infra/providers/Microsoft.SharedInfra/Key Vault/key-vault,key-vault,{},{},Security,Usage,Azure,,
EA-9876543210,shared-infra-sub,shared-infra-sub,owner_infra@company.com,a1b2c3d4-9999-9999-9999-000000000099,shared-infra-sub,rg-shared-infra,eastus,2026-04-10,Azure Blob Storage,Storage,Data Stored,2e8ee991-b3b7-5136-98e5-4772405cdb0c,Data Stored,400.0,1 Unit,18.02578,0.045,0.045,0.045,OnDemand,USD,Microsoft.SharedInfra,/subscriptions/a1b2c3d4-9999-9999-9999-000000000099/resourceGroups/rg-shared-infra/providers/Microsoft.SharedInfra/Storage/storage,storage,{},{},Storage,Usage,Azure,,
EA-9876543210,platform-prod-sub,platform-prod-sub,owner_0001@company.com,a1b2c3d4-0001-0001-0001-000000000001,platform-prod-sub,rg-platform-prod,eastus,2026-04-11,Virtual Machines Standard_D2s_v3 - eastus,Virtual Machines,Standard_D2s_v3 Series,bbc4f1e6-b32a-5f02-86f0-702bf6097b8b,D2s v3,24.0,1 Hour,4.013049,0.168,0.16721,0.168,OnDemand,USD,Microsoft.Compute,/subscriptions/a1b2c3d4-0001-0001-0001-000000000001/resourceGroups/rg-platform-prod/providers/Microsoft.Compute/virtualMachines/vm-standard-d2s-v3-00,vm-standard-d2s-v3-00,"{""team"": ""platform"", ""environment"": ""prod"", ""costcenter"": ""CC100"", ""application"": ""platform-app""}","{""ServiceType"": ""Standard"", ""VMName"": ""vm-standard-d2s-v3-00"", ""vCPUs"": 2}",Compute,Usage,Azure,,
EA-9876543210,platform-prod-sub,platform-prod-sub,owner_0001@company.com,a1b2c3d4-0001-0001-0001-000000000001,platform-prod-sub,rg-platform-prod,eastus,2026-04-11,Virtual Machines Standard_D2s_v3 - eastus,Virtual Machines,Standard_D2s_v3 Series,bbc4f1e6-b32a-5f02-86f0-702bf6097b8b,D2s v3,24.0,1 Hour,4.015896,0.168,0.167329,0.168,OnDemand,USD,Microsoft.Compute,/subscriptions/a1b2c3d4-0001-0001-0001-000000000001/resourceGroups/rg-platform-prod/providers/Microsoft.Compute/virtualMachines/vm-standard-d2s-v3-01,vm-standard-d2s-v3-01,{},"{""ServiceType"": ""Standard"", ""VMName"": ""vm-standard-d2s-v3-01"", ""vCPUs"": 2}",Compute,Usage,Azure,,
EA-9876543210,app-prod-sub,app-prod-sub,owner_0003@company.com,a1b2c3d4-0003-0003-0003-000000000003,app-prod-sub,rg-app-prod,eastus,2026-04-11,Virtual Machines Standard_D4s_v3 - eastus,Virtual Machines,Standard_D4s_v3 Series,6c8e1236-a3aa-53d7-8e09-dadb98f69027,D4s v3,24.0,1 Hour,7.995811,0.336,0.333159,0.336,OnDemand,USD,Microsoft.Compute,/subscriptions/a1b2c3d4-0003-0003-0003-000000000003/resourceGroups/rg-app-prod/providers/Microsoft.Compute/virtualMachines/vm-standard-d4s-v3-02,vm-standard-d4s-v3-02,"{""team"": ""backend"", ""environment"": ""prod"", ""costcenter"": ""CC400"", ""application"": ""backend-app""}","{""ServiceType"": ""Standard"", ""VMName"": ""vm-standard-d4s-v3-02"", ""vCPUs"": 4}",Compute,Usage,Azure,,
EA-9876543210,data-eng-prod-sub,data-eng-prod-sub,owner_0002@company.com,a1b2c3d4-0002-0002-0002-000000000002,data-eng-prod-sub,rg-data-prod,westeurope,2026-04-11,Virtual Machines Standard_E4s_v3 - westeurope,Virtual Machines,Standard_E4s_v3 Series,7373fa15-5d45-5d30-a83f-72064e156f94,E4s v3,24.0,1 Hour,5.570401,0.364,0.2321,0.364,Reservation,USD,Microsoft.Compute,/subscriptions/a1b2c3d4-0002-0002-0002-000000000002/resourceGroups/rg-data-prod/providers/Microsoft.Compute/virtualMachines/vm-standard-e4s-v3-03,vm-standard-e4s-v3-03,"{""team"": ""data-eng"", ""environment"": ""prod"", ""costcenter"": ""CC200"", ""application"": ""data-eng-app""}","{""ServiceType"": ""Standard"", ""VMName"": ""vm-standard-e4s-v3-03"", ""vCPUs"": 4}",Compute,Usage,Azure,/providers/Microsoft.BillingBenefits/savingsPlanOrders/3940b63d-e1af-4ea7-b933-bb7263e4ffc3,Reserved VM Instance_westeurope_1Year
EA-9876543210,data-eng-prod-sub,data-eng-prod-sub,owner_0002@company.com,a1b2c3d4-0002-0002-0002-000000000002,data-eng-prod-sub,rg-data-prod,westeurope,2026-04-11,Virtual Machines Standard_E8s_v3 - westeurope,Virtual Machines,Standard_E8s_v3 Series,2b9593f7-8692-56d9-b10a-a624f400da47,E8s v3,24.0,1 Hour,17.521709,0.728,0.730071,0.728,OnDemand,USD,Microsoft.Compute,/subscriptions/a1b2c3d4-0002-0002-0002-000000000002/resourceGroups/rg-data-prod/providers/Microsoft.Compute/virtualMachines/vm-standard-e8s-v3-04,vm-standard-e8s-v3-04,"{""team"": ""data-eng"", ""environment"": ""prod"", ""costcenter"": ""CC200"", ""application"": ""data-eng-app""}","{""ServiceType"": ""Standard"", ""VMName"": ""vm-standard-e8s-v3-04"", ""vCPUs"": 8}",Compute,Usage,Azure,,
EA-9876543210,data-eng-prod-sub,data-eng-prod-sub,owner_0002@company.com,a1b2c3d4-0002-0002-0002-000000000002,data-eng-prod-sub,rg-ml-prod,westeurope,2026-04-11,Virtual Machines Standard_F4s_v2 - westeurope,Virtual Machines,Standard_F4s_v2 Series,303bf71a-6d52-56d9-8e75-95552aa01c86,F4s v2,24.0,1 Hour,3.539493,0.252,0.147479,0.252,Reservation,USD,Microsoft.Compute,/subscriptions/a1b2c3d4-0002-0002-0002-000000000002/resourceGroups/rg-ml-prod/providers/Microsoft.Compute/virtualMachines/vm-standard-f4s-v2-05,vm-standard-f4s-v2-05,"{""team"": ""ml"", ""environment"": ""prod"", ""costcenter"": ""CC500"", ""application"": ""ml-app""}","{""ServiceType"": ""Standard"", ""VMName"": ""vm-standard-f4s-v2-05"", ""vCPUs"": 4}",Compute,Usage,Azure,/providers/Microsoft.BillingBenefits/savingsPlanOrders/e2a7509f-12ed-4fc6-a352-9dc0cfdbafb0,Reserved VM Instance_westeurope_1Year
EA-9876543210,data-eng-prod-sub,data-eng-prod-sub,owner_0002@company.com,a1b2c3d4-0002-0002-0002-000000000002,data-eng-prod-sub,rg-ml-prod,westeurope,2026-04-11,Virtual Machines Standard_D8s_v3 - westeurope,Virtual Machines,Standard_D8s_v3 Series,348575ff-7ae0-57e5-896e-037d67179117,D8s v3,24.0,1 Hour,10.745694,0.672,0.447737,0.672,SavingsPlan,USD,Microsoft.Compute,/subscriptions/a1b2c3d4-0002-0002-0002-000000000002/resourceGroups/rg-ml-prod/providers/Microsoft.Compute/virtualMachines/vm-standard-d8s-v3-06,vm-standard-d8s-v3-06,{},"{""ServiceType"": ""Standard"", ""VMName"": ""vm-standard-d8s-v3-06"", ""vCPUs"": 8}",Compute,Usage,Azure,/providers/Microsoft.BillingBenefits/savingsPlanOrders/687fcd85-367a-4949-b7db-26ed1c00ac98,Compute savings plan_1Year
EA-9876543210,app-prod-sub,app-prod-sub,owner_0003@company.com,a1b2c3d4-0003-0003-0003-000000000003,app-prod-sub,rg-app-prod,southeastasia,2026-04-11,Virtual Machines Standard_B2s - southeastasia,Virtual Machines,Standard_B2s Series,78a50003-6630-5ba4-aad2-c10f0de71d3b,B2s,24.0,1 Hour,2.025986,0.084,0.084416,0.084,OnDemand,USD,Microsoft.Compute,/subscriptions/a1b2c3d4-0003-0003-0003-000000000003/resourceGroups/rg-app-prod/providers/Microsoft.Compute/virtualMachines/vm-standard-b2s-07,vm-standard-b2s-07,"{""team"": ""frontend"", ""environment"": ""prod"", ""costcenter"": ""CC300"", ""application"": ""frontend-app""}","{""ServiceType"": ""Standard"", ""VMName"": ""vm-standard-b2s-07"", ""vCPUs"": 2}",Compute,Usage,Azure,,
EA-9876543210,app-prod-sub,app-prod-sub,owner_0003@company.com,a1b2c3d4-0003-0003-0003-000000000003,app-prod-sub,rg-app-staging,southeastasia,2026-04-11,Virtual Machines Standard_B2s - southeastasia,Virtual Machines,Standard_B2s Series,78a50003-6630-5ba4-aad2-c10f0de71d3b,B2s,24.0,1 Hour,2.02133,0.084,0.084222,0.084,OnDemand,USD,Microsoft.Compute,/subscriptions/a1b2c3d4-0003-0003-0003-000000000003/resourceGroups/rg-app-staging/providers/Microsoft.Compute/virtualMachines/vm-standard-b2s-08,vm-standard-b2s-08,{},"{""ServiceType"": ""Standard"", ""VMName"": ""vm-standard-b2s-08"", ""vCPUs"": 2}",Compute,Usage,Azure,,
EA-9876543210,app-prod-sub,app-prod-sub,owner_0003@company.com,a1b2c3d4-0003-0003-0003-000000000003,app-prod-sub,rg-app-staging,eastus,2026-04-11,Virtual Machines Standard_D2s_v3 - eastus,Virtual Machines,Standard_D2s_v3 Series,bbc4f1e6-b32a-5f02-86f0-702bf6097b8b,D2s v3,24.0,1 Hour,4.037235,0.168,0.168218,0.168,OnDemand,USD,Microsoft.Compute,/subscriptions/a1b2c3d4-0003-0003-0003-000000000003/resourceGroups/rg-app-staging/providers/Microsoft.Compute/virtualMachines/vm-standard-d2s-v3-09,vm-standard-d2s-v3-09,{},"{""ServiceType"": ""Standard"", ""VMName"": ""vm-standard-d2s-v3-09"", ""vCPUs"": 2}",Compute,Usage,Azure,,
EA-9876543210,platform-prod-sub,platform-prod-sub,owner_0001@company.com,a1b2c3d4-0001-0001-0001-000000000001,platform-prod-sub,rg-platform-dev,eastus,2026-04-11,Virtual Machines Standard_B2s - eastus,Virtual Machines,Standard_B2s Series,7190101e-d2ab-5a56-ad8e-83f7122f17e8,B2s,24.0,1 Hour,2.023001,0.084,0.084292,0.084,OnDemand,USD,Microsoft.Compute,/subscriptions/a1b2c3d4-0001-0001-0001-000000000001/resourceGroups/rg-platform-dev/providers/Microsoft.Compute/virtualMachines/vm-standard-b2s-10,vm-standard-b2s-10,"{""team"": ""platform"", ""environment"": ""dev"", ""costcenter"": ""CC100"", ""application"": ""platform-app""}","{""ServiceType"": ""Standard"", ""VMName"": ""vm-standard-b2s-10"", ""vCPUs"": 2}",Compute,Usage,Azure,,
EA-9876543210,app-prod-sub,app-prod-sub,owner_0003@company.com,a1b2c3d4-0003-0003-0003-000000000003,app-prod-sub,rg-app-dev,eastus,2026-04-11,Virtual Machines Standard_B2s - eastus,Virtual Machines,Standard_B2s Series,7190101e-d2ab-5a56-ad8e-83f7122f17e8,B2s,24.0,1 Hour,1.389311,0.084,0.057888,0.084,SavingsPlan,USD,Microsoft.Compute,/subscriptions/a1b2c3d4-0003-0003-0003-000000000003/resourceGroups/rg-app-dev/providers/Microsoft.Compute/virtualMachines/vm-standard-b2s-11,vm-standard-b2s-11,{},"{""ServiceType"": ""Standard"", ""VMName"": ""vm-standard-b2s-11"", ""vCPUs"": 2}",Compute,Usage,Azure,/providers/Microsoft.BillingBenefits/savingsPlanOrders/53974beb-3e49-49ee-b1c9-6fde76993304,Compute savings plan_1Year
EA-9876543210,platform-prod-sub,platform-prod-sub,owner_0001@company.com,a1b2c3d4-0001-0001-0001-000000000001,platform-prod-sub,rg-platform-prod,eastus,2026-04-11,Blob Storage - LRS - Hot - eastus,Storage,Blobs - LRS - Hot,fb8faed0-f377-5fb0-92b7-78035153a7fa,Data Stored,849.8843,1 GB/Month,0.508746,0.018,0.018,0.018,OnDemand,USD,Microsoft.Storage,/subscriptions/a1b2c3d4-0001-0001-0001-000000000001/resourceGroups/rg-platform-prod/providers/Microsoft.Storage/storageAccounts/stplatformassets,stplatformassets,"{""team"": ""platform"", ""environment"": ""prod"", ""costcenter"": ""CC100"", ""application"": ""platform-app""}","{""AccountType"": ""LRS""}",Storage,Usage,Azure,,
EA-9876543210,data-eng-prod-sub,data-eng-prod-sub,owner_0002@company.com,a1b2c3d4-0002-0002-0002-000000000002,data-eng-prod-sub,rg-data-prod,westeurope,2026-04-11,Blob Storage - ZRS - Hot - westeurope,Storage,Blobs - ZRS - Hot,9dd9b051-b91d-533a-9f70-e4838eb241bb,Data Stored,3197.7473,1 GB/Month,2.457549,0.023,0.023,0.023,OnDemand,USD,Microsoft.Storage,/subscriptions/a1b2c3d4-0002-0002-0002-000000000002/resourceGroups/rg-data-prod/providers/Microsoft.Storage/storageAccounts/stdatalake,stdatalake,"{""team"": ""data-eng"", ""environment"": ""prod"", ""costcenter"": ""CC200"", ""application"": ""data-eng-app""}","{""AccountType"": ""ZRS""}",Storage,Usage,Azure,,
EA-9876543210,app-prod-sub,app-prod-sub,owner_0003@company.com,a1b2c3d4-0003-0003-0003-000000000003,app-prod-sub,rg-app-prod,southeastasia,2026-04-11,Blob Storage - LRS - Hot - southeastasia,Storage,Blobs - LRS - Hot,3ae72a36-b458-5b93-9e16-84484844594d,Data Stored,399.9807,1 GB/Month,0.239764,0.018,0.018,0.018,OnDemand,USD,Microsoft.Storage,/subscriptions/a1b2c3d4-0003-0003-0003-000000000003/resourceGroups/rg-app-prod/providers/Microsoft.Storage/storageAccounts/stappassets,stappassets,"{""team"": ""frontend"", ""environment"": ""prod"", ""costcenter"": ""CC300"", ""application"": ""frontend-app""}","{""AccountType"": ""LRS""}",Storage,Usage,Azure,,
EA-9876543210,data-eng-prod-sub,data-eng-prod-sub,owner_0002@company.com,a1b2c3d4-0002-0002-0002-000000000002,data-eng-prod-sub,rg-ml-prod,westeurope,2026-04-11,Blob Storage - LRS - Hot - westeurope,Storage,Blobs - LRS - Hot,4ba045d2-b571-568f-be23-884194c5daba,Data Stored,1100.1059,1 GB/Month,0.660971,0.018,0.018,0.018,OnDemand,USD,Microsoft.Storage,/subscriptions/a1b2c3d4-0002-0002-0002-000000000002/resourceGroups/rg-ml-prod/providers/Microsoft.Storage/storageAccounts/stmlmodels,stmlmodels,"{""team"": ""ml"", ""environment"": ""prod"", ""costcenter"": ""CC500"", ""application"": ""ml-app""}","{""AccountType"": ""LRS""}",Storage,Usage,Azure,,
EA-9876543210,platform-prod-sub,platform-prod-sub,owner_0001@company.com,a1b2c3d4-0001-0001-0001-000000000001,platform-prod-sub,rg-platform-prod,eastus,2026-04-11,Azure SQL Database Standard_S2 - eastus,SQL Database,Standard_S2,cd1e0b9a-8ff0-5779-9281-87ab698e2916,vCore Hours,24.0,1 Hour,7.404669,0.31,0.31,0.31,OnDemand,USD,Microsoft.Sql,/subscriptions/a1b2c3d4-0001-0001-0001-000000000001/resourceGroups/rg-platform-prod/providers/Microsoft.Sql/servers/databases/sqldb-standard-0001,sqldb-standard-0001,{},{},Databases,Usage,Azure,,
EA-9876543210,data-eng-prod-sub,data-eng-prod-sub,owner_0002@company.com,a1b2c3d4-0002-0002-0002-000000000002,data-eng-prod-sub,rg-data-prod,westeurope,2026-04-11,Azure SQL Database Business Critical_BC_Gen5_4 - westeurope,SQL Database,Business Critical_BC_Gen5_4,4bab5ab0-7291-58c2-8564-3252f5053179,vCore Hours,24.0,1 Hour,52.692845,2.2,2.2,2.2,OnDemand,USD,Microsoft.Sql,/subscriptions/a1b2c3d4-0002-0002-0002-000000000002/resourceGroups/rg-data-prod/providers/Microsoft.Sql/servers/databases/sqldb-business critical-0002,sqldb-business critical-0002,{},{},Databases,Usage,Azure,,
EA-9876543210,app-prod-sub,app-prod-sub,owner_0003@company.com,a1b2c3d4-0003-0003-0003-000000000003,app-prod-sub,rg-app-prod,eastus,2026-04-11,Azure SQL Database General Purpose_GP_Gen5_2 - eastus,SQL Database,General Purpose_GP_Gen5_2,69e0198c-4ca3-5ac2-8540-db65f6d44c56,vCore Hours,24.0,1 Hour,14.381133,0.6,0.6,0.6,OnDemand,USD,Microsoft.Sql,/subscriptions/a1b2c3d4-0003-0003-0003-000000000003/resourceGroups/rg-app-prod/providers/Microsoft.Sql/servers/databases/sqldb-general purpose-0003,sqldb-general purpose-0003,{},{},Databases,Usage,Azure,,
EA-9876543210,shared-infra-sub,shared-infra-sub,owner_infra@company.com,a1b2c3d4-9999-9999-9999-000000000099,shared-infra-sub,rg-shared-infra,eastus,2026-04-11,Azure Monitor,Monitor,Data Ingested,aadff281-e00d-588e-bd69-a4630325bd50,Data Ingested,1000.0,1 Unit,45.178083,0.045,0.045,0.045,OnDemand,USD,Microsoft.SharedInfra,/subscriptions/a1b2c3d4-9999-9999-9999-000000000099/resourceGroups/rg-shared-infra/providers/Microsoft.SharedInfra/Monitor/monitor,monitor,{},{},Management,Usage,Azure,,
EA-9876543210,shared-infra-sub,shared-infra-sub,owner_infra@company.com,a1b2c3d4-9999-9999-9999-000000000099,shared-infra-sub,rg-shared-infra,eastus,2026-04-11,Virtual Network,Networking,Intra-Region,cc2ca1a8-2d13-5873-b301-4b8ed16ed2c0,Intra-Region,622.22,1 Unit,28.146738,0.045,0.045,0.045,OnDemand,USD,Microsoft.SharedInfra,/subscriptions/a1b2c3d4-9999-9999-9999-000000000099/resourceGroups/rg-shared-infra/providers/Microsoft.SharedInfra/Networking/networking,networking,{},{},Networking,Usage,Azure,,
EA-9876543210,shared-infra-sub,shared-infra-sub,owner_infra@company.com,a1b2c3d4-9999-9999-9999-000000000099,shared-infra-sub,rg-shared-infra,eastus,2026-04-11,API Management,API Management,Gateway Units,78998862-331b-5215-a4b4-8d4500189f89,Gateway Units,2666.67,1 Unit,119.954214,0.045,0.045,0.045,OnDemand,USD,Microsoft.SharedInfra,/subscriptions/a1b2c3d4-9999-9999-9999-000000000099/resourceGroups/rg-shared-infra/providers/Microsoft.SharedInfra/API Management/api-management,api-management,{},{},Integration,Usage,Azure,,
EA-9876543210,shared-infra-sub,shared-infra-sub,owner_infra@company.com,a1b2c3d4-9999-9999-9999-000000000099,shared-infra-sub,rg-shared-infra,eastus,2026-04-11,Azure Key Vault,Key Vault,Operations,3cb0172e-6732-5350-b439-97753364a78c,Operations,177.78,1 Unit,7.951697,0.045,0.045,0.045,OnDemand,USD,Microsoft.SharedInfra,/subscriptions/a1b2c3d4-9999-9999-9999-000000000099/resourceGroups/rg-shared-infra/providers/Microsoft.SharedInfra/Key Vault/key-vault,key-vault,{},{},Security,Usage,Azure,,
EA-9876543210,shared-infra-sub,shared-infra-sub,owner_infra@company.com,a1b2c3d4-9999-9999-9999-000000000099,shared-infra-sub,rg-shared-infra,eastus,2026-04-11,Azure Blob Storage,Storage,Data Stored,2e8ee991-b3b7-5136-98e5-4772405cdb0c,Data Stored,400.0,1 Unit,17.962315,0.045,0.045,0.045,OnDemand,USD,Microsoft.SharedInfra,/subscriptions/a1b2c3d4-9999-9999-9999-000000000099/resourceGroups/rg-shared-infra/providers/Microsoft.SharedInfra/Storage/storage,storage,{},{},Storage,Usage,Azure,,
EA-9876543210,platform-prod-sub,platform-prod-sub,owner_0001@company.com,a1b2c3d4-0001-0001-0001-000000000001,platform-prod-sub,rg-platform-prod,eastus,2026-04-12,Virtual Machines Standard_D2s_v3 - eastus,Virtual Machines,Standard_D2s_v3 Series,bbc4f1e6-b32a-5f02-86f0-702bf6097b8b,D2s v3,24.0,1 Hour,4.033955,0.168,0.168081,0.168,OnDemand,USD,Microsoft.Compute,/subscriptions/a1b2c3d4-0001-0001-0001-000000000001/resourceGroups/rg-platform-prod/providers/Microsoft.Compute/virtualMachines/vm-standard-d2s-v3-00,vm-standard-d2s-v3-00,"{""team"": ""platform"", ""environment"": ""prod"", ""costcenter"": ""CC100"", ""application"": ""platform-app""}","{""ServiceType"": ""Standard"", ""VMName"": ""vm-standard-d2s-v3-00"", ""vCPUs"": 2}",Compute,Usage,Azure,,
EA-9876543210,platform-prod-sub,platform-prod-sub,owner_0001@company.com,a1b2c3d4-0001-0001-0001-000000000001,platform-prod-sub,rg-platform-prod,eastus,2026-04-12,Virtual Machines Standard_D2s_v3 - eastus,Virtual Machines,Standard_D2s_v3 Series,bbc4f1e6-b32a-5f02-86f0-702bf6097b8b,D2s v3,24.0,1 Hour,4.046897,0.168,0.168621,0.168,OnDemand,USD,Microsoft.Compute,/subscriptions/a1b2c3d4-0001-0001-0001-000000000001/resourceGroups/rg-platform-prod/providers/Microsoft.Compute/virtualMachines/vm-standard-d2s-v3-01,vm-standard-d2s-v3-01,"{""team"": ""platform"", ""environment"": ""prod"", ""costcenter"": ""CC100"", ""application"": ""platform-app""}","{""ServiceType"": ""Standard"", ""VMName"": ""vm-standard-d2s-v3-01"", ""vCPUs"": 2}",Compute,Usage,Azure,,
EA-9876543210,app-prod-sub,app-prod-sub,owner_0003@company.com,a1b2c3d4-0003-0003-0003-000000000003,app-prod-sub,rg-app-prod,eastus,2026-04-12,Virtual Machines Standard_D4s_v3 - eastus,Virtual Machines,Standard_D4s_v3 Series,6c8e1236-a3aa-53d7-8e09-dadb98f69027,D4s v3,24.0,1 Hour,8.04227,0.336,0.335095,0.336,OnDemand,USD,Microsoft.Compute,/subscriptions/a1b2c3d4-0003-0003-0003-000000000003/resourceGroups/rg-app-prod/providers/Microsoft.Compute/virtualMachines/vm-standard-d4s-v3-02,vm-standard-d4s-v3-02,"{""team"": ""backend"", ""environment"": ""prod"", ""costcenter"": ""CC400"", ""application"": ""backend-app""}","{""ServiceType"": ""Standard"", ""VMName"": ""vm-standard-d4s-v3-02"", ""vCPUs"": 4}",Compute,Usage,Azure,,
EA-9876543210,data-eng-prod-sub,data-eng-prod-sub,owner_0002@company.com,a1b2c3d4-0002-0002-0002-000000000002,data-eng-prod-sub,rg-data-prod,westeurope,2026-04-12,Virtual Machines Standard_E4s_v3 - westeurope,Virtual Machines,Standard_E4s_v3 Series,7373fa15-5d45-5d30-a83f-72064e156f94,E4s v3,24.0,1 Hour,5.724831,0.364,0.238535,0.364,Reservation,USD,Microsoft.Compute,/subscriptions/a1b2c3d4-0002-0002-0002-000000000002/resourceGroups/rg-data-prod/providers/Microsoft.Compute/virtualMachines/vm-standard-e4s-v3-03,vm-standard-e4s-v3-03,"{""team"": ""data-eng"", ""environment"": ""prod"", ""costcenter"": ""CC200"", ""application"": ""data-eng-app""}","{""ServiceType"": ""Standard"", ""VMName"": ""vm-standard-e4s-v3-03"", ""vCPUs"": 4}",Compute,Usage,Azure,/providers/Microsoft.BillingBenefits/savingsPlanOrders/71e5be8b-f6ef-4f2f-ae86-21dc8a4c62a5,Reserved VM Instance_westeurope_1Year
EA-9876543210,data-eng-prod-sub,data-eng-prod-sub,owner_0002@company.com,a1b2c3d4-0002-0002-0002-000000000002,data-eng-prod-sub,rg-data-prod,westeurope,2026-04-12,Virtual Machines Standard_E8s_v3 - westeurope,Virtual Machines,Standard_E8s_v3 Series,2b9593f7-8692-56d9-b10a-a624f400da47,E8s v3,24.0,1 Hour,17.577809,0.728,0.732409,0.728,OnDemand,USD,Microsoft.Compute,/subscriptions/a1b2c3d4-0002-0002-0002-000000000002/resourceGroups/rg-data-prod/providers/Microsoft.Compute/virtualMachines/vm-standard-e8s-v3-04,vm-standard-e8s-v3-04,"{""team"": ""data-eng"", ""environment"": ""prod"", ""costcenter"": ""CC200"", ""application"": ""data-eng-app""}","{""ServiceType"": ""Standard"", ""VMName"": ""vm-standard-e8s-v3-04"", ""vCPUs"": 8}",Compute,Usage,Azure,,
EA-9876543210,data-eng-prod-sub,data-eng-prod-sub,owner_0002@company.com,a1b2c3d4-0002-0002-0002-000000000002,data-eng-prod-sub,rg-ml-prod,westeurope,2026-04-12,Virtual Machines Standard_F4s_v2 - westeurope,Virtual Machines,Standard_F4s_v2 Series,303bf71a-6d52-56d9-8e75-95552aa01c86,F4s v2,24.0,1 Hour,3.793139,0.252,0.158047,0.252,Reservation,USD,Microsoft.Compute,/subscriptions/a1b2c3d4-0002-0002-0002-000000000002/resourceGroups/rg-ml-prod/providers/Microsoft.Compute/virtualMachines/vm-standard-f4s-v2-05,vm-standard-f4s-v2-05,"{""team"": ""ml"", ""environment"": ""prod"", ""costcenter"": ""CC500"", ""application"": ""ml-app""}","{""ServiceType"": ""Standard"", ""VMName"": ""vm-standard-f4s-v2-05"", ""vCPUs"": 4}",Compute,Usage,Azure,/providers/Microsoft.BillingBenefits/savingsPlanOrders/5065b9f5-7c21-4748-b818-591820953d43,Reserved VM Instance_westeurope_1Year
EA-9876543210,data-eng-prod-sub,data-eng-prod-sub,owner_0002@company.com,a1b2c3d4-0002-0002-0002-000000000002,data-eng-prod-sub,rg-ml-prod,westeurope,2026-04-12,Virtual Machines Standard_D8s_v3 - westeurope,Virtual Machines,Standard_D8s_v3 Series,348575ff-7ae0-57e5-896e-037d67179117,D8s v3,24.0,1 Hour,10.955483,0.672,0.456478,0.672,SavingsPlan,USD,Microsoft.Compute,/subscriptions/a1b2c3d4-0002-0002-0002-000000000002/resourceGroups/rg-ml-prod/providers/Microsoft.Compute/virtualMachines/vm-standard-d8s-v3-06,vm-standard-d8s-v3-06,"{""team"": ""ml"", ""environment"": ""prod"", ""costcenter"": ""CC500"", ""application"": ""ml-app""}","{""ServiceType"": ""Standard"", ""VMName"": ""vm-standard-d8s-v3-06"", ""vCPUs"": 8}",Compute,Usage,Azure,/providers/Microsoft.BillingBenefits/savingsPlanOrders/b1faeee6-59c8-4287-bf7c-0949840c2c47,Compute savings plan_1Year
EA-9876543210,app-prod-sub,app-prod-sub,owner_0003@company.com,a1b2c3d4-0003-0003-0003-000000000003,app-prod-sub,rg-app-prod,southeastasia,2026-04-12,Virtual Machines Standard_B2s - southeastasia,Virtual Machines,Standard_B2s Series,78a50003-6630-5ba4-aad2-c10f0de71d3b,B2s,24.0,1 Hour,2.001794,0.084,0.083408,0.084,OnDemand,USD,Microsoft.Compute,/subscriptions/a1b2c3d4-0003-0003-0003-000000000003/resourceGroups/rg-app-prod/providers/Microsoft.Compute/virtualMachines/vm-standard-b2s-07,vm-standard-b2s-07,"{""team"": ""frontend"", ""environment"": ""prod"", ""costcenter"": ""CC300"", ""application"": ""frontend-app""}","{""ServiceType"": ""Standard"", ""VMName"": ""vm-standard-b2s-07"", ""vCPUs"": 2}",Compute,Usage,Azure,,
EA-9876543210,app-prod-sub,app-prod-sub,owner_0003@company.com,a1b2c3d4-0003-0003-0003-000000000003,app-prod-sub,rg-app-staging,southeastasia,2026-04-12,Virtual Machines Standard_B2s - southeastasia,Virtual Machines,Standard_B2s Series,78a50003-6630-5ba4-aad2-c10f0de71d3b,B2s,24.0,1 Hour,2.028269,0.084,0.084511,0.084,OnDemand,USD,Microsoft.Compute,/subscriptions/a1b2c3d4-0003-0003-0003-000000000003/resourceGroups/rg-app-staging/providers/Microsoft.Compute/virtualMachines/vm-standard-b2s-08,vm-standard-b2s-08,"{""team"": ""frontend"", ""environment"": ""staging"", ""costcenter"": ""CC300"", ""application"": ""frontend-app""}","{""ServiceType"": ""Standard"", ""VMName"": ""vm-standard-b2s-08"", ""vCPUs"": 2}",Compute,Usage,Azure,,
EA-9876543210,app-prod-sub,app-prod-sub,owner_0003@company.com,a1b2c3d4-0003-0003-0003-000000000003,app-prod-sub,rg-app-staging,eastus,2026-04-12,Virtual Machines Standard_D2s_v3 - eastus,Virtual Machines,Standard_D2s_v3 Series,bbc4f1e6-b32a-5f02-86f0-702bf6097b8b,D2s v3,24.0,1 Hour,4.051355,0.168,0.168806,0.168,OnDemand,USD,Microsoft.Compute,/subscriptions/a1b2c3d4-0003-0003-0003-000000000003/resourceGroups/rg-app-staging/providers/Microsoft.Compute/virtualMachines/vm-standard-d2s-v3-09,vm-standard-d2s-v3-09,{},"{""ServiceType"": ""Standard"", ""VMName"": ""vm-standard-d2s-v3-09"", ""vCPUs"": 2}",Compute,Usage,Azure,,
EA-9876543210,platform-prod-sub,platform-prod-sub,owner_0001@company.com,a1b2c3d4-0001-0001-0001-000000000001,platform-prod-sub,rg-platform-dev,eastus,2026-04-12,Virtual Machines Standard_B2s - eastus,Virtual Machines,Standard_B2s Series,7190101e-d2ab-5a56-ad8e-83f7122f17e8,B2s,24.0,1 Hour,2.017968,0.084,0.084082,0.084,OnDemand,USD,Microsoft.Compute,/subscriptions/a1b2c3d4-0001-0001-0001-000000000001/resourceGroups/rg-platform-dev/providers/Microsoft.Compute/virtualMachines/vm-standard-b2s-10,vm-standard-b2s-10,{},"{""ServiceType"": ""Standard"", ""VMName"": ""vm-standard-b2s-10"", ""vCPUs"": 2}",Compute,Usage,Azure,,
EA-9876543210,app-prod-sub,app-prod-sub,owner_0003@company.com,a1b2c3d4-0003-0003-0003-000000000003,app-prod-sub,rg-app-dev,eastus,2026-04-12,Virtual Machines Standard_B2s - eastus,Virtual Machines,Standard_B2s Series,7190101e-d2ab-5a56-ad8e-83f7122f17e8,B2s,24.0,1 Hour,1.412051,0.084,0.058835,0.084,SavingsPlan,USD,Microsoft.Compute,/subscriptions/a1b2c3d4-0003-0003-0003-000000000003/resourceGroups/rg-app-dev/providers/Microsoft.Compute/virtualMachines/vm-standard-b2s-11,vm-standard-b2s-11,{},"{""ServiceType"": ""Standard"", ""VMName"": ""vm-standard-b2s-11"", ""vCPUs"": 2}",Compute,Usage,Azure,/providers/Microsoft.BillingBenefits/savingsPlanOrders/3d7faba6-e7d5-4860-bf8c-9aee10eab80c,Compute savings plan_1Year
EA-9876543210,app-prod-sub,app-prod-sub,owner_0003@company.com,a1b2c3d4-0003-0003-0003-000000000003,app-prod-sub,rg-app-dev,eastus,2026-04-12,Unused Reservation - vm-standard-b2s-11,Virtual Machines,Unused Capacity,e13d21ef-438e-5164-8c5b-cb759701b622,Unused,0.0,1 Hour,0.256003,0.0,0.0,0.084,SavingsPlan,USD,Microsoft.Compute,,vm-standard-b2s-11,{},{},Compute,UnusedSavingsPlan,Azure,/providers/Microsoft.BillingBenefits/savingsPlanOrders/eac851f8-6e8e-4561-9359-69f3d8a54a35,Compute savings plan_1Year
EA-9876543210,platform-prod-sub,platform-prod-sub,owner_0001@company.com,a1b2c3d4-0001-0001-0001-000000000001,platform-prod-sub,rg-platform-prod,eastus,2026-04-12,Blob Storage - LRS - Hot - eastus,Storage,Blobs - LRS - Hot,fb8faed0-f377-5fb0-92b7-78035153a7fa,Data Stored,850.6903,1 GB/Month,0.509622,0.018,0.018,0.018,OnDemand,USD,Microsoft.Storage,/subscriptions/a1b2c3d4-0001-0001-0001-000000000001/resourceGroups/rg-platform-prod/providers/Microsoft.Storage/storageAccounts/stplatformassets,stplatformassets,{},"{""AccountType"": ""LRS""}",Storage,Usage,Azure,,
EA-9876543210,data-eng-prod-sub,data-eng-prod-sub,owner_0002@company.com,a1b2c3d4-0002-0002-0002-000000000002,data-eng-prod-sub,rg-data-prod,westeurope,2026-04-12,Blob Storage - ZRS - Hot - westeurope,Storage,Blobs - ZRS - Hot,9dd9b051-b91d-533a-9f70-e4838eb241bb,Data Stored,3198.4349,1 GB/Month,2.453728,0.023,0.023,0.023,OnDemand,USD,Microsoft.Storage,/subscriptions/a1b2c3d4-0002-0002-0002-000000000002/resourceGroups/rg-data-prod/providers/Microsoft.Storage/storageAccounts/stdatalake,stdatalake,"{""team"": ""data-eng"", ""environment"": ""prod"", ""costcenter"": ""CC200"", ""application"": ""data-eng-app""}","{""AccountType"": ""ZRS""}",Storage,Usage,Azure,,
EA-9876543210,app-prod-sub,app-prod-sub,owner_0003@company.com,a1b2c3d4-0003-0003-0003-000000000003,app-prod-sub,rg-app-prod,southeastasia,2026-04-12,Blob Storage - LRS - Hot - southeastasia,Storage,Blobs - LRS - Hot,3ae72a36-b458-5b93-9e16-84484844594d,Data Stored,399.7606,1 GB/Month,0.239367,0.018,0.018,0.018,OnDemand,USD,Microsoft.Storage,/subscriptions/a1b2c3d4-0003-0003-0003-000000000003/resourceGroups/rg-app-prod/providers/Microsoft.Storage/storageAccounts/stappassets,stappassets,{},"{""AccountType"": ""LRS""}",Storage,Usage,Azure,,
EA-9876543210,data-eng-prod-sub,data-eng-prod-sub,owner_0002@company.com,a1b2c3d4-0002-0002-0002-000000000002,data-eng-prod-sub,rg-ml-prod,westeurope,2026-04-12,Blob Storage - LRS - Hot - westeurope,Storage,Blobs - LRS - Hot,4ba045d2-b571-568f-be23-884194c5daba,Data Stored,1099.4968,1 GB/Month,0.660778,0.018,0.018,0.018,OnDemand,USD,Microsoft.Storage,/subscriptions/a1b2c3d4-0002-0002-0002-000000000002/resourceGroups/rg-ml-prod/providers/Microsoft.Storage/storageAccounts/stmlmodels,stmlmodels,{},"{""AccountType"": ""LRS""}",Storage,Usage,Azure,,
EA-9876543210,platform-prod-sub,platform-prod-sub,owner_0001@company.com,a1b2c3d4-0001-0001-0001-000000000001,platform-prod-sub,rg-platform-prod,eastus,2026-04-12,Azure SQL Database Standard_S2 - eastus,SQL Database,Standard_S2,cd1e0b9a-8ff0-5779-9281-87ab698e2916,vCore Hours,24.0,1 Hour,7.434786,0.31,0.31,0.31,OnDemand,USD,Microsoft.Sql,/subscriptions/a1b2c3d4-0001-0001-0001-000000000001/resourceGroups/rg-platform-prod/providers/Microsoft.Sql/servers/databases/sqldb-standard-0001,sqldb-standard-0001,"{""team"": ""platform"", ""environment"": ""prod"", ""costcenter"": ""CC100"", ""application"": ""platform-app""}",{},Databases,Usage,Azure,,
EA-9876543210,data-eng-prod-sub,data-eng-prod-sub,owner_0002@company.com,a1b2c3d4-0002-0002-0002-000000000002,data-eng-prod-sub,rg-data-prod,westeurope,2026-04-12,Azure SQL Database Business Critical_BC_Gen5_4 - westeurope,SQL Database,Business Critical_BC_Gen5_4,4bab5ab0-7291-58c2-8564-3252f5053179,vCore Hours,24.0,1 Hour,53.270106,2.2,2.2,2.2,OnDemand,USD,Microsoft.Sql,/subscriptions/a1b2c3d4-0002-0002-0002-000000000002/resourceGroups/rg-data-prod/providers/Microsoft.Sql/servers/databases/sqldb-business critical-0002,sqldb-business critical-0002,{},{},Databases,Usage,Azure,,
EA-9876543210,app-prod-sub,app-prod-sub,owner_0003@company.com,a1b2c3d4-0003-0003-0003-000000000003,app-prod-sub,rg-app-prod,eastus,2026-04-12,Azure SQL Database General Purpose_GP_Gen5_2 - eastus,SQL Database,General Purpose_GP_Gen5_2,69e0198c-4ca3-5ac2-8540-db65f6d44c56,vCore Hours,24.0,1 Hour,14.27518,0.6,0.6,0.6,OnDemand,USD,Microsoft.Sql,/subscriptions/a1b2c3d4-0003-0003-0003-000000000003/resourceGroups/rg-app-prod/providers/Microsoft.Sql/servers/databases/sqldb-general purpose-0003,sqldb-general purpose-0003,"{""team"": ""backend"", ""environment"": ""prod"", ""costcenter"": ""CC400"", ""application"": ""backend-app""}",{},Databases,Usage,Azure,,
EA-9876543210,shared-infra-sub,shared-infra-sub,owner_infra@company.com,a1b2c3d4-9999-9999-9999-000000000099,shared-infra-sub,rg-shared-infra,eastus,2026-04-12,Azure Monitor,Monitor,Data Ingested,aadff281-e00d-588e-bd69-a4630325bd50,Data Ingested,1000.0,1 Unit,45.144336,0.045,0.045,0.045,OnDemand,USD,Microsoft.SharedInfra,/subscriptions/a1b2c3d4-9999-9999-9999-000000000099/resourceGroups/rg-shared-infra/providers/Microsoft.SharedInfra/Monitor/monitor,monitor,{},{},Management,Usage,Azure,,
EA-9876543210,shared-infra-sub,shared-infra-sub,owner_infra@company.com,a1b2c3d4-9999-9999-9999-000000000099,shared-infra-sub,rg-shared-infra,eastus,2026-04-12,Virtual Network,Networking,Intra-Region,cc2ca1a8-2d13-5873-b301-4b8ed16ed2c0,Intra-Region,622.22,1 Unit,28.09127,0.045,0.045,0.045,OnDemand,USD,Microsoft.SharedInfra,/subscriptions/a1b2c3d4-9999-9999-9999-000000000099/resourceGroups/rg-shared-infra/providers/Microsoft.SharedInfra/Networking/networking,networking,{},{},Networking,Usage,Azure,,
EA-9876543210,shared-infra-sub,shared-infra-sub,owner_infra@company.com,a1b2c3d4-9999-9999-9999-000000000099,shared-infra-sub,rg-shared-infra,eastus,2026-04-12,API Management,API Management,Gateway Units,78998862-331b-5215-a4b4-8d4500189f89,Gateway Units,2666.67,1 Unit,120.990885,0.045,0.045,0.045,OnDemand,USD,Microsoft.SharedInfra,/subscriptions/a1b2c3d4-9999-9999-9999-000000000099/resourceGroups/rg-shared-infra/providers/Microsoft.SharedInfra/API Management/api-management,api-management,{},{},Integration,Usage,Azure,,
EA-9876543210,shared-infra-sub,shared-infra-sub,owner_infra@company.com,a1b2c3d4-9999-9999-9999-000000000099,shared-infra-sub,rg-shared-infra,eastus,2026-04-12,Azure Key Vault,Key Vault,Operations,3cb0172e-6732-5350-b439-97753364a78c,Operations,177.78,1 Unit,7.977635,0.045,0.045,0.045,OnDemand,USD,Microsoft.SharedInfra,/subscriptions/a1b2c3d4-9999-9999-9999-000000000099/resourceGroups/rg-shared-infra/providers/Microsoft.SharedInfra/Key Vault/key-vault,key-vault,{},{},Security,Usage,Azure,,
EA-9876543210,shared-infra-sub,shared-infra-sub,owner_infra@company.com,a1b2c3d4-9999-9999-9999-000000000099,shared-infra-sub,rg-shared-infra,eastus,2026-04-12,Azure Blob Storage,Storage,Data Stored,2e8ee991-b3b7-5136-98e5-4772405cdb0c,Data Stored,400.0,1 Unit,17.858841,0.045,0.045,0.045,OnDemand,USD,Microsoft.SharedInfra,/subscriptions/a1b2c3d4-9999-9999-9999-000000000099/resourceGroups/rg-shared-infra/providers/Microsoft.SharedInfra/Storage/storage,storage,{},{},Storage,Usage,Azure,,
EA-9876543210,platform-prod-sub,platform-prod-sub,owner_0001@company.com,a1b2c3d4-0001-0001-0001-000000000001,platform-prod-sub,rg-platform-prod,eastus,2026-04-13,Virtual Machines Standard_D2s_v3 - eastus,Virtual Machines,Standard_D2s_v3 Series,bbc4f1e6-b32a-5f02-86f0-702bf6097b8b,D2s v3,24.0,1 Hour,4.07069,0.168,0.169612,0.168,OnDemand,USD,Microsoft.Compute,/subscriptions/a1b2c3d4-0001-0001-0001-000000000001/resourceGroups/rg-platform-prod/providers/Microsoft.Compute/virtualMachines/vm-standard-d2s-v3-00,vm-standard-d2s-v3-00,"{""team"": ""platform"", ""environment"": ""prod"", ""costcenter"": ""CC100"", ""application"": ""platform-app""}","{""ServiceType"": ""Standard"", ""VMName"": ""vm-standard-d2s-v3-00"", ""vCPUs"": 2}",Compute,Usage,Azure,,
EA-9876543210,platform-prod-sub,platform-prod-sub,owner_0001@company.com,a1b2c3d4-0001-0001-0001-000000000001,platform-prod-sub,rg-platform-prod,eastus,2026-04-13,Virtual Machines Standard_D2s_v3 - eastus,Virtual Machines,Standard_D2s_v3 Series,bbc4f1e6-b32a-5f02-86f0-702bf6097b8b,D2s v3,24.0,1 Hour,4.030763,0.168,0.167948,0.168,OnDemand,USD,Microsoft.Compute,/subscriptions/a1b2c3d4-0001-0001-0001-000000000001/resourceGroups/rg-platform-prod/providers/Microsoft.Compute/virtualMachines/vm-standard-d2s-v3-01,vm-standard-d2s-v3-01,"{""team"": ""platform"", ""environment"": ""prod"", ""costcenter"": ""CC100"", ""application"": ""platform-app""}","{""ServiceType"": ""Standard"", ""VMName"": ""vm-standard-d2s-v3-01"", ""vCPUs"": 2}",Compute,Usage,Azure,,
EA-9876543210,app-prod-sub,app-prod-sub,owner_0003@company.com,a1b2c3d4-0003-0003-0003-000000000003,app-prod-sub,rg-app-prod,eastus,2026-04-13,Virtual Machines Standard_D4s_v3 - eastus,Virtual Machines,Standard_D4s_v3 Series,6c8e1236-a3aa-53d7-8e09-dadb98f69027,D4s v3,24.0,1 Hour,8.139284,0.336,0.339137,0.336,OnDemand,USD,Microsoft.Compute,/subscriptions/a1b2c3d4-0003-0003-0003-000000000003/resourceGroups/rg-app-prod/providers/Microsoft.Compute/virtualMachines/vm-standard-d4s-v3-02,vm-standard-d4s-v3-02,"{""team"": ""backend"", ""environment"": ""prod"", ""costcenter"": ""CC400"", ""application"": ""backend-app""}","{""ServiceType"": ""Standard"", ""VMName"": ""vm-standard-d4s-v3-02"", ""vCPUs"": 4}",Compute,Usage,Azure,,
EA-9876543210,data-eng-prod-sub,data-eng-prod-sub,owner_0002@company.com,a1b2c3d4-0002-0002-0002-000000000002,data-eng-prod-sub,rg-data-prod,westeurope,2026-04-13,Virtual Machines Standard_E4s_v3 - westeurope,Virtual Machines,Standard_E4s_v3 Series,7373fa15-5d45-5d30-a83f-72064e156f94,E4s v3,24.0,1 Hour,5.269101,0.364,0.219546,0.364,Reservation,USD,Microsoft.Compute,/subscriptions/a1b2c3d4-0002-0002-0002-000000000002/resourceGroups/rg-data-prod/providers/Microsoft.Compute/virtualMachines/vm-standard-e4s-v3-03,vm-standard-e4s-v3-03,"{""team"": ""data-eng"", ""environment"": ""prod"", ""costcenter"": ""CC200"", ""application"": ""data-eng-app""}","{""ServiceType"": ""Standard"", ""VMName"": ""vm-standard-e4s-v3-03"", ""vCPUs"": 4}",Compute,Usage,Azure,/providers/Microsoft.BillingBenefits/savingsPlanOrders/80ac308e-efa4-4f4e-931b-ffae83adedb0,Reserved VM Instance_westeurope_1Year
EA-9876543210,data-eng-prod-sub,data-eng-prod-sub,owner_0002@company.com,a1b2c3d4-0002-0002-0002-000000000002,data-eng-prod-sub,rg-data-prod,westeurope,2026-04-13,Unused Reservation - vm-standard-e4s-v3-03,Virtual Machines,Unused Capacity,b1ff3d22-38a7-5721-a6b3-3ccea427844b,Unused,0.0,1 Hour,0.755647,0.0,0.0,0.364,Reservation,USD,Microsoft.Compute,,vm-standard-e4s-v3-03,"{""team"": ""data-eng"", ""environment"": ""prod"", ""costcenter"": ""CC200"", ""application"": ""data-eng-app""}",{},Compute,UnusedReservation,Azure,/providers/Microsoft.BillingBenefits/savingsPlanOrders/b04edcb0-a534-45da-9e61-db99875ead5f,Reserved VM Instance_westeurope_1Year
EA-9876543210,data-eng-prod-sub,data-eng-prod-sub,owner_0002@company.com,a1b2c3d4-0002-0002-0002-000000000002,data-eng-prod-sub,rg-data-prod,westeurope,2026-04-13,Virtual Machines Standard_E8s_v3 - westeurope,Virtual Machines,Standard_E8s_v3 Series,2b9593f7-8692-56d9-b10a-a624f400da47,E8s v3,24.0,1 Hour,17.3037,0.728,0.720988,0.728,OnDemand,USD,Microsoft.Compute,/subscriptions/a1b2c3d4-0002-0002-0002-000000000002/resourceGroups/rg-data-prod/providers/Microsoft.Compute/virtualMachines/vm-standard-e8s-v3-04,vm-standard-e8s-v3-04,"{""team"": ""data-eng"", ""environment"": ""prod"", ""costcenter"": ""CC200"", ""application"": ""data-eng-app""}","{""ServiceType"": ""Standard"", ""VMName"": ""vm-standard-e8s-v3-04"", ""vCPUs"": 8}",Compute,Usage,Azure,,
EA-9876543210,data-eng-prod-sub,data-eng-prod-sub,owner_0002@company.com,a1b2c3d4-0002-0002-0002-000000000002,data-eng-prod-sub,rg-ml-prod,westeurope,2026-04-13,Virtual Machines Standard_F4s_v2 - westeurope,Virtual Machines,Standard_F4s_v2 Series,303bf71a-6d52-56d9-8e75-95552aa01c86,F4s v2,24.0,1 Hour,3.988798,0.252,0.1662,0.252,Reservation,USD,Microsoft.Compute,/subscriptions/a1b2c3d4-0002-0002-0002-000000000002/resourceGroups/rg-ml-prod/providers/Microsoft.Compute/virtualMachines/vm-standard-f4s-v2-05,vm-standard-f4s-v2-05,{},"{""ServiceType"": ""Standard"", ""VMName"": ""vm-standard-f4s-v2-05"", ""vCPUs"": 4}",Compute,Usage,Azure,/providers/Microsoft.BillingBenefits/savingsPlanOrders/8b58ebe6-f6dc-4ebd-8901-b163c5fd1b53,Reserved VM Instance_westeurope_1Year
EA-9876543210,data-eng-prod-sub,data-eng-prod-sub,owner_0002@company.com,a1b2c3d4-0002-0002-0002-000000000002,data-eng-prod-sub,rg-ml-prod,westeurope,2026-04-13,Virtual Machines Standard_D8s_v3 - westeurope,Virtual Machines,Standard_D8s_v3 Series,348575ff-7ae0-57e5-896e-037d67179117,D8s v3,24.0,1 Hour,12.628779,0.672,0.526199,0.672,SavingsPlan,USD,Microsoft.Compute,/subscriptions/a1b2c3d4-0002-0002-0002-000000000002/resourceGroups/rg-ml-prod/providers/Microsoft.Compute/virtualMachines/vm-standard-d8s-v3-06,vm-standard-d8s-v3-06,"{""team"": ""ml"", ""environment"": ""prod"", ""costcenter"": ""CC500"", ""application"": ""ml-app""}","{""ServiceType"": ""Standard"", ""VMName"": ""vm-standard-d8s-v3-06"", ""vCPUs"": 8}",Compute,Usage,Azure,/providers/Microsoft.BillingBenefits/savingsPlanOrders/16e60658-61be-410b-86b1-800d78713abe,Compute savings plan_1Year
EA-9876543210,data-eng-prod-sub,data-eng-prod-sub,owner_0002@company.com,a1b2c3d4-0002-0002-0002-000000000002,data-eng-prod-sub,rg-ml-prod,westeurope,2026-04-13,Unused Reservation - vm-standard-d8s-v3-06,Virtual Machines,Unused Capacity,aa50b3b2-888c-592a-9f4b-0e0e161b0ea4,Unused,0.0,1 Hour,3.489728,0.0,0.0,0.672,SavingsPlan,USD,Microsoft.Compute,,vm-standard-d8s-v3-06,"{""team"": ""ml"", ""environment"": ""prod"", ""costcenter"": ""CC500"", ""application"": ""ml-app""}",{},Compute,UnusedSavingsPlan,Azure,/providers/Microsoft.BillingBenefits/savingsPlanOrders/157fd830-bf4a-43d2-ab99-aabf3c9c2177,Compute savings plan_1Year
EA-9876543210,app-prod-sub,app-prod-sub,owner_0003@company.com,a1b2c3d4-0003-0003-0003-000000000003,app-prod-sub,rg-app-prod,southeastasia,2026-04-13,Virtual Machines Standard_B2s - southeastasia,Virtual Machines,Standard_B2s Series,78a50003-6630-5ba4-aad2-c10f0de71d3b,B2s,24.0,1 Hour,2.033908,0.084,0.084746,0.084,OnDemand,USD,Microsoft.Compute,/subscriptions/a1b2c3d4-0003-0003-0003-000000000003/resourceGroups/rg-app-prod/providers/Microsoft.Compute/virtualMachines/vm-standard-b2s-07,vm-standard-b2s-07,{},"{""ServiceType"": ""Standard"", ""VMName"": ""vm-standard-b2s-07"", ""vCPUs"": 2}",Compute,Usage,Azure,,
EA-9876543210,app-prod-sub,app-prod-sub,owner_0003@company.com,a1b2c3d4-0003-0003-0003-000000000003,app-prod-sub,rg-app-staging,southeastasia,2026-04-13,Virtual Machines Standard_B2s - southeastasia,Virtual Machines,Standard_B2s Series,78a50003-6630-5ba4-aad2-c10f0de71d3b,B2s,24.0,1 Hour,2.01168,0.084,0.08382,0.084,OnDemand,USD,Microsoft.Compute,/subscriptions/a1b2c3d4-0003-0003-0003-000000000003/resourceGroups/rg-app-staging/providers/Microsoft.Compute/virtualMachines/vm-standard-b2s-08,vm-standard-b2s-08,{},"{""ServiceType"": ""Standard"", ""VMName"": ""vm-standard-b2s-08"", ""vCPUs"": 2}",Compute,Usage,Azure,,
EA-9876543210,app-prod-sub,app-prod-sub,owner_0003@company.com,a1b2c3d4-0003-0003-0003-000000000003,app-prod-sub,rg-app-staging,eastus,2026-04-13,Virtual Machines Standard_D2s_v3 - eastus,Virtual Machines,Standard_D2s_v3 Series,bbc4f1e6-b32a-5f02-86f0-702bf6097b8b,D2s v3,24.0,1 Hour,4.046354,0.168,0.168598,0.168,OnDemand,USD,Microsoft.Compute,/subscriptions/a1b2c3d4-0003-0003-0003-000000000003/resourceGroups/rg-app-staging/providers/Microsoft.Compute/virtualMachines/vm-standard-d2s-v3-09,vm-standard-d2s-v3-09,{},"{""ServiceType"": ""Standard"", ""VMName"": ""vm-standard-d2s-v3-09"", ""vCPUs"": 2}",Compute,Usage,Azure,,
EA-9876543210,platform-prod-sub,platform-prod-sub,owner_0001@company.com,a1b2c3d4-0001-0001-0001-000000000001,platform-prod-sub,rg-platform-dev,eastus,2026-04-13,Virtual Machines Standard_B2s - eastus,Virtual Machines,Standard_B2s Series,7190101e-d2ab-5a56-ad8e-83f7122f17e8,B2s,24.0,1 Hour,2.018939,0.084,0.084122,0.084,OnDemand,USD,Microsoft.Compute,/subscriptions/a1b2c3d4-0001-0001-0001-000000000001/resourceGroups/rg-platform-dev/providers/Microsoft.Compute/virtualMachines/vm-standard-b2s-10,vm-standard-b2s-10,{},"{""ServiceType"": ""Standard"", ""VMName"": ""vm-standard-b2s-10"", ""vCPUs"": 2}",Compute,Usage,Azure,,
EA-9876543210,app-prod-sub,app-prod-sub,owner_0003@company.com,a1b2c3d4-0003-0003-0003-000000000003,app-prod-sub,rg-app-dev,eastus,2026-04-13,Virtual Machines Standard_B2s - eastus,Virtual Machines,Standard_B2s Series,7190101e-d2ab-5a56-ad8e-83f7122f17e8,B2s,24.0,1 Hour,1.426829,0.084,0.059451,0.084,SavingsPlan,USD,Microsoft.Compute,/subscriptions/a1b2c3d4-0003-0003-0003-000000000003/resourceGroups/rg-app-dev/providers/Microsoft.Compute/virtualMachines/vm-standard-b2s-11,vm-standard-b2s-11,{},"{""ServiceType"": ""Standard"", ""VMName"": ""vm-standard-b2s-11"", ""vCPUs"": 2}",Compute,Usage,Azure,/providers/Microsoft.BillingBenefits/savingsPlanOrders/9ae9552f-0f2f-449b-bc29-d6c48d867c21,Compute savings plan_1Year
EA-9876543210,platform-prod-sub,platform-prod-sub,owner_0001@company.com,a1b2c3d4-0001-0001-0001-000000000001,platform-prod-sub,rg-platform-prod,eastus,2026-04-13,Blob Storage - LRS - Hot - eastus,Storage,Blobs - LRS - Hot,fb8faed0-f377-5fb0-92b7-78035153a7fa,Data Stored,850.2592,1 GB/Month,0.508873,0.018,0.018,0.018,OnDemand,USD,Microsoft.Storage,/subscriptions/a1b2c3d4-0001-0001-0001-000000000001/resourceGroups/rg-platform-prod/providers/Microsoft.Storage/storageAccounts/stplatformassets,stplatformassets,"{""team"": ""platform"", ""environment"": ""prod"", ""costcenter"": ""CC100"", ""application"": ""platform-app""}","{""AccountType"": ""LRS""}",Storage,Usage,Azure,,
EA-9876543210,data-eng-prod-sub,data-eng-prod-sub,owner_0002@company.com,a1b2c3d4-0002-0002-0002-000000000002,data-eng-prod-sub,rg-data-prod,westeurope,2026-04-13,Blob Storage - ZRS - Hot - westeurope,Storage,Blobs - ZRS - Hot,9dd9b051-b91d-533a-9f70-e4838eb241bb,Data Stored,3201.1779,1 GB/Month,2.454526,0.023,0.023,0.023,OnDemand,USD,Microsoft.Storage,/subscriptions/a1b2c3d4-0002-0002-0002-000000000002/resourceGroups/rg-data-prod/providers/Microsoft.Storage/storageAccounts/stdatalake,stdatalake,{},"{""AccountType"": ""ZRS""}",Storage,Usage,Azure,,
EA-9876543210,app-prod-sub,app-prod-sub,owner_0003@company.com,a1b2c3d4-0003-0003-0003-000000000003,app-prod-sub,rg-app-prod,southeastasia,2026-04-13,Blob Storage - LRS - Hot - southeastasia,Storage,Blobs - LRS - Hot,3ae72a36-b458-5b93-9e16-84484844594d,Data Stored,399.7105,1 GB/Month,0.239571,0.018,0.018,0.018,OnDemand,USD,Microsoft.Storage,/subscriptions/a1b2c3d4-0003-0003-0003-000000000003/resourceGroups/rg-app-prod/providers/Microsoft.Storage/storageAccounts/stappassets,stappassets,"{""team"": ""frontend"", ""environment"": ""prod"", ""costcenter"": ""CC300"", ""application"": ""frontend-app""}","{""AccountType"": ""LRS""}",Storage,Usage,Azure,,
EA-9876543210,data-eng-prod-sub,data-eng-prod-sub,owner_0002@company.com,a1b2c3d4-0002-0002-0002-000000000002,data-eng-prod-sub,rg-ml-prod,westeurope,2026-04-13,Blob Storage - LRS - Hot - westeurope,Storage,Blobs - LRS - Hot,4ba045d2-b571-568f-be23-884194c5daba,Data Stored,1100.877,1 GB/Month,0.660747,0.018,0.018,0.018,OnDemand,USD,Microsoft.Storage,/subscriptions/a1b2c3d4-0002-0002-0002-000000000002/resourceGroups/rg-ml-prod/providers/Microsoft.Storage/storageAccounts/stmlmodels,stmlmodels,"{""team"": ""ml"", ""environment"": ""prod"", ""costcenter"": ""CC500"", ""application"": ""ml-app""}","{""AccountType"": ""LRS""}",Storage,Usage,Azure,,
EA-9876543210,platform-prod-sub,platform-prod-sub,owner_0001@company.com,a1b2c3d4-0001-0001-0001-000000000001,platform-prod-sub,rg-platform-prod,eastus,2026-04-13,Azure SQL Database Standard_S2 - eastus,SQL Database,Standard_S2,cd1e0b9a-8ff0-5779-9281-87ab698e2916,vCore Hours,24.0,1 Hour,7.500943,0.31,0.31,0.31,OnDemand,USD,Microsoft.Sql,/subscriptions/a1b2c3d4-0001-0001-0001-000000000001/resourceGroups/rg-platform-prod/providers/Microsoft.Sql/servers/databases/sqldb-standard-0001,sqldb-standard-0001,"{""team"": ""platform"", ""environment"": ""prod"", ""costcenter"": ""CC100"", ""application"": ""platform-app""}",{},Databases,Usage,Azure,,
EA-9876543210,data-eng-prod-sub,data-eng-prod-sub,owner_0002@company.com,a1b2c3d4-0002-0002-0002-000000000002,data-eng-prod-sub,rg-data-prod,westeurope,2026-04-13,Azure SQL Database Business Critical_BC_Gen5_4 - westeurope,SQL Database,Business Critical_BC_Gen5_4,4bab5ab0-7291-58c2-8564-3252f5053179,vCore Hours,24.0,1 Hour,52.726148,2.2,2.2,2.2,OnDemand,USD,Microsoft.Sql,/subscriptions/a1b2c3d4-0002-0002-0002-000000000002/resourceGroups/rg-data-prod/providers/Microsoft.Sql/servers/databases/sqldb-business critical-0002,sqldb-business critical-0002,"{""team"": ""data-eng"", ""environment"": ""prod"", ""costcenter"": ""CC200"", ""application"": ""data-eng-app""}",{},Databases,Usage,Azure,,
EA-9876543210,app-prod-sub,app-prod-sub,owner_0003@company.com,a1b2c3d4-0003-0003-0003-000000000003,app-prod-sub,rg-app-prod,eastus,2026-04-13,Azure SQL Database General Purpose_GP_Gen5_2 - eastus,SQL Database,General Purpose_GP_Gen5_2,69e0198c-4ca3-5ac2-8540-db65f6d44c56,vCore Hours,24.0,1 Hour,14.517793,0.6,0.6,0.6,OnDemand,USD,Microsoft.Sql,/subscriptions/a1b2c3d4-0003-0003-0003-000000000003/resourceGroups/rg-app-prod/providers/Microsoft.Sql/servers/databases/sqldb-general purpose-0003,sqldb-general purpose-0003,{},{},Databases,Usage,Azure,,
EA-9876543210,shared-infra-sub,shared-infra-sub,owner_infra@company.com,a1b2c3d4-9999-9999-9999-000000000099,shared-infra-sub,rg-shared-infra,eastus,2026-04-13,Azure Monitor,Monitor,Data Ingested,aadff281-e00d-588e-bd69-a4630325bd50,Data Ingested,1000.0,1 Unit,45.243045,0.045,0.045,0.045,OnDemand,USD,Microsoft.SharedInfra,/subscriptions/a1b2c3d4-9999-9999-9999-000000000099/resourceGroups/rg-shared-infra/providers/Microsoft.SharedInfra/Monitor/monitor,monitor,{},{},Management,Usage,Azure,,
EA-9876543210,shared-infra-sub,shared-infra-sub,owner_infra@company.com,a1b2c3d4-9999-9999-9999-000000000099,shared-infra-sub,rg-shared-infra,eastus,2026-04-13,Virtual Network,Networking,Intra-Region,cc2ca1a8-2d13-5873-b301-4b8ed16ed2c0,Intra-Region,622.22,1 Unit,28.08749,0.045,0.045,0.045,OnDemand,USD,Microsoft.SharedInfra,/subscriptions/a1b2c3d4-9999-9999-9999-000000000099/resourceGroups/rg-shared-infra/providers/Microsoft.SharedInfra/Networking/networking,networking,{},{},Networking,Usage,Azure,,
EA-9876543210,shared-infra-sub,shared-infra-sub,owner_infra@company.com,a1b2c3d4-9999-9999-9999-000000000099,shared-infra-sub,rg-shared-infra,eastus,2026-04-13,API Management,API Management,Gateway Units,78998862-331b-5215-a4b4-8d4500189f89,Gateway Units,2666.67,1 Unit,120.155626,0.045,0.045,0.045,OnDemand,USD,Microsoft.SharedInfra,/subscriptions/a1b2c3d4-9999-9999-9999-000000000099/resourceGroups/rg-shared-infra/providers/Microsoft.SharedInfra/API Management/api-management,api-management,{},{},Integration,Usage,Azure,,
EA-9876543210,shared-infra-sub,shared-infra-sub,owner_infra@company.com,a1b2c3d4-9999-9999-9999-000000000099,shared-infra-sub,rg-shared-infra,eastus,2026-04-13,Azure Key Vault,Key Vault,Operations,3cb0172e-6732-5350-b439-97753364a78c,Operations,177.78,1 Unit,7.945288,0.045,0.045,0.045,OnDemand,USD,Microsoft.SharedInfra,/subscriptions/a1b2c3d4-9999-9999-9999-000000000099/resourceGroups/rg-shared-infra/providers/Microsoft.SharedInfra/Key Vault/key-vault,key-vault,{},{},Security,Usage,Azure,,
EA-9876543210,shared-infra-sub,shared-infra-sub,owner_infra@company.com,a1b2c3d4-9999-9999-9999-000000000099,shared-infra-sub,rg-shared-infra,eastus,2026-04-13,Azure Blob Storage,Storage,Data Stored,2e8ee991-b3b7-5136-98e5-4772405cdb0c,Data Stored,400.0,1 Unit,17.844413,0.045,0.045,0.045,OnDemand,USD,Microsoft.SharedInfra,/subscriptions/a1b2c3d4-9999-9999-9999-000000000099/resourceGroups/rg-shared-infra/providers/Microsoft.SharedInfra/Storage/storage,storage,{},{},Storage,Usage,Azure,,
EA-9876543210,platform-prod-sub,platform-prod-sub,owner_0001@company.com,a1b2c3d4-0001-0001-0001-000000000001,platform-prod-sub,rg-platform-prod,eastus,2026-04-14,Virtual Machines Standard_D2s_v3 - eastus,Virtual Machines,Standard_D2s_v3 Series,bbc4f1e6-b32a-5f02-86f0-702bf6097b8b,D2s v3,24.0,1 Hour,4.059379,0.168,0.169141,0.168,OnDemand,USD,Microsoft.Compute,/subscriptions/a1b2c3d4-0001-0001-0001-000000000001/resourceGroups/rg-platform-prod/providers/Microsoft.Compute/virtualMachines/vm-standard-d2s-v3-00,vm-standard-d2s-v3-00,{},"{""ServiceType"": ""Standard"", ""VMName"": ""vm-standard-d2s-v3-00"", ""vCPUs"": 2}",Compute,Usage,Azure,,
EA-9876543210,platform-prod-sub,platform-prod-sub,owner_0001@company.com,a1b2c3d4-0001-0001-0001-000000000001,platform-prod-sub,rg-platform-prod,eastus,2026-04-14,Virtual Machines Standard_D2s_v3 - eastus,Virtual Machines,Standard_D2s_v3 Series,bbc4f1e6-b32a-5f02-86f0-702bf6097b8b,D2s v3,24.0,1 Hour,4.070134,0.168,0.169589,0.168,OnDemand,USD,Microsoft.Compute,/subscriptions/a1b2c3d4-0001-0001-0001-000000000001/resourceGroups/rg-platform-prod/providers/Microsoft.Compute/virtualMachines/vm-standard-d2s-v3-01,vm-standard-d2s-v3-01,{},"{""ServiceType"": ""Standard"", ""VMName"": ""vm-standard-d2s-v3-01"", ""vCPUs"": 2}",Compute,Usage,Azure,,
EA-9876543210,app-prod-sub,app-prod-sub,owner_0003@company.com,a1b2c3d4-0003-0003-0003-000000000003,app-prod-sub,rg-app-prod,eastus,2026-04-14,Virtual Machines Standard_D4s_v3 - eastus,Virtual Machines,Standard_D4s_v3 Series,6c8e1236-a3aa-53d7-8e09-dadb98f69027,D4s v3,24.0,1 Hour,8.115884,0.336,0.338162,0.336,OnDemand,USD,Microsoft.Compute,/subscriptions/a1b2c3d4-0003-0003-0003-000000000003/resourceGroups/rg-app-prod/providers/Microsoft.Compute/virtualMachines/vm-standard-d4s-v3-02,vm-standard-d4s-v3-02,"{""team"": ""backend"", ""environment"": ""prod"", ""costcenter"": ""CC400"", ""application"": ""backend-app""}","{""ServiceType"": ""Standard"", ""VMName"": ""vm-standard-d4s-v3-02"", ""vCPUs"": 4}",Compute,Usage,Azure,,
EA-9876543210,data-eng-prod-sub,data-eng-prod-sub,owner_0002@company.com,a1b2c3d4-0002-0002-0002-000000000002,data-eng-prod-sub,rg-data-prod,westeurope,2026-04-14,Virtual Machines Standard_E4s_v3 - westeurope,Virtual Machines,Standard_E4s_v3 Series,7373fa15-5d45-5d30-a83f-72064e156f94,E4s v3,24.0,1 Hour,5.083423,0.364,0.211809,0.364,Reservation,USD,Microsoft.Compute,/subscriptions/a1b2c3d4-0002-0002-0002-000000000002/resourceGroups/rg-data-prod/providers/Microsoft.Compute/virtualMachines/vm-standard-e4s-v3-03,vm-standard-e4s-v3-03,"{""team"": ""data-eng"", ""environment"": ""prod"", ""costcenter"": ""CC200"", ""application"": ""data-eng-app""}","{""ServiceType"": ""Standard"", ""VMName"": ""vm-standard-e4s-v3-03"", ""vCPUs"": 4}",Compute,Usage,Azure,/providers/Microsoft.BillingBenefits/savingsPlanOrders/451b213f-a07b-4d4a-9223-99b4ca6321d4,Reserved VM Instance_westeurope_1Year
EA-9876543210,data-eng-prod-sub,data-eng-prod-sub,owner_0002@company.com,a1b2c3d4-0002-0002-0002-000000000002,data-eng-prod-sub,rg-data-prod,westeurope,2026-04-14,Virtual Machines Standard_E8s_v3 - westeurope,Virtual Machines,Standard_E8s_v3 Series,2b9593f7-8692-56d9-b10a-a624f400da47,E8s v3,24.0,1 Hour,17.512866,0.728,0.729703,0.728,OnDemand,USD,Microsoft.Compute,/subscriptions/a1b2c3d4-0002-0002-0002-000000000002/resourceGroups/rg-data-prod/providers/Microsoft.Compute/virtualMachines/vm-standard-e8s-v3-04,vm-standard-e8s-v3-04,{},"{""ServiceType"": ""Standard"", ""VMName"": ""vm-standard-e8s-v3-04"", ""vCPUs"": 8}",Compute,Usage,Azure,,
EA-9876543210,data-eng-prod-sub,data-eng-prod-sub,owner_0002@company.com,a1b2c3d4-0002-0002-0002-000000000002,data-eng-prod-sub,rg-ml-prod,westeurope,2026-04-14,Virtual Machines Standard_F4s_v2 - westeurope,Virtual Machines,Standard_F4s_v2 Series,303bf71a-6d52-56d9-8e75-95552aa01c86,F4s v2,24.0,1 Hour,3.638476,0.252,0.151603,0.252,Reservation,USD,Microsoft.Compute,/subscriptions/a1b2c3d4-0002-0002-0002-000000000002/resourceGroups/rg-ml-prod/providers/Microsoft.Compute/virtualMachines/vm-standard-f4s-v2-05,vm-standard-f4s-v2-05,"{""team"": ""ml"", ""environment"": ""prod"", ""costcenter"": ""CC500"", ""application"": ""ml-app""}","{""ServiceType"": ""Standard"", ""VMName"": ""vm-standard-f4s-v2-05"", ""vCPUs"": 4}",Compute,Usage,Azure,/providers/Microsoft.BillingBenefits/savingsPlanOrders/36dfce81-1fce-4e24-8d8f-31f5aa9eba4c,Reserved VM Instance_westeurope_1Year
EA-9876543210,data-eng-prod-sub,data-eng-prod-sub,owner_0002@company.com,a1b2c3d4-0002-0002-0002-000000000002,data-eng-prod-sub,rg-ml-prod,westeurope,2026-04-14,Unused Reservation - vm-standard-f4s-v2-05,Virtual Machines,Unused Capacity,f3b5b154-8a08-5f78-9fba-7b486a463f19,Unused,0.0,1 Hour,0.629507,0.0,0.0,0.252,Reservation,USD,Microsoft.Compute,,vm-standard-f4s-v2-05,"{""team"": ""ml"", ""environment"": ""prod"", ""costcenter"": ""CC500"", ""application"": ""ml-app""}",{},Compute,UnusedReservation,Azure,/providers/Microsoft.BillingBenefits/savingsPlanOrders/600ac299-ade4-40c0-8b66-fac7db1a137b,Reserved VM Instance_westeurope_1Year
EA-9876543210,data-eng-prod-sub,data-eng-prod-sub,owner_0002@company.com,a1b2c3d4-0002-0002-0002-000000000002,data-eng-prod-sub,rg-ml-prod,westeurope,2026-04-14,Virtual Machines Standard_D8s_v3 - westeurope,Virtual Machines,Standard_D8s_v3 Series,348575ff-7ae0-57e5-896e-037d67179117,D8s v3,24.0,1 Hour,10.854611,0.672,0.452275,0.672,SavingsPlan,USD,Microsoft.Compute,/subscriptions/a1b2c3d4-0002-0002-0002-000000000002/resourceGroups/rg-ml-prod/providers/Microsoft.Compute/virtualMachines/vm-standard-d8s-v3-06,vm-standard-d8s-v3-06,"{""team"": ""ml"", ""environment"": ""prod"", ""costcenter"": ""CC500"", ""application"": ""ml-app""}","{""ServiceType"": ""Standard"", ""VMName"": ""vm-standard-d8s-v3-06"", ""vCPUs"": 8}",Compute,Usage,Azure,/providers/Microsoft.BillingBenefits/savingsPlanOrders/fda50143-59f1-4714-b02c-ca4e21a8f6a8,Compute savings plan_1Year
EA-9876543210,app-prod-sub,app-prod-sub,owner_0003@company.com,a1b2c3d4-0003-0003-0003-000000000003,app-prod-sub,rg-app-prod,southeastasia,2026-04-14,Virtual Machines Standard_B2s - southeastasia,Virtual Machines,Standard_B2s Series,78a50003-6630-5ba4-aad2-c10f0de71d3b,B2s,24.0,1 Hour,2.003258,0.084,0.083469,0.084,OnDemand,USD,Microsoft.Compute,/subscriptions/a1b2c3d4-0003-0003-0003-000000000003/resourceGroups/rg-app-prod/providers/Microsoft.Compute/virtualMachines/vm-standard-b2s-07,vm-standard-b2s-07,"{""team"": ""frontend"", ""environment"": ""prod"", ""costcenter"": ""CC300"", ""application"": ""frontend-app""}","{""ServiceType"": ""Standard"", ""VMName"": ""vm-standard-b2s-07"", ""vCPUs"": 2}",Compute,Usage,Azure,,
EA-9876543210,app-prod-sub,app-prod-sub,owner_0003@company.com,a1b2c3d4-0003-0003-0003-000000000003,app-prod-sub,rg-app-staging,southeastasia,2026-04-14,Virtual Machines Standard_B2s - southeastasia,Virtual Machines,Standard_B2s Series,78a50003-6630-5ba4-aad2-c10f0de71d3b,B2s,24.0,1 Hour,2.004963,0.084,0.08354,0.084,OnDemand,USD,Microsoft.Compute,/subscriptions/a1b2c3d4-0003-0003-0003-000000000003/resourceGroups/rg-app-staging/providers/Microsoft.Compute/virtualMachines/vm-standard-b2s-08,vm-standard-b2s-08,"{""team"": ""frontend"", ""environment"": ""staging"", ""costcenter"": ""CC300"", ""application"": ""frontend-app""}","{""ServiceType"": ""Standard"", ""VMName"": ""vm-standard-b2s-08"", ""vCPUs"": 2}",Compute,Usage,Azure,,
EA-9876543210,app-prod-sub,app-prod-sub,owner_0003@company.com,a1b2c3d4-0003-0003-0003-000000000003,app-prod-sub,rg-app-staging,eastus,2026-04-14,Virtual Machines Standard_D2s_v3 - eastus,Virtual Machines,Standard_D2s_v3 Series,bbc4f1e6-b32a-5f02-86f0-702bf6097b8b,D2s v3,24.0,1 Hour,4.068304,0.168,0.169513,0.168,OnDemand,USD,Microsoft.Compute,/subscriptions/a1b2c3d4-0003-0003-0003-000000000003/resourceGroups/rg-app-staging/providers/Microsoft.Compute/virtualMachines/vm-standard-d2s-v3-09,vm-standard-d2s-v3-09,{},"{""ServiceType"": ""Standard"", ""VMName"": ""vm-standard-d2s-v3-09"", ""vCPUs"": 2}",Compute,Usage,Azure,,
EA-9876543210,platform-prod-sub,platform-prod-sub,owner_0001@company.com,a1b2c3d4-0001-0001-0001-000000000001,platform-prod-sub,rg-platform-dev,eastus,2026-04-14,Virtual Machines Standard_B2s - eastus,Virtual Machines,Standard_B2s Series,7190101e-d2ab-5a56-ad8e-83f7122f17e8,B2s,24.0,1 Hour,2.004088,0.084,0.083504,0.084,OnDemand,USD,Microsoft.Compute,/subscriptions/a1b2c3d4-0001-0001-0001-000000000001/resourceGroups/rg-platform-dev/providers/Microsoft.Compute/virtualMachines/vm-standard-b2s-10,vm-standard-b2s-10,"{""team"": ""platform"", ""environment"": ""dev"", ""costcenter"": ""CC100"", ""application"": ""platform-app""}","{""ServiceType"": ""Standard"", ""VMName"": ""vm-standard-b2s-10"", ""vCPUs"": 2}",Compute,Usage,Azure,,
EA-9876543210,app-prod-sub,app-prod-sub,owner_0003@company.com,a1b2c3d4-0003-0003-0003-000000000003,app-prod-sub,rg-app-dev,eastus,2026-04-14,Virtual Machines Standard_B2s - eastus,Virtual Machines,Standard_B2s Series,7190101e-d2ab-5a56-ad8e-83f7122f17e8,B2s,24.0,1 Hour,1.48689,0.084,0.061954,0.084,SavingsPlan,USD,Microsoft.Compute,/subscriptions/a1b2c3d4-0003-0003-0003-000000000003/resourceGroups/rg-app-dev/providers/Microsoft.Compute/virtualMachines/vm-standard-b2s-11,vm-standard-b2s-11,{},"{""ServiceType"": ""Standard"", ""VMName"": ""vm-standard-b2s-11"", ""vCPUs"": 2}",Compute,Usage,Azure,/providers/Microsoft.BillingBenefits/savingsPlanOrders/d9a9ee58-f080-46f4-a56a-4352384aa755,Compute savings plan_1Year
EA-9876543210,app-prod-sub,app-prod-sub,owner_0003@company.com,a1b2c3d4-0003-0003-0003-000000000003,app-prod-sub,rg-app-dev,eastus,2026-04-14,Unused Reservation - vm-standard-b2s-11,Virtual Machines,Unused Capacity,f346f4d1-64a8-523d-8162-c32a53b9c837,Unused,0.0,1 Hour,0.183311,0.0,0.0,0.084,SavingsPlan,USD,Microsoft.Compute,,vm-standard-b2s-11,{},{},Compute,UnusedSavingsPlan,Azure,/providers/Microsoft.BillingBenefits/savingsPlanOrders/1a5df5dd-5661-40bd-80ad-ec44dc7ff905,Compute savings plan_1Year
EA-9876543210,platform-prod-sub,platform-prod-sub,owner_0001@company.com,a1b2c3d4-0001-0001-0001-000000000001,platform-prod-sub,rg-platform-prod,eastus,2026-04-14,Blob Storage - LRS - Hot - eastus,Storage,Blobs - LRS - Hot,fb8faed0-f377-5fb0-92b7-78035153a7fa,Data Stored,850.6235,1 GB/Month,0.510575,0.018,0.018,0.018,OnDemand,USD,Microsoft.Storage,/subscriptions/a1b2c3d4-0001-0001-0001-000000000001/resourceGroups/rg-platform-prod/providers/Microsoft.Storage/storageAccounts/stplatformassets,stplatformassets,"{""team"": ""platform"", ""environment"": ""prod"", ""costcenter"": ""CC100"", ""application"": ""platform-app""}","{""AccountType"": ""LRS""}",Storage,Usage,Azure,,
EA-9876543210,data-eng-prod-sub,data-eng-prod-sub,owner_0002@company.com,a1b2c3d4-0002-0002-0002-000000000002,data-eng-prod-sub,rg-data-prod,westeurope,2026-04-14,Blob Storage - ZRS - Hot - westeurope,Storage,Blobs - ZRS - Hot,9dd9b051-b91d-533a-9f70-e4838eb241bb,Data Stored,3199.5364,1 GB/Month,2.459039,0.023,0.023,0.023,OnDemand,USD,Microsoft.Storage,/subscriptions/a1b2c3d4-0002-0002-0002-000000000002/resourceGroups/rg-data-prod/providers/Microsoft.Storage/storageAccounts/stdatalake,stdatalake,"{""team"": ""data-eng"", ""environment"": ""prod"", ""costcenter"": ""CC200"", ""application"": ""data-eng-app""}","{""AccountType"": ""ZRS""}",Storage,Usage,Azure,,
EA-9876543210,app-prod-sub,app-prod-sub,owner_0003@company.com,a1b2c3d4-0003-0003-0003-000000000003,app-prod-sub,rg-app-prod,southeastasia,2026-04-14,Blob Storage - LRS - Hot - southeastasia,Storage,Blobs - LRS - Hot,3ae72a36-b458-5b93-9e16-84484844594d,Data Stored,400.0863,1 GB/Month,0.240398,0.018,0.018,0.018,OnDemand,USD,Microsoft.Storage,/subscriptions/a1b2c3d4-0003-0003-0003-000000000003/resourceGroups/rg-app-prod/providers/Microsoft.Storage/storageAccounts/stappassets,stappassets,{},"{""AccountType"": ""LRS""}",Storage,Usage,Azure,,
EA-9876543210,data-eng-prod-sub,data-eng-prod-sub,owner_0002@company.com,a1b2c3d4-0002-0002-0002-000000000002,data-eng-prod-sub,rg-ml-prod,westeurope,2026-04-14,Blob Storage - LRS - Hot - westeurope,Storage,Blobs - LRS - Hot,4ba045d2-b571-568f-be23-884194c5daba,Data Stored,1100.4844,1 GB/Month,0.661284,0.018,0.018,0.018,OnDemand,USD,Microsoft.Storage,/subscriptions/a1b2c3d4-0002-0002-0002-000000000002/resourceGroups/rg-ml-prod/providers/Microsoft.Storage/storageAccounts/stmlmodels,stmlmodels,{},"{""AccountType"": ""LRS""}",Storage,Usage,Azure,,
EA-9876543210,platform-prod-sub,platform-prod-sub,owner_0001@company.com,a1b2c3d4-0001-0001-0001-000000000001,platform-prod-sub,rg-platform-prod,eastus,2026-04-14,Azure SQL Database Standard_S2 - eastus,SQL Database,Standard_S2,cd1e0b9a-8ff0-5779-9281-87ab698e2916,vCore Hours,24.0,1 Hour,7.42425,0.31,0.31,0.31,OnDemand,USD,Microsoft.Sql,/subscriptions/a1b2c3d4-0001-0001-0001-000000000001/resourceGroups/rg-platform-prod/providers/Microsoft.Sql/servers/databases/sqldb-standard-0001,sqldb-standard-0001,"{""team"": ""platform"", ""environment"": ""prod"", ""costcenter"": ""CC100"", ""application"": ""platform-app""}",{},Databases,Usage,Azure,,
EA-9876543210,data-eng-prod-sub,data-eng-prod-sub,owner_0002@company.com,a1b2c3d4-0002-0002-0002-000000000002,data-eng-prod-sub,rg-data-prod,westeurope,2026-04-14,Azure SQL Database Business Critical_BC_Gen5_4 - westeurope,SQL Database,Business Critical_BC_Gen5_4,4bab5ab0-7291-58c2-8564-3252f5053179,vCore Hours,24.0,1 Hour,53.263731,2.2,2.2,2.2,OnDemand,USD,Microsoft.Sql,/subscriptions/a1b2c3d4-0002-0002-0002-000000000002/resourceGroups/rg-data-prod/providers/Microsoft.Sql/servers/databases/sqldb-business critical-0002,sqldb-business critical-0002,"{""team"": ""data-eng"", ""environment"": ""prod"", ""costcenter"": ""CC200"", ""application"": ""data-eng-app""}",{},Databases,Usage,Azure,,
EA-9876543210,app-prod-sub,app-prod-sub,owner_0003@company.com,a1b2c3d4-0003-0003-0003-000000000003,app-prod-sub,rg-app-prod,eastus,2026-04-14,Azure SQL Database General Purpose_GP_Gen5_2 - eastus,SQL Database,General Purpose_GP_Gen5_2,69e0198c-4ca3-5ac2-8540-db65f6d44c56,vCore Hours,24.0,1 Hour,14.420717,0.6,0.6,0.6,OnDemand,USD,Microsoft.Sql,/subscriptions/a1b2c3d4-0003-0003-0003-000000000003/resourceGroups/rg-app-prod/providers/Microsoft.Sql/servers/databases/sqldb-general purpose-0003,sqldb-general purpose-0003,{},{},Databases,Usage,Azure,,
EA-9876543210,shared-infra-sub,shared-infra-sub,owner_infra@company.com,a1b2c3d4-9999-9999-9999-000000000099,shared-infra-sub,rg-shared-infra,eastus,2026-04-14,Azure Monitor,Monitor,Data Ingested,aadff281-e00d-588e-bd69-a4630325bd50,Data Ingested,1000.0,1 Unit,45.032543,0.045,0.045,0.045,OnDemand,USD,Microsoft.SharedInfra,/subscriptions/a1b2c3d4-9999-9999-9999-000000000099/resourceGroups/rg-shared-infra/providers/Microsoft.SharedInfra/Monitor/monitor,monitor,{},{},Management,Usage,Azure,,
EA-9876543210,shared-infra-sub,shared-infra-sub,owner_infra@company.com,a1b2c3d4-9999-9999-9999-000000000099,shared-infra-sub,rg-shared-infra,eastus,2026-04-14,Virtual Network,Networking,Intra-Region,cc2ca1a8-2d13-5873-b301-4b8ed16ed2c0,Intra-Region,622.22,1 Unit,28.079181,0.045,0.045,0.045,OnDemand,USD,Microsoft.SharedInfra,/subscriptions/a1b2c3d4-9999-9999-9999-000000000099/resourceGroups/rg-shared-infra/providers/Microsoft.SharedInfra/Networking/networking,networking,{},{},Networking,Usage,Azure,,
EA-9876543210,shared-infra-sub,shared-infra-sub,owner_infra@company.com,a1b2c3d4-9999-9999-9999-000000000099,shared-infra-sub,rg-shared-infra,eastus,2026-04-14,API Management,API Management,Gateway Units,78998862-331b-5215-a4b4-8d4500189f89,Gateway Units,2666.67,1 Unit,120.48987,0.045,0.045,0.045,OnDemand,USD,Microsoft.SharedInfra,/subscriptions/a1b2c3d4-9999-9999-9999-000000000099/resourceGroups/rg-shared-infra/providers/Microsoft.SharedInfra/API Management/api-management,api-management,{},{},Integration,Usage,Azure,,
EA-9876543210,shared-infra-sub,shared-infra-sub,owner_infra@company.com,a1b2c3d4-9999-9999-9999-000000000099,shared-infra-sub,rg-shared-infra,eastus,2026-04-14,Azure Key Vault,Key Vault,Operations,3cb0172e-6732-5350-b439-97753364a78c,Operations,177.78,1 Unit,7.926162,0.045,0.045,0.045,OnDemand,USD,Microsoft.SharedInfra,/subscriptions/a1b2c3d4-9999-9999-9999-000000000099/resourceGroups/rg-shared-infra/providers/Microsoft.SharedInfra/Key Vault/key-vault,key-vault,{},{},Security,Usage,Azure,,
EA-9876543210,shared-infra-sub,shared-infra-sub,owner_infra@company.com,a1b2c3d4-9999-9999-9999-000000000099,shared-infra-sub,rg-shared-infra,eastus,2026-04-14,Azure Blob Storage,Storage,Data Stored,2e8ee991-b3b7-5136-98e5-4772405cdb0c,Data Stored,400.0,1 Unit,17.859354,0.045,0.045,0.045,OnDemand,USD,Microsoft.SharedInfra,/subscriptions/a1b2c3d4-9999-9999-9999-000000000099/resourceGroups/rg-shared-infra/providers/Microsoft.SharedInfra/Storage/storage,storage,{},{},Storage,Usage,Azure,,
EA-9876543210,platform-prod-sub,platform-prod-sub,owner_0001@company.com,a1b2c3d4-0001-0001-0001-000000000001,platform-prod-sub,rg-platform-prod,eastus,2026-04-15,Virtual Machines Standard_D2s_v3 - eastus,Virtual Machines,Standard_D2s_v3 Series,bbc4f1e6-b32a-5f02-86f0-702bf6097b8b,D2s v3,24.0,1 Hour,4.011495,0.168,0.167146,0.168,OnDemand,USD,Microsoft.Compute,/subscriptions/a1b2c3d4-0001-0001-0001-000000000001/resourceGroups/rg-platform-prod/providers/Microsoft.Compute/virtualMachines/vm-standard-d2s-v3-00,vm-standard-d2s-v3-00,"{""team"": ""platform"", ""environment"": ""prod"", ""costcenter"": ""CC100"", ""application"": ""platform-app""}","{""ServiceType"": ""Standard"", ""VMName"": ""vm-standard-d2s-v3-00"", ""vCPUs"": 2}",Compute,Usage,Azure,,
EA-9876543210,platform-prod-sub,platform-prod-sub,owner_0001@company.com,a1b2c3d4-0001-0001-0001-000000000001,platform-prod-sub,rg-platform-prod,eastus,2026-04-15,Virtual Machines Standard_D2s_v3 - eastus,Virtual Machines,Standard_D2s_v3 Series,bbc4f1e6-b32a-5f02-86f0-702bf6097b8b,D2s v3,24.0,1 Hour,4.02292,0.168,0.167622,0.168,OnDemand,USD,Microsoft.Compute,/subscriptions/a1b2c3d4-0001-0001-0001-000000000001/resourceGroups/rg-platform-prod/providers/Microsoft.Compute/virtualMachines/vm-standard-d2s-v3-01,vm-standard-d2s-v3-01,"{""team"": ""platform"", ""environment"": ""prod"", ""costcenter"": ""CC100"", ""application"": ""platform-app""}","{""ServiceType"": ""Standard"", ""VMName"": ""vm-standard-d2s-v3-01"", ""vCPUs"": 2}",Compute,Usage,Azure,,
EA-9876543210,app-prod-sub,app-prod-sub,owner_0003@company.com,a1b2c3d4-0003-0003-0003-000000000003,app-prod-sub,rg-app-prod,eastus,2026-04-15,Virtual Machines Standard_D4s_v3 - eastus,Virtual Machines,Standard_D4s_v3 Series,6c8e1236-a3aa-53d7-8e09-dadb98f69027,D4s v3,24.0,1 Hour,8.054251,0.336,0.335594,0.336,OnDemand,USD,Microsoft.Compute,/subscriptions/a1b2c3d4-0003-0003-0003-000000000003/resourceGroups/rg-app-prod/providers/Microsoft.Compute/virtualMachines/vm-standard-d4s-v3-02,vm-standard-d4s-v3-02,"{""team"": ""backend"", ""environment"": ""prod"", ""costcenter"": ""CC400"", ""application"": ""backend-app""}","{""ServiceType"": ""Standard"", ""VMName"": ""vm-standard-d4s-v3-02"", ""vCPUs"": 4}",Compute,Usage,Azure,,
EA-9876543210,data-eng-prod-sub,data-eng-prod-sub,owner_0002@company.com,a1b2c3d4-0002-0002-0002-000000000002,data-eng-prod-sub,rg-data-prod,westeurope,2026-04-15,Virtual Machines Standard_E4s_v3 - westeurope,Virtual Machines,Standard_E4s_v3 Series,7373fa15-5d45-5d30-a83f-72064e156f94,E4s v3,24.0,1 Hour,5.033319,0.364,0.209722,0.364,Reservation,USD,Microsoft.Compute,/subscriptions/a1b2c3d4-0002-0002-0002-000000000002/resourceGroups/rg-data-prod/providers/Microsoft.Compute/virtualMachines/vm-standard-e4s-v3-03,vm-standard-e4s-v3-03,"{""team"": ""data-eng"", ""environment"": ""prod"", ""costcenter"": ""CC200"", ""application"": ""data-eng-app""}","{""ServiceType"": ""Standard"", ""VMName"": ""vm-standard-e4s-v3-03"", ""vCPUs"": 4}",Compute,Usage,Azure,/providers/Microsoft.BillingBenefits/savingsPlanOrders/296419e3-37a4-4f25-9407-ace4c7646386,Reserved VM Instance_westeurope_1Year
EA-9876543210,data-eng-prod-sub,data-eng-prod-sub,owner_0002@company.com,a1b2c3d4-0002-0002-0002-000000000002,data-eng-prod-sub,rg-data-prod,westeurope,2026-04-15,Unused Reservation - vm-standard-e4s-v3-03,Virtual Machines,Unused Capacity,823d1665-dc54-5db9-9296-ad2bcb406b0d,Unused,0.0,1 Hour,1.41299,0.0,0.0,0.364,Reservation,USD,Microsoft.Compute,,vm-standard-e4s-v3-03,"{""team"": ""data-eng"", ""environment"": ""prod"", ""costcenter"": ""CC200"", ""application"": ""data-eng-app""}",{},Compute,UnusedReservation,Azure,/providers/Microsoft.BillingBenefits/savingsPlanOrders/17716709-399c-48d0-a2a0-2b6ed5be67a4,Reserved VM Instance_westeurope_1Year
EA-9876543210,data-eng-prod-sub,data-eng-prod-sub,owner_0002@company.com,a1b2c3d4-0002-0002-0002-000000000002,data-eng-prod-sub,rg-data-prod,westeurope,2026-04-15,Virtual Machines Standard_E8s_v3 - westeurope,Virtual Machines,Standard_E8s_v3 Series,2b9593f7-8692-56d9-b10a-a624f400da47,E8s v3,24.0,1 Hour,17.61306,0.728,0.733878,0.728,OnDemand,USD,Microsoft.Compute,/subscriptions/a1b2c3d4-0002-0002-0002-000000000002/resourceGroups/rg-data-prod/providers/Microsoft.Compute/virtualMachines/vm-standard-e8s-v3-04,vm-standard-e8s-v3-04,"{""team"": ""data-eng"", ""environment"": ""prod"", ""costcenter"": ""CC200"", ""application"": ""data-eng-app""}","{""ServiceType"": ""Standard"", ""VMName"": ""vm-standard-e8s-v3-04"", ""vCPUs"": 8}",Compute,Usage,Azure,,
EA-9876543210,data-eng-prod-sub,data-eng-prod-sub,owner_0002@company.com,a1b2c3d4-0002-0002-0002-000000000002,data-eng-prod-sub,rg-ml-prod,westeurope,2026-04-15,Virtual Machines Standard_F4s_v2 - westeurope,Virtual Machines,Standard_F4s_v2 Series,303bf71a-6d52-56d9-8e75-95552aa01c86,F4s v2,24.0,1 Hour,3.647553,0.252,0.151981,0.252,Reservation,USD,Microsoft.Compute,/subscriptions/a1b2c3d4-0002-0002-0002-000000000002/resourceGroups/rg-ml-prod/providers/Microsoft.Compute/virtualMachines/vm-standard-f4s-v2-05,vm-standard-f4s-v2-05,{},"{""ServiceType"": ""Standard"", ""VMName"": ""vm-standard-f4s-v2-05"", ""vCPUs"": 4}",Compute,Usage,Azure,/providers/Microsoft.BillingBenefits/savingsPlanOrders/6123227f-e62c-436d-bf32-b72e6ebd53a6,Reserved VM Instance_westeurope_1Year
EA-9876543210,data-eng-prod-sub,data-eng-prod-sub,owner_0002@company.com,a1b2c3d4-0002-0002-0002-000000000002,data-eng-prod-sub,rg-ml-prod,westeurope,2026-04-15,Virtual Machines Standard_D8s_v3 - westeurope,Virtual Machines,Standard_D8s_v3 Series,348575ff-7ae0-57e5-896e-037d67179117,D8s v3,24.0,1 Hour,10.758776,0.672,0.448282,0.672,SavingsPlan,USD,Microsoft.Compute,/subscriptions/a1b2c3d4-0002-0002-0002-000000000002/resourceGroups/rg-ml-prod/providers/Microsoft.Compute/virtualMachines/vm-standard-d8s-v3-06,vm-standard-d8s-v3-06,{},"{""ServiceType"": ""Standard"", ""VMName"": ""vm-standard-d8s-v3-06"", ""vCPUs"": 8}",Compute,Usage,Azure,/providers/Microsoft.BillingBenefits/savingsPlanOrders/cc6db7e4-c5c4-425f-9bfa-8f50906eed62,Compute savings plan_1Year
EA-9876543210,app-prod-sub,app-prod-sub,owner_0003@company.com,a1b2c3d4-0003-0003-0003-000000000003,app-prod-sub,rg-app-prod,southeastasia,2026-04-15,Virtual Machines Standard_B2s - southeastasia,Virtual Machines,Standard_B2s Series,78a50003-6630-5ba4-aad2-c10f0de71d3b,B2s,24.0,1 Hour,2.014132,0.084,0.083922,0.084,OnDemand,USD,Microsoft.Compute,/subscriptions/a1b2c3d4-0003-0003-0003-000000000003/resourceGroups/rg-app-prod/providers/Microsoft.Compute/virtualMachines/vm-standard-b2s-07,vm-standard-b2s-07,{},"{""ServiceType"": ""Standard"", ""VMName"": ""vm-standard-b2s-07"", ""vCPUs"": 2}",Compute,Usage,Azure,,
EA-9876543210,app-prod-sub,app-prod-sub,owner_0003@company.com,a1b2c3d4-0003-0003-0003-000000000003,app-prod-sub,rg-app-staging,southeastasia,2026-04-15,Virtual Machines Standard_B2s - southeastasia,Virtual Machines,Standard_B2s Series,78a50003-6630-5ba4-aad2-c10f0de71d3b,B2s,24.0,1 Hour,1.999476,0.084,0.083311,0.084,OnDemand,USD,Microsoft.Compute,/subscriptions/a1b2c3d4-0003-0003-0003-000000000003/resourceGroups/rg-app-staging/providers/Microsoft.Compute/virtualMachines/vm-standard-b2s-08,vm-standard-b2s-08,"{""team"": ""frontend"", ""environment"": ""staging"", ""costcenter"": ""CC300"", ""application"": ""frontend-app""}","{""ServiceType"": ""Standard"", ""VMName"": ""vm-standard-b2s-08"", ""vCPUs"": 2}",Compute,Usage,Azure,,
EA-9876543210,app-prod-sub,app-prod-sub,owner_0003@company.com,a1b2c3d4-0003-0003-0003-000000000003,app-prod-sub,rg-app-staging,eastus,2026-04-15,Virtual Machines Standard_D2s_v3 - eastus,Virtual Machines,Standard_D2s_v3 Series,bbc4f1e6-b32a-5f02-86f0-702bf6097b8b,D2s v3,24.0,1 Hour,4.004904,0.168,0.166871,0.168,OnDemand,USD,Microsoft.Compute,/subscriptions/a1b2c3d4-0003-0003-0003-000000000003/resourceGroups/rg-app-staging/providers/Microsoft.Compute/virtualMachines/vm-standard-d2s-v3-09,vm-standard-d2s-v3-09,{},"{""ServiceType"": ""Standard"", ""VMName"": ""vm-standard-d2s-v3-09"", ""vCPUs"": 2}",Compute,Usage,Azure,,
EA-9876543210,platform-prod-sub,platform-prod-sub,owner_0001@company.com,a1b2c3d4-0001-0001-0001-000000000001,platform-prod-sub,rg-platform-dev,eastus,2026-04-15,Virtual Machines Standard_B2s - eastus,Virtual Machines,Standard_B2s Series,7190101e-d2ab-5a56-ad8e-83f7122f17e8,B2s,24.0,1 Hour,2.021406,0.084,0.084225,0.084,OnDemand,USD,Microsoft.Compute,/subscriptions/a1b2c3d4-0001-0001-0001-000000000001/resourceGroups/rg-platform-dev/providers/Microsoft.Compute/virtualMachines/vm-standard-b2s-10,vm-standard-b2s-10,{},"{""ServiceType"": ""Standard"", ""VMName"": ""vm-standard-b2s-10"", ""vCPUs"": 2}",Compute,Usage,Azure,,
EA-9876543210,app-prod-sub,app-prod-sub,owner_0003@company.com,a1b2c3d4-0003-0003-0003-000000000003,app-prod-sub,rg-app-dev,eastus,2026-04-15,Virtual Machines Standard_B2s - eastus,Virtual Machines,Standard_B2s Series,7190101e-d2ab-5a56-ad8e-83f7122f17e8,B2s,24.0,1 Hour,1.419471,0.084,0.059145,0.084,SavingsPlan,USD,Microsoft.Compute,/subscriptions/a1b2c3d4-0003-0003-0003-000000000003/resourceGroups/rg-app-dev/providers/Microsoft.Compute/virtualMachines/vm-standard-b2s-11,vm-standard-b2s-11,{},"{""ServiceType"": ""Standard"", ""VMName"": ""vm-standard-b2s-11"", ""vCPUs"": 2}",Compute,Usage,Azure,/providers/Microsoft.BillingBenefits/savingsPlanOrders/16fa1b40-7fca-4951-8e48-ea7b15fe30f5,Compute savings plan_1Year
EA-9876543210,platform-prod-sub,platform-prod-sub,owner_0001@company.com,a1b2c3d4-0001-0001-0001-000000000001,platform-prod-sub,rg-platform-prod,eastus,2026-04-15,Blob Storage - LRS - Hot - eastus,Storage,Blobs - LRS - Hot,fb8faed0-f377-5fb0-92b7-78035153a7fa,Data Stored,849.4218,1 GB/Month,0.510343,0.018,0.018,0.018,OnDemand,USD,Microsoft.Storage,/subscriptions/a1b2c3d4-0001-0001-0001-000000000001/resourceGroups/rg-platform-prod/providers/Microsoft.Storage/storageAccounts/stplatformassets,stplatformassets,{},"{""AccountType"": ""LRS""}",Storage,Usage,Azure,,
EA-9876543210,data-eng-prod-sub,data-eng-prod-sub,owner_0002@company.com,a1b2c3d4-0002-0002-0002-000000000002,data-eng-prod-sub,rg-data-prod,westeurope,2026-04-15,Blob Storage - ZRS - Hot - westeurope,Storage,Blobs - ZRS - Hot,9dd9b051-b91d-533a-9f70-e4838eb241bb,Data Stored,3197.081,1 GB/Month,2.454074,0.023,0.023,0.023,OnDemand,USD,Microsoft.Storage,/subscriptions/a1b2c3d4-0002-0002-0002-000000000002/resourceGroups/rg-data-prod/providers/Microsoft.Storage/storageAccounts/stdatalake,stdatalake,"{""team"": ""data-eng"", ""environment"": ""prod"", ""costcenter"": ""CC200"", ""application"": ""data-eng-app""}","{""AccountType"": ""ZRS""}",Storage,Usage,Azure,,
EA-9876543210,app-prod-sub,app-prod-sub,owner_0003@company.com,a1b2c3d4-0003-0003-0003-000000000003,app-prod-sub,rg-app-prod,southeastasia,2026-04-15,Blob Storage - LRS - Hot - southeastasia,Storage,Blobs - LRS - Hot,3ae72a36-b458-5b93-9e16-84484844594d,Data Stored,399.8682,1 GB/Month,0.239526,0.018,0.018,0.018,OnDemand,USD,Microsoft.Storage,/subscriptions/a1b2c3d4-0003-0003-0003-000000000003/resourceGroups/rg-app-prod/providers/Microsoft.Storage/storageAccounts/stappassets,stappassets,"{""team"": ""frontend"", ""environment"": ""prod"", ""costcenter"": ""CC300"", ""application"": ""frontend-app""}","{""AccountType"": ""LRS""}",Storage,Usage,Azure,,
EA-9876543210,data-eng-prod-sub,data-eng-prod-sub,owner_0002@company.com,a1b2c3d4-0002-0002-0002-000000000002,data-eng-prod-sub,rg-ml-prod,westeurope,2026-04-15,Blob Storage - LRS - Hot - westeurope,Storage,Blobs - LRS - Hot,4ba045d2-b571-568f-be23-884194c5daba,Data Stored,1100.7979,1 GB/Month,0.66147,0.018,0.018,0.018,OnDemand,USD,Microsoft.Storage,/subscriptions/a1b2c3d4-0002-0002-0002-000000000002/resourceGroups/rg-ml-prod/providers/Microsoft.Storage/storageAccounts/stmlmodels,stmlmodels,"{""team"": ""ml"", ""environment"": ""prod"", ""costcenter"": ""CC500"", ""application"": ""ml-app""}","{""AccountType"": ""LRS""}",Storage,Usage,Azure,,
EA-9876543210,platform-prod-sub,platform-prod-sub,owner_0001@company.com,a1b2c3d4-0001-0001-0001-000000000001,platform-prod-sub,rg-platform-prod,eastus,2026-04-15,Azure SQL Database Standard_S2 - eastus,SQL Database,Standard_S2,cd1e0b9a-8ff0-5779-9281-87ab698e2916,vCore Hours,24.0,1 Hour,7.389724,0.31,0.31,0.31,OnDemand,USD,Microsoft.Sql,/subscriptions/a1b2c3d4-0001-0001-0001-000000000001/resourceGroups/rg-platform-prod/providers/Microsoft.Sql/servers/databases/sqldb-standard-0001,sqldb-standard-0001,{},{},Databases,Usage,Azure,,
EA-9876543210,data-eng-prod-sub,data-eng-prod-sub,owner_0002@company.com,a1b2c3d4-0002-0002-0002-000000000002,data-eng-prod-sub,rg-data-prod,westeurope,2026-04-15,Azure SQL Database Business Critical_BC_Gen5_4 - westeurope,SQL Database,Business Critical_BC_Gen5_4,4bab5ab0-7291-58c2-8564-3252f5053179,vCore Hours,24.0,1 Hour,52.424705,2.2,2.2,2.2,OnDemand,USD,Microsoft.Sql,/subscriptions/a1b2c3d4-0002-0002-0002-000000000002/resourceGroups/rg-data-prod/providers/Microsoft.Sql/servers/databases/sqldb-business critical-0002,sqldb-business critical-0002,"{""team"": ""data-eng"", ""environment"": ""prod"", ""costcenter"": ""CC200"", ""application"": ""data-eng-app""}",{},Databases,Usage,Azure,,
EA-9876543210,app-prod-sub,app-prod-sub,owner_0003@company.com,a1b2c3d4-0003-0003-0003-000000000003,app-prod-sub,rg-app-prod,eastus,2026-04-15,Azure SQL Database General Purpose_GP_Gen5_2 - eastus,SQL Database,General Purpose_GP_Gen5_2,69e0198c-4ca3-5ac2-8540-db65f6d44c56,vCore Hours,24.0,1 Hour,14.477517,0.6,0.6,0.6,OnDemand,USD,Microsoft.Sql,/subscriptions/a1b2c3d4-0003-0003-0003-000000000003/resourceGroups/rg-app-prod/providers/Microsoft.Sql/servers/databases/sqldb-general purpose-0003,sqldb-general purpose-0003,"{""team"": ""backend"", ""environment"": ""prod"", ""costcenter"": ""CC400"", ""application"": ""backend-app""}",{},Databases,Usage,Azure,,
EA-9876543210,shared-infra-sub,shared-infra-sub,owner_infra@company.com,a1b2c3d4-9999-9999-9999-000000000099,shared-infra-sub,rg-shared-infra,eastus,2026-04-15,Azure Monitor,Monitor,Data Ingested,aadff281-e00d-588e-bd69-a4630325bd50,Data Ingested,1000.0,1 Unit,44.596179,0.045,0.045,0.045,OnDemand,USD,Microsoft.SharedInfra,/subscriptions/a1b2c3d4-9999-9999-9999-000000000099/resourceGroups/rg-shared-infra/providers/Microsoft.SharedInfra/Monitor/monitor,monitor,{},{},Management,Usage,Azure,,
EA-9876543210,shared-infra-sub,shared-infra-sub,owner_infra@company.com,a1b2c3d4-9999-9999-9999-000000000099,shared-infra-sub,rg-shared-infra,eastus,2026-04-15,Virtual Network,Networking,Intra-Region,cc2ca1a8-2d13-5873-b301-4b8ed16ed2c0,Intra-Region,622.22,1 Unit,27.892515,0.045,0.045,0.045,OnDemand,USD,Microsoft.SharedInfra,/subscriptions/a1b2c3d4-9999-9999-9999-000000000099/resourceGroups/rg-shared-infra/providers/Microsoft.SharedInfra/Networking/networking,networking,{},{},Networking,Usage,Azure,,
EA-9876543210,shared-infra-sub,shared-infra-sub,owner_infra@company.com,a1b2c3d4-9999-9999-9999-000000000099,shared-infra-sub,rg-shared-infra,eastus,2026-04-15,API Management,API Management,Gateway Units,78998862-331b-5215-a4b4-8d4500189f89,Gateway Units,2666.67,1 Unit,120.552388,0.045,0.045,0.045,OnDemand,USD,Microsoft.SharedInfra,/subscriptions/a1b2c3d4-9999-9999-9999-000000000099/resourceGroups/rg-shared-infra/providers/Microsoft.SharedInfra/API Management/api-management,api-management,{},{},Integration,Usage,Azure,,
EA-9876543210,shared-infra-sub,shared-infra-sub,owner_infra@company.com,a1b2c3d4-9999-9999-9999-000000000099,shared-infra-sub,rg-shared-infra,eastus,2026-04-15,Azure Key Vault,Key Vault,Operations,3cb0172e-6732-5350-b439-97753364a78c,Operations,177.78,1 Unit,8.073755,0.045,0.045,0.045,OnDemand,USD,Microsoft.SharedInfra,/subscriptions/a1b2c3d4-9999-9999-9999-000000000099/resourceGroups/rg-shared-infra/providers/Microsoft.SharedInfra/Key Vault/key-vault,key-vault,{},{},Security,Usage,Azure,,
EA-9876543210,shared-infra-sub,shared-infra-sub,owner_infra@company.com,a1b2c3d4-9999-9999-9999-000000000099,shared-infra-sub,rg-shared-infra,eastus,2026-04-15,Azure Blob Storage,Storage,Data Stored,2e8ee991-b3b7-5136-98e5-4772405cdb0c,Data Stored,400.0,1 Unit,17.923961,0.045,0.045,0.045,OnDemand,USD,Microsoft.SharedInfra,/subscriptions/a1b2c3d4-9999-9999-9999-000000000099/resourceGroups/rg-shared-infra/providers/Microsoft.SharedInfra/Storage/storage,storage,{},{},Storage,Usage,Azure,,
EA-9876543210,platform-prod-sub,platform-prod-sub,owner_0001@company.com,a1b2c3d4-0001-0001-0001-000000000001,platform-prod-sub,rg-platform-prod,eastus,2026-04-16,Virtual Machines Standard_D2s_v3 - eastus,Virtual Machines,Standard_D2s_v3 Series,bbc4f1e6-b32a-5f02-86f0-702bf6097b8b,D2s v3,24.0,1 Hour,3.991965,0.168,0.166332,0.168,OnDemand,USD,Microsoft.Compute,/subscriptions/a1b2c3d4-0001-0001-0001-000000000001/resourceGroups/rg-platform-prod/providers/Microsoft.Compute/virtualMachines/vm-standard-d2s-v3-00,vm-standard-d2s-v3-00,{},"{""ServiceType"": ""Standard"", ""VMName"": ""vm-standard-d2s-v3-00"", ""vCPUs"": 2}",Compute,Usage,Azure,,
EA-9876543210,platform-prod-sub,platform-prod-sub,owner_0001@company.com,a1b2c3d4-0001-0001-0001-000000000001,platform-prod-sub,rg-platform-prod,eastus,2026-04-16,Virtual Machines Standard_D2s_v3 - eastus,Virtual Machines,Standard_D2s_v3 Series,bbc4f1e6-b32a-5f02-86f0-702bf6097b8b,D2s v3,24.0,1 Hour,4.031891,0.168,0.167995,0.168,OnDemand,USD,Microsoft.Compute,/subscriptions/a1b2c3d4-0001-0001-0001-000000000001/resourceGroups/rg-platform-prod/providers/Microsoft.Compute/virtualMachines/vm-standard-d2s-v3-01,vm-standard-d2s-v3-01,"{""team"": ""platform"", ""environment"": ""prod"", ""costcenter"": ""CC100"", ""application"": ""platform-app""}","{""ServiceType"": ""Standard"", ""VMName"": ""vm-standard-d2s-v3-01"", ""vCPUs"": 2}",Compute,Usage,Azure,,
EA-9876543210,app-prod-sub,app-prod-sub,owner_0003@company.com,a1b2c3d4-0003-0003-0003-000000000003,app-prod-sub,rg-app-prod,eastus,2026-04-16,Virtual Machines Standard_D4s_v3 - eastus,Virtual Machines,Standard_D4s_v3 Series,6c8e1236-a3aa-53d7-8e09-dadb98f69027,D4s v3,24.0,1 Hour,8.018337,0.336,0.334097,0.336,OnDemand,USD,Microsoft.Compute,/subscriptions/a1b2c3d4-0003-0003-0003-000000000003/resourceGroups/rg-app-prod/providers/Microsoft.Compute/virtualMachines/vm-standard-d4s-v3-02,vm-standard-d4s-v3-02,{},"{""ServiceType"": ""Standard"", ""VMName"": ""vm-standard-d4s-v3-02"", ""vCPUs"": 4}",Compute,Usage,Azure,,
EA-9876543210,data-eng-prod-sub,data-eng-prod-sub,owner_0002@company.com,a1b2c3d4-0002-0002-0002-000000000002,data-eng-prod-sub,rg-data-prod,westeurope,2026-04-16,Virtual Machines Standard_E4s_v3 - westeurope,Virtual Machines,Standard_E4s_v3 Series,7373fa15-5d45-5d30-a83f-72064e156f94,E4s v3,24.0,1 Hour,5.542972,0.364,0.230957,0.364,Reservation,USD,Microsoft.Compute,/subscriptions/a1b2c3d4-0002-0002-0002-000000000002/resourceGroups/rg-data-prod/providers/Microsoft.Compute/virtualMachines/vm-standard-e4s-v3-03,vm-standard-e4s-v3-03,"{""team"": ""data-eng"", ""environment"": ""prod"", ""costcenter"": ""CC200"", ""application"": ""data-eng-app""}","{""ServiceType"": ""Standard"", ""VMName"": ""vm-standard-e4s-v3-03"", ""vCPUs"": 4}",Compute,Usage,Azure,/providers/Microsoft.BillingBenefits/savingsPlanOrders/899d6b74-762f-40fa-b61a-b7e2bce943b9,Reserved VM Instance_westeurope_1Year
EA-9876543210,data-eng-prod-sub,data-eng-prod-sub,owner_0002@company.com,a1b2c3d4-0002-0002-0002-000000000002,data-eng-prod-sub,rg-ml-prod,westeurope,2026-04-16,Virtual Machines Standard_F4s_v2 - westeurope,Virtual Machines,Standard_F4s_v2 Series,303bf71a-6d52-56d9-8e75-95552aa01c86,F4s v2,24.0,1 Hour,4.032276,0.252,0.168012,0.252,Reservation,USD,Microsoft.Compute,/subscriptions/a1b2c3d4-0002-0002-0002-000000000002/resourceGroups/rg-ml-prod/providers/Microsoft.Compute/virtualMachines/vm-standard-f4s-v2-05,vm-standard-f4s-v2-05,"{""team"": ""ml"", ""environment"": ""prod"", ""costcenter"": ""CC500"", ""application"": ""ml-app""}","{""ServiceType"": ""Standard"", ""VMName"": ""vm-standard-f4s-v2-05"", ""vCPUs"": 4}",Compute,Usage,Azure,/providers/Microsoft.BillingBenefits/savingsPlanOrders/1d62960e-2e39-4656-afd1-89c81524c531,Reserved VM Instance_westeurope_1Year
EA-9876543210,data-eng-prod-sub,data-eng-prod-sub,owner_0002@company.com,a1b2c3d4-0002-0002-0002-000000000002,data-eng-prod-sub,rg-ml-prod,westeurope,2026-04-16,Unused Reservation - vm-standard-f4s-v2-05,Virtual Machines,Unused Capacity,54f95dc7-b96e-5d3e-ba1b-b0b82a788a48,Unused,0.0,1 Hour,0.638793,0.0,0.0,0.252,Reservation,USD,Microsoft.Compute,,vm-standard-f4s-v2-05,"{""team"": ""ml"", ""environment"": ""prod"", ""costcenter"": ""CC500"", ""application"": ""ml-app""}",{},Compute,UnusedReservation,Azure,/providers/Microsoft.BillingBenefits/savingsPlanOrders/cadd9178-3f15-4248-ab1f-b96bc1f096b0,Reserved VM Instance_westeurope_1Year
EA-9876543210,data-eng-prod-sub,data-eng-prod-sub,owner_0002@company.com,a1b2c3d4-0002-0002-0002-000000000002,data-eng-prod-sub,rg-ml-prod,westeurope,2026-04-16,Virtual Machines Standard_D8s_v3 - westeurope,Virtual Machines,Standard_D8s_v3 Series,348575ff-7ae0-57e5-896e-037d67179117,D8s v3,24.0,1 Hour,12.692074,0.672,0.528836,0.672,SavingsPlan,USD,Microsoft.Compute,/subscriptions/a1b2c3d4-0002-0002-0002-000000000002/resourceGroups/rg-ml-prod/providers/Microsoft.Compute/virtualMachines/vm-standard-d8s-v3-06,vm-standard-d8s-v3-06,"{""team"": ""ml"", ""environment"": ""prod"", ""costcenter"": ""CC500"", ""application"": ""ml-app""}","{""ServiceType"": ""Standard"", ""VMName"": ""vm-standard-d8s-v3-06"", ""vCPUs"": 8}",Compute,Usage,Azure,/providers/Microsoft.BillingBenefits/savingsPlanOrders/61577f53-4281-4161-82f8-40c87c980f5e,Compute savings plan_1Year
EA-9876543210,app-prod-sub,app-prod-sub,owner_0003@company.com,a1b2c3d4-0003-0003-0003-000000000003,app-prod-sub,rg-app-prod,southeastasia,2026-04-16,Virtual Machines Standard_B2s - southeastasia,Virtual Machines,Standard_B2s Series,78a50003-6630-5ba4-aad2-c10f0de71d3b,B2s,24.0,1 Hour,2.020164,0.084,0.084173,0.084,OnDemand,USD,Microsoft.Compute,/subscriptions/a1b2c3d4-0003-0003-0003-000000000003/resourceGroups/rg-app-prod/providers/Microsoft.Compute/virtualMachines/vm-standard-b2s-07,vm-standard-b2s-07,{},"{""ServiceType"": ""Standard"", ""VMName"": ""vm-standard-b2s-07"", ""vCPUs"": 2}",Compute,Usage,Azure,,
EA-9876543210,app-prod-sub,app-prod-sub,owner_0003@company.com,a1b2c3d4-0003-0003-0003-000000000003,app-prod-sub,rg-app-staging,southeastasia,2026-04-16,Virtual Machines Standard_B2s - southeastasia,Virtual Machines,Standard_B2s Series,78a50003-6630-5ba4-aad2-c10f0de71d3b,B2s,24.0,1 Hour,2.035907,0.084,0.084829,0.084,OnDemand,USD,Microsoft.Compute,/subscriptions/a1b2c3d4-0003-0003-0003-000000000003/resourceGroups/rg-app-staging/providers/Microsoft.Compute/virtualMachines/vm-standard-b2s-08,vm-standard-b2s-08,"{""team"": ""frontend"", ""environment"": ""staging"", ""costcenter"": ""CC300"", ""application"": ""frontend-app""}","{""ServiceType"": ""Standard"", ""VMName"": ""vm-standard-b2s-08"", ""vCPUs"": 2}",Compute,Usage,Azure,,
EA-9876543210,app-prod-sub,app-prod-sub,owner_0003@company.com,a1b2c3d4-0003-0003-0003-000000000003,app-prod-sub,rg-app-staging,eastus,2026-04-16,Virtual Machines Standard_D2s_v3 - eastus,Virtual Machines,Standard_D2s_v3 Series,bbc4f1e6-b32a-5f02-86f0-702bf6097b8b,D2s v3,24.0,1 Hour,4.048116,0.168,0.168672,0.168,OnDemand,USD,Microsoft.Compute,/subscriptions/a1b2c3d4-0003-0003-0003-000000000003/resourceGroups/rg-app-staging/providers/Microsoft.Compute/virtualMachines/vm-standard-d2s-v3-09,vm-standard-d2s-v3-09,"{""team"": ""backend"", ""environment"": ""staging"", ""costcenter"": ""CC400"", ""application"": ""backend-app""}","{""ServiceType"": ""Standard"", ""VMName"": ""vm-standard-d2s-v3-09"", ""vCPUs"": 2}",Compute,Usage,Azure,,
EA-9876543210,platform-prod-sub,platform-prod-sub,owner_0001@company.com,a1b2c3d4-0001-0001-0001-000000000001,platform-prod-sub,rg-platform-dev,eastus,2026-04-16,Virtual Machines Standard_B2s - eastus,Virtual Machines,Standard_B2s Series,7190101e-d2ab-5a56-ad8e-83f7122f17e8,B2s,24.0,1 Hour,2.026053,0.084,0.084419,0.084,OnDemand,USD,Microsoft.Compute,/subscriptions/a1b2c3d4-0001-0001-0001-000000000001/resourceGroups/rg-platform-dev/providers/Microsoft.Compute/virtualMachines/vm-standard-b2s-10,vm-standard-b2s-10,"{""team"": ""platform"", ""environment"": ""dev"", ""costcenter"": ""CC100"", ""application"": ""platform-app""}","{""ServiceType"": ""Standard"", ""VMName"": ""vm-standard-b2s-10"", ""vCPUs"": 2}",Compute,Usage,Azure,,
EA-9876543210,app-prod-sub,app-prod-sub,owner_0003@company.com,a1b2c3d4-0003-0003-0003-000000000003,app-prod-sub,rg-app-dev,eastus,2026-04-16,Virtual Machines Standard_B2s - eastus,Virtual Machines,Standard_B2s Series,7190101e-d2ab-5a56-ad8e-83f7122f17e8,B2s,24.0,1 Hour,1.370619,0.084,0.057109,0.084,SavingsPlan,USD,Microsoft.Compute,/subscriptions/a1b2c3d4-0003-0003-0003-000000000003/resourceGroups/rg-app-dev/providers/Microsoft.Compute/virtualMachines/vm-standard-b2s-11,vm-standard-b2s-11,{},"{""ServiceType"": ""Standard"", ""VMName"": ""vm-standard-b2s-11"", ""vCPUs"": 2}",Compute,Usage,Azure,/providers/Microsoft.BillingBenefits/savingsPlanOrders/bbbcaea0-0d94-4bb4-baaa-061db51d9427,Compute savings plan_1Year
EA-9876543210,platform-prod-sub,platform-prod-sub,owner_0001@company.com,a1b2c3d4-0001-0001-0001-000000000001,platform-prod-sub,rg-platform-prod,eastus,2026-04-16,Blob Storage - LRS - Hot - eastus,Storage,Blobs - LRS - Hot,fb8faed0-f377-5fb0-92b7-78035153a7fa,Data Stored,850.5445,1 GB/Month,0.511216,0.018,0.018,0.018,OnDemand,USD,Microsoft.Storage,/subscriptions/a1b2c3d4-0001-0001-0001-000000000001/resourceGroups/rg-platform-prod/providers/Microsoft.Storage/storageAccounts/stplatformassets,stplatformassets,"{""team"": ""platform"", ""environment"": ""prod"", ""costcenter"": ""CC100"", ""application"": ""platform-app""}","{""AccountType"": ""LRS""}",Storage,Usage,Azure,,
EA-9876543210,data-eng-prod-sub,data-eng-prod-sub,owner_0002@company.com,a1b2c3d4-0002-0002-0002-000000000002,data-eng-prod-sub,rg-data-prod,westeurope,2026-04-16,Blob Storage - ZRS - Hot - westeurope,Storage,Blobs - ZRS - Hot,9dd9b051-b91d-533a-9f70-e4838eb241bb,Data Stored,3202.1972,1 GB/Month,2.457138,0.023,0.023,0.023,OnDemand,USD,Microsoft.Storage,/subscriptions/a1b2c3d4-0002-0002-0002-000000000002/resourceGroups/rg-data-prod/providers/Microsoft.Storage/storageAccounts/stdatalake,stdatalake,"{""team"": ""data-eng"", ""environment"": ""prod"", ""costcenter"": ""CC200"", ""application"": ""data-eng-app""}","{""AccountType"": ""ZRS""}",Storage,Usage,Azure,,
EA-9876543210,app-prod-sub,app-prod-sub,owner_0003@company.com,a1b2c3d4-0003-0003-0003-000000000003,app-prod-sub,rg-app-prod,southeastasia,2026-04-16,Blob Storage - LRS - Hot - southeastasia,Storage,Blobs - LRS - Hot,3ae72a36-b458-5b93-9e16-84484844594d,Data Stored,399.9767,1 GB/Month,0.239373,0.018,0.018,0.018,OnDemand,USD,Microsoft.Storage,/subscriptions/a1b2c3d4-0003-0003-0003-000000000003/resourceGroups/rg-app-prod/providers/Microsoft.Storage/storageAccounts/stappassets,stappassets,{},"{""AccountType"": ""LRS""}",Storage,Usage,Azure,,
EA-9876543210,data-eng-prod-sub,data-eng-prod-sub,owner_0002@company.com,a1b2c3d4-0002-0002-0002-000000000002,data-eng-prod-sub,rg-ml-prod,westeurope,2026-04-16,Blob Storage - LRS - Hot - westeurope,Storage,Blobs - LRS - Hot,4ba045d2-b571-568f-be23-884194c5daba,Data Stored,1100.7907,1 GB/Month,0.658503,0.018,0.018,0.018,OnDemand,USD,Microsoft.Storage,/subscriptions/a1b2c3d4-0002-0002-0002-000000000002/resourceGroups/rg-ml-prod/providers/Microsoft.Storage/storageAccounts/stmlmodels,stmlmodels,{},"{""AccountType"": ""LRS""}",Storage,Usage,Azure,,
EA-9876543210,platform-prod-sub,platform-prod-sub,owner_0001@company.com,a1b2c3d4-0001-0001-0001-000000000001,platform-prod-sub,rg-platform-prod,eastus,2026-04-16,Azure SQL Database Standard_S2 - eastus,SQL Database,Standard_S2,cd1e0b9a-8ff0-5779-9281-87ab698e2916,vCore Hours,24.0,1 Hour,7.414586,0.31,0.31,0.31,OnDemand,USD,Microsoft.Sql,/subscriptions/a1b2c3d4-0001-0001-0001-000000000001/resourceGroups/rg-platform-prod/providers/Microsoft.Sql/servers/databases/sqldb-standard-0001,sqldb-standard-0001,"{""team"": ""platform"", ""environment"": ""prod"", ""costcenter"": ""CC100"", ""application"": ""platform-app""}",{},Databases,Usage,Azure,,
EA-9876543210,data-eng-prod-sub,data-eng-prod-sub,owner_0002@company.com,a1b2c3d4-0002-0002-0002-000000000002,data-eng-prod-sub,rg-data-prod,westeurope,2026-04-16,Azure SQL Database Business Critical_BC_Gen5_4 - westeurope,SQL Database,Business Critical_BC_Gen5_4,4bab5ab0-7291-58c2-8564-3252f5053179,vCore Hours,24.0,1 Hour,52.708928,2.2,2.2,2.2,OnDemand,USD,Microsoft.Sql,/subscriptions/a1b2c3d4-0002-0002-0002-000000000002/resourceGroups/rg-data-prod/providers/Microsoft.Sql/servers/databases/sqldb-business critical-0002,sqldb-business critical-0002,{},{},Databases,Usage,Azure,,
EA-9876543210,app-prod-sub,app-prod-sub,owner_0003@company.com,a1b2c3d4-0003-0003-0003-000000000003,app-prod-sub,rg-app-prod,eastus,2026-04-16,Azure SQL Database General Purpose_GP_Gen5_2 - eastus,SQL Database,General Purpose_GP_Gen5_2,69e0198c-4ca3-5ac2-8540-db65f6d44c56,vCore Hours,24.0,1 Hour,14.316435,0.6,0.6,0.6,OnDemand,USD,Microsoft.Sql,/subscriptions/a1b2c3d4-0003-0003-0003-000000000003/resourceGroups/rg-app-prod/providers/Microsoft.Sql/servers/databases/sqldb-general purpose-0003,sqldb-general purpose-0003,{},{},Databases,Usage,Azure,,
EA-9876543210,shared-infra-sub,shared-infra-sub,owner_infra@company.com,a1b2c3d4-9999-9999-9999-000000000099,shared-infra-sub,rg-shared-infra,eastus,2026-04-16,Azure Monitor,Monitor,Data Ingested,aadff281-e00d-588e-bd69-a4630325bd50,Data Ingested,1000.0,1 Unit,44.738146,0.045,0.045,0.045,OnDemand,USD,Microsoft.SharedInfra,/subscriptions/a1b2c3d4-9999-9999-9999-000000000099/resourceGroups/rg-shared-infra/providers/Microsoft.SharedInfra/Monitor/monitor,monitor,{},{},Management,Usage,Azure,,
EA-9876543210,shared-infra-sub,shared-infra-sub,owner_infra@company.com,a1b2c3d4-9999-9999-9999-000000000099,shared-infra-sub,rg-shared-infra,eastus,2026-04-16,Virtual Network,Networking,Intra-Region,cc2ca1a8-2d13-5873-b301-4b8ed16ed2c0,Intra-Region,622.22,1 Unit,27.752583,0.045,0.045,0.045,OnDemand,USD,Microsoft.SharedInfra,/subscriptions/a1b2c3d4-9999-9999-9999-000000000099/resourceGroups/rg-shared-infra/providers/Microsoft.SharedInfra/Networking/networking,networking,{},{},Networking,Usage,Azure,,
EA-9876543210,shared-infra-sub,shared-infra-sub,owner_infra@company.com,a1b2c3d4-9999-9999-9999-000000000099,shared-infra-sub,rg-shared-infra,eastus,2026-04-16,API Management,API Management,Gateway Units,78998862-331b-5215-a4b4-8d4500189f89,Gateway Units,2666.67,1 Unit,120.171281,0.045,0.045,0.045,OnDemand,USD,Microsoft.SharedInfra,/subscriptions/a1b2c3d4-9999-9999-9999-000000000099/resourceGroups/rg-shared-infra/providers/Microsoft.SharedInfra/API Management/api-management,api-management,{},{},Integration,Usage,Azure,,
EA-9876543210,shared-infra-sub,shared-infra-sub,owner_infra@company.com,a1b2c3d4-9999-9999-9999-000000000099,shared-infra-sub,rg-shared-infra,eastus,2026-04-16,Azure Key Vault,Key Vault,Operations,3cb0172e-6732-5350-b439-97753364a78c,Operations,177.78,1 Unit,8.076696,0.045,0.045,0.045,OnDemand,USD,Microsoft.SharedInfra,/subscriptions/a1b2c3d4-9999-9999-9999-000000000099/resourceGroups/rg-shared-infra/providers/Microsoft.SharedInfra/Key Vault/key-vault,key-vault,{},{},Security,Usage,Azure,,
EA-9876543210,shared-infra-sub,shared-infra-sub,owner_infra@company.com,a1b2c3d4-9999-9999-9999-000000000099,shared-infra-sub,rg-shared-infra,eastus,2026-04-16,Azure Blob Storage,Storage,Data Stored,2e8ee991-b3b7-5136-98e5-4772405cdb0c,Data Stored,400.0,1 Unit,18.010421,0.045,0.045,0.045,OnDemand,USD,Microsoft.SharedInfra,/subscriptions/a1b2c3d4-9999-9999-9999-000000000099/resourceGroups/rg-shared-infra/providers/Microsoft.SharedInfra/Storage/storage,storage,{},{},Storage,Usage,Azure,,
EA-9876543210,platform-prod-sub,platform-prod-sub,owner_0001@company.com,a1b2c3d4-0001-0001-0001-000000000001,platform-prod-sub,rg-platform-prod,eastus,2026-04-17,Virtual Machines Standard_D2s_v3 - eastus,Virtual Machines,Standard_D2s_v3 Series,bbc4f1e6-b32a-5f02-86f0-702bf6097b8b,D2s v3,24.0,1 Hour,4.055239,0.168,0.168968,0.168,OnDemand,USD,Microsoft.Compute,/subscriptions/a1b2c3d4-0001-0001-0001-000000000001/resourceGroups/rg-platform-prod/providers/Microsoft.Compute/virtualMachines/vm-standard-d2s-v3-00,vm-standard-d2s-v3-00,"{""team"": ""platform"", ""environment"": ""prod"", ""costcenter"": ""CC100"", ""application"": ""platform-app""}","{""ServiceType"": ""Standard"", ""VMName"": ""vm-standard-d2s-v3-00"", ""vCPUs"": 2}",Compute,Usage,Azure,,
EA-9876543210,platform-prod-sub,platform-prod-sub,owner_0001@company.com,a1b2c3d4-0001-0001-0001-000000000001,platform-prod-sub,rg-platform-prod,eastus,2026-04-17,Virtual Machines Standard_D2s_v3 - eastus,Virtual Machines,Standard_D2s_v3 Series,bbc4f1e6-b32a-5f02-86f0-702bf6097b8b,D2s v3,24.0,1 Hour,4.012619,0.168,0.167192,0.168,OnDemand,USD,Microsoft.Compute,/subscriptions/a1b2c3d4-0001-0001-0001-000000000001/resourceGroups/rg-platform-prod/providers/Microsoft.Compute/virtualMachines/vm-standard-d2s-v3-01,vm-standard-d2s-v3-01,"{""team"": ""platform"", ""environment"": ""prod"", ""costcenter"": ""CC100"", ""application"": ""platform-app""}","{""ServiceType"": ""Standard"", ""VMName"": ""vm-standard-d2s-v3-01"", ""vCPUs"": 2}",Compute,Usage,Azure,,
EA-9876543210,app-prod-sub,app-prod-sub,owner_0003@company.com,a1b2c3d4-0003-0003-0003-000000000003,app-prod-sub,rg-app-prod,eastus,2026-04-17,Virtual Machines Standard_D4s_v3 - eastus,Virtual Machines,Standard_D4s_v3 Series,6c8e1236-a3aa-53d7-8e09-dadb98f69027,D4s v3,24.0,1 Hour,8.082433,0.336,0.336768,0.336,OnDemand,USD,Microsoft.Compute,/subscriptions/a1b2c3d4-0003-0003-0003-000000000003/resourceGroups/rg-app-prod/providers/Microsoft.Compute/virtualMachines/vm-standard-d4s-v3-02,vm-standard-d4s-v3-02,"{""team"": ""backend"", ""environment"": ""prod"", ""costcenter"": ""CC400"", ""application"": ""backend-app""}","{""ServiceType"": ""Standard"", ""VMName"": ""vm-standard-d4s-v3-02"", ""vCPUs"": 4}",Compute,Usage,Azure,,
EA-9876543210,data-eng-prod-sub,data-eng-prod-sub,owner_0002@company.com,a1b2c3d4-0002-0002-0002-000000000002,data-eng-prod-sub,rg-data-prod,westeurope,2026-04-17,Virtual Machines Standard_E4s_v3 - westeurope,Virtual Machines,Standard_E4s_v3 Series,7373fa15-5d45-5d30-a83f-72064e156f94,E4s v3,24.0,1 Hour,5.223239,0.364,0.217635,0.364,Reservation,USD,Microsoft.Compute,/subscriptions/a1b2c3d4-0002-0002-0002-000000000002/resourceGroups/rg-data-prod/providers/Microsoft.Compute/virtualMachines/vm-standard-e4s-v3-03,vm-standard-e4s-v3-03,{},"{""ServiceType"": ""Standard"", ""VMName"": ""vm-standard-e4s-v3-03"", ""vCPUs"": 4}",Compute,Usage,Azure,/providers/Microsoft.BillingBenefits/savingsPlanOrders/eee63676-5745-4dec-b218-6e64049fe2e8,Reserved VM Instance_westeurope_1Year
EA-9876543210,data-eng-prod-sub,data-eng-prod-sub,owner_0002@company.com,a1b2c3d4-0002-0002-0002-000000000002,data-eng-prod-sub,rg-data-prod,westeurope,2026-04-17,Unused Reservation - vm-standard-e4s-v3-03,Virtual Machines,Unused Capacity,9bbc2fbb-6345-5843-8913-92d9e64d4488,Unused,0.0,1 Hour,0.28193,0.0,0.0,0.364,Reservation,USD,Microsoft.Compute,,vm-standard-e4s-v3-03,"{""team"": ""data-eng"", ""environment"": ""prod"", ""costcenter"": ""CC200"", ""application"": ""data-eng-app""}",{},Compute,UnusedReservation,Azure,/providers/Microsoft.BillingBenefits/savingsPlanOrders/b0cfbc26-24b2-40d1-9915-f44cabc94912,Reserved VM Instance_westeurope_1Year
EA-9876543210,data-eng-prod-sub,data-eng-prod-sub,owner_0002@company.com,a1b2c3d4-0002-0002-0002-000000000002,data-eng-prod-sub,rg-data-prod,westeurope,2026-04-17,Virtual Machines Standard_E8s_v3 - westeurope,Virtual Machines,Standard_E8s_v3 Series,2b9593f7-8692-56d9-b10a-a624f400da47,E8s v3,24.0,1 Hour,17.364916,0.728,0.723538,0.728,OnDemand,USD,Microsoft.Compute,/subscriptions/a1b2c3d4-0002-0002-0002-000000000002/resourceGroups/rg-data-prod/providers/Microsoft.Compute/virtualMachines/vm-standard-e8s-v3-04,vm-standard-e8s-v3-04,{},"{""ServiceType"": ""Standard"", ""VMName"": ""vm-standard-e8s-v3-04"", ""vCPUs"": 8}",Compute,Usage,Azure,,
EA-9876543210,data-eng-prod-sub,data-eng-prod-sub,owner_0002@company.com,a1b2c3d4-0002-0002-0002-000000000002,data-eng-prod-sub,rg-ml-prod,westeurope,2026-04-17,Virtual Machines Standard_F4s_v2 - westeurope,Virtual Machines,Standard_F4s_v2 Series,303bf71a-6d52-56d9-8e75-95552aa01c86,F4s v2,24.0,1 Hour,3.848064,0.252,0.160336,0.252,Reservation,USD,Microsoft.Compute,/subscriptions/a1b2c3d4-0002-0002-0002-000000000002/resourceGroups/rg-ml-prod/providers/Microsoft.Compute/virtualMachines/vm-standard-f4s-v2-05,vm-standard-f4s-v2-05,"{""team"": ""ml"", ""environment"": ""prod"", ""costcenter"": ""CC500"", ""application"": ""ml-app""}","{""ServiceType"": ""Standard"", ""VMName"": ""vm-standard-f4s-v2-05"", ""vCPUs"": 4}",Compute,Usage,Azure,/providers/Microsoft.BillingBenefits/savingsPlanOrders/47366d19-7982-4b2c-b833-65740c0368d5,Reserved VM Instance_westeurope_1Year
EA-9876543210,data-eng-prod-sub,data-eng-prod-sub,owner_0002@company.com,a1b2c3d4-0002-0002-0002-000000000002,data-eng-prod-sub,rg-ml-prod,westeurope,2026-04-17,Unused Reservation - vm-standard-f4s-v2-05,Virtual Machines,Unused Capacity,9f2df082-0996-5fb2-88b6-ae0444cd5480,Unused,0.0,1 Hour,1.054002,0.0,0.0,0.252,Reservation,USD,Microsoft.Compute,,vm-standard-f4s-v2-05,"{""team"": ""ml"", ""environment"": ""prod"", ""costcenter"": ""CC500"", ""application"": ""ml-app""}",{},Compute,UnusedReservation,Azure,/providers/Microsoft.BillingBenefits/savingsPlanOrders/a044ddc3-51f9-40df-bd0e-18e030ad75d0,Reserved VM Instance_westeurope_1Year
EA-9876543210,data-eng-prod-sub,data-eng-prod-sub,owner_0002@company.com,a1b2c3d4-0002-0002-0002-000000000002,data-eng-prod-sub,rg-ml-prod,westeurope,2026-04-17,Virtual Machines Standard_D8s_v3 - westeurope,Virtual Machines,Standard_D8s_v3 Series,348575ff-7ae0-57e5-896e-037d67179117,D8s v3,24.0,1 Hour,11.682989,0.672,0.486791,0.672,SavingsPlan,USD,Microsoft.Compute,/subscriptions/a1b2c3d4-0002-0002-0002-000000000002/resourceGroups/rg-ml-prod/providers/Microsoft.Compute/virtualMachines/vm-standard-d8s-v3-06,vm-standard-d8s-v3-06,{},"{""ServiceType"": ""Standard"", ""VMName"": ""vm-standard-d8s-v3-06"", ""vCPUs"": 8}",Compute,Usage,Azure,/providers/Microsoft.BillingBenefits/savingsPlanOrders/958f3434-3446-4bff-9d83-b6828efed000,Compute savings plan_1Year
EA-9876543210,data-eng-prod-sub,data-eng-prod-sub,owner_0002@company.com,a1b2c3d4-0002-0002-0002-000000000002,data-eng-prod-sub,rg-ml-prod,westeurope,2026-04-17,Unused Reservation - vm-standard-d8s-v3-06,Virtual Machines,Unused Capacity,99d22aa8-37a2-5fae-9888-66e4f451efd0,Unused,0.0,1 Hour,1.737344,0.0,0.0,0.672,SavingsPlan,USD,Microsoft.Compute,,vm-standard-d8s-v3-06,"{""team"": ""ml"", ""environment"": ""prod"", ""costcenter"": ""CC500"", ""application"": ""ml-app""}",{},Compute,UnusedSavingsPlan,Azure,/providers/Microsoft.BillingBenefits/savingsPlanOrders/3642b237-da84-4c94-a4b0-73d81c561df2,Compute savings plan_1Year
EA-9876543210,app-prod-sub,app-prod-sub,owner_0003@company.com,a1b2c3d4-0003-0003-0003-000000000003,app-prod-sub,rg-app-prod,southeastasia,2026-04-17,Virtual Machines Standard_B2s - southeastasia,Virtual Machines,Standard_B2s Series,78a50003-6630-5ba4-aad2-c10f0de71d3b,B2s,24.0,1 Hour,2.02167,0.084,0.084236,0.084,OnDemand,USD,Microsoft.Compute,/subscriptions/a1b2c3d4-0003-0003-0003-000000000003/resourceGroups/rg-app-prod/providers/Microsoft.Compute/virtualMachines/vm-standard-b2s-07,vm-standard-b2s-07,"{""team"": ""frontend"", ""environment"": ""prod"", ""costcenter"": ""CC300"", ""application"": ""frontend-app""}","{""ServiceType"": ""Standard"", ""VMName"": ""vm-standard-b2s-07"", ""vCPUs"": 2}",Compute,Usage,Azure,,
EA-9876543210,app-prod-sub,app-prod-sub,owner_0003@company.com,a1b2c3d4-0003-0003-0003-000000000003,app-prod-sub,rg-app-staging,southeastasia,2026-04-17,Virtual Machines Standard_B2s - southeastasia,Virtual Machines,Standard_B2s Series,78a50003-6630-5ba4-aad2-c10f0de71d3b,B2s,24.0,1 Hour,2.007947,0.084,0.083664,0.084,OnDemand,USD,Microsoft.Compute,/subscriptions/a1b2c3d4-0003-0003-0003-000000000003/resourceGroups/rg-app-staging/providers/Microsoft.Compute/virtualMachines/vm-standard-b2s-08,vm-standard-b2s-08,"{""team"": ""frontend"", ""environment"": ""staging"", ""costcenter"": ""CC300"", ""application"": ""frontend-app""}","{""ServiceType"": ""Standard"", ""VMName"": ""vm-standard-b2s-08"", ""vCPUs"": 2}",Compute,Usage,Azure,,
EA-9876543210,app-prod-sub,app-prod-sub,owner_0003@company.com,a1b2c3d4-0003-0003-0003-000000000003,app-prod-sub,rg-app-staging,eastus,2026-04-17,Virtual Machines Standard_D2s_v3 - eastus,Virtual Machines,Standard_D2s_v3 Series,bbc4f1e6-b32a-5f02-86f0-702bf6097b8b,D2s v3,24.0,1 Hour,4.018556,0.168,0.16744,0.168,OnDemand,USD,Microsoft.Compute,/subscriptions/a1b2c3d4-0003-0003-0003-000000000003/resourceGroups/rg-app-staging/providers/Microsoft.Compute/virtualMachines/vm-standard-d2s-v3-09,vm-standard-d2s-v3-09,{},"{""ServiceType"": ""Standard"", ""VMName"": ""vm-standard-d2s-v3-09"", ""vCPUs"": 2}",Compute,Usage,Azure,,
EA-9876543210,platform-prod-sub,platform-prod-sub,owner_0001@company.com,a1b2c3d4-0001-0001-0001-000000000001,platform-prod-sub,rg-platform-dev,eastus,2026-04-17,Virtual Machines Standard_B2s - eastus,Virtual Machines,Standard_B2s Series,7190101e-d2ab-5a56-ad8e-83f7122f17e8,B2s,24.0,1 Hour,2.029388,0.084,0.084558,0.084,OnDemand,USD,Microsoft.Compute,/subscriptions/a1b2c3d4-0001-0001-0001-000000000001/resourceGroups/rg-platform-dev/providers/Microsoft.Compute/virtualMachines/vm-standard-b2s-10,vm-standard-b2s-10,{},"{""ServiceType"": ""Standard"", ""VMName"": ""vm-standard-b2s-10"", ""vCPUs"": 2}",Compute,Usage,Azure,,
EA-9876543210,app-prod-sub,app-prod-sub,owner_0003@company.com,a1b2c3d4-0003-0003-0003-000000000003,app-prod-sub,rg-app-dev,eastus,2026-04-17,Virtual Machines Standard_B2s - eastus,Virtual Machines,Standard_B2s Series,7190101e-d2ab-5a56-ad8e-83f7122f17e8,B2s,24.0,1 Hour,1.332788,0.084,0.055533,0.084,SavingsPlan,USD,Microsoft.Compute,/subscriptions/a1b2c3d4-0003-0003-0003-000000000003/resourceGroups/rg-app-dev/providers/Microsoft.Compute/virtualMachines/vm-standard-b2s-11,vm-standard-b2s-11,{},"{""ServiceType"": ""Standard"", ""VMName"": ""vm-standard-b2s-11"", ""vCPUs"": 2}",Compute,Usage,Azure,/providers/Microsoft.BillingBenefits/savingsPlanOrders/0b9f171e-2586-4e20-a7b8-290eaa3da854,Compute savings plan_1Year
EA-9876543210,platform-prod-sub,platform-prod-sub,owner_0001@company.com,a1b2c3d4-0001-0001-0001-000000000001,platform-prod-sub,rg-platform-prod,eastus,2026-04-17,Blob Storage - LRS - Hot - eastus,Storage,Blobs - LRS - Hot,fb8faed0-f377-5fb0-92b7-78035153a7fa,Data Stored,849.2104,1 GB/Month,0.509922,0.018,0.018,0.018,OnDemand,USD,Microsoft.Storage,/subscriptions/a1b2c3d4-0001-0001-0001-000000000001/resourceGroups/rg-platform-prod/providers/Microsoft.Storage/storageAccounts/stplatformassets,stplatformassets,{},"{""AccountType"": ""LRS""}",Storage,Usage,Azure,,
EA-9876543210,data-eng-prod-sub,data-eng-prod-sub,owner_0002@company.com,a1b2c3d4-0002-0002-0002-000000000002,data-eng-prod-sub,rg-data-prod,westeurope,2026-04-17,Blob Storage - ZRS - Hot - westeurope,Storage,Blobs - ZRS - Hot,9dd9b051-b91d-533a-9f70-e4838eb241bb,Data Stored,3197.7945,1 GB/Month,2.447972,0.023,0.023,0.023,OnDemand,USD,Microsoft.Storage,/subscriptions/a1b2c3d4-0002-0002-0002-000000000002/resourceGroups/rg-data-prod/providers/Microsoft.Storage/storageAccounts/stdatalake,stdatalake,"{""team"": ""data-eng"", ""environment"": ""prod"", ""costcenter"": ""CC200"", ""application"": ""data-eng-app""}","{""AccountType"": ""ZRS""}",Storage,Usage,Azure,,
EA-9876543210,app-prod-sub,app-prod-sub,owner_0003@company.com,a1b2c3d4-0003-0003-0003-000000000003,app-prod-sub,rg-app-prod,southeastasia,2026-04-17,Blob Storage - LRS - Hot - southeastasia,Storage,Blobs - LRS - Hot,3ae72a36-b458-5b93-9e16-84484844594d,Data Stored,400.2922,1 GB/Month,0.239943,0.018,0.018,0.018,OnDemand,USD,Microsoft.Storage,/subscriptions/a1b2c3d4-0003-0003-0003-000000000003/resourceGroups/rg-app-prod/providers/Microsoft.Storage/storageAccounts/stappassets,stappassets,{},"{""AccountType"": ""LRS""}",Storage,Usage,Azure,,
EA-9876543210,data-eng-prod-sub,data-eng-prod-sub,owner_0002@company.com,a1b2c3d4-0002-0002-0002-000000000002,data-eng-prod-sub,rg-ml-prod,westeurope,2026-04-17,Blob Storage - LRS - Hot - westeurope,Storage,Blobs - LRS - Hot,4ba045d2-b571-568f-be23-884194c5daba,Data Stored,1099.9174,1 GB/Month,0.661568,0.018,0.018,0.018,OnDemand,USD,Microsoft.Storage,/subscriptions/a1b2c3d4-0002-0002-0002-000000000002/resourceGroups/rg-ml-prod/providers/Microsoft.Storage/storageAccounts/stmlmodels,stmlmodels,"{""team"": ""ml"", ""environment"": ""prod"", ""costcenter"": ""CC500"", ""application"": ""ml-app""}","{""AccountType"": ""LRS""}",Storage,Usage,Azure,,
EA-9876543210,platform-prod-sub,platform-prod-sub,owner_0001@company.com,a1b2c3d4-0001-0001-0001-000000000001,platform-prod-sub,rg-platform-prod,eastus,2026-04-17,Azure SQL Database Standard_S2 - eastus,SQL Database,Standard_S2,cd1e0b9a-8ff0-5779-9281-87ab698e2916,vCore Hours,24.0,1 Hour,7.486748,0.31,0.31,0.31,OnDemand,USD,Microsoft.Sql,/subscriptions/a1b2c3d4-0001-0001-0001-000000000001/resourceGroups/rg-platform-prod/providers/Microsoft.Sql/servers/databases/sqldb-standard-0001,sqldb-standard-0001,"{""team"": ""platform"", ""environment"": ""prod"", ""costcenter"": ""CC100"", ""application"": ""platform-app""}",{},Databases,Usage,Azure,,
EA-9876543210,data-eng-prod-sub,data-eng-prod-sub,owner_0002@company.com,a1b2c3d4-0002-0002-0002-000000000002,data-eng-prod-sub,rg-data-prod,westeurope,2026-04-17,Azure SQL Database Business Critical_BC_Gen5_4 - westeurope,SQL Database,Business Critical_BC_Gen5_4,4bab5ab0-7291-58c2-8564-3252f5053179,vCore Hours,24.0,1 Hour,53.251746,2.2,2.2,2.2,OnDemand,USD,Microsoft.Sql,/subscriptions/a1b2c3d4-0002-0002-0002-000000000002/resourceGroups/rg-data-prod/providers/Microsoft.Sql/servers/databases/sqldb-business critical-0002,sqldb-business critical-0002,"{""team"": ""data-eng"", ""environment"": ""prod"", ""costcenter"": ""CC200"", ""application"": ""data-eng-app""}",{},Databases,Usage,Azure,,
EA-9876543210,app-prod-sub,app-prod-sub,owner_0003@company.com,a1b2c3d4-0003-0003-0003-000000000003,app-prod-sub,rg-app-prod,eastus,2026-04-17,Azure SQL Database General Purpose_GP_Gen5_2 - eastus,SQL Database,General Purpose_GP_Gen5_2,69e0198c-4ca3-5ac2-8540-db65f6d44c56,vCore Hours,24.0,1 Hour,14.272134,0.6,0.6,0.6,OnDemand,USD,Microsoft.Sql,/subscriptions/a1b2c3d4-0003-0003-0003-000000000003/resourceGroups/rg-app-prod/providers/Microsoft.Sql/servers/databases/sqldb-general purpose-0003,sqldb-general purpose-0003,"{""team"": ""backend"", ""environment"": ""prod"", ""costcenter"": ""CC400"", ""application"": ""backend-app""}",{},Databases,Usage,Azure,,
EA-9876543210,shared-infra-sub,shared-infra-sub,owner_infra@company.com,a1b2c3d4-9999-9999-9999-000000000099,shared-infra-sub,rg-shared-infra,eastus,2026-04-17,Azure Monitor,Monitor,Data Ingested,aadff281-e00d-588e-bd69-a4630325bd50,Data Ingested,1000.0,1 Unit,45.018966,0.045,0.045,0.045,OnDemand,USD,Microsoft.SharedInfra,/subscriptions/a1b2c3d4-9999-9999-9999-000000000099/resourceGroups/rg-shared-infra/providers/Microsoft.SharedInfra/Monitor/monitor,monitor,{},{},Management,Usage,Azure,,
EA-9876543210,shared-infra-sub,shared-infra-sub,owner_infra@company.com,a1b2c3d4-9999-9999-9999-000000000099,shared-infra-sub,rg-shared-infra,eastus,2026-04-17,Virtual Network,Networking,Intra-Region,cc2ca1a8-2d13-5873-b301-4b8ed16ed2c0,Intra-Region,622.22,1 Unit,28.036368,0.045,0.045,0.045,OnDemand,USD,Microsoft.SharedInfra,/subscriptions/a1b2c3d4-9999-9999-9999-000000000099/resourceGroups/rg-shared-infra/providers/Microsoft.SharedInfra/Networking/networking,networking,{},{},Networking,Usage,Azure,,
EA-9876543210,shared-infra-sub,shared-infra-sub,owner_infra@company.com,a1b2c3d4-9999-9999-9999-000000000099,shared-infra-sub,rg-shared-infra,eastus,2026-04-17,API Management,API Management,Gateway Units,78998862-331b-5215-a4b4-8d4500189f89,Gateway Units,2666.67,1 Unit,120.427674,0.045,0.045,0.045,OnDemand,USD,Microsoft.SharedInfra,/subscriptions/a1b2c3d4-9999-9999-9999-000000000099/resourceGroups/rg-shared-infra/providers/Microsoft.SharedInfra/API Management/api-management,api-management,{},{},Integration,Usage,Azure,,
EA-9876543210,shared-infra-sub,shared-infra-sub,owner_infra@company.com,a1b2c3d4-9999-9999-9999-000000000099,shared-infra-sub,rg-shared-infra,eastus,2026-04-17,Azure Key Vault,Key Vault,Operations,3cb0172e-6732-5350-b439-97753364a78c,Operations,177.78,1 Unit,8.008828,0.045,0.045,0.045,OnDemand,USD,Microsoft.SharedInfra,/subscriptions/a1b2c3d4-9999-9999-9999-000000000099/resourceGroups/rg-shared-infra/providers/Microsoft.SharedInfra/Key Vault/key-vault,key-vault,{},{},Security,Usage,Azure,,
EA-9876543210,shared-infra-sub,shared-infra-sub,owner_infra@company.com,a1b2c3d4-9999-9999-9999-000000000099,shared-infra-sub,rg-shared-infra,eastus,2026-04-17,Azure Blob Storage,Storage,Data Stored,2e8ee991-b3b7-5136-98e5-4772405cdb0c,Data Stored,400.0,1 Unit,17.826739,0.045,0.045,0.045,OnDemand,USD,Microsoft.SharedInfra,/subscriptions/a1b2c3d4-9999-9999-9999-000000000099/resourceGroups/rg-shared-infra/providers/Microsoft.SharedInfra/Storage/storage,storage,{},{},Storage,Usage,Azure,,
EA-9876543210,platform-prod-sub,platform-prod-sub,owner_0001@company.com,a1b2c3d4-0001-0001-0001-000000000001,platform-prod-sub,rg-platform-prod,eastus,2026-04-18,Virtual Machines Standard_D2s_v3 - eastus,Virtual Machines,Standard_D2s_v3 Series,bbc4f1e6-b32a-5f02-86f0-702bf6097b8b,D2s v3,24.0,1 Hour,4.055852,0.168,0.168994,0.168,OnDemand,USD,Microsoft.Compute,/subscriptions/a1b2c3d4-0001-0001-0001-000000000001/resourceGroups/rg-platform-prod/providers/Microsoft.Compute/virtualMachines/vm-standard-d2s-v3-00,vm-standard-d2s-v3-00,{},"{""ServiceType"": ""Standard"", ""VMName"": ""vm-standard-d2s-v3-00"", ""vCPUs"": 2}",Compute,Usage,Azure,,
EA-9876543210,platform-prod-sub,platform-prod-sub,owner_0001@company.com,a1b2c3d4-0001-0001-0001-000000000001,platform-prod-sub,rg-platform-prod,eastus,2026-04-18,Virtual Machines Standard_D2s_v3 - eastus,Virtual Machines,Standard_D2s_v3 Series,bbc4f1e6-b32a-5f02-86f0-702bf6097b8b,D2s v3,24.0,1 Hour,4.019029,0.168,0.16746,0.168,OnDemand,USD,Microsoft.Compute,/subscriptions/a1b2c3d4-0001-0001-0001-000000000001/resourceGroups/rg-platform-prod/providers/Microsoft.Compute/virtualMachines/vm-standard-d2s-v3-01,vm-standard-d2s-v3-01,"{""team"": ""platform"", ""environment"": ""prod"", ""costcenter"": ""CC100"", ""application"": ""platform-app""}","{""ServiceType"": ""Standard"", ""VMName"": ""vm-standard-d2s-v3-01"", ""vCPUs"": 2}",Compute,Usage,Azure,,
EA-9876543210,app-prod-sub,app-prod-sub,owner_0003@company.com,a1b2c3d4-0003-0003-0003-000000000003,app-prod-sub,rg-app-prod,eastus,2026-04-18,Virtual Machines Standard_D4s_v3 - eastus,Virtual Machines,Standard_D4s_v3 Series,6c8e1236-a3aa-53d7-8e09-dadb98f69027,D4s v3,24.0,1 Hour,8.081046,0.336,0.33671,0.336,OnDemand,USD,Microsoft.Compute,/subscriptions/a1b2c3d4-0003-0003-0003-000000000003/resourceGroups/rg-app-prod/providers/Microsoft.Compute/virtualMachines/vm-standard-d4s-v3-02,vm-standard-d4s-v3-02,{},"{""ServiceType"": ""Standard"", ""VMName"": ""vm-standard-d4s-v3-02"", ""vCPUs"": 4}",Compute,Usage,Azure,,
EA-9876543210,data-eng-prod-sub,data-eng-prod-sub,owner_0002@company.com,a1b2c3d4-0002-0002-0002-000000000002,data-eng-prod-sub,rg-data-prod,westeurope,2026-04-18,Virtual Machines Standard_E4s_v3 - westeurope,Virtual Machines,Standard_E4s_v3 Series,7373fa15-5d45-5d30-a83f-72064e156f94,E4s v3,24.0,1 Hour,5.916365,0.364,0.246515,0.364,Reservation,USD,Microsoft.Compute,/subscriptions/a1b2c3d4-0002-0002-0002-000000000002/resourceGroups/rg-data-prod/providers/Microsoft.Compute/virtualMachines/vm-standard-e4s-v3-03,vm-standard-e4s-v3-03,"{""team"": ""data-eng"", ""environment"": ""prod"", ""costcenter"": ""CC200"", ""application"": ""data-eng-app""}","{""ServiceType"": ""Standard"", ""VMName"": ""vm-standard-e4s-v3-03"", ""vCPUs"": 4}",Compute,Usage,Azure,/providers/Microsoft.BillingBenefits/savingsPlanOrders/997c18d5-adea-45e0-b504-658dba6bf4f7,Reserved VM Instance_westeurope_1Year
EA-9876543210,data-eng-prod-sub,data-eng-prod-sub,owner_0002@company.com,a1b2c3d4-0002-0002-0002-000000000002,data-eng-prod-sub,rg-data-prod,westeurope,2026-04-18,Virtual Machines Standard_E8s_v3 - westeurope,Virtual Machines,Standard_E8s_v3 Series,2b9593f7-8692-56d9-b10a-a624f400da47,E8s v3,24.0,1 Hour,17.327611,0.728,0.721984,0.728,OnDemand,USD,Microsoft.Compute,/subscriptions/a1b2c3d4-0002-0002-0002-000000000002/resourceGroups/rg-data-prod/providers/Microsoft.Compute/virtualMachines/vm-standard-e8s-v3-04,vm-standard-e8s-v3-04,"{""team"": ""data-eng"", ""environment"": ""prod"", ""costcenter"": ""CC200"", ""application"": ""data-eng-app""}","{""ServiceType"": ""Standard"", ""VMName"": ""vm-standard-e8s-v3-04"", ""vCPUs"": 8}",Compute,Usage,Azure,,
EA-9876543210,data-eng-prod-sub,data-eng-prod-sub,owner_0002@company.com,a1b2c3d4-0002-0002-0002-000000000002,data-eng-prod-sub,rg-ml-prod,westeurope,2026-04-18,Virtual Machines Standard_F4s_v2 - westeurope,Virtual Machines,Standard_F4s_v2 Series,303bf71a-6d52-56d9-8e75-95552aa01c86,F4s v2,24.0,1 Hour,3.865737,0.252,0.161072,0.252,Reservation,USD,Microsoft.Compute,/subscriptions/a1b2c3d4-0002-0002-0002-000000000002/resourceGroups/rg-ml-prod/providers/Microsoft.Compute/virtualMachines/vm-standard-f4s-v2-05,vm-standard-f4s-v2-05,"{""team"": ""ml"", ""environment"": ""prod"", ""costcenter"": ""CC500"", ""application"": ""ml-app""}","{""ServiceType"": ""Standard"", ""VMName"": ""vm-standard-f4s-v2-05"", ""vCPUs"": 4}",Compute,Usage,Azure,/providers/Microsoft.BillingBenefits/savingsPlanOrders/55062128-1d96-4f48-aa56-da8a7cbec58a,Reserved VM Instance_westeurope_1Year
EA-9876543210,data-eng-prod-sub,data-eng-prod-sub,owner_0002@company.com,a1b2c3d4-0002-0002-0002-000000000002,data-eng-prod-sub,rg-ml-prod,westeurope,2026-04-18,Unused Reservation - vm-standard-f4s-v2-05,Virtual Machines,Unused Capacity,7c987fba-1ad4-5404-a658-f12ea85f6a0b,Unused,0.0,1 Hour,0.432655,0.0,0.0,0.252,Reservation,USD,Microsoft.Compute,,vm-standard-f4s-v2-05,"{""team"": ""ml"", ""environment"": ""prod"", ""costcenter"": ""CC500"", ""application"": ""ml-app""}",{},Compute,UnusedReservation,Azure,/providers/Microsoft.BillingBenefits/savingsPlanOrders/f7c9c4df-a538-4f90-8c94-4bcbb1b50391,Reserved VM Instance_westeurope_1Year
EA-9876543210,data-eng-prod-sub,data-eng-prod-sub,owner_0002@company.com,a1b2c3d4-0002-0002-0002-000000000002,data-eng-prod-sub,rg-ml-prod,westeurope,2026-04-18,Virtual Machines Standard_D8s_v3 - westeurope,Virtual Machines,Standard_D8s_v3 Series,348575ff-7ae0-57e5-896e-037d67179117,D8s v3,24.0,1 Hour,11.775101,0.672,0.490629,0.672,SavingsPlan,USD,Microsoft.Compute,/subscriptions/a1b2c3d4-0002-0002-0002-000000000002/resourceGroups/rg-ml-prod/providers/Microsoft.Compute/virtualMachines/vm-standard-d8s-v3-06,vm-standard-d8s-v3-06,{},"{""ServiceType"": ""Standard"", ""VMName"": ""vm-standard-d8s-v3-06"", ""vCPUs"": 8}",Compute,Usage,Azure,/providers/Microsoft.BillingBenefits/savingsPlanOrders/89675df4-9199-42d1-a9ba-47f0558f36df,Compute savings plan_1Year
EA-9876543210,app-prod-sub,app-prod-sub,owner_0003@company.com,a1b2c3d4-0003-0003-0003-000000000003,app-prod-sub,rg-app-prod,southeastasia,2026-04-18,Virtual Machines Standard_B2s - southeastasia,Virtual Machines,Standard_B2s Series,78a50003-6630-5ba4-aad2-c10f0de71d3b,B2s,24.0,1 Hour,2.028057,0.084,0.084502,0.084,OnDemand,USD,Microsoft.Compute,/subscriptions/a1b2c3d4-0003-0003-0003-000000000003/resourceGroups/rg-app-prod/providers/Microsoft.Compute/virtualMachines/vm-standard-b2s-07,vm-standard-b2s-07,"{""team"": ""frontend"", ""environment"": ""prod"", ""costcenter"": ""CC300"", ""application"": ""frontend-app""}","{""ServiceType"": ""Standard"", ""VMName"": ""vm-standard-b2s-07"", ""vCPUs"": 2}",Compute,Usage,Azure,,
EA-9876543210,app-prod-sub,app-prod-sub,owner_0003@company.com,a1b2c3d4-0003-0003-0003-000000000003,app-prod-sub,rg-app-staging,southeastasia,2026-04-18,Virtual Machines Standard_B2s - southeastasia,Virtual Machines,Standard_B2s Series,78a50003-6630-5ba4-aad2-c10f0de71d3b,B2s,24.0,1 Hour,2.015334,0.084,0.083972,0.084,OnDemand,USD,Microsoft.Compute,/subscriptions/a1b2c3d4-0003-0003-0003-000000000003/resourceGroups/rg-app-staging/providers/Microsoft.Compute/virtualMachines/vm-standard-b2s-08,vm-standard-b2s-08,"{""team"": ""frontend"", ""environment"": ""staging"", ""costcenter"": ""CC300"", ""application"": ""frontend-app""}","{""ServiceType"": ""Standard"", ""VMName"": ""vm-standard-b2s-08"", ""vCPUs"": 2}",Compute,Usage,Azure,,
EA-9876543210,app-prod-sub,app-prod-sub,owner_0003@company.com,a1b2c3d4-0003-0003-0003-000000000003,app-prod-sub,rg-app-staging,eastus,2026-04-18,Virtual Machines Standard_D2s_v3 - eastus,Virtual Machines,Standard_D2s_v3 Series,bbc4f1e6-b32a-5f02-86f0-702bf6097b8b,D2s v3,24.0,1 Hour,4.053731,0.168,0.168905,0.168,OnDemand,USD,Microsoft.Compute,/subscriptions/a1b2c3d4-0003-0003-0003-000000000003/resourceGroups/rg-app-staging/providers/Microsoft.Compute/virtualMachines/vm-standard-d2s-v3-09,vm-standard-d2s-v3-09,{},"{""ServiceType"": ""Standard"", ""VMName"": ""vm-standard-d2s-v3-09"", ""vCPUs"": 2}",Compute,Usage,Azure,,
EA-9876543210,platform-prod-sub,platform-prod-sub,owner_0001@company.com,a1b2c3d4-0001-0001-0001-000000000001,platform-prod-sub,rg-platform-dev,eastus,2026-04-18,Virtual Machines Standard_B2s - eastus,Virtual Machines,Standard_B2s Series,7190101e-d2ab-5a56-ad8e-83f7122f17e8,B2s,24.0,1 Hour,2.035866,0.084,0.084828,0.084,OnDemand,USD,Microsoft.Compute,/subscriptions/a1b2c3d4-0001-0001-0001-000000000001/resourceGroups/rg-platform-dev/providers/Microsoft.Compute/virtualMachines/vm-standard-b2s-10,vm-standard-b2s-10,"{""team"": ""platform"", ""environment"": ""dev"", ""costcenter"": ""CC100"", ""application"": ""platform-app""}","{""ServiceType"": ""Standard"", ""VMName"": ""vm-standard-b2s-10"", ""vCPUs"": 2}",Compute,Usage,Azure,,
EA-9876543210,app-prod-sub,app-prod-sub,owner_0003@company.com,a1b2c3d4-0003-0003-0003-000000000003,app-prod-sub,rg-app-dev,eastus,2026-04-18,Virtual Machines Standard_B2s - eastus,Virtual Machines,Standard_B2s Series,7190101e-d2ab-5a56-ad8e-83f7122f17e8,B2s,24.0,1 Hour,1.517418,0.084,0.063226,0.084,SavingsPlan,USD,Microsoft.Compute,/subscriptions/a1b2c3d4-0003-0003-0003-000000000003/resourceGroups/rg-app-dev/providers/Microsoft.Compute/virtualMachines/vm-standard-b2s-11,vm-standard-b2s-11,{},"{""ServiceType"": ""Standard"", ""VMName"": ""vm-standard-b2s-11"", ""vCPUs"": 2}",Compute,Usage,Azure,/providers/Microsoft.BillingBenefits/savingsPlanOrders/63bb0c4f-5209-4c6d-b4aa-9ad6eab074c3,Compute savings plan_1Year
EA-9876543210,app-prod-sub,app-prod-sub,owner_0003@company.com,a1b2c3d4-0003-0003-0003-000000000003,app-prod-sub,rg-app-dev,eastus,2026-04-18,Unused Reservation - vm-standard-b2s-11,Virtual Machines,Unused Capacity,42b37812-0890-59e5-9130-128d9b2b3c98,Unused,0.0,1 Hour,0.134014,0.0,0.0,0.084,SavingsPlan,USD,Microsoft.Compute,,vm-standard-b2s-11,{},{},Compute,UnusedSavingsPlan,Azure,/providers/Microsoft.BillingBenefits/savingsPlanOrders/8fbd58b2-1e71-4c47-bd86-55689fd7064f,Compute savings plan_1Year
EA-9876543210,platform-prod-sub,platform-prod-sub,owner_0001@company.com,a1b2c3d4-0001-0001-0001-000000000001,platform-prod-sub,rg-platform-prod,eastus,2026-04-18,Blob Storage - LRS - Hot - eastus,Storage,Blobs - LRS - Hot,fb8faed0-f377-5fb0-92b7-78035153a7fa,Data Stored,849.6787,1 GB/Month,0.508824,0.018,0.018,0.018,OnDemand,USD,Microsoft.Storage,/subscriptions/a1b2c3d4-0001-0001-0001-000000000001/resourceGroups/rg-platform-prod/providers/Microsoft.Storage/storageAccounts/stplatformassets,stplatformassets,{},"{""AccountType"": ""LRS""}",Storage,Usage,Azure,,
EA-9876543210,data-eng-prod-sub,data-eng-prod-sub,owner_0002@company.com,a1b2c3d4-0002-0002-0002-000000000002,data-eng-prod-sub,rg-data-prod,westeurope,2026-04-18,Blob Storage - ZRS - Hot - westeurope,Storage,Blobs - ZRS - Hot,9dd9b051-b91d-533a-9f70-e4838eb241bb,Data Stored,3202.228,1 GB/Month,2.446621,0.023,0.023,0.023,OnDemand,USD,Microsoft.Storage,/subscriptions/a1b2c3d4-0002-0002-0002-000000000002/resourceGroups/rg-data-prod/providers/Microsoft.Storage/storageAccounts/stdatalake,stdatalake,"{""team"": ""data-eng"", ""environment"": ""prod"", ""costcenter"": ""CC200"", ""application"": ""data-eng-app""}","{""AccountType"": ""ZRS""}",Storage,Usage,Azure,,
EA-9876543210,app-prod-sub,app-prod-sub,owner_0003@company.com,a1b2c3d4-0003-0003-0003-000000000003,app-prod-sub,rg-app-prod,southeastasia,2026-04-18,Blob Storage - LRS - Hot - southeastasia,Storage,Blobs - LRS - Hot,3ae72a36-b458-5b93-9e16-84484844594d,Data Stored,399.8666,1 GB/Month,0.240536,0.018,0.018,0.018,OnDemand,USD,Microsoft.Storage,/subscriptions/a1b2c3d4-0003-0003-0003-000000000003/resourceGroups/rg-app-prod/providers/Microsoft.Storage/storageAccounts/stappassets,stappassets,"{""team"": ""frontend"", ""environment"": ""prod"", ""costcenter"": ""CC300"", ""application"": ""frontend-app""}","{""AccountType"": ""LRS""}",Storage,Usage,Azure,,
EA-9876543210,data-eng-prod-sub,data-eng-prod-sub,owner_0002@company.com,a1b2c3d4-0002-0002-0002-000000000002,data-eng-prod-sub,rg-ml-prod,westeurope,2026-04-18,Blob Storage - LRS - Hot - westeurope,Storage,Blobs - LRS - Hot,4ba045d2-b571-568f-be23-884194c5daba,Data Stored,1099.1268,1 GB/Month,0.661541,0.018,0.018,0.018,OnDemand,USD,Microsoft.Storage,/subscriptions/a1b2c3d4-0002-0002-0002-000000000002/resourceGroups/rg-ml-prod/providers/Microsoft.Storage/storageAccounts/stmlmodels,stmlmodels,"{""team"": ""ml"", ""environment"": ""prod"", ""costcenter"": ""CC500"", ""application"": ""ml-app""}","{""AccountType"": ""LRS""}",Storage,Usage,Azure,,
EA-9876543210,platform-prod-sub,platform-prod-sub,owner_0001@company.com,a1b2c3d4-0001-0001-0001-000000000001,platform-prod-sub,rg-platform-prod,eastus,2026-04-18,Azure SQL Database Standard_S2 - eastus,SQL Database,Standard_S2,cd1e0b9a-8ff0-5779-9281-87ab698e2916,vCore Hours,24.0,1 Hour,7.479608,0.31,0.31,0.31,OnDemand,USD,Microsoft.Sql,/subscriptions/a1b2c3d4-0001-0001-0001-000000000001/resourceGroups/rg-platform-prod/providers/Microsoft.Sql/servers/databases/sqldb-standard-0001,sqldb-standard-0001,{},{},Databases,Usage,Azure,,
EA-9876543210,data-eng-prod-sub,data-eng-prod-sub,owner_0002@company.com,a1b2c3d4-0002-0002-0002-000000000002,data-eng-prod-sub,rg-data-prod,westeurope,2026-04-18,Azure SQL Database Business Critical_BC_Gen5_4 - westeurope,SQL Database,Business Critical_BC_Gen5_4,4bab5ab0-7291-58c2-8564-3252f5053179,vCore Hours,24.0,1 Hour,53.059306,2.2,2.2,2.2,OnDemand,USD,Microsoft.Sql,/subscriptions/a1b2c3d4-0002-0002-0002-000000000002/resourceGroups/rg-data-prod/providers/Microsoft.Sql/servers/databases/sqldb-business critical-0002,sqldb-business critical-0002,{},{},Databases,Usage,Azure,,
EA-9876543210,app-prod-sub,app-prod-sub,owner_0003@company.com,a1b2c3d4-0003-0003-0003-000000000003,app-prod-sub,rg-app-prod,eastus,2026-04-18,Azure SQL Database General Purpose_GP_Gen5_2 - eastus,SQL Database,General Purpose_GP_Gen5_2,69e0198c-4ca3-5ac2-8540-db65f6d44c56,vCore Hours,24.0,1 Hour,14.262474,0.6,0.6,0.6,OnDemand,USD,Microsoft.Sql,/subscriptions/a1b2c3d4-0003-0003-0003-000000000003/resourceGroups/rg-app-prod/providers/Microsoft.Sql/servers/databases/sqldb-general purpose-0003,sqldb-general purpose-0003,"{""team"": ""backend"", ""environment"": ""prod"", ""costcenter"": ""CC400"", ""application"": ""backend-app""}",{},Databases,Usage,Azure,,
EA-9876543210,shared-infra-sub,shared-infra-sub,owner_infra@company.com,a1b2c3d4-9999-9999-9999-000000000099,shared-infra-sub,rg-shared-infra,eastus,2026-04-18,Azure Monitor,Monitor,Data Ingested,aadff281-e00d-588e-bd69-a4630325bd50,Data Ingested,1000.0,1 Unit,45.232644,0.045,0.045,0.045,OnDemand,USD,Microsoft.SharedInfra,/subscriptions/a1b2c3d4-9999-9999-9999-000000000099/resourceGroups/rg-shared-infra/providers/Microsoft.SharedInfra/Monitor/monitor,monitor,{},{},Management,Usage,Azure,,
EA-9876543210,shared-infra-sub,shared-infra-sub,owner_infra@company.com,a1b2c3d4-9999-9999-9999-000000000099,shared-infra-sub,rg-shared-infra,eastus,2026-04-18,Virtual Network,Networking,Intra-Region,cc2ca1a8-2d13-5873-b301-4b8ed16ed2c0,Intra-Region,622.22,1 Unit,28.077756,0.045,0.045,0.045,OnDemand,USD,Microsoft.SharedInfra,/subscriptions/a1b2c3d4-9999-9999-9999-000000000099/resourceGroups/rg-shared-infra/providers/Microsoft.SharedInfra/Networking/networking,networking,{},{},Networking,Usage,Azure,,
EA-9876543210,shared-infra-sub,shared-infra-sub,owner_infra@company.com,a1b2c3d4-9999-9999-9999-000000000099,shared-infra-sub,rg-shared-infra,eastus,2026-04-18,API Management,API Management,Gateway Units,78998862-331b-5215-a4b4-8d4500189f89,Gateway Units,2666.67,1 Unit,119.30363,0.045,0.045,0.045,OnDemand,USD,Microsoft.SharedInfra,/subscriptions/a1b2c3d4-9999-9999-9999-000000000099/resourceGroups/rg-shared-infra/providers/Microsoft.SharedInfra/API Management/api-management,api-management,{},{},Integration,Usage,Azure,,
EA-9876543210,shared-infra-sub,shared-infra-sub,owner_infra@company.com,a1b2c3d4-9999-9999-9999-000000000099,shared-infra-sub,rg-shared-infra,eastus,2026-04-18,Azure Key Vault,Key Vault,Operations,3cb0172e-6732-5350-b439-97753364a78c,Operations,177.78,1 Unit,7.952089,0.045,0.045,0.045,OnDemand,USD,Microsoft.SharedInfra,/subscriptions/a1b2c3d4-9999-9999-9999-000000000099/resourceGroups/rg-shared-infra/providers/Microsoft.SharedInfra/Key Vault/key-vault,key-vault,{},{},Security,Usage,Azure,,
EA-9876543210,shared-infra-sub,shared-infra-sub,owner_infra@company.com,a1b2c3d4-9999-9999-9999-000000000099,shared-infra-sub,rg-shared-infra,eastus,2026-04-18,Azure Blob Storage,Storage,Data Stored,2e8ee991-b3b7-5136-98e5-4772405cdb0c,Data Stored,400.0,1 Unit,17.923164,0.045,0.045,0.045,OnDemand,USD,Microsoft.SharedInfra,/subscriptions/a1b2c3d4-9999-9999-9999-000000000099/resourceGroups/rg-shared-infra/providers/Microsoft.SharedInfra/Storage/storage,storage,{},{},Storage,Usage,Azure,,
EA-9876543210,platform-prod-sub,platform-prod-sub,owner_0001@company.com,a1b2c3d4-0001-0001-0001-000000000001,platform-prod-sub,rg-platform-prod,eastus,2026-04-19,Virtual Machines Standard_D2s_v3 - eastus,Virtual Machines,Standard_D2s_v3 Series,bbc4f1e6-b32a-5f02-86f0-702bf6097b8b,D2s v3,24.0,1 Hour,4.013667,0.168,0.167236,0.168,OnDemand,USD,Microsoft.Compute,/subscriptions/a1b2c3d4-0001-0001-0001-000000000001/resourceGroups/rg-platform-prod/providers/Microsoft.Compute/virtualMachines/vm-standard-d2s-v3-00,vm-standard-d2s-v3-00,{},"{""ServiceType"": ""Standard"", ""VMName"": ""vm-standard-d2s-v3-00"", ""vCPUs"": 2}",Compute,Usage,Azure,,
EA-9876543210,platform-prod-sub,platform-prod-sub,owner_0001@company.com,a1b2c3d4-0001-0001-0001-000000000001,platform-prod-sub,rg-platform-prod,eastus,2026-04-19,Virtual Machines Standard_D2s_v3 - eastus,Virtual Machines,Standard_D2s_v3 Series,bbc4f1e6-b32a-5f02-86f0-702bf6097b8b,D2s v3,24.0,1 Hour,4.036808,0.168,0.1682,0.168,OnDemand,USD,Microsoft.Compute,/subscriptions/a1b2c3d4-0001-0001-0001-000000000001/resourceGroups/rg-platform-prod/providers/Microsoft.Compute/virtualMachines/vm-standard-d2s-v3-01,vm-standard-d2s-v3-01,{},"{""ServiceType"": ""Standard"", ""VMName"": ""vm-standard-d2s-v3-01"", ""vCPUs"": 2}",Compute,Usage,Azure,,
EA-9876543210,app-prod-sub,app-prod-sub,owner_0003@company.com,a1b2c3d4-0003-0003-0003-000000000003,app-prod-sub,rg-app-prod,eastus,2026-04-19,Virtual Machines Standard_D4s_v3 - eastus,Virtual Machines,Standard_D4s_v3 Series,6c8e1236-a3aa-53d7-8e09-dadb98f69027,D4s v3,24.0,1 Hour,8.027075,0.336,0.334461,0.336,OnDemand,USD,Microsoft.Compute,/subscriptions/a1b2c3d4-0003-0003-0003-000000000003/resourceGroups/rg-app-prod/providers/Microsoft.Compute/virtualMachines/vm-standard-d4s-v3-02,vm-standard-d4s-v3-02,"{""team"": ""backend"", ""environment"": ""prod"", ""costcenter"": ""CC400"", ""application"": ""backend-app""}","{""ServiceType"": ""Standard"", ""VMName"": ""vm-standard-d4s-v3-02"", ""vCPUs"": 4}",Compute,Usage,Azure,,
EA-9876543210,data-eng-prod-sub,data-eng-prod-sub,owner_0002@company.com,a1b2c3d4-0002-0002-0002-000000000002,data-eng-prod-sub,rg-data-prod,westeurope,2026-04-19,Virtual Machines Standard_E4s_v3 - westeurope,Virtual Machines,Standard_E4s_v3 Series,7373fa15-5d45-5d30-a83f-72064e156f94,E4s v3,24.0,1 Hour,4.995079,0.364,0.208128,0.364,Reservation,USD,Microsoft.Compute,/subscriptions/a1b2c3d4-0002-0002-0002-000000000002/resourceGroups/rg-data-prod/providers/Microsoft.Compute/virtualMachines/vm-standard-e4s-v3-03,vm-standard-e4s-v3-03,{},"{""ServiceType"": ""Standard"", ""VMName"": ""vm-standard-e4s-v3-03"", ""vCPUs"": 4}",Compute,Usage,Azure,/providers/Microsoft.BillingBenefits/savingsPlanOrders/fe0b2f7e-a178-447c-9fef-65d0cf269289,Reserved VM Instance_westeurope_1Year
EA-9876543210,data-eng-prod-sub,data-eng-prod-sub,owner_0002@company.com,a1b2c3d4-0002-0002-0002-000000000002,data-eng-prod-sub,rg-data-prod,westeurope,2026-04-19,Unused Reservation - vm-standard-e4s-v3-03,Virtual Machines,Unused Capacity,7727ac0d-5d5b-5420-abc0-ec5072a961e1,Unused,0.0,1 Hour,1.568369,0.0,0.0,0.364,Reservation,USD,Microsoft.Compute,,vm-standard-e4s-v3-03,"{""team"": ""data-eng"", ""environment"": ""prod"", ""costcenter"": ""CC200"", ""application"": ""data-eng-app""}",{},Compute,UnusedReservation,Azure,/providers/Microsoft.BillingBenefits/savingsPlanOrders/96958463-7a46-464b-a018-91aac2a1483c,Reserved VM Instance_westeurope_1Year
EA-9876543210,data-eng-prod-sub,data-eng-prod-sub,owner_0002@company.com,a1b2c3d4-0002-0002-0002-000000000002,data-eng-prod-sub,rg-data-prod,westeurope,2026-04-19,Virtual Machines Standard_E8s_v3 - westeurope,Virtual Machines,Standard_E8s_v3 Series,2b9593f7-8692-56d9-b10a-a624f400da47,E8s v3,24.0,1 Hour,17.315006,0.728,0.721459,0.728,OnDemand,USD,Microsoft.Compute,/subscriptions/a1b2c3d4-0002-0002-0002-000000000002/resourceGroups/rg-data-prod/providers/Microsoft.Compute/virtualMachines/vm-standard-e8s-v3-04,vm-standard-e8s-v3-04,"{""team"": ""data-eng"", ""environment"": ""prod"", ""costcenter"": ""CC200"", ""application"": ""data-eng-app""}","{""ServiceType"": ""Standard"", ""VMName"": ""vm-standard-e8s-v3-04"", ""vCPUs"": 8}",Compute,Usage,Azure,,
EA-9876543210,data-eng-prod-sub,data-eng-prod-sub,owner_0002@company.com,a1b2c3d4-0002-0002-0002-000000000002,data-eng-prod-sub,rg-ml-prod,westeurope,2026-04-19,Virtual Machines Standard_F4s_v2 - westeurope,Virtual Machines,Standard_F4s_v2 Series,303bf71a-6d52-56d9-8e75-95552aa01c86,F4s v2,24.0,1 Hour,3.398237,0.252,0.141593,0.252,Reservation,USD,Microsoft.Compute,/subscriptions/a1b2c3d4-0002-0002-0002-000000000002/resourceGroups/rg-ml-prod/providers/Microsoft.Compute/virtualMachines/vm-standard-f4s-v2-05,vm-standard-f4s-v2-05,"{""team"": ""ml"", ""environment"": ""prod"", ""costcenter"": ""CC500"", ""application"": ""ml-app""}","{""ServiceType"": ""Standard"", ""VMName"": ""vm-standard-f4s-v2-05"", ""vCPUs"": 4}",Compute,Usage,Azure,/providers/Microsoft.BillingBenefits/savingsPlanOrders/137ad2ac-dab0-4b00-85c9-1e52895e1085,Reserved VM Instance_westeurope_1Year
EA-9876543210,data-eng-prod-sub,data-eng-prod-sub,owner_0002@company.com,a1b2c3d4-0002-0002-0002-000000000002,data-eng-prod-sub,rg-ml-prod,westeurope,2026-04-19,Virtual Machines Standard_D8s_v3 - westeurope,Virtual Machines,Standard_D8s_v3 Series,348575ff-7ae0-57e5-896e-037d67179117,D8s v3,24.0,1 Hour,11.372899,0.672,0.473871,0.672,SavingsPlan,USD,Microsoft.Compute,/subscriptions/a1b2c3d4-0002-0002-0002-000000000002/resourceGroups/rg-ml-prod/providers/Microsoft.Compute/virtualMachines/vm-standard-d8s-v3-06,vm-standard-d8s-v3-06,{},"{""ServiceType"": ""Standard"", ""VMName"": ""vm-standard-d8s-v3-06"", ""vCPUs"": 8}",Compute,Usage,Azure,/providers/Microsoft.BillingBenefits/savingsPlanOrders/c48f8621-1164-43c8-a302-a1a7c006f44d,Compute savings plan_1Year
EA-9876543210,app-prod-sub,app-prod-sub,owner_0003@company.com,a1b2c3d4-0003-0003-0003-000000000003,app-prod-sub,rg-app-prod,southeastasia,2026-04-19,Virtual Machines Standard_B2s - southeastasia,Virtual Machines,Standard_B2s Series,78a50003-6630-5ba4-aad2-c10f0de71d3b,B2s,24.0,1 Hour,2.010179,0.084,0.083757,0.084,OnDemand,USD,Microsoft.Compute,/subscriptions/a1b2c3d4-0003-0003-0003-000000000003/resourceGroups/rg-app-prod/providers/Microsoft.Compute/virtualMachines/vm-standard-b2s-07,vm-standard-b2s-07,"{""team"": ""frontend"", ""environment"": ""prod"", ""costcenter"": ""CC300"", ""application"": ""frontend-app""}","{""ServiceType"": ""Standard"", ""VMName"": ""vm-standard-b2s-07"", ""vCPUs"": 2}",Compute,Usage,Azure,,
EA-9876543210,app-prod-sub,app-prod-sub,owner_0003@company.com,a1b2c3d4-0003-0003-0003-000000000003,app-prod-sub,rg-app-staging,southeastasia,2026-04-19,Virtual Machines Standard_B2s - southeastasia,Virtual Machines,Standard_B2s Series,78a50003-6630-5ba4-aad2-c10f0de71d3b,B2s,24.0,1 Hour,2.028471,0.084,0.08452,0.084,OnDemand,USD,Microsoft.Compute,/subscriptions/a1b2c3d4-0003-0003-0003-000000000003/resourceGroups/rg-app-staging/providers/Microsoft.Compute/virtualMachines/vm-standard-b2s-08,vm-standard-b2s-08,"{""team"": ""frontend"", ""environment"": ""staging"", ""costcenter"": ""CC300"", ""application"": ""frontend-app""}","{""ServiceType"": ""Standard"", ""VMName"": ""vm-standard-b2s-08"", ""vCPUs"": 2}",Compute,Usage,Azure,,
EA-9876543210,app-prod-sub,app-prod-sub,owner_0003@company.com,a1b2c3d4-0003-0003-0003-000000000003,app-prod-sub,rg-app-staging,eastus,2026-04-19,Virtual Machines Standard_D2s_v3 - eastus,Virtual Machines,Standard_D2s_v3 Series,bbc4f1e6-b32a-5f02-86f0-702bf6097b8b,D2s v3,24.0,1 Hour,4.037467,0.168,0.168228,0.168,OnDemand,USD,Microsoft.Compute,/subscriptions/a1b2c3d4-0003-0003-0003-000000000003/resourceGroups/rg-app-staging/providers/Microsoft.Compute/virtualMachines/vm-standard-d2s-v3-09,vm-standard-d2s-v3-09,"{""team"": ""backend"", ""environment"": ""staging"", ""costcenter"": ""CC400"", ""application"": ""backend-app""}","{""ServiceType"": ""Standard"", ""VMName"": ""vm-standard-d2s-v3-09"", ""vCPUs"": 2}",Compute,Usage,Azure,,
EA-9876543210,platform-prod-sub,platform-prod-sub,owner_0001@company.com,a1b2c3d4-0001-0001-0001-000000000001,platform-prod-sub,rg-platform-dev,eastus,2026-04-19,Virtual Machines Standard_B2s - eastus,Virtual Machines,Standard_B2s Series,7190101e-d2ab-5a56-ad8e-83f7122f17e8,B2s,24.0,1 Hour,1.999762,0.084,0.083323,0.084,OnDemand,USD,Microsoft.Compute,/subscriptions/a1b2c3d4-0001-0001-0001-000000000001/resourceGroups/rg-platform-dev/providers/Microsoft.Compute/virtualMachines/vm-standard-b2s-10,vm-standard-b2s-10,"{""team"": ""platform"", ""environment"": ""dev"", ""costcenter"": ""CC100"", ""application"": ""platform-app""}","{""ServiceType"": ""Standard"", ""VMName"": ""vm-standard-b2s-10"", ""vCPUs"": 2}",Compute,Usage,Azure,,
EA-9876543210,app-prod-sub,app-prod-sub,owner_0003@company.com,a1b2c3d4-0003-0003-0003-000000000003,app-prod-sub,rg-app-dev,eastus,2026-04-19,Virtual Machines Standard_B2s - eastus,Virtual Machines,Standard_B2s Series,7190101e-d2ab-5a56-ad8e-83f7122f17e8,B2s,24.0,1 Hour,1.379385,0.084,0.057474,0.084,SavingsPlan,USD,Microsoft.Compute,/subscriptions/a1b2c3d4-0003-0003-0003-000000000003/resourceGroups/rg-app-dev/providers/Microsoft.Compute/virtualMachines/vm-standard-b2s-11,vm-standard-b2s-11,{},"{""ServiceType"": ""Standard"", ""VMName"": ""vm-standard-b2s-11"", ""vCPUs"": 2}",Compute,Usage,Azure,/providers/Microsoft.BillingBenefits/savingsPlanOrders/8381ee95-5e0d-44cc-9c1b-f0f87129ec84,Compute savings plan_1Year
EA-9876543210,platform-prod-sub,platform-prod-sub,owner_0001@company.com,a1b2c3d4-0001-0001-0001-000000000001,platform-prod-sub,rg-platform-prod,eastus,2026-04-19,Blob Storage - LRS - Hot - eastus,Storage,Blobs - LRS - Hot,fb8faed0-f377-5fb0-92b7-78035153a7fa,Data Stored,849.3943,1 GB/Month,0.511369,0.018,0.018,0.018,OnDemand,USD,Microsoft.Storage,/subscriptions/a1b2c3d4-0001-0001-0001-000000000001/resourceGroups/rg-platform-prod/providers/Microsoft.Storage/storageAccounts/stplatformassets,stplatformassets,{},"{""AccountType"": ""LRS""}",Storage,Usage,Azure,,
EA-9876543210,data-eng-prod-sub,data-eng-prod-sub,owner_0002@company.com,a1b2c3d4-0002-0002-0002-000000000002,data-eng-prod-sub,rg-data-prod,westeurope,2026-04-19,Blob Storage - ZRS - Hot - westeurope,Storage,Blobs - ZRS - Hot,9dd9b051-b91d-533a-9f70-e4838eb241bb,Data Stored,3198.4515,1 GB/Month,2.459158,0.023,0.023,0.023,OnDemand,USD,Microsoft.Storage,/subscriptions/a1b2c3d4-0002-0002-0002-000000000002/resourceGroups/rg-data-prod/providers/Microsoft.Storage/storageAccounts/stdatalake,stdatalake,"{""team"": ""data-eng"", ""environment"": ""prod"", ""costcenter"": ""CC200"", ""application"": ""data-eng-app""}","{""AccountType"": ""ZRS""}",Storage,Usage,Azure,,
EA-9876543210,app-prod-sub,app-prod-sub,owner_0003@company.com,a1b2c3d4-0003-0003-0003-000000000003,app-prod-sub,rg-app-prod,southeastasia,2026-04-19,Blob Storage - LRS - Hot - southeastasia,Storage,Blobs - LRS - Hot,3ae72a36-b458-5b93-9e16-84484844594d,Data Stored,399.7467,1 GB/Month,0.239803,0.018,0.018,0.018,OnDemand,USD,Microsoft.Storage,/subscriptions/a1b2c3d4-0003-0003-0003-000000000003/resourceGroups/rg-app-prod/providers/Microsoft.Storage/storageAccounts/stappassets,stappassets,{},"{""AccountType"": ""LRS""}",Storage,Usage,Azure,,
EA-9876543210,data-eng-prod-sub,data-eng-prod-sub,owner_0002@company.com,a1b2c3d4-0002-0002-0002-000000000002,data-eng-prod-sub,rg-ml-prod,westeurope,2026-04-19,Blob Storage - LRS - Hot - westeurope,Storage,Blobs - LRS - Hot,4ba045d2-b571-568f-be23-884194c5daba,Data Stored,1099.6267,1 GB/Month,0.661652,0.018,0.018,0.018,OnDemand,USD,Microsoft.Storage,/subscriptions/a1b2c3d4-0002-0002-0002-000000000002/resourceGroups/rg-ml-prod/providers/Microsoft.Storage/storageAccounts/stmlmodels,stmlmodels,{},"{""AccountType"": ""LRS""}",Storage,Usage,Azure,,
EA-9876543210,platform-prod-sub,platform-prod-sub,owner_0001@company.com,a1b2c3d4-0001-0001-0001-000000000001,platform-prod-sub,rg-platform-prod,eastus,2026-04-19,Azure SQL Database Standard_S2 - eastus,SQL Database,Standard_S2,cd1e0b9a-8ff0-5779-9281-87ab698e2916,vCore Hours,24.0,1 Hour,7.493686,0.31,0.31,0.31,OnDemand,USD,Microsoft.Sql,/subscriptions/a1b2c3d4-0001-0001-0001-000000000001/resourceGroups/rg-platform-prod/providers/Microsoft.Sql/servers/databases/sqldb-standard-0001,sqldb-standard-0001,"{""team"": ""platform"", ""environment"": ""prod"", ""costcenter"": ""CC100"", ""application"": ""platform-app""}",{},Databases,Usage,Azure,,
EA-9876543210,data-eng-prod-sub,data-eng-prod-sub,owner_0002@company.com,a1b2c3d4-0002-0002-0002-000000000002,data-eng-prod-sub,rg-data-prod,westeurope,2026-04-19,Azure SQL Database Business Critical_BC_Gen5_4 - westeurope,SQL Database,Business Critical_BC_Gen5_4,4bab5ab0-7291-58c2-8564-3252f5053179,vCore Hours,24.0,1 Hour,52.614948,2.2,2.2,2.2,OnDemand,USD,Microsoft.Sql,/subscriptions/a1b2c3d4-0002-0002-0002-000000000002/resourceGroups/rg-data-prod/providers/Microsoft.Sql/servers/databases/sqldb-business critical-0002,sqldb-business critical-0002,{},{},Databases,Usage,Azure,,
EA-9876543210,app-prod-sub,app-prod-sub,owner_0003@company.com,a1b2c3d4-0003-0003-0003-000000000003,app-prod-sub,rg-app-prod,eastus,2026-04-19,Azure SQL Database General Purpose_GP_Gen5_2 - eastus,SQL Database,General Purpose_GP_Gen5_2,69e0198c-4ca3-5ac2-8540-db65f6d44c56,vCore Hours,24.0,1 Hour,14.396402,0.6,0.6,0.6,OnDemand,USD,Microsoft.Sql,/subscriptions/a1b2c3d4-0003-0003-0003-000000000003/resourceGroups/rg-app-prod/providers/Microsoft.Sql/servers/databases/sqldb-general purpose-0003,sqldb-general purpose-0003,"{""team"": ""backend"", ""environment"": ""prod"", ""costcenter"": ""CC400"", ""application"": ""backend-app""}",{},Databases,Usage,Azure,,
EA-9876543210,shared-infra-sub,shared-infra-sub,owner_infra@company.com,a1b2c3d4-9999-9999-9999-000000000099,shared-infra-sub,rg-shared-infra,eastus,2026-04-19,Azure Monitor,Monitor,Data Ingested,aadff281-e00d-588e-bd69-a4630325bd50,Data Ingested,1000.0,1 Unit,44.608829,0.045,0.045,0.045,OnDemand,USD,Microsoft.SharedInfra,/subscriptions/a1b2c3d4-9999-9999-9999-000000000099/resourceGroups/rg-shared-infra/providers/Microsoft.SharedInfra/Monitor/monitor,monitor,{},{},Management,Usage,Azure,,
EA-9876543210,shared-infra-sub,shared-infra-sub,owner_infra@company.com,a1b2c3d4-9999-9999-9999-000000000099,shared-infra-sub,rg-shared-infra,eastus,2026-04-19,Virtual Network,Networking,Intra-Region,cc2ca1a8-2d13-5873-b301-4b8ed16ed2c0,Intra-Region,622.22,1 Unit,27.783217,0.045,0.045,0.045,OnDemand,USD,Microsoft.SharedInfra,/subscriptions/a1b2c3d4-9999-9999-9999-000000000099/resourceGroups/rg-shared-infra/providers/Microsoft.SharedInfra/Networking/networking,networking,{},{},Networking,Usage,Azure,,
EA-9876543210,shared-infra-sub,shared-infra-sub,owner_infra@company.com,a1b2c3d4-9999-9999-9999-000000000099,shared-infra-sub,rg-shared-infra,eastus,2026-04-19,API Management,API Management,Gateway Units,78998862-331b-5215-a4b4-8d4500189f89,Gateway Units,2666.67,1 Unit,119.948765,0.045,0.045,0.045,OnDemand,USD,Microsoft.SharedInfra,/subscriptions/a1b2c3d4-9999-9999-9999-000000000099/resourceGroups/rg-shared-infra/providers/Microsoft.SharedInfra/API Management/api-management,api-management,{},{},Integration,Usage,Azure,,
EA-9876543210,shared-infra-sub,shared-infra-sub,owner_infra@company.com,a1b2c3d4-9999-9999-9999-000000000099,shared-infra-sub,rg-shared-infra,eastus,2026-04-19,Azure Key Vault,Key Vault,Operations,3cb0172e-6732-5350-b439-97753364a78c,Operations,177.78,1 Unit,8.055323,0.045,0.045,0.045,OnDemand,USD,Microsoft.SharedInfra,/subscriptions/a1b2c3d4-9999-9999-9999-000000000099/resourceGroups/rg-shared-infra/providers/Microsoft.SharedInfra/Key Vault/key-vault,key-vault,{},{},Security,Usage,Azure,,
EA-9876543210,shared-infra-sub,shared-infra-sub,owner_infra@company.com,a1b2c3d4-9999-9999-9999-000000000099,shared-infra-sub,rg-shared-infra,eastus,2026-04-19,Azure Blob Storage,Storage,Data Stored,2e8ee991-b3b7-5136-98e5-4772405cdb0c,Data Stored,400.0,1 Unit,17.921613,0.045,0.045,0.045,OnDemand,USD,Microsoft.SharedInfra,/subscriptions/a1b2c3d4-9999-9999-9999-000000000099/resourceGroups/rg-shared-infra/providers/Microsoft.SharedInfra/Storage/storage,storage,{},{},Storage,Usage,Azure,,
EA-9876543210,platform-prod-sub,platform-prod-sub,owner_0001@company.com,a1b2c3d4-0001-0001-0001-000000000001,platform-prod-sub,rg-platform-prod,eastus,2026-04-20,Virtual Machines Standard_D2s_v3 - eastus,Virtual Machines,Standard_D2s_v3 Series,bbc4f1e6-b32a-5f02-86f0-702bf6097b8b,D2s v3,24.0,1 Hour,4.024395,0.168,0.167683,0.168,OnDemand,USD,Microsoft.Compute,/subscriptions/a1b2c3d4-0001-0001-0001-000000000001/resourceGroups/rg-platform-prod/providers/Microsoft.Compute/virtualMachines/vm-standard-d2s-v3-00,vm-standard-d2s-v3-00,{},"{""ServiceType"": ""Standard"", ""VMName"": ""vm-standard-d2s-v3-00"", ""vCPUs"": 2}",Compute,Usage,Azure,,
EA-9876543210,platform-prod-sub,platform-prod-sub,owner_0001@company.com,a1b2c3d4-0001-0001-0001-000000000001,platform-prod-sub,rg-platform-prod,eastus,2026-04-20,Virtual Machines Standard_D2s_v3 - eastus,Virtual Machines,Standard_D2s_v3 Series,bbc4f1e6-b32a-5f02-86f0-702bf6097b8b,D2s v3,24.0,1 Hour,3.997399,0.168,0.166558,0.168,OnDemand,USD,Microsoft.Compute,/subscriptions/a1b2c3d4-0001-0001-0001-000000000001/resourceGroups/rg-platform-prod/providers/Microsoft.Compute/virtualMachines/vm-standard-d2s-v3-01,vm-standard-d2s-v3-01,"{""team"": ""platform"", ""environment"": ""prod"", ""costcenter"": ""CC100"", ""application"": ""platform-app""}","{""ServiceType"": ""Standard"", ""VMName"": ""vm-standard-d2s-v3-01"", ""vCPUs"": 2}",Compute,Usage,Azure,,
EA-9876543210,app-prod-sub,app-prod-sub,owner_0003@company.com,a1b2c3d4-0003-0003-0003-000000000003,app-prod-sub,rg-app-prod,eastus,2026-04-20,Virtual Machines Standard_D4s_v3 - eastus,Virtual Machines,Standard_D4s_v3 Series,6c8e1236-a3aa-53d7-8e09-dadb98f69027,D4s v3,24.0,1 Hour,8.021837,0.336,0.334243,0.336,OnDemand,USD,Microsoft.Compute,/subscriptions/a1b2c3d4-0003-0003-0003-000000000003/resourceGroups/rg-app-prod/providers/Microsoft.Compute/virtualMachines/vm-standard-d4s-v3-02,vm-standard-d4s-v3-02,{},"{""ServiceType"": ""Standard"", ""VMName"": ""vm-standard-d4s-v3-02"", ""vCPUs"": 4}",Compute,Usage,Azure,,
EA-9876543210,data-eng-prod-sub,data-eng-prod-sub,owner_0002@company.com,a1b2c3d4-0002-0002-0002-000000000002,data-eng-prod-sub,rg-data-prod,westeurope,2026-04-20,Virtual Machines Standard_E4s_v3 - westeurope,Virtual Machines,Standard_E4s_v3 Series,7373fa15-5d45-5d30-a83f-72064e156f94,E4s v3,24.0,1 Hour,5.804292,0.364,0.241846,0.364,Reservation,USD,Microsoft.Compute,/subscriptions/a1b2c3d4-0002-0002-0002-000000000002/resourceGroups/rg-data-prod/providers/Microsoft.Compute/virtualMachines/vm-standard-e4s-v3-03,vm-standard-e4s-v3-03,"{""team"": ""data-eng"", ""environment"": ""prod"", ""costcenter"": ""CC200"", ""application"": ""data-eng-app""}","{""ServiceType"": ""Standard"", ""VMName"": ""vm-standard-e4s-v3-03"", ""vCPUs"": 4}",Compute,Usage,Azure,/providers/Microsoft.BillingBenefits/savingsPlanOrders/47091c6e-4120-4287-a220-0a577ad21aa3,Reserved VM Instance_westeurope_1Year
EA-9876543210,data-eng-prod-sub,data-eng-prod-sub,owner_0002@company.com,a1b2c3d4-0002-0002-0002-000000000002,data-eng-prod-sub,rg-data-prod,westeurope,2026-04-20,Virtual Machines Standard_E8s_v3 - westeurope,Virtual Machines,Standard_E8s_v3 Series,2b9593f7-8692-56d9-b10a-a624f400da47,E8s v3,24.0,1 Hour,17.639803,0.728,0.734992,0.728,OnDemand,USD,Microsoft.Compute,/subscriptions/a1b2c3d4-0002-0002-0002-000000000002/resourceGroups/rg-data-prod/providers/Microsoft.Compute/virtualMachines/vm-standard-e8s-v3-04,vm-standard-e8s-v3-04,"{""team"": ""data-eng"", ""environment"": ""prod"", ""costcenter"": ""CC200"", ""application"": ""data-eng-app""}","{""ServiceType"": ""Standard"", ""VMName"": ""vm-standard-e8s-v3-04"", ""vCPUs"": 8}",Compute,Usage,Azure,,
EA-9876543210,data-eng-prod-sub,data-eng-prod-sub,owner_0002@company.com,a1b2c3d4-0002-0002-0002-000000000002,data-eng-prod-sub,rg-ml-prod,westeurope,2026-04-20,Virtual Machines Standard_F4s_v2 - westeurope,Virtual Machines,Standard_F4s_v2 Series,303bf71a-6d52-56d9-8e75-95552aa01c86,F4s v2,24.0,1 Hour,3.871854,0.252,0.161327,0.252,Reservation,USD,Microsoft.Compute,/subscriptions/a1b2c3d4-0002-0002-0002-000000000002/resourceGroups/rg-ml-prod/providers/Microsoft.Compute/virtualMachines/vm-standard-f4s-v2-05,vm-standard-f4s-v2-05,{},"{""ServiceType"": ""Standard"", ""VMName"": ""vm-standard-f4s-v2-05"", ""vCPUs"": 4}",Compute,Usage,Azure,/providers/Microsoft.BillingBenefits/savingsPlanOrders/58b1bf19-ab39-401a-a92d-812f0723ff9b,Reserved VM Instance_westeurope_1Year
EA-9876543210,data-eng-prod-sub,data-eng-prod-sub,owner_0002@company.com,a1b2c3d4-0002-0002-0002-000000000002,data-eng-prod-sub,rg-ml-prod,westeurope,2026-04-20,Virtual Machines Standard_D8s_v3 - westeurope,Virtual Machines,Standard_D8s_v3 Series,348575ff-7ae0-57e5-896e-037d67179117,D8s v3,24.0,1 Hour,11.330746,0.672,0.472114,0.672,SavingsPlan,USD,Microsoft.Compute,/subscriptions/a1b2c3d4-0002-0002-0002-000000000002/resourceGroups/rg-ml-prod/providers/Microsoft.Compute/virtualMachines/vm-standard-d8s-v3-06,vm-standard-d8s-v3-06,"{""team"": ""ml"", ""environment"": ""prod"", ""costcenter"": ""CC500"", ""application"": ""ml-app""}","{""ServiceType"": ""Standard"", ""VMName"": ""vm-standard-d8s-v3-06"", ""vCPUs"": 8}",Compute,Usage,Azure,/providers/Microsoft.BillingBenefits/savingsPlanOrders/098d5df8-f12f-47dc-afa6-e19275cca67e,Compute savings plan_1Year
EA-9876543210,app-prod-sub,app-prod-sub,owner_0003@company.com,a1b2c3d4-0003-0003-0003-000000000003,app-prod-sub,rg-app-prod,southeastasia,2026-04-20,Virtual Machines Standard_B2s - southeastasia,Virtual Machines,Standard_B2s Series,78a50003-6630-5ba4-aad2-c10f0de71d3b,B2s,24.0,1 Hour,1.999777,0.084,0.083324,0.084,OnDemand,USD,Microsoft.Compute,/subscriptions/a1b2c3d4-0003-0003-0003-000000000003/resourceGroups/rg-app-prod/providers/Microsoft.Compute/virtualMachines/vm-standard-b2s-07,vm-standard-b2s-07,{},"{""ServiceType"": ""Standard"", ""VMName"": ""vm-standard-b2s-07"", ""vCPUs"": 2}",Compute,Usage,Azure,,
EA-9876543210,app-prod-sub,app-prod-sub,owner_0003@company.com,a1b2c3d4-0003-0003-0003-000000000003,app-prod-sub,rg-app-staging,southeastasia,2026-04-20,Virtual Machines Standard_B2s - southeastasia,Virtual Machines,Standard_B2s Series,78a50003-6630-5ba4-aad2-c10f0de71d3b,B2s,24.0,1 Hour,2.019962,0.084,0.084165,0.084,OnDemand,USD,Microsoft.Compute,/subscriptions/a1b2c3d4-0003-0003-0003-000000000003/resourceGroups/rg-app-staging/providers/Microsoft.Compute/virtualMachines/vm-standard-b2s-08,vm-standard-b2s-08,"{""team"": ""frontend"", ""environment"": ""staging"", ""costcenter"": ""CC300"", ""application"": ""frontend-app""}","{""ServiceType"": ""Standard"", ""VMName"": ""vm-standard-b2s-08"", ""vCPUs"": 2}",Compute,Usage,Azure,,
EA-9876543210,app-prod-sub,app-prod-sub,owner_0003@company.com,a1b2c3d4-0003-0003-0003-000000000003,app-prod-sub,rg-app-staging,eastus,2026-04-20,Virtual Machines Standard_D2s_v3 - eastus,Virtual Machines,Standard_D2s_v3 Series,bbc4f1e6-b32a-5f02-86f0-702bf6097b8b,D2s v3,24.0,1 Hour,4.018082,0.168,0.16742,0.168,OnDemand,USD,Microsoft.Compute,/subscriptions/a1b2c3d4-0003-0003-0003-000000000003/resourceGroups/rg-app-staging/providers/Microsoft.Compute/virtualMachines/vm-standard-d2s-v3-09,vm-standard-d2s-v3-09,{},"{""ServiceType"": ""Standard"", ""VMName"": ""vm-standard-d2s-v3-09"", ""vCPUs"": 2}",Compute,Usage,Azure,,
EA-9876543210,platform-prod-sub,platform-prod-sub,owner_0001@company.com,a1b2c3d4-0001-0001-0001-000000000001,platform-prod-sub,rg-platform-dev,eastus,2026-04-20,Virtual Machines Standard_B2s - eastus,Virtual Machines,Standard_B2s Series,7190101e-d2ab-5a56-ad8e-83f7122f17e8,B2s,24.0,1 Hour,2.001441,0.084,0.083393,0.084,OnDemand,USD,Microsoft.Compute,/subscriptions/a1b2c3d4-0001-0001-0001-000000000001/resourceGroups/rg-platform-dev/providers/Microsoft.Compute/virtualMachines/vm-standard-b2s-10,vm-standard-b2s-10,"{""team"": ""platform"", ""environment"": ""dev"", ""costcenter"": ""CC100"", ""application"": ""platform-app""}","{""ServiceType"": ""Standard"", ""VMName"": ""vm-standard-b2s-10"", ""vCPUs"": 2}",Compute,Usage,Azure,,
EA-9876543210,app-prod-sub,app-prod-sub,owner_0003@company.com,a1b2c3d4-0003-0003-0003-000000000003,app-prod-sub,rg-app-dev,eastus,2026-04-20,Virtual Machines Standard_B2s - eastus,Virtual Machines,Standard_B2s Series,7190101e-d2ab-5a56-ad8e-83f7122f17e8,B2s,24.0,1 Hour,1.381971,0.084,0.057582,0.084,SavingsPlan,USD,Microsoft.Compute,/subscriptions/a1b2c3d4-0003-0003-0003-000000000003/resourceGroups/rg-app-dev/providers/Microsoft.Compute/virtualMachines/vm-standard-b2s-11,vm-standard-b2s-11,{},"{""ServiceType"": ""Standard"", ""VMName"": ""vm-standard-b2s-11"", ""vCPUs"": 2}",Compute,Usage,Azure,/providers/Microsoft.BillingBenefits/savingsPlanOrders/e65f6009-2be7-4128-8b4a-2d9ae8bf7236,Compute savings plan_1Year
EA-9876543210,platform-prod-sub,platform-prod-sub,owner_0001@company.com,a1b2c3d4-0001-0001-0001-000000000001,platform-prod-sub,rg-platform-prod,eastus,2026-04-20,Blob Storage - LRS - Hot - eastus,Storage,Blobs - LRS - Hot,fb8faed0-f377-5fb0-92b7-78035153a7fa,Data Stored,849.9201,1 GB/Month,0.510492,0.018,0.018,0.018,OnDemand,USD,Microsoft.Storage,/subscriptions/a1b2c3d4-0001-0001-0001-000000000001/resourceGroups/rg-platform-prod/providers/Microsoft.Storage/storageAccounts/stplatformassets,stplatformassets,{},"{""AccountType"": ""LRS""}",Storage,Usage,Azure,,
EA-9876543210,data-eng-prod-sub,data-eng-prod-sub,owner_0002@company.com,a1b2c3d4-0002-0002-0002-000000000002,data-eng-prod-sub,rg-data-prod,westeurope,2026-04-20,Blob Storage - ZRS - Hot - westeurope,Storage,Blobs - ZRS - Hot,9dd9b051-b91d-533a-9f70-e4838eb241bb,Data Stored,3200.7397,1 GB/Month,2.450264,0.023,0.023,0.023,OnDemand,USD,Microsoft.Storage,/subscriptions/a1b2c3d4-0002-0002-0002-000000000002/resourceGroups/rg-data-prod/providers/Microsoft.Storage/storageAccounts/stdatalake,stdatalake,"{""team"": ""data-eng"", ""environment"": ""prod"", ""costcenter"": ""CC200"", ""application"": ""data-eng-app""}","{""AccountType"": ""ZRS""}",Storage,Usage,Azure,,
EA-9876543210,app-prod-sub,app-prod-sub,owner_0003@company.com,a1b2c3d4-0003-0003-0003-000000000003,app-prod-sub,rg-app-prod,southeastasia,2026-04-20,Blob Storage - LRS - Hot - southeastasia,Storage,Blobs - LRS - Hot,3ae72a36-b458-5b93-9e16-84484844594d,Data Stored,399.7645,1 GB/Month,0.239924,0.018,0.018,0.018,OnDemand,USD,Microsoft.Storage,/subscriptions/a1b2c3d4-0003-0003-0003-000000000003/resourceGroups/rg-app-prod/providers/Microsoft.Storage/storageAccounts/stappassets,stappassets,"{""team"": ""frontend"", ""environment"": ""prod"", ""costcenter"": ""CC300"", ""application"": ""frontend-app""}","{""AccountType"": ""LRS""}",Storage,Usage,Azure,,
EA-9876543210,data-eng-prod-sub,data-eng-prod-sub,owner_0002@company.com,a1b2c3d4-0002-0002-0002-000000000002,data-eng-prod-sub,rg-ml-prod,westeurope,2026-04-20,Blob Storage - LRS - Hot - westeurope,Storage,Blobs - LRS - Hot,4ba045d2-b571-568f-be23-884194c5daba,Data Stored,1099.5594,1 GB/Month,0.661495,0.018,0.018,0.018,OnDemand,USD,Microsoft.Storage,/subscriptions/a1b2c3d4-0002-0002-0002-000000000002/resourceGroups/rg-ml-prod/providers/Microsoft.Storage/storageAccounts/stmlmodels,stmlmodels,"{""team"": ""ml"", ""environment"": ""prod"", ""costcenter"": ""CC500"", ""application"": ""ml-app""}","{""AccountType"": ""LRS""}",Storage,Usage,Azure,,
EA-9876543210,platform-prod-sub,platform-prod-sub,owner_0001@company.com,a1b2c3d4-0001-0001-0001-000000000001,platform-prod-sub,rg-platform-prod,eastus,2026-04-20,Azure SQL Database Standard_S2 - eastus,SQL Database,Standard_S2,cd1e0b9a-8ff0-5779-9281-87ab698e2916,vCore Hours,24.0,1 Hour,7.483799,0.31,0.31,0.31,OnDemand,USD,Microsoft.Sql,/subscriptions/a1b2c3d4-0001-0001-0001-000000000001/resourceGroups/rg-platform-prod/providers/Microsoft.Sql/servers/databases/sqldb-standard-0001,sqldb-standard-0001,"{""team"": ""platform"", ""environment"": ""prod"", ""costcenter"": ""CC100"", ""application"": ""platform-app""}",{},Databases,Usage,Azure,,
EA-9876543210,data-eng-prod-sub,data-eng-prod-sub,owner_0002@company.com,a1b2c3d4-0002-0002-0002-000000000002,data-eng-prod-sub,rg-data-prod,westeurope,2026-04-20,Azure SQL Database Business Critical_BC_Gen5_4 - westeurope,SQL Database,Business Critical_BC_Gen5_4,4bab5ab0-7291-58c2-8564-3252f5053179,vCore Hours,24.0,1 Hour,52.989614,2.2,2.2,2.2,OnDemand,USD,Microsoft.Sql,/subscriptions/a1b2c3d4-0002-0002-0002-000000000002/resourceGroups/rg-data-prod/providers/Microsoft.Sql/servers/databases/sqldb-business critical-0002,sqldb-business critical-0002,"{""team"": ""data-eng"", ""environment"": ""prod"", ""costcenter"": ""CC200"", ""application"": ""data-eng-app""}",{},Databases,Usage,Azure,,
EA-9876543210,app-prod-sub,app-prod-sub,owner_0003@company.com,a1b2c3d4-0003-0003-0003-000000000003,app-prod-sub,rg-app-prod,eastus,2026-04-20,Azure SQL Database General Purpose_GP_Gen5_2 - eastus,SQL Database,General Purpose_GP_Gen5_2,69e0198c-4ca3-5ac2-8540-db65f6d44c56,vCore Hours,24.0,1 Hour,14.520528,0.6,0.6,0.6,OnDemand,USD,Microsoft.Sql,/subscriptions/a1b2c3d4-0003-0003-0003-000000000003/resourceGroups/rg-app-prod/providers/Microsoft.Sql/servers/databases/sqldb-general purpose-0003,sqldb-general purpose-0003,{},{},Databases,Usage,Azure,,
EA-9876543210,shared-infra-sub,shared-infra-sub,owner_infra@company.com,a1b2c3d4-9999-9999-9999-000000000099,shared-infra-sub,rg-shared-infra,eastus,2026-04-20,Azure Monitor,Monitor,Data Ingested,aadff281-e00d-588e-bd69-a4630325bd50,Data Ingested,1000.0,1 Unit,45.393009,0.045,0.045,0.045,OnDemand,USD,Microsoft.SharedInfra,/subscriptions/a1b2c3d4-9999-9999-9999-000000000099/resourceGroups/rg-shared-infra/providers/Microsoft.SharedInfra/Monitor/monitor,monitor,{},{},Management,Usage,Azure,,
EA-9876543210,shared-infra-sub,shared-infra-sub,owner_infra@company.com,a1b2c3d4-9999-9999-9999-000000000099,shared-infra-sub,rg-shared-infra,eastus,2026-04-20,Virtual Network,Networking,Intra-Region,cc2ca1a8-2d13-5873-b301-4b8ed16ed2c0,Intra-Region,622.22,1 Unit,28.121963,0.045,0.045,0.045,OnDemand,USD,Microsoft.SharedInfra,/subscriptions/a1b2c3d4-9999-9999-9999-000000000099/resourceGroups/rg-shared-infra/providers/Microsoft.SharedInfra/Networking/networking,networking,{},{},Networking,Usage,Azure,,
EA-9876543210,shared-infra-sub,shared-infra-sub,owner_infra@company.com,a1b2c3d4-9999-9999-9999-000000000099,shared-infra-sub,rg-shared-infra,eastus,2026-04-20,API Management,API Management,Gateway Units,78998862-331b-5215-a4b4-8d4500189f89,Gateway Units,2666.67,1 Unit,120.996283,0.045,0.045,0.045,OnDemand,USD,Microsoft.SharedInfra,/subscriptions/a1b2c3d4-9999-9999-9999-000000000099/resourceGroups/rg-shared-infra/providers/Microsoft.SharedInfra/API Management/api-management,api-management,{},{},Integration,Usage,Azure,,
EA-9876543210,shared-infra-sub,shared-infra-sub,owner_infra@company.com,a1b2c3d4-9999-9999-9999-000000000099,shared-infra-sub,rg-shared-infra,eastus,2026-04-20,Azure Key Vault,Key Vault,Operations,3cb0172e-6732-5350-b439-97753364a78c,Operations,177.78,1 Unit,8.078446,0.045,0.045,0.045,OnDemand,USD,Microsoft.SharedInfra,/subscriptions/a1b2c3d4-9999-9999-9999-000000000099/resourceGroups/rg-shared-infra/providers/Microsoft.SharedInfra/Key Vault/key-vault,key-vault,{},{},Security,Usage,Azure,,
EA-9876543210,shared-infra-sub,shared-infra-sub,owner_infra@company.com,a1b2c3d4-9999-9999-9999-000000000099,shared-infra-sub,rg-shared-infra,eastus,2026-04-20,Azure Blob Storage,Storage,Data Stored,2e8ee991-b3b7-5136-98e5-4772405cdb0c,Data Stored,400.0,1 Unit,18.029782,0.045,0.045,0.045,OnDemand,USD,Microsoft.SharedInfra,/subscriptions/a1b2c3d4-9999-9999-9999-000000000099/resourceGroups/rg-shared-infra/providers/Microsoft.SharedInfra/Storage/storage,storage,{},{},Storage,Usage,Azure,,
EA-9876543210,platform-prod-sub,platform-prod-sub,owner_0001@company.com,a1b2c3d4-0001-0001-0001-000000000001,platform-prod-sub,rg-platform-prod,eastus,2026-04-21,Virtual Machines Standard_D2s_v3 - eastus,Virtual Machines,Standard_D2s_v3 Series,bbc4f1e6-b32a-5f02-86f0-702bf6097b8b,D2s v3,24.0,1 Hour,4.060426,0.168,0.169184,0.168,OnDemand,USD,Microsoft.Compute,/subscriptions/a1b2c3d4-0001-0001-0001-000000000001/resourceGroups/rg-platform-prod/providers/Microsoft.Compute/virtualMachines/vm-standard-d2s-v3-00,vm-standard-d2s-v3-00,"{""team"": ""platform"", ""environment"": ""prod"", ""costcenter"": ""CC100"", ""application"": ""platform-app""}","{""ServiceType"": ""Standard"", ""VMName"": ""vm-standard-d2s-v3-00"", ""vCPUs"": 2}",Compute,Usage,Azure,,
EA-9876543210,platform-prod-sub,platform-prod-sub,owner_0001@company.com,a1b2c3d4-0001-0001-0001-000000000001,platform-prod-sub,rg-platform-prod,eastus,2026-04-21,Virtual Machines Standard_D2s_v3 - eastus,Virtual Machines,Standard_D2s_v3 Series,bbc4f1e6-b32a-5f02-86f0-702bf6097b8b,D2s v3,24.0,1 Hour,3.991748,0.168,0.166323,0.168,OnDemand,USD,Microsoft.Compute,/subscriptions/a1b2c3d4-0001-0001-0001-000000000001/resourceGroups/rg-platform-prod/providers/Microsoft.Compute/virtualMachines/vm-standard-d2s-v3-01,vm-standard-d2s-v3-01,"{""team"": ""platform"", ""environment"": ""prod"", ""costcenter"": ""CC100"", ""application"": ""platform-app""}","{""ServiceType"": ""Standard"", ""VMName"": ""vm-standard-d2s-v3-01"", ""vCPUs"": 2}",Compute,Usage,Azure,,
EA-9876543210,app-prod-sub,app-prod-sub,owner_0003@company.com,a1b2c3d4-0003-0003-0003-000000000003,app-prod-sub,rg-app-prod,eastus,2026-04-21,Virtual Machines Standard_D4s_v3 - eastus,Virtual Machines,Standard_D4s_v3 Series,6c8e1236-a3aa-53d7-8e09-dadb98f69027,D4s v3,24.0,1 Hour,8.028875,0.336,0.334536,0.336,OnDemand,USD,Microsoft.Compute,/subscriptions/a1b2c3d4-0003-0003-0003-000000000003/resourceGroups/rg-app-prod/providers/Microsoft.Compute/virtualMachines/vm-standard-d4s-v3-02,vm-standard-d4s-v3-02,"{""team"": ""backend"", ""environment"": ""prod"", ""costcenter"": ""CC400"", ""application"": ""backend-app""}","{""ServiceType"": ""Standard"", ""VMName"": ""vm-standard-d4s-v3-02"", ""vCPUs"": 4}",Compute,Usage,Azure,,
EA-9876543210,data-eng-prod-sub,data-eng-prod-sub,owner_0002@company.com,a1b2c3d4-0002-0002-0002-000000000002,data-eng-prod-sub,rg-data-prod,westeurope,2026-04-21,Virtual Machines Standard_E4s_v3 - westeurope,Virtual Machines,Standard_E4s_v3 Series,7373fa15-5d45-5d30-a83f-72064e156f94,E4s v3,24.0,1 Hour,5.577275,0.364,0.232386,0.364,Reservation,USD,Microsoft.Compute,/subscriptions/a1b2c3d4-0002-0002-0002-000000000002/resourceGroups/rg-data-prod/providers/Microsoft.Compute/virtualMachines/vm-standard-e4s-v3-03,vm-standard-e4s-v3-03,"{""team"": ""data-eng"", ""environment"": ""prod"", ""costcenter"": ""CC200"", ""application"": ""data-eng-app""}","{""ServiceType"": ""Standard"", ""VMName"": ""vm-standard-e4s-v3-03"", ""vCPUs"": 4}",Compute,Usage,Azure,/providers/Microsoft.BillingBenefits/savingsPlanOrders/b3582039-6b02-4f02-93d8-b5bcbb2b6da0,Reserved VM Instance_westeurope_1Year
EA-9876543210,data-eng-prod-sub,data-eng-prod-sub,owner_0002@company.com,a1b2c3d4-0002-0002-0002-000000000002,data-eng-prod-sub,rg-data-prod,westeurope,2026-04-21,Virtual Machines Standard_E8s_v3 - westeurope,Virtual Machines,Standard_E8s_v3 Series,2b9593f7-8692-56d9-b10a-a624f400da47,E8s v3,24.0,1 Hour,17.371087,0.728,0.723795,0.728,OnDemand,USD,Microsoft.Compute,/subscriptions/a1b2c3d4-0002-0002-0002-000000000002/resourceGroups/rg-data-prod/providers/Microsoft.Compute/virtualMachines/vm-standard-e8s-v3-04,vm-standard-e8s-v3-04,{},"{""ServiceType"": ""Standard"", ""VMName"": ""vm-standard-e8s-v3-04"", ""vCPUs"": 8}",Compute,Usage,Azure,,
EA-9876543210,data-eng-prod-sub,data-eng-prod-sub,owner_0002@company.com,a1b2c3d4-0002-0002-0002-000000000002,data-eng-prod-sub,rg-ml-prod,westeurope,2026-04-21,Virtual Machines Standard_F4s_v2 - westeurope,Virtual Machines,Standard_F4s_v2 Series,303bf71a-6d52-56d9-8e75-95552aa01c86,F4s v2,24.0,1 Hour,4.163845,0.252,0.173494,0.252,Reservation,USD,Microsoft.Compute,/subscriptions/a1b2c3d4-0002-0002-0002-000000000002/resourceGroups/rg-ml-prod/providers/Microsoft.Compute/virtualMachines/vm-standard-f4s-v2-05,vm-standard-f4s-v2-05,{},"{""ServiceType"": ""Standard"", ""VMName"": ""vm-standard-f4s-v2-05"", ""vCPUs"": 4}",Compute,Usage,Azure,/providers/Microsoft.BillingBenefits/savingsPlanOrders/9443ba0b-98ec-4dce-bfcc-0a255d0488aa,Reserved VM Instance_westeurope_1Year
EA-9876543210,data-eng-prod-sub,data-eng-prod-sub,owner_0002@company.com,a1b2c3d4-0002-0002-0002-000000000002,data-eng-prod-sub,rg-ml-prod,westeurope,2026-04-21,Virtual Machines Standard_D8s_v3 - westeurope,Virtual Machines,Standard_D8s_v3 Series,348575ff-7ae0-57e5-896e-037d67179117,D8s v3,24.0,1 Hour,12.386494,0.672,0.516104,0.672,SavingsPlan,USD,Microsoft.Compute,/subscriptions/a1b2c3d4-0002-0002-0002-000000000002/resourceGroups/rg-ml-prod/providers/Microsoft.Compute/virtualMachines/vm-standard-d8s-v3-06,vm-standard-d8s-v3-06,"{""team"": ""ml"", ""environment"": ""prod"", ""costcenter"": ""CC500"", ""application"": ""ml-app""}","{""ServiceType"": ""Standard"", ""VMName"": ""vm-standard-d8s-v3-06"", ""vCPUs"": 8}",Compute,Usage,Azure,/providers/Microsoft.BillingBenefits/savingsPlanOrders/5856b650-92f9-4358-99cc-7316fa80ec89,Compute savings plan_1Year
EA-9876543210,data-eng-prod-sub,data-eng-prod-sub,owner_0002@company.com,a1b2c3d4-0002-0002-0002-000000000002,data-eng-prod-sub,rg-ml-prod,westeurope,2026-04-21,Unused Reservation - vm-standard-d8s-v3-06,Virtual Machines,Unused Capacity,e2376812-f587-53e0-8195-ca9526a41694,Unused,0.0,1 Hour,2.418811,0.0,0.0,0.672,SavingsPlan,USD,Microsoft.Compute,,vm-standard-d8s-v3-06,"{""team"": ""ml"", ""environment"": ""prod"", ""costcenter"": ""CC500"", ""application"": ""ml-app""}",{},Compute,UnusedSavingsPlan,Azure,/providers/Microsoft.BillingBenefits/savingsPlanOrders/dc5bb721-97ca-4608-a9c7-a349bca68b2f,Compute savings plan_1Year
EA-9876543210,app-prod-sub,app-prod-sub,owner_0003@company.com,a1b2c3d4-0003-0003-0003-000000000003,app-prod-sub,rg-app-prod,southeastasia,2026-04-21,Virtual Machines Standard_B2s - southeastasia,Virtual Machines,Standard_B2s Series,78a50003-6630-5ba4-aad2-c10f0de71d3b,B2s,24.0,1 Hour,2.001646,0.084,0.083402,0.084,OnDemand,USD,Microsoft.Compute,/subscriptions/a1b2c3d4-0003-0003-0003-000000000003/resourceGroups/rg-app-prod/providers/Microsoft.Compute/virtualMachines/vm-standard-b2s-07,vm-standard-b2s-07,{},"{""ServiceType"": ""Standard"", ""VMName"": ""vm-standard-b2s-07"", ""vCPUs"": 2}",Compute,Usage,Azure,,
EA-9876543210,app-prod-sub,app-prod-sub,owner_0003@company.com,a1b2c3d4-0003-0003-0003-000000000003,app-prod-sub,rg-app-staging,southeastasia,2026-04-21,Virtual Machines Standard_B2s - southeastasia,Virtual Machines,Standard_B2s Series,78a50003-6630-5ba4-aad2-c10f0de71d3b,B2s,24.0,1 Hour,2.001314,0.084,0.083388,0.084,OnDemand,USD,Microsoft.Compute,/subscriptions/a1b2c3d4-0003-0003-0003-000000000003/resourceGroups/rg-app-staging/providers/Microsoft.Compute/virtualMachines/vm-standard-b2s-08,vm-standard-b2s-08,{},"{""ServiceType"": ""Standard"", ""VMName"": ""vm-standard-b2s-08"", ""vCPUs"": 2}",Compute,Usage,Azure,,
EA-9876543210,app-prod-sub,app-prod-sub,owner_0003@company.com,a1b2c3d4-0003-0003-0003-000000000003,app-prod-sub,rg-app-staging,eastus,2026-04-21,Virtual Machines Standard_D2s_v3 - eastus,Virtual Machines,Standard_D2s_v3 Series,bbc4f1e6-b32a-5f02-86f0-702bf6097b8b,D2s v3,24.0,1 Hour,4.063738,0.168,0.169322,0.168,OnDemand,USD,Microsoft.Compute,/subscriptions/a1b2c3d4-0003-0003-0003-000000000003/resourceGroups/rg-app-staging/providers/Microsoft.Compute/virtualMachines/vm-standard-d2s-v3-09,vm-standard-d2s-v3-09,"{""team"": ""backend"", ""environment"": ""staging"", ""costcenter"": ""CC400"", ""application"": ""backend-app""}","{""ServiceType"": ""Standard"", ""VMName"": ""vm-standard-d2s-v3-09"", ""vCPUs"": 2}",Compute,Usage,Azure,,
EA-9876543210,platform-prod-sub,platform-prod-sub,owner_0001@company.com,a1b2c3d4-0001-0001-0001-000000000001,platform-prod-sub,rg-platform-dev,eastus,2026-04-21,Virtual Machines Standard_B2s - eastus,Virtual Machines,Standard_B2s Series,7190101e-d2ab-5a56-ad8e-83f7122f17e8,B2s,24.0,1 Hour,2.014161,0.084,0.083923,0.084,OnDemand,USD,Microsoft.Compute,/subscriptions/a1b2c3d4-0001-0001-0001-000000000001/resourceGroups/rg-platform-dev/providers/Microsoft.Compute/virtualMachines/vm-standard-b2s-10,vm-standard-b2s-10,{},"{""ServiceType"": ""Standard"", ""VMName"": ""vm-standard-b2s-10"", ""vCPUs"": 2}",Compute,Usage,Azure,,
EA-9876543210,app-prod-sub,app-prod-sub,owner_0003@company.com,a1b2c3d4-0003-0003-0003-000000000003,app-prod-sub,rg-app-dev,eastus,2026-04-21,Virtual Machines Standard_B2s - eastus,Virtual Machines,Standard_B2s Series,7190101e-d2ab-5a56-ad8e-83f7122f17e8,B2s,24.0,1 Hour,1.480046,0.084,0.061669,0.084,SavingsPlan,USD,Microsoft.Compute,/subscriptions/a1b2c3d4-0003-0003-0003-000000000003/resourceGroups/rg-app-dev/providers/Microsoft.Compute/virtualMachines/vm-standard-b2s-11,vm-standard-b2s-11,{},"{""ServiceType"": ""Standard"", ""VMName"": ""vm-standard-b2s-11"", ""vCPUs"": 2}",Compute,Usage,Azure,/providers/Microsoft.BillingBenefits/savingsPlanOrders/993bc9d0-8287-47d8-bbb8-85a530530999,Compute savings plan_1Year
EA-9876543210,platform-prod-sub,platform-prod-sub,owner_0001@company.com,a1b2c3d4-0001-0001-0001-000000000001,platform-prod-sub,rg-platform-prod,eastus,2026-04-21,Blob Storage - LRS - Hot - eastus,Storage,Blobs - LRS - Hot,fb8faed0-f377-5fb0-92b7-78035153a7fa,Data Stored,849.1626,1 GB/Month,0.50977,0.018,0.018,0.018,OnDemand,USD,Microsoft.Storage,/subscriptions/a1b2c3d4-0001-0001-0001-000000000001/resourceGroups/rg-platform-prod/providers/Microsoft.Storage/storageAccounts/stplatformassets,stplatformassets,{},"{""AccountType"": ""LRS""}",Storage,Usage,Azure,,
EA-9876543210,data-eng-prod-sub,data-eng-prod-sub,owner_0002@company.com,a1b2c3d4-0002-0002-0002-000000000002,data-eng-prod-sub,rg-data-prod,westeurope,2026-04-21,Blob Storage - ZRS - Hot - westeurope,Storage,Blobs - ZRS - Hot,9dd9b051-b91d-533a-9f70-e4838eb241bb,Data Stored,3201.4778,1 GB/Month,2.453306,0.023,0.023,0.023,OnDemand,USD,Microsoft.Storage,/subscriptions/a1b2c3d4-0002-0002-0002-000000000002/resourceGroups/rg-data-prod/providers/Microsoft.Storage/storageAccounts/stdatalake,stdatalake,{},"{""AccountType"": ""ZRS""}",Storage,Usage,Azure,,
EA-9876543210,app-prod-sub,app-prod-sub,owner_0003@company.com,a1b2c3d4-0003-0003-0003-000000000003,app-prod-sub,rg-app-prod,southeastasia,2026-04-21,Blob Storage - LRS - Hot - southeastasia,Storage,Blobs - LRS - Hot,3ae72a36-b458-5b93-9e16-84484844594d,Data Stored,399.8154,1 GB/Month,0.240305,0.018,0.018,0.018,OnDemand,USD,Microsoft.Storage,/subscriptions/a1b2c3d4-0003-0003-0003-000000000003/resourceGroups/rg-app-prod/providers/Microsoft.Storage/storageAccounts/stappassets,stappassets,{},"{""AccountType"": ""LRS""}",Storage,Usage,Azure,,
EA-9876543210,data-eng-prod-sub,data-eng-prod-sub,owner_0002@company.com,a1b2c3d4-0002-0002-0002-000000000002,data-eng-prod-sub,rg-ml-prod,westeurope,2026-04-21,Blob Storage - LRS - Hot - westeurope,Storage,Blobs - LRS - Hot,4ba045d2-b571-568f-be23-884194c5daba,Data Stored,1100.168,1 GB/Month,0.661689,0.018,0.018,0.018,OnDemand,USD,Microsoft.Storage,/subscriptions/a1b2c3d4-0002-0002-0002-000000000002/resourceGroups/rg-ml-prod/providers/Microsoft.Storage/storageAccounts/stmlmodels,stmlmodels,{},"{""AccountType"": ""LRS""}",Storage,Usage,Azure,,
EA-9876543210,platform-prod-sub,platform-prod-sub,owner_0001@company.com,a1b2c3d4-0001-0001-0001-000000000001,platform-prod-sub,rg-platform-prod,eastus,2026-04-21,Azure SQL Database Standard_S2 - eastus,SQL Database,Standard_S2,cd1e0b9a-8ff0-5779-9281-87ab698e2916,vCore Hours,24.0,1 Hour,7.370579,0.31,0.31,0.31,OnDemand,USD,Microsoft.Sql,/subscriptions/a1b2c3d4-0001-0001-0001-000000000001/resourceGroups/rg-platform-prod/providers/Microsoft.Sql/servers/databases/sqldb-standard-0001,sqldb-standard-0001,{},{},Databases,Usage,Azure,,
EA-9876543210,data-eng-prod-sub,data-eng-prod-sub,owner_0002@company.com,a1b2c3d4-0002-0002-0002-000000000002,data-eng-prod-sub,rg-data-prod,westeurope,2026-04-21,Azure SQL Database Business Critical_BC_Gen5_4 - westeurope,SQL Database,Business Critical_BC_Gen5_4,4bab5ab0-7291-58c2-8564-3252f5053179,vCore Hours,24.0,1 Hour,52.311985,2.2,2.2,2.2,OnDemand,USD,Microsoft.Sql,/subscriptions/a1b2c3d4-0002-0002-0002-000000000002/resourceGroups/rg-data-prod/providers/Microsoft.Sql/servers/databases/sqldb-business critical-0002,sqldb-business critical-0002,{},{},Databases,Usage,Azure,,
EA-9876543210,app-prod-sub,app-prod-sub,owner_0003@company.com,a1b2c3d4-0003-0003-0003-000000000003,app-prod-sub,rg-app-prod,eastus,2026-04-21,Azure SQL Database General Purpose_GP_Gen5_2 - eastus,SQL Database,General Purpose_GP_Gen5_2,69e0198c-4ca3-5ac2-8540-db65f6d44c56,vCore Hours,24.0,1 Hour,14.395181,0.6,0.6,0.6,OnDemand,USD,Microsoft.Sql,/subscriptions/a1b2c3d4-0003-0003-0003-000000000003/resourceGroups/rg-app-prod/providers/Microsoft.Sql/servers/databases/sqldb-general purpose-0003,sqldb-general purpose-0003,"{""team"": ""backend"", ""environment"": ""prod"", ""costcenter"": ""CC400"", ""application"": ""backend-app""}",{},Databases,Usage,Azure,,
EA-9876543210,shared-infra-sub,shared-infra-sub,owner_infra@company.com,a1b2c3d4-9999-9999-9999-000000000099,shared-infra-sub,rg-shared-infra,eastus,2026-04-21,Azure Monitor,Monitor,Data Ingested,aadff281-e00d-588e-bd69-a4630325bd50,Data Ingested,1000.0,1 Unit,44.881721,0.045,0.045,0.045,OnDemand,USD,Microsoft.SharedInfra,/subscriptions/a1b2c3d4-9999-9999-9999-000000000099/resourceGroups/rg-shared-infra/providers/Microsoft.SharedInfra/Monitor/monitor,monitor,{},{},Management,Usage,Azure,,
EA-9876543210,shared-infra-sub,shared-infra-sub,owner_infra@company.com,a1b2c3d4-9999-9999-9999-000000000099,shared-infra-sub,rg-shared-infra,eastus,2026-04-21,Virtual Network,Networking,Intra-Region,cc2ca1a8-2d13-5873-b301-4b8ed16ed2c0,Intra-Region,622.22,1 Unit,28.044951,0.045,0.045,0.045,OnDemand,USD,Microsoft.SharedInfra,/subscriptions/a1b2c3d4-9999-9999-9999-000000000099/resourceGroups/rg-shared-infra/providers/Microsoft.SharedInfra/Networking/networking,networking,{},{},Networking,Usage,Azure,,
EA-9876543210,shared-infra-sub,shared-infra-sub,owner_infra@company.com,a1b2c3d4-9999-9999-9999-000000000099,shared-infra-sub,rg-shared-infra,eastus,2026-04-21,API Management,API Management,Gateway Units,78998862-331b-5215-a4b4-8d4500189f89,Gateway Units,2666.67,1 Unit,121.108171,0.045,0.045,0.045,OnDemand,USD,Microsoft.SharedInfra,/subscriptions/a1b2c3d4-9999-9999-9999-000000000099/resourceGroups/rg-shared-infra/providers/Microsoft.SharedInfra/API Management/api-management,api-management,{},{},Integration,Usage,Azure,,
EA-9876543210,shared-infra-sub,shared-infra-sub,owner_infra@company.com,a1b2c3d4-9999-9999-9999-000000000099,shared-infra-sub,rg-shared-infra,eastus,2026-04-21,Azure Key Vault,Key Vault,Operations,3cb0172e-6732-5350-b439-97753364a78c,Operations,177.78,1 Unit,7.93281,0.045,0.045,0.045,OnDemand,USD,Microsoft.SharedInfra,/subscriptions/a1b2c3d4-9999-9999-9999-000000000099/resourceGroups/rg-shared-infra/providers/Microsoft.SharedInfra/Key Vault/key-vault,key-vault,{},{},Security,Usage,Azure,,
EA-9876543210,shared-infra-sub,shared-infra-sub,owner_infra@company.com,a1b2c3d4-9999-9999-9999-000000000099,shared-infra-sub,rg-shared-infra,eastus,2026-04-21,Azure Blob Storage,Storage,Data Stored,2e8ee991-b3b7-5136-98e5-4772405cdb0c,Data Stored,400.0,1 Unit,18.082867,0.045,0.045,0.045,OnDemand,USD,Microsoft.SharedInfra,/subscriptions/a1b2c3d4-9999-9999-9999-000000000099/resourceGroups/rg-shared-infra/providers/Microsoft.SharedInfra/Storage/storage,storage,{},{},Storage,Usage,Azure,,
EA-9876543210,platform-prod-sub,platform-prod-sub,owner_0001@company.com,a1b2c3d4-0001-0001-0001-000000000001,platform-prod-sub,rg-platform-prod,eastus,2026-04-22,Virtual Machines Standard_D2s_v3 - eastus,Virtual Machines,Standard_D2s_v3 Series,bbc4f1e6-b32a-5f02-86f0-702bf6097b8b,D2s v3,24.0,1 Hour,4.014212,0.168,0.167259,0.168,OnDemand,USD,Microsoft.Compute,/subscriptions/a1b2c3d4-0001-0001-0001-000000000001/resourceGroups/rg-platform-prod/providers/Microsoft.Compute/virtualMachines/vm-standard-d2s-v3-00,vm-standard-d2s-v3-00,{},"{""ServiceType"": ""Standard"", ""VMName"": ""vm-standard-d2s-v3-00"", ""vCPUs"": 2}",Compute,Usage,Azure,,
EA-9876543210,platform-prod-sub,platform-prod-sub,owner_0001@company.com,a1b2c3d4-0001-0001-0001-000000000001,platform-prod-sub,rg-platform-prod,eastus,2026-04-22,Virtual Machines Standard_D2s_v3 - eastus,Virtual Machines,Standard_D2s_v3 Series,bbc4f1e6-b32a-5f02-86f0-702bf6097b8b,D2s v3,24.0,1 Hour,4.011455,0.168,0.167144,0.168,OnDemand,USD,Microsoft.Compute,/subscriptions/a1b2c3d4-0001-0001-0001-000000000001/resourceGroups/rg-platform-prod/providers/Microsoft.Compute/virtualMachines/vm-standard-d2s-v3-01,vm-standard-d2s-v3-01,"{""team"": ""platform"", ""environment"": ""prod"", ""costcenter"": ""CC100"", ""application"": ""platform-app""}","{""ServiceType"": ""Standard"", ""VMName"": ""vm-standard-d2s-v3-01"", ""vCPUs"": 2}",Compute,Usage,Azure,,
EA-9876543210,app-prod-sub,app-prod-sub,owner_0003@company.com,a1b2c3d4-0003-0003-0003-000000000003,app-prod-sub,rg-app-prod,eastus,2026-04-22,Virtual Machines Standard_D4s_v3 - eastus,Virtual Machines,Standard_D4s_v3 Series,6c8e1236-a3aa-53d7-8e09-dadb98f69027,D4s v3,24.0,1 Hour,8.093687,0.336,0.337237,0.336,OnDemand,USD,Microsoft.Compute,/subscriptions/a1b2c3d4-0003-0003-0003-000000000003/resourceGroups/rg-app-prod/providers/Microsoft.Compute/virtualMachines/vm-standard-d4s-v3-02,vm-standard-d4s-v3-02,{},"{""ServiceType"": ""Standard"", ""VMName"": ""vm-standard-d4s-v3-02"", ""vCPUs"": 4}",Compute,Usage,Azure,,
EA-9876543210,data-eng-prod-sub,data-eng-prod-sub,owner_0002@company.com,a1b2c3d4-0002-0002-0002-000000000002,data-eng-prod-sub,rg-data-prod,westeurope,2026-04-22,Virtual Machines Standard_E4s_v3 - westeurope,Virtual Machines,Standard_E4s_v3 Series,7373fa15-5d45-5d30-a83f-72064e156f94,E4s v3,24.0,1 Hour,5.442113,0.364,0.226755,0.364,Reservation,USD,Microsoft.Compute,/subscriptions/a1b2c3d4-0002-0002-0002-000000000002/resourceGroups/rg-data-prod/providers/Microsoft.Compute/virtualMachines/vm-standard-e4s-v3-03,vm-standard-e4s-v3-03,"{""team"": ""data-eng"", ""environment"": ""prod"", ""costcenter"": ""CC200"", ""application"": ""data-eng-app""}","{""ServiceType"": ""Standard"", ""VMName"": ""vm-standard-e4s-v3-03"", ""vCPUs"": 4}",Compute,Usage,Azure,/providers/Microsoft.BillingBenefits/savingsPlanOrders/36166875-d4bb-4199-acf1-25610d29fa0b,Reserved VM Instance_westeurope_1Year
EA-9876543210,data-eng-prod-sub,data-eng-prod-sub,owner_0002@company.com,a1b2c3d4-0002-0002-0002-000000000002,data-eng-prod-sub,rg-data-prod,westeurope,2026-04-22,Virtual Machines Standard_E8s_v3 - westeurope,Virtual Machines,Standard_E8s_v3 Series,2b9593f7-8692-56d9-b10a-a624f400da47,E8s v3,24.0,1 Hour,17.613892,0.728,0.733912,0.728,OnDemand,USD,Microsoft.Compute,/subscriptions/a1b2c3d4-0002-0002-0002-000000000002/resourceGroups/rg-data-prod/providers/Microsoft.Compute/virtualMachines/vm-standard-e8s-v3-04,vm-standard-e8s-v3-04,{},"{""ServiceType"": ""Standard"", ""VMName"": ""vm-standard-e8s-v3-04"", ""vCPUs"": 8}",Compute,Usage,Azure,,
EA-9876543210,data-eng-prod-sub,data-eng-prod-sub,owner_0002@company.com,a1b2c3d4-0002-0002-0002-000000000002,data-eng-prod-sub,rg-ml-prod,westeurope,2026-04-22,Virtual Machines Standard_F4s_v2 - westeurope,Virtual Machines,Standard_F4s_v2 Series,303bf71a-6d52-56d9-8e75-95552aa01c86,F4s v2,24.0,1 Hour,4.008009,0.252,0.167,0.252,Reservation,USD,Microsoft.Compute,/subscriptions/a1b2c3d4-0002-0002-0002-000000000002/resourceGroups/rg-ml-prod/providers/Microsoft.Compute/virtualMachines/vm-standard-f4s-v2-05,vm-standard-f4s-v2-05,{},"{""ServiceType"": ""Standard"", ""VMName"": ""vm-standard-f4s-v2-05"", ""vCPUs"": 4}",Compute,Usage,Azure,/providers/Microsoft.BillingBenefits/savingsPlanOrders/b518ba18-d8c3-4d00-99d9-4e45fada9abd,Reserved VM Instance_westeurope_1Year
EA-9876543210,data-eng-prod-sub,data-eng-prod-sub,owner_0002@company.com,a1b2c3d4-0002-0002-0002-000000000002,data-eng-prod-sub,rg-ml-prod,westeurope,2026-04-22,Virtual Machines Standard_D8s_v3 - westeurope,Virtual Machines,Standard_D8s_v3 Series,348575ff-7ae0-57e5-896e-037d67179117,D8s v3,24.0,1 Hour,11.264755,0.672,0.469365,0.672,SavingsPlan,USD,Microsoft.Compute,/subscriptions/a1b2c3d4-0002-0002-0002-000000000002/resourceGroups/rg-ml-prod/providers/Microsoft.Compute/virtualMachines/vm-standard-d8s-v3-06,vm-standard-d8s-v3-06,{},"{""ServiceType"": ""Standard"", ""VMName"": ""vm-standard-d8s-v3-06"", ""vCPUs"": 8}",Compute,Usage,Azure,/providers/Microsoft.BillingBenefits/savingsPlanOrders/530c5db3-7960-4a6b-9195-846656d9ac23,Compute savings plan_1Year
EA-9876543210,data-eng-prod-sub,data-eng-prod-sub,owner_0002@company.com,a1b2c3d4-0002-0002-0002-000000000002,data-eng-prod-sub,rg-ml-prod,westeurope,2026-04-22,Unused Reservation - vm-standard-d8s-v3-06,Virtual Machines,Unused Capacity,7af3b8ea-2bfa-537f-b831-98ad1c834016,Unused,0.0,1 Hour,2.330659,0.0,0.0,0.672,SavingsPlan,USD,Microsoft.Compute,,vm-standard-d8s-v3-06,"{""team"": ""ml"", ""environment"": ""prod"", ""costcenter"": ""CC500"", ""application"": ""ml-app""}",{},Compute,UnusedSavingsPlan,Azure,/providers/Microsoft.BillingBenefits/savingsPlanOrders/11e1f82c-22af-4c90-81e0-0ce2eadaa5ca,Compute savings plan_1Year
EA-9876543210,app-prod-sub,app-prod-sub,owner_0003@company.com,a1b2c3d4-0003-0003-0003-000000000003,app-prod-sub,rg-app-prod,southeastasia,2026-04-22,Virtual Machines Standard_B2s - southeastasia,Virtual Machines,Standard_B2s Series,78a50003-6630-5ba4-aad2-c10f0de71d3b,B2s,24.0,1 Hour,2.021213,0.084,0.084217,0.084,OnDemand,USD,Microsoft.Compute,/subscriptions/a1b2c3d4-0003-0003-0003-000000000003/resourceGroups/rg-app-prod/providers/Microsoft.Compute/virtualMachines/vm-standard-b2s-07,vm-standard-b2s-07,{},"{""ServiceType"": ""Standard"", ""VMName"": ""vm-standard-b2s-07"", ""vCPUs"": 2}",Compute,Usage,Azure,,
EA-9876543210,app-prod-sub,app-prod-sub,owner_0003@company.com,a1b2c3d4-0003-0003-0003-000000000003,app-prod-sub,rg-app-staging,southeastasia,2026-04-22,Virtual Machines Standard_B2s - southeastasia,Virtual Machines,Standard_B2s Series,78a50003-6630-5ba4-aad2-c10f0de71d3b,B2s,24.0,1 Hour,2.007603,0.084,0.08365,0.084,OnDemand,USD,Microsoft.Compute,/subscriptions/a1b2c3d4-0003-0003-0003-000000000003/resourceGroups/rg-app-staging/providers/Microsoft.Compute/virtualMachines/vm-standard-b2s-08,vm-standard-b2s-08,{},"{""ServiceType"": ""Standard"", ""VMName"": ""vm-standard-b2s-08"", ""vCPUs"": 2}",Compute,Usage,Azure,,
EA-9876543210,app-prod-sub,app-prod-sub,owner_0003@company.com,a1b2c3d4-0003-0003-0003-000000000003,app-prod-sub,rg-app-staging,eastus,2026-04-22,Virtual Machines Standard_D2s_v3 - eastus,Virtual Machines,Standard_D2s_v3 Series,bbc4f1e6-b32a-5f02-86f0-702bf6097b8b,D2s v3,24.0,1 Hour,4.001907,0.168,0.166746,0.168,OnDemand,USD,Microsoft.Compute,/subscriptions/a1b2c3d4-0003-0003-0003-000000000003/resourceGroups/rg-app-staging/providers/Microsoft.Compute/virtualMachines/vm-standard-d2s-v3-09,vm-standard-d2s-v3-09,"{""team"": ""backend"", ""environment"": ""staging"", ""costcenter"": ""CC400"", ""application"": ""backend-app""}","{""ServiceType"": ""Standard"", ""VMName"": ""vm-standard-d2s-v3-09"", ""vCPUs"": 2}",Compute,Usage,Azure,,
EA-9876543210,platform-prod-sub,platform-prod-sub,owner_0001@company.com,a1b2c3d4-0001-0001-0001-000000000001,platform-prod-sub,rg-platform-dev,eastus,2026-04-22,Virtual Machines Standard_B2s - eastus,Virtual Machines,Standard_B2s Series,7190101e-d2ab-5a56-ad8e-83f7122f17e8,B2s,24.0,1 Hour,2.020669,0.084,0.084195,0.084,OnDemand,USD,Microsoft.Compute,/subscriptions/a1b2c3d4-0001-0001-0001-000000000001/resourceGroups/rg-platform-dev/providers/Microsoft.Compute/virtualMachines/vm-standard-b2s-10,vm-standard-b2s-10,"{""team"": ""platform"", ""environment"": ""dev"", ""costcenter"": ""CC100"", ""application"": ""platform-app""}","{""ServiceType"": ""Standard"", ""VMName"": ""vm-standard-b2s-10"", ""vCPUs"": 2}",Compute,Usage,Azure,,
EA-9876543210,app-prod-sub,app-prod-sub,owner_0003@company.com,a1b2c3d4-0003-0003-0003-000000000003,app-prod-sub,rg-app-dev,eastus,2026-04-22,Virtual Machines Standard_B2s - eastus,Virtual Machines,Standard_B2s Series,7190101e-d2ab-5a56-ad8e-83f7122f17e8,B2s,24.0,1 Hour,1.394358,0.084,0.058098,0.084,SavingsPlan,USD,Microsoft.Compute,/subscriptions/a1b2c3d4-0003-0003-0003-000000000003/resourceGroups/rg-app-dev/providers/Microsoft.Compute/virtualMachines/vm-standard-b2s-11,vm-standard-b2s-11,{},"{""ServiceType"": ""Standard"", ""VMName"": ""vm-standard-b2s-11"", ""vCPUs"": 2}",Compute,Usage,Azure,/providers/Microsoft.BillingBenefits/savingsPlanOrders/4a9f4864-e0fb-4033-8a0d-061f6af0d8e9,Compute savings plan_1Year
EA-9876543210,app-prod-sub,app-prod-sub,owner_0003@company.com,a1b2c3d4-0003-0003-0003-000000000003,app-prod-sub,rg-app-dev,eastus,2026-04-22,Unused Reservation - vm-standard-b2s-11,Virtual Machines,Unused Capacity,6e7f5d74-7cbc-518f-9761-946581dee9fb,Unused,0.0,1 Hour,0.080505,0.0,0.0,0.084,SavingsPlan,USD,Microsoft.Compute,,vm-standard-b2s-11,{},{},Compute,UnusedSavingsPlan,Azure,/providers/Microsoft.BillingBenefits/savingsPlanOrders/5a466ae1-6fc8-4cf1-8d12-ca45eb9e8ff5,Compute savings plan_1Year
EA-9876543210,platform-prod-sub,platform-prod-sub,owner_0001@company.com,a1b2c3d4-0001-0001-0001-000000000001,platform-prod-sub,rg-platform-prod,eastus,2026-04-22,Blob Storage - LRS - Hot - eastus,Storage,Blobs - LRS - Hot,fb8faed0-f377-5fb0-92b7-78035153a7fa,Data Stored,850.4062,1 GB/Month,0.511255,0.018,0.018,0.018,OnDemand,USD,Microsoft.Storage,/subscriptions/a1b2c3d4-0001-0001-0001-000000000001/resourceGroups/rg-platform-prod/providers/Microsoft.Storage/storageAccounts/stplatformassets,stplatformassets,{},"{""AccountType"": ""LRS""}",Storage,Usage,Azure,,
EA-9876543210,data-eng-prod-sub,data-eng-prod-sub,owner_0002@company.com,a1b2c3d4-0002-0002-0002-000000000002,data-eng-prod-sub,rg-data-prod,westeurope,2026-04-22,Blob Storage - ZRS - Hot - westeurope,Storage,Blobs - ZRS - Hot,9dd9b051-b91d-533a-9f70-e4838eb241bb,Data Stored,3199.1665,1 GB/Month,2.455676,0.023,0.023,0.023,OnDemand,USD,Microsoft.Storage,/subscriptions/a1b2c3d4-0002-0002-0002-000000000002/resourceGroups/rg-data-prod/providers/Microsoft.Storage/storageAccounts/stdatalake,stdatalake,{},"{""AccountType"": ""ZRS""}",Storage,Usage,Azure,,
EA-9876543210,app-prod-sub,app-prod-sub,owner_0003@company.com,a1b2c3d4-0003-0003-0003-000000000003,app-prod-sub,rg-app-prod,southeastasia,2026-04-22,Blob Storage - LRS - Hot - southeastasia,Storage,Blobs - LRS - Hot,3ae72a36-b458-5b93-9e16-84484844594d,Data Stored,400.226,1 GB/Month,0.239533,0.018,0.018,0.018,OnDemand,USD,Microsoft.Storage,/subscriptions/a1b2c3d4-0003-0003-0003-000000000003/resourceGroups/rg-app-prod/providers/Microsoft.Storage/storageAccounts/stappassets,stappassets,"{""team"": ""frontend"", ""environment"": ""prod"", ""costcenter"": ""CC300"", ""application"": ""frontend-app""}","{""AccountType"": ""LRS""}",Storage,Usage,Azure,,
EA-9876543210,data-eng-prod-sub,data-eng-prod-sub,owner_0002@company.com,a1b2c3d4-0002-0002-0002-000000000002,data-eng-prod-sub,rg-ml-prod,westeurope,2026-04-22,Blob Storage - LRS - Hot - westeurope,Storage,Blobs - LRS - Hot,4ba045d2-b571-568f-be23-884194c5daba,Data Stored,1099.2978,1 GB/Month,0.658955,0.018,0.018,0.018,OnDemand,USD,Microsoft.Storage,/subscriptions/a1b2c3d4-0002-0002-0002-000000000002/resourceGroups/rg-ml-prod/providers/Microsoft.Storage/storageAccounts/stmlmodels,stmlmodels,"{""team"": ""ml"", ""environment"": ""prod"", ""costcenter"": ""CC500"", ""application"": ""ml-app""}","{""AccountType"": ""LRS""}",Storage,Usage,Azure,,
EA-9876543210,platform-prod-sub,platform-prod-sub,owner_0001@company.com,a1b2c3d4-0001-0001-0001-000000000001,platform-prod-sub,rg-platform-prod,eastus,2026-04-22,Azure SQL Database Standard_S2 - eastus,SQL Database,Standard_S2,cd1e0b9a-8ff0-5779-9281-87ab698e2916,vCore Hours,24.0,1 Hour,7.444075,0.31,0.31,0.31,OnDemand,USD,Microsoft.Sql,/subscriptions/a1b2c3d4-0001-0001-0001-000000000001/resourceGroups/rg-platform-prod/providers/Microsoft.Sql/servers/databases/sqldb-standard-0001,sqldb-standard-0001,"{""team"": ""platform"", ""environment"": ""prod"", ""costcenter"": ""CC100"", ""application"": ""platform-app""}",{},Databases,Usage,Azure,,
EA-9876543210,data-eng-prod-sub,data-eng-prod-sub,owner_0002@company.com,a1b2c3d4-0002-0002-0002-000000000002,data-eng-prod-sub,rg-data-prod,westeurope,2026-04-22,Azure SQL Database Business Critical_BC_Gen5_4 - westeurope,SQL Database,Business Critical_BC_Gen5_4,4bab5ab0-7291-58c2-8564-3252f5053179,vCore Hours,24.0,1 Hour,52.306944,2.2,2.2,2.2,OnDemand,USD,Microsoft.Sql,/subscriptions/a1b2c3d4-0002-0002-0002-000000000002/resourceGroups/rg-data-prod/providers/Microsoft.Sql/servers/databases/sqldb-business critical-0002,sqldb-business critical-0002,"{""team"": ""data-eng"", ""environment"": ""prod"", ""costcenter"": ""CC200"", ""application"": ""data-eng-app""}",{},Databases,Usage,Azure,,
EA-9876543210,app-prod-sub,app-prod-sub,owner_0003@company.com,a1b2c3d4-0003-0003-0003-000000000003,app-prod-sub,rg-app-prod,eastus,2026-04-22,Azure SQL Database General Purpose_GP_Gen5_2 - eastus,SQL Database,General Purpose_GP_Gen5_2,69e0198c-4ca3-5ac2-8540-db65f6d44c56,vCore Hours,24.0,1 Hour,14.539413,0.6,0.6,0.6,OnDemand,USD,Microsoft.Sql,/subscriptions/a1b2c3d4-0003-0003-0003-000000000003/resourceGroups/rg-app-prod/providers/Microsoft.Sql/servers/databases/sqldb-general purpose-0003,sqldb-general purpose-0003,{},{},Databases,Usage,Azure,,
EA-9876543210,shared-infra-sub,shared-infra-sub,owner_infra@company.com,a1b2c3d4-9999-9999-9999-000000000099,shared-infra-sub,rg-shared-infra,eastus,2026-04-22,Azure Monitor,Monitor,Data Ingested,aadff281-e00d-588e-bd69-a4630325bd50,Data Ingested,1000.0,1 Unit,45.420611,0.045,0.045,0.045,OnDemand,USD,Microsoft.SharedInfra,/subscriptions/a1b2c3d4-9999-9999-9999-000000000099/resourceGroups/rg-shared-infra/providers/Microsoft.SharedInfra/Monitor/monitor,monitor,{},{},Management,Usage,Azure,,
EA-9876543210,shared-infra-sub,shared-infra-sub,owner_infra@company.com,a1b2c3d4-9999-9999-9999-000000000099,shared-infra-sub,rg-shared-infra,eastus,2026-04-22,Virtual Network,Networking,Intra-Region,cc2ca1a8-2d13-5873-b301-4b8ed16ed2c0,Intra-Region,622.22,1 Unit,28.053505,0.045,0.045,0.045,OnDemand,USD,Microsoft.SharedInfra,/subscriptions/a1b2c3d4-9999-9999-9999-000000000099/resourceGroups/rg-shared-infra/providers/Microsoft.SharedInfra/Networking/networking,networking,{},{},Networking,Usage,Azure,,
EA-9876543210,shared-infra-sub,shared-infra-sub,owner_infra@company.com,a1b2c3d4-9999-9999-9999-000000000099,shared-infra-sub,rg-shared-infra,eastus,2026-04-22,API Management,API Management,Gateway Units,78998862-331b-5215-a4b4-8d4500189f89,Gateway Units,2666.67,1 Unit,120.772137,0.045,0.045,0.045,OnDemand,USD,Microsoft.SharedInfra,/subscriptions/a1b2c3d4-9999-9999-9999-000000000099/resourceGroups/rg-shared-infra/providers/Microsoft.SharedInfra/API Management/api-management,api-management,{},{},Integration,Usage,Azure,,
EA-9876543210,shared-infra-sub,shared-infra-sub,owner_infra@company.com,a1b2c3d4-9999-9999-9999-000000000099,shared-infra-sub,rg-shared-infra,eastus,2026-04-22,Azure Key Vault,Key Vault,Operations,3cb0172e-6732-5350-b439-97753364a78c,Operations,177.78,1 Unit,8.054018,0.045,0.045,0.045,OnDemand,USD,Microsoft.SharedInfra,/subscriptions/a1b2c3d4-9999-9999-9999-000000000099/resourceGroups/rg-shared-infra/providers/Microsoft.SharedInfra/Key Vault/key-vault,key-vault,{},{},Security,Usage,Azure,,
EA-9876543210,shared-infra-sub,shared-infra-sub,owner_infra@company.com,a1b2c3d4-9999-9999-9999-000000000099,shared-infra-sub,rg-shared-infra,eastus,2026-04-22,Azure Blob Storage,Storage,Data Stored,2e8ee991-b3b7-5136-98e5-4772405cdb0c,Data Stored,400.0,1 Unit,18.090994,0.045,0.045,0.045,OnDemand,USD,Microsoft.SharedInfra,/subscriptions/a1b2c3d4-9999-9999-9999-000000000099/resourceGroups/rg-shared-infra/providers/Microsoft.SharedInfra/Storage/storage,storage,{},{},Storage,Usage,Azure,,
EA-9876543210,platform-prod-sub,platform-prod-sub,owner_0001@company.com,a1b2c3d4-0001-0001-0001-000000000001,platform-prod-sub,rg-platform-prod,eastus,2026-04-23,Virtual Machines Standard_D2s_v3 - eastus,Virtual Machines,Standard_D2s_v3 Series,bbc4f1e6-b32a-5f02-86f0-702bf6097b8b,D2s v3,24.0,1 Hour,4.050225,0.168,0.168759,0.168,OnDemand,USD,Microsoft.Compute,/subscriptions/a1b2c3d4-0001-0001-0001-000000000001/resourceGroups/rg-platform-prod/providers/Microsoft.Compute/virtualMachines/vm-standard-d2s-v3-00,vm-standard-d2s-v3-00,"{""team"": ""platform"", ""environment"": ""prod"", ""costcenter"": ""CC100"", ""application"": ""platform-app""}","{""ServiceType"": ""Standard"", ""VMName"": ""vm-standard-d2s-v3-00"", ""vCPUs"": 2}",Compute,Usage,Azure,,
EA-9876543210,platform-prod-sub,platform-prod-sub,owner_0001@company.com,a1b2c3d4-0001-0001-0001-000000000001,platform-prod-sub,rg-platform-prod,eastus,2026-04-23,Virtual Machines Standard_D2s_v3 - eastus,Virtual Machines,Standard_D2s_v3 Series,bbc4f1e6-b32a-5f02-86f0-702bf6097b8b,D2s v3,24.0,1 Hour,3.996061,0.168,0.166503,0.168,OnDemand,USD,Microsoft.Compute,/subscriptions/a1b2c3d4-0001-0001-0001-000000000001/resourceGroups/rg-platform-prod/providers/Microsoft.Compute/virtualMachines/vm-standard-d2s-v3-01,vm-standard-d2s-v3-01,"{""team"": ""platform"", ""environment"": ""prod"", ""costcenter"": ""CC100"", ""application"": ""platform-app""}","{""ServiceType"": ""Standard"", ""VMName"": ""vm-standard-d2s-v3-01"", ""vCPUs"": 2}",Compute,Usage,Azure,,
EA-9876543210,app-prod-sub,app-prod-sub,owner_0003@company.com,a1b2c3d4-0003-0003-0003-000000000003,app-prod-sub,rg-app-prod,eastus,2026-04-23,Virtual Machines Standard_D4s_v3 - eastus,Virtual Machines,Standard_D4s_v3 Series,6c8e1236-a3aa-53d7-8e09-dadb98f69027,D4s v3,24.0,1 Hour,8.058196,0.336,0.335758,0.336,OnDemand,USD,Microsoft.Compute,/subscriptions/a1b2c3d4-0003-0003-0003-000000000003/resourceGroups/rg-app-prod/providers/Microsoft.Compute/virtualMachines/vm-standard-d4s-v3-02,vm-standard-d4s-v3-02,"{""team"": ""backend"", ""environment"": ""prod"", ""costcenter"": ""CC400"", ""application"": ""backend-app""}","{""ServiceType"": ""Standard"", ""VMName"": ""vm-standard-d4s-v3-02"", ""vCPUs"": 4}",Compute,Usage,Azure,,
EA-9876543210,data-eng-prod-sub,data-eng-prod-sub,owner_0002@company.com,a1b2c3d4-0002-0002-0002-000000000002,data-eng-prod-sub,rg-data-prod,westeurope,2026-04-23,Virtual Machines Standard_E4s_v3 - westeurope,Virtual Machines,Standard_E4s_v3 Series,7373fa15-5d45-5d30-a83f-72064e156f94,E4s v3,24.0,1 Hour,5.583891,0.364,0.232662,0.364,Reservation,USD,Microsoft.Compute,/subscriptions/a1b2c3d4-0002-0002-0002-000000000002/resourceGroups/rg-data-prod/providers/Microsoft.Compute/virtualMachines/vm-standard-e4s-v3-03,vm-standard-e4s-v3-03,{},"{""ServiceType"": ""Standard"", ""VMName"": ""vm-standard-e4s-v3-03"", ""vCPUs"": 4}",Compute,Usage,Azure,/providers/Microsoft.BillingBenefits/savingsPlanOrders/72f8f2ac-7b05-451d-8081-29e8a24a1927,Reserved VM Instance_westeurope_1Year
EA-9876543210,data-eng-prod-sub,data-eng-prod-sub,owner_0002@company.com,a1b2c3d4-0002-0002-0002-000000000002,data-eng-prod-sub,rg-data-prod,westeurope,2026-04-23,Unused Reservation - vm-standard-e4s-v3-03,Virtual Machines,Unused Capacity,b4d74e74-8d24-522e-84d6-1944db2b1dc8,Unused,0.0,1 Hour,0.392603,0.0,0.0,0.364,Reservation,USD,Microsoft.Compute,,vm-standard-e4s-v3-03,"{""team"": ""data-eng"", ""environment"": ""prod"", ""costcenter"": ""CC200"", ""application"": ""data-eng-app""}",{},Compute,UnusedReservation,Azure,/providers/Microsoft.BillingBenefits/savingsPlanOrders/4601c912-965e-4b1f-8e4c-d600d3f4a7df,Reserved VM Instance_westeurope_1Year
EA-9876543210,data-eng-prod-sub,data-eng-prod-sub,owner_0002@company.com,a1b2c3d4-0002-0002-0002-000000000002,data-eng-prod-sub,rg-data-prod,westeurope,2026-04-23,Virtual Machines Standard_E8s_v3 - westeurope,Virtual Machines,Standard_E8s_v3 Series,2b9593f7-8692-56d9-b10a-a624f400da47,E8s v3,24.0,1 Hour,17.389052,0.728,0.724544,0.728,OnDemand,USD,Microsoft.Compute,/subscriptions/a1b2c3d4-0002-0002-0002-000000000002/resourceGroups/rg-data-prod/providers/Microsoft.Compute/virtualMachines/vm-standard-e8s-v3-04,vm-standard-e8s-v3-04,{},"{""ServiceType"": ""Standard"", ""VMName"": ""vm-standard-e8s-v3-04"", ""vCPUs"": 8}",Compute,Usage,Azure,,
EA-9876543210,data-eng-prod-sub,data-eng-prod-sub,owner_0002@company.com,a1b2c3d4-0002-0002-0002-000000000002,data-eng-prod-sub,rg-ml-prod,westeurope,2026-04-23,Virtual Machines Standard_F4s_v2 - westeurope,Virtual Machines,Standard_F4s_v2 Series,303bf71a-6d52-56d9-8e75-95552aa01c86,F4s v2,24.0,1 Hour,3.884866,0.252,0.161869,0.252,Reservation,USD,Microsoft.Compute,/subscriptions/a1b2c3d4-0002-0002-0002-000000000002/resourceGroups/rg-ml-prod/providers/Microsoft.Compute/virtualMachines/vm-standard-f4s-v2-05,vm-standard-f4s-v2-05,{},"{""ServiceType"": ""Standard"", ""VMName"": ""vm-standard-f4s-v2-05"", ""vCPUs"": 4}",Compute,Usage,Azure,/providers/Microsoft.BillingBenefits/savingsPlanOrders/465de349-4f8a-4b49-a1d4-0301e743d0e9,Reserved VM Instance_westeurope_1Year
EA-9876543210,data-eng-prod-sub,data-eng-prod-sub,owner_0002@company.com,a1b2c3d4-0002-0002-0002-000000000002,data-eng-prod-sub,rg-ml-prod,westeurope,2026-04-23,Virtual Machines Standard_D8s_v3 - westeurope,Virtual Machines,Standard_D8s_v3 Series,348575ff-7ae0-57e5-896e-037d67179117,D8s v3,24.0,1 Hour,11.831493,0.672,0.492979,0.672,SavingsPlan,USD,Microsoft.Compute,/subscriptions/a1b2c3d4-0002-0002-0002-000000000002/resourceGroups/rg-ml-prod/providers/Microsoft.Compute/virtualMachines/vm-standard-d8s-v3-06,vm-standard-d8s-v3-06,"{""team"": ""ml"", ""environment"": ""prod"", ""costcenter"": ""CC500"", ""application"": ""ml-app""}","{""ServiceType"": ""Standard"", ""VMName"": ""vm-standard-d8s-v3-06"", ""vCPUs"": 8}",Compute,Usage,Azure,/providers/Microsoft.BillingBenefits/savingsPlanOrders/7f5f996a-ab95-434f-ae7e-9327bfc8db38,Compute savings plan_1Year
EA-9876543210,app-prod-sub,app-prod-sub,owner_0003@company.com,a1b2c3d4-0003-0003-0003-000000000003,app-prod-sub,rg-app-prod,southeastasia,2026-04-23,Virtual Machines Standard_B2s - southeastasia,Virtual Machines,Standard_B2s Series,78a50003-6630-5ba4-aad2-c10f0de71d3b,B2s,24.0,1 Hour,2.02988,0.084,0.084578,0.084,OnDemand,USD,Microsoft.Compute,/subscriptions/a1b2c3d4-0003-0003-0003-000000000003/resourceGroups/rg-app-prod/providers/Microsoft.Compute/virtualMachines/vm-standard-b2s-07,vm-standard-b2s-07,"{""team"": ""frontend"", ""environment"": ""prod"", ""costcenter"": ""CC300"", ""application"": ""frontend-app""}","{""ServiceType"": ""Standard"", ""VMName"": ""vm-standard-b2s-07"", ""vCPUs"": 2}",Compute,Usage,Azure,,
EA-9876543210,app-prod-sub,app-prod-sub,owner_0003@company.com,a1b2c3d4-0003-0003-0003-000000000003,app-prod-sub,rg-app-staging,southeastasia,2026-04-23,Virtual Machines Standard_B2s - southeastasia,Virtual Machines,Standard_B2s Series,78a50003-6630-5ba4-aad2-c10f0de71d3b,B2s,24.0,1 Hour,2.00674,0.084,0.083614,0.084,OnDemand,USD,Microsoft.Compute,/subscriptions/a1b2c3d4-0003-0003-0003-000000000003/resourceGroups/rg-app-staging/providers/Microsoft.Compute/virtualMachines/vm-standard-b2s-08,vm-standard-b2s-08,{},"{""ServiceType"": ""Standard"", ""VMName"": ""vm-standard-b2s-08"", ""vCPUs"": 2}",Compute,Usage,Azure,,
EA-9876543210,app-prod-sub,app-prod-sub,owner_0003@company.com,a1b2c3d4-0003-0003-0003-000000000003,app-prod-sub,rg-app-staging,eastus,2026-04-23,Virtual Machines Standard_D2s_v3 - eastus,Virtual Machines,Standard_D2s_v3 Series,bbc4f1e6-b32a-5f02-86f0-702bf6097b8b,D2s v3,24.0,1 Hour,4.028864,0.168,0.167869,0.168,OnDemand,USD,Microsoft.Compute,/subscriptions/a1b2c3d4-0003-0003-0003-000000000003/resourceGroups/rg-app-staging/providers/Microsoft.Compute/virtualMachines/vm-standard-d2s-v3-09,vm-standard-d2s-v3-09,{},"{""ServiceType"": ""Standard"", ""VMName"": ""vm-standard-d2s-v3-09"", ""vCPUs"": 2}",Compute,Usage,Azure,,
EA-9876543210,platform-prod-sub,platform-prod-sub,owner_0001@company.com,a1b2c3d4-0001-0001-0001-000000000001,platform-prod-sub,rg-platform-dev,eastus,2026-04-23,Virtual Machines Standard_B2s - eastus,Virtual Machines,Standard_B2s Series,7190101e-d2ab-5a56-ad8e-83f7122f17e8,B2s,24.0,1 Hour,2.026906,0.084,0.084454,0.084,OnDemand,USD,Microsoft.Compute,/subscriptions/a1b2c3d4-0001-0001-0001-000000000001/resourceGroups/rg-platform-dev/providers/Microsoft.Compute/virtualMachines/vm-standard-b2s-10,vm-standard-b2s-10,{},"{""ServiceType"": ""Standard"", ""VMName"": ""vm-standard-b2s-10"", ""vCPUs"": 2}",Compute,Usage,Azure,,
EA-9876543210,app-prod-sub,app-prod-sub,owner_0003@company.com,a1b2c3d4-0003-0003-0003-000000000003,app-prod-sub,rg-app-dev,eastus,2026-04-23,Virtual Machines Standard_B2s - eastus,Virtual Machines,Standard_B2s Series,7190101e-d2ab-5a56-ad8e-83f7122f17e8,B2s,24.0,1 Hour,1.302649,0.084,0.054277,0.084,SavingsPlan,USD,Microsoft.Compute,/subscriptions/a1b2c3d4-0003-0003-0003-000000000003/resourceGroups/rg-app-dev/providers/Microsoft.Compute/virtualMachines/vm-standard-b2s-11,vm-standard-b2s-11,{},"{""ServiceType"": ""Standard"", ""VMName"": ""vm-standard-b2s-11"", ""vCPUs"": 2}",Compute,Usage,Azure,/providers/Microsoft.BillingBenefits/savingsPlanOrders/127e9e3c-5490-4ea1-987c-c9d02e4820dc,Compute savings plan_1Year
EA-9876543210,platform-prod-sub,platform-prod-sub,owner_0001@company.com,a1b2c3d4-0001-0001-0001-000000000001,platform-prod-sub,rg-platform-prod,eastus,2026-04-23,Blob Storage - LRS - Hot - eastus,Storage,Blobs - LRS - Hot,fb8faed0-f377-5fb0-92b7-78035153a7fa,Data Stored,849.1644,1 GB/Month,0.508502,0.018,0.018,0.018,OnDemand,USD,Microsoft.Storage,/subscriptions/a1b2c3d4-0001-0001-0001-000000000001/resourceGroups/rg-platform-prod/providers/Microsoft.Storage/storageAccounts/stplatformassets,stplatformassets,"{""team"": ""platform"", ""environment"": ""prod"", ""costcenter"": ""CC100"", ""application"": ""platform-app""}","{""AccountType"": ""LRS""}",Storage,Usage,Azure,,
EA-9876543210,data-eng-prod-sub,data-eng-prod-sub,owner_0002@company.com,a1b2c3d4-0002-0002-0002-000000000002,data-eng-prod-sub,rg-data-prod,westeurope,2026-04-23,Blob Storage - ZRS - Hot - westeurope,Storage,Blobs - ZRS - Hot,9dd9b051-b91d-533a-9f70-e4838eb241bb,Data Stored,3199.432,1 GB/Month,2.446974,0.023,0.023,0.023,OnDemand,USD,Microsoft.Storage,/subscriptions/a1b2c3d4-0002-0002-0002-000000000002/resourceGroups/rg-data-prod/providers/Microsoft.Storage/storageAccounts/stdatalake,stdatalake,"{""team"": ""data-eng"", ""environment"": ""prod"", ""costcenter"": ""CC200"", ""application"": ""data-eng-app""}","{""AccountType"": ""ZRS""}",Storage,Usage,Azure,,
EA-9876543210,app-prod-sub,app-prod-sub,owner_0003@company.com,a1b2c3d4-0003-0003-0003-000000000003,app-prod-sub,rg-app-prod,southeastasia,2026-04-23,Blob Storage - LRS - Hot - southeastasia,Storage,Blobs - LRS - Hot,3ae72a36-b458-5b93-9e16-84484844594d,Data Stored,400.1484,1 GB/Month,0.240036,0.018,0.018,0.018,OnDemand,USD,Microsoft.Storage,/subscriptions/a1b2c3d4-0003-0003-0003-000000000003/resourceGroups/rg-app-prod/providers/Microsoft.Storage/storageAccounts/stappassets,stappassets,"{""team"": ""frontend"", ""environment"": ""prod"", ""costcenter"": ""CC300"", ""application"": ""frontend-app""}","{""AccountType"": ""LRS""}",Storage,Usage,Azure,,
EA-9876543210,data-eng-prod-sub,data-eng-prod-sub,owner_0002@company.com,a1b2c3d4-0002-0002-0002-000000000002,data-eng-prod-sub,rg-ml-prod,westeurope,2026-04-23,Blob Storage - LRS - Hot - westeurope,Storage,Blobs - LRS - Hot,4ba045d2-b571-568f-be23-884194c5daba,Data Stored,1100.4956,1 GB/Month,0.659412,0.018,0.018,0.018,OnDemand,USD,Microsoft.Storage,/subscriptions/a1b2c3d4-0002-0002-0002-000000000002/resourceGroups/rg-ml-prod/providers/Microsoft.Storage/storageAccounts/stmlmodels,stmlmodels,"{""team"": ""ml"", ""environment"": ""prod"", ""costcenter"": ""CC500"", ""application"": ""ml-app""}","{""AccountType"": ""LRS""}",Storage,Usage,Azure,,
EA-9876543210,platform-prod-sub,platform-prod-sub,owner_0001@company.com,a1b2c3d4-0001-0001-0001-000000000001,platform-prod-sub,rg-platform-prod,eastus,2026-04-23,Azure SQL Database Standard_S2 - eastus,SQL Database,Standard_S2,cd1e0b9a-8ff0-5779-9281-87ab698e2916,vCore Hours,24.0,1 Hour,7.403082,0.31,0.31,0.31,OnDemand,USD,Microsoft.Sql,/subscriptions/a1b2c3d4-0001-0001-0001-000000000001/resourceGroups/rg-platform-prod/providers/Microsoft.Sql/servers/databases/sqldb-standard-0001,sqldb-standard-0001,"{""team"": ""platform"", ""environment"": ""prod"", ""costcenter"": ""CC100"", ""application"": ""platform-app""}",{},Databases,Usage,Azure,,
EA-9876543210,data-eng-prod-sub,data-eng-prod-sub,owner_0002@company.com,a1b2c3d4-0002-0002-0002-000000000002,data-eng-prod-sub,rg-data-prod,westeurope,2026-04-23,Azure SQL Database Business Critical_BC_Gen5_4 - westeurope,SQL Database,Business Critical_BC_Gen5_4,4bab5ab0-7291-58c2-8564-3252f5053179,vCore Hours,24.0,1 Hour,52.307948,2.2,2.2,2.2,OnDemand,USD,Microsoft.Sql,/subscriptions/a1b2c3d4-0002-0002-0002-000000000002/resourceGroups/rg-data-prod/providers/Microsoft.Sql/servers/databases/sqldb-business critical-0002,sqldb-business critical-0002,"{""team"": ""data-eng"", ""environment"": ""prod"", ""costcenter"": ""CC200"", ""application"": ""data-eng-app""}",{},Databases,Usage,Azure,,
EA-9876543210,app-prod-sub,app-prod-sub,owner_0003@company.com,a1b2c3d4-0003-0003-0003-000000000003,app-prod-sub,rg-app-prod,eastus,2026-04-23,Azure SQL Database General Purpose_GP_Gen5_2 - eastus,SQL Database,General Purpose_GP_Gen5_2,69e0198c-4ca3-5ac2-8540-db65f6d44c56,vCore Hours,24.0,1 Hour,14.434386,0.6,0.6,0.6,OnDemand,USD,Microsoft.Sql,/subscriptions/a1b2c3d4-0003-0003-0003-000000000003/resourceGroups/rg-app-prod/providers/Microsoft.Sql/servers/databases/sqldb-general purpose-0003,sqldb-general purpose-0003,"{""team"": ""backend"", ""environment"": ""prod"", ""costcenter"": ""CC400"", ""application"": ""backend-app""}",{},Databases,Usage,Azure,,
EA-9876543210,shared-infra-sub,shared-infra-sub,owner_infra@company.com,a1b2c3d4-9999-9999-9999-000000000099,shared-infra-sub,rg-shared-infra,eastus,2026-04-23,Azure Monitor,Monitor,Data Ingested,aadff281-e00d-588e-bd69-a4630325bd50,Data Ingested,1000.0,1 Unit,44.601194,0.045,0.045,0.045,OnDemand,USD,Microsoft.SharedInfra,/subscriptions/a1b2c3d4-9999-9999-9999-000000000099/resourceGroups/rg-shared-infra/providers/Microsoft.SharedInfra/Monitor/monitor,monitor,{},{},Management,Usage,Azure,,
EA-9876543210,shared-infra-sub,shared-infra-sub,owner_infra@company.com,a1b2c3d4-9999-9999-9999-000000000099,shared-infra-sub,rg-shared-infra,eastus,2026-04-23,Virtual Network,Networking,Intra-Region,cc2ca1a8-2d13-5873-b301-4b8ed16ed2c0,Intra-Region,622.22,1 Unit,28.052718,0.045,0.045,0.045,OnDemand,USD,Microsoft.SharedInfra,/subscriptions/a1b2c3d4-9999-9999-9999-000000000099/resourceGroups/rg-shared-infra/providers/Microsoft.SharedInfra/Networking/networking,networking,{},{},Networking,Usage,Azure,,
EA-9876543210,shared-infra-sub,shared-infra-sub,owner_infra@company.com,a1b2c3d4-9999-9999-9999-000000000099,shared-infra-sub,rg-shared-infra,eastus,2026-04-23,API Management,API Management,Gateway Units,78998862-331b-5215-a4b4-8d4500189f89,Gateway Units,2666.67,1 Unit,120.945521,0.045,0.045,0.045,OnDemand,USD,Microsoft.SharedInfra,/subscriptions/a1b2c3d4-9999-9999-9999-000000000099/resourceGroups/rg-shared-infra/providers/Microsoft.SharedInfra/API Management/api-management,api-management,{},{},Integration,Usage,Azure,,
EA-9876543210,shared-infra-sub,shared-infra-sub,owner_infra@company.com,a1b2c3d4-9999-9999-9999-000000000099,shared-infra-sub,rg-shared-infra,eastus,2026-04-23,Azure Key Vault,Key Vault,Operations,3cb0172e-6732-5350-b439-97753364a78c,Operations,177.78,1 Unit,7.954692,0.045,0.045,0.045,OnDemand,USD,Microsoft.SharedInfra,/subscriptions/a1b2c3d4-9999-9999-9999-000000000099/resourceGroups/rg-shared-infra/providers/Microsoft.SharedInfra/Key Vault/key-vault,key-vault,{},{},Security,Usage,Azure,,
EA-9876543210,shared-infra-sub,shared-infra-sub,owner_infra@company.com,a1b2c3d4-9999-9999-9999-000000000099,shared-infra-sub,rg-shared-infra,eastus,2026-04-23,Azure Blob Storage,Storage,Data Stored,2e8ee991-b3b7-5136-98e5-4772405cdb0c,Data Stored,400.0,1 Unit,18.035779,0.045,0.045,0.045,OnDemand,USD,Microsoft.SharedInfra,/subscriptions/a1b2c3d4-9999-9999-9999-000000000099/resourceGroups/rg-shared-infra/providers/Microsoft.SharedInfra/Storage/storage,storage,{},{},Storage,Usage,Azure,,
EA-9876543210,platform-prod-sub,platform-prod-sub,owner_0001@company.com,a1b2c3d4-0001-0001-0001-000000000001,platform-prod-sub,rg-platform-prod,eastus,2026-04-24,Virtual Machines Standard_D2s_v3 - eastus,Virtual Machines,Standard_D2s_v3 Series,bbc4f1e6-b32a-5f02-86f0-702bf6097b8b,D2s v3,24.0,1 Hour,4.040442,0.168,0.168352,0.168,OnDemand,USD,Microsoft.Compute,/subscriptions/a1b2c3d4-0001-0001-0001-000000000001/resourceGroups/rg-platform-prod/providers/Microsoft.Compute/virtualMachines/vm-standard-d2s-v3-00,vm-standard-d2s-v3-00,"{""team"": ""platform"", ""environment"": ""prod"", ""costcenter"": ""CC100"", ""application"": ""platform-app""}","{""ServiceType"": ""Standard"", ""VMName"": ""vm-standard-d2s-v3-00"", ""vCPUs"": 2}",Compute,Usage,Azure,,
EA-9876543210,platform-prod-sub,platform-prod-sub,owner_0001@company.com,a1b2c3d4-0001-0001-0001-000000000001,platform-prod-sub,rg-platform-prod,eastus,2026-04-24,Virtual Machines Standard_D2s_v3 - eastus,Virtual Machines,Standard_D2s_v3 Series,bbc4f1e6-b32a-5f02-86f0-702bf6097b8b,D2s v3,24.0,1 Hour,4.05645,0.168,0.169019,0.168,OnDemand,USD,Microsoft.Compute,/subscriptions/a1b2c3d4-0001-0001-0001-000000000001/resourceGroups/rg-platform-prod/providers/Microsoft.Compute/virtualMachines/vm-standard-d2s-v3-01,vm-standard-d2s-v3-01,{},"{""ServiceType"": ""Standard"", ""VMName"": ""vm-standard-d2s-v3-01"", ""vCPUs"": 2}",Compute,Usage,Azure,,
EA-9876543210,app-prod-sub,app-prod-sub,owner_0003@company.com,a1b2c3d4-0003-0003-0003-000000000003,app-prod-sub,rg-app-prod,eastus,2026-04-24,Virtual Machines Standard_D4s_v3 - eastus,Virtual Machines,Standard_D4s_v3 Series,6c8e1236-a3aa-53d7-8e09-dadb98f69027,D4s v3,24.0,1 Hour,8.030868,0.336,0.33462,0.336,OnDemand,USD,Microsoft.Compute,/subscriptions/a1b2c3d4-0003-0003-0003-000000000003/resourceGroups/rg-app-prod/providers/Microsoft.Compute/virtualMachines/vm-standard-d4s-v3-02,vm-standard-d4s-v3-02,"{""team"": ""backend"", ""environment"": ""prod"", ""costcenter"": ""CC400"", ""application"": ""backend-app""}","{""ServiceType"": ""Standard"", ""VMName"": ""vm-standard-d4s-v3-02"", ""vCPUs"": 4}",Compute,Usage,Azure,,
EA-9876543210,data-eng-prod-sub,data-eng-prod-sub,owner_0002@company.com,a1b2c3d4-0002-0002-0002-000000000002,data-eng-prod-sub,rg-data-prod,westeurope,2026-04-24,Virtual Machines Standard_E4s_v3 - westeurope,Virtual Machines,Standard_E4s_v3 Series,7373fa15-5d45-5d30-a83f-72064e156f94,E4s v3,24.0,1 Hour,6.13516,0.364,0.255632,0.364,Reservation,USD,Microsoft.Compute,/subscriptions/a1b2c3d4-0002-0002-0002-000000000002/resourceGroups/rg-data-prod/providers/Microsoft.Compute/virtualMachines/vm-standard-e4s-v3-03,vm-standard-e4s-v3-03,"{""team"": ""data-eng"", ""environment"": ""prod"", ""costcenter"": ""CC200"", ""application"": ""data-eng-app""}","{""ServiceType"": ""Standard"", ""VMName"": ""vm-standard-e4s-v3-03"", ""vCPUs"": 4}",Compute,Usage,Azure,/providers/Microsoft.BillingBenefits/savingsPlanOrders/d760eabf-c20f-4de4-b6f9-f6e9063984b3,Reserved VM Instance_westeurope_1Year
EA-9876543210,data-eng-prod-sub,data-eng-prod-sub,owner_0002@company.com,a1b2c3d4-0002-0002-0002-000000000002,data-eng-prod-sub,rg-data-prod,westeurope,2026-04-24,Virtual Machines Standard_E8s_v3 - westeurope,Virtual Machines,Standard_E8s_v3 Series,2b9593f7-8692-56d9-b10a-a624f400da47,E8s v3,24.0,1 Hour,17.566391,0.728,0.731933,0.728,OnDemand,USD,Microsoft.Compute,/subscriptions/a1b2c3d4-0002-0002-0002-000000000002/resourceGroups/rg-data-prod/providers/Microsoft.Compute/virtualMachines/vm-standard-e8s-v3-04,vm-standard-e8s-v3-04,{},"{""ServiceType"": ""Standard"", ""VMName"": ""vm-standard-e8s-v3-04"", ""vCPUs"": 8}",Compute,Usage,Azure,,
EA-9876543210,data-eng-prod-sub,data-eng-prod-sub,owner_0002@company.com,a1b2c3d4-0002-0002-0002-000000000002,data-eng-prod-sub,rg-ml-prod,westeurope,2026-04-24,Virtual Machines Standard_F4s_v2 - westeurope,Virtual Machines,Standard_F4s_v2 Series,303bf71a-6d52-56d9-8e75-95552aa01c86,F4s v2,24.0,1 Hour,3.463612,0.252,0.144317,0.252,Reservation,USD,Microsoft.Compute,/subscriptions/a1b2c3d4-0002-0002-0002-000000000002/resourceGroups/rg-ml-prod/providers/Microsoft.Compute/virtualMachines/vm-standard-f4s-v2-05,vm-standard-f4s-v2-05,{},"{""ServiceType"": ""Standard"", ""VMName"": ""vm-standard-f4s-v2-05"", ""vCPUs"": 4}",Compute,Usage,Azure,/providers/Microsoft.BillingBenefits/savingsPlanOrders/5546d834-fa57-4fe2-9fe6-a2a0c33b7fc2,Reserved VM Instance_westeurope_1Year
EA-9876543210,data-eng-prod-sub,data-eng-prod-sub,owner_0002@company.com,a1b2c3d4-0002-0002-0002-000000000002,data-eng-prod-sub,rg-ml-prod,westeurope,2026-04-24,Unused Reservation - vm-standard-f4s-v2-05,Virtual Machines,Unused Capacity,95e634be-cf59-5d32-abc1-3386539d3bb0,Unused,0.0,1 Hour,1.079318,0.0,0.0,0.252,Reservation,USD,Microsoft.Compute,,vm-standard-f4s-v2-05,"{""team"": ""ml"", ""environment"": ""prod"", ""costcenter"": ""CC500"", ""application"": ""ml-app""}",{},Compute,UnusedReservation,Azure,/providers/Microsoft.BillingBenefits/savingsPlanOrders/11e109cc-5660-4ec9-932d-7f5ea113114f,Reserved VM Instance_westeurope_1Year
EA-9876543210,data-eng-prod-sub,data-eng-prod-sub,owner_0002@company.com,a1b2c3d4-0002-0002-0002-000000000002,data-eng-prod-sub,rg-ml-prod,westeurope,2026-04-24,Virtual Machines Standard_D8s_v3 - westeurope,Virtual Machines,Standard_D8s_v3 Series,348575ff-7ae0-57e5-896e-037d67179117,D8s v3,24.0,1 Hour,12.431288,0.672,0.51797,0.672,SavingsPlan,USD,Microsoft.Compute,/subscriptions/a1b2c3d4-0002-0002-0002-000000000002/resourceGroups/rg-ml-prod/providers/Microsoft.Compute/virtualMachines/vm-standard-d8s-v3-06,vm-standard-d8s-v3-06,"{""team"": ""ml"", ""environment"": ""prod"", ""costcenter"": ""CC500"", ""application"": ""ml-app""}","{""ServiceType"": ""Standard"", ""VMName"": ""vm-standard-d8s-v3-06"", ""vCPUs"": 8}",Compute,Usage,Azure,/providers/Microsoft.BillingBenefits/savingsPlanOrders/51fadb8f-fff4-4cbe-a18b-424a0c3eed56,Compute savings plan_1Year
EA-9876543210,app-prod-sub,app-prod-sub,owner_0003@company.com,a1b2c3d4-0003-0003-0003-000000000003,app-prod-sub,rg-app-prod,southeastasia,2026-04-24,Virtual Machines Standard_B2s - southeastasia,Virtual Machines,Standard_B2s Series,78a50003-6630-5ba4-aad2-c10f0de71d3b,B2s,24.0,1 Hour,2.003931,0.084,0.083497,0.084,OnDemand,USD,Microsoft.Compute,/subscriptions/a1b2c3d4-0003-0003-0003-000000000003/resourceGroups/rg-app-prod/providers/Microsoft.Compute/virtualMachines/vm-standard-b2s-07,vm-standard-b2s-07,{},"{""ServiceType"": ""Standard"", ""VMName"": ""vm-standard-b2s-07"", ""vCPUs"": 2}",Compute,Usage,Azure,,
EA-9876543210,app-prod-sub,app-prod-sub,owner_0003@company.com,a1b2c3d4-0003-0003-0003-000000000003,app-prod-sub,rg-app-staging,southeastasia,2026-04-24,Virtual Machines Standard_B2s - southeastasia,Virtual Machines,Standard_B2s Series,78a50003-6630-5ba4-aad2-c10f0de71d3b,B2s,24.0,1 Hour,2.017638,0.084,0.084068,0.084,OnDemand,USD,Microsoft.Compute,/subscriptions/a1b2c3d4-0003-0003-0003-000000000003/resourceGroups/rg-app-staging/providers/Microsoft.Compute/virtualMachines/vm-standard-b2s-08,vm-standard-b2s-08,{},"{""ServiceType"": ""Standard"", ""VMName"": ""vm-standard-b2s-08"", ""vCPUs"": 2}",Compute,Usage,Azure,,
EA-9876543210,app-prod-sub,app-prod-sub,owner_0003@company.com,a1b2c3d4-0003-0003-0003-000000000003,app-prod-sub,rg-app-staging,eastus,2026-04-24,Virtual Machines Standard_D2s_v3 - eastus,Virtual Machines,Standard_D2s_v3 Series,bbc4f1e6-b32a-5f02-86f0-702bf6097b8b,D2s v3,24.0,1 Hour,4.027289,0.168,0.167804,0.168,OnDemand,USD,Microsoft.Compute,/subscriptions/a1b2c3d4-0003-0003-0003-000000000003/resourceGroups/rg-app-staging/providers/Microsoft.Compute/virtualMachines/vm-standard-d2s-v3-09,vm-standard-d2s-v3-09,{},"{""ServiceType"": ""Standard"", ""VMName"": ""vm-standard-d2s-v3-09"", ""vCPUs"": 2}",Compute,Usage,Azure,,
EA-9876543210,platform-prod-sub,platform-prod-sub,owner_0001@company.com,a1b2c3d4-0001-0001-0001-000000000001,platform-prod-sub,rg-platform-dev,eastus,2026-04-24,Virtual Machines Standard_B2s - eastus,Virtual Machines,Standard_B2s Series,7190101e-d2ab-5a56-ad8e-83f7122f17e8,B2s,24.0,1 Hour,2.025175,0.084,0.084382,0.084,OnDemand,USD,Microsoft.Compute,/subscriptions/a1b2c3d4-0001-0001-0001-000000000001/resourceGroups/rg-platform-dev/providers/Microsoft.Compute/virtualMachines/vm-standard-b2s-10,vm-standard-b2s-10,"{""team"": ""platform"", ""environment"": ""dev"", ""costcenter"": ""CC100"", ""application"": ""platform-app""}","{""ServiceType"": ""Standard"", ""VMName"": ""vm-standard-b2s-10"", ""vCPUs"": 2}",Compute,Usage,Azure,,
EA-9876543210,app-prod-sub,app-prod-sub,owner_0003@company.com,a1b2c3d4-0003-0003-0003-000000000003,app-prod-sub,rg-app-dev,eastus,2026-04-24,Virtual Machines Standard_B2s - eastus,Virtual Machines,Standard_B2s Series,7190101e-d2ab-5a56-ad8e-83f7122f17e8,B2s,24.0,1 Hour,1.471236,0.084,0.061302,0.084,SavingsPlan,USD,Microsoft.Compute,/subscriptions/a1b2c3d4-0003-0003-0003-000000000003/resourceGroups/rg-app-dev/providers/Microsoft.Compute/virtualMachines/vm-standard-b2s-11,vm-standard-b2s-11,{},"{""ServiceType"": ""Standard"", ""VMName"": ""vm-standard-b2s-11"", ""vCPUs"": 2}",Compute,Usage,Azure,/providers/Microsoft.BillingBenefits/savingsPlanOrders/cc1f5e1c-b6cc-4a0b-8cc1-70f4b4540048,Compute savings plan_1Year
EA-9876543210,platform-prod-sub,platform-prod-sub,owner_0001@company.com,a1b2c3d4-0001-0001-0001-000000000001,platform-prod-sub,rg-platform-prod,eastus,2026-04-24,Blob Storage - LRS - Hot - eastus,Storage,Blobs - LRS - Hot,fb8faed0-f377-5fb0-92b7-78035153a7fa,Data Stored,849.2143,1 GB/Month,0.508473,0.018,0.018,0.018,OnDemand,USD,Microsoft.Storage,/subscriptions/a1b2c3d4-0001-0001-0001-000000000001/resourceGroups/rg-platform-prod/providers/Microsoft.Storage/storageAccounts/stplatformassets,stplatformassets,"{""team"": ""platform"", ""environment"": ""prod"", ""costcenter"": ""CC100"", ""application"": ""platform-app""}","{""AccountType"": ""LRS""}",Storage,Usage,Azure,,
EA-9876543210,data-eng-prod-sub,data-eng-prod-sub,owner_0002@company.com,a1b2c3d4-0002-0002-0002-000000000002,data-eng-prod-sub,rg-data-prod,westeurope,2026-04-24,Blob Storage - ZRS - Hot - westeurope,Storage,Blobs - ZRS - Hot,9dd9b051-b91d-533a-9f70-e4838eb241bb,Data Stored,3197.7703,1 GB/Month,2.451721,0.023,0.023,0.023,OnDemand,USD,Microsoft.Storage,/subscriptions/a1b2c3d4-0002-0002-0002-000000000002/resourceGroups/rg-data-prod/providers/Microsoft.Storage/storageAccounts/stdatalake,stdatalake,{},"{""AccountType"": ""ZRS""}",Storage,Usage,Azure,,
EA-9876543210,app-prod-sub,app-prod-sub,owner_0003@company.com,a1b2c3d4-0003-0003-0003-000000000003,app-prod-sub,rg-app-prod,southeastasia,2026-04-24,Blob Storage - LRS - Hot - southeastasia,Storage,Blobs - LRS - Hot,3ae72a36-b458-5b93-9e16-84484844594d,Data Stored,399.9131,1 GB/Month,0.239755,0.018,0.018,0.018,OnDemand,USD,Microsoft.Storage,/subscriptions/a1b2c3d4-0003-0003-0003-000000000003/resourceGroups/rg-app-prod/providers/Microsoft.Storage/storageAccounts/stappassets,stappassets,"{""team"": ""frontend"", ""environment"": ""prod"", ""costcenter"": ""CC300"", ""application"": ""frontend-app""}","{""AccountType"": ""LRS""}",Storage,Usage,Azure,,
EA-9876543210,data-eng-prod-sub,data-eng-prod-sub,owner_0002@company.com,a1b2c3d4-0002-0002-0002-000000000002,data-eng-prod-sub,rg-ml-prod,westeurope,2026-04-24,Blob Storage - LRS - Hot - westeurope,Storage,Blobs - LRS - Hot,4ba045d2-b571-568f-be23-884194c5daba,Data Stored,1100.4567,1 GB/Month,0.658035,0.018,0.018,0.018,OnDemand,USD,Microsoft.Storage,/subscriptions/a1b2c3d4-0002-0002-0002-000000000002/resourceGroups/rg-ml-prod/providers/Microsoft.Storage/storageAccounts/stmlmodels,stmlmodels,"{""team"": ""ml"", ""environment"": ""prod"", ""costcenter"": ""CC500"", ""application"": ""ml-app""}","{""AccountType"": ""LRS""}",Storage,Usage,Azure,,
EA-9876543210,platform-prod-sub,platform-prod-sub,owner_0001@company.com,a1b2c3d4-0001-0001-0001-000000000001,platform-prod-sub,rg-platform-prod,eastus,2026-04-24,Azure SQL Database Standard_S2 - eastus,SQL Database,Standard_S2,cd1e0b9a-8ff0-5779-9281-87ab698e2916,vCore Hours,24.0,1 Hour,7.480323,0.31,0.31,0.31,OnDemand,USD,Microsoft.Sql,/subscriptions/a1b2c3d4-0001-0001-0001-000000000001/resourceGroups/rg-platform-prod/providers/Microsoft.Sql/servers/databases/sqldb-standard-0001,sqldb-standard-0001,{},{},Databases,Usage,Azure,,
EA-9876543210,data-eng-prod-sub,data-eng-prod-sub,owner_0002@company.com,a1b2c3d4-0002-0002-0002-000000000002,data-eng-prod-sub,rg-data-prod,westeurope,2026-04-24,Azure SQL Database Business Critical_BC_Gen5_4 - westeurope,SQL Database,Business Critical_BC_Gen5_4,4bab5ab0-7291-58c2-8564-3252f5053179,vCore Hours,24.0,1 Hour,52.776915,2.2,2.2,2.2,OnDemand,USD,Microsoft.Sql,/subscriptions/a1b2c3d4-0002-0002-0002-000000000002/resourceGroups/rg-data-prod/providers/Microsoft.Sql/servers/databases/sqldb-business critical-0002,sqldb-business critical-0002,"{""team"": ""data-eng"", ""environment"": ""prod"", ""costcenter"": ""CC200"", ""application"": ""data-eng-app""}",{},Databases,Usage,Azure,,
EA-9876543210,app-prod-sub,app-prod-sub,owner_0003@company.com,a1b2c3d4-0003-0003-0003-000000000003,app-prod-sub,rg-app-prod,eastus,2026-04-24,Azure SQL Database General Purpose_GP_Gen5_2 - eastus,SQL Database,General Purpose_GP_Gen5_2,69e0198c-4ca3-5ac2-8540-db65f6d44c56,vCore Hours,24.0,1 Hour,14.372327,0.6,0.6,0.6,OnDemand,USD,Microsoft.Sql,/subscriptions/a1b2c3d4-0003-0003-0003-000000000003/resourceGroups/rg-app-prod/providers/Microsoft.Sql/servers/databases/sqldb-general purpose-0003,sqldb-general purpose-0003,{},{},Databases,Usage,Azure,,
EA-9876543210,shared-infra-sub,shared-infra-sub,owner_infra@company.com,a1b2c3d4-9999-9999-9999-000000000099,shared-infra-sub,rg-shared-infra,eastus,2026-04-24,Azure Monitor,Monitor,Data Ingested,aadff281-e00d-588e-bd69-a4630325bd50,Data Ingested,1000.0,1 Unit,45.204991,0.045,0.045,0.045,OnDemand,USD,Microsoft.SharedInfra,/subscriptions/a1b2c3d4-9999-9999-9999-000000000099/resourceGroups/rg-shared-infra/providers/Microsoft.SharedInfra/Monitor/monitor,monitor,{},{},Management,Usage,Azure,,
EA-9876543210,shared-infra-sub,shared-infra-sub,owner_infra@company.com,a1b2c3d4-9999-9999-9999-000000000099,shared-infra-sub,rg-shared-infra,eastus,2026-04-24,Virtual Network,Networking,Intra-Region,cc2ca1a8-2d13-5873-b301-4b8ed16ed2c0,Intra-Region,622.22,1 Unit,28.174874,0.045,0.045,0.045,OnDemand,USD,Microsoft.SharedInfra,/subscriptions/a1b2c3d4-9999-9999-9999-000000000099/resourceGroups/rg-shared-infra/providers/Microsoft.SharedInfra/Networking/networking,networking,{},{},Networking,Usage,Azure,,
EA-9876543210,shared-infra-sub,shared-infra-sub,owner_infra@company.com,a1b2c3d4-9999-9999-9999-000000000099,shared-infra-sub,rg-shared-infra,eastus,2026-04-24,API Management,API Management,Gateway Units,78998862-331b-5215-a4b4-8d4500189f89,Gateway Units,2666.67,1 Unit,118.968239,0.045,0.045,0.045,OnDemand,USD,Microsoft.SharedInfra,/subscriptions/a1b2c3d4-9999-9999-9999-000000000099/resourceGroups/rg-shared-infra/providers/Microsoft.SharedInfra/API Management/api-management,api-management,{},{},Integration,Usage,Azure,,
EA-9876543210,shared-infra-sub,shared-infra-sub,owner_infra@company.com,a1b2c3d4-9999-9999-9999-000000000099,shared-infra-sub,rg-shared-infra,eastus,2026-04-24,Azure Key Vault,Key Vault,Operations,3cb0172e-6732-5350-b439-97753364a78c,Operations,177.78,1 Unit,7.956135,0.045,0.045,0.045,OnDemand,USD,Microsoft.SharedInfra,/subscriptions/a1b2c3d4-9999-9999-9999-000000000099/resourceGroups/rg-shared-infra/providers/Microsoft.SharedInfra/Key Vault/key-vault,key-vault,{},{},Security,Usage,Azure,,
EA-9876543210,shared-infra-sub,shared-infra-sub,owner_infra@company.com,a1b2c3d4-9999-9999-9999-000000000099,shared-infra-sub,rg-shared-infra,eastus,2026-04-24,Azure Blob Storage,Storage,Data Stored,2e8ee991-b3b7-5136-98e5-4772405cdb0c,Data Stored,400.0,1 Unit,17.958393,0.045,0.045,0.045,OnDemand,USD,Microsoft.SharedInfra,/subscriptions/a1b2c3d4-9999-9999-9999-000000000099/resourceGroups/rg-shared-infra/providers/Microsoft.SharedInfra/Storage/storage,storage,{},{},Storage,Usage,Azure,,
EA-9876543210,platform-prod-sub,platform-prod-sub,owner_0001@company.com,a1b2c3d4-0001-0001-0001-000000000001,platform-prod-sub,rg-platform-prod,eastus,2026-04-25,Virtual Machines Standard_D2s_v3 - eastus,Virtual Machines,Standard_D2s_v3 Series,bbc4f1e6-b32a-5f02-86f0-702bf6097b8b,D2s v3,24.0,1 Hour,4.034847,0.168,0.168119,0.168,OnDemand,USD,Microsoft.Compute,/subscriptions/a1b2c3d4-0001-0001-0001-000000000001/resourceGroups/rg-platform-prod/providers/Microsoft.Compute/virtualMachines/vm-standard-d2s-v3-00,vm-standard-d2s-v3-00,"{""team"": ""platform"", ""environment"": ""prod"", ""costcenter"": ""CC100"", ""application"": ""platform-app""}","{""ServiceType"": ""Standard"", ""VMName"": ""vm-standard-d2s-v3-00"", ""vCPUs"": 2}",Compute,Usage,Azure,,
EA-9876543210,platform-prod-sub,platform-prod-sub,owner_0001@company.com,a1b2c3d4-0001-0001-0001-000000000001,platform-prod-sub,rg-platform-prod,eastus,2026-04-25,Virtual Machines Standard_D2s_v3 - eastus,Virtual Machines,Standard_D2s_v3 Series,bbc4f1e6-b32a-5f02-86f0-702bf6097b8b,D2s v3,24.0,1 Hour,3.996131,0.168,0.166505,0.168,OnDemand,USD,Microsoft.Compute,/subscriptions/a1b2c3d4-0001-0001-0001-000000000001/resourceGroups/rg-platform-prod/providers/Microsoft.Compute/virtualMachines/vm-standard-d2s-v3-01,vm-standard-d2s-v3-01,"{""team"": ""platform"", ""environment"": ""prod"", ""costcenter"": ""CC100"", ""application"": ""platform-app""}","{""ServiceType"": ""Standard"", ""VMName"": ""vm-standard-d2s-v3-01"", ""vCPUs"": 2}",Compute,Usage,Azure,,
EA-9876543210,app-prod-sub,app-prod-sub,owner_0003@company.com,a1b2c3d4-0003-0003-0003-000000000003,app-prod-sub,rg-app-prod,eastus,2026-04-25,Virtual Machines Standard_D4s_v3 - eastus,Virtual Machines,Standard_D4s_v3 Series,6c8e1236-a3aa-53d7-8e09-dadb98f69027,D4s v3,24.0,1 Hour,8.120987,0.336,0.338374,0.336,OnDemand,USD,Microsoft.Compute,/subscriptions/a1b2c3d4-0003-0003-0003-000000000003/resourceGroups/rg-app-prod/providers/Microsoft.Compute/virtualMachines/vm-standard-d4s-v3-02,vm-standard-d4s-v3-02,{},"{""ServiceType"": ""Standard"", ""VMName"": ""vm-standard-d4s-v3-02"", ""vCPUs"": 4}",Compute,Usage,Azure,,
EA-9876543210,data-eng-prod-sub,data-eng-prod-sub,owner_0002@company.com,a1b2c3d4-0002-0002-0002-000000000002,data-eng-prod-sub,rg-data-prod,westeurope,2026-04-25,Virtual Machines Standard_E4s_v3 - westeurope,Virtual Machines,Standard_E4s_v3 Series,7373fa15-5d45-5d30-a83f-72064e156f94,E4s v3,24.0,1 Hour,4.970799,0.364,0.207117,0.364,Reservation,USD,Microsoft.Compute,/subscriptions/a1b2c3d4-0002-0002-0002-000000000002/resourceGroups/rg-data-prod/providers/Microsoft.Compute/virtualMachines/vm-standard-e4s-v3-03,vm-standard-e4s-v3-03,"{""team"": ""data-eng"", ""environment"": ""prod"", ""costcenter"": ""CC200"", ""application"": ""data-eng-app""}","{""ServiceType"": ""Standard"", ""VMName"": ""vm-standard-e4s-v3-03"", ""vCPUs"": 4}",Compute,Usage,Azure,/providers/Microsoft.BillingBenefits/savingsPlanOrders/16494a0e-cc5f-459f-ac22-78c59b70b9b3,Reserved VM Instance_westeurope_1Year
EA-9876543210,data-eng-prod-sub,data-eng-prod-sub,owner_0002@company.com,a1b2c3d4-0002-0002-0002-000000000002,data-eng-prod-sub,rg-data-prod,westeurope,2026-04-25,Virtual Machines Standard_E8s_v3 - westeurope,Virtual Machines,Standard_E8s_v3 Series,2b9593f7-8692-56d9-b10a-a624f400da47,E8s v3,24.0,1 Hour,17.528167,0.728,0.73034,0.728,OnDemand,USD,Microsoft.Compute,/subscriptions/a1b2c3d4-0002-0002-0002-000000000002/resourceGroups/rg-data-prod/providers/Microsoft.Compute/virtualMachines/vm-standard-e8s-v3-04,vm-standard-e8s-v3-04,"{""team"": ""data-eng"", ""environment"": ""prod"", ""costcenter"": ""CC200"", ""application"": ""data-eng-app""}","{""ServiceType"": ""Standard"", ""VMName"": ""vm-standard-e8s-v3-04"", ""vCPUs"": 8}",Compute,Usage,Azure,,
EA-9876543210,data-eng-prod-sub,data-eng-prod-sub,owner_0002@company.com,a1b2c3d4-0002-0002-0002-000000000002,data-eng-prod-sub,rg-ml-prod,westeurope,2026-04-25,Virtual Machines Standard_F4s_v2 - westeurope,Virtual Machines,Standard_F4s_v2 Series,303bf71a-6d52-56d9-8e75-95552aa01c86,F4s v2,24.0,1 Hour,3.909003,0.252,0.162875,0.252,Reservation,USD,Microsoft.Compute,/subscriptions/a1b2c3d4-0002-0002-0002-000000000002/resourceGroups/rg-ml-prod/providers/Microsoft.Compute/virtualMachines/vm-standard-f4s-v2-05,vm-standard-f4s-v2-05,"{""team"": ""ml"", ""environment"": ""prod"", ""costcenter"": ""CC500"", ""application"": ""ml-app""}","{""ServiceType"": ""Standard"", ""VMName"": ""vm-standard-f4s-v2-05"", ""vCPUs"": 4}",Compute,Usage,Azure,/providers/Microsoft.BillingBenefits/savingsPlanOrders/469f9dc3-d9e9-4be0-868e-247edfa58a10,Reserved VM Instance_westeurope_1Year
EA-9876543210,data-eng-prod-sub,data-eng-prod-sub,owner_0002@company.com,a1b2c3d4-0002-0002-0002-000000000002,data-eng-prod-sub,rg-ml-prod,westeurope,2026-04-25,Virtual Machines Standard_D8s_v3 - westeurope,Virtual Machines,Standard_D8s_v3 Series,348575ff-7ae0-57e5-896e-037d67179117,D8s v3,24.0,1 Hour,11.695725,0.672,0.487322,0.672,SavingsPlan,USD,Microsoft.Compute,/subscriptions/a1b2c3d4-0002-0002-0002-000000000002/resourceGroups/rg-ml-prod/providers/Microsoft.Compute/virtualMachines/vm-standard-d8s-v3-06,vm-standard-d8s-v3-06,"{""team"": ""ml"", ""environment"": ""prod"", ""costcenter"": ""CC500"", ""application"": ""ml-app""}","{""ServiceType"": ""Standard"", ""VMName"": ""vm-standard-d8s-v3-06"", ""vCPUs"": 8}",Compute,Usage,Azure,/providers/Microsoft.BillingBenefits/savingsPlanOrders/19d555c7-c140-4146-8291-43d851ced000,Compute savings plan_1Year
EA-9876543210,app-prod-sub,app-prod-sub,owner_0003@company.com,a1b2c3d4-0003-0003-0003-000000000003,app-prod-sub,rg-app-prod,southeastasia,2026-04-25,Virtual Machines Standard_B2s - southeastasia,Virtual Machines,Standard_B2s Series,78a50003-6630-5ba4-aad2-c10f0de71d3b,B2s,24.0,1 Hour,2.005456,0.084,0.083561,0.084,OnDemand,USD,Microsoft.Compute,/subscriptions/a1b2c3d4-0003-0003-0003-000000000003/resourceGroups/rg-app-prod/providers/Microsoft.Compute/virtualMachines/vm-standard-b2s-07,vm-standard-b2s-07,"{""team"": ""frontend"", ""environment"": ""prod"", ""costcenter"": ""CC300"", ""application"": ""frontend-app""}","{""ServiceType"": ""Standard"", ""VMName"": ""vm-standard-b2s-07"", ""vCPUs"": 2}",Compute,Usage,Azure,,
EA-9876543210,app-prod-sub,app-prod-sub,owner_0003@company.com,a1b2c3d4-0003-0003-0003-000000000003,app-prod-sub,rg-app-staging,southeastasia,2026-04-25,Virtual Machines Standard_B2s - southeastasia,Virtual Machines,Standard_B2s Series,78a50003-6630-5ba4-aad2-c10f0de71d3b,B2s,24.0,1 Hour,2.015987,0.084,0.083999,0.084,OnDemand,USD,Microsoft.Compute,/subscriptions/a1b2c3d4-0003-0003-0003-000000000003/resourceGroups/rg-app-staging/providers/Microsoft.Compute/virtualMachines/vm-standard-b2s-08,vm-standard-b2s-08,{},"{""ServiceType"": ""Standard"", ""VMName"": ""vm-standard-b2s-08"", ""vCPUs"": 2}",Compute,Usage,Azure,,
EA-9876543210,app-prod-sub,app-prod-sub,owner_0003@company.com,a1b2c3d4-0003-0003-0003-000000000003,app-prod-sub,rg-app-staging,eastus,2026-04-25,Virtual Machines Standard_D2s_v3 - eastus,Virtual Machines,Standard_D2s_v3 Series,bbc4f1e6-b32a-5f02-86f0-702bf6097b8b,D2s v3,24.0,1 Hour,3.993004,0.168,0.166375,0.168,OnDemand,USD,Microsoft.Compute,/subscriptions/a1b2c3d4-0003-0003-0003-000000000003/resourceGroups/rg-app-staging/providers/Microsoft.Compute/virtualMachines/vm-standard-d2s-v3-09,vm-standard-d2s-v3-09,"{""team"": ""backend"", ""environment"": ""staging"", ""costcenter"": ""CC400"", ""application"": ""backend-app""}","{""ServiceType"": ""Standard"", ""VMName"": ""vm-standard-d2s-v3-09"", ""vCPUs"": 2}",Compute,Usage,Azure,,
EA-9876543210,platform-prod-sub,platform-prod-sub,owner_0001@company.com,a1b2c3d4-0001-0001-0001-000000000001,platform-prod-sub,rg-platform-dev,eastus,2026-04-25,Virtual Machines Standard_B2s - eastus,Virtual Machines,Standard_B2s Series,7190101e-d2ab-5a56-ad8e-83f7122f17e8,B2s,24.0,1 Hour,2.01219,0.084,0.083841,0.084,OnDemand,USD,Microsoft.Compute,/subscriptions/a1b2c3d4-0001-0001-0001-000000000001/resourceGroups/rg-platform-dev/providers/Microsoft.Compute/virtualMachines/vm-standard-b2s-10,vm-standard-b2s-10,"{""team"": ""platform"", ""environment"": ""dev"", ""costcenter"": ""CC100"", ""application"": ""platform-app""}","{""ServiceType"": ""Standard"", ""VMName"": ""vm-standard-b2s-10"", ""vCPUs"": 2}",Compute,Usage,Azure,,
EA-9876543210,app-prod-sub,app-prod-sub,owner_0003@company.com,a1b2c3d4-0003-0003-0003-000000000003,app-prod-sub,rg-app-dev,eastus,2026-04-25,Virtual Machines Standard_B2s - eastus,Virtual Machines,Standard_B2s Series,7190101e-d2ab-5a56-ad8e-83f7122f17e8,B2s,24.0,1 Hour,1.480215,0.084,0.061676,0.084,SavingsPlan,USD,Microsoft.Compute,/subscriptions/a1b2c3d4-0003-0003-0003-000000000003/resourceGroups/rg-app-dev/providers/Microsoft.Compute/virtualMachines/vm-standard-b2s-11,vm-standard-b2s-11,{},"{""ServiceType"": ""Standard"", ""VMName"": ""vm-standard-b2s-11"", ""vCPUs"": 2}",Compute,Usage,Azure,/providers/Microsoft.BillingBenefits/savingsPlanOrders/e05ebb0a-580d-4fb3-b3c0-90110ed08b70,Compute savings plan_1Year
EA-9876543210,app-prod-sub,app-prod-sub,owner_0003@company.com,a1b2c3d4-0003-0003-0003-000000000003,app-prod-sub,rg-app-dev,eastus,2026-04-25,Unused Reservation - vm-standard-b2s-11,Virtual Machines,Unused Capacity,2ae41590-c4bc-514b-bdd2-addb079cee20,Unused,0.0,1 Hour,0.378334,0.0,0.0,0.084,SavingsPlan,USD,Microsoft.Compute,,vm-standard-b2s-11,{},{},Compute,UnusedSavingsPlan,Azure,/providers/Microsoft.BillingBenefits/savingsPlanOrders/85d81a7e-5200-46c8-a878-5c2651c23b24,Compute savings plan_1Year
EA-9876543210,platform-prod-sub,platform-prod-sub,owner_0001@company.com,a1b2c3d4-0001-0001-0001-000000000001,platform-prod-sub,rg-platform-prod,eastus,2026-04-25,Blob Storage - LRS - Hot - eastus,Storage,Blobs - LRS - Hot,fb8faed0-f377-5fb0-92b7-78035153a7fa,Data Stored,850.0622,1 GB/Month,0.511133,0.018,0.018,0.018,OnDemand,USD,Microsoft.Storage,/subscriptions/a1b2c3d4-0001-0001-0001-000000000001/resourceGroups/rg-platform-prod/providers/Microsoft.Storage/storageAccounts/stplatformassets,stplatformassets,"{""team"": ""platform"", ""environment"": ""prod"", ""costcenter"": ""CC100"", ""application"": ""platform-app""}","{""AccountType"": ""LRS""}",Storage,Usage,Azure,,
EA-9876543210,data-eng-prod-sub,data-eng-prod-sub,owner_0002@company.com,a1b2c3d4-0002-0002-0002-000000000002,data-eng-prod-sub,rg-data-prod,westeurope,2026-04-25,Blob Storage - ZRS - Hot - westeurope,Storage,Blobs - ZRS - Hot,9dd9b051-b91d-533a-9f70-e4838eb241bb,Data Stored,3198.2911,1 GB/Month,2.456882,0.023,0.023,0.023,OnDemand,USD,Microsoft.Storage,/subscriptions/a1b2c3d4-0002-0002-0002-000000000002/resourceGroups/rg-data-prod/providers/Microsoft.Storage/storageAccounts/stdatalake,stdatalake,"{""team"": ""data-eng"", ""environment"": ""prod"", ""costcenter"": ""CC200"", ""application"": ""data-eng-app""}","{""AccountType"": ""ZRS""}",Storage,Usage,Azure,,
EA-9876543210,app-prod-sub,app-prod-sub,owner_0003@company.com,a1b2c3d4-0003-0003-0003-000000000003,app-prod-sub,rg-app-prod,southeastasia,2026-04-25,Blob Storage - LRS - Hot - southeastasia,Storage,Blobs - LRS - Hot,3ae72a36-b458-5b93-9e16-84484844594d,Data Stored,400.1884,1 GB/Month,0.239384,0.018,0.018,0.018,OnDemand,USD,Microsoft.Storage,/subscriptions/a1b2c3d4-0003-0003-0003-000000000003/resourceGroups/rg-app-prod/providers/Microsoft.Storage/storageAccounts/stappassets,stappassets,{},"{""AccountType"": ""LRS""}",Storage,Usage,Azure,,
EA-9876543210,data-eng-prod-sub,data-eng-prod-sub,owner_0002@company.com,a1b2c3d4-0002-0002-0002-000000000002,data-eng-prod-sub,rg-ml-prod,westeurope,2026-04-25,Blob Storage - LRS - Hot - westeurope,Storage,Blobs - LRS - Hot,4ba045d2-b571-568f-be23-884194c5daba,Data Stored,1098.9419,1 GB/Month,0.659956,0.018,0.018,0.018,OnDemand,USD,Microsoft.Storage,/subscriptions/a1b2c3d4-0002-0002-0002-000000000002/resourceGroups/rg-ml-prod/providers/Microsoft.Storage/storageAccounts/stmlmodels,stmlmodels,{},"{""AccountType"": ""LRS""}",Storage,Usage,Azure,,
EA-9876543210,platform-prod-sub,platform-prod-sub,owner_0001@company.com,a1b2c3d4-0001-0001-0001-000000000001,platform-prod-sub,rg-platform-prod,eastus,2026-04-25,Azure SQL Database Standard_S2 - eastus,SQL Database,Standard_S2,cd1e0b9a-8ff0-5779-9281-87ab698e2916,vCore Hours,24.0,1 Hour,7.500588,0.31,0.31,0.31,OnDemand,USD,Microsoft.Sql,/subscriptions/a1b2c3d4-0001-0001-0001-000000000001/resourceGroups/rg-platform-prod/providers/Microsoft.Sql/servers/databases/sqldb-standard-0001,sqldb-standard-0001,"{""team"": ""platform"", ""environment"": ""prod"", ""costcenter"": ""CC100"", ""application"": ""platform-app""}",{},Databases,Usage,Azure,,
EA-9876543210,data-eng-prod-sub,data-eng-prod-sub,owner_0002@company.com,a1b2c3d4-0002-0002-0002-000000000002,data-eng-prod-sub,rg-data-prod,westeurope,2026-04-25,Azure SQL Database Business Critical_BC_Gen5_4 - westeurope,SQL Database,Business Critical_BC_Gen5_4,4bab5ab0-7291-58c2-8564-3252f5053179,vCore Hours,24.0,1 Hour,52.925001,2.2,2.2,2.2,OnDemand,USD,Microsoft.Sql,/subscriptions/a1b2c3d4-0002-0002-0002-000000000002/resourceGroups/rg-data-prod/providers/Microsoft.Sql/servers/databases/sqldb-business critical-0002,sqldb-business critical-0002,{},{},Databases,Usage,Azure,,
EA-9876543210,app-prod-sub,app-prod-sub,owner_0003@company.com,a1b2c3d4-0003-0003-0003-000000000003,app-prod-sub,rg-app-prod,eastus,2026-04-25,Azure SQL Database General Purpose_GP_Gen5_2 - eastus,SQL Database,General Purpose_GP_Gen5_2,69e0198c-4ca3-5ac2-8540-db65f6d44c56,vCore Hours,24.0,1 Hour,14.325893,0.6,0.6,0.6,OnDemand,USD,Microsoft.Sql,/subscriptions/a1b2c3d4-0003-0003-0003-000000000003/resourceGroups/rg-app-prod/providers/Microsoft.Sql/servers/databases/sqldb-general purpose-0003,sqldb-general purpose-0003,"{""team"": ""backend"", ""environment"": ""prod"", ""costcenter"": ""CC400"", ""application"": ""backend-app""}",{},Databases,Usage,Azure,,
EA-9876543210,shared-infra-sub,shared-infra-sub,owner_infra@company.com,a1b2c3d4-9999-9999-9999-000000000099,shared-infra-sub,rg-shared-infra,eastus,2026-04-25,Azure Monitor,Monitor,Data Ingested,aadff281-e00d-588e-bd69-a4630325bd50,Data Ingested,1000.0,1 Unit,45.133908,0.045,0.045,0.045,OnDemand,USD,Microsoft.SharedInfra,/subscriptions/a1b2c3d4-9999-9999-9999-000000000099/resourceGroups/rg-shared-infra/providers/Microsoft.SharedInfra/Monitor/monitor,monitor,{},{},Management,Usage,Azure,,
EA-9876543210,shared-infra-sub,shared-infra-sub,owner_infra@company.com,a1b2c3d4-9999-9999-9999-000000000099,shared-infra-sub,rg-shared-infra,eastus,2026-04-25,Virtual Network,Networking,Intra-Region,cc2ca1a8-2d13-5873-b301-4b8ed16ed2c0,Intra-Region,622.22,1 Unit,27.728045,0.045,0.045,0.045,OnDemand,USD,Microsoft.SharedInfra,/subscriptions/a1b2c3d4-9999-9999-9999-000000000099/resourceGroups/rg-shared-infra/providers/Microsoft.SharedInfra/Networking/networking,networking,{},{},Networking,Usage,Azure,,
EA-9876543210,shared-infra-sub,shared-infra-sub,owner_infra@company.com,a1b2c3d4-9999-9999-9999-000000000099,shared-infra-sub,rg-shared-infra,eastus,2026-04-25,API Management,API Management,Gateway Units,78998862-331b-5215-a4b4-8d4500189f89,Gateway Units,2666.67,1 Unit,120.318387,0.045,0.045,0.045,OnDemand,USD,Microsoft.SharedInfra,/subscriptions/a1b2c3d4-9999-9999-9999-000000000099/resourceGroups/rg-shared-infra/providers/Microsoft.SharedInfra/API Management/api-management,api-management,{},{},Integration,Usage,Azure,,
EA-9876543210,shared-infra-sub,shared-infra-sub,owner_infra@company.com,a1b2c3d4-9999-9999-9999-000000000099,shared-infra-sub,rg-shared-infra,eastus,2026-04-25,Azure Key Vault,Key Vault,Operations,3cb0172e-6732-5350-b439-97753364a78c,Operations,177.78,1 Unit,8.064746,0.045,0.045,0.045,OnDemand,USD,Microsoft.SharedInfra,/subscriptions/a1b2c3d4-9999-9999-9999-000000000099/resourceGroups/rg-shared-infra/providers/Microsoft.SharedInfra/Key Vault/key-vault,key-vault,{},{},Security,Usage,Azure,,
EA-9876543210,shared-infra-sub,shared-infra-sub,owner_infra@company.com,a1b2c3d4-9999-9999-9999-000000000099,shared-infra-sub,rg-shared-infra,eastus,2026-04-25,Azure Blob Storage,Storage,Data Stored,2e8ee991-b3b7-5136-98e5-4772405cdb0c,Data Stored,400.0,1 Unit,18.115466,0.045,0.045,0.045,OnDemand,USD,Microsoft.SharedInfra,/subscriptions/a1b2c3d4-9999-9999-9999-000000000099/resourceGroups/rg-shared-infra/providers/Microsoft.SharedInfra/Storage/storage,storage,{},{},Storage,Usage,Azure,,
EA-9876543210,platform-prod-sub,platform-prod-sub,owner_0001@company.com,a1b2c3d4-0001-0001-0001-000000000001,platform-prod-sub,rg-platform-prod,eastus,2026-04-26,Virtual Machines Standard_D2s_v3 - eastus,Virtual Machines,Standard_D2s_v3 Series,bbc4f1e6-b32a-5f02-86f0-702bf6097b8b,D2s v3,24.0,1 Hour,3.996838,0.168,0.166535,0.168,OnDemand,USD,Microsoft.Compute,/subscriptions/a1b2c3d4-0001-0001-0001-000000000001/resourceGroups/rg-platform-prod/providers/Microsoft.Compute/virtualMachines/vm-standard-d2s-v3-00,vm-standard-d2s-v3-00,"{""team"": ""platform"", ""environment"": ""prod"", ""costcenter"": ""CC100"", ""application"": ""platform-app""}","{""ServiceType"": ""Standard"", ""VMName"": ""vm-standard-d2s-v3-00"", ""vCPUs"": 2}",Compute,Usage,Azure,,
EA-9876543210,platform-prod-sub,platform-prod-sub,owner_0001@company.com,a1b2c3d4-0001-0001-0001-000000000001,platform-prod-sub,rg-platform-prod,eastus,2026-04-26,Virtual Machines Standard_D2s_v3 - eastus,Virtual Machines,Standard_D2s_v3 Series,bbc4f1e6-b32a-5f02-86f0-702bf6097b8b,D2s v3,24.0,1 Hour,4.041324,0.168,0.168389,0.168,OnDemand,USD,Microsoft.Compute,/subscriptions/a1b2c3d4-0001-0001-0001-000000000001/resourceGroups/rg-platform-prod/providers/Microsoft.Compute/virtualMachines/vm-standard-d2s-v3-01,vm-standard-d2s-v3-01,"{""team"": ""platform"", ""environment"": ""prod"", ""costcenter"": ""CC100"", ""application"": ""platform-app""}","{""ServiceType"": ""Standard"", ""VMName"": ""vm-standard-d2s-v3-01"", ""vCPUs"": 2}",Compute,Usage,Azure,,
EA-9876543210,app-prod-sub,app-prod-sub,owner_0003@company.com,a1b2c3d4-0003-0003-0003-000000000003,app-prod-sub,rg-app-prod,eastus,2026-04-26,Virtual Machines Standard_D4s_v3 - eastus,Virtual Machines,Standard_D4s_v3 Series,6c8e1236-a3aa-53d7-8e09-dadb98f69027,D4s v3,24.0,1 Hour,8.118173,0.336,0.338257,0.336,OnDemand,USD,Microsoft.Compute,/subscriptions/a1b2c3d4-0003-0003-0003-000000000003/resourceGroups/rg-app-prod/providers/Microsoft.Compute/virtualMachines/vm-standard-d4s-v3-02,vm-standard-d4s-v3-02,"{""team"": ""backend"", ""environment"": ""prod"", ""costcenter"": ""CC400"", ""application"": ""backend-app""}","{""ServiceType"": ""Standard"", ""VMName"": ""vm-standard-d4s-v3-02"", ""vCPUs"": 4}",Compute,Usage,Azure,,
EA-9876543210,data-eng-prod-sub,data-eng-prod-sub,owner_0002@company.com,a1b2c3d4-0002-0002-0002-000000000002,data-eng-prod-sub,rg-data-prod,westeurope,2026-04-26,Virtual Machines Standard_E4s_v3 - westeurope,Virtual Machines,Standard_E4s_v3 Series,7373fa15-5d45-5d30-a83f-72064e156f94,E4s v3,24.0,1 Hour,5.629558,0.364,0.234565,0.364,Reservation,USD,Microsoft.Compute,/subscriptions/a1b2c3d4-0002-0002-0002-000000000002/resourceGroups/rg-data-prod/providers/Microsoft.Compute/virtualMachines/vm-standard-e4s-v3-03,vm-standard-e4s-v3-03,{},"{""ServiceType"": ""Standard"", ""VMName"": ""vm-standard-e4s-v3-03"", ""vCPUs"": 4}",Compute,Usage,Azure,/providers/Microsoft.BillingBenefits/savingsPlanOrders/47e62dcd-e95e-4f2b-9cd7-b185c134d0af,Reserved VM Instance_westeurope_1Year
EA-9876543210,data-eng-prod-sub,data-eng-prod-sub,owner_0002@company.com,a1b2c3d4-0002-0002-0002-000000000002,data-eng-prod-sub,rg-data-prod,westeurope,2026-04-26,Virtual Machines Standard_E8s_v3 - westeurope,Virtual Machines,Standard_E8s_v3 Series,2b9593f7-8692-56d9-b10a-a624f400da47,E8s v3,24.0,1 Hour,17.371792,0.728,0.723825,0.728,OnDemand,USD,Microsoft.Compute,/subscriptions/a1b2c3d4-0002-0002-0002-000000000002/resourceGroups/rg-data-prod/providers/Microsoft.Compute/virtualMachines/vm-standard-e8s-v3-04,vm-standard-e8s-v3-04,{},"{""ServiceType"": ""Standard"", ""VMName"": ""vm-standard-e8s-v3-04"", ""vCPUs"": 8}",Compute,Usage,Azure,,
EA-9876543210,data-eng-prod-sub,data-eng-prod-sub,owner_0002@company.com,a1b2c3d4-0002-0002-0002-000000000002,data-eng-prod-sub,rg-ml-prod,westeurope,2026-04-26,Virtual Machines Standard_F4s_v2 - westeurope,Virtual Machines,Standard_F4s_v2 Series,303bf71a-6d52-56d9-8e75-95552aa01c86,F4s v2,24.0,1 Hour,4.039382,0.252,0.168308,0.252,Reservation,USD,Microsoft.Compute,/subscriptions/a1b2c3d4-0002-0002-0002-000000000002/resourceGroups/rg-ml-prod/providers/Microsoft.Compute/virtualMachines/vm-standard-f4s-v2-05,vm-standard-f4s-v2-05,"{""team"": ""ml"", ""environment"": ""prod"", ""costcenter"": ""CC500"", ""application"": ""ml-app""}","{""ServiceType"": ""Standard"", ""VMName"": ""vm-standard-f4s-v2-05"", ""vCPUs"": 4}",Compute,Usage,Azure,/providers/Microsoft.BillingBenefits/savingsPlanOrders/7aa3d9cc-d828-4fb6-9f09-23c88f359be0,Reserved VM Instance_westeurope_1Year
EA-9876543210,data-eng-prod-sub,data-eng-prod-sub,owner_0002@company.com,a1b2c3d4-0002-0002-0002-000000000002,data-eng-prod-sub,rg-ml-prod,westeurope,2026-04-26,Virtual Machines Standard_D8s_v3 - westeurope,Virtual Machines,Standard_D8s_v3 Series,348575ff-7ae0-57e5-896e-037d67179117,D8s v3,24.0,1 Hour,11.846575,0.672,0.493607,0.672,SavingsPlan,USD,Microsoft.Compute,/subscriptions/a1b2c3d4-0002-0002-0002-000000000002/resourceGroups/rg-ml-prod/providers/Microsoft.Compute/virtualMachines/vm-standard-d8s-v3-06,vm-standard-d8s-v3-06,"{""team"": ""ml"", ""environment"": ""prod"", ""costcenter"": ""CC500"", ""application"": ""ml-app""}","{""ServiceType"": ""Standard"", ""VMName"": ""vm-standard-d8s-v3-06"", ""vCPUs"": 8}",Compute,Usage,Azure,/providers/Microsoft.BillingBenefits/savingsPlanOrders/f4992b8c-9df4-4674-85ae-09f1283915ce,Compute savings plan_1Year
EA-9876543210,app-prod-sub,app-prod-sub,owner_0003@company.com,a1b2c3d4-0003-0003-0003-000000000003,app-prod-sub,rg-app-prod,southeastasia,2026-04-26,Virtual Machines Standard_B2s - southeastasia,Virtual Machines,Standard_B2s Series,78a50003-6630-5ba4-aad2-c10f0de71d3b,B2s,24.0,1 Hour,2.027735,0.084,0.084489,0.084,OnDemand,USD,Microsoft.Compute,/subscriptions/a1b2c3d4-0003-0003-0003-000000000003/resourceGroups/rg-app-prod/providers/Microsoft.Compute/virtualMachines/vm-standard-b2s-07,vm-standard-b2s-07,"{""team"": ""frontend"", ""environment"": ""prod"", ""costcenter"": ""CC300"", ""application"": ""frontend-app""}","{""ServiceType"": ""Standard"", ""VMName"": ""vm-standard-b2s-07"", ""vCPUs"": 2}",Compute,Usage,Azure,,
EA-9876543210,app-prod-sub,app-prod-sub,owner_0003@company.com,a1b2c3d4-0003-0003-0003-000000000003,app-prod-sub,rg-app-staging,southeastasia,2026-04-26,Virtual Machines Standard_B2s - southeastasia,Virtual Machines,Standard_B2s Series,78a50003-6630-5ba4-aad2-c10f0de71d3b,B2s,24.0,1 Hour,2.031307,0.084,0.084638,0.084,OnDemand,USD,Microsoft.Compute,/subscriptions/a1b2c3d4-0003-0003-0003-000000000003/resourceGroups/rg-app-staging/providers/Microsoft.Compute/virtualMachines/vm-standard-b2s-08,vm-standard-b2s-08,{},"{""ServiceType"": ""Standard"", ""VMName"": ""vm-standard-b2s-08"", ""vCPUs"": 2}",Compute,Usage,Azure,,
EA-9876543210,app-prod-sub,app-prod-sub,owner_0003@company.com,a1b2c3d4-0003-0003-0003-000000000003,app-prod-sub,rg-app-staging,eastus,2026-04-26,Virtual Machines Standard_D2s_v3 - eastus,Virtual Machines,Standard_D2s_v3 Series,bbc4f1e6-b32a-5f02-86f0-702bf6097b8b,D2s v3,24.0,1 Hour,4.048672,0.168,0.168695,0.168,OnDemand,USD,Microsoft.Compute,/subscriptions/a1b2c3d4-0003-0003-0003-000000000003/resourceGroups/rg-app-staging/providers/Microsoft.Compute/virtualMachines/vm-standard-d2s-v3-09,vm-standard-d2s-v3-09,"{""team"": ""backend"", ""environment"": ""staging"", ""costcenter"": ""CC400"", ""application"": ""backend-app""}","{""ServiceType"": ""Standard"", ""VMName"": ""vm-standard-d2s-v3-09"", ""vCPUs"": 2}",Compute,Usage,Azure,,
EA-9876543210,platform-prod-sub,platform-prod-sub,owner_0001@company.com,a1b2c3d4-0001-0001-0001-000000000001,platform-prod-sub,rg-platform-dev,eastus,2026-04-26,Virtual Machines Standard_B2s - eastus,Virtual Machines,Standard_B2s Series,7190101e-d2ab-5a56-ad8e-83f7122f17e8,B2s,24.0,1 Hour,2.027783,0.084,0.084491,0.084,OnDemand,USD,Microsoft.Compute,/subscriptions/a1b2c3d4-0001-0001-0001-000000000001/resourceGroups/rg-platform-dev/providers/Microsoft.Compute/virtualMachines/vm-standard-b2s-10,vm-standard-b2s-10,"{""team"": ""platform"", ""environment"": ""dev"", ""costcenter"": ""CC100"", ""application"": ""platform-app""}","{""ServiceType"": ""Standard"", ""VMName"": ""vm-standard-b2s-10"", ""vCPUs"": 2}",Compute,Usage,Azure,,
EA-9876543210,app-prod-sub,app-prod-sub,owner_0003@company.com,a1b2c3d4-0003-0003-0003-000000000003,app-prod-sub,rg-app-dev,eastus,2026-04-26,Virtual Machines Standard_B2s - eastus,Virtual Machines,Standard_B2s Series,7190101e-d2ab-5a56-ad8e-83f7122f17e8,B2s,24.0,1 Hour,1.55515,0.084,0.064798,0.084,SavingsPlan,USD,Microsoft.Compute,/subscriptions/a1b2c3d4-0003-0003-0003-000000000003/resourceGroups/rg-app-dev/providers/Microsoft.Compute/virtualMachines/vm-standard-b2s-11,vm-standard-b2s-11,{},"{""ServiceType"": ""Standard"", ""VMName"": ""vm-standard-b2s-11"", ""vCPUs"": 2}",Compute,Usage,Azure,/providers/Microsoft.BillingBenefits/savingsPlanOrders/6b5b5b87-e141-4a19-84b4-5b61b7c8a08d,Compute savings plan_1Year
EA-9876543210,platform-prod-sub,platform-prod-sub,owner_0001@company.com,a1b2c3d4-0001-0001-0001-000000000001,platform-prod-sub,rg-platform-prod,eastus,2026-04-26,Blob Storage - LRS - Hot - eastus,Storage,Blobs - LRS - Hot,fb8faed0-f377-5fb0-92b7-78035153a7fa,Data Stored,849.5567,1 GB/Month,0.509848,0.018,0.018,0.018,OnDemand,USD,Microsoft.Storage,/subscriptions/a1b2c3d4-0001-0001-0001-000000000001/resourceGroups/rg-platform-prod/providers/Microsoft.Storage/storageAccounts/stplatformassets,stplatformassets,"{""team"": ""platform"", ""environment"": ""prod"", ""costcenter"": ""CC100"", ""application"": ""platform-app""}","{""AccountType"": ""LRS""}",Storage,Usage,Azure,,
EA-9876543210,data-eng-prod-sub,data-eng-prod-sub,owner_0002@company.com,a1b2c3d4-0002-0002-0002-000000000002,data-eng-prod-sub,rg-data-prod,westeurope,2026-04-26,Blob Storage - ZRS - Hot - westeurope,Storage,Blobs - ZRS - Hot,9dd9b051-b91d-533a-9f70-e4838eb241bb,Data Stored,3201.2267,1 GB/Month,2.448543,0.023,0.023,0.023,OnDemand,USD,Microsoft.Storage,/subscriptions/a1b2c3d4-0002-0002-0002-000000000002/resourceGroups/rg-data-prod/providers/Microsoft.Storage/storageAccounts/stdatalake,stdatalake,{},"{""AccountType"": ""ZRS""}",Storage,Usage,Azure,,
EA-9876543210,app-prod-sub,app-prod-sub,owner_0003@company.com,a1b2c3d4-0003-0003-0003-000000000003,app-prod-sub,rg-app-prod,southeastasia,2026-04-26,Blob Storage - LRS - Hot - southeastasia,Storage,Blobs - LRS - Hot,3ae72a36-b458-5b93-9e16-84484844594d,Data Stored,400.1738,1 GB/Month,0.240139,0.018,0.018,0.018,OnDemand,USD,Microsoft.Storage,/subscriptions/a1b2c3d4-0003-0003-0003-000000000003/resourceGroups/rg-app-prod/providers/Microsoft.Storage/storageAccounts/stappassets,stappassets,"{""team"": ""frontend"", ""environment"": ""prod"", ""costcenter"": ""CC300"", ""application"": ""frontend-app""}","{""AccountType"": ""LRS""}",Storage,Usage,Azure,,
EA-9876543210,data-eng-prod-sub,data-eng-prod-sub,owner_0002@company.com,a1b2c3d4-0002-0002-0002-000000000002,data-eng-prod-sub,rg-ml-prod,westeurope,2026-04-26,Blob Storage - LRS - Hot - westeurope,Storage,Blobs - LRS - Hot,4ba045d2-b571-568f-be23-884194c5daba,Data Stored,1099.0936,1 GB/Month,0.660444,0.018,0.018,0.018,OnDemand,USD,Microsoft.Storage,/subscriptions/a1b2c3d4-0002-0002-0002-000000000002/resourceGroups/rg-ml-prod/providers/Microsoft.Storage/storageAccounts/stmlmodels,stmlmodels,{},"{""AccountType"": ""LRS""}",Storage,Usage,Azure,,
EA-9876543210,platform-prod-sub,platform-prod-sub,owner_0001@company.com,a1b2c3d4-0001-0001-0001-000000000001,platform-prod-sub,rg-platform-prod,eastus,2026-04-26,Azure SQL Database Standard_S2 - eastus,SQL Database,Standard_S2,cd1e0b9a-8ff0-5779-9281-87ab698e2916,vCore Hours,24.0,1 Hour,7.488581,0.31,0.31,0.31,OnDemand,USD,Microsoft.Sql,/subscriptions/a1b2c3d4-0001-0001-0001-000000000001/resourceGroups/rg-platform-prod/providers/Microsoft.Sql/servers/databases/sqldb-standard-0001,sqldb-standard-0001,"{""team"": ""platform"", ""environment"": ""prod"", ""costcenter"": ""CC100"", ""application"": ""platform-app""}",{},Databases,Usage,Azure,,
EA-9876543210,data-eng-prod-sub,data-eng-prod-sub,owner_0002@company.com,a1b2c3d4-0002-0002-0002-000000000002,data-eng-prod-sub,rg-data-prod,westeurope,2026-04-26,Azure SQL Database Business Critical_BC_Gen5_4 - westeurope,SQL Database,Business Critical_BC_Gen5_4,4bab5ab0-7291-58c2-8564-3252f5053179,vCore Hours,24.0,1 Hour,52.590067,2.2,2.2,2.2,OnDemand,USD,Microsoft.Sql,/subscriptions/a1b2c3d4-0002-0002-0002-000000000002/resourceGroups/rg-data-prod/providers/Microsoft.Sql/servers/databases/sqldb-business critical-0002,sqldb-business critical-0002,"{""team"": ""data-eng"", ""environment"": ""prod"", ""costcenter"": ""CC200"", ""application"": ""data-eng-app""}",{},Databases,Usage,Azure,,
EA-9876543210,app-prod-sub,app-prod-sub,owner_0003@company.com,a1b2c3d4-0003-0003-0003-000000000003,app-prod-sub,rg-app-prod,eastus,2026-04-26,Azure SQL Database General Purpose_GP_Gen5_2 - eastus,SQL Database,General Purpose_GP_Gen5_2,69e0198c-4ca3-5ac2-8540-db65f6d44c56,vCore Hours,24.0,1 Hour,14.37661,0.6,0.6,0.6,OnDemand,USD,Microsoft.Sql,/subscriptions/a1b2c3d4-0003-0003-0003-000000000003/resourceGroups/rg-app-prod/providers/Microsoft.Sql/servers/databases/sqldb-general purpose-0003,sqldb-general purpose-0003,{},{},Databases,Usage,Azure,,
EA-9876543210,shared-infra-sub,shared-infra-sub,owner_infra@company.com,a1b2c3d4-9999-9999-9999-000000000099,shared-infra-sub,rg-shared-infra,eastus,2026-04-26,Azure Monitor,Monitor,Data Ingested,aadff281-e00d-588e-bd69-a4630325bd50,Data Ingested,1000.0,1 Unit,45.051939,0.045,0.045,0.045,OnDemand,USD,Microsoft.SharedInfra,/subscriptions/a1b2c3d4-9999-9999-9999-000000000099/resourceGroups/rg-shared-infra/providers/Microsoft.SharedInfra/Monitor/monitor,monitor,{},{},Management,Usage,Azure,,
EA-9876543210,shared-infra-sub,shared-infra-sub,owner_infra@company.com,a1b2c3d4-9999-9999-9999-000000000099,shared-infra-sub,rg-shared-infra,eastus,2026-04-26,Virtual Network,Networking,Intra-Region,cc2ca1a8-2d13-5873-b301-4b8ed16ed2c0,Intra-Region,622.22,1 Unit,27.827466,0.045,0.045,0.045,OnDemand,USD,Microsoft.SharedInfra,/subscriptions/a1b2c3d4-9999-9999-9999-000000000099/resourceGroups/rg-shared-infra/providers/Microsoft.SharedInfra/Networking/networking,networking,{},{},Networking,Usage,Azure,,
EA-9876543210,shared-infra-sub,shared-infra-sub,owner_infra@company.com,a1b2c3d4-9999-9999-9999-000000000099,shared-infra-sub,rg-shared-infra,eastus,2026-04-26,API Management,API Management,Gateway Units,78998862-331b-5215-a4b4-8d4500189f89,Gateway Units,2666.67,1 Unit,121.167848,0.045,0.045,0.045,OnDemand,USD,Microsoft.SharedInfra,/subscriptions/a1b2c3d4-9999-9999-9999-000000000099/resourceGroups/rg-shared-infra/providers/Microsoft.SharedInfra/API Management/api-management,api-management,{},{},Integration,Usage,Azure,,
EA-9876543210,shared-infra-sub,shared-infra-sub,owner_infra@company.com,a1b2c3d4-9999-9999-9999-000000000099,shared-infra-sub,rg-shared-infra,eastus,2026-04-26,Azure Key Vault,Key Vault,Operations,3cb0172e-6732-5350-b439-97753364a78c,Operations,177.78,1 Unit,8.076287,0.045,0.045,0.045,OnDemand,USD,Microsoft.SharedInfra,/subscriptions/a1b2c3d4-9999-9999-9999-000000000099/resourceGroups/rg-shared-infra/providers/Microsoft.SharedInfra/Key Vault/key-vault,key-vault,{},{},Security,Usage,Azure,,
EA-9876543210,shared-infra-sub,shared-infra-sub,owner_infra@company.com,a1b2c3d4-9999-9999-9999-000000000099,shared-infra-sub,rg-shared-infra,eastus,2026-04-26,Azure Blob Storage,Storage,Data Stored,2e8ee991-b3b7-5136-98e5-4772405cdb0c,Data Stored,400.0,1 Unit,18.042812,0.045,0.045,0.045,OnDemand,USD,Microsoft.SharedInfra,/subscriptions/a1b2c3d4-9999-9999-9999-000000000099/resourceGroups/rg-shared-infra/providers/Microsoft.SharedInfra/Storage/storage,storage,{},{},Storage,Usage,Azure,,
EA-9876543210,platform-prod-sub,platform-prod-sub,owner_0001@company.com,a1b2c3d4-0001-0001-0001-000000000001,platform-prod-sub,rg-platform-prod,eastus,2026-04-27,Virtual Machines Standard_D2s_v3 - eastus,Virtual Machines,Standard_D2s_v3 Series,bbc4f1e6-b32a-5f02-86f0-702bf6097b8b,D2s v3,24.0,1 Hour,4.029114,0.168,0.16788,0.168,OnDemand,USD,Microsoft.Compute,/subscriptions/a1b2c3d4-0001-0001-0001-000000000001/resourceGroups/rg-platform-prod/providers/Microsoft.Compute/virtualMachines/vm-standard-d2s-v3-00,vm-standard-d2s-v3-00,"{""team"": ""platform"", ""environment"": ""prod"", ""costcenter"": ""CC100"", ""application"": ""platform-app""}","{""ServiceType"": ""Standard"", ""VMName"": ""vm-standard-d2s-v3-00"", ""vCPUs"": 2}",Compute,Usage,Azure,,
EA-9876543210,platform-prod-sub,platform-prod-sub,owner_0001@company.com,a1b2c3d4-0001-0001-0001-000000000001,platform-prod-sub,rg-platform-prod,eastus,2026-04-27,Virtual Machines Standard_D2s_v3 - eastus,Virtual Machines,Standard_D2s_v3 Series,bbc4f1e6-b32a-5f02-86f0-702bf6097b8b,D2s v3,24.0,1 Hour,4.000766,0.168,0.166699,0.168,OnDemand,USD,Microsoft.Compute,/subscriptions/a1b2c3d4-0001-0001-0001-000000000001/resourceGroups/rg-platform-prod/providers/Microsoft.Compute/virtualMachines/vm-standard-d2s-v3-01,vm-standard-d2s-v3-01,"{""team"": ""platform"", ""environment"": ""prod"", ""costcenter"": ""CC100"", ""application"": ""platform-app""}","{""ServiceType"": ""Standard"", ""VMName"": ""vm-standard-d2s-v3-01"", ""vCPUs"": 2}",Compute,Usage,Azure,,
EA-9876543210,app-prod-sub,app-prod-sub,owner_0003@company.com,a1b2c3d4-0003-0003-0003-000000000003,app-prod-sub,rg-app-prod,eastus,2026-04-27,Virtual Machines Standard_D4s_v3 - eastus,Virtual Machines,Standard_D4s_v3 Series,6c8e1236-a3aa-53d7-8e09-dadb98f69027,D4s v3,24.0,1 Hour,8.063599,0.336,0.335983,0.336,OnDemand,USD,Microsoft.Compute,/subscriptions/a1b2c3d4-0003-0003-0003-000000000003/resourceGroups/rg-app-prod/providers/Microsoft.Compute/virtualMachines/vm-standard-d4s-v3-02,vm-standard-d4s-v3-02,{},"{""ServiceType"": ""Standard"", ""VMName"": ""vm-standard-d4s-v3-02"", ""vCPUs"": 4}",Compute,Usage,Azure,,
EA-9876543210,data-eng-prod-sub,data-eng-prod-sub,owner_0002@company.com,a1b2c3d4-0002-0002-0002-000000000002,data-eng-prod-sub,rg-data-prod,westeurope,2026-04-27,Virtual Machines Standard_E4s_v3 - westeurope,Virtual Machines,Standard_E4s_v3 Series,7373fa15-5d45-5d30-a83f-72064e156f94,E4s v3,24.0,1 Hour,4.879478,0.364,0.203312,0.364,Reservation,USD,Microsoft.Compute,/subscriptions/a1b2c3d4-0002-0002-0002-000000000002/resourceGroups/rg-data-prod/providers/Microsoft.Compute/virtualMachines/vm-standard-e4s-v3-03,vm-standard-e4s-v3-03,"{""team"": ""data-eng"", ""environment"": ""prod"", ""costcenter"": ""CC200"", ""application"": ""data-eng-app""}","{""ServiceType"": ""Standard"", ""VMName"": ""vm-standard-e4s-v3-03"", ""vCPUs"": 4}",Compute,Usage,Azure,/providers/Microsoft.BillingBenefits/savingsPlanOrders/132fcaf6-d38e-47a1-acdb-d9f60ca44040,Reserved VM Instance_westeurope_1Year
EA-9876543210,data-eng-prod-sub,data-eng-prod-sub,owner_0002@company.com,a1b2c3d4-0002-0002-0002-000000000002,data-eng-prod-sub,rg-data-prod,westeurope,2026-04-27,Virtual Machines Standard_E8s_v3 - westeurope,Virtual Machines,Standard_E8s_v3 Series,2b9593f7-8692-56d9-b10a-a624f400da47,E8s v3,24.0,1 Hour,17.608309,0.728,0.73368,0.728,OnDemand,USD,Microsoft.Compute,/subscriptions/a1b2c3d4-0002-0002-0002-000000000002/resourceGroups/rg-data-prod/providers/Microsoft.Compute/virtualMachines/vm-standard-e8s-v3-04,vm-standard-e8s-v3-04,"{""team"": ""data-eng"", ""environment"": ""prod"", ""costcenter"": ""CC200"", ""application"": ""data-eng-app""}","{""ServiceType"": ""Standard"", ""VMName"": ""vm-standard-e8s-v3-04"", ""vCPUs"": 8}",Compute,Usage,Azure,,
EA-9876543210,data-eng-prod-sub,data-eng-prod-sub,owner_0002@company.com,a1b2c3d4-0002-0002-0002-000000000002,data-eng-prod-sub,rg-ml-prod,westeurope,2026-04-27,Virtual Machines Standard_F4s_v2 - westeurope,Virtual Machines,Standard_F4s_v2 Series,303bf71a-6d52-56d9-8e75-95552aa01c86,F4s v2,24.0,1 Hour,4.145054,0.252,0.172711,0.252,Reservation,USD,Microsoft.Compute,/subscriptions/a1b2c3d4-0002-0002-0002-000000000002/resourceGroups/rg-ml-prod/providers/Microsoft.Compute/virtualMachines/vm-standard-f4s-v2-05,vm-standard-f4s-v2-05,"{""team"": ""ml"", ""environment"": ""prod"", ""costcenter"": ""CC500"", ""application"": ""ml-app""}","{""ServiceType"": ""Standard"", ""VMName"": ""vm-standard-f4s-v2-05"", ""vCPUs"": 4}",Compute,Usage,Azure,/providers/Microsoft.BillingBenefits/savingsPlanOrders/a9d5216b-38d6-48dd-b0aa-74ad1ad23f46,Reserved VM Instance_westeurope_1Year
EA-9876543210,data-eng-prod-sub,data-eng-prod-sub,owner_0002@company.com,a1b2c3d4-0002-0002-0002-000000000002,data-eng-prod-sub,rg-ml-prod,westeurope,2026-04-27,Virtual Machines Standard_D8s_v3 - westeurope,Virtual Machines,Standard_D8s_v3 Series,348575ff-7ae0-57e5-896e-037d67179117,D8s v3,24.0,1 Hour,11.45665,0.672,0.47736,0.672,SavingsPlan,USD,Microsoft.Compute,/subscriptions/a1b2c3d4-0002-0002-0002-000000000002/resourceGroups/rg-ml-prod/providers/Microsoft.Compute/virtualMachines/vm-standard-d8s-v3-06,vm-standard-d8s-v3-06,"{""team"": ""ml"", ""environment"": ""prod"", ""costcenter"": ""CC500"", ""application"": ""ml-app""}","{""ServiceType"": ""Standard"", ""VMName"": ""vm-standard-d8s-v3-06"", ""vCPUs"": 8}",Compute,Usage,Azure,/providers/Microsoft.BillingBenefits/savingsPlanOrders/b070bbb6-dfc9-4fa4-b44f-3932100c1bcd,Compute savings plan_1Year
EA-9876543210,app-prod-sub,app-prod-sub,owner_0003@company.com,a1b2c3d4-0003-0003-0003-000000000003,app-prod-sub,rg-app-prod,southeastasia,2026-04-27,Virtual Machines Standard_B2s - southeastasia,Virtual Machines,Standard_B2s Series,78a50003-6630-5ba4-aad2-c10f0de71d3b,B2s,24.0,1 Hour,2.012737,0.084,0.083864,0.084,OnDemand,USD,Microsoft.Compute,/subscriptions/a1b2c3d4-0003-0003-0003-000000000003/resourceGroups/rg-app-prod/providers/Microsoft.Compute/virtualMachines/vm-standard-b2s-07,vm-standard-b2s-07,"{""team"": ""frontend"", ""environment"": ""prod"", ""costcenter"": ""CC300"", ""application"": ""frontend-app""}","{""ServiceType"": ""Standard"", ""VMName"": ""vm-standard-b2s-07"", ""vCPUs"": 2}",Compute,Usage,Azure,,
EA-9876543210,app-prod-sub,app-prod-sub,owner_0003@company.com,a1b2c3d4-0003-0003-0003-000000000003,app-prod-sub,rg-app-staging,southeastasia,2026-04-27,Virtual Machines Standard_B2s - southeastasia,Virtual Machines,Standard_B2s Series,78a50003-6630-5ba4-aad2-c10f0de71d3b,B2s,24.0,1 Hour,2.000281,0.084,0.083345,0.084,OnDemand,USD,Microsoft.Compute,/subscriptions/a1b2c3d4-0003-0003-0003-000000000003/resourceGroups/rg-app-staging/providers/Microsoft.Compute/virtualMachines/vm-standard-b2s-08,vm-standard-b2s-08,{},"{""ServiceType"": ""Standard"", ""VMName"": ""vm-standard-b2s-08"", ""vCPUs"": 2}",Compute,Usage,Azure,,
EA-9876543210,app-prod-sub,app-prod-sub,owner_0003@company.com,a1b2c3d4-0003-0003-0003-000000000003,app-prod-sub,rg-app-staging,eastus,2026-04-27,Virtual Machines Standard_D2s_v3 - eastus,Virtual Machines,Standard_D2s_v3 Series,bbc4f1e6-b32a-5f02-86f0-702bf6097b8b,D2s v3,24.0,1 Hour,4.007804,0.168,0.166992,0.168,OnDemand,USD,Microsoft.Compute,/subscriptions/a1b2c3d4-0003-0003-0003-000000000003/resourceGroups/rg-app-staging/providers/Microsoft.Compute/virtualMachines/vm-standard-d2s-v3-09,vm-standard-d2s-v3-09,"{""team"": ""backend"", ""environment"": ""staging"", ""costcenter"": ""CC400"", ""application"": ""backend-app""}","{""ServiceType"": ""Standard"", ""VMName"": ""vm-standard-d2s-v3-09"", ""vCPUs"": 2}",Compute,Usage,Azure,,
EA-9876543210,platform-prod-sub,platform-prod-sub,owner_0001@company.com,a1b2c3d4-0001-0001-0001-000000000001,platform-prod-sub,rg-platform-dev,eastus,2026-04-27,Virtual Machines Standard_B2s - eastus,Virtual Machines,Standard_B2s Series,7190101e-d2ab-5a56-ad8e-83f7122f17e8,B2s,24.0,1 Hour,1.998031,0.084,0.083251,0.084,OnDemand,USD,Microsoft.Compute,/subscriptions/a1b2c3d4-0001-0001-0001-000000000001/resourceGroups/rg-platform-dev/providers/Microsoft.Compute/virtualMachines/vm-standard-b2s-10,vm-standard-b2s-10,"{""team"": ""platform"", ""environment"": ""dev"", ""costcenter"": ""CC100"", ""application"": ""platform-app""}","{""ServiceType"": ""Standard"", ""VMName"": ""vm-standard-b2s-10"", ""vCPUs"": 2}",Compute,Usage,Azure,,
EA-9876543210,app-prod-sub,app-prod-sub,owner_0003@company.com,a1b2c3d4-0003-0003-0003-000000000003,app-prod-sub,rg-app-dev,eastus,2026-04-27,Virtual Machines Standard_B2s - eastus,Virtual Machines,Standard_B2s Series,7190101e-d2ab-5a56-ad8e-83f7122f17e8,B2s,24.0,1 Hour,1.410112,0.084,0.058755,0.084,SavingsPlan,USD,Microsoft.Compute,/subscriptions/a1b2c3d4-0003-0003-0003-000000000003/resourceGroups/rg-app-dev/providers/Microsoft.Compute/virtualMachines/vm-standard-b2s-11,vm-standard-b2s-11,{},"{""ServiceType"": ""Standard"", ""VMName"": ""vm-standard-b2s-11"", ""vCPUs"": 2}",Compute,Usage,Azure,/providers/Microsoft.BillingBenefits/savingsPlanOrders/0edf57b2-24bd-4f0f-bc75-898c3f9ff43d,Compute savings plan_1Year
EA-9876543210,platform-prod-sub,platform-prod-sub,owner_0001@company.com,a1b2c3d4-0001-0001-0001-000000000001,platform-prod-sub,rg-platform-prod,eastus,2026-04-27,Blob Storage - LRS - Hot - eastus,Storage,Blobs - LRS - Hot,fb8faed0-f377-5fb0-92b7-78035153a7fa,Data Stored,849.9282,1 GB/Month,0.509613,0.018,0.018,0.018,OnDemand,USD,Microsoft.Storage,/subscriptions/a1b2c3d4-0001-0001-0001-000000000001/resourceGroups/rg-platform-prod/providers/Microsoft.Storage/storageAccounts/stplatformassets,stplatformassets,"{""team"": ""platform"", ""environment"": ""prod"", ""costcenter"": ""CC100"", ""application"": ""platform-app""}","{""AccountType"": ""LRS""}",Storage,Usage,Azure,,
EA-9876543210,data-eng-prod-sub,data-eng-prod-sub,owner_0002@company.com,a1b2c3d4-0002-0002-0002-000000000002,data-eng-prod-sub,rg-data-prod,westeurope,2026-04-27,Blob Storage - ZRS - Hot - westeurope,Storage,Blobs - ZRS - Hot,9dd9b051-b91d-533a-9f70-e4838eb241bb,Data Stored,3199.095,1 GB/Month,2.448831,0.023,0.023,0.023,OnDemand,USD,Microsoft.Storage,/subscriptions/a1b2c3d4-0002-0002-0002-000000000002/resourceGroups/rg-data-prod/providers/Microsoft.Storage/storageAccounts/stdatalake,stdatalake,{},"{""AccountType"": ""ZRS""}",Storage,Usage,Azure,,
EA-9876543210,app-prod-sub,app-prod-sub,owner_0003@company.com,a1b2c3d4-0003-0003-0003-000000000003,app-prod-sub,rg-app-prod,southeastasia,2026-04-27,Blob Storage - LRS - Hot - southeastasia,Storage,Blobs - LRS - Hot,3ae72a36-b458-5b93-9e16-84484844594d,Data Stored,399.8687,1 GB/Month,0.239668,0.018,0.018,0.018,OnDemand,USD,Microsoft.Storage,/subscriptions/a1b2c3d4-0003-0003-0003-000000000003/resourceGroups/rg-app-prod/providers/Microsoft.Storage/storageAccounts/stappassets,stappassets,{},"{""AccountType"": ""LRS""}",Storage,Usage,Azure,,
EA-9876543210,data-eng-prod-sub,data-eng-prod-sub,owner_0002@company.com,a1b2c3d4-0002-0002-0002-000000000002,data-eng-prod-sub,rg-ml-prod,westeurope,2026-04-27,Blob Storage - LRS - Hot - westeurope,Storage,Blobs - LRS - Hot,4ba045d2-b571-568f-be23-884194c5daba,Data Stored,1100.1511,1 GB/Month,0.658147,0.018,0.018,0.018,OnDemand,USD,Microsoft.Storage,/subscriptions/a1b2c3d4-0002-0002-0002-000000000002/resourceGroups/rg-ml-prod/providers/Microsoft.Storage/storageAccounts/stmlmodels,stmlmodels,"{""team"": ""ml"", ""environment"": ""prod"", ""costcenter"": ""CC500"", ""application"": ""ml-app""}","{""AccountType"": ""LRS""}",Storage,Usage,Azure,,
EA-9876543210,platform-prod-sub,platform-prod-sub,owner_0001@company.com,a1b2c3d4-0001-0001-0001-000000000001,platform-prod-sub,rg-platform-prod,eastus,2026-04-27,Azure SQL Database Standard_S2 - eastus,SQL Database,Standard_S2,cd1e0b9a-8ff0-5779-9281-87ab698e2916,vCore Hours,24.0,1 Hour,7.407354,0.31,0.31,0.31,OnDemand,USD,Microsoft.Sql,/subscriptions/a1b2c3d4-0001-0001-0001-000000000001/resourceGroups/rg-platform-prod/providers/Microsoft.Sql/servers/databases/sqldb-standard-0001,sqldb-standard-0001,{},{},Databases,Usage,Azure,,
EA-9876543210,data-eng-prod-sub,data-eng-prod-sub,owner_0002@company.com,a1b2c3d4-0002-0002-0002-000000000002,data-eng-prod-sub,rg-data-prod,westeurope,2026-04-27,Azure SQL Database Business Critical_BC_Gen5_4 - westeurope,SQL Database,Business Critical_BC_Gen5_4,4bab5ab0-7291-58c2-8564-3252f5053179,vCore Hours,24.0,1 Hour,52.389331,2.2,2.2,2.2,OnDemand,USD,Microsoft.Sql,/subscriptions/a1b2c3d4-0002-0002-0002-000000000002/resourceGroups/rg-data-prod/providers/Microsoft.Sql/servers/databases/sqldb-business critical-0002,sqldb-business critical-0002,"{""team"": ""data-eng"", ""environment"": ""prod"", ""costcenter"": ""CC200"", ""application"": ""data-eng-app""}",{},Databases,Usage,Azure,,
EA-9876543210,app-prod-sub,app-prod-sub,owner_0003@company.com,a1b2c3d4-0003-0003-0003-000000000003,app-prod-sub,rg-app-prod,eastus,2026-04-27,Azure SQL Database General Purpose_GP_Gen5_2 - eastus,SQL Database,General Purpose_GP_Gen5_2,69e0198c-4ca3-5ac2-8540-db65f6d44c56,vCore Hours,24.0,1 Hour,14.390074,0.6,0.6,0.6,OnDemand,USD,Microsoft.Sql,/subscriptions/a1b2c3d4-0003-0003-0003-000000000003/resourceGroups/rg-app-prod/providers/Microsoft.Sql/servers/databases/sqldb-general purpose-0003,sqldb-general purpose-0003,{},{},Databases,Usage,Azure,,
EA-9876543210,shared-infra-sub,shared-infra-sub,owner_infra@company.com,a1b2c3d4-9999-9999-9999-000000000099,shared-infra-sub,rg-shared-infra,eastus,2026-04-27,Azure Monitor,Monitor,Data Ingested,aadff281-e00d-588e-bd69-a4630325bd50,Data Ingested,1000.0,1 Unit,44.926401,0.045,0.045,0.045,OnDemand,USD,Microsoft.SharedInfra,/subscriptions/a1b2c3d4-9999-9999-9999-000000000099/resourceGroups/rg-shared-infra/providers/Microsoft.SharedInfra/Monitor/monitor,monitor,{},{},Management,Usage,Azure,,
EA-9876543210,shared-infra-sub,shared-infra-sub,owner_infra@company.com,a1b2c3d4-9999-9999-9999-000000000099,shared-infra-sub,rg-shared-infra,eastus,2026-04-27,Virtual Network,Networking,Intra-Region,cc2ca1a8-2d13-5873-b301-4b8ed16ed2c0,Intra-Region,622.22,1 Unit,28.14579,0.045,0.045,0.045,OnDemand,USD,Microsoft.SharedInfra,/subscriptions/a1b2c3d4-9999-9999-9999-000000000099/resourceGroups/rg-shared-infra/providers/Microsoft.SharedInfra/Networking/networking,networking,{},{},Networking,Usage,Azure,,
EA-9876543210,shared-infra-sub,shared-infra-sub,owner_infra@company.com,a1b2c3d4-9999-9999-9999-000000000099,shared-infra-sub,rg-shared-infra,eastus,2026-04-27,API Management,API Management,Gateway Units,78998862-331b-5215-a4b4-8d4500189f89,Gateway Units,2666.67,1 Unit,119.327649,0.045,0.045,0.045,OnDemand,USD,Microsoft.SharedInfra,/subscriptions/a1b2c3d4-9999-9999-9999-000000000099/resourceGroups/rg-shared-infra/providers/Microsoft.SharedInfra/API Management/api-management,api-management,{},{},Integration,Usage,Azure,,
EA-9876543210,shared-infra-sub,shared-infra-sub,owner_infra@company.com,a1b2c3d4-9999-9999-9999-000000000099,shared-infra-sub,rg-shared-infra,eastus,2026-04-27,Azure Key Vault,Key Vault,Operations,3cb0172e-6732-5350-b439-97753364a78c,Operations,177.78,1 Unit,7.967226,0.045,0.045,0.045,OnDemand,USD,Microsoft.SharedInfra,/subscriptions/a1b2c3d4-9999-9999-9999-000000000099/resourceGroups/rg-shared-infra/providers/Microsoft.SharedInfra/Key Vault/key-vault,key-vault,{},{},Security,Usage,Azure,,
EA-9876543210,shared-infra-sub,shared-infra-sub,owner_infra@company.com,a1b2c3d4-9999-9999-9999-000000000099,shared-infra-sub,rg-shared-infra,eastus,2026-04-27,Azure Blob Storage,Storage,Data Stored,2e8ee991-b3b7-5136-98e5-4772405cdb0c,Data Stored,400.0,1 Unit,17.876444,0.045,0.045,0.045,OnDemand,USD,Microsoft.SharedInfra,/subscriptions/a1b2c3d4-9999-9999-9999-000000000099/resourceGroups/rg-shared-infra/providers/Microsoft.SharedInfra/Storage/storage,storage,{},{},Storage,Usage,Azure,,
EA-9876543210,platform-prod-sub,platform-prod-sub,owner_0001@company.com,a1b2c3d4-0001-0001-0001-000000000001,platform-prod-sub,rg-platform-prod,eastus,2026-04-28,Virtual Machines Standard_D2s_v3 - eastus,Virtual Machines,Standard_D2s_v3 Series,bbc4f1e6-b32a-5f02-86f0-702bf6097b8b,D2s v3,24.0,1 Hour,4.0383,0.168,0.168262,0.168,OnDemand,USD,Microsoft.Compute,/subscriptions/a1b2c3d4-0001-0001-0001-000000000001/resourceGroups/rg-platform-prod/providers/Microsoft.Compute/virtualMachines/vm-standard-d2s-v3-00,vm-standard-d2s-v3-00,{},"{""ServiceType"": ""Standard"", ""VMName"": ""vm-standard-d2s-v3-00"", ""vCPUs"": 2}",Compute,Usage,Azure,,
EA-9876543210,platform-prod-sub,platform-prod-sub,owner_0001@company.com,a1b2c3d4-0001-0001-0001-000000000001,platform-prod-sub,rg-platform-prod,eastus,2026-04-28,Virtual Machines Standard_D2s_v3 - eastus,Virtual Machines,Standard_D2s_v3 Series,bbc4f1e6-b32a-5f02-86f0-702bf6097b8b,D2s v3,24.0,1 Hour,4.033755,0.168,0.168073,0.168,OnDemand,USD,Microsoft.Compute,/subscriptions/a1b2c3d4-0001-0001-0001-000000000001/resourceGroups/rg-platform-prod/providers/Microsoft.Compute/virtualMachines/vm-standard-d2s-v3-01,vm-standard-d2s-v3-01,{},"{""ServiceType"": ""Standard"", ""VMName"": ""vm-standard-d2s-v3-01"", ""vCPUs"": 2}",Compute,Usage,Azure,,
EA-9876543210,app-prod-sub,app-prod-sub,owner_0003@company.com,a1b2c3d4-0003-0003-0003-000000000003,app-prod-sub,rg-app-prod,eastus,2026-04-28,Virtual Machines Standard_D4s_v3 - eastus,Virtual Machines,Standard_D4s_v3 Series,6c8e1236-a3aa-53d7-8e09-dadb98f69027,D4s v3,24.0,1 Hour,8.057994,0.336,0.33575,0.336,OnDemand,USD,Microsoft.Compute,/subscriptions/a1b2c3d4-0003-0003-0003-000000000003/resourceGroups/rg-app-prod/providers/Microsoft.Compute/virtualMachines/vm-standard-d4s-v3-02,vm-standard-d4s-v3-02,"{""team"": ""backend"", ""environment"": ""prod"", ""costcenter"": ""CC400"", ""application"": ""backend-app""}","{""ServiceType"": ""Standard"", ""VMName"": ""vm-standard-d4s-v3-02"", ""vCPUs"": 4}",Compute,Usage,Azure,,
EA-9876543210,data-eng-prod-sub,data-eng-prod-sub,owner_0002@company.com,a1b2c3d4-0002-0002-0002-000000000002,data-eng-prod-sub,rg-data-prod,westeurope,2026-04-28,Virtual Machines Standard_E4s_v3 - westeurope,Virtual Machines,Standard_E4s_v3 Series,7373fa15-5d45-5d30-a83f-72064e156f94,E4s v3,24.0,1 Hour,5.49818,0.364,0.229091,0.364,Reservation,USD,Microsoft.Compute,/subscriptions/a1b2c3d4-0002-0002-0002-000000000002/resourceGroups/rg-data-prod/providers/Microsoft.Compute/virtualMachines/vm-standard-e4s-v3-03,vm-standard-e4s-v3-03,"{""team"": ""data-eng"", ""environment"": ""prod"", ""costcenter"": ""CC200"", ""application"": ""data-eng-app""}","{""ServiceType"": ""Standard"", ""VMName"": ""vm-standard-e4s-v3-03"", ""vCPUs"": 4}",Compute,Usage,Azure,/providers/Microsoft.BillingBenefits/savingsPlanOrders/b430b78c-0abb-4a0b-8040-4ffbbaff117c,Reserved VM Instance_westeurope_1Year
EA-9876543210,data-eng-prod-sub,data-eng-prod-sub,owner_0002@company.com,a1b2c3d4-0002-0002-0002-000000000002,data-eng-prod-sub,rg-data-prod,westeurope,2026-04-28,Virtual Machines Standard_E8s_v3 - westeurope,Virtual Machines,Standard_E8s_v3 Series,2b9593f7-8692-56d9-b10a-a624f400da47,E8s v3,24.0,1 Hour,17.627938,0.728,0.734497,0.728,OnDemand,USD,Microsoft.Compute,/subscriptions/a1b2c3d4-0002-0002-0002-000000000002/resourceGroups/rg-data-prod/providers/Microsoft.Compute/virtualMachines/vm-standard-e8s-v3-04,vm-standard-e8s-v3-04,{},"{""ServiceType"": ""Standard"", ""VMName"": ""vm-standard-e8s-v3-04"", ""vCPUs"": 8}",Compute,Usage,Azure,,
EA-9876543210,data-eng-prod-sub,data-eng-prod-sub,owner_0002@company.com,a1b2c3d4-0002-0002-0002-000000000002,data-eng-prod-sub,rg-ml-prod,westeurope,2026-04-28,Virtual Machines Standard_F4s_v2 - westeurope,Virtual Machines,Standard_F4s_v2 Series,303bf71a-6d52-56d9-8e75-95552aa01c86,F4s v2,24.0,1 Hour,3.356379,0.252,0.139849,0.252,Reservation,USD,Microsoft.Compute,/subscriptions/a1b2c3d4-0002-0002-0002-000000000002/resourceGroups/rg-ml-prod/providers/Microsoft.Compute/virtualMachines/vm-standard-f4s-v2-05,vm-standard-f4s-v2-05,"{""team"": ""ml"", ""environment"": ""prod"", ""costcenter"": ""CC500"", ""application"": ""ml-app""}","{""ServiceType"": ""Standard"", ""VMName"": ""vm-standard-f4s-v2-05"", ""vCPUs"": 4}",Compute,Usage,Azure,/providers/Microsoft.BillingBenefits/savingsPlanOrders/30b32ce7-554c-4fde-ab8c-0d1c695279d9,Reserved VM Instance_westeurope_1Year
EA-9876543210,data-eng-prod-sub,data-eng-prod-sub,owner_0002@company.com,a1b2c3d4-0002-0002-0002-000000000002,data-eng-prod-sub,rg-ml-prod,westeurope,2026-04-28,Virtual Machines Standard_D8s_v3 - westeurope,Virtual Machines,Standard_D8s_v3 Series,348575ff-7ae0-57e5-896e-037d67179117,D8s v3,24.0,1 Hour,11.647878,0.672,0.485328,0.672,SavingsPlan,USD,Microsoft.Compute,/subscriptions/a1b2c3d4-0002-0002-0002-000000000002/resourceGroups/rg-ml-prod/providers/Microsoft.Compute/virtualMachines/vm-standard-d8s-v3-06,vm-standard-d8s-v3-06,"{""team"": ""ml"", ""environment"": ""prod"", ""costcenter"": ""CC500"", ""application"": ""ml-app""}","{""ServiceType"": ""Standard"", ""VMName"": ""vm-standard-d8s-v3-06"", ""vCPUs"": 8}",Compute,Usage,Azure,/providers/Microsoft.BillingBenefits/savingsPlanOrders/502109d7-bea8-485d-a577-db48cf61f272,Compute savings plan_1Year
EA-9876543210,app-prod-sub,app-prod-sub,owner_0003@company.com,a1b2c3d4-0003-0003-0003-000000000003,app-prod-sub,rg-app-prod,southeastasia,2026-04-28,Virtual Machines Standard_B2s - southeastasia,Virtual Machines,Standard_B2s Series,78a50003-6630-5ba4-aad2-c10f0de71d3b,B2s,24.0,1 Hour,1.999791,0.084,0.083325,0.084,OnDemand,USD,Microsoft.Compute,/subscriptions/a1b2c3d4-0003-0003-0003-000000000003/resourceGroups/rg-app-prod/providers/Microsoft.Compute/virtualMachines/vm-standard-b2s-07,vm-standard-b2s-07,"{""team"": ""frontend"", ""environment"": ""prod"", ""costcenter"": ""CC300"", ""application"": ""frontend-app""}","{""ServiceType"": ""Standard"", ""VMName"": ""vm-standard-b2s-07"", ""vCPUs"": 2}",Compute,Usage,Azure,,
EA-9876543210,app-prod-sub,app-prod-sub,owner_0003@company.com,a1b2c3d4-0003-0003-0003-000000000003,app-prod-sub,rg-app-staging,southeastasia,2026-04-28,Virtual Machines Standard_B2s - southeastasia,Virtual Machines,Standard_B2s Series,78a50003-6630-5ba4-aad2-c10f0de71d3b,B2s,24.0,1 Hour,2.023788,0.084,0.084325,0.084,OnDemand,USD,Microsoft.Compute,/subscriptions/a1b2c3d4-0003-0003-0003-000000000003/resourceGroups/rg-app-staging/providers/Microsoft.Compute/virtualMachines/vm-standard-b2s-08,vm-standard-b2s-08,{},"{""ServiceType"": ""Standard"", ""VMName"": ""vm-standard-b2s-08"", ""vCPUs"": 2}",Compute,Usage,Azure,,
EA-9876543210,app-prod-sub,app-prod-sub,owner_0003@company.com,a1b2c3d4-0003-0003-0003-000000000003,app-prod-sub,rg-app-staging,eastus,2026-04-28,Virtual Machines Standard_D2s_v3 - eastus,Virtual Machines,Standard_D2s_v3 Series,bbc4f1e6-b32a-5f02-86f0-702bf6097b8b,D2s v3,24.0,1 Hour,4.010958,0.168,0.167123,0.168,OnDemand,USD,Microsoft.Compute,/subscriptions/a1b2c3d4-0003-0003-0003-000000000003/resourceGroups/rg-app-staging/providers/Microsoft.Compute/virtualMachines/vm-standard-d2s-v3-09,vm-standard-d2s-v3-09,"{""team"": ""backend"", ""environment"": ""staging"", ""costcenter"": ""CC400"", ""application"": ""backend-app""}","{""ServiceType"": ""Standard"", ""VMName"": ""vm-standard-d2s-v3-09"", ""vCPUs"": 2}",Compute,Usage,Azure,,
EA-9876543210,platform-prod-sub,platform-prod-sub,owner_0001@company.com,a1b2c3d4-0001-0001-0001-000000000001,platform-prod-sub,rg-platform-dev,eastus,2026-04-28,Virtual Machines Standard_B2s - eastus,Virtual Machines,Standard_B2s Series,7190101e-d2ab-5a56-ad8e-83f7122f17e8,B2s,24.0,1 Hour,2.002364,0.084,0.083432,0.084,OnDemand,USD,Microsoft.Compute,/subscriptions/a1b2c3d4-0001-0001-0001-000000000001/resourceGroups/rg-platform-dev/providers/Microsoft.Compute/virtualMachines/vm-standard-b2s-10,vm-standard-b2s-10,"{""team"": ""platform"", ""environment"": ""dev"", ""costcenter"": ""CC100"", ""application"": ""platform-app""}","{""ServiceType"": ""Standard"", ""VMName"": ""vm-standard-b2s-10"", ""vCPUs"": 2}",Compute,Usage,Azure,,
EA-9876543210,app-prod-sub,app-prod-sub,owner_0003@company.com,a1b2c3d4-0003-0003-0003-000000000003,app-prod-sub,rg-app-dev,eastus,2026-04-28,Virtual Machines Standard_B2s - eastus,Virtual Machines,Standard_B2s Series,7190101e-d2ab-5a56-ad8e-83f7122f17e8,B2s,24.0,1 Hour,1.463673,0.084,0.060986,0.084,SavingsPlan,USD,Microsoft.Compute,/subscriptions/a1b2c3d4-0003-0003-0003-000000000003/resourceGroups/rg-app-dev/providers/Microsoft.Compute/virtualMachines/vm-standard-b2s-11,vm-standard-b2s-11,{},"{""ServiceType"": ""Standard"", ""VMName"": ""vm-standard-b2s-11"", ""vCPUs"": 2}",Compute,Usage,Azure,/providers/Microsoft.BillingBenefits/savingsPlanOrders/de06bd23-f5ab-4afc-940e-4eef8d2e3f81,Compute savings plan_1Year
EA-9876543210,platform-prod-sub,platform-prod-sub,owner_0001@company.com,a1b2c3d4-0001-0001-0001-000000000001,platform-prod-sub,rg-platform-prod,eastus,2026-04-28,Blob Storage - LRS - Hot - eastus,Storage,Blobs - LRS - Hot,fb8faed0-f377-5fb0-92b7-78035153a7fa,Data Stored,849.3857,1 GB/Month,0.509889,0.018,0.018,0.018,OnDemand,USD,Microsoft.Storage,/subscriptions/a1b2c3d4-0001-0001-0001-000000000001/resourceGroups/rg-platform-prod/providers/Microsoft.Storage/storageAccounts/stplatformassets,stplatformassets,{},"{""AccountType"": ""LRS""}",Storage,Usage,Azure,,
EA-9876543210,data-eng-prod-sub,data-eng-prod-sub,owner_0002@company.com,a1b2c3d4-0002-0002-0002-000000000002,data-eng-prod-sub,rg-data-prod,westeurope,2026-04-28,Blob Storage - ZRS - Hot - westeurope,Storage,Blobs - ZRS - Hot,9dd9b051-b91d-533a-9f70-e4838eb241bb,Data Stored,3197.9837,1 GB/Month,2.456323,0.023,0.023,0.023,OnDemand,USD,Microsoft.Storage,/subscriptions/a1b2c3d4-0002-0002-0002-000000000002/resourceGroups/rg-data-prod/providers/Microsoft.Storage/storageAccounts/stdatalake,stdatalake,"{""team"": ""data-eng"", ""environment"": ""prod"", ""costcenter"": ""CC200"", ""application"": ""data-eng-app""}","{""AccountType"": ""ZRS""}",Storage,Usage,Azure,,
EA-9876543210,app-prod-sub,app-prod-sub,owner_0003@company.com,a1b2c3d4-0003-0003-0003-000000000003,app-prod-sub,rg-app-prod,southeastasia,2026-04-28,Blob Storage - LRS - Hot - southeastasia,Storage,Blobs - LRS - Hot,3ae72a36-b458-5b93-9e16-84484844594d,Data Stored,400.1014,1 GB/Month,0.240535,0.018,0.018,0.018,OnDemand,USD,Microsoft.Storage,/subscriptions/a1b2c3d4-0003-0003-0003-000000000003/resourceGroups/rg-app-prod/providers/Microsoft.Storage/storageAccounts/stappassets,stappassets,"{""team"": ""frontend"", ""environment"": ""prod"", ""costcenter"": ""CC300"", ""application"": ""frontend-app""}","{""AccountType"": ""LRS""}",Storage,Usage,Azure,,
EA-9876543210,data-eng-prod-sub,data-eng-prod-sub,owner_0002@company.com,a1b2c3d4-0002-0002-0002-000000000002,data-eng-prod-sub,rg-ml-prod,westeurope,2026-04-28,Blob Storage - LRS - Hot - westeurope,Storage,Blobs - LRS - Hot,4ba045d2-b571-568f-be23-884194c5daba,Data Stored,1098.903,1 GB/Month,0.660807,0.018,0.018,0.018,OnDemand,USD,Microsoft.Storage,/subscriptions/a1b2c3d4-0002-0002-0002-000000000002/resourceGroups/rg-ml-prod/providers/Microsoft.Storage/storageAccounts/stmlmodels,stmlmodels,"{""team"": ""ml"", ""environment"": ""prod"", ""costcenter"": ""CC500"", ""application"": ""ml-app""}","{""AccountType"": ""LRS""}",Storage,Usage,Azure,,
EA-9876543210,platform-prod-sub,platform-prod-sub,owner_0001@company.com,a1b2c3d4-0001-0001-0001-000000000001,platform-prod-sub,rg-platform-prod,eastus,2026-04-28,Azure SQL Database Standard_S2 - eastus,SQL Database,Standard_S2,cd1e0b9a-8ff0-5779-9281-87ab698e2916,vCore Hours,24.0,1 Hour,7.458943,0.31,0.31,0.31,OnDemand,USD,Microsoft.Sql,/subscriptions/a1b2c3d4-0001-0001-0001-000000000001/resourceGroups/rg-platform-prod/providers/Microsoft.Sql/servers/databases/sqldb-standard-0001,sqldb-standard-0001,"{""team"": ""platform"", ""environment"": ""prod"", ""costcenter"": ""CC100"", ""application"": ""platform-app""}",{},Databases,Usage,Azure,,
EA-9876543210,data-eng-prod-sub,data-eng-prod-sub,owner_0002@company.com,a1b2c3d4-0002-0002-0002-000000000002,data-eng-prod-sub,rg-data-prod,westeurope,2026-04-28,Azure SQL Database Business Critical_BC_Gen5_4 - westeurope,SQL Database,Business Critical_BC_Gen5_4,4bab5ab0-7291-58c2-8564-3252f5053179,vCore Hours,24.0,1 Hour,52.678433,2.2,2.2,2.2,OnDemand,USD,Microsoft.Sql,/subscriptions/a1b2c3d4-0002-0002-0002-000000000002/resourceGroups/rg-data-prod/providers/Microsoft.Sql/servers/databases/sqldb-business critical-0002,sqldb-business critical-0002,{},{},Databases,Usage,Azure,,
EA-9876543210,app-prod-sub,app-prod-sub,owner_0003@company.com,a1b2c3d4-0003-0003-0003-000000000003,app-prod-sub,rg-app-prod,eastus,2026-04-28,Azure SQL Database General Purpose_GP_Gen5_2 - eastus,SQL Database,General Purpose_GP_Gen5_2,69e0198c-4ca3-5ac2-8540-db65f6d44c56,vCore Hours,24.0,1 Hour,14.454936,0.6,0.6,0.6,OnDemand,USD,Microsoft.Sql,/subscriptions/a1b2c3d4-0003-0003-0003-000000000003/resourceGroups/rg-app-prod/providers/Microsoft.Sql/servers/databases/sqldb-general purpose-0003,sqldb-general purpose-0003,{},{},Databases,Usage,Azure,,
EA-9876543210,shared-infra-sub,shared-infra-sub,owner_infra@company.com,a1b2c3d4-9999-9999-9999-000000000099,shared-infra-sub,rg-shared-infra,eastus,2026-04-28,Azure Monitor,Monitor,Data Ingested,aadff281-e00d-588e-bd69-a4630325bd50,Data Ingested,1000.0,1 Unit,45.027828,0.045,0.045,0.045,OnDemand,USD,Microsoft.SharedInfra,/subscriptions/a1b2c3d4-9999-9999-9999-000000000099/resourceGroups/rg-shared-infra/providers/Microsoft.SharedInfra/Monitor/monitor,monitor,{},{},Management,Usage,Azure,,
EA-9876543210,shared-infra-sub,shared-infra-sub,owner_infra@company.com,a1b2c3d4-9999-9999-9999-000000000099,shared-infra-sub,rg-shared-infra,eastus,2026-04-28,Virtual Network,Networking,Intra-Region,cc2ca1a8-2d13-5873-b301-4b8ed16ed2c0,Intra-Region,622.22,1 Unit,27.88609,0.045,0.045,0.045,OnDemand,USD,Microsoft.SharedInfra,/subscriptions/a1b2c3d4-9999-9999-9999-000000000099/resourceGroups/rg-shared-infra/providers/Microsoft.SharedInfra/Networking/networking,networking,{},{},Networking,Usage,Azure,,
EA-9876543210,shared-infra-sub,shared-infra-sub,owner_infra@company.com,a1b2c3d4-9999-9999-9999-000000000099,shared-infra-sub,rg-shared-infra,eastus,2026-04-28,API Management,API Management,Gateway Units,78998862-331b-5215-a4b4-8d4500189f89,Gateway Units,2666.67,1 Unit,120.606931,0.045,0.045,0.045,OnDemand,USD,Microsoft.SharedInfra,/subscriptions/a1b2c3d4-9999-9999-9999-000000000099/resourceGroups/rg-shared-infra/providers/Microsoft.SharedInfra/API Management/api-management,api-management,{},{},Integration,Usage,Azure,,
EA-9876543210,shared-infra-sub,shared-infra-sub,owner_infra@company.com,a1b2c3d4-9999-9999-9999-000000000099,shared-infra-sub,rg-shared-infra,eastus,2026-04-28,Azure Key Vault,Key Vault,Operations,3cb0172e-6732-5350-b439-97753364a78c,Operations,177.78,1 Unit,8.031689,0.045,0.045,0.045,OnDemand,USD,Microsoft.SharedInfra,/subscriptions/a1b2c3d4-9999-9999-9999-000000000099/resourceGroups/rg-shared-infra/providers/Microsoft.SharedInfra/Key Vault/key-vault,key-vault,{},{},Security,Usage,Azure,,
EA-9876543210,shared-infra-sub,shared-infra-sub,owner_infra@company.com,a1b2c3d4-9999-9999-9999-000000000099,shared-infra-sub,rg-shared-infra,eastus,2026-04-28,Azure Blob Storage,Storage,Data Stored,2e8ee991-b3b7-5136-98e5-4772405cdb0c,Data Stored,400.0,1 Unit,18.0405,0.045,0.045,0.045,OnDemand,USD,Microsoft.SharedInfra,/subscriptions/a1b2c3d4-9999-9999-9999-000000000099/resourceGroups/rg-shared-infra/providers/Microsoft.SharedInfra/Storage/storage,storage,{},{},Storage,Usage,Azure,,
EA-9876543210,platform-prod-sub,platform-prod-sub,owner_0001@company.com,a1b2c3d4-0001-0001-0001-000000000001,platform-prod-sub,rg-platform-prod,eastus,2026-04-29,Virtual Machines Standard_D2s_v3 - eastus,Virtual Machines,Standard_D2s_v3 Series,bbc4f1e6-b32a-5f02-86f0-702bf6097b8b,D2s v3,24.0,1 Hour,4.041714,0.168,0.168405,0.168,OnDemand,USD,Microsoft.Compute,/subscriptions/a1b2c3d4-0001-0001-0001-000000000001/resourceGroups/rg-platform-prod/providers/Microsoft.Compute/virtualMachines/vm-standard-d2s-v3-00,vm-standard-d2s-v3-00,{},"{""ServiceType"": ""Standard"", ""VMName"": ""vm-standard-d2s-v3-00"", ""vCPUs"": 2}",Compute,Usage,Azure,,
EA-9876543210,platform-prod-sub,platform-prod-sub,owner_0001@company.com,a1b2c3d4-0001-0001-0001-000000000001,platform-prod-sub,rg-platform-prod,eastus,2026-04-29,Virtual Machines Standard_D2s_v3 - eastus,Virtual Machines,Standard_D2s_v3 Series,bbc4f1e6-b32a-5f02-86f0-702bf6097b8b,D2s v3,24.0,1 Hour,4.065063,0.168,0.169378,0.168,OnDemand,USD,Microsoft.Compute,/subscriptions/a1b2c3d4-0001-0001-0001-000000000001/resourceGroups/rg-platform-prod/providers/Microsoft.Compute/virtualMachines/vm-standard-d2s-v3-01,vm-standard-d2s-v3-01,"{""team"": ""platform"", ""environment"": ""prod"", ""costcenter"": ""CC100"", ""application"": ""platform-app""}","{""ServiceType"": ""Standard"", ""VMName"": ""vm-standard-d2s-v3-01"", ""vCPUs"": 2}",Compute,Usage,Azure,,
EA-9876543210,app-prod-sub,app-prod-sub,owner_0003@company.com,a1b2c3d4-0003-0003-0003-000000000003,app-prod-sub,rg-app-prod,eastus,2026-04-29,Virtual Machines Standard_D4s_v3 - eastus,Virtual Machines,Standard_D4s_v3 Series,6c8e1236-a3aa-53d7-8e09-dadb98f69027,D4s v3,24.0,1 Hour,8.058412,0.336,0.335767,0.336,OnDemand,USD,Microsoft.Compute,/subscriptions/a1b2c3d4-0003-0003-0003-000000000003/resourceGroups/rg-app-prod/providers/Microsoft.Compute/virtualMachines/vm-standard-d4s-v3-02,vm-standard-d4s-v3-02,"{""team"": ""backend"", ""environment"": ""prod"", ""costcenter"": ""CC400"", ""application"": ""backend-app""}","{""ServiceType"": ""Standard"", ""VMName"": ""vm-standard-d4s-v3-02"", ""vCPUs"": 4}",Compute,Usage,Azure,,
EA-9876543210,data-eng-prod-sub,data-eng-prod-sub,owner_0002@company.com,a1b2c3d4-0002-0002-0002-000000000002,data-eng-prod-sub,rg-data-prod,westeurope,2026-04-29,Virtual Machines Standard_E4s_v3 - westeurope,Virtual Machines,Standard_E4s_v3 Series,7373fa15-5d45-5d30-a83f-72064e156f94,E4s v3,24.0,1 Hour,5.681205,0.364,0.236717,0.364,Reservation,USD,Microsoft.Compute,/subscriptions/a1b2c3d4-0002-0002-0002-000000000002/resourceGroups/rg-data-prod/providers/Microsoft.Compute/virtualMachines/vm-standard-e4s-v3-03,vm-standard-e4s-v3-03,"{""team"": ""data-eng"", ""environment"": ""prod"", ""costcenter"": ""CC200"", ""application"": ""data-eng-app""}","{""ServiceType"": ""Standard"", ""VMName"": ""vm-standard-e4s-v3-03"", ""vCPUs"": 4}",Compute,Usage,Azure,/providers/Microsoft.BillingBenefits/savingsPlanOrders/9bfbee7c-3097-46e3-bcbe-efe22c3b1aa3,Reserved VM Instance_westeurope_1Year
EA-9876543210,data-eng-prod-sub,data-eng-prod-sub,owner_0002@company.com,a1b2c3d4-0002-0002-0002-000000000002,data-eng-prod-sub,rg-data-prod,westeurope,2026-04-29,Virtual Machines Standard_E8s_v3 - westeurope,Virtual Machines,Standard_E8s_v3 Series,2b9593f7-8692-56d9-b10a-a624f400da47,E8s v3,24.0,1 Hour,17.414318,0.728,0.725597,0.728,OnDemand,USD,Microsoft.Compute,/subscriptions/a1b2c3d4-0002-0002-0002-000000000002/resourceGroups/rg-data-prod/providers/Microsoft.Compute/virtualMachines/vm-standard-e8s-v3-04,vm-standard-e8s-v3-04,{},"{""ServiceType"": ""Standard"", ""VMName"": ""vm-standard-e8s-v3-04"", ""vCPUs"": 8}",Compute,Usage,Azure,,
EA-9876543210,data-eng-prod-sub,data-eng-prod-sub,owner_0002@company.com,a1b2c3d4-0002-0002-0002-000000000002,data-eng-prod-sub,rg-ml-prod,westeurope,2026-04-29,Virtual Machines Standard_F4s_v2 - westeurope,Virtual Machines,Standard_F4s_v2 Series,303bf71a-6d52-56d9-8e75-95552aa01c86,F4s v2,24.0,1 Hour,3.681572,0.252,0.153399,0.252,Reservation,USD,Microsoft.Compute,/subscriptions/a1b2c3d4-0002-0002-0002-000000000002/resourceGroups/rg-ml-prod/providers/Microsoft.Compute/virtualMachines/vm-standard-f4s-v2-05,vm-standard-f4s-v2-05,"{""team"": ""ml"", ""environment"": ""prod"", ""costcenter"": ""CC500"", ""application"": ""ml-app""}","{""ServiceType"": ""Standard"", ""VMName"": ""vm-standard-f4s-v2-05"", ""vCPUs"": 4}",Compute,Usage,Azure,/providers/Microsoft.BillingBenefits/savingsPlanOrders/46f25d0a-60a3-4338-90af-66258d7640d5,Reserved VM Instance_westeurope_1Year
EA-9876543210,data-eng-prod-sub,data-eng-prod-sub,owner_0002@company.com,a1b2c3d4-0002-0002-0002-000000000002,data-eng-prod-sub,rg-ml-prod,westeurope,2026-04-29,Virtual Machines Standard_D8s_v3 - westeurope,Virtual Machines,Standard_D8s_v3 Series,348575ff-7ae0-57e5-896e-037d67179117,D8s v3,24.0,1 Hour,11.195951,0.672,0.466498,0.672,SavingsPlan,USD,Microsoft.Compute,/subscriptions/a1b2c3d4-0002-0002-0002-000000000002/resourceGroups/rg-ml-prod/providers/Microsoft.Compute/virtualMachines/vm-standard-d8s-v3-06,vm-standard-d8s-v3-06,"{""team"": ""ml"", ""environment"": ""prod"", ""costcenter"": ""CC500"", ""application"": ""ml-app""}","{""ServiceType"": ""Standard"", ""VMName"": ""vm-standard-d8s-v3-06"", ""vCPUs"": 8}",Compute,Usage,Azure,/providers/Microsoft.BillingBenefits/savingsPlanOrders/dae879f6-2b90-4084-8dd6-b574f9e5de64,Compute savings plan_1Year
EA-9876543210,app-prod-sub,app-prod-sub,owner_0003@company.com,a1b2c3d4-0003-0003-0003-000000000003,app-prod-sub,rg-app-prod,southeastasia,2026-04-29,Virtual Machines Standard_B2s - southeastasia,Virtual Machines,Standard_B2s Series,78a50003-6630-5ba4-aad2-c10f0de71d3b,B2s,24.0,1 Hour,2.012893,0.084,0.083871,0.084,OnDemand,USD,Microsoft.Compute,/subscriptions/a1b2c3d4-0003-0003-0003-000000000003/resourceGroups/rg-app-prod/providers/Microsoft.Compute/virtualMachines/vm-standard-b2s-07,vm-standard-b2s-07,"{""team"": ""frontend"", ""environment"": ""prod"", ""costcenter"": ""CC300"", ""application"": ""frontend-app""}","{""ServiceType"": ""Standard"", ""VMName"": ""vm-standard-b2s-07"", ""vCPUs"": 2}",Compute,Usage,Azure,,
EA-9876543210,app-prod-sub,app-prod-sub,owner_0003@company.com,a1b2c3d4-0003-0003-0003-000000000003,app-prod-sub,rg-app-staging,southeastasia,2026-04-29,Virtual Machines Standard_B2s - southeastasia,Virtual Machines,Standard_B2s Series,78a50003-6630-5ba4-aad2-c10f0de71d3b,B2s,24.0,1 Hour,2.016058,0.084,0.084002,0.084,OnDemand,USD,Microsoft.Compute,/subscriptions/a1b2c3d4-0003-0003-0003-000000000003/resourceGroups/rg-app-staging/providers/Microsoft.Compute/virtualMachines/vm-standard-b2s-08,vm-standard-b2s-08,{},"{""ServiceType"": ""Standard"", ""VMName"": ""vm-standard-b2s-08"", ""vCPUs"": 2}",Compute,Usage,Azure,,
EA-9876543210,app-prod-sub,app-prod-sub,owner_0003@company.com,a1b2c3d4-0003-0003-0003-000000000003,app-prod-sub,rg-app-staging,eastus,2026-04-29,Virtual Machines Standard_D2s_v3 - eastus,Virtual Machines,Standard_D2s_v3 Series,bbc4f1e6-b32a-5f02-86f0-702bf6097b8b,D2s v3,24.0,1 Hour,4.058239,0.168,0.169093,0.168,OnDemand,USD,Microsoft.Compute,/subscriptions/a1b2c3d4-0003-0003-0003-000000000003/resourceGroups/rg-app-staging/providers/Microsoft.Compute/virtualMachines/vm-standard-d2s-v3-09,vm-standard-d2s-v3-09,"{""team"": ""backend"", ""environment"": ""staging"", ""costcenter"": ""CC400"", ""application"": ""backend-app""}","{""ServiceType"": ""Standard"", ""VMName"": ""vm-standard-d2s-v3-09"", ""vCPUs"": 2}",Compute,Usage,Azure,,
EA-9876543210,platform-prod-sub,platform-prod-sub,owner_0001@company.com,a1b2c3d4-0001-0001-0001-000000000001,platform-prod-sub,rg-platform-dev,eastus,2026-04-29,Virtual Machines Standard_B2s - eastus,Virtual Machines,Standard_B2s Series,7190101e-d2ab-5a56-ad8e-83f7122f17e8,B2s,24.0,1 Hour,2.022988,0.084,0.084291,0.084,OnDemand,USD,Microsoft.Compute,/subscriptions/a1b2c3d4-0001-0001-0001-000000000001/resourceGroups/rg-platform-dev/providers/Microsoft.Compute/virtualMachines/vm-standard-b2s-10,vm-standard-b2s-10,"{""team"": ""platform"", ""environment"": ""dev"", ""costcenter"": ""CC100"", ""application"": ""platform-app""}","{""ServiceType"": ""Standard"", ""VMName"": ""vm-standard-b2s-10"", ""vCPUs"": 2}",Compute,Usage,Azure,,
EA-9876543210,app-prod-sub,app-prod-sub,owner_0003@company.com,a1b2c3d4-0003-0003-0003-000000000003,app-prod-sub,rg-app-dev,eastus,2026-04-29,Virtual Machines Standard_B2s - eastus,Virtual Machines,Standard_B2s Series,7190101e-d2ab-5a56-ad8e-83f7122f17e8,B2s,24.0,1 Hour,1.328966,0.084,0.055374,0.084,SavingsPlan,USD,Microsoft.Compute,/subscriptions/a1b2c3d4-0003-0003-0003-000000000003/resourceGroups/rg-app-dev/providers/Microsoft.Compute/virtualMachines/vm-standard-b2s-11,vm-standard-b2s-11,{},"{""ServiceType"": ""Standard"", ""VMName"": ""vm-standard-b2s-11"", ""vCPUs"": 2}",Compute,Usage,Azure,/providers/Microsoft.BillingBenefits/savingsPlanOrders/fb7ac06c-d39e-4e91-8bc7-63b523c57da2,Compute savings plan_1Year
EA-9876543210,platform-prod-sub,platform-prod-sub,owner_0001@company.com,a1b2c3d4-0001-0001-0001-000000000001,platform-prod-sub,rg-platform-prod,eastus,2026-04-29,Blob Storage - LRS - Hot - eastus,Storage,Blobs - LRS - Hot,fb8faed0-f377-5fb0-92b7-78035153a7fa,Data Stored,849.2984,1 GB/Month,0.511175,0.018,0.018,0.018,OnDemand,USD,Microsoft.Storage,/subscriptions/a1b2c3d4-0001-0001-0001-000000000001/resourceGroups/rg-platform-prod/providers/Microsoft.Storage/storageAccounts/stplatformassets,stplatformassets,"{""team"": ""platform"", ""environment"": ""prod"", ""costcenter"": ""CC100"", ""application"": ""platform-app""}","{""AccountType"": ""LRS""}",Storage,Usage,Azure,,
EA-9876543210,data-eng-prod-sub,data-eng-prod-sub,owner_0002@company.com,a1b2c3d4-0002-0002-0002-000000000002,data-eng-prod-sub,rg-data-prod,westeurope,2026-04-29,Blob Storage - ZRS - Hot - westeurope,Storage,Blobs - ZRS - Hot,9dd9b051-b91d-533a-9f70-e4838eb241bb,Data Stored,3197.9444,1 GB/Month,2.451724,0.023,0.023,0.023,OnDemand,USD,Microsoft.Storage,/subscriptions/a1b2c3d4-0002-0002-0002-000000000002/resourceGroups/rg-data-prod/providers/Microsoft.Storage/storageAccounts/stdatalake,stdatalake,{},"{""AccountType"": ""ZRS""}",Storage,Usage,Azure,,
EA-9876543210,app-prod-sub,app-prod-sub,owner_0003@company.com,a1b2c3d4-0003-0003-0003-000000000003,app-prod-sub,rg-app-prod,southeastasia,2026-04-29,Blob Storage - LRS - Hot - southeastasia,Storage,Blobs - LRS - Hot,3ae72a36-b458-5b93-9e16-84484844594d,Data Stored,399.6616,1 GB/Month,0.24066,0.018,0.018,0.018,OnDemand,USD,Microsoft.Storage,/subscriptions/a1b2c3d4-0003-0003-0003-000000000003/resourceGroups/rg-app-prod/providers/Microsoft.Storage/storageAccounts/stappassets,stappassets,{},"{""AccountType"": ""LRS""}",Storage,Usage,Azure,,
EA-9876543210,data-eng-prod-sub,data-eng-prod-sub,owner_0002@company.com,a1b2c3d4-0002-0002-0002-000000000002,data-eng-prod-sub,rg-ml-prod,westeurope,2026-04-29,Blob Storage - LRS - Hot - westeurope,Storage,Blobs - LRS - Hot,4ba045d2-b571-568f-be23-884194c5daba,Data Stored,1099.1465,1 GB/Month,0.658672,0.018,0.018,0.018,OnDemand,USD,Microsoft.Storage,/subscriptions/a1b2c3d4-0002-0002-0002-000000000002/resourceGroups/rg-ml-prod/providers/Microsoft.Storage/storageAccounts/stmlmodels,stmlmodels,"{""team"": ""ml"", ""environment"": ""prod"", ""costcenter"": ""CC500"", ""application"": ""ml-app""}","{""AccountType"": ""LRS""}",Storage,Usage,Azure,,
EA-9876543210,platform-prod-sub,platform-prod-sub,owner_0001@company.com,a1b2c3d4-0001-0001-0001-000000000001,platform-prod-sub,rg-platform-prod,eastus,2026-04-29,Azure SQL Database Standard_S2 - eastus,SQL Database,Standard_S2,cd1e0b9a-8ff0-5779-9281-87ab698e2916,vCore Hours,24.0,1 Hour,7.387616,0.31,0.31,0.31,OnDemand,USD,Microsoft.Sql,/subscriptions/a1b2c3d4-0001-0001-0001-000000000001/resourceGroups/rg-platform-prod/providers/Microsoft.Sql/servers/databases/sqldb-standard-0001,sqldb-standard-0001,{},{},Databases,Usage,Azure,,
EA-9876543210,data-eng-prod-sub,data-eng-prod-sub,owner_0002@company.com,a1b2c3d4-0002-0002-0002-000000000002,data-eng-prod-sub,rg-data-prod,westeurope,2026-04-29,Azure SQL Database Business Critical_BC_Gen5_4 - westeurope,SQL Database,Business Critical_BC_Gen5_4,4bab5ab0-7291-58c2-8564-3252f5053179,vCore Hours,24.0,1 Hour,52.430926,2.2,2.2,2.2,OnDemand,USD,Microsoft.Sql,/subscriptions/a1b2c3d4-0002-0002-0002-000000000002/resourceGroups/rg-data-prod/providers/Microsoft.Sql/servers/databases/sqldb-business critical-0002,sqldb-business critical-0002,{},{},Databases,Usage,Azure,,
EA-9876543210,app-prod-sub,app-prod-sub,owner_0003@company.com,a1b2c3d4-0003-0003-0003-000000000003,app-prod-sub,rg-app-prod,eastus,2026-04-29,Azure SQL Database General Purpose_GP_Gen5_2 - eastus,SQL Database,General Purpose_GP_Gen5_2,69e0198c-4ca3-5ac2-8540-db65f6d44c56,vCore Hours,24.0,1 Hour,14.314826,0.6,0.6,0.6,OnDemand,USD,Microsoft.Sql,/subscriptions/a1b2c3d4-0003-0003-0003-000000000003/resourceGroups/rg-app-prod/providers/Microsoft.Sql/servers/databases/sqldb-general purpose-0003,sqldb-general purpose-0003,"{""team"": ""backend"", ""environment"": ""prod"", ""costcenter"": ""CC400"", ""application"": ""backend-app""}",{},Databases,Usage,Azure,,
EA-9876543210,shared-infra-sub,shared-infra-sub,owner_infra@company.com,a1b2c3d4-9999-9999-9999-000000000099,shared-infra-sub,rg-shared-infra,eastus,2026-04-29,Azure Monitor,Monitor,Data Ingested,aadff281-e00d-588e-bd69-a4630325bd50,Data Ingested,1000.0,1 Unit,45.406894,0.045,0.045,0.045,OnDemand,USD,Microsoft.SharedInfra,/subscriptions/a1b2c3d4-9999-9999-9999-000000000099/resourceGroups/rg-shared-infra/providers/Microsoft.SharedInfra/Monitor/monitor,monitor,{},{},Management,Usage,Azure,,
EA-9876543210,shared-infra-sub,shared-infra-sub,owner_infra@company.com,a1b2c3d4-9999-9999-9999-000000000099,shared-infra-sub,rg-shared-infra,eastus,2026-04-29,Virtual Network,Networking,Intra-Region,cc2ca1a8-2d13-5873-b301-4b8ed16ed2c0,Intra-Region,622.22,1 Unit,27.732707,0.045,0.045,0.045,OnDemand,USD,Microsoft.SharedInfra,/subscriptions/a1b2c3d4-9999-9999-9999-000000000099/resourceGroups/rg-shared-infra/providers/Microsoft.SharedInfra/Networking/networking,networking,{},{},Networking,Usage,Azure,,
EA-9876543210,shared-infra-sub,shared-infra-sub,owner_infra@company.com,a1b2c3d4-9999-9999-9999-000000000099,shared-infra-sub,rg-shared-infra,eastus,2026-04-29,API Management,API Management,Gateway Units,78998862-331b-5215-a4b4-8d4500189f89,Gateway Units,2666.67,1 Unit,119.799688,0.045,0.045,0.045,OnDemand,USD,Microsoft.SharedInfra,/subscriptions/a1b2c3d4-9999-9999-9999-000000000099/resourceGroups/rg-shared-infra/providers/Microsoft.SharedInfra/API Management/api-management,api-management,{},{},Integration,Usage,Azure,,
EA-9876543210,shared-infra-sub,shared-infra-sub,owner_infra@company.com,a1b2c3d4-9999-9999-9999-000000000099,shared-infra-sub,rg-shared-infra,eastus,2026-04-29,Azure Key Vault,Key Vault,Operations,3cb0172e-6732-5350-b439-97753364a78c,Operations,177.78,1 Unit,8.029185,0.045,0.045,0.045,OnDemand,USD,Microsoft.SharedInfra,/subscriptions/a1b2c3d4-9999-9999-9999-000000000099/resourceGroups/rg-shared-infra/providers/Microsoft.SharedInfra/Key Vault/key-vault,key-vault,{},{},Security,Usage,Azure,,
EA-9876543210,shared-infra-sub,shared-infra-sub,owner_infra@company.com,a1b2c3d4-9999-9999-9999-000000000099,shared-infra-sub,rg-shared-infra,eastus,2026-04-29,Azure Blob Storage,Storage,Data Stored,2e8ee991-b3b7-5136-98e5-4772405cdb0c,Data Stored,400.0,1 Unit,18.15542,0.045,0.045,0.045,OnDemand,USD,Microsoft.SharedInfra,/subscriptions/a1b2c3d4-9999-9999-9999-000000000099/resourceGroups/rg-shared-infra/providers/Microsoft.SharedInfra/Storage/storage,storage,{},{},Storage,Usage,Azure,,
EA-9876543210,platform-prod-sub,platform-prod-sub,owner_0001@company.com,a1b2c3d4-0001-0001-0001-000000000001,platform-prod-sub,rg-platform-prod,eastus,2026-04-30,Virtual Machines Standard_D2s_v3 - eastus,Virtual Machines,Standard_D2s_v3 Series,bbc4f1e6-b32a-5f02-86f0-702bf6097b8b,D2s v3,24.0,1 Hour,3.993412,0.168,0.166392,0.168,OnDemand,USD,Microsoft.Compute,/subscriptions/a1b2c3d4-0001-0001-0001-000000000001/resourceGroups/rg-platform-prod/providers/Microsoft.Compute/virtualMachines/vm-standard-d2s-v3-00,vm-standard-d2s-v3-00,"{""team"": ""platform"", ""environment"": ""prod"", ""costcenter"": ""CC100"", ""application"": ""platform-app""}","{""ServiceType"": ""Standard"", ""VMName"": ""vm-standard-d2s-v3-00"", ""vCPUs"": 2}",Compute,Usage,Azure,,
EA-9876543210,platform-prod-sub,platform-prod-sub,owner_0001@company.com,a1b2c3d4-0001-0001-0001-000000000001,platform-prod-sub,rg-platform-prod,eastus,2026-04-30,Virtual Machines Standard_D2s_v3 - eastus,Virtual Machines,Standard_D2s_v3 Series,bbc4f1e6-b32a-5f02-86f0-702bf6097b8b,D2s v3,24.0,1 Hour,4.05901,0.168,0.169125,0.168,OnDemand,USD,Microsoft.Compute,/subscriptions/a1b2c3d4-0001-0001-0001-000000000001/resourceGroups/rg-platform-prod/providers/Microsoft.Compute/virtualMachines/vm-standard-d2s-v3-01,vm-standard-d2s-v3-01,{},"{""ServiceType"": ""Standard"", ""VMName"": ""vm-standard-d2s-v3-01"", ""vCPUs"": 2}",Compute,Usage,Azure,,
EA-9876543210,app-prod-sub,app-prod-sub,owner_0003@company.com,a1b2c3d4-0003-0003-0003-000000000003,app-prod-sub,rg-app-prod,eastus,2026-04-30,Virtual Machines Standard_D4s_v3 - eastus,Virtual Machines,Standard_D4s_v3 Series,6c8e1236-a3aa-53d7-8e09-dadb98f69027,D4s v3,24.0,1 Hour,8.089121,0.336,0.337047,0.336,OnDemand,USD,Microsoft.Compute,/subscriptions/a1b2c3d4-0003-0003-0003-000000000003/resourceGroups/rg-app-prod/providers/Microsoft.Compute/virtualMachines/vm-standard-d4s-v3-02,vm-standard-d4s-v3-02,{},"{""ServiceType"": ""Standard"", ""VMName"": ""vm-standard-d4s-v3-02"", ""vCPUs"": 4}",Compute,Usage,Azure,,
EA-9876543210,data-eng-prod-sub,data-eng-prod-sub,owner_0002@company.com,a1b2c3d4-0002-0002-0002-000000000002,data-eng-prod-sub,rg-data-prod,westeurope,2026-04-30,Virtual Machines Standard_E4s_v3 - westeurope,Virtual Machines,Standard_E4s_v3 Series,7373fa15-5d45-5d30-a83f-72064e156f94,E4s v3,24.0,1 Hour,5.484761,0.364,0.228532,0.364,Reservation,USD,Microsoft.Compute,/subscriptions/a1b2c3d4-0002-0002-0002-000000000002/resourceGroups/rg-data-prod/providers/Microsoft.Compute/virtualMachines/vm-standard-e4s-v3-03,vm-standard-e4s-v3-03,"{""team"": ""data-eng"", ""environment"": ""prod"", ""costcenter"": ""CC200"", ""application"": ""data-eng-app""}","{""ServiceType"": ""Standard"", ""VMName"": ""vm-standard-e4s-v3-03"", ""vCPUs"": 4}",Compute,Usage,Azure,/providers/Microsoft.BillingBenefits/savingsPlanOrders/6ca797d2-009b-44e9-8648-e21eefe91dc1,Reserved VM Instance_westeurope_1Year
EA-9876543210,data-eng-prod-sub,data-eng-prod-sub,owner_0002@company.com,a1b2c3d4-0002-0002-0002-000000000002,data-eng-prod-sub,rg-data-prod,westeurope,2026-04-30,Virtual Machines Standard_E8s_v3 - westeurope,Virtual Machines,Standard_E8s_v3 Series,2b9593f7-8692-56d9-b10a-a624f400da47,E8s v3,24.0,1 Hour,17.611176,0.728,0.733799,0.728,OnDemand,USD,Microsoft.Compute,/subscriptions/a1b2c3d4-0002-0002-0002-000000000002/resourceGroups/rg-data-prod/providers/Microsoft.Compute/virtualMachines/vm-standard-e8s-v3-04,vm-standard-e8s-v3-04,"{""team"": ""data-eng"", ""environment"": ""prod"", ""costcenter"": ""CC200"", ""application"": ""data-eng-app""}","{""ServiceType"": ""Standard"", ""VMName"": ""vm-standard-e8s-v3-04"", ""vCPUs"": 8}",Compute,Usage,Azure,,
EA-9876543210,data-eng-prod-sub,data-eng-prod-sub,owner_0002@company.com,a1b2c3d4-0002-0002-0002-000000000002,data-eng-prod-sub,rg-ml-prod,westeurope,2026-04-30,Virtual Machines Standard_F4s_v2 - westeurope,Virtual Machines,Standard_F4s_v2 Series,303bf71a-6d52-56d9-8e75-95552aa01c86,F4s v2,24.0,1 Hour,3.499553,0.252,0.145815,0.252,Reservation,USD,Microsoft.Compute,/subscriptions/a1b2c3d4-0002-0002-0002-000000000002/resourceGroups/rg-ml-prod/providers/Microsoft.Compute/virtualMachines/vm-standard-f4s-v2-05,vm-standard-f4s-v2-05,{},"{""ServiceType"": ""Standard"", ""VMName"": ""vm-standard-f4s-v2-05"", ""vCPUs"": 4}",Compute,Usage,Azure,/providers/Microsoft.BillingBenefits/savingsPlanOrders/4df219ea-5aa2-48cd-9374-77a576f9ac06,Reserved VM Instance_westeurope_1Year
EA-9876543210,data-eng-prod-sub,data-eng-prod-sub,owner_0002@company.com,a1b2c3d4-0002-0002-0002-000000000002,data-eng-prod-sub,rg-ml-prod,westeurope,2026-04-30,Virtual Machines Standard_D8s_v3 - westeurope,Virtual Machines,Standard_D8s_v3 Series,348575ff-7ae0-57e5-896e-037d67179117,D8s v3,24.0,1 Hour,12.435355,0.672,0.51814,0.672,SavingsPlan,USD,Microsoft.Compute,/subscriptions/a1b2c3d4-0002-0002-0002-000000000002/resourceGroups/rg-ml-prod/providers/Microsoft.Compute/virtualMachines/vm-standard-d8s-v3-06,vm-standard-d8s-v3-06,"{""team"": ""ml"", ""environment"": ""prod"", ""costcenter"": ""CC500"", ""application"": ""ml-app""}","{""ServiceType"": ""Standard"", ""VMName"": ""vm-standard-d8s-v3-06"", ""vCPUs"": 8}",Compute,Usage,Azure,/providers/Microsoft.BillingBenefits/savingsPlanOrders/0015d669-03c4-453a-9319-16e302d836c0,Compute savings plan_1Year
EA-9876543210,app-prod-sub,app-prod-sub,owner_0003@company.com,a1b2c3d4-0003-0003-0003-000000000003,app-prod-sub,rg-app-prod,southeastasia,2026-04-30,Virtual Machines Standard_B2s - southeastasia,Virtual Machines,Standard_B2s Series,78a50003-6630-5ba4-aad2-c10f0de71d3b,B2s,24.0,1 Hour,2.017424,0.084,0.084059,0.084,OnDemand,USD,Microsoft.Compute,/subscriptions/a1b2c3d4-0003-0003-0003-000000000003/resourceGroups/rg-app-prod/providers/Microsoft.Compute/virtualMachines/vm-standard-b2s-07,vm-standard-b2s-07,"{""team"": ""frontend"", ""environment"": ""prod"", ""costcenter"": ""CC300"", ""application"": ""frontend-app""}","{""ServiceType"": ""Standard"", ""VMName"": ""vm-standard-b2s-07"", ""vCPUs"": 2}",Compute,Usage,Azure,,
EA-9876543210,app-prod-sub,app-prod-sub,owner_0003@company.com,a1b2c3d4-0003-0003-0003-000000000003,app-prod-sub,rg-app-staging,southeastasia,2026-04-30,Virtual Machines Standard_B2s - southeastasia,Virtual Machines,Standard_B2s Series,78a50003-6630-5ba4-aad2-c10f0de71d3b,B2s,24.0,1 Hour,2.032318,0.084,0.08468,0.084,OnDemand,USD,Microsoft.Compute,/subscriptions/a1b2c3d4-0003-0003-0003-000000000003/resourceGroups/rg-app-staging/providers/Microsoft.Compute/virtualMachines/vm-standard-b2s-08,vm-standard-b2s-08,{},"{""ServiceType"": ""Standard"", ""VMName"": ""vm-standard-b2s-08"", ""vCPUs"": 2}",Compute,Usage,Azure,,
EA-9876543210,app-prod-sub,app-prod-sub,owner_0003@company.com,a1b2c3d4-0003-0003-0003-000000000003,app-prod-sub,rg-app-staging,eastus,2026-04-30,Virtual Machines Standard_D2s_v3 - eastus,Virtual Machines,Standard_D2s_v3 Series,bbc4f1e6-b32a-5f02-86f0-702bf6097b8b,D2s v3,24.0,1 Hour,4.071818,0.168,0.169659,0.168,OnDemand,USD,Microsoft.Compute,/subscriptions/a1b2c3d4-0003-0003-0003-000000000003/resourceGroups/rg-app-staging/providers/Microsoft.Compute/virtualMachines/vm-standard-d2s-v3-09,vm-standard-d2s-v3-09,{},"{""ServiceType"": ""Standard"", ""VMName"": ""vm-standard-d2s-v3-09"", ""vCPUs"": 2}",Compute,Usage,Azure,,
EA-9876543210,platform-prod-sub,platform-prod-sub,owner_0001@company.com,a1b2c3d4-0001-0001-0001-000000000001,platform-prod-sub,rg-platform-dev,eastus,2026-04-30,Virtual Machines Standard_B2s - eastus,Virtual Machines,Standard_B2s Series,7190101e-d2ab-5a56-ad8e-83f7122f17e8,B2s,24.0,1 Hour,2.004112,0.084,0.083505,0.084,OnDemand,USD,Microsoft.Compute,/subscriptions/a1b2c3d4-0001-0001-0001-000000000001/resourceGroups/rg-platform-dev/providers/Microsoft.Compute/virtualMachines/vm-standard-b2s-10,vm-standard-b2s-10,{},"{""ServiceType"": ""Standard"", ""VMName"": ""vm-standard-b2s-10"", ""vCPUs"": 2}",Compute,Usage,Azure,,
EA-9876543210,app-prod-sub,app-prod-sub,owner_0003@company.com,a1b2c3d4-0003-0003-0003-000000000003,app-prod-sub,rg-app-dev,eastus,2026-04-30,Virtual Machines Standard_B2s - eastus,Virtual Machines,Standard_B2s Series,7190101e-d2ab-5a56-ad8e-83f7122f17e8,B2s,24.0,1 Hour,1.298499,0.084,0.054104,0.084,SavingsPlan,USD,Microsoft.Compute,/subscriptions/a1b2c3d4-0003-0003-0003-000000000003/resourceGroups/rg-app-dev/providers/Microsoft.Compute/virtualMachines/vm-standard-b2s-11,vm-standard-b2s-11,{},"{""ServiceType"": ""Standard"", ""VMName"": ""vm-standard-b2s-11"", ""vCPUs"": 2}",Compute,Usage,Azure,/providers/Microsoft.BillingBenefits/savingsPlanOrders/08583dbc-547d-460e-9a71-18ea151f17bf,Compute savings plan_1Year
EA-9876543210,platform-prod-sub,platform-prod-sub,owner_0001@company.com,a1b2c3d4-0001-0001-0001-000000000001,platform-prod-sub,rg-platform-prod,eastus,2026-04-30,Blob Storage - LRS - Hot - eastus,Storage,Blobs - LRS - Hot,fb8faed0-f377-5fb0-92b7-78035153a7fa,Data Stored,850.8083,1 GB/Month,0.509842,0.018,0.018,0.018,OnDemand,USD,Microsoft.Storage,/subscriptions/a1b2c3d4-0001-0001-0001-000000000001/resourceGroups/rg-platform-prod/providers/Microsoft.Storage/storageAccounts/stplatformassets,stplatformassets,"{""team"": ""platform"", ""environment"": ""prod"", ""costcenter"": ""CC100"", ""application"": ""platform-app""}","{""AccountType"": ""LRS""}",Storage,Usage,Azure,,
EA-9876543210,data-eng-prod-sub,data-eng-prod-sub,owner_0002@company.com,a1b2c3d4-0002-0002-0002-000000000002,data-eng-prod-sub,rg-data-prod,westeurope,2026-04-30,Blob Storage - ZRS - Hot - westeurope,Storage,Blobs - ZRS - Hot,9dd9b051-b91d-533a-9f70-e4838eb241bb,Data Stored,3197.5775,1 GB/Month,2.453829,0.023,0.023,0.023,OnDemand,USD,Microsoft.Storage,/subscriptions/a1b2c3d4-0002-0002-0002-000000000002/resourceGroups/rg-data-prod/providers/Microsoft.Storage/storageAccounts/stdatalake,stdatalake,{},"{""AccountType"": ""ZRS""}",Storage,Usage,Azure,,
EA-9876543210,app-prod-sub,app-prod-sub,owner_0003@company.com,a1b2c3d4-0003-0003-0003-000000000003,app-prod-sub,rg-app-prod,southeastasia,2026-04-30,Blob Storage - LRS - Hot - southeastasia,Storage,Blobs - LRS - Hot,3ae72a36-b458-5b93-9e16-84484844594d,Data Stored,400.3449,1 GB/Month,0.239316,0.018,0.018,0.018,OnDemand,USD,Microsoft.Storage,/subscriptions/a1b2c3d4-0003-0003-0003-000000000003/resourceGroups/rg-app-prod/providers/Microsoft.Storage/storageAccounts/stappassets,stappassets,{},"{""AccountType"": ""LRS""}",Storage,Usage,Azure,,
EA-9876543210,data-eng-prod-sub,data-eng-prod-sub,owner_0002@company.com,a1b2c3d4-0002-0002-0002-000000000002,data-eng-prod-sub,rg-ml-prod,westeurope,2026-04-30,Blob Storage - LRS - Hot - westeurope,Storage,Blobs - LRS - Hot,4ba045d2-b571-568f-be23-884194c5daba,Data Stored,1100.9851,1 GB/Month,0.661063,0.018,0.018,0.018,OnDemand,USD,Microsoft.Storage,/subscriptions/a1b2c3d4-0002-0002-0002-000000000002/resourceGroups/rg-ml-prod/providers/Microsoft.Storage/storageAccounts/stmlmodels,stmlmodels,{},"{""AccountType"": ""LRS""}",Storage,Usage,Azure,,
EA-9876543210,platform-prod-sub,platform-prod-sub,owner_0001@company.com,a1b2c3d4-0001-0001-0001-000000000001,platform-prod-sub,rg-platform-prod,eastus,2026-04-30,Azure SQL Database Standard_S2 - eastus,SQL Database,Standard_S2,cd1e0b9a-8ff0-5779-9281-87ab698e2916,vCore Hours,24.0,1 Hour,7.503658,0.31,0.31,0.31,OnDemand,USD,Microsoft.Sql,/subscriptions/a1b2c3d4-0001-0001-0001-000000000001/resourceGroups/rg-platform-prod/providers/Microsoft.Sql/servers/databases/sqldb-standard-0001,sqldb-standard-0001,"{""team"": ""platform"", ""environment"": ""prod"", ""costcenter"": ""CC100"", ""application"": ""platform-app""}",{},Databases,Usage,Azure,,
EA-9876543210,data-eng-prod-sub,data-eng-prod-sub,owner_0002@company.com,a1b2c3d4-0002-0002-0002-000000000002,data-eng-prod-sub,rg-data-prod,westeurope,2026-04-30,Azure SQL Database Business Critical_BC_Gen5_4 - westeurope,SQL Database,Business Critical_BC_Gen5_4,4bab5ab0-7291-58c2-8564-3252f5053179,vCore Hours,24.0,1 Hour,52.436792,2.2,2.2,2.2,OnDemand,USD,Microsoft.Sql,/subscriptions/a1b2c3d4-0002-0002-0002-000000000002/resourceGroups/rg-data-prod/providers/Microsoft.Sql/servers/databases/sqldb-business critical-0002,sqldb-business critical-0002,{},{},Databases,Usage,Azure,,
EA-9876543210,app-prod-sub,app-prod-sub,owner_0003@company.com,a1b2c3d4-0003-0003-0003-000000000003,app-prod-sub,rg-app-prod,eastus,2026-04-30,Azure SQL Database General Purpose_GP_Gen5_2 - eastus,SQL Database,General Purpose_GP_Gen5_2,69e0198c-4ca3-5ac2-8540-db65f6d44c56,vCore Hours,24.0,1 Hour,14.535403,0.6,0.6,0.6,OnDemand,USD,Microsoft.Sql,/subscriptions/a1b2c3d4-0003-0003-0003-000000000003/resourceGroups/rg-app-prod/providers/Microsoft.Sql/servers/databases/sqldb-general purpose-0003,sqldb-general purpose-0003,"{""team"": ""backend"", ""environment"": ""prod"", ""costcenter"": ""CC400"", ""application"": ""backend-app""}",{},Databases,Usage,Azure,,
EA-9876543210,shared-infra-sub,shared-infra-sub,owner_infra@company.com,a1b2c3d4-9999-9999-9999-000000000099,shared-infra-sub,rg-shared-infra,eastus,2026-04-30,Azure Monitor,Monitor,Data Ingested,aadff281-e00d-588e-bd69-a4630325bd50,Data Ingested,1000.0,1 Unit,45.041531,0.045,0.045,0.045,OnDemand,USD,Microsoft.SharedInfra,/subscriptions/a1b2c3d4-9999-9999-9999-000000000099/resourceGroups/rg-shared-infra/providers/Microsoft.SharedInfra/Monitor/monitor,monitor,{},{},Management,Usage,Azure,,
EA-9876543210,shared-infra-sub,shared-infra-sub,owner_infra@company.com,a1b2c3d4-9999-9999-9999-000000000099,shared-infra-sub,rg-shared-infra,eastus,2026-04-30,Virtual Network,Networking,Intra-Region,cc2ca1a8-2d13-5873-b301-4b8ed16ed2c0,Intra-Region,622.22,1 Unit,28.004149,0.045,0.045,0.045,OnDemand,USD,Microsoft.SharedInfra,/subscriptions/a1b2c3d4-9999-9999-9999-000000000099/resourceGroups/rg-shared-infra/providers/Microsoft.SharedInfra/Networking/networking,networking,{},{},Networking,Usage,Azure,,
EA-9876543210,shared-infra-sub,shared-infra-sub,owner_infra@company.com,a1b2c3d4-9999-9999-9999-000000000099,shared-infra-sub,rg-shared-infra,eastus,2026-04-30,API Management,API Management,Gateway Units,78998862-331b-5215-a4b4-8d4500189f89,Gateway Units,2666.67,1 Unit,120.353385,0.045,0.045,0.045,OnDemand,USD,Microsoft.SharedInfra,/subscriptions/a1b2c3d4-9999-9999-9999-000000000099/resourceGroups/rg-shared-infra/providers/Microsoft.SharedInfra/API Management/api-management,api-management,{},{},Integration,Usage,Azure,,
EA-9876543210,shared-infra-sub,shared-infra-sub,owner_infra@company.com,a1b2c3d4-9999-9999-9999-000000000099,shared-infra-sub,rg-shared-infra,eastus,2026-04-30,Azure Key Vault,Key Vault,Operations,3cb0172e-6732-5350-b439-97753364a78c,Operations,177.78,1 Unit,7.967289,0.045,0.045,0.045,OnDemand,USD,Microsoft.SharedInfra,/subscriptions/a1b2c3d4-9999-9999-9999-000000000099/resourceGroups/rg-shared-infra/providers/Microsoft.SharedInfra/Key Vault/key-vault,key-vault,{},{},Security,Usage,Azure,,
EA-9876543210,shared-infra-sub,shared-infra-sub,owner_infra@company.com,a1b2c3d4-9999-9999-9999-000000000099,shared-infra-sub,rg-shared-infra,eastus,2026-04-30,Azure Blob Storage,Storage,Data Stored,2e8ee991-b3b7-5136-98e5-4772405cdb0c,Data Stored,400.0,1 Unit,18.142552,0.045,0.045,0.045,OnDemand,USD,Microsoft.SharedInfra,/subscriptions/a1b2c3d4-9999-9999-9999-000000000099/resourceGroups/rg-shared-infra/providers/Microsoft.SharedInfra/Storage/storage,storage,{},{},Storage,Usage,Azure,,
