BillingAccountId,InvoiceSectionName,AccountName,AccountOwnerId,SubscriptionId,SubscriptionName,ResourceGroup,ResourceLocation,Date,ProductName,MeterCategory,MeterSubcategory,MeterId,MeterName,Quantity,Unit,CostInBillingCurrency,UnitPrice,EffectivePrice,PayGPrice,PricingModel,BillingCurrency,ConsumedService,ResourceId,ResourceName,Tags,AdditionalInfo,ServiceFamily,ChargeType,PublisherType,BenefitId,BenefitName
EA-9876543210,platform-prod-sub,platform-prod-sub,owner_0001@company.com,a1b2c3d4-0001-0001-0001-000000000001,platform-prod-sub,rg-platform-prod,eastus,2025-12-01,Virtual Machines Standard_D2s_v3 - eastus,Virtual Machines,Standard_D2s_v3 Series,bbc4f1e6-b32a-5f02-86f0-702bf6097b8b,D2s v3,24.0,1 Hour,4.054173,0.168,0.168924,0.168,OnDemand,USD,Microsoft.Compute,/subscriptions/a1b2c3d4-0001-0001-0001-000000000001/resourceGroups/rg-platform-prod/providers/Microsoft.Compute/virtualMachines/vm-standard-d2s-v3-00,vm-standard-d2s-v3-00,"{""team"": ""platform"", ""environment"": ""prod"", ""costcenter"": ""CC100"", ""application"": ""platform-core"", ""business_unit"": ""engineering"", ""owner_email"": ""platform-owner@company.com"", ""support_group"": ""platform-operations"", ""workload_criticality"": ""mission_critical"", ""sla_tier"": ""platinum""}","{""ServiceType"": ""Standard"", ""VMName"": ""vm-standard-d2s-v3-00"", ""vCPUs"": 2, ""cpuUtilPct"": 48.76, ""memoryUtilPct"": 64.41, ""diskUtilPct"": 31.24, ""idleHours"": 2, ""lastActivityAt"": ""2025-11-30T04:24:43Z""}",Compute,Usage,Azure,,
EA-9876543210,platform-prod-sub,platform-prod-sub,owner_0001@company.com,a1b2c3d4-0001-0001-0001-000000000001,platform-prod-sub,rg-platform-prod,eastus,2025-12-01,Virtual Machines Standard_D2s_v3 - eastus,Virtual Machines,Standard_D2s_v3 Series,bbc4f1e6-b32a-5f02-86f0-702bf6097b8b,D2s v3,24.0,1 Hour,4.01163,0.168,0.167151,0.168,OnDemand,USD,Microsoft.Compute,/subscriptions/a1b2c3d4-0001-0001-0001-000000000001/resourceGroups/rg-platform-prod/providers/Microsoft.Compute/virtualMachines/vm-standard-d2s-v3-01,vm-standard-d2s-v3-01,"{""team"": ""platform"", ""environment"": ""prod"", ""costcenter"": ""CC100"", ""application"": ""platform-core"", ""business_unit"": ""engineering"", ""owner_email"": ""platform-owner@company.com"", ""support_group"": ""platform-operations"", ""workload_criticality"": ""mission_critical"", ""sla_tier"": ""platinum""}","{""ServiceType"": ""Standard"", ""VMName"": ""vm-standard-d2s-v3-01"", ""vCPUs"": 2, ""cpuUtilPct"": 34.84, ""memoryUtilPct"": 40.03, ""diskUtilPct"": 34.93, ""idleHours"": 22, ""lastActivityAt"": ""2025-11-29T22:40:53Z""}",Compute,Usage,Azure,,
EA-9876543210,app-prod-sub,app-prod-sub,owner_0003@company.com,a1b2c3d4-0003-0003-0003-000000000003,app-prod-sub,rg-app-prod,eastus,2025-12-01,Virtual Machines Standard_D4s_v3 - eastus,Virtual Machines,Standard_D4s_v3 Series,6c8e1236-a3aa-53d7-8e09-dadb98f69027,D4s v3,24.0,1 Hour,8.069726,0.336,0.336239,0.336,OnDemand,USD,Microsoft.Compute,/subscriptions/a1b2c3d4-0003-0003-0003-000000000003/resourceGroups/rg-app-prod/providers/Microsoft.Compute/virtualMachines/vm-standard-d4s-v3-02,vm-standard-d4s-v3-02,"{""team"": ""backend"", ""environment"": ""prod"", ""costcenter"": ""CC400"", ""application"": ""core-api"", ""business_unit"": ""product"", ""owner_email"": ""backend-owner@company.com"", ""support_group"": ""api-operations"", ""workload_criticality"": ""high"", ""sla_tier"": ""gold""}","{""ServiceType"": ""Standard"", ""VMName"": ""vm-standard-d4s-v3-02"", ""vCPUs"": 4, ""cpuUtilPct"": 38.9, ""memoryUtilPct"": 40.2, ""diskUtilPct"": 27.3, ""idleHours"": 61, ""lastActivityAt"": ""2025-11-27T10:35:05Z""}",Compute,Usage,Azure,,
EA-9876543210,data-eng-prod-sub,data-eng-prod-sub,owner_0002@company.com,a1b2c3d4-0002-0002-0002-000000000002,data-eng-prod-sub,rg-data-prod,westeurope,2025-12-01,Virtual Machines Standard_E4s_v3 - westeurope,Virtual Machines,Standard_E4s_v3 Series,7373fa15-5d45-5d30-a83f-72064e156f94,E4s v3,24.0,1 Hour,5.652431,0.364,0.235518,0.364,Reservation,USD,Microsoft.Compute,/subscriptions/a1b2c3d4-0002-0002-0002-000000000002/resourceGroups/rg-data-prod/providers/Microsoft.Compute/virtualMachines/vm-standard-e4s-v3-03,vm-standard-e4s-v3-03,"{""team"": ""data-eng"", ""environment"": ""prod"", ""costcenter"": ""CC200"", ""application"": ""data-platform"", ""business_unit"": ""data"", ""owner_email"": ""data-eng-owner@company.com"", ""support_group"": ""data-platform-ops"", ""workload_criticality"": ""high"", ""sla_tier"": ""gold""}","{""ServiceType"": ""Standard"", ""VMName"": ""vm-standard-e4s-v3-03"", ""vCPUs"": 4, ""cpuUtilPct"": 33.03, ""memoryUtilPct"": 48.84, ""diskUtilPct"": 26.25, ""idleHours"": 57, ""lastActivityAt"": ""2025-11-28T23:13:26Z""}",Compute,Usage,Azure,/providers/Microsoft.BillingBenefits/savingsPlanOrders/fb8cf100-f216-4f64-ae27-d45ac9956b73,Reserved VM Instance_westeurope_1Year
EA-9876543210,data-eng-prod-sub,data-eng-prod-sub,owner_0002@company.com,a1b2c3d4-0002-0002-0002-000000000002,data-eng-prod-sub,rg-data-prod,westeurope,2025-12-01,Virtual Machines Standard_E8s_v3 - westeurope,Virtual Machines,Standard_E8s_v3 Series,2b9593f7-8692-56d9-b10a-a624f400da47,E8s v3,24.0,1 Hour,10.173584,0.728,0.423899,0.728,Reservation,USD,Microsoft.Compute,/subscriptions/a1b2c3d4-0002-0002-0002-000000000002/resourceGroups/rg-data-prod/providers/Microsoft.Compute/virtualMachines/vm-standard-e8s-v3-04,vm-standard-e8s-v3-04,"{""team"": ""data-eng"", ""environment"": ""prod"", ""costcenter"": ""CC200"", ""application"": ""data-platform"", ""business_unit"": ""data"", ""owner_email"": ""data-eng-owner@company.com"", ""support_group"": ""data-platform-ops"", ""workload_criticality"": ""high"", ""sla_tier"": ""gold""}","{""ServiceType"": ""Standard"", ""VMName"": ""vm-standard-e8s-v3-04"", ""vCPUs"": 8, ""cpuUtilPct"": 27.96, ""memoryUtilPct"": 31.78, ""diskUtilPct"": 26.35, ""idleHours"": 14, ""lastActivityAt"": ""2025-11-26T15:41:58Z""}",Compute,Usage,Azure,/providers/Microsoft.BillingBenefits/savingsPlanOrders/e0869a3c-d6ff-4b04-aff9-3e6b9b728d3f,Reserved VM Instance_westeurope_1Year
EA-9876543210,data-eng-prod-sub,data-eng-prod-sub,owner_0002@company.com,a1b2c3d4-0002-0002-0002-000000000002,data-eng-prod-sub,rg-ml-prod,westeurope,2025-12-01,Virtual Machines Standard_F4s_v2 - westeurope,Virtual Machines,Standard_F4s_v2 Series,303bf71a-6d52-56d9-8e75-95552aa01c86,F4s v2,24.0,1 Hour,6.106637,0.252,0.254443,0.252,OnDemand,USD,Microsoft.Compute,/subscriptions/a1b2c3d4-0002-0002-0002-000000000002/resourceGroups/rg-ml-prod/providers/Microsoft.Compute/virtualMachines/vm-standard-f4s-v2-05,vm-standard-f4s-v2-05,"{""team"": ""ml"", ""environment"": ""prod"", ""costcenter"": ""CC500"", ""application"": ""ml-platform"", ""business_unit"": ""ai"", ""owner_email"": ""ml-owner@company.com"", ""support_group"": ""ml-platform-sre"", ""workload_criticality"": ""high"", ""sla_tier"": ""gold""}","{""ServiceType"": ""Standard"", ""VMName"": ""vm-standard-f4s-v2-05"", ""vCPUs"": 4, ""cpuUtilPct"": 31.28, ""memoryUtilPct"": 48.39, ""diskUtilPct"": 20.86, ""idleHours"": 28, ""lastActivityAt"": ""2025-11-28T10:43:19Z""}",Compute,Usage,Azure,,
EA-9876543210,data-eng-prod-sub,data-eng-prod-sub,owner_0002@company.com,a1b2c3d4-0002-0002-0002-000000000002,data-eng-prod-sub,rg-ml-prod,westeurope,2025-12-01,Virtual Machines Standard_D8s_v3 - westeurope,Virtual Machines,Standard_D8s_v3 Series,348575ff-7ae0-57e5-896e-037d67179117,D8s v3,24.0,1 Hour,8.733636,0.672,0.363902,0.672,Reservation,USD,Microsoft.Compute,/subscriptions/a1b2c3d4-0002-0002-0002-000000000002/resourceGroups/rg-ml-prod/providers/Microsoft.Compute/virtualMachines/vm-standard-d8s-v3-06,vm-standard-d8s-v3-06,"{""team"": ""ml"", ""environment"": ""prod"", ""costcenter"": ""CC500"", ""application"": ""ml-platform"", ""business_unit"": ""ai"", ""owner_email"": ""ml-owner@company.com"", ""support_group"": ""ml-platform-sre"", ""workload_criticality"": ""high"", ""sla_tier"": ""gold""}","{""ServiceType"": ""Standard"", ""VMName"": ""vm-standard-d8s-v3-06"", ""vCPUs"": 8, ""cpuUtilPct"": 33.35, ""memoryUtilPct"": 37.49, ""diskUtilPct"": 41.75, ""idleHours"": 51, ""lastActivityAt"": ""2025-11-27T20:12:03Z""}",Compute,Usage,Azure,/providers/Microsoft.BillingBenefits/savingsPlanOrders/4dbb5c44-e4fd-4f2b-b547-e740c87f0d96,Reserved VM Instance_westeurope_1Year
EA-9876543210,app-prod-sub,app-prod-sub,owner_0003@company.com,a1b2c3d4-0003-0003-0003-000000000003,app-prod-sub,rg-app-prod,southeastasia,2025-12-01,Virtual Machines Standard_B2s - southeastasia,Virtual Machines,Standard_B2s Series,78a50003-6630-5ba4-aad2-c10f0de71d3b,B2s,24.0,1 Hour,2.017905,0.084,0.084079,0.084,OnDemand,USD,Microsoft.Compute,/subscriptions/a1b2c3d4-0003-0003-0003-000000000003/resourceGroups/rg-app-prod/providers/Microsoft.Compute/virtualMachines/vm-standard-b2s-07,vm-standard-b2s-07,"{""team"": ""frontend"", ""environment"": ""prod"", ""costcenter"": ""CC300"", ""application"": ""customer-web"", ""business_unit"": ""product"", ""owner_email"": ""frontend-owner@company.com"", ""support_group"": ""customer-experience-support"", ""workload_criticality"": ""high"", ""sla_tier"": ""gold""}","{""ServiceType"": ""Standard"", ""VMName"": ""vm-standard-b2s-07"", ""vCPUs"": 2, ""cpuUtilPct"": 37.18, ""memoryUtilPct"": 29.23, ""diskUtilPct"": 40.73, ""idleHours"": 36, ""lastActivityAt"": ""2025-11-27T19:00:32Z""}",Compute,Usage,Azure,,
EA-9876543210,app-prod-sub,app-prod-sub,owner_0003@company.com,a1b2c3d4-0003-0003-0003-000000000003,app-prod-sub,rg-app-staging,southeastasia,2025-12-01,Virtual Machines Standard_B2s - southeastasia,Virtual Machines,Standard_B2s Series,78a50003-6630-5ba4-aad2-c10f0de71d3b,B2s,24.0,1 Hour,1.541544,0.084,0.064231,0.084,SavingsPlan,USD,Microsoft.Compute,/subscriptions/a1b2c3d4-0003-0003-0003-000000000003/resourceGroups/rg-app-staging/providers/Microsoft.Compute/virtualMachines/vm-standard-b2s-08,vm-standard-b2s-08,"{""team"": ""frontend"", ""environment"": ""staging"", ""costcenter"": ""CC300"", ""application"": ""customer-web"", ""business_unit"": ""product"", ""owner_email"": ""frontend-owner@company.com"", ""support_group"": ""customer-experience-support"", ""workload_criticality"": ""medium"", ""sla_tier"": ""silver""}","{""ServiceType"": ""Standard"", ""VMName"": ""vm-standard-b2s-08"", ""vCPUs"": 2, ""cpuUtilPct"": 11.38, ""memoryUtilPct"": 25.88, ""diskUtilPct"": 21.49, ""idleHours"": 137, ""lastActivityAt"": ""2025-11-26T23:45:42Z""}",Compute,Usage,Azure,/providers/Microsoft.BillingBenefits/savingsPlanOrders/b51aeaa7-4179-444a-a807-3b46499aea0c,Compute savings plan_1Year
EA-9876543210,app-prod-sub,app-prod-sub,owner_0003@company.com,a1b2c3d4-0003-0003-0003-000000000003,app-prod-sub,rg-app-staging,eastus,2025-12-01,Virtual Machines Standard_D2s_v3 - eastus,Virtual Machines,Standard_D2s_v3 Series,bbc4f1e6-b32a-5f02-86f0-702bf6097b8b,D2s v3,24.0,1 Hour,4.008278,0.168,0.167012,0.168,OnDemand,USD,Microsoft.Compute,/subscriptions/a1b2c3d4-0003-0003-0003-000000000003/resourceGroups/rg-app-staging/providers/Microsoft.Compute/virtualMachines/vm-standard-d2s-v3-09,vm-standard-d2s-v3-09,"{""team"": ""backend"", ""environment"": ""staging"", ""costcenter"": ""CC400"", ""application"": ""core-api"", ""business_unit"": ""product"", ""owner_email"": ""backend-owner@company.com"", ""support_group"": ""api-operations"", ""workload_criticality"": ""medium"", ""sla_tier"": ""silver""}","{""ServiceType"": ""Standard"", ""VMName"": ""vm-standard-d2s-v3-09"", ""vCPUs"": 2, ""cpuUtilPct"": 15.39, ""memoryUtilPct"": 23.74, ""diskUtilPct"": 13.86, ""idleHours"": 92, ""lastActivityAt"": ""2025-11-23T15:40:32Z""}",Compute,Usage,Azure,,
EA-9876543210,platform-prod-sub,platform-prod-sub,owner_0001@company.com,a1b2c3d4-0001-0001-0001-000000000001,platform-prod-sub,rg-platform-dev,eastus,2025-12-01,Virtual Machines Standard_B2s - eastus,Virtual Machines,Standard_B2s Series,7190101e-d2ab-5a56-ad8e-83f7122f17e8,B2s,24.0,1 Hour,2.008337,0.084,0.083681,0.084,OnDemand,USD,Microsoft.Compute,/subscriptions/a1b2c3d4-0001-0001-0001-000000000001/resourceGroups/rg-platform-dev/providers/Microsoft.Compute/virtualMachines/vm-standard-b2s-10,vm-standard-b2s-10,"{""team"": ""platform"", ""environment"": ""dev"", ""costcenter"": ""CC100"", ""application"": ""platform-core"", ""business_unit"": ""engineering"", ""owner_email"": ""platform-owner@company.com"", ""support_group"": ""platform-operations"", ""workload_criticality"": ""low"", ""sla_tier"": ""bronze""}","{""ServiceType"": ""Standard"", ""VMName"": ""vm-standard-b2s-10"", ""vCPUs"": 2, ""cpuUtilPct"": 1.81, ""memoryUtilPct"": 5.57, ""diskUtilPct"": 7.8, ""idleHours"": 687, ""lastActivityAt"": ""2025-11-09T22:44:57Z""}",Compute,Usage,Azure,,
EA-9876543210,app-prod-sub,app-prod-sub,owner_0003@company.com,a1b2c3d4-0003-0003-0003-000000000003,app-prod-sub,rg-app-dev,eastus,2025-12-01,Virtual Machines Standard_B2s - eastus,Virtual Machines,Standard_B2s Series,7190101e-d2ab-5a56-ad8e-83f7122f17e8,B2s,24.0,1 Hour,2.034926,0.084,0.084789,0.084,OnDemand,USD,Microsoft.Compute,/subscriptions/a1b2c3d4-0003-0003-0003-000000000003/resourceGroups/rg-app-dev/providers/Microsoft.Compute/virtualMachines/vm-standard-b2s-11,vm-standard-b2s-11,{},"{""ServiceType"": ""Standard"", ""VMName"": ""vm-standard-b2s-11"", ""vCPUs"": 2, ""cpuUtilPct"": 4.93, ""memoryUtilPct"": 9.81, ""diskUtilPct"": 1.1, ""idleHours"": 655, ""lastActivityAt"": ""2025-10-26T10:08:38Z""}",Compute,Usage,Azure,,
EA-9876543210,platform-prod-sub,platform-prod-sub,owner_0001@company.com,a1b2c3d4-0001-0001-0001-000000000001,platform-prod-sub,rg-platform-prod,eastus,2025-12-01,Blob Storage - LRS - Hot - eastus,Storage,Blobs - LRS - Hot,fb8faed0-f377-5fb0-92b7-78035153a7fa,Data Stored,849.2904,1 GB/Month,0.510638,0.018,0.018,0.018,OnDemand,USD,Microsoft.Storage,/subscriptions/a1b2c3d4-0001-0001-0001-000000000001/resourceGroups/rg-platform-prod/providers/Microsoft.Storage/storageAccounts/stplatformassets,stplatformassets,"{""team"": ""platform"", ""environment"": ""prod"", ""costcenter"": ""CC100"", ""application"": ""platform-core"", ""business_unit"": ""engineering"", ""owner_email"": ""platform-owner@company.com"", ""support_group"": ""platform-operations"", ""workload_criticality"": ""mission_critical"", ""sla_tier"": ""platinum""}","{""AccountType"": ""LRS"", ""cpuUtilPct"": 0.0, ""memoryUtilPct"": 0.0, ""diskUtilPct"": 54.81, ""idleHours"": 0, ""lastActivityAt"": ""2025-11-29T19:16:23Z""}",Storage,Usage,Azure,,
EA-9876543210,data-eng-prod-sub,data-eng-prod-sub,owner_0002@company.com,a1b2c3d4-0002-0002-0002-000000000002,data-eng-prod-sub,rg-data-prod,westeurope,2025-12-01,Blob Storage - ZRS - Hot - westeurope,Storage,Blobs - ZRS - Hot,9dd9b051-b91d-533a-9f70-e4838eb241bb,Data Stored,3201.4848,1 GB/Month,2.455584,0.023,0.023,0.023,OnDemand,USD,Microsoft.Storage,/subscriptions/a1b2c3d4-0002-0002-0002-000000000002/resourceGroups/rg-data-prod/providers/Microsoft.Storage/storageAccounts/stdatalake,stdatalake,"{""team"": ""data-eng"", ""environment"": ""prod"", ""costcenter"": ""CC200"", ""application"": ""data-platform"", ""business_unit"": ""data"", ""owner_email"": ""data-eng-owner@company.com"", ""support_group"": ""data-platform-ops"", ""workload_criticality"": ""high"", ""sla_tier"": ""gold""}","{""AccountType"": ""ZRS"", ""cpuUtilPct"": 0.0, ""memoryUtilPct"": 0.0, ""diskUtilPct"": 44.35, ""idleHours"": 9, ""lastActivityAt"": ""2025-11-29T01:08:40Z""}",Storage,Usage,Azure,,
EA-9876543210,app-prod-sub,app-prod-sub,owner_0003@company.com,a1b2c3d4-0003-0003-0003-000000000003,app-prod-sub,rg-app-prod,southeastasia,2025-12-01,Blob Storage - LRS - Hot - southeastasia,Storage,Blobs - LRS - Hot,3ae72a36-b458-5b93-9e16-84484844594d,Data Stored,400.3289,1 GB/Month,0.240308,0.018,0.018,0.018,OnDemand,USD,Microsoft.Storage,/subscriptions/a1b2c3d4-0003-0003-0003-000000000003/resourceGroups/rg-app-prod/providers/Microsoft.Storage/storageAccounts/stappassets,stappassets,"{""team"": ""frontend"", ""environment"": ""prod"", ""costcenter"": ""CC300"", ""application"": ""customer-web"", ""business_unit"": ""product"", ""owner_email"": ""frontend-owner@company.com"", ""support_group"": ""customer-experience-support"", ""workload_criticality"": ""high"", ""sla_tier"": ""gold""}","{""AccountType"": ""LRS"", ""cpuUtilPct"": 0.0, ""memoryUtilPct"": 0.0, ""diskUtilPct"": 39.9, ""idleHours"": 1, ""lastActivityAt"": ""2025-11-28T20:08:56Z""}",Storage,Usage,Azure,,
EA-9876543210,data-eng-prod-sub,data-eng-prod-sub,owner_0002@company.com,a1b2c3d4-0002-0002-0002-000000000002,data-eng-prod-sub,rg-ml-prod,westeurope,2025-12-01,Blob Storage - LRS - Hot - westeurope,Storage,Blobs - LRS - Hot,4ba045d2-b571-568f-be23-884194c5daba,Data Stored,1101.0002,1 GB/Month,0.659491,0.018,0.018,0.018,OnDemand,USD,Microsoft.Storage,/subscriptions/a1b2c3d4-0002-0002-0002-000000000002/resourceGroups/rg-ml-prod/providers/Microsoft.Storage/storageAccounts/stmlmodels,stmlmodels,"{""team"": ""ml"", ""environment"": ""prod"", ""costcenter"": ""CC500"", ""application"": ""ml-platform"", ""business_unit"": ""ai"", ""owner_email"": ""ml-owner@company.com"", ""support_group"": ""ml-platform-sre"", ""workload_criticality"": ""high"", ""sla_tier"": ""gold""}","{""AccountType"": ""LRS"", ""cpuUtilPct"": 0.0, ""memoryUtilPct"": 0.0, ""diskUtilPct"": 37.92, ""idleHours"": 1, ""lastActivityAt"": ""2025-11-30T10:55:01Z""}",Storage,Usage,Azure,,
EA-9876543210,platform-prod-sub,platform-prod-sub,owner_0001@company.com,a1b2c3d4-0001-0001-0001-000000000001,platform-prod-sub,rg-platform-prod,eastus,2025-12-01,Azure SQL Database Standard_S2 - eastus,SQL Database,Standard_S2,cd1e0b9a-8ff0-5779-9281-87ab698e2916,vCore Hours,24.0,1 Hour,7.452318,0.31,0.31,0.31,OnDemand,USD,Microsoft.Sql,/subscriptions/a1b2c3d4-0001-0001-0001-000000000001/resourceGroups/rg-platform-prod/providers/Microsoft.Sql/servers/databases/sqldb-standard-0001,sqldb-standard-0001,"{""team"": ""platform"", ""environment"": ""prod"", ""costcenter"": ""CC100"", ""application"": ""platform-core"", ""business_unit"": ""engineering"", ""owner_email"": ""platform-owner@company.com"", ""support_group"": ""platform-operations"", ""workload_criticality"": ""mission_critical"", ""sla_tier"": ""platinum""}","{""cpuUtilPct"": 35.74, ""memoryUtilPct"": 38.56, ""diskUtilPct"": 44.59, ""idleHours"": 9, ""lastActivityAt"": ""2025-11-29T11:58:30Z""}",Databases,Usage,Azure,,
EA-9876543210,data-eng-prod-sub,data-eng-prod-sub,owner_0002@company.com,a1b2c3d4-0002-0002-0002-000000000002,data-eng-prod-sub,rg-data-prod,westeurope,2025-12-01,Azure SQL Database Business Critical_BC_Gen5_4 - westeurope,SQL Database,Business Critical_BC_Gen5_4,4bab5ab0-7291-58c2-8564-3252f5053179,vCore Hours,24.0,1 Hour,52.794038,2.2,2.2,2.2,OnDemand,USD,Microsoft.Sql,/subscriptions/a1b2c3d4-0002-0002-0002-000000000002/resourceGroups/rg-data-prod/providers/Microsoft.Sql/servers/databases/sqldb-business critical-0002,sqldb-business critical-0002,"{""team"": ""data-eng"", ""environment"": ""prod"", ""costcenter"": ""CC200"", ""application"": ""data-platform"", ""business_unit"": ""data"", ""owner_email"": ""data-eng-owner@company.com"", ""support_group"": ""data-platform-ops"", ""workload_criticality"": ""high"", ""sla_tier"": ""gold""}","{""cpuUtilPct"": 27.04, ""memoryUtilPct"": 33.22, ""diskUtilPct"": 34.79, ""idleHours"": 42, ""lastActivityAt"": ""2025-11-29T00:17:49Z""}",Databases,Usage,Azure,,
EA-9876543210,app-prod-sub,app-prod-sub,owner_0003@company.com,a1b2c3d4-0003-0003-0003-000000000003,app-prod-sub,rg-app-prod,eastus,2025-12-01,Azure SQL Database General Purpose_GP_Gen5_2 - eastus,SQL Database,General Purpose_GP_Gen5_2,69e0198c-4ca3-5ac2-8540-db65f6d44c56,vCore Hours,24.0,1 Hour,14.308275,0.6,0.6,0.6,OnDemand,USD,Microsoft.Sql,/subscriptions/a1b2c3d4-0003-0003-0003-000000000003/resourceGroups/rg-app-prod/providers/Microsoft.Sql/servers/databases/sqldb-general purpose-0003,sqldb-general purpose-0003,"{""team"": ""backend"", ""environment"": ""prod"", ""costcenter"": ""CC400"", ""application"": ""core-api"", ""business_unit"": ""product"", ""owner_email"": ""backend-owner@company.com"", ""support_group"": ""api-operations"", ""workload_criticality"": ""high"", ""sla_tier"": ""gold""}","{""cpuUtilPct"": 33.83, ""memoryUtilPct"": 46.82, ""diskUtilPct"": 32.89, ""idleHours"": 59, ""lastActivityAt"": ""2025-11-28T07:48:47Z""}",Databases,Usage,Azure,,
EA-9876543210,shared-infra-sub,shared-infra-sub,owner_infra@company.com,a1b2c3d4-9999-9999-9999-000000000099,shared-infra-sub,rg-shared-infra,eastus,2025-12-01,Azure Monitor,Monitor,Data Ingested,aadff281-e00d-588e-bd69-a4630325bd50,Data Ingested,1000.0,1 Unit,44.714159,0.045,0.045,0.045,OnDemand,USD,Microsoft.SharedInfra,/subscriptions/a1b2c3d4-9999-9999-9999-000000000099/resourceGroups/rg-shared-infra/providers/Microsoft.SharedInfra/Monitor/monitor,monitor,{},"{""cpuUtilPct"": 3.73, ""memoryUtilPct"": 4.59, ""diskUtilPct"": 7.75, ""idleHours"": 448, ""lastActivityAt"": ""2025-10-18T07:20:15Z""}",Management,Usage,Azure,,
EA-9876543210,shared-infra-sub,shared-infra-sub,owner_infra@company.com,a1b2c3d4-9999-9999-9999-000000000099,shared-infra-sub,rg-shared-infra,eastus,2025-12-01,Virtual Network,Networking,Intra-Region,cc2ca1a8-2d13-5873-b301-4b8ed16ed2c0,Intra-Region,622.22,1 Unit,28.039785,0.045,0.045,0.045,OnDemand,USD,Microsoft.SharedInfra,/subscriptions/a1b2c3d4-9999-9999-9999-000000000099/resourceGroups/rg-shared-infra/providers/Microsoft.SharedInfra/Networking/networking,networking,{},"{""cpuUtilPct"": 2.47, ""memoryUtilPct"": 3.5, ""diskUtilPct"": 3.84, ""idleHours"": 368, ""lastActivityAt"": ""2025-11-07T05:07:38Z""}",Networking,Usage,Azure,,
EA-9876543210,shared-infra-sub,shared-infra-sub,owner_infra@company.com,a1b2c3d4-9999-9999-9999-000000000099,shared-infra-sub,rg-shared-infra,eastus,2025-12-01,API Management,API Management,Gateway Units,78998862-331b-5215-a4b4-8d4500189f89,Gateway Units,2666.67,1 Unit,119.723287,0.045,0.045,0.045,OnDemand,USD,Microsoft.SharedInfra,/subscriptions/a1b2c3d4-9999-9999-9999-000000000099/resourceGroups/rg-shared-infra/providers/Microsoft.SharedInfra/API Management/api-management,api-management,{},"{""cpuUtilPct"": 0.77, ""memoryUtilPct"": 5.17, ""diskUtilPct"": 3.61, ""idleHours"": 610, ""lastActivityAt"": ""2025-11-13T12:18:19Z""}",Integration,Usage,Azure,,
EA-9876543210,shared-infra-sub,shared-infra-sub,owner_infra@company.com,a1b2c3d4-9999-9999-9999-000000000099,shared-infra-sub,rg-shared-infra,eastus,2025-12-01,Azure Key Vault,Key Vault,Operations,3cb0172e-6732-5350-b439-97753364a78c,Operations,177.78,1 Unit,8.015686,0.045,0.045,0.045,OnDemand,USD,Microsoft.SharedInfra,/subscriptions/a1b2c3d4-9999-9999-9999-000000000099/resourceGroups/rg-shared-infra/providers/Microsoft.SharedInfra/Key Vault/key-vault,key-vault,{},"{""cpuUtilPct"": 1.87, ""memoryUtilPct"": 6.15, ""diskUtilPct"": 1.8, ""idleHours"": 579, ""lastActivityAt"": ""2025-10-21T01:32:25Z""}",Security,Usage,Azure,,
EA-9876543210,shared-infra-sub,shared-infra-sub,owner_infra@company.com,a1b2c3d4-9999-9999-9999-000000000099,shared-infra-sub,rg-shared-infra,eastus,2025-12-01,Azure Blob Storage,Storage,Data Stored,2e8ee991-b3b7-5136-98e5-4772405cdb0c,Data Stored,400.0,1 Unit,18.173428,0.045,0.045,0.045,OnDemand,USD,Microsoft.SharedInfra,/subscriptions/a1b2c3d4-9999-9999-9999-000000000099/resourceGroups/rg-shared-infra/providers/Microsoft.SharedInfra/Storage/storage,storage,{},"{""cpuUtilPct"": 2.37, ""memoryUtilPct"": 8.6, ""diskUtilPct"": 1.58, ""idleHours"": 508, ""lastActivityAt"": ""2025-10-20T04:30:02Z""}",Storage,Usage,Azure,,
EA-9876543210,platform-prod-sub,platform-prod-sub,owner_0001@company.com,a1b2c3d4-0001-0001-0001-000000000001,platform-prod-sub,rg-platform-prod,eastus,2025-12-02,Virtual Machines Standard_D2s_v3 - eastus,Virtual Machines,Standard_D2s_v3 Series,bbc4f1e6-b32a-5f02-86f0-702bf6097b8b,D2s v3,24.0,1 Hour,4.014855,0.168,0.167286,0.168,OnDemand,USD,Microsoft.Compute,/subscriptions/a1b2c3d4-0001-0001-0001-000000000001/resourceGroups/rg-platform-prod/providers/Microsoft.Compute/virtualMachines/vm-standard-d2s-v3-00,vm-standard-d2s-v3-00,"{""team"": ""platform"", ""environment"": ""prod"", ""costcenter"": ""CC100"", ""application"": ""platform-core"", ""business_unit"": ""engineering"", ""owner_email"": ""platform-owner@company.com"", ""support_group"": ""platform-operations"", ""workload_criticality"": ""mission_critical"", ""sla_tier"": ""platinum""}","{""ServiceType"": ""Standard"", ""VMName"": ""vm-standard-d2s-v3-00"", ""vCPUs"": 2, ""cpuUtilPct"": 53.84, ""memoryUtilPct"": 47.29, ""diskUtilPct"": 48.79, ""idleHours"": 23, ""lastActivityAt"": ""2025-11-30T23:37:05Z""}",Compute,Usage,Azure,,
EA-9876543210,platform-prod-sub,platform-prod-sub,owner_0001@company.com,a1b2c3d4-0001-0001-0001-000000000001,platform-prod-sub,rg-platform-prod,eastus,2025-12-02,Virtual Machines Standard_D2s_v3 - eastus,Virtual Machines,Standard_D2s_v3 Series,bbc4f1e6-b32a-5f02-86f0-702bf6097b8b,D2s v3,24.0,1 Hour,4.053862,0.168,0.168911,0.168,OnDemand,USD,Microsoft.Compute,/subscriptions/a1b2c3d4-0001-0001-0001-000000000001/resourceGroups/rg-platform-prod/providers/Microsoft.Compute/virtualMachines/vm-standard-d2s-v3-01,vm-standard-d2s-v3-01,"{""team"": ""platform"", ""environment"": ""prod"", ""costcenter"": ""CC100"", ""application"": ""platform-core"", ""business_unit"": ""engineering"", ""owner_email"": ""platform-owner@company.com"", ""support_group"": ""platform-operations"", ""workload_criticality"": ""mission_critical"", ""sla_tier"": ""platinum""}","{""ServiceType"": ""Standard"", ""VMName"": ""vm-standard-d2s-v3-01"", ""vCPUs"": 2, ""cpuUtilPct"": 50.75, ""memoryUtilPct"": 38.51, ""diskUtilPct"": 27.19, ""idleHours"": 8, ""lastActivityAt"": ""2025-11-29T09:59:12Z""}",Compute,Usage,Azure,,
EA-9876543210,app-prod-sub,app-prod-sub,owner_0003@company.com,a1b2c3d4-0003-0003-0003-000000000003,app-prod-sub,rg-app-prod,eastus,2025-12-02,Virtual Machines Standard_D4s_v3 - eastus,Virtual Machines,Standard_D4s_v3 Series,6c8e1236-a3aa-53d7-8e09-dadb98f69027,D4s v3,24.0,1 Hour,8.01615,0.336,0.334006,0.336,OnDemand,USD,Microsoft.Compute,/subscriptions/a1b2c3d4-0003-0003-0003-000000000003/resourceGroups/rg-app-prod/providers/Microsoft.Compute/virtualMachines/vm-standard-d4s-v3-02,vm-standard-d4s-v3-02,"{""team"": ""backend"", ""environment"": ""prod"", ""costcenter"": ""CC400"", ""application"": ""core-api"", ""business_unit"": ""product"", ""owner_email"": ""backend-owner@company.com"", ""support_group"": ""api-operations"", ""workload_criticality"": ""high"", ""sla_tier"": ""gold""}","{""ServiceType"": ""Standard"", ""VMName"": ""vm-standard-d4s-v3-02"", ""vCPUs"": 4, ""cpuUtilPct"": 39.01, ""memoryUtilPct"": 30.18, ""diskUtilPct"": 34.52, ""idleHours"": 50, ""lastActivityAt"": ""2025-11-28T23:47:24Z""}",Compute,Usage,Azure,,
EA-9876543210,data-eng-prod-sub,data-eng-prod-sub,owner_0002@company.com,a1b2c3d4-0002-0002-0002-000000000002,data-eng-prod-sub,rg-data-prod,westeurope,2025-12-02,Virtual Machines Standard_E4s_v3 - westeurope,Virtual Machines,Standard_E4s_v3 Series,7373fa15-5d45-5d30-a83f-72064e156f94,E4s v3,24.0,1 Hour,4.977864,0.364,0.207411,0.364,Reservation,USD,Microsoft.Compute,/subscriptions/a1b2c3d4-0002-0002-0002-000000000002/resourceGroups/rg-data-prod/providers/Microsoft.Compute/virtualMachines/vm-standard-e4s-v3-03,vm-standard-e4s-v3-03,"{""team"": ""data-eng"", ""environment"": ""prod"", ""costcenter"": ""CC200"", ""application"": ""data-platform"", ""business_unit"": ""data"", ""owner_email"": ""data-eng-owner@company.com"", ""support_group"": ""data-platform-ops"", ""workload_criticality"": ""high"", ""sla_tier"": ""gold""}","{""ServiceType"": ""Standard"", ""VMName"": ""vm-standard-e4s-v3-03"", ""vCPUs"": 4, ""cpuUtilPct"": 26.95, ""memoryUtilPct"": 49.59, ""diskUtilPct"": 19.57, ""idleHours"": 61, ""lastActivityAt"": ""2025-11-28T02:40:17Z""}",Compute,Usage,Azure,/providers/Microsoft.BillingBenefits/savingsPlanOrders/1a48094f-bf27-4c62-93dd-cb14b31331c9,Reserved VM Instance_westeurope_1Year
EA-9876543210,data-eng-prod-sub,data-eng-prod-sub,owner_0002@company.com,a1b2c3d4-0002-0002-0002-000000000002,data-eng-prod-sub,rg-data-prod,westeurope,2025-12-02,Unused Reservation - vm-standard-e4s-v3-03,Virtual Machines,Unused Capacity,73356a7e-149c-5842-8a3c-f6860a1abc88,Unused,0.0,1 Hour,0.915679,0.0,0.0,0.364,Reservation,USD,Microsoft.Compute,,vm-standard-e4s-v3-03,"{""team"": ""data-eng"", ""environment"": ""prod"", ""costcenter"": ""CC200"", ""application"": ""data-platform"", ""business_unit"": ""data"", ""owner_email"": ""data-eng-owner@company.com"", ""support_group"": ""data-platform-ops"", ""workload_criticality"": ""high"", ""sla_tier"": ""gold""}","{""cpuUtilPct"": 26.95, ""memoryUtilPct"": 49.59, ""diskUtilPct"": 19.57, ""idleHours"": 61, ""lastActivityAt"": ""2025-11-28T02:40:17Z""}",Compute,UnusedReservation,Azure,/providers/Microsoft.BillingBenefits/savingsPlanOrders/c54e8f58-5866-44c9-abb0-ea706d0f128c,Reserved VM Instance_westeurope_1Year
EA-9876543210,data-eng-prod-sub,data-eng-prod-sub,owner_0002@company.com,a1b2c3d4-0002-0002-0002-000000000002,data-eng-prod-sub,rg-data-prod,westeurope,2025-12-02,Virtual Machines Standard_E8s_v3 - westeurope,Virtual Machines,Standard_E8s_v3 Series,2b9593f7-8692-56d9-b10a-a624f400da47,E8s v3,24.0,1 Hour,10.560773,0.728,0.440032,0.728,Reservation,USD,Microsoft.Compute,/subscriptions/a1b2c3d4-0002-0002-0002-000000000002/resourceGroups/rg-data-prod/providers/Microsoft.Compute/virtualMachines/vm-standard-e8s-v3-04,vm-standard-e8s-v3-04,"{""team"": ""data-eng"", ""environment"": ""prod"", ""costcenter"": ""CC200"", ""application"": ""data-platform"", ""business_unit"": ""data"", ""owner_email"": ""data-eng-owner@company.com"", ""support_group"": ""data-platform-ops"", ""workload_criticality"": ""high"", ""sla_tier"": ""gold""}","{""ServiceType"": ""Standard"", ""VMName"": ""vm-standard-e8s-v3-04"", ""vCPUs"": 8, ""cpuUtilPct"": 32.07, ""memoryUtilPct"": 30.15, ""diskUtilPct"": 30.62, ""idleHours"": 13, ""lastActivityAt"": ""2025-11-29T12:08:42Z""}",Compute,Usage,Azure,/providers/Microsoft.BillingBenefits/savingsPlanOrders/c0388891-ba0b-4199-a6fa-65b4f11e7204,Reserved VM Instance_westeurope_1Year
EA-9876543210,data-eng-prod-sub,data-eng-prod-sub,owner_0002@company.com,a1b2c3d4-0002-0002-0002-000000000002,data-eng-prod-sub,rg-ml-prod,westeurope,2025-12-02,Virtual Machines Standard_F4s_v2 - westeurope,Virtual Machines,Standard_F4s_v2 Series,303bf71a-6d52-56d9-8e75-95552aa01c86,F4s v2,24.0,1 Hour,6.043171,0.252,0.251799,0.252,OnDemand,USD,Microsoft.Compute,/subscriptions/a1b2c3d4-0002-0002-0002-000000000002/resourceGroups/rg-ml-prod/providers/Microsoft.Compute/virtualMachines/vm-standard-f4s-v2-05,vm-standard-f4s-v2-05,"{""team"": ""ml"", ""environment"": ""prod"", ""costcenter"": ""CC500"", ""application"": ""ml-platform"", ""business_unit"": ""ai"", ""owner_email"": ""ml-owner@company.com"", ""support_group"": ""ml-platform-sre"", ""workload_criticality"": ""high"", ""sla_tier"": ""gold""}","{""ServiceType"": ""Standard"", ""VMName"": ""vm-standard-f4s-v2-05"", ""vCPUs"": 4, ""cpuUtilPct"": 30.94, ""memoryUtilPct"": 37.03, ""diskUtilPct"": 39.66, ""idleHours"": 43, ""lastActivityAt"": ""2025-11-28T13:35:06Z""}",Compute,Usage,Azure,,
EA-9876543210,data-eng-prod-sub,data-eng-prod-sub,owner_0002@company.com,a1b2c3d4-0002-0002-0002-000000000002,data-eng-prod-sub,rg-ml-prod,westeurope,2025-12-02,Virtual Machines Standard_D8s_v3 - westeurope,Virtual Machines,Standard_D8s_v3 Series,348575ff-7ae0-57e5-896e-037d67179117,D8s v3,24.0,1 Hour,10.710587,0.672,0.446274,0.672,Reservation,USD,Microsoft.Compute,/subscriptions/a1b2c3d4-0002-0002-0002-000000000002/resourceGroups/rg-ml-prod/providers/Microsoft.Compute/virtualMachines/vm-standard-d8s-v3-06,vm-standard-d8s-v3-06,"{""team"": ""ml"", ""environment"": ""prod"", ""costcenter"": ""CC500"", ""application"": ""ml-platform"", ""business_unit"": ""ai"", ""owner_email"": ""ml-owner@company.com"", ""support_group"": ""ml-platform-sre"", ""workload_criticality"": ""high"", ""sla_tier"": ""gold""}","{""ServiceType"": ""Standard"", ""VMName"": ""vm-standard-d8s-v3-06"", ""vCPUs"": 8, ""cpuUtilPct"": 24.94, ""memoryUtilPct"": 51.82, ""diskUtilPct"": 37.44, ""idleHours"": 47, ""lastActivityAt"": ""2025-11-29T16:22:38Z""}",Compute,Usage,Azure,/providers/Microsoft.BillingBenefits/savingsPlanOrders/602ed688-bf7e-448f-8ec2-eb8b7981022f,Reserved VM Instance_westeurope_1Year
EA-9876543210,app-prod-sub,app-prod-sub,owner_0003@company.com,a1b2c3d4-0003-0003-0003-000000000003,app-prod-sub,rg-app-prod,southeastasia,2025-12-02,Virtual Machines Standard_B2s - southeastasia,Virtual Machines,Standard_B2s Series,78a50003-6630-5ba4-aad2-c10f0de71d3b,B2s,24.0,1 Hour,2.014898,0.084,0.083954,0.084,OnDemand,USD,Microsoft.Compute,/subscriptions/a1b2c3d4-0003-0003-0003-000000000003/resourceGroups/rg-app-prod/providers/Microsoft.Compute/virtualMachines/vm-standard-b2s-07,vm-standard-b2s-07,"{""team"": ""frontend"", ""environment"": ""prod"", ""costcenter"": ""CC300"", ""application"": ""customer-web"", ""business_unit"": ""product"", ""owner_email"": ""frontend-owner@company.com"", ""support_group"": ""customer-experience-support"", ""workload_criticality"": ""high"", ""sla_tier"": ""gold""}","{""ServiceType"": ""Standard"", ""VMName"": ""vm-standard-b2s-07"", ""vCPUs"": 2, ""cpuUtilPct"": 34.23, ""memoryUtilPct"": 51.53, ""diskUtilPct"": 27.74, ""idleHours"": 64, ""lastActivityAt"": ""2025-11-29T06:57:25Z""}",Compute,Usage,Azure,,
EA-9876543210,app-prod-sub,app-prod-sub,owner_0003@company.com,a1b2c3d4-0003-0003-0003-000000000003,app-prod-sub,rg-app-staging,southeastasia,2025-12-02,Virtual Machines Standard_B2s - southeastasia,Virtual Machines,Standard_B2s Series,78a50003-6630-5ba4-aad2-c10f0de71d3b,B2s,24.0,1 Hour,1.568797,0.084,0.065367,0.084,SavingsPlan,USD,Microsoft.Compute,/subscriptions/a1b2c3d4-0003-0003-0003-000000000003/resourceGroups/rg-app-staging/providers/Microsoft.Compute/virtualMachines/vm-standard-b2s-08,vm-standard-b2s-08,"{""team"": ""frontend"", ""environment"": ""staging"", ""costcenter"": ""CC300"", ""application"": ""customer-web"", ""business_unit"": ""product"", ""owner_email"": ""frontend-owner@company.com"", ""support_group"": ""customer-experience-support"", ""workload_criticality"": ""medium"", ""sla_tier"": ""silver""}","{""ServiceType"": ""Standard"", ""VMName"": ""vm-standard-b2s-08"", ""vCPUs"": 2, ""cpuUtilPct"": 13.81, ""memoryUtilPct"": 15.69, ""diskUtilPct"": 14.73, ""idleHours"": 151, ""lastActivityAt"": ""2025-11-21T07:43:56Z""}",Compute,Usage,Azure,/providers/Microsoft.BillingBenefits/savingsPlanOrders/9f86f8b2-0639-40d0-9795-84c0c7c6b0f2,Compute savings plan_1Year
EA-9876543210,app-prod-sub,app-prod-sub,owner_0003@company.com,a1b2c3d4-0003-0003-0003-000000000003,app-prod-sub,rg-app-staging,southeastasia,2025-12-02,Unused Reservation - vm-standard-b2s-08,Virtual Machines,Unused Capacity,ffce05b2-d8cd-5ba6-aba6-a2b06fcbc3db,Unused,0.0,1 Hour,0.305613,0.0,0.0,0.084,SavingsPlan,USD,Microsoft.Compute,,vm-standard-b2s-08,"{""team"": ""frontend"", ""environment"": ""staging"", ""costcenter"": ""CC300"", ""application"": ""customer-web"", ""business_unit"": ""product"", ""owner_email"": ""frontend-owner@company.com"", ""support_group"": ""customer-experience-support"", ""workload_criticality"": ""medium"", ""sla_tier"": ""silver""}","{""cpuUtilPct"": 13.81, ""memoryUtilPct"": 15.69, ""diskUtilPct"": 14.73, ""idleHours"": 151, ""lastActivityAt"": ""2025-11-21T07:43:56Z""}",Compute,UnusedSavingsPlan,Azure,/providers/Microsoft.BillingBenefits/savingsPlanOrders/0216a440-330f-4689-9fc9-4a8a8eeb703a,Compute savings plan_1Year
EA-9876543210,app-prod-sub,app-prod-sub,owner_0003@company.com,a1b2c3d4-0003-0003-0003-000000000003,app-prod-sub,rg-app-staging,eastus,2025-12-02,Virtual Machines Standard_D2s_v3 - eastus,Virtual Machines,Standard_D2s_v3 Series,bbc4f1e6-b32a-5f02-86f0-702bf6097b8b,D2s v3,24.0,1 Hour,4.011949,0.168,0.167165,0.168,OnDemand,USD,Microsoft.Compute,/subscriptions/a1b2c3d4-0003-0003-0003-000000000003/resourceGroups/rg-app-staging/providers/Microsoft.Compute/virtualMachines/vm-standard-d2s-v3-09,vm-standard-d2s-v3-09,"{""team"": ""backend"", ""environment"": ""staging"", ""costcenter"": ""CC400"", ""application"": ""core-api"", ""business_unit"": ""product"", ""owner_email"": ""backend-owner@company.com"", ""support_group"": ""api-operations"", ""workload_criticality"": ""medium"", ""sla_tier"": ""silver""}","{""ServiceType"": ""Standard"", ""VMName"": ""vm-standard-d2s-v3-09"", ""vCPUs"": 2, ""cpuUtilPct"": 10.73, ""memoryUtilPct"": 12.5, ""diskUtilPct"": 22.02, ""idleHours"": 121, ""lastActivityAt"": ""2025-11-26T19:51:23Z""}",Compute,Usage,Azure,,
EA-9876543210,platform-prod-sub,platform-prod-sub,owner_0001@company.com,a1b2c3d4-0001-0001-0001-000000000001,platform-prod-sub,rg-platform-dev,eastus,2025-12-02,Virtual Machines Standard_B2s - eastus,Virtual Machines,Standard_B2s Series,7190101e-d2ab-5a56-ad8e-83f7122f17e8,B2s,24.0,1 Hour,2.012415,0.084,0.083851,0.084,OnDemand,USD,Microsoft.Compute,/subscriptions/a1b2c3d4-0001-0001-0001-000000000001/resourceGroups/rg-platform-dev/providers/Microsoft.Compute/virtualMachines/vm-standard-b2s-10,vm-standard-b2s-10,{},"{""ServiceType"": ""Standard"", ""VMName"": ""vm-standard-b2s-10"", ""vCPUs"": 2, ""cpuUtilPct"": 4.95, ""memoryUtilPct"": 5.83, ""diskUtilPct"": 4.95, ""idleHours"": 641, ""lastActivityAt"": ""2025-10-28T09:45:12Z""}",Compute,Usage,Azure,,
EA-9876543210,app-prod-sub,app-prod-sub,owner_0003@company.com,a1b2c3d4-0003-0003-0003-000000000003,app-prod-sub,rg-app-dev,eastus,2025-12-02,Virtual Machines Standard_B2s - eastus,Virtual Machines,Standard_B2s Series,7190101e-d2ab-5a56-ad8e-83f7122f17e8,B2s,24.0,1 Hour,2.014389,0.084,0.083933,0.084,OnDemand,USD,Microsoft.Compute,/subscriptions/a1b2c3d4-0003-0003-0003-000000000003/resourceGroups/rg-app-dev/providers/Microsoft.Compute/virtualMachines/vm-standard-b2s-11,vm-standard-b2s-11,{},"{""ServiceType"": ""Standard"", ""VMName"": ""vm-standard-b2s-11"", ""vCPUs"": 2, ""cpuUtilPct"": 0.63, ""memoryUtilPct"": 4.0, ""diskUtilPct"": 6.11, ""idleHours"": 623, ""lastActivityAt"": ""2025-11-02T14:42:49Z""}",Compute,Usage,Azure,,
EA-9876543210,platform-prod-sub,platform-prod-sub,owner_0001@company.com,a1b2c3d4-0001-0001-0001-000000000001,platform-prod-sub,rg-platform-prod,eastus,2025-12-02,Blob Storage - LRS - Hot - eastus,Storage,Blobs - LRS - Hot,fb8faed0-f377-5fb0-92b7-78035153a7fa,Data Stored,849.8076,1 GB/Month,0.510586,0.018,0.018,0.018,OnDemand,USD,Microsoft.Storage,/subscriptions/a1b2c3d4-0001-0001-0001-000000000001/resourceGroups/rg-platform-prod/providers/Microsoft.Storage/storageAccounts/stplatformassets,stplatformassets,"{""team"": ""platform"", ""environment"": ""prod"", ""costcenter"": ""CC100"", ""application"": ""platform-core"", ""business_unit"": ""engineering"", ""owner_email"": ""platform-owner@company.com"", ""support_group"": ""platform-operations"", ""workload_criticality"": ""mission_critical"", ""sla_tier"": ""platinum""}","{""AccountType"": ""LRS"", ""cpuUtilPct"": 0.0, ""memoryUtilPct"": 0.0, ""diskUtilPct"": 34.31, ""idleHours"": 14, ""lastActivityAt"": ""2025-11-30T06:44:21Z""}",Storage,Usage,Azure,,
EA-9876543210,data-eng-prod-sub,data-eng-prod-sub,owner_0002@company.com,a1b2c3d4-0002-0002-0002-000000000002,data-eng-prod-sub,rg-data-prod,westeurope,2025-12-02,Blob Storage - ZRS - Hot - westeurope,Storage,Blobs - ZRS - Hot,9dd9b051-b91d-533a-9f70-e4838eb241bb,Data Stored,3200.6477,1 GB/Month,2.453108,0.023,0.023,0.023,OnDemand,USD,Microsoft.Storage,/subscriptions/a1b2c3d4-0002-0002-0002-000000000002/resourceGroups/rg-data-prod/providers/Microsoft.Storage/storageAccounts/stdatalake,stdatalake,"{""team"": ""data-eng"", ""environment"": ""prod"", ""costcenter"": ""CC200"", ""application"": ""data-platform"", ""business_unit"": ""data"", ""owner_email"": ""data-eng-owner@company.com"", ""support_group"": ""data-platform-ops"", ""workload_criticality"": ""high"", ""sla_tier"": ""gold""}","{""AccountType"": ""ZRS"", ""cpuUtilPct"": 0.0, ""memoryUtilPct"": 0.0, ""diskUtilPct"": 34.95, ""idleHours"": 8, ""lastActivityAt"": ""2025-11-30T22:21:24Z""}",Storage,Usage,Azure,,
EA-9876543210,app-prod-sub,app-prod-sub,owner_0003@company.com,a1b2c3d4-0003-0003-0003-000000000003,app-prod-sub,rg-app-prod,southeastasia,2025-12-02,Blob Storage - LRS - Hot - southeastasia,Storage,Blobs - LRS - Hot,3ae72a36-b458-5b93-9e16-84484844594d,Data Stored,400.3444,1 GB/Month,0.240177,0.018,0.018,0.018,OnDemand,USD,Microsoft.Storage,/subscriptions/a1b2c3d4-0003-0003-0003-000000000003/resourceGroups/rg-app-prod/providers/Microsoft.Storage/storageAccounts/stappassets,stappassets,"{""team"": ""frontend"", ""environment"": ""prod"", ""costcenter"": ""CC300"", ""application"": ""customer-web"", ""business_unit"": ""product"", ""owner_email"": ""frontend-owner@company.com"", ""support_group"": ""customer-experience-support"", ""workload_criticality"": ""high"", ""sla_tier"": ""gold""}","{""AccountType"": ""LRS"", ""cpuUtilPct"": 0.0, ""memoryUtilPct"": 0.0, ""diskUtilPct"": 54.22, ""idleHours"": 10, ""lastActivityAt"": ""2025-11-29T14:33:33Z""}",Storage,Usage,Azure,,
EA-9876543210,data-eng-prod-sub,data-eng-prod-sub,owner_0002@company.com,a1b2c3d4-0002-0002-0002-000000000002,data-eng-prod-sub,rg-ml-prod,westeurope,2025-12-02,Blob Storage - LRS - Hot - westeurope,Storage,Blobs - LRS - Hot,4ba045d2-b571-568f-be23-884194c5daba,Data Stored,1099.8473,1 GB/Month,0.659893,0.018,0.018,0.018,OnDemand,USD,Microsoft.Storage,/subscriptions/a1b2c3d4-0002-0002-0002-000000000002/resourceGroups/rg-ml-prod/providers/Microsoft.Storage/storageAccounts/stmlmodels,stmlmodels,"{""team"": ""ml"", ""environment"": ""prod"", ""costcenter"": ""CC500"", ""application"": ""ml-platform"", ""business_unit"": ""ai"", ""owner_email"": ""ml-owner@company.com"", ""support_group"": ""ml-platform-sre"", ""workload_criticality"": ""high"", ""sla_tier"": ""gold""}","{""AccountType"": ""LRS"", ""cpuUtilPct"": 0.0, ""memoryUtilPct"": 0.0, ""diskUtilPct"": 53.78, ""idleHours"": 0, ""lastActivityAt"": ""2025-12-01T05:09:12Z""}",Storage,Usage,Azure,,
EA-9876543210,platform-prod-sub,platform-prod-sub,owner_0001@company.com,a1b2c3d4-0001-0001-0001-000000000001,platform-prod-sub,rg-platform-prod,eastus,2025-12-02,Azure SQL Database Standard_S2 - eastus,SQL Database,Standard_S2,cd1e0b9a-8ff0-5779-9281-87ab698e2916,vCore Hours,24.0,1 Hour,7.462183,0.31,0.31,0.31,OnDemand,USD,Microsoft.Sql,/subscriptions/a1b2c3d4-0001-0001-0001-000000000001/resourceGroups/rg-platform-prod/providers/Microsoft.Sql/servers/databases/sqldb-standard-0001,sqldb-standard-0001,"{""team"": ""platform"", ""environment"": ""prod"", ""costcenter"": ""CC100"", ""application"": ""platform-core"", ""business_unit"": ""engineering"", ""owner_email"": ""platform-owner@company.com"", ""support_group"": ""platform-operations"", ""workload_criticality"": ""mission_critical"", ""sla_tier"": ""platinum""}","{""cpuUtilPct"": 38.56, ""memoryUtilPct"": 39.36, ""diskUtilPct"": 39.73, ""idleHours"": 26, ""lastActivityAt"": ""2025-11-30T12:10:38Z""}",Databases,Usage,Azure,,
EA-9876543210,data-eng-prod-sub,data-eng-prod-sub,owner_0002@company.com,a1b2c3d4-0002-0002-0002-000000000002,data-eng-prod-sub,rg-data-prod,westeurope,2025-12-02,Azure SQL Database Business Critical_BC_Gen5_4 - westeurope,SQL Database,Business Critical_BC_Gen5_4,4bab5ab0-7291-58c2-8564-3252f5053179,vCore Hours,24.0,1 Hour,52.39541,2.2,2.2,2.2,OnDemand,USD,Microsoft.Sql,/subscriptions/a1b2c3d4-0002-0002-0002-000000000002/resourceGroups/rg-data-prod/providers/Microsoft.Sql/servers/databases/sqldb-business critical-0002,sqldb-business critical-0002,"{""team"": ""data-eng"", ""environment"": ""prod"", ""costcenter"": ""CC200"", ""application"": ""data-platform"", ""business_unit"": ""data"", ""owner_email"": ""data-eng-owner@company.com"", ""support_group"": ""data-platform-ops"", ""workload_criticality"": ""high"", ""sla_tier"": ""gold""}","{""cpuUtilPct"": 38.27, ""memoryUtilPct"": 50.2, ""diskUtilPct"": 21.19, ""idleHours"": 41, ""lastActivityAt"": ""2025-11-29T07:13:41Z""}",Databases,Usage,Azure,,
EA-9876543210,app-prod-sub,app-prod-sub,owner_0003@company.com,a1b2c3d4-0003-0003-0003-000000000003,app-prod-sub,rg-app-prod,eastus,2025-12-02,Azure SQL Database General Purpose_GP_Gen5_2 - eastus,SQL Database,General Purpose_GP_Gen5_2,69e0198c-4ca3-5ac2-8540-db65f6d44c56,vCore Hours,24.0,1 Hour,14.426727,0.6,0.6,0.6,OnDemand,USD,Microsoft.Sql,/subscriptions/a1b2c3d4-0003-0003-0003-000000000003/resourceGroups/rg-app-prod/providers/Microsoft.Sql/servers/databases/sqldb-general purpose-0003,sqldb-general purpose-0003,"{""team"": ""backend"", ""environment"": ""prod"", ""costcenter"": ""CC400"", ""application"": ""core-api"", ""business_unit"": ""product"", ""owner_email"": ""backend-owner@company.com"", ""support_group"": ""api-operations"", ""workload_criticality"": ""high"", ""sla_tier"": ""gold""}","{""cpuUtilPct"": 33.44, ""memoryUtilPct"": 42.53, ""diskUtilPct"": 21.76, ""idleHours"": 19, ""lastActivityAt"": ""2025-11-29T17:40:32Z""}",Databases,Usage,Azure,,
EA-9876543210,shared-infra-sub,shared-infra-sub,owner_infra@company.com,a1b2c3d4-9999-9999-9999-000000000099,shared-infra-sub,rg-shared-infra,eastus,2025-12-02,Azure Monitor,Monitor,Data Ingested,aadff281-e00d-588e-bd69-a4630325bd50,Data Ingested,1000.0,1 Unit,44.729115,0.045,0.045,0.045,OnDemand,USD,Microsoft.SharedInfra,/subscriptions/a1b2c3d4-9999-9999-9999-000000000099/resourceGroups/rg-shared-infra/providers/Microsoft.SharedInfra/Monitor/monitor,monitor,{},"{""cpuUtilPct"": 4.49, ""memoryUtilPct"": 2.64, ""diskUtilPct"": 1.78, ""idleHours"": 384, ""lastActivityAt"": ""2025-10-29T12:07:21Z""}",Management,Usage,Azure,,
EA-9876543210,shared-infra-sub,shared-infra-sub,owner_infra@company.com,a1b2c3d4-9999-9999-9999-000000000099,shared-infra-sub,rg-shared-infra,eastus,2025-12-02,Virtual Network,Networking,Intra-Region,cc2ca1a8-2d13-5873-b301-4b8ed16ed2c0,Intra-Region,622.22,1 Unit,28.115763,0.045,0.045,0.045,OnDemand,USD,Microsoft.SharedInfra,/subscriptions/a1b2c3d4-9999-9999-9999-000000000099/resourceGroups/rg-shared-infra/providers/Microsoft.SharedInfra/Networking/networking,networking,{},"{""cpuUtilPct"": 1.7, ""memoryUtilPct"": 6.2, ""diskUtilPct"": 6.34, ""idleHours"": 503, ""lastActivityAt"": ""2025-11-07T05:56:12Z""}",Networking,Usage,Azure,,
EA-9876543210,shared-infra-sub,shared-infra-sub,owner_infra@company.com,a1b2c3d4-9999-9999-9999-000000000099,shared-infra-sub,rg-shared-infra,eastus,2025-12-02,API Management,API Management,Gateway Units,78998862-331b-5215-a4b4-8d4500189f89,Gateway Units,2666.67,1 Unit,119.503961,0.045,0.045,0.045,OnDemand,USD,Microsoft.SharedInfra,/subscriptions/a1b2c3d4-9999-9999-9999-000000000099/resourceGroups/rg-shared-infra/providers/Microsoft.SharedInfra/API Management/api-management,api-management,{},"{""cpuUtilPct"": 2.55, ""memoryUtilPct"": 7.13, ""diskUtilPct"": 1.6, ""idleHours"": 432, ""lastActivityAt"": ""2025-10-31T21:12:02Z""}",Integration,Usage,Azure,,
EA-9876543210,shared-infra-sub,shared-infra-sub,owner_infra@company.com,a1b2c3d4-9999-9999-9999-000000000099,shared-infra-sub,rg-shared-infra,eastus,2025-12-02,Azure Key Vault,Key Vault,Operations,3cb0172e-6732-5350-b439-97753364a78c,Operations,177.78,1 Unit,7.922232,0.045,0.045,0.045,OnDemand,USD,Microsoft.SharedInfra,/subscriptions/a1b2c3d4-9999-9999-9999-000000000099/resourceGroups/rg-shared-infra/providers/Microsoft.SharedInfra/Key Vault/key-vault,key-vault,{},"{""cpuUtilPct"": 4.43, ""memoryUtilPct"": 9.7, ""diskUtilPct"": 6.44, ""idleHours"": 660, ""lastActivityAt"": ""2025-10-18T09:15:23Z""}",Security,Usage,Azure,,
EA-9876543210,shared-infra-sub,shared-infra-sub,owner_infra@company.com,a1b2c3d4-9999-9999-9999-000000000099,shared-infra-sub,rg-shared-infra,eastus,2025-12-02,Azure Blob Storage,Storage,Data Stored,2e8ee991-b3b7-5136-98e5-4772405cdb0c,Data Stored,400.0,1 Unit,18.017234,0.045,0.045,0.045,OnDemand,USD,Microsoft.SharedInfra,/subscriptions/a1b2c3d4-9999-9999-9999-000000000099/resourceGroups/rg-shared-infra/providers/Microsoft.SharedInfra/Storage/storage,storage,{},"{""cpuUtilPct"": 3.75, ""memoryUtilPct"": 7.19, ""diskUtilPct"": 2.23, ""idleHours"": 645, ""lastActivityAt"": ""2025-10-30T18:04:48Z""}",Storage,Usage,Azure,,
EA-9876543210,platform-prod-sub,platform-prod-sub,owner_0001@company.com,a1b2c3d4-0001-0001-0001-000000000001,platform-prod-sub,rg-platform-prod,eastus,2025-12-03,Virtual Machines Standard_D2s_v3 - eastus,Virtual Machines,Standard_D2s_v3 Series,bbc4f1e6-b32a-5f02-86f0-702bf6097b8b,D2s v3,24.0,1 Hour,4.032214,0.168,0.168009,0.168,OnDemand,USD,Microsoft.Compute,/subscriptions/a1b2c3d4-0001-0001-0001-000000000001/resourceGroups/rg-platform-prod/providers/Microsoft.Compute/virtualMachines/vm-standard-d2s-v3-00,vm-standard-d2s-v3-00,"{""team"": ""platform"", ""environment"": ""prod"", ""costcenter"": ""CC100"", ""application"": ""platform-core"", ""business_unit"": ""engineering"", ""owner_email"": ""platform-owner@company.com"", ""support_group"": ""platform-operations"", ""workload_criticality"": ""mission_critical"", ""sla_tier"": ""platinum""}","{""ServiceType"": ""Standard"", ""VMName"": ""vm-standard-d2s-v3-00"", ""vCPUs"": 2, ""cpuUtilPct"": 36.68, ""memoryUtilPct"": 58.29, ""diskUtilPct"": 50.07, ""idleHours"": 22, ""lastActivityAt"": ""2025-12-01T03:35:07Z""}",Compute,Usage,Azure,,
EA-9876543210,platform-prod-sub,platform-prod-sub,owner_0001@company.com,a1b2c3d4-0001-0001-0001-000000000001,platform-prod-sub,rg-platform-prod,eastus,2025-12-03,Virtual Machines Standard_D2s_v3 - eastus,Virtual Machines,Standard_D2s_v3 Series,bbc4f1e6-b32a-5f02-86f0-702bf6097b8b,D2s v3,24.0,1 Hour,4.007184,0.168,0.166966,0.168,OnDemand,USD,Microsoft.Compute,/subscriptions/a1b2c3d4-0001-0001-0001-000000000001/resourceGroups/rg-platform-prod/providers/Microsoft.Compute/virtualMachines/vm-standard-d2s-v3-01,vm-standard-d2s-v3-01,"{""team"": ""platform"", ""environment"": ""prod"", ""costcenter"": ""CC100"", ""application"": ""platform-core"", ""business_unit"": ""engineering"", ""owner_email"": ""platform-owner@company.com"", ""support_group"": ""platform-operations"", ""workload_criticality"": ""mission_critical"", ""sla_tier"": ""platinum""}","{""ServiceType"": ""Standard"", ""VMName"": ""vm-standard-d2s-v3-01"", ""vCPUs"": 2, ""cpuUtilPct"": 47.64, ""memoryUtilPct"": 54.56, ""diskUtilPct"": 27.94, ""idleHours"": 15, ""lastActivityAt"": ""2025-11-30T08:04:53Z""}",Compute,Usage,Azure,,
EA-9876543210,app-prod-sub,app-prod-sub,owner_0003@company.com,a1b2c3d4-0003-0003-0003-000000000003,app-prod-sub,rg-app-prod,eastus,2025-12-03,Virtual Machines Standard_D4s_v3 - eastus,Virtual Machines,Standard_D4s_v3 Series,6c8e1236-a3aa-53d7-8e09-dadb98f69027,D4s v3,24.0,1 Hour,8.073337,0.336,0.336389,0.336,OnDemand,USD,Microsoft.Compute,/subscriptions/a1b2c3d4-0003-0003-0003-000000000003/resourceGroups/rg-app-prod/providers/Microsoft.Compute/virtualMachines/vm-standard-d4s-v3-02,vm-standard-d4s-v3-02,"{""team"": ""backend"", ""environment"": ""prod"", ""costcenter"": ""CC400"", ""application"": ""core-api"", ""business_unit"": ""product"", ""owner_email"": ""backend-owner@company.com"", ""support_group"": ""api-operations"", ""workload_criticality"": ""high"", ""sla_tier"": ""gold""}","{""ServiceType"": ""Standard"", ""VMName"": ""vm-standard-d4s-v3-02"", ""vCPUs"": 4, ""cpuUtilPct"": 24.82, ""memoryUtilPct"": 51.76, ""diskUtilPct"": 41.47, ""idleHours"": 19, ""lastActivityAt"": ""2025-11-30T01:23:30Z""}",Compute,Usage,Azure,,
EA-9876543210,data-eng-prod-sub,data-eng-prod-sub,owner_0002@company.com,a1b2c3d4-0002-0002-0002-000000000002,data-eng-prod-sub,rg-data-prod,westeurope,2025-12-03,Virtual Machines Standard_E4s_v3 - westeurope,Virtual Machines,Standard_E4s_v3 Series,7373fa15-5d45-5d30-a83f-72064e156f94,E4s v3,24.0,1 Hour,5.375561,0.364,0.223982,0.364,Reservation,USD,Microsoft.Compute,/subscriptions/a1b2c3d4-0002-0002-0002-000000000002/resourceGroups/rg-data-prod/providers/Microsoft.Compute/virtualMachines/vm-standard-e4s-v3-03,vm-standard-e4s-v3-03,"{""team"": ""data-eng"", ""environment"": ""prod"", ""costcenter"": ""CC200"", ""application"": ""data-platform"", ""business_unit"": ""data"", ""owner_email"": ""data-eng-owner@company.com"", ""support_group"": ""data-platform-ops"", ""workload_criticality"": ""high"", ""sla_tier"": ""gold""}","{""ServiceType"": ""Standard"", ""VMName"": ""vm-standard-e4s-v3-03"", ""vCPUs"": 4, ""cpuUtilPct"": 41.02, ""memoryUtilPct"": 37.81, ""diskUtilPct"": 25.52, ""idleHours"": 34, ""lastActivityAt"": ""2025-11-29T09:25:50Z""}",Compute,Usage,Azure,/providers/Microsoft.BillingBenefits/savingsPlanOrders/7a0c5149-0099-4b3f-92b4-fb58325905e2,Reserved VM Instance_westeurope_1Year
EA-9876543210,data-eng-prod-sub,data-eng-prod-sub,owner_0002@company.com,a1b2c3d4-0002-0002-0002-000000000002,data-eng-prod-sub,rg-data-prod,westeurope,2025-12-03,Virtual Machines Standard_E8s_v3 - westeurope,Virtual Machines,Standard_E8s_v3 Series,2b9593f7-8692-56d9-b10a-a624f400da47,E8s v3,24.0,1 Hour,11.908756,0.728,0.496198,0.728,Reservation,USD,Microsoft.Compute,/subscriptions/a1b2c3d4-0002-0002-0002-000000000002/resourceGroups/rg-data-prod/providers/Microsoft.Compute/virtualMachines/vm-standard-e8s-v3-04,vm-standard-e8s-v3-04,"{""team"": ""data-eng"", ""environment"": ""prod"", ""costcenter"": ""CC200"", ""application"": ""data-platform"", ""business_unit"": ""data"", ""owner_email"": ""data-eng-owner@company.com"", ""support_group"": ""data-platform-ops"", ""workload_criticality"": ""high"", ""sla_tier"": ""gold""}","{""ServiceType"": ""Standard"", ""VMName"": ""vm-standard-e8s-v3-04"", ""vCPUs"": 8, ""cpuUtilPct"": 35.15, ""memoryUtilPct"": 30.86, ""diskUtilPct"": 32.86, ""idleHours"": 32, ""lastActivityAt"": ""2025-12-01T08:48:50Z""}",Compute,Usage,Azure,/providers/Microsoft.BillingBenefits/savingsPlanOrders/202898f2-f754-4bf4-8738-27a4141d130e,Reserved VM Instance_westeurope_1Year
EA-9876543210,data-eng-prod-sub,data-eng-prod-sub,owner_0002@company.com,a1b2c3d4-0002-0002-0002-000000000002,data-eng-prod-sub,rg-ml-prod,westeurope,2025-12-03,Virtual Machines Standard_F4s_v2 - westeurope,Virtual Machines,Standard_F4s_v2 Series,303bf71a-6d52-56d9-8e75-95552aa01c86,F4s v2,24.0,1 Hour,6.068407,0.252,0.25285,0.252,OnDemand,USD,Microsoft.Compute,/subscriptions/a1b2c3d4-0002-0002-0002-000000000002/resourceGroups/rg-ml-prod/providers/Microsoft.Compute/virtualMachines/vm-standard-f4s-v2-05,vm-standard-f4s-v2-05,"{""team"": ""ml"", ""environment"": ""prod"", ""costcenter"": ""CC500"", ""application"": ""ml-platform"", ""business_unit"": ""ai"", ""owner_email"": ""ml-owner@company.com"", ""support_group"": ""ml-platform-sre"", ""workload_criticality"": ""high"", ""sla_tier"": ""gold""}","{""ServiceType"": ""Standard"", ""VMName"": ""vm-standard-f4s-v2-05"", ""vCPUs"": 4, ""cpuUtilPct"": 22.81, ""memoryUtilPct"": 33.73, ""diskUtilPct"": 28.4, ""idleHours"": 62, ""lastActivityAt"": ""2025-11-29T16:49:47Z""}",Compute,Usage,Azure,,
EA-9876543210,data-eng-prod-sub,data-eng-prod-sub,owner_0002@company.com,a1b2c3d4-0002-0002-0002-000000000002,data-eng-prod-sub,rg-ml-prod,westeurope,2025-12-03,Virtual Machines Standard_D8s_v3 - westeurope,Virtual Machines,Standard_D8s_v3 Series,348575ff-7ae0-57e5-896e-037d67179117,D8s v3,24.0,1 Hour,9.690951,0.672,0.40379,0.672,Reservation,USD,Microsoft.Compute,/subscriptions/a1b2c3d4-0002-0002-0002-000000000002/resourceGroups/rg-ml-prod/providers/Microsoft.Compute/virtualMachines/vm-standard-d8s-v3-06,vm-standard-d8s-v3-06,"{""team"": ""ml"", ""environment"": ""prod"", ""costcenter"": ""CC500"", ""application"": ""ml-platform"", ""business_unit"": ""ai"", ""owner_email"": ""ml-owner@company.com"", ""support_group"": ""ml-platform-sre"", ""workload_criticality"": ""high"", ""sla_tier"": ""gold""}","{""ServiceType"": ""Standard"", ""VMName"": ""vm-standard-d8s-v3-06"", ""vCPUs"": 8, ""cpuUtilPct"": 40.51, ""memoryUtilPct"": 47.99, ""diskUtilPct"": 33.15, ""idleHours"": 32, ""lastActivityAt"": ""2025-11-30T20:24:20Z""}",Compute,Usage,Azure,/providers/Microsoft.BillingBenefits/savingsPlanOrders/237a281b-29ad-4cfe-b1cc-c4a4f0dfe4a3,Reserved VM Instance_westeurope_1Year
EA-9876543210,data-eng-prod-sub,data-eng-prod-sub,owner_0002@company.com,a1b2c3d4-0002-0002-0002-000000000002,data-eng-prod-sub,rg-ml-prod,westeurope,2025-12-03,Unused Reservation - vm-standard-d8s-v3-06,Virtual Machines,Unused Capacity,0000608f-2416-536e-a7f7-a23632787bd8,Unused,0.0,1 Hour,2.892755,0.0,0.0,0.672,Reservation,USD,Microsoft.Compute,,vm-standard-d8s-v3-06,"{""team"": ""ml"", ""environment"": ""prod"", ""costcenter"": ""CC500"", ""application"": ""ml-platform"", ""business_unit"": ""ai"", ""owner_email"": ""ml-owner@company.com"", ""support_group"": ""ml-platform-sre"", ""workload_criticality"": ""high"", ""sla_tier"": ""gold""}","{""cpuUtilPct"": 40.51, ""memoryUtilPct"": 47.99, ""diskUtilPct"": 33.15, ""idleHours"": 32, ""lastActivityAt"": ""2025-11-30T20:24:20Z""}",Compute,UnusedReservation,Azure,/providers/Microsoft.BillingBenefits/savingsPlanOrders/09917a45-9a40-4cd0-995e-5d249aedaab3,Reserved VM Instance_westeurope_1Year
EA-9876543210,app-prod-sub,app-prod-sub,owner_0003@company.com,a1b2c3d4-0003-0003-0003-000000000003,app-prod-sub,rg-app-prod,southeastasia,2025-12-03,Virtual Machines Standard_B2s - southeastasia,Virtual Machines,Standard_B2s Series,78a50003-6630-5ba4-aad2-c10f0de71d3b,B2s,24.0,1 Hour,2.000374,0.084,0.083349,0.084,OnDemand,USD,Microsoft.Compute,/subscriptions/a1b2c3d4-0003-0003-0003-000000000003/resourceGroups/rg-app-prod/providers/Microsoft.Compute/virtualMachines/vm-standard-b2s-07,vm-standard-b2s-07,"{""team"": ""frontend"", ""environment"": ""prod"", ""costcenter"": ""CC300"", ""application"": ""customer-web"", ""business_unit"": ""product"", ""owner_email"": ""frontend-owner@company.com"", ""support_group"": ""customer-experience-support"", ""workload_criticality"": ""high"", ""sla_tier"": ""gold""}","{""ServiceType"": ""Standard"", ""VMName"": ""vm-standard-b2s-07"", ""vCPUs"": 2, ""cpuUtilPct"": 31.76, ""memoryUtilPct"": 31.83, ""diskUtilPct"": 32.32, ""idleHours"": 37, ""lastActivityAt"": ""2025-12-01T03:40:25Z""}",Compute,Usage,Azure,,
EA-9876543210,app-prod-sub,app-prod-sub,owner_0003@company.com,a1b2c3d4-0003-0003-0003-000000000003,app-prod-sub,rg-app-staging,southeastasia,2025-12-03,Virtual Machines Standard_B2s - southeastasia,Virtual Machines,Standard_B2s Series,78a50003-6630-5ba4-aad2-c10f0de71d3b,B2s,24.0,1 Hour,1.369732,0.084,0.057072,0.084,SavingsPlan,USD,Microsoft.Compute,/subscriptions/a1b2c3d4-0003-0003-0003-000000000003/resourceGroups/rg-app-staging/providers/Microsoft.Compute/virtualMachines/vm-standard-b2s-08,vm-standard-b2s-08,"{""team"": ""frontend"", ""environment"": ""staging"", ""costcenter"": ""CC300"", ""application"": ""customer-web"", ""business_unit"": ""product"", ""owner_email"": ""frontend-owner@company.com"", ""support_group"": ""customer-experience-support"", ""workload_criticality"": ""medium"", ""sla_tier"": ""silver""}","{""ServiceType"": ""Standard"", ""VMName"": ""vm-standard-b2s-08"", ""vCPUs"": 2, ""cpuUtilPct"": 17.03, ""memoryUtilPct"": 16.6, ""diskUtilPct"": 15.46, ""idleHours"": 167, ""lastActivityAt"": ""2025-11-26T23:02:34Z""}",Compute,Usage,Azure,/providers/Microsoft.BillingBenefits/savingsPlanOrders/8585bbf6-a4e7-48bb-bfbf-2af7148261be,Compute savings plan_1Year
EA-9876543210,app-prod-sub,app-prod-sub,owner_0003@company.com,a1b2c3d4-0003-0003-0003-000000000003,app-prod-sub,rg-app-staging,southeastasia,2025-12-03,Unused Reservation - vm-standard-b2s-08,Virtual Machines,Unused Capacity,69ae95fd-7f15-5ccf-a9a7-dc11e7720329,Unused,0.0,1 Hour,0.372834,0.0,0.0,0.084,SavingsPlan,USD,Microsoft.Compute,,vm-standard-b2s-08,"{""team"": ""frontend"", ""environment"": ""staging"", ""costcenter"": ""CC300"", ""application"": ""customer-web"", ""business_unit"": ""product"", ""owner_email"": ""frontend-owner@company.com"", ""support_group"": ""customer-experience-support"", ""workload_criticality"": ""medium"", ""sla_tier"": ""silver""}","{""cpuUtilPct"": 17.03, ""memoryUtilPct"": 16.6, ""diskUtilPct"": 15.46, ""idleHours"": 167, ""lastActivityAt"": ""2025-11-26T23:02:34Z""}",Compute,UnusedSavingsPlan,Azure,/providers/Microsoft.BillingBenefits/savingsPlanOrders/f29c41d9-a911-4c96-9c35-e2ee0b346d5c,Compute savings plan_1Year
EA-9876543210,app-prod-sub,app-prod-sub,owner_0003@company.com,a1b2c3d4-0003-0003-0003-000000000003,app-prod-sub,rg-app-staging,eastus,2025-12-03,Virtual Machines Standard_D2s_v3 - eastus,Virtual Machines,Standard_D2s_v3 Series,bbc4f1e6-b32a-5f02-86f0-702bf6097b8b,D2s v3,24.0,1 Hour,4.022399,0.168,0.1676,0.168,OnDemand,USD,Microsoft.Compute,/subscriptions/a1b2c3d4-0003-0003-0003-000000000003/resourceGroups/rg-app-staging/providers/Microsoft.Compute/virtualMachines/vm-standard-d2s-v3-09,vm-standard-d2s-v3-09,{},"{""ServiceType"": ""Standard"", ""VMName"": ""vm-standard-d2s-v3-09"", ""vCPUs"": 2, ""cpuUtilPct"": 9.36, ""memoryUtilPct"": 13.95, ""diskUtilPct"": 21.46, ""idleHours"": 175, ""lastActivityAt"": ""2025-11-25T09:36:52Z""}",Compute,Usage,Azure,,
EA-9876543210,platform-prod-sub,platform-prod-sub,owner_0001@company.com,a1b2c3d4-0001-0001-0001-000000000001,platform-prod-sub,rg-platform-dev,eastus,2025-12-03,Virtual Machines Standard_B2s - eastus,Virtual Machines,Standard_B2s Series,7190101e-d2ab-5a56-ad8e-83f7122f17e8,B2s,24.0,1 Hour,2.021021,0.084,0.084209,0.084,OnDemand,USD,Microsoft.Compute,/subscriptions/a1b2c3d4-0001-0001-0001-000000000001/resourceGroups/rg-platform-dev/providers/Microsoft.Compute/virtualMachines/vm-standard-b2s-10,vm-standard-b2s-10,{},"{""ServiceType"": ""Standard"", ""VMName"": ""vm-standard-b2s-10"", ""vCPUs"": 2, ""cpuUtilPct"": 2.11, ""memoryUtilPct"": 2.89, ""diskUtilPct"": 7.55, ""idleHours"": 601, ""lastActivityAt"": ""2025-10-28T19:50:20Z""}",Compute,Usage,Azure,,
EA-9876543210,app-prod-sub,app-prod-sub,owner_0003@company.com,a1b2c3d4-0003-0003-0003-000000000003,app-prod-sub,rg-app-dev,eastus,2025-12-03,Virtual Machines Standard_B2s - eastus,Virtual Machines,Standard_B2s Series,7190101e-d2ab-5a56-ad8e-83f7122f17e8,B2s,24.0,1 Hour,2.002236,0.084,0.083427,0.084,OnDemand,USD,Microsoft.Compute,/subscriptions/a1b2c3d4-0003-0003-0003-000000000003/resourceGroups/rg-app-dev/providers/Microsoft.Compute/virtualMachines/vm-standard-b2s-11,vm-standard-b2s-11,{},"{""ServiceType"": ""Standard"", ""VMName"": ""vm-standard-b2s-11"", ""vCPUs"": 2, ""cpuUtilPct"": 0.83, ""memoryUtilPct"": 8.67, ""diskUtilPct"": 5.33, ""idleHours"": 536, ""lastActivityAt"": ""2025-11-12T13:19:55Z""}",Compute,Usage,Azure,,
EA-9876543210,platform-prod-sub,platform-prod-sub,owner_0001@company.com,a1b2c3d4-0001-0001-0001-000000000001,platform-prod-sub,rg-platform-prod,eastus,2025-12-03,Blob Storage - LRS - Hot - eastus,Storage,Blobs - LRS - Hot,fb8faed0-f377-5fb0-92b7-78035153a7fa,Data Stored,850.0733,1 GB/Month,0.508616,0.018,0.018,0.018,OnDemand,USD,Microsoft.Storage,/subscriptions/a1b2c3d4-0001-0001-0001-000000000001/resourceGroups/rg-platform-prod/providers/Microsoft.Storage/storageAccounts/stplatformassets,stplatformassets,"{""team"": ""platform"", ""environment"": ""prod"", ""costcenter"": ""CC100"", ""application"": ""platform-core"", ""business_unit"": ""engineering"", ""owner_email"": ""platform-owner@company.com"", ""support_group"": ""platform-operations"", ""workload_criticality"": ""mission_critical"", ""sla_tier"": ""platinum""}","{""AccountType"": ""LRS"", ""cpuUtilPct"": 0.0, ""memoryUtilPct"": 0.0, ""diskUtilPct"": 41.53, ""idleHours"": 19, ""lastActivityAt"": ""2025-12-01T05:53:31Z""}",Storage,Usage,Azure,,
EA-9876543210,data-eng-prod-sub,data-eng-prod-sub,owner_0002@company.com,a1b2c3d4-0002-0002-0002-000000000002,data-eng-prod-sub,rg-data-prod,westeurope,2025-12-03,Blob Storage - ZRS - Hot - westeurope,Storage,Blobs - ZRS - Hot,9dd9b051-b91d-533a-9f70-e4838eb241bb,Data Stored,3198.0042,1 GB/Month,2.447823,0.023,0.023,0.023,OnDemand,USD,Microsoft.Storage,/subscriptions/a1b2c3d4-0002-0002-0002-000000000002/resourceGroups/rg-data-prod/providers/Microsoft.Storage/storageAccounts/stdatalake,stdatalake,"{""team"": ""data-eng"", ""environment"": ""prod"", ""costcenter"": ""CC200"", ""application"": ""data-platform"", ""business_unit"": ""data"", ""owner_email"": ""data-eng-owner@company.com"", ""support_group"": ""data-platform-ops"", ""workload_criticality"": ""high"", ""sla_tier"": ""gold""}","{""AccountType"": ""ZRS"", ""cpuUtilPct"": 0.0, ""memoryUtilPct"": 0.0, ""diskUtilPct"": 61.29, ""idleHours"": 2, ""lastActivityAt"": ""2025-12-01T02:35:46Z""}",Storage,Usage,Azure,,
EA-9876543210,app-prod-sub,app-prod-sub,owner_0003@company.com,a1b2c3d4-0003-0003-0003-000000000003,app-prod-sub,rg-app-prod,southeastasia,2025-12-03,Blob Storage - LRS - Hot - southeastasia,Storage,Blobs - LRS - Hot,3ae72a36-b458-5b93-9e16-84484844594d,Data Stored,400.1563,1 GB/Month,0.239813,0.018,0.018,0.018,OnDemand,USD,Microsoft.Storage,/subscriptions/a1b2c3d4-0003-0003-0003-000000000003/resourceGroups/rg-app-prod/providers/Microsoft.Storage/storageAccounts/stappassets,stappassets,{},"{""AccountType"": ""LRS"", ""cpuUtilPct"": 0.0, ""memoryUtilPct"": 0.0, ""diskUtilPct"": 56.9, ""idleHours"": 15, ""lastActivityAt"": ""2025-11-30T19:16:23Z""}",Storage,Usage,Azure,,
EA-9876543210,data-eng-prod-sub,data-eng-prod-sub,owner_0002@company.com,a1b2c3d4-0002-0002-0002-000000000002,data-eng-prod-sub,rg-ml-prod,westeurope,2025-12-03,Blob Storage - LRS - Hot - westeurope,Storage,Blobs - LRS - Hot,4ba045d2-b571-568f-be23-884194c5daba,Data Stored,1100.6666,1 GB/Month,0.6603,0.018,0.018,0.018,OnDemand,USD,Microsoft.Storage,/subscriptions/a1b2c3d4-0002-0002-0002-000000000002/resourceGroups/rg-ml-prod/providers/Microsoft.Storage/storageAccounts/stmlmodels,stmlmodels,"{""team"": ""ml"", ""environment"": ""prod"", ""costcenter"": ""CC500"", ""application"": ""ml-platform"", ""business_unit"": ""ai"", ""owner_email"": ""ml-owner@company.com"", ""support_group"": ""ml-platform-sre"", ""workload_criticality"": ""high"", ""sla_tier"": ""gold""}","{""AccountType"": ""LRS"", ""cpuUtilPct"": 0.0, ""memoryUtilPct"": 0.0, ""diskUtilPct"": 61.19, ""idleHours"": 1, ""lastActivityAt"": ""2025-12-01T12:47:59Z""}",Storage,Usage,Azure,,
EA-9876543210,platform-prod-sub,platform-prod-sub,owner_0001@company.com,a1b2c3d4-0001-0001-0001-000000000001,platform-prod-sub,rg-platform-prod,eastus,2025-12-03,Azure SQL Database Standard_S2 - eastus,SQL Database,Standard_S2,cd1e0b9a-8ff0-5779-9281-87ab698e2916,vCore Hours,24.0,1 Hour,7.379083,0.31,0.31,0.31,OnDemand,USD,Microsoft.Sql,/subscriptions/a1b2c3d4-0001-0001-0001-000000000001/resourceGroups/rg-platform-prod/providers/Microsoft.Sql/servers/databases/sqldb-standard-0001,sqldb-standard-0001,{},"{""cpuUtilPct"": 52.5, ""memoryUtilPct"": 44.28, ""diskUtilPct"": 39.69, ""idleHours"": 14, ""lastActivityAt"": ""2025-12-01T15:08:01Z""}",Databases,Usage,Azure,,
EA-9876543210,data-eng-prod-sub,data-eng-prod-sub,owner_0002@company.com,a1b2c3d4-0002-0002-0002-000000000002,data-eng-prod-sub,rg-data-prod,westeurope,2025-12-03,Azure SQL Database Business Critical_BC_Gen5_4 - westeurope,SQL Database,Business Critical_BC_Gen5_4,4bab5ab0-7291-58c2-8564-3252f5053179,vCore Hours,24.0,1 Hour,52.829563,2.2,2.2,2.2,OnDemand,USD,Microsoft.Sql,/subscriptions/a1b2c3d4-0002-0002-0002-000000000002/resourceGroups/rg-data-prod/providers/Microsoft.Sql/servers/databases/sqldb-business critical-0002,sqldb-business critical-0002,"{""team"": ""data-eng"", ""environment"": ""prod"", ""costcenter"": ""CC200"", ""application"": ""data-platform"", ""business_unit"": ""data"", ""owner_email"": ""data-eng-owner@company.com"", ""support_group"": ""data-platform-ops"", ""workload_criticality"": ""high"", ""sla_tier"": ""gold""}","{""cpuUtilPct"": 35.98, ""memoryUtilPct"": 50.66, ""diskUtilPct"": 28.59, ""idleHours"": 63, ""lastActivityAt"": ""2025-11-28T18:33:40Z""}",Databases,Usage,Azure,,
EA-9876543210,app-prod-sub,app-prod-sub,owner_0003@company.com,a1b2c3d4-0003-0003-0003-000000000003,app-prod-sub,rg-app-prod,eastus,2025-12-03,Azure SQL Database General Purpose_GP_Gen5_2 - eastus,SQL Database,General Purpose_GP_Gen5_2,69e0198c-4ca3-5ac2-8540-db65f6d44c56,vCore Hours,24.0,1 Hour,14.391698,0.6,0.6,0.6,OnDemand,USD,Microsoft.Sql,/subscriptions/a1b2c3d4-0003-0003-0003-000000000003/resourceGroups/rg-app-prod/providers/Microsoft.Sql/servers/databases/sqldb-general purpose-0003,sqldb-general purpose-0003,{},"{""cpuUtilPct"": 31.85, ""memoryUtilPct"": 41.88, ""diskUtilPct"": 39.0, ""idleHours"": 14, ""lastActivityAt"": ""2025-11-30T10:30:28Z""}",Databases,Usage,Azure,,
EA-9876543210,shared-infra-sub,shared-infra-sub,owner_infra@company.com,a1b2c3d4-9999-9999-9999-000000000099,shared-infra-sub,rg-shared-infra,eastus,2025-12-03,Azure Monitor,Monitor,Data Ingested,aadff281-e00d-588e-bd69-a4630325bd50,Data Ingested,1000.0,1 Unit,45.038046,0.045,0.045,0.045,OnDemand,USD,Microsoft.SharedInfra,/subscriptions/a1b2c3d4-9999-9999-9999-000000000099/resourceGroups/rg-shared-infra/providers/Microsoft.SharedInfra/Monitor/monitor,monitor,{},"{""cpuUtilPct"": 4.81, ""memoryUtilPct"": 5.8, ""diskUtilPct"": 5.35, ""idleHours"": 592, ""lastActivityAt"": ""2025-11-13T01:16:36Z""}",Management,Usage,Azure,,
EA-9876543210,shared-infra-sub,shared-infra-sub,owner_infra@company.com,a1b2c3d4-9999-9999-9999-000000000099,shared-infra-sub,rg-shared-infra,eastus,2025-12-03,Virtual Network,Networking,Intra-Region,cc2ca1a8-2d13-5873-b301-4b8ed16ed2c0,Intra-Region,622.22,1 Unit,27.857433,0.045,0.045,0.045,OnDemand,USD,Microsoft.SharedInfra,/subscriptions/a1b2c3d4-9999-9999-9999-000000000099/resourceGroups/rg-shared-infra/providers/Microsoft.SharedInfra/Networking/networking,networking,{},"{""cpuUtilPct"": 1.49, ""memoryUtilPct"": 4.08, ""diskUtilPct"": 4.7, ""idleHours"": 546, ""lastActivityAt"": ""2025-11-17T20:28:11Z""}",Networking,Usage,Azure,,
EA-9876543210,shared-infra-sub,shared-infra-sub,owner_infra@company.com,a1b2c3d4-9999-9999-9999-000000000099,shared-infra-sub,rg-shared-infra,eastus,2025-12-03,API Management,API Management,Gateway Units,78998862-331b-5215-a4b4-8d4500189f89,Gateway Units,2666.67,1 Unit,119.507838,0.045,0.045,0.045,OnDemand,USD,Microsoft.SharedInfra,/subscriptions/a1b2c3d4-9999-9999-9999-000000000099/resourceGroups/rg-shared-infra/providers/Microsoft.SharedInfra/API Management/api-management,api-management,{},"{""cpuUtilPct"": 3.54, ""memoryUtilPct"": 2.97, ""diskUtilPct"": 2.99, ""idleHours"": 635, ""lastActivityAt"": ""2025-11-17T10:48:34Z""}",Integration,Usage,Azure,,
EA-9876543210,shared-infra-sub,shared-infra-sub,owner_infra@company.com,a1b2c3d4-9999-9999-9999-000000000099,shared-infra-sub,rg-shared-infra,eastus,2025-12-03,Azure Key Vault,Key Vault,Operations,3cb0172e-6732-5350-b439-97753364a78c,Operations,177.78,1 Unit,8.000163,0.045,0.045,0.045,OnDemand,USD,Microsoft.SharedInfra,/subscriptions/a1b2c3d4-9999-9999-9999-000000000099/resourceGroups/rg-shared-infra/providers/Microsoft.SharedInfra/Key Vault/key-vault,key-vault,{},"{""cpuUtilPct"": 1.48, ""memoryUtilPct"": 5.07, ""diskUtilPct"": 1.92, ""idleHours"": 572, ""lastActivityAt"": ""2025-10-20T06:39:56Z""}",Security,Usage,Azure,,
EA-9876543210,shared-infra-sub,shared-infra-sub,owner_infra@company.com,a1b2c3d4-9999-9999-9999-000000000099,shared-infra-sub,rg-shared-infra,eastus,2025-12-03,Azure Blob Storage,Storage,Data Stored,2e8ee991-b3b7-5136-98e5-4772405cdb0c,Data Stored,400.0,1 Unit,18.078059,0.045,0.045,0.045,OnDemand,USD,Microsoft.SharedInfra,/subscriptions/a1b2c3d4-9999-9999-9999-000000000099/resourceGroups/rg-shared-infra/providers/Microsoft.SharedInfra/Storage/storage,storage,{},"{""cpuUtilPct"": 4.15, ""memoryUtilPct"": 4.03, ""diskUtilPct"": 6.78, ""idleHours"": 679, ""lastActivityAt"": ""2025-10-22T04:21:17Z""}",Storage,Usage,Azure,,
EA-9876543210,platform-prod-sub,platform-prod-sub,owner_0001@company.com,a1b2c3d4-0001-0001-0001-000000000001,platform-prod-sub,rg-platform-prod,eastus,2025-12-04,Virtual Machines Standard_D2s_v3 - eastus,Virtual Machines,Standard_D2s_v3 Series,bbc4f1e6-b32a-5f02-86f0-702bf6097b8b,D2s v3,24.0,1 Hour,4.004148,0.168,0.16684,0.168,OnDemand,USD,Microsoft.Compute,/subscriptions/a1b2c3d4-0001-0001-0001-000000000001/resourceGroups/rg-platform-prod/providers/Microsoft.Compute/virtualMachines/vm-standard-d2s-v3-00,vm-standard-d2s-v3-00,"{""team"": ""platform"", ""environment"": ""prod"", ""costcenter"": ""CC100"", ""application"": ""platform-core"", ""business_unit"": ""engineering"", ""owner_email"": ""platform-owner@company.com"", ""support_group"": ""platform-operations"", ""workload_criticality"": ""mission_critical"", ""sla_tier"": ""platinum""}","{""ServiceType"": ""Standard"", ""VMName"": ""vm-standard-d2s-v3-00"", ""vCPUs"": 2, ""cpuUtilPct"": 53.14, ""memoryUtilPct"": 38.57, ""diskUtilPct"": 39.16, ""idleHours"": 4, ""lastActivityAt"": ""2025-12-02T03:16:10Z""}",Compute,Usage,Azure,,
EA-9876543210,platform-prod-sub,platform-prod-sub,owner_0001@company.com,a1b2c3d4-0001-0001-0001-000000000001,platform-prod-sub,rg-platform-prod,eastus,2025-12-04,Virtual Machines Standard_D2s_v3 - eastus,Virtual Machines,Standard_D2s_v3 Series,bbc4f1e6-b32a-5f02-86f0-702bf6097b8b,D2s v3,24.0,1 Hour,4.025524,0.168,0.16773,0.168,OnDemand,USD,Microsoft.Compute,/subscriptions/a1b2c3d4-0001-0001-0001-000000000001/resourceGroups/rg-platform-prod/providers/Microsoft.Compute/virtualMachines/vm-standard-d2s-v3-01,vm-standard-d2s-v3-01,"{""team"": ""platform"", ""environment"": ""prod"", ""costcenter"": ""CC100"", ""application"": ""platform-core"", ""business_unit"": ""engineering"", ""owner_email"": ""platform-owner@company.com"", ""support_group"": ""platform-operations"", ""workload_criticality"": ""mission_critical"", ""sla_tier"": ""platinum""}","{""ServiceType"": ""Standard"", ""VMName"": ""vm-standard-d2s-v3-01"", ""vCPUs"": 2, ""cpuUtilPct"": 49.97, ""memoryUtilPct"": 45.15, ""diskUtilPct"": 35.63, ""idleHours"": 19, ""lastActivityAt"": ""2025-12-02T12:05:35Z""}",Compute,Usage,Azure,,
EA-9876543210,app-prod-sub,app-prod-sub,owner_0003@company.com,a1b2c3d4-0003-0003-0003-000000000003,app-prod-sub,rg-app-prod,eastus,2025-12-04,Virtual Machines Standard_D4s_v3 - eastus,Virtual Machines,Standard_D4s_v3 Series,6c8e1236-a3aa-53d7-8e09-dadb98f69027,D4s v3,24.0,1 Hour,8.092219,0.336,0.337176,0.336,OnDemand,USD,Microsoft.Compute,/subscriptions/a1b2c3d4-0003-0003-0003-000000000003/resourceGroups/rg-app-prod/providers/Microsoft.Compute/virtualMachines/vm-standard-d4s-v3-02,vm-standard-d4s-v3-02,"{""team"": ""backend"", ""environment"": ""prod"", ""costcenter"": ""CC400"", ""application"": ""core-api"", ""business_unit"": ""product"", ""owner_email"": ""backend-owner@company.com"", ""support_group"": ""api-operations"", ""workload_criticality"": ""high"", ""sla_tier"": ""gold""}","{""ServiceType"": ""Standard"", ""VMName"": ""vm-standard-d4s-v3-02"", ""vCPUs"": 4, ""cpuUtilPct"": 39.73, ""memoryUtilPct"": 46.22, ""diskUtilPct"": 38.69, ""idleHours"": 54, ""lastActivityAt"": ""2025-11-29T15:32:24Z""}",Compute,Usage,Azure,,
EA-9876543210,data-eng-prod-sub,data-eng-prod-sub,owner_0002@company.com,a1b2c3d4-0002-0002-0002-000000000002,data-eng-prod-sub,rg-data-prod,westeurope,2025-12-04,Virtual Machines Standard_E4s_v3 - westeurope,Virtual Machines,Standard_E4s_v3 Series,7373fa15-5d45-5d30-a83f-72064e156f94,E4s v3,24.0,1 Hour,5.910146,0.364,0.246256,0.364,Reservation,USD,Microsoft.Compute,/subscriptions/a1b2c3d4-0002-0002-0002-000000000002/resourceGroups/rg-data-prod/providers/Microsoft.Compute/virtualMachines/vm-standard-e4s-v3-03,vm-standard-e4s-v3-03,"{""team"": ""data-eng"", ""environment"": ""prod"", ""costcenter"": ""CC200"", ""application"": ""data-platform"", ""business_unit"": ""data"", ""owner_email"": ""data-eng-owner@company.com"", ""support_group"": ""data-platform-ops"", ""workload_criticality"": ""high"", ""sla_tier"": ""gold""}","{""ServiceType"": ""Standard"", ""VMName"": ""vm-standard-e4s-v3-03"", ""vCPUs"": 4, ""cpuUtilPct"": 26.67, ""memoryUtilPct"": 47.37, ""diskUtilPct"": 26.35, ""idleHours"": 26, ""lastActivityAt"": ""2025-11-29T21:47:49Z""}",Compute,Usage,Azure,/providers/Microsoft.BillingBenefits/savingsPlanOrders/dcffc849-c4e0-41e8-9f28-7f4f0cb4bb57,Reserved VM Instance_westeurope_1Year
EA-9876543210,data-eng-prod-sub,data-eng-prod-sub,owner_0002@company.com,a1b2c3d4-0002-0002-0002-000000000002,data-eng-prod-sub,rg-data-prod,westeurope,2025-12-04,Virtual Machines Standard_E8s_v3 - westeurope,Virtual Machines,Standard_E8s_v3 Series,2b9593f7-8692-56d9-b10a-a624f400da47,E8s v3,24.0,1 Hour,11.459325,0.728,0.477472,0.728,Reservation,USD,Microsoft.Compute,/subscriptions/a1b2c3d4-0002-0002-0002-000000000002/resourceGroups/rg-data-prod/providers/Microsoft.Compute/virtualMachines/vm-standard-e8s-v3-04,vm-standard-e8s-v3-04,{},"{""ServiceType"": ""Standard"", ""VMName"": ""vm-standard-e8s-v3-04"", ""vCPUs"": 8, ""cpuUtilPct"": 32.49, ""memoryUtilPct"": 32.36, ""diskUtilPct"": 37.38, ""idleHours"": 20, ""lastActivityAt"": ""2025-11-30T00:08:23Z""}",Compute,Usage,Azure,/providers/Microsoft.BillingBenefits/savingsPlanOrders/7589c3fd-30b5-4d8a-9ac2-81d509f79247,Reserved VM Instance_westeurope_1Year
EA-9876543210,data-eng-prod-sub,data-eng-prod-sub,owner_0002@company.com,a1b2c3d4-0002-0002-0002-000000000002,data-eng-prod-sub,rg-ml-prod,westeurope,2025-12-04,Virtual Machines Standard_F4s_v2 - westeurope,Virtual Machines,Standard_F4s_v2 Series,303bf71a-6d52-56d9-8e75-95552aa01c86,F4s v2,24.0,1 Hour,6.032533,0.252,0.251356,0.252,OnDemand,USD,Microsoft.Compute,/subscriptions/a1b2c3d4-0002-0002-0002-000000000002/resourceGroups/rg-ml-prod/providers/Microsoft.Compute/virtualMachines/vm-standard-f4s-v2-05,vm-standard-f4s-v2-05,"{""team"": ""ml"", ""environment"": ""prod"", ""costcenter"": ""CC500"", ""application"": ""ml-platform"", ""business_unit"": ""ai"", ""owner_email"": ""ml-owner@company.com"", ""support_group"": ""ml-platform-sre"", ""workload_criticality"": ""high"", ""sla_tier"": ""gold""}","{""ServiceType"": ""Standard"", ""VMName"": ""vm-standard-f4s-v2-05"", ""vCPUs"": 4, ""cpuUtilPct"": 22.06, ""memoryUtilPct"": 28.25, ""diskUtilPct"": 33.82, ""idleHours"": 18, ""lastActivityAt"": ""2025-12-02T01:08:58Z""}",Compute,Usage,Azure,,
EA-9876543210,data-eng-prod-sub,data-eng-prod-sub,owner_0002@company.com,a1b2c3d4-0002-0002-0002-000000000002,data-eng-prod-sub,rg-ml-prod,westeurope,2025-12-04,Virtual Machines Standard_D8s_v3 - westeurope,Virtual Machines,Standard_D8s_v3 Series,348575ff-7ae0-57e5-896e-037d67179117,D8s v3,24.0,1 Hour,10.562821,0.672,0.440118,0.672,Reservation,USD,Microsoft.Compute,/subscriptions/a1b2c3d4-0002-0002-0002-000000000002/resourceGroups/rg-ml-prod/providers/Microsoft.Compute/virtualMachines/vm-standard-d8s-v3-06,vm-standard-d8s-v3-06,"{""team"": ""ml"", ""environment"": ""prod"", ""costcenter"": ""CC500"", ""application"": ""ml-platform"", ""business_unit"": ""ai"", ""owner_email"": ""ml-owner@company.com"", ""support_group"": ""ml-platform-sre"", ""workload_criticality"": ""high"", ""sla_tier"": ""gold""}","{""ServiceType"": ""Standard"", ""VMName"": ""vm-standard-d8s-v3-06"", ""vCPUs"": 8, ""cpuUtilPct"": 38.01, ""memoryUtilPct"": 46.72, ""diskUtilPct"": 39.64, ""idleHours"": 34, ""lastActivityAt"": ""2025-12-01T19:00:10Z""}",Compute,Usage,Azure,/providers/Microsoft.BillingBenefits/savingsPlanOrders/222a4dc0-a49d-4110-a846-fd9af01d4fab,Reserved VM Instance_westeurope_1Year
EA-9876543210,data-eng-prod-sub,data-eng-prod-sub,owner_0002@company.com,a1b2c3d4-0002-0002-0002-000000000002,data-eng-prod-sub,rg-ml-prod,westeurope,2025-12-04,Unused Reservation - vm-standard-d8s-v3-06,Virtual Machines,Unused Capacity,048b3edf-af08-561d-b0aa-7263a48517ca,Unused,0.0,1 Hour,1.303622,0.0,0.0,0.672,Reservation,USD,Microsoft.Compute,,vm-standard-d8s-v3-06,"{""team"": ""ml"", ""environment"": ""prod"", ""costcenter"": ""CC500"", ""application"": ""ml-platform"", ""business_unit"": ""ai"", ""owner_email"": ""ml-owner@company.com"", ""support_group"": ""ml-platform-sre"", ""workload_criticality"": ""high"", ""sla_tier"": ""gold""}","{""cpuUtilPct"": 38.01, ""memoryUtilPct"": 46.72, ""diskUtilPct"": 39.64, ""idleHours"": 34, ""lastActivityAt"": ""2025-12-01T19:00:10Z""}",Compute,UnusedReservation,Azure,/providers/Microsoft.BillingBenefits/savingsPlanOrders/38708894-c26b-41e7-a3d7-fa5af2683744,Reserved VM Instance_westeurope_1Year
EA-9876543210,app-prod-sub,app-prod-sub,owner_0003@company.com,a1b2c3d4-0003-0003-0003-000000000003,app-prod-sub,rg-app-prod,southeastasia,2025-12-04,Virtual Machines Standard_B2s - southeastasia,Virtual Machines,Standard_B2s Series,78a50003-6630-5ba4-aad2-c10f0de71d3b,B2s,24.0,1 Hour,2.03339,0.084,0.084725,0.084,OnDemand,USD,Microsoft.Compute,/subscriptions/a1b2c3d4-0003-0003-0003-000000000003/resourceGroups/rg-app-prod/providers/Microsoft.Compute/virtualMachines/vm-standard-b2s-07,vm-standard-b2s-07,"{""team"": ""frontend"", ""environment"": ""prod"", ""costcenter"": ""CC300"", ""application"": ""customer-web"", ""business_unit"": ""product"", ""owner_email"": ""frontend-owner@company.com"", ""support_group"": ""customer-experience-support"", ""workload_criticality"": ""high"", ""sla_tier"": ""gold""}","{""ServiceType"": ""Standard"", ""VMName"": ""vm-standard-b2s-07"", ""vCPUs"": 2, ""cpuUtilPct"": 38.84, ""memoryUtilPct"": 28.93, ""diskUtilPct"": 21.38, ""idleHours"": 46, ""lastActivityAt"": ""2025-12-02T02:29:22Z""}",Compute,Usage,Azure,,
EA-9876543210,app-prod-sub,app-prod-sub,owner_0003@company.com,a1b2c3d4-0003-0003-0003-000000000003,app-prod-sub,rg-app-staging,southeastasia,2025-12-04,Virtual Machines Standard_B2s - southeastasia,Virtual Machines,Standard_B2s Series,78a50003-6630-5ba4-aad2-c10f0de71d3b,B2s,24.0,1 Hour,1.579472,0.084,0.065811,0.084,SavingsPlan,USD,Microsoft.Compute,/subscriptions/a1b2c3d4-0003-0003-0003-000000000003/resourceGroups/rg-app-staging/providers/Microsoft.Compute/virtualMachines/vm-standard-b2s-08,vm-standard-b2s-08,"{""team"": ""frontend"", ""environment"": ""staging"", ""costcenter"": ""CC300"", ""application"": ""customer-web"", ""business_unit"": ""product"", ""owner_email"": ""frontend-owner@company.com"", ""support_group"": ""customer-experience-support"", ""workload_criticality"": ""medium"", ""sla_tier"": ""silver""}","{""ServiceType"": ""Standard"", ""VMName"": ""vm-standard-b2s-08"", ""vCPUs"": 2, ""cpuUtilPct"": 17.18, ""memoryUtilPct"": 15.12, ""diskUtilPct"": 10.13, ""idleHours"": 126, ""lastActivityAt"": ""2025-11-22T10:11:13Z""}",Compute,Usage,Azure,/providers/Microsoft.BillingBenefits/savingsPlanOrders/0fd177a1-4af7-42ad-afd5-1fed4fc2819e,Compute savings plan_1Year
EA-9876543210,app-prod-sub,app-prod-sub,owner_0003@company.com,a1b2c3d4-0003-0003-0003-000000000003,app-prod-sub,rg-app-staging,southeastasia,2025-12-04,Unused Reservation - vm-standard-b2s-08,Virtual Machines,Unused Capacity,7822eaf6-934b-56e5-9864-61722facceeb,Unused,0.0,1 Hour,0.36009,0.0,0.0,0.084,SavingsPlan,USD,Microsoft.Compute,,vm-standard-b2s-08,"{""team"": ""frontend"", ""environment"": ""staging"", ""costcenter"": ""CC300"", ""application"": ""customer-web"", ""business_unit"": ""product"", ""owner_email"": ""frontend-owner@company.com"", ""support_group"": ""customer-experience-support"", ""workload_criticality"": ""medium"", ""sla_tier"": ""silver""}","{""cpuUtilPct"": 17.18, ""memoryUtilPct"": 15.12, ""diskUtilPct"": 10.13, ""idleHours"": 126, ""lastActivityAt"": ""2025-11-22T10:11:13Z""}",Compute,UnusedSavingsPlan,Azure,/providers/Microsoft.BillingBenefits/savingsPlanOrders/85d3d451-b9bc-4f08-8ce3-7eb0690d211e,Compute savings plan_1Year
EA-9876543210,app-prod-sub,app-prod-sub,owner_0003@company.com,a1b2c3d4-0003-0003-0003-000000000003,app-prod-sub,rg-app-staging,eastus,2025-12-04,Virtual Machines Standard_D2s_v3 - eastus,Virtual Machines,Standard_D2s_v3 Series,bbc4f1e6-b32a-5f02-86f0-702bf6097b8b,D2s v3,24.0,1 Hour,4.021458,0.168,0.167561,0.168,OnDemand,USD,Microsoft.Compute,/subscriptions/a1b2c3d4-0003-0003-0003-000000000003/resourceGroups/rg-app-staging/providers/Microsoft.Compute/virtualMachines/vm-standard-d2s-v3-09,vm-standard-d2s-v3-09,"{""team"": ""backend"", ""environment"": ""staging"", ""costcenter"": ""CC400"", ""application"": ""core-api"", ""business_unit"": ""product"", ""owner_email"": ""backend-owner@company.com"", ""support_group"": ""api-operations"", ""workload_criticality"": ""medium"", ""sla_tier"": ""silver""}","{""ServiceType"": ""Standard"", ""VMName"": ""vm-standard-d2s-v3-09"", ""vCPUs"": 2, ""cpuUtilPct"": 19.0, ""memoryUtilPct"": 14.74, ""diskUtilPct"": 20.56, ""idleHours"": 217, ""lastActivityAt"": ""2025-11-26T23:31:16Z""}",Compute,Usage,Azure,,
EA-9876543210,platform-prod-sub,platform-prod-sub,owner_0001@company.com,a1b2c3d4-0001-0001-0001-000000000001,platform-prod-sub,rg-platform-dev,eastus,2025-12-04,Virtual Machines Standard_B2s - eastus,Virtual Machines,Standard_B2s Series,7190101e-d2ab-5a56-ad8e-83f7122f17e8,B2s,24.0,1 Hour,2.018443,0.084,0.084102,0.084,OnDemand,USD,Microsoft.Compute,/subscriptions/a1b2c3d4-0001-0001-0001-000000000001/resourceGroups/rg-platform-dev/providers/Microsoft.Compute/virtualMachines/vm-standard-b2s-10,vm-standard-b2s-10,"{""team"": ""platform"", ""environment"": ""dev"", ""costcenter"": ""CC100"", ""application"": ""platform-core"", ""business_unit"": ""engineering"", ""owner_email"": ""platform-owner@company.com"", ""support_group"": ""platform-operations"", ""workload_criticality"": ""low"", ""sla_tier"": ""bronze""}","{""ServiceType"": ""Standard"", ""VMName"": ""vm-standard-b2s-10"", ""vCPUs"": 2, ""cpuUtilPct"": 2.16, ""memoryUtilPct"": 7.86, ""diskUtilPct"": 3.64, ""idleHours"": 303, ""lastActivityAt"": ""2025-11-11T15:43:53Z""}",Compute,Usage,Azure,,
EA-9876543210,app-prod-sub,app-prod-sub,owner_0003@company.com,a1b2c3d4-0003-0003-0003-000000000003,app-prod-sub,rg-app-dev,eastus,2025-12-04,Virtual Machines Standard_B2s - eastus,Virtual Machines,Standard_B2s Series,7190101e-d2ab-5a56-ad8e-83f7122f17e8,B2s,24.0,1 Hour,2.032685,0.084,0.084695,0.084,OnDemand,USD,Microsoft.Compute,/subscriptions/a1b2c3d4-0003-0003-0003-000000000003/resourceGroups/rg-app-dev/providers/Microsoft.Compute/virtualMachines/vm-standard-b2s-11,vm-standard-b2s-11,{},"{""ServiceType"": ""Standard"", ""VMName"": ""vm-standard-b2s-11"", ""vCPUs"": 2, ""cpuUtilPct"": 2.97, ""memoryUtilPct"": 5.14, ""diskUtilPct"": 4.79, ""idleHours"": 713, ""lastActivityAt"": ""2025-11-08T14:49:13Z""}",Compute,Usage,Azure,,
EA-9876543210,platform-prod-sub,platform-prod-sub,owner_0001@company.com,a1b2c3d4-0001-0001-0001-000000000001,platform-prod-sub,rg-platform-prod,eastus,2025-12-04,Blob Storage - LRS - Hot - eastus,Storage,Blobs - LRS - Hot,fb8faed0-f377-5fb0-92b7-78035153a7fa,Data Stored,850.5201,1 GB/Month,0.509983,0.018,0.018,0.018,OnDemand,USD,Microsoft.Storage,/subscriptions/a1b2c3d4-0001-0001-0001-000000000001/resourceGroups/rg-platform-prod/providers/Microsoft.Storage/storageAccounts/stplatformassets,stplatformassets,"{""team"": ""platform"", ""environment"": ""prod"", ""costcenter"": ""CC100"", ""application"": ""platform-core"", ""business_unit"": ""engineering"", ""owner_email"": ""platform-owner@company.com"", ""support_group"": ""platform-operations"", ""workload_criticality"": ""mission_critical"", ""sla_tier"": ""platinum""}","{""AccountType"": ""LRS"", ""cpuUtilPct"": 0.0, ""memoryUtilPct"": 0.0, ""diskUtilPct"": 34.22, ""idleHours"": 3, ""lastActivityAt"": ""2025-12-02T18:20:16Z""}",Storage,Usage,Azure,,
EA-9876543210,data-eng-prod-sub,data-eng-prod-sub,owner_0002@company.com,a1b2c3d4-0002-0002-0002-000000000002,data-eng-prod-sub,rg-data-prod,westeurope,2025-12-04,Blob Storage - ZRS - Hot - westeurope,Storage,Blobs - ZRS - Hot,9dd9b051-b91d-533a-9f70-e4838eb241bb,Data Stored,3200.0374,1 GB/Month,2.454942,0.023,0.023,0.023,OnDemand,USD,Microsoft.Storage,/subscriptions/a1b2c3d4-0002-0002-0002-000000000002/resourceGroups/rg-data-prod/providers/Microsoft.Storage/storageAccounts/stdatalake,stdatalake,{},"{""AccountType"": ""ZRS"", ""cpuUtilPct"": 0.0, ""memoryUtilPct"": 0.0, ""diskUtilPct"": 35.91, ""idleHours"": 11, ""lastActivityAt"": ""2025-12-03T09:07:41Z""}",Storage,Usage,Azure,,
EA-9876543210,app-prod-sub,app-prod-sub,owner_0003@company.com,a1b2c3d4-0003-0003-0003-000000000003,app-prod-sub,rg-app-prod,southeastasia,2025-12-04,Blob Storage - LRS - Hot - southeastasia,Storage,Blobs - LRS - Hot,3ae72a36-b458-5b93-9e16-84484844594d,Data Stored,399.6793,1 GB/Month,0.239955,0.018,0.018,0.018,OnDemand,USD,Microsoft.Storage,/subscriptions/a1b2c3d4-0003-0003-0003-000000000003/resourceGroups/rg-app-prod/providers/Microsoft.Storage/storageAccounts/stappassets,stappassets,"{""team"": ""frontend"", ""environment"": ""prod"", ""costcenter"": ""CC300"", ""application"": ""customer-web"", ""business_unit"": ""product"", ""owner_email"": ""frontend-owner@company.com"", ""support_group"": ""customer-experience-support"", ""workload_criticality"": ""high"", ""sla_tier"": ""gold""}","{""AccountType"": ""LRS"", ""cpuUtilPct"": 0.0, ""memoryUtilPct"": 0.0, ""diskUtilPct"": 51.74, ""idleHours"": 20, ""lastActivityAt"": ""2025-12-01T11:47:06Z""}",Storage,Usage,Azure,,
EA-9876543210,data-eng-prod-sub,data-eng-prod-sub,owner_0002@company.com,a1b2c3d4-0002-0002-0002-000000000002,data-eng-prod-sub,rg-ml-prod,westeurope,2025-12-04,Blob Storage - LRS - Hot - westeurope,Storage,Blobs - LRS - Hot,4ba045d2-b571-568f-be23-884194c5daba,Data Stored,1099.6852,1 GB/Month,0.659562,0.018,0.018,0.018,OnDemand,USD,Microsoft.Storage,/subscriptions/a1b2c3d4-0002-0002-0002-000000000002/resourceGroups/rg-ml-prod/providers/Microsoft.Storage/storageAccounts/stmlmodels,stmlmodels,"{""team"": ""ml"", ""environment"": ""prod"", ""costcenter"": ""CC500"", ""application"": ""ml-platform"", ""business_unit"": ""ai"", ""owner_email"": ""ml-owner@company.com"", ""support_group"": ""ml-platform-sre"", ""workload_criticality"": ""high"", ""sla_tier"": ""gold""}","{""AccountType"": ""LRS"", ""cpuUtilPct"": 0.0, ""memoryUtilPct"": 0.0, ""diskUtilPct"": 60.27, ""idleHours"": 5, ""lastActivityAt"": ""2025-12-02T07:44:57Z""}",Storage,Usage,Azure,,
EA-9876543210,platform-prod-sub,platform-prod-sub,owner_0001@company.com,a1b2c3d4-0001-0001-0001-000000000001,platform-prod-sub,rg-platform-prod,eastus,2025-12-04,Azure SQL Database Standard_S2 - eastus,SQL Database,Standard_S2,cd1e0b9a-8ff0-5779-9281-87ab698e2916,vCore Hours,24.0,1 Hour,7.492572,0.31,0.31,0.31,OnDemand,USD,Microsoft.Sql,/subscriptions/a1b2c3d4-0001-0001-0001-000000000001/resourceGroups/rg-platform-prod/providers/Microsoft.Sql/servers/databases/sqldb-standard-0001,sqldb-standard-0001,"{""team"": ""platform"", ""environment"": ""prod"", ""costcenter"": ""CC100"", ""application"": ""platform-core"", ""business_unit"": ""engineering"", ""owner_email"": ""platform-owner@company.com"", ""support_group"": ""platform-operations"", ""workload_criticality"": ""mission_critical"", ""sla_tier"": ""platinum""}","{""cpuUtilPct"": 34.0, ""memoryUtilPct"": 56.76, ""diskUtilPct"": 49.83, ""idleHours"": 16, ""lastActivityAt"": ""2025-12-01T19:42:16Z""}",Databases,Usage,Azure,,
EA-9876543210,data-eng-prod-sub,data-eng-prod-sub,owner_0002@company.com,a1b2c3d4-0002-0002-0002-000000000002,data-eng-prod-sub,rg-data-prod,westeurope,2025-12-04,Azure SQL Database Business Critical_BC_Gen5_4 - westeurope,SQL Database,Business Critical_BC_Gen5_4,4bab5ab0-7291-58c2-8564-3252f5053179,vCore Hours,24.0,1 Hour,53.085676,2.2,2.2,2.2,OnDemand,USD,Microsoft.Sql,/subscriptions/a1b2c3d4-0002-0002-0002-000000000002/resourceGroups/rg-data-prod/providers/Microsoft.Sql/servers/databases/sqldb-business critical-0002,sqldb-business critical-0002,"{""team"": ""data-eng"", ""environment"": ""prod"", ""costcenter"": ""CC200"", ""application"": ""data-platform"", ""business_unit"": ""data"", ""owner_email"": ""data-eng-owner@company.com"", ""support_group"": ""data-platform-ops"", ""workload_criticality"": ""high"", ""sla_tier"": ""gold""}","{""cpuUtilPct"": 28.36, ""memoryUtilPct"": 35.74, ""diskUtilPct"": 25.1, ""idleHours"": 46, ""lastActivityAt"": ""2025-11-30T22:49:49Z""}",Databases,Usage,Azure,,
EA-9876543210,app-prod-sub,app-prod-sub,owner_0003@company.com,a1b2c3d4-0003-0003-0003-000000000003,app-prod-sub,rg-app-prod,eastus,2025-12-04,Azure SQL Database General Purpose_GP_Gen5_2 - eastus,SQL Database,General Purpose_GP_Gen5_2,69e0198c-4ca3-5ac2-8540-db65f6d44c56,vCore Hours,24.0,1 Hour,14.28192,0.6,0.6,0.6,OnDemand,USD,Microsoft.Sql,/subscriptions/a1b2c3d4-0003-0003-0003-000000000003/resourceGroups/rg-app-prod/providers/Microsoft.Sql/servers/databases/sqldb-general purpose-0003,sqldb-general purpose-0003,"{""team"": ""backend"", ""environment"": ""prod"", ""costcenter"": ""CC400"", ""application"": ""core-api"", ""business_unit"": ""product"", ""owner_email"": ""backend-owner@company.com"", ""support_group"": ""api-operations"", ""workload_criticality"": ""high"", ""sla_tier"": ""gold""}","{""cpuUtilPct"": 28.21, ""memoryUtilPct"": 28.26, ""diskUtilPct"": 24.76, ""idleHours"": 44, ""lastActivityAt"": ""2025-12-01T01:09:01Z""}",Databases,Usage,Azure,,
EA-9876543210,shared-infra-sub,shared-infra-sub,owner_infra@company.com,a1b2c3d4-9999-9999-9999-000000000099,shared-infra-sub,rg-shared-infra,eastus,2025-12-04,Azure Monitor,Monitor,Data Ingested,aadff281-e00d-588e-bd69-a4630325bd50,Data Ingested,1000.0,1 Unit,44.663928,0.045,0.045,0.045,OnDemand,USD,Microsoft.SharedInfra,/subscriptions/a1b2c3d4-9999-9999-9999-000000000099/resourceGroups/rg-shared-infra/providers/Microsoft.SharedInfra/Monitor/monitor,monitor,{},"{""cpuUtilPct"": 0.88, ""memoryUtilPct"": 3.27, ""diskUtilPct"": 2.28, ""idleHours"": 533, ""lastActivityAt"": ""2025-10-21T10:58:05Z""}",Management,Usage,Azure,,
EA-9876543210,shared-infra-sub,shared-infra-sub,owner_infra@company.com,a1b2c3d4-9999-9999-9999-000000000099,shared-infra-sub,rg-shared-infra,eastus,2025-12-04,Virtual Network,Networking,Intra-Region,cc2ca1a8-2d13-5873-b301-4b8ed16ed2c0,Intra-Region,622.22,1 Unit,28.033275,0.045,0.045,0.045,OnDemand,USD,Microsoft.SharedInfra,/subscriptions/a1b2c3d4-9999-9999-9999-000000000099/resourceGroups/rg-shared-infra/providers/Microsoft.SharedInfra/Networking/networking,networking,{},"{""cpuUtilPct"": 1.88, ""memoryUtilPct"": 2.54, ""diskUtilPct"": 2.21, ""idleHours"": 710, ""lastActivityAt"": ""2025-11-08T08:44:59Z""}",Networking,Usage,Azure,,
EA-9876543210,shared-infra-sub,shared-infra-sub,owner_infra@company.com,a1b2c3d4-9999-9999-9999-000000000099,shared-infra-sub,rg-shared-infra,eastus,2025-12-04,API Management,API Management,Gateway Units,78998862-331b-5215-a4b4-8d4500189f89,Gateway Units,2666.67,1 Unit,120.010699,0.045,0.045,0.045,OnDemand,USD,Microsoft.SharedInfra,/subscriptions/a1b2c3d4-9999-9999-9999-000000000099/resourceGroups/rg-shared-infra/providers/Microsoft.SharedInfra/API Management/api-management,api-management,{},"{""cpuUtilPct"": 2.28, ""memoryUtilPct"": 7.77, ""diskUtilPct"": 1.57, ""idleHours"": 576, ""lastActivityAt"": ""2025-11-17T04:42:41Z""}",Integration,Usage,Azure,,
EA-9876543210,shared-infra-sub,shared-infra-sub,owner_infra@company.com,a1b2c3d4-9999-9999-9999-000000000099,shared-infra-sub,rg-shared-infra,eastus,2025-12-04,Azure Key Vault,Key Vault,Operations,3cb0172e-6732-5350-b439-97753364a78c,Operations,177.78,1 Unit,7.959913,0.045,0.045,0.045,OnDemand,USD,Microsoft.SharedInfra,/subscriptions/a1b2c3d4-9999-9999-9999-000000000099/resourceGroups/rg-shared-infra/providers/Microsoft.SharedInfra/Key Vault/key-vault,key-vault,{},"{""cpuUtilPct"": 3.29, ""memoryUtilPct"": 3.76, ""diskUtilPct"": 5.41, ""idleHours"": 603, ""lastActivityAt"": ""2025-11-09T12:53:20Z""}",Security,Usage,Azure,,
EA-9876543210,shared-infra-sub,shared-infra-sub,owner_infra@company.com,a1b2c3d4-9999-9999-9999-000000000099,shared-infra-sub,rg-shared-infra,eastus,2025-12-04,Azure Blob Storage,Storage,Data Stored,2e8ee991-b3b7-5136-98e5-4772405cdb0c,Data Stored,400.0,1 Unit,18.081186,0.045,0.045,0.045,OnDemand,USD,Microsoft.SharedInfra,/subscriptions/a1b2c3d4-9999-9999-9999-000000000099/resourceGroups/rg-shared-infra/providers/Microsoft.SharedInfra/Storage/storage,storage,{},"{""cpuUtilPct"": 2.54, ""memoryUtilPct"": 4.27, ""diskUtilPct"": 6.2, ""idleHours"": 314, ""lastActivityAt"": ""2025-11-01T13:24:30Z""}",Storage,Usage,Azure,,
EA-9876543210,platform-prod-sub,platform-prod-sub,owner_0001@company.com,a1b2c3d4-0001-0001-0001-000000000001,platform-prod-sub,rg-platform-prod,eastus,2025-12-05,Virtual Machines Standard_D2s_v3 - eastus,Virtual Machines,Standard_D2s_v3 Series,bbc4f1e6-b32a-5f02-86f0-702bf6097b8b,D2s v3,24.0,1 Hour,4.055144,0.168,0.168964,0.168,OnDemand,USD,Microsoft.Compute,/subscriptions/a1b2c3d4-0001-0001-0001-000000000001/resourceGroups/rg-platform-prod/providers/Microsoft.Compute/virtualMachines/vm-standard-d2s-v3-00,vm-standard-d2s-v3-00,{},"{""ServiceType"": ""Standard"", ""VMName"": ""vm-standard-d2s-v3-00"", ""vCPUs"": 2, ""cpuUtilPct"": 53.99, ""memoryUtilPct"": 50.2, ""diskUtilPct"": 25.01, ""idleHours"": 6, ""lastActivityAt"": ""2025-12-04T18:06:41Z""}",Compute,Usage,Azure,,
EA-9876543210,platform-prod-sub,platform-prod-sub,owner_0001@company.com,a1b2c3d4-0001-0001-0001-000000000001,platform-prod-sub,rg-platform-prod,eastus,2025-12-05,Virtual Machines Standard_D2s_v3 - eastus,Virtual Machines,Standard_D2s_v3 Series,bbc4f1e6-b32a-5f02-86f0-702bf6097b8b,D2s v3,24.0,1 Hour,4.023846,0.168,0.16766,0.168,OnDemand,USD,Microsoft.Compute,/subscriptions/a1b2c3d4-0001-0001-0001-000000000001/resourceGroups/rg-platform-prod/providers/Microsoft.Compute/virtualMachines/vm-standard-d2s-v3-01,vm-standard-d2s-v3-01,{},"{""ServiceType"": ""Standard"", ""VMName"": ""vm-standard-d2s-v3-01"", ""vCPUs"": 2, ""cpuUtilPct"": 32.93, ""memoryUtilPct"": 65.04, ""diskUtilPct"": 32.79, ""idleHours"": 27, ""lastActivityAt"": ""2025-12-04T01:06:31Z""}",Compute,Usage,Azure,,
EA-9876543210,app-prod-sub,app-prod-sub,owner_0003@company.com,a1b2c3d4-0003-0003-0003-000000000003,app-prod-sub,rg-app-prod,eastus,2025-12-05,Virtual Machines Standard_D4s_v3 - eastus,Virtual Machines,Standard_D4s_v3 Series,6c8e1236-a3aa-53d7-8e09-dadb98f69027,D4s v3,24.0,1 Hour,8.031471,0.336,0.334645,0.336,OnDemand,USD,Microsoft.Compute,/subscriptions/a1b2c3d4-0003-0003-0003-000000000003/resourceGroups/rg-app-prod/providers/Microsoft.Compute/virtualMachines/vm-standard-d4s-v3-02,vm-standard-d4s-v3-02,"{""team"": ""backend"", ""environment"": ""prod"", ""costcenter"": ""CC400"", ""application"": ""core-api"", ""business_unit"": ""product"", ""owner_email"": ""backend-owner@company.com"", ""support_group"": ""api-operations"", ""workload_criticality"": ""high"", ""sla_tier"": ""gold""}","{""ServiceType"": ""Standard"", ""VMName"": ""vm-standard-d4s-v3-02"", ""vCPUs"": 4, ""cpuUtilPct"": 33.03, ""memoryUtilPct"": 41.55, ""diskUtilPct"": 30.51, ""idleHours"": 38, ""lastActivityAt"": ""2025-12-02T02:23:53Z""}",Compute,Usage,Azure,,
EA-9876543210,data-eng-prod-sub,data-eng-prod-sub,owner_0002@company.com,a1b2c3d4-0002-0002-0002-000000000002,data-eng-prod-sub,rg-data-prod,westeurope,2025-12-05,Virtual Machines Standard_E4s_v3 - westeurope,Virtual Machines,Standard_E4s_v3 Series,7373fa15-5d45-5d30-a83f-72064e156f94,E4s v3,24.0,1 Hour,5.247868,0.364,0.218661,0.364,Reservation,USD,Microsoft.Compute,/subscriptions/a1b2c3d4-0002-0002-0002-000000000002/resourceGroups/rg-data-prod/providers/Microsoft.Compute/virtualMachines/vm-standard-e4s-v3-03,vm-standard-e4s-v3-03,"{""team"": ""data-eng"", ""environment"": ""prod"", ""costcenter"": ""CC200"", ""application"": ""data-platform"", ""business_unit"": ""data"", ""owner_email"": ""data-eng-owner@company.com"", ""support_group"": ""data-platform-ops"", ""workload_criticality"": ""high"", ""sla_tier"": ""gold""}","{""ServiceType"": ""Standard"", ""VMName"": ""vm-standard-e4s-v3-03"", ""vCPUs"": 4, ""cpuUtilPct"": 36.07, ""memoryUtilPct"": 37.42, ""diskUtilPct"": 35.74, ""idleHours"": 18, ""lastActivityAt"": ""2025-12-01T23:21:14Z""}",Compute,Usage,Azure,/providers/Microsoft.BillingBenefits/savingsPlanOrders/e33a7632-7b0b-40d8-8a65-04635c586c05,Reserved VM Instance_westeurope_1Year
EA-9876543210,data-eng-prod-sub,data-eng-prod-sub,owner_0002@company.com,a1b2c3d4-0002-0002-0002-000000000002,data-eng-prod-sub,rg-data-prod,westeurope,2025-12-05,Virtual Machines Standard_E8s_v3 - westeurope,Virtual Machines,Standard_E8s_v3 Series,2b9593f7-8692-56d9-b10a-a624f400da47,E8s v3,24.0,1 Hour,11.862078,0.728,0.494253,0.728,Reservation,USD,Microsoft.Compute,/subscriptions/a1b2c3d4-0002-0002-0002-000000000002/resourceGroups/rg-data-prod/providers/Microsoft.Compute/virtualMachines/vm-standard-e8s-v3-04,vm-standard-e8s-v3-04,{},"{""ServiceType"": ""Standard"", ""VMName"": ""vm-standard-e8s-v3-04"", ""vCPUs"": 8, ""cpuUtilPct"": 29.92, ""memoryUtilPct"": 30.84, ""diskUtilPct"": 23.69, ""idleHours"": 55, ""lastActivityAt"": ""2025-12-02T10:26:15Z""}",Compute,Usage,Azure,/providers/Microsoft.BillingBenefits/savingsPlanOrders/5792ed55-a51c-4161-8cbc-3fa50bdfe3a5,Reserved VM Instance_westeurope_1Year
EA-9876543210,data-eng-prod-sub,data-eng-prod-sub,owner_0002@company.com,a1b2c3d4-0002-0002-0002-000000000002,data-eng-prod-sub,rg-ml-prod,westeurope,2025-12-05,Virtual Machines Standard_F4s_v2 - westeurope,Virtual Machines,Standard_F4s_v2 Series,303bf71a-6d52-56d9-8e75-95552aa01c86,F4s v2,24.0,1 Hour,6.046305,0.252,0.251929,0.252,OnDemand,USD,Microsoft.Compute,/subscriptions/a1b2c3d4-0002-0002-0002-000000000002/resourceGroups/rg-ml-prod/providers/Microsoft.Compute/virtualMachines/vm-standard-f4s-v2-05,vm-standard-f4s-v2-05,"{""team"": ""ml"", ""environment"": ""prod"", ""costcenter"": ""CC500"", ""application"": ""ml-platform"", ""business_unit"": ""ai"", ""owner_email"": ""ml-owner@company.com"", ""support_group"": ""ml-platform-sre"", ""workload_criticality"": ""high"", ""sla_tier"": ""gold""}","{""ServiceType"": ""Standard"", ""VMName"": ""vm-standard-f4s-v2-05"", ""vCPUs"": 4, ""cpuUtilPct"": 37.38, ""memoryUtilPct"": 35.46, ""diskUtilPct"": 22.06, ""idleHours"": 50, ""lastActivityAt"": ""2025-12-01T09:37:36Z""}",Compute,Usage,Azure,,
EA-9876543210,data-eng-prod-sub,data-eng-prod-sub,owner_0002@company.com,a1b2c3d4-0002-0002-0002-000000000002,data-eng-prod-sub,rg-ml-prod,westeurope,2025-12-05,Virtual Machines Standard_D8s_v3 - westeurope,Virtual Machines,Standard_D8s_v3 Series,348575ff-7ae0-57e5-896e-037d67179117,D8s v3,24.0,1 Hour,10.792265,0.672,0.449678,0.672,Reservation,USD,Microsoft.Compute,/subscriptions/a1b2c3d4-0002-0002-0002-000000000002/resourceGroups/rg-ml-prod/providers/Microsoft.Compute/virtualMachines/vm-standard-d8s-v3-06,vm-standard-d8s-v3-06,"{""team"": ""ml"", ""environment"": ""prod"", ""costcenter"": ""CC500"", ""application"": ""ml-platform"", ""business_unit"": ""ai"", ""owner_email"": ""ml-owner@company.com"", ""support_group"": ""ml-platform-sre"", ""workload_criticality"": ""high"", ""sla_tier"": ""gold""}","{""ServiceType"": ""Standard"", ""VMName"": ""vm-standard-d8s-v3-06"", ""vCPUs"": 8, ""cpuUtilPct"": 29.14, ""memoryUtilPct"": 32.64, ""diskUtilPct"": 23.24, ""idleHours"": 20, ""lastActivityAt"": ""2025-12-01T03:01:03Z""}",Compute,Usage,Azure,/providers/Microsoft.BillingBenefits/savingsPlanOrders/30ce4327-eb05-46cf-899f-7d242229176f,Reserved VM Instance_westeurope_1Year
EA-9876543210,data-eng-prod-sub,data-eng-prod-sub,owner_0002@company.com,a1b2c3d4-0002-0002-0002-000000000002,data-eng-prod-sub,rg-ml-prod,westeurope,2025-12-05,Unused Reservation - vm-standard-d8s-v3-06,Virtual Machines,Unused Capacity,e184b140-c90e-5946-8963-efb1f5f74e5f,Unused,0.0,1 Hour,0.702327,0.0,0.0,0.672,Reservation,USD,Microsoft.Compute,,vm-standard-d8s-v3-06,"{""team"": ""ml"", ""environment"": ""prod"", ""costcenter"": ""CC500"", ""application"": ""ml-platform"", ""business_unit"": ""ai"", ""owner_email"": ""ml-owner@company.com"", ""support_group"": ""ml-platform-sre"", ""workload_criticality"": ""high"", ""sla_tier"": ""gold""}","{""cpuUtilPct"": 29.14, ""memoryUtilPct"": 32.64, ""diskUtilPct"": 23.24, ""idleHours"": 20, ""lastActivityAt"": ""2025-12-01T03:01:03Z""}",Compute,UnusedReservation,Azure,/providers/Microsoft.BillingBenefits/savingsPlanOrders/3c12e1db-1467-4765-a7b1-5903fcca095c,Reserved VM Instance_westeurope_1Year
EA-9876543210,app-prod-sub,app-prod-sub,owner_0003@company.com,a1b2c3d4-0003-0003-0003-000000000003,app-prod-sub,rg-app-prod,southeastasia,2025-12-05,Virtual Machines Standard_B2s - southeastasia,Virtual Machines,Standard_B2s Series,78a50003-6630-5ba4-aad2-c10f0de71d3b,B2s,24.0,1 Hour,2.019971,0.084,0.084165,0.084,OnDemand,USD,Microsoft.Compute,/subscriptions/a1b2c3d4-0003-0003-0003-000000000003/resourceGroups/rg-app-prod/providers/Microsoft.Compute/virtualMachines/vm-standard-b2s-07,vm-standard-b2s-07,"{""team"": ""frontend"", ""environment"": ""prod"", ""costcenter"": ""CC300"", ""application"": ""customer-web"", ""business_unit"": ""product"", ""owner_email"": ""frontend-owner@company.com"", ""support_group"": ""customer-experience-support"", ""workload_criticality"": ""high"", ""sla_tier"": ""gold""}","{""ServiceType"": ""Standard"", ""VMName"": ""vm-standard-b2s-07"", ""vCPUs"": 2, ""cpuUtilPct"": 36.55, ""memoryUtilPct"": 48.92, ""diskUtilPct"": 27.65, ""idleHours"": 48, ""lastActivityAt"": ""2025-12-02T10:54:12Z""}",Compute,Usage,Azure,,
EA-9876543210,app-prod-sub,app-prod-sub,owner_0003@company.com,a1b2c3d4-0003-0003-0003-000000000003,app-prod-sub,rg-app-staging,southeastasia,2025-12-05,Virtual Machines Standard_B2s - southeastasia,Virtual Machines,Standard_B2s Series,78a50003-6630-5ba4-aad2-c10f0de71d3b,B2s,24.0,1 Hour,1.611103,0.084,0.067129,0.084,SavingsPlan,USD,Microsoft.Compute,/subscriptions/a1b2c3d4-0003-0003-0003-000000000003/resourceGroups/rg-app-staging/providers/Microsoft.Compute/virtualMachines/vm-standard-b2s-08,vm-standard-b2s-08,"{""team"": ""frontend"", ""environment"": ""staging"", ""costcenter"": ""CC300"", ""application"": ""customer-web"", ""business_unit"": ""product"", ""owner_email"": ""frontend-owner@company.com"", ""support_group"": ""customer-experience-support"", ""workload_criticality"": ""medium"", ""sla_tier"": ""silver""}","{""ServiceType"": ""Standard"", ""VMName"": ""vm-standard-b2s-08"", ""vCPUs"": 2, ""cpuUtilPct"": 17.09, ""memoryUtilPct"": 13.98, ""diskUtilPct"": 21.72, ""idleHours"": 177, ""lastActivityAt"": ""2025-11-30T17:04:14Z""}",Compute,Usage,Azure,/providers/Microsoft.BillingBenefits/savingsPlanOrders/4c554286-caea-465e-82c1-d5e8d03806f0,Compute savings plan_1Year
EA-9876543210,app-prod-sub,app-prod-sub,owner_0003@company.com,a1b2c3d4-0003-0003-0003-000000000003,app-prod-sub,rg-app-staging,eastus,2025-12-05,Virtual Machines Standard_D2s_v3 - eastus,Virtual Machines,Standard_D2s_v3 Series,bbc4f1e6-b32a-5f02-86f0-702bf6097b8b,D2s v3,24.0,1 Hour,4.069693,0.168,0.169571,0.168,OnDemand,USD,Microsoft.Compute,/subscriptions/a1b2c3d4-0003-0003-0003-000000000003/resourceGroups/rg-app-staging/providers/Microsoft.Compute/virtualMachines/vm-standard-d2s-v3-09,vm-standard-d2s-v3-09,"{""team"": ""backend"", ""environment"": ""staging"", ""costcenter"": ""CC400"", ""application"": ""core-api"", ""business_unit"": ""product"", ""owner_email"": ""backend-owner@company.com"", ""support_group"": ""api-operations"", ""workload_criticality"": ""medium"", ""sla_tier"": ""silver""}","{""ServiceType"": ""Standard"", ""VMName"": ""vm-standard-d2s-v3-09"", ""vCPUs"": 2, ""cpuUtilPct"": 14.38, ""memoryUtilPct"": 27.94, ""diskUtilPct"": 16.04, ""idleHours"": 192, ""lastActivityAt"": ""2025-11-26T17:15:02Z""}",Compute,Usage,Azure,,
EA-9876543210,platform-prod-sub,platform-prod-sub,owner_0001@company.com,a1b2c3d4-0001-0001-0001-000000000001,platform-prod-sub,rg-platform-dev,eastus,2025-12-05,Virtual Machines Standard_B2s - eastus,Virtual Machines,Standard_B2s Series,7190101e-d2ab-5a56-ad8e-83f7122f17e8,B2s,24.0,1 Hour,2.00614,0.084,0.083589,0.084,OnDemand,USD,Microsoft.Compute,/subscriptions/a1b2c3d4-0001-0001-0001-000000000001/resourceGroups/rg-platform-dev/providers/Microsoft.Compute/virtualMachines/vm-standard-b2s-10,vm-standard-b2s-10,{},"{""ServiceType"": ""Standard"", ""VMName"": ""vm-standard-b2s-10"", ""vCPUs"": 2, ""cpuUtilPct"": 3.21, ""memoryUtilPct"": 3.03, ""diskUtilPct"": 1.26, ""idleHours"": 606, ""lastActivityAt"": ""2025-10-26T23:14:48Z""}",Compute,Usage,Azure,,
EA-9876543210,app-prod-sub,app-prod-sub,owner_0003@company.com,a1b2c3d4-0003-0003-0003-000000000003,app-prod-sub,rg-app-dev,eastus,2025-12-05,Virtual Machines Standard_B2s - eastus,Virtual Machines,Standard_B2s Series,7190101e-d2ab-5a56-ad8e-83f7122f17e8,B2s,24.0,1 Hour,2.006501,0.084,0.083604,0.084,OnDemand,USD,Microsoft.Compute,/subscriptions/a1b2c3d4-0003-0003-0003-000000000003/resourceGroups/rg-app-dev/providers/Microsoft.Compute/virtualMachines/vm-standard-b2s-11,vm-standard-b2s-11,{},"{""ServiceType"": ""Standard"", ""VMName"": ""vm-standard-b2s-11"", ""vCPUs"": 2, ""cpuUtilPct"": 2.54, ""memoryUtilPct"": 5.75, ""diskUtilPct"": 6.27, ""idleHours"": 369, ""lastActivityAt"": ""2025-10-29T12:32:58Z""}",Compute,Usage,Azure,,
EA-9876543210,platform-prod-sub,platform-prod-sub,owner_0001@company.com,a1b2c3d4-0001-0001-0001-000000000001,platform-prod-sub,rg-platform-prod,eastus,2025-12-05,Blob Storage - LRS - Hot - eastus,Storage,Blobs - LRS - Hot,fb8faed0-f377-5fb0-92b7-78035153a7fa,Data Stored,849.9718,1 GB/Month,0.510613,0.018,0.018,0.018,OnDemand,USD,Microsoft.Storage,/subscriptions/a1b2c3d4-0001-0001-0001-000000000001/resourceGroups/rg-platform-prod/providers/Microsoft.Storage/storageAccounts/stplatformassets,stplatformassets,"{""team"": ""platform"", ""environment"": ""prod"", ""costcenter"": ""CC100"", ""application"": ""platform-core"", ""business_unit"": ""engineering"", ""owner_email"": ""platform-owner@company.com"", ""support_group"": ""platform-operations"", ""workload_criticality"": ""mission_critical"", ""sla_tier"": ""platinum""}","{""AccountType"": ""LRS"", ""cpuUtilPct"": 0.0, ""memoryUtilPct"": 0.0, ""diskUtilPct"": 44.1, ""idleHours"": 23, ""lastActivityAt"": ""2025-12-03T02:57:25Z""}",Storage,Usage,Azure,,
EA-9876543210,data-eng-prod-sub,data-eng-prod-sub,owner_0002@company.com,a1b2c3d4-0002-0002-0002-000000000002,data-eng-prod-sub,rg-data-prod,westeurope,2025-12-05,Blob Storage - ZRS - Hot - westeurope,Storage,Blobs - ZRS - Hot,9dd9b051-b91d-533a-9f70-e4838eb241bb,Data Stored,3198.5415,1 GB/Month,2.45233,0.023,0.023,0.023,OnDemand,USD,Microsoft.Storage,/subscriptions/a1b2c3d4-0002-0002-0002-000000000002/resourceGroups/rg-data-prod/providers/Microsoft.Storage/storageAccounts/stdatalake,stdatalake,"{""team"": ""data-eng"", ""environment"": ""prod"", ""costcenter"": ""CC200"", ""application"": ""data-platform"", ""business_unit"": ""data"", ""owner_email"": ""data-eng-owner@company.com"", ""support_group"": ""data-platform-ops"", ""workload_criticality"": ""high"", ""sla_tier"": ""gold""}","{""AccountType"": ""ZRS"", ""cpuUtilPct"": 0.0, ""memoryUtilPct"": 0.0, ""diskUtilPct"": 52.5, ""idleHours"": 5, ""lastActivityAt"": ""2025-12-03T12:19:53Z""}",Storage,Usage,Azure,,
EA-9876543210,app-prod-sub,app-prod-sub,owner_0003@company.com,a1b2c3d4-0003-0003-0003-000000000003,app-prod-sub,rg-app-prod,southeastasia,2025-12-05,Blob Storage - LRS - Hot - southeastasia,Storage,Blobs - LRS - Hot,3ae72a36-b458-5b93-9e16-84484844594d,Data Stored,399.7068,1 GB/Month,0.239373,0.018,0.018,0.018,OnDemand,USD,Microsoft.Storage,/subscriptions/a1b2c3d4-0003-0003-0003-000000000003/resourceGroups/rg-app-prod/providers/Microsoft.Storage/storageAccounts/stappassets,stappassets,{},"{""AccountType"": ""LRS"", ""cpuUtilPct"": 0.0, ""memoryUtilPct"": 0.0, ""diskUtilPct"": 59.03, ""idleHours"": 0, ""lastActivityAt"": ""2025-12-03T12:55:15Z""}",Storage,Usage,Azure,,
EA-9876543210,data-eng-prod-sub,data-eng-prod-sub,owner_0002@company.com,a1b2c3d4-0002-0002-0002-000000000002,data-eng-prod-sub,rg-ml-prod,westeurope,2025-12-05,Blob Storage - LRS - Hot - westeurope,Storage,Blobs - LRS - Hot,4ba045d2-b571-568f-be23-884194c5daba,Data Stored,1100.237,1 GB/Month,0.65829,0.018,0.018,0.018,OnDemand,USD,Microsoft.Storage,/subscriptions/a1b2c3d4-0002-0002-0002-000000000002/resourceGroups/rg-ml-prod/providers/Microsoft.Storage/storageAccounts/stmlmodels,stmlmodels,"{""team"": ""ml"", ""environment"": ""prod"", ""costcenter"": ""CC500"", ""application"": ""ml-platform"", ""business_unit"": ""ai"", ""owner_email"": ""ml-owner@company.com"", ""support_group"": ""ml-platform-sre"", ""workload_criticality"": ""high"", ""sla_tier"": ""gold""}","{""AccountType"": ""LRS"", ""cpuUtilPct"": 0.0, ""memoryUtilPct"": 0.0, ""diskUtilPct"": 59.72, ""idleHours"": 5, ""lastActivityAt"": ""2025-12-03T14:48:05Z""}",Storage,Usage,Azure,,
EA-9876543210,platform-prod-sub,platform-prod-sub,owner_0001@company.com,a1b2c3d4-0001-0001-0001-000000000001,platform-prod-sub,rg-platform-prod,eastus,2025-12-05,Azure SQL Database Standard_S2 - eastus,SQL Database,Standard_S2,cd1e0b9a-8ff0-5779-9281-87ab698e2916,vCore Hours,24.0,1 Hour,7.44343,0.31,0.31,0.31,OnDemand,USD,Microsoft.Sql,/subscriptions/a1b2c3d4-0001-0001-0001-000000000001/resourceGroups/rg-platform-prod/providers/Microsoft.Sql/servers/databases/sqldb-standard-0001,sqldb-standard-0001,"{""team"": ""platform"", ""environment"": ""prod"", ""costcenter"": ""CC100"", ""application"": ""platform-core"", ""business_unit"": ""engineering"", ""owner_email"": ""platform-owner@company.com"", ""support_group"": ""platform-operations"", ""workload_criticality"": ""mission_critical"", ""sla_tier"": ""platinum""}","{""cpuUtilPct"": 47.56, ""memoryUtilPct"": 44.36, ""diskUtilPct"": 28.21, ""idleHours"": 0, ""lastActivityAt"": ""2025-12-04T01:25:36Z""}",Databases,Usage,Azure,,
EA-9876543210,data-eng-prod-sub,data-eng-prod-sub,owner_0002@company.com,a1b2c3d4-0002-0002-0002-000000000002,data-eng-prod-sub,rg-data-prod,westeurope,2025-12-05,Azure SQL Database Business Critical_BC_Gen5_4 - westeurope,SQL Database,Business Critical_BC_Gen5_4,4bab5ab0-7291-58c2-8564-3252f5053179,vCore Hours,24.0,1 Hour,52.3498,2.2,2.2,2.2,OnDemand,USD,Microsoft.Sql,/subscriptions/a1b2c3d4-0002-0002-0002-000000000002/resourceGroups/rg-data-prod/providers/Microsoft.Sql/servers/databases/sqldb-business critical-0002,sqldb-business critical-0002,{},"{""cpuUtilPct"": 36.77, ""memoryUtilPct"": 32.43, ""diskUtilPct"": 31.62, ""idleHours"": 68, ""lastActivityAt"": ""2025-11-30T12:50:12Z""}",Databases,Usage,Azure,,
EA-9876543210,app-prod-sub,app-prod-sub,owner_0003@company.com,a1b2c3d4-0003-0003-0003-000000000003,app-prod-sub,rg-app-prod,eastus,2025-12-05,Azure SQL Database General Purpose_GP_Gen5_2 - eastus,SQL Database,General Purpose_GP_Gen5_2,69e0198c-4ca3-5ac2-8540-db65f6d44c56,vCore Hours,24.0,1 Hour,14.333096,0.6,0.6,0.6,OnDemand,USD,Microsoft.Sql,/subscriptions/a1b2c3d4-0003-0003-0003-000000000003/resourceGroups/rg-app-prod/providers/Microsoft.Sql/servers/databases/sqldb-general purpose-0003,sqldb-general purpose-0003,"{""team"": ""backend"", ""environment"": ""prod"", ""costcenter"": ""CC400"", ""application"": ""core-api"", ""business_unit"": ""product"", ""owner_email"": ""backend-owner@company.com"", ""support_group"": ""api-operations"", ""workload_criticality"": ""high"", ""sla_tier"": ""gold""}","{""cpuUtilPct"": 26.52, ""memoryUtilPct"": 39.88, ""diskUtilPct"": 36.41, ""idleHours"": 71, ""lastActivityAt"": ""2025-12-02T02:44:20Z""}",Databases,Usage,Azure,,
EA-9876543210,shared-infra-sub,shared-infra-sub,owner_infra@company.com,a1b2c3d4-9999-9999-9999-000000000099,shared-infra-sub,rg-shared-infra,eastus,2025-12-05,Azure Monitor,Monitor,Data Ingested,aadff281-e00d-588e-bd69-a4630325bd50,Data Ingested,1000.0,1 Unit,45.248516,0.045,0.045,0.045,OnDemand,USD,Microsoft.SharedInfra,/subscriptions/a1b2c3d4-9999-9999-9999-000000000099/resourceGroups/rg-shared-infra/providers/Microsoft.SharedInfra/Monitor/monitor,monitor,{},"{""cpuUtilPct"": 3.3, ""memoryUtilPct"": 8.39, ""diskUtilPct"": 1.31, ""idleHours"": 710, ""lastActivityAt"": ""2025-11-18T17:21:01Z""}",Management,Usage,Azure,,
EA-9876543210,shared-infra-sub,shared-infra-sub,owner_infra@company.com,a1b2c3d4-9999-9999-9999-000000000099,shared-infra-sub,rg-shared-infra,eastus,2025-12-05,Virtual Network,Networking,Intra-Region,cc2ca1a8-2d13-5873-b301-4b8ed16ed2c0,Intra-Region,622.22,1 Unit,28.099258,0.045,0.045,0.045,OnDemand,USD,Microsoft.SharedInfra,/subscriptions/a1b2c3d4-9999-9999-9999-000000000099/resourceGroups/rg-shared-infra/providers/Microsoft.SharedInfra/Networking/networking,networking,{},"{""cpuUtilPct"": 0.9, ""memoryUtilPct"": 8.07, ""diskUtilPct"": 6.54, ""idleHours"": 285, ""lastActivityAt"": ""2025-11-16T15:30:21Z""}",Networking,Usage,Azure,,
EA-9876543210,shared-infra-sub,shared-infra-sub,owner_infra@company.com,a1b2c3d4-9999-9999-9999-000000000099,shared-infra-sub,rg-shared-infra,eastus,2025-12-05,API Management,API Management,Gateway Units,78998862-331b-5215-a4b4-8d4500189f89,Gateway Units,2666.67,1 Unit,120.806533,0.045,0.045,0.045,OnDemand,USD,Microsoft.SharedInfra,/subscriptions/a1b2c3d4-9999-9999-9999-000000000099/resourceGroups/rg-shared-infra/providers/Microsoft.SharedInfra/API Management/api-management,api-management,{},"{""cpuUtilPct"": 1.1, ""memoryUtilPct"": 4.88, ""diskUtilPct"": 1.37, ""idleHours"": 475, ""lastActivityAt"": ""2025-11-01T07:08:22Z""}",Integration,Usage,Azure,,
EA-9876543210,shared-infra-sub,shared-infra-sub,owner_infra@company.com,a1b2c3d4-9999-9999-9999-000000000099,shared-infra-sub,rg-shared-infra,eastus,2025-12-05,Azure Key Vault,Key Vault,Operations,3cb0172e-6732-5350-b439-97753364a78c,Operations,177.78,1 Unit,8.027781,0.045,0.045,0.045,OnDemand,USD,Microsoft.SharedInfra,/subscriptions/a1b2c3d4-9999-9999-9999-000000000099/resourceGroups/rg-shared-infra/providers/Microsoft.SharedInfra/Key Vault/key-vault,key-vault,{},"{""cpuUtilPct"": 3.92, ""memoryUtilPct"": 9.47, ""diskUtilPct"": 5.3, ""idleHours"": 707, ""lastActivityAt"": ""2025-11-06T07:54:32Z""}",Security,Usage,Azure,,
EA-9876543210,shared-infra-sub,shared-infra-sub,owner_infra@company.com,a1b2c3d4-9999-9999-9999-000000000099,shared-infra-sub,rg-shared-infra,eastus,2025-12-05,Azure Blob Storage,Storage,Data Stored,2e8ee991-b3b7-5136-98e5-4772405cdb0c,Data Stored,400.0,1 Unit,17.930126,0.045,0.045,0.045,OnDemand,USD,Microsoft.SharedInfra,/subscriptions/a1b2c3d4-9999-9999-9999-000000000099/resourceGroups/rg-shared-infra/providers/Microsoft.SharedInfra/Storage/storage,storage,{},"{""cpuUtilPct"": 2.18, ""memoryUtilPct"": 2.38, ""diskUtilPct"": 3.41, ""idleHours"": 514, ""lastActivityAt"": ""2025-10-27T12:18:57Z""}",Storage,Usage,Azure,,
EA-9876543210,platform-prod-sub,platform-prod-sub,owner_0001@company.com,a1b2c3d4-0001-0001-0001-000000000001,platform-prod-sub,rg-platform-prod,eastus,2025-12-06,Virtual Machines Standard_D2s_v3 - eastus,Virtual Machines,Standard_D2s_v3 Series,bbc4f1e6-b32a-5f02-86f0-702bf6097b8b,D2s v3,24.0,1 Hour,4.05168,0.168,0.16882,0.168,OnDemand,USD,Microsoft.Compute,/subscriptions/a1b2c3d4-0001-0001-0001-000000000001/resourceGroups/rg-platform-prod/providers/Microsoft.Compute/virtualMachines/vm-standard-d2s-v3-00,vm-standard-d2s-v3-00,"{""team"": ""platform"", ""environment"": ""prod"", ""costcenter"": ""CC100"", ""application"": ""platform-core"", ""business_unit"": ""engineering"", ""owner_email"": ""platform-owner@company.com"", ""support_group"": ""platform-operations"", ""workload_criticality"": ""mission_critical"", ""sla_tier"": ""platinum""}","{""ServiceType"": ""Standard"", ""VMName"": ""vm-standard-d2s-v3-00"", ""vCPUs"": 2, ""cpuUtilPct"": 52.28, ""memoryUtilPct"": 38.11, ""diskUtilPct"": 41.66, ""idleHours"": 15, ""lastActivityAt"": ""2025-12-05T04:27:33Z""}",Compute,Usage,Azure,,
EA-9876543210,platform-prod-sub,platform-prod-sub,owner_0001@company.com,a1b2c3d4-0001-0001-0001-000000000001,platform-prod-sub,rg-platform-prod,eastus,2025-12-06,Virtual Machines Standard_D2s_v3 - eastus,Virtual Machines,Standard_D2s_v3 Series,bbc4f1e6-b32a-5f02-86f0-702bf6097b8b,D2s v3,24.0,1 Hour,3.997724,0.168,0.166572,0.168,OnDemand,USD,Microsoft.Compute,/subscriptions/a1b2c3d4-0001-0001-0001-000000000001/resourceGroups/rg-platform-prod/providers/Microsoft.Compute/virtualMachines/vm-standard-d2s-v3-01,vm-standard-d2s-v3-01,"{""team"": ""platform"", ""environment"": ""prod"", ""costcenter"": ""CC100"", ""application"": ""platform-core"", ""business_unit"": ""engineering"", ""owner_email"": ""platform-owner@company.com"", ""support_group"": ""platform-operations"", ""workload_criticality"": ""mission_critical"", ""sla_tier"": ""platinum""}","{""ServiceType"": ""Standard"", ""VMName"": ""vm-standard-d2s-v3-01"", ""vCPUs"": 2, ""cpuUtilPct"": 55.71, ""memoryUtilPct"": 62.28, ""diskUtilPct"": 40.93, ""idleHours"": 5, ""lastActivityAt"": ""2025-12-04T23:45:06Z""}",Compute,Usage,Azure,,
EA-9876543210,app-prod-sub,app-prod-sub,owner_0003@company.com,a1b2c3d4-0003-0003-0003-000000000003,app-prod-sub,rg-app-prod,eastus,2025-12-06,Virtual Machines Standard_D4s_v3 - eastus,Virtual Machines,Standard_D4s_v3 Series,6c8e1236-a3aa-53d7-8e09-dadb98f69027,D4s v3,24.0,1 Hour,8.038388,0.336,0.334933,0.336,OnDemand,USD,Microsoft.Compute,/subscriptions/a1b2c3d4-0003-0003-0003-000000000003/resourceGroups/rg-app-prod/providers/Microsoft.Compute/virtualMachines/vm-standard-d4s-v3-02,vm-standard-d4s-v3-02,"{""team"": ""backend"", ""environment"": ""prod"", ""costcenter"": ""CC400"", ""application"": ""core-api"", ""business_unit"": ""product"", ""owner_email"": ""backend-owner@company.com"", ""support_group"": ""api-operations"", ""workload_criticality"": ""high"", ""sla_tier"": ""gold""}","{""ServiceType"": ""Standard"", ""VMName"": ""vm-standard-d4s-v3-02"", ""vCPUs"": 4, ""cpuUtilPct"": 25.09, ""memoryUtilPct"": 31.43, ""diskUtilPct"": 18.04, ""idleHours"": 40, ""lastActivityAt"": ""2025-12-04T17:59:31Z""}",Compute,Usage,Azure,,
EA-9876543210,data-eng-prod-sub,data-eng-prod-sub,owner_0002@company.com,a1b2c3d4-0002-0002-0002-000000000002,data-eng-prod-sub,rg-data-prod,westeurope,2025-12-06,Virtual Machines Standard_E4s_v3 - westeurope,Virtual Machines,Standard_E4s_v3 Series,7373fa15-5d45-5d30-a83f-72064e156f94,E4s v3,24.0,1 Hour,5.937623,0.364,0.247401,0.364,Reservation,USD,Microsoft.Compute,/subscriptions/a1b2c3d4-0002-0002-0002-000000000002/resourceGroups/rg-data-prod/providers/Microsoft.Compute/virtualMachines/vm-standard-e4s-v3-03,vm-standard-e4s-v3-03,"{""team"": ""data-eng"", ""environment"": ""prod"", ""costcenter"": ""CC200"", ""application"": ""data-platform"", ""business_unit"": ""data"", ""owner_email"": ""data-eng-owner@company.com"", ""support_group"": ""data-platform-ops"", ""workload_criticality"": ""high"", ""sla_tier"": ""gold""}","{""ServiceType"": ""Standard"", ""VMName"": ""vm-standard-e4s-v3-03"", ""vCPUs"": 4, ""cpuUtilPct"": 22.12, ""memoryUtilPct"": 31.86, ""diskUtilPct"": 35.66, ""idleHours"": 19, ""lastActivityAt"": ""2025-12-02T02:47:52Z""}",Compute,Usage,Azure,/providers/Microsoft.BillingBenefits/savingsPlanOrders/3348920e-c7e0-420b-8f64-56df0e18d5bb,Reserved VM Instance_westeurope_1Year
EA-9876543210,data-eng-prod-sub,data-eng-prod-sub,owner_0002@company.com,a1b2c3d4-0002-0002-0002-000000000002,data-eng-prod-sub,rg-data-prod,westeurope,2025-12-06,Virtual Machines Standard_E8s_v3 - westeurope,Virtual Machines,Standard_E8s_v3 Series,2b9593f7-8692-56d9-b10a-a624f400da47,E8s v3,24.0,1 Hour,9.752651,0.728,0.40636,0.728,Reservation,USD,Microsoft.Compute,/subscriptions/a1b2c3d4-0002-0002-0002-000000000002/resourceGroups/rg-data-prod/providers/Microsoft.Compute/virtualMachines/vm-standard-e8s-v3-04,vm-standard-e8s-v3-04,"{""team"": ""data-eng"", ""environment"": ""prod"", ""costcenter"": ""CC200"", ""application"": ""data-platform"", ""business_unit"": ""data"", ""owner_email"": ""data-eng-owner@company.com"", ""support_group"": ""data-platform-ops"", ""workload_criticality"": ""high"", ""sla_tier"": ""gold""}","{""ServiceType"": ""Standard"", ""VMName"": ""vm-standard-e8s-v3-04"", ""vCPUs"": 8, ""cpuUtilPct"": 40.36, ""memoryUtilPct"": 40.63, ""diskUtilPct"": 23.9, ""idleHours"": 17, ""lastActivityAt"": ""2025-12-04T11:12:35Z""}",Compute,Usage,Azure,/providers/Microsoft.BillingBenefits/savingsPlanOrders/2ca2155a-2e9e-431e-95af-567d1f6a4281,Reserved VM Instance_westeurope_1Year
EA-9876543210,data-eng-prod-sub,data-eng-prod-sub,owner_0002@company.com,a1b2c3d4-0002-0002-0002-000000000002,data-eng-prod-sub,rg-ml-prod,westeurope,2025-12-06,Virtual Machines Standard_F4s_v2 - westeurope,Virtual Machines,Standard_F4s_v2 Series,303bf71a-6d52-56d9-8e75-95552aa01c86,F4s v2,24.0,1 Hour,6.06428,0.252,0.252678,0.252,OnDemand,USD,Microsoft.Compute,/subscriptions/a1b2c3d4-0002-0002-0002-000000000002/resourceGroups/rg-ml-prod/providers/Microsoft.Compute/virtualMachines/vm-standard-f4s-v2-05,vm-standard-f4s-v2-05,{},"{""ServiceType"": ""Standard"", ""VMName"": ""vm-standard-f4s-v2-05"", ""vCPUs"": 4, ""cpuUtilPct"": 40.96, ""memoryUtilPct"": 44.75, ""diskUtilPct"": 28.92, ""idleHours"": 64, ""lastActivityAt"": ""2025-12-02T23:15:29Z""}",Compute,Usage,Azure,,
EA-9876543210,data-eng-prod-sub,data-eng-prod-sub,owner_0002@company.com,a1b2c3d4-0002-0002-0002-000000000002,data-eng-prod-sub,rg-ml-prod,westeurope,2025-12-06,Virtual Machines Standard_D8s_v3 - westeurope,Virtual Machines,Standard_D8s_v3 Series,348575ff-7ae0-57e5-896e-037d67179117,D8s v3,24.0,1 Hour,10.933435,0.672,0.45556,0.672,Reservation,USD,Microsoft.Compute,/subscriptions/a1b2c3d4-0002-0002-0002-000000000002/resourceGroups/rg-ml-prod/providers/Microsoft.Compute/virtualMachines/vm-standard-d8s-v3-06,vm-standard-d8s-v3-06,"{""team"": ""ml"", ""environment"": ""prod"", ""costcenter"": ""CC500"", ""application"": ""ml-platform"", ""business_unit"": ""ai"", ""owner_email"": ""ml-owner@company.com"", ""support_group"": ""ml-platform-sre"", ""workload_criticality"": ""high"", ""sla_tier"": ""gold""}","{""ServiceType"": ""Standard"", ""VMName"": ""vm-standard-d8s-v3-06"", ""vCPUs"": 8, ""cpuUtilPct"": 31.42, ""memoryUtilPct"": 43.31, ""diskUtilPct"": 24.78, ""idleHours"": 39, ""lastActivityAt"": ""2025-12-04T15:44:39Z""}",Compute,Usage,Azure,/providers/Microsoft.BillingBenefits/savingsPlanOrders/bd297d87-7d55-468c-9b97-431917e642d9,Reserved VM Instance_westeurope_1Year
EA-9876543210,app-prod-sub,app-prod-sub,owner_0003@company.com,a1b2c3d4-0003-0003-0003-000000000003,app-prod-sub,rg-app-prod,southeastasia,2025-12-06,Virtual Machines Standard_B2s - southeastasia,Virtual Machines,Standard_B2s Series,78a50003-6630-5ba4-aad2-c10f0de71d3b,B2s,24.0,1 Hour,2.029136,0.084,0.084547,0.084,OnDemand,USD,Microsoft.Compute,/subscriptions/a1b2c3d4-0003-0003-0003-000000000003/resourceGroups/rg-app-prod/providers/Microsoft.Compute/virtualMachines/vm-standard-b2s-07,vm-standard-b2s-07,"{""team"": ""frontend"", ""environment"": ""prod"", ""costcenter"": ""CC300"", ""application"": ""customer-web"", ""business_unit"": ""product"", ""owner_email"": ""frontend-owner@company.com"", ""support_group"": ""customer-experience-support"", ""workload_criticality"": ""high"", ""sla_tier"": ""gold""}","{""ServiceType"": ""Standard"", ""VMName"": ""vm-standard-b2s-07"", ""vCPUs"": 2, ""cpuUtilPct"": 28.37, ""memoryUtilPct"": 36.35, ""diskUtilPct"": 32.47, ""idleHours"": 19, ""lastActivityAt"": ""2025-12-03T16:32:53Z""}",Compute,Usage,Azure,,
EA-9876543210,app-prod-sub,app-prod-sub,owner_0003@company.com,a1b2c3d4-0003-0003-0003-000000000003,app-prod-sub,rg-app-staging,southeastasia,2025-12-06,Virtual Machines Standard_B2s - southeastasia,Virtual Machines,Standard_B2s Series,78a50003-6630-5ba4-aad2-c10f0de71d3b,B2s,24.0,1 Hour,1.502796,0.084,0.062617,0.084,SavingsPlan,USD,Microsoft.Compute,/subscriptions/a1b2c3d4-0003-0003-0003-000000000003/resourceGroups/rg-app-staging/providers/Microsoft.Compute/virtualMachines/vm-standard-b2s-08,vm-standard-b2s-08,"{""team"": ""frontend"", ""environment"": ""staging"", ""costcenter"": ""CC300"", ""application"": ""customer-web"", ""business_unit"": ""product"", ""owner_email"": ""frontend-owner@company.com"", ""support_group"": ""customer-experience-support"", ""workload_criticality"": ""medium"", ""sla_tier"": ""silver""}","{""ServiceType"": ""Standard"", ""VMName"": ""vm-standard-b2s-08"", ""vCPUs"": 2, ""cpuUtilPct"": 9.04, ""memoryUtilPct"": 27.68, ""diskUtilPct"": 23.58, ""idleHours"": 142, ""lastActivityAt"": ""2025-11-26T18:47:15Z""}",Compute,Usage,Azure,/providers/Microsoft.BillingBenefits/savingsPlanOrders/8f4660c0-e0c3-4a92-86ee-e2083e3435a1,Compute savings plan_1Year
EA-9876543210,app-prod-sub,app-prod-sub,owner_0003@company.com,a1b2c3d4-0003-0003-0003-000000000003,app-prod-sub,rg-app-staging,southeastasia,2025-12-06,Unused Reservation - vm-standard-b2s-08,Virtual Machines,Unused Capacity,c228833a-258f-5899-bbe5-df7fb4fc07fe,Unused,0.0,1 Hour,0.382448,0.0,0.0,0.084,SavingsPlan,USD,Microsoft.Compute,,vm-standard-b2s-08,"{""team"": ""frontend"", ""environment"": ""staging"", ""costcenter"": ""CC300"", ""application"": ""customer-web"", ""business_unit"": ""product"", ""owner_email"": ""frontend-owner@company.com"", ""support_group"": ""customer-experience-support"", ""workload_criticality"": ""medium"", ""sla_tier"": ""silver""}","{""cpuUtilPct"": 9.04, ""memoryUtilPct"": 27.68, ""diskUtilPct"": 23.58, ""idleHours"": 142, ""lastActivityAt"": ""2025-11-26T18:47:15Z""}",Compute,UnusedSavingsPlan,Azure,/providers/Microsoft.BillingBenefits/savingsPlanOrders/4fbadab8-8b19-47c4-a075-ac88a3f1562c,Compute savings plan_1Year
EA-9876543210,app-prod-sub,app-prod-sub,owner_0003@company.com,a1b2c3d4-0003-0003-0003-000000000003,app-prod-sub,rg-app-staging,eastus,2025-12-06,Virtual Machines Standard_D2s_v3 - eastus,Virtual Machines,Standard_D2s_v3 Series,bbc4f1e6-b32a-5f02-86f0-702bf6097b8b,D2s v3,24.0,1 Hour,4.046993,0.168,0.168625,0.168,OnDemand,USD,Microsoft.Compute,/subscriptions/a1b2c3d4-0003-0003-0003-000000000003/resourceGroups/rg-app-staging/providers/Microsoft.Compute/virtualMachines/vm-standard-d2s-v3-09,vm-standard-d2s-v3-09,"{""team"": ""backend"", ""environment"": ""staging"", ""costcenter"": ""CC400"", ""application"": ""core-api"", ""business_unit"": ""product"", ""owner_email"": ""backend-owner@company.com"", ""support_group"": ""api-operations"", ""workload_criticality"": ""medium"", ""sla_tier"": ""silver""}","{""ServiceType"": ""Standard"", ""VMName"": ""vm-standard-d2s-v3-09"", ""vCPUs"": 2, ""cpuUtilPct"": 8.9, ""memoryUtilPct"": 23.6, ""diskUtilPct"": 19.65, ""idleHours"": 202, ""lastActivityAt"": ""2025-11-28T20:49:27Z""}",Compute,Usage,Azure,,
EA-9876543210,platform-prod-sub,platform-prod-sub,owner_0001@company.com,a1b2c3d4-0001-0001-0001-000000000001,platform-prod-sub,rg-platform-dev,eastus,2025-12-06,Virtual Machines Standard_B2s - eastus,Virtual Machines,Standard_B2s Series,7190101e-d2ab-5a56-ad8e-83f7122f17e8,B2s,24.0,1 Hour,2.029466,0.084,0.084561,0.084,OnDemand,USD,Microsoft.Compute,/subscriptions/a1b2c3d4-0001-0001-0001-000000000001/resourceGroups/rg-platform-dev/providers/Microsoft.Compute/virtualMachines/vm-standard-b2s-10,vm-standard-b2s-10,"{""team"": ""platform"", ""environment"": ""dev"", ""costcenter"": ""CC100"", ""application"": ""platform-core"", ""business_unit"": ""engineering"", ""owner_email"": ""platform-owner@company.com"", ""support_group"": ""platform-operations"", ""workload_criticality"": ""low"", ""sla_tier"": ""bronze""}","{""ServiceType"": ""Standard"", ""VMName"": ""vm-standard-b2s-10"", ""vCPUs"": 2, ""cpuUtilPct"": 2.89, ""memoryUtilPct"": 8.79, ""diskUtilPct"": 6.83, ""idleHours"": 635, ""lastActivityAt"": ""2025-11-13T11:01:50Z""}",Compute,Usage,Azure,,
EA-9876543210,app-prod-sub,app-prod-sub,owner_0003@company.com,a1b2c3d4-0003-0003-0003-000000000003,app-prod-sub,rg-app-dev,eastus,2025-12-06,Virtual Machines Standard_B2s - eastus,Virtual Machines,Standard_B2s Series,7190101e-d2ab-5a56-ad8e-83f7122f17e8,B2s,24.0,1 Hour,1.996449,0.084,0.083185,0.084,OnDemand,USD,Microsoft.Compute,/subscriptions/a1b2c3d4-0003-0003-0003-000000000003/resourceGroups/rg-app-dev/providers/Microsoft.Compute/virtualMachines/vm-standard-b2s-11,vm-standard-b2s-11,{},"{""ServiceType"": ""Standard"", ""VMName"": ""vm-standard-b2s-11"", ""vCPUs"": 2, ""cpuUtilPct"": 0.75, ""memoryUtilPct"": 2.61, ""diskUtilPct"": 5.21, ""idleHours"": 677, ""lastActivityAt"": ""2025-10-23T05:45:27Z""}",Compute,Usage,Azure,,
EA-9876543210,platform-prod-sub,platform-prod-sub,owner_0001@company.com,a1b2c3d4-0001-0001-0001-000000000001,platform-prod-sub,rg-platform-prod,eastus,2025-12-06,Blob Storage - LRS - Hot - eastus,Storage,Blobs - LRS - Hot,fb8faed0-f377-5fb0-92b7-78035153a7fa,Data Stored,849.8905,1 GB/Month,0.508893,0.018,0.018,0.018,OnDemand,USD,Microsoft.Storage,/subscriptions/a1b2c3d4-0001-0001-0001-000000000001/resourceGroups/rg-platform-prod/providers/Microsoft.Storage/storageAccounts/stplatformassets,stplatformassets,"{""team"": ""platform"", ""environment"": ""prod"", ""costcenter"": ""CC100"", ""application"": ""platform-core"", ""business_unit"": ""engineering"", ""owner_email"": ""platform-owner@company.com"", ""support_group"": ""platform-operations"", ""workload_criticality"": ""mission_critical"", ""sla_tier"": ""platinum""}","{""AccountType"": ""LRS"", ""cpuUtilPct"": 0.0, ""memoryUtilPct"": 0.0, ""diskUtilPct"": 54.69, ""idleHours"": 9, ""lastActivityAt"": ""2025-12-04T19:48:32Z""}",Storage,Usage,Azure,,
EA-9876543210,data-eng-prod-sub,data-eng-prod-sub,owner_0002@company.com,a1b2c3d4-0002-0002-0002-000000000002,data-eng-prod-sub,rg-data-prod,westeurope,2025-12-06,Blob Storage - ZRS - Hot - westeurope,Storage,Blobs - ZRS - Hot,9dd9b051-b91d-533a-9f70-e4838eb241bb,Data Stored,3198.6371,1 GB/Month,2.451056,0.023,0.023,0.023,OnDemand,USD,Microsoft.Storage,/subscriptions/a1b2c3d4-0002-0002-0002-000000000002/resourceGroups/rg-data-prod/providers/Microsoft.Storage/storageAccounts/stdatalake,stdatalake,"{""team"": ""data-eng"", ""environment"": ""prod"", ""costcenter"": ""CC200"", ""application"": ""data-platform"", ""business_unit"": ""data"", ""owner_email"": ""data-eng-owner@company.com"", ""support_group"": ""data-platform-ops"", ""workload_criticality"": ""high"", ""sla_tier"": ""gold""}","{""AccountType"": ""ZRS"", ""cpuUtilPct"": 0.0, ""memoryUtilPct"": 0.0, ""diskUtilPct"": 36.15, ""idleHours"": 8, ""lastActivityAt"": ""2025-12-05T01:45:34Z""}",Storage,Usage,Azure,,
EA-9876543210,app-prod-sub,app-prod-sub,owner_0003@company.com,a1b2c3d4-0003-0003-0003-000000000003,app-prod-sub,rg-app-prod,southeastasia,2025-12-06,Blob Storage - LRS - Hot - southeastasia,Storage,Blobs - LRS - Hot,3ae72a36-b458-5b93-9e16-84484844594d,Data Stored,399.8026,1 GB/Month,0.240349,0.018,0.018,0.018,OnDemand,USD,Microsoft.Storage,/subscriptions/a1b2c3d4-0003-0003-0003-000000000003/resourceGroups/rg-app-prod/providers/Microsoft.Storage/storageAccounts/stappassets,stappassets,"{""team"": ""frontend"", ""environment"": ""prod"", ""costcenter"": ""CC300"", ""application"": ""customer-web"", ""business_unit"": ""product"", ""owner_email"": ""frontend-owner@company.com"", ""support_group"": ""customer-experience-support"", ""workload_criticality"": ""high"", ""sla_tier"": ""gold""}","{""AccountType"": ""LRS"", ""cpuUtilPct"": 0.0, ""memoryUtilPct"": 0.0, ""diskUtilPct"": 40.46, ""idleHours"": 2, ""lastActivityAt"": ""2025-12-04T23:48:34Z""}",Storage,Usage,Azure,,
EA-9876543210,data-eng-prod-sub,data-eng-prod-sub,owner_0002@company.com,a1b2c3d4-0002-0002-0002-000000000002,data-eng-prod-sub,rg-ml-prod,westeurope,2025-12-06,Blob Storage - LRS - Hot - westeurope,Storage,Blobs - LRS - Hot,4ba045d2-b571-568f-be23-884194c5daba,Data Stored,1099.4014,1 GB/Month,0.659611,0.018,0.018,0.018,OnDemand,USD,Microsoft.Storage,/subscriptions/a1b2c3d4-0002-0002-0002-000000000002/resourceGroups/rg-ml-prod/providers/Microsoft.Storage/storageAccounts/stmlmodels,stmlmodels,"{""team"": ""ml"", ""environment"": ""prod"", ""costcenter"": ""CC500"", ""application"": ""ml-platform"", ""business_unit"": ""ai"", ""owner_email"": ""ml-owner@company.com"", ""support_group"": ""ml-platform-sre"", ""workload_criticality"": ""high"", ""sla_tier"": ""gold""}","{""AccountType"": ""LRS"", ""cpuUtilPct"": 0.0, ""memoryUtilPct"": 0.0, ""diskUtilPct"": 46.27, ""idleHours"": 19, ""lastActivityAt"": ""2025-12-05T04:36:25Z""}",Storage,Usage,Azure,,
EA-9876543210,platform-prod-sub,platform-prod-sub,owner_0001@company.com,a1b2c3d4-0001-0001-0001-000000000001,platform-prod-sub,rg-platform-prod,eastus,2025-12-06,Azure SQL Database Standard_S2 - eastus,SQL Database,Standard_S2,cd1e0b9a-8ff0-5779-9281-87ab698e2916,vCore Hours,24.0,1 Hour,7.506298,0.31,0.31,0.31,OnDemand,USD,Microsoft.Sql,/subscriptions/a1b2c3d4-0001-0001-0001-000000000001/resourceGroups/rg-platform-prod/providers/Microsoft.Sql/servers/databases/sqldb-standard-0001,sqldb-standard-0001,"{""team"": ""platform"", ""environment"": ""prod"", ""costcenter"": ""CC100"", ""application"": ""platform-core"", ""business_unit"": ""engineering"", ""owner_email"": ""platform-owner@company.com"", ""support_group"": ""platform-operations"", ""workload_criticality"": ""mission_critical"", ""sla_tier"": ""platinum""}","{""cpuUtilPct"": 43.51, ""memoryUtilPct"": 62.62, ""diskUtilPct"": 39.17, ""idleHours"": 13, ""lastActivityAt"": ""2025-12-04T04:42:18Z""}",Databases,Usage,Azure,,
EA-9876543210,data-eng-prod-sub,data-eng-prod-sub,owner_0002@company.com,a1b2c3d4-0002-0002-0002-000000000002,data-eng-prod-sub,rg-data-prod,westeurope,2025-12-06,Azure SQL Database Business Critical_BC_Gen5_4 - westeurope,SQL Database,Business Critical_BC_Gen5_4,4bab5ab0-7291-58c2-8564-3252f5053179,vCore Hours,24.0,1 Hour,53.269714,2.2,2.2,2.2,OnDemand,USD,Microsoft.Sql,/subscriptions/a1b2c3d4-0002-0002-0002-000000000002/resourceGroups/rg-data-prod/providers/Microsoft.Sql/servers/databases/sqldb-business critical-0002,sqldb-business critical-0002,"{""team"": ""data-eng"", ""environment"": ""prod"", ""costcenter"": ""CC200"", ""application"": ""data-platform"", ""business_unit"": ""data"", ""owner_email"": ""data-eng-owner@company.com"", ""support_group"": ""data-platform-ops"", ""workload_criticality"": ""high"", ""sla_tier"": ""gold""}","{""cpuUtilPct"": 37.16, ""memoryUtilPct"": 30.21, ""diskUtilPct"": 21.81, ""idleHours"": 54, ""lastActivityAt"": ""2025-12-02T14:33:56Z""}",Databases,Usage,Azure,,
EA-9876543210,app-prod-sub,app-prod-sub,owner_0003@company.com,a1b2c3d4-0003-0003-0003-000000000003,app-prod-sub,rg-app-prod,eastus,2025-12-06,Azure SQL Database General Purpose_GP_Gen5_2 - eastus,SQL Database,General Purpose_GP_Gen5_2,69e0198c-4ca3-5ac2-8540-db65f6d44c56,vCore Hours,24.0,1 Hour,14.390668,0.6,0.6,0.6,OnDemand,USD,Microsoft.Sql,/subscriptions/a1b2c3d4-0003-0003-0003-000000000003/resourceGroups/rg-app-prod/providers/Microsoft.Sql/servers/databases/sqldb-general purpose-0003,sqldb-general purpose-0003,"{""team"": ""backend"", ""environment"": ""prod"", ""costcenter"": ""CC400"", ""application"": ""core-api"", ""business_unit"": ""product"", ""owner_email"": ""backend-owner@company.com"", ""support_group"": ""api-operations"", ""workload_criticality"": ""high"", ""sla_tier"": ""gold""}","{""cpuUtilPct"": 26.58, ""memoryUtilPct"": 51.98, ""diskUtilPct"": 24.49, ""idleHours"": 13, ""lastActivityAt"": ""2025-12-04T11:34:50Z""}",Databases,Usage,Azure,,
EA-9876543210,shared-infra-sub,shared-infra-sub,owner_infra@company.com,a1b2c3d4-9999-9999-9999-000000000099,shared-infra-sub,rg-shared-infra,eastus,2025-12-06,Azure Monitor,Monitor,Data Ingested,aadff281-e00d-588e-bd69-a4630325bd50,Data Ingested,1000.0,1 Unit,44.568259,0.045,0.045,0.045,OnDemand,USD,Microsoft.SharedInfra,/subscriptions/a1b2c3d4-9999-9999-9999-000000000099/resourceGroups/rg-shared-infra/providers/Microsoft.SharedInfra/Monitor/monitor,monitor,{},"{""cpuUtilPct"": 3.74, ""memoryUtilPct"": 8.47, ""diskUtilPct"": 7.48, ""idleHours"": 554, ""lastActivityAt"": ""2025-11-03T18:05:21Z""}",Management,Usage,Azure,,
EA-9876543210,shared-infra-sub,shared-infra-sub,owner_infra@company.com,a1b2c3d4-9999-9999-9999-000000000099,shared-infra-sub,rg-shared-infra,eastus,2025-12-06,Virtual Network,Networking,Intra-Region,cc2ca1a8-2d13-5873-b301-4b8ed16ed2c0,Intra-Region,622.22,1 Unit,28.259313,0.045,0.045,0.045,OnDemand,USD,Microsoft.SharedInfra,/subscriptions/a1b2c3d4-9999-9999-9999-000000000099/resourceGroups/rg-shared-infra/providers/Microsoft.SharedInfra/Networking/networking,networking,{},"{""cpuUtilPct"": 0.56, ""memoryUtilPct"": 7.81, ""diskUtilPct"": 4.7, ""idleHours"": 497, ""lastActivityAt"": ""2025-10-29T21:16:27Z""}",Networking,Usage,Azure,,
EA-9876543210,shared-infra-sub,shared-infra-sub,owner_infra@company.com,a1b2c3d4-9999-9999-9999-000000000099,shared-infra-sub,rg-shared-infra,eastus,2025-12-06,API Management,API Management,Gateway Units,78998862-331b-5215-a4b4-8d4500189f89,Gateway Units,2666.67,1 Unit,118.906291,0.045,0.045,0.045,OnDemand,USD,Microsoft.SharedInfra,/subscriptions/a1b2c3d4-9999-9999-9999-000000000099/resourceGroups/rg-shared-infra/providers/Microsoft.SharedInfra/API Management/api-management,api-management,{},"{""cpuUtilPct"": 2.86, ""memoryUtilPct"": 9.75, ""diskUtilPct"": 6.63, ""idleHours"": 544, ""lastActivityAt"": ""2025-11-09T02:50:44Z""}",Integration,Usage,Azure,,
EA-9876543210,shared-infra-sub,shared-infra-sub,owner_infra@company.com,a1b2c3d4-9999-9999-9999-000000000099,shared-infra-sub,rg-shared-infra,eastus,2025-12-06,Azure Key Vault,Key Vault,Operations,3cb0172e-6732-5350-b439-97753364a78c,Operations,177.78,1 Unit,7.932299,0.045,0.045,0.045,OnDemand,USD,Microsoft.SharedInfra,/subscriptions/a1b2c3d4-9999-9999-9999-000000000099/resourceGroups/rg-shared-infra/providers/Microsoft.SharedInfra/Key Vault/key-vault,key-vault,{},"{""cpuUtilPct"": 0.77, ""memoryUtilPct"": 7.68, ""diskUtilPct"": 4.49, ""idleHours"": 378, ""lastActivityAt"": ""2025-11-18T07:04:07Z""}",Security,Usage,Azure,,
EA-9876543210,shared-infra-sub,shared-infra-sub,owner_infra@company.com,a1b2c3d4-9999-9999-9999-000000000099,shared-infra-sub,rg-shared-infra,eastus,2025-12-06,Azure Blob Storage,Storage,Data Stored,2e8ee991-b3b7-5136-98e5-4772405cdb0c,Data Stored,400.0,1 Unit,18.027735,0.045,0.045,0.045,OnDemand,USD,Microsoft.SharedInfra,/subscriptions/a1b2c3d4-9999-9999-9999-000000000099/resourceGroups/rg-shared-infra/providers/Microsoft.SharedInfra/Storage/storage,storage,{},"{""cpuUtilPct"": 2.08, ""memoryUtilPct"": 5.82, ""diskUtilPct"": 7.96, ""idleHours"": 591, ""lastActivityAt"": ""2025-10-24T13:12:16Z""}",Storage,Usage,Azure,,
EA-9876543210,platform-prod-sub,platform-prod-sub,owner_0001@company.com,a1b2c3d4-0001-0001-0001-000000000001,platform-prod-sub,rg-platform-prod,eastus,2025-12-07,Virtual Machines Standard_D2s_v3 - eastus,Virtual Machines,Standard_D2s_v3 Series,bbc4f1e6-b32a-5f02-86f0-702bf6097b8b,D2s v3,24.0,1 Hour,4.000898,0.168,0.166704,0.168,OnDemand,USD,Microsoft.Compute,/subscriptions/a1b2c3d4-0001-0001-0001-000000000001/resourceGroups/rg-platform-prod/providers/Microsoft.Compute/virtualMachines/vm-standard-d2s-v3-00,vm-standard-d2s-v3-00,"{""team"": ""platform"", ""environment"": ""prod"", ""costcenter"": ""CC100"", ""application"": ""platform-core"", ""business_unit"": ""engineering"", ""owner_email"": ""platform-owner@company.com"", ""support_group"": ""platform-operations"", ""workload_criticality"": ""mission_critical"", ""sla_tier"": ""platinum""}","{""ServiceType"": ""Standard"", ""VMName"": ""vm-standard-d2s-v3-00"", ""vCPUs"": 2, ""cpuUtilPct"": 35.24, ""memoryUtilPct"": 62.55, ""diskUtilPct"": 31.63, ""idleHours"": 11, ""lastActivityAt"": ""2025-12-05T13:57:24Z""}",Compute,Usage,Azure,,
EA-9876543210,platform-prod-sub,platform-prod-sub,owner_0001@company.com,a1b2c3d4-0001-0001-0001-000000000001,platform-prod-sub,rg-platform-prod,eastus,2025-12-07,Virtual Machines Standard_D2s_v3 - eastus,Virtual Machines,Standard_D2s_v3 Series,bbc4f1e6-b32a-5f02-86f0-702bf6097b8b,D2s v3,24.0,1 Hour,4.061024,0.168,0.169209,0.168,OnDemand,USD,Microsoft.Compute,/subscriptions/a1b2c3d4-0001-0001-0001-000000000001/resourceGroups/rg-platform-prod/providers/Microsoft.Compute/virtualMachines/vm-standard-d2s-v3-01,vm-standard-d2s-v3-01,"{""team"": ""platform"", ""environment"": ""prod"", ""costcenter"": ""CC100"", ""application"": ""platform-core"", ""business_unit"": ""engineering"", ""owner_email"": ""platform-owner@company.com"", ""support_group"": ""platform-operations"", ""workload_criticality"": ""mission_critical"", ""sla_tier"": ""platinum""}","{""ServiceType"": ""Standard"", ""VMName"": ""vm-standard-d2s-v3-01"", ""vCPUs"": 2, ""cpuUtilPct"": 42.9, ""memoryUtilPct"": 51.28, ""diskUtilPct"": 29.2, ""idleHours"": 7, ""lastActivityAt"": ""2025-12-04T22:46:05Z""}",Compute,Usage,Azure,,
EA-9876543210,app-prod-sub,app-prod-sub,owner_0003@company.com,a1b2c3d4-0003-0003-0003-000000000003,app-prod-sub,rg-app-prod,eastus,2025-12-07,Virtual Machines Standard_D4s_v3 - eastus,Virtual Machines,Standard_D4s_v3 Series,6c8e1236-a3aa-53d7-8e09-dadb98f69027,D4s v3,24.0,1 Hour,8.002436,0.336,0.333435,0.336,OnDemand,USD,Microsoft.Compute,/subscriptions/a1b2c3d4-0003-0003-0003-000000000003/resourceGroups/rg-app-prod/providers/Microsoft.Compute/virtualMachines/vm-standard-d4s-v3-02,vm-standard-d4s-v3-02,"{""team"": ""backend"", ""environment"": ""prod"", ""costcenter"": ""CC400"", ""application"": ""core-api"", ""business_unit"": ""product"", ""owner_email"": ""backend-owner@company.com"", ""support_group"": ""api-operations"", ""workload_criticality"": ""high"", ""sla_tier"": ""gold""}","{""ServiceType"": ""Standard"", ""VMName"": ""vm-standard-d4s-v3-02"", ""vCPUs"": 4, ""cpuUtilPct"": 22.31, ""memoryUtilPct"": 39.85, ""diskUtilPct"": 23.08, ""idleHours"": 20, ""lastActivityAt"": ""2025-12-04T05:49:31Z""}",Compute,Usage,Azure,,
EA-9876543210,data-eng-prod-sub,data-eng-prod-sub,owner_0002@company.com,a1b2c3d4-0002-0002-0002-000000000002,data-eng-prod-sub,rg-data-prod,westeurope,2025-12-07,Virtual Machines Standard_E4s_v3 - westeurope,Virtual Machines,Standard_E4s_v3 Series,7373fa15-5d45-5d30-a83f-72064e156f94,E4s v3,24.0,1 Hour,5.389404,0.364,0.224558,0.364,Reservation,USD,Microsoft.Compute,/subscriptions/a1b2c3d4-0002-0002-0002-000000000002/resourceGroups/rg-data-prod/providers/Microsoft.Compute/virtualMachines/vm-standard-e4s-v3-03,vm-standard-e4s-v3-03,"{""team"": ""data-eng"", ""environment"": ""prod"", ""costcenter"": ""CC200"", ""application"": ""data-platform"", ""business_unit"": ""data"", ""owner_email"": ""data-eng-owner@company.com"", ""support_group"": ""data-platform-ops"", ""workload_criticality"": ""high"", ""sla_tier"": ""gold""}","{""ServiceType"": ""Standard"", ""VMName"": ""vm-standard-e4s-v3-03"", ""vCPUs"": 4, ""cpuUtilPct"": 35.82, ""memoryUtilPct"": 30.75, ""diskUtilPct"": 33.75, ""idleHours"": 25, ""lastActivityAt"": ""2025-12-03T03:49:55Z""}",Compute,Usage,Azure,/providers/Microsoft.BillingBenefits/savingsPlanOrders/10f0c5f8-a343-4c8b-b5b2-c20022658fcd,Reserved VM Instance_westeurope_1Year
EA-9876543210,data-eng-prod-sub,data-eng-prod-sub,owner_0002@company.com,a1b2c3d4-0002-0002-0002-000000000002,data-eng-prod-sub,rg-data-prod,westeurope,2025-12-07,Virtual Machines Standard_E8s_v3 - westeurope,Virtual Machines,Standard_E8s_v3 Series,2b9593f7-8692-56d9-b10a-a624f400da47,E8s v3,24.0,1 Hour,10.167195,0.728,0.423633,0.728,Reservation,USD,Microsoft.Compute,/subscriptions/a1b2c3d4-0002-0002-0002-000000000002/resourceGroups/rg-data-prod/providers/Microsoft.Compute/virtualMachines/vm-standard-e8s-v3-04,vm-standard-e8s-v3-04,"{""team"": ""data-eng"", ""environment"": ""prod"", ""costcenter"": ""CC200"", ""application"": ""data-platform"", ""business_unit"": ""data"", ""owner_email"": ""data-eng-owner@company.com"", ""support_group"": ""data-platform-ops"", ""workload_criticality"": ""high"", ""sla_tier"": ""gold""}","{""ServiceType"": ""Standard"", ""VMName"": ""vm-standard-e8s-v3-04"", ""vCPUs"": 8, ""cpuUtilPct"": 31.61, ""memoryUtilPct"": 35.86, ""diskUtilPct"": 39.2, ""idleHours"": 68, ""lastActivityAt"": ""2025-12-02T19:19:13Z""}",Compute,Usage,Azure,/providers/Microsoft.BillingBenefits/savingsPlanOrders/d921eaf7-512d-4380-9006-942f1d582e52,Reserved VM Instance_westeurope_1Year
EA-9876543210,data-eng-prod-sub,data-eng-prod-sub,owner_0002@company.com,a1b2c3d4-0002-0002-0002-000000000002,data-eng-prod-sub,rg-ml-prod,westeurope,2025-12-07,Virtual Machines Standard_F4s_v2 - westeurope,Virtual Machines,Standard_F4s_v2 Series,303bf71a-6d52-56d9-8e75-95552aa01c86,F4s v2,24.0,1 Hour,6.026681,0.252,0.251112,0.252,OnDemand,USD,Microsoft.Compute,/subscriptions/a1b2c3d4-0002-0002-0002-000000000002/resourceGroups/rg-ml-prod/providers/Microsoft.Compute/virtualMachines/vm-standard-f4s-v2-05,vm-standard-f4s-v2-05,{},"{""ServiceType"": ""Standard"", ""VMName"": ""vm-standard-f4s-v2-05"", ""vCPUs"": 4, ""cpuUtilPct"": 24.31, ""memoryUtilPct"": 37.53, ""diskUtilPct"": 19.27, ""idleHours"": 71, ""lastActivityAt"": ""2025-12-02T21:01:04Z""}",Compute,Usage,Azure,,
EA-9876543210,data-eng-prod-sub,data-eng-prod-sub,owner_0002@company.com,a1b2c3d4-0002-0002-0002-000000000002,data-eng-prod-sub,rg-ml-prod,westeurope,2025-12-07,Virtual Machines Standard_D8s_v3 - westeurope,Virtual Machines,Standard_D8s_v3 Series,348575ff-7ae0-57e5-896e-037d67179117,D8s v3,24.0,1 Hour,10.020819,0.672,0.417534,0.672,Reservation,USD,Microsoft.Compute,/subscriptions/a1b2c3d4-0002-0002-0002-000000000002/resourceGroups/rg-ml-prod/providers/Microsoft.Compute/virtualMachines/vm-standard-d8s-v3-06,vm-standard-d8s-v3-06,"{""team"": ""ml"", ""environment"": ""prod"", ""costcenter"": ""CC500"", ""application"": ""ml-platform"", ""business_unit"": ""ai"", ""owner_email"": ""ml-owner@company.com"", ""support_group"": ""ml-platform-sre"", ""workload_criticality"": ""high"", ""sla_tier"": ""gold""}","{""ServiceType"": ""Standard"", ""VMName"": ""vm-standard-d8s-v3-06"", ""vCPUs"": 8, ""cpuUtilPct"": 24.58, ""memoryUtilPct"": 38.1, ""diskUtilPct"": 18.67, ""idleHours"": 54, ""lastActivityAt"": ""2025-12-04T20:35:13Z""}",Compute,Usage,Azure,/providers/Microsoft.BillingBenefits/savingsPlanOrders/bf39a324-218f-44b5-a3fd-9f69c6890e73,Reserved VM Instance_westeurope_1Year
EA-9876543210,app-prod-sub,app-prod-sub,owner_0003@company.com,a1b2c3d4-0003-0003-0003-000000000003,app-prod-sub,rg-app-prod,southeastasia,2025-12-07,Virtual Machines Standard_B2s - southeastasia,Virtual Machines,Standard_B2s Series,78a50003-6630-5ba4-aad2-c10f0de71d3b,B2s,24.0,1 Hour,2.013901,0.084,0.083913,0.084,OnDemand,USD,Microsoft.Compute,/subscriptions/a1b2c3d4-0003-0003-0003-000000000003/resourceGroups/rg-app-prod/providers/Microsoft.Compute/virtualMachines/vm-standard-b2s-07,vm-standard-b2s-07,"{""team"": ""frontend"", ""environment"": ""prod"", ""costcenter"": ""CC300"", ""application"": ""customer-web"", ""business_unit"": ""product"", ""owner_email"": ""frontend-owner@company.com"", ""support_group"": ""customer-experience-support"", ""workload_criticality"": ""high"", ""sla_tier"": ""gold""}","{""ServiceType"": ""Standard"", ""VMName"": ""vm-standard-b2s-07"", ""vCPUs"": 2, ""cpuUtilPct"": 24.38, ""memoryUtilPct"": 47.87, ""diskUtilPct"": 40.63, ""idleHours"": 68, ""lastActivityAt"": ""2025-12-03T10:03:07Z""}",Compute,Usage,Azure,,
EA-9876543210,app-prod-sub,app-prod-sub,owner_0003@company.com,a1b2c3d4-0003-0003-0003-000000000003,app-prod-sub,rg-app-staging,southeastasia,2025-12-07,Virtual Machines Standard_B2s - southeastasia,Virtual Machines,Standard_B2s Series,78a50003-6630-5ba4-aad2-c10f0de71d3b,B2s,24.0,1 Hour,1.351805,0.084,0.056325,0.084,SavingsPlan,USD,Microsoft.Compute,/subscriptions/a1b2c3d4-0003-0003-0003-000000000003/resourceGroups/rg-app-staging/providers/Microsoft.Compute/virtualMachines/vm-standard-b2s-08,vm-standard-b2s-08,"{""team"": ""frontend"", ""environment"": ""staging"", ""costcenter"": ""CC300"", ""application"": ""customer-web"", ""business_unit"": ""product"", ""owner_email"": ""frontend-owner@company.com"", ""support_group"": ""customer-experience-support"", ""workload_criticality"": ""medium"", ""sla_tier"": ""silver""}","{""ServiceType"": ""Standard"", ""VMName"": ""vm-standard-b2s-08"", ""vCPUs"": 2, ""cpuUtilPct"": 11.42, ""memoryUtilPct"": 26.88, ""diskUtilPct"": 23.98, ""idleHours"": 96, ""lastActivityAt"": ""2025-11-27T06:36:55Z""}",Compute,Usage,Azure,/providers/Microsoft.BillingBenefits/savingsPlanOrders/35b1146d-c575-4fe6-9d3d-55930c6cf3be,Compute savings plan_1Year
EA-9876543210,app-prod-sub,app-prod-sub,owner_0003@company.com,a1b2c3d4-0003-0003-0003-000000000003,app-prod-sub,rg-app-staging,eastus,2025-12-07,Virtual Machines Standard_D2s_v3 - eastus,Virtual Machines,Standard_D2s_v3 Series,bbc4f1e6-b32a-5f02-86f0-702bf6097b8b,D2s v3,24.0,1 Hour,4.0322,0.168,0.168008,0.168,OnDemand,USD,Microsoft.Compute,/subscriptions/a1b2c3d4-0003-0003-0003-000000000003/resourceGroups/rg-app-staging/providers/Microsoft.Compute/virtualMachines/vm-standard-d2s-v3-09,vm-standard-d2s-v3-09,"{""team"": ""backend"", ""environment"": ""staging"", ""costcenter"": ""CC400"", ""application"": ""core-api"", ""business_unit"": ""product"", ""owner_email"": ""backend-owner@company.com"", ""support_group"": ""api-operations"", ""workload_criticality"": ""medium"", ""sla_tier"": ""silver""}","{""ServiceType"": ""Standard"", ""VMName"": ""vm-standard-d2s-v3-09"", ""vCPUs"": 2, ""cpuUtilPct"": 18.75, ""memoryUtilPct"": 22.1, ""diskUtilPct"": 14.6, ""idleHours"": 183, ""lastActivityAt"": ""2025-11-27T00:13:42Z""}",Compute,Usage,Azure,,
EA-9876543210,platform-prod-sub,platform-prod-sub,owner_0001@company.com,a1b2c3d4-0001-0001-0001-000000000001,platform-prod-sub,rg-platform-dev,eastus,2025-12-07,Virtual Machines Standard_B2s - eastus,Virtual Machines,Standard_B2s Series,7190101e-d2ab-5a56-ad8e-83f7122f17e8,B2s,24.0,1 Hour,2.004628,0.084,0.083526,0.084,OnDemand,USD,Microsoft.Compute,/subscriptions/a1b2c3d4-0001-0001-0001-000000000001/resourceGroups/rg-platform-dev/providers/Microsoft.Compute/virtualMachines/vm-standard-b2s-10,vm-standard-b2s-10,"{""team"": ""platform"", ""environment"": ""dev"", ""costcenter"": ""CC100"", ""application"": ""platform-core"", ""business_unit"": ""engineering"", ""owner_email"": ""platform-owner@company.com"", ""support_group"": ""platform-operations"", ""workload_criticality"": ""low"", ""sla_tier"": ""bronze""}","{""ServiceType"": ""Standard"", ""VMName"": ""vm-standard-b2s-10"", ""vCPUs"": 2, ""cpuUtilPct"": 4.02, ""memoryUtilPct"": 7.59, ""diskUtilPct"": 7.54, ""idleHours"": 481, ""lastActivityAt"": ""2025-11-17T15:54:36Z""}",Compute,Usage,Azure,,
EA-9876543210,app-prod-sub,app-prod-sub,owner_0003@company.com,a1b2c3d4-0003-0003-0003-000000000003,app-prod-sub,rg-app-dev,eastus,2025-12-07,Virtual Machines Standard_B2s - eastus,Virtual Machines,Standard_B2s Series,7190101e-d2ab-5a56-ad8e-83f7122f17e8,B2s,24.0,1 Hour,2.02554,0.084,0.084398,0.084,OnDemand,USD,Microsoft.Compute,/subscriptions/a1b2c3d4-0003-0003-0003-000000000003/resourceGroups/rg-app-dev/providers/Microsoft.Compute/virtualMachines/vm-standard-b2s-11,vm-standard-b2s-11,{},"{""ServiceType"": ""Standard"", ""VMName"": ""vm-standard-b2s-11"", ""vCPUs"": 2, ""cpuUtilPct"": 3.87, ""memoryUtilPct"": 2.22, ""diskUtilPct"": 6.17, ""idleHours"": 576, ""lastActivityAt"": ""2025-11-11T20:21:28Z""}",Compute,Usage,Azure,,
EA-9876543210,platform-prod-sub,platform-prod-sub,owner_0001@company.com,a1b2c3d4-0001-0001-0001-000000000001,platform-prod-sub,rg-platform-prod,eastus,2025-12-07,Blob Storage - LRS - Hot - eastus,Storage,Blobs - LRS - Hot,fb8faed0-f377-5fb0-92b7-78035153a7fa,Data Stored,849.6116,1 GB/Month,0.509486,0.018,0.018,0.018,OnDemand,USD,Microsoft.Storage,/subscriptions/a1b2c3d4-0001-0001-0001-000000000001/resourceGroups/rg-platform-prod/providers/Microsoft.Storage/storageAccounts/stplatformassets,stplatformassets,"{""team"": ""platform"", ""environment"": ""prod"", ""costcenter"": ""CC100"", ""application"": ""platform-core"", ""business_unit"": ""engineering"", ""owner_email"": ""platform-owner@company.com"", ""support_group"": ""platform-operations"", ""workload_criticality"": ""mission_critical"", ""sla_tier"": ""platinum""}","{""AccountType"": ""LRS"", ""cpuUtilPct"": 0.0, ""memoryUtilPct"": 0.0, ""diskUtilPct"": 42.6, ""idleHours"": 6, ""lastActivityAt"": ""2025-12-06T14:41:36Z""}",Storage,Usage,Azure,,
EA-9876543210,data-eng-prod-sub,data-eng-prod-sub,owner_0002@company.com,a1b2c3d4-0002-0002-0002-000000000002,data-eng-prod-sub,rg-data-prod,westeurope,2025-12-07,Blob Storage - ZRS - Hot - westeurope,Storage,Blobs - ZRS - Hot,9dd9b051-b91d-533a-9f70-e4838eb241bb,Data Stored,3203.1396,1 GB/Month,2.455027,0.023,0.023,0.023,OnDemand,USD,Microsoft.Storage,/subscriptions/a1b2c3d4-0002-0002-0002-000000000002/resourceGroups/rg-data-prod/providers/Microsoft.Storage/storageAccounts/stdatalake,stdatalake,"{""team"": ""data-eng"", ""environment"": ""prod"", ""costcenter"": ""CC200"", ""application"": ""data-platform"", ""business_unit"": ""data"", ""owner_email"": ""data-eng-owner@company.com"", ""support_group"": ""data-platform-ops"", ""workload_criticality"": ""high"", ""sla_tier"": ""gold""}","{""AccountType"": ""ZRS"", ""cpuUtilPct"": 0.0, ""memoryUtilPct"": 0.0, ""diskUtilPct"": 61.71, ""idleHours"": 19, ""lastActivityAt"": ""2025-12-05T20:51:47Z""}",Storage,Usage,Azure,,
EA-9876543210,app-prod-sub,app-prod-sub,owner_0003@company.com,a1b2c3d4-0003-0003-0003-000000000003,app-prod-sub,rg-app-prod,southeastasia,2025-12-07,Blob Storage - LRS - Hot - southeastasia,Storage,Blobs - LRS - Hot,3ae72a36-b458-5b93-9e16-84484844594d,Data Stored,400.28,1 GB/Month,0.239872,0.018,0.018,0.018,OnDemand,USD,Microsoft.Storage,/subscriptions/a1b2c3d4-0003-0003-0003-000000000003/resourceGroups/rg-app-prod/providers/Microsoft.Storage/storageAccounts/stappassets,stappassets,"{""team"": ""frontend"", ""environment"": ""prod"", ""costcenter"": ""CC300"", ""application"": ""customer-web"", ""business_unit"": ""product"", ""owner_email"": ""frontend-owner@company.com"", ""support_group"": ""customer-experience-support"", ""workload_criticality"": ""high"", ""sla_tier"": ""gold""}","{""AccountType"": ""LRS"", ""cpuUtilPct"": 0.0, ""memoryUtilPct"": 0.0, ""diskUtilPct"": 47.12, ""idleHours"": 10, ""lastActivityAt"": ""2025-12-05T18:56:28Z""}",Storage,Usage,Azure,,
EA-9876543210,data-eng-prod-sub,data-eng-prod-sub,owner_0002@company.com,a1b2c3d4-0002-0002-0002-000000000002,data-eng-prod-sub,rg-ml-prod,westeurope,2025-12-07,Blob Storage - LRS - Hot - westeurope,Storage,Blobs - LRS - Hot,4ba045d2-b571-568f-be23-884194c5daba,Data Stored,1099.2767,1 GB/Month,0.661247,0.018,0.018,0.018,OnDemand,USD,Microsoft.Storage,/subscriptions/a1b2c3d4-0002-0002-0002-000000000002/resourceGroups/rg-ml-prod/providers/Microsoft.Storage/storageAccounts/stmlmodels,stmlmodels,"{""team"": ""ml"", ""environment"": ""prod"", ""costcenter"": ""CC500"", ""application"": ""ml-platform"", ""business_unit"": ""ai"", ""owner_email"": ""ml-owner@company.com"", ""support_group"": ""ml-platform-sre"", ""workload_criticality"": ""high"", ""sla_tier"": ""gold""}","{""AccountType"": ""LRS"", ""cpuUtilPct"": 0.0, ""memoryUtilPct"": 0.0, ""diskUtilPct"": 48.43, ""idleHours"": 19, ""lastActivityAt"": ""2025-12-05T10:47:51Z""}",Storage,Usage,Azure,,
EA-9876543210,platform-prod-sub,platform-prod-sub,owner_0001@company.com,a1b2c3d4-0001-0001-0001-000000000001,platform-prod-sub,rg-platform-prod,eastus,2025-12-07,Azure SQL Database Standard_S2 - eastus,SQL Database,Standard_S2,cd1e0b9a-8ff0-5779-9281-87ab698e2916,vCore Hours,24.0,1 Hour,7.368082,0.31,0.31,0.31,OnDemand,USD,Microsoft.Sql,/subscriptions/a1b2c3d4-0001-0001-0001-000000000001/resourceGroups/rg-platform-prod/providers/Microsoft.Sql/servers/databases/sqldb-standard-0001,sqldb-standard-0001,"{""team"": ""platform"", ""environment"": ""prod"", ""costcenter"": ""CC100"", ""application"": ""platform-core"", ""business_unit"": ""engineering"", ""owner_email"": ""platform-owner@company.com"", ""support_group"": ""platform-operations"", ""workload_criticality"": ""mission_critical"", ""sla_tier"": ""platinum""}","{""cpuUtilPct"": 45.23, ""memoryUtilPct"": 47.35, ""diskUtilPct"": 32.01, ""idleHours"": 10, ""lastActivityAt"": ""2025-12-04T16:51:16Z""}",Databases,Usage,Azure,,
EA-9876543210,data-eng-prod-sub,data-eng-prod-sub,owner_0002@company.com,a1b2c3d4-0002-0002-0002-000000000002,data-eng-prod-sub,rg-data-prod,westeurope,2025-12-07,Azure SQL Database Business Critical_BC_Gen5_4 - westeurope,SQL Database,Business Critical_BC_Gen5_4,4bab5ab0-7291-58c2-8564-3252f5053179,vCore Hours,24.0,1 Hour,52.692543,2.2,2.2,2.2,OnDemand,USD,Microsoft.Sql,/subscriptions/a1b2c3d4-0002-0002-0002-000000000002/resourceGroups/rg-data-prod/providers/Microsoft.Sql/servers/databases/sqldb-business critical-0002,sqldb-business critical-0002,"{""team"": ""data-eng"", ""environment"": ""prod"", ""costcenter"": ""CC200"", ""application"": ""data-platform"", ""business_unit"": ""data"", ""owner_email"": ""data-eng-owner@company.com"", ""support_group"": ""data-platform-ops"", ""workload_criticality"": ""high"", ""sla_tier"": ""gold""}","{""cpuUtilPct"": 36.26, ""memoryUtilPct"": 40.82, ""diskUtilPct"": 27.02, ""idleHours"": 19, ""lastActivityAt"": ""2025-12-02T18:39:19Z""}",Databases,Usage,Azure,,
EA-9876543210,app-prod-sub,app-prod-sub,owner_0003@company.com,a1b2c3d4-0003-0003-0003-000000000003,app-prod-sub,rg-app-prod,eastus,2025-12-07,Azure SQL Database General Purpose_GP_Gen5_2 - eastus,SQL Database,General Purpose_GP_Gen5_2,69e0198c-4ca3-5ac2-8540-db65f6d44c56,vCore Hours,24.0,1 Hour,14.536079,0.6,0.6,0.6,OnDemand,USD,Microsoft.Sql,/subscriptions/a1b2c3d4-0003-0003-0003-000000000003/resourceGroups/rg-app-prod/providers/Microsoft.Sql/servers/databases/sqldb-general purpose-0003,sqldb-general purpose-0003,"{""team"": ""backend"", ""environment"": ""prod"", ""costcenter"": ""CC400"", ""application"": ""core-api"", ""business_unit"": ""product"", ""owner_email"": ""backend-owner@company.com"", ""support_group"": ""api-operations"", ""workload_criticality"": ""high"", ""sla_tier"": ""gold""}","{""cpuUtilPct"": 39.89, ""memoryUtilPct"": 36.02, ""diskUtilPct"": 39.26, ""idleHours"": 12, ""lastActivityAt"": ""2025-12-03T03:49:08Z""}",Databases,Usage,Azure,,
EA-9876543210,shared-infra-sub,shared-infra-sub,owner_infra@company.com,a1b2c3d4-9999-9999-9999-000000000099,shared-infra-sub,rg-shared-infra,eastus,2025-12-07,Azure Monitor,Monitor,Data Ingested,aadff281-e00d-588e-bd69-a4630325bd50,Data Ingested,1000.0,1 Unit,44.641809,0.045,0.045,0.045,OnDemand,USD,Microsoft.SharedInfra,/subscriptions/a1b2c3d4-9999-9999-9999-000000000099/resourceGroups/rg-shared-infra/providers/Microsoft.SharedInfra/Monitor/monitor,monitor,{},"{""cpuUtilPct"": 0.73, ""memoryUtilPct"": 7.51, ""diskUtilPct"": 4.65, ""idleHours"": 419, ""lastActivityAt"": ""2025-11-12T21:41:43Z""}",Management,Usage,Azure,,
EA-9876543210,shared-infra-sub,shared-infra-sub,owner_infra@company.com,a1b2c3d4-9999-9999-9999-000000000099,shared-infra-sub,rg-shared-infra,eastus,2025-12-07,Virtual Network,Networking,Intra-Region,cc2ca1a8-2d13-5873-b301-4b8ed16ed2c0,Intra-Region,622.22,1 Unit,27.79633,0.045,0.045,0.045,OnDemand,USD,Microsoft.SharedInfra,/subscriptions/a1b2c3d4-9999-9999-9999-000000000099/resourceGroups/rg-shared-infra/providers/Microsoft.SharedInfra/Networking/networking,networking,{},"{""cpuUtilPct"": 0.97, ""memoryUtilPct"": 4.93, ""diskUtilPct"": 3.86, ""idleHours"": 620, ""lastActivityAt"": ""2025-11-03T08:36:44Z""}",Networking,Usage,Azure,,
EA-9876543210,shared-infra-sub,shared-infra-sub,owner_infra@company.com,a1b2c3d4-9999-9999-9999-000000000099,shared-infra-sub,rg-shared-infra,eastus,2025-12-07,API Management,API Management,Gateway Units,78998862-331b-5215-a4b4-8d4500189f89,Gateway Units,2666.67,1 Unit,119.027887,0.045,0.045,0.045,OnDemand,USD,Microsoft.SharedInfra,/subscriptions/a1b2c3d4-9999-9999-9999-000000000099/resourceGroups/rg-shared-infra/providers/Microsoft.SharedInfra/API Management/api-management,api-management,{},"{""cpuUtilPct"": 0.63, ""memoryUtilPct"": 4.2, ""diskUtilPct"": 1.65, ""idleHours"": 619, ""lastActivityAt"": ""2025-11-22T13:50:41Z""}",Integration,Usage,Azure,,
EA-9876543210,shared-infra-sub,shared-infra-sub,owner_infra@company.com,a1b2c3d4-9999-9999-9999-000000000099,shared-infra-sub,rg-shared-infra,eastus,2025-12-07,Azure Key Vault,Key Vault,Operations,3cb0172e-6732-5350-b439-97753364a78c,Operations,177.78,1 Unit,8.030372,0.045,0.045,0.045,OnDemand,USD,Microsoft.SharedInfra,/subscriptions/a1b2c3d4-9999-9999-9999-000000000099/resourceGroups/rg-shared-infra/providers/Microsoft.SharedInfra/Key Vault/key-vault,key-vault,{},"{""cpuUtilPct"": 3.53, ""memoryUtilPct"": 4.5, ""diskUtilPct"": 3.44, ""idleHours"": 407, ""lastActivityAt"": ""2025-11-09T04:24:41Z""}",Security,Usage,Azure,,
EA-9876543210,shared-infra-sub,shared-infra-sub,owner_infra@company.com,a1b2c3d4-9999-9999-9999-000000000099,shared-infra-sub,rg-shared-infra,eastus,2025-12-07,Azure Blob Storage,Storage,Data Stored,2e8ee991-b3b7-5136-98e5-4772405cdb0c,Data Stored,400.0,1 Unit,17.850845,0.045,0.045,0.045,OnDemand,USD,Microsoft.SharedInfra,/subscriptions/a1b2c3d4-9999-9999-9999-000000000099/resourceGroups/rg-shared-infra/providers/Microsoft.SharedInfra/Storage/storage,storage,{},"{""cpuUtilPct"": 3.38, ""memoryUtilPct"": 8.95, ""diskUtilPct"": 4.41, ""idleHours"": 697, ""lastActivityAt"": ""2025-10-25T23:40:32Z""}",Storage,Usage,Azure,,
EA-9876543210,platform-prod-sub,platform-prod-sub,owner_0001@company.com,a1b2c3d4-0001-0001-0001-000000000001,platform-prod-sub,rg-platform-prod,eastus,2025-12-08,Virtual Machines Standard_D2s_v3 - eastus,Virtual Machines,Standard_D2s_v3 Series,bbc4f1e6-b32a-5f02-86f0-702bf6097b8b,D2s v3,24.0,1 Hour,4.023864,0.168,0.167661,0.168,OnDemand,USD,Microsoft.Compute,/subscriptions/a1b2c3d4-0001-0001-0001-000000000001/resourceGroups/rg-platform-prod/providers/Microsoft.Compute/virtualMachines/vm-standard-d2s-v3-00,vm-standard-d2s-v3-00,"{""team"": ""platform"", ""environment"": ""prod"", ""costcenter"": ""CC100"", ""application"": ""platform-core"", ""business_unit"": ""engineering"", ""owner_email"": ""platform-owner@company.com"", ""support_group"": ""platform-operations"", ""workload_criticality"": ""mission_critical"", ""sla_tier"": ""platinum""}","{""ServiceType"": ""Standard"", ""VMName"": ""vm-standard-d2s-v3-00"", ""vCPUs"": 2, ""cpuUtilPct"": 55.53, ""memoryUtilPct"": 61.28, ""diskUtilPct"": 35.14, ""idleHours"": 5, ""lastActivityAt"": ""2025-12-05T16:22:27Z""}",Compute,Usage,Azure,,
EA-9876543210,platform-prod-sub,platform-prod-sub,owner_0001@company.com,a1b2c3d4-0001-0001-0001-000000000001,platform-prod-sub,rg-platform-prod,eastus,2025-12-08,Virtual Machines Standard_D2s_v3 - eastus,Virtual Machines,Standard_D2s_v3 Series,bbc4f1e6-b32a-5f02-86f0-702bf6097b8b,D2s v3,24.0,1 Hour,4.053921,0.168,0.168913,0.168,OnDemand,USD,Microsoft.Compute,/subscriptions/a1b2c3d4-0001-0001-0001-000000000001/resourceGroups/rg-platform-prod/providers/Microsoft.Compute/virtualMachines/vm-standard-d2s-v3-01,vm-standard-d2s-v3-01,"{""team"": ""platform"", ""environment"": ""prod"", ""costcenter"": ""CC100"", ""application"": ""platform-core"", ""business_unit"": ""engineering"", ""owner_email"": ""platform-owner@company.com"", ""support_group"": ""platform-operations"", ""workload_criticality"": ""mission_critical"", ""sla_tier"": ""platinum""}","{""ServiceType"": ""Standard"", ""VMName"": ""vm-standard-d2s-v3-01"", ""vCPUs"": 2, ""cpuUtilPct"": 52.37, ""memoryUtilPct"": 62.88, ""diskUtilPct"": 30.13, ""idleHours"": 14, ""lastActivityAt"": ""2025-12-07T08:43:54Z""}",Compute,Usage,Azure,,
EA-9876543210,app-prod-sub,app-prod-sub,owner_0003@company.com,a1b2c3d4-0003-0003-0003-000000000003,app-prod-sub,rg-app-prod,eastus,2025-12-08,Virtual Machines Standard_D4s_v3 - eastus,Virtual Machines,Standard_D4s_v3 Series,6c8e1236-a3aa-53d7-8e09-dadb98f69027,D4s v3,24.0,1 Hour,8.016212,0.336,0.334009,0.336,OnDemand,USD,Microsoft.Compute,/subscriptions/a1b2c3d4-0003-0003-0003-000000000003/resourceGroups/rg-app-prod/providers/Microsoft.Compute/virtualMachines/vm-standard-d4s-v3-02,vm-standard-d4s-v3-02,"{""team"": ""backend"", ""environment"": ""prod"", ""costcenter"": ""CC400"", ""application"": ""core-api"", ""business_unit"": ""product"", ""owner_email"": ""backend-owner@company.com"", ""support_group"": ""api-operations"", ""workload_criticality"": ""high"", ""sla_tier"": ""gold""}","{""ServiceType"": ""Standard"", ""VMName"": ""vm-standard-d4s-v3-02"", ""vCPUs"": 4, ""cpuUtilPct"": 39.02, ""memoryUtilPct"": 29.68, ""diskUtilPct"": 33.05, ""idleHours"": 27, ""lastActivityAt"": ""2025-12-04T02:18:52Z""}",Compute,Usage,Azure,,
EA-9876543210,data-eng-prod-sub,data-eng-prod-sub,owner_0002@company.com,a1b2c3d4-0002-0002-0002-000000000002,data-eng-prod-sub,rg-data-prod,westeurope,2025-12-08,Virtual Machines Standard_E4s_v3 - westeurope,Virtual Machines,Standard_E4s_v3 Series,7373fa15-5d45-5d30-a83f-72064e156f94,E4s v3,24.0,1 Hour,5.712804,0.364,0.238034,0.364,Reservation,USD,Microsoft.Compute,/subscriptions/a1b2c3d4-0002-0002-0002-000000000002/resourceGroups/rg-data-prod/providers/Microsoft.Compute/virtualMachines/vm-standard-e4s-v3-03,vm-standard-e4s-v3-03,"{""team"": ""data-eng"", ""environment"": ""prod"", ""costcenter"": ""CC200"", ""application"": ""data-platform"", ""business_unit"": ""data"", ""owner_email"": ""data-eng-owner@company.com"", ""support_group"": ""data-platform-ops"", ""workload_criticality"": ""high"", ""sla_tier"": ""gold""}","{""ServiceType"": ""Standard"", ""VMName"": ""vm-standard-e4s-v3-03"", ""vCPUs"": 4, ""cpuUtilPct"": 25.34, ""memoryUtilPct"": 37.73, ""diskUtilPct"": 34.05, ""idleHours"": 40, ""lastActivityAt"": ""2025-12-04T21:48:55Z""}",Compute,Usage,Azure,/providers/Microsoft.BillingBenefits/savingsPlanOrders/eb51be7d-d625-46d5-84de-4609a5d1c044,Reserved VM Instance_westeurope_1Year
EA-9876543210,data-eng-prod-sub,data-eng-prod-sub,owner_0002@company.com,a1b2c3d4-0002-0002-0002-000000000002,data-eng-prod-sub,rg-data-prod,westeurope,2025-12-08,Unused Reservation - vm-standard-e4s-v3-03,Virtual Machines,Unused Capacity,f08115e0-ff1d-554e-93e5-7d438f3af9d5,Unused,0.0,1 Hour,0.89537,0.0,0.0,0.364,Reservation,USD,Microsoft.Compute,,vm-standard-e4s-v3-03,"{""team"": ""data-eng"", ""environment"": ""prod"", ""costcenter"": ""CC200"", ""application"": ""data-platform"", ""business_unit"": ""data"", ""owner_email"": ""data-eng-owner@company.com"", ""support_group"": ""data-platform-ops"", ""workload_criticality"": ""high"", ""sla_tier"": ""gold""}","{""cpuUtilPct"": 25.34, ""memoryUtilPct"": 37.73, ""diskUtilPct"": 34.05, ""idleHours"": 40, ""lastActivityAt"": ""2025-12-04T21:48:55Z""}",Compute,UnusedReservation,Azure,/providers/Microsoft.BillingBenefits/savingsPlanOrders/f5e57643-7bbc-48e2-9a19-5aee2368bbd8,Reserved VM Instance_westeurope_1Year
EA-9876543210,data-eng-prod-sub,data-eng-prod-sub,owner_0002@company.com,a1b2c3d4-0002-0002-0002-000000000002,data-eng-prod-sub,rg-data-prod,westeurope,2025-12-08,Virtual Machines Standard_E8s_v3 - westeurope,Virtual Machines,Standard_E8s_v3 Series,2b9593f7-8692-56d9-b10a-a624f400da47,E8s v3,24.0,1 Hour,10.185077,0.728,0.424378,0.728,Reservation,USD,Microsoft.Compute,/subscriptions/a1b2c3d4-0002-0002-0002-000000000002/resourceGroups/rg-data-prod/providers/Microsoft.Compute/virtualMachines/vm-standard-e8s-v3-04,vm-standard-e8s-v3-04,"{""team"": ""data-eng"", ""environment"": ""prod"", ""costcenter"": ""CC200"", ""application"": ""data-platform"", ""business_unit"": ""data"", ""owner_email"": ""data-eng-owner@company.com"", ""support_group"": ""data-platform-ops"", ""workload_criticality"": ""high"", ""sla_tier"": ""gold""}","{""ServiceType"": ""Standard"", ""VMName"": ""vm-standard-e8s-v3-04"", ""vCPUs"": 8, ""cpuUtilPct"": 28.7, ""memoryUtilPct"": 34.7, ""diskUtilPct"": 33.11, ""idleHours"": 22, ""lastActivityAt"": ""2025-12-06T03:34:26Z""}",Compute,Usage,Azure,/providers/Microsoft.BillingBenefits/savingsPlanOrders/a650b5d5-a82b-44b3-be03-caea6c62c60a,Reserved VM Instance_westeurope_1Year
EA-9876543210,data-eng-prod-sub,data-eng-prod-sub,owner_0002@company.com,a1b2c3d4-0002-0002-0002-000000000002,data-eng-prod-sub,rg-data-prod,westeurope,2025-12-08,Unused Reservation - vm-standard-e8s-v3-04,Virtual Machines,Unused Capacity,8b290e0a-71ab-5034-996c-c49ca4235c5d,Unused,0.0,1 Hour,2.658244,0.0,0.0,0.728,Reservation,USD,Microsoft.Compute,,vm-standard-e8s-v3-04,"{""team"": ""data-eng"", ""environment"": ""prod"", ""costcenter"": ""CC200"", ""application"": ""data-platform"", ""business_unit"": ""data"", ""owner_email"": ""data-eng-owner@company.com"", ""support_group"": ""data-platform-ops"", ""workload_criticality"": ""high"", ""sla_tier"": ""gold""}","{""cpuUtilPct"": 28.7, ""memoryUtilPct"": 34.7, ""diskUtilPct"": 33.11, ""idleHours"": 22, ""lastActivityAt"": ""2025-12-06T03:34:26Z""}",Compute,UnusedReservation,Azure,/providers/Microsoft.BillingBenefits/savingsPlanOrders/3795d435-a0c7-47dd-ae71-837e2cfe8883,Reserved VM Instance_westeurope_1Year
EA-9876543210,data-eng-prod-sub,data-eng-prod-sub,owner_0002@company.com,a1b2c3d4-0002-0002-0002-000000000002,data-eng-prod-sub,rg-ml-prod,westeurope,2025-12-08,Virtual Machines Standard_F4s_v2 - westeurope,Virtual Machines,Standard_F4s_v2 Series,303bf71a-6d52-56d9-8e75-95552aa01c86,F4s v2,24.0,1 Hour,6.074602,0.252,0.253108,0.252,OnDemand,USD,Microsoft.Compute,/subscriptions/a1b2c3d4-0002-0002-0002-000000000002/resourceGroups/rg-ml-prod/providers/Microsoft.Compute/virtualMachines/vm-standard-f4s-v2-05,vm-standard-f4s-v2-05,"{""team"": ""ml"", ""environment"": ""prod"", ""costcenter"": ""CC500"", ""application"": ""ml-platform"", ""business_unit"": ""ai"", ""owner_email"": ""ml-owner@company.com"", ""support_group"": ""ml-platform-sre"", ""workload_criticality"": ""high"", ""sla_tier"": ""gold""}","{""ServiceType"": ""Standard"", ""VMName"": ""vm-standard-f4s-v2-05"", ""vCPUs"": 4, ""cpuUtilPct"": 25.19, ""memoryUtilPct"": 50.28, ""diskUtilPct"": 33.29, ""idleHours"": 46, ""lastActivityAt"": ""2025-12-06T10:37:36Z""}",Compute,Usage,Azure,,
EA-9876543210,data-eng-prod-sub,data-eng-prod-sub,owner_0002@company.com,a1b2c3d4-0002-0002-0002-000000000002,data-eng-prod-sub,rg-ml-prod,westeurope,2025-12-08,Virtual Machines Standard_D8s_v3 - westeurope,Virtual Machines,Standard_D8s_v3 Series,348575ff-7ae0-57e5-896e-037d67179117,D8s v3,24.0,1 Hour,10.76798,0.672,0.448666,0.672,Reservation,USD,Microsoft.Compute,/subscriptions/a1b2c3d4-0002-0002-0002-000000000002/resourceGroups/rg-ml-prod/providers/Microsoft.Compute/virtualMachines/vm-standard-d8s-v3-06,vm-standard-d8s-v3-06,"{""team"": ""ml"", ""environment"": ""prod"", ""costcenter"": ""CC500"", ""application"": ""ml-platform"", ""business_unit"": ""ai"", ""owner_email"": ""ml-owner@company.com"", ""support_group"": ""ml-platform-sre"", ""workload_criticality"": ""high"", ""sla_tier"": ""gold""}","{""ServiceType"": ""Standard"", ""VMName"": ""vm-standard-d8s-v3-06"", ""vCPUs"": 8, ""cpuUtilPct"": 37.59, ""memoryUtilPct"": 38.45, ""diskUtilPct"": 37.99, ""idleHours"": 52, ""lastActivityAt"": ""2025-12-03T21:32:17Z""}",Compute,Usage,Azure,/providers/Microsoft.BillingBenefits/savingsPlanOrders/1f189a52-fe8c-4036-98e1-1e8fb9f5bd9b,Reserved VM Instance_westeurope_1Year
EA-9876543210,app-prod-sub,app-prod-sub,owner_0003@company.com,a1b2c3d4-0003-0003-0003-000000000003,app-prod-sub,rg-app-prod,southeastasia,2025-12-08,Virtual Machines Standard_B2s - southeastasia,Virtual Machines,Standard_B2s Series,78a50003-6630-5ba4-aad2-c10f0de71d3b,B2s,24.0,1 Hour,2.012307,0.084,0.083846,0.084,OnDemand,USD,Microsoft.Compute,/subscriptions/a1b2c3d4-0003-0003-0003-000000000003/resourceGroups/rg-app-prod/providers/Microsoft.Compute/virtualMachines/vm-standard-b2s-07,vm-standard-b2s-07,"{""team"": ""frontend"", ""environment"": ""prod"", ""costcenter"": ""CC300"", ""application"": ""customer-web"", ""business_unit"": ""product"", ""owner_email"": ""frontend-owner@company.com"", ""support_group"": ""customer-experience-support"", ""workload_criticality"": ""high"", ""sla_tier"": ""gold""}","{""ServiceType"": ""Standard"", ""VMName"": ""vm-standard-b2s-07"", ""vCPUs"": 2, ""cpuUtilPct"": 27.24, ""memoryUtilPct"": 37.4, ""diskUtilPct"": 18.51, ""idleHours"": 47, ""lastActivityAt"": ""2025-12-04T06:23:57Z""}",Compute,Usage,Azure,,
EA-9876543210,app-prod-sub,app-prod-sub,owner_0003@company.com,a1b2c3d4-0003-0003-0003-000000000003,app-prod-sub,rg-app-staging,southeastasia,2025-12-08,Virtual Machines Standard_B2s - southeastasia,Virtual Machines,Standard_B2s Series,78a50003-6630-5ba4-aad2-c10f0de71d3b,B2s,24.0,1 Hour,1.343551,0.084,0.055981,0.084,SavingsPlan,USD,Microsoft.Compute,/subscriptions/a1b2c3d4-0003-0003-0003-000000000003/resourceGroups/rg-app-staging/providers/Microsoft.Compute/virtualMachines/vm-standard-b2s-08,vm-standard-b2s-08,"{""team"": ""frontend"", ""environment"": ""staging"", ""costcenter"": ""CC300"", ""application"": ""customer-web"", ""business_unit"": ""product"", ""owner_email"": ""frontend-owner@company.com"", ""support_group"": ""customer-experience-support"", ""workload_criticality"": ""medium"", ""sla_tier"": ""silver""}","{""ServiceType"": ""Standard"", ""VMName"": ""vm-standard-b2s-08"", ""vCPUs"": 2, ""cpuUtilPct"": 19.34, ""memoryUtilPct"": 13.53, ""diskUtilPct"": 16.09, ""idleHours"": 133, ""lastActivityAt"": ""2025-12-01T21:01:50Z""}",Compute,Usage,Azure,/providers/Microsoft.BillingBenefits/savingsPlanOrders/33c5aafa-b396-436e-9733-261510cfb380,Compute savings plan_1Year
EA-9876543210,app-prod-sub,app-prod-sub,owner_0003@company.com,a1b2c3d4-0003-0003-0003-000000000003,app-prod-sub,rg-app-staging,southeastasia,2025-12-08,Unused Reservation - vm-standard-b2s-08,Virtual Machines,Unused Capacity,cb99548f-7c01-5965-86b8-fbc8558ea62d,Unused,0.0,1 Hour,0.237219,0.0,0.0,0.084,SavingsPlan,USD,Microsoft.Compute,,vm-standard-b2s-08,"{""team"": ""frontend"", ""environment"": ""staging"", ""costcenter"": ""CC300"", ""application"": ""customer-web"", ""business_unit"": ""product"", ""owner_email"": ""frontend-owner@company.com"", ""support_group"": ""customer-experience-support"", ""workload_criticality"": ""medium"", ""sla_tier"": ""silver""}","{""cpuUtilPct"": 19.34, ""memoryUtilPct"": 13.53, ""diskUtilPct"": 16.09, ""idleHours"": 133, ""lastActivityAt"": ""2025-12-01T21:01:50Z""}",Compute,UnusedSavingsPlan,Azure,/providers/Microsoft.BillingBenefits/savingsPlanOrders/d4702464-efb3-4c1b-809f-5f352c925979,Compute savings plan_1Year
EA-9876543210,app-prod-sub,app-prod-sub,owner_0003@company.com,a1b2c3d4-0003-0003-0003-000000000003,app-prod-sub,rg-app-staging,eastus,2025-12-08,Virtual Machines Standard_D2s_v3 - eastus,Virtual Machines,Standard_D2s_v3 Series,bbc4f1e6-b32a-5f02-86f0-702bf6097b8b,D2s v3,24.0,1 Hour,4.003671,0.168,0.16682,0.168,OnDemand,USD,Microsoft.Compute,/subscriptions/a1b2c3d4-0003-0003-0003-000000000003/resourceGroups/rg-app-staging/providers/Microsoft.Compute/virtualMachines/vm-standard-d2s-v3-09,vm-standard-d2s-v3-09,"{""team"": ""backend"", ""environment"": ""staging"", ""costcenter"": ""CC400"", ""application"": ""core-api"", ""business_unit"": ""product"", ""owner_email"": ""backend-owner@company.com"", ""support_group"": ""api-operations"", ""workload_criticality"": ""medium"", ""sla_tier"": ""silver""}","{""ServiceType"": ""Standard"", ""VMName"": ""vm-standard-d2s-v3-09"", ""vCPUs"": 2, ""cpuUtilPct"": 19.09, ""memoryUtilPct"": 19.81, ""diskUtilPct"": 23.35, ""idleHours"": 180, ""lastActivityAt"": ""2025-11-30T04:04:38Z""}",Compute,Usage,Azure,,
EA-9876543210,platform-prod-sub,platform-prod-sub,owner_0001@company.com,a1b2c3d4-0001-0001-0001-000000000001,platform-prod-sub,rg-platform-dev,eastus,2025-12-08,Virtual Machines Standard_B2s - eastus,Virtual Machines,Standard_B2s Series,7190101e-d2ab-5a56-ad8e-83f7122f17e8,B2s,24.0,1 Hour,2.010608,0.084,0.083775,0.084,OnDemand,USD,Microsoft.Compute,/subscriptions/a1b2c3d4-0001-0001-0001-000000000001/resourceGroups/rg-platform-dev/providers/Microsoft.Compute/virtualMachines/vm-standard-b2s-10,vm-standard-b2s-10,"{""team"": ""platform"", ""environment"": ""dev"", ""costcenter"": ""CC100"", ""application"": ""platform-core"", ""business_unit"": ""engineering"", ""owner_email"": ""platform-owner@company.com"", ""support_group"": ""platform-operations"", ""workload_criticality"": ""low"", ""sla_tier"": ""bronze""}","{""ServiceType"": ""Standard"", ""VMName"": ""vm-standard-b2s-10"", ""vCPUs"": 2, ""cpuUtilPct"": 0.94, ""memoryUtilPct"": 8.48, ""diskUtilPct"": 4.9, ""idleHours"": 647, ""lastActivityAt"": ""2025-10-30T22:48:54Z""}",Compute,Usage,Azure,,
EA-9876543210,app-prod-sub,app-prod-sub,owner_0003@company.com,a1b2c3d4-0003-0003-0003-000000000003,app-prod-sub,rg-app-dev,eastus,2025-12-08,Virtual Machines Standard_B2s - eastus,Virtual Machines,Standard_B2s Series,7190101e-d2ab-5a56-ad8e-83f7122f17e8,B2s,24.0,1 Hour,2.013503,0.084,0.083896,0.084,OnDemand,USD,Microsoft.Compute,/subscriptions/a1b2c3d4-0003-0003-0003-000000000003/resourceGroups/rg-app-dev/providers/Microsoft.Compute/virtualMachines/vm-standard-b2s-11,vm-standard-b2s-11,{},"{""ServiceType"": ""Standard"", ""VMName"": ""vm-standard-b2s-11"", ""vCPUs"": 2, ""cpuUtilPct"": 2.49, ""memoryUtilPct"": 5.11, ""diskUtilPct"": 5.47, ""idleHours"": 496, ""lastActivityAt"": ""2025-11-10T01:20:45Z""}",Compute,Usage,Azure,,
EA-9876543210,platform-prod-sub,platform-prod-sub,owner_0001@company.com,a1b2c3d4-0001-0001-0001-000000000001,platform-prod-sub,rg-platform-prod,eastus,2025-12-08,Blob Storage - LRS - Hot - eastus,Storage,Blobs - LRS - Hot,fb8faed0-f377-5fb0-92b7-78035153a7fa,Data Stored,850.6392,1 GB/Month,0.510289,0.018,0.018,0.018,OnDemand,USD,Microsoft.Storage,/subscriptions/a1b2c3d4-0001-0001-0001-000000000001/resourceGroups/rg-platform-prod/providers/Microsoft.Storage/storageAccounts/stplatformassets,stplatformassets,"{""team"": ""platform"", ""environment"": ""prod"", ""costcenter"": ""CC100"", ""application"": ""platform-core"", ""business_unit"": ""engineering"", ""owner_email"": ""platform-owner@company.com"", ""support_group"": ""platform-operations"", ""workload_criticality"": ""mission_critical"", ""sla_tier"": ""platinum""}","{""AccountType"": ""LRS"", ""cpuUtilPct"": 0.0, ""memoryUtilPct"": 0.0, ""diskUtilPct"": 45.72, ""idleHours"": 0, ""lastActivityAt"": ""2025-12-07T07:22:23Z""}",Storage,Usage,Azure,,
EA-9876543210,data-eng-prod-sub,data-eng-prod-sub,owner_0002@company.com,a1b2c3d4-0002-0002-0002-000000000002,data-eng-prod-sub,rg-data-prod,westeurope,2025-12-08,Blob Storage - ZRS - Hot - westeurope,Storage,Blobs - ZRS - Hot,9dd9b051-b91d-533a-9f70-e4838eb241bb,Data Stored,3197.3357,1 GB/Month,2.46016,0.023,0.023,0.023,OnDemand,USD,Microsoft.Storage,/subscriptions/a1b2c3d4-0002-0002-0002-000000000002/resourceGroups/rg-data-prod/providers/Microsoft.Storage/storageAccounts/stdatalake,stdatalake,"{""team"": ""data-eng"", ""environment"": ""prod"", ""costcenter"": ""CC200"", ""application"": ""data-platform"", ""business_unit"": ""data"", ""owner_email"": ""data-eng-owner@company.com"", ""support_group"": ""data-platform-ops"", ""workload_criticality"": ""high"", ""sla_tier"": ""gold""}","{""AccountType"": ""ZRS"", ""cpuUtilPct"": 0.0, ""memoryUtilPct"": 0.0, ""diskUtilPct"": 60.89, ""idleHours"": 18, ""lastActivityAt"": ""2025-12-05T23:34:44Z""}",Storage,Usage,Azure,,
EA-9876543210,app-prod-sub,app-prod-sub,owner_0003@company.com,a1b2c3d4-0003-0003-0003-000000000003,app-prod-sub,rg-app-prod,southeastasia,2025-12-08,Blob Storage - LRS - Hot - southeastasia,Storage,Blobs - LRS - Hot,3ae72a36-b458-5b93-9e16-84484844594d,Data Stored,400.3054,1 GB/Month,0.239579,0.018,0.018,0.018,OnDemand,USD,Microsoft.Storage,/subscriptions/a1b2c3d4-0003-0003-0003-000000000003/resourceGroups/rg-app-prod/providers/Microsoft.Storage/storageAccounts/stappassets,stappassets,"{""team"": ""frontend"", ""environment"": ""prod"", ""costcenter"": ""CC300"", ""application"": ""customer-web"", ""business_unit"": ""product"", ""owner_email"": ""frontend-owner@company.com"", ""support_group"": ""customer-experience-support"", ""workload_criticality"": ""high"", ""sla_tier"": ""gold""}","{""AccountType"": ""LRS"", ""cpuUtilPct"": 0.0, ""memoryUtilPct"": 0.0, ""diskUtilPct"": 31.9, ""idleHours"": 12, ""lastActivityAt"": ""2025-12-07T04:30:58Z""}",Storage,Usage,Azure,,
EA-9876543210,data-eng-prod-sub,data-eng-prod-sub,owner_0002@company.com,a1b2c3d4-0002-0002-0002-000000000002,data-eng-prod-sub,rg-ml-prod,westeurope,2025-12-08,Blob Storage - LRS - Hot - westeurope,Storage,Blobs - LRS - Hot,4ba045d2-b571-568f-be23-884194c5daba,Data Stored,1100.5325,1 GB/Month,0.659081,0.018,0.018,0.018,OnDemand,USD,Microsoft.Storage,/subscriptions/a1b2c3d4-0002-0002-0002-000000000002/resourceGroups/rg-ml-prod/providers/Microsoft.Storage/storageAccounts/stmlmodels,stmlmodels,"{""team"": ""ml"", ""environment"": ""prod"", ""costcenter"": ""CC500"", ""application"": ""ml-platform"", ""business_unit"": ""ai"", ""owner_email"": ""ml-owner@company.com"", ""support_group"": ""ml-platform-sre"", ""workload_criticality"": ""high"", ""sla_tier"": ""gold""}","{""AccountType"": ""LRS"", ""cpuUtilPct"": 0.0, ""memoryUtilPct"": 0.0, ""diskUtilPct"": 55.52, ""idleHours"": 0, ""lastActivityAt"": ""2025-12-07T00:44:20Z""}",Storage,Usage,Azure,,
EA-9876543210,platform-prod-sub,platform-prod-sub,owner_0001@company.com,a1b2c3d4-0001-0001-0001-000000000001,platform-prod-sub,rg-platform-prod,eastus,2025-12-08,Azure SQL Database Standard_S2 - eastus,SQL Database,Standard_S2,cd1e0b9a-8ff0-5779-9281-87ab698e2916,vCore Hours,24.0,1 Hour,7.486638,0.31,0.31,0.31,OnDemand,USD,Microsoft.Sql,/subscriptions/a1b2c3d4-0001-0001-0001-000000000001/resourceGroups/rg-platform-prod/providers/Microsoft.Sql/servers/databases/sqldb-standard-0001,sqldb-standard-0001,"{""team"": ""platform"", ""environment"": ""prod"", ""costcenter"": ""CC100"", ""application"": ""platform-core"", ""business_unit"": ""engineering"", ""owner_email"": ""platform-owner@company.com"", ""support_group"": ""platform-operations"", ""workload_criticality"": ""mission_critical"", ""sla_tier"": ""platinum""}","{""cpuUtilPct"": 39.79, ""memoryUtilPct"": 40.09, ""diskUtilPct"": 42.49, ""idleHours"": 12, ""lastActivityAt"": ""2025-12-05T13:15:54Z""}",Databases,Usage,Azure,,
EA-9876543210,data-eng-prod-sub,data-eng-prod-sub,owner_0002@company.com,a1b2c3d4-0002-0002-0002-000000000002,data-eng-prod-sub,rg-data-prod,westeurope,2025-12-08,Azure SQL Database Business Critical_BC_Gen5_4 - westeurope,SQL Database,Business Critical_BC_Gen5_4,4bab5ab0-7291-58c2-8564-3252f5053179,vCore Hours,24.0,1 Hour,53.247843,2.2,2.2,2.2,OnDemand,USD,Microsoft.Sql,/subscriptions/a1b2c3d4-0002-0002-0002-000000000002/resourceGroups/rg-data-prod/providers/Microsoft.Sql/servers/databases/sqldb-business critical-0002,sqldb-business critical-0002,"{""team"": ""data-eng"", ""environment"": ""prod"", ""costcenter"": ""CC200"", ""application"": ""data-platform"", ""business_unit"": ""data"", ""owner_email"": ""data-eng-owner@company.com"", ""support_group"": ""data-platform-ops"", ""workload_criticality"": ""high"", ""sla_tier"": ""gold""}","{""cpuUtilPct"": 28.98, ""memoryUtilPct"": 28.06, ""diskUtilPct"": 38.37, ""idleHours"": 49, ""lastActivityAt"": ""2025-12-03T19:43:38Z""}",Databases,Usage,Azure,,
EA-9876543210,app-prod-sub,app-prod-sub,owner_0003@company.com,a1b2c3d4-0003-0003-0003-000000000003,app-prod-sub,rg-app-prod,eastus,2025-12-08,Azure SQL Database General Purpose_GP_Gen5_2 - eastus,SQL Database,General Purpose_GP_Gen5_2,69e0198c-4ca3-5ac2-8540-db65f6d44c56,vCore Hours,24.0,1 Hour,14.472966,0.6,0.6,0.6,OnDemand,USD,Microsoft.Sql,/subscriptions/a1b2c3d4-0003-0003-0003-000000000003/resourceGroups/rg-app-prod/providers/Microsoft.Sql/servers/databases/sqldb-general purpose-0003,sqldb-general purpose-0003,"{""team"": ""backend"", ""environment"": ""prod"", ""costcenter"": ""CC400"", ""application"": ""core-api"", ""business_unit"": ""product"", ""owner_email"": ""backend-owner@company.com"", ""support_group"": ""api-operations"", ""workload_criticality"": ""high"", ""sla_tier"": ""gold""}","{""cpuUtilPct"": 37.72, ""memoryUtilPct"": 48.17, ""diskUtilPct"": 28.16, ""idleHours"": 69, ""lastActivityAt"": ""2025-12-04T13:58:40Z""}",Databases,Usage,Azure,,
EA-9876543210,shared-infra-sub,shared-infra-sub,owner_infra@company.com,a1b2c3d4-9999-9999-9999-000000000099,shared-infra-sub,rg-shared-infra,eastus,2025-12-08,Azure Monitor,Monitor,Data Ingested,aadff281-e00d-588e-bd69-a4630325bd50,Data Ingested,1000.0,1 Unit,45.148187,0.045,0.045,0.045,OnDemand,USD,Microsoft.SharedInfra,/subscriptions/a1b2c3d4-9999-9999-9999-000000000099/resourceGroups/rg-shared-infra/providers/Microsoft.SharedInfra/Monitor/monitor,monitor,{},"{""cpuUtilPct"": 1.06, ""memoryUtilPct"": 4.89, ""diskUtilPct"": 2.71, ""idleHours"": 392, ""lastActivityAt"": ""2025-11-19T18:54:08Z""}",Management,Usage,Azure,,
EA-9876543210,shared-infra-sub,shared-infra-sub,owner_infra@company.com,a1b2c3d4-9999-9999-9999-000000000099,shared-infra-sub,rg-shared-infra,eastus,2025-12-08,Virtual Network,Networking,Intra-Region,cc2ca1a8-2d13-5873-b301-4b8ed16ed2c0,Intra-Region,622.22,1 Unit,28.202874,0.045,0.045,0.045,OnDemand,USD,Microsoft.SharedInfra,/subscriptions/a1b2c3d4-9999-9999-9999-000000000099/resourceGroups/rg-shared-infra/providers/Microsoft.SharedInfra/Networking/networking,networking,{},"{""cpuUtilPct"": 3.7, ""memoryUtilPct"": 6.4, ""diskUtilPct"": 2.93, ""idleHours"": 704, ""lastActivityAt"": ""2025-10-28T16:59:20Z""}",Networking,Usage,Azure,,
EA-9876543210,shared-infra-sub,shared-infra-sub,owner_infra@company.com,a1b2c3d4-9999-9999-9999-000000000099,shared-infra-sub,rg-shared-infra,eastus,2025-12-08,API Management,API Management,Gateway Units,78998862-331b-5215-a4b4-8d4500189f89,Gateway Units,2666.67,1 Unit,118.92543,0.045,0.045,0.045,OnDemand,USD,Microsoft.SharedInfra,/subscriptions/a1b2c3d4-9999-9999-9999-000000000099/resourceGroups/rg-shared-infra/providers/Microsoft.SharedInfra/API Management/api-management,api-management,{},"{""cpuUtilPct"": 2.4, ""memoryUtilPct"": 7.18, ""diskUtilPct"": 6.96, ""idleHours"": 453, ""lastActivityAt"": ""2025-10-25T07:41:46Z""}",Integration,Usage,Azure,,
EA-9876543210,shared-infra-sub,shared-infra-sub,owner_infra@company.com,a1b2c3d4-9999-9999-9999-000000000099,shared-infra-sub,rg-shared-infra,eastus,2025-12-08,Azure Key Vault,Key Vault,Operations,3cb0172e-6732-5350-b439-97753364a78c,Operations,177.78,1 Unit,8.037712,0.045,0.045,0.045,OnDemand,USD,Microsoft.SharedInfra,/subscriptions/a1b2c3d4-9999-9999-9999-000000000099/resourceGroups/rg-shared-infra/providers/Microsoft.SharedInfra/Key Vault/key-vault,key-vault,{},"{""cpuUtilPct"": 4.01, ""memoryUtilPct"": 9.48, ""diskUtilPct"": 2.74, ""idleHours"": 500, ""lastActivityAt"": ""2025-11-14T18:51:41Z""}",Security,Usage,Azure,,
EA-9876543210,shared-infra-sub,shared-infra-sub,owner_infra@company.com,a1b2c3d4-9999-9999-9999-000000000099,shared-infra-sub,rg-shared-infra,eastus,2025-12-08,Azure Blob Storage,Storage,Data Stored,2e8ee991-b3b7-5136-98e5-4772405cdb0c,Data Stored,400.0,1 Unit,17.94499,0.045,0.045,0.045,OnDemand,USD,Microsoft.SharedInfra,/subscriptions/a1b2c3d4-9999-9999-9999-000000000099/resourceGroups/rg-shared-infra/providers/Microsoft.SharedInfra/Storage/storage,storage,{},"{""cpuUtilPct"": 0.76, ""memoryUtilPct"": 5.07, ""diskUtilPct"": 3.66, ""idleHours"": 515, ""lastActivityAt"": ""2025-11-11T05:25:43Z""}",Storage,Usage,Azure,,
EA-9876543210,platform-prod-sub,platform-prod-sub,owner_0001@company.com,a1b2c3d4-0001-0001-0001-000000000001,platform-prod-sub,rg-platform-prod,eastus,2025-12-09,Virtual Machines Standard_D2s_v3 - eastus,Virtual Machines,Standard_D2s_v3 Series,bbc4f1e6-b32a-5f02-86f0-702bf6097b8b,D2s v3,24.0,1 Hour,4.022639,0.168,0.16761,0.168,OnDemand,USD,Microsoft.Compute,/subscriptions/a1b2c3d4-0001-0001-0001-000000000001/resourceGroups/rg-platform-prod/providers/Microsoft.Compute/virtualMachines/vm-standard-d2s-v3-00,vm-standard-d2s-v3-00,"{""team"": ""platform"", ""environment"": ""prod"", ""costcenter"": ""CC100"", ""application"": ""platform-core"", ""business_unit"": ""engineering"", ""owner_email"": ""platform-owner@company.com"", ""support_group"": ""platform-operations"", ""workload_criticality"": ""mission_critical"", ""sla_tier"": ""platinum""}","{""ServiceType"": ""Standard"", ""VMName"": ""vm-standard-d2s-v3-00"", ""vCPUs"": 2, ""cpuUtilPct"": 38.02, ""memoryUtilPct"": 48.55, ""diskUtilPct"": 39.39, ""idleHours"": 12, ""lastActivityAt"": ""2025-12-07T14:20:15Z""}",Compute,Usage,Azure,,
EA-9876543210,platform-prod-sub,platform-prod-sub,owner_0001@company.com,a1b2c3d4-0001-0001-0001-000000000001,platform-prod-sub,rg-platform-prod,eastus,2025-12-09,Virtual Machines Standard_D2s_v3 - eastus,Virtual Machines,Standard_D2s_v3 Series,bbc4f1e6-b32a-5f02-86f0-702bf6097b8b,D2s v3,24.0,1 Hour,4.02787,0.168,0.167828,0.168,OnDemand,USD,Microsoft.Compute,/subscriptions/a1b2c3d4-0001-0001-0001-000000000001/resourceGroups/rg-platform-prod/providers/Microsoft.Compute/virtualMachines/vm-standard-d2s-v3-01,vm-standard-d2s-v3-01,"{""team"": ""platform"", ""environment"": ""prod"", ""costcenter"": ""CC100"", ""application"": ""platform-core"", ""business_unit"": ""engineering"", ""owner_email"": ""platform-owner@company.com"", ""support_group"": ""platform-operations"", ""workload_criticality"": ""mission_critical"", ""sla_tier"": ""platinum""}","{""ServiceType"": ""Standard"", ""VMName"": ""vm-standard-d2s-v3-01"", ""vCPUs"": 2, ""cpuUtilPct"": 38.93, ""memoryUtilPct"": 42.82, ""diskUtilPct"": 42.31, ""idleHours"": 6, ""lastActivityAt"": ""2025-12-08T17:33:39Z""}",Compute,Usage,Azure,,
EA-9876543210,app-prod-sub,app-prod-sub,owner_0003@company.com,a1b2c3d4-0003-0003-0003-000000000003,app-prod-sub,rg-app-prod,eastus,2025-12-09,Virtual Machines Standard_D4s_v3 - eastus,Virtual Machines,Standard_D4s_v3 Series,6c8e1236-a3aa-53d7-8e09-dadb98f69027,D4s v3,24.0,1 Hour,8.11341,0.336,0.338059,0.336,OnDemand,USD,Microsoft.Compute,/subscriptions/a1b2c3d4-0003-0003-0003-000000000003/resourceGroups/rg-app-prod/providers/Microsoft.Compute/virtualMachines/vm-standard-d4s-v3-02,vm-standard-d4s-v3-02,"{""team"": ""backend"", ""environment"": ""prod"", ""costcenter"": ""CC400"", ""application"": ""core-api"", ""business_unit"": ""product"", ""owner_email"": ""backend-owner@company.com"", ""support_group"": ""api-operations"", ""workload_criticality"": ""high"", ""sla_tier"": ""gold""}","{""ServiceType"": ""Standard"", ""VMName"": ""vm-standard-d4s-v3-02"", ""vCPUs"": 4, ""cpuUtilPct"": 30.85, ""memoryUtilPct"": 51.79, ""diskUtilPct"": 23.57, ""idleHours"": 52, ""lastActivityAt"": ""2025-12-06T07:06:51Z""}",Compute,Usage,Azure,,
EA-9876543210,data-eng-prod-sub,data-eng-prod-sub,owner_0002@company.com,a1b2c3d4-0002-0002-0002-000000000002,data-eng-prod-sub,rg-data-prod,westeurope,2025-12-09,Virtual Machines Standard_E4s_v3 - westeurope,Virtual Machines,Standard_E4s_v3 Series,7373fa15-5d45-5d30-a83f-72064e156f94,E4s v3,24.0,1 Hour,5.050935,0.364,0.210456,0.364,Reservation,USD,Microsoft.Compute,/subscriptions/a1b2c3d4-0002-0002-0002-000000000002/resourceGroups/rg-data-prod/providers/Microsoft.Compute/virtualMachines/vm-standard-e4s-v3-03,vm-standard-e4s-v3-03,"{""team"": ""data-eng"", ""environment"": ""prod"", ""costcenter"": ""CC200"", ""application"": ""data-platform"", ""business_unit"": ""data"", ""owner_email"": ""data-eng-owner@company.com"", ""support_group"": ""data-platform-ops"", ""workload_criticality"": ""high"", ""sla_tier"": ""gold""}","{""ServiceType"": ""Standard"", ""VMName"": ""vm-standard-e4s-v3-03"", ""vCPUs"": 4, ""cpuUtilPct"": 29.17, ""memoryUtilPct"": 35.42, ""diskUtilPct"": 37.67, ""idleHours"": 58, ""lastActivityAt"": ""2025-12-06T19:21:03Z""}",Compute,Usage,Azure,/providers/Microsoft.BillingBenefits/savingsPlanOrders/71bf7a65-1f78-4909-ad4d-027cc94e19ab,Reserved VM Instance_westeurope_1Year
EA-9876543210,data-eng-prod-sub,data-eng-prod-sub,owner_0002@company.com,a1b2c3d4-0002-0002-0002-000000000002,data-eng-prod-sub,rg-data-prod,westeurope,2025-12-09,Virtual Machines Standard_E8s_v3 - westeurope,Virtual Machines,Standard_E8s_v3 Series,2b9593f7-8692-56d9-b10a-a624f400da47,E8s v3,24.0,1 Hour,9.653969,0.728,0.402249,0.728,Reservation,USD,Microsoft.Compute,/subscriptions/a1b2c3d4-0002-0002-0002-000000000002/resourceGroups/rg-data-prod/providers/Microsoft.Compute/virtualMachines/vm-standard-e8s-v3-04,vm-standard-e8s-v3-04,"{""team"": ""data-eng"", ""environment"": ""prod"", ""costcenter"": ""CC200"", ""application"": ""data-platform"", ""business_unit"": ""data"", ""owner_email"": ""data-eng-owner@company.com"", ""support_group"": ""data-platform-ops"", ""workload_criticality"": ""high"", ""sla_tier"": ""gold""}","{""ServiceType"": ""Standard"", ""VMName"": ""vm-standard-e8s-v3-04"", ""vCPUs"": 8, ""cpuUtilPct"": 36.06, ""memoryUtilPct"": 45.78, ""diskUtilPct"": 23.26, ""idleHours"": 20, ""lastActivityAt"": ""2025-12-06T04:56:30Z""}",Compute,Usage,Azure,/providers/Microsoft.BillingBenefits/savingsPlanOrders/b3e8b1b1-32e0-4184-84a8-b7b8a95d9358,Reserved VM Instance_westeurope_1Year
EA-9876543210,data-eng-prod-sub,data-eng-prod-sub,owner_0002@company.com,a1b2c3d4-0002-0002-0002-000000000002,data-eng-prod-sub,rg-ml-prod,westeurope,2025-12-09,Virtual Machines Standard_F4s_v2 - westeurope,Virtual Machines,Standard_F4s_v2 Series,303bf71a-6d52-56d9-8e75-95552aa01c86,F4s v2,24.0,1 Hour,6.10165,0.252,0.254235,0.252,OnDemand,USD,Microsoft.Compute,/subscriptions/a1b2c3d4-0002-0002-0002-000000000002/resourceGroups/rg-ml-prod/providers/Microsoft.Compute/virtualMachines/vm-standard-f4s-v2-05,vm-standard-f4s-v2-05,"{""team"": ""ml"", ""environment"": ""prod"", ""costcenter"": ""CC500"", ""application"": ""ml-platform"", ""business_unit"": ""ai"", ""owner_email"": ""ml-owner@company.com"", ""support_group"": ""ml-platform-sre"", ""workload_criticality"": ""high"", ""sla_tier"": ""gold""}","{""ServiceType"": ""Standard"", ""VMName"": ""vm-standard-f4s-v2-05"", ""vCPUs"": 4, ""cpuUtilPct"": 35.89, ""memoryUtilPct"": 47.98, ""diskUtilPct"": 27.42, ""idleHours"": 16, ""lastActivityAt"": ""2025-12-07T00:01:44Z""}",Compute,Usage,Azure,,
EA-9876543210,data-eng-prod-sub,data-eng-prod-sub,owner_0002@company.com,a1b2c3d4-0002-0002-0002-000000000002,data-eng-prod-sub,rg-ml-prod,westeurope,2025-12-09,Virtual Machines Standard_D8s_v3 - westeurope,Virtual Machines,Standard_D8s_v3 Series,348575ff-7ae0-57e5-896e-037d67179117,D8s v3,24.0,1 Hour,9.228984,0.672,0.384541,0.672,Reservation,USD,Microsoft.Compute,/subscriptions/a1b2c3d4-0002-0002-0002-000000000002/resourceGroups/rg-ml-prod/providers/Microsoft.Compute/virtualMachines/vm-standard-d8s-v3-06,vm-standard-d8s-v3-06,"{""team"": ""ml"", ""environment"": ""prod"", ""costcenter"": ""CC500"", ""application"": ""ml-platform"", ""business_unit"": ""ai"", ""owner_email"": ""ml-owner@company.com"", ""support_group"": ""ml-platform-sre"", ""workload_criticality"": ""high"", ""sla_tier"": ""gold""}","{""ServiceType"": ""Standard"", ""VMName"": ""vm-standard-d8s-v3-06"", ""vCPUs"": 8, ""cpuUtilPct"": 29.54, ""memoryUtilPct"": 36.07, ""diskUtilPct"": 38.96, ""idleHours"": 56, ""lastActivityAt"": ""2025-12-07T13:26:06Z""}",Compute,Usage,Azure,/providers/Microsoft.BillingBenefits/savingsPlanOrders/343b01ce-b249-4d2e-a09b-f7c9c20ddf95,Reserved VM Instance_westeurope_1Year
EA-9876543210,data-eng-prod-sub,data-eng-prod-sub,owner_0002@company.com,a1b2c3d4-0002-0002-0002-000000000002,data-eng-prod-sub,rg-ml-prod,westeurope,2025-12-09,Unused Reservation - vm-standard-d8s-v3-06,Virtual Machines,Unused Capacity,7c5c9a23-a831-532d-8f19-d8a031756b77,Unused,0.0,1 Hour,2.84195,0.0,0.0,0.672,Reservation,USD,Microsoft.Compute,,vm-standard-d8s-v3-06,"{""team"": ""ml"", ""environment"": ""prod"", ""costcenter"": ""CC500"", ""application"": ""ml-platform"", ""business_unit"": ""ai"", ""owner_email"": ""ml-owner@company.com"", ""support_group"": ""ml-platform-sre"", ""workload_criticality"": ""high"", ""sla_tier"": ""gold""}","{""cpuUtilPct"": 29.54, ""memoryUtilPct"": 36.07, ""diskUtilPct"": 38.96, ""idleHours"": 56, ""lastActivityAt"": ""2025-12-07T13:26:06Z""}",Compute,UnusedReservation,Azure,/providers/Microsoft.BillingBenefits/savingsPlanOrders/58639488-b9c1-40dd-ab7b-ee5b17cbc33b,Reserved VM Instance_westeurope_1Year
EA-9876543210,app-prod-sub,app-prod-sub,owner_0003@company.com,a1b2c3d4-0003-0003-0003-000000000003,app-prod-sub,rg-app-prod,southeastasia,2025-12-09,Virtual Machines Standard_B2s - southeastasia,Virtual Machines,Standard_B2s Series,78a50003-6630-5ba4-aad2-c10f0de71d3b,B2s,24.0,1 Hour,1.99596,0.084,0.083165,0.084,OnDemand,USD,Microsoft.Compute,/subscriptions/a1b2c3d4-0003-0003-0003-000000000003/resourceGroups/rg-app-prod/providers/Microsoft.Compute/virtualMachines/vm-standard-b2s-07,vm-standard-b2s-07,{},"{""ServiceType"": ""Standard"", ""VMName"": ""vm-standard-b2s-07"", ""vCPUs"": 2, ""cpuUtilPct"": 30.71, ""memoryUtilPct"": 38.1, ""diskUtilPct"": 21.88, ""idleHours"": 65, ""lastActivityAt"": ""2025-12-05T19:46:17Z""}",Compute,Usage,Azure,,
EA-9876543210,app-prod-sub,app-prod-sub,owner_0003@company.com,a1b2c3d4-0003-0003-0003-000000000003,app-prod-sub,rg-app-staging,southeastasia,2025-12-09,Virtual Machines Standard_B2s - southeastasia,Virtual Machines,Standard_B2s Series,78a50003-6630-5ba4-aad2-c10f0de71d3b,B2s,24.0,1 Hour,1.523831,0.084,0.063493,0.084,SavingsPlan,USD,Microsoft.Compute,/subscriptions/a1b2c3d4-0003-0003-0003-000000000003/resourceGroups/rg-app-staging/providers/Microsoft.Compute/virtualMachines/vm-standard-b2s-08,vm-standard-b2s-08,"{""team"": ""frontend"", ""environment"": ""staging"", ""costcenter"": ""CC300"", ""application"": ""customer-web"", ""business_unit"": ""product"", ""owner_email"": ""frontend-owner@company.com"", ""support_group"": ""customer-experience-support"", ""workload_criticality"": ""medium"", ""sla_tier"": ""silver""}","{""ServiceType"": ""Standard"", ""VMName"": ""vm-standard-b2s-08"", ""vCPUs"": 2, ""cpuUtilPct"": 19.5, ""memoryUtilPct"": 16.1, ""diskUtilPct"": 16.37, ""idleHours"": 107, ""lastActivityAt"": ""2025-12-05T14:48:41Z""}",Compute,Usage,Azure,/providers/Microsoft.BillingBenefits/savingsPlanOrders/c9d39ead-bea4-40d1-be63-a291ee75b3b1,Compute savings plan_1Year
EA-9876543210,app-prod-sub,app-prod-sub,owner_0003@company.com,a1b2c3d4-0003-0003-0003-000000000003,app-prod-sub,rg-app-staging,southeastasia,2025-12-09,Unused Reservation - vm-standard-b2s-08,Virtual Machines,Unused Capacity,f582ecf9-bc1e-50f5-b594-c763bf455fe3,Unused,0.0,1 Hour,0.383779,0.0,0.0,0.084,SavingsPlan,USD,Microsoft.Compute,,vm-standard-b2s-08,"{""team"": ""frontend"", ""environment"": ""staging"", ""costcenter"": ""CC300"", ""application"": ""customer-web"", ""business_unit"": ""product"", ""owner_email"": ""frontend-owner@company.com"", ""support_group"": ""customer-experience-support"", ""workload_criticality"": ""medium"", ""sla_tier"": ""silver""}","{""cpuUtilPct"": 19.5, ""memoryUtilPct"": 16.1, ""diskUtilPct"": 16.37, ""idleHours"": 107, ""lastActivityAt"": ""2025-12-05T14:48:41Z""}",Compute,UnusedSavingsPlan,Azure,/providers/Microsoft.BillingBenefits/savingsPlanOrders/697bde18-5d42-4f62-9334-d169c1aee861,Compute savings plan_1Year
EA-9876543210,app-prod-sub,app-prod-sub,owner_0003@company.com,a1b2c3d4-0003-0003-0003-000000000003,app-prod-sub,rg-app-staging,eastus,2025-12-09,Virtual Machines Standard_D2s_v3 - eastus,Virtual Machines,Standard_D2s_v3 Series,bbc4f1e6-b32a-5f02-86f0-702bf6097b8b,D2s v3,24.0,1 Hour,4.070935,0.168,0.169622,0.168,OnDemand,USD,Microsoft.Compute,/subscriptions/a1b2c3d4-0003-0003-0003-000000000003/resourceGroups/rg-app-staging/providers/Microsoft.Compute/virtualMachines/vm-standard-d2s-v3-09,vm-standard-d2s-v3-09,{},"{""ServiceType"": ""Standard"", ""VMName"": ""vm-standard-d2s-v3-09"", ""vCPUs"": 2, ""cpuUtilPct"": 17.91, ""memoryUtilPct"": 20.82, ""diskUtilPct"": 20.64, ""idleHours"": 108, ""lastActivityAt"": ""2025-11-28T13:05:44Z""}",Compute,Usage,Azure,,
EA-9876543210,platform-prod-sub,platform-prod-sub,owner_0001@company.com,a1b2c3d4-0001-0001-0001-000000000001,platform-prod-sub,rg-platform-dev,eastus,2025-12-09,Virtual Machines Standard_B2s - eastus,Virtual Machines,Standard_B2s Series,7190101e-d2ab-5a56-ad8e-83f7122f17e8,B2s,24.0,1 Hour,2.022167,0.084,0.084257,0.084,OnDemand,USD,Microsoft.Compute,/subscriptions/a1b2c3d4-0001-0001-0001-000000000001/resourceGroups/rg-platform-dev/providers/Microsoft.Compute/virtualMachines/vm-standard-b2s-10,vm-standard-b2s-10,"{""team"": ""platform"", ""environment"": ""dev"", ""costcenter"": ""CC100"", ""application"": ""platform-core"", ""business_unit"": ""engineering"", ""owner_email"": ""platform-owner@company.com"", ""support_group"": ""platform-operations"", ""workload_criticality"": ""low"", ""sla_tier"": ""bronze""}","{""ServiceType"": ""Standard"", ""VMName"": ""vm-standard-b2s-10"", ""vCPUs"": 2, ""cpuUtilPct"": 2.19, ""memoryUtilPct"": 9.77, ""diskUtilPct"": 7.84, ""idleHours"": 677, ""lastActivityAt"": ""2025-11-11T22:53:45Z""}",Compute,Usage,Azure,,
EA-9876543210,app-prod-sub,app-prod-sub,owner_0003@company.com,a1b2c3d4-0003-0003-0003-000000000003,app-prod-sub,rg-app-dev,eastus,2025-12-09,Virtual Machines Standard_B2s - eastus,Virtual Machines,Standard_B2s Series,7190101e-d2ab-5a56-ad8e-83f7122f17e8,B2s,24.0,1 Hour,1.998591,0.084,0.083275,0.084,OnDemand,USD,Microsoft.Compute,/subscriptions/a1b2c3d4-0003-0003-0003-000000000003/resourceGroups/rg-app-dev/providers/Microsoft.Compute/virtualMachines/vm-standard-b2s-11,vm-standard-b2s-11,{},"{""ServiceType"": ""Standard"", ""VMName"": ""vm-standard-b2s-11"", ""vCPUs"": 2, ""cpuUtilPct"": 1.56, ""memoryUtilPct"": 4.62, ""diskUtilPct"": 1.45, ""idleHours"": 600, ""lastActivityAt"": ""2025-11-20T14:06:30Z""}",Compute,Usage,Azure,,
EA-9876543210,platform-prod-sub,platform-prod-sub,owner_0001@company.com,a1b2c3d4-0001-0001-0001-000000000001,platform-prod-sub,rg-platform-prod,eastus,2025-12-09,Blob Storage - LRS - Hot - eastus,Storage,Blobs - LRS - Hot,fb8faed0-f377-5fb0-92b7-78035153a7fa,Data Stored,850.3821,1 GB/Month,0.5088,0.018,0.018,0.018,OnDemand,USD,Microsoft.Storage,/subscriptions/a1b2c3d4-0001-0001-0001-000000000001/resourceGroups/rg-platform-prod/providers/Microsoft.Storage/storageAccounts/stplatformassets,stplatformassets,"{""team"": ""platform"", ""environment"": ""prod"", ""costcenter"": ""CC100"", ""application"": ""platform-core"", ""business_unit"": ""engineering"", ""owner_email"": ""platform-owner@company.com"", ""support_group"": ""platform-operations"", ""workload_criticality"": ""mission_critical"", ""sla_tier"": ""platinum""}","{""AccountType"": ""LRS"", ""cpuUtilPct"": 0.0, ""memoryUtilPct"": 0.0, ""diskUtilPct"": 55.07, ""idleHours"": 22, ""lastActivityAt"": ""2025-12-07T09:35:45Z""}",Storage,Usage,Azure,,
EA-9876543210,data-eng-prod-sub,data-eng-prod-sub,owner_0002@company.com,a1b2c3d4-0002-0002-0002-000000000002,data-eng-prod-sub,rg-data-prod,westeurope,2025-12-09,Blob Storage - ZRS - Hot - westeurope,Storage,Blobs - ZRS - Hot,9dd9b051-b91d-533a-9f70-e4838eb241bb,Data Stored,3199.2562,1 GB/Month,2.451827,0.023,0.023,0.023,OnDemand,USD,Microsoft.Storage,/subscriptions/a1b2c3d4-0002-0002-0002-000000000002/resourceGroups/rg-data-prod/providers/Microsoft.Storage/storageAccounts/stdatalake,stdatalake,"{""team"": ""data-eng"", ""environment"": ""prod"", ""costcenter"": ""CC200"", ""application"": ""data-platform"", ""business_unit"": ""data"", ""owner_email"": ""data-eng-owner@company.com"", ""support_group"": ""data-platform-ops"", ""workload_criticality"": ""high"", ""sla_tier"": ""gold""}","{""AccountType"": ""ZRS"", ""cpuUtilPct"": 0.0, ""memoryUtilPct"": 0.0, ""diskUtilPct"": 33.49, ""idleHours"": 20, ""lastActivityAt"": ""2025-12-07T21:26:14Z""}",Storage,Usage,Azure,,
EA-9876543210,app-prod-sub,app-prod-sub,owner_0003@company.com,a1b2c3d4-0003-0003-0003-000000000003,app-prod-sub,rg-app-prod,southeastasia,2025-12-09,Blob Storage - LRS - Hot - southeastasia,Storage,Blobs - LRS - Hot,3ae72a36-b458-5b93-9e16-84484844594d,Data Stored,399.6681,1 GB/Month,0.239974,0.018,0.018,0.018,OnDemand,USD,Microsoft.Storage,/subscriptions/a1b2c3d4-0003-0003-0003-000000000003/resourceGroups/rg-app-prod/providers/Microsoft.Storage/storageAccounts/stappassets,stappassets,"{""team"": ""frontend"", ""environment"": ""prod"", ""costcenter"": ""CC300"", ""application"": ""customer-web"", ""business_unit"": ""product"", ""owner_email"": ""frontend-owner@company.com"", ""support_group"": ""customer-experience-support"", ""workload_criticality"": ""high"", ""sla_tier"": ""gold""}","{""AccountType"": ""LRS"", ""cpuUtilPct"": 0.0, ""memoryUtilPct"": 0.0, ""diskUtilPct"": 60.23, ""idleHours"": 2, ""lastActivityAt"": ""2025-12-08T13:56:48Z""}",Storage,Usage,Azure,,
EA-9876543210,data-eng-prod-sub,data-eng-prod-sub,owner_0002@company.com,a1b2c3d4-0002-0002-0002-000000000002,data-eng-prod-sub,rg-ml-prod,westeurope,2025-12-09,Blob Storage - LRS - Hot - westeurope,Storage,Blobs - LRS - Hot,4ba045d2-b571-568f-be23-884194c5daba,Data Stored,1099.6918,1 GB/Month,0.659352,0.018,0.018,0.018,OnDemand,USD,Microsoft.Storage,/subscriptions/a1b2c3d4-0002-0002-0002-000000000002/resourceGroups/rg-ml-prod/providers/Microsoft.Storage/storageAccounts/stmlmodels,stmlmodels,"{""team"": ""ml"", ""environment"": ""prod"", ""costcenter"": ""CC500"", ""application"": ""ml-platform"", ""business_unit"": ""ai"", ""owner_email"": ""ml-owner@company.com"", ""support_group"": ""ml-platform-sre"", ""workload_criticality"": ""high"", ""sla_tier"": ""gold""}","{""AccountType"": ""LRS"", ""cpuUtilPct"": 0.0, ""memoryUtilPct"": 0.0, ""diskUtilPct"": 36.35, ""idleHours"": 10, ""lastActivityAt"": ""2025-12-08T04:10:40Z""}",Storage,Usage,Azure,,
EA-9876543210,platform-prod-sub,platform-prod-sub,owner_0001@company.com,a1b2c3d4-0001-0001-0001-000000000001,platform-prod-sub,rg-platform-prod,eastus,2025-12-09,Azure SQL Database Standard_S2 - eastus,SQL Database,Standard_S2,cd1e0b9a-8ff0-5779-9281-87ab698e2916,vCore Hours,24.0,1 Hour,7.423394,0.31,0.31,0.31,OnDemand,USD,Microsoft.Sql,/subscriptions/a1b2c3d4-0001-0001-0001-000000000001/resourceGroups/rg-platform-prod/providers/Microsoft.Sql/servers/databases/sqldb-standard-0001,sqldb-standard-0001,"{""team"": ""platform"", ""environment"": ""prod"", ""costcenter"": ""CC100"", ""application"": ""platform-core"", ""business_unit"": ""engineering"", ""owner_email"": ""platform-owner@company.com"", ""support_group"": ""platform-operations"", ""workload_criticality"": ""mission_critical"", ""sla_tier"": ""platinum""}","{""cpuUtilPct"": 44.97, ""memoryUtilPct"": 48.29, ""diskUtilPct"": 32.58, ""idleHours"": 7, ""lastActivityAt"": ""2025-12-07T23:05:14Z""}",Databases,Usage,Azure,,
EA-9876543210,data-eng-prod-sub,data-eng-prod-sub,owner_0002@company.com,a1b2c3d4-0002-0002-0002-000000000002,data-eng-prod-sub,rg-data-prod,westeurope,2025-12-09,Azure SQL Database Business Critical_BC_Gen5_4 - westeurope,SQL Database,Business Critical_BC_Gen5_4,4bab5ab0-7291-58c2-8564-3252f5053179,vCore Hours,24.0,1 Hour,53.193353,2.2,2.2,2.2,OnDemand,USD,Microsoft.Sql,/subscriptions/a1b2c3d4-0002-0002-0002-000000000002/resourceGroups/rg-data-prod/providers/Microsoft.Sql/servers/databases/sqldb-business critical-0002,sqldb-business critical-0002,"{""team"": ""data-eng"", ""environment"": ""prod"", ""costcenter"": ""CC200"", ""application"": ""data-platform"", ""business_unit"": ""data"", ""owner_email"": ""data-eng-owner@company.com"", ""support_group"": ""data-platform-ops"", ""workload_criticality"": ""high"", ""sla_tier"": ""gold""}","{""cpuUtilPct"": 23.32, ""memoryUtilPct"": 48.42, ""diskUtilPct"": 30.66, ""idleHours"": 67, ""lastActivityAt"": ""2025-12-06T06:21:04Z""}",Databases,Usage,Azure,,
EA-9876543210,app-prod-sub,app-prod-sub,owner_0003@company.com,a1b2c3d4-0003-0003-0003-000000000003,app-prod-sub,rg-app-prod,eastus,2025-12-09,Azure SQL Database General Purpose_GP_Gen5_2 - eastus,SQL Database,General Purpose_GP_Gen5_2,69e0198c-4ca3-5ac2-8540-db65f6d44c56,vCore Hours,24.0,1 Hour,14.363454,0.6,0.6,0.6,OnDemand,USD,Microsoft.Sql,/subscriptions/a1b2c3d4-0003-0003-0003-000000000003/resourceGroups/rg-app-prod/providers/Microsoft.Sql/servers/databases/sqldb-general purpose-0003,sqldb-general purpose-0003,"{""team"": ""backend"", ""environment"": ""prod"", ""costcenter"": ""CC400"", ""application"": ""core-api"", ""business_unit"": ""product"", ""owner_email"": ""backend-owner@company.com"", ""support_group"": ""api-operations"", ""workload_criticality"": ""high"", ""sla_tier"": ""gold""}","{""cpuUtilPct"": 34.1, ""memoryUtilPct"": 42.21, ""diskUtilPct"": 19.28, ""idleHours"": 33, ""lastActivityAt"": ""2025-12-07T05:20:55Z""}",Databases,Usage,Azure,,
EA-9876543210,shared-infra-sub,shared-infra-sub,owner_infra@company.com,a1b2c3d4-9999-9999-9999-000000000099,shared-infra-sub,rg-shared-infra,eastus,2025-12-09,Azure Monitor,Monitor,Data Ingested,aadff281-e00d-588e-bd69-a4630325bd50,Data Ingested,1000.0,1 Unit,45.245889,0.045,0.045,0.045,OnDemand,USD,Microsoft.SharedInfra,/subscriptions/a1b2c3d4-9999-9999-9999-000000000099/resourceGroups/rg-shared-infra/providers/Microsoft.SharedInfra/Monitor/monitor,monitor,{},"{""cpuUtilPct"": 3.91, ""memoryUtilPct"": 3.61, ""diskUtilPct"": 2.87, ""idleHours"": 329, ""lastActivityAt"": ""2025-11-02T00:48:53Z""}",Management,Usage,Azure,,
EA-9876543210,shared-infra-sub,shared-infra-sub,owner_infra@company.com,a1b2c3d4-9999-9999-9999-000000000099,shared-infra-sub,rg-shared-infra,eastus,2025-12-09,Virtual Network,Networking,Intra-Region,cc2ca1a8-2d13-5873-b301-4b8ed16ed2c0,Intra-Region,622.22,1 Unit,28.107623,0.045,0.045,0.045,OnDemand,USD,Microsoft.SharedInfra,/subscriptions/a1b2c3d4-9999-9999-9999-000000000099/resourceGroups/rg-shared-infra/providers/Microsoft.SharedInfra/Networking/networking,networking,{},"{""cpuUtilPct"": 1.31, ""memoryUtilPct"": 4.32, ""diskUtilPct"": 7.92, ""idleHours"": 511, ""lastActivityAt"": ""2025-11-08T09:07:19Z""}",Networking,Usage,Azure,,
EA-9876543210,shared-infra-sub,shared-infra-sub,owner_infra@company.com,a1b2c3d4-9999-9999-9999-000000000099,shared-infra-sub,rg-shared-infra,eastus,2025-12-09,API Management,API Management,Gateway Units,78998862-331b-5215-a4b4-8d4500189f89,Gateway Units,2666.67,1 Unit,120.865004,0.045,0.045,0.045,OnDemand,USD,Microsoft.SharedInfra,/subscriptions/a1b2c3d4-9999-9999-9999-000000000099/resourceGroups/rg-shared-infra/providers/Microsoft.SharedInfra/API Management/api-management,api-management,{},"{""cpuUtilPct"": 0.5, ""memoryUtilPct"": 7.1, ""diskUtilPct"": 7.77, ""idleHours"": 468, ""lastActivityAt"": ""2025-11-13T04:59:15Z""}",Integration,Usage,Azure,,
EA-9876543210,shared-infra-sub,shared-infra-sub,owner_infra@company.com,a1b2c3d4-9999-9999-9999-000000000099,shared-infra-sub,rg-shared-infra,eastus,2025-12-09,Azure Key Vault,Key Vault,Operations,3cb0172e-6732-5350-b439-97753364a78c,Operations,177.78,1 Unit,8.007826,0.045,0.045,0.045,OnDemand,USD,Microsoft.SharedInfra,/subscriptions/a1b2c3d4-9999-9999-9999-000000000099/resourceGroups/rg-shared-infra/providers/Microsoft.SharedInfra/Key Vault/key-vault,key-vault,{},"{""cpuUtilPct"": 3.23, ""memoryUtilPct"": 5.22, ""diskUtilPct"": 1.57, ""idleHours"": 474, ""lastActivityAt"": ""2025-11-23T10:56:28Z""}",Security,Usage,Azure,,
EA-9876543210,shared-infra-sub,shared-infra-sub,owner_infra@company.com,a1b2c3d4-9999-9999-9999-000000000099,shared-infra-sub,rg-shared-infra,eastus,2025-12-09,Azure Blob Storage,Storage,Data Stored,2e8ee991-b3b7-5136-98e5-4772405cdb0c,Data Stored,400.0,1 Unit,17.848565,0.045,0.045,0.045,OnDemand,USD,Microsoft.SharedInfra,/subscriptions/a1b2c3d4-9999-9999-9999-000000000099/resourceGroups/rg-shared-infra/providers/Microsoft.SharedInfra/Storage/storage,storage,{},"{""cpuUtilPct"": 4.37, ""memoryUtilPct"": 6.09, ""diskUtilPct"": 1.86, ""idleHours"": 376, ""lastActivityAt"": ""2025-11-17T04:57:53Z""}",Storage,Usage,Azure,,
EA-9876543210,platform-prod-sub,platform-prod-sub,owner_0001@company.com,a1b2c3d4-0001-0001-0001-000000000001,platform-prod-sub,rg-platform-prod,eastus,2025-12-10,Virtual Machines Standard_D2s_v3 - eastus,Virtual Machines,Standard_D2s_v3 Series,bbc4f1e6-b32a-5f02-86f0-702bf6097b8b,D2s v3,24.0,1 Hour,4.042551,0.168,0.16844,0.168,OnDemand,USD,Microsoft.Compute,/subscriptions/a1b2c3d4-0001-0001-0001-000000000001/resourceGroups/rg-platform-prod/providers/Microsoft.Compute/virtualMachines/vm-standard-d2s-v3-00,vm-standard-d2s-v3-00,"{""team"": ""platform"", ""environment"": ""prod"", ""costcenter"": ""CC100"", ""application"": ""platform-core"", ""business_unit"": ""engineering"", ""owner_email"": ""platform-owner@company.com"", ""support_group"": ""platform-operations"", ""workload_criticality"": ""mission_critical"", ""sla_tier"": ""platinum""}","{""ServiceType"": ""Standard"", ""VMName"": ""vm-standard-d2s-v3-00"", ""vCPUs"": 2, ""cpuUtilPct"": 51.33, ""memoryUtilPct"": 46.44, ""diskUtilPct"": 39.46, ""idleHours"": 21, ""lastActivityAt"": ""2025-12-09T18:20:42Z""}",Compute,Usage,Azure,,
EA-9876543210,platform-prod-sub,platform-prod-sub,owner_0001@company.com,a1b2c3d4-0001-0001-0001-000000000001,platform-prod-sub,rg-platform-prod,eastus,2025-12-10,Virtual Machines Standard_D2s_v3 - eastus,Virtual Machines,Standard_D2s_v3 Series,bbc4f1e6-b32a-5f02-86f0-702bf6097b8b,D2s v3,24.0,1 Hour,4.057658,0.168,0.169069,0.168,OnDemand,USD,Microsoft.Compute,/subscriptions/a1b2c3d4-0001-0001-0001-000000000001/resourceGroups/rg-platform-prod/providers/Microsoft.Compute/virtualMachines/vm-standard-d2s-v3-01,vm-standard-d2s-v3-01,"{""team"": ""platform"", ""environment"": ""prod"", ""costcenter"": ""CC100"", ""application"": ""platform-core"", ""business_unit"": ""engineering"", ""owner_email"": ""platform-owner@company.com"", ""support_group"": ""platform-operations"", ""workload_criticality"": ""mission_critical"", ""sla_tier"": ""platinum""}","{""ServiceType"": ""Standard"", ""VMName"": ""vm-standard-d2s-v3-01"", ""vCPUs"": 2, ""cpuUtilPct"": 57.24, ""memoryUtilPct"": 42.4, ""diskUtilPct"": 42.51, ""idleHours"": 23, ""lastActivityAt"": ""2025-12-07T22:36:23Z""}",Compute,Usage,Azure,,
EA-9876543210,app-prod-sub,app-prod-sub,owner_0003@company.com,a1b2c3d4-0003-0003-0003-000000000003,app-prod-sub,rg-app-prod,eastus,2025-12-10,Virtual Machines Standard_D4s_v3 - eastus,Virtual Machines,Standard_D4s_v3 Series,6c8e1236-a3aa-53d7-8e09-dadb98f69027,D4s v3,24.0,1 Hour,7.998988,0.336,0.333291,0.336,OnDemand,USD,Microsoft.Compute,/subscriptions/a1b2c3d4-0003-0003-0003-000000000003/resourceGroups/rg-app-prod/providers/Microsoft.Compute/virtualMachines/vm-standard-d4s-v3-02,vm-standard-d4s-v3-02,"{""team"": ""backend"", ""environment"": ""prod"", ""costcenter"": ""CC400"", ""application"": ""core-api"", ""business_unit"": ""product"", ""owner_email"": ""backend-owner@company.com"", ""support_group"": ""api-operations"", ""workload_criticality"": ""high"", ""sla_tier"": ""gold""}","{""ServiceType"": ""Standard"", ""VMName"": ""vm-standard-d4s-v3-02"", ""vCPUs"": 4, ""cpuUtilPct"": 33.82, ""memoryUtilPct"": 29.39, ""diskUtilPct"": 21.09, ""idleHours"": 55, ""lastActivityAt"": ""2025-12-07T21:43:00Z""}",Compute,Usage,Azure,,
EA-9876543210,data-eng-prod-sub,data-eng-prod-sub,owner_0002@company.com,a1b2c3d4-0002-0002-0002-000000000002,data-eng-prod-sub,rg-data-prod,westeurope,2025-12-10,Virtual Machines Standard_E4s_v3 - westeurope,Virtual Machines,Standard_E4s_v3 Series,7373fa15-5d45-5d30-a83f-72064e156f94,E4s v3,24.0,1 Hour,5.292981,0.364,0.220541,0.364,Reservation,USD,Microsoft.Compute,/subscriptions/a1b2c3d4-0002-0002-0002-000000000002/resourceGroups/rg-data-prod/providers/Microsoft.Compute/virtualMachines/vm-standard-e4s-v3-03,vm-standard-e4s-v3-03,"{""team"": ""data-eng"", ""environment"": ""prod"", ""costcenter"": ""CC200"", ""application"": ""data-platform"", ""business_unit"": ""data"", ""owner_email"": ""data-eng-owner@company.com"", ""support_group"": ""data-platform-ops"", ""workload_criticality"": ""high"", ""sla_tier"": ""gold""}","{""ServiceType"": ""Standard"", ""VMName"": ""vm-standard-e4s-v3-03"", ""vCPUs"": 4, ""cpuUtilPct"": 22.4, ""memoryUtilPct"": 42.92, ""diskUtilPct"": 23.09, ""idleHours"": 37, ""lastActivityAt"": ""2025-12-08T09:43:34Z""}",Compute,Usage,Azure,/providers/Microsoft.BillingBenefits/savingsPlanOrders/78ddac75-9aa5-43e3-ad0b-4936a5b1aba4,Reserved VM Instance_westeurope_1Year
EA-9876543210,data-eng-prod-sub,data-eng-prod-sub,owner_0002@company.com,a1b2c3d4-0002-0002-0002-000000000002,data-eng-prod-sub,rg-data-prod,westeurope,2025-12-10,Virtual Machines Standard_E8s_v3 - westeurope,Virtual Machines,Standard_E8s_v3 Series,2b9593f7-8692-56d9-b10a-a624f400da47,E8s v3,24.0,1 Hour,11.925008,0.728,0.496875,0.728,Reservation,USD,Microsoft.Compute,/subscriptions/a1b2c3d4-0002-0002-0002-000000000002/resourceGroups/rg-data-prod/providers/Microsoft.Compute/virtualMachines/vm-standard-e8s-v3-04,vm-standard-e8s-v3-04,"{""team"": ""data-eng"", ""environment"": ""prod"", ""costcenter"": ""CC200"", ""application"": ""data-platform"", ""business_unit"": ""data"", ""owner_email"": ""data-eng-owner@company.com"", ""support_group"": ""data-platform-ops"", ""workload_criticality"": ""high"", ""sla_tier"": ""gold""}","{""ServiceType"": ""Standard"", ""VMName"": ""vm-standard-e8s-v3-04"", ""vCPUs"": 8, ""cpuUtilPct"": 22.76, ""memoryUtilPct"": 40.33, ""diskUtilPct"": 41.34, ""idleHours"": 20, ""lastActivityAt"": ""2025-12-06T13:18:59Z""}",Compute,Usage,Azure,/providers/Microsoft.BillingBenefits/savingsPlanOrders/e2b4be88-e396-4b04-a858-2002f0c65cc3,Reserved VM Instance_westeurope_1Year
EA-9876543210,data-eng-prod-sub,data-eng-prod-sub,owner_0002@company.com,a1b2c3d4-0002-0002-0002-000000000002,data-eng-prod-sub,rg-ml-prod,westeurope,2025-12-10,Virtual Machines Standard_F4s_v2 - westeurope,Virtual Machines,Standard_F4s_v2 Series,303bf71a-6d52-56d9-8e75-95552aa01c86,F4s v2,24.0,1 Hour,6.086145,0.252,0.253589,0.252,OnDemand,USD,Microsoft.Compute,/subscriptions/a1b2c3d4-0002-0002-0002-000000000002/resourceGroups/rg-ml-prod/providers/Microsoft.Compute/virtualMachines/vm-standard-f4s-v2-05,vm-standard-f4s-v2-05,"{""team"": ""ml"", ""environment"": ""prod"", ""costcenter"": ""CC500"", ""application"": ""ml-platform"", ""business_unit"": ""ai"", ""owner_email"": ""ml-owner@company.com"", ""support_group"": ""ml-platform-sre"", ""workload_criticality"": ""high"", ""sla_tier"": ""gold""}","{""ServiceType"": ""Standard"", ""VMName"": ""vm-standard-f4s-v2-05"", ""vCPUs"": 4, ""cpuUtilPct"": 36.31, ""memoryUtilPct"": 51.39, ""diskUtilPct"": 31.75, ""idleHours"": 56, ""lastActivityAt"": ""2025-12-08T05:16:49Z""}",Compute,Usage,Azure,,
EA-9876543210,data-eng-prod-sub,data-eng-prod-sub,owner_0002@company.com,a1b2c3d4-0002-0002-0002-000000000002,data-eng-prod-sub,rg-ml-prod,westeurope,2025-12-10,Virtual Machines Standard_D8s_v3 - westeurope,Virtual Machines,Standard_D8s_v3 Series,348575ff-7ae0-57e5-896e-037d67179117,D8s v3,24.0,1 Hour,9.939015,0.672,0.414126,0.672,Reservation,USD,Microsoft.Compute,/subscriptions/a1b2c3d4-0002-0002-0002-000000000002/resourceGroups/rg-ml-prod/providers/Microsoft.Compute/virtualMachines/vm-standard-d8s-v3-06,vm-standard-d8s-v3-06,"{""team"": ""ml"", ""environment"": ""prod"", ""costcenter"": ""CC500"", ""application"": ""ml-platform"", ""business_unit"": ""ai"", ""owner_email"": ""ml-owner@company.com"", ""support_group"": ""ml-platform-sre"", ""workload_criticality"": ""high"", ""sla_tier"": ""gold""}","{""ServiceType"": ""Standard"", ""VMName"": ""vm-standard-d8s-v3-06"", ""vCPUs"": 8, ""cpuUtilPct"": 37.53, ""memoryUtilPct"": 28.45, ""diskUtilPct"": 25.62, ""idleHours"": 28, ""lastActivityAt"": ""2025-12-08T15:59:09Z""}",Compute,Usage,Azure,/providers/Microsoft.BillingBenefits/savingsPlanOrders/492dc9c4-2d06-495d-8c10-a7909bb9db54,Reserved VM Instance_westeurope_1Year
EA-9876543210,app-prod-sub,app-prod-sub,owner_0003@company.com,a1b2c3d4-0003-0003-0003-000000000003,app-prod-sub,rg-app-prod,southeastasia,2025-12-10,Virtual Machines Standard_B2s - southeastasia,Virtual Machines,Standard_B2s Series,78a50003-6630-5ba4-aad2-c10f0de71d3b,B2s,24.0,1 Hour,2.035014,0.084,0.084792,0.084,OnDemand,USD,Microsoft.Compute,/subscriptions/a1b2c3d4-0003-0003-0003-000000000003/resourceGroups/rg-app-prod/providers/Microsoft.Compute/virtualMachines/vm-standard-b2s-07,vm-standard-b2s-07,"{""team"": ""frontend"", ""environment"": ""prod"", ""costcenter"": ""CC300"", ""application"": ""customer-web"", ""business_unit"": ""product"", ""owner_email"": ""frontend-owner@company.com"", ""support_group"": ""customer-experience-support"", ""workload_criticality"": ""high"", ""sla_tier"": ""gold""}","{""ServiceType"": ""Standard"", ""VMName"": ""vm-standard-b2s-07"", ""vCPUs"": 2, ""cpuUtilPct"": 22.68, ""memoryUtilPct"": 33.47, ""diskUtilPct"": 38.94, ""idleHours"": 57, ""lastActivityAt"": ""2025-12-07T05:04:42Z""}",Compute,Usage,Azure,,
EA-9876543210,app-prod-sub,app-prod-sub,owner_0003@company.com,a1b2c3d4-0003-0003-0003-000000000003,app-prod-sub,rg-app-staging,southeastasia,2025-12-10,Virtual Machines Standard_B2s - southeastasia,Virtual Machines,Standard_B2s Series,78a50003-6630-5ba4-aad2-c10f0de71d3b,B2s,24.0,1 Hour,1.38075,0.084,0.057531,0.084,SavingsPlan,USD,Microsoft.Compute,/subscriptions/a1b2c3d4-0003-0003-0003-000000000003/resourceGroups/rg-app-staging/providers/Microsoft.Compute/virtualMachines/vm-standard-b2s-08,vm-standard-b2s-08,{},"{""ServiceType"": ""Standard"", ""VMName"": ""vm-standard-b2s-08"", ""vCPUs"": 2, ""cpuUtilPct"": 7.89, ""memoryUtilPct"": 25.63, ""diskUtilPct"": 23.45, ""idleHours"": 218, ""lastActivityAt"": ""2025-12-03T11:26:29Z""}",Compute,Usage,Azure,/providers/Microsoft.BillingBenefits/savingsPlanOrders/32002b92-3fee-4775-96e9-56d1b9fd48c7,Compute savings plan_1Year
EA-9876543210,app-prod-sub,app-prod-sub,owner_0003@company.com,a1b2c3d4-0003-0003-0003-000000000003,app-prod-sub,rg-app-staging,eastus,2025-12-10,Virtual Machines Standard_D2s_v3 - eastus,Virtual Machines,Standard_D2s_v3 Series,bbc4f1e6-b32a-5f02-86f0-702bf6097b8b,D2s v3,24.0,1 Hour,3.998755,0.168,0.166615,0.168,OnDemand,USD,Microsoft.Compute,/subscriptions/a1b2c3d4-0003-0003-0003-000000000003/resourceGroups/rg-app-staging/providers/Microsoft.Compute/virtualMachines/vm-standard-d2s-v3-09,vm-standard-d2s-v3-09,{},"{""ServiceType"": ""Standard"", ""VMName"": ""vm-standard-d2s-v3-09"", ""vCPUs"": 2, ""cpuUtilPct"": 9.48, ""memoryUtilPct"": 24.6, ""diskUtilPct"": 19.05, ""idleHours"": 216, ""lastActivityAt"": ""2025-12-04T07:19:59Z""}",Compute,Usage,Azure,,
EA-9876543210,platform-prod-sub,platform-prod-sub,owner_0001@company.com,a1b2c3d4-0001-0001-0001-000000000001,platform-prod-sub,rg-platform-dev,eastus,2025-12-10,Virtual Machines Standard_B2s - eastus,Virtual Machines,Standard_B2s Series,7190101e-d2ab-5a56-ad8e-83f7122f17e8,B2s,24.0,1 Hour,2.001777,0.084,0.083407,0.084,OnDemand,USD,Microsoft.Compute,/subscriptions/a1b2c3d4-0001-0001-0001-000000000001/resourceGroups/rg-platform-dev/providers/Microsoft.Compute/virtualMachines/vm-standard-b2s-10,vm-standard-b2s-10,"{""team"": ""platform"", ""environment"": ""dev"", ""costcenter"": ""CC100"", ""application"": ""platform-core"", ""business_unit"": ""engineering"", ""owner_email"": ""platform-owner@company.com"", ""support_group"": ""platform-operations"", ""workload_criticality"": ""low"", ""sla_tier"": ""bronze""}","{""ServiceType"": ""Standard"", ""VMName"": ""vm-standard-b2s-10"", ""vCPUs"": 2, ""cpuUtilPct"": 1.87, ""memoryUtilPct"": 7.26, ""diskUtilPct"": 1.67, ""idleHours"": 684, ""lastActivityAt"": ""2025-11-05T03:54:16Z""}",Compute,Usage,Azure,,
EA-9876543210,app-prod-sub,app-prod-sub,owner_0003@company.com,a1b2c3d4-0003-0003-0003-000000000003,app-prod-sub,rg-app-dev,eastus,2025-12-10,Virtual Machines Standard_B2s - eastus,Virtual Machines,Standard_B2s Series,7190101e-d2ab-5a56-ad8e-83f7122f17e8,B2s,24.0,1 Hour,2.005968,0.084,0.083582,0.084,OnDemand,USD,Microsoft.Compute,/subscriptions/a1b2c3d4-0003-0003-0003-000000000003/resourceGroups/rg-app-dev/providers/Microsoft.Compute/virtualMachines/vm-standard-b2s-11,vm-standard-b2s-11,{},"{""ServiceType"": ""Standard"", ""VMName"": ""vm-standard-b2s-11"", ""vCPUs"": 2, ""cpuUtilPct"": 1.07, ""memoryUtilPct"": 6.08, ""diskUtilPct"": 5.74, ""idleHours"": 601, ""lastActivityAt"": ""2025-11-25T22:04:10Z""}",Compute,Usage,Azure,,
EA-9876543210,platform-prod-sub,platform-prod-sub,owner_0001@company.com,a1b2c3d4-0001-0001-0001-000000000001,platform-prod-sub,rg-platform-prod,eastus,2025-12-10,Blob Storage - LRS - Hot - eastus,Storage,Blobs - LRS - Hot,fb8faed0-f377-5fb0-92b7-78035153a7fa,Data Stored,850.2764,1 GB/Month,0.510812,0.018,0.018,0.018,OnDemand,USD,Microsoft.Storage,/subscriptions/a1b2c3d4-0001-0001-0001-000000000001/resourceGroups/rg-platform-prod/providers/Microsoft.Storage/storageAccounts/stplatformassets,stplatformassets,"{""team"": ""platform"", ""environment"": ""prod"", ""costcenter"": ""CC100"", ""application"": ""platform-core"", ""business_unit"": ""engineering"", ""owner_email"": ""platform-owner@company.com"", ""support_group"": ""platform-operations"", ""workload_criticality"": ""mission_critical"", ""sla_tier"": ""platinum""}","{""AccountType"": ""LRS"", ""cpuUtilPct"": 0.0, ""memoryUtilPct"": 0.0, ""diskUtilPct"": 43.06, ""idleHours"": 20, ""lastActivityAt"": ""2025-12-08T07:37:54Z""}",Storage,Usage,Azure,,
EA-9876543210,data-eng-prod-sub,data-eng-prod-sub,owner_0002@company.com,a1b2c3d4-0002-0002-0002-000000000002,data-eng-prod-sub,rg-data-prod,westeurope,2025-12-10,Blob Storage - ZRS - Hot - westeurope,Storage,Blobs - ZRS - Hot,9dd9b051-b91d-533a-9f70-e4838eb241bb,Data Stored,3198.8091,1 GB/Month,2.45768,0.023,0.023,0.023,OnDemand,USD,Microsoft.Storage,/subscriptions/a1b2c3d4-0002-0002-0002-000000000002/resourceGroups/rg-data-prod/providers/Microsoft.Storage/storageAccounts/stdatalake,stdatalake,"{""team"": ""data-eng"", ""environment"": ""prod"", ""costcenter"": ""CC200"", ""application"": ""data-platform"", ""business_unit"": ""data"", ""owner_email"": ""data-eng-owner@company.com"", ""support_group"": ""data-platform-ops"", ""workload_criticality"": ""high"", ""sla_tier"": ""gold""}","{""AccountType"": ""ZRS"", ""cpuUtilPct"": 0.0, ""memoryUtilPct"": 0.0, ""diskUtilPct"": 44.78, ""idleHours"": 3, ""lastActivityAt"": ""2025-12-09T14:20:58Z""}",Storage,Usage,Azure,,
EA-9876543210,app-prod-sub,app-prod-sub,owner_0003@company.com,a1b2c3d4-0003-0003-0003-000000000003,app-prod-sub,rg-app-prod,southeastasia,2025-12-10,Blob Storage - LRS - Hot - southeastasia,Storage,Blobs - LRS - Hot,3ae72a36-b458-5b93-9e16-84484844594d,Data Stored,400.3893,1 GB/Month,0.23995,0.018,0.018,0.018,OnDemand,USD,Microsoft.Storage,/subscriptions/a1b2c3d4-0003-0003-0003-000000000003/resourceGroups/rg-app-prod/providers/Microsoft.Storage/storageAccounts/stappassets,stappassets,"{""team"": ""frontend"", ""environment"": ""prod"", ""costcenter"": ""CC300"", ""application"": ""customer-web"", ""business_unit"": ""product"", ""owner_email"": ""frontend-owner@company.com"", ""support_group"": ""customer-experience-support"", ""workload_criticality"": ""high"", ""sla_tier"": ""gold""}","{""AccountType"": ""LRS"", ""cpuUtilPct"": 0.0, ""memoryUtilPct"": 0.0, ""diskUtilPct"": 47.7, ""idleHours"": 13, ""lastActivityAt"": ""2025-12-08T02:50:01Z""}",Storage,Usage,Azure,,
EA-9876543210,data-eng-prod-sub,data-eng-prod-sub,owner_0002@company.com,a1b2c3d4-0002-0002-0002-000000000002,data-eng-prod-sub,rg-ml-prod,westeurope,2025-12-10,Blob Storage - LRS - Hot - westeurope,Storage,Blobs - LRS - Hot,4ba045d2-b571-568f-be23-884194c5daba,Data Stored,1100.6375,1 GB/Month,0.66191,0.018,0.018,0.018,OnDemand,USD,Microsoft.Storage,/subscriptions/a1b2c3d4-0002-0002-0002-000000000002/resourceGroups/rg-ml-prod/providers/Microsoft.Storage/storageAccounts/stmlmodels,stmlmodels,"{""team"": ""ml"", ""environment"": ""prod"", ""costcenter"": ""CC500"", ""application"": ""ml-platform"", ""business_unit"": ""ai"", ""owner_email"": ""ml-owner@company.com"", ""support_group"": ""ml-platform-sre"", ""workload_criticality"": ""high"", ""sla_tier"": ""gold""}","{""AccountType"": ""LRS"", ""cpuUtilPct"": 0.0, ""memoryUtilPct"": 0.0, ""diskUtilPct"": 31.39, ""idleHours"": 8, ""lastActivityAt"": ""2025-12-08T16:21:04Z""}",Storage,Usage,Azure,,
EA-9876543210,platform-prod-sub,platform-prod-sub,owner_0001@company.com,a1b2c3d4-0001-0001-0001-000000000001,platform-prod-sub,rg-platform-prod,eastus,2025-12-10,Azure SQL Database Standard_S2 - eastus,SQL Database,Standard_S2,cd1e0b9a-8ff0-5779-9281-87ab698e2916,vCore Hours,24.0,1 Hour,7.491623,0.31,0.31,0.31,OnDemand,USD,Microsoft.Sql,/subscriptions/a1b2c3d4-0001-0001-0001-000000000001/resourceGroups/rg-platform-prod/providers/Microsoft.Sql/servers/databases/sqldb-standard-0001,sqldb-standard-0001,"{""team"": ""platform"", ""environment"": ""prod"", ""costcenter"": ""CC100"", ""application"": ""platform-core"", ""business_unit"": ""engineering"", ""owner_email"": ""platform-owner@company.com"", ""support_group"": ""platform-operations"", ""workload_criticality"": ""mission_critical"", ""sla_tier"": ""platinum""}","{""cpuUtilPct"": 52.6, ""memoryUtilPct"": 65.16, ""diskUtilPct"": 29.06, ""idleHours"": 20, ""lastActivityAt"": ""2025-12-08T22:20:54Z""}",Databases,Usage,Azure,,
EA-9876543210,data-eng-prod-sub,data-eng-prod-sub,owner_0002@company.com,a1b2c3d4-0002-0002-0002-000000000002,data-eng-prod-sub,rg-data-prod,westeurope,2025-12-10,Azure SQL Database Business Critical_BC_Gen5_4 - westeurope,SQL Database,Business Critical_BC_Gen5_4,4bab5ab0-7291-58c2-8564-3252f5053179,vCore Hours,24.0,1 Hour,52.713612,2.2,2.2,2.2,OnDemand,USD,Microsoft.Sql,/subscriptions/a1b2c3d4-0002-0002-0002-000000000002/resourceGroups/rg-data-prod/providers/Microsoft.Sql/servers/databases/sqldb-business critical-0002,sqldb-business critical-0002,"{""team"": ""data-eng"", ""environment"": ""prod"", ""costcenter"": ""CC200"", ""application"": ""data-platform"", ""business_unit"": ""data"", ""owner_email"": ""data-eng-owner@company.com"", ""support_group"": ""data-platform-ops"", ""workload_criticality"": ""high"", ""sla_tier"": ""gold""}","{""cpuUtilPct"": 28.53, ""memoryUtilPct"": 45.45, ""diskUtilPct"": 20.16, ""idleHours"": 24, ""lastActivityAt"": ""2025-12-07T07:16:23Z""}",Databases,Usage,Azure,,
EA-9876543210,app-prod-sub,app-prod-sub,owner_0003@company.com,a1b2c3d4-0003-0003-0003-000000000003,app-prod-sub,rg-app-prod,eastus,2025-12-10,Azure SQL Database General Purpose_GP_Gen5_2 - eastus,SQL Database,General Purpose_GP_Gen5_2,69e0198c-4ca3-5ac2-8540-db65f6d44c56,vCore Hours,24.0,1 Hour,14.277672,0.6,0.6,0.6,OnDemand,USD,Microsoft.Sql,/subscriptions/a1b2c3d4-0003-0003-0003-000000000003/resourceGroups/rg-app-prod/providers/Microsoft.Sql/servers/databases/sqldb-general purpose-0003,sqldb-general purpose-0003,"{""team"": ""backend"", ""environment"": ""prod"", ""costcenter"": ""CC400"", ""application"": ""core-api"", ""business_unit"": ""product"", ""owner_email"": ""backend-owner@company.com"", ""support_group"": ""api-operations"", ""workload_criticality"": ""high"", ""sla_tier"": ""gold""}","{""cpuUtilPct"": 33.81, ""memoryUtilPct"": 38.36, ""diskUtilPct"": 33.89, ""idleHours"": 56, ""lastActivityAt"": ""2025-12-06T09:05:03Z""}",Databases,Usage,Azure,,
EA-9876543210,shared-infra-sub,shared-infra-sub,owner_infra@company.com,a1b2c3d4-9999-9999-9999-000000000099,shared-infra-sub,rg-shared-infra,eastus,2025-12-10,Azure Monitor,Monitor,Data Ingested,aadff281-e00d-588e-bd69-a4630325bd50,Data Ingested,1000.0,1 Unit,45.214737,0.045,0.045,0.045,OnDemand,USD,Microsoft.SharedInfra,/subscriptions/a1b2c3d4-9999-9999-9999-000000000099/resourceGroups/rg-shared-infra/providers/Microsoft.SharedInfra/Monitor/monitor,monitor,{},"{""cpuUtilPct"": 2.41, ""memoryUtilPct"": 4.27, ""diskUtilPct"": 7.15, ""idleHours"": 467, ""lastActivityAt"": ""2025-10-31T22:12:16Z""}",Management,Usage,Azure,,
EA-9876543210,shared-infra-sub,shared-infra-sub,owner_infra@company.com,a1b2c3d4-9999-9999-9999-000000000099,shared-infra-sub,rg-shared-infra,eastus,2025-12-10,Virtual Network,Networking,Intra-Region,cc2ca1a8-2d13-5873-b301-4b8ed16ed2c0,Intra-Region,622.22,1 Unit,28.202152,0.045,0.045,0.045,OnDemand,USD,Microsoft.SharedInfra,/subscriptions/a1b2c3d4-9999-9999-9999-000000000099/resourceGroups/rg-shared-infra/providers/Microsoft.SharedInfra/Networking/networking,networking,{},"{""cpuUtilPct"": 3.19, ""memoryUtilPct"": 5.52, ""diskUtilPct"": 7.34, ""idleHours"": 376, ""lastActivityAt"": ""2025-11-12T13:39:31Z""}",Networking,Usage,Azure,,
EA-9876543210,shared-infra-sub,shared-infra-sub,owner_infra@company.com,a1b2c3d4-9999-9999-9999-000000000099,shared-infra-sub,rg-shared-infra,eastus,2025-12-10,API Management,API Management,Gateway Units,78998862-331b-5215-a4b4-8d4500189f89,Gateway Units,2666.67,1 Unit,119.118042,0.045,0.045,0.045,OnDemand,USD,Microsoft.SharedInfra,/subscriptions/a1b2c3d4-9999-9999-9999-000000000099/resourceGroups/rg-shared-infra/providers/Microsoft.SharedInfra/API Management/api-management,api-management,{},"{""cpuUtilPct"": 4.02, ""memoryUtilPct"": 7.27, ""diskUtilPct"": 6.78, ""idleHours"": 442, ""lastActivityAt"": ""2025-11-02T03:31:24Z""}",Integration,Usage,Azure,,
EA-9876543210,shared-infra-sub,shared-infra-sub,owner_infra@company.com,a1b2c3d4-9999-9999-9999-000000000099,shared-infra-sub,rg-shared-infra,eastus,2025-12-10,Azure Key Vault,Key Vault,Operations,3cb0172e-6732-5350-b439-97753364a78c,Operations,177.78,1 Unit,8.061308,0.045,0.045,0.045,OnDemand,USD,Microsoft.SharedInfra,/subscriptions/a1b2c3d4-9999-9999-9999-000000000099/resourceGroups/rg-shared-infra/providers/Microsoft.SharedInfra/Key Vault/key-vault,key-vault,{},"{""cpuUtilPct"": 4.26, ""memoryUtilPct"": 6.51, ""diskUtilPct"": 3.38, ""idleHours"": 538, ""lastActivityAt"": ""2025-11-10T07:52:33Z""}",Security,Usage,Azure,,
EA-9876543210,shared-infra-sub,shared-infra-sub,owner_infra@company.com,a1b2c3d4-9999-9999-9999-000000000099,shared-infra-sub,rg-shared-infra,eastus,2025-12-10,Azure Blob Storage,Storage,Data Stored,2e8ee991-b3b7-5136-98e5-4772405cdb0c,Data Stored,400.0,1 Unit,17.932683,0.045,0.045,0.045,OnDemand,USD,Microsoft.SharedInfra,/subscriptions/a1b2c3d4-9999-9999-9999-000000000099/resourceGroups/rg-shared-infra/providers/Microsoft.SharedInfra/Storage/storage,storage,{},"{""cpuUtilPct"": 1.74, ""memoryUtilPct"": 7.73, ""diskUtilPct"": 2.09, ""idleHours"": 709, ""lastActivityAt"": ""2025-11-08T18:04:11Z""}",Storage,Usage,Azure,,
EA-9876543210,platform-prod-sub,platform-prod-sub,owner_0001@company.com,a1b2c3d4-0001-0001-0001-000000000001,platform-prod-sub,rg-platform-prod,eastus,2025-12-11,Virtual Machines Standard_D2s_v3 - eastus,Virtual Machines,Standard_D2s_v3 Series,bbc4f1e6-b32a-5f02-86f0-702bf6097b8b,D2s v3,24.0,1 Hour,4.040564,0.168,0.168357,0.168,OnDemand,USD,Microsoft.Compute,/subscriptions/a1b2c3d4-0001-0001-0001-000000000001/resourceGroups/rg-platform-prod/providers/Microsoft.Compute/virtualMachines/vm-standard-d2s-v3-00,vm-standard-d2s-v3-00,"{""team"": ""platform"", ""environment"": ""prod"", ""costcenter"": ""CC100"", ""application"": ""platform-core"", ""business_unit"": ""engineering"", ""owner_email"": ""platform-owner@company.com"", ""support_group"": ""platform-operations"", ""workload_criticality"": ""mission_critical"", ""sla_tier"": ""platinum""}","{""ServiceType"": ""Standard"", ""VMName"": ""vm-standard-d2s-v3-00"", ""vCPUs"": 2, ""cpuUtilPct"": 54.28, ""memoryUtilPct"": 41.42, ""diskUtilPct"": 51.04, ""idleHours"": 24, ""lastActivityAt"": ""2025-12-09T03:01:21Z""}",Compute,Usage,Azure,,
EA-9876543210,platform-prod-sub,platform-prod-sub,owner_0001@company.com,a1b2c3d4-0001-0001-0001-000000000001,platform-prod-sub,rg-platform-prod,eastus,2025-12-11,Virtual Machines Standard_D2s_v3 - eastus,Virtual Machines,Standard_D2s_v3 Series,bbc4f1e6-b32a-5f02-86f0-702bf6097b8b,D2s v3,24.0,1 Hour,4.062232,0.168,0.16926,0.168,OnDemand,USD,Microsoft.Compute,/subscriptions/a1b2c3d4-0001-0001-0001-000000000001/resourceGroups/rg-platform-prod/providers/Microsoft.Compute/virtualMachines/vm-standard-d2s-v3-01,vm-standard-d2s-v3-01,"{""team"": ""platform"", ""environment"": ""prod"", ""costcenter"": ""CC100"", ""application"": ""platform-core"", ""business_unit"": ""engineering"", ""owner_email"": ""platform-owner@company.com"", ""support_group"": ""platform-operations"", ""workload_criticality"": ""mission_critical"", ""sla_tier"": ""platinum""}","{""ServiceType"": ""Standard"", ""VMName"": ""vm-standard-d2s-v3-01"", ""vCPUs"": 2, ""cpuUtilPct"": 44.48, ""memoryUtilPct"": 43.38, ""diskUtilPct"": 39.45, ""idleHours"": 13, ""lastActivityAt"": ""2025-12-09T14:38:12Z""}",Compute,Usage,Azure,,
EA-9876543210,app-prod-sub,app-prod-sub,owner_0003@company.com,a1b2c3d4-0003-0003-0003-000000000003,app-prod-sub,rg-app-prod,eastus,2025-12-11,Virtual Machines Standard_D4s_v3 - eastus,Virtual Machines,Standard_D4s_v3 Series,6c8e1236-a3aa-53d7-8e09-dadb98f69027,D4s v3,24.0,1 Hour,8.07501,0.336,0.336459,0.336,OnDemand,USD,Microsoft.Compute,/subscriptions/a1b2c3d4-0003-0003-0003-000000000003/resourceGroups/rg-app-prod/providers/Microsoft.Compute/virtualMachines/vm-standard-d4s-v3-02,vm-standard-d4s-v3-02,"{""team"": ""backend"", ""environment"": ""prod"", ""costcenter"": ""CC400"", ""application"": ""core-api"", ""business_unit"": ""product"", ""owner_email"": ""backend-owner@company.com"", ""support_group"": ""api-operations"", ""workload_criticality"": ""high"", ""sla_tier"": ""gold""}","{""ServiceType"": ""Standard"", ""VMName"": ""vm-standard-d4s-v3-02"", ""vCPUs"": 4, ""cpuUtilPct"": 33.64, ""memoryUtilPct"": 42.34, ""diskUtilPct"": 26.78, ""idleHours"": 21, ""lastActivityAt"": ""2025-12-07T20:29:27Z""}",Compute,Usage,Azure,,
EA-9876543210,data-eng-prod-sub,data-eng-prod-sub,owner_0002@company.com,a1b2c3d4-0002-0002-0002-000000000002,data-eng-prod-sub,rg-data-prod,westeurope,2025-12-11,Virtual Machines Standard_E4s_v3 - westeurope,Virtual Machines,Standard_E4s_v3 Series,7373fa15-5d45-5d30-a83f-72064e156f94,E4s v3,24.0,1 Hour,5.283837,0.364,0.22016,0.364,Reservation,USD,Microsoft.Compute,/subscriptions/a1b2c3d4-0002-0002-0002-000000000002/resourceGroups/rg-data-prod/providers/Microsoft.Compute/virtualMachines/vm-standard-e4s-v3-03,vm-standard-e4s-v3-03,"{""team"": ""data-eng"", ""environment"": ""prod"", ""costcenter"": ""CC200"", ""application"": ""data-platform"", ""business_unit"": ""data"", ""owner_email"": ""data-eng-owner@company.com"", ""support_group"": ""data-platform-ops"", ""workload_criticality"": ""high"", ""sla_tier"": ""gold""}","{""ServiceType"": ""Standard"", ""VMName"": ""vm-standard-e4s-v3-03"", ""vCPUs"": 4, ""cpuUtilPct"": 34.43, ""memoryUtilPct"": 36.31, ""diskUtilPct"": 22.94, ""idleHours"": 63, ""lastActivityAt"": ""2025-12-09T07:04:15Z""}",Compute,Usage,Azure,/providers/Microsoft.BillingBenefits/savingsPlanOrders/8f4d6f63-9fb9-47e2-99a2-2fb494b597b0,Reserved VM Instance_westeurope_1Year
EA-9876543210,data-eng-prod-sub,data-eng-prod-sub,owner_0002@company.com,a1b2c3d4-0002-0002-0002-000000000002,data-eng-prod-sub,rg-data-prod,westeurope,2025-12-11,Virtual Machines Standard_E8s_v3 - westeurope,Virtual Machines,Standard_E8s_v3 Series,2b9593f7-8692-56d9-b10a-a624f400da47,E8s v3,24.0,1 Hour,10.443072,0.728,0.435128,0.728,Reservation,USD,Microsoft.Compute,/subscriptions/a1b2c3d4-0002-0002-0002-000000000002/resourceGroups/rg-data-prod/providers/Microsoft.Compute/virtualMachines/vm-standard-e8s-v3-04,vm-standard-e8s-v3-04,"{""team"": ""data-eng"", ""environment"": ""prod"", ""costcenter"": ""CC200"", ""application"": ""data-platform"", ""business_unit"": ""data"", ""owner_email"": ""data-eng-owner@company.com"", ""support_group"": ""data-platform-ops"", ""workload_criticality"": ""high"", ""sla_tier"": ""gold""}","{""ServiceType"": ""Standard"", ""VMName"": ""vm-standard-e8s-v3-04"", ""vCPUs"": 8, ""cpuUtilPct"": 41.14, ""memoryUtilPct"": 44.32, ""diskUtilPct"": 40.48, ""idleHours"": 49, ""lastActivityAt"": ""2025-12-08T19:33:19Z""}",Compute,Usage,Azure,/providers/Microsoft.BillingBenefits/savingsPlanOrders/162c6934-9097-4cbd-96c3-3b8ac74f9532,Reserved VM Instance_westeurope_1Year
EA-9876543210,data-eng-prod-sub,data-eng-prod-sub,owner_0002@company.com,a1b2c3d4-0002-0002-0002-000000000002,data-eng-prod-sub,rg-ml-prod,westeurope,2025-12-11,Virtual Machines Standard_F4s_v2 - westeurope,Virtual Machines,Standard_F4s_v2 Series,303bf71a-6d52-56d9-8e75-95552aa01c86,F4s v2,24.0,1 Hour,6.058749,0.252,0.252448,0.252,OnDemand,USD,Microsoft.Compute,/subscriptions/a1b2c3d4-0002-0002-0002-000000000002/resourceGroups/rg-ml-prod/providers/Microsoft.Compute/virtualMachines/vm-standard-f4s-v2-05,vm-standard-f4s-v2-05,"{""team"": ""ml"", ""environment"": ""prod"", ""costcenter"": ""CC500"", ""application"": ""ml-platform"", ""business_unit"": ""ai"", ""owner_email"": ""ml-owner@company.com"", ""support_group"": ""ml-platform-sre"", ""workload_criticality"": ""high"", ""sla_tier"": ""gold""}","{""ServiceType"": ""Standard"", ""VMName"": ""vm-standard-f4s-v2-05"", ""vCPUs"": 4, ""cpuUtilPct"": 34.2, ""memoryUtilPct"": 49.96, ""diskUtilPct"": 20.23, ""idleHours"": 69, ""lastActivityAt"": ""2025-12-09T13:54:25Z""}",Compute,Usage,Azure,,
EA-9876543210,data-eng-prod-sub,data-eng-prod-sub,owner_0002@company.com,a1b2c3d4-0002-0002-0002-000000000002,data-eng-prod-sub,rg-ml-prod,westeurope,2025-12-11,Virtual Machines Standard_D8s_v3 - westeurope,Virtual Machines,Standard_D8s_v3 Series,348575ff-7ae0-57e5-896e-037d67179117,D8s v3,24.0,1 Hour,9.610832,0.672,0.400451,0.672,Reservation,USD,Microsoft.Compute,/subscriptions/a1b2c3d4-0002-0002-0002-000000000002/resourceGroups/rg-ml-prod/providers/Microsoft.Compute/virtualMachines/vm-standard-d8s-v3-06,vm-standard-d8s-v3-06,"{""team"": ""ml"", ""environment"": ""prod"", ""costcenter"": ""CC500"", ""application"": ""ml-platform"", ""business_unit"": ""ai"", ""owner_email"": ""ml-owner@company.com"", ""support_group"": ""ml-platform-sre"", ""workload_criticality"": ""high"", ""sla_tier"": ""gold""}","{""ServiceType"": ""Standard"", ""VMName"": ""vm-standard-d8s-v3-06"", ""vCPUs"": 8, ""cpuUtilPct"": 37.7, ""memoryUtilPct"": 44.47, ""diskUtilPct"": 23.62, ""idleHours"": 59, ""lastActivityAt"": ""2025-12-06T12:41:29Z""}",Compute,Usage,Azure,/providers/Microsoft.BillingBenefits/savingsPlanOrders/9c767282-ce7f-4a52-a34c-6a0b4a692f43,Reserved VM Instance_westeurope_1Year
EA-9876543210,app-prod-sub,app-prod-sub,owner_0003@company.com,a1b2c3d4-0003-0003-0003-000000000003,app-prod-sub,rg-app-prod,southeastasia,2025-12-11,Virtual Machines Standard_B2s - southeastasia,Virtual Machines,Standard_B2s Series,78a50003-6630-5ba4-aad2-c10f0de71d3b,B2s,24.0,1 Hour,2.012139,0.084,0.083839,0.084,OnDemand,USD,Microsoft.Compute,/subscriptions/a1b2c3d4-0003-0003-0003-000000000003/resourceGroups/rg-app-prod/providers/Microsoft.Compute/virtualMachines/vm-standard-b2s-07,vm-standard-b2s-07,{},"{""ServiceType"": ""Standard"", ""VMName"": ""vm-standard-b2s-07"", ""vCPUs"": 2, ""cpuUtilPct"": 30.81, ""memoryUtilPct"": 31.64, ""diskUtilPct"": 26.05, ""idleHours"": 14, ""lastActivityAt"": ""2025-12-07T09:13:11Z""}",Compute,Usage,Azure,,
EA-9876543210,app-prod-sub,app-prod-sub,owner_0003@company.com,a1b2c3d4-0003-0003-0003-000000000003,app-prod-sub,rg-app-staging,southeastasia,2025-12-11,Virtual Machines Standard_B2s - southeastasia,Virtual Machines,Standard_B2s Series,78a50003-6630-5ba4-aad2-c10f0de71d3b,B2s,24.0,1 Hour,1.436226,0.084,0.059843,0.084,SavingsPlan,USD,Microsoft.Compute,/subscriptions/a1b2c3d4-0003-0003-0003-000000000003/resourceGroups/rg-app-staging/providers/Microsoft.Compute/virtualMachines/vm-standard-b2s-08,vm-standard-b2s-08,{},"{""ServiceType"": ""Standard"", ""VMName"": ""vm-standard-b2s-08"", ""vCPUs"": 2, ""cpuUtilPct"": 13.13, ""memoryUtilPct"": 17.04, ""diskUtilPct"": 12.38, ""idleHours"": 99, ""lastActivityAt"": ""2025-12-03T21:46:37Z""}",Compute,Usage,Azure,/providers/Microsoft.BillingBenefits/savingsPlanOrders/e561c0e2-6043-44c8-b237-5601ef456aad,Compute savings plan_1Year
EA-9876543210,app-prod-sub,app-prod-sub,owner_0003@company.com,a1b2c3d4-0003-0003-0003-000000000003,app-prod-sub,rg-app-staging,eastus,2025-12-11,Virtual Machines Standard_D2s_v3 - eastus,Virtual Machines,Standard_D2s_v3 Series,bbc4f1e6-b32a-5f02-86f0-702bf6097b8b,D2s v3,24.0,1 Hour,4.004291,0.168,0.166845,0.168,OnDemand,USD,Microsoft.Compute,/subscriptions/a1b2c3d4-0003-0003-0003-000000000003/resourceGroups/rg-app-staging/providers/Microsoft.Compute/virtualMachines/vm-standard-d2s-v3-09,vm-standard-d2s-v3-09,"{""team"": ""backend"", ""environment"": ""staging"", ""costcenter"": ""CC400"", ""application"": ""core-api"", ""business_unit"": ""product"", ""owner_email"": ""backend-owner@company.com"", ""support_group"": ""api-operations"", ""workload_criticality"": ""medium"", ""sla_tier"": ""silver""}","{""ServiceType"": ""Standard"", ""VMName"": ""vm-standard-d2s-v3-09"", ""vCPUs"": 2, ""cpuUtilPct"": 9.24, ""memoryUtilPct"": 12.35, ""diskUtilPct"": 15.41, ""idleHours"": 147, ""lastActivityAt"": ""2025-11-30T06:09:45Z""}",Compute,Usage,Azure,,
EA-9876543210,platform-prod-sub,platform-prod-sub,owner_0001@company.com,a1b2c3d4-0001-0001-0001-000000000001,platform-prod-sub,rg-platform-dev,eastus,2025-12-11,Virtual Machines Standard_B2s - eastus,Virtual Machines,Standard_B2s Series,7190101e-d2ab-5a56-ad8e-83f7122f17e8,B2s,24.0,1 Hour,2.014042,0.084,0.083918,0.084,OnDemand,USD,Microsoft.Compute,/subscriptions/a1b2c3d4-0001-0001-0001-000000000001/resourceGroups/rg-platform-dev/providers/Microsoft.Compute/virtualMachines/vm-standard-b2s-10,vm-standard-b2s-10,"{""team"": ""platform"", ""environment"": ""dev"", ""costcenter"": ""CC100"", ""application"": ""platform-core"", ""business_unit"": ""engineering"", ""owner_email"": ""platform-owner@company.com"", ""support_group"": ""platform-operations"", ""workload_criticality"": ""low"", ""sla_tier"": ""bronze""}","{""ServiceType"": ""Standard"", ""VMName"": ""vm-standard-b2s-10"", ""vCPUs"": 2, ""cpuUtilPct"": 3.61, ""memoryUtilPct"": 7.76, ""diskUtilPct"": 5.79, ""idleHours"": 671, ""lastActivityAt"": ""2025-11-19T09:25:05Z""}",Compute,Usage,Azure,,
EA-9876543210,app-prod-sub,app-prod-sub,owner_0003@company.com,a1b2c3d4-0003-0003-0003-000000000003,app-prod-sub,rg-app-dev,eastus,2025-12-11,Virtual Machines Standard_B2s - eastus,Virtual Machines,Standard_B2s Series,7190101e-d2ab-5a56-ad8e-83f7122f17e8,B2s,24.0,1 Hour,2.005447,0.084,0.08356,0.084,OnDemand,USD,Microsoft.Compute,/subscriptions/a1b2c3d4-0003-0003-0003-000000000003/resourceGroups/rg-app-dev/providers/Microsoft.Compute/virtualMachines/vm-standard-b2s-11,vm-standard-b2s-11,{},"{""ServiceType"": ""Standard"", ""VMName"": ""vm-standard-b2s-11"", ""vCPUs"": 2, ""cpuUtilPct"": 4.52, ""memoryUtilPct"": 7.96, ""diskUtilPct"": 2.19, ""idleHours"": 547, ""lastActivityAt"": ""2025-11-26T03:20:27Z""}",Compute,Usage,Azure,,
EA-9876543210,platform-prod-sub,platform-prod-sub,owner_0001@company.com,a1b2c3d4-0001-0001-0001-000000000001,platform-prod-sub,rg-platform-prod,eastus,2025-12-11,Blob Storage - LRS - Hot - eastus,Storage,Blobs - LRS - Hot,fb8faed0-f377-5fb0-92b7-78035153a7fa,Data Stored,850.4058,1 GB/Month,0.511434,0.018,0.018,0.018,OnDemand,USD,Microsoft.Storage,/subscriptions/a1b2c3d4-0001-0001-0001-000000000001/resourceGroups/rg-platform-prod/providers/Microsoft.Storage/storageAccounts/stplatformassets,stplatformassets,"{""team"": ""platform"", ""environment"": ""prod"", ""costcenter"": ""CC100"", ""application"": ""platform-core"", ""business_unit"": ""engineering"", ""owner_email"": ""platform-owner@company.com"", ""support_group"": ""platform-operations"", ""workload_criticality"": ""mission_critical"", ""sla_tier"": ""platinum""}","{""AccountType"": ""LRS"", ""cpuUtilPct"": 0.0, ""memoryUtilPct"": 0.0, ""diskUtilPct"": 47.13, ""idleHours"": 18, ""lastActivityAt"": ""2025-12-10T01:55:06Z""}",Storage,Usage,Azure,,
EA-9876543210,data-eng-prod-sub,data-eng-prod-sub,owner_0002@company.com,a1b2c3d4-0002-0002-0002-000000000002,data-eng-prod-sub,rg-data-prod,westeurope,2025-12-11,Blob Storage - ZRS - Hot - westeurope,Storage,Blobs - ZRS - Hot,9dd9b051-b91d-533a-9f70-e4838eb241bb,Data Stored,3197.7224,1 GB/Month,2.458404,0.023,0.023,0.023,OnDemand,USD,Microsoft.Storage,/subscriptions/a1b2c3d4-0002-0002-0002-000000000002/resourceGroups/rg-data-prod/providers/Microsoft.Storage/storageAccounts/stdatalake,stdatalake,"{""team"": ""data-eng"", ""environment"": ""prod"", ""costcenter"": ""CC200"", ""application"": ""data-platform"", ""business_unit"": ""data"", ""owner_email"": ""data-eng-owner@company.com"", ""support_group"": ""data-platform-ops"", ""workload_criticality"": ""high"", ""sla_tier"": ""gold""}","{""AccountType"": ""ZRS"", ""cpuUtilPct"": 0.0, ""memoryUtilPct"": 0.0, ""diskUtilPct"": 44.57, ""idleHours"": 12, ""lastActivityAt"": ""2025-12-09T23:32:11Z""}",Storage,Usage,Azure,,
EA-9876543210,app-prod-sub,app-prod-sub,owner_0003@company.com,a1b2c3d4-0003-0003-0003-000000000003,app-prod-sub,rg-app-prod,southeastasia,2025-12-11,Blob Storage - LRS - Hot - southeastasia,Storage,Blobs - LRS - Hot,3ae72a36-b458-5b93-9e16-84484844594d,Data Stored,399.9171,1 GB/Month,0.239874,0.018,0.018,0.018,OnDemand,USD,Microsoft.Storage,/subscriptions/a1b2c3d4-0003-0003-0003-000000000003/resourceGroups/rg-app-prod/providers/Microsoft.Storage/storageAccounts/stappassets,stappassets,"{""team"": ""frontend"", ""environment"": ""prod"", ""costcenter"": ""CC300"", ""application"": ""customer-web"", ""business_unit"": ""product"", ""owner_email"": ""frontend-owner@company.com"", ""support_group"": ""customer-experience-support"", ""workload_criticality"": ""high"", ""sla_tier"": ""gold""}","{""AccountType"": ""LRS"", ""cpuUtilPct"": 0.0, ""memoryUtilPct"": 0.0, ""diskUtilPct"": 40.68, ""idleHours"": 6, ""lastActivityAt"": ""2025-12-10T09:30:10Z""}",Storage,Usage,Azure,,
EA-9876543210,data-eng-prod-sub,data-eng-prod-sub,owner_0002@company.com,a1b2c3d4-0002-0002-0002-000000000002,data-eng-prod-sub,rg-ml-prod,westeurope,2025-12-11,Blob Storage - LRS - Hot - westeurope,Storage,Blobs - LRS - Hot,4ba045d2-b571-568f-be23-884194c5daba,Data Stored,1099.4184,1 GB/Month,0.659711,0.018,0.018,0.018,OnDemand,USD,Microsoft.Storage,/subscriptions/a1b2c3d4-0002-0002-0002-000000000002/resourceGroups/rg-ml-prod/providers/Microsoft.Storage/storageAccounts/stmlmodels,stmlmodels,"{""team"": ""ml"", ""environment"": ""prod"", ""costcenter"": ""CC500"", ""application"": ""ml-platform"", ""business_unit"": ""ai"", ""owner_email"": ""ml-owner@company.com"", ""support_group"": ""ml-platform-sre"", ""workload_criticality"": ""high"", ""sla_tier"": ""gold""}","{""AccountType"": ""LRS"", ""cpuUtilPct"": 0.0, ""memoryUtilPct"": 0.0, ""diskUtilPct"": 33.79, ""idleHours"": 15, ""lastActivityAt"": ""2025-12-09T21:34:21Z""}",Storage,Usage,Azure,,
EA-9876543210,platform-prod-sub,platform-prod-sub,owner_0001@company.com,a1b2c3d4-0001-0001-0001-000000000001,platform-prod-sub,rg-platform-prod,eastus,2025-12-11,Azure SQL Database Standard_S2 - eastus,SQL Database,Standard_S2,cd1e0b9a-8ff0-5779-9281-87ab698e2916,vCore Hours,24.0,1 Hour,7.425451,0.31,0.31,0.31,OnDemand,USD,Microsoft.Sql,/subscriptions/a1b2c3d4-0001-0001-0001-000000000001/resourceGroups/rg-platform-prod/providers/Microsoft.Sql/servers/databases/sqldb-standard-0001,sqldb-standard-0001,"{""team"": ""platform"", ""environment"": ""prod"", ""costcenter"": ""CC100"", ""application"": ""platform-core"", ""business_unit"": ""engineering"", ""owner_email"": ""platform-owner@company.com"", ""support_group"": ""platform-operations"", ""workload_criticality"": ""mission_critical"", ""sla_tier"": ""platinum""}","{""cpuUtilPct"": 46.55, ""memoryUtilPct"": 38.97, ""diskUtilPct"": 49.88, ""idleHours"": 5, ""lastActivityAt"": ""2025-12-09T18:26:17Z""}",Databases,Usage,Azure,,
EA-9876543210,data-eng-prod-sub,data-eng-prod-sub,owner_0002@company.com,a1b2c3d4-0002-0002-0002-000000000002,data-eng-prod-sub,rg-data-prod,westeurope,2025-12-11,Azure SQL Database Business Critical_BC_Gen5_4 - westeurope,SQL Database,Business Critical_BC_Gen5_4,4bab5ab0-7291-58c2-8564-3252f5053179,vCore Hours,24.0,1 Hour,52.821332,2.2,2.2,2.2,OnDemand,USD,Microsoft.Sql,/subscriptions/a1b2c3d4-0002-0002-0002-000000000002/resourceGroups/rg-data-prod/providers/Microsoft.Sql/servers/databases/sqldb-business critical-0002,sqldb-business critical-0002,"{""team"": ""data-eng"", ""environment"": ""prod"", ""costcenter"": ""CC200"", ""application"": ""data-platform"", ""business_unit"": ""data"", ""owner_email"": ""data-eng-owner@company.com"", ""support_group"": ""data-platform-ops"", ""workload_criticality"": ""high"", ""sla_tier"": ""gold""}","{""cpuUtilPct"": 24.89, ""memoryUtilPct"": 49.64, ""diskUtilPct"": 27.5, ""idleHours"": 61, ""lastActivityAt"": ""2025-12-06T21:45:41Z""}",Databases,Usage,Azure,,
EA-9876543210,app-prod-sub,app-prod-sub,owner_0003@company.com,a1b2c3d4-0003-0003-0003-000000000003,app-prod-sub,rg-app-prod,eastus,2025-12-11,Azure SQL Database General Purpose_GP_Gen5_2 - eastus,SQL Database,General Purpose_GP_Gen5_2,69e0198c-4ca3-5ac2-8540-db65f6d44c56,vCore Hours,24.0,1 Hour,14.483786,0.6,0.6,0.6,OnDemand,USD,Microsoft.Sql,/subscriptions/a1b2c3d4-0003-0003-0003-000000000003/resourceGroups/rg-app-prod/providers/Microsoft.Sql/servers/databases/sqldb-general purpose-0003,sqldb-general purpose-0003,"{""team"": ""backend"", ""environment"": ""prod"", ""costcenter"": ""CC400"", ""application"": ""core-api"", ""business_unit"": ""product"", ""owner_email"": ""backend-owner@company.com"", ""support_group"": ""api-operations"", ""workload_criticality"": ""high"", ""sla_tier"": ""gold""}","{""cpuUtilPct"": 39.45, ""memoryUtilPct"": 44.16, ""diskUtilPct"": 30.69, ""idleHours"": 31, ""lastActivityAt"": ""2025-12-07T22:42:33Z""}",Databases,Usage,Azure,,
EA-9876543210,shared-infra-sub,shared-infra-sub,owner_infra@company.com,a1b2c3d4-9999-9999-9999-000000000099,shared-infra-sub,rg-shared-infra,eastus,2025-12-11,Azure Monitor,Monitor,Data Ingested,aadff281-e00d-588e-bd69-a4630325bd50,Data Ingested,1000.0,1 Unit,44.83379,0.045,0.045,0.045,OnDemand,USD,Microsoft.SharedInfra,/subscriptions/a1b2c3d4-9999-9999-9999-000000000099/resourceGroups/rg-shared-infra/providers/Microsoft.SharedInfra/Monitor/monitor,monitor,{},"{""cpuUtilPct"": 3.59, ""memoryUtilPct"": 3.12, ""diskUtilPct"": 3.87, ""idleHours"": 697, ""lastActivityAt"": ""2025-10-30T00:56:07Z""}",Management,Usage,Azure,,
EA-9876543210,shared-infra-sub,shared-infra-sub,owner_infra@company.com,a1b2c3d4-9999-9999-9999-000000000099,shared-infra-sub,rg-shared-infra,eastus,2025-12-11,Virtual Network,Networking,Intra-Region,cc2ca1a8-2d13-5873-b301-4b8ed16ed2c0,Intra-Region,622.22,1 Unit,27.735057,0.045,0.045,0.045,OnDemand,USD,Microsoft.SharedInfra,/subscriptions/a1b2c3d4-9999-9999-9999-000000000099/resourceGroups/rg-shared-infra/providers/Microsoft.SharedInfra/Networking/networking,networking,{},"{""cpuUtilPct"": 3.81, ""memoryUtilPct"": 9.88, ""diskUtilPct"": 6.2, ""idleHours"": 629, ""lastActivityAt"": ""2025-10-26T14:51:00Z""}",Networking,Usage,Azure,,
EA-9876543210,shared-infra-sub,shared-infra-sub,owner_infra@company.com,a1b2c3d4-9999-9999-9999-000000000099,shared-infra-sub,rg-shared-infra,eastus,2025-12-11,API Management,API Management,Gateway Units,78998862-331b-5215-a4b4-8d4500189f89,Gateway Units,2666.67,1 Unit,119.825111,0.045,0.045,0.045,OnDemand,USD,Microsoft.SharedInfra,/subscriptions/a1b2c3d4-9999-9999-9999-000000000099/resourceGroups/rg-shared-infra/providers/Microsoft.SharedInfra/API Management/api-management,api-management,{},"{""cpuUtilPct"": 1.46, ""memoryUtilPct"": 7.55, ""diskUtilPct"": 4.72, ""idleHours"": 310, ""lastActivityAt"": ""2025-11-13T14:31:55Z""}",Integration,Usage,Azure,,
EA-9876543210,shared-infra-sub,shared-infra-sub,owner_infra@company.com,a1b2c3d4-9999-9999-9999-000000000099,shared-infra-sub,rg-shared-infra,eastus,2025-12-11,Azure Key Vault,Key Vault,Operations,3cb0172e-6732-5350-b439-97753364a78c,Operations,177.78,1 Unit,7.978925,0.045,0.045,0.045,OnDemand,USD,Microsoft.SharedInfra,/subscriptions/a1b2c3d4-9999-9999-9999-000000000099/resourceGroups/rg-shared-infra/providers/Microsoft.SharedInfra/Key Vault/key-vault,key-vault,{},"{""cpuUtilPct"": 3.29, ""memoryUtilPct"": 6.44, ""diskUtilPct"": 7.08, ""idleHours"": 613, ""lastActivityAt"": ""2025-11-04T23:07:35Z""}",Security,Usage,Azure,,
EA-9876543210,shared-infra-sub,shared-infra-sub,owner_infra@company.com,a1b2c3d4-9999-9999-9999-000000000099,shared-infra-sub,rg-shared-infra,eastus,2025-12-11,Azure Blob Storage,Storage,Data Stored,2e8ee991-b3b7-5136-98e5-4772405cdb0c,Data Stored,400.0,1 Unit,17.861922,0.045,0.045,0.045,OnDemand,USD,Microsoft.SharedInfra,/subscriptions/a1b2c3d4-9999-9999-9999-000000000099/resourceGroups/rg-shared-infra/providers/Microsoft.SharedInfra/Storage/storage,storage,{},"{""cpuUtilPct"": 2.38, ""memoryUtilPct"": 8.23, ""diskUtilPct"": 4.62, ""idleHours"": 576, ""lastActivityAt"": ""2025-11-21T02:04:55Z""}",Storage,Usage,Azure,,
EA-9876543210,platform-prod-sub,platform-prod-sub,owner_0001@company.com,a1b2c3d4-0001-0001-0001-000000000001,platform-prod-sub,rg-platform-prod,eastus,2025-12-12,Virtual Machines Standard_D2s_v3 - eastus,Virtual Machines,Standard_D2s_v3 Series,bbc4f1e6-b32a-5f02-86f0-702bf6097b8b,D2s v3,24.0,1 Hour,3.997799,0.168,0.166575,0.168,OnDemand,USD,Microsoft.Compute,/subscriptions/a1b2c3d4-0001-0001-0001-000000000001/resourceGroups/rg-platform-prod/providers/Microsoft.Compute/virtualMachines/vm-standard-d2s-v3-00,vm-standard-d2s-v3-00,"{""team"": ""platform"", ""environment"": ""prod"", ""costcenter"": ""CC100"", ""application"": ""platform-core"", ""business_unit"": ""engineering"", ""owner_email"": ""platform-owner@company.com"", ""support_group"": ""platform-operations"", ""workload_criticality"": ""mission_critical"", ""sla_tier"": ""platinum""}","{""ServiceType"": ""Standard"", ""VMName"": ""vm-standard-d2s-v3-00"", ""vCPUs"": 2, ""cpuUtilPct"": 43.43, ""memoryUtilPct"": 56.29, ""diskUtilPct"": 42.74, ""idleHours"": 7, ""lastActivityAt"": ""2025-12-10T10:17:04Z""}",Compute,Usage,Azure,,
EA-9876543210,platform-prod-sub,platform-prod-sub,owner_0001@company.com,a1b2c3d4-0001-0001-0001-000000000001,platform-prod-sub,rg-platform-prod,eastus,2025-12-12,Virtual Machines Standard_D2s_v3 - eastus,Virtual Machines,Standard_D2s_v3 Series,bbc4f1e6-b32a-5f02-86f0-702bf6097b8b,D2s v3,24.0,1 Hour,4.065897,0.168,0.169412,0.168,OnDemand,USD,Microsoft.Compute,/subscriptions/a1b2c3d4-0001-0001-0001-000000000001/resourceGroups/rg-platform-prod/providers/Microsoft.Compute/virtualMachines/vm-standard-d2s-v3-01,vm-standard-d2s-v3-01,"{""team"": ""platform"", ""environment"": ""prod"", ""costcenter"": ""CC100"", ""application"": ""platform-core"", ""business_unit"": ""engineering"", ""owner_email"": ""platform-owner@company.com"", ""support_group"": ""platform-operations"", ""workload_criticality"": ""mission_critical"", ""sla_tier"": ""platinum""}","{""ServiceType"": ""Standard"", ""VMName"": ""vm-standard-d2s-v3-01"", ""vCPUs"": 2, ""cpuUtilPct"": 49.62, ""memoryUtilPct"": 49.06, ""diskUtilPct"": 36.13, ""idleHours"": 1, ""lastActivityAt"": ""2025-12-10T20:21:45Z""}",Compute,Usage,Azure,,
EA-9876543210,app-prod-sub,app-prod-sub,owner_0003@company.com,a1b2c3d4-0003-0003-0003-000000000003,app-prod-sub,rg-app-prod,eastus,2025-12-12,Virtual Machines Standard_D4s_v3 - eastus,Virtual Machines,Standard_D4s_v3 Series,6c8e1236-a3aa-53d7-8e09-dadb98f69027,D4s v3,24.0,1 Hour,8.040208,0.336,0.335009,0.336,OnDemand,USD,Microsoft.Compute,/subscriptions/a1b2c3d4-0003-0003-0003-000000000003/resourceGroups/rg-app-prod/providers/Microsoft.Compute/virtualMachines/vm-standard-d4s-v3-02,vm-standard-d4s-v3-02,"{""team"": ""backend"", ""environment"": ""prod"", ""costcenter"": ""CC400"", ""application"": ""core-api"", ""business_unit"": ""product"", ""owner_email"": ""backend-owner@company.com"", ""support_group"": ""api-operations"", ""workload_criticality"": ""high"", ""sla_tier"": ""gold""}","{""ServiceType"": ""Standard"", ""VMName"": ""vm-standard-d4s-v3-02"", ""vCPUs"": 4, ""cpuUtilPct"": 40.16, ""memoryUtilPct"": 28.97, ""diskUtilPct"": 30.09, ""idleHours"": 19, ""lastActivityAt"": ""2025-12-08T22:43:43Z""}",Compute,Usage,Azure,,
EA-9876543210,data-eng-prod-sub,data-eng-prod-sub,owner_0002@company.com,a1b2c3d4-0002-0002-0002-000000000002,data-eng-prod-sub,rg-data-prod,westeurope,2025-12-12,Virtual Machines Standard_E4s_v3 - westeurope,Virtual Machines,Standard_E4s_v3 Series,7373fa15-5d45-5d30-a83f-72064e156f94,E4s v3,24.0,1 Hour,4.867491,0.364,0.202812,0.364,Reservation,USD,Microsoft.Compute,/subscriptions/a1b2c3d4-0002-0002-0002-000000000002/resourceGroups/rg-data-prod/providers/Microsoft.Compute/virtualMachines/vm-standard-e4s-v3-03,vm-standard-e4s-v3-03,"{""team"": ""data-eng"", ""environment"": ""prod"", ""costcenter"": ""CC200"", ""application"": ""data-platform"", ""business_unit"": ""data"", ""owner_email"": ""data-eng-owner@company.com"", ""support_group"": ""data-platform-ops"", ""workload_criticality"": ""high"", ""sla_tier"": ""gold""}","{""ServiceType"": ""Standard"", ""VMName"": ""vm-standard-e4s-v3-03"", ""vCPUs"": 4, ""cpuUtilPct"": 30.53, ""memoryUtilPct"": 50.13, ""diskUtilPct"": 30.06, ""idleHours"": 48, ""lastActivityAt"": ""2025-12-07T22:30:29Z""}",Compute,Usage,Azure,/providers/Microsoft.BillingBenefits/savingsPlanOrders/038fb6c0-84a5-4e2c-b0b3-be15bd7ffe66,Reserved VM Instance_westeurope_1Year
EA-9876543210,data-eng-prod-sub,data-eng-prod-sub,owner_0002@company.com,a1b2c3d4-0002-0002-0002-000000000002,data-eng-prod-sub,rg-data-prod,westeurope,2025-12-12,Virtual Machines Standard_E8s_v3 - westeurope,Virtual Machines,Standard_E8s_v3 Series,2b9593f7-8692-56d9-b10a-a624f400da47,E8s v3,24.0,1 Hour,11.284659,0.728,0.470194,0.728,Reservation,USD,Microsoft.Compute,/subscriptions/a1b2c3d4-0002-0002-0002-000000000002/resourceGroups/rg-data-prod/providers/Microsoft.Compute/virtualMachines/vm-standard-e8s-v3-04,vm-standard-e8s-v3-04,"{""team"": ""data-eng"", ""environment"": ""prod"", ""costcenter"": ""CC200"", ""application"": ""data-platform"", ""business_unit"": ""data"", ""owner_email"": ""data-eng-owner@company.com"", ""support_group"": ""data-platform-ops"", ""workload_criticality"": ""high"", ""sla_tier"": ""gold""}","{""ServiceType"": ""Standard"", ""VMName"": ""vm-standard-e8s-v3-04"", ""vCPUs"": 8, ""cpuUtilPct"": 23.5, ""memoryUtilPct"": 50.73, ""diskUtilPct"": 23.56, ""idleHours"": 20, ""lastActivityAt"": ""2025-12-10T01:56:42Z""}",Compute,Usage,Azure,/providers/Microsoft.BillingBenefits/savingsPlanOrders/61f1861f-6469-49da-869c-295039f9bfd5,Reserved VM Instance_westeurope_1Year
EA-9876543210,data-eng-prod-sub,data-eng-prod-sub,owner_0002@company.com,a1b2c3d4-0002-0002-0002-000000000002,data-eng-prod-sub,rg-ml-prod,westeurope,2025-12-12,Virtual Machines Standard_F4s_v2 - westeurope,Virtual Machines,Standard_F4s_v2 Series,303bf71a-6d52-56d9-8e75-95552aa01c86,F4s v2,24.0,1 Hour,6.003477,0.252,0.250145,0.252,OnDemand,USD,Microsoft.Compute,/subscriptions/a1b2c3d4-0002-0002-0002-000000000002/resourceGroups/rg-ml-prod/providers/Microsoft.Compute/virtualMachines/vm-standard-f4s-v2-05,vm-standard-f4s-v2-05,"{""team"": ""ml"", ""environment"": ""prod"", ""costcenter"": ""CC500"", ""application"": ""ml-platform"", ""business_unit"": ""ai"", ""owner_email"": ""ml-owner@company.com"", ""support_group"": ""ml-platform-sre"", ""workload_criticality"": ""high"", ""sla_tier"": ""gold""}","{""ServiceType"": ""Standard"", ""VMName"": ""vm-standard-f4s-v2-05"", ""vCPUs"": 4, ""cpuUtilPct"": 23.85, ""memoryUtilPct"": 49.62, ""diskUtilPct"": 26.84, ""idleHours"": 36, ""lastActivityAt"": ""2025-12-10T06:49:08Z""}",Compute,Usage,Azure,,
EA-9876543210,data-eng-prod-sub,data-eng-prod-sub,owner_0002@company.com,a1b2c3d4-0002-0002-0002-000000000002,data-eng-prod-sub,rg-ml-prod,westeurope,2025-12-12,Virtual Machines Standard_D8s_v3 - westeurope,Virtual Machines,Standard_D8s_v3 Series,348575ff-7ae0-57e5-896e-037d67179117,D8s v3,24.0,1 Hour,9.399542,0.672,0.391648,0.672,Reservation,USD,Microsoft.Compute,/subscriptions/a1b2c3d4-0002-0002-0002-000000000002/resourceGroups/rg-ml-prod/providers/Microsoft.Compute/virtualMachines/vm-standard-d8s-v3-06,vm-standard-d8s-v3-06,"{""team"": ""ml"", ""environment"": ""prod"", ""costcenter"": ""CC500"", ""application"": ""ml-platform"", ""business_unit"": ""ai"", ""owner_email"": ""ml-owner@company.com"", ""support_group"": ""ml-platform-sre"", ""workload_criticality"": ""high"", ""sla_tier"": ""gold""}","{""ServiceType"": ""Standard"", ""VMName"": ""vm-standard-d8s-v3-06"", ""vCPUs"": 8, ""cpuUtilPct"": 31.94, ""memoryUtilPct"": 42.71, ""diskUtilPct"": 25.56, ""idleHours"": 39, ""lastActivityAt"": ""2025-12-09T06:58:24Z""}",Compute,Usage,Azure,/providers/Microsoft.BillingBenefits/savingsPlanOrders/c678f076-b483-438b-b959-f58913b3882b,Reserved VM Instance_westeurope_1Year
EA-9876543210,data-eng-prod-sub,data-eng-prod-sub,owner_0002@company.com,a1b2c3d4-0002-0002-0002-000000000002,data-eng-prod-sub,rg-ml-prod,westeurope,2025-12-12,Unused Reservation - vm-standard-d8s-v3-06,Virtual Machines,Unused Capacity,97c3c0c5-d345-5cb8-b323-fbc3e6a1aed0,Unused,0.0,1 Hour,1.739419,0.0,0.0,0.672,Reservation,USD,Microsoft.Compute,,vm-standard-d8s-v3-06,"{""team"": ""ml"", ""environment"": ""prod"", ""costcenter"": ""CC500"", ""application"": ""ml-platform"", ""business_unit"": ""ai"", ""owner_email"": ""ml-owner@company.com"", ""support_group"": ""ml-platform-sre"", ""workload_criticality"": ""high"", ""sla_tier"": ""gold""}","{""cpuUtilPct"": 31.94, ""memoryUtilPct"": 42.71, ""diskUtilPct"": 25.56, ""idleHours"": 39, ""lastActivityAt"": ""2025-12-09T06:58:24Z""}",Compute,UnusedReservation,Azure,/providers/Microsoft.BillingBenefits/savingsPlanOrders/20d882b1-5059-45fd-8da5-057a7d2f02d7,Reserved VM Instance_westeurope_1Year
EA-9876543210,app-prod-sub,app-prod-sub,owner_0003@company.com,a1b2c3d4-0003-0003-0003-000000000003,app-prod-sub,rg-app-prod,southeastasia,2025-12-12,Virtual Machines Standard_B2s - southeastasia,Virtual Machines,Standard_B2s Series,78a50003-6630-5ba4-aad2-c10f0de71d3b,B2s,24.0,1 Hour,2.02768,0.084,0.084487,0.084,OnDemand,USD,Microsoft.Compute,/subscriptions/a1b2c3d4-0003-0003-0003-000000000003/resourceGroups/rg-app-prod/providers/Microsoft.Compute/virtualMachines/vm-standard-b2s-07,vm-standard-b2s-07,"{""team"": ""frontend"", ""environment"": ""prod"", ""costcenter"": ""CC300"", ""application"": ""customer-web"", ""business_unit"": ""product"", ""owner_email"": ""frontend-owner@company.com"", ""support_group"": ""customer-experience-support"", ""workload_criticality"": ""high"", ""sla_tier"": ""gold""}","{""ServiceType"": ""Standard"", ""VMName"": ""vm-standard-b2s-07"", ""vCPUs"": 2, ""cpuUtilPct"": 33.85, ""memoryUtilPct"": 47.22, ""diskUtilPct"": 22.93, ""idleHours"": 15, ""lastActivityAt"": ""2025-12-09T19:29:27Z""}",Compute,Usage,Azure,,
EA-9876543210,app-prod-sub,app-prod-sub,owner_0003@company.com,a1b2c3d4-0003-0003-0003-000000000003,app-prod-sub,rg-app-staging,southeastasia,2025-12-12,Virtual Machines Standard_B2s - southeastasia,Virtual Machines,Standard_B2s Series,78a50003-6630-5ba4-aad2-c10f0de71d3b,B2s,24.0,1 Hour,1.532098,0.084,0.063837,0.084,SavingsPlan,USD,Microsoft.Compute,/subscriptions/a1b2c3d4-0003-0003-0003-000000000003/resourceGroups/rg-app-staging/providers/Microsoft.Compute/virtualMachines/vm-standard-b2s-08,vm-standard-b2s-08,"{""team"": ""frontend"", ""environment"": ""staging"", ""costcenter"": ""CC300"", ""application"": ""customer-web"", ""business_unit"": ""product"", ""owner_email"": ""frontend-owner@company.com"", ""support_group"": ""customer-experience-support"", ""workload_criticality"": ""medium"", ""sla_tier"": ""silver""}","{""ServiceType"": ""Standard"", ""VMName"": ""vm-standard-b2s-08"", ""vCPUs"": 2, ""cpuUtilPct"": 16.74, ""memoryUtilPct"": 24.45, ""diskUtilPct"": 20.76, ""idleHours"": 202, ""lastActivityAt"": ""2025-12-04T04:18:36Z""}",Compute,Usage,Azure,/providers/Microsoft.BillingBenefits/savingsPlanOrders/38573683-96ed-44a6-adb6-5b2c4c341d99,Compute savings plan_1Year
EA-9876543210,app-prod-sub,app-prod-sub,owner_0003@company.com,a1b2c3d4-0003-0003-0003-000000000003,app-prod-sub,rg-app-staging,southeastasia,2025-12-12,Unused Reservation - vm-standard-b2s-08,Virtual Machines,Unused Capacity,82f4c751-bc6c-5860-97d0-1ae2b2ec1135,Unused,0.0,1 Hour,0.205318,0.0,0.0,0.084,SavingsPlan,USD,Microsoft.Compute,,vm-standard-b2s-08,"{""team"": ""frontend"", ""environment"": ""staging"", ""costcenter"": ""CC300"", ""application"": ""customer-web"", ""business_unit"": ""product"", ""owner_email"": ""frontend-owner@company.com"", ""support_group"": ""customer-experience-support"", ""workload_criticality"": ""medium"", ""sla_tier"": ""silver""}","{""cpuUtilPct"": 16.74, ""memoryUtilPct"": 24.45, ""diskUtilPct"": 20.76, ""idleHours"": 202, ""lastActivityAt"": ""2025-12-04T04:18:36Z""}",Compute,UnusedSavingsPlan,Azure,/providers/Microsoft.BillingBenefits/savingsPlanOrders/9dd5249e-c755-4a29-acba-ee910149fc0f,Compute savings plan_1Year
EA-9876543210,app-prod-sub,app-prod-sub,owner_0003@company.com,a1b2c3d4-0003-0003-0003-000000000003,app-prod-sub,rg-app-staging,eastus,2025-12-12,Virtual Machines Standard_D2s_v3 - eastus,Virtual Machines,Standard_D2s_v3 Series,bbc4f1e6-b32a-5f02-86f0-702bf6097b8b,D2s v3,24.0,1 Hour,4.070551,0.168,0.169606,0.168,OnDemand,USD,Microsoft.Compute,/subscriptions/a1b2c3d4-0003-0003-0003-000000000003/resourceGroups/rg-app-staging/providers/Microsoft.Compute/virtualMachines/vm-standard-d2s-v3-09,vm-standard-d2s-v3-09,{},"{""ServiceType"": ""Standard"", ""VMName"": ""vm-standard-d2s-v3-09"", ""vCPUs"": 2, ""cpuUtilPct"": 7.04, ""memoryUtilPct"": 15.44, ""diskUtilPct"": 14.47, ""idleHours"": 93, ""lastActivityAt"": ""2025-12-06T16:45:40Z""}",Compute,Usage,Azure,,
EA-9876543210,platform-prod-sub,platform-prod-sub,owner_0001@company.com,a1b2c3d4-0001-0001-0001-000000000001,platform-prod-sub,rg-platform-dev,eastus,2025-12-12,Virtual Machines Standard_B2s - eastus,Virtual Machines,Standard_B2s Series,7190101e-d2ab-5a56-ad8e-83f7122f17e8,B2s,24.0,1 Hour,2.029038,0.084,0.084543,0.084,OnDemand,USD,Microsoft.Compute,/subscriptions/a1b2c3d4-0001-0001-0001-000000000001/resourceGroups/rg-platform-dev/providers/Microsoft.Compute/virtualMachines/vm-standard-b2s-10,vm-standard-b2s-10,"{""team"": ""platform"", ""environment"": ""dev"", ""costcenter"": ""CC100"", ""application"": ""platform-core"", ""business_unit"": ""engineering"", ""owner_email"": ""platform-owner@company.com"", ""support_group"": ""platform-operations"", ""workload_criticality"": ""low"", ""sla_tier"": ""bronze""}","{""ServiceType"": ""Standard"", ""VMName"": ""vm-standard-b2s-10"", ""vCPUs"": 2, ""cpuUtilPct"": 1.5, ""memoryUtilPct"": 2.77, ""diskUtilPct"": 2.9, ""idleHours"": 547, ""lastActivityAt"": ""2025-10-31T02:33:15Z""}",Compute,Usage,Azure,,
EA-9876543210,app-prod-sub,app-prod-sub,owner_0003@company.com,a1b2c3d4-0003-0003-0003-000000000003,app-prod-sub,rg-app-dev,eastus,2025-12-12,Virtual Machines Standard_B2s - eastus,Virtual Machines,Standard_B2s Series,7190101e-d2ab-5a56-ad8e-83f7122f17e8,B2s,24.0,1 Hour,2.014265,0.084,0.083928,0.084,OnDemand,USD,Microsoft.Compute,/subscriptions/a1b2c3d4-0003-0003-0003-000000000003/resourceGroups/rg-app-dev/providers/Microsoft.Compute/virtualMachines/vm-standard-b2s-11,vm-standard-b2s-11,{},"{""ServiceType"": ""Standard"", ""VMName"": ""vm-standard-b2s-11"", ""vCPUs"": 2, ""cpuUtilPct"": 3.87, ""memoryUtilPct"": 3.37, ""diskUtilPct"": 5.13, ""idleHours"": 624, ""lastActivityAt"": ""2025-11-07T23:17:59Z""}",Compute,Usage,Azure,,
EA-9876543210,platform-prod-sub,platform-prod-sub,owner_0001@company.com,a1b2c3d4-0001-0001-0001-000000000001,platform-prod-sub,rg-platform-prod,eastus,2025-12-12,Blob Storage - LRS - Hot - eastus,Storage,Blobs - LRS - Hot,fb8faed0-f377-5fb0-92b7-78035153a7fa,Data Stored,850.2631,1 GB/Month,0.510783,0.018,0.018,0.018,OnDemand,USD,Microsoft.Storage,/subscriptions/a1b2c3d4-0001-0001-0001-000000000001/resourceGroups/rg-platform-prod/providers/Microsoft.Storage/storageAccounts/stplatformassets,stplatformassets,"{""team"": ""platform"", ""environment"": ""prod"", ""costcenter"": ""CC100"", ""application"": ""platform-core"", ""business_unit"": ""engineering"", ""owner_email"": ""platform-owner@company.com"", ""support_group"": ""platform-operations"", ""workload_criticality"": ""mission_critical"", ""sla_tier"": ""platinum""}","{""AccountType"": ""LRS"", ""cpuUtilPct"": 0.0, ""memoryUtilPct"": 0.0, ""diskUtilPct"": 53.03, ""idleHours"": 22, ""lastActivityAt"": ""2025-12-10T06:51:33Z""}",Storage,Usage,Azure,,
EA-9876543210,data-eng-prod-sub,data-eng-prod-sub,owner_0002@company.com,a1b2c3d4-0002-0002-0002-000000000002,data-eng-prod-sub,rg-data-prod,westeurope,2025-12-12,Blob Storage - ZRS - Hot - westeurope,Storage,Blobs - ZRS - Hot,9dd9b051-b91d-533a-9f70-e4838eb241bb,Data Stored,3203.1059,1 GB/Month,2.459519,0.023,0.023,0.023,OnDemand,USD,Microsoft.Storage,/subscriptions/a1b2c3d4-0002-0002-0002-000000000002/resourceGroups/rg-data-prod/providers/Microsoft.Storage/storageAccounts/stdatalake,stdatalake,{},"{""AccountType"": ""ZRS"", ""cpuUtilPct"": 0.0, ""memoryUtilPct"": 0.0, ""diskUtilPct"": 57.7, ""idleHours"": 19, ""lastActivityAt"": ""2025-12-11T03:50:11Z""}",Storage,Usage,Azure,,
EA-9876543210,app-prod-sub,app-prod-sub,owner_0003@company.com,a1b2c3d4-0003-0003-0003-000000000003,app-prod-sub,rg-app-prod,southeastasia,2025-12-12,Blob Storage - LRS - Hot - southeastasia,Storage,Blobs - LRS - Hot,3ae72a36-b458-5b93-9e16-84484844594d,Data Stored,399.8631,1 GB/Month,0.239863,0.018,0.018,0.018,OnDemand,USD,Microsoft.Storage,/subscriptions/a1b2c3d4-0003-0003-0003-000000000003/resourceGroups/rg-app-prod/providers/Microsoft.Storage/storageAccounts/stappassets,stappassets,"{""team"": ""frontend"", ""environment"": ""prod"", ""costcenter"": ""CC300"", ""application"": ""customer-web"", ""business_unit"": ""product"", ""owner_email"": ""frontend-owner@company.com"", ""support_group"": ""customer-experience-support"", ""workload_criticality"": ""high"", ""sla_tier"": ""gold""}","{""AccountType"": ""LRS"", ""cpuUtilPct"": 0.0, ""memoryUtilPct"": 0.0, ""diskUtilPct"": 38.17, ""idleHours"": 10, ""lastActivityAt"": ""2025-12-10T03:33:58Z""}",Storage,Usage,Azure,,
EA-9876543210,data-eng-prod-sub,data-eng-prod-sub,owner_0002@company.com,a1b2c3d4-0002-0002-0002-000000000002,data-eng-prod-sub,rg-ml-prod,westeurope,2025-12-12,Blob Storage - LRS - Hot - westeurope,Storage,Blobs - LRS - Hot,4ba045d2-b571-568f-be23-884194c5daba,Data Stored,1100.3572,1 GB/Month,0.659446,0.018,0.018,0.018,OnDemand,USD,Microsoft.Storage,/subscriptions/a1b2c3d4-0002-0002-0002-000000000002/resourceGroups/rg-ml-prod/providers/Microsoft.Storage/storageAccounts/stmlmodels,stmlmodels,"{""team"": ""ml"", ""environment"": ""prod"", ""costcenter"": ""CC500"", ""application"": ""ml-platform"", ""business_unit"": ""ai"", ""owner_email"": ""ml-owner@company.com"", ""support_group"": ""ml-platform-sre"", ""workload_criticality"": ""high"", ""sla_tier"": ""gold""}","{""AccountType"": ""LRS"", ""cpuUtilPct"": 0.0, ""memoryUtilPct"": 0.0, ""diskUtilPct"": 54.45, ""idleHours"": 13, ""lastActivityAt"": ""2025-12-11T19:47:59Z""}",Storage,Usage,Azure,,
EA-9876543210,platform-prod-sub,platform-prod-sub,owner_0001@company.com,a1b2c3d4-0001-0001-0001-000000000001,platform-prod-sub,rg-platform-prod,eastus,2025-12-12,Azure SQL Database Standard_S2 - eastus,SQL Database,Standard_S2,cd1e0b9a-8ff0-5779-9281-87ab698e2916,vCore Hours,24.0,1 Hour,7.471897,0.31,0.31,0.31,OnDemand,USD,Microsoft.Sql,/subscriptions/a1b2c3d4-0001-0001-0001-000000000001/resourceGroups/rg-platform-prod/providers/Microsoft.Sql/servers/databases/sqldb-standard-0001,sqldb-standard-0001,"{""team"": ""platform"", ""environment"": ""prod"", ""costcenter"": ""CC100"", ""application"": ""platform-core"", ""business_unit"": ""engineering"", ""owner_email"": ""platform-owner@company.com"", ""support_group"": ""platform-operations"", ""workload_criticality"": ""mission_critical"", ""sla_tier"": ""platinum""}","{""cpuUtilPct"": 42.04, ""memoryUtilPct"": 47.43, ""diskUtilPct"": 46.48, ""idleHours"": 1, ""lastActivityAt"": ""2025-12-11T02:44:12Z""}",Databases,Usage,Azure,,
EA-9876543210,data-eng-prod-sub,data-eng-prod-sub,owner_0002@company.com,a1b2c3d4-0002-0002-0002-000000000002,data-eng-prod-sub,rg-data-prod,westeurope,2025-12-12,Azure SQL Database Business Critical_BC_Gen5_4 - westeurope,SQL Database,Business Critical_BC_Gen5_4,4bab5ab0-7291-58c2-8564-3252f5053179,vCore Hours,24.0,1 Hour,52.384501,2.2,2.2,2.2,OnDemand,USD,Microsoft.Sql,/subscriptions/a1b2c3d4-0002-0002-0002-000000000002/resourceGroups/rg-data-prod/providers/Microsoft.Sql/servers/databases/sqldb-business critical-0002,sqldb-business critical-0002,"{""team"": ""data-eng"", ""environment"": ""prod"", ""costcenter"": ""CC200"", ""application"": ""data-platform"", ""business_unit"": ""data"", ""owner_email"": ""data-eng-owner@company.com"", ""support_group"": ""data-platform-ops"", ""workload_criticality"": ""high"", ""sla_tier"": ""gold""}","{""cpuUtilPct"": 26.73, ""memoryUtilPct"": 34.7, ""diskUtilPct"": 18.17, ""idleHours"": 57, ""lastActivityAt"": ""2025-12-10T11:07:55Z""}",Databases,Usage,Azure,,
EA-9876543210,app-prod-sub,app-prod-sub,owner_0003@company.com,a1b2c3d4-0003-0003-0003-000000000003,app-prod-sub,rg-app-prod,eastus,2025-12-12,Azure SQL Database General Purpose_GP_Gen5_2 - eastus,SQL Database,General Purpose_GP_Gen5_2,69e0198c-4ca3-5ac2-8540-db65f6d44c56,vCore Hours,24.0,1 Hour,14.47373,0.6,0.6,0.6,OnDemand,USD,Microsoft.Sql,/subscriptions/a1b2c3d4-0003-0003-0003-000000000003/resourceGroups/rg-app-prod/providers/Microsoft.Sql/servers/databases/sqldb-general purpose-0003,sqldb-general purpose-0003,"{""team"": ""backend"", ""environment"": ""prod"", ""costcenter"": ""CC400"", ""application"": ""core-api"", ""business_unit"": ""product"", ""owner_email"": ""backend-owner@company.com"", ""support_group"": ""api-operations"", ""workload_criticality"": ""high"", ""sla_tier"": ""gold""}","{""cpuUtilPct"": 28.37, ""memoryUtilPct"": 30.46, ""diskUtilPct"": 28.02, ""idleHours"": 23, ""lastActivityAt"": ""2025-12-08T06:26:00Z""}",Databases,Usage,Azure,,
EA-9876543210,shared-infra-sub,shared-infra-sub,owner_infra@company.com,a1b2c3d4-9999-9999-9999-000000000099,shared-infra-sub,rg-shared-infra,eastus,2025-12-12,Azure Monitor,Monitor,Data Ingested,aadff281-e00d-588e-bd69-a4630325bd50,Data Ingested,1000.0,1 Unit,44.818768,0.045,0.045,0.045,OnDemand,USD,Microsoft.SharedInfra,/subscriptions/a1b2c3d4-9999-9999-9999-000000000099/resourceGroups/rg-shared-infra/providers/Microsoft.SharedInfra/Monitor/monitor,monitor,{},"{""cpuUtilPct"": 2.0, ""memoryUtilPct"": 9.89, ""diskUtilPct"": 3.78, ""idleHours"": 607, ""lastActivityAt"": ""2025-11-02T23:44:23Z""}",Management,Usage,Azure,,
EA-9876543210,shared-infra-sub,shared-infra-sub,owner_infra@company.com,a1b2c3d4-9999-9999-9999-000000000099,shared-infra-sub,rg-shared-infra,eastus,2025-12-12,Virtual Network,Networking,Intra-Region,cc2ca1a8-2d13-5873-b301-4b8ed16ed2c0,Intra-Region,622.22,1 Unit,27.895517,0.045,0.045,0.045,OnDemand,USD,Microsoft.SharedInfra,/subscriptions/a1b2c3d4-9999-9999-9999-000000000099/resourceGroups/rg-shared-infra/providers/Microsoft.SharedInfra/Networking/networking,networking,{},"{""cpuUtilPct"": 2.68, ""memoryUtilPct"": 2.83, ""diskUtilPct"": 5.77, ""idleHours"": 441, ""lastActivityAt"": ""2025-11-06T05:26:51Z""}",Networking,Usage,Azure,,
EA-9876543210,shared-infra-sub,shared-infra-sub,owner_infra@company.com,a1b2c3d4-9999-9999-9999-000000000099,shared-infra-sub,rg-shared-infra,eastus,2025-12-12,API Management,API Management,Gateway Units,78998862-331b-5215-a4b4-8d4500189f89,Gateway Units,2666.67,1 Unit,119.656099,0.045,0.045,0.045,OnDemand,USD,Microsoft.SharedInfra,/subscriptions/a1b2c3d4-9999-9999-9999-000000000099/resourceGroups/rg-shared-infra/providers/Microsoft.SharedInfra/API Management/api-management,api-management,{},"{""cpuUtilPct"": 3.73, ""memoryUtilPct"": 8.96, ""diskUtilPct"": 5.78, ""idleHours"": 391, ""lastActivityAt"": ""2025-11-20T09:20:09Z""}",Integration,Usage,Azure,,
EA-9876543210,shared-infra-sub,shared-infra-sub,owner_infra@company.com,a1b2c3d4-9999-9999-9999-000000000099,shared-infra-sub,rg-shared-infra,eastus,2025-12-12,Azure Key Vault,Key Vault,Operations,3cb0172e-6732-5350-b439-97753364a78c,Operations,177.78,1 Unit,7.984274,0.045,0.045,0.045,OnDemand,USD,Microsoft.SharedInfra,/subscriptions/a1b2c3d4-9999-9999-9999-000000000099/resourceGroups/rg-shared-infra/providers/Microsoft.SharedInfra/Key Vault/key-vault,key-vault,{},"{""cpuUtilPct"": 2.45, ""memoryUtilPct"": 7.36, ""diskUtilPct"": 4.92, ""idleHours"": 699, ""lastActivityAt"": ""2025-11-24T14:01:35Z""}",Security,Usage,Azure,,
EA-9876543210,shared-infra-sub,shared-infra-sub,owner_infra@company.com,a1b2c3d4-9999-9999-9999-000000000099,shared-infra-sub,rg-shared-infra,eastus,2025-12-12,Azure Blob Storage,Storage,Data Stored,2e8ee991-b3b7-5136-98e5-4772405cdb0c,Data Stored,400.0,1 Unit,18.171728,0.045,0.045,0.045,OnDemand,USD,Microsoft.SharedInfra,/subscriptions/a1b2c3d4-9999-9999-9999-000000000099/resourceGroups/rg-shared-infra/providers/Microsoft.SharedInfra/Storage/storage,storage,{},"{""cpuUtilPct"": 4.93, ""memoryUtilPct"": 3.32, ""diskUtilPct"": 6.75, ""idleHours"": 671, ""lastActivityAt"": ""2025-11-10T05:59:25Z""}",Storage,Usage,Azure,,
EA-9876543210,platform-prod-sub,platform-prod-sub,owner_0001@company.com,a1b2c3d4-0001-0001-0001-000000000001,platform-prod-sub,rg-platform-prod,eastus,2025-12-13,Virtual Machines Standard_D2s_v3 - eastus,Virtual Machines,Standard_D2s_v3 Series,bbc4f1e6-b32a-5f02-86f0-702bf6097b8b,D2s v3,24.0,1 Hour,4.064418,0.168,0.169351,0.168,OnDemand,USD,Microsoft.Compute,/subscriptions/a1b2c3d4-0001-0001-0001-000000000001/resourceGroups/rg-platform-prod/providers/Microsoft.Compute/virtualMachines/vm-standard-d2s-v3-00,vm-standard-d2s-v3-00,"{""team"": ""platform"", ""environment"": ""prod"", ""costcenter"": ""CC100"", ""application"": ""platform-core"", ""business_unit"": ""engineering"", ""owner_email"": ""platform-owner@company.com"", ""support_group"": ""platform-operations"", ""workload_criticality"": ""mission_critical"", ""sla_tier"": ""platinum""}","{""ServiceType"": ""Standard"", ""VMName"": ""vm-standard-d2s-v3-00"", ""vCPUs"": 2, ""cpuUtilPct"": 37.71, ""memoryUtilPct"": 41.69, ""diskUtilPct"": 26.64, ""idleHours"": 7, ""lastActivityAt"": ""2025-12-10T13:27:36Z""}",Compute,Usage,Azure,,
EA-9876543210,platform-prod-sub,platform-prod-sub,owner_0001@company.com,a1b2c3d4-0001-0001-0001-000000000001,platform-prod-sub,rg-platform-prod,eastus,2025-12-13,Virtual Machines Standard_D2s_v3 - eastus,Virtual Machines,Standard_D2s_v3 Series,bbc4f1e6-b32a-5f02-86f0-702bf6097b8b,D2s v3,24.0,1 Hour,4.040791,0.168,0.168366,0.168,OnDemand,USD,Microsoft.Compute,/subscriptions/a1b2c3d4-0001-0001-0001-000000000001/resourceGroups/rg-platform-prod/providers/Microsoft.Compute/virtualMachines/vm-standard-d2s-v3-01,vm-standard-d2s-v3-01,"{""team"": ""platform"", ""environment"": ""prod"", ""costcenter"": ""CC100"", ""application"": ""platform-core"", ""business_unit"": ""engineering"", ""owner_email"": ""platform-owner@company.com"", ""support_group"": ""platform-operations"", ""workload_criticality"": ""mission_critical"", ""sla_tier"": ""platinum""}","{""ServiceType"": ""Standard"", ""VMName"": ""vm-standard-d2s-v3-01"", ""vCPUs"": 2, ""cpuUtilPct"": 56.96, ""memoryUtilPct"": 61.04, ""diskUtilPct"": 43.46, ""idleHours"": 14, ""lastActivityAt"": ""2025-12-10T22:09:12Z""}",Compute,Usage,Azure,,
EA-9876543210,app-prod-sub,app-prod-sub,owner_0003@company.com,a1b2c3d4-0003-0003-0003-000000000003,app-prod-sub,rg-app-prod,eastus,2025-12-13,Virtual Machines Standard_D4s_v3 - eastus,Virtual Machines,Standard_D4s_v3 Series,6c8e1236-a3aa-53d7-8e09-dadb98f69027,D4s v3,24.0,1 Hour,8.070951,0.336,0.33629,0.336,OnDemand,USD,Microsoft.Compute,/subscriptions/a1b2c3d4-0003-0003-0003-000000000003/resourceGroups/rg-app-prod/providers/Microsoft.Compute/virtualMachines/vm-standard-d4s-v3-02,vm-standard-d4s-v3-02,"{""team"": ""backend"", ""environment"": ""prod"", ""costcenter"": ""CC400"", ""application"": ""core-api"", ""business_unit"": ""product"", ""owner_email"": ""backend-owner@company.com"", ""support_group"": ""api-operations"", ""workload_criticality"": ""high"", ""sla_tier"": ""gold""}","{""ServiceType"": ""Standard"", ""VMName"": ""vm-standard-d4s-v3-02"", ""vCPUs"": 4, ""cpuUtilPct"": 39.32, ""memoryUtilPct"": 44.66, ""diskUtilPct"": 40.69, ""idleHours"": 58, ""lastActivityAt"": ""2025-12-09T12:47:33Z""}",Compute,Usage,Azure,,
EA-9876543210,data-eng-prod-sub,data-eng-prod-sub,owner_0002@company.com,a1b2c3d4-0002-0002-0002-000000000002,data-eng-prod-sub,rg-data-prod,westeurope,2025-12-13,Virtual Machines Standard_E4s_v3 - westeurope,Virtual Machines,Standard_E4s_v3 Series,7373fa15-5d45-5d30-a83f-72064e156f94,E4s v3,24.0,1 Hour,4.810484,0.364,0.200437,0.364,Reservation,USD,Microsoft.Compute,/subscriptions/a1b2c3d4-0002-0002-0002-000000000002/resourceGroups/rg-data-prod/providers/Microsoft.Compute/virtualMachines/vm-standard-e4s-v3-03,vm-standard-e4s-v3-03,"{""team"": ""data-eng"", ""environment"": ""prod"", ""costcenter"": ""CC200"", ""application"": ""data-platform"", ""business_unit"": ""data"", ""owner_email"": ""data-eng-owner@company.com"", ""support_group"": ""data-platform-ops"", ""workload_criticality"": ""high"", ""sla_tier"": ""gold""}","{""ServiceType"": ""Standard"", ""VMName"": ""vm-standard-e4s-v3-03"", ""vCPUs"": 4, ""cpuUtilPct"": 39.82, ""memoryUtilPct"": 39.74, ""diskUtilPct"": 27.6, ""idleHours"": 40, ""lastActivityAt"": ""2025-12-10T03:53:56Z""}",Compute,Usage,Azure,/providers/Microsoft.BillingBenefits/savingsPlanOrders/e1bd34bc-f983-4d52-b7e6-6c3729bc5efd,Reserved VM Instance_westeurope_1Year
EA-9876543210,data-eng-prod-sub,data-eng-prod-sub,owner_0002@company.com,a1b2c3d4-0002-0002-0002-000000000002,data-eng-prod-sub,rg-data-prod,westeurope,2025-12-13,Virtual Machines Standard_E8s_v3 - westeurope,Virtual Machines,Standard_E8s_v3 Series,2b9593f7-8692-56d9-b10a-a624f400da47,E8s v3,24.0,1 Hour,11.083705,0.728,0.461821,0.728,Reservation,USD,Microsoft.Compute,/subscriptions/a1b2c3d4-0002-0002-0002-000000000002/resourceGroups/rg-data-prod/providers/Microsoft.Compute/virtualMachines/vm-standard-e8s-v3-04,vm-standard-e8s-v3-04,"{""team"": ""data-eng"", ""environment"": ""prod"", ""costcenter"": ""CC200"", ""application"": ""data-platform"", ""business_unit"": ""data"", ""owner_email"": ""data-eng-owner@company.com"", ""support_group"": ""data-platform-ops"", ""workload_criticality"": ""high"", ""sla_tier"": ""gold""}","{""ServiceType"": ""Standard"", ""VMName"": ""vm-standard-e8s-v3-04"", ""vCPUs"": 8, ""cpuUtilPct"": 38.62, ""memoryUtilPct"": 43.19, ""diskUtilPct"": 24.33, ""idleHours"": 62, ""lastActivityAt"": ""2025-12-09T07:20:10Z""}",Compute,Usage,Azure,/providers/Microsoft.BillingBenefits/savingsPlanOrders/ceb97826-f6cd-4f28-a608-e6bd4fcf58f8,Reserved VM Instance_westeurope_1Year
EA-9876543210,data-eng-prod-sub,data-eng-prod-sub,owner_0002@company.com,a1b2c3d4-0002-0002-0002-000000000002,data-eng-prod-sub,rg-data-prod,westeurope,2025-12-13,Unused Reservation - vm-standard-e8s-v3-04,Virtual Machines,Unused Capacity,518ede5a-24bc-50a3-8931-2fafccfbad03,Unused,0.0,1 Hour,3.210868,0.0,0.0,0.728,Reservation,USD,Microsoft.Compute,,vm-standard-e8s-v3-04,"{""team"": ""data-eng"", ""environment"": ""prod"", ""costcenter"": ""CC200"", ""application"": ""data-platform"", ""business_unit"": ""data"", ""owner_email"": ""data-eng-owner@company.com"", ""support_group"": ""data-platform-ops"", ""workload_criticality"": ""high"", ""sla_tier"": ""gold""}","{""cpuUtilPct"": 38.62, ""memoryUtilPct"": 43.19, ""diskUtilPct"": 24.33, ""idleHours"": 62, ""lastActivityAt"": ""2025-12-09T07:20:10Z""}",Compute,UnusedReservation,Azure,/providers/Microsoft.BillingBenefits/savingsPlanOrders/289b4fc0-9224-4359-885c-cb461b84a1a8,Reserved VM Instance_westeurope_1Year
EA-9876543210,data-eng-prod-sub,data-eng-prod-sub,owner_0002@company.com,a1b2c3d4-0002-0002-0002-000000000002,data-eng-prod-sub,rg-ml-prod,westeurope,2025-12-13,Virtual Machines Standard_F4s_v2 - westeurope,Virtual Machines,Standard_F4s_v2 Series,303bf71a-6d52-56d9-8e75-95552aa01c86,F4s v2,24.0,1 Hour,6.085203,0.252,0.25355,0.252,OnDemand,USD,Microsoft.Compute,/subscriptions/a1b2c3d4-0002-0002-0002-000000000002/resourceGroups/rg-ml-prod/providers/Microsoft.Compute/virtualMachines/vm-standard-f4s-v2-05,vm-standard-f4s-v2-05,"{""team"": ""ml"", ""environment"": ""prod"", ""costcenter"": ""CC500"", ""application"": ""ml-platform"", ""business_unit"": ""ai"", ""owner_email"": ""ml-owner@company.com"", ""support_group"": ""ml-platform-sre"", ""workload_criticality"": ""high"", ""sla_tier"": ""gold""}","{""ServiceType"": ""Standard"", ""VMName"": ""vm-standard-f4s-v2-05"", ""vCPUs"": 4, ""cpuUtilPct"": 28.89, ""memoryUtilPct"": 31.54, ""diskUtilPct"": 33.53, ""idleHours"": 32, ""lastActivityAt"": ""2025-12-11T13:06:09Z""}",Compute,Usage,Azure,,
EA-9876543210,data-eng-prod-sub,data-eng-prod-sub,owner_0002@company.com,a1b2c3d4-0002-0002-0002-000000000002,data-eng-prod-sub,rg-ml-prod,westeurope,2025-12-13,Virtual Machines Standard_D8s_v3 - westeurope,Virtual Machines,Standard_D8s_v3 Series,348575ff-7ae0-57e5-896e-037d67179117,D8s v3,24.0,1 Hour,10.210329,0.672,0.42543,0.672,Reservation,USD,Microsoft.Compute,/subscriptions/a1b2c3d4-0002-0002-0002-000000000002/resourceGroups/rg-ml-prod/providers/Microsoft.Compute/virtualMachines/vm-standard-d8s-v3-06,vm-standard-d8s-v3-06,{},"{""ServiceType"": ""Standard"", ""VMName"": ""vm-standard-d8s-v3-06"", ""vCPUs"": 8, ""cpuUtilPct"": 29.64, ""memoryUtilPct"": 34.76, ""diskUtilPct"": 21.22, ""idleHours"": 68, ""lastActivityAt"": ""2025-12-11T09:12:01Z""}",Compute,Usage,Azure,/providers/Microsoft.BillingBenefits/savingsPlanOrders/2aabe453-009a-4414-8fac-bfd74348a382,Reserved VM Instance_westeurope_1Year
EA-9876543210,app-prod-sub,app-prod-sub,owner_0003@company.com,a1b2c3d4-0003-0003-0003-000000000003,app-prod-sub,rg-app-prod,southeastasia,2025-12-13,Virtual Machines Standard_B2s - southeastasia,Virtual Machines,Standard_B2s Series,78a50003-6630-5ba4-aad2-c10f0de71d3b,B2s,24.0,1 Hour,2.005865,0.084,0.083578,0.084,OnDemand,USD,Microsoft.Compute,/subscriptions/a1b2c3d4-0003-0003-0003-000000000003/resourceGroups/rg-app-prod/providers/Microsoft.Compute/virtualMachines/vm-standard-b2s-07,vm-standard-b2s-07,{},"{""ServiceType"": ""Standard"", ""VMName"": ""vm-standard-b2s-07"", ""vCPUs"": 2, ""cpuUtilPct"": 41.8, ""memoryUtilPct"": 37.73, ""diskUtilPct"": 30.43, ""idleHours"": 71, ""lastActivityAt"": ""2025-12-08T22:15:50Z""}",Compute,Usage,Azure,,
EA-9876543210,app-prod-sub,app-prod-sub,owner_0003@company.com,a1b2c3d4-0003-0003-0003-000000000003,app-prod-sub,rg-app-staging,southeastasia,2025-12-13,Virtual Machines Standard_B2s - southeastasia,Virtual Machines,Standard_B2s Series,78a50003-6630-5ba4-aad2-c10f0de71d3b,B2s,24.0,1 Hour,1.357655,0.084,0.056569,0.084,SavingsPlan,USD,Microsoft.Compute,/subscriptions/a1b2c3d4-0003-0003-0003-000000000003/resourceGroups/rg-app-staging/providers/Microsoft.Compute/virtualMachines/vm-standard-b2s-08,vm-standard-b2s-08,"{""team"": ""frontend"", ""environment"": ""staging"", ""costcenter"": ""CC300"", ""application"": ""customer-web"", ""business_unit"": ""product"", ""owner_email"": ""frontend-owner@company.com"", ""support_group"": ""customer-experience-support"", ""workload_criticality"": ""medium"", ""sla_tier"": ""silver""}","{""ServiceType"": ""Standard"", ""VMName"": ""vm-standard-b2s-08"", ""vCPUs"": 2, ""cpuUtilPct"": 16.5, ""memoryUtilPct"": 13.62, ""diskUtilPct"": 21.15, ""idleHours"": 219, ""lastActivityAt"": ""2025-12-03T10:06:05Z""}",Compute,Usage,Azure,/providers/Microsoft.BillingBenefits/savingsPlanOrders/1a689d56-987f-441e-b0f4-9e6a46703484,Compute savings plan_1Year
EA-9876543210,app-prod-sub,app-prod-sub,owner_0003@company.com,a1b2c3d4-0003-0003-0003-000000000003,app-prod-sub,rg-app-staging,eastus,2025-12-13,Virtual Machines Standard_D2s_v3 - eastus,Virtual Machines,Standard_D2s_v3 Series,bbc4f1e6-b32a-5f02-86f0-702bf6097b8b,D2s v3,24.0,1 Hour,4.033235,0.168,0.168051,0.168,OnDemand,USD,Microsoft.Compute,/subscriptions/a1b2c3d4-0003-0003-0003-000000000003/resourceGroups/rg-app-staging/providers/Microsoft.Compute/virtualMachines/vm-standard-d2s-v3-09,vm-standard-d2s-v3-09,"{""team"": ""backend"", ""environment"": ""staging"", ""costcenter"": ""CC400"", ""application"": ""core-api"", ""business_unit"": ""product"", ""owner_email"": ""backend-owner@company.com"", ""support_group"": ""api-operations"", ""workload_criticality"": ""medium"", ""sla_tier"": ""silver""}","{""ServiceType"": ""Standard"", ""VMName"": ""vm-standard-d2s-v3-09"", ""vCPUs"": 2, ""cpuUtilPct"": 10.23, ""memoryUtilPct"": 21.56, ""diskUtilPct"": 11.18, ""idleHours"": 182, ""lastActivityAt"": ""2025-12-03T19:31:35Z""}",Compute,Usage,Azure,,
EA-9876543210,platform-prod-sub,platform-prod-sub,owner_0001@company.com,a1b2c3d4-0001-0001-0001-000000000001,platform-prod-sub,rg-platform-dev,eastus,2025-12-13,Virtual Machines Standard_B2s - eastus,Virtual Machines,Standard_B2s Series,7190101e-d2ab-5a56-ad8e-83f7122f17e8,B2s,24.0,1 Hour,2.031866,0.084,0.084661,0.084,OnDemand,USD,Microsoft.Compute,/subscriptions/a1b2c3d4-0001-0001-0001-000000000001/resourceGroups/rg-platform-dev/providers/Microsoft.Compute/virtualMachines/vm-standard-b2s-10,vm-standard-b2s-10,"{""team"": ""platform"", ""environment"": ""dev"", ""costcenter"": ""CC100"", ""application"": ""platform-core"", ""business_unit"": ""engineering"", ""owner_email"": ""platform-owner@company.com"", ""support_group"": ""platform-operations"", ""workload_criticality"": ""low"", ""sla_tier"": ""bronze""}","{""ServiceType"": ""Standard"", ""VMName"": ""vm-standard-b2s-10"", ""vCPUs"": 2, ""cpuUtilPct"": 1.96, ""memoryUtilPct"": 2.78, ""diskUtilPct"": 3.44, ""idleHours"": 648, ""lastActivityAt"": ""2025-11-15T20:08:20Z""}",Compute,Usage,Azure,,
EA-9876543210,app-prod-sub,app-prod-sub,owner_0003@company.com,a1b2c3d4-0003-0003-0003-000000000003,app-prod-sub,rg-app-dev,eastus,2025-12-13,Virtual Machines Standard_B2s - eastus,Virtual Machines,Standard_B2s Series,7190101e-d2ab-5a56-ad8e-83f7122f17e8,B2s,24.0,1 Hour,2.026847,0.084,0.084452,0.084,OnDemand,USD,Microsoft.Compute,/subscriptions/a1b2c3d4-0003-0003-0003-000000000003/resourceGroups/rg-app-dev/providers/Microsoft.Compute/virtualMachines/vm-standard-b2s-11,vm-standard-b2s-11,{},"{""ServiceType"": ""Standard"", ""VMName"": ""vm-standard-b2s-11"", ""vCPUs"": 2, ""cpuUtilPct"": 2.56, ""memoryUtilPct"": 2.04, ""diskUtilPct"": 7.48, ""idleHours"": 659, ""lastActivityAt"": ""2025-11-03T10:06:24Z""}",Compute,Usage,Azure,,
EA-9876543210,platform-prod-sub,platform-prod-sub,owner_0001@company.com,a1b2c3d4-0001-0001-0001-000000000001,platform-prod-sub,rg-platform-prod,eastus,2025-12-13,Blob Storage - LRS - Hot - eastus,Storage,Blobs - LRS - Hot,fb8faed0-f377-5fb0-92b7-78035153a7fa,Data Stored,849.9087,1 GB/Month,0.510986,0.018,0.018,0.018,OnDemand,USD,Microsoft.Storage,/subscriptions/a1b2c3d4-0001-0001-0001-000000000001/resourceGroups/rg-platform-prod/providers/Microsoft.Storage/storageAccounts/stplatformassets,stplatformassets,"{""team"": ""platform"", ""environment"": ""prod"", ""costcenter"": ""CC100"", ""application"": ""platform-core"", ""business_unit"": ""engineering"", ""owner_email"": ""platform-owner@company.com"", ""support_group"": ""platform-operations"", ""workload_criticality"": ""mission_critical"", ""sla_tier"": ""platinum""}","{""AccountType"": ""LRS"", ""cpuUtilPct"": 0.0, ""memoryUtilPct"": 0.0, ""diskUtilPct"": 42.11, ""idleHours"": 21, ""lastActivityAt"": ""2025-12-12T01:12:59Z""}",Storage,Usage,Azure,,
EA-9876543210,data-eng-prod-sub,data-eng-prod-sub,owner_0002@company.com,a1b2c3d4-0002-0002-0002-000000000002,data-eng-prod-sub,rg-data-prod,westeurope,2025-12-13,Blob Storage - ZRS - Hot - westeurope,Storage,Blobs - ZRS - Hot,9dd9b051-b91d-533a-9f70-e4838eb241bb,Data Stored,3196.9045,1 GB/Month,2.458245,0.023,0.023,0.023,OnDemand,USD,Microsoft.Storage,/subscriptions/a1b2c3d4-0002-0002-0002-000000000002/resourceGroups/rg-data-prod/providers/Microsoft.Storage/storageAccounts/stdatalake,stdatalake,"{""team"": ""data-eng"", ""environment"": ""prod"", ""costcenter"": ""CC200"", ""application"": ""data-platform"", ""business_unit"": ""data"", ""owner_email"": ""data-eng-owner@company.com"", ""support_group"": ""data-platform-ops"", ""workload_criticality"": ""high"", ""sla_tier"": ""gold""}","{""AccountType"": ""ZRS"", ""cpuUtilPct"": 0.0, ""memoryUtilPct"": 0.0, ""diskUtilPct"": 47.13, ""idleHours"": 5, ""lastActivityAt"": ""2025-12-12T08:31:05Z""}",Storage,Usage,Azure,,
EA-9876543210,app-prod-sub,app-prod-sub,owner_0003@company.com,a1b2c3d4-0003-0003-0003-000000000003,app-prod-sub,rg-app-prod,southeastasia,2025-12-13,Blob Storage - LRS - Hot - southeastasia,Storage,Blobs - LRS - Hot,3ae72a36-b458-5b93-9e16-84484844594d,Data Stored,400.2084,1 GB/Month,0.239635,0.018,0.018,0.018,OnDemand,USD,Microsoft.Storage,/subscriptions/a1b2c3d4-0003-0003-0003-000000000003/resourceGroups/rg-app-prod/providers/Microsoft.Storage/storageAccounts/stappassets,stappassets,"{""team"": ""frontend"", ""environment"": ""prod"", ""costcenter"": ""CC300"", ""application"": ""customer-web"", ""business_unit"": ""product"", ""owner_email"": ""frontend-owner@company.com"", ""support_group"": ""customer-experience-support"", ""workload_criticality"": ""high"", ""sla_tier"": ""gold""}","{""AccountType"": ""LRS"", ""cpuUtilPct"": 0.0, ""memoryUtilPct"": 0.0, ""diskUtilPct"": 50.91, ""idleHours"": 17, ""lastActivityAt"": ""2025-12-11T17:11:50Z""}",Storage,Usage,Azure,,
EA-9876543210,data-eng-prod-sub,data-eng-prod-sub,owner_0002@company.com,a1b2c3d4-0002-0002-0002-000000000002,data-eng-prod-sub,rg-ml-prod,westeurope,2025-12-13,Blob Storage - LRS - Hot - westeurope,Storage,Blobs - LRS - Hot,4ba045d2-b571-568f-be23-884194c5daba,Data Stored,1100.863,1 GB/Month,0.661868,0.018,0.018,0.018,OnDemand,USD,Microsoft.Storage,/subscriptions/a1b2c3d4-0002-0002-0002-000000000002/resourceGroups/rg-ml-prod/providers/Microsoft.Storage/storageAccounts/stmlmodels,stmlmodels,"{""team"": ""ml"", ""environment"": ""prod"", ""costcenter"": ""CC500"", ""application"": ""ml-platform"", ""business_unit"": ""ai"", ""owner_email"": ""ml-owner@company.com"", ""support_group"": ""ml-platform-sre"", ""workload_criticality"": ""high"", ""sla_tier"": ""gold""}","{""AccountType"": ""LRS"", ""cpuUtilPct"": 0.0, ""memoryUtilPct"": 0.0, ""diskUtilPct"": 32.71, ""idleHours"": 7, ""lastActivityAt"": ""2025-12-10T14:06:01Z""}",Storage,Usage,Azure,,
EA-9876543210,platform-prod-sub,platform-prod-sub,owner_0001@company.com,a1b2c3d4-0001-0001-0001-000000000001,platform-prod-sub,rg-platform-prod,eastus,2025-12-13,Azure SQL Database Standard_S2 - eastus,SQL Database,Standard_S2,cd1e0b9a-8ff0-5779-9281-87ab698e2916,vCore Hours,24.0,1 Hour,7.365758,0.31,0.31,0.31,OnDemand,USD,Microsoft.Sql,/subscriptions/a1b2c3d4-0001-0001-0001-000000000001/resourceGroups/rg-platform-prod/providers/Microsoft.Sql/servers/databases/sqldb-standard-0001,sqldb-standard-0001,"{""team"": ""platform"", ""environment"": ""prod"", ""costcenter"": ""CC100"", ""application"": ""platform-core"", ""business_unit"": ""engineering"", ""owner_email"": ""platform-owner@company.com"", ""support_group"": ""platform-operations"", ""workload_criticality"": ""mission_critical"", ""sla_tier"": ""platinum""}","{""cpuUtilPct"": 42.1, ""memoryUtilPct"": 50.18, ""diskUtilPct"": 51.39, ""idleHours"": 14, ""lastActivityAt"": ""2025-12-11T02:44:22Z""}",Databases,Usage,Azure,,
EA-9876543210,data-eng-prod-sub,data-eng-prod-sub,owner_0002@company.com,a1b2c3d4-0002-0002-0002-000000000002,data-eng-prod-sub,rg-data-prod,westeurope,2025-12-13,Azure SQL Database Business Critical_BC_Gen5_4 - westeurope,SQL Database,Business Critical_BC_Gen5_4,4bab5ab0-7291-58c2-8564-3252f5053179,vCore Hours,24.0,1 Hour,53.077408,2.2,2.2,2.2,OnDemand,USD,Microsoft.Sql,/subscriptions/a1b2c3d4-0002-0002-0002-000000000002/resourceGroups/rg-data-prod/providers/Microsoft.Sql/servers/databases/sqldb-business critical-0002,sqldb-business critical-0002,{},"{""cpuUtilPct"": 35.76, ""memoryUtilPct"": 40.0, ""diskUtilPct"": 23.61, ""idleHours"": 42, ""lastActivityAt"": ""2025-12-09T02:21:30Z""}",Databases,Usage,Azure,,
EA-9876543210,app-prod-sub,app-prod-sub,owner_0003@company.com,a1b2c3d4-0003-0003-0003-000000000003,app-prod-sub,rg-app-prod,eastus,2025-12-13,Azure SQL Database General Purpose_GP_Gen5_2 - eastus,SQL Database,General Purpose_GP_Gen5_2,69e0198c-4ca3-5ac2-8540-db65f6d44c56,vCore Hours,24.0,1 Hour,14.353931,0.6,0.6,0.6,OnDemand,USD,Microsoft.Sql,/subscriptions/a1b2c3d4-0003-0003-0003-000000000003/resourceGroups/rg-app-prod/providers/Microsoft.Sql/servers/databases/sqldb-general purpose-0003,sqldb-general purpose-0003,"{""team"": ""backend"", ""environment"": ""prod"", ""costcenter"": ""CC400"", ""application"": ""core-api"", ""business_unit"": ""product"", ""owner_email"": ""backend-owner@company.com"", ""support_group"": ""api-operations"", ""workload_criticality"": ""high"", ""sla_tier"": ""gold""}","{""cpuUtilPct"": 34.06, ""memoryUtilPct"": 50.29, ""diskUtilPct"": 40.56, ""idleHours"": 36, ""lastActivityAt"": ""2025-12-09T13:58:30Z""}",Databases,Usage,Azure,,
EA-9876543210,shared-infra-sub,shared-infra-sub,owner_infra@company.com,a1b2c3d4-9999-9999-9999-000000000099,shared-infra-sub,rg-shared-infra,eastus,2025-12-13,Azure Monitor,Monitor,Data Ingested,aadff281-e00d-588e-bd69-a4630325bd50,Data Ingested,1000.0,1 Unit,44.768311,0.045,0.045,0.045,OnDemand,USD,Microsoft.SharedInfra,/subscriptions/a1b2c3d4-9999-9999-9999-000000000099/resourceGroups/rg-shared-infra/providers/Microsoft.SharedInfra/Monitor/monitor,monitor,{},"{""cpuUtilPct"": 3.18, ""memoryUtilPct"": 7.82, ""diskUtilPct"": 6.14, ""idleHours"": 515, ""lastActivityAt"": ""2025-11-14T03:48:37Z""}",Management,Usage,Azure,,
EA-9876543210,shared-infra-sub,shared-infra-sub,owner_infra@company.com,a1b2c3d4-9999-9999-9999-000000000099,shared-infra-sub,rg-shared-infra,eastus,2025-12-13,Virtual Network,Networking,Intra-Region,cc2ca1a8-2d13-5873-b301-4b8ed16ed2c0,Intra-Region,622.22,1 Unit,28.276765,0.045,0.045,0.045,OnDemand,USD,Microsoft.SharedInfra,/subscriptions/a1b2c3d4-9999-9999-9999-000000000099/resourceGroups/rg-shared-infra/providers/Microsoft.SharedInfra/Networking/networking,networking,{},"{""cpuUtilPct"": 2.04, ""memoryUtilPct"": 2.22, ""diskUtilPct"": 1.27, ""idleHours"": 651, ""lastActivityAt"": ""2025-11-15T14:14:17Z""}",Networking,Usage,Azure,,
EA-9876543210,shared-infra-sub,shared-infra-sub,owner_infra@company.com,a1b2c3d4-9999-9999-9999-000000000099,shared-infra-sub,rg-shared-infra,eastus,2025-12-13,API Management,API Management,Gateway Units,78998862-331b-5215-a4b4-8d4500189f89,Gateway Units,2666.67,1 Unit,119.121498,0.045,0.045,0.045,OnDemand,USD,Microsoft.SharedInfra,/subscriptions/a1b2c3d4-9999-9999-9999-000000000099/resourceGroups/rg-shared-infra/providers/Microsoft.SharedInfra/API Management/api-management,api-management,{},"{""cpuUtilPct"": 3.21, ""memoryUtilPct"": 2.34, ""diskUtilPct"": 3.62, ""idleHours"": 455, ""lastActivityAt"": ""2025-11-26T11:22:09Z""}",Integration,Usage,Azure,,
EA-9876543210,shared-infra-sub,shared-infra-sub,owner_infra@company.com,a1b2c3d4-9999-9999-9999-000000000099,shared-infra-sub,rg-shared-infra,eastus,2025-12-13,Azure Key Vault,Key Vault,Operations,3cb0172e-6732-5350-b439-97753364a78c,Operations,177.78,1 Unit,7.993204,0.045,0.045,0.045,OnDemand,USD,Microsoft.SharedInfra,/subscriptions/a1b2c3d4-9999-9999-9999-000000000099/resourceGroups/rg-shared-infra/providers/Microsoft.SharedInfra/Key Vault/key-vault,key-vault,{},"{""cpuUtilPct"": 3.25, ""memoryUtilPct"": 4.84, ""diskUtilPct"": 1.66, ""idleHours"": 442, ""lastActivityAt"": ""2025-11-19T17:39:59Z""}",Security,Usage,Azure,,
EA-9876543210,shared-infra-sub,shared-infra-sub,owner_infra@company.com,a1b2c3d4-9999-9999-9999-000000000099,shared-infra-sub,rg-shared-infra,eastus,2025-12-13,Azure Blob Storage,Storage,Data Stored,2e8ee991-b3b7-5136-98e5-4772405cdb0c,Data Stored,400.0,1 Unit,17.917121,0.045,0.045,0.045,OnDemand,USD,Microsoft.SharedInfra,/subscriptions/a1b2c3d4-9999-9999-9999-000000000099/resourceGroups/rg-shared-infra/providers/Microsoft.SharedInfra/Storage/storage,storage,{},"{""cpuUtilPct"": 2.13, ""memoryUtilPct"": 9.48, ""diskUtilPct"": 5.65, ""idleHours"": 664, ""lastActivityAt"": ""2025-11-28T06:20:02Z""}",Storage,Usage,Azure,,
EA-9876543210,platform-prod-sub,platform-prod-sub,owner_0001@company.com,a1b2c3d4-0001-0001-0001-000000000001,platform-prod-sub,rg-platform-prod,eastus,2025-12-14,Virtual Machines Standard_D2s_v3 - eastus,Virtual Machines,Standard_D2s_v3 Series,bbc4f1e6-b32a-5f02-86f0-702bf6097b8b,D2s v3,24.0,1 Hour,4.067214,0.168,0.169467,0.168,OnDemand,USD,Microsoft.Compute,/subscriptions/a1b2c3d4-0001-0001-0001-000000000001/resourceGroups/rg-platform-prod/providers/Microsoft.Compute/virtualMachines/vm-standard-d2s-v3-00,vm-standard-d2s-v3-00,"{""team"": ""platform"", ""environment"": ""prod"", ""costcenter"": ""CC100"", ""application"": ""platform-core"", ""business_unit"": ""engineering"", ""owner_email"": ""platform-owner@company.com"", ""support_group"": ""platform-operations"", ""workload_criticality"": ""mission_critical"", ""sla_tier"": ""platinum""}","{""ServiceType"": ""Standard"", ""VMName"": ""vm-standard-d2s-v3-00"", ""vCPUs"": 2, ""cpuUtilPct"": 50.65, ""memoryUtilPct"": 54.38, ""diskUtilPct"": 51.01, ""idleHours"": 27, ""lastActivityAt"": ""2025-12-13T02:44:57Z""}",Compute,Usage,Azure,,
EA-9876543210,platform-prod-sub,platform-prod-sub,owner_0001@company.com,a1b2c3d4-0001-0001-0001-000000000001,platform-prod-sub,rg-platform-prod,eastus,2025-12-14,Virtual Machines Standard_D2s_v3 - eastus,Virtual Machines,Standard_D2s_v3 Series,bbc4f1e6-b32a-5f02-86f0-702bf6097b8b,D2s v3,24.0,1 Hour,4.040915,0.168,0.168371,0.168,OnDemand,USD,Microsoft.Compute,/subscriptions/a1b2c3d4-0001-0001-0001-000000000001/resourceGroups/rg-platform-prod/providers/Microsoft.Compute/virtualMachines/vm-standard-d2s-v3-01,vm-standard-d2s-v3-01,"{""team"": ""platform"", ""environment"": ""prod"", ""costcenter"": ""CC100"", ""application"": ""platform-core"", ""business_unit"": ""engineering"", ""owner_email"": ""platform-owner@company.com"", ""support_group"": ""platform-operations"", ""workload_criticality"": ""mission_critical"", ""sla_tier"": ""platinum""}","{""ServiceType"": ""Standard"", ""VMName"": ""vm-standard-d2s-v3-01"", ""vCPUs"": 2, ""cpuUtilPct"": 43.84, ""memoryUtilPct"": 43.49, ""diskUtilPct"": 29.84, ""idleHours"": 7, ""lastActivityAt"": ""2025-12-13T00:43:53Z""}",Compute,Usage,Azure,,
EA-9876543210,app-prod-sub,app-prod-sub,owner_0003@company.com,a1b2c3d4-0003-0003-0003-000000000003,app-prod-sub,rg-app-prod,eastus,2025-12-14,Virtual Machines Standard_D4s_v3 - eastus,Virtual Machines,Standard_D4s_v3 Series,6c8e1236-a3aa-53d7-8e09-dadb98f69027,D4s v3,24.0,1 Hour,8.09763,0.336,0.337401,0.336,OnDemand,USD,Microsoft.Compute,/subscriptions/a1b2c3d4-0003-0003-0003-000000000003/resourceGroups/rg-app-prod/providers/Microsoft.Compute/virtualMachines/vm-standard-d4s-v3-02,vm-standard-d4s-v3-02,"{""team"": ""backend"", ""environment"": ""prod"", ""costcenter"": ""CC400"", ""application"": ""core-api"", ""business_unit"": ""product"", ""owner_email"": ""backend-owner@company.com"", ""support_group"": ""api-operations"", ""workload_criticality"": ""high"", ""sla_tier"": ""gold""}","{""ServiceType"": ""Standard"", ""VMName"": ""vm-standard-d4s-v3-02"", ""vCPUs"": 4, ""cpuUtilPct"": 23.16, ""memoryUtilPct"": 35.64, ""diskUtilPct"": 41.91, ""idleHours"": 29, ""lastActivityAt"": ""2025-12-12T23:27:49Z""}",Compute,Usage,Azure,,
EA-9876543210,data-eng-prod-sub,data-eng-prod-sub,owner_0002@company.com,a1b2c3d4-0002-0002-0002-000000000002,data-eng-prod-sub,rg-data-prod,westeurope,2025-12-14,Virtual Machines Standard_E4s_v3 - westeurope,Virtual Machines,Standard_E4s_v3 Series,7373fa15-5d45-5d30-a83f-72064e156f94,E4s v3,24.0,1 Hour,5.904339,0.364,0.246014,0.364,Reservation,USD,Microsoft.Compute,/subscriptions/a1b2c3d4-0002-0002-0002-000000000002/resourceGroups/rg-data-prod/providers/Microsoft.Compute/virtualMachines/vm-standard-e4s-v3-03,vm-standard-e4s-v3-03,"{""team"": ""data-eng"", ""environment"": ""prod"", ""costcenter"": ""CC200"", ""application"": ""data-platform"", ""business_unit"": ""data"", ""owner_email"": ""data-eng-owner@company.com"", ""support_group"": ""data-platform-ops"", ""workload_criticality"": ""high"", ""sla_tier"": ""gold""}","{""ServiceType"": ""Standard"", ""VMName"": ""vm-standard-e4s-v3-03"", ""vCPUs"": 4, ""cpuUtilPct"": 33.83, ""memoryUtilPct"": 30.33, ""diskUtilPct"": 21.34, ""idleHours"": 54, ""lastActivityAt"": ""2025-12-11T14:59:04Z""}",Compute,Usage,Azure,/providers/Microsoft.BillingBenefits/savingsPlanOrders/b1a76e7f-441a-48e2-bafc-dc4921414edb,Reserved VM Instance_westeurope_1Year
EA-9876543210,data-eng-prod-sub,data-eng-prod-sub,owner_0002@company.com,a1b2c3d4-0002-0002-0002-000000000002,data-eng-prod-sub,rg-data-prod,westeurope,2025-12-14,Unused Reservation - vm-standard-e4s-v3-03,Virtual Machines,Unused Capacity,a168fc8a-b66e-5c1b-9f19-79dad0ded395,Unused,0.0,1 Hour,0.909288,0.0,0.0,0.364,Reservation,USD,Microsoft.Compute,,vm-standard-e4s-v3-03,"{""team"": ""data-eng"", ""environment"": ""prod"", ""costcenter"": ""CC200"", ""application"": ""data-platform"", ""business_unit"": ""data"", ""owner_email"": ""data-eng-owner@company.com"", ""support_group"": ""data-platform-ops"", ""workload_criticality"": ""high"", ""sla_tier"": ""gold""}","{""cpuUtilPct"": 33.83, ""memoryUtilPct"": 30.33, ""diskUtilPct"": 21.34, ""idleHours"": 54, ""lastActivityAt"": ""2025-12-11T14:59:04Z""}",Compute,UnusedReservation,Azure,/providers/Microsoft.BillingBenefits/savingsPlanOrders/d3af49c4-b8c8-43be-bbcb-1a5f1833a220,Reserved VM Instance_westeurope_1Year
EA-9876543210,data-eng-prod-sub,data-eng-prod-sub,owner_0002@company.com,a1b2c3d4-0002-0002-0002-000000000002,data-eng-prod-sub,rg-data-prod,westeurope,2025-12-14,Virtual Machines Standard_E8s_v3 - westeurope,Virtual Machines,Standard_E8s_v3 Series,2b9593f7-8692-56d9-b10a-a624f400da47,E8s v3,24.0,1 Hour,11.480499,0.728,0.478354,0.728,Reservation,USD,Microsoft.Compute,/subscriptions/a1b2c3d4-0002-0002-0002-000000000002/resourceGroups/rg-data-prod/providers/Microsoft.Compute/virtualMachines/vm-standard-e8s-v3-04,vm-standard-e8s-v3-04,"{""team"": ""data-eng"", ""environment"": ""prod"", ""costcenter"": ""CC200"", ""application"": ""data-platform"", ""business_unit"": ""data"", ""owner_email"": ""data-eng-owner@company.com"", ""support_group"": ""data-platform-ops"", ""workload_criticality"": ""high"", ""sla_tier"": ""gold""}","{""ServiceType"": ""Standard"", ""VMName"": ""vm-standard-e8s-v3-04"", ""vCPUs"": 8, ""cpuUtilPct"": 34.54, ""memoryUtilPct"": 36.41, ""diskUtilPct"": 28.05, ""idleHours"": 20, ""lastActivityAt"": ""2025-12-09T17:45:50Z""}",Compute,Usage,Azure,/providers/Microsoft.BillingBenefits/savingsPlanOrders/9c564174-9798-406e-a900-73cee8cfa720,Reserved VM Instance_westeurope_1Year
EA-9876543210,data-eng-prod-sub,data-eng-prod-sub,owner_0002@company.com,a1b2c3d4-0002-0002-0002-000000000002,data-eng-prod-sub,rg-ml-prod,westeurope,2025-12-14,Virtual Machines Standard_F4s_v2 - westeurope,Virtual Machines,Standard_F4s_v2 Series,303bf71a-6d52-56d9-8e75-95552aa01c86,F4s v2,24.0,1 Hour,6.099849,0.252,0.25416,0.252,OnDemand,USD,Microsoft.Compute,/subscriptions/a1b2c3d4-0002-0002-0002-000000000002/resourceGroups/rg-ml-prod/providers/Microsoft.Compute/virtualMachines/vm-standard-f4s-v2-05,vm-standard-f4s-v2-05,"{""team"": ""ml"", ""environment"": ""prod"", ""costcenter"": ""CC500"", ""application"": ""ml-platform"", ""business_unit"": ""ai"", ""owner_email"": ""ml-owner@company.com"", ""support_group"": ""ml-platform-sre"", ""workload_criticality"": ""high"", ""sla_tier"": ""gold""}","{""ServiceType"": ""Standard"", ""VMName"": ""vm-standard-f4s-v2-05"", ""vCPUs"": 4, ""cpuUtilPct"": 35.97, ""memoryUtilPct"": 42.74, ""diskUtilPct"": 37.61, ""idleHours"": 58, ""lastActivityAt"": ""2025-12-11T13:38:16Z""}",Compute,Usage,Azure,,
EA-9876543210,data-eng-prod-sub,data-eng-prod-sub,owner_0002@company.com,a1b2c3d4-0002-0002-0002-000000000002,data-eng-prod-sub,rg-ml-prod,westeurope,2025-12-14,Virtual Machines Standard_D8s_v3 - westeurope,Virtual Machines,Standard_D8s_v3 Series,348575ff-7ae0-57e5-896e-037d67179117,D8s v3,24.0,1 Hour,10.644954,0.672,0.44354,0.672,Reservation,USD,Microsoft.Compute,/subscriptions/a1b2c3d4-0002-0002-0002-000000000002/resourceGroups/rg-ml-prod/providers/Microsoft.Compute/virtualMachines/vm-standard-d8s-v3-06,vm-standard-d8s-v3-06,"{""team"": ""ml"", ""environment"": ""prod"", ""costcenter"": ""CC500"", ""application"": ""ml-platform"", ""business_unit"": ""ai"", ""owner_email"": ""ml-owner@company.com"", ""support_group"": ""ml-platform-sre"", ""workload_criticality"": ""high"", ""sla_tier"": ""gold""}","{""ServiceType"": ""Standard"", ""VMName"": ""vm-standard-d8s-v3-06"", ""vCPUs"": 8, ""cpuUtilPct"": 25.81, ""memoryUtilPct"": 46.03, ""diskUtilPct"": 31.84, ""idleHours"": 52, ""lastActivityAt"": ""2025-12-09T17:40:23Z""}",Compute,Usage,Azure,/providers/Microsoft.BillingBenefits/savingsPlanOrders/cbd17b63-4a0f-4eed-a5ed-6d047d23577d,Reserved VM Instance_westeurope_1Year
EA-9876543210,data-eng-prod-sub,data-eng-prod-sub,owner_0002@company.com,a1b2c3d4-0002-0002-0002-000000000002,data-eng-prod-sub,rg-ml-prod,westeurope,2025-12-14,Unused Reservation - vm-standard-d8s-v3-06,Virtual Machines,Unused Capacity,0e2c18d4-3cb3-5132-adb2-6d1b9117b766,Unused,0.0,1 Hour,1.245508,0.0,0.0,0.672,Reservation,USD,Microsoft.Compute,,vm-standard-d8s-v3-06,"{""team"": ""ml"", ""environment"": ""prod"", ""costcenter"": ""CC500"", ""application"": ""ml-platform"", ""business_unit"": ""ai"", ""owner_email"": ""ml-owner@company.com"", ""support_group"": ""ml-platform-sre"", ""workload_criticality"": ""high"", ""sla_tier"": ""gold""}","{""cpuUtilPct"": 25.81, ""memoryUtilPct"": 46.03, ""diskUtilPct"": 31.84, ""idleHours"": 52, ""lastActivityAt"": ""2025-12-09T17:40:23Z""}",Compute,UnusedReservation,Azure,/providers/Microsoft.BillingBenefits/savingsPlanOrders/8ec41536-2e6d-4aec-8d89-f9aa86a1114f,Reserved VM Instance_westeurope_1Year
EA-9876543210,app-prod-sub,app-prod-sub,owner_0003@company.com,a1b2c3d4-0003-0003-0003-000000000003,app-prod-sub,rg-app-prod,southeastasia,2025-12-14,Virtual Machines Standard_B2s - southeastasia,Virtual Machines,Standard_B2s Series,78a50003-6630-5ba4-aad2-c10f0de71d3b,B2s,24.0,1 Hour,1.996203,0.084,0.083175,0.084,OnDemand,USD,Microsoft.Compute,/subscriptions/a1b2c3d4-0003-0003-0003-000000000003/resourceGroups/rg-app-prod/providers/Microsoft.Compute/virtualMachines/vm-standard-b2s-07,vm-standard-b2s-07,"{""team"": ""frontend"", ""environment"": ""prod"", ""costcenter"": ""CC300"", ""application"": ""customer-web"", ""business_unit"": ""product"", ""owner_email"": ""frontend-owner@company.com"", ""support_group"": ""customer-experience-support"", ""workload_criticality"": ""high"", ""sla_tier"": ""gold""}","{""ServiceType"": ""Standard"", ""VMName"": ""vm-standard-b2s-07"", ""vCPUs"": 2, ""cpuUtilPct"": 24.04, ""memoryUtilPct"": 32.4, ""diskUtilPct"": 29.83, ""idleHours"": 24, ""lastActivityAt"": ""2025-12-12T12:19:35Z""}",Compute,Usage,Azure,,
EA-9876543210,app-prod-sub,app-prod-sub,owner_0003@company.com,a1b2c3d4-0003-0003-0003-000000000003,app-prod-sub,rg-app-staging,southeastasia,2025-12-14,Virtual Machines Standard_B2s - southeastasia,Virtual Machines,Standard_B2s Series,78a50003-6630-5ba4-aad2-c10f0de71d3b,B2s,24.0,1 Hour,1.547578,0.084,0.064482,0.084,SavingsPlan,USD,Microsoft.Compute,/subscriptions/a1b2c3d4-0003-0003-0003-000000000003/resourceGroups/rg-app-staging/providers/Microsoft.Compute/virtualMachines/vm-standard-b2s-08,vm-standard-b2s-08,{},"{""ServiceType"": ""Standard"", ""VMName"": ""vm-standard-b2s-08"", ""vCPUs"": 2, ""cpuUtilPct"": 8.53, ""memoryUtilPct"": 26.61, ""diskUtilPct"": 12.66, ""idleHours"": 184, ""lastActivityAt"": ""2025-12-08T02:44:23Z""}",Compute,Usage,Azure,/providers/Microsoft.BillingBenefits/savingsPlanOrders/409e2777-cfb4-411d-9e74-c827ff0ba0cf,Compute savings plan_1Year
EA-9876543210,app-prod-sub,app-prod-sub,owner_0003@company.com,a1b2c3d4-0003-0003-0003-000000000003,app-prod-sub,rg-app-staging,southeastasia,2025-12-14,Unused Reservation - vm-standard-b2s-08,Virtual Machines,Unused Capacity,7cfc1488-980b-5f35-b64a-7385e726f74c,Unused,0.0,1 Hour,0.383927,0.0,0.0,0.084,SavingsPlan,USD,Microsoft.Compute,,vm-standard-b2s-08,"{""team"": ""frontend"", ""environment"": ""staging"", ""costcenter"": ""CC300"", ""application"": ""customer-web"", ""business_unit"": ""product"", ""owner_email"": ""frontend-owner@company.com"", ""support_group"": ""customer-experience-support"", ""workload_criticality"": ""medium"", ""sla_tier"": ""silver""}","{""cpuUtilPct"": 8.53, ""memoryUtilPct"": 26.61, ""diskUtilPct"": 12.66, ""idleHours"": 184, ""lastActivityAt"": ""2025-12-08T02:44:23Z""}",Compute,UnusedSavingsPlan,Azure,/providers/Microsoft.BillingBenefits/savingsPlanOrders/aef002f5-9a63-4b8f-b685-73c141b4b55d,Compute savings plan_1Year
EA-9876543210,app-prod-sub,app-prod-sub,owner_0003@company.com,a1b2c3d4-0003-0003-0003-000000000003,app-prod-sub,rg-app-staging,eastus,2025-12-14,Virtual Machines Standard_D2s_v3 - eastus,Virtual Machines,Standard_D2s_v3 Series,bbc4f1e6-b32a-5f02-86f0-702bf6097b8b,D2s v3,24.0,1 Hour,3.99233,0.168,0.166347,0.168,OnDemand,USD,Microsoft.Compute,/subscriptions/a1b2c3d4-0003-0003-0003-000000000003/resourceGroups/rg-app-staging/providers/Microsoft.Compute/virtualMachines/vm-standard-d2s-v3-09,vm-standard-d2s-v3-09,"{""team"": ""backend"", ""environment"": ""staging"", ""costcenter"": ""CC400"", ""application"": ""core-api"", ""business_unit"": ""product"", ""owner_email"": ""backend-owner@company.com"", ""support_group"": ""api-operations"", ""workload_criticality"": ""medium"", ""sla_tier"": ""silver""}","{""ServiceType"": ""Standard"", ""VMName"": ""vm-standard-d2s-v3-09"", ""vCPUs"": 2, ""cpuUtilPct"": 17.26, ""memoryUtilPct"": 23.65, ""diskUtilPct"": 20.15, ""idleHours"": 100, ""lastActivityAt"": ""2025-12-09T15:11:24Z""}",Compute,Usage,Azure,,
EA-9876543210,platform-prod-sub,platform-prod-sub,owner_0001@company.com,a1b2c3d4-0001-0001-0001-000000000001,platform-prod-sub,rg-platform-dev,eastus,2025-12-14,Virtual Machines Standard_B2s - eastus,Virtual Machines,Standard_B2s Series,7190101e-d2ab-5a56-ad8e-83f7122f17e8,B2s,24.0,1 Hour,2.035856,0.084,0.084827,0.084,OnDemand,USD,Microsoft.Compute,/subscriptions/a1b2c3d4-0001-0001-0001-000000000001/resourceGroups/rg-platform-dev/providers/Microsoft.Compute/virtualMachines/vm-standard-b2s-10,vm-standard-b2s-10,"{""team"": ""platform"", ""environment"": ""dev"", ""costcenter"": ""CC100"", ""application"": ""platform-core"", ""business_unit"": ""engineering"", ""owner_email"": ""platform-owner@company.com"", ""support_group"": ""platform-operations"", ""workload_criticality"": ""low"", ""sla_tier"": ""bronze""}","{""ServiceType"": ""Standard"", ""VMName"": ""vm-standard-b2s-10"", ""vCPUs"": 2, ""cpuUtilPct"": 4.1, ""memoryUtilPct"": 2.7, ""diskUtilPct"": 3.6, ""idleHours"": 687, ""lastActivityAt"": ""2025-10-29T15:32:00Z""}",Compute,Usage,Azure,,
EA-9876543210,app-prod-sub,app-prod-sub,owner_0003@company.com,a1b2c3d4-0003-0003-0003-000000000003,app-prod-sub,rg-app-dev,eastus,2025-12-14,Virtual Machines Standard_B2s - eastus,Virtual Machines,Standard_B2s Series,7190101e-d2ab-5a56-ad8e-83f7122f17e8,B2s,24.0,1 Hour,2.010421,0.084,0.083768,0.084,OnDemand,USD,Microsoft.Compute,/subscriptions/a1b2c3d4-0003-0003-0003-000000000003/resourceGroups/rg-app-dev/providers/Microsoft.Compute/virtualMachines/vm-standard-b2s-11,vm-standard-b2s-11,{},"{""ServiceType"": ""Standard"", ""VMName"": ""vm-standard-b2s-11"", ""vCPUs"": 2, ""cpuUtilPct"": 0.86, ""memoryUtilPct"": 8.48, ""diskUtilPct"": 5.35, ""idleHours"": 335, ""lastActivityAt"": ""2025-11-28T07:38:47Z""}",Compute,Usage,Azure,,
EA-9876543210,platform-prod-sub,platform-prod-sub,owner_0001@company.com,a1b2c3d4-0001-0001-0001-000000000001,platform-prod-sub,rg-platform-prod,eastus,2025-12-14,Blob Storage - LRS - Hot - eastus,Storage,Blobs - LRS - Hot,fb8faed0-f377-5fb0-92b7-78035153a7fa,Data Stored,849.4616,1 GB/Month,0.510933,0.018,0.018,0.018,OnDemand,USD,Microsoft.Storage,/subscriptions/a1b2c3d4-0001-0001-0001-000000000001/resourceGroups/rg-platform-prod/providers/Microsoft.Storage/storageAccounts/stplatformassets,stplatformassets,"{""team"": ""platform"", ""environment"": ""prod"", ""costcenter"": ""CC100"", ""application"": ""platform-core"", ""business_unit"": ""engineering"", ""owner_email"": ""platform-owner@company.com"", ""support_group"": ""platform-operations"", ""workload_criticality"": ""mission_critical"", ""sla_tier"": ""platinum""}","{""AccountType"": ""LRS"", ""cpuUtilPct"": 0.0, ""memoryUtilPct"": 0.0, ""diskUtilPct"": 30.14, ""idleHours"": 11, ""lastActivityAt"": ""2025-12-13T03:21:37Z""}",Storage,Usage,Azure,,
EA-9876543210,data-eng-prod-sub,data-eng-prod-sub,owner_0002@company.com,a1b2c3d4-0002-0002-0002-000000000002,data-eng-prod-sub,rg-data-prod,westeurope,2025-12-14,Blob Storage - ZRS - Hot - westeurope,Storage,Blobs - ZRS - Hot,9dd9b051-b91d-533a-9f70-e4838eb241bb,Data Stored,3201.5411,1 GB/Month,2.452995,0.023,0.023,0.023,OnDemand,USD,Microsoft.Storage,/subscriptions/a1b2c3d4-0002-0002-0002-000000000002/resourceGroups/rg-data-prod/providers/Microsoft.Storage/storageAccounts/stdatalake,stdatalake,"{""team"": ""data-eng"", ""environment"": ""prod"", ""costcenter"": ""CC200"", ""application"": ""data-platform"", ""business_unit"": ""data"", ""owner_email"": ""data-eng-owner@company.com"", ""support_group"": ""data-platform-ops"", ""workload_criticality"": ""high"", ""sla_tier"": ""gold""}","{""AccountType"": ""ZRS"", ""cpuUtilPct"": 0.0, ""memoryUtilPct"": 0.0, ""diskUtilPct"": 34.34, ""idleHours"": 6, ""lastActivityAt"": ""2025-12-11T18:06:01Z""}",Storage,Usage,Azure,,
EA-9876543210,app-prod-sub,app-prod-sub,owner_0003@company.com,a1b2c3d4-0003-0003-0003-000000000003,app-prod-sub,rg-app-prod,southeastasia,2025-12-14,Blob Storage - LRS - Hot - southeastasia,Storage,Blobs - LRS - Hot,3ae72a36-b458-5b93-9e16-84484844594d,Data Stored,399.8384,1 GB/Month,0.239874,0.018,0.018,0.018,OnDemand,USD,Microsoft.Storage,/subscriptions/a1b2c3d4-0003-0003-0003-000000000003/resourceGroups/rg-app-prod/providers/Microsoft.Storage/storageAccounts/stappassets,stappassets,{},"{""AccountType"": ""LRS"", ""cpuUtilPct"": 0.0, ""memoryUtilPct"": 0.0, ""diskUtilPct"": 43.13, ""idleHours"": 16, ""lastActivityAt"": ""2025-12-11T19:27:59Z""}",Storage,Usage,Azure,,
EA-9876543210,data-eng-prod-sub,data-eng-prod-sub,owner_0002@company.com,a1b2c3d4-0002-0002-0002-000000000002,data-eng-prod-sub,rg-ml-prod,westeurope,2025-12-14,Blob Storage - LRS - Hot - westeurope,Storage,Blobs - LRS - Hot,4ba045d2-b571-568f-be23-884194c5daba,Data Stored,1099.2172,1 GB/Month,0.659676,0.018,0.018,0.018,OnDemand,USD,Microsoft.Storage,/subscriptions/a1b2c3d4-0002-0002-0002-000000000002/resourceGroups/rg-ml-prod/providers/Microsoft.Storage/storageAccounts/stmlmodels,stmlmodels,"{""team"": ""ml"", ""environment"": ""prod"", ""costcenter"": ""CC500"", ""application"": ""ml-platform"", ""business_unit"": ""ai"", ""owner_email"": ""ml-owner@company.com"", ""support_group"": ""ml-platform-sre"", ""workload_criticality"": ""high"", ""sla_tier"": ""gold""}","{""AccountType"": ""LRS"", ""cpuUtilPct"": 0.0, ""memoryUtilPct"": 0.0, ""diskUtilPct"": 54.36, ""idleHours"": 9, ""lastActivityAt"": ""2025-12-11T09:27:51Z""}",Storage,Usage,Azure,,
EA-9876543210,platform-prod-sub,platform-prod-sub,owner_0001@company.com,a1b2c3d4-0001-0001-0001-000000000001,platform-prod-sub,rg-platform-prod,eastus,2025-12-14,Azure SQL Database Standard_S2 - eastus,SQL Database,Standard_S2,cd1e0b9a-8ff0-5779-9281-87ab698e2916,vCore Hours,24.0,1 Hour,7.409946,0.31,0.31,0.31,OnDemand,USD,Microsoft.Sql,/subscriptions/a1b2c3d4-0001-0001-0001-000000000001/resourceGroups/rg-platform-prod/providers/Microsoft.Sql/servers/databases/sqldb-standard-0001,sqldb-standard-0001,"{""team"": ""platform"", ""environment"": ""prod"", ""costcenter"": ""CC100"", ""application"": ""platform-core"", ""business_unit"": ""engineering"", ""owner_email"": ""platform-owner@company.com"", ""support_group"": ""platform-operations"", ""workload_criticality"": ""mission_critical"", ""sla_tier"": ""platinum""}","{""cpuUtilPct"": 49.33, ""memoryUtilPct"": 55.64, ""diskUtilPct"": 42.24, ""idleHours"": 21, ""lastActivityAt"": ""2025-12-12T19:09:23Z""}",Databases,Usage,Azure,,
EA-9876543210,data-eng-prod-sub,data-eng-prod-sub,owner_0002@company.com,a1b2c3d4-0002-0002-0002-000000000002,data-eng-prod-sub,rg-data-prod,westeurope,2025-12-14,Azure SQL Database Business Critical_BC_Gen5_4 - westeurope,SQL Database,Business Critical_BC_Gen5_4,4bab5ab0-7291-58c2-8564-3252f5053179,vCore Hours,24.0,1 Hour,52.298581,2.2,2.2,2.2,OnDemand,USD,Microsoft.Sql,/subscriptions/a1b2c3d4-0002-0002-0002-000000000002/resourceGroups/rg-data-prod/providers/Microsoft.Sql/servers/databases/sqldb-business critical-0002,sqldb-business critical-0002,"{""team"": ""data-eng"", ""environment"": ""prod"", ""costcenter"": ""CC200"", ""application"": ""data-platform"", ""business_unit"": ""data"", ""owner_email"": ""data-eng-owner@company.com"", ""support_group"": ""data-platform-ops"", ""workload_criticality"": ""high"", ""sla_tier"": ""gold""}","{""cpuUtilPct"": 24.15, ""memoryUtilPct"": 34.84, ""diskUtilPct"": 22.4, ""idleHours"": 55, ""lastActivityAt"": ""2025-12-11T13:42:24Z""}",Databases,Usage,Azure,,
EA-9876543210,app-prod-sub,app-prod-sub,owner_0003@company.com,a1b2c3d4-0003-0003-0003-000000000003,app-prod-sub,rg-app-prod,eastus,2025-12-14,Azure SQL Database General Purpose_GP_Gen5_2 - eastus,SQL Database,General Purpose_GP_Gen5_2,69e0198c-4ca3-5ac2-8540-db65f6d44c56,vCore Hours,24.0,1 Hour,14.486356,0.6,0.6,0.6,OnDemand,USD,Microsoft.Sql,/subscriptions/a1b2c3d4-0003-0003-0003-000000000003/resourceGroups/rg-app-prod/providers/Microsoft.Sql/servers/databases/sqldb-general purpose-0003,sqldb-general purpose-0003,"{""team"": ""backend"", ""environment"": ""prod"", ""costcenter"": ""CC400"", ""application"": ""core-api"", ""business_unit"": ""product"", ""owner_email"": ""backend-owner@company.com"", ""support_group"": ""api-operations"", ""workload_criticality"": ""high"", ""sla_tier"": ""gold""}","{""cpuUtilPct"": 41.74, ""memoryUtilPct"": 33.91, ""diskUtilPct"": 41.89, ""idleHours"": 40, ""lastActivityAt"": ""2025-12-11T23:24:59Z""}",Databases,Usage,Azure,,
EA-9876543210,shared-infra-sub,shared-infra-sub,owner_infra@company.com,a1b2c3d4-9999-9999-9999-000000000099,shared-infra-sub,rg-shared-infra,eastus,2025-12-14,Azure Monitor,Monitor,Data Ingested,aadff281-e00d-588e-bd69-a4630325bd50,Data Ingested,1000.0,1 Unit,44.915078,0.045,0.045,0.045,OnDemand,USD,Microsoft.SharedInfra,/subscriptions/a1b2c3d4-9999-9999-9999-000000000099/resourceGroups/rg-shared-infra/providers/Microsoft.SharedInfra/Monitor/monitor,monitor,{},"{""cpuUtilPct"": 4.49, ""memoryUtilPct"": 3.0, ""diskUtilPct"": 4.1, ""idleHours"": 565, ""lastActivityAt"": ""2025-11-29T05:40:49Z""}",Management,Usage,Azure,,
EA-9876543210,shared-infra-sub,shared-infra-sub,owner_infra@company.com,a1b2c3d4-9999-9999-9999-000000000099,shared-infra-sub,rg-shared-infra,eastus,2025-12-14,Virtual Network,Networking,Intra-Region,cc2ca1a8-2d13-5873-b301-4b8ed16ed2c0,Intra-Region,622.22,1 Unit,28.182134,0.045,0.045,0.045,OnDemand,USD,Microsoft.SharedInfra,/subscriptions/a1b2c3d4-9999-9999-9999-000000000099/resourceGroups/rg-shared-infra/providers/Microsoft.SharedInfra/Networking/networking,networking,{},"{""cpuUtilPct"": 0.78, ""memoryUtilPct"": 8.97, ""diskUtilPct"": 2.4, ""idleHours"": 704, ""lastActivityAt"": ""2025-11-25T12:42:03Z""}",Networking,Usage,Azure,,
EA-9876543210,shared-infra-sub,shared-infra-sub,owner_infra@company.com,a1b2c3d4-9999-9999-9999-000000000099,shared-infra-sub,rg-shared-infra,eastus,2025-12-14,API Management,API Management,Gateway Units,78998862-331b-5215-a4b4-8d4500189f89,Gateway Units,2666.67,1 Unit,120.081422,0.045,0.045,0.045,OnDemand,USD,Microsoft.SharedInfra,/subscriptions/a1b2c3d4-9999-9999-9999-000000000099/resourceGroups/rg-shared-infra/providers/Microsoft.SharedInfra/API Management/api-management,api-management,{},"{""cpuUtilPct"": 3.39, ""memoryUtilPct"": 7.11, ""diskUtilPct"": 7.76, ""idleHours"": 717, ""lastActivityAt"": ""2025-11-07T16:05:11Z""}",Integration,Usage,Azure,,
EA-9876543210,shared-infra-sub,shared-infra-sub,owner_infra@company.com,a1b2c3d4-9999-9999-9999-000000000099,shared-infra-sub,rg-shared-infra,eastus,2025-12-14,Azure Key Vault,Key Vault,Operations,3cb0172e-6732-5350-b439-97753364a78c,Operations,177.78,1 Unit,7.966981,0.045,0.045,0.045,OnDemand,USD,Microsoft.SharedInfra,/subscriptions/a1b2c3d4-9999-9999-9999-000000000099/resourceGroups/rg-shared-infra/providers/Microsoft.SharedInfra/Key Vault/key-vault,key-vault,{},"{""cpuUtilPct"": 4.4, ""memoryUtilPct"": 4.49, ""diskUtilPct"": 7.54, ""idleHours"": 337, ""lastActivityAt"": ""2025-11-10T00:11:06Z""}",Security,Usage,Azure,,
EA-9876543210,shared-infra-sub,shared-infra-sub,owner_infra@company.com,a1b2c3d4-9999-9999-9999-000000000099,shared-infra-sub,rg-shared-infra,eastus,2025-12-14,Azure Blob Storage,Storage,Data Stored,2e8ee991-b3b7-5136-98e5-4772405cdb0c,Data Stored,400.0,1 Unit,18.07242,0.045,0.045,0.045,OnDemand,USD,Microsoft.SharedInfra,/subscriptions/a1b2c3d4-9999-9999-9999-000000000099/resourceGroups/rg-shared-infra/providers/Microsoft.SharedInfra/Storage/storage,storage,{},"{""cpuUtilPct"": 3.7, ""memoryUtilPct"": 4.58, ""diskUtilPct"": 7.0, ""idleHours"": 405, ""lastActivityAt"": ""2025-11-10T17:46:39Z""}",Storage,Usage,Azure,,
EA-9876543210,platform-prod-sub,platform-prod-sub,owner_0001@company.com,a1b2c3d4-0001-0001-0001-000000000001,platform-prod-sub,rg-platform-prod,eastus,2025-12-15,Virtual Machines Standard_D2s_v3 - eastus,Virtual Machines,Standard_D2s_v3 Series,bbc4f1e6-b32a-5f02-86f0-702bf6097b8b,D2s v3,24.0,1 Hour,4.058311,0.168,0.169096,0.168,OnDemand,USD,Microsoft.Compute,/subscriptions/a1b2c3d4-0001-0001-0001-000000000001/resourceGroups/rg-platform-prod/providers/Microsoft.Compute/virtualMachines/vm-standard-d2s-v3-00,vm-standard-d2s-v3-00,"{""team"": ""platform"", ""environment"": ""prod"", ""costcenter"": ""CC100"", ""application"": ""platform-core"", ""business_unit"": ""engineering"", ""owner_email"": ""platform-owner@company.com"", ""support_group"": ""platform-operations"", ""workload_criticality"": ""mission_critical"", ""sla_tier"": ""platinum""}","{""ServiceType"": ""Standard"", ""VMName"": ""vm-standard-d2s-v3-00"", ""vCPUs"": 2, ""cpuUtilPct"": 57.35, ""memoryUtilPct"": 53.27, ""diskUtilPct"": 37.0, ""idleHours"": 15, ""lastActivityAt"": ""2025-12-14T14:02:00Z""}",Compute,Usage,Azure,,
EA-9876543210,platform-prod-sub,platform-prod-sub,owner_0001@company.com,a1b2c3d4-0001-0001-0001-000000000001,platform-prod-sub,rg-platform-prod,eastus,2025-12-15,Virtual Machines Standard_D2s_v3 - eastus,Virtual Machines,Standard_D2s_v3 Series,bbc4f1e6-b32a-5f02-86f0-702bf6097b8b,D2s v3,24.0,1 Hour,4.021424,0.168,0.167559,0.168,OnDemand,USD,Microsoft.Compute,/subscriptions/a1b2c3d4-0001-0001-0001-000000000001/resourceGroups/rg-platform-prod/providers/Microsoft.Compute/virtualMachines/vm-standard-d2s-v3-01,vm-standard-d2s-v3-01,"{""team"": ""platform"", ""environment"": ""prod"", ""costcenter"": ""CC100"", ""application"": ""platform-core"", ""business_unit"": ""engineering"", ""owner_email"": ""platform-owner@company.com"", ""support_group"": ""platform-operations"", ""workload_criticality"": ""mission_critical"", ""sla_tier"": ""platinum""}","{""ServiceType"": ""Standard"", ""VMName"": ""vm-standard-d2s-v3-01"", ""vCPUs"": 2, ""cpuUtilPct"": 45.73, ""memoryUtilPct"": 59.53, ""diskUtilPct"": 31.54, ""idleHours"": 22, ""lastActivityAt"": ""2025-12-12T16:28:59Z""}",Compute,Usage,Azure,,
EA-9876543210,app-prod-sub,app-prod-sub,owner_0003@company.com,a1b2c3d4-0003-0003-0003-000000000003,app-prod-sub,rg-app-prod,eastus,2025-12-15,Virtual Machines Standard_D4s_v3 - eastus,Virtual Machines,Standard_D4s_v3 Series,6c8e1236-a3aa-53d7-8e09-dadb98f69027,D4s v3,24.0,1 Hour,8.143407,0.336,0.339309,0.336,OnDemand,USD,Microsoft.Compute,/subscriptions/a1b2c3d4-0003-0003-0003-000000000003/resourceGroups/rg-app-prod/providers/Microsoft.Compute/virtualMachines/vm-standard-d4s-v3-02,vm-standard-d4s-v3-02,"{""team"": ""backend"", ""environment"": ""prod"", ""costcenter"": ""CC400"", ""application"": ""core-api"", ""business_unit"": ""product"", ""owner_email"": ""backend-owner@company.com"", ""support_group"": ""api-operations"", ""workload_criticality"": ""high"", ""sla_tier"": ""gold""}","{""ServiceType"": ""Standard"", ""VMName"": ""vm-standard-d4s-v3-02"", ""vCPUs"": 4, ""cpuUtilPct"": 24.6, ""memoryUtilPct"": 51.49, ""diskUtilPct"": 18.55, ""idleHours"": 41, ""lastActivityAt"": ""2025-12-11T22:17:56Z""}",Compute,Usage,Azure,,
EA-9876543210,data-eng-prod-sub,data-eng-prod-sub,owner_0002@company.com,a1b2c3d4-0002-0002-0002-000000000002,data-eng-prod-sub,rg-data-prod,westeurope,2025-12-15,Virtual Machines Standard_E4s_v3 - westeurope,Virtual Machines,Standard_E4s_v3 Series,7373fa15-5d45-5d30-a83f-72064e156f94,E4s v3,24.0,1 Hour,5.186806,0.364,0.216117,0.364,Reservation,USD,Microsoft.Compute,/subscriptions/a1b2c3d4-0002-0002-0002-000000000002/resourceGroups/rg-data-prod/providers/Microsoft.Compute/virtualMachines/vm-standard-e4s-v3-03,vm-standard-e4s-v3-03,"{""team"": ""data-eng"", ""environment"": ""prod"", ""costcenter"": ""CC200"", ""application"": ""data-platform"", ""business_unit"": ""data"", ""owner_email"": ""data-eng-owner@company.com"", ""support_group"": ""data-platform-ops"", ""workload_criticality"": ""high"", ""sla_tier"": ""gold""}","{""ServiceType"": ""Standard"", ""VMName"": ""vm-standard-e4s-v3-03"", ""vCPUs"": 4, ""cpuUtilPct"": 24.47, ""memoryUtilPct"": 48.23, ""diskUtilPct"": 40.56, ""idleHours"": 18, ""lastActivityAt"": ""2025-12-12T14:06:15Z""}",Compute,Usage,Azure,/providers/Microsoft.BillingBenefits/savingsPlanOrders/8b0ab40f-0865-4ac6-bbc1-ff39cfe54d99,Reserved VM Instance_westeurope_1Year
EA-9876543210,data-eng-prod-sub,data-eng-prod-sub,owner_0002@company.com,a1b2c3d4-0002-0002-0002-000000000002,data-eng-prod-sub,rg-data-prod,westeurope,2025-12-15,Virtual Machines Standard_E8s_v3 - westeurope,Virtual Machines,Standard_E8s_v3 Series,2b9593f7-8692-56d9-b10a-a624f400da47,E8s v3,24.0,1 Hour,10.142405,0.728,0.4226,0.728,Reservation,USD,Microsoft.Compute,/subscriptions/a1b2c3d4-0002-0002-0002-000000000002/resourceGroups/rg-data-prod/providers/Microsoft.Compute/virtualMachines/vm-standard-e8s-v3-04,vm-standard-e8s-v3-04,"{""team"": ""data-eng"", ""environment"": ""prod"", ""costcenter"": ""CC200"", ""application"": ""data-platform"", ""business_unit"": ""data"", ""owner_email"": ""data-eng-owner@company.com"", ""support_group"": ""data-platform-ops"", ""workload_criticality"": ""high"", ""sla_tier"": ""gold""}","{""ServiceType"": ""Standard"", ""VMName"": ""vm-standard-e8s-v3-04"", ""vCPUs"": 8, ""cpuUtilPct"": 25.1, ""memoryUtilPct"": 31.62, ""diskUtilPct"": 37.84, ""idleHours"": 23, ""lastActivityAt"": ""2025-12-13T05:56:19Z""}",Compute,Usage,Azure,/providers/Microsoft.BillingBenefits/savingsPlanOrders/01a3c0e1-2e32-47a2-bfa7-1c146850d154,Reserved VM Instance_westeurope_1Year
EA-9876543210,data-eng-prod-sub,data-eng-prod-sub,owner_0002@company.com,a1b2c3d4-0002-0002-0002-000000000002,data-eng-prod-sub,rg-ml-prod,westeurope,2025-12-15,Virtual Machines Standard_F4s_v2 - westeurope,Virtual Machines,Standard_F4s_v2 Series,303bf71a-6d52-56d9-8e75-95552aa01c86,F4s v2,24.0,1 Hour,6.028814,0.252,0.251201,0.252,OnDemand,USD,Microsoft.Compute,/subscriptions/a1b2c3d4-0002-0002-0002-000000000002/resourceGroups/rg-ml-prod/providers/Microsoft.Compute/virtualMachines/vm-standard-f4s-v2-05,vm-standard-f4s-v2-05,{},"{""ServiceType"": ""Standard"", ""VMName"": ""vm-standard-f4s-v2-05"", ""vCPUs"": 4, ""cpuUtilPct"": 30.53, ""memoryUtilPct"": 35.55, ""diskUtilPct"": 25.86, ""idleHours"": 26, ""lastActivityAt"": ""2025-12-13T20:30:11Z""}",Compute,Usage,Azure,,
EA-9876543210,data-eng-prod-sub,data-eng-prod-sub,owner_0002@company.com,a1b2c3d4-0002-0002-0002-000000000002,data-eng-prod-sub,rg-ml-prod,westeurope,2025-12-15,Virtual Machines Standard_D8s_v3 - westeurope,Virtual Machines,Standard_D8s_v3 Series,348575ff-7ae0-57e5-896e-037d67179117,D8s v3,24.0,1 Hour,9.745345,0.672,0.406056,0.672,Reservation,USD,Microsoft.Compute,/subscriptions/a1b2c3d4-0002-0002-0002-000000000002/resourceGroups/rg-ml-prod/providers/Microsoft.Compute/virtualMachines/vm-standard-d8s-v3-06,vm-standard-d8s-v3-06,"{""team"": ""ml"", ""environment"": ""prod"", ""costcenter"": ""CC500"", ""application"": ""ml-platform"", ""business_unit"": ""ai"", ""owner_email"": ""ml-owner@company.com"", ""support_group"": ""ml-platform-sre"", ""workload_criticality"": ""high"", ""sla_tier"": ""gold""}","{""ServiceType"": ""Standard"", ""VMName"": ""vm-standard-d8s-v3-06"", ""vCPUs"": 8, ""cpuUtilPct"": 32.54, ""memoryUtilPct"": 31.32, ""diskUtilPct"": 24.92, ""idleHours"": 21, ""lastActivityAt"": ""2025-12-13T04:39:09Z""}",Compute,Usage,Azure,/providers/Microsoft.BillingBenefits/savingsPlanOrders/3596f92c-5e92-414c-aa19-d188c84d20d9,Reserved VM Instance_westeurope_1Year
EA-9876543210,app-prod-sub,app-prod-sub,owner_0003@company.com,a1b2c3d4-0003-0003-0003-000000000003,app-prod-sub,rg-app-prod,southeastasia,2025-12-15,Virtual Machines Standard_B2s - southeastasia,Virtual Machines,Standard_B2s Series,78a50003-6630-5ba4-aad2-c10f0de71d3b,B2s,24.0,1 Hour,2.014807,0.084,0.08395,0.084,OnDemand,USD,Microsoft.Compute,/subscriptions/a1b2c3d4-0003-0003-0003-000000000003/resourceGroups/rg-app-prod/providers/Microsoft.Compute/virtualMachines/vm-standard-b2s-07,vm-standard-b2s-07,"{""team"": ""frontend"", ""environment"": ""prod"", ""costcenter"": ""CC300"", ""application"": ""customer-web"", ""business_unit"": ""product"", ""owner_email"": ""frontend-owner@company.com"", ""support_group"": ""customer-experience-support"", ""workload_criticality"": ""high"", ""sla_tier"": ""gold""}","{""ServiceType"": ""Standard"", ""VMName"": ""vm-standard-b2s-07"", ""vCPUs"": 2, ""cpuUtilPct"": 39.55, ""memoryUtilPct"": 30.64, ""diskUtilPct"": 19.32, ""idleHours"": 50, ""lastActivityAt"": ""2025-12-12T09:33:06Z""}",Compute,Usage,Azure,,
EA-9876543210,app-prod-sub,app-prod-sub,owner_0003@company.com,a1b2c3d4-0003-0003-0003-000000000003,app-prod-sub,rg-app-staging,southeastasia,2025-12-15,Virtual Machines Standard_B2s - southeastasia,Virtual Machines,Standard_B2s Series,78a50003-6630-5ba4-aad2-c10f0de71d3b,B2s,24.0,1 Hour,1.365964,0.084,0.056915,0.084,SavingsPlan,USD,Microsoft.Compute,/subscriptions/a1b2c3d4-0003-0003-0003-000000000003/resourceGroups/rg-app-staging/providers/Microsoft.Compute/virtualMachines/vm-standard-b2s-08,vm-standard-b2s-08,"{""team"": ""frontend"", ""environment"": ""staging"", ""costcenter"": ""CC300"", ""application"": ""customer-web"", ""business_unit"": ""product"", ""owner_email"": ""frontend-owner@company.com"", ""support_group"": ""customer-experience-support"", ""workload_criticality"": ""medium"", ""sla_tier"": ""silver""}","{""ServiceType"": ""Standard"", ""VMName"": ""vm-standard-b2s-08"", ""vCPUs"": 2, ""cpuUtilPct"": 16.19, ""memoryUtilPct"": 18.06, ""diskUtilPct"": 16.21, ""idleHours"": 173, ""lastActivityAt"": ""2025-12-03T02:20:02Z""}",Compute,Usage,Azure,/providers/Microsoft.BillingBenefits/savingsPlanOrders/c7cca182-f362-4ead-8515-e43cbac536d4,Compute savings plan_1Year
EA-9876543210,app-prod-sub,app-prod-sub,owner_0003@company.com,a1b2c3d4-0003-0003-0003-000000000003,app-prod-sub,rg-app-staging,eastus,2025-12-15,Virtual Machines Standard_D2s_v3 - eastus,Virtual Machines,Standard_D2s_v3 Series,bbc4f1e6-b32a-5f02-86f0-702bf6097b8b,D2s v3,24.0,1 Hour,4.012506,0.168,0.167188,0.168,OnDemand,USD,Microsoft.Compute,/subscriptions/a1b2c3d4-0003-0003-0003-000000000003/resourceGroups/rg-app-staging/providers/Microsoft.Compute/virtualMachines/vm-standard-d2s-v3-09,vm-standard-d2s-v3-09,"{""team"": ""backend"", ""environment"": ""staging"", ""costcenter"": ""CC400"", ""application"": ""core-api"", ""business_unit"": ""product"", ""owner_email"": ""backend-owner@company.com"", ""support_group"": ""api-operations"", ""workload_criticality"": ""medium"", ""sla_tier"": ""silver""}","{""ServiceType"": ""Standard"", ""VMName"": ""vm-standard-d2s-v3-09"", ""vCPUs"": 2, ""cpuUtilPct"": 12.58, ""memoryUtilPct"": 18.99, ""diskUtilPct"": 12.9, ""idleHours"": 190, ""lastActivityAt"": ""2025-12-06T15:49:06Z""}",Compute,Usage,Azure,,
EA-9876543210,platform-prod-sub,platform-prod-sub,owner_0001@company.com,a1b2c3d4-0001-0001-0001-000000000001,platform-prod-sub,rg-platform-dev,eastus,2025-12-15,Virtual Machines Standard_B2s - eastus,Virtual Machines,Standard_B2s Series,7190101e-d2ab-5a56-ad8e-83f7122f17e8,B2s,24.0,1 Hour,2.005046,0.084,0.083544,0.084,OnDemand,USD,Microsoft.Compute,/subscriptions/a1b2c3d4-0001-0001-0001-000000000001/resourceGroups/rg-platform-dev/providers/Microsoft.Compute/virtualMachines/vm-standard-b2s-10,vm-standard-b2s-10,{},"{""ServiceType"": ""Standard"", ""VMName"": ""vm-standard-b2s-10"", ""vCPUs"": 2, ""cpuUtilPct"": 2.04, ""memoryUtilPct"": 8.68, ""diskUtilPct"": 1.06, ""idleHours"": 684, ""lastActivityAt"": ""2025-11-22T11:44:10Z""}",Compute,Usage,Azure,,
EA-9876543210,app-prod-sub,app-prod-sub,owner_0003@company.com,a1b2c3d4-0003-0003-0003-000000000003,app-prod-sub,rg-app-dev,eastus,2025-12-15,Virtual Machines Standard_B2s - eastus,Virtual Machines,Standard_B2s Series,7190101e-d2ab-5a56-ad8e-83f7122f17e8,B2s,24.0,1 Hour,2.02442,0.084,0.084351,0.084,OnDemand,USD,Microsoft.Compute,/subscriptions/a1b2c3d4-0003-0003-0003-000000000003/resourceGroups/rg-app-dev/providers/Microsoft.Compute/virtualMachines/vm-standard-b2s-11,vm-standard-b2s-11,{},"{""ServiceType"": ""Standard"", ""VMName"": ""vm-standard-b2s-11"", ""vCPUs"": 2, ""cpuUtilPct"": 3.64, ""memoryUtilPct"": 4.81, ""diskUtilPct"": 1.2, ""idleHours"": 564, ""lastActivityAt"": ""2025-11-17T11:01:18Z""}",Compute,Usage,Azure,,
EA-9876543210,platform-prod-sub,platform-prod-sub,owner_0001@company.com,a1b2c3d4-0001-0001-0001-000000000001,platform-prod-sub,rg-platform-prod,eastus,2025-12-15,Blob Storage - LRS - Hot - eastus,Storage,Blobs - LRS - Hot,fb8faed0-f377-5fb0-92b7-78035153a7fa,Data Stored,849.8977,1 GB/Month,0.509319,0.018,0.018,0.018,OnDemand,USD,Microsoft.Storage,/subscriptions/a1b2c3d4-0001-0001-0001-000000000001/resourceGroups/rg-platform-prod/providers/Microsoft.Storage/storageAccounts/stplatformassets,stplatformassets,"{""team"": ""platform"", ""environment"": ""prod"", ""costcenter"": ""CC100"", ""application"": ""platform-core"", ""business_unit"": ""engineering"", ""owner_email"": ""platform-owner@company.com"", ""support_group"": ""platform-operations"", ""workload_criticality"": ""mission_critical"", ""sla_tier"": ""platinum""}","{""AccountType"": ""LRS"", ""cpuUtilPct"": 0.0, ""memoryUtilPct"": 0.0, ""diskUtilPct"": 60.8, ""idleHours"": 19, ""lastActivityAt"": ""2025-12-13T13:11:27Z""}",Storage,Usage,Azure,,
EA-9876543210,data-eng-prod-sub,data-eng-prod-sub,owner_0002@company.com,a1b2c3d4-0002-0002-0002-000000000002,data-eng-prod-sub,rg-data-prod,westeurope,2025-12-15,Blob Storage - ZRS - Hot - westeurope,Storage,Blobs - ZRS - Hot,9dd9b051-b91d-533a-9f70-e4838eb241bb,Data Stored,3200.3471,1 GB/Month,2.457894,0.023,0.023,0.023,OnDemand,USD,Microsoft.Storage,/subscriptions/a1b2c3d4-0002-0002-0002-000000000002/resourceGroups/rg-data-prod/providers/Microsoft.Storage/storageAccounts/stdatalake,stdatalake,"{""team"": ""data-eng"", ""environment"": ""prod"", ""costcenter"": ""CC200"", ""application"": ""data-platform"", ""business_unit"": ""data"", ""owner_email"": ""data-eng-owner@company.com"", ""support_group"": ""data-platform-ops"", ""workload_criticality"": ""high"", ""sla_tier"": ""gold""}","{""AccountType"": ""ZRS"", ""cpuUtilPct"": 0.0, ""memoryUtilPct"": 0.0, ""diskUtilPct"": 57.52, ""idleHours"": 14, ""lastActivityAt"": ""2025-12-14T04:27:02Z""}",Storage,Usage,Azure,,
EA-9876543210,app-prod-sub,app-prod-sub,owner_0003@company.com,a1b2c3d4-0003-0003-0003-000000000003,app-prod-sub,rg-app-prod,southeastasia,2025-12-15,Blob Storage - LRS - Hot - southeastasia,Storage,Blobs - LRS - Hot,3ae72a36-b458-5b93-9e16-84484844594d,Data Stored,400.2833,1 GB/Month,0.239455,0.018,0.018,0.018,OnDemand,USD,Microsoft.Storage,/subscriptions/a1b2c3d4-0003-0003-0003-000000000003/resourceGroups/rg-app-prod/providers/Microsoft.Storage/storageAccounts/stappassets,stappassets,"{""team"": ""frontend"", ""environment"": ""prod"", ""costcenter"": ""CC300"", ""application"": ""customer-web"", ""business_unit"": ""product"", ""owner_email"": ""frontend-owner@company.com"", ""support_group"": ""customer-experience-support"", ""workload_criticality"": ""high"", ""sla_tier"": ""gold""}","{""AccountType"": ""LRS"", ""cpuUtilPct"": 0.0, ""memoryUtilPct"": 0.0, ""diskUtilPct"": 34.13, ""idleHours"": 23, ""lastActivityAt"": ""2025-12-13T08:14:34Z""}",Storage,Usage,Azure,,
EA-9876543210,data-eng-prod-sub,data-eng-prod-sub,owner_0002@company.com,a1b2c3d4-0002-0002-0002-000000000002,data-eng-prod-sub,rg-ml-prod,westeurope,2025-12-15,Blob Storage - LRS - Hot - westeurope,Storage,Blobs - LRS - Hot,4ba045d2-b571-568f-be23-884194c5daba,Data Stored,1100.882,1 GB/Month,0.660475,0.018,0.018,0.018,OnDemand,USD,Microsoft.Storage,/subscriptions/a1b2c3d4-0002-0002-0002-000000000002/resourceGroups/rg-ml-prod/providers/Microsoft.Storage/storageAccounts/stmlmodels,stmlmodels,{},"{""AccountType"": ""LRS"", ""cpuUtilPct"": 0.0, ""memoryUtilPct"": 0.0, ""diskUtilPct"": 29.51, ""idleHours"": 15, ""lastActivityAt"": ""2025-12-14T01:44:15Z""}",Storage,Usage,Azure,,
EA-9876543210,platform-prod-sub,platform-prod-sub,owner_0001@company.com,a1b2c3d4-0001-0001-0001-000000000001,platform-prod-sub,rg-platform-prod,eastus,2025-12-15,Azure SQL Database Standard_S2 - eastus,SQL Database,Standard_S2,cd1e0b9a-8ff0-5779-9281-87ab698e2916,vCore Hours,24.0,1 Hour,7.511754,0.31,0.31,0.31,OnDemand,USD,Microsoft.Sql,/subscriptions/a1b2c3d4-0001-0001-0001-000000000001/resourceGroups/rg-platform-prod/providers/Microsoft.Sql/servers/databases/sqldb-standard-0001,sqldb-standard-0001,"{""team"": ""platform"", ""environment"": ""prod"", ""costcenter"": ""CC100"", ""application"": ""platform-core"", ""business_unit"": ""engineering"", ""owner_email"": ""platform-owner@company.com"", ""support_group"": ""platform-operations"", ""workload_criticality"": ""mission_critical"", ""sla_tier"": ""platinum""}","{""cpuUtilPct"": 32.6, ""memoryUtilPct"": 41.03, ""diskUtilPct"": 31.31, ""idleHours"": 12, ""lastActivityAt"": ""2025-12-13T21:20:17Z""}",Databases,Usage,Azure,,
EA-9876543210,data-eng-prod-sub,data-eng-prod-sub,owner_0002@company.com,a1b2c3d4-0002-0002-0002-000000000002,data-eng-prod-sub,rg-data-prod,westeurope,2025-12-15,Azure SQL Database Business Critical_BC_Gen5_4 - westeurope,SQL Database,Business Critical_BC_Gen5_4,4bab5ab0-7291-58c2-8564-3252f5053179,vCore Hours,24.0,1 Hour,53.299946,2.2,2.2,2.2,OnDemand,USD,Microsoft.Sql,/subscriptions/a1b2c3d4-0002-0002-0002-000000000002/resourceGroups/rg-data-prod/providers/Microsoft.Sql/servers/databases/sqldb-business critical-0002,sqldb-business critical-0002,"{""team"": ""data-eng"", ""environment"": ""prod"", ""costcenter"": ""CC200"", ""application"": ""data-platform"", ""business_unit"": ""data"", ""owner_email"": ""data-eng-owner@company.com"", ""support_group"": ""data-platform-ops"", ""workload_criticality"": ""high"", ""sla_tier"": ""gold""}","{""cpuUtilPct"": 22.0, ""memoryUtilPct"": 30.4, ""diskUtilPct"": 25.44, ""idleHours"": 71, ""lastActivityAt"": ""2025-12-12T20:29:02Z""}",Databases,Usage,Azure,,
EA-9876543210,app-prod-sub,app-prod-sub,owner_0003@company.com,a1b2c3d4-0003-0003-0003-000000000003,app-prod-sub,rg-app-prod,eastus,2025-12-15,Azure SQL Database General Purpose_GP_Gen5_2 - eastus,SQL Database,General Purpose_GP_Gen5_2,69e0198c-4ca3-5ac2-8540-db65f6d44c56,vCore Hours,24.0,1 Hour,14.51265,0.6,0.6,0.6,OnDemand,USD,Microsoft.Sql,/subscriptions/a1b2c3d4-0003-0003-0003-000000000003/resourceGroups/rg-app-prod/providers/Microsoft.Sql/servers/databases/sqldb-general purpose-0003,sqldb-general purpose-0003,{},"{""cpuUtilPct"": 31.76, ""memoryUtilPct"": 50.75, ""diskUtilPct"": 30.32, ""idleHours"": 21, ""lastActivityAt"": ""2025-12-10T19:15:06Z""}",Databases,Usage,Azure,,
EA-9876543210,shared-infra-sub,shared-infra-sub,owner_infra@company.com,a1b2c3d4-9999-9999-9999-000000000099,shared-infra-sub,rg-shared-infra,eastus,2025-12-15,Azure Monitor,Monitor,Data Ingested,aadff281-e00d-588e-bd69-a4630325bd50,Data Ingested,1000.0,1 Unit,44.689857,0.045,0.045,0.045,OnDemand,USD,Microsoft.SharedInfra,/subscriptions/a1b2c3d4-9999-9999-9999-000000000099/resourceGroups/rg-shared-infra/providers/Microsoft.SharedInfra/Monitor/monitor,monitor,{},"{""cpuUtilPct"": 3.07, ""memoryUtilPct"": 3.86, ""diskUtilPct"": 7.67, ""idleHours"": 672, ""lastActivityAt"": ""2025-11-26T15:41:44Z""}",Management,Usage,Azure,,
EA-9876543210,shared-infra-sub,shared-infra-sub,owner_infra@company.com,a1b2c3d4-9999-9999-9999-000000000099,shared-infra-sub,rg-shared-infra,eastus,2025-12-15,Virtual Network,Networking,Intra-Region,cc2ca1a8-2d13-5873-b301-4b8ed16ed2c0,Intra-Region,622.22,1 Unit,27.89398,0.045,0.045,0.045,OnDemand,USD,Microsoft.SharedInfra,/subscriptions/a1b2c3d4-9999-9999-9999-000000000099/resourceGroups/rg-shared-infra/providers/Microsoft.SharedInfra/Networking/networking,networking,{},"{""cpuUtilPct"": 4.55, ""memoryUtilPct"": 2.91, ""diskUtilPct"": 2.33, ""idleHours"": 672, ""lastActivityAt"": ""2025-11-20T18:42:08Z""}",Networking,Usage,Azure,,
EA-9876543210,shared-infra-sub,shared-infra-sub,owner_infra@company.com,a1b2c3d4-9999-9999-9999-000000000099,shared-infra-sub,rg-shared-infra,eastus,2025-12-15,API Management,API Management,Gateway Units,78998862-331b-5215-a4b4-8d4500189f89,Gateway Units,2666.67,1 Unit,120.144206,0.045,0.045,0.045,OnDemand,USD,Microsoft.SharedInfra,/subscriptions/a1b2c3d4-9999-9999-9999-000000000099/resourceGroups/rg-shared-infra/providers/Microsoft.SharedInfra/API Management/api-management,api-management,{},"{""cpuUtilPct"": 1.96, ""memoryUtilPct"": 7.92, ""diskUtilPct"": 3.59, ""idleHours"": 540, ""lastActivityAt"": ""2025-11-04T06:17:26Z""}",Integration,Usage,Azure,,
EA-9876543210,shared-infra-sub,shared-infra-sub,owner_infra@company.com,a1b2c3d4-9999-9999-9999-000000000099,shared-infra-sub,rg-shared-infra,eastus,2025-12-15,Azure Key Vault,Key Vault,Operations,3cb0172e-6732-5350-b439-97753364a78c,Operations,177.78,1 Unit,8.066758,0.045,0.045,0.045,OnDemand,USD,Microsoft.SharedInfra,/subscriptions/a1b2c3d4-9999-9999-9999-000000000099/resourceGroups/rg-shared-infra/providers/Microsoft.SharedInfra/Key Vault/key-vault,key-vault,{},"{""cpuUtilPct"": 4.13, ""memoryUtilPct"": 8.7, ""diskUtilPct"": 2.28, ""idleHours"": 557, ""lastActivityAt"": ""2025-11-03T14:33:41Z""}",Security,Usage,Azure,,
EA-9876543210,shared-infra-sub,shared-infra-sub,owner_infra@company.com,a1b2c3d4-9999-9999-9999-000000000099,shared-infra-sub,rg-shared-infra,eastus,2025-12-15,Azure Blob Storage,Storage,Data Stored,2e8ee991-b3b7-5136-98e5-4772405cdb0c,Data Stored,400.0,1 Unit,18.12941,0.045,0.045,0.045,OnDemand,USD,Microsoft.SharedInfra,/subscriptions/a1b2c3d4-9999-9999-9999-000000000099/resourceGroups/rg-shared-infra/providers/Microsoft.SharedInfra/Storage/storage,storage,{},"{""cpuUtilPct"": 1.65, ""memoryUtilPct"": 8.05, ""diskUtilPct"": 4.02, ""idleHours"": 334, ""lastActivityAt"": ""2025-11-28T05:56:14Z""}",Storage,Usage,Azure,,
EA-9876543210,platform-prod-sub,platform-prod-sub,owner_0001@company.com,a1b2c3d4-0001-0001-0001-000000000001,platform-prod-sub,rg-platform-prod,eastus,2025-12-16,Virtual Machines Standard_D2s_v3 - eastus,Virtual Machines,Standard_D2s_v3 Series,bbc4f1e6-b32a-5f02-86f0-702bf6097b8b,D2s v3,24.0,1 Hour,4.071757,0.168,0.169657,0.168,OnDemand,USD,Microsoft.Compute,/subscriptions/a1b2c3d4-0001-0001-0001-000000000001/resourceGroups/rg-platform-prod/providers/Microsoft.Compute/virtualMachines/vm-standard-d2s-v3-00,vm-standard-d2s-v3-00,"{""team"": ""platform"", ""environment"": ""prod"", ""costcenter"": ""CC100"", ""application"": ""platform-core"", ""business_unit"": ""engineering"", ""owner_email"": ""platform-owner@company.com"", ""support_group"": ""platform-operations"", ""workload_criticality"": ""mission_critical"", ""sla_tier"": ""platinum""}","{""ServiceType"": ""Standard"", ""VMName"": ""vm-standard-d2s-v3-00"", ""vCPUs"": 2, ""cpuUtilPct"": 32.55, ""memoryUtilPct"": 49.19, ""diskUtilPct"": 28.06, ""idleHours"": 11, ""lastActivityAt"": ""2025-12-15T02:50:38Z""}",Compute,Usage,Azure,,
EA-9876543210,platform-prod-sub,platform-prod-sub,owner_0001@company.com,a1b2c3d4-0001-0001-0001-000000000001,platform-prod-sub,rg-platform-prod,eastus,2025-12-16,Virtual Machines Standard_D2s_v3 - eastus,Virtual Machines,Standard_D2s_v3 Series,bbc4f1e6-b32a-5f02-86f0-702bf6097b8b,D2s v3,24.0,1 Hour,4.04661,0.168,0.168609,0.168,OnDemand,USD,Microsoft.Compute,/subscriptions/a1b2c3d4-0001-0001-0001-000000000001/resourceGroups/rg-platform-prod/providers/Microsoft.Compute/virtualMachines/vm-standard-d2s-v3-01,vm-standard-d2s-v3-01,"{""team"": ""platform"", ""environment"": ""prod"", ""costcenter"": ""CC100"", ""application"": ""platform-core"", ""business_unit"": ""engineering"", ""owner_email"": ""platform-owner@company.com"", ""support_group"": ""platform-operations"", ""workload_criticality"": ""mission_critical"", ""sla_tier"": ""platinum""}","{""ServiceType"": ""Standard"", ""VMName"": ""vm-standard-d2s-v3-01"", ""vCPUs"": 2, ""cpuUtilPct"": 39.34, ""memoryUtilPct"": 41.09, ""diskUtilPct"": 43.02, ""idleHours"": 11, ""lastActivityAt"": ""2025-12-13T19:01:56Z""}",Compute,Usage,Azure,,
EA-9876543210,app-prod-sub,app-prod-sub,owner_0003@company.com,a1b2c3d4-0003-0003-0003-000000000003,app-prod-sub,rg-app-prod,eastus,2025-12-16,Virtual Machines Standard_D4s_v3 - eastus,Virtual Machines,Standard_D4s_v3 Series,6c8e1236-a3aa-53d7-8e09-dadb98f69027,D4s v3,24.0,1 Hour,7.998097,0.336,0.333254,0.336,OnDemand,USD,Microsoft.Compute,/subscriptions/a1b2c3d4-0003-0003-0003-000000000003/resourceGroups/rg-app-prod/providers/Microsoft.Compute/virtualMachines/vm-standard-d4s-v3-02,vm-standard-d4s-v3-02,"{""team"": ""backend"", ""environment"": ""prod"", ""costcenter"": ""CC400"", ""application"": ""core-api"", ""business_unit"": ""product"", ""owner_email"": ""backend-owner@company.com"", ""support_group"": ""api-operations"", ""workload_criticality"": ""high"", ""sla_tier"": ""gold""}","{""ServiceType"": ""Standard"", ""VMName"": ""vm-standard-d4s-v3-02"", ""vCPUs"": 4, ""cpuUtilPct"": 29.28, ""memoryUtilPct"": 29.68, ""diskUtilPct"": 19.95, ""idleHours"": 40, ""lastActivityAt"": ""2025-12-11T15:46:30Z""}",Compute,Usage,Azure,,
EA-9876543210,data-eng-prod-sub,data-eng-prod-sub,owner_0002@company.com,a1b2c3d4-0002-0002-0002-000000000002,data-eng-prod-sub,rg-data-prod,westeurope,2025-12-16,Virtual Machines Standard_E4s_v3 - westeurope,Virtual Machines,Standard_E4s_v3 Series,7373fa15-5d45-5d30-a83f-72064e156f94,E4s v3,24.0,1 Hour,5.582052,0.364,0.232586,0.364,Reservation,USD,Microsoft.Compute,/subscriptions/a1b2c3d4-0002-0002-0002-000000000002/resourceGroups/rg-data-prod/providers/Microsoft.Compute/virtualMachines/vm-standard-e4s-v3-03,vm-standard-e4s-v3-03,"{""team"": ""data-eng"", ""environment"": ""prod"", ""costcenter"": ""CC200"", ""application"": ""data-platform"", ""business_unit"": ""data"", ""owner_email"": ""data-eng-owner@company.com"", ""support_group"": ""data-platform-ops"", ""workload_criticality"": ""high"", ""sla_tier"": ""gold""}","{""ServiceType"": ""Standard"", ""VMName"": ""vm-standard-e4s-v3-03"", ""vCPUs"": 4, ""cpuUtilPct"": 28.72, ""memoryUtilPct"": 43.81, ""diskUtilPct"": 29.8, ""idleHours"": 58, ""lastActivityAt"": ""2025-12-11T18:33:29Z""}",Compute,Usage,Azure,/providers/Microsoft.BillingBenefits/savingsPlanOrders/7f5b68df-0056-43d7-b2b8-e2acdf93a0ed,Reserved VM Instance_westeurope_1Year
EA-9876543210,data-eng-prod-sub,data-eng-prod-sub,owner_0002@company.com,a1b2c3d4-0002-0002-0002-000000000002,data-eng-prod-sub,rg-data-prod,westeurope,2025-12-16,Unused Reservation - vm-standard-e4s-v3-03,Virtual Machines,Unused Capacity,5e07e859-7d0a-5a61-82de-8c6132e79a41,Unused,0.0,1 Hour,0.922702,0.0,0.0,0.364,Reservation,USD,Microsoft.Compute,,vm-standard-e4s-v3-03,"{""team"": ""data-eng"", ""environment"": ""prod"", ""costcenter"": ""CC200"", ""application"": ""data-platform"", ""business_unit"": ""data"", ""owner_email"": ""data-eng-owner@company.com"", ""support_group"": ""data-platform-ops"", ""workload_criticality"": ""high"", ""sla_tier"": ""gold""}","{""cpuUtilPct"": 28.72, ""memoryUtilPct"": 43.81, ""diskUtilPct"": 29.8, ""idleHours"": 58, ""lastActivityAt"": ""2025-12-11T18:33:29Z""}",Compute,UnusedReservation,Azure,/providers/Microsoft.BillingBenefits/savingsPlanOrders/9a34ced8-82cf-4414-88c0-437cebf1e98f,Reserved VM Instance_westeurope_1Year
EA-9876543210,data-eng-prod-sub,data-eng-prod-sub,owner_0002@company.com,a1b2c3d4-0002-0002-0002-000000000002,data-eng-prod-sub,rg-data-prod,westeurope,2025-12-16,Virtual Machines Standard_E8s_v3 - westeurope,Virtual Machines,Standard_E8s_v3 Series,2b9593f7-8692-56d9-b10a-a624f400da47,E8s v3,24.0,1 Hour,11.50855,0.728,0.479523,0.728,Reservation,USD,Microsoft.Compute,/subscriptions/a1b2c3d4-0002-0002-0002-000000000002/resourceGroups/rg-data-prod/providers/Microsoft.Compute/virtualMachines/vm-standard-e8s-v3-04,vm-standard-e8s-v3-04,"{""team"": ""data-eng"", ""environment"": ""prod"", ""costcenter"": ""CC200"", ""application"": ""data-platform"", ""business_unit"": ""data"", ""owner_email"": ""data-eng-owner@company.com"", ""support_group"": ""data-platform-ops"", ""workload_criticality"": ""high"", ""sla_tier"": ""gold""}","{""ServiceType"": ""Standard"", ""VMName"": ""vm-standard-e8s-v3-04"", ""vCPUs"": 8, ""cpuUtilPct"": 28.27, ""memoryUtilPct"": 42.38, ""diskUtilPct"": 29.25, ""idleHours"": 17, ""lastActivityAt"": ""2025-12-14T03:43:58Z""}",Compute,Usage,Azure,/providers/Microsoft.BillingBenefits/savingsPlanOrders/6081fcab-392e-4b91-8d74-0c2bb0e3476a,Reserved VM Instance_westeurope_1Year
EA-9876543210,data-eng-prod-sub,data-eng-prod-sub,owner_0002@company.com,a1b2c3d4-0002-0002-0002-000000000002,data-eng-prod-sub,rg-ml-prod,westeurope,2025-12-16,Virtual Machines Standard_F4s_v2 - westeurope,Virtual Machines,Standard_F4s_v2 Series,303bf71a-6d52-56d9-8e75-95552aa01c86,F4s v2,24.0,1 Hour,6.102003,0.252,0.25425,0.252,OnDemand,USD,Microsoft.Compute,/subscriptions/a1b2c3d4-0002-0002-0002-000000000002/resourceGroups/rg-ml-prod/providers/Microsoft.Compute/virtualMachines/vm-standard-f4s-v2-05,vm-standard-f4s-v2-05,{},"{""ServiceType"": ""Standard"", ""VMName"": ""vm-standard-f4s-v2-05"", ""vCPUs"": 4, ""cpuUtilPct"": 31.13, ""memoryUtilPct"": 38.97, ""diskUtilPct"": 38.65, ""idleHours"": 19, ""lastActivityAt"": ""2025-12-14T05:10:27Z""}",Compute,Usage,Azure,,
EA-9876543210,data-eng-prod-sub,data-eng-prod-sub,owner_0002@company.com,a1b2c3d4-0002-0002-0002-000000000002,data-eng-prod-sub,rg-ml-prod,westeurope,2025-12-16,Virtual Machines Standard_D8s_v3 - westeurope,Virtual Machines,Standard_D8s_v3 Series,348575ff-7ae0-57e5-896e-037d67179117,D8s v3,24.0,1 Hour,8.922441,0.672,0.371768,0.672,Reservation,USD,Microsoft.Compute,/subscriptions/a1b2c3d4-0002-0002-0002-000000000002/resourceGroups/rg-ml-prod/providers/Microsoft.Compute/virtualMachines/vm-standard-d8s-v3-06,vm-standard-d8s-v3-06,"{""team"": ""ml"", ""environment"": ""prod"", ""costcenter"": ""CC500"", ""application"": ""ml-platform"", ""business_unit"": ""ai"", ""owner_email"": ""ml-owner@company.com"", ""support_group"": ""ml-platform-sre"", ""workload_criticality"": ""high"", ""sla_tier"": ""gold""}","{""ServiceType"": ""Standard"", ""VMName"": ""vm-standard-d8s-v3-06"", ""vCPUs"": 8, ""cpuUtilPct"": 32.36, ""memoryUtilPct"": 36.0, ""diskUtilPct"": 31.86, ""idleHours"": 69, ""lastActivityAt"": ""2025-12-13T02:46:30Z""}",Compute,Usage,Azure,/providers/Microsoft.BillingBenefits/savingsPlanOrders/1040191b-b981-4917-8a45-6ff3c4cd09e0,Reserved VM Instance_westeurope_1Year
EA-9876543210,app-prod-sub,app-prod-sub,owner_0003@company.com,a1b2c3d4-0003-0003-0003-000000000003,app-prod-sub,rg-app-prod,southeastasia,2025-12-16,Virtual Machines Standard_B2s - southeastasia,Virtual Machines,Standard_B2s Series,78a50003-6630-5ba4-aad2-c10f0de71d3b,B2s,24.0,1 Hour,2.029725,0.084,0.084572,0.084,OnDemand,USD,Microsoft.Compute,/subscriptions/a1b2c3d4-0003-0003-0003-000000000003/resourceGroups/rg-app-prod/providers/Microsoft.Compute/virtualMachines/vm-standard-b2s-07,vm-standard-b2s-07,"{""team"": ""frontend"", ""environment"": ""prod"", ""costcenter"": ""CC300"", ""application"": ""customer-web"", ""business_unit"": ""product"", ""owner_email"": ""frontend-owner@company.com"", ""support_group"": ""customer-experience-support"", ""workload_criticality"": ""high"", ""sla_tier"": ""gold""}","{""ServiceType"": ""Standard"", ""VMName"": ""vm-standard-b2s-07"", ""vCPUs"": 2, ""cpuUtilPct"": 41.78, ""memoryUtilPct"": 50.44, ""diskUtilPct"": 19.55, ""idleHours"": 33, ""lastActivityAt"": ""2025-12-12T22:26:39Z""}",Compute,Usage,Azure,,
EA-9876543210,app-prod-sub,app-prod-sub,owner_0003@company.com,a1b2c3d4-0003-0003-0003-000000000003,app-prod-sub,rg-app-staging,southeastasia,2025-12-16,Virtual Machines Standard_B2s - southeastasia,Virtual Machines,Standard_B2s Series,78a50003-6630-5ba4-aad2-c10f0de71d3b,B2s,24.0,1 Hour,1.395288,0.084,0.058137,0.084,SavingsPlan,USD,Microsoft.Compute,/subscriptions/a1b2c3d4-0003-0003-0003-000000000003/resourceGroups/rg-app-staging/providers/Microsoft.Compute/virtualMachines/vm-standard-b2s-08,vm-standard-b2s-08,"{""team"": ""frontend"", ""environment"": ""staging"", ""costcenter"": ""CC300"", ""application"": ""customer-web"", ""business_unit"": ""product"", ""owner_email"": ""frontend-owner@company.com"", ""support_group"": ""customer-experience-support"", ""workload_criticality"": ""medium"", ""sla_tier"": ""silver""}","{""ServiceType"": ""Standard"", ""VMName"": ""vm-standard-b2s-08"", ""vCPUs"": 2, ""cpuUtilPct"": 19.13, ""memoryUtilPct"": 20.01, ""diskUtilPct"": 14.31, ""idleHours"": 135, ""lastActivityAt"": ""2025-12-05T09:08:28Z""}",Compute,Usage,Azure,/providers/Microsoft.BillingBenefits/savingsPlanOrders/ee5a5077-bd89-4d95-ba97-de8db8274b76,Compute savings plan_1Year
EA-9876543210,app-prod-sub,app-prod-sub,owner_0003@company.com,a1b2c3d4-0003-0003-0003-000000000003,app-prod-sub,rg-app-staging,southeastasia,2025-12-16,Unused Reservation - vm-standard-b2s-08,Virtual Machines,Unused Capacity,86b5efef-d8f4-5f31-bf42-77adf1b7536f,Unused,0.0,1 Hour,0.076604,0.0,0.0,0.084,SavingsPlan,USD,Microsoft.Compute,,vm-standard-b2s-08,"{""team"": ""frontend"", ""environment"": ""staging"", ""costcenter"": ""CC300"", ""application"": ""customer-web"", ""business_unit"": ""product"", ""owner_email"": ""frontend-owner@company.com"", ""support_group"": ""customer-experience-support"", ""workload_criticality"": ""medium"", ""sla_tier"": ""silver""}","{""cpuUtilPct"": 19.13, ""memoryUtilPct"": 20.01, ""diskUtilPct"": 14.31, ""idleHours"": 135, ""lastActivityAt"": ""2025-12-05T09:08:28Z""}",Compute,UnusedSavingsPlan,Azure,/providers/Microsoft.BillingBenefits/savingsPlanOrders/69b03503-ad0b-41bb-a222-3bfc671f5417,Compute savings plan_1Year
EA-9876543210,app-prod-sub,app-prod-sub,owner_0003@company.com,a1b2c3d4-0003-0003-0003-000000000003,app-prod-sub,rg-app-staging,eastus,2025-12-16,Virtual Machines Standard_D2s_v3 - eastus,Virtual Machines,Standard_D2s_v3 Series,bbc4f1e6-b32a-5f02-86f0-702bf6097b8b,D2s v3,24.0,1 Hour,4.023306,0.168,0.167638,0.168,OnDemand,USD,Microsoft.Compute,/subscriptions/a1b2c3d4-0003-0003-0003-000000000003/resourceGroups/rg-app-staging/providers/Microsoft.Compute/virtualMachines/vm-standard-d2s-v3-09,vm-standard-d2s-v3-09,"{""team"": ""backend"", ""environment"": ""staging"", ""costcenter"": ""CC400"", ""application"": ""core-api"", ""business_unit"": ""product"", ""owner_email"": ""backend-owner@company.com"", ""support_group"": ""api-operations"", ""workload_criticality"": ""medium"", ""sla_tier"": ""silver""}","{""ServiceType"": ""Standard"", ""VMName"": ""vm-standard-d2s-v3-09"", ""vCPUs"": 2, ""cpuUtilPct"": 13.24, ""memoryUtilPct"": 18.05, ""diskUtilPct"": 22.47, ""idleHours"": 108, ""lastActivityAt"": ""2025-12-11T20:39:50Z""}",Compute,Usage,Azure,,
EA-9876543210,platform-prod-sub,platform-prod-sub,owner_0001@company.com,a1b2c3d4-0001-0001-0001-000000000001,platform-prod-sub,rg-platform-dev,eastus,2025-12-16,Virtual Machines Standard_B2s - eastus,Virtual Machines,Standard_B2s Series,7190101e-d2ab-5a56-ad8e-83f7122f17e8,B2s,24.0,1 Hour,2.032163,0.084,0.084673,0.084,OnDemand,USD,Microsoft.Compute,/subscriptions/a1b2c3d4-0001-0001-0001-000000000001/resourceGroups/rg-platform-dev/providers/Microsoft.Compute/virtualMachines/vm-standard-b2s-10,vm-standard-b2s-10,"{""team"": ""platform"", ""environment"": ""dev"", ""costcenter"": ""CC100"", ""application"": ""platform-core"", ""business_unit"": ""engineering"", ""owner_email"": ""platform-owner@company.com"", ""support_group"": ""platform-operations"", ""workload_criticality"": ""low"", ""sla_tier"": ""bronze""}","{""ServiceType"": ""Standard"", ""VMName"": ""vm-standard-b2s-10"", ""vCPUs"": 2, ""cpuUtilPct"": 3.23, ""memoryUtilPct"": 5.78, ""diskUtilPct"": 4.99, ""idleHours"": 696, ""lastActivityAt"": ""2025-11-24T00:14:36Z""}",Compute,Usage,Azure,,
EA-9876543210,app-prod-sub,app-prod-sub,owner_0003@company.com,a1b2c3d4-0003-0003-0003-000000000003,app-prod-sub,rg-app-dev,eastus,2025-12-16,Virtual Machines Standard_B2s - eastus,Virtual Machines,Standard_B2s Series,7190101e-d2ab-5a56-ad8e-83f7122f17e8,B2s,24.0,1 Hour,2.024764,0.084,0.084365,0.084,OnDemand,USD,Microsoft.Compute,/subscriptions/a1b2c3d4-0003-0003-0003-000000000003/resourceGroups/rg-app-dev/providers/Microsoft.Compute/virtualMachines/vm-standard-b2s-11,vm-standard-b2s-11,{},"{""ServiceType"": ""Standard"", ""VMName"": ""vm-standard-b2s-11"", ""vCPUs"": 2, ""cpuUtilPct"": 3.86, ""memoryUtilPct"": 6.7, ""diskUtilPct"": 5.1, ""idleHours"": 586, ""lastActivityAt"": ""2025-11-27T01:34:54Z""}",Compute,Usage,Azure,,
EA-9876543210,platform-prod-sub,platform-prod-sub,owner_0001@company.com,a1b2c3d4-0001-0001-0001-000000000001,platform-prod-sub,rg-platform-prod,eastus,2025-12-16,Blob Storage - LRS - Hot - eastus,Storage,Blobs - LRS - Hot,fb8faed0-f377-5fb0-92b7-78035153a7fa,Data Stored,849.1801,1 GB/Month,0.509099,0.018,0.018,0.018,OnDemand,USD,Microsoft.Storage,/subscriptions/a1b2c3d4-0001-0001-0001-000000000001/resourceGroups/rg-platform-prod/providers/Microsoft.Storage/storageAccounts/stplatformassets,stplatformassets,"{""team"": ""platform"", ""environment"": ""prod"", ""costcenter"": ""CC100"", ""application"": ""platform-core"", ""business_unit"": ""engineering"", ""owner_email"": ""platform-owner@company.com"", ""support_group"": ""platform-operations"", ""workload_criticality"": ""mission_critical"", ""sla_tier"": ""platinum""}","{""AccountType"": ""LRS"", ""cpuUtilPct"": 0.0, ""memoryUtilPct"": 0.0, ""diskUtilPct"": 50.15, ""idleHours"": 1, ""lastActivityAt"": ""2025-12-14T13:14:04Z""}",Storage,Usage,Azure,,
EA-9876543210,data-eng-prod-sub,data-eng-prod-sub,owner_0002@company.com,a1b2c3d4-0002-0002-0002-000000000002,data-eng-prod-sub,rg-data-prod,westeurope,2025-12-16,Blob Storage - ZRS - Hot - westeurope,Storage,Blobs - ZRS - Hot,9dd9b051-b91d-533a-9f70-e4838eb241bb,Data Stored,3203.0832,1 GB/Month,2.446115,0.023,0.023,0.023,OnDemand,USD,Microsoft.Storage,/subscriptions/a1b2c3d4-0002-0002-0002-000000000002/resourceGroups/rg-data-prod/providers/Microsoft.Storage/storageAccounts/stdatalake,stdatalake,{},"{""AccountType"": ""ZRS"", ""cpuUtilPct"": 0.0, ""memoryUtilPct"": 0.0, ""diskUtilPct"": 48.36, ""idleHours"": 0, ""lastActivityAt"": ""2025-12-14T18:24:58Z""}",Storage,Usage,Azure,,
EA-9876543210,app-prod-sub,app-prod-sub,owner_0003@company.com,a1b2c3d4-0003-0003-0003-000000000003,app-prod-sub,rg-app-prod,southeastasia,2025-12-16,Blob Storage - LRS - Hot - southeastasia,Storage,Blobs - LRS - Hot,3ae72a36-b458-5b93-9e16-84484844594d,Data Stored,399.7773,1 GB/Month,0.239861,0.018,0.018,0.018,OnDemand,USD,Microsoft.Storage,/subscriptions/a1b2c3d4-0003-0003-0003-000000000003/resourceGroups/rg-app-prod/providers/Microsoft.Storage/storageAccounts/stappassets,stappassets,"{""team"": ""frontend"", ""environment"": ""prod"", ""costcenter"": ""CC300"", ""application"": ""customer-web"", ""business_unit"": ""product"", ""owner_email"": ""frontend-owner@company.com"", ""support_group"": ""customer-experience-support"", ""workload_criticality"": ""high"", ""sla_tier"": ""gold""}","{""AccountType"": ""LRS"", ""cpuUtilPct"": 0.0, ""memoryUtilPct"": 0.0, ""diskUtilPct"": 31.56, ""idleHours"": 0, ""lastActivityAt"": ""2025-12-15T07:37:59Z""}",Storage,Usage,Azure,,
EA-9876543210,data-eng-prod-sub,data-eng-prod-sub,owner_0002@company.com,a1b2c3d4-0002-0002-0002-000000000002,data-eng-prod-sub,rg-ml-prod,westeurope,2025-12-16,Blob Storage - LRS - Hot - westeurope,Storage,Blobs - LRS - Hot,4ba045d2-b571-568f-be23-884194c5daba,Data Stored,1099.3344,1 GB/Month,0.660092,0.018,0.018,0.018,OnDemand,USD,Microsoft.Storage,/subscriptions/a1b2c3d4-0002-0002-0002-000000000002/resourceGroups/rg-ml-prod/providers/Microsoft.Storage/storageAccounts/stmlmodels,stmlmodels,"{""team"": ""ml"", ""environment"": ""prod"", ""costcenter"": ""CC500"", ""application"": ""ml-platform"", ""business_unit"": ""ai"", ""owner_email"": ""ml-owner@company.com"", ""support_group"": ""ml-platform-sre"", ""workload_criticality"": ""high"", ""sla_tier"": ""gold""}","{""AccountType"": ""LRS"", ""cpuUtilPct"": 0.0, ""memoryUtilPct"": 0.0, ""diskUtilPct"": 56.03, ""idleHours"": 8, ""lastActivityAt"": ""2025-12-14T16:33:20Z""}",Storage,Usage,Azure,,
EA-9876543210,platform-prod-sub,platform-prod-sub,owner_0001@company.com,a1b2c3d4-0001-0001-0001-000000000001,platform-prod-sub,rg-platform-prod,eastus,2025-12-16,Azure SQL Database Standard_S2 - eastus,SQL Database,Standard_S2,cd1e0b9a-8ff0-5779-9281-87ab698e2916,vCore Hours,24.0,1 Hour,7.372628,0.31,0.31,0.31,OnDemand,USD,Microsoft.Sql,/subscriptions/a1b2c3d4-0001-0001-0001-000000000001/resourceGroups/rg-platform-prod/providers/Microsoft.Sql/servers/databases/sqldb-standard-0001,sqldb-standard-0001,"{""team"": ""platform"", ""environment"": ""prod"", ""costcenter"": ""CC100"", ""application"": ""platform-core"", ""business_unit"": ""engineering"", ""owner_email"": ""platform-owner@company.com"", ""support_group"": ""platform-operations"", ""workload_criticality"": ""mission_critical"", ""sla_tier"": ""platinum""}","{""cpuUtilPct"": 37.5, ""memoryUtilPct"": 41.8, ""diskUtilPct"": 49.88, ""idleHours"": 21, ""lastActivityAt"": ""2025-12-14T07:07:40Z""}",Databases,Usage,Azure,,
EA-9876543210,data-eng-prod-sub,data-eng-prod-sub,owner_0002@company.com,a1b2c3d4-0002-0002-0002-000000000002,data-eng-prod-sub,rg-data-prod,westeurope,2025-12-16,Azure SQL Database Business Critical_BC_Gen5_4 - westeurope,SQL Database,Business Critical_BC_Gen5_4,4bab5ab0-7291-58c2-8564-3252f5053179,vCore Hours,24.0,1 Hour,52.489209,2.2,2.2,2.2,OnDemand,USD,Microsoft.Sql,/subscriptions/a1b2c3d4-0002-0002-0002-000000000002/resourceGroups/rg-data-prod/providers/Microsoft.Sql/servers/databases/sqldb-business critical-0002,sqldb-business critical-0002,"{""team"": ""data-eng"", ""environment"": ""prod"", ""costcenter"": ""CC200"", ""application"": ""data-platform"", ""business_unit"": ""data"", ""owner_email"": ""data-eng-owner@company.com"", ""support_group"": ""data-platform-ops"", ""workload_criticality"": ""high"", ""sla_tier"": ""gold""}","{""cpuUtilPct"": 35.12, ""memoryUtilPct"": 30.12, ""diskUtilPct"": 22.97, ""idleHours"": 22, ""lastActivityAt"": ""2025-12-13T16:41:01Z""}",Databases,Usage,Azure,,
EA-9876543210,app-prod-sub,app-prod-sub,owner_0003@company.com,a1b2c3d4-0003-0003-0003-000000000003,app-prod-sub,rg-app-prod,eastus,2025-12-16,Azure SQL Database General Purpose_GP_Gen5_2 - eastus,SQL Database,General Purpose_GP_Gen5_2,69e0198c-4ca3-5ac2-8540-db65f6d44c56,vCore Hours,24.0,1 Hour,14.504173,0.6,0.6,0.6,OnDemand,USD,Microsoft.Sql,/subscriptions/a1b2c3d4-0003-0003-0003-000000000003/resourceGroups/rg-app-prod/providers/Microsoft.Sql/servers/databases/sqldb-general purpose-0003,sqldb-general purpose-0003,"{""team"": ""backend"", ""environment"": ""prod"", ""costcenter"": ""CC400"", ""application"": ""core-api"", ""business_unit"": ""product"", ""owner_email"": ""backend-owner@company.com"", ""support_group"": ""api-operations"", ""workload_criticality"": ""high"", ""sla_tier"": ""gold""}","{""cpuUtilPct"": 25.43, ""memoryUtilPct"": 36.34, ""diskUtilPct"": 36.05, ""idleHours"": 43, ""lastActivityAt"": ""2025-12-12T10:54:13Z""}",Databases,Usage,Azure,,
EA-9876543210,shared-infra-sub,shared-infra-sub,owner_infra@company.com,a1b2c3d4-9999-9999-9999-000000000099,shared-infra-sub,rg-shared-infra,eastus,2025-12-16,Azure Monitor,Monitor,Data Ingested,aadff281-e00d-588e-bd69-a4630325bd50,Data Ingested,1000.0,1 Unit,45.175395,0.045,0.045,0.045,OnDemand,USD,Microsoft.SharedInfra,/subscriptions/a1b2c3d4-9999-9999-9999-000000000099/resourceGroups/rg-shared-infra/providers/Microsoft.SharedInfra/Monitor/monitor,monitor,{},"{""cpuUtilPct"": 3.97, ""memoryUtilPct"": 3.72, ""diskUtilPct"": 2.95, ""idleHours"": 603, ""lastActivityAt"": ""2025-11-07T17:08:01Z""}",Management,Usage,Azure,,
EA-9876543210,shared-infra-sub,shared-infra-sub,owner_infra@company.com,a1b2c3d4-9999-9999-9999-000000000099,shared-infra-sub,rg-shared-infra,eastus,2025-12-16,Virtual Network,Networking,Intra-Region,cc2ca1a8-2d13-5873-b301-4b8ed16ed2c0,Intra-Region,622.22,1 Unit,28.035776,0.045,0.045,0.045,OnDemand,USD,Microsoft.SharedInfra,/subscriptions/a1b2c3d4-9999-9999-9999-000000000099/resourceGroups/rg-shared-infra/providers/Microsoft.SharedInfra/Networking/networking,networking,{},"{""cpuUtilPct"": 1.83, ""memoryUtilPct"": 5.73, ""diskUtilPct"": 4.03, ""idleHours"": 627, ""lastActivityAt"": ""2025-11-04T20:39:04Z""}",Networking,Usage,Azure,,
EA-9876543210,shared-infra-sub,shared-infra-sub,owner_infra@company.com,a1b2c3d4-9999-9999-9999-000000000099,shared-infra-sub,rg-shared-infra,eastus,2025-12-16,API Management,API Management,Gateway Units,78998862-331b-5215-a4b4-8d4500189f89,Gateway Units,2666.67,1 Unit,120.552708,0.045,0.045,0.045,OnDemand,USD,Microsoft.SharedInfra,/subscriptions/a1b2c3d4-9999-9999-9999-000000000099/resourceGroups/rg-shared-infra/providers/Microsoft.SharedInfra/API Management/api-management,api-management,{},"{""cpuUtilPct"": 0.88, ""memoryUtilPct"": 6.76, ""diskUtilPct"": 6.02, ""idleHours"": 378, ""lastActivityAt"": ""2025-11-25T23:49:52Z""}",Integration,Usage,Azure,,
EA-9876543210,shared-infra-sub,shared-infra-sub,owner_infra@company.com,a1b2c3d4-9999-9999-9999-000000000099,shared-infra-sub,rg-shared-infra,eastus,2025-12-16,Azure Key Vault,Key Vault,Operations,3cb0172e-6732-5350-b439-97753364a78c,Operations,177.78,1 Unit,7.928813,0.045,0.045,0.045,OnDemand,USD,Microsoft.SharedInfra,/subscriptions/a1b2c3d4-9999-9999-9999-000000000099/resourceGroups/rg-shared-infra/providers/Microsoft.SharedInfra/Key Vault/key-vault,key-vault,{},"{""cpuUtilPct"": 2.48, ""memoryUtilPct"": 3.07, ""diskUtilPct"": 4.66, ""idleHours"": 476, ""lastActivityAt"": ""2025-11-12T17:51:03Z""}",Security,Usage,Azure,,
EA-9876543210,shared-infra-sub,shared-infra-sub,owner_infra@company.com,a1b2c3d4-9999-9999-9999-000000000099,shared-infra-sub,rg-shared-infra,eastus,2025-12-16,Azure Blob Storage,Storage,Data Stored,2e8ee991-b3b7-5136-98e5-4772405cdb0c,Data Stored,400.0,1 Unit,17.880002,0.045,0.045,0.045,OnDemand,USD,Microsoft.SharedInfra,/subscriptions/a1b2c3d4-9999-9999-9999-000000000099/resourceGroups/rg-shared-infra/providers/Microsoft.SharedInfra/Storage/storage,storage,{},"{""cpuUtilPct"": 3.29, ""memoryUtilPct"": 8.33, ""diskUtilPct"": 7.36, ""idleHours"": 551, ""lastActivityAt"": ""2025-11-30T20:52:26Z""}",Storage,Usage,Azure,,
EA-9876543210,platform-prod-sub,platform-prod-sub,owner_0001@company.com,a1b2c3d4-0001-0001-0001-000000000001,platform-prod-sub,rg-platform-prod,eastus,2025-12-17,Virtual Machines Standard_D2s_v3 - eastus,Virtual Machines,Standard_D2s_v3 Series,bbc4f1e6-b32a-5f02-86f0-702bf6097b8b,D2s v3,24.0,1 Hour,4.025593,0.168,0.167733,0.168,OnDemand,USD,Microsoft.Compute,/subscriptions/a1b2c3d4-0001-0001-0001-000000000001/resourceGroups/rg-platform-prod/providers/Microsoft.Compute/virtualMachines/vm-standard-d2s-v3-00,vm-standard-d2s-v3-00,"{""team"": ""platform"", ""environment"": ""prod"", ""costcenter"": ""CC100"", ""application"": ""platform-core"", ""business_unit"": ""engineering"", ""owner_email"": ""platform-owner@company.com"", ""support_group"": ""platform-operations"", ""workload_criticality"": ""mission_critical"", ""sla_tier"": ""platinum""}","{""ServiceType"": ""Standard"", ""VMName"": ""vm-standard-d2s-v3-00"", ""vCPUs"": 2, ""cpuUtilPct"": 56.15, ""memoryUtilPct"": 44.99, ""diskUtilPct"": 40.33, ""idleHours"": 25, ""lastActivityAt"": ""2025-12-15T00:25:05Z""}",Compute,Usage,Azure,,
EA-9876543210,platform-prod-sub,platform-prod-sub,owner_0001@company.com,a1b2c3d4-0001-0001-0001-000000000001,platform-prod-sub,rg-platform-prod,eastus,2025-12-17,Virtual Machines Standard_D2s_v3 - eastus,Virtual Machines,Standard_D2s_v3 Series,bbc4f1e6-b32a-5f02-86f0-702bf6097b8b,D2s v3,24.0,1 Hour,4.033518,0.168,0.168063,0.168,OnDemand,USD,Microsoft.Compute,/subscriptions/a1b2c3d4-0001-0001-0001-000000000001/resourceGroups/rg-platform-prod/providers/Microsoft.Compute/virtualMachines/vm-standard-d2s-v3-01,vm-standard-d2s-v3-01,"{""team"": ""platform"", ""environment"": ""prod"", ""costcenter"": ""CC100"", ""application"": ""platform-core"", ""business_unit"": ""engineering"", ""owner_email"": ""platform-owner@company.com"", ""support_group"": ""platform-operations"", ""workload_criticality"": ""mission_critical"", ""sla_tier"": ""platinum""}","{""ServiceType"": ""Standard"", ""VMName"": ""vm-standard-d2s-v3-01"", ""vCPUs"": 2, ""cpuUtilPct"": 38.5, ""memoryUtilPct"": 41.72, ""diskUtilPct"": 47.07, ""idleHours"": 20, ""lastActivityAt"": ""2025-12-15T19:57:28Z""}",Compute,Usage,Azure,,
EA-9876543210,app-prod-sub,app-prod-sub,owner_0003@company.com,a1b2c3d4-0003-0003-0003-000000000003,app-prod-sub,rg-app-prod,eastus,2025-12-17,Virtual Machines Standard_D4s_v3 - eastus,Virtual Machines,Standard_D4s_v3 Series,6c8e1236-a3aa-53d7-8e09-dadb98f69027,D4s v3,24.0,1 Hour,8.071051,0.336,0.336294,0.336,OnDemand,USD,Microsoft.Compute,/subscriptions/a1b2c3d4-0003-0003-0003-000000000003/resourceGroups/rg-app-prod/providers/Microsoft.Compute/virtualMachines/vm-standard-d4s-v3-02,vm-standard-d4s-v3-02,{},"{""ServiceType"": ""Standard"", ""VMName"": ""vm-standard-d4s-v3-02"", ""vCPUs"": 4, ""cpuUtilPct"": 29.21, ""memoryUtilPct"": 40.15, ""diskUtilPct"": 35.02, ""idleHours"": 63, ""lastActivityAt"": ""2025-12-14T00:04:09Z""}",Compute,Usage,Azure,,
EA-9876543210,data-eng-prod-sub,data-eng-prod-sub,owner_0002@company.com,a1b2c3d4-0002-0002-0002-000000000002,data-eng-prod-sub,rg-data-prod,westeurope,2025-12-17,Virtual Machines Standard_E4s_v3 - westeurope,Virtual Machines,Standard_E4s_v3 Series,7373fa15-5d45-5d30-a83f-72064e156f94,E4s v3,24.0,1 Hour,5.366313,0.364,0.223596,0.364,Reservation,USD,Microsoft.Compute,/subscriptions/a1b2c3d4-0002-0002-0002-000000000002/resourceGroups/rg-data-prod/providers/Microsoft.Compute/virtualMachines/vm-standard-e4s-v3-03,vm-standard-e4s-v3-03,"{""team"": ""data-eng"", ""environment"": ""prod"", ""costcenter"": ""CC200"", ""application"": ""data-platform"", ""business_unit"": ""data"", ""owner_email"": ""data-eng-owner@company.com"", ""support_group"": ""data-platform-ops"", ""workload_criticality"": ""high"", ""sla_tier"": ""gold""}","{""ServiceType"": ""Standard"", ""VMName"": ""vm-standard-e4s-v3-03"", ""vCPUs"": 4, ""cpuUtilPct"": 32.22, ""memoryUtilPct"": 35.01, ""diskUtilPct"": 30.55, ""idleHours"": 30, ""lastActivityAt"": ""2025-12-15T04:03:35Z""}",Compute,Usage,Azure,/providers/Microsoft.BillingBenefits/savingsPlanOrders/b5a52625-8eed-476c-82a6-3c9677e7bad1,Reserved VM Instance_westeurope_1Year
EA-9876543210,data-eng-prod-sub,data-eng-prod-sub,owner_0002@company.com,a1b2c3d4-0002-0002-0002-000000000002,data-eng-prod-sub,rg-data-prod,westeurope,2025-12-17,Unused Reservation - vm-standard-e4s-v3-03,Virtual Machines,Unused Capacity,0e7961a3-099d-5fc0-b040-456e119d2eda,Unused,0.0,1 Hour,1.522447,0.0,0.0,0.364,Reservation,USD,Microsoft.Compute,,vm-standard-e4s-v3-03,"{""team"": ""data-eng"", ""environment"": ""prod"", ""costcenter"": ""CC200"", ""application"": ""data-platform"", ""business_unit"": ""data"", ""owner_email"": ""data-eng-owner@company.com"", ""support_group"": ""data-platform-ops"", ""workload_criticality"": ""high"", ""sla_tier"": ""gold""}","{""cpuUtilPct"": 32.22, ""memoryUtilPct"": 35.01, ""diskUtilPct"": 30.55, ""idleHours"": 30, ""lastActivityAt"": ""2025-12-15T04:03:35Z""}",Compute,UnusedReservation,Azure,/providers/Microsoft.BillingBenefits/savingsPlanOrders/8e705dbf-9081-4188-b219-092837a23e5d,Reserved VM Instance_westeurope_1Year
EA-9876543210,data-eng-prod-sub,data-eng-prod-sub,owner_0002@company.com,a1b2c3d4-0002-0002-0002-000000000002,data-eng-prod-sub,rg-data-prod,westeurope,2025-12-17,Virtual Machines Standard_E8s_v3 - westeurope,Virtual Machines,Standard_E8s_v3 Series,2b9593f7-8692-56d9-b10a-a624f400da47,E8s v3,24.0,1 Hour,10.307382,0.728,0.429474,0.728,Reservation,USD,Microsoft.Compute,/subscriptions/a1b2c3d4-0002-0002-0002-000000000002/resourceGroups/rg-data-prod/providers/Microsoft.Compute/virtualMachines/vm-standard-e8s-v3-04,vm-standard-e8s-v3-04,{},"{""ServiceType"": ""Standard"", ""VMName"": ""vm-standard-e8s-v3-04"", ""vCPUs"": 8, ""cpuUtilPct"": 39.35, ""memoryUtilPct"": 51.12, ""diskUtilPct"": 41.67, ""idleHours"": 19, ""lastActivityAt"": ""2025-12-13T05:39:09Z""}",Compute,Usage,Azure,/providers/Microsoft.BillingBenefits/savingsPlanOrders/af3979a6-a496-4b40-86ac-34007a6c245f,Reserved VM Instance_westeurope_1Year
EA-9876543210,data-eng-prod-sub,data-eng-prod-sub,owner_0002@company.com,a1b2c3d4-0002-0002-0002-000000000002,data-eng-prod-sub,rg-data-prod,westeurope,2025-12-17,Unused Reservation - vm-standard-e8s-v3-04,Virtual Machines,Unused Capacity,b4e11d95-4729-53c8-ad97-069b495a15c8,Unused,0.0,1 Hour,1.598515,0.0,0.0,0.728,Reservation,USD,Microsoft.Compute,,vm-standard-e8s-v3-04,"{""team"": ""data-eng"", ""environment"": ""prod"", ""costcenter"": ""CC200"", ""application"": ""data-platform"", ""business_unit"": ""data"", ""owner_email"": ""data-eng-owner@company.com"", ""support_group"": ""data-platform-ops"", ""workload_criticality"": ""high"", ""sla_tier"": ""gold""}","{""cpuUtilPct"": 39.35, ""memoryUtilPct"": 51.12, ""diskUtilPct"": 41.67, ""idleHours"": 19, ""lastActivityAt"": ""2025-12-13T05:39:09Z""}",Compute,UnusedReservation,Azure,/providers/Microsoft.BillingBenefits/savingsPlanOrders/dabc09f6-c593-45dd-8496-6ed23caf36e8,Reserved VM Instance_westeurope_1Year
EA-9876543210,data-eng-prod-sub,data-eng-prod-sub,owner_0002@company.com,a1b2c3d4-0002-0002-0002-000000000002,data-eng-prod-sub,rg-ml-prod,westeurope,2025-12-17,Virtual Machines Standard_F4s_v2 - westeurope,Virtual Machines,Standard_F4s_v2 Series,303bf71a-6d52-56d9-8e75-95552aa01c86,F4s v2,24.0,1 Hour,6.058757,0.252,0.252448,0.252,OnDemand,USD,Microsoft.Compute,/subscriptions/a1b2c3d4-0002-0002-0002-000000000002/resourceGroups/rg-ml-prod/providers/Microsoft.Compute/virtualMachines/vm-standard-f4s-v2-05,vm-standard-f4s-v2-05,"{""team"": ""ml"", ""environment"": ""prod"", ""costcenter"": ""CC500"", ""application"": ""ml-platform"", ""business_unit"": ""ai"", ""owner_email"": ""ml-owner@company.com"", ""support_group"": ""ml-platform-sre"", ""workload_criticality"": ""high"", ""sla_tier"": ""gold""}","{""ServiceType"": ""Standard"", ""VMName"": ""vm-standard-f4s-v2-05"", ""vCPUs"": 4, ""cpuUtilPct"": 29.74, ""memoryUtilPct"": 31.37, ""diskUtilPct"": 23.52, ""idleHours"": 24, ""lastActivityAt"": ""2025-12-15T07:30:25Z""}",Compute,Usage,Azure,,
EA-9876543210,data-eng-prod-sub,data-eng-prod-sub,owner_0002@company.com,a1b2c3d4-0002-0002-0002-000000000002,data-eng-prod-sub,rg-ml-prod,westeurope,2025-12-17,Virtual Machines Standard_D8s_v3 - westeurope,Virtual Machines,Standard_D8s_v3 Series,348575ff-7ae0-57e5-896e-037d67179117,D8s v3,24.0,1 Hour,8.919825,0.672,0.371659,0.672,Reservation,USD,Microsoft.Compute,/subscriptions/a1b2c3d4-0002-0002-0002-000000000002/resourceGroups/rg-ml-prod/providers/Microsoft.Compute/virtualMachines/vm-standard-d8s-v3-06,vm-standard-d8s-v3-06,"{""team"": ""ml"", ""environment"": ""prod"", ""costcenter"": ""CC500"", ""application"": ""ml-platform"", ""business_unit"": ""ai"", ""owner_email"": ""ml-owner@company.com"", ""support_group"": ""ml-platform-sre"", ""workload_criticality"": ""high"", ""sla_tier"": ""gold""}","{""ServiceType"": ""Standard"", ""VMName"": ""vm-standard-d8s-v3-06"", ""vCPUs"": 8, ""cpuUtilPct"": 36.67, ""memoryUtilPct"": 30.35, ""diskUtilPct"": 32.1, ""idleHours"": 21, ""lastActivityAt"": ""2025-12-14T03:51:29Z""}",Compute,Usage,Azure,/providers/Microsoft.BillingBenefits/savingsPlanOrders/25a41445-e226-44dc-8c01-e0cee33b158b,Reserved VM Instance_westeurope_1Year
EA-9876543210,app-prod-sub,app-prod-sub,owner_0003@company.com,a1b2c3d4-0003-0003-0003-000000000003,app-prod-sub,rg-app-prod,southeastasia,2025-12-17,Virtual Machines Standard_B2s - southeastasia,Virtual Machines,Standard_B2s Series,78a50003-6630-5ba4-aad2-c10f0de71d3b,B2s,24.0,1 Hour,2.008497,0.084,0.083687,0.084,OnDemand,USD,Microsoft.Compute,/subscriptions/a1b2c3d4-0003-0003-0003-000000000003/resourceGroups/rg-app-prod/providers/Microsoft.Compute/virtualMachines/vm-standard-b2s-07,vm-standard-b2s-07,"{""team"": ""frontend"", ""environment"": ""prod"", ""costcenter"": ""CC300"", ""application"": ""customer-web"", ""business_unit"": ""product"", ""owner_email"": ""frontend-owner@company.com"", ""support_group"": ""customer-experience-support"", ""workload_criticality"": ""high"", ""sla_tier"": ""gold""}","{""ServiceType"": ""Standard"", ""VMName"": ""vm-standard-b2s-07"", ""vCPUs"": 2, ""cpuUtilPct"": 27.71, ""memoryUtilPct"": 38.58, ""diskUtilPct"": 30.62, ""idleHours"": 39, ""lastActivityAt"": ""2025-12-14T18:11:32Z""}",Compute,Usage,Azure,,
EA-9876543210,app-prod-sub,app-prod-sub,owner_0003@company.com,a1b2c3d4-0003-0003-0003-000000000003,app-prod-sub,rg-app-staging,southeastasia,2025-12-17,Virtual Machines Standard_B2s - southeastasia,Virtual Machines,Standard_B2s Series,78a50003-6630-5ba4-aad2-c10f0de71d3b,B2s,24.0,1 Hour,1.432756,0.084,0.059698,0.084,SavingsPlan,USD,Microsoft.Compute,/subscriptions/a1b2c3d4-0003-0003-0003-000000000003/resourceGroups/rg-app-staging/providers/Microsoft.Compute/virtualMachines/vm-standard-b2s-08,vm-standard-b2s-08,"{""team"": ""frontend"", ""environment"": ""staging"", ""costcenter"": ""CC300"", ""application"": ""customer-web"", ""business_unit"": ""product"", ""owner_email"": ""frontend-owner@company.com"", ""support_group"": ""customer-experience-support"", ""workload_criticality"": ""medium"", ""sla_tier"": ""silver""}","{""ServiceType"": ""Standard"", ""VMName"": ""vm-standard-b2s-08"", ""vCPUs"": 2, ""cpuUtilPct"": 19.15, ""memoryUtilPct"": 24.57, ""diskUtilPct"": 13.05, ""idleHours"": 128, ""lastActivityAt"": ""2025-12-09T17:57:15Z""}",Compute,Usage,Azure,/providers/Microsoft.BillingBenefits/savingsPlanOrders/f961030b-f014-4d3f-aaee-1da8e2e0319e,Compute savings plan_1Year
EA-9876543210,app-prod-sub,app-prod-sub,owner_0003@company.com,a1b2c3d4-0003-0003-0003-000000000003,app-prod-sub,rg-app-staging,eastus,2025-12-17,Virtual Machines Standard_D2s_v3 - eastus,Virtual Machines,Standard_D2s_v3 Series,bbc4f1e6-b32a-5f02-86f0-702bf6097b8b,D2s v3,24.0,1 Hour,4.004658,0.168,0.166861,0.168,OnDemand,USD,Microsoft.Compute,/subscriptions/a1b2c3d4-0003-0003-0003-000000000003/resourceGroups/rg-app-staging/providers/Microsoft.Compute/virtualMachines/vm-standard-d2s-v3-09,vm-standard-d2s-v3-09,"{""team"": ""backend"", ""environment"": ""staging"", ""costcenter"": ""CC400"", ""application"": ""core-api"", ""business_unit"": ""product"", ""owner_email"": ""backend-owner@company.com"", ""support_group"": ""api-operations"", ""workload_criticality"": ""medium"", ""sla_tier"": ""silver""}","{""ServiceType"": ""Standard"", ""VMName"": ""vm-standard-d2s-v3-09"", ""vCPUs"": 2, ""cpuUtilPct"": 16.09, ""memoryUtilPct"": 22.09, ""diskUtilPct"": 12.12, ""idleHours"": 127, ""lastActivityAt"": ""2025-12-05T15:42:39Z""}",Compute,Usage,Azure,,
EA-9876543210,platform-prod-sub,platform-prod-sub,owner_0001@company.com,a1b2c3d4-0001-0001-0001-000000000001,platform-prod-sub,rg-platform-dev,eastus,2025-12-17,Virtual Machines Standard_B2s - eastus,Virtual Machines,Standard_B2s Series,7190101e-d2ab-5a56-ad8e-83f7122f17e8,B2s,24.0,1 Hour,2.010176,0.084,0.083757,0.084,OnDemand,USD,Microsoft.Compute,/subscriptions/a1b2c3d4-0001-0001-0001-000000000001/resourceGroups/rg-platform-dev/providers/Microsoft.Compute/virtualMachines/vm-standard-b2s-10,vm-standard-b2s-10,"{""team"": ""platform"", ""environment"": ""dev"", ""costcenter"": ""CC100"", ""application"": ""platform-core"", ""business_unit"": ""engineering"", ""owner_email"": ""platform-owner@company.com"", ""support_group"": ""platform-operations"", ""workload_criticality"": ""low"", ""sla_tier"": ""bronze""}","{""ServiceType"": ""Standard"", ""VMName"": ""vm-standard-b2s-10"", ""vCPUs"": 2, ""cpuUtilPct"": 3.37, ""memoryUtilPct"": 9.84, ""diskUtilPct"": 2.88, ""idleHours"": 497, ""lastActivityAt"": ""2025-11-17T06:43:45Z""}",Compute,Usage,Azure,,
EA-9876543210,app-prod-sub,app-prod-sub,owner_0003@company.com,a1b2c3d4-0003-0003-0003-000000000003,app-prod-sub,rg-app-dev,eastus,2025-12-17,Virtual Machines Standard_B2s - eastus,Virtual Machines,Standard_B2s Series,7190101e-d2ab-5a56-ad8e-83f7122f17e8,B2s,24.0,1 Hour,2.00052,0.084,0.083355,0.084,OnDemand,USD,Microsoft.Compute,/subscriptions/a1b2c3d4-0003-0003-0003-000000000003/resourceGroups/rg-app-dev/providers/Microsoft.Compute/virtualMachines/vm-standard-b2s-11,vm-standard-b2s-11,{},"{""ServiceType"": ""Standard"", ""VMName"": ""vm-standard-b2s-11"", ""vCPUs"": 2, ""cpuUtilPct"": 0.55, ""memoryUtilPct"": 2.29, ""diskUtilPct"": 6.3, ""idleHours"": 540, ""lastActivityAt"": ""2025-11-10T22:04:56Z""}",Compute,Usage,Azure,,
EA-9876543210,platform-prod-sub,platform-prod-sub,owner_0001@company.com,a1b2c3d4-0001-0001-0001-000000000001,platform-prod-sub,rg-platform-prod,eastus,2025-12-17,Blob Storage - LRS - Hot - eastus,Storage,Blobs - LRS - Hot,fb8faed0-f377-5fb0-92b7-78035153a7fa,Data Stored,850.3389,1 GB/Month,0.509962,0.018,0.018,0.018,OnDemand,USD,Microsoft.Storage,/subscriptions/a1b2c3d4-0001-0001-0001-000000000001/resourceGroups/rg-platform-prod/providers/Microsoft.Storage/storageAccounts/stplatformassets,stplatformassets,{},"{""AccountType"": ""LRS"", ""cpuUtilPct"": 0.0, ""memoryUtilPct"": 0.0, ""diskUtilPct"": 34.99, ""idleHours"": 20, ""lastActivityAt"": ""2025-12-16T18:31:36Z""}",Storage,Usage,Azure,,
EA-9876543210,data-eng-prod-sub,data-eng-prod-sub,owner_0002@company.com,a1b2c3d4-0002-0002-0002-000000000002,data-eng-prod-sub,rg-data-prod,westeurope,2025-12-17,Blob Storage - ZRS - Hot - westeurope,Storage,Blobs - ZRS - Hot,9dd9b051-b91d-533a-9f70-e4838eb241bb,Data Stored,3198.6262,1 GB/Month,2.449028,0.023,0.023,0.023,OnDemand,USD,Microsoft.Storage,/subscriptions/a1b2c3d4-0002-0002-0002-000000000002/resourceGroups/rg-data-prod/providers/Microsoft.Storage/storageAccounts/stdatalake,stdatalake,"{""team"": ""data-eng"", ""environment"": ""prod"", ""costcenter"": ""CC200"", ""application"": ""data-platform"", ""business_unit"": ""data"", ""owner_email"": ""data-eng-owner@company.com"", ""support_group"": ""data-platform-ops"", ""workload_criticality"": ""high"", ""sla_tier"": ""gold""}","{""AccountType"": ""ZRS"", ""cpuUtilPct"": 0.0, ""memoryUtilPct"": 0.0, ""diskUtilPct"": 40.98, ""idleHours"": 18, ""lastActivityAt"": ""2025-12-15T21:29:52Z""}",Storage,Usage,Azure,,
EA-9876543210,app-prod-sub,app-prod-sub,owner_0003@company.com,a1b2c3d4-0003-0003-0003-000000000003,app-prod-sub,rg-app-prod,southeastasia,2025-12-17,Blob Storage - LRS - Hot - southeastasia,Storage,Blobs - LRS - Hot,3ae72a36-b458-5b93-9e16-84484844594d,Data Stored,400.0713,1 GB/Month,0.239593,0.018,0.018,0.018,OnDemand,USD,Microsoft.Storage,/subscriptions/a1b2c3d4-0003-0003-0003-000000000003/resourceGroups/rg-app-prod/providers/Microsoft.Storage/storageAccounts/stappassets,stappassets,"{""team"": ""frontend"", ""environment"": ""prod"", ""costcenter"": ""CC300"", ""application"": ""customer-web"", ""business_unit"": ""product"", ""owner_email"": ""frontend-owner@company.com"", ""support_group"": ""customer-experience-support"", ""workload_criticality"": ""high"", ""sla_tier"": ""gold""}","{""AccountType"": ""LRS"", ""cpuUtilPct"": 0.0, ""memoryUtilPct"": 0.0, ""diskUtilPct"": 48.3, ""idleHours"": 2, ""lastActivityAt"": ""2025-12-14T22:59:12Z""}",Storage,Usage,Azure,,
EA-9876543210,data-eng-prod-sub,data-eng-prod-sub,owner_0002@company.com,a1b2c3d4-0002-0002-0002-000000000002,data-eng-prod-sub,rg-ml-prod,westeurope,2025-12-17,Blob Storage - LRS - Hot - westeurope,Storage,Blobs - LRS - Hot,4ba045d2-b571-568f-be23-884194c5daba,Data Stored,1099.5911,1 GB/Month,0.660397,0.018,0.018,0.018,OnDemand,USD,Microsoft.Storage,/subscriptions/a1b2c3d4-0002-0002-0002-000000000002/resourceGroups/rg-ml-prod/providers/Microsoft.Storage/storageAccounts/stmlmodels,stmlmodels,"{""team"": ""ml"", ""environment"": ""prod"", ""costcenter"": ""CC500"", ""application"": ""ml-platform"", ""business_unit"": ""ai"", ""owner_email"": ""ml-owner@company.com"", ""support_group"": ""ml-platform-sre"", ""workload_criticality"": ""high"", ""sla_tier"": ""gold""}","{""AccountType"": ""LRS"", ""cpuUtilPct"": 0.0, ""memoryUtilPct"": 0.0, ""diskUtilPct"": 49.99, ""idleHours"": 7, ""lastActivityAt"": ""2025-12-15T03:35:07Z""}",Storage,Usage,Azure,,
EA-9876543210,platform-prod-sub,platform-prod-sub,owner_0001@company.com,a1b2c3d4-0001-0001-0001-000000000001,platform-prod-sub,rg-platform-prod,eastus,2025-12-17,Azure SQL Database Standard_S2 - eastus,SQL Database,Standard_S2,cd1e0b9a-8ff0-5779-9281-87ab698e2916,vCore Hours,24.0,1 Hour,7.431994,0.31,0.31,0.31,OnDemand,USD,Microsoft.Sql,/subscriptions/a1b2c3d4-0001-0001-0001-000000000001/resourceGroups/rg-platform-prod/providers/Microsoft.Sql/servers/databases/sqldb-standard-0001,sqldb-standard-0001,"{""team"": ""platform"", ""environment"": ""prod"", ""costcenter"": ""CC100"", ""application"": ""platform-core"", ""business_unit"": ""engineering"", ""owner_email"": ""platform-owner@company.com"", ""support_group"": ""platform-operations"", ""workload_criticality"": ""mission_critical"", ""sla_tier"": ""platinum""}","{""cpuUtilPct"": 43.44, ""memoryUtilPct"": 52.64, ""diskUtilPct"": 29.66, ""idleHours"": 19, ""lastActivityAt"": ""2025-12-15T17:52:51Z""}",Databases,Usage,Azure,,
EA-9876543210,data-eng-prod-sub,data-eng-prod-sub,owner_0002@company.com,a1b2c3d4-0002-0002-0002-000000000002,data-eng-prod-sub,rg-data-prod,westeurope,2025-12-17,Azure SQL Database Business Critical_BC_Gen5_4 - westeurope,SQL Database,Business Critical_BC_Gen5_4,4bab5ab0-7291-58c2-8564-3252f5053179,vCore Hours,24.0,1 Hour,52.725095,2.2,2.2,2.2,OnDemand,USD,Microsoft.Sql,/subscriptions/a1b2c3d4-0002-0002-0002-000000000002/resourceGroups/rg-data-prod/providers/Microsoft.Sql/servers/databases/sqldb-business critical-0002,sqldb-business critical-0002,{},"{""cpuUtilPct"": 29.14, ""memoryUtilPct"": 33.5, ""diskUtilPct"": 18.03, ""idleHours"": 30, ""lastActivityAt"": ""2025-12-14T14:40:04Z""}",Databases,Usage,Azure,,
EA-9876543210,app-prod-sub,app-prod-sub,owner_0003@company.com,a1b2c3d4-0003-0003-0003-000000000003,app-prod-sub,rg-app-prod,eastus,2025-12-17,Azure SQL Database General Purpose_GP_Gen5_2 - eastus,SQL Database,General Purpose_GP_Gen5_2,69e0198c-4ca3-5ac2-8540-db65f6d44c56,vCore Hours,24.0,1 Hour,14.292263,0.6,0.6,0.6,OnDemand,USD,Microsoft.Sql,/subscriptions/a1b2c3d4-0003-0003-0003-000000000003/resourceGroups/rg-app-prod/providers/Microsoft.Sql/servers/databases/sqldb-general purpose-0003,sqldb-general purpose-0003,"{""team"": ""backend"", ""environment"": ""prod"", ""costcenter"": ""CC400"", ""application"": ""core-api"", ""business_unit"": ""product"", ""owner_email"": ""backend-owner@company.com"", ""support_group"": ""api-operations"", ""workload_criticality"": ""high"", ""sla_tier"": ""gold""}","{""cpuUtilPct"": 29.44, ""memoryUtilPct"": 42.41, ""diskUtilPct"": 39.14, ""idleHours"": 42, ""lastActivityAt"": ""2025-12-15T08:09:26Z""}",Databases,Usage,Azure,,
EA-9876543210,shared-infra-sub,shared-infra-sub,owner_infra@company.com,a1b2c3d4-9999-9999-9999-000000000099,shared-infra-sub,rg-shared-infra,eastus,2025-12-17,Azure Monitor,Monitor,Data Ingested,aadff281-e00d-588e-bd69-a4630325bd50,Data Ingested,1000.0,1 Unit,44.571527,0.045,0.045,0.045,OnDemand,USD,Microsoft.SharedInfra,/subscriptions/a1b2c3d4-9999-9999-9999-000000000099/resourceGroups/rg-shared-infra/providers/Microsoft.SharedInfra/Monitor/monitor,monitor,{},"{""cpuUtilPct"": 2.77, ""memoryUtilPct"": 2.66, ""diskUtilPct"": 5.04, ""idleHours"": 622, ""lastActivityAt"": ""2025-11-20T12:50:23Z""}",Management,Usage,Azure,,
EA-9876543210,shared-infra-sub,shared-infra-sub,owner_infra@company.com,a1b2c3d4-9999-9999-9999-000000000099,shared-infra-sub,rg-shared-infra,eastus,2025-12-17,Virtual Network,Networking,Intra-Region,cc2ca1a8-2d13-5873-b301-4b8ed16ed2c0,Intra-Region,622.22,1 Unit,27.753794,0.045,0.045,0.045,OnDemand,USD,Microsoft.SharedInfra,/subscriptions/a1b2c3d4-9999-9999-9999-000000000099/resourceGroups/rg-shared-infra/providers/Microsoft.SharedInfra/Networking/networking,networking,{},"{""cpuUtilPct"": 2.63, ""memoryUtilPct"": 6.23, ""diskUtilPct"": 5.68, ""idleHours"": 559, ""lastActivityAt"": ""2025-11-27T10:51:54Z""}",Networking,Usage,Azure,,
EA-9876543210,shared-infra-sub,shared-infra-sub,owner_infra@company.com,a1b2c3d4-9999-9999-9999-000000000099,shared-infra-sub,rg-shared-infra,eastus,2025-12-17,API Management,API Management,Gateway Units,78998862-331b-5215-a4b4-8d4500189f89,Gateway Units,2666.67,1 Unit,120.842256,0.045,0.045,0.045,OnDemand,USD,Microsoft.SharedInfra,/subscriptions/a1b2c3d4-9999-9999-9999-000000000099/resourceGroups/rg-shared-infra/providers/Microsoft.SharedInfra/API Management/api-management,api-management,{},"{""cpuUtilPct"": 4.77, ""memoryUtilPct"": 6.15, ""diskUtilPct"": 5.1, ""idleHours"": 533, ""lastActivityAt"": ""2025-11-29T04:08:59Z""}",Integration,Usage,Azure,,
EA-9876543210,shared-infra-sub,shared-infra-sub,owner_infra@company.com,a1b2c3d4-9999-9999-9999-000000000099,shared-infra-sub,rg-shared-infra,eastus,2025-12-17,Azure Key Vault,Key Vault,Operations,3cb0172e-6732-5350-b439-97753364a78c,Operations,177.78,1 Unit,7.964764,0.045,0.045,0.045,OnDemand,USD,Microsoft.SharedInfra,/subscriptions/a1b2c3d4-9999-9999-9999-000000000099/resourceGroups/rg-shared-infra/providers/Microsoft.SharedInfra/Key Vault/key-vault,key-vault,{},"{""cpuUtilPct"": 4.84, ""memoryUtilPct"": 7.14, ""diskUtilPct"": 5.0, ""idleHours"": 543, ""lastActivityAt"": ""2025-11-01T11:00:58Z""}",Security,Usage,Azure,,
EA-9876543210,shared-infra-sub,shared-infra-sub,owner_infra@company.com,a1b2c3d4-9999-9999-9999-000000000099,shared-infra-sub,rg-shared-infra,eastus,2025-12-17,Azure Blob Storage,Storage,Data Stored,2e8ee991-b3b7-5136-98e5-4772405cdb0c,Data Stored,400.0,1 Unit,17.999641,0.045,0.045,0.045,OnDemand,USD,Microsoft.SharedInfra,/subscriptions/a1b2c3d4-9999-9999-9999-000000000099/resourceGroups/rg-shared-infra/providers/Microsoft.SharedInfra/Storage/storage,storage,{},"{""cpuUtilPct"": 3.06, ""memoryUtilPct"": 8.41, ""diskUtilPct"": 5.55, ""idleHours"": 607, ""lastActivityAt"": ""2025-11-07T09:12:30Z""}",Storage,Usage,Azure,,
EA-9876543210,platform-prod-sub,platform-prod-sub,owner_0001@company.com,a1b2c3d4-0001-0001-0001-000000000001,platform-prod-sub,rg-platform-prod,eastus,2025-12-18,Virtual Machines Standard_D2s_v3 - eastus,Virtual Machines,Standard_D2s_v3 Series,bbc4f1e6-b32a-5f02-86f0-702bf6097b8b,D2s v3,24.0,1 Hour,4.020154,0.168,0.167506,0.168,OnDemand,USD,Microsoft.Compute,/subscriptions/a1b2c3d4-0001-0001-0001-000000000001/resourceGroups/rg-platform-prod/providers/Microsoft.Compute/virtualMachines/vm-standard-d2s-v3-00,vm-standard-d2s-v3-00,"{""team"": ""platform"", ""environment"": ""prod"", ""costcenter"": ""CC100"", ""application"": ""platform-core"", ""business_unit"": ""engineering"", ""owner_email"": ""platform-owner@company.com"", ""support_group"": ""platform-operations"", ""workload_criticality"": ""mission_critical"", ""sla_tier"": ""platinum""}","{""ServiceType"": ""Standard"", ""VMName"": ""vm-standard-d2s-v3-00"", ""vCPUs"": 2, ""cpuUtilPct"": 49.76, ""memoryUtilPct"": 42.84, ""diskUtilPct"": 28.92, ""idleHours"": 23, ""lastActivityAt"": ""2025-12-17T02:22:52Z""}",Compute,Usage,Azure,,
EA-9876543210,platform-prod-sub,platform-prod-sub,owner_0001@company.com,a1b2c3d4-0001-0001-0001-000000000001,platform-prod-sub,rg-platform-prod,eastus,2025-12-18,Virtual Machines Standard_D2s_v3 - eastus,Virtual Machines,Standard_D2s_v3 Series,bbc4f1e6-b32a-5f02-86f0-702bf6097b8b,D2s v3,24.0,1 Hour,4.058369,0.168,0.169099,0.168,OnDemand,USD,Microsoft.Compute,/subscriptions/a1b2c3d4-0001-0001-0001-000000000001/resourceGroups/rg-platform-prod/providers/Microsoft.Compute/virtualMachines/vm-standard-d2s-v3-01,vm-standard-d2s-v3-01,"{""team"": ""platform"", ""environment"": ""prod"", ""costcenter"": ""CC100"", ""application"": ""platform-core"", ""business_unit"": ""engineering"", ""owner_email"": ""platform-owner@company.com"", ""support_group"": ""platform-operations"", ""workload_criticality"": ""mission_critical"", ""sla_tier"": ""platinum""}","{""ServiceType"": ""Standard"", ""VMName"": ""vm-standard-d2s-v3-01"", ""vCPUs"": 2, ""cpuUtilPct"": 33.26, ""memoryUtilPct"": 51.06, ""diskUtilPct"": 33.85, ""idleHours"": 10, ""lastActivityAt"": ""2025-12-15T20:44:08Z""}",Compute,Usage,Azure,,
EA-9876543210,app-prod-sub,app-prod-sub,owner_0003@company.com,a1b2c3d4-0003-0003-0003-000000000003,app-prod-sub,rg-app-prod,eastus,2025-12-18,Virtual Machines Standard_D4s_v3 - eastus,Virtual Machines,Standard_D4s_v3 Series,6c8e1236-a3aa-53d7-8e09-dadb98f69027,D4s v3,24.0,1 Hour,8.028989,0.336,0.334541,0.336,OnDemand,USD,Microsoft.Compute,/subscriptions/a1b2c3d4-0003-0003-0003-000000000003/resourceGroups/rg-app-prod/providers/Microsoft.Compute/virtualMachines/vm-standard-d4s-v3-02,vm-standard-d4s-v3-02,"{""team"": ""backend"", ""environment"": ""prod"", ""costcenter"": ""CC400"", ""application"": ""core-api"", ""business_unit"": ""product"", ""owner_email"": ""backend-owner@company.com"", ""support_group"": ""api-operations"", ""workload_criticality"": ""high"", ""sla_tier"": ""gold""}","{""ServiceType"": ""Standard"", ""VMName"": ""vm-standard-d4s-v3-02"", ""vCPUs"": 4, ""cpuUtilPct"": 27.04, ""memoryUtilPct"": 36.69, ""diskUtilPct"": 34.74, ""idleHours"": 40, ""lastActivityAt"": ""2025-12-14T13:14:49Z""}",Compute,Usage,Azure,,
EA-9876543210,data-eng-prod-sub,data-eng-prod-sub,owner_0002@company.com,a1b2c3d4-0002-0002-0002-000000000002,data-eng-prod-sub,rg-data-prod,westeurope,2025-12-18,Virtual Machines Standard_E4s_v3 - westeurope,Virtual Machines,Standard_E4s_v3 Series,7373fa15-5d45-5d30-a83f-72064e156f94,E4s v3,24.0,1 Hour,4.968142,0.364,0.207006,0.364,Reservation,USD,Microsoft.Compute,/subscriptions/a1b2c3d4-0002-0002-0002-000000000002/resourceGroups/rg-data-prod/providers/Microsoft.Compute/virtualMachines/vm-standard-e4s-v3-03,vm-standard-e4s-v3-03,"{""team"": ""data-eng"", ""environment"": ""prod"", ""costcenter"": ""CC200"", ""application"": ""data-platform"", ""business_unit"": ""data"", ""owner_email"": ""data-eng-owner@company.com"", ""support_group"": ""data-platform-ops"", ""workload_criticality"": ""high"", ""sla_tier"": ""gold""}","{""ServiceType"": ""Standard"", ""VMName"": ""vm-standard-e4s-v3-03"", ""vCPUs"": 4, ""cpuUtilPct"": 25.9, ""memoryUtilPct"": 43.13, ""diskUtilPct"": 22.64, ""idleHours"": 53, ""lastActivityAt"": ""2025-12-16T18:16:47Z""}",Compute,Usage,Azure,/providers/Microsoft.BillingBenefits/savingsPlanOrders/88a6bf5e-f1b9-4efc-a7d3-a423a1d9bc6c,Reserved VM Instance_westeurope_1Year
EA-9876543210,data-eng-prod-sub,data-eng-prod-sub,owner_0002@company.com,a1b2c3d4-0002-0002-0002-000000000002,data-eng-prod-sub,rg-data-prod,westeurope,2025-12-18,Unused Reservation - vm-standard-e4s-v3-03,Virtual Machines,Unused Capacity,216da139-f48a-5580-a91b-a26baea1f327,Unused,0.0,1 Hour,0.624946,0.0,0.0,0.364,Reservation,USD,Microsoft.Compute,,vm-standard-e4s-v3-03,"{""team"": ""data-eng"", ""environment"": ""prod"", ""costcenter"": ""CC200"", ""application"": ""data-platform"", ""business_unit"": ""data"", ""owner_email"": ""data-eng-owner@company.com"", ""support_group"": ""data-platform-ops"", ""workload_criticality"": ""high"", ""sla_tier"": ""gold""}","{""cpuUtilPct"": 25.9, ""memoryUtilPct"": 43.13, ""diskUtilPct"": 22.64, ""idleHours"": 53, ""lastActivityAt"": ""2025-12-16T18:16:47Z""}",Compute,UnusedReservation,Azure,/providers/Microsoft.BillingBenefits/savingsPlanOrders/2996d961-5978-4ab2-96ba-02f01a62fc92,Reserved VM Instance_westeurope_1Year
EA-9876543210,data-eng-prod-sub,data-eng-prod-sub,owner_0002@company.com,a1b2c3d4-0002-0002-0002-000000000002,data-eng-prod-sub,rg-data-prod,westeurope,2025-12-18,Virtual Machines Standard_E8s_v3 - westeurope,Virtual Machines,Standard_E8s_v3 Series,2b9593f7-8692-56d9-b10a-a624f400da47,E8s v3,24.0,1 Hour,10.059298,0.728,0.419137,0.728,Reservation,USD,Microsoft.Compute,/subscriptions/a1b2c3d4-0002-0002-0002-000000000002/resourceGroups/rg-data-prod/providers/Microsoft.Compute/virtualMachines/vm-standard-e8s-v3-04,vm-standard-e8s-v3-04,"{""team"": ""data-eng"", ""environment"": ""prod"", ""costcenter"": ""CC200"", ""application"": ""data-platform"", ""business_unit"": ""data"", ""owner_email"": ""data-eng-owner@company.com"", ""support_group"": ""data-platform-ops"", ""workload_criticality"": ""high"", ""sla_tier"": ""gold""}","{""ServiceType"": ""Standard"", ""VMName"": ""vm-standard-e8s-v3-04"", ""vCPUs"": 8, ""cpuUtilPct"": 37.54, ""memoryUtilPct"": 28.67, ""diskUtilPct"": 24.57, ""idleHours"": 35, ""lastActivityAt"": ""2025-12-13T16:20:02Z""}",Compute,Usage,Azure,/providers/Microsoft.BillingBenefits/savingsPlanOrders/f58efd0b-006d-4c49-b2c3-5cf6aab40734,Reserved VM Instance_westeurope_1Year
EA-9876543210,data-eng-prod-sub,data-eng-prod-sub,owner_0002@company.com,a1b2c3d4-0002-0002-0002-000000000002,data-eng-prod-sub,rg-ml-prod,westeurope,2025-12-18,Virtual Machines Standard_F4s_v2 - westeurope,Virtual Machines,Standard_F4s_v2 Series,303bf71a-6d52-56d9-8e75-95552aa01c86,F4s v2,24.0,1 Hour,5.993585,0.252,0.249733,0.252,OnDemand,USD,Microsoft.Compute,/subscriptions/a1b2c3d4-0002-0002-0002-000000000002/resourceGroups/rg-ml-prod/providers/Microsoft.Compute/virtualMachines/vm-standard-f4s-v2-05,vm-standard-f4s-v2-05,"{""team"": ""ml"", ""environment"": ""prod"", ""costcenter"": ""CC500"", ""application"": ""ml-platform"", ""business_unit"": ""ai"", ""owner_email"": ""ml-owner@company.com"", ""support_group"": ""ml-platform-sre"", ""workload_criticality"": ""high"", ""sla_tier"": ""gold""}","{""ServiceType"": ""Standard"", ""VMName"": ""vm-standard-f4s-v2-05"", ""vCPUs"": 4, ""cpuUtilPct"": 31.03, ""memoryUtilPct"": 34.59, ""diskUtilPct"": 30.48, ""idleHours"": 34, ""lastActivityAt"": ""2025-12-15T19:54:44Z""}",Compute,Usage,Azure,,
EA-9876543210,data-eng-prod-sub,data-eng-prod-sub,owner_0002@company.com,a1b2c3d4-0002-0002-0002-000000000002,data-eng-prod-sub,rg-ml-prod,westeurope,2025-12-18,Virtual Machines Standard_D8s_v3 - westeurope,Virtual Machines,Standard_D8s_v3 Series,348575ff-7ae0-57e5-896e-037d67179117,D8s v3,24.0,1 Hour,9.5786,0.672,0.399108,0.672,Reservation,USD,Microsoft.Compute,/subscriptions/a1b2c3d4-0002-0002-0002-000000000002/resourceGroups/rg-ml-prod/providers/Microsoft.Compute/virtualMachines/vm-standard-d8s-v3-06,vm-standard-d8s-v3-06,"{""team"": ""ml"", ""environment"": ""prod"", ""costcenter"": ""CC500"", ""application"": ""ml-platform"", ""business_unit"": ""ai"", ""owner_email"": ""ml-owner@company.com"", ""support_group"": ""ml-platform-sre"", ""workload_criticality"": ""high"", ""sla_tier"": ""gold""}","{""ServiceType"": ""Standard"", ""VMName"": ""vm-standard-d8s-v3-06"", ""vCPUs"": 8, ""cpuUtilPct"": 35.19, ""memoryUtilPct"": 39.27, ""diskUtilPct"": 25.94, ""idleHours"": 63, ""lastActivityAt"": ""2025-12-15T03:16:33Z""}",Compute,Usage,Azure,/providers/Microsoft.BillingBenefits/savingsPlanOrders/02d92309-eb53-4ab1-9b50-d71bb39c25bd,Reserved VM Instance_westeurope_1Year
EA-9876543210,data-eng-prod-sub,data-eng-prod-sub,owner_0002@company.com,a1b2c3d4-0002-0002-0002-000000000002,data-eng-prod-sub,rg-ml-prod,westeurope,2025-12-18,Unused Reservation - vm-standard-d8s-v3-06,Virtual Machines,Unused Capacity,5b1fa4fa-45ed-5577-8d38-5b5069bae2be,Unused,0.0,1 Hour,0.910564,0.0,0.0,0.672,Reservation,USD,Microsoft.Compute,,vm-standard-d8s-v3-06,"{""team"": ""ml"", ""environment"": ""prod"", ""costcenter"": ""CC500"", ""application"": ""ml-platform"", ""business_unit"": ""ai"", ""owner_email"": ""ml-owner@company.com"", ""support_group"": ""ml-platform-sre"", ""workload_criticality"": ""high"", ""sla_tier"": ""gold""}","{""cpuUtilPct"": 35.19, ""memoryUtilPct"": 39.27, ""diskUtilPct"": 25.94, ""idleHours"": 63, ""lastActivityAt"": ""2025-12-15T03:16:33Z""}",Compute,UnusedReservation,Azure,/providers/Microsoft.BillingBenefits/savingsPlanOrders/50413c54-3db6-4b5b-ab6d-bc3eaa684bc9,Reserved VM Instance_westeurope_1Year
EA-9876543210,app-prod-sub,app-prod-sub,owner_0003@company.com,a1b2c3d4-0003-0003-0003-000000000003,app-prod-sub,rg-app-prod,southeastasia,2025-12-18,Virtual Machines Standard_B2s - southeastasia,Virtual Machines,Standard_B2s Series,78a50003-6630-5ba4-aad2-c10f0de71d3b,B2s,24.0,1 Hour,2.001279,0.084,0.083387,0.084,OnDemand,USD,Microsoft.Compute,/subscriptions/a1b2c3d4-0003-0003-0003-000000000003/resourceGroups/rg-app-prod/providers/Microsoft.Compute/virtualMachines/vm-standard-b2s-07,vm-standard-b2s-07,"{""team"": ""frontend"", ""environment"": ""prod"", ""costcenter"": ""CC300"", ""application"": ""customer-web"", ""business_unit"": ""product"", ""owner_email"": ""frontend-owner@company.com"", ""support_group"": ""customer-experience-support"", ""workload_criticality"": ""high"", ""sla_tier"": ""gold""}","{""ServiceType"": ""Standard"", ""VMName"": ""vm-standard-b2s-07"", ""vCPUs"": 2, ""cpuUtilPct"": 37.9, ""memoryUtilPct"": 36.05, ""diskUtilPct"": 30.64, ""idleHours"": 53, ""lastActivityAt"": ""2025-12-14T16:48:18Z""}",Compute,Usage,Azure,,
EA-9876543210,app-prod-sub,app-prod-sub,owner_0003@company.com,a1b2c3d4-0003-0003-0003-000000000003,app-prod-sub,rg-app-staging,southeastasia,2025-12-18,Virtual Machines Standard_B2s - southeastasia,Virtual Machines,Standard_B2s Series,78a50003-6630-5ba4-aad2-c10f0de71d3b,B2s,24.0,1 Hour,1.575634,0.084,0.065651,0.084,SavingsPlan,USD,Microsoft.Compute,/subscriptions/a1b2c3d4-0003-0003-0003-000000000003/resourceGroups/rg-app-staging/providers/Microsoft.Compute/virtualMachines/vm-standard-b2s-08,vm-standard-b2s-08,"{""team"": ""frontend"", ""environment"": ""staging"", ""costcenter"": ""CC300"", ""application"": ""customer-web"", ""business_unit"": ""product"", ""owner_email"": ""frontend-owner@company.com"", ""support_group"": ""customer-experience-support"", ""workload_criticality"": ""medium"", ""sla_tier"": ""silver""}","{""ServiceType"": ""Standard"", ""VMName"": ""vm-standard-b2s-08"", ""vCPUs"": 2, ""cpuUtilPct"": 14.27, ""memoryUtilPct"": 25.81, ""diskUtilPct"": 12.42, ""idleHours"": 215, ""lastActivityAt"": ""2025-12-06T06:03:42Z""}",Compute,Usage,Azure,/providers/Microsoft.BillingBenefits/savingsPlanOrders/f46951bf-5c9d-46e1-96e9-b2cb1c01f0d0,Compute savings plan_1Year
EA-9876543210,app-prod-sub,app-prod-sub,owner_0003@company.com,a1b2c3d4-0003-0003-0003-000000000003,app-prod-sub,rg-app-staging,southeastasia,2025-12-18,Unused Reservation - vm-standard-b2s-08,Virtual Machines,Unused Capacity,620d7f53-401d-5dd3-b451-2053afdf67e4,Unused,0.0,1 Hour,0.426145,0.0,0.0,0.084,SavingsPlan,USD,Microsoft.Compute,,vm-standard-b2s-08,"{""team"": ""frontend"", ""environment"": ""staging"", ""costcenter"": ""CC300"", ""application"": ""customer-web"", ""business_unit"": ""product"", ""owner_email"": ""frontend-owner@company.com"", ""support_group"": ""customer-experience-support"", ""workload_criticality"": ""medium"", ""sla_tier"": ""silver""}","{""cpuUtilPct"": 14.27, ""memoryUtilPct"": 25.81, ""diskUtilPct"": 12.42, ""idleHours"": 215, ""lastActivityAt"": ""2025-12-06T06:03:42Z""}",Compute,UnusedSavingsPlan,Azure,/providers/Microsoft.BillingBenefits/savingsPlanOrders/544dd2bc-7897-41f9-b5c1-4cdc877febac,Compute savings plan_1Year
EA-9876543210,app-prod-sub,app-prod-sub,owner_0003@company.com,a1b2c3d4-0003-0003-0003-000000000003,app-prod-sub,rg-app-staging,eastus,2025-12-18,Virtual Machines Standard_D2s_v3 - eastus,Virtual Machines,Standard_D2s_v3 Series,bbc4f1e6-b32a-5f02-86f0-702bf6097b8b,D2s v3,24.0,1 Hour,4.044861,0.168,0.168536,0.168,OnDemand,USD,Microsoft.Compute,/subscriptions/a1b2c3d4-0003-0003-0003-000000000003/resourceGroups/rg-app-staging/providers/Microsoft.Compute/virtualMachines/vm-standard-d2s-v3-09,vm-standard-d2s-v3-09,"{""team"": ""backend"", ""environment"": ""staging"", ""costcenter"": ""CC400"", ""application"": ""core-api"", ""business_unit"": ""product"", ""owner_email"": ""backend-owner@company.com"", ""support_group"": ""api-operations"", ""workload_criticality"": ""medium"", ""sla_tier"": ""silver""}","{""ServiceType"": ""Standard"", ""VMName"": ""vm-standard-d2s-v3-09"", ""vCPUs"": 2, ""cpuUtilPct"": 7.13, ""memoryUtilPct"": 17.53, ""diskUtilPct"": 20.11, ""idleHours"": 124, ""lastActivityAt"": ""2025-12-12T07:25:04Z""}",Compute,Usage,Azure,,
EA-9876543210,platform-prod-sub,platform-prod-sub,owner_0001@company.com,a1b2c3d4-0001-0001-0001-000000000001,platform-prod-sub,rg-platform-dev,eastus,2025-12-18,Virtual Machines Standard_B2s - eastus,Virtual Machines,Standard_B2s Series,7190101e-d2ab-5a56-ad8e-83f7122f17e8,B2s,24.0,1 Hour,1.996832,0.084,0.083201,0.084,OnDemand,USD,Microsoft.Compute,/subscriptions/a1b2c3d4-0001-0001-0001-000000000001/resourceGroups/rg-platform-dev/providers/Microsoft.Compute/virtualMachines/vm-standard-b2s-10,vm-standard-b2s-10,"{""team"": ""platform"", ""environment"": ""dev"", ""costcenter"": ""CC100"", ""application"": ""platform-core"", ""business_unit"": ""engineering"", ""owner_email"": ""platform-owner@company.com"", ""support_group"": ""platform-operations"", ""workload_criticality"": ""low"", ""sla_tier"": ""bronze""}","{""ServiceType"": ""Standard"", ""VMName"": ""vm-standard-b2s-10"", ""vCPUs"": 2, ""cpuUtilPct"": 1.95, ""memoryUtilPct"": 2.1, ""diskUtilPct"": 2.3, ""idleHours"": 438, ""lastActivityAt"": ""2025-11-03T23:59:05Z""}",Compute,Usage,Azure,,
EA-9876543210,app-prod-sub,app-prod-sub,owner_0003@company.com,a1b2c3d4-0003-0003-0003-000000000003,app-prod-sub,rg-app-dev,eastus,2025-12-18,Virtual Machines Standard_B2s - eastus,Virtual Machines,Standard_B2s Series,7190101e-d2ab-5a56-ad8e-83f7122f17e8,B2s,24.0,1 Hour,2.016252,0.084,0.084011,0.084,OnDemand,USD,Microsoft.Compute,/subscriptions/a1b2c3d4-0003-0003-0003-000000000003/resourceGroups/rg-app-dev/providers/Microsoft.Compute/virtualMachines/vm-standard-b2s-11,vm-standard-b2s-11,{},"{""ServiceType"": ""Standard"", ""VMName"": ""vm-standard-b2s-11"", ""vCPUs"": 2, ""cpuUtilPct"": 3.9, ""memoryUtilPct"": 4.26, ""diskUtilPct"": 2.48, ""idleHours"": 597, ""lastActivityAt"": ""2025-11-06T13:36:39Z""}",Compute,Usage,Azure,,
EA-9876543210,platform-prod-sub,platform-prod-sub,owner_0001@company.com,a1b2c3d4-0001-0001-0001-000000000001,platform-prod-sub,rg-platform-prod,eastus,2025-12-18,Blob Storage - LRS - Hot - eastus,Storage,Blobs - LRS - Hot,fb8faed0-f377-5fb0-92b7-78035153a7fa,Data Stored,849.9518,1 GB/Month,0.511431,0.018,0.018,0.018,OnDemand,USD,Microsoft.Storage,/subscriptions/a1b2c3d4-0001-0001-0001-000000000001/resourceGroups/rg-platform-prod/providers/Microsoft.Storage/storageAccounts/stplatformassets,stplatformassets,"{""team"": ""platform"", ""environment"": ""prod"", ""costcenter"": ""CC100"", ""application"": ""platform-core"", ""business_unit"": ""engineering"", ""owner_email"": ""platform-owner@company.com"", ""support_group"": ""platform-operations"", ""workload_criticality"": ""mission_critical"", ""sla_tier"": ""platinum""}","{""AccountType"": ""LRS"", ""cpuUtilPct"": 0.0, ""memoryUtilPct"": 0.0, ""diskUtilPct"": 33.38, ""idleHours"": 3, ""lastActivityAt"": ""2025-12-16T11:08:17Z""}",Storage,Usage,Azure,,
EA-9876543210,data-eng-prod-sub,data-eng-prod-sub,owner_0002@company.com,a1b2c3d4-0002-0002-0002-000000000002,data-eng-prod-sub,rg-data-prod,westeurope,2025-12-18,Blob Storage - ZRS - Hot - westeurope,Storage,Blobs - ZRS - Hot,9dd9b051-b91d-533a-9f70-e4838eb241bb,Data Stored,3200.3726,1 GB/Month,2.45081,0.023,0.023,0.023,OnDemand,USD,Microsoft.Storage,/subscriptions/a1b2c3d4-0002-0002-0002-000000000002/resourceGroups/rg-data-prod/providers/Microsoft.Storage/storageAccounts/stdatalake,stdatalake,"{""team"": ""data-eng"", ""environment"": ""prod"", ""costcenter"": ""CC200"", ""application"": ""data-platform"", ""business_unit"": ""data"", ""owner_email"": ""data-eng-owner@company.com"", ""support_group"": ""data-platform-ops"", ""workload_criticality"": ""high"", ""sla_tier"": ""gold""}","{""AccountType"": ""ZRS"", ""cpuUtilPct"": 0.0, ""memoryUtilPct"": 0.0, ""diskUtilPct"": 57.83, ""idleHours"": 10, ""lastActivityAt"": ""2025-12-17T13:41:56Z""}",Storage,Usage,Azure,,
EA-9876543210,app-prod-sub,app-prod-sub,owner_0003@company.com,a1b2c3d4-0003-0003-0003-000000000003,app-prod-sub,rg-app-prod,southeastasia,2025-12-18,Blob Storage - LRS - Hot - southeastasia,Storage,Blobs - LRS - Hot,3ae72a36-b458-5b93-9e16-84484844594d,Data Stored,400.1861,1 GB/Month,0.240216,0.018,0.018,0.018,OnDemand,USD,Microsoft.Storage,/subscriptions/a1b2c3d4-0003-0003-0003-000000000003/resourceGroups/rg-app-prod/providers/Microsoft.Storage/storageAccounts/stappassets,stappassets,{},"{""AccountType"": ""LRS"", ""cpuUtilPct"": 0.0, ""memoryUtilPct"": 0.0, ""diskUtilPct"": 52.43, ""idleHours"": 15, ""lastActivityAt"": ""2025-12-16T17:53:58Z""}",Storage,Usage,Azure,,
EA-9876543210,data-eng-prod-sub,data-eng-prod-sub,owner_0002@company.com,a1b2c3d4-0002-0002-0002-000000000002,data-eng-prod-sub,rg-ml-prod,westeurope,2025-12-18,Blob Storage - LRS - Hot - westeurope,Storage,Blobs - LRS - Hot,4ba045d2-b571-568f-be23-884194c5daba,Data Stored,1099.5026,1 GB/Month,0.66086,0.018,0.018,0.018,OnDemand,USD,Microsoft.Storage,/subscriptions/a1b2c3d4-0002-0002-0002-000000000002/resourceGroups/rg-ml-prod/providers/Microsoft.Storage/storageAccounts/stmlmodels,stmlmodels,"{""team"": ""ml"", ""environment"": ""prod"", ""costcenter"": ""CC500"", ""application"": ""ml-platform"", ""business_unit"": ""ai"", ""owner_email"": ""ml-owner@company.com"", ""support_group"": ""ml-platform-sre"", ""workload_criticality"": ""high"", ""sla_tier"": ""gold""}","{""AccountType"": ""LRS"", ""cpuUtilPct"": 0.0, ""memoryUtilPct"": 0.0, ""diskUtilPct"": 58.17, ""idleHours"": 4, ""lastActivityAt"": ""2025-12-16T23:45:13Z""}",Storage,Usage,Azure,,
EA-9876543210,platform-prod-sub,platform-prod-sub,owner_0001@company.com,a1b2c3d4-0001-0001-0001-000000000001,platform-prod-sub,rg-platform-prod,eastus,2025-12-18,Azure SQL Database Standard_S2 - eastus,SQL Database,Standard_S2,cd1e0b9a-8ff0-5779-9281-87ab698e2916,vCore Hours,24.0,1 Hour,7.395483,0.31,0.31,0.31,OnDemand,USD,Microsoft.Sql,/subscriptions/a1b2c3d4-0001-0001-0001-000000000001/resourceGroups/rg-platform-prod/providers/Microsoft.Sql/servers/databases/sqldb-standard-0001,sqldb-standard-0001,"{""team"": ""platform"", ""environment"": ""prod"", ""costcenter"": ""CC100"", ""application"": ""platform-core"", ""business_unit"": ""engineering"", ""owner_email"": ""platform-owner@company.com"", ""support_group"": ""platform-operations"", ""workload_criticality"": ""mission_critical"", ""sla_tier"": ""platinum""}","{""cpuUtilPct"": 46.58, ""memoryUtilPct"": 50.71, ""diskUtilPct"": 34.76, ""idleHours"": 16, ""lastActivityAt"": ""2025-12-17T08:52:27Z""}",Databases,Usage,Azure,,
EA-9876543210,data-eng-prod-sub,data-eng-prod-sub,owner_0002@company.com,a1b2c3d4-0002-0002-0002-000000000002,data-eng-prod-sub,rg-data-prod,westeurope,2025-12-18,Azure SQL Database Business Critical_BC_Gen5_4 - westeurope,SQL Database,Business Critical_BC_Gen5_4,4bab5ab0-7291-58c2-8564-3252f5053179,vCore Hours,24.0,1 Hour,52.879218,2.2,2.2,2.2,OnDemand,USD,Microsoft.Sql,/subscriptions/a1b2c3d4-0002-0002-0002-000000000002/resourceGroups/rg-data-prod/providers/Microsoft.Sql/servers/databases/sqldb-business critical-0002,sqldb-business critical-0002,"{""team"": ""data-eng"", ""environment"": ""prod"", ""costcenter"": ""CC200"", ""application"": ""data-platform"", ""business_unit"": ""data"", ""owner_email"": ""data-eng-owner@company.com"", ""support_group"": ""data-platform-ops"", ""workload_criticality"": ""high"", ""sla_tier"": ""gold""}","{""cpuUtilPct"": 38.11, ""memoryUtilPct"": 43.64, ""diskUtilPct"": 25.24, ""idleHours"": 42, ""lastActivityAt"": ""2025-12-15T16:45:10Z""}",Databases,Usage,Azure,,
EA-9876543210,app-prod-sub,app-prod-sub,owner_0003@company.com,a1b2c3d4-0003-0003-0003-000000000003,app-prod-sub,rg-app-prod,eastus,2025-12-18,Azure SQL Database General Purpose_GP_Gen5_2 - eastus,SQL Database,General Purpose_GP_Gen5_2,69e0198c-4ca3-5ac2-8540-db65f6d44c56,vCore Hours,24.0,1 Hour,14.542562,0.6,0.6,0.6,OnDemand,USD,Microsoft.Sql,/subscriptions/a1b2c3d4-0003-0003-0003-000000000003/resourceGroups/rg-app-prod/providers/Microsoft.Sql/servers/databases/sqldb-general purpose-0003,sqldb-general purpose-0003,"{""team"": ""backend"", ""environment"": ""prod"", ""costcenter"": ""CC400"", ""application"": ""core-api"", ""business_unit"": ""product"", ""owner_email"": ""backend-owner@company.com"", ""support_group"": ""api-operations"", ""workload_criticality"": ""high"", ""sla_tier"": ""gold""}","{""cpuUtilPct"": 32.16, ""memoryUtilPct"": 51.66, ""diskUtilPct"": 31.91, ""idleHours"": 36, ""lastActivityAt"": ""2025-12-15T15:10:26Z""}",Databases,Usage,Azure,,
EA-9876543210,shared-infra-sub,shared-infra-sub,owner_infra@company.com,a1b2c3d4-9999-9999-9999-000000000099,shared-infra-sub,rg-shared-infra,eastus,2025-12-18,Azure Monitor,Monitor,Data Ingested,aadff281-e00d-588e-bd69-a4630325bd50,Data Ingested,1000.0,1 Unit,44.657101,0.045,0.045,0.045,OnDemand,USD,Microsoft.SharedInfra,/subscriptions/a1b2c3d4-9999-9999-9999-000000000099/resourceGroups/rg-shared-infra/providers/Microsoft.SharedInfra/Monitor/monitor,monitor,{},"{""cpuUtilPct"": 2.31, ""memoryUtilPct"": 6.45, ""diskUtilPct"": 5.85, ""idleHours"": 530, ""lastActivityAt"": ""2025-11-17T20:14:50Z""}",Management,Usage,Azure,,
EA-9876543210,shared-infra-sub,shared-infra-sub,owner_infra@company.com,a1b2c3d4-9999-9999-9999-000000000099,shared-infra-sub,rg-shared-infra,eastus,2025-12-18,Virtual Network,Networking,Intra-Region,cc2ca1a8-2d13-5873-b301-4b8ed16ed2c0,Intra-Region,622.22,1 Unit,28.109942,0.045,0.045,0.045,OnDemand,USD,Microsoft.SharedInfra,/subscriptions/a1b2c3d4-9999-9999-9999-000000000099/resourceGroups/rg-shared-infra/providers/Microsoft.SharedInfra/Networking/networking,networking,{},"{""cpuUtilPct"": 2.17, ""memoryUtilPct"": 4.17, ""diskUtilPct"": 7.98, ""idleHours"": 633, ""lastActivityAt"": ""2025-11-09T02:13:33Z""}",Networking,Usage,Azure,,
EA-9876543210,shared-infra-sub,shared-infra-sub,owner_infra@company.com,a1b2c3d4-9999-9999-9999-000000000099,shared-infra-sub,rg-shared-infra,eastus,2025-12-18,API Management,API Management,Gateway Units,78998862-331b-5215-a4b4-8d4500189f89,Gateway Units,2666.67,1 Unit,118.970463,0.045,0.045,0.045,OnDemand,USD,Microsoft.SharedInfra,/subscriptions/a1b2c3d4-9999-9999-9999-000000000099/resourceGroups/rg-shared-infra/providers/Microsoft.SharedInfra/API Management/api-management,api-management,{},"{""cpuUtilPct"": 2.19, ""memoryUtilPct"": 8.94, ""diskUtilPct"": 3.16, ""idleHours"": 417, ""lastActivityAt"": ""2025-11-26T23:42:12Z""}",Integration,Usage,Azure,,
EA-9876543210,shared-infra-sub,shared-infra-sub,owner_infra@company.com,a1b2c3d4-9999-9999-9999-000000000099,shared-infra-sub,rg-shared-infra,eastus,2025-12-18,Azure Key Vault,Key Vault,Operations,3cb0172e-6732-5350-b439-97753364a78c,Operations,177.78,1 Unit,8.011342,0.045,0.045,0.045,OnDemand,USD,Microsoft.SharedInfra,/subscriptions/a1b2c3d4-9999-9999-9999-000000000099/resourceGroups/rg-shared-infra/providers/Microsoft.SharedInfra/Key Vault/key-vault,key-vault,{},"{""cpuUtilPct"": 3.33, ""memoryUtilPct"": 2.39, ""diskUtilPct"": 7.75, ""idleHours"": 314, ""lastActivityAt"": ""2025-11-23T10:54:25Z""}",Security,Usage,Azure,,
EA-9876543210,shared-infra-sub,shared-infra-sub,owner_infra@company.com,a1b2c3d4-9999-9999-9999-000000000099,shared-infra-sub,rg-shared-infra,eastus,2025-12-18,Azure Blob Storage,Storage,Data Stored,2e8ee991-b3b7-5136-98e5-4772405cdb0c,Data Stored,400.0,1 Unit,17.966485,0.045,0.045,0.045,OnDemand,USD,Microsoft.SharedInfra,/subscriptions/a1b2c3d4-9999-9999-9999-000000000099/resourceGroups/rg-shared-infra/providers/Microsoft.SharedInfra/Storage/storage,storage,{},"{""cpuUtilPct"": 1.38, ""memoryUtilPct"": 4.29, ""diskUtilPct"": 6.37, ""idleHours"": 659, ""lastActivityAt"": ""2025-11-19T20:50:17Z""}",Storage,Usage,Azure,,
EA-9876543210,platform-prod-sub,platform-prod-sub,owner_0001@company.com,a1b2c3d4-0001-0001-0001-000000000001,platform-prod-sub,rg-platform-prod,eastus,2025-12-19,Virtual Machines Standard_D2s_v3 - eastus,Virtual Machines,Standard_D2s_v3 Series,bbc4f1e6-b32a-5f02-86f0-702bf6097b8b,D2s v3,24.0,1 Hour,4.069509,0.168,0.169563,0.168,OnDemand,USD,Microsoft.Compute,/subscriptions/a1b2c3d4-0001-0001-0001-000000000001/resourceGroups/rg-platform-prod/providers/Microsoft.Compute/virtualMachines/vm-standard-d2s-v3-00,vm-standard-d2s-v3-00,"{""team"": ""platform"", ""environment"": ""prod"", ""costcenter"": ""CC100"", ""application"": ""platform-core"", ""business_unit"": ""engineering"", ""owner_email"": ""platform-owner@company.com"", ""support_group"": ""platform-operations"", ""workload_criticality"": ""mission_critical"", ""sla_tier"": ""platinum""}","{""ServiceType"": ""Standard"", ""VMName"": ""vm-standard-d2s-v3-00"", ""vCPUs"": 2, ""cpuUtilPct"": 47.65, ""memoryUtilPct"": 48.01, ""diskUtilPct"": 25.48, ""idleHours"": 7, ""lastActivityAt"": ""2025-12-16T11:28:49Z""}",Compute,Usage,Azure,,
EA-9876543210,platform-prod-sub,platform-prod-sub,owner_0001@company.com,a1b2c3d4-0001-0001-0001-000000000001,platform-prod-sub,rg-platform-prod,eastus,2025-12-19,Virtual Machines Standard_D2s_v3 - eastus,Virtual Machines,Standard_D2s_v3 Series,bbc4f1e6-b32a-5f02-86f0-702bf6097b8b,D2s v3,24.0,1 Hour,4.06642,0.168,0.169434,0.168,OnDemand,USD,Microsoft.Compute,/subscriptions/a1b2c3d4-0001-0001-0001-000000000001/resourceGroups/rg-platform-prod/providers/Microsoft.Compute/virtualMachines/vm-standard-d2s-v3-01,vm-standard-d2s-v3-01,"{""team"": ""platform"", ""environment"": ""prod"", ""costcenter"": ""CC100"", ""application"": ""platform-core"", ""business_unit"": ""engineering"", ""owner_email"": ""platform-owner@company.com"", ""support_group"": ""platform-operations"", ""workload_criticality"": ""mission_critical"", ""sla_tier"": ""platinum""}","{""ServiceType"": ""Standard"", ""VMName"": ""vm-standard-d2s-v3-01"", ""vCPUs"": 2, ""cpuUtilPct"": 44.2, ""memoryUtilPct"": 46.99, ""diskUtilPct"": 50.18, ""idleHours"": 5, ""lastActivityAt"": ""2025-12-18T17:24:26Z""}",Compute,Usage,Azure,,
EA-9876543210,app-prod-sub,app-prod-sub,owner_0003@company.com,a1b2c3d4-0003-0003-0003-000000000003,app-prod-sub,rg-app-prod,eastus,2025-12-19,Virtual Machines Standard_D4s_v3 - eastus,Virtual Machines,Standard_D4s_v3 Series,6c8e1236-a3aa-53d7-8e09-dadb98f69027,D4s v3,24.0,1 Hour,8.040475,0.336,0.33502,0.336,OnDemand,USD,Microsoft.Compute,/subscriptions/a1b2c3d4-0003-0003-0003-000000000003/resourceGroups/rg-app-prod/providers/Microsoft.Compute/virtualMachines/vm-standard-d4s-v3-02,vm-standard-d4s-v3-02,"{""team"": ""backend"", ""environment"": ""prod"", ""costcenter"": ""CC400"", ""application"": ""core-api"", ""business_unit"": ""product"", ""owner_email"": ""backend-owner@company.com"", ""support_group"": ""api-operations"", ""workload_criticality"": ""high"", ""sla_tier"": ""gold""}","{""ServiceType"": ""Standard"", ""VMName"": ""vm-standard-d4s-v3-02"", ""vCPUs"": 4, ""cpuUtilPct"": 28.36, ""memoryUtilPct"": 34.31, ""diskUtilPct"": 23.45, ""idleHours"": 27, ""lastActivityAt"": ""2025-12-16T21:26:58Z""}",Compute,Usage,Azure,,
EA-9876543210,data-eng-prod-sub,data-eng-prod-sub,owner_0002@company.com,a1b2c3d4-0002-0002-0002-000000000002,data-eng-prod-sub,rg-data-prod,westeurope,2025-12-19,Virtual Machines Standard_E4s_v3 - westeurope,Virtual Machines,Standard_E4s_v3 Series,7373fa15-5d45-5d30-a83f-72064e156f94,E4s v3,24.0,1 Hour,6.039196,0.364,0.251633,0.364,Reservation,USD,Microsoft.Compute,/subscriptions/a1b2c3d4-0002-0002-0002-000000000002/resourceGroups/rg-data-prod/providers/Microsoft.Compute/virtualMachines/vm-standard-e4s-v3-03,vm-standard-e4s-v3-03,"{""team"": ""data-eng"", ""environment"": ""prod"", ""costcenter"": ""CC200"", ""application"": ""data-platform"", ""business_unit"": ""data"", ""owner_email"": ""data-eng-owner@company.com"", ""support_group"": ""data-platform-ops"", ""workload_criticality"": ""high"", ""sla_tier"": ""gold""}","{""ServiceType"": ""Standard"", ""VMName"": ""vm-standard-e4s-v3-03"", ""vCPUs"": 4, ""cpuUtilPct"": 41.7, ""memoryUtilPct"": 42.76, ""diskUtilPct"": 18.01, ""idleHours"": 37, ""lastActivityAt"": ""2025-12-14T21:20:16Z""}",Compute,Usage,Azure,/providers/Microsoft.BillingBenefits/savingsPlanOrders/dd6b2476-acfb-412f-a587-0d1497ccb310,Reserved VM Instance_westeurope_1Year
EA-9876543210,data-eng-prod-sub,data-eng-prod-sub,owner_0002@company.com,a1b2c3d4-0002-0002-0002-000000000002,data-eng-prod-sub,rg-ml-prod,westeurope,2025-12-19,Virtual Machines Standard_F4s_v2 - westeurope,Virtual Machines,Standard_F4s_v2 Series,303bf71a-6d52-56d9-8e75-95552aa01c86,F4s v2,24.0,1 Hour,6.024176,0.252,0.251007,0.252,OnDemand,USD,Microsoft.Compute,/subscriptions/a1b2c3d4-0002-0002-0002-000000000002/resourceGroups/rg-ml-prod/providers/Microsoft.Compute/virtualMachines/vm-standard-f4s-v2-05,vm-standard-f4s-v2-05,{},"{""ServiceType"": ""Standard"", ""VMName"": ""vm-standard-f4s-v2-05"", ""vCPUs"": 4, ""cpuUtilPct"": 40.02, ""memoryUtilPct"": 51.35, ""diskUtilPct"": 20.98, ""idleHours"": 16, ""lastActivityAt"": ""2025-12-15T23:39:44Z""}",Compute,Usage,Azure,,
EA-9876543210,data-eng-prod-sub,data-eng-prod-sub,owner_0002@company.com,a1b2c3d4-0002-0002-0002-000000000002,data-eng-prod-sub,rg-ml-prod,westeurope,2025-12-19,Virtual Machines Standard_D8s_v3 - westeurope,Virtual Machines,Standard_D8s_v3 Series,348575ff-7ae0-57e5-896e-037d67179117,D8s v3,24.0,1 Hour,10.878859,0.672,0.453286,0.672,Reservation,USD,Microsoft.Compute,/subscriptions/a1b2c3d4-0002-0002-0002-000000000002/resourceGroups/rg-ml-prod/providers/Microsoft.Compute/virtualMachines/vm-standard-d8s-v3-06,vm-standard-d8s-v3-06,"{""team"": ""ml"", ""environment"": ""prod"", ""costcenter"": ""CC500"", ""application"": ""ml-platform"", ""business_unit"": ""ai"", ""owner_email"": ""ml-owner@company.com"", ""support_group"": ""ml-platform-sre"", ""workload_criticality"": ""high"", ""sla_tier"": ""gold""}","{""ServiceType"": ""Standard"", ""VMName"": ""vm-standard-d8s-v3-06"", ""vCPUs"": 8, ""cpuUtilPct"": 22.85, ""memoryUtilPct"": 37.89, ""diskUtilPct"": 22.6, ""idleHours"": 23, ""lastActivityAt"": ""2025-12-15T02:03:18Z""}",Compute,Usage,Azure,/providers/Microsoft.BillingBenefits/savingsPlanOrders/62df56bf-a8e7-4d32-8775-f614fcdf6bc2,Reserved VM Instance_westeurope_1Year
EA-9876543210,app-prod-sub,app-prod-sub,owner_0003@company.com,a1b2c3d4-0003-0003-0003-000000000003,app-prod-sub,rg-app-prod,southeastasia,2025-12-19,Virtual Machines Standard_B2s - southeastasia,Virtual Machines,Standard_B2s Series,78a50003-6630-5ba4-aad2-c10f0de71d3b,B2s,24.0,1 Hour,2.010107,0.084,0.083754,0.084,OnDemand,USD,Microsoft.Compute,/subscriptions/a1b2c3d4-0003-0003-0003-000000000003/resourceGroups/rg-app-prod/providers/Microsoft.Compute/virtualMachines/vm-standard-b2s-07,vm-standard-b2s-07,"{""team"": ""frontend"", ""environment"": ""prod"", ""costcenter"": ""CC300"", ""application"": ""customer-web"", ""business_unit"": ""product"", ""owner_email"": ""frontend-owner@company.com"", ""support_group"": ""customer-experience-support"", ""workload_criticality"": ""high"", ""sla_tier"": ""gold""}","{""ServiceType"": ""Standard"", ""VMName"": ""vm-standard-b2s-07"", ""vCPUs"": 2, ""cpuUtilPct"": 41.76, ""memoryUtilPct"": 32.41, ""diskUtilPct"": 37.93, ""idleHours"": 59, ""lastActivityAt"": ""2025-12-16T19:46:16Z""}",Compute,Usage,Azure,,
EA-9876543210,app-prod-sub,app-prod-sub,owner_0003@company.com,a1b2c3d4-0003-0003-0003-000000000003,app-prod-sub,rg-app-staging,southeastasia,2025-12-19,Virtual Machines Standard_B2s - southeastasia,Virtual Machines,Standard_B2s Series,78a50003-6630-5ba4-aad2-c10f0de71d3b,B2s,24.0,1 Hour,1.525964,0.084,0.063582,0.084,SavingsPlan,USD,Microsoft.Compute,/subscriptions/a1b2c3d4-0003-0003-0003-000000000003/resourceGroups/rg-app-staging/providers/Microsoft.Compute/virtualMachines/vm-standard-b2s-08,vm-standard-b2s-08,"{""team"": ""frontend"", ""environment"": ""staging"", ""costcenter"": ""CC300"", ""application"": ""customer-web"", ""business_unit"": ""product"", ""owner_email"": ""frontend-owner@company.com"", ""support_group"": ""customer-experience-support"", ""workload_criticality"": ""medium"", ""sla_tier"": ""silver""}","{""ServiceType"": ""Standard"", ""VMName"": ""vm-standard-b2s-08"", ""vCPUs"": 2, ""cpuUtilPct"": 9.39, ""memoryUtilPct"": 23.35, ""diskUtilPct"": 13.25, ""idleHours"": 213, ""lastActivityAt"": ""2025-12-15T10:03:22Z""}",Compute,Usage,Azure,/providers/Microsoft.BillingBenefits/savingsPlanOrders/5048b74e-789a-4a7a-b0d8-832db7e34242,Compute savings plan_1Year
EA-9876543210,app-prod-sub,app-prod-sub,owner_0003@company.com,a1b2c3d4-0003-0003-0003-000000000003,app-prod-sub,rg-app-staging,eastus,2025-12-19,Virtual Machines Standard_D2s_v3 - eastus,Virtual Machines,Standard_D2s_v3 Series,bbc4f1e6-b32a-5f02-86f0-702bf6097b8b,D2s v3,24.0,1 Hour,4.015962,0.168,0.167332,0.168,OnDemand,USD,Microsoft.Compute,/subscriptions/a1b2c3d4-0003-0003-0003-000000000003/resourceGroups/rg-app-staging/providers/Microsoft.Compute/virtualMachines/vm-standard-d2s-v3-09,vm-standard-d2s-v3-09,"{""team"": ""backend"", ""environment"": ""staging"", ""costcenter"": ""CC400"", ""application"": ""core-api"", ""business_unit"": ""product"", ""owner_email"": ""backend-owner@company.com"", ""support_group"": ""api-operations"", ""workload_criticality"": ""medium"", ""sla_tier"": ""silver""}","{""ServiceType"": ""Standard"", ""VMName"": ""vm-standard-d2s-v3-09"", ""vCPUs"": 2, ""cpuUtilPct"": 7.37, ""memoryUtilPct"": 15.23, ""diskUtilPct"": 18.54, ""idleHours"": 157, ""lastActivityAt"": ""2025-12-08T06:01:48Z""}",Compute,Usage,Azure,,
EA-9876543210,platform-prod-sub,platform-prod-sub,owner_0001@company.com,a1b2c3d4-0001-0001-0001-000000000001,platform-prod-sub,rg-platform-dev,eastus,2025-12-19,Virtual Machines Standard_B2s - eastus,Virtual Machines,Standard_B2s Series,7190101e-d2ab-5a56-ad8e-83f7122f17e8,B2s,24.0,1 Hour,2.028516,0.084,0.084522,0.084,OnDemand,USD,Microsoft.Compute,/subscriptions/a1b2c3d4-0001-0001-0001-000000000001/resourceGroups/rg-platform-dev/providers/Microsoft.Compute/virtualMachines/vm-standard-b2s-10,vm-standard-b2s-10,{},"{""ServiceType"": ""Standard"", ""VMName"": ""vm-standard-b2s-10"", ""vCPUs"": 2, ""cpuUtilPct"": 2.56, ""memoryUtilPct"": 8.43, ""diskUtilPct"": 7.33, ""idleHours"": 690, ""lastActivityAt"": ""2025-11-13T01:41:08Z""}",Compute,Usage,Azure,,
EA-9876543210,app-prod-sub,app-prod-sub,owner_0003@company.com,a1b2c3d4-0003-0003-0003-000000000003,app-prod-sub,rg-app-dev,eastus,2025-12-19,Virtual Machines Standard_B2s - eastus,Virtual Machines,Standard_B2s Series,7190101e-d2ab-5a56-ad8e-83f7122f17e8,B2s,24.0,1 Hour,2.018538,0.084,0.084106,0.084,OnDemand,USD,Microsoft.Compute,/subscriptions/a1b2c3d4-0003-0003-0003-000000000003/resourceGroups/rg-app-dev/providers/Microsoft.Compute/virtualMachines/vm-standard-b2s-11,vm-standard-b2s-11,{},"{""ServiceType"": ""Standard"", ""VMName"": ""vm-standard-b2s-11"", ""vCPUs"": 2, ""cpuUtilPct"": 2.54, ""memoryUtilPct"": 9.47, ""diskUtilPct"": 7.22, ""idleHours"": 615, ""lastActivityAt"": ""2025-11-22T05:19:49Z""}",Compute,Usage,Azure,,
EA-9876543210,platform-prod-sub,platform-prod-sub,owner_0001@company.com,a1b2c3d4-0001-0001-0001-000000000001,platform-prod-sub,rg-platform-prod,eastus,2025-12-19,Blob Storage - LRS - Hot - eastus,Storage,Blobs - LRS - Hot,fb8faed0-f377-5fb0-92b7-78035153a7fa,Data Stored,849.9973,1 GB/Month,0.510513,0.018,0.018,0.018,OnDemand,USD,Microsoft.Storage,/subscriptions/a1b2c3d4-0001-0001-0001-000000000001/resourceGroups/rg-platform-prod/providers/Microsoft.Storage/storageAccounts/stplatformassets,stplatformassets,"{""team"": ""platform"", ""environment"": ""prod"", ""costcenter"": ""CC100"", ""application"": ""platform-core"", ""business_unit"": ""engineering"", ""owner_email"": ""platform-owner@company.com"", ""support_group"": ""platform-operations"", ""workload_criticality"": ""mission_critical"", ""sla_tier"": ""platinum""}","{""AccountType"": ""LRS"", ""cpuUtilPct"": 0.0, ""memoryUtilPct"": 0.0, ""diskUtilPct"": 32.41, ""idleHours"": 0, ""lastActivityAt"": ""2025-12-17T18:47:38Z""}",Storage,Usage,Azure,,
EA-9876543210,data-eng-prod-sub,data-eng-prod-sub,owner_0002@company.com,a1b2c3d4-0002-0002-0002-000000000002,data-eng-prod-sub,rg-data-prod,westeurope,2025-12-19,Blob Storage - ZRS - Hot - westeurope,Storage,Blobs - ZRS - Hot,9dd9b051-b91d-533a-9f70-e4838eb241bb,Data Stored,3197.5807,1 GB/Month,2.447838,0.023,0.023,0.023,OnDemand,USD,Microsoft.Storage,/subscriptions/a1b2c3d4-0002-0002-0002-000000000002/resourceGroups/rg-data-prod/providers/Microsoft.Storage/storageAccounts/stdatalake,stdatalake,"{""team"": ""data-eng"", ""environment"": ""prod"", ""costcenter"": ""CC200"", ""application"": ""data-platform"", ""business_unit"": ""data"", ""owner_email"": ""data-eng-owner@company.com"", ""support_group"": ""data-platform-ops"", ""workload_criticality"": ""high"", ""sla_tier"": ""gold""}","{""AccountType"": ""ZRS"", ""cpuUtilPct"": 0.0, ""memoryUtilPct"": 0.0, ""diskUtilPct"": 37.38, ""idleHours"": 8, ""lastActivityAt"": ""2025-12-17T12:03:52Z""}",Storage,Usage,Azure,,
EA-9876543210,app-prod-sub,app-prod-sub,owner_0003@company.com,a1b2c3d4-0003-0003-0003-000000000003,app-prod-sub,rg-app-prod,southeastasia,2025-12-19,Blob Storage - LRS - Hot - southeastasia,Storage,Blobs - LRS - Hot,3ae72a36-b458-5b93-9e16-84484844594d,Data Stored,399.8966,1 GB/Month,0.240094,0.018,0.018,0.018,OnDemand,USD,Microsoft.Storage,/subscriptions/a1b2c3d4-0003-0003-0003-000000000003/resourceGroups/rg-app-prod/providers/Microsoft.Storage/storageAccounts/stappassets,stappassets,{},"{""AccountType"": ""LRS"", ""cpuUtilPct"": 0.0, ""memoryUtilPct"": 0.0, ""diskUtilPct"": 50.83, ""idleHours"": 22, ""lastActivityAt"": ""2025-12-18T04:02:02Z""}",Storage,Usage,Azure,,
EA-9876543210,data-eng-prod-sub,data-eng-prod-sub,owner_0002@company.com,a1b2c3d4-0002-0002-0002-000000000002,data-eng-prod-sub,rg-ml-prod,westeurope,2025-12-19,Blob Storage - LRS - Hot - westeurope,Storage,Blobs - LRS - Hot,4ba045d2-b571-568f-be23-884194c5daba,Data Stored,1100.9178,1 GB/Month,0.658062,0.018,0.018,0.018,OnDemand,USD,Microsoft.Storage,/subscriptions/a1b2c3d4-0002-0002-0002-000000000002/resourceGroups/rg-ml-prod/providers/Microsoft.Storage/storageAccounts/stmlmodels,stmlmodels,"{""team"": ""ml"", ""environment"": ""prod"", ""costcenter"": ""CC500"", ""application"": ""ml-platform"", ""business_unit"": ""ai"", ""owner_email"": ""ml-owner@company.com"", ""support_group"": ""ml-platform-sre"", ""workload_criticality"": ""high"", ""sla_tier"": ""gold""}","{""AccountType"": ""LRS"", ""cpuUtilPct"": 0.0, ""memoryUtilPct"": 0.0, ""diskUtilPct"": 30.7, ""idleHours"": 2, ""lastActivityAt"": ""2025-12-17T04:35:48Z""}",Storage,Usage,Azure,,
EA-9876543210,platform-prod-sub,platform-prod-sub,owner_0001@company.com,a1b2c3d4-0001-0001-0001-000000000001,platform-prod-sub,rg-platform-prod,eastus,2025-12-19,Azure SQL Database Standard_S2 - eastus,SQL Database,Standard_S2,cd1e0b9a-8ff0-5779-9281-87ab698e2916,vCore Hours,24.0,1 Hour,7.450892,0.31,0.31,0.31,OnDemand,USD,Microsoft.Sql,/subscriptions/a1b2c3d4-0001-0001-0001-000000000001/resourceGroups/rg-platform-prod/providers/Microsoft.Sql/servers/databases/sqldb-standard-0001,sqldb-standard-0001,{},"{""cpuUtilPct"": 47.1, ""memoryUtilPct"": 41.26, ""diskUtilPct"": 43.67, ""idleHours"": 2, ""lastActivityAt"": ""2025-12-17T00:48:10Z""}",Databases,Usage,Azure,,
EA-9876543210,data-eng-prod-sub,data-eng-prod-sub,owner_0002@company.com,a1b2c3d4-0002-0002-0002-000000000002,data-eng-prod-sub,rg-data-prod,westeurope,2025-12-19,Azure SQL Database Business Critical_BC_Gen5_4 - westeurope,SQL Database,Business Critical_BC_Gen5_4,4bab5ab0-7291-58c2-8564-3252f5053179,vCore Hours,24.0,1 Hour,52.947262,2.2,2.2,2.2,OnDemand,USD,Microsoft.Sql,/subscriptions/a1b2c3d4-0002-0002-0002-000000000002/resourceGroups/rg-data-prod/providers/Microsoft.Sql/servers/databases/sqldb-business critical-0002,sqldb-business critical-0002,"{""team"": ""data-eng"", ""environment"": ""prod"", ""costcenter"": ""CC200"", ""application"": ""data-platform"", ""business_unit"": ""data"", ""owner_email"": ""data-eng-owner@company.com"", ""support_group"": ""data-platform-ops"", ""workload_criticality"": ""high"", ""sla_tier"": ""gold""}","{""cpuUtilPct"": 27.41, ""memoryUtilPct"": 49.46, ""diskUtilPct"": 36.66, ""idleHours"": 42, ""lastActivityAt"": ""2025-12-15T22:36:06Z""}",Databases,Usage,Azure,,
EA-9876543210,app-prod-sub,app-prod-sub,owner_0003@company.com,a1b2c3d4-0003-0003-0003-000000000003,app-prod-sub,rg-app-prod,eastus,2025-12-19,Azure SQL Database General Purpose_GP_Gen5_2 - eastus,SQL Database,General Purpose_GP_Gen5_2,69e0198c-4ca3-5ac2-8540-db65f6d44c56,vCore Hours,24.0,1 Hour,14.474127,0.6,0.6,0.6,OnDemand,USD,Microsoft.Sql,/subscriptions/a1b2c3d4-0003-0003-0003-000000000003/resourceGroups/rg-app-prod/providers/Microsoft.Sql/servers/databases/sqldb-general purpose-0003,sqldb-general purpose-0003,"{""team"": ""backend"", ""environment"": ""prod"", ""costcenter"": ""CC400"", ""application"": ""core-api"", ""business_unit"": ""product"", ""owner_email"": ""backend-owner@company.com"", ""support_group"": ""api-operations"", ""workload_criticality"": ""high"", ""sla_tier"": ""gold""}","{""cpuUtilPct"": 35.04, ""memoryUtilPct"": 36.08, ""diskUtilPct"": 22.3, ""idleHours"": 31, ""lastActivityAt"": ""2025-12-16T23:17:24Z""}",Databases,Usage,Azure,,
EA-9876543210,shared-infra-sub,shared-infra-sub,owner_infra@company.com,a1b2c3d4-9999-9999-9999-000000000099,shared-infra-sub,rg-shared-infra,eastus,2025-12-19,Azure Monitor,Monitor,Data Ingested,aadff281-e00d-588e-bd69-a4630325bd50,Data Ingested,1000.0,1 Unit,44.612065,0.045,0.045,0.045,OnDemand,USD,Microsoft.SharedInfra,/subscriptions/a1b2c3d4-9999-9999-9999-000000000099/resourceGroups/rg-shared-infra/providers/Microsoft.SharedInfra/Monitor/monitor,monitor,{},"{""cpuUtilPct"": 4.31, ""memoryUtilPct"": 7.89, ""diskUtilPct"": 2.41, ""idleHours"": 509, ""lastActivityAt"": ""2025-11-13T22:18:38Z""}",Management,Usage,Azure,,
EA-9876543210,shared-infra-sub,shared-infra-sub,owner_infra@company.com,a1b2c3d4-9999-9999-9999-000000000099,shared-infra-sub,rg-shared-infra,eastus,2025-12-19,Virtual Network,Networking,Intra-Region,cc2ca1a8-2d13-5873-b301-4b8ed16ed2c0,Intra-Region,622.22,1 Unit,28.238823,0.045,0.045,0.045,OnDemand,USD,Microsoft.SharedInfra,/subscriptions/a1b2c3d4-9999-9999-9999-000000000099/resourceGroups/rg-shared-infra/providers/Microsoft.SharedInfra/Networking/networking,networking,{},"{""cpuUtilPct"": 2.75, ""memoryUtilPct"": 7.39, ""diskUtilPct"": 6.04, ""idleHours"": 483, ""lastActivityAt"": ""2025-11-30T06:38:05Z""}",Networking,Usage,Azure,,
EA-9876543210,shared-infra-sub,shared-infra-sub,owner_infra@company.com,a1b2c3d4-9999-9999-9999-000000000099,shared-infra-sub,rg-shared-infra,eastus,2025-12-19,API Management,API Management,Gateway Units,78998862-331b-5215-a4b4-8d4500189f89,Gateway Units,2666.67,1 Unit,119.993815,0.045,0.045,0.045,OnDemand,USD,Microsoft.SharedInfra,/subscriptions/a1b2c3d4-9999-9999-9999-000000000099/resourceGroups/rg-shared-infra/providers/Microsoft.SharedInfra/API Management/api-management,api-management,{},"{""cpuUtilPct"": 3.29, ""memoryUtilPct"": 2.68, ""diskUtilPct"": 3.13, ""idleHours"": 377, ""lastActivityAt"": ""2025-11-05T21:31:46Z""}",Integration,Usage,Azure,,
EA-9876543210,shared-infra-sub,shared-infra-sub,owner_infra@company.com,a1b2c3d4-9999-9999-9999-000000000099,shared-infra-sub,rg-shared-infra,eastus,2025-12-19,Azure Key Vault,Key Vault,Operations,3cb0172e-6732-5350-b439-97753364a78c,Operations,177.78,1 Unit,8.065943,0.045,0.045,0.045,OnDemand,USD,Microsoft.SharedInfra,/subscriptions/a1b2c3d4-9999-9999-9999-000000000099/resourceGroups/rg-shared-infra/providers/Microsoft.SharedInfra/Key Vault/key-vault,key-vault,{},"{""cpuUtilPct"": 2.78, ""memoryUtilPct"": 6.6, ""diskUtilPct"": 2.66, ""idleHours"": 520, ""lastActivityAt"": ""2025-11-11T20:35:55Z""}",Security,Usage,Azure,,
EA-9876543210,shared-infra-sub,shared-infra-sub,owner_infra@company.com,a1b2c3d4-9999-9999-9999-000000000099,shared-infra-sub,rg-shared-infra,eastus,2025-12-19,Azure Blob Storage,Storage,Data Stored,2e8ee991-b3b7-5136-98e5-4772405cdb0c,Data Stored,400.0,1 Unit,17.943832,0.045,0.045,0.045,OnDemand,USD,Microsoft.SharedInfra,/subscriptions/a1b2c3d4-9999-9999-9999-000000000099/resourceGroups/rg-shared-infra/providers/Microsoft.SharedInfra/Storage/storage,storage,{},"{""cpuUtilPct"": 3.71, ""memoryUtilPct"": 5.58, ""diskUtilPct"": 4.12, ""idleHours"": 608, ""lastActivityAt"": ""2025-11-15T13:10:46Z""}",Storage,Usage,Azure,,
EA-9876543210,platform-prod-sub,platform-prod-sub,owner_0001@company.com,a1b2c3d4-0001-0001-0001-000000000001,platform-prod-sub,rg-platform-prod,eastus,2025-12-20,Virtual Machines Standard_D2s_v3 - eastus,Virtual Machines,Standard_D2s_v3 Series,bbc4f1e6-b32a-5f02-86f0-702bf6097b8b,D2s v3,24.0,1 Hour,4.03118,0.168,0.167966,0.168,OnDemand,USD,Microsoft.Compute,/subscriptions/a1b2c3d4-0001-0001-0001-000000000001/resourceGroups/rg-platform-prod/providers/Microsoft.Compute/virtualMachines/vm-standard-d2s-v3-00,vm-standard-d2s-v3-00,"{""team"": ""platform"", ""environment"": ""prod"", ""costcenter"": ""CC100"", ""application"": ""platform-core"", ""business_unit"": ""engineering"", ""owner_email"": ""platform-owner@company.com"", ""support_group"": ""platform-operations"", ""workload_criticality"": ""mission_critical"", ""sla_tier"": ""platinum""}","{""ServiceType"": ""Standard"", ""VMName"": ""vm-standard-d2s-v3-00"", ""vCPUs"": 2, ""cpuUtilPct"": 41.28, ""memoryUtilPct"": 38.4, ""diskUtilPct"": 44.75, ""idleHours"": 22, ""lastActivityAt"": ""2025-12-19T10:46:34Z""}",Compute,Usage,Azure,,
EA-9876543210,platform-prod-sub,platform-prod-sub,owner_0001@company.com,a1b2c3d4-0001-0001-0001-000000000001,platform-prod-sub,rg-platform-prod,eastus,2025-12-20,Virtual Machines Standard_D2s_v3 - eastus,Virtual Machines,Standard_D2s_v3 Series,bbc4f1e6-b32a-5f02-86f0-702bf6097b8b,D2s v3,24.0,1 Hour,3.992531,0.168,0.166355,0.168,OnDemand,USD,Microsoft.Compute,/subscriptions/a1b2c3d4-0001-0001-0001-000000000001/resourceGroups/rg-platform-prod/providers/Microsoft.Compute/virtualMachines/vm-standard-d2s-v3-01,vm-standard-d2s-v3-01,"{""team"": ""platform"", ""environment"": ""prod"", ""costcenter"": ""CC100"", ""application"": ""platform-core"", ""business_unit"": ""engineering"", ""owner_email"": ""platform-owner@company.com"", ""support_group"": ""platform-operations"", ""workload_criticality"": ""mission_critical"", ""sla_tier"": ""platinum""}","{""ServiceType"": ""Standard"", ""VMName"": ""vm-standard-d2s-v3-01"", ""vCPUs"": 2, ""cpuUtilPct"": 46.94, ""memoryUtilPct"": 54.47, ""diskUtilPct"": 25.82, ""idleHours"": 27, ""lastActivityAt"": ""2025-12-17T18:06:33Z""}",Compute,Usage,Azure,,
EA-9876543210,app-prod-sub,app-prod-sub,owner_0003@company.com,a1b2c3d4-0003-0003-0003-000000000003,app-prod-sub,rg-app-prod,eastus,2025-12-20,Virtual Machines Standard_D4s_v3 - eastus,Virtual Machines,Standard_D4s_v3 Series,6c8e1236-a3aa-53d7-8e09-dadb98f69027,D4s v3,24.0,1 Hour,8.076318,0.336,0.336513,0.336,OnDemand,USD,Microsoft.Compute,/subscriptions/a1b2c3d4-0003-0003-0003-000000000003/resourceGroups/rg-app-prod/providers/Microsoft.Compute/virtualMachines/vm-standard-d4s-v3-02,vm-standard-d4s-v3-02,"{""team"": ""backend"", ""environment"": ""prod"", ""costcenter"": ""CC400"", ""application"": ""core-api"", ""business_unit"": ""product"", ""owner_email"": ""backend-owner@company.com"", ""support_group"": ""api-operations"", ""workload_criticality"": ""high"", ""sla_tier"": ""gold""}","{""ServiceType"": ""Standard"", ""VMName"": ""vm-standard-d4s-v3-02"", ""vCPUs"": 4, ""cpuUtilPct"": 36.32, ""memoryUtilPct"": 41.11, ""diskUtilPct"": 40.78, ""idleHours"": 26, ""lastActivityAt"": ""2025-12-16T02:03:33Z""}",Compute,Usage,Azure,,
EA-9876543210,data-eng-prod-sub,data-eng-prod-sub,owner_0002@company.com,a1b2c3d4-0002-0002-0002-000000000002,data-eng-prod-sub,rg-data-prod,westeurope,2025-12-20,Virtual Machines Standard_E4s_v3 - westeurope,Virtual Machines,Standard_E4s_v3 Series,7373fa15-5d45-5d30-a83f-72064e156f94,E4s v3,24.0,1 Hour,5.6009,0.364,0.233371,0.364,Reservation,USD,Microsoft.Compute,/subscriptions/a1b2c3d4-0002-0002-0002-000000000002/resourceGroups/rg-data-prod/providers/Microsoft.Compute/virtualMachines/vm-standard-e4s-v3-03,vm-standard-e4s-v3-03,"{""team"": ""data-eng"", ""environment"": ""prod"", ""costcenter"": ""CC200"", ""application"": ""data-platform"", ""business_unit"": ""data"", ""owner_email"": ""data-eng-owner@company.com"", ""support_group"": ""data-platform-ops"", ""workload_criticality"": ""high"", ""sla_tier"": ""gold""}","{""ServiceType"": ""Standard"", ""VMName"": ""vm-standard-e4s-v3-03"", ""vCPUs"": 4, ""cpuUtilPct"": 23.19, ""memoryUtilPct"": 28.06, ""diskUtilPct"": 29.56, ""idleHours"": 69, ""lastActivityAt"": ""2025-12-17T11:14:03Z""}",Compute,Usage,Azure,/providers/Microsoft.BillingBenefits/savingsPlanOrders/714fc805-0f14-4989-b73c-7350d6ab0960,Reserved VM Instance_westeurope_1Year
EA-9876543210,data-eng-prod-sub,data-eng-prod-sub,owner_0002@company.com,a1b2c3d4-0002-0002-0002-000000000002,data-eng-prod-sub,rg-data-prod,westeurope,2025-12-20,Virtual Machines Standard_E8s_v3 - westeurope,Virtual Machines,Standard_E8s_v3 Series,2b9593f7-8692-56d9-b10a-a624f400da47,E8s v3,24.0,1 Hour,10.371921,0.728,0.432163,0.728,Reservation,USD,Microsoft.Compute,/subscriptions/a1b2c3d4-0002-0002-0002-000000000002/resourceGroups/rg-data-prod/providers/Microsoft.Compute/virtualMachines/vm-standard-e8s-v3-04,vm-standard-e8s-v3-04,"{""team"": ""data-eng"", ""environment"": ""prod"", ""costcenter"": ""CC200"", ""application"": ""data-platform"", ""business_unit"": ""data"", ""owner_email"": ""data-eng-owner@company.com"", ""support_group"": ""data-platform-ops"", ""workload_criticality"": ""high"", ""sla_tier"": ""gold""}","{""ServiceType"": ""Standard"", ""VMName"": ""vm-standard-e8s-v3-04"", ""vCPUs"": 8, ""cpuUtilPct"": 31.01, ""memoryUtilPct"": 43.25, ""diskUtilPct"": 31.71, ""idleHours"": 47, ""lastActivityAt"": ""2025-12-18T02:49:35Z""}",Compute,Usage,Azure,/providers/Microsoft.BillingBenefits/savingsPlanOrders/16a84692-939a-4fa7-a49e-87769c949bcb,Reserved VM Instance_westeurope_1Year
EA-9876543210,data-eng-prod-sub,data-eng-prod-sub,owner_0002@company.com,a1b2c3d4-0002-0002-0002-000000000002,data-eng-prod-sub,rg-ml-prod,westeurope,2025-12-20,Virtual Machines Standard_F4s_v2 - westeurope,Virtual Machines,Standard_F4s_v2 Series,303bf71a-6d52-56d9-8e75-95552aa01c86,F4s v2,24.0,1 Hour,6.060192,0.252,0.252508,0.252,OnDemand,USD,Microsoft.Compute,/subscriptions/a1b2c3d4-0002-0002-0002-000000000002/resourceGroups/rg-ml-prod/providers/Microsoft.Compute/virtualMachines/vm-standard-f4s-v2-05,vm-standard-f4s-v2-05,"{""team"": ""ml"", ""environment"": ""prod"", ""costcenter"": ""CC500"", ""application"": ""ml-platform"", ""business_unit"": ""ai"", ""owner_email"": ""ml-owner@company.com"", ""support_group"": ""ml-platform-sre"", ""workload_criticality"": ""high"", ""sla_tier"": ""gold""}","{""ServiceType"": ""Standard"", ""VMName"": ""vm-standard-f4s-v2-05"", ""vCPUs"": 4, ""cpuUtilPct"": 39.17, ""memoryUtilPct"": 44.7, ""diskUtilPct"": 18.95, ""idleHours"": 45, ""lastActivityAt"": ""2025-12-16T23:43:30Z""}",Compute,Usage,Azure,,
EA-9876543210,data-eng-prod-sub,data-eng-prod-sub,owner_0002@company.com,a1b2c3d4-0002-0002-0002-000000000002,data-eng-prod-sub,rg-ml-prod,westeurope,2025-12-20,Virtual Machines Standard_D8s_v3 - westeurope,Virtual Machines,Standard_D8s_v3 Series,348575ff-7ae0-57e5-896e-037d67179117,D8s v3,24.0,1 Hour,11.425014,0.672,0.476042,0.672,Reservation,USD,Microsoft.Compute,/subscriptions/a1b2c3d4-0002-0002-0002-000000000002/resourceGroups/rg-ml-prod/providers/Microsoft.Compute/virtualMachines/vm-standard-d8s-v3-06,vm-standard-d8s-v3-06,{},"{""ServiceType"": ""Standard"", ""VMName"": ""vm-standard-d8s-v3-06"", ""vCPUs"": 8, ""cpuUtilPct"": 35.26, ""memoryUtilPct"": 40.41, ""diskUtilPct"": 29.87, ""idleHours"": 19, ""lastActivityAt"": ""2025-12-17T01:22:04Z""}",Compute,Usage,Azure,/providers/Microsoft.BillingBenefits/savingsPlanOrders/283a1532-a4eb-4eca-adae-6eb4b38b9265,Reserved VM Instance_westeurope_1Year
EA-9876543210,app-prod-sub,app-prod-sub,owner_0003@company.com,a1b2c3d4-0003-0003-0003-000000000003,app-prod-sub,rg-app-prod,southeastasia,2025-12-20,Virtual Machines Standard_B2s - southeastasia,Virtual Machines,Standard_B2s Series,78a50003-6630-5ba4-aad2-c10f0de71d3b,B2s,24.0,1 Hour,2.018984,0.084,0.084124,0.084,OnDemand,USD,Microsoft.Compute,/subscriptions/a1b2c3d4-0003-0003-0003-000000000003/resourceGroups/rg-app-prod/providers/Microsoft.Compute/virtualMachines/vm-standard-b2s-07,vm-standard-b2s-07,"{""team"": ""frontend"", ""environment"": ""prod"", ""costcenter"": ""CC300"", ""application"": ""customer-web"", ""business_unit"": ""product"", ""owner_email"": ""frontend-owner@company.com"", ""support_group"": ""customer-experience-support"", ""workload_criticality"": ""high"", ""sla_tier"": ""gold""}","{""ServiceType"": ""Standard"", ""VMName"": ""vm-standard-b2s-07"", ""vCPUs"": 2, ""cpuUtilPct"": 41.93, ""memoryUtilPct"": 33.02, ""diskUtilPct"": 41.3, ""idleHours"": 29, ""lastActivityAt"": ""2025-12-16T13:24:45Z""}",Compute,Usage,Azure,,
EA-9876543210,app-prod-sub,app-prod-sub,owner_0003@company.com,a1b2c3d4-0003-0003-0003-000000000003,app-prod-sub,rg-app-staging,southeastasia,2025-12-20,Virtual Machines Standard_B2s - southeastasia,Virtual Machines,Standard_B2s Series,78a50003-6630-5ba4-aad2-c10f0de71d3b,B2s,24.0,1 Hour,1.554269,0.084,0.064761,0.084,SavingsPlan,USD,Microsoft.Compute,/subscriptions/a1b2c3d4-0003-0003-0003-000000000003/resourceGroups/rg-app-staging/providers/Microsoft.Compute/virtualMachines/vm-standard-b2s-08,vm-standard-b2s-08,"{""team"": ""frontend"", ""environment"": ""staging"", ""costcenter"": ""CC300"", ""application"": ""customer-web"", ""business_unit"": ""product"", ""owner_email"": ""frontend-owner@company.com"", ""support_group"": ""customer-experience-support"", ""workload_criticality"": ""medium"", ""sla_tier"": ""silver""}","{""ServiceType"": ""Standard"", ""VMName"": ""vm-standard-b2s-08"", ""vCPUs"": 2, ""cpuUtilPct"": 11.35, ""memoryUtilPct"": 17.19, ""diskUtilPct"": 12.34, ""idleHours"": 133, ""lastActivityAt"": ""2025-12-10T21:34:34Z""}",Compute,Usage,Azure,/providers/Microsoft.BillingBenefits/savingsPlanOrders/caeaf5e0-0072-458b-b28c-d0710fa01d57,Compute savings plan_1Year
EA-9876543210,app-prod-sub,app-prod-sub,owner_0003@company.com,a1b2c3d4-0003-0003-0003-000000000003,app-prod-sub,rg-app-staging,eastus,2025-12-20,Virtual Machines Standard_D2s_v3 - eastus,Virtual Machines,Standard_D2s_v3 Series,bbc4f1e6-b32a-5f02-86f0-702bf6097b8b,D2s v3,24.0,1 Hour,3.998552,0.168,0.166606,0.168,OnDemand,USD,Microsoft.Compute,/subscriptions/a1b2c3d4-0003-0003-0003-000000000003/resourceGroups/rg-app-staging/providers/Microsoft.Compute/virtualMachines/vm-standard-d2s-v3-09,vm-standard-d2s-v3-09,"{""team"": ""backend"", ""environment"": ""staging"", ""costcenter"": ""CC400"", ""application"": ""core-api"", ""business_unit"": ""product"", ""owner_email"": ""backend-owner@company.com"", ""support_group"": ""api-operations"", ""workload_criticality"": ""medium"", ""sla_tier"": ""silver""}","{""ServiceType"": ""Standard"", ""VMName"": ""vm-standard-d2s-v3-09"", ""vCPUs"": 2, ""cpuUtilPct"": 15.98, ""memoryUtilPct"": 22.26, ""diskUtilPct"": 22.39, ""idleHours"": 123, ""lastActivityAt"": ""2025-12-07T21:42:05Z""}",Compute,Usage,Azure,,
EA-9876543210,platform-prod-sub,platform-prod-sub,owner_0001@company.com,a1b2c3d4-0001-0001-0001-000000000001,platform-prod-sub,rg-platform-dev,eastus,2025-12-20,Virtual Machines Standard_B2s - eastus,Virtual Machines,Standard_B2s Series,7190101e-d2ab-5a56-ad8e-83f7122f17e8,B2s,24.0,1 Hour,2.006175,0.084,0.083591,0.084,OnDemand,USD,Microsoft.Compute,/subscriptions/a1b2c3d4-0001-0001-0001-000000000001/resourceGroups/rg-platform-dev/providers/Microsoft.Compute/virtualMachines/vm-standard-b2s-10,vm-standard-b2s-10,"{""team"": ""platform"", ""environment"": ""dev"", ""costcenter"": ""CC100"", ""application"": ""platform-core"", ""business_unit"": ""engineering"", ""owner_email"": ""platform-owner@company.com"", ""support_group"": ""platform-operations"", ""workload_criticality"": ""low"", ""sla_tier"": ""bronze""}","{""ServiceType"": ""Standard"", ""VMName"": ""vm-standard-b2s-10"", ""vCPUs"": 2, ""cpuUtilPct"": 3.67, ""memoryUtilPct"": 8.3, ""diskUtilPct"": 5.11, ""idleHours"": 563, ""lastActivityAt"": ""2025-11-14T23:23:52Z""}",Compute,Usage,Azure,,
EA-9876543210,app-prod-sub,app-prod-sub,owner_0003@company.com,a1b2c3d4-0003-0003-0003-000000000003,app-prod-sub,rg-app-dev,eastus,2025-12-20,Virtual Machines Standard_B2s - eastus,Virtual Machines,Standard_B2s Series,7190101e-d2ab-5a56-ad8e-83f7122f17e8,B2s,24.0,1 Hour,2.002573,0.084,0.083441,0.084,OnDemand,USD,Microsoft.Compute,/subscriptions/a1b2c3d4-0003-0003-0003-000000000003/resourceGroups/rg-app-dev/providers/Microsoft.Compute/virtualMachines/vm-standard-b2s-11,vm-standard-b2s-11,{},"{""ServiceType"": ""Standard"", ""VMName"": ""vm-standard-b2s-11"", ""vCPUs"": 2, ""cpuUtilPct"": 3.03, ""memoryUtilPct"": 6.24, ""diskUtilPct"": 1.06, ""idleHours"": 556, ""lastActivityAt"": ""2025-11-26T09:17:59Z""}",Compute,Usage,Azure,,
EA-9876543210,platform-prod-sub,platform-prod-sub,owner_0001@company.com,a1b2c3d4-0001-0001-0001-000000000001,platform-prod-sub,rg-platform-prod,eastus,2025-12-20,Blob Storage - LRS - Hot - eastus,Storage,Blobs - LRS - Hot,fb8faed0-f377-5fb0-92b7-78035153a7fa,Data Stored,850.1221,1 GB/Month,0.509701,0.018,0.018,0.018,OnDemand,USD,Microsoft.Storage,/subscriptions/a1b2c3d4-0001-0001-0001-000000000001/resourceGroups/rg-platform-prod/providers/Microsoft.Storage/storageAccounts/stplatformassets,stplatformassets,"{""team"": ""platform"", ""environment"": ""prod"", ""costcenter"": ""CC100"", ""application"": ""platform-core"", ""business_unit"": ""engineering"", ""owner_email"": ""platform-owner@company.com"", ""support_group"": ""platform-operations"", ""workload_criticality"": ""mission_critical"", ""sla_tier"": ""platinum""}","{""AccountType"": ""LRS"", ""cpuUtilPct"": 0.0, ""memoryUtilPct"": 0.0, ""diskUtilPct"": 29.05, ""idleHours"": 6, ""lastActivityAt"": ""2025-12-18T07:24:28Z""}",Storage,Usage,Azure,,
EA-9876543210,data-eng-prod-sub,data-eng-prod-sub,owner_0002@company.com,a1b2c3d4-0002-0002-0002-000000000002,data-eng-prod-sub,rg-data-prod,westeurope,2025-12-20,Blob Storage - ZRS - Hot - westeurope,Storage,Blobs - ZRS - Hot,9dd9b051-b91d-533a-9f70-e4838eb241bb,Data Stored,3199.4754,1 GB/Month,2.454772,0.023,0.023,0.023,OnDemand,USD,Microsoft.Storage,/subscriptions/a1b2c3d4-0002-0002-0002-000000000002/resourceGroups/rg-data-prod/providers/Microsoft.Storage/storageAccounts/stdatalake,stdatalake,"{""team"": ""data-eng"", ""environment"": ""prod"", ""costcenter"": ""CC200"", ""application"": ""data-platform"", ""business_unit"": ""data"", ""owner_email"": ""data-eng-owner@company.com"", ""support_group"": ""data-platform-ops"", ""workload_criticality"": ""high"", ""sla_tier"": ""gold""}","{""AccountType"": ""ZRS"", ""cpuUtilPct"": 0.0, ""memoryUtilPct"": 0.0, ""diskUtilPct"": 34.81, ""idleHours"": 4, ""lastActivityAt"": ""2025-12-17T22:01:11Z""}",Storage,Usage,Azure,,
EA-9876543210,app-prod-sub,app-prod-sub,owner_0003@company.com,a1b2c3d4-0003-0003-0003-000000000003,app-prod-sub,rg-app-prod,southeastasia,2025-12-20,Blob Storage - LRS - Hot - southeastasia,Storage,Blobs - LRS - Hot,3ae72a36-b458-5b93-9e16-84484844594d,Data Stored,399.6549,1 GB/Month,0.239968,0.018,0.018,0.018,OnDemand,USD,Microsoft.Storage,/subscriptions/a1b2c3d4-0003-0003-0003-000000000003/resourceGroups/rg-app-prod/providers/Microsoft.Storage/storageAccounts/stappassets,stappassets,"{""team"": ""frontend"", ""environment"": ""prod"", ""costcenter"": ""CC300"", ""application"": ""customer-web"", ""business_unit"": ""product"", ""owner_email"": ""frontend-owner@company.com"", ""support_group"": ""customer-experience-support"", ""workload_criticality"": ""high"", ""sla_tier"": ""gold""}","{""AccountType"": ""LRS"", ""cpuUtilPct"": 0.0, ""memoryUtilPct"": 0.0, ""diskUtilPct"": 38.46, ""idleHours"": 9, ""lastActivityAt"": ""2025-12-19T02:19:10Z""}",Storage,Usage,Azure,,
EA-9876543210,data-eng-prod-sub,data-eng-prod-sub,owner_0002@company.com,a1b2c3d4-0002-0002-0002-000000000002,data-eng-prod-sub,rg-ml-prod,westeurope,2025-12-20,Blob Storage - LRS - Hot - westeurope,Storage,Blobs - LRS - Hot,4ba045d2-b571-568f-be23-884194c5daba,Data Stored,1099.929,1 GB/Month,0.661616,0.018,0.018,0.018,OnDemand,USD,Microsoft.Storage,/subscriptions/a1b2c3d4-0002-0002-0002-000000000002/resourceGroups/rg-ml-prod/providers/Microsoft.Storage/storageAccounts/stmlmodels,stmlmodels,"{""team"": ""ml"", ""environment"": ""prod"", ""costcenter"": ""CC500"", ""application"": ""ml-platform"", ""business_unit"": ""ai"", ""owner_email"": ""ml-owner@company.com"", ""support_group"": ""ml-platform-sre"", ""workload_criticality"": ""high"", ""sla_tier"": ""gold""}","{""AccountType"": ""LRS"", ""cpuUtilPct"": 0.0, ""memoryUtilPct"": 0.0, ""diskUtilPct"": 39.23, ""idleHours"": 10, ""lastActivityAt"": ""2025-12-18T05:52:39Z""}",Storage,Usage,Azure,,
EA-9876543210,platform-prod-sub,platform-prod-sub,owner_0001@company.com,a1b2c3d4-0001-0001-0001-000000000001,platform-prod-sub,rg-platform-prod,eastus,2025-12-20,Azure SQL Database Standard_S2 - eastus,SQL Database,Standard_S2,cd1e0b9a-8ff0-5779-9281-87ab698e2916,vCore Hours,24.0,1 Hour,7.419811,0.31,0.31,0.31,OnDemand,USD,Microsoft.Sql,/subscriptions/a1b2c3d4-0001-0001-0001-000000000001/resourceGroups/rg-platform-prod/providers/Microsoft.Sql/servers/databases/sqldb-standard-0001,sqldb-standard-0001,"{""team"": ""platform"", ""environment"": ""prod"", ""costcenter"": ""CC100"", ""application"": ""platform-core"", ""business_unit"": ""engineering"", ""owner_email"": ""platform-owner@company.com"", ""support_group"": ""platform-operations"", ""workload_criticality"": ""mission_critical"", ""sla_tier"": ""platinum""}","{""cpuUtilPct"": 33.29, ""memoryUtilPct"": 41.07, ""diskUtilPct"": 51.03, ""idleHours"": 3, ""lastActivityAt"": ""2025-12-17T10:51:21Z""}",Databases,Usage,Azure,,
EA-9876543210,data-eng-prod-sub,data-eng-prod-sub,owner_0002@company.com,a1b2c3d4-0002-0002-0002-000000000002,data-eng-prod-sub,rg-data-prod,westeurope,2025-12-20,Azure SQL Database Business Critical_BC_Gen5_4 - westeurope,SQL Database,Business Critical_BC_Gen5_4,4bab5ab0-7291-58c2-8564-3252f5053179,vCore Hours,24.0,1 Hour,52.61662,2.2,2.2,2.2,OnDemand,USD,Microsoft.Sql,/subscriptions/a1b2c3d4-0002-0002-0002-000000000002/resourceGroups/rg-data-prod/providers/Microsoft.Sql/servers/databases/sqldb-business critical-0002,sqldb-business critical-0002,"{""team"": ""data-eng"", ""environment"": ""prod"", ""costcenter"": ""CC200"", ""application"": ""data-platform"", ""business_unit"": ""data"", ""owner_email"": ""data-eng-owner@company.com"", ""support_group"": ""data-platform-ops"", ""workload_criticality"": ""high"", ""sla_tier"": ""gold""}","{""cpuUtilPct"": 36.39, ""memoryUtilPct"": 31.08, ""diskUtilPct"": 31.29, ""idleHours"": 71, ""lastActivityAt"": ""2025-12-17T16:34:26Z""}",Databases,Usage,Azure,,
EA-9876543210,app-prod-sub,app-prod-sub,owner_0003@company.com,a1b2c3d4-0003-0003-0003-000000000003,app-prod-sub,rg-app-prod,eastus,2025-12-20,Azure SQL Database General Purpose_GP_Gen5_2 - eastus,SQL Database,General Purpose_GP_Gen5_2,69e0198c-4ca3-5ac2-8540-db65f6d44c56,vCore Hours,24.0,1 Hour,14.425495,0.6,0.6,0.6,OnDemand,USD,Microsoft.Sql,/subscriptions/a1b2c3d4-0003-0003-0003-000000000003/resourceGroups/rg-app-prod/providers/Microsoft.Sql/servers/databases/sqldb-general purpose-0003,sqldb-general purpose-0003,"{""team"": ""backend"", ""environment"": ""prod"", ""costcenter"": ""CC400"", ""application"": ""core-api"", ""business_unit"": ""product"", ""owner_email"": ""backend-owner@company.com"", ""support_group"": ""api-operations"", ""workload_criticality"": ""high"", ""sla_tier"": ""gold""}","{""cpuUtilPct"": 27.17, ""memoryUtilPct"": 41.68, ""diskUtilPct"": 27.23, ""idleHours"": 60, ""lastActivityAt"": ""2025-12-16T02:07:56Z""}",Databases,Usage,Azure,,
EA-9876543210,shared-infra-sub,shared-infra-sub,owner_infra@company.com,a1b2c3d4-9999-9999-9999-000000000099,shared-infra-sub,rg-shared-infra,eastus,2025-12-20,Azure Monitor,Monitor,Data Ingested,aadff281-e00d-588e-bd69-a4630325bd50,Data Ingested,1000.0,1 Unit,44.566871,0.045,0.045,0.045,OnDemand,USD,Microsoft.SharedInfra,/subscriptions/a1b2c3d4-9999-9999-9999-000000000099/resourceGroups/rg-shared-infra/providers/Microsoft.SharedInfra/Monitor/monitor,monitor,{},"{""cpuUtilPct"": 4.28, ""memoryUtilPct"": 2.88, ""diskUtilPct"": 2.26, ""idleHours"": 702, ""lastActivityAt"": ""2025-11-22T22:03:38Z""}",Management,Usage,Azure,,
EA-9876543210,shared-infra-sub,shared-infra-sub,owner_infra@company.com,a1b2c3d4-9999-9999-9999-000000000099,shared-infra-sub,rg-shared-infra,eastus,2025-12-20,Virtual Network,Networking,Intra-Region,cc2ca1a8-2d13-5873-b301-4b8ed16ed2c0,Intra-Region,622.22,1 Unit,28.200958,0.045,0.045,0.045,OnDemand,USD,Microsoft.SharedInfra,/subscriptions/a1b2c3d4-9999-9999-9999-000000000099/resourceGroups/rg-shared-infra/providers/Microsoft.SharedInfra/Networking/networking,networking,{},"{""cpuUtilPct"": 3.04, ""memoryUtilPct"": 8.35, ""diskUtilPct"": 5.13, ""idleHours"": 570, ""lastActivityAt"": ""2025-11-21T06:50:15Z""}",Networking,Usage,Azure,,
EA-9876543210,shared-infra-sub,shared-infra-sub,owner_infra@company.com,a1b2c3d4-9999-9999-9999-000000000099,shared-infra-sub,rg-shared-infra,eastus,2025-12-20,API Management,API Management,Gateway Units,78998862-331b-5215-a4b4-8d4500189f89,Gateway Units,2666.67,1 Unit,121.131484,0.045,0.045,0.045,OnDemand,USD,Microsoft.SharedInfra,/subscriptions/a1b2c3d4-9999-9999-9999-000000000099/resourceGroups/rg-shared-infra/providers/Microsoft.SharedInfra/API Management/api-management,api-management,{},"{""cpuUtilPct"": 1.78, ""memoryUtilPct"": 4.35, ""diskUtilPct"": 5.45, ""idleHours"": 541, ""lastActivityAt"": ""2025-11-14T01:53:39Z""}",Integration,Usage,Azure,,
EA-9876543210,shared-infra-sub,shared-infra-sub,owner_infra@company.com,a1b2c3d4-9999-9999-9999-000000000099,shared-infra-sub,rg-shared-infra,eastus,2025-12-20,Azure Key Vault,Key Vault,Operations,3cb0172e-6732-5350-b439-97753364a78c,Operations,177.78,1 Unit,7.976719,0.045,0.045,0.045,OnDemand,USD,Microsoft.SharedInfra,/subscriptions/a1b2c3d4-9999-9999-9999-000000000099/resourceGroups/rg-shared-infra/providers/Microsoft.SharedInfra/Key Vault/key-vault,key-vault,{},"{""cpuUtilPct"": 4.82, ""memoryUtilPct"": 7.63, ""diskUtilPct"": 3.56, ""idleHours"": 520, ""lastActivityAt"": ""2025-11-25T15:51:00Z""}",Security,Usage,Azure,,
EA-9876543210,shared-infra-sub,shared-infra-sub,owner_infra@company.com,a1b2c3d4-9999-9999-9999-000000000099,shared-infra-sub,rg-shared-infra,eastus,2025-12-20,Azure Blob Storage,Storage,Data Stored,2e8ee991-b3b7-5136-98e5-4772405cdb0c,Data Stored,400.0,1 Unit,18.033951,0.045,0.045,0.045,OnDemand,USD,Microsoft.SharedInfra,/subscriptions/a1b2c3d4-9999-9999-9999-000000000099/resourceGroups/rg-shared-infra/providers/Microsoft.SharedInfra/Storage/storage,storage,{},"{""cpuUtilPct"": 0.97, ""memoryUtilPct"": 4.36, ""diskUtilPct"": 2.92, ""idleHours"": 641, ""lastActivityAt"": ""2025-11-18T07:50:22Z""}",Storage,Usage,Azure,,
EA-9876543210,platform-prod-sub,platform-prod-sub,owner_0001@company.com,a1b2c3d4-0001-0001-0001-000000000001,platform-prod-sub,rg-platform-prod,eastus,2025-12-21,Virtual Machines Standard_D2s_v3 - eastus,Virtual Machines,Standard_D2s_v3 Series,bbc4f1e6-b32a-5f02-86f0-702bf6097b8b,D2s v3,24.0,1 Hour,4.036052,0.168,0.168169,0.168,OnDemand,USD,Microsoft.Compute,/subscriptions/a1b2c3d4-0001-0001-0001-000000000001/resourceGroups/rg-platform-prod/providers/Microsoft.Compute/virtualMachines/vm-standard-d2s-v3-00,vm-standard-d2s-v3-00,"{""team"": ""platform"", ""environment"": ""prod"", ""costcenter"": ""CC100"", ""application"": ""platform-core"", ""business_unit"": ""engineering"", ""owner_email"": ""platform-owner@company.com"", ""support_group"": ""platform-operations"", ""workload_criticality"": ""mission_critical"", ""sla_tier"": ""platinum""}","{""ServiceType"": ""Standard"", ""VMName"": ""vm-standard-d2s-v3-00"", ""vCPUs"": 2, ""cpuUtilPct"": 56.99, ""memoryUtilPct"": 54.82, ""diskUtilPct"": 35.87, ""idleHours"": 21, ""lastActivityAt"": ""2025-12-19T23:06:10Z""}",Compute,Usage,Azure,,
EA-9876543210,platform-prod-sub,platform-prod-sub,owner_0001@company.com,a1b2c3d4-0001-0001-0001-000000000001,platform-prod-sub,rg-platform-prod,eastus,2025-12-21,Virtual Machines Standard_D2s_v3 - eastus,Virtual Machines,Standard_D2s_v3 Series,bbc4f1e6-b32a-5f02-86f0-702bf6097b8b,D2s v3,24.0,1 Hour,4.071143,0.168,0.169631,0.168,OnDemand,USD,Microsoft.Compute,/subscriptions/a1b2c3d4-0001-0001-0001-000000000001/resourceGroups/rg-platform-prod/providers/Microsoft.Compute/virtualMachines/vm-standard-d2s-v3-01,vm-standard-d2s-v3-01,"{""team"": ""platform"", ""environment"": ""prod"", ""costcenter"": ""CC100"", ""application"": ""platform-core"", ""business_unit"": ""engineering"", ""owner_email"": ""platform-owner@company.com"", ""support_group"": ""platform-operations"", ""workload_criticality"": ""mission_critical"", ""sla_tier"": ""platinum""}","{""ServiceType"": ""Standard"", ""VMName"": ""vm-standard-d2s-v3-01"", ""vCPUs"": 2, ""cpuUtilPct"": 57.46, ""memoryUtilPct"": 63.03, ""diskUtilPct"": 37.92, ""idleHours"": 23, ""lastActivityAt"": ""2025-12-20T14:08:15Z""}",Compute,Usage,Azure,,
EA-9876543210,app-prod-sub,app-prod-sub,owner_0003@company.com,a1b2c3d4-0003-0003-0003-000000000003,app-prod-sub,rg-app-prod,eastus,2025-12-21,Virtual Machines Standard_D4s_v3 - eastus,Virtual Machines,Standard_D4s_v3 Series,6c8e1236-a3aa-53d7-8e09-dadb98f69027,D4s v3,24.0,1 Hour,8.133598,0.336,0.3389,0.336,OnDemand,USD,Microsoft.Compute,/subscriptions/a1b2c3d4-0003-0003-0003-000000000003/resourceGroups/rg-app-prod/providers/Microsoft.Compute/virtualMachines/vm-standard-d4s-v3-02,vm-standard-d4s-v3-02,"{""team"": ""backend"", ""environment"": ""prod"", ""costcenter"": ""CC400"", ""application"": ""core-api"", ""business_unit"": ""product"", ""owner_email"": ""backend-owner@company.com"", ""support_group"": ""api-operations"", ""workload_criticality"": ""high"", ""sla_tier"": ""gold""}","{""ServiceType"": ""Standard"", ""VMName"": ""vm-standard-d4s-v3-02"", ""vCPUs"": 4, ""cpuUtilPct"": 38.82, ""memoryUtilPct"": 37.07, ""diskUtilPct"": 41.94, ""idleHours"": 44, ""lastActivityAt"": ""2025-12-17T22:48:34Z""}",Compute,Usage,Azure,,
EA-9876543210,data-eng-prod-sub,data-eng-prod-sub,owner_0002@company.com,a1b2c3d4-0002-0002-0002-000000000002,data-eng-prod-sub,rg-data-prod,westeurope,2025-12-21,Virtual Machines Standard_E4s_v3 - westeurope,Virtual Machines,Standard_E4s_v3 Series,7373fa15-5d45-5d30-a83f-72064e156f94,E4s v3,24.0,1 Hour,5.77627,0.364,0.240678,0.364,Reservation,USD,Microsoft.Compute,/subscriptions/a1b2c3d4-0002-0002-0002-000000000002/resourceGroups/rg-data-prod/providers/Microsoft.Compute/virtualMachines/vm-standard-e4s-v3-03,vm-standard-e4s-v3-03,{},"{""ServiceType"": ""Standard"", ""VMName"": ""vm-standard-e4s-v3-03"", ""vCPUs"": 4, ""cpuUtilPct"": 36.3, ""memoryUtilPct"": 47.39, ""diskUtilPct"": 29.11, ""idleHours"": 22, ""lastActivityAt"": ""2025-12-19T01:44:09Z""}",Compute,Usage,Azure,/providers/Microsoft.BillingBenefits/savingsPlanOrders/6586d6d4-fe75-49d8-b9ed-37b35ff90622,Reserved VM Instance_westeurope_1Year
EA-9876543210,data-eng-prod-sub,data-eng-prod-sub,owner_0002@company.com,a1b2c3d4-0002-0002-0002-000000000002,data-eng-prod-sub,rg-data-prod,westeurope,2025-12-21,Virtual Machines Standard_E8s_v3 - westeurope,Virtual Machines,Standard_E8s_v3 Series,2b9593f7-8692-56d9-b10a-a624f400da47,E8s v3,24.0,1 Hour,11.272922,0.728,0.469705,0.728,Reservation,USD,Microsoft.Compute,/subscriptions/a1b2c3d4-0002-0002-0002-000000000002/resourceGroups/rg-data-prod/providers/Microsoft.Compute/virtualMachines/vm-standard-e8s-v3-04,vm-standard-e8s-v3-04,"{""team"": ""data-eng"", ""environment"": ""prod"", ""costcenter"": ""CC200"", ""application"": ""data-platform"", ""business_unit"": ""data"", ""owner_email"": ""data-eng-owner@company.com"", ""support_group"": ""data-platform-ops"", ""workload_criticality"": ""high"", ""sla_tier"": ""gold""}","{""ServiceType"": ""Standard"", ""VMName"": ""vm-standard-e8s-v3-04"", ""vCPUs"": 8, ""cpuUtilPct"": 31.43, ""memoryUtilPct"": 40.11, ""diskUtilPct"": 38.06, ""idleHours"": 24, ""lastActivityAt"": ""2025-12-17T15:49:42Z""}",Compute,Usage,Azure,/providers/Microsoft.BillingBenefits/savingsPlanOrders/5c01415c-ff0f-4b63-a205-5be70f7d1fa6,Reserved VM Instance_westeurope_1Year
EA-9876543210,data-eng-prod-sub,data-eng-prod-sub,owner_0002@company.com,a1b2c3d4-0002-0002-0002-000000000002,data-eng-prod-sub,rg-ml-prod,westeurope,2025-12-21,Virtual Machines Standard_F4s_v2 - westeurope,Virtual Machines,Standard_F4s_v2 Series,303bf71a-6d52-56d9-8e75-95552aa01c86,F4s v2,24.0,1 Hour,6.035679,0.252,0.251487,0.252,OnDemand,USD,Microsoft.Compute,/subscriptions/a1b2c3d4-0002-0002-0002-000000000002/resourceGroups/rg-ml-prod/providers/Microsoft.Compute/virtualMachines/vm-standard-f4s-v2-05,vm-standard-f4s-v2-05,"{""team"": ""ml"", ""environment"": ""prod"", ""costcenter"": ""CC500"", ""application"": ""ml-platform"", ""business_unit"": ""ai"", ""owner_email"": ""ml-owner@company.com"", ""support_group"": ""ml-platform-sre"", ""workload_criticality"": ""high"", ""sla_tier"": ""gold""}","{""ServiceType"": ""Standard"", ""VMName"": ""vm-standard-f4s-v2-05"", ""vCPUs"": 4, ""cpuUtilPct"": 26.63, ""memoryUtilPct"": 42.09, ""diskUtilPct"": 31.62, ""idleHours"": 54, ""lastActivityAt"": ""2025-12-19T04:35:48Z""}",Compute,Usage,Azure,,
EA-9876543210,data-eng-prod-sub,data-eng-prod-sub,owner_0002@company.com,a1b2c3d4-0002-0002-0002-000000000002,data-eng-prod-sub,rg-ml-prod,westeurope,2025-12-21,Virtual Machines Standard_D8s_v3 - westeurope,Virtual Machines,Standard_D8s_v3 Series,348575ff-7ae0-57e5-896e-037d67179117,D8s v3,24.0,1 Hour,9.886693,0.672,0.411946,0.672,Reservation,USD,Microsoft.Compute,/subscriptions/a1b2c3d4-0002-0002-0002-000000000002/resourceGroups/rg-ml-prod/providers/Microsoft.Compute/virtualMachines/vm-standard-d8s-v3-06,vm-standard-d8s-v3-06,"{""team"": ""ml"", ""environment"": ""prod"", ""costcenter"": ""CC500"", ""application"": ""ml-platform"", ""business_unit"": ""ai"", ""owner_email"": ""ml-owner@company.com"", ""support_group"": ""ml-platform-sre"", ""workload_criticality"": ""high"", ""sla_tier"": ""gold""}","{""ServiceType"": ""Standard"", ""VMName"": ""vm-standard-d8s-v3-06"", ""vCPUs"": 8, ""cpuUtilPct"": 29.17, ""memoryUtilPct"": 45.39, ""diskUtilPct"": 36.16, ""idleHours"": 46, ""lastActivityAt"": ""2025-12-19T00:43:30Z""}",Compute,Usage,Azure,/providers/Microsoft.BillingBenefits/savingsPlanOrders/d5912719-85ae-4a04-b771-f221398cd933,Reserved VM Instance_westeurope_1Year
EA-9876543210,data-eng-prod-sub,data-eng-prod-sub,owner_0002@company.com,a1b2c3d4-0002-0002-0002-000000000002,data-eng-prod-sub,rg-ml-prod,westeurope,2025-12-21,Unused Reservation - vm-standard-d8s-v3-06,Virtual Machines,Unused Capacity,4ba76ea6-6866-5874-bd01-2cbe210f50e3,Unused,0.0,1 Hour,2.054333,0.0,0.0,0.672,Reservation,USD,Microsoft.Compute,,vm-standard-d8s-v3-06,"{""team"": ""ml"", ""environment"": ""prod"", ""costcenter"": ""CC500"", ""application"": ""ml-platform"", ""business_unit"": ""ai"", ""owner_email"": ""ml-owner@company.com"", ""support_group"": ""ml-platform-sre"", ""workload_criticality"": ""high"", ""sla_tier"": ""gold""}","{""cpuUtilPct"": 29.17, ""memoryUtilPct"": 45.39, ""diskUtilPct"": 36.16, ""idleHours"": 46, ""lastActivityAt"": ""2025-12-19T00:43:30Z""}",Compute,UnusedReservation,Azure,/providers/Microsoft.BillingBenefits/savingsPlanOrders/9ab523f0-b0f0-488f-8993-d89c4ffc3c1e,Reserved VM Instance_westeurope_1Year
EA-9876543210,app-prod-sub,app-prod-sub,owner_0003@company.com,a1b2c3d4-0003-0003-0003-000000000003,app-prod-sub,rg-app-prod,southeastasia,2025-12-21,Virtual Machines Standard_B2s - southeastasia,Virtual Machines,Standard_B2s Series,78a50003-6630-5ba4-aad2-c10f0de71d3b,B2s,24.0,1 Hour,2.01472,0.084,0.083947,0.084,OnDemand,USD,Microsoft.Compute,/subscriptions/a1b2c3d4-0003-0003-0003-000000000003/resourceGroups/rg-app-prod/providers/Microsoft.Compute/virtualMachines/vm-standard-b2s-07,vm-standard-b2s-07,"{""team"": ""frontend"", ""environment"": ""prod"", ""costcenter"": ""CC300"", ""application"": ""customer-web"", ""business_unit"": ""product"", ""owner_email"": ""frontend-owner@company.com"", ""support_group"": ""customer-experience-support"", ""workload_criticality"": ""high"", ""sla_tier"": ""gold""}","{""ServiceType"": ""Standard"", ""VMName"": ""vm-standard-b2s-07"", ""vCPUs"": 2, ""cpuUtilPct"": 26.26, ""memoryUtilPct"": 37.91, ""diskUtilPct"": 34.25, ""idleHours"": 47, ""lastActivityAt"": ""2025-12-18T00:23:32Z""}",Compute,Usage,Azure,,
EA-9876543210,app-prod-sub,app-prod-sub,owner_0003@company.com,a1b2c3d4-0003-0003-0003-000000000003,app-prod-sub,rg-app-staging,southeastasia,2025-12-21,Virtual Machines Standard_B2s - southeastasia,Virtual Machines,Standard_B2s Series,78a50003-6630-5ba4-aad2-c10f0de71d3b,B2s,24.0,1 Hour,1.362327,0.084,0.056764,0.084,SavingsPlan,USD,Microsoft.Compute,/subscriptions/a1b2c3d4-0003-0003-0003-000000000003/resourceGroups/rg-app-staging/providers/Microsoft.Compute/virtualMachines/vm-standard-b2s-08,vm-standard-b2s-08,"{""team"": ""frontend"", ""environment"": ""staging"", ""costcenter"": ""CC300"", ""application"": ""customer-web"", ""business_unit"": ""product"", ""owner_email"": ""frontend-owner@company.com"", ""support_group"": ""customer-experience-support"", ""workload_criticality"": ""medium"", ""sla_tier"": ""silver""}","{""ServiceType"": ""Standard"", ""VMName"": ""vm-standard-b2s-08"", ""vCPUs"": 2, ""cpuUtilPct"": 13.91, ""memoryUtilPct"": 19.79, ""diskUtilPct"": 22.47, ""idleHours"": 171, ""lastActivityAt"": ""2025-12-13T02:21:57Z""}",Compute,Usage,Azure,/providers/Microsoft.BillingBenefits/savingsPlanOrders/701fab13-14ea-4d4e-8a88-54e74188810c,Compute savings plan_1Year
EA-9876543210,app-prod-sub,app-prod-sub,owner_0003@company.com,a1b2c3d4-0003-0003-0003-000000000003,app-prod-sub,rg-app-staging,eastus,2025-12-21,Virtual Machines Standard_D2s_v3 - eastus,Virtual Machines,Standard_D2s_v3 Series,bbc4f1e6-b32a-5f02-86f0-702bf6097b8b,D2s v3,24.0,1 Hour,4.071485,0.168,0.169645,0.168,OnDemand,USD,Microsoft.Compute,/subscriptions/a1b2c3d4-0003-0003-0003-000000000003/resourceGroups/rg-app-staging/providers/Microsoft.Compute/virtualMachines/vm-standard-d2s-v3-09,vm-standard-d2s-v3-09,{},"{""ServiceType"": ""Standard"", ""VMName"": ""vm-standard-d2s-v3-09"", ""vCPUs"": 2, ""cpuUtilPct"": 7.98, ""memoryUtilPct"": 20.11, ""diskUtilPct"": 22.0, ""idleHours"": 201, ""lastActivityAt"": ""2025-12-09T09:08:17Z""}",Compute,Usage,Azure,,
EA-9876543210,platform-prod-sub,platform-prod-sub,owner_0001@company.com,a1b2c3d4-0001-0001-0001-000000000001,platform-prod-sub,rg-platform-dev,eastus,2025-12-21,Virtual Machines Standard_B2s - eastus,Virtual Machines,Standard_B2s Series,7190101e-d2ab-5a56-ad8e-83f7122f17e8,B2s,24.0,1 Hour,1.997333,0.084,0.083222,0.084,OnDemand,USD,Microsoft.Compute,/subscriptions/a1b2c3d4-0001-0001-0001-000000000001/resourceGroups/rg-platform-dev/providers/Microsoft.Compute/virtualMachines/vm-standard-b2s-10,vm-standard-b2s-10,{},"{""ServiceType"": ""Standard"", ""VMName"": ""vm-standard-b2s-10"", ""vCPUs"": 2, ""cpuUtilPct"": 2.11, ""memoryUtilPct"": 9.89, ""diskUtilPct"": 2.07, ""idleHours"": 502, ""lastActivityAt"": ""2025-12-03T14:22:59Z""}",Compute,Usage,Azure,,
EA-9876543210,app-prod-sub,app-prod-sub,owner_0003@company.com,a1b2c3d4-0003-0003-0003-000000000003,app-prod-sub,rg-app-dev,eastus,2025-12-21,Virtual Machines Standard_B2s - eastus,Virtual Machines,Standard_B2s Series,7190101e-d2ab-5a56-ad8e-83f7122f17e8,B2s,24.0,1 Hour,2.007195,0.084,0.083633,0.084,OnDemand,USD,Microsoft.Compute,/subscriptions/a1b2c3d4-0003-0003-0003-000000000003/resourceGroups/rg-app-dev/providers/Microsoft.Compute/virtualMachines/vm-standard-b2s-11,vm-standard-b2s-11,{},"{""ServiceType"": ""Standard"", ""VMName"": ""vm-standard-b2s-11"", ""vCPUs"": 2, ""cpuUtilPct"": 1.64, ""memoryUtilPct"": 3.09, ""diskUtilPct"": 6.25, ""idleHours"": 628, ""lastActivityAt"": ""2025-11-11T03:43:56Z""}",Compute,Usage,Azure,,
EA-9876543210,platform-prod-sub,platform-prod-sub,owner_0001@company.com,a1b2c3d4-0001-0001-0001-000000000001,platform-prod-sub,rg-platform-prod,eastus,2025-12-21,Blob Storage - LRS - Hot - eastus,Storage,Blobs - LRS - Hot,fb8faed0-f377-5fb0-92b7-78035153a7fa,Data Stored,850.8171,1 GB/Month,0.508513,0.018,0.018,0.018,OnDemand,USD,Microsoft.Storage,/subscriptions/a1b2c3d4-0001-0001-0001-000000000001/resourceGroups/rg-platform-prod/providers/Microsoft.Storage/storageAccounts/stplatformassets,stplatformassets,{},"{""AccountType"": ""LRS"", ""cpuUtilPct"": 0.0, ""memoryUtilPct"": 0.0, ""diskUtilPct"": 45.99, ""idleHours"": 10, ""lastActivityAt"": ""2025-12-19T16:35:32Z""}",Storage,Usage,Azure,,
EA-9876543210,data-eng-prod-sub,data-eng-prod-sub,owner_0002@company.com,a1b2c3d4-0002-0002-0002-000000000002,data-eng-prod-sub,rg-data-prod,westeurope,2025-12-21,Blob Storage - ZRS - Hot - westeurope,Storage,Blobs - ZRS - Hot,9dd9b051-b91d-533a-9f70-e4838eb241bb,Data Stored,3203.1384,1 GB/Month,2.452337,0.023,0.023,0.023,OnDemand,USD,Microsoft.Storage,/subscriptions/a1b2c3d4-0002-0002-0002-000000000002/resourceGroups/rg-data-prod/providers/Microsoft.Storage/storageAccounts/stdatalake,stdatalake,"{""team"": ""data-eng"", ""environment"": ""prod"", ""costcenter"": ""CC200"", ""application"": ""data-platform"", ""business_unit"": ""data"", ""owner_email"": ""data-eng-owner@company.com"", ""support_group"": ""data-platform-ops"", ""workload_criticality"": ""high"", ""sla_tier"": ""gold""}","{""AccountType"": ""ZRS"", ""cpuUtilPct"": 0.0, ""memoryUtilPct"": 0.0, ""diskUtilPct"": 52.31, ""idleHours"": 6, ""lastActivityAt"": ""2025-12-19T06:32:26Z""}",Storage,Usage,Azure,,
EA-9876543210,app-prod-sub,app-prod-sub,owner_0003@company.com,a1b2c3d4-0003-0003-0003-000000000003,app-prod-sub,rg-app-prod,southeastasia,2025-12-21,Blob Storage - LRS - Hot - southeastasia,Storage,Blobs - LRS - Hot,3ae72a36-b458-5b93-9e16-84484844594d,Data Stored,399.8194,1 GB/Month,0.240437,0.018,0.018,0.018,OnDemand,USD,Microsoft.Storage,/subscriptions/a1b2c3d4-0003-0003-0003-000000000003/resourceGroups/rg-app-prod/providers/Microsoft.Storage/storageAccounts/stappassets,stappassets,{},"{""AccountType"": ""LRS"", ""cpuUtilPct"": 0.0, ""memoryUtilPct"": 0.0, ""diskUtilPct"": 43.37, ""idleHours"": 18, ""lastActivityAt"": ""2025-12-18T17:00:55Z""}",Storage,Usage,Azure,,
EA-9876543210,data-eng-prod-sub,data-eng-prod-sub,owner_0002@company.com,a1b2c3d4-0002-0002-0002-000000000002,data-eng-prod-sub,rg-ml-prod,westeurope,2025-12-21,Blob Storage - LRS - Hot - westeurope,Storage,Blobs - LRS - Hot,4ba045d2-b571-568f-be23-884194c5daba,Data Stored,1100.9355,1 GB/Month,0.660772,0.018,0.018,0.018,OnDemand,USD,Microsoft.Storage,/subscriptions/a1b2c3d4-0002-0002-0002-000000000002/resourceGroups/rg-ml-prod/providers/Microsoft.Storage/storageAccounts/stmlmodels,stmlmodels,"{""team"": ""ml"", ""environment"": ""prod"", ""costcenter"": ""CC500"", ""application"": ""ml-platform"", ""business_unit"": ""ai"", ""owner_email"": ""ml-owner@company.com"", ""support_group"": ""ml-platform-sre"", ""workload_criticality"": ""high"", ""sla_tier"": ""gold""}","{""AccountType"": ""LRS"", ""cpuUtilPct"": 0.0, ""memoryUtilPct"": 0.0, ""diskUtilPct"": 36.03, ""idleHours"": 0, ""lastActivityAt"": ""2025-12-18T23:40:51Z""}",Storage,Usage,Azure,,
EA-9876543210,platform-prod-sub,platform-prod-sub,owner_0001@company.com,a1b2c3d4-0001-0001-0001-000000000001,platform-prod-sub,rg-platform-prod,eastus,2025-12-21,Azure SQL Database Standard_S2 - eastus,SQL Database,Standard_S2,cd1e0b9a-8ff0-5779-9281-87ab698e2916,vCore Hours,24.0,1 Hour,7.396711,0.31,0.31,0.31,OnDemand,USD,Microsoft.Sql,/subscriptions/a1b2c3d4-0001-0001-0001-000000000001/resourceGroups/rg-platform-prod/providers/Microsoft.Sql/servers/databases/sqldb-standard-0001,sqldb-standard-0001,"{""team"": ""platform"", ""environment"": ""prod"", ""costcenter"": ""CC100"", ""application"": ""platform-core"", ""business_unit"": ""engineering"", ""owner_email"": ""platform-owner@company.com"", ""support_group"": ""platform-operations"", ""workload_criticality"": ""mission_critical"", ""sla_tier"": ""platinum""}","{""cpuUtilPct"": 35.23, ""memoryUtilPct"": 44.59, ""diskUtilPct"": 33.34, ""idleHours"": 22, ""lastActivityAt"": ""2025-12-19T23:50:23Z""}",Databases,Usage,Azure,,
EA-9876543210,data-eng-prod-sub,data-eng-prod-sub,owner_0002@company.com,a1b2c3d4-0002-0002-0002-000000000002,data-eng-prod-sub,rg-data-prod,westeurope,2025-12-21,Azure SQL Database Business Critical_BC_Gen5_4 - westeurope,SQL Database,Business Critical_BC_Gen5_4,4bab5ab0-7291-58c2-8564-3252f5053179,vCore Hours,24.0,1 Hour,53.010344,2.2,2.2,2.2,OnDemand,USD,Microsoft.Sql,/subscriptions/a1b2c3d4-0002-0002-0002-000000000002/resourceGroups/rg-data-prod/providers/Microsoft.Sql/servers/databases/sqldb-business critical-0002,sqldb-business critical-0002,"{""team"": ""data-eng"", ""environment"": ""prod"", ""costcenter"": ""CC200"", ""application"": ""data-platform"", ""business_unit"": ""data"", ""owner_email"": ""data-eng-owner@company.com"", ""support_group"": ""data-platform-ops"", ""workload_criticality"": ""high"", ""sla_tier"": ""gold""}","{""cpuUtilPct"": 33.49, ""memoryUtilPct"": 42.27, ""diskUtilPct"": 30.22, ""idleHours"": 55, ""lastActivityAt"": ""2025-12-19T03:41:55Z""}",Databases,Usage,Azure,,
EA-9876543210,app-prod-sub,app-prod-sub,owner_0003@company.com,a1b2c3d4-0003-0003-0003-000000000003,app-prod-sub,rg-app-prod,eastus,2025-12-21,Azure SQL Database General Purpose_GP_Gen5_2 - eastus,SQL Database,General Purpose_GP_Gen5_2,69e0198c-4ca3-5ac2-8540-db65f6d44c56,vCore Hours,24.0,1 Hour,14.357804,0.6,0.6,0.6,OnDemand,USD,Microsoft.Sql,/subscriptions/a1b2c3d4-0003-0003-0003-000000000003/resourceGroups/rg-app-prod/providers/Microsoft.Sql/servers/databases/sqldb-general purpose-0003,sqldb-general purpose-0003,"{""team"": ""backend"", ""environment"": ""prod"", ""costcenter"": ""CC400"", ""application"": ""core-api"", ""business_unit"": ""product"", ""owner_email"": ""backend-owner@company.com"", ""support_group"": ""api-operations"", ""workload_criticality"": ""high"", ""sla_tier"": ""gold""}","{""cpuUtilPct"": 22.48, ""memoryUtilPct"": 48.87, ""diskUtilPct"": 35.08, ""idleHours"": 63, ""lastActivityAt"": ""2025-12-19T01:02:50Z""}",Databases,Usage,Azure,,
EA-9876543210,shared-infra-sub,shared-infra-sub,owner_infra@company.com,a1b2c3d4-9999-9999-9999-000000000099,shared-infra-sub,rg-shared-infra,eastus,2025-12-21,Azure Monitor,Monitor,Data Ingested,aadff281-e00d-588e-bd69-a4630325bd50,Data Ingested,1000.0,1 Unit,45.152204,0.045,0.045,0.045,OnDemand,USD,Microsoft.SharedInfra,/subscriptions/a1b2c3d4-9999-9999-9999-000000000099/resourceGroups/rg-shared-infra/providers/Microsoft.SharedInfra/Monitor/monitor,monitor,{},"{""cpuUtilPct"": 2.03, ""memoryUtilPct"": 7.45, ""diskUtilPct"": 5.35, ""idleHours"": 435, ""lastActivityAt"": ""2025-11-30T21:53:28Z""}",Management,Usage,Azure,,
EA-9876543210,shared-infra-sub,shared-infra-sub,owner_infra@company.com,a1b2c3d4-9999-9999-9999-000000000099,shared-infra-sub,rg-shared-infra,eastus,2025-12-21,Virtual Network,Networking,Intra-Region,cc2ca1a8-2d13-5873-b301-4b8ed16ed2c0,Intra-Region,622.22,1 Unit,27.778911,0.045,0.045,0.045,OnDemand,USD,Microsoft.SharedInfra,/subscriptions/a1b2c3d4-9999-9999-9999-000000000099/resourceGroups/rg-shared-infra/providers/Microsoft.SharedInfra/Networking/networking,networking,{},"{""cpuUtilPct"": 3.8, ""memoryUtilPct"": 9.89, ""diskUtilPct"": 3.08, ""idleHours"": 501, ""lastActivityAt"": ""2025-11-16T16:17:01Z""}",Networking,Usage,Azure,,
EA-9876543210,shared-infra-sub,shared-infra-sub,owner_infra@company.com,a1b2c3d4-9999-9999-9999-000000000099,shared-infra-sub,rg-shared-infra,eastus,2025-12-21,API Management,API Management,Gateway Units,78998862-331b-5215-a4b4-8d4500189f89,Gateway Units,2666.67,1 Unit,120.273844,0.045,0.045,0.045,OnDemand,USD,Microsoft.SharedInfra,/subscriptions/a1b2c3d4-9999-9999-9999-000000000099/resourceGroups/rg-shared-infra/providers/Microsoft.SharedInfra/API Management/api-management,api-management,{},"{""cpuUtilPct"": 1.99, ""memoryUtilPct"": 4.84, ""diskUtilPct"": 4.67, ""idleHours"": 586, ""lastActivityAt"": ""2025-11-20T08:22:09Z""}",Integration,Usage,Azure,,
EA-9876543210,shared-infra-sub,shared-infra-sub,owner_infra@company.com,a1b2c3d4-9999-9999-9999-000000000099,shared-infra-sub,rg-shared-infra,eastus,2025-12-21,Azure Key Vault,Key Vault,Operations,3cb0172e-6732-5350-b439-97753364a78c,Operations,177.78,1 Unit,7.998676,0.045,0.045,0.045,OnDemand,USD,Microsoft.SharedInfra,/subscriptions/a1b2c3d4-9999-9999-9999-000000000099/resourceGroups/rg-shared-infra/providers/Microsoft.SharedInfra/Key Vault/key-vault,key-vault,{},"{""cpuUtilPct"": 2.38, ""memoryUtilPct"": 7.95, ""diskUtilPct"": 3.66, ""idleHours"": 505, ""lastActivityAt"": ""2025-11-07T21:48:23Z""}",Security,Usage,Azure,,
EA-9876543210,shared-infra-sub,shared-infra-sub,owner_infra@company.com,a1b2c3d4-9999-9999-9999-000000000099,shared-infra-sub,rg-shared-infra,eastus,2025-12-21,Azure Blob Storage,Storage,Data Stored,2e8ee991-b3b7-5136-98e5-4772405cdb0c,Data Stored,400.0,1 Unit,17.926722,0.045,0.045,0.045,OnDemand,USD,Microsoft.SharedInfra,/subscriptions/a1b2c3d4-9999-9999-9999-000000000099/resourceGroups/rg-shared-infra/providers/Microsoft.SharedInfra/Storage/storage,storage,{},"{""cpuUtilPct"": 1.53, ""memoryUtilPct"": 8.76, ""diskUtilPct"": 1.78, ""idleHours"": 633, ""lastActivityAt"": ""2025-11-18T07:22:24Z""}",Storage,Usage,Azure,,
EA-9876543210,platform-prod-sub,platform-prod-sub,owner_0001@company.com,a1b2c3d4-0001-0001-0001-000000000001,platform-prod-sub,rg-platform-prod,eastus,2025-12-22,Virtual Machines Standard_D2s_v3 - eastus,Virtual Machines,Standard_D2s_v3 Series,bbc4f1e6-b32a-5f02-86f0-702bf6097b8b,D2s v3,24.0,1 Hour,4.069769,0.168,0.169574,0.168,OnDemand,USD,Microsoft.Compute,/subscriptions/a1b2c3d4-0001-0001-0001-000000000001/resourceGroups/rg-platform-prod/providers/Microsoft.Compute/virtualMachines/vm-standard-d2s-v3-00,vm-standard-d2s-v3-00,"{""team"": ""platform"", ""environment"": ""prod"", ""costcenter"": ""CC100"", ""application"": ""platform-core"", ""business_unit"": ""engineering"", ""owner_email"": ""platform-owner@company.com"", ""support_group"": ""platform-operations"", ""workload_criticality"": ""mission_critical"", ""sla_tier"": ""platinum""}","{""ServiceType"": ""Standard"", ""VMName"": ""vm-standard-d2s-v3-00"", ""vCPUs"": 2, ""cpuUtilPct"": 43.94, ""memoryUtilPct"": 43.94, ""diskUtilPct"": 25.55, ""idleHours"": 18, ""lastActivityAt"": ""2025-12-19T11:19:18Z""}",Compute,Usage,Azure,,
EA-9876543210,platform-prod-sub,platform-prod-sub,owner_0001@company.com,a1b2c3d4-0001-0001-0001-000000000001,platform-prod-sub,rg-platform-prod,eastus,2025-12-22,Virtual Machines Standard_D2s_v3 - eastus,Virtual Machines,Standard_D2s_v3 Series,bbc4f1e6-b32a-5f02-86f0-702bf6097b8b,D2s v3,24.0,1 Hour,4.051271,0.168,0.168803,0.168,OnDemand,USD,Microsoft.Compute,/subscriptions/a1b2c3d4-0001-0001-0001-000000000001/resourceGroups/rg-platform-prod/providers/Microsoft.Compute/virtualMachines/vm-standard-d2s-v3-01,vm-standard-d2s-v3-01,"{""team"": ""platform"", ""environment"": ""prod"", ""costcenter"": ""CC100"", ""application"": ""platform-core"", ""business_unit"": ""engineering"", ""owner_email"": ""platform-owner@company.com"", ""support_group"": ""platform-operations"", ""workload_criticality"": ""mission_critical"", ""sla_tier"": ""platinum""}","{""ServiceType"": ""Standard"", ""VMName"": ""vm-standard-d2s-v3-01"", ""vCPUs"": 2, ""cpuUtilPct"": 40.32, ""memoryUtilPct"": 41.5, ""diskUtilPct"": 31.75, ""idleHours"": 14, ""lastActivityAt"": ""2025-12-19T13:26:51Z""}",Compute,Usage,Azure,,
EA-9876543210,app-prod-sub,app-prod-sub,owner_0003@company.com,a1b2c3d4-0003-0003-0003-000000000003,app-prod-sub,rg-app-prod,eastus,2025-12-22,Virtual Machines Standard_D4s_v3 - eastus,Virtual Machines,Standard_D4s_v3 Series,6c8e1236-a3aa-53d7-8e09-dadb98f69027,D4s v3,24.0,1 Hour,8.130577,0.336,0.338774,0.336,OnDemand,USD,Microsoft.Compute,/subscriptions/a1b2c3d4-0003-0003-0003-000000000003/resourceGroups/rg-app-prod/providers/Microsoft.Compute/virtualMachines/vm-standard-d4s-v3-02,vm-standard-d4s-v3-02,"{""team"": ""backend"", ""environment"": ""prod"", ""costcenter"": ""CC400"", ""application"": ""core-api"", ""business_unit"": ""product"", ""owner_email"": ""backend-owner@company.com"", ""support_group"": ""api-operations"", ""workload_criticality"": ""high"", ""sla_tier"": ""gold""}","{""ServiceType"": ""Standard"", ""VMName"": ""vm-standard-d4s-v3-02"", ""vCPUs"": 4, ""cpuUtilPct"": 29.68, ""memoryUtilPct"": 38.12, ""diskUtilPct"": 27.51, ""idleHours"": 26, ""lastActivityAt"": ""2025-12-19T04:20:04Z""}",Compute,Usage,Azure,,
EA-9876543210,data-eng-prod-sub,data-eng-prod-sub,owner_0002@company.com,a1b2c3d4-0002-0002-0002-000000000002,data-eng-prod-sub,rg-data-prod,westeurope,2025-12-22,Virtual Machines Standard_E4s_v3 - westeurope,Virtual Machines,Standard_E4s_v3 Series,7373fa15-5d45-5d30-a83f-72064e156f94,E4s v3,24.0,1 Hour,5.76335,0.364,0.24014,0.364,Reservation,USD,Microsoft.Compute,/subscriptions/a1b2c3d4-0002-0002-0002-000000000002/resourceGroups/rg-data-prod/providers/Microsoft.Compute/virtualMachines/vm-standard-e4s-v3-03,vm-standard-e4s-v3-03,{},"{""ServiceType"": ""Standard"", ""VMName"": ""vm-standard-e4s-v3-03"", ""vCPUs"": 4, ""cpuUtilPct"": 40.58, ""memoryUtilPct"": 47.55, ""diskUtilPct"": 21.14, ""idleHours"": 37, ""lastActivityAt"": ""2025-12-19T15:31:44Z""}",Compute,Usage,Azure,/providers/Microsoft.BillingBenefits/savingsPlanOrders/63b282f2-bebc-4af5-a8b1-482b22c441a9,Reserved VM Instance_westeurope_1Year
EA-9876543210,data-eng-prod-sub,data-eng-prod-sub,owner_0002@company.com,a1b2c3d4-0002-0002-0002-000000000002,data-eng-prod-sub,rg-data-prod,westeurope,2025-12-22,Virtual Machines Standard_E8s_v3 - westeurope,Virtual Machines,Standard_E8s_v3 Series,2b9593f7-8692-56d9-b10a-a624f400da47,E8s v3,24.0,1 Hour,11.93391,0.728,0.497246,0.728,Reservation,USD,Microsoft.Compute,/subscriptions/a1b2c3d4-0002-0002-0002-000000000002/resourceGroups/rg-data-prod/providers/Microsoft.Compute/virtualMachines/vm-standard-e8s-v3-04,vm-standard-e8s-v3-04,"{""team"": ""data-eng"", ""environment"": ""prod"", ""costcenter"": ""CC200"", ""application"": ""data-platform"", ""business_unit"": ""data"", ""owner_email"": ""data-eng-owner@company.com"", ""support_group"": ""data-platform-ops"", ""workload_criticality"": ""high"", ""sla_tier"": ""gold""}","{""ServiceType"": ""Standard"", ""VMName"": ""vm-standard-e8s-v3-04"", ""vCPUs"": 8, ""cpuUtilPct"": 23.93, ""memoryUtilPct"": 31.77, ""diskUtilPct"": 27.31, ""idleHours"": 33, ""lastActivityAt"": ""2025-12-20T11:32:38Z""}",Compute,Usage,Azure,/providers/Microsoft.BillingBenefits/savingsPlanOrders/0dcdd05b-9b27-4eb8-8f30-99093f3a8ebb,Reserved VM Instance_westeurope_1Year
EA-9876543210,data-eng-prod-sub,data-eng-prod-sub,owner_0002@company.com,a1b2c3d4-0002-0002-0002-000000000002,data-eng-prod-sub,rg-ml-prod,westeurope,2025-12-22,Virtual Machines Standard_F4s_v2 - westeurope,Virtual Machines,Standard_F4s_v2 Series,303bf71a-6d52-56d9-8e75-95552aa01c86,F4s v2,24.0,1 Hour,6.085873,0.252,0.253578,0.252,OnDemand,USD,Microsoft.Compute,/subscriptions/a1b2c3d4-0002-0002-0002-000000000002/resourceGroups/rg-ml-prod/providers/Microsoft.Compute/virtualMachines/vm-standard-f4s-v2-05,vm-standard-f4s-v2-05,{},"{""ServiceType"": ""Standard"", ""VMName"": ""vm-standard-f4s-v2-05"", ""vCPUs"": 4, ""cpuUtilPct"": 29.87, ""memoryUtilPct"": 30.12, ""diskUtilPct"": 34.0, ""idleHours"": 69, ""lastActivityAt"": ""2025-12-18T15:46:20Z""}",Compute,Usage,Azure,,
EA-9876543210,data-eng-prod-sub,data-eng-prod-sub,owner_0002@company.com,a1b2c3d4-0002-0002-0002-000000000002,data-eng-prod-sub,rg-ml-prod,westeurope,2025-12-22,Virtual Machines Standard_D8s_v3 - westeurope,Virtual Machines,Standard_D8s_v3 Series,348575ff-7ae0-57e5-896e-037d67179117,D8s v3,24.0,1 Hour,11.078495,0.672,0.461604,0.672,Reservation,USD,Microsoft.Compute,/subscriptions/a1b2c3d4-0002-0002-0002-000000000002/resourceGroups/rg-ml-prod/providers/Microsoft.Compute/virtualMachines/vm-standard-d8s-v3-06,vm-standard-d8s-v3-06,"{""team"": ""ml"", ""environment"": ""prod"", ""costcenter"": ""CC500"", ""application"": ""ml-platform"", ""business_unit"": ""ai"", ""owner_email"": ""ml-owner@company.com"", ""support_group"": ""ml-platform-sre"", ""workload_criticality"": ""high"", ""sla_tier"": ""gold""}","{""ServiceType"": ""Standard"", ""VMName"": ""vm-standard-d8s-v3-06"", ""vCPUs"": 8, ""cpuUtilPct"": 25.42, ""memoryUtilPct"": 37.91, ""diskUtilPct"": 36.21, ""idleHours"": 58, ""lastActivityAt"": ""2025-12-19T02:04:41Z""}",Compute,Usage,Azure,/providers/Microsoft.BillingBenefits/savingsPlanOrders/d9c5393e-ff01-4242-b1b0-e014d88c9420,Reserved VM Instance_westeurope_1Year
EA-9876543210,data-eng-prod-sub,data-eng-prod-sub,owner_0002@company.com,a1b2c3d4-0002-0002-0002-000000000002,data-eng-prod-sub,rg-ml-prod,westeurope,2025-12-22,Unused Reservation - vm-standard-d8s-v3-06,Virtual Machines,Unused Capacity,f4b099e8-c078-5bb8-8b57-1367a8719d1a,Unused,0.0,1 Hour,1.979464,0.0,0.0,0.672,Reservation,USD,Microsoft.Compute,,vm-standard-d8s-v3-06,"{""team"": ""ml"", ""environment"": ""prod"", ""costcenter"": ""CC500"", ""application"": ""ml-platform"", ""business_unit"": ""ai"", ""owner_email"": ""ml-owner@company.com"", ""support_group"": ""ml-platform-sre"", ""workload_criticality"": ""high"", ""sla_tier"": ""gold""}","{""cpuUtilPct"": 25.42, ""memoryUtilPct"": 37.91, ""diskUtilPct"": 36.21, ""idleHours"": 58, ""lastActivityAt"": ""2025-12-19T02:04:41Z""}",Compute,UnusedReservation,Azure,/providers/Microsoft.BillingBenefits/savingsPlanOrders/5040da21-cfb0-4354-80f1-4218df3c0690,Reserved VM Instance_westeurope_1Year
EA-9876543210,app-prod-sub,app-prod-sub,owner_0003@company.com,a1b2c3d4-0003-0003-0003-000000000003,app-prod-sub,rg-app-staging,southeastasia,2025-12-22,Virtual Machines Standard_B2s - southeastasia,Virtual Machines,Standard_B2s Series,78a50003-6630-5ba4-aad2-c10f0de71d3b,B2s,24.0,1 Hour,1.511203,0.084,0.062967,0.084,SavingsPlan,USD,Microsoft.Compute,/subscriptions/a1b2c3d4-0003-0003-0003-000000000003/resourceGroups/rg-app-staging/providers/Microsoft.Compute/virtualMachines/vm-standard-b2s-08,vm-standard-b2s-08,"{""team"": ""frontend"", ""environment"": ""staging"", ""costcenter"": ""CC300"", ""application"": ""customer-web"", ""business_unit"": ""product"", ""owner_email"": ""frontend-owner@company.com"", ""support_group"": ""customer-experience-support"", ""workload_criticality"": ""medium"", ""sla_tier"": ""silver""}","{""ServiceType"": ""Standard"", ""VMName"": ""vm-standard-b2s-08"", ""vCPUs"": 2, ""cpuUtilPct"": 8.4, ""memoryUtilPct"": 25.25, ""diskUtilPct"": 22.32, ""idleHours"": 87, ""lastActivityAt"": ""2025-12-15T17:35:55Z""}",Compute,Usage,Azure,/providers/Microsoft.BillingBenefits/savingsPlanOrders/e0f7bd32-bb16-4f1f-bb32-6d17d4eda8cc,Compute savings plan_1Year
EA-9876543210,app-prod-sub,app-prod-sub,owner_0003@company.com,a1b2c3d4-0003-0003-0003-000000000003,app-prod-sub,rg-app-staging,southeastasia,2025-12-22,Unused Reservation - vm-standard-b2s-08,Virtual Machines,Unused Capacity,5c87b6f2-e059-5acf-8e8b-8437c4baec0b,Unused,0.0,1 Hour,0.080505,0.0,0.0,0.084,SavingsPlan,USD,Microsoft.Compute,,vm-standard-b2s-08,"{""team"": ""frontend"", ""environment"": ""staging"", ""costcenter"": ""CC300"", ""application"": ""customer-web"", ""business_unit"": ""product"", ""owner_email"": ""frontend-owner@company.com"", ""support_group"": ""customer-experience-support"", ""workload_criticality"": ""medium"", ""sla_tier"": ""silver""}","{""cpuUtilPct"": 8.4, ""memoryUtilPct"": 25.25, ""diskUtilPct"": 22.32, ""idleHours"": 87, ""lastActivityAt"": ""2025-12-15T17:35:55Z""}",Compute,UnusedSavingsPlan,Azure,/providers/Microsoft.BillingBenefits/savingsPlanOrders/7f93e324-858f-49ac-9691-f48668ed8fa2,Compute savings plan_1Year
EA-9876543210,app-prod-sub,app-prod-sub,owner_0003@company.com,a1b2c3d4-0003-0003-0003-000000000003,app-prod-sub,rg-app-staging,eastus,2025-12-22,Virtual Machines Standard_D2s_v3 - eastus,Virtual Machines,Standard_D2s_v3 Series,bbc4f1e6-b32a-5f02-86f0-702bf6097b8b,D2s v3,24.0,1 Hour,4.044895,0.168,0.168537,0.168,OnDemand,USD,Microsoft.Compute,/subscriptions/a1b2c3d4-0003-0003-0003-000000000003/resourceGroups/rg-app-staging/providers/Microsoft.Compute/virtualMachines/vm-standard-d2s-v3-09,vm-standard-d2s-v3-09,"{""team"": ""backend"", ""environment"": ""staging"", ""costcenter"": ""CC400"", ""application"": ""core-api"", ""business_unit"": ""product"", ""owner_email"": ""backend-owner@company.com"", ""support_group"": ""api-operations"", ""workload_criticality"": ""medium"", ""sla_tier"": ""silver""}","{""ServiceType"": ""Standard"", ""VMName"": ""vm-standard-d2s-v3-09"", ""vCPUs"": 2, ""cpuUtilPct"": 11.8, ""memoryUtilPct"": 21.71, ""diskUtilPct"": 15.7, ""idleHours"": 199, ""lastActivityAt"": ""2025-12-16T10:27:11Z""}",Compute,Usage,Azure,,
EA-9876543210,platform-prod-sub,platform-prod-sub,owner_0001@company.com,a1b2c3d4-0001-0001-0001-000000000001,platform-prod-sub,rg-platform-dev,eastus,2025-12-22,Virtual Machines Standard_B2s - eastus,Virtual Machines,Standard_B2s Series,7190101e-d2ab-5a56-ad8e-83f7122f17e8,B2s,24.0,1 Hour,2.032108,0.084,0.084671,0.084,OnDemand,USD,Microsoft.Compute,/subscriptions/a1b2c3d4-0001-0001-0001-000000000001/resourceGroups/rg-platform-dev/providers/Microsoft.Compute/virtualMachines/vm-standard-b2s-10,vm-standard-b2s-10,"{""team"": ""platform"", ""environment"": ""dev"", ""costcenter"": ""CC100"", ""application"": ""platform-core"", ""business_unit"": ""engineering"", ""owner_email"": ""platform-owner@company.com"", ""support_group"": ""platform-operations"", ""workload_criticality"": ""low"", ""sla_tier"": ""bronze""}","{""ServiceType"": ""Standard"", ""VMName"": ""vm-standard-b2s-10"", ""vCPUs"": 2, ""cpuUtilPct"": 3.41, ""memoryUtilPct"": 2.94, ""diskUtilPct"": 4.24, ""idleHours"": 606, ""lastActivityAt"": ""2025-11-13T11:36:10Z""}",Compute,Usage,Azure,,
EA-9876543210,app-prod-sub,app-prod-sub,owner_0003@company.com,a1b2c3d4-0003-0003-0003-000000000003,app-prod-sub,rg-app-dev,eastus,2025-12-22,Virtual Machines Standard_B2s - eastus,Virtual Machines,Standard_B2s Series,7190101e-d2ab-5a56-ad8e-83f7122f17e8,B2s,24.0,1 Hour,2.027411,0.084,0.084475,0.084,OnDemand,USD,Microsoft.Compute,/subscriptions/a1b2c3d4-0003-0003-0003-000000000003/resourceGroups/rg-app-dev/providers/Microsoft.Compute/virtualMachines/vm-standard-b2s-11,vm-standard-b2s-11,{},"{""ServiceType"": ""Standard"", ""VMName"": ""vm-standard-b2s-11"", ""vCPUs"": 2, ""cpuUtilPct"": 1.11, ""memoryUtilPct"": 2.55, ""diskUtilPct"": 7.09, ""idleHours"": 607, ""lastActivityAt"": ""2025-11-26T22:07:01Z""}",Compute,Usage,Azure,,
EA-9876543210,platform-prod-sub,platform-prod-sub,owner_0001@company.com,a1b2c3d4-0001-0001-0001-000000000001,platform-prod-sub,rg-platform-prod,eastus,2025-12-22,Blob Storage - LRS - Hot - eastus,Storage,Blobs - LRS - Hot,fb8faed0-f377-5fb0-92b7-78035153a7fa,Data Stored,849.1991,1 GB/Month,0.510221,0.018,0.018,0.018,OnDemand,USD,Microsoft.Storage,/subscriptions/a1b2c3d4-0001-0001-0001-000000000001/resourceGroups/rg-platform-prod/providers/Microsoft.Storage/storageAccounts/stplatformassets,stplatformassets,{},"{""AccountType"": ""LRS"", ""cpuUtilPct"": 0.0, ""memoryUtilPct"": 0.0, ""diskUtilPct"": 37.24, ""idleHours"": 13, ""lastActivityAt"": ""2025-12-20T00:04:26Z""}",Storage,Usage,Azure,,
EA-9876543210,data-eng-prod-sub,data-eng-prod-sub,owner_0002@company.com,a1b2c3d4-0002-0002-0002-000000000002,data-eng-prod-sub,rg-data-prod,westeurope,2025-12-22,Blob Storage - ZRS - Hot - westeurope,Storage,Blobs - ZRS - Hot,9dd9b051-b91d-533a-9f70-e4838eb241bb,Data Stored,3202.6255,1 GB/Month,2.459458,0.023,0.023,0.023,OnDemand,USD,Microsoft.Storage,/subscriptions/a1b2c3d4-0002-0002-0002-000000000002/resourceGroups/rg-data-prod/providers/Microsoft.Storage/storageAccounts/stdatalake,stdatalake,"{""team"": ""data-eng"", ""environment"": ""prod"", ""costcenter"": ""CC200"", ""application"": ""data-platform"", ""business_unit"": ""data"", ""owner_email"": ""data-eng-owner@company.com"", ""support_group"": ""data-platform-ops"", ""workload_criticality"": ""high"", ""sla_tier"": ""gold""}","{""AccountType"": ""ZRS"", ""cpuUtilPct"": 0.0, ""memoryUtilPct"": 0.0, ""diskUtilPct"": 55.81, ""idleHours"": 10, ""lastActivityAt"": ""2025-12-20T15:12:15Z""}",Storage,Usage,Azure,,
EA-9876543210,app-prod-sub,app-prod-sub,owner_0003@company.com,a1b2c3d4-0003-0003-0003-000000000003,app-prod-sub,rg-app-prod,southeastasia,2025-12-22,Blob Storage - LRS - Hot - southeastasia,Storage,Blobs - LRS - Hot,3ae72a36-b458-5b93-9e16-84484844594d,Data Stored,399.8412,1 GB/Month,0.240537,0.018,0.018,0.018,OnDemand,USD,Microsoft.Storage,/subscriptions/a1b2c3d4-0003-0003-0003-000000000003/resourceGroups/rg-app-prod/providers/Microsoft.Storage/storageAccounts/stappassets,stappassets,"{""team"": ""frontend"", ""environment"": ""prod"", ""costcenter"": ""CC300"", ""application"": ""customer-web"", ""business_unit"": ""product"", ""owner_email"": ""frontend-owner@company.com"", ""support_group"": ""customer-experience-support"", ""workload_criticality"": ""high"", ""sla_tier"": ""gold""}","{""AccountType"": ""LRS"", ""cpuUtilPct"": 0.0, ""memoryUtilPct"": 0.0, ""diskUtilPct"": 39.71, ""idleHours"": 11, ""lastActivityAt"": ""2025-12-19T17:33:55Z""}",Storage,Usage,Azure,,
EA-9876543210,data-eng-prod-sub,data-eng-prod-sub,owner_0002@company.com,a1b2c3d4-0002-0002-0002-000000000002,data-eng-prod-sub,rg-ml-prod,westeurope,2025-12-22,Blob Storage - LRS - Hot - westeurope,Storage,Blobs - LRS - Hot,4ba045d2-b571-568f-be23-884194c5daba,Data Stored,1100.9774,1 GB/Month,0.659842,0.018,0.018,0.018,OnDemand,USD,Microsoft.Storage,/subscriptions/a1b2c3d4-0002-0002-0002-000000000002/resourceGroups/rg-ml-prod/providers/Microsoft.Storage/storageAccounts/stmlmodels,stmlmodels,"{""team"": ""ml"", ""environment"": ""prod"", ""costcenter"": ""CC500"", ""application"": ""ml-platform"", ""business_unit"": ""ai"", ""owner_email"": ""ml-owner@company.com"", ""support_group"": ""ml-platform-sre"", ""workload_criticality"": ""high"", ""sla_tier"": ""gold""}","{""AccountType"": ""LRS"", ""cpuUtilPct"": 0.0, ""memoryUtilPct"": 0.0, ""diskUtilPct"": 61.3, ""idleHours"": 10, ""lastActivityAt"": ""2025-12-21T03:05:26Z""}",Storage,Usage,Azure,,
EA-9876543210,platform-prod-sub,platform-prod-sub,owner_0001@company.com,a1b2c3d4-0001-0001-0001-000000000001,platform-prod-sub,rg-platform-prod,eastus,2025-12-22,Azure SQL Database Standard_S2 - eastus,SQL Database,Standard_S2,cd1e0b9a-8ff0-5779-9281-87ab698e2916,vCore Hours,24.0,1 Hour,7.441395,0.31,0.31,0.31,OnDemand,USD,Microsoft.Sql,/subscriptions/a1b2c3d4-0001-0001-0001-000000000001/resourceGroups/rg-platform-prod/providers/Microsoft.Sql/servers/databases/sqldb-standard-0001,sqldb-standard-0001,"{""team"": ""platform"", ""environment"": ""prod"", ""costcenter"": ""CC100"", ""application"": ""platform-core"", ""business_unit"": ""engineering"", ""owner_email"": ""platform-owner@company.com"", ""support_group"": ""platform-operations"", ""workload_criticality"": ""mission_critical"", ""sla_tier"": ""platinum""}","{""cpuUtilPct"": 38.57, ""memoryUtilPct"": 51.41, ""diskUtilPct"": 41.77, ""idleHours"": 12, ""lastActivityAt"": ""2025-12-20T21:56:40Z""}",Databases,Usage,Azure,,
EA-9876543210,data-eng-prod-sub,data-eng-prod-sub,owner_0002@company.com,a1b2c3d4-0002-0002-0002-000000000002,data-eng-prod-sub,rg-data-prod,westeurope,2025-12-22,Azure SQL Database Business Critical_BC_Gen5_4 - westeurope,SQL Database,Business Critical_BC_Gen5_4,4bab5ab0-7291-58c2-8564-3252f5053179,vCore Hours,24.0,1 Hour,52.682715,2.2,2.2,2.2,OnDemand,USD,Microsoft.Sql,/subscriptions/a1b2c3d4-0002-0002-0002-000000000002/resourceGroups/rg-data-prod/providers/Microsoft.Sql/servers/databases/sqldb-business critical-0002,sqldb-business critical-0002,"{""team"": ""data-eng"", ""environment"": ""prod"", ""costcenter"": ""CC200"", ""application"": ""data-platform"", ""business_unit"": ""data"", ""owner_email"": ""data-eng-owner@company.com"", ""support_group"": ""data-platform-ops"", ""workload_criticality"": ""high"", ""sla_tier"": ""gold""}","{""cpuUtilPct"": 40.1, ""memoryUtilPct"": 47.17, ""diskUtilPct"": 22.04, ""idleHours"": 60, ""lastActivityAt"": ""2025-12-20T10:28:31Z""}",Databases,Usage,Azure,,
EA-9876543210,app-prod-sub,app-prod-sub,owner_0003@company.com,a1b2c3d4-0003-0003-0003-000000000003,app-prod-sub,rg-app-prod,eastus,2025-12-22,Azure SQL Database General Purpose_GP_Gen5_2 - eastus,SQL Database,General Purpose_GP_Gen5_2,69e0198c-4ca3-5ac2-8540-db65f6d44c56,vCore Hours,24.0,1 Hour,14.383601,0.6,0.6,0.6,OnDemand,USD,Microsoft.Sql,/subscriptions/a1b2c3d4-0003-0003-0003-000000000003/resourceGroups/rg-app-prod/providers/Microsoft.Sql/servers/databases/sqldb-general purpose-0003,sqldb-general purpose-0003,"{""team"": ""backend"", ""environment"": ""prod"", ""costcenter"": ""CC400"", ""application"": ""core-api"", ""business_unit"": ""product"", ""owner_email"": ""backend-owner@company.com"", ""support_group"": ""api-operations"", ""workload_criticality"": ""high"", ""sla_tier"": ""gold""}","{""cpuUtilPct"": 35.45, ""memoryUtilPct"": 31.5, ""diskUtilPct"": 27.06, ""idleHours"": 54, ""lastActivityAt"": ""2025-12-19T00:16:35Z""}",Databases,Usage,Azure,,
EA-9876543210,shared-infra-sub,shared-infra-sub,owner_infra@company.com,a1b2c3d4-9999-9999-9999-000000000099,shared-infra-sub,rg-shared-infra,eastus,2025-12-22,Azure Monitor,Monitor,Data Ingested,aadff281-e00d-588e-bd69-a4630325bd50,Data Ingested,1000.0,1 Unit,44.772073,0.045,0.045,0.045,OnDemand,USD,Microsoft.SharedInfra,/subscriptions/a1b2c3d4-9999-9999-9999-000000000099/resourceGroups/rg-shared-infra/providers/Microsoft.SharedInfra/Monitor/monitor,monitor,{},"{""cpuUtilPct"": 3.96, ""memoryUtilPct"": 7.72, ""diskUtilPct"": 4.27, ""idleHours"": 505, ""lastActivityAt"": ""2025-11-27T07:11:35Z""}",Management,Usage,Azure,,
EA-9876543210,shared-infra-sub,shared-infra-sub,owner_infra@company.com,a1b2c3d4-9999-9999-9999-000000000099,shared-infra-sub,rg-shared-infra,eastus,2025-12-22,Virtual Network,Networking,Intra-Region,cc2ca1a8-2d13-5873-b301-4b8ed16ed2c0,Intra-Region,622.22,1 Unit,28.202861,0.045,0.045,0.045,OnDemand,USD,Microsoft.SharedInfra,/subscriptions/a1b2c3d4-9999-9999-9999-000000000099/resourceGroups/rg-shared-infra/providers/Microsoft.SharedInfra/Networking/networking,networking,{},"{""cpuUtilPct"": 2.89, ""memoryUtilPct"": 8.65, ""diskUtilPct"": 7.74, ""idleHours"": 606, ""lastActivityAt"": ""2025-11-24T15:47:43Z""}",Networking,Usage,Azure,,
EA-9876543210,shared-infra-sub,shared-infra-sub,owner_infra@company.com,a1b2c3d4-9999-9999-9999-000000000099,shared-infra-sub,rg-shared-infra,eastus,2025-12-22,API Management,API Management,Gateway Units,78998862-331b-5215-a4b4-8d4500189f89,Gateway Units,2666.67,1 Unit,119.379223,0.045,0.045,0.045,OnDemand,USD,Microsoft.SharedInfra,/subscriptions/a1b2c3d4-9999-9999-9999-000000000099/resourceGroups/rg-shared-infra/providers/Microsoft.SharedInfra/API Management/api-management,api-management,{},"{""cpuUtilPct"": 2.59, ""memoryUtilPct"": 6.09, ""diskUtilPct"": 7.27, ""idleHours"": 640, ""lastActivityAt"": ""2025-12-06T02:39:18Z""}",Integration,Usage,Azure,,
EA-9876543210,shared-infra-sub,shared-infra-sub,owner_infra@company.com,a1b2c3d4-9999-9999-9999-000000000099,shared-infra-sub,rg-shared-infra,eastus,2025-12-22,Azure Key Vault,Key Vault,Operations,3cb0172e-6732-5350-b439-97753364a78c,Operations,177.78,1 Unit,7.997813,0.045,0.045,0.045,OnDemand,USD,Microsoft.SharedInfra,/subscriptions/a1b2c3d4-9999-9999-9999-000000000099/resourceGroups/rg-shared-infra/providers/Microsoft.SharedInfra/Key Vault/key-vault,key-vault,{},"{""cpuUtilPct"": 2.31, ""memoryUtilPct"": 7.9, ""diskUtilPct"": 1.77, ""idleHours"": 616, ""lastActivityAt"": ""2025-11-23T00:25:20Z""}",Security,Usage,Azure,,
EA-9876543210,shared-infra-sub,shared-infra-sub,owner_infra@company.com,a1b2c3d4-9999-9999-9999-000000000099,shared-infra-sub,rg-shared-infra,eastus,2025-12-22,Azure Blob Storage,Storage,Data Stored,2e8ee991-b3b7-5136-98e5-4772405cdb0c,Data Stored,400.0,1 Unit,18.040404,0.045,0.045,0.045,OnDemand,USD,Microsoft.SharedInfra,/subscriptions/a1b2c3d4-9999-9999-9999-000000000099/resourceGroups/rg-shared-infra/providers/Microsoft.SharedInfra/Storage/storage,storage,{},"{""cpuUtilPct"": 3.8, ""memoryUtilPct"": 9.88, ""diskUtilPct"": 4.62, ""idleHours"": 571, ""lastActivityAt"": ""2025-11-29T16:54:18Z""}",Storage,Usage,Azure,,
EA-9876543210,platform-prod-sub,platform-prod-sub,owner_0001@company.com,a1b2c3d4-0001-0001-0001-000000000001,platform-prod-sub,rg-platform-prod,eastus,2025-12-23,Virtual Machines Standard_D2s_v3 - eastus,Virtual Machines,Standard_D2s_v3 Series,bbc4f1e6-b32a-5f02-86f0-702bf6097b8b,D2s v3,24.0,1 Hour,4.058635,0.168,0.16911,0.168,OnDemand,USD,Microsoft.Compute,/subscriptions/a1b2c3d4-0001-0001-0001-000000000001/resourceGroups/rg-platform-prod/providers/Microsoft.Compute/virtualMachines/vm-standard-d2s-v3-00,vm-standard-d2s-v3-00,"{""team"": ""platform"", ""environment"": ""prod"", ""costcenter"": ""CC100"", ""application"": ""platform-core"", ""business_unit"": ""engineering"", ""owner_email"": ""platform-owner@company.com"", ""support_group"": ""platform-operations"", ""workload_criticality"": ""mission_critical"", ""sla_tier"": ""platinum""}","{""ServiceType"": ""Standard"", ""VMName"": ""vm-standard-d2s-v3-00"", ""vCPUs"": 2, ""cpuUtilPct"": 41.05, ""memoryUtilPct"": 53.04, ""diskUtilPct"": 26.98, ""idleHours"": 10, ""lastActivityAt"": ""2025-12-21T04:04:28Z""}",Compute,Usage,Azure,,
EA-9876543210,platform-prod-sub,platform-prod-sub,owner_0001@company.com,a1b2c3d4-0001-0001-0001-000000000001,platform-prod-sub,rg-platform-prod,eastus,2025-12-23,Virtual Machines Standard_D2s_v3 - eastus,Virtual Machines,Standard_D2s_v3 Series,bbc4f1e6-b32a-5f02-86f0-702bf6097b8b,D2s v3,24.0,1 Hour,4.009563,0.168,0.167065,0.168,OnDemand,USD,Microsoft.Compute,/subscriptions/a1b2c3d4-0001-0001-0001-000000000001/resourceGroups/rg-platform-prod/providers/Microsoft.Compute/virtualMachines/vm-standard-d2s-v3-01,vm-standard-d2s-v3-01,"{""team"": ""platform"", ""environment"": ""prod"", ""costcenter"": ""CC100"", ""application"": ""platform-core"", ""business_unit"": ""engineering"", ""owner_email"": ""platform-owner@company.com"", ""support_group"": ""platform-operations"", ""workload_criticality"": ""mission_critical"", ""sla_tier"": ""platinum""}","{""ServiceType"": ""Standard"", ""VMName"": ""vm-standard-d2s-v3-01"", ""vCPUs"": 2, ""cpuUtilPct"": 54.25, ""memoryUtilPct"": 47.63, ""diskUtilPct"": 40.76, ""idleHours"": 20, ""lastActivityAt"": ""2025-12-21T23:01:46Z""}",Compute,Usage,Azure,,
EA-9876543210,app-prod-sub,app-prod-sub,owner_0003@company.com,a1b2c3d4-0003-0003-0003-000000000003,app-prod-sub,rg-app-prod,eastus,2025-12-23,Virtual Machines Standard_D4s_v3 - eastus,Virtual Machines,Standard_D4s_v3 Series,6c8e1236-a3aa-53d7-8e09-dadb98f69027,D4s v3,24.0,1 Hour,8.019087,0.336,0.334129,0.336,OnDemand,USD,Microsoft.Compute,/subscriptions/a1b2c3d4-0003-0003-0003-000000000003/resourceGroups/rg-app-prod/providers/Microsoft.Compute/virtualMachines/vm-standard-d4s-v3-02,vm-standard-d4s-v3-02,"{""team"": ""backend"", ""environment"": ""prod"", ""costcenter"": ""CC400"", ""application"": ""core-api"", ""business_unit"": ""product"", ""owner_email"": ""backend-owner@company.com"", ""support_group"": ""api-operations"", ""workload_criticality"": ""high"", ""sla_tier"": ""gold""}","{""ServiceType"": ""Standard"", ""VMName"": ""vm-standard-d4s-v3-02"", ""vCPUs"": 4, ""cpuUtilPct"": 24.69, ""memoryUtilPct"": 31.03, ""diskUtilPct"": 37.38, ""idleHours"": 71, ""lastActivityAt"": ""2025-12-20T07:50:27Z""}",Compute,Usage,Azure,,
EA-9876543210,data-eng-prod-sub,data-eng-prod-sub,owner_0002@company.com,a1b2c3d4-0002-0002-0002-000000000002,data-eng-prod-sub,rg-data-prod,westeurope,2025-12-23,Virtual Machines Standard_E4s_v3 - westeurope,Virtual Machines,Standard_E4s_v3 Series,7373fa15-5d45-5d30-a83f-72064e156f94,E4s v3,24.0,1 Hour,5.92661,0.364,0.246942,0.364,Reservation,USD,Microsoft.Compute,/subscriptions/a1b2c3d4-0002-0002-0002-000000000002/resourceGroups/rg-data-prod/providers/Microsoft.Compute/virtualMachines/vm-standard-e4s-v3-03,vm-standard-e4s-v3-03,{},"{""ServiceType"": ""Standard"", ""VMName"": ""vm-standard-e4s-v3-03"", ""vCPUs"": 4, ""cpuUtilPct"": 39.15, ""memoryUtilPct"": 35.1, ""diskUtilPct"": 21.46, ""idleHours"": 69, ""lastActivityAt"": ""2025-12-18T11:49:19Z""}",Compute,Usage,Azure,/providers/Microsoft.BillingBenefits/savingsPlanOrders/31bee6af-4a4d-4ec2-98ae-f976b9df1c1b,Reserved VM Instance_westeurope_1Year
EA-9876543210,data-eng-prod-sub,data-eng-prod-sub,owner_0002@company.com,a1b2c3d4-0002-0002-0002-000000000002,data-eng-prod-sub,rg-data-prod,westeurope,2025-12-23,Unused Reservation - vm-standard-e4s-v3-03,Virtual Machines,Unused Capacity,7596e682-061a-5d35-a6cf-1efcccd5b0cb,Unused,0.0,1 Hour,0.392603,0.0,0.0,0.364,Reservation,USD,Microsoft.Compute,,vm-standard-e4s-v3-03,"{""team"": ""data-eng"", ""environment"": ""prod"", ""costcenter"": ""CC200"", ""application"": ""data-platform"", ""business_unit"": ""data"", ""owner_email"": ""data-eng-owner@company.com"", ""support_group"": ""data-platform-ops"", ""workload_criticality"": ""high"", ""sla_tier"": ""gold""}","{""cpuUtilPct"": 39.15, ""memoryUtilPct"": 35.1, ""diskUtilPct"": 21.46, ""idleHours"": 69, ""lastActivityAt"": ""2025-12-18T11:49:19Z""}",Compute,UnusedReservation,Azure,/providers/Microsoft.BillingBenefits/savingsPlanOrders/347735bd-2abc-4021-8857-2992eec0dbd6,Reserved VM Instance_westeurope_1Year
EA-9876543210,data-eng-prod-sub,data-eng-prod-sub,owner_0002@company.com,a1b2c3d4-0002-0002-0002-000000000002,data-eng-prod-sub,rg-data-prod,westeurope,2025-12-23,Virtual Machines Standard_E8s_v3 - westeurope,Virtual Machines,Standard_E8s_v3 Series,2b9593f7-8692-56d9-b10a-a624f400da47,E8s v3,24.0,1 Hour,10.291514,0.728,0.428813,0.728,Reservation,USD,Microsoft.Compute,/subscriptions/a1b2c3d4-0002-0002-0002-000000000002/resourceGroups/rg-data-prod/providers/Microsoft.Compute/virtualMachines/vm-standard-e8s-v3-04,vm-standard-e8s-v3-04,"{""team"": ""data-eng"", ""environment"": ""prod"", ""costcenter"": ""CC200"", ""application"": ""data-platform"", ""business_unit"": ""data"", ""owner_email"": ""data-eng-owner@company.com"", ""support_group"": ""data-platform-ops"", ""workload_criticality"": ""high"", ""sla_tier"": ""gold""}","{""ServiceType"": ""Standard"", ""VMName"": ""vm-standard-e8s-v3-04"", ""vCPUs"": 8, ""cpuUtilPct"": 32.37, ""memoryUtilPct"": 44.47, ""diskUtilPct"": 28.79, ""idleHours"": 32, ""lastActivityAt"": ""2025-12-19T16:34:44Z""}",Compute,Usage,Azure,/providers/Microsoft.BillingBenefits/savingsPlanOrders/ad450860-3f84-420e-a03d-a63652d6ef91,Reserved VM Instance_westeurope_1Year
EA-9876543210,data-eng-prod-sub,data-eng-prod-sub,owner_0002@company.com,a1b2c3d4-0002-0002-0002-000000000002,data-eng-prod-sub,rg-ml-prod,westeurope,2025-12-23,Virtual Machines Standard_F4s_v2 - westeurope,Virtual Machines,Standard_F4s_v2 Series,303bf71a-6d52-56d9-8e75-95552aa01c86,F4s v2,24.0,1 Hour,6.104212,0.252,0.254342,0.252,OnDemand,USD,Microsoft.Compute,/subscriptions/a1b2c3d4-0002-0002-0002-000000000002/resourceGroups/rg-ml-prod/providers/Microsoft.Compute/virtualMachines/vm-standard-f4s-v2-05,vm-standard-f4s-v2-05,"{""team"": ""ml"", ""environment"": ""prod"", ""costcenter"": ""CC500"", ""application"": ""ml-platform"", ""business_unit"": ""ai"", ""owner_email"": ""ml-owner@company.com"", ""support_group"": ""ml-platform-sre"", ""workload_criticality"": ""high"", ""sla_tier"": ""gold""}","{""ServiceType"": ""Standard"", ""VMName"": ""vm-standard-f4s-v2-05"", ""vCPUs"": 4, ""cpuUtilPct"": 28.1, ""memoryUtilPct"": 36.43, ""diskUtilPct"": 37.65, ""idleHours"": 36, ""lastActivityAt"": ""2025-12-18T16:14:46Z""}",Compute,Usage,Azure,,
EA-9876543210,data-eng-prod-sub,data-eng-prod-sub,owner_0002@company.com,a1b2c3d4-0002-0002-0002-000000000002,data-eng-prod-sub,rg-ml-prod,westeurope,2025-12-23,Virtual Machines Standard_D8s_v3 - westeurope,Virtual Machines,Standard_D8s_v3 Series,348575ff-7ae0-57e5-896e-037d67179117,D8s v3,24.0,1 Hour,10.921694,0.672,0.455071,0.672,Reservation,USD,Microsoft.Compute,/subscriptions/a1b2c3d4-0002-0002-0002-000000000002/resourceGroups/rg-ml-prod/providers/Microsoft.Compute/virtualMachines/vm-standard-d8s-v3-06,vm-standard-d8s-v3-06,"{""team"": ""ml"", ""environment"": ""prod"", ""costcenter"": ""CC500"", ""application"": ""ml-platform"", ""business_unit"": ""ai"", ""owner_email"": ""ml-owner@company.com"", ""support_group"": ""ml-platform-sre"", ""workload_criticality"": ""high"", ""sla_tier"": ""gold""}","{""ServiceType"": ""Standard"", ""VMName"": ""vm-standard-d8s-v3-06"", ""vCPUs"": 8, ""cpuUtilPct"": 23.02, ""memoryUtilPct"": 35.91, ""diskUtilPct"": 18.62, ""idleHours"": 14, ""lastActivityAt"": ""2025-12-21T01:29:56Z""}",Compute,Usage,Azure,/providers/Microsoft.BillingBenefits/savingsPlanOrders/cd0d279d-d42e-4fc2-b31e-8fe8ad238542,Reserved VM Instance_westeurope_1Year
EA-9876543210,app-prod-sub,app-prod-sub,owner_0003@company.com,a1b2c3d4-0003-0003-0003-000000000003,app-prod-sub,rg-app-prod,southeastasia,2025-12-23,Virtual Machines Standard_B2s - southeastasia,Virtual Machines,Standard_B2s Series,78a50003-6630-5ba4-aad2-c10f0de71d3b,B2s,24.0,1 Hour,2.006396,0.084,0.0836,0.084,OnDemand,USD,Microsoft.Compute,/subscriptions/a1b2c3d4-0003-0003-0003-000000000003/resourceGroups/rg-app-prod/providers/Microsoft.Compute/virtualMachines/vm-standard-b2s-07,vm-standard-b2s-07,"{""team"": ""frontend"", ""environment"": ""prod"", ""costcenter"": ""CC300"", ""application"": ""customer-web"", ""business_unit"": ""product"", ""owner_email"": ""frontend-owner@company.com"", ""support_group"": ""customer-experience-support"", ""workload_criticality"": ""high"", ""sla_tier"": ""gold""}","{""ServiceType"": ""Standard"", ""VMName"": ""vm-standard-b2s-07"", ""vCPUs"": 2, ""cpuUtilPct"": 23.04, ""memoryUtilPct"": 51.39, ""diskUtilPct"": 41.79, ""idleHours"": 15, ""lastActivityAt"": ""2025-12-19T08:46:00Z""}",Compute,Usage,Azure,,
EA-9876543210,app-prod-sub,app-prod-sub,owner_0003@company.com,a1b2c3d4-0003-0003-0003-000000000003,app-prod-sub,rg-app-staging,southeastasia,2025-12-23,Virtual Machines Standard_B2s - southeastasia,Virtual Machines,Standard_B2s Series,78a50003-6630-5ba4-aad2-c10f0de71d3b,B2s,24.0,1 Hour,1.637439,0.084,0.068227,0.084,SavingsPlan,USD,Microsoft.Compute,/subscriptions/a1b2c3d4-0003-0003-0003-000000000003/resourceGroups/rg-app-staging/providers/Microsoft.Compute/virtualMachines/vm-standard-b2s-08,vm-standard-b2s-08,{},"{""ServiceType"": ""Standard"", ""VMName"": ""vm-standard-b2s-08"", ""vCPUs"": 2, ""cpuUtilPct"": 7.28, ""memoryUtilPct"": 24.46, ""diskUtilPct"": 17.9, ""idleHours"": 174, ""lastActivityAt"": ""2025-12-11T06:40:15Z""}",Compute,Usage,Azure,/providers/Microsoft.BillingBenefits/savingsPlanOrders/7e4c72c1-c465-4ce1-9408-a3f80f8421a8,Compute savings plan_1Year
EA-9876543210,app-prod-sub,app-prod-sub,owner_0003@company.com,a1b2c3d4-0003-0003-0003-000000000003,app-prod-sub,rg-app-staging,eastus,2025-12-23,Virtual Machines Standard_D2s_v3 - eastus,Virtual Machines,Standard_D2s_v3 Series,bbc4f1e6-b32a-5f02-86f0-702bf6097b8b,D2s v3,24.0,1 Hour,4.042223,0.168,0.168426,0.168,OnDemand,USD,Microsoft.Compute,/subscriptions/a1b2c3d4-0003-0003-0003-000000000003/resourceGroups/rg-app-staging/providers/Microsoft.Compute/virtualMachines/vm-standard-d2s-v3-09,vm-standard-d2s-v3-09,{},"{""ServiceType"": ""Standard"", ""VMName"": ""vm-standard-d2s-v3-09"", ""vCPUs"": 2, ""cpuUtilPct"": 14.6, ""memoryUtilPct"": 13.01, ""diskUtilPct"": 19.32, ""idleHours"": 164, ""lastActivityAt"": ""2025-12-10T17:54:10Z""}",Compute,Usage,Azure,,
EA-9876543210,platform-prod-sub,platform-prod-sub,owner_0001@company.com,a1b2c3d4-0001-0001-0001-000000000001,platform-prod-sub,rg-platform-dev,eastus,2025-12-23,Virtual Machines Standard_B2s - eastus,Virtual Machines,Standard_B2s Series,7190101e-d2ab-5a56-ad8e-83f7122f17e8,B2s,24.0,1 Hour,2.005172,0.084,0.083549,0.084,OnDemand,USD,Microsoft.Compute,/subscriptions/a1b2c3d4-0001-0001-0001-000000000001/resourceGroups/rg-platform-dev/providers/Microsoft.Compute/virtualMachines/vm-standard-b2s-10,vm-standard-b2s-10,{},"{""ServiceType"": ""Standard"", ""VMName"": ""vm-standard-b2s-10"", ""vCPUs"": 2, ""cpuUtilPct"": 1.1, ""memoryUtilPct"": 3.64, ""diskUtilPct"": 5.12, ""idleHours"": 659, ""lastActivityAt"": ""2025-12-07T17:56:03Z""}",Compute,Usage,Azure,,
EA-9876543210,app-prod-sub,app-prod-sub,owner_0003@company.com,a1b2c3d4-0003-0003-0003-000000000003,app-prod-sub,rg-app-dev,eastus,2025-12-23,Virtual Machines Standard_B2s - eastus,Virtual Machines,Standard_B2s Series,7190101e-d2ab-5a56-ad8e-83f7122f17e8,B2s,24.0,1 Hour,2.027002,0.084,0.084458,0.084,OnDemand,USD,Microsoft.Compute,/subscriptions/a1b2c3d4-0003-0003-0003-000000000003/resourceGroups/rg-app-dev/providers/Microsoft.Compute/virtualMachines/vm-standard-b2s-11,vm-standard-b2s-11,{},"{""ServiceType"": ""Standard"", ""VMName"": ""vm-standard-b2s-11"", ""vCPUs"": 2, ""cpuUtilPct"": 2.96, ""memoryUtilPct"": 3.91, ""diskUtilPct"": 6.19, ""idleHours"": 615, ""lastActivityAt"": ""2025-12-05T16:52:51Z""}",Compute,Usage,Azure,,
EA-9876543210,platform-prod-sub,platform-prod-sub,owner_0001@company.com,a1b2c3d4-0001-0001-0001-000000000001,platform-prod-sub,rg-platform-prod,eastus,2025-12-23,Blob Storage - LRS - Hot - eastus,Storage,Blobs - LRS - Hot,fb8faed0-f377-5fb0-92b7-78035153a7fa,Data Stored,849.2975,1 GB/Month,0.509,0.018,0.018,0.018,OnDemand,USD,Microsoft.Storage,/subscriptions/a1b2c3d4-0001-0001-0001-000000000001/resourceGroups/rg-platform-prod/providers/Microsoft.Storage/storageAccounts/stplatformassets,stplatformassets,"{""team"": ""platform"", ""environment"": ""prod"", ""costcenter"": ""CC100"", ""application"": ""platform-core"", ""business_unit"": ""engineering"", ""owner_email"": ""platform-owner@company.com"", ""support_group"": ""platform-operations"", ""workload_criticality"": ""mission_critical"", ""sla_tier"": ""platinum""}","{""AccountType"": ""LRS"", ""cpuUtilPct"": 0.0, ""memoryUtilPct"": 0.0, ""diskUtilPct"": 49.08, ""idleHours"": 4, ""lastActivityAt"": ""2025-12-21T15:00:42Z""}",Storage,Usage,Azure,,
EA-9876543210,data-eng-prod-sub,data-eng-prod-sub,owner_0002@company.com,a1b2c3d4-0002-0002-0002-000000000002,data-eng-prod-sub,rg-data-prod,westeurope,2025-12-23,Blob Storage - ZRS - Hot - westeurope,Storage,Blobs - ZRS - Hot,9dd9b051-b91d-533a-9f70-e4838eb241bb,Data Stored,3196.9644,1 GB/Month,2.456301,0.023,0.023,0.023,OnDemand,USD,Microsoft.Storage,/subscriptions/a1b2c3d4-0002-0002-0002-000000000002/resourceGroups/rg-data-prod/providers/Microsoft.Storage/storageAccounts/stdatalake,stdatalake,"{""team"": ""data-eng"", ""environment"": ""prod"", ""costcenter"": ""CC200"", ""application"": ""data-platform"", ""business_unit"": ""data"", ""owner_email"": ""data-eng-owner@company.com"", ""support_group"": ""data-platform-ops"", ""workload_criticality"": ""high"", ""sla_tier"": ""gold""}","{""AccountType"": ""ZRS"", ""cpuUtilPct"": 0.0, ""memoryUtilPct"": 0.0, ""diskUtilPct"": 39.58, ""idleHours"": 1, ""lastActivityAt"": ""2025-12-21T16:01:11Z""}",Storage,Usage,Azure,,
EA-9876543210,app-prod-sub,app-prod-sub,owner_0003@company.com,a1b2c3d4-0003-0003-0003-000000000003,app-prod-sub,rg-app-prod,southeastasia,2025-12-23,Blob Storage - LRS - Hot - southeastasia,Storage,Blobs - LRS - Hot,3ae72a36-b458-5b93-9e16-84484844594d,Data Stored,400.257,1 GB/Month,0.239317,0.018,0.018,0.018,OnDemand,USD,Microsoft.Storage,/subscriptions/a1b2c3d4-0003-0003-0003-000000000003/resourceGroups/rg-app-prod/providers/Microsoft.Storage/storageAccounts/stappassets,stappassets,"{""team"": ""frontend"", ""environment"": ""prod"", ""costcenter"": ""CC300"", ""application"": ""customer-web"", ""business_unit"": ""product"", ""owner_email"": ""frontend-owner@company.com"", ""support_group"": ""customer-experience-support"", ""workload_criticality"": ""high"", ""sla_tier"": ""gold""}","{""AccountType"": ""LRS"", ""cpuUtilPct"": 0.0, ""memoryUtilPct"": 0.0, ""diskUtilPct"": 45.86, ""idleHours"": 20, ""lastActivityAt"": ""2025-12-21T11:51:02Z""}",Storage,Usage,Azure,,
EA-9876543210,data-eng-prod-sub,data-eng-prod-sub,owner_0002@company.com,a1b2c3d4-0002-0002-0002-000000000002,data-eng-prod-sub,rg-ml-prod,westeurope,2025-12-23,Blob Storage - LRS - Hot - westeurope,Storage,Blobs - LRS - Hot,4ba045d2-b571-568f-be23-884194c5daba,Data Stored,1099.2858,1 GB/Month,0.660649,0.018,0.018,0.018,OnDemand,USD,Microsoft.Storage,/subscriptions/a1b2c3d4-0002-0002-0002-000000000002/resourceGroups/rg-ml-prod/providers/Microsoft.Storage/storageAccounts/stmlmodels,stmlmodels,"{""team"": ""ml"", ""environment"": ""prod"", ""costcenter"": ""CC500"", ""application"": ""ml-platform"", ""business_unit"": ""ai"", ""owner_email"": ""ml-owner@company.com"", ""support_group"": ""ml-platform-sre"", ""workload_criticality"": ""high"", ""sla_tier"": ""gold""}","{""AccountType"": ""LRS"", ""cpuUtilPct"": 0.0, ""memoryUtilPct"": 0.0, ""diskUtilPct"": 47.01, ""idleHours"": 0, ""lastActivityAt"": ""2025-12-21T11:33:44Z""}",Storage,Usage,Azure,,
EA-9876543210,platform-prod-sub,platform-prod-sub,owner_0001@company.com,a1b2c3d4-0001-0001-0001-000000000001,platform-prod-sub,rg-platform-prod,eastus,2025-12-23,Azure SQL Database Standard_S2 - eastus,SQL Database,Standard_S2,cd1e0b9a-8ff0-5779-9281-87ab698e2916,vCore Hours,24.0,1 Hour,7.378008,0.31,0.31,0.31,OnDemand,USD,Microsoft.Sql,/subscriptions/a1b2c3d4-0001-0001-0001-000000000001/resourceGroups/rg-platform-prod/providers/Microsoft.Sql/servers/databases/sqldb-standard-0001,sqldb-standard-0001,"{""team"": ""platform"", ""environment"": ""prod"", ""costcenter"": ""CC100"", ""application"": ""platform-core"", ""business_unit"": ""engineering"", ""owner_email"": ""platform-owner@company.com"", ""support_group"": ""platform-operations"", ""workload_criticality"": ""mission_critical"", ""sla_tier"": ""platinum""}","{""cpuUtilPct"": 35.32, ""memoryUtilPct"": 64.62, ""diskUtilPct"": 40.59, ""idleHours"": 23, ""lastActivityAt"": ""2025-12-21T10:59:44Z""}",Databases,Usage,Azure,,
EA-9876543210,data-eng-prod-sub,data-eng-prod-sub,owner_0002@company.com,a1b2c3d4-0002-0002-0002-000000000002,data-eng-prod-sub,rg-data-prod,westeurope,2025-12-23,Azure SQL Database Business Critical_BC_Gen5_4 - westeurope,SQL Database,Business Critical_BC_Gen5_4,4bab5ab0-7291-58c2-8564-3252f5053179,vCore Hours,24.0,1 Hour,52.572402,2.2,2.2,2.2,OnDemand,USD,Microsoft.Sql,/subscriptions/a1b2c3d4-0002-0002-0002-000000000002/resourceGroups/rg-data-prod/providers/Microsoft.Sql/servers/databases/sqldb-business critical-0002,sqldb-business critical-0002,"{""team"": ""data-eng"", ""environment"": ""prod"", ""costcenter"": ""CC200"", ""application"": ""data-platform"", ""business_unit"": ""data"", ""owner_email"": ""data-eng-owner@company.com"", ""support_group"": ""data-platform-ops"", ""workload_criticality"": ""high"", ""sla_tier"": ""gold""}","{""cpuUtilPct"": 30.45, ""memoryUtilPct"": 30.86, ""diskUtilPct"": 36.63, ""idleHours"": 57, ""lastActivityAt"": ""2025-12-21T03:35:45Z""}",Databases,Usage,Azure,,
EA-9876543210,app-prod-sub,app-prod-sub,owner_0003@company.com,a1b2c3d4-0003-0003-0003-000000000003,app-prod-sub,rg-app-prod,eastus,2025-12-23,Azure SQL Database General Purpose_GP_Gen5_2 - eastus,SQL Database,General Purpose_GP_Gen5_2,69e0198c-4ca3-5ac2-8540-db65f6d44c56,vCore Hours,24.0,1 Hour,14.402189,0.6,0.6,0.6,OnDemand,USD,Microsoft.Sql,/subscriptions/a1b2c3d4-0003-0003-0003-000000000003/resourceGroups/rg-app-prod/providers/Microsoft.Sql/servers/databases/sqldb-general purpose-0003,sqldb-general purpose-0003,"{""team"": ""backend"", ""environment"": ""prod"", ""costcenter"": ""CC400"", ""application"": ""core-api"", ""business_unit"": ""product"", ""owner_email"": ""backend-owner@company.com"", ""support_group"": ""api-operations"", ""workload_criticality"": ""high"", ""sla_tier"": ""gold""}","{""cpuUtilPct"": 30.5, ""memoryUtilPct"": 35.52, ""diskUtilPct"": 40.26, ""idleHours"": 53, ""lastActivityAt"": ""2025-12-20T10:33:21Z""}",Databases,Usage,Azure,,
EA-9876543210,shared-infra-sub,shared-infra-sub,owner_infra@company.com,a1b2c3d4-9999-9999-9999-000000000099,shared-infra-sub,rg-shared-infra,eastus,2025-12-23,Azure Monitor,Monitor,Data Ingested,aadff281-e00d-588e-bd69-a4630325bd50,Data Ingested,1000.0,1 Unit,44.703537,0.045,0.045,0.045,OnDemand,USD,Microsoft.SharedInfra,/subscriptions/a1b2c3d4-9999-9999-9999-000000000099/resourceGroups/rg-shared-infra/providers/Microsoft.SharedInfra/Monitor/monitor,monitor,{},"{""cpuUtilPct"": 3.22, ""memoryUtilPct"": 8.97, ""diskUtilPct"": 4.81, ""idleHours"": 635, ""lastActivityAt"": ""2025-11-20T05:10:50Z""}",Management,Usage,Azure,,
EA-9876543210,shared-infra-sub,shared-infra-sub,owner_infra@company.com,a1b2c3d4-9999-9999-9999-000000000099,shared-infra-sub,rg-shared-infra,eastus,2025-12-23,Virtual Network,Networking,Intra-Region,cc2ca1a8-2d13-5873-b301-4b8ed16ed2c0,Intra-Region,622.22,1 Unit,27.805975,0.045,0.045,0.045,OnDemand,USD,Microsoft.SharedInfra,/subscriptions/a1b2c3d4-9999-9999-9999-000000000099/resourceGroups/rg-shared-infra/providers/Microsoft.SharedInfra/Networking/networking,networking,{},"{""cpuUtilPct"": 1.44, ""memoryUtilPct"": 4.95, ""diskUtilPct"": 3.58, ""idleHours"": 647, ""lastActivityAt"": ""2025-11-13T20:10:48Z""}",Networking,Usage,Azure,,
EA-9876543210,shared-infra-sub,shared-infra-sub,owner_infra@company.com,a1b2c3d4-9999-9999-9999-000000000099,shared-infra-sub,rg-shared-infra,eastus,2025-12-23,API Management,API Management,Gateway Units,78998862-331b-5215-a4b4-8d4500189f89,Gateway Units,2666.67,1 Unit,119.590028,0.045,0.045,0.045,OnDemand,USD,Microsoft.SharedInfra,/subscriptions/a1b2c3d4-9999-9999-9999-000000000099/resourceGroups/rg-shared-infra/providers/Microsoft.SharedInfra/API Management/api-management,api-management,{},"{""cpuUtilPct"": 4.32, ""memoryUtilPct"": 9.61, ""diskUtilPct"": 3.56, ""idleHours"": 675, ""lastActivityAt"": ""2025-12-01T17:02:19Z""}",Integration,Usage,Azure,,
EA-9876543210,shared-infra-sub,shared-infra-sub,owner_infra@company.com,a1b2c3d4-9999-9999-9999-000000000099,shared-infra-sub,rg-shared-infra,eastus,2025-12-23,Azure Key Vault,Key Vault,Operations,3cb0172e-6732-5350-b439-97753364a78c,Operations,177.78,1 Unit,7.936874,0.045,0.045,0.045,OnDemand,USD,Microsoft.SharedInfra,/subscriptions/a1b2c3d4-9999-9999-9999-000000000099/resourceGroups/rg-shared-infra/providers/Microsoft.SharedInfra/Key Vault/key-vault,key-vault,{},"{""cpuUtilPct"": 4.35, ""memoryUtilPct"": 9.86, ""diskUtilPct"": 4.46, ""idleHours"": 606, ""lastActivityAt"": ""2025-11-17T03:16:25Z""}",Security,Usage,Azure,,
EA-9876543210,shared-infra-sub,shared-infra-sub,owner_infra@company.com,a1b2c3d4-9999-9999-9999-000000000099,shared-infra-sub,rg-shared-infra,eastus,2025-12-23,Azure Blob Storage,Storage,Data Stored,2e8ee991-b3b7-5136-98e5-4772405cdb0c,Data Stored,400.0,1 Unit,18.065002,0.045,0.045,0.045,OnDemand,USD,Microsoft.SharedInfra,/subscriptions/a1b2c3d4-9999-9999-9999-000000000099/resourceGroups/rg-shared-infra/providers/Microsoft.SharedInfra/Storage/storage,storage,{},"{""cpuUtilPct"": 1.45, ""memoryUtilPct"": 7.2, ""diskUtilPct"": 6.0, ""idleHours"": 250, ""lastActivityAt"": ""2025-11-11T22:55:58Z""}",Storage,Usage,Azure,,
EA-9876543210,platform-prod-sub,platform-prod-sub,owner_0001@company.com,a1b2c3d4-0001-0001-0001-000000000001,platform-prod-sub,rg-platform-prod,eastus,2025-12-24,Virtual Machines Standard_D2s_v3 - eastus,Virtual Machines,Standard_D2s_v3 Series,bbc4f1e6-b32a-5f02-86f0-702bf6097b8b,D2s v3,24.0,1 Hour,3.994467,0.168,0.166436,0.168,OnDemand,USD,Microsoft.Compute,/subscriptions/a1b2c3d4-0001-0001-0001-000000000001/resourceGroups/rg-platform-prod/providers/Microsoft.Compute/virtualMachines/vm-standard-d2s-v3-00,vm-standard-d2s-v3-00,"{""team"": ""platform"", ""environment"": ""prod"", ""costcenter"": ""CC100"", ""application"": ""platform-core"", ""business_unit"": ""engineering"", ""owner_email"": ""platform-owner@company.com"", ""support_group"": ""platform-operations"", ""workload_criticality"": ""mission_critical"", ""sla_tier"": ""platinum""}","{""ServiceType"": ""Standard"", ""VMName"": ""vm-standard-d2s-v3-00"", ""vCPUs"": 2, ""cpuUtilPct"": 45.58, ""memoryUtilPct"": 44.32, ""diskUtilPct"": 24.93, ""idleHours"": 7, ""lastActivityAt"": ""2025-12-23T01:08:18Z""}",Compute,Usage,Azure,,
EA-9876543210,platform-prod-sub,platform-prod-sub,owner_0001@company.com,a1b2c3d4-0001-0001-0001-000000000001,platform-prod-sub,rg-platform-prod,eastus,2025-12-24,Virtual Machines Standard_D2s_v3 - eastus,Virtual Machines,Standard_D2s_v3 Series,bbc4f1e6-b32a-5f02-86f0-702bf6097b8b,D2s v3,24.0,1 Hour,4.007216,0.168,0.166967,0.168,OnDemand,USD,Microsoft.Compute,/subscriptions/a1b2c3d4-0001-0001-0001-000000000001/resourceGroups/rg-platform-prod/providers/Microsoft.Compute/virtualMachines/vm-standard-d2s-v3-01,vm-standard-d2s-v3-01,"{""team"": ""platform"", ""environment"": ""prod"", ""costcenter"": ""CC100"", ""application"": ""platform-core"", ""business_unit"": ""engineering"", ""owner_email"": ""platform-owner@company.com"", ""support_group"": ""platform-operations"", ""workload_criticality"": ""mission_critical"", ""sla_tier"": ""platinum""}","{""ServiceType"": ""Standard"", ""VMName"": ""vm-standard-d2s-v3-01"", ""vCPUs"": 2, ""cpuUtilPct"": 57.96, ""memoryUtilPct"": 59.67, ""diskUtilPct"": 47.63, ""idleHours"": 26, ""lastActivityAt"": ""2025-12-23T08:21:44Z""}",Compute,Usage,Azure,,
EA-9876543210,app-prod-sub,app-prod-sub,owner_0003@company.com,a1b2c3d4-0003-0003-0003-000000000003,app-prod-sub,rg-app-prod,eastus,2025-12-24,Virtual Machines Standard_D4s_v3 - eastus,Virtual Machines,Standard_D4s_v3 Series,6c8e1236-a3aa-53d7-8e09-dadb98f69027,D4s v3,24.0,1 Hour,8.088071,0.336,0.337003,0.336,OnDemand,USD,Microsoft.Compute,/subscriptions/a1b2c3d4-0003-0003-0003-000000000003/resourceGroups/rg-app-prod/providers/Microsoft.Compute/virtualMachines/vm-standard-d4s-v3-02,vm-standard-d4s-v3-02,"{""team"": ""backend"", ""environment"": ""prod"", ""costcenter"": ""CC400"", ""application"": ""core-api"", ""business_unit"": ""product"", ""owner_email"": ""backend-owner@company.com"", ""support_group"": ""api-operations"", ""workload_criticality"": ""high"", ""sla_tier"": ""gold""}","{""ServiceType"": ""Standard"", ""VMName"": ""vm-standard-d4s-v3-02"", ""vCPUs"": 4, ""cpuUtilPct"": 32.92, ""memoryUtilPct"": 45.62, ""diskUtilPct"": 34.5, ""idleHours"": 56, ""lastActivityAt"": ""2025-12-22T04:26:46Z""}",Compute,Usage,Azure,,
EA-9876543210,data-eng-prod-sub,data-eng-prod-sub,owner_0002@company.com,a1b2c3d4-0002-0002-0002-000000000002,data-eng-prod-sub,rg-data-prod,westeurope,2025-12-24,Virtual Machines Standard_E4s_v3 - westeurope,Virtual Machines,Standard_E4s_v3 Series,7373fa15-5d45-5d30-a83f-72064e156f94,E4s v3,24.0,1 Hour,5.373953,0.364,0.223915,0.364,Reservation,USD,Microsoft.Compute,/subscriptions/a1b2c3d4-0002-0002-0002-000000000002/resourceGroups/rg-data-prod/providers/Microsoft.Compute/virtualMachines/vm-standard-e4s-v3-03,vm-standard-e4s-v3-03,"{""team"": ""data-eng"", ""environment"": ""prod"", ""costcenter"": ""CC200"", ""application"": ""data-platform"", ""business_unit"": ""data"", ""owner_email"": ""data-eng-owner@company.com"", ""support_group"": ""data-platform-ops"", ""workload_criticality"": ""high"", ""sla_tier"": ""gold""}","{""ServiceType"": ""Standard"", ""VMName"": ""vm-standard-e4s-v3-03"", ""vCPUs"": 4, ""cpuUtilPct"": 30.16, ""memoryUtilPct"": 49.39, ""diskUtilPct"": 36.97, ""idleHours"": 14, ""lastActivityAt"": ""2025-12-21T11:21:06Z""}",Compute,Usage,Azure,/providers/Microsoft.BillingBenefits/savingsPlanOrders/b5ab1eca-c23f-4151-9148-f53327965116,Reserved VM Instance_westeurope_1Year
EA-9876543210,data-eng-prod-sub,data-eng-prod-sub,owner_0002@company.com,a1b2c3d4-0002-0002-0002-000000000002,data-eng-prod-sub,rg-data-prod,westeurope,2025-12-24,Virtual Machines Standard_E8s_v3 - westeurope,Virtual Machines,Standard_E8s_v3 Series,2b9593f7-8692-56d9-b10a-a624f400da47,E8s v3,24.0,1 Hour,11.43416,0.728,0.476423,0.728,Reservation,USD,Microsoft.Compute,/subscriptions/a1b2c3d4-0002-0002-0002-000000000002/resourceGroups/rg-data-prod/providers/Microsoft.Compute/virtualMachines/vm-standard-e8s-v3-04,vm-standard-e8s-v3-04,"{""team"": ""data-eng"", ""environment"": ""prod"", ""costcenter"": ""CC200"", ""application"": ""data-platform"", ""business_unit"": ""data"", ""owner_email"": ""data-eng-owner@company.com"", ""support_group"": ""data-platform-ops"", ""workload_criticality"": ""high"", ""sla_tier"": ""gold""}","{""ServiceType"": ""Standard"", ""VMName"": ""vm-standard-e8s-v3-04"", ""vCPUs"": 8, ""cpuUtilPct"": 35.53, ""memoryUtilPct"": 51.16, ""diskUtilPct"": 41.47, ""idleHours"": 24, ""lastActivityAt"": ""2025-12-19T10:46:41Z""}",Compute,Usage,Azure,/providers/Microsoft.BillingBenefits/savingsPlanOrders/ce4efcdd-24c1-4b12-b7b3-5e7b06c0e0e9,Reserved VM Instance_westeurope_1Year
EA-9876543210,data-eng-prod-sub,data-eng-prod-sub,owner_0002@company.com,a1b2c3d4-0002-0002-0002-000000000002,data-eng-prod-sub,rg-data-prod,westeurope,2025-12-24,Unused Reservation - vm-standard-e8s-v3-04,Virtual Machines,Unused Capacity,345f41aa-4baa-536e-a12b-33ea3629627c,Unused,0.0,1 Hour,3.118029,0.0,0.0,0.728,Reservation,USD,Microsoft.Compute,,vm-standard-e8s-v3-04,"{""team"": ""data-eng"", ""environment"": ""prod"", ""costcenter"": ""CC200"", ""application"": ""data-platform"", ""business_unit"": ""data"", ""owner_email"": ""data-eng-owner@company.com"", ""support_group"": ""data-platform-ops"", ""workload_criticality"": ""high"", ""sla_tier"": ""gold""}","{""cpuUtilPct"": 35.53, ""memoryUtilPct"": 51.16, ""diskUtilPct"": 41.47, ""idleHours"": 24, ""lastActivityAt"": ""2025-12-19T10:46:41Z""}",Compute,UnusedReservation,Azure,/providers/Microsoft.BillingBenefits/savingsPlanOrders/5159bea2-0902-46fe-883d-24b39c62399f,Reserved VM Instance_westeurope_1Year
EA-9876543210,data-eng-prod-sub,data-eng-prod-sub,owner_0002@company.com,a1b2c3d4-0002-0002-0002-000000000002,data-eng-prod-sub,rg-ml-prod,westeurope,2025-12-24,Virtual Machines Standard_F4s_v2 - westeurope,Virtual Machines,Standard_F4s_v2 Series,303bf71a-6d52-56d9-8e75-95552aa01c86,F4s v2,24.0,1 Hour,6.009564,0.252,0.250399,0.252,OnDemand,USD,Microsoft.Compute,/subscriptions/a1b2c3d4-0002-0002-0002-000000000002/resourceGroups/rg-ml-prod/providers/Microsoft.Compute/virtualMachines/vm-standard-f4s-v2-05,vm-standard-f4s-v2-05,"{""team"": ""ml"", ""environment"": ""prod"", ""costcenter"": ""CC500"", ""application"": ""ml-platform"", ""business_unit"": ""ai"", ""owner_email"": ""ml-owner@company.com"", ""support_group"": ""ml-platform-sre"", ""workload_criticality"": ""high"", ""sla_tier"": ""gold""}","{""ServiceType"": ""Standard"", ""VMName"": ""vm-standard-f4s-v2-05"", ""vCPUs"": 4, ""cpuUtilPct"": 29.61, ""memoryUtilPct"": 29.16, ""diskUtilPct"": 28.68, ""idleHours"": 45, ""lastActivityAt"": ""2025-12-20T04:32:34Z""}",Compute,Usage,Azure,,
EA-9876543210,data-eng-prod-sub,data-eng-prod-sub,owner_0002@company.com,a1b2c3d4-0002-0002-0002-000000000002,data-eng-prod-sub,rg-ml-prod,westeurope,2025-12-24,Virtual Machines Standard_D8s_v3 - westeurope,Virtual Machines,Standard_D8s_v3 Series,348575ff-7ae0-57e5-896e-037d67179117,D8s v3,24.0,1 Hour,9.82179,0.672,0.409241,0.672,Reservation,USD,Microsoft.Compute,/subscriptions/a1b2c3d4-0002-0002-0002-000000000002/resourceGroups/rg-ml-prod/providers/Microsoft.Compute/virtualMachines/vm-standard-d8s-v3-06,vm-standard-d8s-v3-06,"{""team"": ""ml"", ""environment"": ""prod"", ""costcenter"": ""CC500"", ""application"": ""ml-platform"", ""business_unit"": ""ai"", ""owner_email"": ""ml-owner@company.com"", ""support_group"": ""ml-platform-sre"", ""workload_criticality"": ""high"", ""sla_tier"": ""gold""}","{""ServiceType"": ""Standard"", ""VMName"": ""vm-standard-d8s-v3-06"", ""vCPUs"": 8, ""cpuUtilPct"": 41.21, ""memoryUtilPct"": 50.52, ""diskUtilPct"": 34.52, ""idleHours"": 61, ""lastActivityAt"": ""2025-12-20T14:28:32Z""}",Compute,Usage,Azure,/providers/Microsoft.BillingBenefits/savingsPlanOrders/e909fc6f-a9f6-4877-9db7-a4199cf1f541,Reserved VM Instance_westeurope_1Year
EA-9876543210,app-prod-sub,app-prod-sub,owner_0003@company.com,a1b2c3d4-0003-0003-0003-000000000003,app-prod-sub,rg-app-prod,southeastasia,2025-12-24,Virtual Machines Standard_B2s - southeastasia,Virtual Machines,Standard_B2s Series,78a50003-6630-5ba4-aad2-c10f0de71d3b,B2s,24.0,1 Hour,2.01068,0.084,0.083778,0.084,OnDemand,USD,Microsoft.Compute,/subscriptions/a1b2c3d4-0003-0003-0003-000000000003/resourceGroups/rg-app-prod/providers/Microsoft.Compute/virtualMachines/vm-standard-b2s-07,vm-standard-b2s-07,"{""team"": ""frontend"", ""environment"": ""prod"", ""costcenter"": ""CC300"", ""application"": ""customer-web"", ""business_unit"": ""product"", ""owner_email"": ""frontend-owner@company.com"", ""support_group"": ""customer-experience-support"", ""workload_criticality"": ""high"", ""sla_tier"": ""gold""}","{""ServiceType"": ""Standard"", ""VMName"": ""vm-standard-b2s-07"", ""vCPUs"": 2, ""cpuUtilPct"": 31.57, ""memoryUtilPct"": 40.04, ""diskUtilPct"": 35.36, ""idleHours"": 45, ""lastActivityAt"": ""2025-12-22T03:26:28Z""}",Compute,Usage,Azure,,
EA-9876543210,app-prod-sub,app-prod-sub,owner_0003@company.com,a1b2c3d4-0003-0003-0003-000000000003,app-prod-sub,rg-app-staging,southeastasia,2025-12-24,Virtual Machines Standard_B2s - southeastasia,Virtual Machines,Standard_B2s Series,78a50003-6630-5ba4-aad2-c10f0de71d3b,B2s,24.0,1 Hour,1.466982,0.084,0.061124,0.084,SavingsPlan,USD,Microsoft.Compute,/subscriptions/a1b2c3d4-0003-0003-0003-000000000003/resourceGroups/rg-app-staging/providers/Microsoft.Compute/virtualMachines/vm-standard-b2s-08,vm-standard-b2s-08,"{""team"": ""frontend"", ""environment"": ""staging"", ""costcenter"": ""CC300"", ""application"": ""customer-web"", ""business_unit"": ""product"", ""owner_email"": ""frontend-owner@company.com"", ""support_group"": ""customer-experience-support"", ""workload_criticality"": ""medium"", ""sla_tier"": ""silver""}","{""ServiceType"": ""Standard"", ""VMName"": ""vm-standard-b2s-08"", ""vCPUs"": 2, ""cpuUtilPct"": 16.31, ""memoryUtilPct"": 25.05, ""diskUtilPct"": 18.12, ""idleHours"": 215, ""lastActivityAt"": ""2025-12-16T20:20:08Z""}",Compute,Usage,Azure,/providers/Microsoft.BillingBenefits/savingsPlanOrders/601cc492-aa20-45a9-b242-bf5c42124a99,Compute savings plan_1Year
EA-9876543210,app-prod-sub,app-prod-sub,owner_0003@company.com,a1b2c3d4-0003-0003-0003-000000000003,app-prod-sub,rg-app-staging,eastus,2025-12-24,Virtual Machines Standard_D2s_v3 - eastus,Virtual Machines,Standard_D2s_v3 Series,bbc4f1e6-b32a-5f02-86f0-702bf6097b8b,D2s v3,24.0,1 Hour,4.009952,0.168,0.167081,0.168,OnDemand,USD,Microsoft.Compute,/subscriptions/a1b2c3d4-0003-0003-0003-000000000003/resourceGroups/rg-app-staging/providers/Microsoft.Compute/virtualMachines/vm-standard-d2s-v3-09,vm-standard-d2s-v3-09,{},"{""ServiceType"": ""Standard"", ""VMName"": ""vm-standard-d2s-v3-09"", ""vCPUs"": 2, ""cpuUtilPct"": 17.25, ""memoryUtilPct"": 27.0, ""diskUtilPct"": 18.78, ""idleHours"": 180, ""lastActivityAt"": ""2025-12-12T04:28:59Z""}",Compute,Usage,Azure,,
EA-9876543210,platform-prod-sub,platform-prod-sub,owner_0001@company.com,a1b2c3d4-0001-0001-0001-000000000001,platform-prod-sub,rg-platform-dev,eastus,2025-12-24,Virtual Machines Standard_B2s - eastus,Virtual Machines,Standard_B2s Series,7190101e-d2ab-5a56-ad8e-83f7122f17e8,B2s,24.0,1 Hour,2.029983,0.084,0.084583,0.084,OnDemand,USD,Microsoft.Compute,/subscriptions/a1b2c3d4-0001-0001-0001-000000000001/resourceGroups/rg-platform-dev/providers/Microsoft.Compute/virtualMachines/vm-standard-b2s-10,vm-standard-b2s-10,"{""team"": ""platform"", ""environment"": ""dev"", ""costcenter"": ""CC100"", ""application"": ""platform-core"", ""business_unit"": ""engineering"", ""owner_email"": ""platform-owner@company.com"", ""support_group"": ""platform-operations"", ""workload_criticality"": ""low"", ""sla_tier"": ""bronze""}","{""ServiceType"": ""Standard"", ""VMName"": ""vm-standard-b2s-10"", ""vCPUs"": 2, ""cpuUtilPct"": 3.2, ""memoryUtilPct"": 9.51, ""diskUtilPct"": 6.4, ""idleHours"": 544, ""lastActivityAt"": ""2025-11-20T11:17:57Z""}",Compute,Usage,Azure,,
EA-9876543210,app-prod-sub,app-prod-sub,owner_0003@company.com,a1b2c3d4-0003-0003-0003-000000000003,app-prod-sub,rg-app-dev,eastus,2025-12-24,Virtual Machines Standard_B2s - eastus,Virtual Machines,Standard_B2s Series,7190101e-d2ab-5a56-ad8e-83f7122f17e8,B2s,24.0,1 Hour,2.01221,0.084,0.083842,0.084,OnDemand,USD,Microsoft.Compute,/subscriptions/a1b2c3d4-0003-0003-0003-000000000003/resourceGroups/rg-app-dev/providers/Microsoft.Compute/virtualMachines/vm-standard-b2s-11,vm-standard-b2s-11,{},"{""ServiceType"": ""Standard"", ""VMName"": ""vm-standard-b2s-11"", ""vCPUs"": 2, ""cpuUtilPct"": 2.29, ""memoryUtilPct"": 8.4, ""diskUtilPct"": 7.88, ""idleHours"": 568, ""lastActivityAt"": ""2025-12-06T04:34:12Z""}",Compute,Usage,Azure,,
EA-9876543210,platform-prod-sub,platform-prod-sub,owner_0001@company.com,a1b2c3d4-0001-0001-0001-000000000001,platform-prod-sub,rg-platform-prod,eastus,2025-12-24,Blob Storage - LRS - Hot - eastus,Storage,Blobs - LRS - Hot,fb8faed0-f377-5fb0-92b7-78035153a7fa,Data Stored,849.2995,1 GB/Month,0.510897,0.018,0.018,0.018,OnDemand,USD,Microsoft.Storage,/subscriptions/a1b2c3d4-0001-0001-0001-000000000001/resourceGroups/rg-platform-prod/providers/Microsoft.Storage/storageAccounts/stplatformassets,stplatformassets,"{""team"": ""platform"", ""environment"": ""prod"", ""costcenter"": ""CC100"", ""application"": ""platform-core"", ""business_unit"": ""engineering"", ""owner_email"": ""platform-owner@company.com"", ""support_group"": ""platform-operations"", ""workload_criticality"": ""mission_critical"", ""sla_tier"": ""platinum""}","{""AccountType"": ""LRS"", ""cpuUtilPct"": 0.0, ""memoryUtilPct"": 0.0, ""diskUtilPct"": 31.33, ""idleHours"": 6, ""lastActivityAt"": ""2025-12-22T01:58:29Z""}",Storage,Usage,Azure,,
EA-9876543210,data-eng-prod-sub,data-eng-prod-sub,owner_0002@company.com,a1b2c3d4-0002-0002-0002-000000000002,data-eng-prod-sub,rg-data-prod,westeurope,2025-12-24,Blob Storage - ZRS - Hot - westeurope,Storage,Blobs - ZRS - Hot,9dd9b051-b91d-533a-9f70-e4838eb241bb,Data Stored,3201.3636,1 GB/Month,2.456387,0.023,0.023,0.023,OnDemand,USD,Microsoft.Storage,/subscriptions/a1b2c3d4-0002-0002-0002-000000000002/resourceGroups/rg-data-prod/providers/Microsoft.Storage/storageAccounts/stdatalake,stdatalake,"{""team"": ""data-eng"", ""environment"": ""prod"", ""costcenter"": ""CC200"", ""application"": ""data-platform"", ""business_unit"": ""data"", ""owner_email"": ""data-eng-owner@company.com"", ""support_group"": ""data-platform-ops"", ""workload_criticality"": ""high"", ""sla_tier"": ""gold""}","{""AccountType"": ""ZRS"", ""cpuUtilPct"": 0.0, ""memoryUtilPct"": 0.0, ""diskUtilPct"": 38.15, ""idleHours"": 6, ""lastActivityAt"": ""2025-12-22T11:09:57Z""}",Storage,Usage,Azure,,
EA-9876543210,app-prod-sub,app-prod-sub,owner_0003@company.com,a1b2c3d4-0003-0003-0003-000000000003,app-prod-sub,rg-app-prod,southeastasia,2025-12-24,Blob Storage - LRS - Hot - southeastasia,Storage,Blobs - LRS - Hot,3ae72a36-b458-5b93-9e16-84484844594d,Data Stored,399.6781,1 GB/Month,0.240251,0.018,0.018,0.018,OnDemand,USD,Microsoft.Storage,/subscriptions/a1b2c3d4-0003-0003-0003-000000000003/resourceGroups/rg-app-prod/providers/Microsoft.Storage/storageAccounts/stappassets,stappassets,"{""team"": ""frontend"", ""environment"": ""prod"", ""costcenter"": ""CC300"", ""application"": ""customer-web"", ""business_unit"": ""product"", ""owner_email"": ""frontend-owner@company.com"", ""support_group"": ""customer-experience-support"", ""workload_criticality"": ""high"", ""sla_tier"": ""gold""}","{""AccountType"": ""LRS"", ""cpuUtilPct"": 0.0, ""memoryUtilPct"": 0.0, ""diskUtilPct"": 33.09, ""idleHours"": 21, ""lastActivityAt"": ""2025-12-22T16:59:06Z""}",Storage,Usage,Azure,,
EA-9876543210,data-eng-prod-sub,data-eng-prod-sub,owner_0002@company.com,a1b2c3d4-0002-0002-0002-000000000002,data-eng-prod-sub,rg-ml-prod,westeurope,2025-12-24,Blob Storage - LRS - Hot - westeurope,Storage,Blobs - LRS - Hot,4ba045d2-b571-568f-be23-884194c5daba,Data Stored,1100.9665,1 GB/Month,0.661186,0.018,0.018,0.018,OnDemand,USD,Microsoft.Storage,/subscriptions/a1b2c3d4-0002-0002-0002-000000000002/resourceGroups/rg-ml-prod/providers/Microsoft.Storage/storageAccounts/stmlmodels,stmlmodels,"{""team"": ""ml"", ""environment"": ""prod"", ""costcenter"": ""CC500"", ""application"": ""ml-platform"", ""business_unit"": ""ai"", ""owner_email"": ""ml-owner@company.com"", ""support_group"": ""ml-platform-sre"", ""workload_criticality"": ""high"", ""sla_tier"": ""gold""}","{""AccountType"": ""LRS"", ""cpuUtilPct"": 0.0, ""memoryUtilPct"": 0.0, ""diskUtilPct"": 28.14, ""idleHours"": 17, ""lastActivityAt"": ""2025-12-23T11:10:46Z""}",Storage,Usage,Azure,,
EA-9876543210,platform-prod-sub,platform-prod-sub,owner_0001@company.com,a1b2c3d4-0001-0001-0001-000000000001,platform-prod-sub,rg-platform-prod,eastus,2025-12-24,Azure SQL Database Standard_S2 - eastus,SQL Database,Standard_S2,cd1e0b9a-8ff0-5779-9281-87ab698e2916,vCore Hours,24.0,1 Hour,7.418097,0.31,0.31,0.31,OnDemand,USD,Microsoft.Sql,/subscriptions/a1b2c3d4-0001-0001-0001-000000000001/resourceGroups/rg-platform-prod/providers/Microsoft.Sql/servers/databases/sqldb-standard-0001,sqldb-standard-0001,{},"{""cpuUtilPct"": 45.85, ""memoryUtilPct"": 38.12, ""diskUtilPct"": 25.67, ""idleHours"": 10, ""lastActivityAt"": ""2025-12-22T16:24:08Z""}",Databases,Usage,Azure,,
EA-9876543210,data-eng-prod-sub,data-eng-prod-sub,owner_0002@company.com,a1b2c3d4-0002-0002-0002-000000000002,data-eng-prod-sub,rg-data-prod,westeurope,2025-12-24,Azure SQL Database Business Critical_BC_Gen5_4 - westeurope,SQL Database,Business Critical_BC_Gen5_4,4bab5ab0-7291-58c2-8564-3252f5053179,vCore Hours,24.0,1 Hour,53.299387,2.2,2.2,2.2,OnDemand,USD,Microsoft.Sql,/subscriptions/a1b2c3d4-0002-0002-0002-000000000002/resourceGroups/rg-data-prod/providers/Microsoft.Sql/servers/databases/sqldb-business critical-0002,sqldb-business critical-0002,"{""team"": ""data-eng"", ""environment"": ""prod"", ""costcenter"": ""CC200"", ""application"": ""data-platform"", ""business_unit"": ""data"", ""owner_email"": ""data-eng-owner@company.com"", ""support_group"": ""data-platform-ops"", ""workload_criticality"": ""high"", ""sla_tier"": ""gold""}","{""cpuUtilPct"": 23.4, ""memoryUtilPct"": 35.79, ""diskUtilPct"": 31.9, ""idleHours"": 44, ""lastActivityAt"": ""2025-12-21T10:33:01Z""}",Databases,Usage,Azure,,
EA-9876543210,app-prod-sub,app-prod-sub,owner_0003@company.com,a1b2c3d4-0003-0003-0003-000000000003,app-prod-sub,rg-app-prod,eastus,2025-12-24,Azure SQL Database General Purpose_GP_Gen5_2 - eastus,SQL Database,General Purpose_GP_Gen5_2,69e0198c-4ca3-5ac2-8540-db65f6d44c56,vCore Hours,24.0,1 Hour,14.324289,0.6,0.6,0.6,OnDemand,USD,Microsoft.Sql,/subscriptions/a1b2c3d4-0003-0003-0003-000000000003/resourceGroups/rg-app-prod/providers/Microsoft.Sql/servers/databases/sqldb-general purpose-0003,sqldb-general purpose-0003,{},"{""cpuUtilPct"": 41.84, ""memoryUtilPct"": 36.88, ""diskUtilPct"": 21.29, ""idleHours"": 35, ""lastActivityAt"": ""2025-12-20T03:00:49Z""}",Databases,Usage,Azure,,
EA-9876543210,shared-infra-sub,shared-infra-sub,owner_infra@company.com,a1b2c3d4-9999-9999-9999-000000000099,shared-infra-sub,rg-shared-infra,eastus,2025-12-24,Azure Monitor,Monitor,Data Ingested,aadff281-e00d-588e-bd69-a4630325bd50,Data Ingested,1000.0,1 Unit,45.4324,0.045,0.045,0.045,OnDemand,USD,Microsoft.SharedInfra,/subscriptions/a1b2c3d4-9999-9999-9999-000000000099/resourceGroups/rg-shared-infra/providers/Microsoft.SharedInfra/Monitor/monitor,monitor,{},"{""cpuUtilPct"": 3.56, ""memoryUtilPct"": 2.04, ""diskUtilPct"": 5.28, ""idleHours"": 486, ""lastActivityAt"": ""2025-11-22T12:14:00Z""}",Management,Usage,Azure,,
EA-9876543210,shared-infra-sub,shared-infra-sub,owner_infra@company.com,a1b2c3d4-9999-9999-9999-000000000099,shared-infra-sub,rg-shared-infra,eastus,2025-12-24,Virtual Network,Networking,Intra-Region,cc2ca1a8-2d13-5873-b301-4b8ed16ed2c0,Intra-Region,622.22,1 Unit,27.90735,0.045,0.045,0.045,OnDemand,USD,Microsoft.SharedInfra,/subscriptions/a1b2c3d4-9999-9999-9999-000000000099/resourceGroups/rg-shared-infra/providers/Microsoft.SharedInfra/Networking/networking,networking,{},"{""cpuUtilPct"": 1.55, ""memoryUtilPct"": 5.86, ""diskUtilPct"": 1.12, ""idleHours"": 581, ""lastActivityAt"": ""2025-12-06T00:11:35Z""}",Networking,Usage,Azure,,
EA-9876543210,shared-infra-sub,shared-infra-sub,owner_infra@company.com,a1b2c3d4-9999-9999-9999-000000000099,shared-infra-sub,rg-shared-infra,eastus,2025-12-24,API Management,API Management,Gateway Units,78998862-331b-5215-a4b4-8d4500189f89,Gateway Units,2666.67,1 Unit,119.040971,0.045,0.045,0.045,OnDemand,USD,Microsoft.SharedInfra,/subscriptions/a1b2c3d4-9999-9999-9999-000000000099/resourceGroups/rg-shared-infra/providers/Microsoft.SharedInfra/API Management/api-management,api-management,{},"{""cpuUtilPct"": 2.69, ""memoryUtilPct"": 7.77, ""diskUtilPct"": 3.21, ""idleHours"": 467, ""lastActivityAt"": ""2025-11-21T19:49:43Z""}",Integration,Usage,Azure,,
EA-9876543210,shared-infra-sub,shared-infra-sub,owner_infra@company.com,a1b2c3d4-9999-9999-9999-000000000099,shared-infra-sub,rg-shared-infra,eastus,2025-12-24,Azure Key Vault,Key Vault,Operations,3cb0172e-6732-5350-b439-97753364a78c,Operations,177.78,1 Unit,7.951572,0.045,0.045,0.045,OnDemand,USD,Microsoft.SharedInfra,/subscriptions/a1b2c3d4-9999-9999-9999-000000000099/resourceGroups/rg-shared-infra/providers/Microsoft.SharedInfra/Key Vault/key-vault,key-vault,{},"{""cpuUtilPct"": 4.82, ""memoryUtilPct"": 7.58, ""diskUtilPct"": 1.99, ""idleHours"": 672, ""lastActivityAt"": ""2025-11-13T17:04:02Z""}",Security,Usage,Azure,,
EA-9876543210,shared-infra-sub,shared-infra-sub,owner_infra@company.com,a1b2c3d4-9999-9999-9999-000000000099,shared-infra-sub,rg-shared-infra,eastus,2025-12-24,Azure Blob Storage,Storage,Data Stored,2e8ee991-b3b7-5136-98e5-4772405cdb0c,Data Stored,400.0,1 Unit,18.013572,0.045,0.045,0.045,OnDemand,USD,Microsoft.SharedInfra,/subscriptions/a1b2c3d4-9999-9999-9999-000000000099/resourceGroups/rg-shared-infra/providers/Microsoft.SharedInfra/Storage/storage,storage,{},"{""cpuUtilPct"": 3.13, ""memoryUtilPct"": 7.41, ""diskUtilPct"": 2.22, ""idleHours"": 498, ""lastActivityAt"": ""2025-12-07T15:42:13Z""}",Storage,Usage,Azure,,
EA-9876543210,platform-prod-sub,platform-prod-sub,owner_0001@company.com,a1b2c3d4-0001-0001-0001-000000000001,platform-prod-sub,rg-platform-prod,eastus,2025-12-25,Virtual Machines Standard_D2s_v3 - eastus,Virtual Machines,Standard_D2s_v3 Series,bbc4f1e6-b32a-5f02-86f0-702bf6097b8b,D2s v3,24.0,1 Hour,4.07164,0.168,0.169652,0.168,OnDemand,USD,Microsoft.Compute,/subscriptions/a1b2c3d4-0001-0001-0001-000000000001/resourceGroups/rg-platform-prod/providers/Microsoft.Compute/virtualMachines/vm-standard-d2s-v3-00,vm-standard-d2s-v3-00,"{""team"": ""platform"", ""environment"": ""prod"", ""costcenter"": ""CC100"", ""application"": ""platform-core"", ""business_unit"": ""engineering"", ""owner_email"": ""platform-owner@company.com"", ""support_group"": ""platform-operations"", ""workload_criticality"": ""mission_critical"", ""sla_tier"": ""platinum""}","{""ServiceType"": ""Standard"", ""VMName"": ""vm-standard-d2s-v3-00"", ""vCPUs"": 2, ""cpuUtilPct"": 39.44, ""memoryUtilPct"": 47.72, ""diskUtilPct"": 25.62, ""idleHours"": 6, ""lastActivityAt"": ""2025-12-23T14:52:15Z""}",Compute,Usage,Azure,,
EA-9876543210,platform-prod-sub,platform-prod-sub,owner_0001@company.com,a1b2c3d4-0001-0001-0001-000000000001,platform-prod-sub,rg-platform-prod,eastus,2025-12-25,Virtual Machines Standard_D2s_v3 - eastus,Virtual Machines,Standard_D2s_v3 Series,bbc4f1e6-b32a-5f02-86f0-702bf6097b8b,D2s v3,24.0,1 Hour,4.039768,0.168,0.168324,0.168,OnDemand,USD,Microsoft.Compute,/subscriptions/a1b2c3d4-0001-0001-0001-000000000001/resourceGroups/rg-platform-prod/providers/Microsoft.Compute/virtualMachines/vm-standard-d2s-v3-01,vm-standard-d2s-v3-01,"{""team"": ""platform"", ""environment"": ""prod"", ""costcenter"": ""CC100"", ""application"": ""platform-core"", ""business_unit"": ""engineering"", ""owner_email"": ""platform-owner@company.com"", ""support_group"": ""platform-operations"", ""workload_criticality"": ""mission_critical"", ""sla_tier"": ""platinum""}","{""ServiceType"": ""Standard"", ""VMName"": ""vm-standard-d2s-v3-01"", ""vCPUs"": 2, ""cpuUtilPct"": 45.66, ""memoryUtilPct"": 56.96, ""diskUtilPct"": 26.96, ""idleHours"": 9, ""lastActivityAt"": ""2025-12-22T23:11:36Z""}",Compute,Usage,Azure,,
EA-9876543210,app-prod-sub,app-prod-sub,owner_0003@company.com,a1b2c3d4-0003-0003-0003-000000000003,app-prod-sub,rg-app-prod,eastus,2025-12-25,Virtual Machines Standard_D4s_v3 - eastus,Virtual Machines,Standard_D4s_v3 Series,6c8e1236-a3aa-53d7-8e09-dadb98f69027,D4s v3,24.0,1 Hour,8.034528,0.336,0.334772,0.336,OnDemand,USD,Microsoft.Compute,/subscriptions/a1b2c3d4-0003-0003-0003-000000000003/resourceGroups/rg-app-prod/providers/Microsoft.Compute/virtualMachines/vm-standard-d4s-v3-02,vm-standard-d4s-v3-02,"{""team"": ""backend"", ""environment"": ""prod"", ""costcenter"": ""CC400"", ""application"": ""core-api"", ""business_unit"": ""product"", ""owner_email"": ""backend-owner@company.com"", ""support_group"": ""api-operations"", ""workload_criticality"": ""high"", ""sla_tier"": ""gold""}","{""ServiceType"": ""Standard"", ""VMName"": ""vm-standard-d4s-v3-02"", ""vCPUs"": 4, ""cpuUtilPct"": 39.62, ""memoryUtilPct"": 39.76, ""diskUtilPct"": 23.47, ""idleHours"": 58, ""lastActivityAt"": ""2025-12-20T12:38:30Z""}",Compute,Usage,Azure,,
EA-9876543210,data-eng-prod-sub,data-eng-prod-sub,owner_0002@company.com,a1b2c3d4-0002-0002-0002-000000000002,data-eng-prod-sub,rg-data-prod,westeurope,2025-12-25,Virtual Machines Standard_E4s_v3 - westeurope,Virtual Machines,Standard_E4s_v3 Series,7373fa15-5d45-5d30-a83f-72064e156f94,E4s v3,24.0,1 Hour,5.636821,0.364,0.234868,0.364,Reservation,USD,Microsoft.Compute,/subscriptions/a1b2c3d4-0002-0002-0002-000000000002/resourceGroups/rg-data-prod/providers/Microsoft.Compute/virtualMachines/vm-standard-e4s-v3-03,vm-standard-e4s-v3-03,"{""team"": ""data-eng"", ""environment"": ""prod"", ""costcenter"": ""CC200"", ""application"": ""data-platform"", ""business_unit"": ""data"", ""owner_email"": ""data-eng-owner@company.com"", ""support_group"": ""data-platform-ops"", ""workload_criticality"": ""high"", ""sla_tier"": ""gold""}","{""ServiceType"": ""Standard"", ""VMName"": ""vm-standard-e4s-v3-03"", ""vCPUs"": 4, ""cpuUtilPct"": 33.94, ""memoryUtilPct"": 47.15, ""diskUtilPct"": 40.57, ""idleHours"": 66, ""lastActivityAt"": ""2025-12-21T04:10:34Z""}",Compute,Usage,Azure,/providers/Microsoft.BillingBenefits/savingsPlanOrders/4ee06901-0c9e-4034-997d-e95bf83db9a5,Reserved VM Instance_westeurope_1Year
EA-9876543210,data-eng-prod-sub,data-eng-prod-sub,owner_0002@company.com,a1b2c3d4-0002-0002-0002-000000000002,data-eng-prod-sub,rg-data-prod,westeurope,2025-12-25,Virtual Machines Standard_E8s_v3 - westeurope,Virtual Machines,Standard_E8s_v3 Series,2b9593f7-8692-56d9-b10a-a624f400da47,E8s v3,24.0,1 Hour,10.56285,0.728,0.440119,0.728,Reservation,USD,Microsoft.Compute,/subscriptions/a1b2c3d4-0002-0002-0002-000000000002/resourceGroups/rg-data-prod/providers/Microsoft.Compute/virtualMachines/vm-standard-e8s-v3-04,vm-standard-e8s-v3-04,"{""team"": ""data-eng"", ""environment"": ""prod"", ""costcenter"": ""CC200"", ""application"": ""data-platform"", ""business_unit"": ""data"", ""owner_email"": ""data-eng-owner@company.com"", ""support_group"": ""data-platform-ops"", ""workload_criticality"": ""high"", ""sla_tier"": ""gold""}","{""ServiceType"": ""Standard"", ""VMName"": ""vm-standard-e8s-v3-04"", ""vCPUs"": 8, ""cpuUtilPct"": 24.08, ""memoryUtilPct"": 44.64, ""diskUtilPct"": 39.73, ""idleHours"": 30, ""lastActivityAt"": ""2025-12-22T16:23:54Z""}",Compute,Usage,Azure,/providers/Microsoft.BillingBenefits/savingsPlanOrders/f338f52a-5d13-44a3-a732-aeee092a9bf2,Reserved VM Instance_westeurope_1Year
EA-9876543210,data-eng-prod-sub,data-eng-prod-sub,owner_0002@company.com,a1b2c3d4-0002-0002-0002-000000000002,data-eng-prod-sub,rg-ml-prod,westeurope,2025-12-25,Virtual Machines Standard_F4s_v2 - westeurope,Virtual Machines,Standard_F4s_v2 Series,303bf71a-6d52-56d9-8e75-95552aa01c86,F4s v2,24.0,1 Hour,6.018664,0.252,0.250778,0.252,OnDemand,USD,Microsoft.Compute,/subscriptions/a1b2c3d4-0002-0002-0002-000000000002/resourceGroups/rg-ml-prod/providers/Microsoft.Compute/virtualMachines/vm-standard-f4s-v2-05,vm-standard-f4s-v2-05,"{""team"": ""ml"", ""environment"": ""prod"", ""costcenter"": ""CC500"", ""application"": ""ml-platform"", ""business_unit"": ""ai"", ""owner_email"": ""ml-owner@company.com"", ""support_group"": ""ml-platform-sre"", ""workload_criticality"": ""high"", ""sla_tier"": ""gold""}","{""ServiceType"": ""Standard"", ""VMName"": ""vm-standard-f4s-v2-05"", ""vCPUs"": 4, ""cpuUtilPct"": 37.74, ""memoryUtilPct"": 40.81, ""diskUtilPct"": 34.78, ""idleHours"": 49, ""lastActivityAt"": ""2025-12-21T04:02:33Z""}",Compute,Usage,Azure,,
EA-9876543210,data-eng-prod-sub,data-eng-prod-sub,owner_0002@company.com,a1b2c3d4-0002-0002-0002-000000000002,data-eng-prod-sub,rg-ml-prod,westeurope,2025-12-25,Virtual Machines Standard_D8s_v3 - westeurope,Virtual Machines,Standard_D8s_v3 Series,348575ff-7ae0-57e5-896e-037d67179117,D8s v3,24.0,1 Hour,9.580228,0.672,0.399176,0.672,Reservation,USD,Microsoft.Compute,/subscriptions/a1b2c3d4-0002-0002-0002-000000000002/resourceGroups/rg-ml-prod/providers/Microsoft.Compute/virtualMachines/vm-standard-d8s-v3-06,vm-standard-d8s-v3-06,"{""team"": ""ml"", ""environment"": ""prod"", ""costcenter"": ""CC500"", ""application"": ""ml-platform"", ""business_unit"": ""ai"", ""owner_email"": ""ml-owner@company.com"", ""support_group"": ""ml-platform-sre"", ""workload_criticality"": ""high"", ""sla_tier"": ""gold""}","{""ServiceType"": ""Standard"", ""VMName"": ""vm-standard-d8s-v3-06"", ""vCPUs"": 8, ""cpuUtilPct"": 31.09, ""memoryUtilPct"": 43.05, ""diskUtilPct"": 34.34, ""idleHours"": 43, ""lastActivityAt"": ""2025-12-23T15:10:53Z""}",Compute,Usage,Azure,/providers/Microsoft.BillingBenefits/savingsPlanOrders/295beadd-5214-48dc-98ef-801b1fd28988,Reserved VM Instance_westeurope_1Year
EA-9876543210,app-prod-sub,app-prod-sub,owner_0003@company.com,a1b2c3d4-0003-0003-0003-000000000003,app-prod-sub,rg-app-prod,southeastasia,2025-12-25,Virtual Machines Standard_B2s - southeastasia,Virtual Machines,Standard_B2s Series,78a50003-6630-5ba4-aad2-c10f0de71d3b,B2s,24.0,1 Hour,2.014162,0.084,0.083923,0.084,OnDemand,USD,Microsoft.Compute,/subscriptions/a1b2c3d4-0003-0003-0003-000000000003/resourceGroups/rg-app-prod/providers/Microsoft.Compute/virtualMachines/vm-standard-b2s-07,vm-standard-b2s-07,"{""team"": ""frontend"", ""environment"": ""prod"", ""costcenter"": ""CC300"", ""application"": ""customer-web"", ""business_unit"": ""product"", ""owner_email"": ""frontend-owner@company.com"", ""support_group"": ""customer-experience-support"", ""workload_criticality"": ""high"", ""sla_tier"": ""gold""}","{""ServiceType"": ""Standard"", ""VMName"": ""vm-standard-b2s-07"", ""vCPUs"": 2, ""cpuUtilPct"": 23.37, ""memoryUtilPct"": 39.11, ""diskUtilPct"": 41.07, ""idleHours"": 70, ""lastActivityAt"": ""2025-12-21T20:31:32Z""}",Compute,Usage,Azure,,
EA-9876543210,app-prod-sub,app-prod-sub,owner_0003@company.com,a1b2c3d4-0003-0003-0003-000000000003,app-prod-sub,rg-app-staging,southeastasia,2025-12-25,Virtual Machines Standard_B2s - southeastasia,Virtual Machines,Standard_B2s Series,78a50003-6630-5ba4-aad2-c10f0de71d3b,B2s,24.0,1 Hour,1.578307,0.084,0.065763,0.084,SavingsPlan,USD,Microsoft.Compute,/subscriptions/a1b2c3d4-0003-0003-0003-000000000003/resourceGroups/rg-app-staging/providers/Microsoft.Compute/virtualMachines/vm-standard-b2s-08,vm-standard-b2s-08,"{""team"": ""frontend"", ""environment"": ""staging"", ""costcenter"": ""CC300"", ""application"": ""customer-web"", ""business_unit"": ""product"", ""owner_email"": ""frontend-owner@company.com"", ""support_group"": ""customer-experience-support"", ""workload_criticality"": ""medium"", ""sla_tier"": ""silver""}","{""ServiceType"": ""Standard"", ""VMName"": ""vm-standard-b2s-08"", ""vCPUs"": 2, ""cpuUtilPct"": 7.2, ""memoryUtilPct"": 22.5, ""diskUtilPct"": 13.24, ""idleHours"": 117, ""lastActivityAt"": ""2025-12-18T14:09:59Z""}",Compute,Usage,Azure,/providers/Microsoft.BillingBenefits/savingsPlanOrders/de393944-4160-4f04-a9e4-476da59484ad,Compute savings plan_1Year
EA-9876543210,app-prod-sub,app-prod-sub,owner_0003@company.com,a1b2c3d4-0003-0003-0003-000000000003,app-prod-sub,rg-app-staging,southeastasia,2025-12-25,Unused Reservation - vm-standard-b2s-08,Virtual Machines,Unused Capacity,09105769-012d-5592-b6ef-35a123f49e2d,Unused,0.0,1 Hour,0.378334,0.0,0.0,0.084,SavingsPlan,USD,Microsoft.Compute,,vm-standard-b2s-08,"{""team"": ""frontend"", ""environment"": ""staging"", ""costcenter"": ""CC300"", ""application"": ""customer-web"", ""business_unit"": ""product"", ""owner_email"": ""frontend-owner@company.com"", ""support_group"": ""customer-experience-support"", ""workload_criticality"": ""medium"", ""sla_tier"": ""silver""}","{""cpuUtilPct"": 7.2, ""memoryUtilPct"": 22.5, ""diskUtilPct"": 13.24, ""idleHours"": 117, ""lastActivityAt"": ""2025-12-18T14:09:59Z""}",Compute,UnusedSavingsPlan,Azure,/providers/Microsoft.BillingBenefits/savingsPlanOrders/76f6db40-79d2-4b1c-98c7-f6a4e97a2010,Compute savings plan_1Year
EA-9876543210,app-prod-sub,app-prod-sub,owner_0003@company.com,a1b2c3d4-0003-0003-0003-000000000003,app-prod-sub,rg-app-staging,eastus,2025-12-25,Virtual Machines Standard_D2s_v3 - eastus,Virtual Machines,Standard_D2s_v3 Series,bbc4f1e6-b32a-5f02-86f0-702bf6097b8b,D2s v3,24.0,1 Hour,4.054937,0.168,0.168956,0.168,OnDemand,USD,Microsoft.Compute,/subscriptions/a1b2c3d4-0003-0003-0003-000000000003/resourceGroups/rg-app-staging/providers/Microsoft.Compute/virtualMachines/vm-standard-d2s-v3-09,vm-standard-d2s-v3-09,"{""team"": ""backend"", ""environment"": ""staging"", ""costcenter"": ""CC400"", ""application"": ""core-api"", ""business_unit"": ""product"", ""owner_email"": ""backend-owner@company.com"", ""support_group"": ""api-operations"", ""workload_criticality"": ""medium"", ""sla_tier"": ""silver""}","{""ServiceType"": ""Standard"", ""VMName"": ""vm-standard-d2s-v3-09"", ""vCPUs"": 2, ""cpuUtilPct"": 8.69, ""memoryUtilPct"": 26.96, ""diskUtilPct"": 11.14, ""idleHours"": 81, ""lastActivityAt"": ""2025-12-12T23:57:14Z""}",Compute,Usage,Azure,,
EA-9876543210,platform-prod-sub,platform-prod-sub,owner_0001@company.com,a1b2c3d4-0001-0001-0001-000000000001,platform-prod-sub,rg-platform-dev,eastus,2025-12-25,Virtual Machines Standard_B2s - eastus,Virtual Machines,Standard_B2s Series,7190101e-d2ab-5a56-ad8e-83f7122f17e8,B2s,24.0,1 Hour,2.028675,0.084,0.084528,0.084,OnDemand,USD,Microsoft.Compute,/subscriptions/a1b2c3d4-0001-0001-0001-000000000001/resourceGroups/rg-platform-dev/providers/Microsoft.Compute/virtualMachines/vm-standard-b2s-10,vm-standard-b2s-10,"{""team"": ""platform"", ""environment"": ""dev"", ""costcenter"": ""CC100"", ""application"": ""platform-core"", ""business_unit"": ""engineering"", ""owner_email"": ""platform-owner@company.com"", ""support_group"": ""platform-operations"", ""workload_criticality"": ""low"", ""sla_tier"": ""bronze""}","{""ServiceType"": ""Standard"", ""VMName"": ""vm-standard-b2s-10"", ""vCPUs"": 2, ""cpuUtilPct"": 1.41, ""memoryUtilPct"": 6.55, ""diskUtilPct"": 2.42, ""idleHours"": 510, ""lastActivityAt"": ""2025-11-14T01:17:56Z""}",Compute,Usage,Azure,,
EA-9876543210,app-prod-sub,app-prod-sub,owner_0003@company.com,a1b2c3d4-0003-0003-0003-000000000003,app-prod-sub,rg-app-dev,eastus,2025-12-25,Virtual Machines Standard_B2s - eastus,Virtual Machines,Standard_B2s Series,7190101e-d2ab-5a56-ad8e-83f7122f17e8,B2s,24.0,1 Hour,2.014032,0.084,0.083918,0.084,OnDemand,USD,Microsoft.Compute,/subscriptions/a1b2c3d4-0003-0003-0003-000000000003/resourceGroups/rg-app-dev/providers/Microsoft.Compute/virtualMachines/vm-standard-b2s-11,vm-standard-b2s-11,{},"{""ServiceType"": ""Standard"", ""VMName"": ""vm-standard-b2s-11"", ""vCPUs"": 2, ""cpuUtilPct"": 2.34, ""memoryUtilPct"": 2.64, ""diskUtilPct"": 3.76, ""idleHours"": 572, ""lastActivityAt"": ""2025-11-22T05:14:05Z""}",Compute,Usage,Azure,,
EA-9876543210,platform-prod-sub,platform-prod-sub,owner_0001@company.com,a1b2c3d4-0001-0001-0001-000000000001,platform-prod-sub,rg-platform-prod,eastus,2025-12-25,Blob Storage - LRS - Hot - eastus,Storage,Blobs - LRS - Hot,fb8faed0-f377-5fb0-92b7-78035153a7fa,Data Stored,850.2784,1 GB/Month,0.508659,0.018,0.018,0.018,OnDemand,USD,Microsoft.Storage,/subscriptions/a1b2c3d4-0001-0001-0001-000000000001/resourceGroups/rg-platform-prod/providers/Microsoft.Storage/storageAccounts/stplatformassets,stplatformassets,"{""team"": ""platform"", ""environment"": ""prod"", ""costcenter"": ""CC100"", ""application"": ""platform-core"", ""business_unit"": ""engineering"", ""owner_email"": ""platform-owner@company.com"", ""support_group"": ""platform-operations"", ""workload_criticality"": ""mission_critical"", ""sla_tier"": ""platinum""}","{""AccountType"": ""LRS"", ""cpuUtilPct"": 0.0, ""memoryUtilPct"": 0.0, ""diskUtilPct"": 55.24, ""idleHours"": 0, ""lastActivityAt"": ""2025-12-24T04:29:57Z""}",Storage,Usage,Azure,,
EA-9876543210,data-eng-prod-sub,data-eng-prod-sub,owner_0002@company.com,a1b2c3d4-0002-0002-0002-000000000002,data-eng-prod-sub,rg-data-prod,westeurope,2025-12-25,Blob Storage - ZRS - Hot - westeurope,Storage,Blobs - ZRS - Hot,9dd9b051-b91d-533a-9f70-e4838eb241bb,Data Stored,3200.5219,1 GB/Month,2.459147,0.023,0.023,0.023,OnDemand,USD,Microsoft.Storage,/subscriptions/a1b2c3d4-0002-0002-0002-000000000002/resourceGroups/rg-data-prod/providers/Microsoft.Storage/storageAccounts/stdatalake,stdatalake,"{""team"": ""data-eng"", ""environment"": ""prod"", ""costcenter"": ""CC200"", ""application"": ""data-platform"", ""business_unit"": ""data"", ""owner_email"": ""data-eng-owner@company.com"", ""support_group"": ""data-platform-ops"", ""workload_criticality"": ""high"", ""sla_tier"": ""gold""}","{""AccountType"": ""ZRS"", ""cpuUtilPct"": 0.0, ""memoryUtilPct"": 0.0, ""diskUtilPct"": 52.1, ""idleHours"": 11, ""lastActivityAt"": ""2025-12-23T12:59:33Z""}",Storage,Usage,Azure,,
EA-9876543210,app-prod-sub,app-prod-sub,owner_0003@company.com,a1b2c3d4-0003-0003-0003-000000000003,app-prod-sub,rg-app-prod,southeastasia,2025-12-25,Blob Storage - LRS - Hot - southeastasia,Storage,Blobs - LRS - Hot,3ae72a36-b458-5b93-9e16-84484844594d,Data Stored,399.6582,1 GB/Month,0.239693,0.018,0.018,0.018,OnDemand,USD,Microsoft.Storage,/subscriptions/a1b2c3d4-0003-0003-0003-000000000003/resourceGroups/rg-app-prod/providers/Microsoft.Storage/storageAccounts/stappassets,stappassets,{},"{""AccountType"": ""LRS"", ""cpuUtilPct"": 0.0, ""memoryUtilPct"": 0.0, ""diskUtilPct"": 30.04, ""idleHours"": 4, ""lastActivityAt"": ""2025-12-23T20:10:08Z""}",Storage,Usage,Azure,,
EA-9876543210,data-eng-prod-sub,data-eng-prod-sub,owner_0002@company.com,a1b2c3d4-0002-0002-0002-000000000002,data-eng-prod-sub,rg-ml-prod,westeurope,2025-12-25,Blob Storage - LRS - Hot - westeurope,Storage,Blobs - LRS - Hot,4ba045d2-b571-568f-be23-884194c5daba,Data Stored,1099.891,1 GB/Month,0.658986,0.018,0.018,0.018,OnDemand,USD,Microsoft.Storage,/subscriptions/a1b2c3d4-0002-0002-0002-000000000002/resourceGroups/rg-ml-prod/providers/Microsoft.Storage/storageAccounts/stmlmodels,stmlmodels,"{""team"": ""ml"", ""environment"": ""prod"", ""costcenter"": ""CC500"", ""application"": ""ml-platform"", ""business_unit"": ""ai"", ""owner_email"": ""ml-owner@company.com"", ""support_group"": ""ml-platform-sre"", ""workload_criticality"": ""high"", ""sla_tier"": ""gold""}","{""AccountType"": ""LRS"", ""cpuUtilPct"": 0.0, ""memoryUtilPct"": 0.0, ""diskUtilPct"": 57.7, ""idleHours"": 16, ""lastActivityAt"": ""2025-12-22T20:10:30Z""}",Storage,Usage,Azure,,
EA-9876543210,platform-prod-sub,platform-prod-sub,owner_0001@company.com,a1b2c3d4-0001-0001-0001-000000000001,platform-prod-sub,rg-platform-prod,eastus,2025-12-25,Azure SQL Database Standard_S2 - eastus,SQL Database,Standard_S2,cd1e0b9a-8ff0-5779-9281-87ab698e2916,vCore Hours,24.0,1 Hour,7.498685,0.31,0.31,0.31,OnDemand,USD,Microsoft.Sql,/subscriptions/a1b2c3d4-0001-0001-0001-000000000001/resourceGroups/rg-platform-prod/providers/Microsoft.Sql/servers/databases/sqldb-standard-0001,sqldb-standard-0001,"{""team"": ""platform"", ""environment"": ""prod"", ""costcenter"": ""CC100"", ""application"": ""platform-core"", ""business_unit"": ""engineering"", ""owner_email"": ""platform-owner@company.com"", ""support_group"": ""platform-operations"", ""workload_criticality"": ""mission_critical"", ""sla_tier"": ""platinum""}","{""cpuUtilPct"": 33.81, ""memoryUtilPct"": 41.98, ""diskUtilPct"": 31.29, ""idleHours"": 25, ""lastActivityAt"": ""2025-12-24T13:45:26Z""}",Databases,Usage,Azure,,
EA-9876543210,data-eng-prod-sub,data-eng-prod-sub,owner_0002@company.com,a1b2c3d4-0002-0002-0002-000000000002,data-eng-prod-sub,rg-data-prod,westeurope,2025-12-25,Azure SQL Database Business Critical_BC_Gen5_4 - westeurope,SQL Database,Business Critical_BC_Gen5_4,4bab5ab0-7291-58c2-8564-3252f5053179,vCore Hours,24.0,1 Hour,53.227955,2.2,2.2,2.2,OnDemand,USD,Microsoft.Sql,/subscriptions/a1b2c3d4-0002-0002-0002-000000000002/resourceGroups/rg-data-prod/providers/Microsoft.Sql/servers/databases/sqldb-business critical-0002,sqldb-business critical-0002,{},"{""cpuUtilPct"": 32.65, ""memoryUtilPct"": 38.81, ""diskUtilPct"": 19.02, ""idleHours"": 56, ""lastActivityAt"": ""2025-12-21T02:32:10Z""}",Databases,Usage,Azure,,
EA-9876543210,app-prod-sub,app-prod-sub,owner_0003@company.com,a1b2c3d4-0003-0003-0003-000000000003,app-prod-sub,rg-app-prod,eastus,2025-12-25,Azure SQL Database General Purpose_GP_Gen5_2 - eastus,SQL Database,General Purpose_GP_Gen5_2,69e0198c-4ca3-5ac2-8540-db65f6d44c56,vCore Hours,24.0,1 Hour,14.36635,0.6,0.6,0.6,OnDemand,USD,Microsoft.Sql,/subscriptions/a1b2c3d4-0003-0003-0003-000000000003/resourceGroups/rg-app-prod/providers/Microsoft.Sql/servers/databases/sqldb-general purpose-0003,sqldb-general purpose-0003,"{""team"": ""backend"", ""environment"": ""prod"", ""costcenter"": ""CC400"", ""application"": ""core-api"", ""business_unit"": ""product"", ""owner_email"": ""backend-owner@company.com"", ""support_group"": ""api-operations"", ""workload_criticality"": ""high"", ""sla_tier"": ""gold""}","{""cpuUtilPct"": 33.7, ""memoryUtilPct"": 51.82, ""diskUtilPct"": 24.99, ""idleHours"": 54, ""lastActivityAt"": ""2025-12-23T03:53:24Z""}",Databases,Usage,Azure,,
EA-9876543210,shared-infra-sub,shared-infra-sub,owner_infra@company.com,a1b2c3d4-9999-9999-9999-000000000099,shared-infra-sub,rg-shared-infra,eastus,2025-12-25,Azure Monitor,Monitor,Data Ingested,aadff281-e00d-588e-bd69-a4630325bd50,Data Ingested,1000.0,1 Unit,44.751253,0.045,0.045,0.045,OnDemand,USD,Microsoft.SharedInfra,/subscriptions/a1b2c3d4-9999-9999-9999-000000000099/resourceGroups/rg-shared-infra/providers/Microsoft.SharedInfra/Monitor/monitor,monitor,{},"{""cpuUtilPct"": 0.94, ""memoryUtilPct"": 6.1, ""diskUtilPct"": 7.87, ""idleHours"": 702, ""lastActivityAt"": ""2025-12-10T04:51:14Z""}",Management,Usage,Azure,,
EA-9876543210,shared-infra-sub,shared-infra-sub,owner_infra@company.com,a1b2c3d4-9999-9999-9999-000000000099,shared-infra-sub,rg-shared-infra,eastus,2025-12-25,Virtual Network,Networking,Intra-Region,cc2ca1a8-2d13-5873-b301-4b8ed16ed2c0,Intra-Region,622.22,1 Unit,28.151741,0.045,0.045,0.045,OnDemand,USD,Microsoft.SharedInfra,/subscriptions/a1b2c3d4-9999-9999-9999-000000000099/resourceGroups/rg-shared-infra/providers/Microsoft.SharedInfra/Networking/networking,networking,{},"{""cpuUtilPct"": 0.73, ""memoryUtilPct"": 2.93, ""diskUtilPct"": 3.08, ""idleHours"": 330, ""lastActivityAt"": ""2025-12-09T21:08:25Z""}",Networking,Usage,Azure,,
EA-9876543210,shared-infra-sub,shared-infra-sub,owner_infra@company.com,a1b2c3d4-9999-9999-9999-000000000099,shared-infra-sub,rg-shared-infra,eastus,2025-12-25,API Management,API Management,Gateway Units,78998862-331b-5215-a4b4-8d4500189f89,Gateway Units,2666.67,1 Unit,119.11811,0.045,0.045,0.045,OnDemand,USD,Microsoft.SharedInfra,/subscriptions/a1b2c3d4-9999-9999-9999-000000000099/resourceGroups/rg-shared-infra/providers/Microsoft.SharedInfra/API Management/api-management,api-management,{},"{""cpuUtilPct"": 3.8, ""memoryUtilPct"": 6.59, ""diskUtilPct"": 5.86, ""idleHours"": 661, ""lastActivityAt"": ""2025-12-07T00:44:21Z""}",Integration,Usage,Azure,,
EA-9876543210,shared-infra-sub,shared-infra-sub,owner_infra@company.com,a1b2c3d4-9999-9999-9999-000000000099,shared-infra-sub,rg-shared-infra,eastus,2025-12-25,Azure Key Vault,Key Vault,Operations,3cb0172e-6732-5350-b439-97753364a78c,Operations,177.78,1 Unit,7.927403,0.045,0.045,0.045,OnDemand,USD,Microsoft.SharedInfra,/subscriptions/a1b2c3d4-9999-9999-9999-000000000099/resourceGroups/rg-shared-infra/providers/Microsoft.SharedInfra/Key Vault/key-vault,key-vault,{},"{""cpuUtilPct"": 3.24, ""memoryUtilPct"": 4.53, ""diskUtilPct"": 7.86, ""idleHours"": 339, ""lastActivityAt"": ""2025-11-16T01:26:57Z""}",Security,Usage,Azure,,
EA-9876543210,shared-infra-sub,shared-infra-sub,owner_infra@company.com,a1b2c3d4-9999-9999-9999-000000000099,shared-infra-sub,rg-shared-infra,eastus,2025-12-25,Azure Blob Storage,Storage,Data Stored,2e8ee991-b3b7-5136-98e5-4772405cdb0c,Data Stored,400.0,1 Unit,17.820975,0.045,0.045,0.045,OnDemand,USD,Microsoft.SharedInfra,/subscriptions/a1b2c3d4-9999-9999-9999-000000000099/resourceGroups/rg-shared-infra/providers/Microsoft.SharedInfra/Storage/storage,storage,{},"{""cpuUtilPct"": 4.66, ""memoryUtilPct"": 3.63, ""diskUtilPct"": 1.51, ""idleHours"": 494, ""lastActivityAt"": ""2025-11-15T18:02:14Z""}",Storage,Usage,Azure,,
EA-9876543210,platform-prod-sub,platform-prod-sub,owner_0001@company.com,a1b2c3d4-0001-0001-0001-000000000001,platform-prod-sub,rg-platform-prod,eastus,2025-12-26,Virtual Machines Standard_D2s_v3 - eastus,Virtual Machines,Standard_D2s_v3 Series,bbc4f1e6-b32a-5f02-86f0-702bf6097b8b,D2s v3,24.0,1 Hour,4.019184,0.168,0.167466,0.168,OnDemand,USD,Microsoft.Compute,/subscriptions/a1b2c3d4-0001-0001-0001-000000000001/resourceGroups/rg-platform-prod/providers/Microsoft.Compute/virtualMachines/vm-standard-d2s-v3-00,vm-standard-d2s-v3-00,"{""team"": ""platform"", ""environment"": ""prod"", ""costcenter"": ""CC100"", ""application"": ""platform-core"", ""business_unit"": ""engineering"", ""owner_email"": ""platform-owner@company.com"", ""support_group"": ""platform-operations"", ""workload_criticality"": ""mission_critical"", ""sla_tier"": ""platinum""}","{""ServiceType"": ""Standard"", ""VMName"": ""vm-standard-d2s-v3-00"", ""vCPUs"": 2, ""cpuUtilPct"": 41.54, ""memoryUtilPct"": 39.88, ""diskUtilPct"": 48.08, ""idleHours"": 15, ""lastActivityAt"": ""2025-12-24T23:48:16Z""}",Compute,Usage,Azure,,
EA-9876543210,platform-prod-sub,platform-prod-sub,owner_0001@company.com,a1b2c3d4-0001-0001-0001-000000000001,platform-prod-sub,rg-platform-prod,eastus,2025-12-26,Virtual Machines Standard_D2s_v3 - eastus,Virtual Machines,Standard_D2s_v3 Series,bbc4f1e6-b32a-5f02-86f0-702bf6097b8b,D2s v3,24.0,1 Hour,4.04371,0.168,0.168488,0.168,OnDemand,USD,Microsoft.Compute,/subscriptions/a1b2c3d4-0001-0001-0001-000000000001/resourceGroups/rg-platform-prod/providers/Microsoft.Compute/virtualMachines/vm-standard-d2s-v3-01,vm-standard-d2s-v3-01,"{""team"": ""platform"", ""environment"": ""prod"", ""costcenter"": ""CC100"", ""application"": ""platform-core"", ""business_unit"": ""engineering"", ""owner_email"": ""platform-owner@company.com"", ""support_group"": ""platform-operations"", ""workload_criticality"": ""mission_critical"", ""sla_tier"": ""platinum""}","{""ServiceType"": ""Standard"", ""VMName"": ""vm-standard-d2s-v3-01"", ""vCPUs"": 2, ""cpuUtilPct"": 37.16, ""memoryUtilPct"": 52.94, ""diskUtilPct"": 48.84, ""idleHours"": 9, ""lastActivityAt"": ""2025-12-23T22:23:12Z""}",Compute,Usage,Azure,,
EA-9876543210,app-prod-sub,app-prod-sub,owner_0003@company.com,a1b2c3d4-0003-0003-0003-000000000003,app-prod-sub,rg-app-prod,eastus,2025-12-26,Virtual Machines Standard_D4s_v3 - eastus,Virtual Machines,Standard_D4s_v3 Series,6c8e1236-a3aa-53d7-8e09-dadb98f69027,D4s v3,24.0,1 Hour,8.043503,0.336,0.335146,0.336,OnDemand,USD,Microsoft.Compute,/subscriptions/a1b2c3d4-0003-0003-0003-000000000003/resourceGroups/rg-app-prod/providers/Microsoft.Compute/virtualMachines/vm-standard-d4s-v3-02,vm-standard-d4s-v3-02,"{""team"": ""backend"", ""environment"": ""prod"", ""costcenter"": ""CC400"", ""application"": ""core-api"", ""business_unit"": ""product"", ""owner_email"": ""backend-owner@company.com"", ""support_group"": ""api-operations"", ""workload_criticality"": ""high"", ""sla_tier"": ""gold""}","{""ServiceType"": ""Standard"", ""VMName"": ""vm-standard-d4s-v3-02"", ""vCPUs"": 4, ""cpuUtilPct"": 41.04, ""memoryUtilPct"": 37.07, ""diskUtilPct"": 33.06, ""idleHours"": 39, ""lastActivityAt"": ""2025-12-24T11:18:26Z""}",Compute,Usage,Azure,,
EA-9876543210,data-eng-prod-sub,data-eng-prod-sub,owner_0002@company.com,a1b2c3d4-0002-0002-0002-000000000002,data-eng-prod-sub,rg-data-prod,westeurope,2025-12-26,Virtual Machines Standard_E4s_v3 - westeurope,Virtual Machines,Standard_E4s_v3 Series,7373fa15-5d45-5d30-a83f-72064e156f94,E4s v3,24.0,1 Hour,5.785321,0.364,0.241055,0.364,Reservation,USD,Microsoft.Compute,/subscriptions/a1b2c3d4-0002-0002-0002-000000000002/resourceGroups/rg-data-prod/providers/Microsoft.Compute/virtualMachines/vm-standard-e4s-v3-03,vm-standard-e4s-v3-03,{},"{""ServiceType"": ""Standard"", ""VMName"": ""vm-standard-e4s-v3-03"", ""vCPUs"": 4, ""cpuUtilPct"": 36.16, ""memoryUtilPct"": 45.14, ""diskUtilPct"": 40.29, ""idleHours"": 15, ""lastActivityAt"": ""2025-12-24T00:28:11Z""}",Compute,Usage,Azure,/providers/Microsoft.BillingBenefits/savingsPlanOrders/cc428238-7b32-454b-bef6-7a8fe95a760b,Reserved VM Instance_westeurope_1Year
EA-9876543210,data-eng-prod-sub,data-eng-prod-sub,owner_0002@company.com,a1b2c3d4-0002-0002-0002-000000000002,data-eng-prod-sub,rg-data-prod,westeurope,2025-12-26,Virtual Machines Standard_E8s_v3 - westeurope,Virtual Machines,Standard_E8s_v3 Series,2b9593f7-8692-56d9-b10a-a624f400da47,E8s v3,24.0,1 Hour,10.980285,0.728,0.457512,0.728,Reservation,USD,Microsoft.Compute,/subscriptions/a1b2c3d4-0002-0002-0002-000000000002/resourceGroups/rg-data-prod/providers/Microsoft.Compute/virtualMachines/vm-standard-e8s-v3-04,vm-standard-e8s-v3-04,{},"{""ServiceType"": ""Standard"", ""VMName"": ""vm-standard-e8s-v3-04"", ""vCPUs"": 8, ""cpuUtilPct"": 37.53, ""memoryUtilPct"": 43.68, ""diskUtilPct"": 40.46, ""idleHours"": 37, ""lastActivityAt"": ""2025-12-22T20:10:56Z""}",Compute,Usage,Azure,/providers/Microsoft.BillingBenefits/savingsPlanOrders/04781567-aa85-469f-b73a-de81c490efca,Reserved VM Instance_westeurope_1Year
EA-9876543210,data-eng-prod-sub,data-eng-prod-sub,owner_0002@company.com,a1b2c3d4-0002-0002-0002-000000000002,data-eng-prod-sub,rg-ml-prod,westeurope,2025-12-26,Virtual Machines Standard_F4s_v2 - westeurope,Virtual Machines,Standard_F4s_v2 Series,303bf71a-6d52-56d9-8e75-95552aa01c86,F4s v2,24.0,1 Hour,6.059526,0.252,0.25248,0.252,OnDemand,USD,Microsoft.Compute,/subscriptions/a1b2c3d4-0002-0002-0002-000000000002/resourceGroups/rg-ml-prod/providers/Microsoft.Compute/virtualMachines/vm-standard-f4s-v2-05,vm-standard-f4s-v2-05,"{""team"": ""ml"", ""environment"": ""prod"", ""costcenter"": ""CC500"", ""application"": ""ml-platform"", ""business_unit"": ""ai"", ""owner_email"": ""ml-owner@company.com"", ""support_group"": ""ml-platform-sre"", ""workload_criticality"": ""high"", ""sla_tier"": ""gold""}","{""ServiceType"": ""Standard"", ""VMName"": ""vm-standard-f4s-v2-05"", ""vCPUs"": 4, ""cpuUtilPct"": 28.66, ""memoryUtilPct"": 46.26, ""diskUtilPct"": 26.51, ""idleHours"": 72, ""lastActivityAt"": ""2025-12-22T13:51:40Z""}",Compute,Usage,Azure,,
EA-9876543210,data-eng-prod-sub,data-eng-prod-sub,owner_0002@company.com,a1b2c3d4-0002-0002-0002-000000000002,data-eng-prod-sub,rg-ml-prod,westeurope,2025-12-26,Virtual Machines Standard_D8s_v3 - westeurope,Virtual Machines,Standard_D8s_v3 Series,348575ff-7ae0-57e5-896e-037d67179117,D8s v3,24.0,1 Hour,9.648918,0.672,0.402038,0.672,Reservation,USD,Microsoft.Compute,/subscriptions/a1b2c3d4-0002-0002-0002-000000000002/resourceGroups/rg-ml-prod/providers/Microsoft.Compute/virtualMachines/vm-standard-d8s-v3-06,vm-standard-d8s-v3-06,"{""team"": ""ml"", ""environment"": ""prod"", ""costcenter"": ""CC500"", ""application"": ""ml-platform"", ""business_unit"": ""ai"", ""owner_email"": ""ml-owner@company.com"", ""support_group"": ""ml-platform-sre"", ""workload_criticality"": ""high"", ""sla_tier"": ""gold""}","{""ServiceType"": ""Standard"", ""VMName"": ""vm-standard-d8s-v3-06"", ""vCPUs"": 8, ""cpuUtilPct"": 32.34, ""memoryUtilPct"": 49.59, ""diskUtilPct"": 22.47, ""idleHours"": 17, ""lastActivityAt"": ""2025-12-24T09:53:12Z""}",Compute,Usage,Azure,/providers/Microsoft.BillingBenefits/savingsPlanOrders/f82f66ed-f694-4689-8adb-eb213f032703,Reserved VM Instance_westeurope_1Year
EA-9876543210,app-prod-sub,app-prod-sub,owner_0003@company.com,a1b2c3d4-0003-0003-0003-000000000003,app-prod-sub,rg-app-prod,southeastasia,2025-12-26,Virtual Machines Standard_B2s - southeastasia,Virtual Machines,Standard_B2s Series,78a50003-6630-5ba4-aad2-c10f0de71d3b,B2s,24.0,1 Hour,2.009808,0.084,0.083742,0.084,OnDemand,USD,Microsoft.Compute,/subscriptions/a1b2c3d4-0003-0003-0003-000000000003/resourceGroups/rg-app-prod/providers/Microsoft.Compute/virtualMachines/vm-standard-b2s-07,vm-standard-b2s-07,"{""team"": ""frontend"", ""environment"": ""prod"", ""costcenter"": ""CC300"", ""application"": ""customer-web"", ""business_unit"": ""product"", ""owner_email"": ""frontend-owner@company.com"", ""support_group"": ""customer-experience-support"", ""workload_criticality"": ""high"", ""sla_tier"": ""gold""}","{""ServiceType"": ""Standard"", ""VMName"": ""vm-standard-b2s-07"", ""vCPUs"": 2, ""cpuUtilPct"": 38.23, ""memoryUtilPct"": 44.61, ""diskUtilPct"": 40.89, ""idleHours"": 37, ""lastActivityAt"": ""2025-12-21T12:56:56Z""}",Compute,Usage,Azure,,
EA-9876543210,app-prod-sub,app-prod-sub,owner_0003@company.com,a1b2c3d4-0003-0003-0003-000000000003,app-prod-sub,rg-app-staging,southeastasia,2025-12-26,Virtual Machines Standard_B2s - southeastasia,Virtual Machines,Standard_B2s Series,78a50003-6630-5ba4-aad2-c10f0de71d3b,B2s,24.0,1 Hour,1.558436,0.084,0.064935,0.084,SavingsPlan,USD,Microsoft.Compute,/subscriptions/a1b2c3d4-0003-0003-0003-000000000003/resourceGroups/rg-app-staging/providers/Microsoft.Compute/virtualMachines/vm-standard-b2s-08,vm-standard-b2s-08,"{""team"": ""frontend"", ""environment"": ""staging"", ""costcenter"": ""CC300"", ""application"": ""customer-web"", ""business_unit"": ""product"", ""owner_email"": ""frontend-owner@company.com"", ""support_group"": ""customer-experience-support"", ""workload_criticality"": ""medium"", ""sla_tier"": ""silver""}","{""ServiceType"": ""Standard"", ""VMName"": ""vm-standard-b2s-08"", ""vCPUs"": 2, ""cpuUtilPct"": 8.24, ""memoryUtilPct"": 19.77, ""diskUtilPct"": 12.29, ""idleHours"": 100, ""lastActivityAt"": ""2025-12-21T04:16:18Z""}",Compute,Usage,Azure,/providers/Microsoft.BillingBenefits/savingsPlanOrders/78047e0e-b432-437a-bef3-176022fee340,Compute savings plan_1Year
EA-9876543210,app-prod-sub,app-prod-sub,owner_0003@company.com,a1b2c3d4-0003-0003-0003-000000000003,app-prod-sub,rg-app-staging,eastus,2025-12-26,Virtual Machines Standard_D2s_v3 - eastus,Virtual Machines,Standard_D2s_v3 Series,bbc4f1e6-b32a-5f02-86f0-702bf6097b8b,D2s v3,24.0,1 Hour,4.018357,0.168,0.167432,0.168,OnDemand,USD,Microsoft.Compute,/subscriptions/a1b2c3d4-0003-0003-0003-000000000003/resourceGroups/rg-app-staging/providers/Microsoft.Compute/virtualMachines/vm-standard-d2s-v3-09,vm-standard-d2s-v3-09,"{""team"": ""backend"", ""environment"": ""staging"", ""costcenter"": ""CC400"", ""application"": ""core-api"", ""business_unit"": ""product"", ""owner_email"": ""backend-owner@company.com"", ""support_group"": ""api-operations"", ""workload_criticality"": ""medium"", ""sla_tier"": ""silver""}","{""ServiceType"": ""Standard"", ""VMName"": ""vm-standard-d2s-v3-09"", ""vCPUs"": 2, ""cpuUtilPct"": 7.82, ""memoryUtilPct"": 21.39, ""diskUtilPct"": 9.84, ""idleHours"": 163, ""lastActivityAt"": ""2025-12-21T17:39:13Z""}",Compute,Usage,Azure,,
EA-9876543210,platform-prod-sub,platform-prod-sub,owner_0001@company.com,a1b2c3d4-0001-0001-0001-000000000001,platform-prod-sub,rg-platform-dev,eastus,2025-12-26,Virtual Machines Standard_B2s - eastus,Virtual Machines,Standard_B2s Series,7190101e-d2ab-5a56-ad8e-83f7122f17e8,B2s,24.0,1 Hour,2.00359,0.084,0.083483,0.084,OnDemand,USD,Microsoft.Compute,/subscriptions/a1b2c3d4-0001-0001-0001-000000000001/resourceGroups/rg-platform-dev/providers/Microsoft.Compute/virtualMachines/vm-standard-b2s-10,vm-standard-b2s-10,"{""team"": ""platform"", ""environment"": ""dev"", ""costcenter"": ""CC100"", ""application"": ""platform-core"", ""business_unit"": ""engineering"", ""owner_email"": ""platform-owner@company.com"", ""support_group"": ""platform-operations"", ""workload_criticality"": ""low"", ""sla_tier"": ""bronze""}","{""ServiceType"": ""Standard"", ""VMName"": ""vm-standard-b2s-10"", ""vCPUs"": 2, ""cpuUtilPct"": 1.34, ""memoryUtilPct"": 6.55, ""diskUtilPct"": 3.23, ""idleHours"": 565, ""lastActivityAt"": ""2025-12-07T00:51:38Z""}",Compute,Usage,Azure,,
EA-9876543210,app-prod-sub,app-prod-sub,owner_0003@company.com,a1b2c3d4-0003-0003-0003-000000000003,app-prod-sub,rg-app-dev,eastus,2025-12-26,Virtual Machines Standard_B2s - eastus,Virtual Machines,Standard_B2s Series,7190101e-d2ab-5a56-ad8e-83f7122f17e8,B2s,24.0,1 Hour,2.008045,0.084,0.083669,0.084,OnDemand,USD,Microsoft.Compute,/subscriptions/a1b2c3d4-0003-0003-0003-000000000003/resourceGroups/rg-app-dev/providers/Microsoft.Compute/virtualMachines/vm-standard-b2s-11,vm-standard-b2s-11,{},"{""ServiceType"": ""Standard"", ""VMName"": ""vm-standard-b2s-11"", ""vCPUs"": 2, ""cpuUtilPct"": 4.88, ""memoryUtilPct"": 2.94, ""diskUtilPct"": 4.85, ""idleHours"": 346, ""lastActivityAt"": ""2025-11-18T22:52:40Z""}",Compute,Usage,Azure,,
EA-9876543210,platform-prod-sub,platform-prod-sub,owner_0001@company.com,a1b2c3d4-0001-0001-0001-000000000001,platform-prod-sub,rg-platform-prod,eastus,2025-12-26,Blob Storage - LRS - Hot - eastus,Storage,Blobs - LRS - Hot,fb8faed0-f377-5fb0-92b7-78035153a7fa,Data Stored,849.9685,1 GB/Month,0.510661,0.018,0.018,0.018,OnDemand,USD,Microsoft.Storage,/subscriptions/a1b2c3d4-0001-0001-0001-000000000001/resourceGroups/rg-platform-prod/providers/Microsoft.Storage/storageAccounts/stplatformassets,stplatformassets,"{""team"": ""platform"", ""environment"": ""prod"", ""costcenter"": ""CC100"", ""application"": ""platform-core"", ""business_unit"": ""engineering"", ""owner_email"": ""platform-owner@company.com"", ""support_group"": ""platform-operations"", ""workload_criticality"": ""mission_critical"", ""sla_tier"": ""platinum""}","{""AccountType"": ""LRS"", ""cpuUtilPct"": 0.0, ""memoryUtilPct"": 0.0, ""diskUtilPct"": 29.79, ""idleHours"": 2, ""lastActivityAt"": ""2025-12-24T12:02:37Z""}",Storage,Usage,Azure,,
EA-9876543210,data-eng-prod-sub,data-eng-prod-sub,owner_0002@company.com,a1b2c3d4-0002-0002-0002-000000000002,data-eng-prod-sub,rg-data-prod,westeurope,2025-12-26,Blob Storage - ZRS - Hot - westeurope,Storage,Blobs - ZRS - Hot,9dd9b051-b91d-533a-9f70-e4838eb241bb,Data Stored,3201.0405,1 GB/Month,2.447387,0.023,0.023,0.023,OnDemand,USD,Microsoft.Storage,/subscriptions/a1b2c3d4-0002-0002-0002-000000000002/resourceGroups/rg-data-prod/providers/Microsoft.Storage/storageAccounts/stdatalake,stdatalake,{},"{""AccountType"": ""ZRS"", ""cpuUtilPct"": 0.0, ""memoryUtilPct"": 0.0, ""diskUtilPct"": 59.42, ""idleHours"": 4, ""lastActivityAt"": ""2025-12-23T13:53:44Z""}",Storage,Usage,Azure,,
EA-9876543210,app-prod-sub,app-prod-sub,owner_0003@company.com,a1b2c3d4-0003-0003-0003-000000000003,app-prod-sub,rg-app-prod,southeastasia,2025-12-26,Blob Storage - LRS - Hot - southeastasia,Storage,Blobs - LRS - Hot,3ae72a36-b458-5b93-9e16-84484844594d,Data Stored,399.8772,1 GB/Month,0.239288,0.018,0.018,0.018,OnDemand,USD,Microsoft.Storage,/subscriptions/a1b2c3d4-0003-0003-0003-000000000003/resourceGroups/rg-app-prod/providers/Microsoft.Storage/storageAccounts/stappassets,stappassets,"{""team"": ""frontend"", ""environment"": ""prod"", ""costcenter"": ""CC300"", ""application"": ""customer-web"", ""business_unit"": ""product"", ""owner_email"": ""frontend-owner@company.com"", ""support_group"": ""customer-experience-support"", ""workload_criticality"": ""high"", ""sla_tier"": ""gold""}","{""AccountType"": ""LRS"", ""cpuUtilPct"": 0.0, ""memoryUtilPct"": 0.0, ""diskUtilPct"": 46.9, ""idleHours"": 19, ""lastActivityAt"": ""2025-12-23T07:45:04Z""}",Storage,Usage,Azure,,
EA-9876543210,data-eng-prod-sub,data-eng-prod-sub,owner_0002@company.com,a1b2c3d4-0002-0002-0002-000000000002,data-eng-prod-sub,rg-ml-prod,westeurope,2025-12-26,Blob Storage - LRS - Hot - westeurope,Storage,Blobs - LRS - Hot,4ba045d2-b571-568f-be23-884194c5daba,Data Stored,1099.3303,1 GB/Month,0.659458,0.018,0.018,0.018,OnDemand,USD,Microsoft.Storage,/subscriptions/a1b2c3d4-0002-0002-0002-000000000002/resourceGroups/rg-ml-prod/providers/Microsoft.Storage/storageAccounts/stmlmodels,stmlmodels,"{""team"": ""ml"", ""environment"": ""prod"", ""costcenter"": ""CC500"", ""application"": ""ml-platform"", ""business_unit"": ""ai"", ""owner_email"": ""ml-owner@company.com"", ""support_group"": ""ml-platform-sre"", ""workload_criticality"": ""high"", ""sla_tier"": ""gold""}","{""AccountType"": ""LRS"", ""cpuUtilPct"": 0.0, ""memoryUtilPct"": 0.0, ""diskUtilPct"": 46.16, ""idleHours"": 8, ""lastActivityAt"": ""2025-12-25T00:17:48Z""}",Storage,Usage,Azure,,
EA-9876543210,platform-prod-sub,platform-prod-sub,owner_0001@company.com,a1b2c3d4-0001-0001-0001-000000000001,platform-prod-sub,rg-platform-prod,eastus,2025-12-26,Azure SQL Database Standard_S2 - eastus,SQL Database,Standard_S2,cd1e0b9a-8ff0-5779-9281-87ab698e2916,vCore Hours,24.0,1 Hour,7.421856,0.31,0.31,0.31,OnDemand,USD,Microsoft.Sql,/subscriptions/a1b2c3d4-0001-0001-0001-000000000001/resourceGroups/rg-platform-prod/providers/Microsoft.Sql/servers/databases/sqldb-standard-0001,sqldb-standard-0001,"{""team"": ""platform"", ""environment"": ""prod"", ""costcenter"": ""CC100"", ""application"": ""platform-core"", ""business_unit"": ""engineering"", ""owner_email"": ""platform-owner@company.com"", ""support_group"": ""platform-operations"", ""workload_criticality"": ""mission_critical"", ""sla_tier"": ""platinum""}","{""cpuUtilPct"": 39.13, ""memoryUtilPct"": 53.58, ""diskUtilPct"": 48.25, ""idleHours"": 14, ""lastActivityAt"": ""2025-12-25T09:56:47Z""}",Databases,Usage,Azure,,
EA-9876543210,data-eng-prod-sub,data-eng-prod-sub,owner_0002@company.com,a1b2c3d4-0002-0002-0002-000000000002,data-eng-prod-sub,rg-data-prod,westeurope,2025-12-26,Azure SQL Database Business Critical_BC_Gen5_4 - westeurope,SQL Database,Business Critical_BC_Gen5_4,4bab5ab0-7291-58c2-8564-3252f5053179,vCore Hours,24.0,1 Hour,52.703088,2.2,2.2,2.2,OnDemand,USD,Microsoft.Sql,/subscriptions/a1b2c3d4-0002-0002-0002-000000000002/resourceGroups/rg-data-prod/providers/Microsoft.Sql/servers/databases/sqldb-business critical-0002,sqldb-business critical-0002,"{""team"": ""data-eng"", ""environment"": ""prod"", ""costcenter"": ""CC200"", ""application"": ""data-platform"", ""business_unit"": ""data"", ""owner_email"": ""data-eng-owner@company.com"", ""support_group"": ""data-platform-ops"", ""workload_criticality"": ""high"", ""sla_tier"": ""gold""}","{""cpuUtilPct"": 39.28, ""memoryUtilPct"": 42.94, ""diskUtilPct"": 34.21, ""idleHours"": 36, ""lastActivityAt"": ""2025-12-21T22:03:32Z""}",Databases,Usage,Azure,,
EA-9876543210,app-prod-sub,app-prod-sub,owner_0003@company.com,a1b2c3d4-0003-0003-0003-000000000003,app-prod-sub,rg-app-prod,eastus,2025-12-26,Azure SQL Database General Purpose_GP_Gen5_2 - eastus,SQL Database,General Purpose_GP_Gen5_2,69e0198c-4ca3-5ac2-8540-db65f6d44c56,vCore Hours,24.0,1 Hour,14.373811,0.6,0.6,0.6,OnDemand,USD,Microsoft.Sql,/subscriptions/a1b2c3d4-0003-0003-0003-000000000003/resourceGroups/rg-app-prod/providers/Microsoft.Sql/servers/databases/sqldb-general purpose-0003,sqldb-general purpose-0003,{},"{""cpuUtilPct"": 35.84, ""memoryUtilPct"": 47.45, ""diskUtilPct"": 33.1, ""idleHours"": 27, ""lastActivityAt"": ""2025-12-22T08:47:01Z""}",Databases,Usage,Azure,,
EA-9876543210,shared-infra-sub,shared-infra-sub,owner_infra@company.com,a1b2c3d4-9999-9999-9999-000000000099,shared-infra-sub,rg-shared-infra,eastus,2025-12-26,Azure Monitor,Monitor,Data Ingested,aadff281-e00d-588e-bd69-a4630325bd50,Data Ingested,1000.0,1 Unit,45.286632,0.045,0.045,0.045,OnDemand,USD,Microsoft.SharedInfra,/subscriptions/a1b2c3d4-9999-9999-9999-000000000099/resourceGroups/rg-shared-infra/providers/Microsoft.SharedInfra/Monitor/monitor,monitor,{},"{""cpuUtilPct"": 4.57, ""memoryUtilPct"": 8.0, ""diskUtilPct"": 7.7, ""idleHours"": 689, ""lastActivityAt"": ""2025-12-10T09:35:16Z""}",Management,Usage,Azure,,
EA-9876543210,shared-infra-sub,shared-infra-sub,owner_infra@company.com,a1b2c3d4-9999-9999-9999-000000000099,shared-infra-sub,rg-shared-infra,eastus,2025-12-26,Virtual Network,Networking,Intra-Region,cc2ca1a8-2d13-5873-b301-4b8ed16ed2c0,Intra-Region,622.22,1 Unit,28.236547,0.045,0.045,0.045,OnDemand,USD,Microsoft.SharedInfra,/subscriptions/a1b2c3d4-9999-9999-9999-000000000099/resourceGroups/rg-shared-infra/providers/Microsoft.SharedInfra/Networking/networking,networking,{},"{""cpuUtilPct"": 1.84, ""memoryUtilPct"": 4.56, ""diskUtilPct"": 2.85, ""idleHours"": 628, ""lastActivityAt"": ""2025-11-26T00:54:10Z""}",Networking,Usage,Azure,,
EA-9876543210,shared-infra-sub,shared-infra-sub,owner_infra@company.com,a1b2c3d4-9999-9999-9999-000000000099,shared-infra-sub,rg-shared-infra,eastus,2025-12-26,API Management,API Management,Gateway Units,78998862-331b-5215-a4b4-8d4500189f89,Gateway Units,2666.67,1 Unit,119.980489,0.045,0.045,0.045,OnDemand,USD,Microsoft.SharedInfra,/subscriptions/a1b2c3d4-9999-9999-9999-000000000099/resourceGroups/rg-shared-infra/providers/Microsoft.SharedInfra/API Management/api-management,api-management,{},"{""cpuUtilPct"": 4.6, ""memoryUtilPct"": 9.31, ""diskUtilPct"": 5.72, ""idleHours"": 316, ""lastActivityAt"": ""2025-12-07T06:37:41Z""}",Integration,Usage,Azure,,
EA-9876543210,shared-infra-sub,shared-infra-sub,owner_infra@company.com,a1b2c3d4-9999-9999-9999-000000000099,shared-infra-sub,rg-shared-infra,eastus,2025-12-26,Azure Key Vault,Key Vault,Operations,3cb0172e-6732-5350-b439-97753364a78c,Operations,177.78,1 Unit,7.993648,0.045,0.045,0.045,OnDemand,USD,Microsoft.SharedInfra,/subscriptions/a1b2c3d4-9999-9999-9999-000000000099/resourceGroups/rg-shared-infra/providers/Microsoft.SharedInfra/Key Vault/key-vault,key-vault,{},"{""cpuUtilPct"": 0.82, ""memoryUtilPct"": 7.44, ""diskUtilPct"": 5.99, ""idleHours"": 612, ""lastActivityAt"": ""2025-11-28T08:58:09Z""}",Security,Usage,Azure,,
EA-9876543210,shared-infra-sub,shared-infra-sub,owner_infra@company.com,a1b2c3d4-9999-9999-9999-000000000099,shared-infra-sub,rg-shared-infra,eastus,2025-12-26,Azure Blob Storage,Storage,Data Stored,2e8ee991-b3b7-5136-98e5-4772405cdb0c,Data Stored,400.0,1 Unit,17.851005,0.045,0.045,0.045,OnDemand,USD,Microsoft.SharedInfra,/subscriptions/a1b2c3d4-9999-9999-9999-000000000099/resourceGroups/rg-shared-infra/providers/Microsoft.SharedInfra/Storage/storage,storage,{},"{""cpuUtilPct"": 2.81, ""memoryUtilPct"": 4.3, ""diskUtilPct"": 5.63, ""idleHours"": 356, ""lastActivityAt"": ""2025-11-17T23:28:09Z""}",Storage,Usage,Azure,,
EA-9876543210,platform-prod-sub,platform-prod-sub,owner_0001@company.com,a1b2c3d4-0001-0001-0001-000000000001,platform-prod-sub,rg-platform-prod,eastus,2025-12-27,Virtual Machines Standard_D2s_v3 - eastus,Virtual Machines,Standard_D2s_v3 Series,bbc4f1e6-b32a-5f02-86f0-702bf6097b8b,D2s v3,24.0,1 Hour,4.059373,0.168,0.169141,0.168,OnDemand,USD,Microsoft.Compute,/subscriptions/a1b2c3d4-0001-0001-0001-000000000001/resourceGroups/rg-platform-prod/providers/Microsoft.Compute/virtualMachines/vm-standard-d2s-v3-00,vm-standard-d2s-v3-00,"{""team"": ""platform"", ""environment"": ""prod"", ""costcenter"": ""CC100"", ""application"": ""platform-core"", ""business_unit"": ""engineering"", ""owner_email"": ""platform-owner@company.com"", ""support_group"": ""platform-operations"", ""workload_criticality"": ""mission_critical"", ""sla_tier"": ""platinum""}","{""ServiceType"": ""Standard"", ""VMName"": ""vm-standard-d2s-v3-00"", ""vCPUs"": 2, ""cpuUtilPct"": 47.43, ""memoryUtilPct"": 62.61, ""diskUtilPct"": 49.01, ""idleHours"": 14, ""lastActivityAt"": ""2025-12-25T18:44:35Z""}",Compute,Usage,Azure,,
EA-9876543210,platform-prod-sub,platform-prod-sub,owner_0001@company.com,a1b2c3d4-0001-0001-0001-000000000001,platform-prod-sub,rg-platform-prod,eastus,2025-12-27,Virtual Machines Standard_D2s_v3 - eastus,Virtual Machines,Standard_D2s_v3 Series,bbc4f1e6-b32a-5f02-86f0-702bf6097b8b,D2s v3,24.0,1 Hour,4.02968,0.168,0.167903,0.168,OnDemand,USD,Microsoft.Compute,/subscriptions/a1b2c3d4-0001-0001-0001-000000000001/resourceGroups/rg-platform-prod/providers/Microsoft.Compute/virtualMachines/vm-standard-d2s-v3-01,vm-standard-d2s-v3-01,"{""team"": ""platform"", ""environment"": ""prod"", ""costcenter"": ""CC100"", ""application"": ""platform-core"", ""business_unit"": ""engineering"", ""owner_email"": ""platform-owner@company.com"", ""support_group"": ""platform-operations"", ""workload_criticality"": ""mission_critical"", ""sla_tier"": ""platinum""}","{""ServiceType"": ""Standard"", ""VMName"": ""vm-standard-d2s-v3-01"", ""vCPUs"": 2, ""cpuUtilPct"": 34.67, ""memoryUtilPct"": 60.77, ""diskUtilPct"": 30.53, ""idleHours"": 6, ""lastActivityAt"": ""2025-12-26T13:29:06Z""}",Compute,Usage,Azure,,
EA-9876543210,app-prod-sub,app-prod-sub,owner_0003@company.com,a1b2c3d4-0003-0003-0003-000000000003,app-prod-sub,rg-app-prod,eastus,2025-12-27,Virtual Machines Standard_D4s_v3 - eastus,Virtual Machines,Standard_D4s_v3 Series,6c8e1236-a3aa-53d7-8e09-dadb98f69027,D4s v3,24.0,1 Hour,8.109164,0.336,0.337882,0.336,OnDemand,USD,Microsoft.Compute,/subscriptions/a1b2c3d4-0003-0003-0003-000000000003/resourceGroups/rg-app-prod/providers/Microsoft.Compute/virtualMachines/vm-standard-d4s-v3-02,vm-standard-d4s-v3-02,"{""team"": ""backend"", ""environment"": ""prod"", ""costcenter"": ""CC400"", ""application"": ""core-api"", ""business_unit"": ""product"", ""owner_email"": ""backend-owner@company.com"", ""support_group"": ""api-operations"", ""workload_criticality"": ""high"", ""sla_tier"": ""gold""}","{""ServiceType"": ""Standard"", ""VMName"": ""vm-standard-d4s-v3-02"", ""vCPUs"": 4, ""cpuUtilPct"": 23.06, ""memoryUtilPct"": 48.89, ""diskUtilPct"": 20.0, ""idleHours"": 17, ""lastActivityAt"": ""2025-12-24T17:03:23Z""}",Compute,Usage,Azure,,
EA-9876543210,data-eng-prod-sub,data-eng-prod-sub,owner_0002@company.com,a1b2c3d4-0002-0002-0002-000000000002,data-eng-prod-sub,rg-data-prod,westeurope,2025-12-27,Virtual Machines Standard_E4s_v3 - westeurope,Virtual Machines,Standard_E4s_v3 Series,7373fa15-5d45-5d30-a83f-72064e156f94,E4s v3,24.0,1 Hour,5.516861,0.364,0.229869,0.364,Reservation,USD,Microsoft.Compute,/subscriptions/a1b2c3d4-0002-0002-0002-000000000002/resourceGroups/rg-data-prod/providers/Microsoft.Compute/virtualMachines/vm-standard-e4s-v3-03,vm-standard-e4s-v3-03,"{""team"": ""data-eng"", ""environment"": ""prod"", ""costcenter"": ""CC200"", ""application"": ""data-platform"", ""business_unit"": ""data"", ""owner_email"": ""data-eng-owner@company.com"", ""support_group"": ""data-platform-ops"", ""workload_criticality"": ""high"", ""sla_tier"": ""gold""}","{""ServiceType"": ""Standard"", ""VMName"": ""vm-standard-e4s-v3-03"", ""vCPUs"": 4, ""cpuUtilPct"": 33.42, ""memoryUtilPct"": 37.36, ""diskUtilPct"": 20.24, ""idleHours"": 47, ""lastActivityAt"": ""2025-12-23T08:15:10Z""}",Compute,Usage,Azure,/providers/Microsoft.BillingBenefits/savingsPlanOrders/88fb5f6d-eacd-43c7-96a4-7afa51309d0b,Reserved VM Instance_westeurope_1Year
EA-9876543210,data-eng-prod-sub,data-eng-prod-sub,owner_0002@company.com,a1b2c3d4-0002-0002-0002-000000000002,data-eng-prod-sub,rg-data-prod,westeurope,2025-12-27,Virtual Machines Standard_E8s_v3 - westeurope,Virtual Machines,Standard_E8s_v3 Series,2b9593f7-8692-56d9-b10a-a624f400da47,E8s v3,24.0,1 Hour,11.844294,0.728,0.493512,0.728,Reservation,USD,Microsoft.Compute,/subscriptions/a1b2c3d4-0002-0002-0002-000000000002/resourceGroups/rg-data-prod/providers/Microsoft.Compute/virtualMachines/vm-standard-e8s-v3-04,vm-standard-e8s-v3-04,"{""team"": ""data-eng"", ""environment"": ""prod"", ""costcenter"": ""CC200"", ""application"": ""data-platform"", ""business_unit"": ""data"", ""owner_email"": ""data-eng-owner@company.com"", ""support_group"": ""data-platform-ops"", ""workload_criticality"": ""high"", ""sla_tier"": ""gold""}","{""ServiceType"": ""Standard"", ""VMName"": ""vm-standard-e8s-v3-04"", ""vCPUs"": 8, ""cpuUtilPct"": 41.65, ""memoryUtilPct"": 51.99, ""diskUtilPct"": 35.62, ""idleHours"": 50, ""lastActivityAt"": ""2025-12-24T04:43:47Z""}",Compute,Usage,Azure,/providers/Microsoft.BillingBenefits/savingsPlanOrders/453d9cd6-cc9c-4604-b8a1-61dedb0b2e3e,Reserved VM Instance_westeurope_1Year
EA-9876543210,data-eng-prod-sub,data-eng-prod-sub,owner_0002@company.com,a1b2c3d4-0002-0002-0002-000000000002,data-eng-prod-sub,rg-ml-prod,westeurope,2025-12-27,Virtual Machines Standard_F4s_v2 - westeurope,Virtual Machines,Standard_F4s_v2 Series,303bf71a-6d52-56d9-8e75-95552aa01c86,F4s v2,24.0,1 Hour,6.023509,0.252,0.25098,0.252,OnDemand,USD,Microsoft.Compute,/subscriptions/a1b2c3d4-0002-0002-0002-000000000002/resourceGroups/rg-ml-prod/providers/Microsoft.Compute/virtualMachines/vm-standard-f4s-v2-05,vm-standard-f4s-v2-05,"{""team"": ""ml"", ""environment"": ""prod"", ""costcenter"": ""CC500"", ""application"": ""ml-platform"", ""business_unit"": ""ai"", ""owner_email"": ""ml-owner@company.com"", ""support_group"": ""ml-platform-sre"", ""workload_criticality"": ""high"", ""sla_tier"": ""gold""}","{""ServiceType"": ""Standard"", ""VMName"": ""vm-standard-f4s-v2-05"", ""vCPUs"": 4, ""cpuUtilPct"": 29.42, ""memoryUtilPct"": 37.75, ""diskUtilPct"": 18.13, ""idleHours"": 56, ""lastActivityAt"": ""2025-12-25T10:25:37Z""}",Compute,Usage,Azure,,
EA-9876543210,data-eng-prod-sub,data-eng-prod-sub,owner_0002@company.com,a1b2c3d4-0002-0002-0002-000000000002,data-eng-prod-sub,rg-ml-prod,westeurope,2025-12-27,Virtual Machines Standard_D8s_v3 - westeurope,Virtual Machines,Standard_D8s_v3 Series,348575ff-7ae0-57e5-896e-037d67179117,D8s v3,24.0,1 Hour,10.815335,0.672,0.450639,0.672,Reservation,USD,Microsoft.Compute,/subscriptions/a1b2c3d4-0002-0002-0002-000000000002/resourceGroups/rg-ml-prod/providers/Microsoft.Compute/virtualMachines/vm-standard-d8s-v3-06,vm-standard-d8s-v3-06,"{""team"": ""ml"", ""environment"": ""prod"", ""costcenter"": ""CC500"", ""application"": ""ml-platform"", ""business_unit"": ""ai"", ""owner_email"": ""ml-owner@company.com"", ""support_group"": ""ml-platform-sre"", ""workload_criticality"": ""high"", ""sla_tier"": ""gold""}","{""ServiceType"": ""Standard"", ""VMName"": ""vm-standard-d8s-v3-06"", ""vCPUs"": 8, ""cpuUtilPct"": 26.89, ""memoryUtilPct"": 43.71, ""diskUtilPct"": 30.39, ""idleHours"": 57, ""lastActivityAt"": ""2025-12-23T02:24:36Z""}",Compute,Usage,Azure,/providers/Microsoft.BillingBenefits/savingsPlanOrders/c662d5a8-c2e2-44f6-bd23-dd6a91111498,Reserved VM Instance_westeurope_1Year
EA-9876543210,app-prod-sub,app-prod-sub,owner_0003@company.com,a1b2c3d4-0003-0003-0003-000000000003,app-prod-sub,rg-app-prod,southeastasia,2025-12-27,Virtual Machines Standard_B2s - southeastasia,Virtual Machines,Standard_B2s Series,78a50003-6630-5ba4-aad2-c10f0de71d3b,B2s,24.0,1 Hour,1.99704,0.084,0.08321,0.084,OnDemand,USD,Microsoft.Compute,/subscriptions/a1b2c3d4-0003-0003-0003-000000000003/resourceGroups/rg-app-prod/providers/Microsoft.Compute/virtualMachines/vm-standard-b2s-07,vm-standard-b2s-07,"{""team"": ""frontend"", ""environment"": ""prod"", ""costcenter"": ""CC300"", ""application"": ""customer-web"", ""business_unit"": ""product"", ""owner_email"": ""frontend-owner@company.com"", ""support_group"": ""customer-experience-support"", ""workload_criticality"": ""high"", ""sla_tier"": ""gold""}","{""ServiceType"": ""Standard"", ""VMName"": ""vm-standard-b2s-07"", ""vCPUs"": 2, ""cpuUtilPct"": 23.76, ""memoryUtilPct"": 39.31, ""diskUtilPct"": 31.47, ""idleHours"": 59, ""lastActivityAt"": ""2025-12-23T21:59:46Z""}",Compute,Usage,Azure,,
EA-9876543210,app-prod-sub,app-prod-sub,owner_0003@company.com,a1b2c3d4-0003-0003-0003-000000000003,app-prod-sub,rg-app-staging,southeastasia,2025-12-27,Virtual Machines Standard_B2s - southeastasia,Virtual Machines,Standard_B2s Series,78a50003-6630-5ba4-aad2-c10f0de71d3b,B2s,24.0,1 Hour,1.315423,0.084,0.054809,0.084,SavingsPlan,USD,Microsoft.Compute,/subscriptions/a1b2c3d4-0003-0003-0003-000000000003/resourceGroups/rg-app-staging/providers/Microsoft.Compute/virtualMachines/vm-standard-b2s-08,vm-standard-b2s-08,{},"{""ServiceType"": ""Standard"", ""VMName"": ""vm-standard-b2s-08"", ""vCPUs"": 2, ""cpuUtilPct"": 16.16, ""memoryUtilPct"": 23.03, ""diskUtilPct"": 13.33, ""idleHours"": 98, ""lastActivityAt"": ""2025-12-17T16:46:54Z""}",Compute,Usage,Azure,/providers/Microsoft.BillingBenefits/savingsPlanOrders/2aab663c-6975-4c6c-93c1-294545a7b978,Compute savings plan_1Year
EA-9876543210,app-prod-sub,app-prod-sub,owner_0003@company.com,a1b2c3d4-0003-0003-0003-000000000003,app-prod-sub,rg-app-staging,eastus,2025-12-27,Virtual Machines Standard_D2s_v3 - eastus,Virtual Machines,Standard_D2s_v3 Series,bbc4f1e6-b32a-5f02-86f0-702bf6097b8b,D2s v3,24.0,1 Hour,4.051305,0.168,0.168804,0.168,OnDemand,USD,Microsoft.Compute,/subscriptions/a1b2c3d4-0003-0003-0003-000000000003/resourceGroups/rg-app-staging/providers/Microsoft.Compute/virtualMachines/vm-standard-d2s-v3-09,vm-standard-d2s-v3-09,"{""team"": ""backend"", ""environment"": ""staging"", ""costcenter"": ""CC400"", ""application"": ""core-api"", ""business_unit"": ""product"", ""owner_email"": ""backend-owner@company.com"", ""support_group"": ""api-operations"", ""workload_criticality"": ""medium"", ""sla_tier"": ""silver""}","{""ServiceType"": ""Standard"", ""VMName"": ""vm-standard-d2s-v3-09"", ""vCPUs"": 2, ""cpuUtilPct"": 13.2, ""memoryUtilPct"": 23.43, ""diskUtilPct"": 21.34, ""idleHours"": 85, ""lastActivityAt"": ""2025-12-22T09:52:46Z""}",Compute,Usage,Azure,,
EA-9876543210,platform-prod-sub,platform-prod-sub,owner_0001@company.com,a1b2c3d4-0001-0001-0001-000000000001,platform-prod-sub,rg-platform-dev,eastus,2025-12-27,Virtual Machines Standard_B2s - eastus,Virtual Machines,Standard_B2s Series,7190101e-d2ab-5a56-ad8e-83f7122f17e8,B2s,24.0,1 Hour,2.035463,0.084,0.084811,0.084,OnDemand,USD,Microsoft.Compute,/subscriptions/a1b2c3d4-0001-0001-0001-000000000001/resourceGroups/rg-platform-dev/providers/Microsoft.Compute/virtualMachines/vm-standard-b2s-10,vm-standard-b2s-10,"{""team"": ""platform"", ""environment"": ""dev"", ""costcenter"": ""CC100"", ""application"": ""platform-core"", ""business_unit"": ""engineering"", ""owner_email"": ""platform-owner@company.com"", ""support_group"": ""platform-operations"", ""workload_criticality"": ""low"", ""sla_tier"": ""bronze""}","{""ServiceType"": ""Standard"", ""VMName"": ""vm-standard-b2s-10"", ""vCPUs"": 2, ""cpuUtilPct"": 1.79, ""memoryUtilPct"": 4.63, ""diskUtilPct"": 3.57, ""idleHours"": 462, ""lastActivityAt"": ""2025-11-26T16:05:29Z""}",Compute,Usage,Azure,,
EA-9876543210,app-prod-sub,app-prod-sub,owner_0003@company.com,a1b2c3d4-0003-0003-0003-000000000003,app-prod-sub,rg-app-dev,eastus,2025-12-27,Virtual Machines Standard_B2s - eastus,Virtual Machines,Standard_B2s Series,7190101e-d2ab-5a56-ad8e-83f7122f17e8,B2s,24.0,1 Hour,2.019306,0.084,0.084138,0.084,OnDemand,USD,Microsoft.Compute,/subscriptions/a1b2c3d4-0003-0003-0003-000000000003/resourceGroups/rg-app-dev/providers/Microsoft.Compute/virtualMachines/vm-standard-b2s-11,vm-standard-b2s-11,{},"{""ServiceType"": ""Standard"", ""VMName"": ""vm-standard-b2s-11"", ""vCPUs"": 2, ""cpuUtilPct"": 1.72, ""memoryUtilPct"": 4.49, ""diskUtilPct"": 2.53, ""idleHours"": 703, ""lastActivityAt"": ""2025-11-23T01:07:48Z""}",Compute,Usage,Azure,,
EA-9876543210,platform-prod-sub,platform-prod-sub,owner_0001@company.com,a1b2c3d4-0001-0001-0001-000000000001,platform-prod-sub,rg-platform-prod,eastus,2025-12-27,Blob Storage - LRS - Hot - eastus,Storage,Blobs - LRS - Hot,fb8faed0-f377-5fb0-92b7-78035153a7fa,Data Stored,849.2717,1 GB/Month,0.511324,0.018,0.018,0.018,OnDemand,USD,Microsoft.Storage,/subscriptions/a1b2c3d4-0001-0001-0001-000000000001/resourceGroups/rg-platform-prod/providers/Microsoft.Storage/storageAccounts/stplatformassets,stplatformassets,"{""team"": ""platform"", ""environment"": ""prod"", ""costcenter"": ""CC100"", ""application"": ""platform-core"", ""business_unit"": ""engineering"", ""owner_email"": ""platform-owner@company.com"", ""support_group"": ""platform-operations"", ""workload_criticality"": ""mission_critical"", ""sla_tier"": ""platinum""}","{""AccountType"": ""LRS"", ""cpuUtilPct"": 0.0, ""memoryUtilPct"": 0.0, ""diskUtilPct"": 55.52, ""idleHours"": 7, ""lastActivityAt"": ""2025-12-25T04:32:35Z""}",Storage,Usage,Azure,,
EA-9876543210,data-eng-prod-sub,data-eng-prod-sub,owner_0002@company.com,a1b2c3d4-0002-0002-0002-000000000002,data-eng-prod-sub,rg-data-prod,westeurope,2025-12-27,Blob Storage - ZRS - Hot - westeurope,Storage,Blobs - ZRS - Hot,9dd9b051-b91d-533a-9f70-e4838eb241bb,Data Stored,3199.8059,1 GB/Month,2.458307,0.023,0.023,0.023,OnDemand,USD,Microsoft.Storage,/subscriptions/a1b2c3d4-0002-0002-0002-000000000002/resourceGroups/rg-data-prod/providers/Microsoft.Storage/storageAccounts/stdatalake,stdatalake,{},"{""AccountType"": ""ZRS"", ""cpuUtilPct"": 0.0, ""memoryUtilPct"": 0.0, ""diskUtilPct"": 53.63, ""idleHours"": 9, ""lastActivityAt"": ""2025-12-25T12:13:56Z""}",Storage,Usage,Azure,,
EA-9876543210,app-prod-sub,app-prod-sub,owner_0003@company.com,a1b2c3d4-0003-0003-0003-000000000003,app-prod-sub,rg-app-prod,southeastasia,2025-12-27,Blob Storage - LRS - Hot - southeastasia,Storage,Blobs - LRS - Hot,3ae72a36-b458-5b93-9e16-84484844594d,Data Stored,399.9154,1 GB/Month,0.240154,0.018,0.018,0.018,OnDemand,USD,Microsoft.Storage,/subscriptions/a1b2c3d4-0003-0003-0003-000000000003/resourceGroups/rg-app-prod/providers/Microsoft.Storage/storageAccounts/stappassets,stappassets,"{""team"": ""frontend"", ""environment"": ""prod"", ""costcenter"": ""CC300"", ""application"": ""customer-web"", ""business_unit"": ""product"", ""owner_email"": ""frontend-owner@company.com"", ""support_group"": ""customer-experience-support"", ""workload_criticality"": ""high"", ""sla_tier"": ""gold""}","{""AccountType"": ""LRS"", ""cpuUtilPct"": 0.0, ""memoryUtilPct"": 0.0, ""diskUtilPct"": 41.34, ""idleHours"": 2, ""lastActivityAt"": ""2025-12-26T08:02:33Z""}",Storage,Usage,Azure,,
EA-9876543210,data-eng-prod-sub,data-eng-prod-sub,owner_0002@company.com,a1b2c3d4-0002-0002-0002-000000000002,data-eng-prod-sub,rg-ml-prod,westeurope,2025-12-27,Blob Storage - LRS - Hot - westeurope,Storage,Blobs - LRS - Hot,4ba045d2-b571-568f-be23-884194c5daba,Data Stored,1100.9754,1 GB/Month,0.659076,0.018,0.018,0.018,OnDemand,USD,Microsoft.Storage,/subscriptions/a1b2c3d4-0002-0002-0002-000000000002/resourceGroups/rg-ml-prod/providers/Microsoft.Storage/storageAccounts/stmlmodels,stmlmodels,"{""team"": ""ml"", ""environment"": ""prod"", ""costcenter"": ""CC500"", ""application"": ""ml-platform"", ""business_unit"": ""ai"", ""owner_email"": ""ml-owner@company.com"", ""support_group"": ""ml-platform-sre"", ""workload_criticality"": ""high"", ""sla_tier"": ""gold""}","{""AccountType"": ""LRS"", ""cpuUtilPct"": 0.0, ""memoryUtilPct"": 0.0, ""diskUtilPct"": 60.24, ""idleHours"": 5, ""lastActivityAt"": ""2025-12-25T07:48:57Z""}",Storage,Usage,Azure,,
EA-9876543210,platform-prod-sub,platform-prod-sub,owner_0001@company.com,a1b2c3d4-0001-0001-0001-000000000001,platform-prod-sub,rg-platform-prod,eastus,2025-12-27,Azure SQL Database Standard_S2 - eastus,SQL Database,Standard_S2,cd1e0b9a-8ff0-5779-9281-87ab698e2916,vCore Hours,24.0,1 Hour,7.447246,0.31,0.31,0.31,OnDemand,USD,Microsoft.Sql,/subscriptions/a1b2c3d4-0001-0001-0001-000000000001/resourceGroups/rg-platform-prod/providers/Microsoft.Sql/servers/databases/sqldb-standard-0001,sqldb-standard-0001,"{""team"": ""platform"", ""environment"": ""prod"", ""costcenter"": ""CC100"", ""application"": ""platform-core"", ""business_unit"": ""engineering"", ""owner_email"": ""platform-owner@company.com"", ""support_group"": ""platform-operations"", ""workload_criticality"": ""mission_critical"", ""sla_tier"": ""platinum""}","{""cpuUtilPct"": 57.41, ""memoryUtilPct"": 39.97, ""diskUtilPct"": 49.23, ""idleHours"": 17, ""lastActivityAt"": ""2025-12-25T13:26:38Z""}",Databases,Usage,Azure,,
EA-9876543210,data-eng-prod-sub,data-eng-prod-sub,owner_0002@company.com,a1b2c3d4-0002-0002-0002-000000000002,data-eng-prod-sub,rg-data-prod,westeurope,2025-12-27,Azure SQL Database Business Critical_BC_Gen5_4 - westeurope,SQL Database,Business Critical_BC_Gen5_4,4bab5ab0-7291-58c2-8564-3252f5053179,vCore Hours,24.0,1 Hour,52.408252,2.2,2.2,2.2,OnDemand,USD,Microsoft.Sql,/subscriptions/a1b2c3d4-0002-0002-0002-000000000002/resourceGroups/rg-data-prod/providers/Microsoft.Sql/servers/databases/sqldb-business critical-0002,sqldb-business critical-0002,"{""team"": ""data-eng"", ""environment"": ""prod"", ""costcenter"": ""CC200"", ""application"": ""data-platform"", ""business_unit"": ""data"", ""owner_email"": ""data-eng-owner@company.com"", ""support_group"": ""data-platform-ops"", ""workload_criticality"": ""high"", ""sla_tier"": ""gold""}","{""cpuUtilPct"": 29.91, ""memoryUtilPct"": 37.15, ""diskUtilPct"": 23.9, ""idleHours"": 41, ""lastActivityAt"": ""2025-12-24T22:14:46Z""}",Databases,Usage,Azure,,
EA-9876543210,app-prod-sub,app-prod-sub,owner_0003@company.com,a1b2c3d4-0003-0003-0003-000000000003,app-prod-sub,rg-app-prod,eastus,2025-12-27,Azure SQL Database General Purpose_GP_Gen5_2 - eastus,SQL Database,General Purpose_GP_Gen5_2,69e0198c-4ca3-5ac2-8540-db65f6d44c56,vCore Hours,24.0,1 Hour,14.386573,0.6,0.6,0.6,OnDemand,USD,Microsoft.Sql,/subscriptions/a1b2c3d4-0003-0003-0003-000000000003/resourceGroups/rg-app-prod/providers/Microsoft.Sql/servers/databases/sqldb-general purpose-0003,sqldb-general purpose-0003,"{""team"": ""backend"", ""environment"": ""prod"", ""costcenter"": ""CC400"", ""application"": ""core-api"", ""business_unit"": ""product"", ""owner_email"": ""backend-owner@company.com"", ""support_group"": ""api-operations"", ""workload_criticality"": ""high"", ""sla_tier"": ""gold""}","{""cpuUtilPct"": 38.53, ""memoryUtilPct"": 42.74, ""diskUtilPct"": 35.23, ""idleHours"": 32, ""lastActivityAt"": ""2025-12-24T07:09:13Z""}",Databases,Usage,Azure,,
EA-9876543210,shared-infra-sub,shared-infra-sub,owner_infra@company.com,a1b2c3d4-9999-9999-9999-000000000099,shared-infra-sub,rg-shared-infra,eastus,2025-12-27,Azure Monitor,Monitor,Data Ingested,aadff281-e00d-588e-bd69-a4630325bd50,Data Ingested,1000.0,1 Unit,44.987391,0.045,0.045,0.045,OnDemand,USD,Microsoft.SharedInfra,/subscriptions/a1b2c3d4-9999-9999-9999-000000000099/resourceGroups/rg-shared-infra/providers/Microsoft.SharedInfra/Monitor/monitor,monitor,{},"{""cpuUtilPct"": 4.68, ""memoryUtilPct"": 5.74, ""diskUtilPct"": 2.86, ""idleHours"": 696, ""lastActivityAt"": ""2025-11-15T15:21:39Z""}",Management,Usage,Azure,,
EA-9876543210,shared-infra-sub,shared-infra-sub,owner_infra@company.com,a1b2c3d4-9999-9999-9999-000000000099,shared-infra-sub,rg-shared-infra,eastus,2025-12-27,Virtual Network,Networking,Intra-Region,cc2ca1a8-2d13-5873-b301-4b8ed16ed2c0,Intra-Region,622.22,1 Unit,28.273295,0.045,0.045,0.045,OnDemand,USD,Microsoft.SharedInfra,/subscriptions/a1b2c3d4-9999-9999-9999-000000000099/resourceGroups/rg-shared-infra/providers/Microsoft.SharedInfra/Networking/networking,networking,{},"{""cpuUtilPct"": 4.66, ""memoryUtilPct"": 2.2, ""diskUtilPct"": 3.17, ""idleHours"": 432, ""lastActivityAt"": ""2025-11-14T15:11:42Z""}",Networking,Usage,Azure,,
EA-9876543210,shared-infra-sub,shared-infra-sub,owner_infra@company.com,a1b2c3d4-9999-9999-9999-000000000099,shared-infra-sub,rg-shared-infra,eastus,2025-12-27,API Management,API Management,Gateway Units,78998862-331b-5215-a4b4-8d4500189f89,Gateway Units,2666.67,1 Unit,118.870223,0.045,0.045,0.045,OnDemand,USD,Microsoft.SharedInfra,/subscriptions/a1b2c3d4-9999-9999-9999-000000000099/resourceGroups/rg-shared-infra/providers/Microsoft.SharedInfra/API Management/api-management,api-management,{},"{""cpuUtilPct"": 2.94, ""memoryUtilPct"": 7.13, ""diskUtilPct"": 6.36, ""idleHours"": 473, ""lastActivityAt"": ""2025-12-10T04:52:41Z""}",Integration,Usage,Azure,,
EA-9876543210,shared-infra-sub,shared-infra-sub,owner_infra@company.com,a1b2c3d4-9999-9999-9999-000000000099,shared-infra-sub,rg-shared-infra,eastus,2025-12-27,Azure Key Vault,Key Vault,Operations,3cb0172e-6732-5350-b439-97753364a78c,Operations,177.78,1 Unit,7.920772,0.045,0.045,0.045,OnDemand,USD,Microsoft.SharedInfra,/subscriptions/a1b2c3d4-9999-9999-9999-000000000099/resourceGroups/rg-shared-infra/providers/Microsoft.SharedInfra/Key Vault/key-vault,key-vault,{},"{""cpuUtilPct"": 1.03, ""memoryUtilPct"": 5.73, ""diskUtilPct"": 1.04, ""idleHours"": 515, ""lastActivityAt"": ""2025-12-11T15:35:41Z""}",Security,Usage,Azure,,
EA-9876543210,shared-infra-sub,shared-infra-sub,owner_infra@company.com,a1b2c3d4-9999-9999-9999-000000000099,shared-infra-sub,rg-shared-infra,eastus,2025-12-27,Azure Blob Storage,Storage,Data Stored,2e8ee991-b3b7-5136-98e5-4772405cdb0c,Data Stored,400.0,1 Unit,17.926822,0.045,0.045,0.045,OnDemand,USD,Microsoft.SharedInfra,/subscriptions/a1b2c3d4-9999-9999-9999-000000000099/resourceGroups/rg-shared-infra/providers/Microsoft.SharedInfra/Storage/storage,storage,{},"{""cpuUtilPct"": 2.39, ""memoryUtilPct"": 6.28, ""diskUtilPct"": 5.0, ""idleHours"": 354, ""lastActivityAt"": ""2025-11-20T17:51:00Z""}",Storage,Usage,Azure,,
EA-9876543210,platform-prod-sub,platform-prod-sub,owner_0001@company.com,a1b2c3d4-0001-0001-0001-000000000001,platform-prod-sub,rg-platform-prod,eastus,2025-12-28,Virtual Machines Standard_D2s_v3 - eastus,Virtual Machines,Standard_D2s_v3 Series,bbc4f1e6-b32a-5f02-86f0-702bf6097b8b,D2s v3,24.0,1 Hour,4.027161,0.168,0.167798,0.168,OnDemand,USD,Microsoft.Compute,/subscriptions/a1b2c3d4-0001-0001-0001-000000000001/resourceGroups/rg-platform-prod/providers/Microsoft.Compute/virtualMachines/vm-standard-d2s-v3-00,vm-standard-d2s-v3-00,"{""team"": ""platform"", ""environment"": ""prod"", ""costcenter"": ""CC100"", ""application"": ""platform-core"", ""business_unit"": ""engineering"", ""owner_email"": ""platform-owner@company.com"", ""support_group"": ""platform-operations"", ""workload_criticality"": ""mission_critical"", ""sla_tier"": ""platinum""}","{""ServiceType"": ""Standard"", ""VMName"": ""vm-standard-d2s-v3-00"", ""vCPUs"": 2, ""cpuUtilPct"": 52.24, ""memoryUtilPct"": 56.59, ""diskUtilPct"": 30.1, ""idleHours"": 5, ""lastActivityAt"": ""2025-12-26T18:07:05Z""}",Compute,Usage,Azure,,
EA-9876543210,platform-prod-sub,platform-prod-sub,owner_0001@company.com,a1b2c3d4-0001-0001-0001-000000000001,platform-prod-sub,rg-platform-prod,eastus,2025-12-28,Virtual Machines Standard_D2s_v3 - eastus,Virtual Machines,Standard_D2s_v3 Series,bbc4f1e6-b32a-5f02-86f0-702bf6097b8b,D2s v3,24.0,1 Hour,4.034257,0.168,0.168094,0.168,OnDemand,USD,Microsoft.Compute,/subscriptions/a1b2c3d4-0001-0001-0001-000000000001/resourceGroups/rg-platform-prod/providers/Microsoft.Compute/virtualMachines/vm-standard-d2s-v3-01,vm-standard-d2s-v3-01,{},"{""ServiceType"": ""Standard"", ""VMName"": ""vm-standard-d2s-v3-01"", ""vCPUs"": 2, ""cpuUtilPct"": 41.67, ""memoryUtilPct"": 38.57, ""diskUtilPct"": 30.01, ""idleHours"": 4, ""lastActivityAt"": ""2025-12-25T06:54:59Z""}",Compute,Usage,Azure,,
EA-9876543210,app-prod-sub,app-prod-sub,owner_0003@company.com,a1b2c3d4-0003-0003-0003-000000000003,app-prod-sub,rg-app-prod,eastus,2025-12-28,Virtual Machines Standard_D4s_v3 - eastus,Virtual Machines,Standard_D4s_v3 Series,6c8e1236-a3aa-53d7-8e09-dadb98f69027,D4s v3,24.0,1 Hour,7.990846,0.336,0.332952,0.336,OnDemand,USD,Microsoft.Compute,/subscriptions/a1b2c3d4-0003-0003-0003-000000000003/resourceGroups/rg-app-prod/providers/Microsoft.Compute/virtualMachines/vm-standard-d4s-v3-02,vm-standard-d4s-v3-02,"{""team"": ""backend"", ""environment"": ""prod"", ""costcenter"": ""CC400"", ""application"": ""core-api"", ""business_unit"": ""product"", ""owner_email"": ""backend-owner@company.com"", ""support_group"": ""api-operations"", ""workload_criticality"": ""high"", ""sla_tier"": ""gold""}","{""ServiceType"": ""Standard"", ""VMName"": ""vm-standard-d4s-v3-02"", ""vCPUs"": 4, ""cpuUtilPct"": 32.47, ""memoryUtilPct"": 37.52, ""diskUtilPct"": 26.84, ""idleHours"": 24, ""lastActivityAt"": ""2025-12-23T23:24:43Z""}",Compute,Usage,Azure,,
EA-9876543210,data-eng-prod-sub,data-eng-prod-sub,owner_0002@company.com,a1b2c3d4-0002-0002-0002-000000000002,data-eng-prod-sub,rg-data-prod,westeurope,2025-12-28,Virtual Machines Standard_E4s_v3 - westeurope,Virtual Machines,Standard_E4s_v3 Series,7373fa15-5d45-5d30-a83f-72064e156f94,E4s v3,24.0,1 Hour,4.782778,0.364,0.199282,0.364,Reservation,USD,Microsoft.Compute,/subscriptions/a1b2c3d4-0002-0002-0002-000000000002/resourceGroups/rg-data-prod/providers/Microsoft.Compute/virtualMachines/vm-standard-e4s-v3-03,vm-standard-e4s-v3-03,"{""team"": ""data-eng"", ""environment"": ""prod"", ""costcenter"": ""CC200"", ""application"": ""data-platform"", ""business_unit"": ""data"", ""owner_email"": ""data-eng-owner@company.com"", ""support_group"": ""data-platform-ops"", ""workload_criticality"": ""high"", ""sla_tier"": ""gold""}","{""ServiceType"": ""Standard"", ""VMName"": ""vm-standard-e4s-v3-03"", ""vCPUs"": 4, ""cpuUtilPct"": 30.07, ""memoryUtilPct"": 48.2, ""diskUtilPct"": 38.42, ""idleHours"": 51, ""lastActivityAt"": ""2025-12-24T07:02:23Z""}",Compute,Usage,Azure,/providers/Microsoft.BillingBenefits/savingsPlanOrders/6a72e705-e0e2-4130-9eb9-cd1ac853ce00,Reserved VM Instance_westeurope_1Year
EA-9876543210,data-eng-prod-sub,data-eng-prod-sub,owner_0002@company.com,a1b2c3d4-0002-0002-0002-000000000002,data-eng-prod-sub,rg-data-prod,westeurope,2025-12-28,Virtual Machines Standard_E8s_v3 - westeurope,Virtual Machines,Standard_E8s_v3 Series,2b9593f7-8692-56d9-b10a-a624f400da47,E8s v3,24.0,1 Hour,10.848878,0.728,0.452037,0.728,Reservation,USD,Microsoft.Compute,/subscriptions/a1b2c3d4-0002-0002-0002-000000000002/resourceGroups/rg-data-prod/providers/Microsoft.Compute/virtualMachines/vm-standard-e8s-v3-04,vm-standard-e8s-v3-04,"{""team"": ""data-eng"", ""environment"": ""prod"", ""costcenter"": ""CC200"", ""application"": ""data-platform"", ""business_unit"": ""data"", ""owner_email"": ""data-eng-owner@company.com"", ""support_group"": ""data-platform-ops"", ""workload_criticality"": ""high"", ""sla_tier"": ""gold""}","{""ServiceType"": ""Standard"", ""VMName"": ""vm-standard-e8s-v3-04"", ""vCPUs"": 8, ""cpuUtilPct"": 38.78, ""memoryUtilPct"": 39.7, ""diskUtilPct"": 21.2, ""idleHours"": 40, ""lastActivityAt"": ""2025-12-25T18:57:48Z""}",Compute,Usage,Azure,/providers/Microsoft.BillingBenefits/savingsPlanOrders/66989499-7454-40a1-bc00-52455124a69f,Reserved VM Instance_westeurope_1Year
EA-9876543210,data-eng-prod-sub,data-eng-prod-sub,owner_0002@company.com,a1b2c3d4-0002-0002-0002-000000000002,data-eng-prod-sub,rg-ml-prod,westeurope,2025-12-28,Virtual Machines Standard_F4s_v2 - westeurope,Virtual Machines,Standard_F4s_v2 Series,303bf71a-6d52-56d9-8e75-95552aa01c86,F4s v2,24.0,1 Hour,6.064144,0.252,0.252673,0.252,OnDemand,USD,Microsoft.Compute,/subscriptions/a1b2c3d4-0002-0002-0002-000000000002/resourceGroups/rg-ml-prod/providers/Microsoft.Compute/virtualMachines/vm-standard-f4s-v2-05,vm-standard-f4s-v2-05,"{""team"": ""ml"", ""environment"": ""prod"", ""costcenter"": ""CC500"", ""application"": ""ml-platform"", ""business_unit"": ""ai"", ""owner_email"": ""ml-owner@company.com"", ""support_group"": ""ml-platform-sre"", ""workload_criticality"": ""high"", ""sla_tier"": ""gold""}","{""ServiceType"": ""Standard"", ""VMName"": ""vm-standard-f4s-v2-05"", ""vCPUs"": 4, ""cpuUtilPct"": 37.15, ""memoryUtilPct"": 49.28, ""diskUtilPct"": 36.22, ""idleHours"": 25, ""lastActivityAt"": ""2025-12-24T07:34:31Z""}",Compute,Usage,Azure,,
EA-9876543210,data-eng-prod-sub,data-eng-prod-sub,owner_0002@company.com,a1b2c3d4-0002-0002-0002-000000000002,data-eng-prod-sub,rg-ml-prod,westeurope,2025-12-28,Virtual Machines Standard_D8s_v3 - westeurope,Virtual Machines,Standard_D8s_v3 Series,348575ff-7ae0-57e5-896e-037d67179117,D8s v3,24.0,1 Hour,11.273829,0.672,0.469743,0.672,Reservation,USD,Microsoft.Compute,/subscriptions/a1b2c3d4-0002-0002-0002-000000000002/resourceGroups/rg-ml-prod/providers/Microsoft.Compute/virtualMachines/vm-standard-d8s-v3-06,vm-standard-d8s-v3-06,"{""team"": ""ml"", ""environment"": ""prod"", ""costcenter"": ""CC500"", ""application"": ""ml-platform"", ""business_unit"": ""ai"", ""owner_email"": ""ml-owner@company.com"", ""support_group"": ""ml-platform-sre"", ""workload_criticality"": ""high"", ""sla_tier"": ""gold""}","{""ServiceType"": ""Standard"", ""VMName"": ""vm-standard-d8s-v3-06"", ""vCPUs"": 8, ""cpuUtilPct"": 38.94, ""memoryUtilPct"": 45.75, ""diskUtilPct"": 33.08, ""idleHours"": 34, ""lastActivityAt"": ""2025-12-24T22:48:12Z""}",Compute,Usage,Azure,/providers/Microsoft.BillingBenefits/savingsPlanOrders/a6ba7b49-53f6-43c5-9d40-73fc86d5f2d8,Reserved VM Instance_westeurope_1Year
EA-9876543210,app-prod-sub,app-prod-sub,owner_0003@company.com,a1b2c3d4-0003-0003-0003-000000000003,app-prod-sub,rg-app-staging,southeastasia,2025-12-28,Virtual Machines Standard_B2s - southeastasia,Virtual Machines,Standard_B2s Series,78a50003-6630-5ba4-aad2-c10f0de71d3b,B2s,24.0,1 Hour,1.540418,0.084,0.064184,0.084,SavingsPlan,USD,Microsoft.Compute,/subscriptions/a1b2c3d4-0003-0003-0003-000000000003/resourceGroups/rg-app-staging/providers/Microsoft.Compute/virtualMachines/vm-standard-b2s-08,vm-standard-b2s-08,"{""team"": ""frontend"", ""environment"": ""staging"", ""costcenter"": ""CC300"", ""application"": ""customer-web"", ""business_unit"": ""product"", ""owner_email"": ""frontend-owner@company.com"", ""support_group"": ""customer-experience-support"", ""workload_criticality"": ""medium"", ""sla_tier"": ""silver""}","{""ServiceType"": ""Standard"", ""VMName"": ""vm-standard-b2s-08"", ""vCPUs"": 2, ""cpuUtilPct"": 12.9, ""memoryUtilPct"": 16.94, ""diskUtilPct"": 10.38, ""idleHours"": 115, ""lastActivityAt"": ""2025-12-23T18:44:19Z""}",Compute,Usage,Azure,/providers/Microsoft.BillingBenefits/savingsPlanOrders/0578448b-867d-49a2-bbcc-0a867e418764,Compute savings plan_1Year
EA-9876543210,app-prod-sub,app-prod-sub,owner_0003@company.com,a1b2c3d4-0003-0003-0003-000000000003,app-prod-sub,rg-app-staging,eastus,2025-12-28,Virtual Machines Standard_D2s_v3 - eastus,Virtual Machines,Standard_D2s_v3 Series,bbc4f1e6-b32a-5f02-86f0-702bf6097b8b,D2s v3,24.0,1 Hour,4.023546,0.168,0.167648,0.168,OnDemand,USD,Microsoft.Compute,/subscriptions/a1b2c3d4-0003-0003-0003-000000000003/resourceGroups/rg-app-staging/providers/Microsoft.Compute/virtualMachines/vm-standard-d2s-v3-09,vm-standard-d2s-v3-09,"{""team"": ""backend"", ""environment"": ""staging"", ""costcenter"": ""CC400"", ""application"": ""core-api"", ""business_unit"": ""product"", ""owner_email"": ""backend-owner@company.com"", ""support_group"": ""api-operations"", ""workload_criticality"": ""medium"", ""sla_tier"": ""silver""}","{""ServiceType"": ""Standard"", ""VMName"": ""vm-standard-d2s-v3-09"", ""vCPUs"": 2, ""cpuUtilPct"": 9.93, ""memoryUtilPct"": 20.97, ""diskUtilPct"": 19.01, ""idleHours"": 127, ""lastActivityAt"": ""2025-12-18T21:05:46Z""}",Compute,Usage,Azure,,
EA-9876543210,platform-prod-sub,platform-prod-sub,owner_0001@company.com,a1b2c3d4-0001-0001-0001-000000000001,platform-prod-sub,rg-platform-dev,eastus,2025-12-28,Virtual Machines Standard_B2s - eastus,Virtual Machines,Standard_B2s Series,7190101e-d2ab-5a56-ad8e-83f7122f17e8,B2s,24.0,1 Hour,2.033863,0.084,0.084744,0.084,OnDemand,USD,Microsoft.Compute,/subscriptions/a1b2c3d4-0001-0001-0001-000000000001/resourceGroups/rg-platform-dev/providers/Microsoft.Compute/virtualMachines/vm-standard-b2s-10,vm-standard-b2s-10,"{""team"": ""platform"", ""environment"": ""dev"", ""costcenter"": ""CC100"", ""application"": ""platform-core"", ""business_unit"": ""engineering"", ""owner_email"": ""platform-owner@company.com"", ""support_group"": ""platform-operations"", ""workload_criticality"": ""low"", ""sla_tier"": ""bronze""}","{""ServiceType"": ""Standard"", ""VMName"": ""vm-standard-b2s-10"", ""vCPUs"": 2, ""cpuUtilPct"": 4.33, ""memoryUtilPct"": 3.92, ""diskUtilPct"": 1.27, ""idleHours"": 401, ""lastActivityAt"": ""2025-11-14T15:19:57Z""}",Compute,Usage,Azure,,
EA-9876543210,app-prod-sub,app-prod-sub,owner_0003@company.com,a1b2c3d4-0003-0003-0003-000000000003,app-prod-sub,rg-app-dev,eastus,2025-12-28,Virtual Machines Standard_B2s - eastus,Virtual Machines,Standard_B2s Series,7190101e-d2ab-5a56-ad8e-83f7122f17e8,B2s,24.0,1 Hour,2.011306,0.084,0.083804,0.084,OnDemand,USD,Microsoft.Compute,/subscriptions/a1b2c3d4-0003-0003-0003-000000000003/resourceGroups/rg-app-dev/providers/Microsoft.Compute/virtualMachines/vm-standard-b2s-11,vm-standard-b2s-11,{},"{""ServiceType"": ""Standard"", ""VMName"": ""vm-standard-b2s-11"", ""vCPUs"": 2, ""cpuUtilPct"": 4.75, ""memoryUtilPct"": 9.51, ""diskUtilPct"": 6.45, ""idleHours"": 619, ""lastActivityAt"": ""2025-12-02T20:04:59Z""}",Compute,Usage,Azure,,
EA-9876543210,platform-prod-sub,platform-prod-sub,owner_0001@company.com,a1b2c3d4-0001-0001-0001-000000000001,platform-prod-sub,rg-platform-prod,eastus,2025-12-28,Blob Storage - LRS - Hot - eastus,Storage,Blobs - LRS - Hot,fb8faed0-f377-5fb0-92b7-78035153a7fa,Data Stored,849.2028,1 GB/Month,0.510708,0.018,0.018,0.018,OnDemand,USD,Microsoft.Storage,/subscriptions/a1b2c3d4-0001-0001-0001-000000000001/resourceGroups/rg-platform-prod/providers/Microsoft.Storage/storageAccounts/stplatformassets,stplatformassets,"{""team"": ""platform"", ""environment"": ""prod"", ""costcenter"": ""CC100"", ""application"": ""platform-core"", ""business_unit"": ""engineering"", ""owner_email"": ""platform-owner@company.com"", ""support_group"": ""platform-operations"", ""workload_criticality"": ""mission_critical"", ""sla_tier"": ""platinum""}","{""AccountType"": ""LRS"", ""cpuUtilPct"": 0.0, ""memoryUtilPct"": 0.0, ""diskUtilPct"": 56.85, ""idleHours"": 16, ""lastActivityAt"": ""2025-12-26T18:52:34Z""}",Storage,Usage,Azure,,
EA-9876543210,data-eng-prod-sub,data-eng-prod-sub,owner_0002@company.com,a1b2c3d4-0002-0002-0002-000000000002,data-eng-prod-sub,rg-data-prod,westeurope,2025-12-28,Blob Storage - ZRS - Hot - westeurope,Storage,Blobs - ZRS - Hot,9dd9b051-b91d-533a-9f70-e4838eb241bb,Data Stored,3200.2857,1 GB/Month,2.447516,0.023,0.023,0.023,OnDemand,USD,Microsoft.Storage,/subscriptions/a1b2c3d4-0002-0002-0002-000000000002/resourceGroups/rg-data-prod/providers/Microsoft.Storage/storageAccounts/stdatalake,stdatalake,"{""team"": ""data-eng"", ""environment"": ""prod"", ""costcenter"": ""CC200"", ""application"": ""data-platform"", ""business_unit"": ""data"", ""owner_email"": ""data-eng-owner@company.com"", ""support_group"": ""data-platform-ops"", ""workload_criticality"": ""high"", ""sla_tier"": ""gold""}","{""AccountType"": ""ZRS"", ""cpuUtilPct"": 0.0, ""memoryUtilPct"": 0.0, ""diskUtilPct"": 33.35, ""idleHours"": 2, ""lastActivityAt"": ""2025-12-26T12:30:59Z""}",Storage,Usage,Azure,,
EA-9876543210,app-prod-sub,app-prod-sub,owner_0003@company.com,a1b2c3d4-0003-0003-0003-000000000003,app-prod-sub,rg-app-prod,southeastasia,2025-12-28,Blob Storage - LRS - Hot - southeastasia,Storage,Blobs - LRS - Hot,3ae72a36-b458-5b93-9e16-84484844594d,Data Stored,399.8506,1 GB/Month,0.240557,0.018,0.018,0.018,OnDemand,USD,Microsoft.Storage,/subscriptions/a1b2c3d4-0003-0003-0003-000000000003/resourceGroups/rg-app-prod/providers/Microsoft.Storage/storageAccounts/stappassets,stappassets,"{""team"": ""frontend"", ""environment"": ""prod"", ""costcenter"": ""CC300"", ""application"": ""customer-web"", ""business_unit"": ""product"", ""owner_email"": ""frontend-owner@company.com"", ""support_group"": ""customer-experience-support"", ""workload_criticality"": ""high"", ""sla_tier"": ""gold""}","{""AccountType"": ""LRS"", ""cpuUtilPct"": 0.0, ""memoryUtilPct"": 0.0, ""diskUtilPct"": 48.43, ""idleHours"": 21, ""lastActivityAt"": ""2025-12-27T00:09:52Z""}",Storage,Usage,Azure,,
EA-9876543210,data-eng-prod-sub,data-eng-prod-sub,owner_0002@company.com,a1b2c3d4-0002-0002-0002-000000000002,data-eng-prod-sub,rg-ml-prod,westeurope,2025-12-28,Blob Storage - LRS - Hot - westeurope,Storage,Blobs - LRS - Hot,4ba045d2-b571-568f-be23-884194c5daba,Data Stored,1099.5011,1 GB/Month,0.658143,0.018,0.018,0.018,OnDemand,USD,Microsoft.Storage,/subscriptions/a1b2c3d4-0002-0002-0002-000000000002/resourceGroups/rg-ml-prod/providers/Microsoft.Storage/storageAccounts/stmlmodels,stmlmodels,"{""team"": ""ml"", ""environment"": ""prod"", ""costcenter"": ""CC500"", ""application"": ""ml-platform"", ""business_unit"": ""ai"", ""owner_email"": ""ml-owner@company.com"", ""support_group"": ""ml-platform-sre"", ""workload_criticality"": ""high"", ""sla_tier"": ""gold""}","{""AccountType"": ""LRS"", ""cpuUtilPct"": 0.0, ""memoryUtilPct"": 0.0, ""diskUtilPct"": 38.91, ""idleHours"": 17, ""lastActivityAt"": ""2025-12-26T19:01:58Z""}",Storage,Usage,Azure,,
EA-9876543210,platform-prod-sub,platform-prod-sub,owner_0001@company.com,a1b2c3d4-0001-0001-0001-000000000001,platform-prod-sub,rg-platform-prod,eastus,2025-12-28,Azure SQL Database Standard_S2 - eastus,SQL Database,Standard_S2,cd1e0b9a-8ff0-5779-9281-87ab698e2916,vCore Hours,24.0,1 Hour,7.403832,0.31,0.31,0.31,OnDemand,USD,Microsoft.Sql,/subscriptions/a1b2c3d4-0001-0001-0001-000000000001/resourceGroups/rg-platform-prod/providers/Microsoft.Sql/servers/databases/sqldb-standard-0001,sqldb-standard-0001,"{""team"": ""platform"", ""environment"": ""prod"", ""costcenter"": ""CC100"", ""application"": ""platform-core"", ""business_unit"": ""engineering"", ""owner_email"": ""platform-owner@company.com"", ""support_group"": ""platform-operations"", ""workload_criticality"": ""mission_critical"", ""sla_tier"": ""platinum""}","{""cpuUtilPct"": 36.48, ""memoryUtilPct"": 59.14, ""diskUtilPct"": 30.5, ""idleHours"": 18, ""lastActivityAt"": ""2025-12-25T21:51:43Z""}",Databases,Usage,Azure,,
EA-9876543210,data-eng-prod-sub,data-eng-prod-sub,owner_0002@company.com,a1b2c3d4-0002-0002-0002-000000000002,data-eng-prod-sub,rg-data-prod,westeurope,2025-12-28,Azure SQL Database Business Critical_BC_Gen5_4 - westeurope,SQL Database,Business Critical_BC_Gen5_4,4bab5ab0-7291-58c2-8564-3252f5053179,vCore Hours,24.0,1 Hour,52.279055,2.2,2.2,2.2,OnDemand,USD,Microsoft.Sql,/subscriptions/a1b2c3d4-0002-0002-0002-000000000002/resourceGroups/rg-data-prod/providers/Microsoft.Sql/servers/databases/sqldb-business critical-0002,sqldb-business critical-0002,"{""team"": ""data-eng"", ""environment"": ""prod"", ""costcenter"": ""CC200"", ""application"": ""data-platform"", ""business_unit"": ""data"", ""owner_email"": ""data-eng-owner@company.com"", ""support_group"": ""data-platform-ops"", ""workload_criticality"": ""high"", ""sla_tier"": ""gold""}","{""cpuUtilPct"": 41.25, ""memoryUtilPct"": 45.64, ""diskUtilPct"": 25.74, ""idleHours"": 72, ""lastActivityAt"": ""2025-12-25T21:30:27Z""}",Databases,Usage,Azure,,
EA-9876543210,app-prod-sub,app-prod-sub,owner_0003@company.com,a1b2c3d4-0003-0003-0003-000000000003,app-prod-sub,rg-app-prod,eastus,2025-12-28,Azure SQL Database General Purpose_GP_Gen5_2 - eastus,SQL Database,General Purpose_GP_Gen5_2,69e0198c-4ca3-5ac2-8540-db65f6d44c56,vCore Hours,24.0,1 Hour,14.493028,0.6,0.6,0.6,OnDemand,USD,Microsoft.Sql,/subscriptions/a1b2c3d4-0003-0003-0003-000000000003/resourceGroups/rg-app-prod/providers/Microsoft.Sql/servers/databases/sqldb-general purpose-0003,sqldb-general purpose-0003,{},"{""cpuUtilPct"": 24.19, ""memoryUtilPct"": 45.46, ""diskUtilPct"": 37.56, ""idleHours"": 63, ""lastActivityAt"": ""2025-12-26T06:37:12Z""}",Databases,Usage,Azure,,
EA-9876543210,shared-infra-sub,shared-infra-sub,owner_infra@company.com,a1b2c3d4-9999-9999-9999-000000000099,shared-infra-sub,rg-shared-infra,eastus,2025-12-28,Azure Monitor,Monitor,Data Ingested,aadff281-e00d-588e-bd69-a4630325bd50,Data Ingested,1000.0,1 Unit,44.838845,0.045,0.045,0.045,OnDemand,USD,Microsoft.SharedInfra,/subscriptions/a1b2c3d4-9999-9999-9999-000000000099/resourceGroups/rg-shared-infra/providers/Microsoft.SharedInfra/Monitor/monitor,monitor,{},"{""cpuUtilPct"": 3.02, ""memoryUtilPct"": 5.83, ""diskUtilPct"": 5.57, ""idleHours"": 677, ""lastActivityAt"": ""2025-12-04T23:47:13Z""}",Management,Usage,Azure,,
EA-9876543210,shared-infra-sub,shared-infra-sub,owner_infra@company.com,a1b2c3d4-9999-9999-9999-000000000099,shared-infra-sub,rg-shared-infra,eastus,2025-12-28,Virtual Network,Networking,Intra-Region,cc2ca1a8-2d13-5873-b301-4b8ed16ed2c0,Intra-Region,622.22,1 Unit,28.151285,0.045,0.045,0.045,OnDemand,USD,Microsoft.SharedInfra,/subscriptions/a1b2c3d4-9999-9999-9999-000000000099/resourceGroups/rg-shared-infra/providers/Microsoft.SharedInfra/Networking/networking,networking,{},"{""cpuUtilPct"": 2.26, ""memoryUtilPct"": 2.34, ""diskUtilPct"": 5.2, ""idleHours"": 669, ""lastActivityAt"": ""2025-12-12T19:42:55Z""}",Networking,Usage,Azure,,
EA-9876543210,shared-infra-sub,shared-infra-sub,owner_infra@company.com,a1b2c3d4-9999-9999-9999-000000000099,shared-infra-sub,rg-shared-infra,eastus,2025-12-28,API Management,API Management,Gateway Units,78998862-331b-5215-a4b4-8d4500189f89,Gateway Units,2666.67,1 Unit,121.105933,0.045,0.045,0.045,OnDemand,USD,Microsoft.SharedInfra,/subscriptions/a1b2c3d4-9999-9999-9999-000000000099/resourceGroups/rg-shared-infra/providers/Microsoft.SharedInfra/API Management/api-management,api-management,{},"{""cpuUtilPct"": 2.52, ""memoryUtilPct"": 7.05, ""diskUtilPct"": 6.8, ""idleHours"": 631, ""lastActivityAt"": ""2025-12-11T11:12:47Z""}",Integration,Usage,Azure,,
EA-9876543210,shared-infra-sub,shared-infra-sub,owner_infra@company.com,a1b2c3d4-9999-9999-9999-000000000099,shared-infra-sub,rg-shared-infra,eastus,2025-12-28,Azure Key Vault,Key Vault,Operations,3cb0172e-6732-5350-b439-97753364a78c,Operations,177.78,1 Unit,8.040312,0.045,0.045,0.045,OnDemand,USD,Microsoft.SharedInfra,/subscriptions/a1b2c3d4-9999-9999-9999-000000000099/resourceGroups/rg-shared-infra/providers/Microsoft.SharedInfra/Key Vault/key-vault,key-vault,{},"{""cpuUtilPct"": 0.94, ""memoryUtilPct"": 9.88, ""diskUtilPct"": 1.63, ""idleHours"": 670, ""lastActivityAt"": ""2025-11-22T10:25:32Z""}",Security,Usage,Azure,,
EA-9876543210,shared-infra-sub,shared-infra-sub,owner_infra@company.com,a1b2c3d4-9999-9999-9999-000000000099,shared-infra-sub,rg-shared-infra,eastus,2025-12-28,Azure Blob Storage,Storage,Data Stored,2e8ee991-b3b7-5136-98e5-4772405cdb0c,Data Stored,400.0,1 Unit,18.154466,0.045,0.045,0.045,OnDemand,USD,Microsoft.SharedInfra,/subscriptions/a1b2c3d4-9999-9999-9999-000000000099/resourceGroups/rg-shared-infra/providers/Microsoft.SharedInfra/Storage/storage,storage,{},"{""cpuUtilPct"": 0.75, ""memoryUtilPct"": 3.17, ""diskUtilPct"": 3.94, ""idleHours"": 487, ""lastActivityAt"": ""2025-11-13T16:17:25Z""}",Storage,Usage,Azure,,
EA-9876543210,platform-prod-sub,platform-prod-sub,owner_0001@company.com,a1b2c3d4-0001-0001-0001-000000000001,platform-prod-sub,rg-platform-prod,eastus,2025-12-29,Virtual Machines Standard_D2s_v3 - eastus,Virtual Machines,Standard_D2s_v3 Series,bbc4f1e6-b32a-5f02-86f0-702bf6097b8b,D2s v3,24.0,1 Hour,4.048828,0.168,0.168701,0.168,OnDemand,USD,Microsoft.Compute,/subscriptions/a1b2c3d4-0001-0001-0001-000000000001/resourceGroups/rg-platform-prod/providers/Microsoft.Compute/virtualMachines/vm-standard-d2s-v3-00,vm-standard-d2s-v3-00,"{""team"": ""platform"", ""environment"": ""prod"", ""costcenter"": ""CC100"", ""application"": ""platform-core"", ""business_unit"": ""engineering"", ""owner_email"": ""platform-owner@company.com"", ""support_group"": ""platform-operations"", ""workload_criticality"": ""mission_critical"", ""sla_tier"": ""platinum""}","{""ServiceType"": ""Standard"", ""VMName"": ""vm-standard-d2s-v3-00"", ""vCPUs"": 2, ""cpuUtilPct"": 47.57, ""memoryUtilPct"": 57.29, ""diskUtilPct"": 39.79, ""idleHours"": 2, ""lastActivityAt"": ""2025-12-28T01:00:31Z""}",Compute,Usage,Azure,,
EA-9876543210,platform-prod-sub,platform-prod-sub,owner_0001@company.com,a1b2c3d4-0001-0001-0001-000000000001,platform-prod-sub,rg-platform-prod,eastus,2025-12-29,Virtual Machines Standard_D2s_v3 - eastus,Virtual Machines,Standard_D2s_v3 Series,bbc4f1e6-b32a-5f02-86f0-702bf6097b8b,D2s v3,24.0,1 Hour,4.019835,0.168,0.167493,0.168,OnDemand,USD,Microsoft.Compute,/subscriptions/a1b2c3d4-0001-0001-0001-000000000001/resourceGroups/rg-platform-prod/providers/Microsoft.Compute/virtualMachines/vm-standard-d2s-v3-01,vm-standard-d2s-v3-01,{},"{""ServiceType"": ""Standard"", ""VMName"": ""vm-standard-d2s-v3-01"", ""vCPUs"": 2, ""cpuUtilPct"": 51.34, ""memoryUtilPct"": 58.7, ""diskUtilPct"": 51.32, ""idleHours"": 6, ""lastActivityAt"": ""2025-12-27T01:49:56Z""}",Compute,Usage,Azure,,
EA-9876543210,app-prod-sub,app-prod-sub,owner_0003@company.com,a1b2c3d4-0003-0003-0003-000000000003,app-prod-sub,rg-app-prod,eastus,2025-12-29,Virtual Machines Standard_D4s_v3 - eastus,Virtual Machines,Standard_D4s_v3 Series,6c8e1236-a3aa-53d7-8e09-dadb98f69027,D4s v3,24.0,1 Hour,8.097651,0.336,0.337402,0.336,OnDemand,USD,Microsoft.Compute,/subscriptions/a1b2c3d4-0003-0003-0003-000000000003/resourceGroups/rg-app-prod/providers/Microsoft.Compute/virtualMachines/vm-standard-d4s-v3-02,vm-standard-d4s-v3-02,"{""team"": ""backend"", ""environment"": ""prod"", ""costcenter"": ""CC400"", ""application"": ""core-api"", ""business_unit"": ""product"", ""owner_email"": ""backend-owner@company.com"", ""support_group"": ""api-operations"", ""workload_criticality"": ""high"", ""sla_tier"": ""gold""}","{""ServiceType"": ""Standard"", ""VMName"": ""vm-standard-d4s-v3-02"", ""vCPUs"": 4, ""cpuUtilPct"": 28.45, ""memoryUtilPct"": 32.14, ""diskUtilPct"": 37.69, ""idleHours"": 48, ""lastActivityAt"": ""2025-12-25T14:17:43Z""}",Compute,Usage,Azure,,
EA-9876543210,data-eng-prod-sub,data-eng-prod-sub,owner_0002@company.com,a1b2c3d4-0002-0002-0002-000000000002,data-eng-prod-sub,rg-data-prod,westeurope,2025-12-29,Virtual Machines Standard_E4s_v3 - westeurope,Virtual Machines,Standard_E4s_v3 Series,7373fa15-5d45-5d30-a83f-72064e156f94,E4s v3,24.0,1 Hour,4.896227,0.364,0.204009,0.364,Reservation,USD,Microsoft.Compute,/subscriptions/a1b2c3d4-0002-0002-0002-000000000002/resourceGroups/rg-data-prod/providers/Microsoft.Compute/virtualMachines/vm-standard-e4s-v3-03,vm-standard-e4s-v3-03,"{""team"": ""data-eng"", ""environment"": ""prod"", ""costcenter"": ""CC200"", ""application"": ""data-platform"", ""business_unit"": ""data"", ""owner_email"": ""data-eng-owner@company.com"", ""support_group"": ""data-platform-ops"", ""workload_criticality"": ""high"", ""sla_tier"": ""gold""}","{""ServiceType"": ""Standard"", ""VMName"": ""vm-standard-e4s-v3-03"", ""vCPUs"": 4, ""cpuUtilPct"": 27.61, ""memoryUtilPct"": 42.92, ""diskUtilPct"": 33.1, ""idleHours"": 28, ""lastActivityAt"": ""2025-12-26T12:21:15Z""}",Compute,Usage,Azure,/providers/Microsoft.BillingBenefits/savingsPlanOrders/b519a0bd-3ea4-4bfc-9965-fb3253620f9e,Reserved VM Instance_westeurope_1Year
EA-9876543210,data-eng-prod-sub,data-eng-prod-sub,owner_0002@company.com,a1b2c3d4-0002-0002-0002-000000000002,data-eng-prod-sub,rg-data-prod,westeurope,2025-12-29,Virtual Machines Standard_E8s_v3 - westeurope,Virtual Machines,Standard_E8s_v3 Series,2b9593f7-8692-56d9-b10a-a624f400da47,E8s v3,24.0,1 Hour,10.155194,0.728,0.423133,0.728,Reservation,USD,Microsoft.Compute,/subscriptions/a1b2c3d4-0002-0002-0002-000000000002/resourceGroups/rg-data-prod/providers/Microsoft.Compute/virtualMachines/vm-standard-e8s-v3-04,vm-standard-e8s-v3-04,"{""team"": ""data-eng"", ""environment"": ""prod"", ""costcenter"": ""CC200"", ""application"": ""data-platform"", ""business_unit"": ""data"", ""owner_email"": ""data-eng-owner@company.com"", ""support_group"": ""data-platform-ops"", ""workload_criticality"": ""high"", ""sla_tier"": ""gold""}","{""ServiceType"": ""Standard"", ""VMName"": ""vm-standard-e8s-v3-04"", ""vCPUs"": 8, ""cpuUtilPct"": 29.82, ""memoryUtilPct"": 50.19, ""diskUtilPct"": 35.47, ""idleHours"": 70, ""lastActivityAt"": ""2025-12-24T19:20:01Z""}",Compute,Usage,Azure,/providers/Microsoft.BillingBenefits/savingsPlanOrders/9968890e-e6c9-4bd3-9206-903190a8b5c2,Reserved VM Instance_westeurope_1Year
EA-9876543210,data-eng-prod-sub,data-eng-prod-sub,owner_0002@company.com,a1b2c3d4-0002-0002-0002-000000000002,data-eng-prod-sub,rg-ml-prod,westeurope,2025-12-29,Virtual Machines Standard_F4s_v2 - westeurope,Virtual Machines,Standard_F4s_v2 Series,303bf71a-6d52-56d9-8e75-95552aa01c86,F4s v2,24.0,1 Hour,6.050941,0.252,0.252123,0.252,OnDemand,USD,Microsoft.Compute,/subscriptions/a1b2c3d4-0002-0002-0002-000000000002/resourceGroups/rg-ml-prod/providers/Microsoft.Compute/virtualMachines/vm-standard-f4s-v2-05,vm-standard-f4s-v2-05,{},"{""ServiceType"": ""Standard"", ""VMName"": ""vm-standard-f4s-v2-05"", ""vCPUs"": 4, ""cpuUtilPct"": 39.83, ""memoryUtilPct"": 38.56, ""diskUtilPct"": 35.93, ""idleHours"": 57, ""lastActivityAt"": ""2025-12-25T21:09:59Z""}",Compute,Usage,Azure,,
EA-9876543210,data-eng-prod-sub,data-eng-prod-sub,owner_0002@company.com,a1b2c3d4-0002-0002-0002-000000000002,data-eng-prod-sub,rg-ml-prod,westeurope,2025-12-29,Virtual Machines Standard_D8s_v3 - westeurope,Virtual Machines,Standard_D8s_v3 Series,348575ff-7ae0-57e5-896e-037d67179117,D8s v3,24.0,1 Hour,10.152191,0.672,0.423008,0.672,Reservation,USD,Microsoft.Compute,/subscriptions/a1b2c3d4-0002-0002-0002-000000000002/resourceGroups/rg-ml-prod/providers/Microsoft.Compute/virtualMachines/vm-standard-d8s-v3-06,vm-standard-d8s-v3-06,"{""team"": ""ml"", ""environment"": ""prod"", ""costcenter"": ""CC500"", ""application"": ""ml-platform"", ""business_unit"": ""ai"", ""owner_email"": ""ml-owner@company.com"", ""support_group"": ""ml-platform-sre"", ""workload_criticality"": ""high"", ""sla_tier"": ""gold""}","{""ServiceType"": ""Standard"", ""VMName"": ""vm-standard-d8s-v3-06"", ""vCPUs"": 8, ""cpuUtilPct"": 32.78, ""memoryUtilPct"": 49.83, ""diskUtilPct"": 35.84, ""idleHours"": 70, ""lastActivityAt"": ""2025-12-25T22:02:14Z""}",Compute,Usage,Azure,/providers/Microsoft.BillingBenefits/savingsPlanOrders/506ade8c-2fdc-4626-88e6-3114b8e48240,Reserved VM Instance_westeurope_1Year
EA-9876543210,app-prod-sub,app-prod-sub,owner_0003@company.com,a1b2c3d4-0003-0003-0003-000000000003,app-prod-sub,rg-app-prod,southeastasia,2025-12-29,Virtual Machines Standard_B2s - southeastasia,Virtual Machines,Standard_B2s Series,78a50003-6630-5ba4-aad2-c10f0de71d3b,B2s,24.0,1 Hour,1.999253,0.084,0.083302,0.084,OnDemand,USD,Microsoft.Compute,/subscriptions/a1b2c3d4-0003-0003-0003-000000000003/resourceGroups/rg-app-prod/providers/Microsoft.Compute/virtualMachines/vm-standard-b2s-07,vm-standard-b2s-07,"{""team"": ""frontend"", ""environment"": ""prod"", ""costcenter"": ""CC300"", ""application"": ""customer-web"", ""business_unit"": ""product"", ""owner_email"": ""frontend-owner@company.com"", ""support_group"": ""customer-experience-support"", ""workload_criticality"": ""high"", ""sla_tier"": ""gold""}","{""ServiceType"": ""Standard"", ""VMName"": ""vm-standard-b2s-07"", ""vCPUs"": 2, ""cpuUtilPct"": 39.25, ""memoryUtilPct"": 31.22, ""diskUtilPct"": 18.54, ""idleHours"": 30, ""lastActivityAt"": ""2025-12-25T13:59:00Z""}",Compute,Usage,Azure,,
EA-9876543210,app-prod-sub,app-prod-sub,owner_0003@company.com,a1b2c3d4-0003-0003-0003-000000000003,app-prod-sub,rg-app-staging,southeastasia,2025-12-29,Virtual Machines Standard_B2s - southeastasia,Virtual Machines,Standard_B2s Series,78a50003-6630-5ba4-aad2-c10f0de71d3b,B2s,24.0,1 Hour,1.337248,0.084,0.055719,0.084,SavingsPlan,USD,Microsoft.Compute,/subscriptions/a1b2c3d4-0003-0003-0003-000000000003/resourceGroups/rg-app-staging/providers/Microsoft.Compute/virtualMachines/vm-standard-b2s-08,vm-standard-b2s-08,"{""team"": ""frontend"", ""environment"": ""staging"", ""costcenter"": ""CC300"", ""application"": ""customer-web"", ""business_unit"": ""product"", ""owner_email"": ""frontend-owner@company.com"", ""support_group"": ""customer-experience-support"", ""workload_criticality"": ""medium"", ""sla_tier"": ""silver""}","{""ServiceType"": ""Standard"", ""VMName"": ""vm-standard-b2s-08"", ""vCPUs"": 2, ""cpuUtilPct"": 13.84, ""memoryUtilPct"": 21.55, ""diskUtilPct"": 10.53, ""idleHours"": 172, ""lastActivityAt"": ""2025-12-20T00:01:54Z""}",Compute,Usage,Azure,/providers/Microsoft.BillingBenefits/savingsPlanOrders/4990fe80-4685-49bf-8a54-5fa8173a7341,Compute savings plan_1Year
EA-9876543210,app-prod-sub,app-prod-sub,owner_0003@company.com,a1b2c3d4-0003-0003-0003-000000000003,app-prod-sub,rg-app-staging,eastus,2025-12-29,Virtual Machines Standard_D2s_v3 - eastus,Virtual Machines,Standard_D2s_v3 Series,bbc4f1e6-b32a-5f02-86f0-702bf6097b8b,D2s v3,24.0,1 Hour,4.052082,0.168,0.168837,0.168,OnDemand,USD,Microsoft.Compute,/subscriptions/a1b2c3d4-0003-0003-0003-000000000003/resourceGroups/rg-app-staging/providers/Microsoft.Compute/virtualMachines/vm-standard-d2s-v3-09,vm-standard-d2s-v3-09,"{""team"": ""backend"", ""environment"": ""staging"", ""costcenter"": ""CC400"", ""application"": ""core-api"", ""business_unit"": ""product"", ""owner_email"": ""backend-owner@company.com"", ""support_group"": ""api-operations"", ""workload_criticality"": ""medium"", ""sla_tier"": ""silver""}","{""ServiceType"": ""Standard"", ""VMName"": ""vm-standard-d2s-v3-09"", ""vCPUs"": 2, ""cpuUtilPct"": 12.35, ""memoryUtilPct"": 24.94, ""diskUtilPct"": 12.27, ""idleHours"": 210, ""lastActivityAt"": ""2025-12-16T12:36:07Z""}",Compute,Usage,Azure,,
EA-9876543210,platform-prod-sub,platform-prod-sub,owner_0001@company.com,a1b2c3d4-0001-0001-0001-000000000001,platform-prod-sub,rg-platform-dev,eastus,2025-12-29,Virtual Machines Standard_B2s - eastus,Virtual Machines,Standard_B2s Series,7190101e-d2ab-5a56-ad8e-83f7122f17e8,B2s,24.0,1 Hour,2.013214,0.084,0.083884,0.084,OnDemand,USD,Microsoft.Compute,/subscriptions/a1b2c3d4-0001-0001-0001-000000000001/resourceGroups/rg-platform-dev/providers/Microsoft.Compute/virtualMachines/vm-standard-b2s-10,vm-standard-b2s-10,"{""team"": ""platform"", ""environment"": ""dev"", ""costcenter"": ""CC100"", ""application"": ""platform-core"", ""business_unit"": ""engineering"", ""owner_email"": ""platform-owner@company.com"", ""support_group"": ""platform-operations"", ""workload_criticality"": ""low"", ""sla_tier"": ""bronze""}","{""ServiceType"": ""Standard"", ""VMName"": ""vm-standard-b2s-10"", ""vCPUs"": 2, ""cpuUtilPct"": 1.97, ""memoryUtilPct"": 3.59, ""diskUtilPct"": 1.87, ""idleHours"": 537, ""lastActivityAt"": ""2025-11-15T16:17:58Z""}",Compute,Usage,Azure,,
EA-9876543210,app-prod-sub,app-prod-sub,owner_0003@company.com,a1b2c3d4-0003-0003-0003-000000000003,app-prod-sub,rg-app-dev,eastus,2025-12-29,Virtual Machines Standard_B2s - eastus,Virtual Machines,Standard_B2s Series,7190101e-d2ab-5a56-ad8e-83f7122f17e8,B2s,24.0,1 Hour,2.004419,0.084,0.083517,0.084,OnDemand,USD,Microsoft.Compute,/subscriptions/a1b2c3d4-0003-0003-0003-000000000003/resourceGroups/rg-app-dev/providers/Microsoft.Compute/virtualMachines/vm-standard-b2s-11,vm-standard-b2s-11,{},"{""ServiceType"": ""Standard"", ""VMName"": ""vm-standard-b2s-11"", ""vCPUs"": 2, ""cpuUtilPct"": 2.68, ""memoryUtilPct"": 5.6, ""diskUtilPct"": 6.05, ""idleHours"": 478, ""lastActivityAt"": ""2025-12-08T06:41:40Z""}",Compute,Usage,Azure,,
EA-9876543210,platform-prod-sub,platform-prod-sub,owner_0001@company.com,a1b2c3d4-0001-0001-0001-000000000001,platform-prod-sub,rg-platform-prod,eastus,2025-12-29,Blob Storage - LRS - Hot - eastus,Storage,Blobs - LRS - Hot,fb8faed0-f377-5fb0-92b7-78035153a7fa,Data Stored,850.7824,1 GB/Month,0.510374,0.018,0.018,0.018,OnDemand,USD,Microsoft.Storage,/subscriptions/a1b2c3d4-0001-0001-0001-000000000001/resourceGroups/rg-platform-prod/providers/Microsoft.Storage/storageAccounts/stplatformassets,stplatformassets,"{""team"": ""platform"", ""environment"": ""prod"", ""costcenter"": ""CC100"", ""application"": ""platform-core"", ""business_unit"": ""engineering"", ""owner_email"": ""platform-owner@company.com"", ""support_group"": ""platform-operations"", ""workload_criticality"": ""mission_critical"", ""sla_tier"": ""platinum""}","{""AccountType"": ""LRS"", ""cpuUtilPct"": 0.0, ""memoryUtilPct"": 0.0, ""diskUtilPct"": 53.0, ""idleHours"": 0, ""lastActivityAt"": ""2025-12-28T09:43:14Z""}",Storage,Usage,Azure,,
EA-9876543210,data-eng-prod-sub,data-eng-prod-sub,owner_0002@company.com,a1b2c3d4-0002-0002-0002-000000000002,data-eng-prod-sub,rg-data-prod,westeurope,2025-12-29,Blob Storage - ZRS - Hot - westeurope,Storage,Blobs - ZRS - Hot,9dd9b051-b91d-533a-9f70-e4838eb241bb,Data Stored,3199.005,1 GB/Month,2.448223,0.023,0.023,0.023,OnDemand,USD,Microsoft.Storage,/subscriptions/a1b2c3d4-0002-0002-0002-000000000002/resourceGroups/rg-data-prod/providers/Microsoft.Storage/storageAccounts/stdatalake,stdatalake,"{""team"": ""data-eng"", ""environment"": ""prod"", ""costcenter"": ""CC200"", ""application"": ""data-platform"", ""business_unit"": ""data"", ""owner_email"": ""data-eng-owner@company.com"", ""support_group"": ""data-platform-ops"", ""workload_criticality"": ""high"", ""sla_tier"": ""gold""}","{""AccountType"": ""ZRS"", ""cpuUtilPct"": 0.0, ""memoryUtilPct"": 0.0, ""diskUtilPct"": 58.69, ""idleHours"": 20, ""lastActivityAt"": ""2025-12-27T01:44:39Z""}",Storage,Usage,Azure,,
EA-9876543210,app-prod-sub,app-prod-sub,owner_0003@company.com,a1b2c3d4-0003-0003-0003-000000000003,app-prod-sub,rg-app-prod,southeastasia,2025-12-29,Blob Storage - LRS - Hot - southeastasia,Storage,Blobs - LRS - Hot,3ae72a36-b458-5b93-9e16-84484844594d,Data Stored,399.8719,1 GB/Month,0.240265,0.018,0.018,0.018,OnDemand,USD,Microsoft.Storage,/subscriptions/a1b2c3d4-0003-0003-0003-000000000003/resourceGroups/rg-app-prod/providers/Microsoft.Storage/storageAccounts/stappassets,stappassets,{},"{""AccountType"": ""LRS"", ""cpuUtilPct"": 0.0, ""memoryUtilPct"": 0.0, ""diskUtilPct"": 41.04, ""idleHours"": 3, ""lastActivityAt"": ""2025-12-26T17:33:20Z""}",Storage,Usage,Azure,,
EA-9876543210,data-eng-prod-sub,data-eng-prod-sub,owner_0002@company.com,a1b2c3d4-0002-0002-0002-000000000002,data-eng-prod-sub,rg-ml-prod,westeurope,2025-12-29,Blob Storage - LRS - Hot - westeurope,Storage,Blobs - LRS - Hot,4ba045d2-b571-568f-be23-884194c5daba,Data Stored,1099.2204,1 GB/Month,0.658147,0.018,0.018,0.018,OnDemand,USD,Microsoft.Storage,/subscriptions/a1b2c3d4-0002-0002-0002-000000000002/resourceGroups/rg-ml-prod/providers/Microsoft.Storage/storageAccounts/stmlmodels,stmlmodels,{},"{""AccountType"": ""LRS"", ""cpuUtilPct"": 0.0, ""memoryUtilPct"": 0.0, ""diskUtilPct"": 48.6, ""idleHours"": 20, ""lastActivityAt"": ""2025-12-26T23:25:50Z""}",Storage,Usage,Azure,,
EA-9876543210,platform-prod-sub,platform-prod-sub,owner_0001@company.com,a1b2c3d4-0001-0001-0001-000000000001,platform-prod-sub,rg-platform-prod,eastus,2025-12-29,Azure SQL Database Standard_S2 - eastus,SQL Database,Standard_S2,cd1e0b9a-8ff0-5779-9281-87ab698e2916,vCore Hours,24.0,1 Hour,7.51339,0.31,0.31,0.31,OnDemand,USD,Microsoft.Sql,/subscriptions/a1b2c3d4-0001-0001-0001-000000000001/resourceGroups/rg-platform-prod/providers/Microsoft.Sql/servers/databases/sqldb-standard-0001,sqldb-standard-0001,"{""team"": ""platform"", ""environment"": ""prod"", ""costcenter"": ""CC100"", ""application"": ""platform-core"", ""business_unit"": ""engineering"", ""owner_email"": ""platform-owner@company.com"", ""support_group"": ""platform-operations"", ""workload_criticality"": ""mission_critical"", ""sla_tier"": ""platinum""}","{""cpuUtilPct"": 40.07, ""memoryUtilPct"": 56.7, ""diskUtilPct"": 51.18, ""idleHours"": 20, ""lastActivityAt"": ""2025-12-27T10:45:07Z""}",Databases,Usage,Azure,,
EA-9876543210,data-eng-prod-sub,data-eng-prod-sub,owner_0002@company.com,a1b2c3d4-0002-0002-0002-000000000002,data-eng-prod-sub,rg-data-prod,westeurope,2025-12-29,Azure SQL Database Business Critical_BC_Gen5_4 - westeurope,SQL Database,Business Critical_BC_Gen5_4,4bab5ab0-7291-58c2-8564-3252f5053179,vCore Hours,24.0,1 Hour,52.607087,2.2,2.2,2.2,OnDemand,USD,Microsoft.Sql,/subscriptions/a1b2c3d4-0002-0002-0002-000000000002/resourceGroups/rg-data-prod/providers/Microsoft.Sql/servers/databases/sqldb-business critical-0002,sqldb-business critical-0002,{},"{""cpuUtilPct"": 39.47, ""memoryUtilPct"": 29.38, ""diskUtilPct"": 31.85, ""idleHours"": 18, ""lastActivityAt"": ""2025-12-25T18:32:51Z""}",Databases,Usage,Azure,,
EA-9876543210,app-prod-sub,app-prod-sub,owner_0003@company.com,a1b2c3d4-0003-0003-0003-000000000003,app-prod-sub,rg-app-prod,eastus,2025-12-29,Azure SQL Database General Purpose_GP_Gen5_2 - eastus,SQL Database,General Purpose_GP_Gen5_2,69e0198c-4ca3-5ac2-8540-db65f6d44c56,vCore Hours,24.0,1 Hour,14.344781,0.6,0.6,0.6,OnDemand,USD,Microsoft.Sql,/subscriptions/a1b2c3d4-0003-0003-0003-000000000003/resourceGroups/rg-app-prod/providers/Microsoft.Sql/servers/databases/sqldb-general purpose-0003,sqldb-general purpose-0003,"{""team"": ""backend"", ""environment"": ""prod"", ""costcenter"": ""CC400"", ""application"": ""core-api"", ""business_unit"": ""product"", ""owner_email"": ""backend-owner@company.com"", ""support_group"": ""api-operations"", ""workload_criticality"": ""high"", ""sla_tier"": ""gold""}","{""cpuUtilPct"": 40.75, ""memoryUtilPct"": 34.53, ""diskUtilPct"": 24.22, ""idleHours"": 22, ""lastActivityAt"": ""2025-12-27T14:14:06Z""}",Databases,Usage,Azure,,
EA-9876543210,shared-infra-sub,shared-infra-sub,owner_infra@company.com,a1b2c3d4-9999-9999-9999-000000000099,shared-infra-sub,rg-shared-infra,eastus,2025-12-29,Azure Monitor,Monitor,Data Ingested,aadff281-e00d-588e-bd69-a4630325bd50,Data Ingested,1000.0,1 Unit,44.688423,0.045,0.045,0.045,OnDemand,USD,Microsoft.SharedInfra,/subscriptions/a1b2c3d4-9999-9999-9999-000000000099/resourceGroups/rg-shared-infra/providers/Microsoft.SharedInfra/Monitor/monitor,monitor,{},"{""cpuUtilPct"": 1.4, ""memoryUtilPct"": 6.05, ""diskUtilPct"": 2.74, ""idleHours"": 331, ""lastActivityAt"": ""2025-12-09T18:51:30Z""}",Management,Usage,Azure,,
EA-9876543210,shared-infra-sub,shared-infra-sub,owner_infra@company.com,a1b2c3d4-9999-9999-9999-000000000099,shared-infra-sub,rg-shared-infra,eastus,2025-12-29,Virtual Network,Networking,Intra-Region,cc2ca1a8-2d13-5873-b301-4b8ed16ed2c0,Intra-Region,622.22,1 Unit,28.092708,0.045,0.045,0.045,OnDemand,USD,Microsoft.SharedInfra,/subscriptions/a1b2c3d4-9999-9999-9999-000000000099/resourceGroups/rg-shared-infra/providers/Microsoft.SharedInfra/Networking/networking,networking,{},"{""cpuUtilPct"": 4.05, ""memoryUtilPct"": 8.01, ""diskUtilPct"": 3.25, ""idleHours"": 705, ""lastActivityAt"": ""2025-11-18T00:35:33Z""}",Networking,Usage,Azure,,
EA-9876543210,shared-infra-sub,shared-infra-sub,owner_infra@company.com,a1b2c3d4-9999-9999-9999-000000000099,shared-infra-sub,rg-shared-infra,eastus,2025-12-29,API Management,API Management,Gateway Units,78998862-331b-5215-a4b4-8d4500189f89,Gateway Units,2666.67,1 Unit,120.172072,0.045,0.045,0.045,OnDemand,USD,Microsoft.SharedInfra,/subscriptions/a1b2c3d4-9999-9999-9999-000000000099/resourceGroups/rg-shared-infra/providers/Microsoft.SharedInfra/API Management/api-management,api-management,{},"{""cpuUtilPct"": 0.57, ""memoryUtilPct"": 3.64, ""diskUtilPct"": 1.41, ""idleHours"": 548, ""lastActivityAt"": ""2025-12-02T05:47:26Z""}",Integration,Usage,Azure,,
EA-9876543210,shared-infra-sub,shared-infra-sub,owner_infra@company.com,a1b2c3d4-9999-9999-9999-000000000099,shared-infra-sub,rg-shared-infra,eastus,2025-12-29,Azure Key Vault,Key Vault,Operations,3cb0172e-6732-5350-b439-97753364a78c,Operations,177.78,1 Unit,7.928899,0.045,0.045,0.045,OnDemand,USD,Microsoft.SharedInfra,/subscriptions/a1b2c3d4-9999-9999-9999-000000000099/resourceGroups/rg-shared-infra/providers/Microsoft.SharedInfra/Key Vault/key-vault,key-vault,{},"{""cpuUtilPct"": 2.53, ""memoryUtilPct"": 4.92, ""diskUtilPct"": 6.04, ""idleHours"": 642, ""lastActivityAt"": ""2025-12-02T15:53:20Z""}",Security,Usage,Azure,,
EA-9876543210,shared-infra-sub,shared-infra-sub,owner_infra@company.com,a1b2c3d4-9999-9999-9999-000000000099,shared-infra-sub,rg-shared-infra,eastus,2025-12-29,Azure Blob Storage,Storage,Data Stored,2e8ee991-b3b7-5136-98e5-4772405cdb0c,Data Stored,400.0,1 Unit,17.991542,0.045,0.045,0.045,OnDemand,USD,Microsoft.SharedInfra,/subscriptions/a1b2c3d4-9999-9999-9999-000000000099/resourceGroups/rg-shared-infra/providers/Microsoft.SharedInfra/Storage/storage,storage,{},"{""cpuUtilPct"": 4.74, ""memoryUtilPct"": 4.23, ""diskUtilPct"": 7.28, ""idleHours"": 548, ""lastActivityAt"": ""2025-11-20T08:28:04Z""}",Storage,Usage,Azure,,
EA-9876543210,platform-prod-sub,platform-prod-sub,owner_0001@company.com,a1b2c3d4-0001-0001-0001-000000000001,platform-prod-sub,rg-platform-prod,eastus,2025-12-30,Virtual Machines Standard_D2s_v3 - eastus,Virtual Machines,Standard_D2s_v3 Series,bbc4f1e6-b32a-5f02-86f0-702bf6097b8b,D2s v3,24.0,1 Hour,4.047366,0.168,0.16864,0.168,OnDemand,USD,Microsoft.Compute,/subscriptions/a1b2c3d4-0001-0001-0001-000000000001/resourceGroups/rg-platform-prod/providers/Microsoft.Compute/virtualMachines/vm-standard-d2s-v3-00,vm-standard-d2s-v3-00,"{""team"": ""platform"", ""environment"": ""prod"", ""costcenter"": ""CC100"", ""application"": ""platform-core"", ""business_unit"": ""engineering"", ""owner_email"": ""platform-owner@company.com"", ""support_group"": ""platform-operations"", ""workload_criticality"": ""mission_critical"", ""sla_tier"": ""platinum""}","{""ServiceType"": ""Standard"", ""VMName"": ""vm-standard-d2s-v3-00"", ""vCPUs"": 2, ""cpuUtilPct"": 56.31, ""memoryUtilPct"": 41.75, ""diskUtilPct"": 47.87, ""idleHours"": 27, ""lastActivityAt"": ""2025-12-28T14:32:37Z""}",Compute,Usage,Azure,,
EA-9876543210,platform-prod-sub,platform-prod-sub,owner_0001@company.com,a1b2c3d4-0001-0001-0001-000000000001,platform-prod-sub,rg-platform-prod,eastus,2025-12-30,Virtual Machines Standard_D2s_v3 - eastus,Virtual Machines,Standard_D2s_v3 Series,bbc4f1e6-b32a-5f02-86f0-702bf6097b8b,D2s v3,24.0,1 Hour,4.034437,0.168,0.168102,0.168,OnDemand,USD,Microsoft.Compute,/subscriptions/a1b2c3d4-0001-0001-0001-000000000001/resourceGroups/rg-platform-prod/providers/Microsoft.Compute/virtualMachines/vm-standard-d2s-v3-01,vm-standard-d2s-v3-01,"{""team"": ""platform"", ""environment"": ""prod"", ""costcenter"": ""CC100"", ""application"": ""platform-core"", ""business_unit"": ""engineering"", ""owner_email"": ""platform-owner@company.com"", ""support_group"": ""platform-operations"", ""workload_criticality"": ""mission_critical"", ""sla_tier"": ""platinum""}","{""ServiceType"": ""Standard"", ""VMName"": ""vm-standard-d2s-v3-01"", ""vCPUs"": 2, ""cpuUtilPct"": 51.06, ""memoryUtilPct"": 59.23, ""diskUtilPct"": 50.9, ""idleHours"": 13, ""lastActivityAt"": ""2025-12-28T06:28:59Z""}",Compute,Usage,Azure,,
EA-9876543210,app-prod-sub,app-prod-sub,owner_0003@company.com,a1b2c3d4-0003-0003-0003-000000000003,app-prod-sub,rg-app-prod,eastus,2025-12-30,Virtual Machines Standard_D4s_v3 - eastus,Virtual Machines,Standard_D4s_v3 Series,6c8e1236-a3aa-53d7-8e09-dadb98f69027,D4s v3,24.0,1 Hour,8.03087,0.336,0.33462,0.336,OnDemand,USD,Microsoft.Compute,/subscriptions/a1b2c3d4-0003-0003-0003-000000000003/resourceGroups/rg-app-prod/providers/Microsoft.Compute/virtualMachines/vm-standard-d4s-v3-02,vm-standard-d4s-v3-02,"{""team"": ""backend"", ""environment"": ""prod"", ""costcenter"": ""CC400"", ""application"": ""core-api"", ""business_unit"": ""product"", ""owner_email"": ""backend-owner@company.com"", ""support_group"": ""api-operations"", ""workload_criticality"": ""high"", ""sla_tier"": ""gold""}","{""ServiceType"": ""Standard"", ""VMName"": ""vm-standard-d4s-v3-02"", ""vCPUs"": 4, ""cpuUtilPct"": 36.71, ""memoryUtilPct"": 34.99, ""diskUtilPct"": 28.67, ""idleHours"": 57, ""lastActivityAt"": ""2025-12-27T04:57:09Z""}",Compute,Usage,Azure,,
EA-9876543210,data-eng-prod-sub,data-eng-prod-sub,owner_0002@company.com,a1b2c3d4-0002-0002-0002-000000000002,data-eng-prod-sub,rg-data-prod,westeurope,2025-12-30,Virtual Machines Standard_E4s_v3 - westeurope,Virtual Machines,Standard_E4s_v3 Series,7373fa15-5d45-5d30-a83f-72064e156f94,E4s v3,24.0,1 Hour,5.956648,0.364,0.248194,0.364,Reservation,USD,Microsoft.Compute,/subscriptions/a1b2c3d4-0002-0002-0002-000000000002/resourceGroups/rg-data-prod/providers/Microsoft.Compute/virtualMachines/vm-standard-e4s-v3-03,vm-standard-e4s-v3-03,{},"{""ServiceType"": ""Standard"", ""VMName"": ""vm-standard-e4s-v3-03"", ""vCPUs"": 4, ""cpuUtilPct"": 27.18, ""memoryUtilPct"": 42.06, ""diskUtilPct"": 25.16, ""idleHours"": 13, ""lastActivityAt"": ""2025-12-27T01:17:25Z""}",Compute,Usage,Azure,/providers/Microsoft.BillingBenefits/savingsPlanOrders/d0ec1cfe-a336-498c-8ccb-6c8924e1871f,Reserved VM Instance_westeurope_1Year
EA-9876543210,data-eng-prod-sub,data-eng-prod-sub,owner_0002@company.com,a1b2c3d4-0002-0002-0002-000000000002,data-eng-prod-sub,rg-data-prod,westeurope,2025-12-30,Virtual Machines Standard_E8s_v3 - westeurope,Virtual Machines,Standard_E8s_v3 Series,2b9593f7-8692-56d9-b10a-a624f400da47,E8s v3,24.0,1 Hour,10.996942,0.728,0.458206,0.728,Reservation,USD,Microsoft.Compute,/subscriptions/a1b2c3d4-0002-0002-0002-000000000002/resourceGroups/rg-data-prod/providers/Microsoft.Compute/virtualMachines/vm-standard-e8s-v3-04,vm-standard-e8s-v3-04,"{""team"": ""data-eng"", ""environment"": ""prod"", ""costcenter"": ""CC200"", ""application"": ""data-platform"", ""business_unit"": ""data"", ""owner_email"": ""data-eng-owner@company.com"", ""support_group"": ""data-platform-ops"", ""workload_criticality"": ""high"", ""sla_tier"": ""gold""}","{""ServiceType"": ""Standard"", ""VMName"": ""vm-standard-e8s-v3-04"", ""vCPUs"": 8, ""cpuUtilPct"": 23.68, ""memoryUtilPct"": 38.26, ""diskUtilPct"": 32.2, ""idleHours"": 65, ""lastActivityAt"": ""2025-12-27T09:52:47Z""}",Compute,Usage,Azure,/providers/Microsoft.BillingBenefits/savingsPlanOrders/65983b24-f526-4025-ae9e-740b56a6d2fa,Reserved VM Instance_westeurope_1Year
EA-9876543210,data-eng-prod-sub,data-eng-prod-sub,owner_0002@company.com,a1b2c3d4-0002-0002-0002-000000000002,data-eng-prod-sub,rg-ml-prod,westeurope,2025-12-30,Virtual Machines Standard_F4s_v2 - westeurope,Virtual Machines,Standard_F4s_v2 Series,303bf71a-6d52-56d9-8e75-95552aa01c86,F4s v2,24.0,1 Hour,6.059696,0.252,0.252487,0.252,OnDemand,USD,Microsoft.Compute,/subscriptions/a1b2c3d4-0002-0002-0002-000000000002/resourceGroups/rg-ml-prod/providers/Microsoft.Compute/virtualMachines/vm-standard-f4s-v2-05,vm-standard-f4s-v2-05,"{""team"": ""ml"", ""environment"": ""prod"", ""costcenter"": ""CC500"", ""application"": ""ml-platform"", ""business_unit"": ""ai"", ""owner_email"": ""ml-owner@company.com"", ""support_group"": ""ml-platform-sre"", ""workload_criticality"": ""high"", ""sla_tier"": ""gold""}","{""ServiceType"": ""Standard"", ""VMName"": ""vm-standard-f4s-v2-05"", ""vCPUs"": 4, ""cpuUtilPct"": 41.34, ""memoryUtilPct"": 51.38, ""diskUtilPct"": 39.6, ""idleHours"": 28, ""lastActivityAt"": ""2025-12-26T01:59:24Z""}",Compute,Usage,Azure,,
EA-9876543210,data-eng-prod-sub,data-eng-prod-sub,owner_0002@company.com,a1b2c3d4-0002-0002-0002-000000000002,data-eng-prod-sub,rg-ml-prod,westeurope,2025-12-30,Virtual Machines Standard_D8s_v3 - westeurope,Virtual Machines,Standard_D8s_v3 Series,348575ff-7ae0-57e5-896e-037d67179117,D8s v3,24.0,1 Hour,8.970656,0.672,0.373777,0.672,Reservation,USD,Microsoft.Compute,/subscriptions/a1b2c3d4-0002-0002-0002-000000000002/resourceGroups/rg-ml-prod/providers/Microsoft.Compute/virtualMachines/vm-standard-d8s-v3-06,vm-standard-d8s-v3-06,"{""team"": ""ml"", ""environment"": ""prod"", ""costcenter"": ""CC500"", ""application"": ""ml-platform"", ""business_unit"": ""ai"", ""owner_email"": ""ml-owner@company.com"", ""support_group"": ""ml-platform-sre"", ""workload_criticality"": ""high"", ""sla_tier"": ""gold""}","{""ServiceType"": ""Standard"", ""VMName"": ""vm-standard-d8s-v3-06"", ""vCPUs"": 8, ""cpuUtilPct"": 38.31, ""memoryUtilPct"": 44.91, ""diskUtilPct"": 19.31, ""idleHours"": 30, ""lastActivityAt"": ""2025-12-26T18:05:50Z""}",Compute,Usage,Azure,/providers/Microsoft.BillingBenefits/savingsPlanOrders/b6ff04f9-ee76-4006-8d82-0b4826858e8b,Reserved VM Instance_westeurope_1Year
EA-9876543210,app-prod-sub,app-prod-sub,owner_0003@company.com,a1b2c3d4-0003-0003-0003-000000000003,app-prod-sub,rg-app-prod,southeastasia,2025-12-30,Virtual Machines Standard_B2s - southeastasia,Virtual Machines,Standard_B2s Series,78a50003-6630-5ba4-aad2-c10f0de71d3b,B2s,24.0,1 Hour,2.026256,0.084,0.084427,0.084,OnDemand,USD,Microsoft.Compute,/subscriptions/a1b2c3d4-0003-0003-0003-000000000003/resourceGroups/rg-app-prod/providers/Microsoft.Compute/virtualMachines/vm-standard-b2s-07,vm-standard-b2s-07,"{""team"": ""frontend"", ""environment"": ""prod"", ""costcenter"": ""CC300"", ""application"": ""customer-web"", ""business_unit"": ""product"", ""owner_email"": ""frontend-owner@company.com"", ""support_group"": ""customer-experience-support"", ""workload_criticality"": ""high"", ""sla_tier"": ""gold""}","{""ServiceType"": ""Standard"", ""VMName"": ""vm-standard-b2s-07"", ""vCPUs"": 2, ""cpuUtilPct"": 24.22, ""memoryUtilPct"": 35.4, ""diskUtilPct"": 38.03, ""idleHours"": 70, ""lastActivityAt"": ""2025-12-28T00:41:24Z""}",Compute,Usage,Azure,,
EA-9876543210,app-prod-sub,app-prod-sub,owner_0003@company.com,a1b2c3d4-0003-0003-0003-000000000003,app-prod-sub,rg-app-staging,southeastasia,2025-12-30,Virtual Machines Standard_B2s - southeastasia,Virtual Machines,Standard_B2s Series,78a50003-6630-5ba4-aad2-c10f0de71d3b,B2s,24.0,1 Hour,1.470757,0.084,0.061282,0.084,SavingsPlan,USD,Microsoft.Compute,/subscriptions/a1b2c3d4-0003-0003-0003-000000000003/resourceGroups/rg-app-staging/providers/Microsoft.Compute/virtualMachines/vm-standard-b2s-08,vm-standard-b2s-08,"{""team"": ""frontend"", ""environment"": ""staging"", ""costcenter"": ""CC300"", ""application"": ""customer-web"", ""business_unit"": ""product"", ""owner_email"": ""frontend-owner@company.com"", ""support_group"": ""customer-experience-support"", ""workload_criticality"": ""medium"", ""sla_tier"": ""silver""}","{""ServiceType"": ""Standard"", ""VMName"": ""vm-standard-b2s-08"", ""vCPUs"": 2, ""cpuUtilPct"": 18.2, ""memoryUtilPct"": 24.92, ""diskUtilPct"": 22.09, ""idleHours"": 200, ""lastActivityAt"": ""2025-12-24T06:46:28Z""}",Compute,Usage,Azure,/providers/Microsoft.BillingBenefits/savingsPlanOrders/1f89f7f4-b8b2-4835-bd09-3e65fec6cb49,Compute savings plan_1Year
EA-9876543210,app-prod-sub,app-prod-sub,owner_0003@company.com,a1b2c3d4-0003-0003-0003-000000000003,app-prod-sub,rg-app-staging,eastus,2025-12-30,Virtual Machines Standard_D2s_v3 - eastus,Virtual Machines,Standard_D2s_v3 Series,bbc4f1e6-b32a-5f02-86f0-702bf6097b8b,D2s v3,24.0,1 Hour,4.002702,0.168,0.166779,0.168,OnDemand,USD,Microsoft.Compute,/subscriptions/a1b2c3d4-0003-0003-0003-000000000003/resourceGroups/rg-app-staging/providers/Microsoft.Compute/virtualMachines/vm-standard-d2s-v3-09,vm-standard-d2s-v3-09,{},"{""ServiceType"": ""Standard"", ""VMName"": ""vm-standard-d2s-v3-09"", ""vCPUs"": 2, ""cpuUtilPct"": 8.55, ""memoryUtilPct"": 25.79, ""diskUtilPct"": 15.22, ""idleHours"": 207, ""lastActivityAt"": ""2025-12-21T16:38:03Z""}",Compute,Usage,Azure,,
EA-9876543210,platform-prod-sub,platform-prod-sub,owner_0001@company.com,a1b2c3d4-0001-0001-0001-000000000001,platform-prod-sub,rg-platform-dev,eastus,2025-12-30,Virtual Machines Standard_B2s - eastus,Virtual Machines,Standard_B2s Series,7190101e-d2ab-5a56-ad8e-83f7122f17e8,B2s,24.0,1 Hour,2.019793,0.084,0.084158,0.084,OnDemand,USD,Microsoft.Compute,/subscriptions/a1b2c3d4-0001-0001-0001-000000000001/resourceGroups/rg-platform-dev/providers/Microsoft.Compute/virtualMachines/vm-standard-b2s-10,vm-standard-b2s-10,{},"{""ServiceType"": ""Standard"", ""VMName"": ""vm-standard-b2s-10"", ""vCPUs"": 2, ""cpuUtilPct"": 0.92, ""memoryUtilPct"": 4.43, ""diskUtilPct"": 1.97, ""idleHours"": 678, ""lastActivityAt"": ""2025-11-18T10:20:42Z""}",Compute,Usage,Azure,,
EA-9876543210,app-prod-sub,app-prod-sub,owner_0003@company.com,a1b2c3d4-0003-0003-0003-000000000003,app-prod-sub,rg-app-dev,eastus,2025-12-30,Virtual Machines Standard_B2s - eastus,Virtual Machines,Standard_B2s Series,7190101e-d2ab-5a56-ad8e-83f7122f17e8,B2s,24.0,1 Hour,2.022622,0.084,0.084276,0.084,OnDemand,USD,Microsoft.Compute,/subscriptions/a1b2c3d4-0003-0003-0003-000000000003/resourceGroups/rg-app-dev/providers/Microsoft.Compute/virtualMachines/vm-standard-b2s-11,vm-standard-b2s-11,{},"{""ServiceType"": ""Standard"", ""VMName"": ""vm-standard-b2s-11"", ""vCPUs"": 2, ""cpuUtilPct"": 3.55, ""memoryUtilPct"": 7.24, ""diskUtilPct"": 6.98, ""idleHours"": 533, ""lastActivityAt"": ""2025-12-08T09:27:23Z""}",Compute,Usage,Azure,,
EA-9876543210,platform-prod-sub,platform-prod-sub,owner_0001@company.com,a1b2c3d4-0001-0001-0001-000000000001,platform-prod-sub,rg-platform-prod,eastus,2025-12-30,Blob Storage - LRS - Hot - eastus,Storage,Blobs - LRS - Hot,fb8faed0-f377-5fb0-92b7-78035153a7fa,Data Stored,850.2596,1 GB/Month,0.509447,0.018,0.018,0.018,OnDemand,USD,Microsoft.Storage,/subscriptions/a1b2c3d4-0001-0001-0001-000000000001/resourceGroups/rg-platform-prod/providers/Microsoft.Storage/storageAccounts/stplatformassets,stplatformassets,{},"{""AccountType"": ""LRS"", ""cpuUtilPct"": 0.0, ""memoryUtilPct"": 0.0, ""diskUtilPct"": 51.96, ""idleHours"": 0, ""lastActivityAt"": ""2025-12-27T12:07:13Z""}",Storage,Usage,Azure,,
EA-9876543210,data-eng-prod-sub,data-eng-prod-sub,owner_0002@company.com,a1b2c3d4-0002-0002-0002-000000000002,data-eng-prod-sub,rg-data-prod,westeurope,2025-12-30,Blob Storage - ZRS - Hot - westeurope,Storage,Blobs - ZRS - Hot,9dd9b051-b91d-533a-9f70-e4838eb241bb,Data Stored,3201.0036,1 GB/Month,2.454909,0.023,0.023,0.023,OnDemand,USD,Microsoft.Storage,/subscriptions/a1b2c3d4-0002-0002-0002-000000000002/resourceGroups/rg-data-prod/providers/Microsoft.Storage/storageAccounts/stdatalake,stdatalake,"{""team"": ""data-eng"", ""environment"": ""prod"", ""costcenter"": ""CC200"", ""application"": ""data-platform"", ""business_unit"": ""data"", ""owner_email"": ""data-eng-owner@company.com"", ""support_group"": ""data-platform-ops"", ""workload_criticality"": ""high"", ""sla_tier"": ""gold""}","{""AccountType"": ""ZRS"", ""cpuUtilPct"": 0.0, ""memoryUtilPct"": 0.0, ""diskUtilPct"": 39.43, ""idleHours"": 20, ""lastActivityAt"": ""2025-12-28T04:20:26Z""}",Storage,Usage,Azure,,
EA-9876543210,app-prod-sub,app-prod-sub,owner_0003@company.com,a1b2c3d4-0003-0003-0003-000000000003,app-prod-sub,rg-app-prod,southeastasia,2025-12-30,Blob Storage - LRS - Hot - southeastasia,Storage,Blobs - LRS - Hot,3ae72a36-b458-5b93-9e16-84484844594d,Data Stored,400.3173,1 GB/Month,0.239785,0.018,0.018,0.018,OnDemand,USD,Microsoft.Storage,/subscriptions/a1b2c3d4-0003-0003-0003-000000000003/resourceGroups/rg-app-prod/providers/Microsoft.Storage/storageAccounts/stappassets,stappassets,"{""team"": ""frontend"", ""environment"": ""prod"", ""costcenter"": ""CC300"", ""application"": ""customer-web"", ""business_unit"": ""product"", ""owner_email"": ""frontend-owner@company.com"", ""support_group"": ""customer-experience-support"", ""workload_criticality"": ""high"", ""sla_tier"": ""gold""}","{""AccountType"": ""LRS"", ""cpuUtilPct"": 0.0, ""memoryUtilPct"": 0.0, ""diskUtilPct"": 29.03, ""idleHours"": 18, ""lastActivityAt"": ""2025-12-27T22:37:38Z""}",Storage,Usage,Azure,,
EA-9876543210,data-eng-prod-sub,data-eng-prod-sub,owner_0002@company.com,a1b2c3d4-0002-0002-0002-000000000002,data-eng-prod-sub,rg-ml-prod,westeurope,2025-12-30,Blob Storage - LRS - Hot - westeurope,Storage,Blobs - LRS - Hot,4ba045d2-b571-568f-be23-884194c5daba,Data Stored,1100.0608,1 GB/Month,0.660139,0.018,0.018,0.018,OnDemand,USD,Microsoft.Storage,/subscriptions/a1b2c3d4-0002-0002-0002-000000000002/resourceGroups/rg-ml-prod/providers/Microsoft.Storage/storageAccounts/stmlmodels,stmlmodels,"{""team"": ""ml"", ""environment"": ""prod"", ""costcenter"": ""CC500"", ""application"": ""ml-platform"", ""business_unit"": ""ai"", ""owner_email"": ""ml-owner@company.com"", ""support_group"": ""ml-platform-sre"", ""workload_criticality"": ""high"", ""sla_tier"": ""gold""}","{""AccountType"": ""LRS"", ""cpuUtilPct"": 0.0, ""memoryUtilPct"": 0.0, ""diskUtilPct"": 30.83, ""idleHours"": 18, ""lastActivityAt"": ""2025-12-29T00:20:36Z""}",Storage,Usage,Azure,,
EA-9876543210,platform-prod-sub,platform-prod-sub,owner_0001@company.com,a1b2c3d4-0001-0001-0001-000000000001,platform-prod-sub,rg-platform-prod,eastus,2025-12-30,Azure SQL Database Standard_S2 - eastus,SQL Database,Standard_S2,cd1e0b9a-8ff0-5779-9281-87ab698e2916,vCore Hours,24.0,1 Hour,7.458287,0.31,0.31,0.31,OnDemand,USD,Microsoft.Sql,/subscriptions/a1b2c3d4-0001-0001-0001-000000000001/resourceGroups/rg-platform-prod/providers/Microsoft.Sql/servers/databases/sqldb-standard-0001,sqldb-standard-0001,{},"{""cpuUtilPct"": 49.98, ""memoryUtilPct"": 43.71, ""diskUtilPct"": 47.55, ""idleHours"": 13, ""lastActivityAt"": ""2025-12-28T19:03:48Z""}",Databases,Usage,Azure,,
EA-9876543210,data-eng-prod-sub,data-eng-prod-sub,owner_0002@company.com,a1b2c3d4-0002-0002-0002-000000000002,data-eng-prod-sub,rg-data-prod,westeurope,2025-12-30,Azure SQL Database Business Critical_BC_Gen5_4 - westeurope,SQL Database,Business Critical_BC_Gen5_4,4bab5ab0-7291-58c2-8564-3252f5053179,vCore Hours,24.0,1 Hour,52.783243,2.2,2.2,2.2,OnDemand,USD,Microsoft.Sql,/subscriptions/a1b2c3d4-0002-0002-0002-000000000002/resourceGroups/rg-data-prod/providers/Microsoft.Sql/servers/databases/sqldb-business critical-0002,sqldb-business critical-0002,"{""team"": ""data-eng"", ""environment"": ""prod"", ""costcenter"": ""CC200"", ""application"": ""data-platform"", ""business_unit"": ""data"", ""owner_email"": ""data-eng-owner@company.com"", ""support_group"": ""data-platform-ops"", ""workload_criticality"": ""high"", ""sla_tier"": ""gold""}","{""cpuUtilPct"": 31.84, ""memoryUtilPct"": 38.32, ""diskUtilPct"": 39.22, ""idleHours"": 65, ""lastActivityAt"": ""2025-12-26T06:15:09Z""}",Databases,Usage,Azure,,
EA-9876543210,app-prod-sub,app-prod-sub,owner_0003@company.com,a1b2c3d4-0003-0003-0003-000000000003,app-prod-sub,rg-app-prod,eastus,2025-12-30,Azure SQL Database General Purpose_GP_Gen5_2 - eastus,SQL Database,General Purpose_GP_Gen5_2,69e0198c-4ca3-5ac2-8540-db65f6d44c56,vCore Hours,24.0,1 Hour,14.491933,0.6,0.6,0.6,OnDemand,USD,Microsoft.Sql,/subscriptions/a1b2c3d4-0003-0003-0003-000000000003/resourceGroups/rg-app-prod/providers/Microsoft.Sql/servers/databases/sqldb-general purpose-0003,sqldb-general purpose-0003,"{""team"": ""backend"", ""environment"": ""prod"", ""costcenter"": ""CC400"", ""application"": ""core-api"", ""business_unit"": ""product"", ""owner_email"": ""backend-owner@company.com"", ""support_group"": ""api-operations"", ""workload_criticality"": ""high"", ""sla_tier"": ""gold""}","{""cpuUtilPct"": 41.53, ""memoryUtilPct"": 47.16, ""diskUtilPct"": 21.95, ""idleHours"": 17, ""lastActivityAt"": ""2025-12-25T13:26:22Z""}",Databases,Usage,Azure,,
EA-9876543210,shared-infra-sub,shared-infra-sub,owner_infra@company.com,a1b2c3d4-9999-9999-9999-000000000099,shared-infra-sub,rg-shared-infra,eastus,2025-12-30,Azure Monitor,Monitor,Data Ingested,aadff281-e00d-588e-bd69-a4630325bd50,Data Ingested,1000.0,1 Unit,45.244394,0.045,0.045,0.045,OnDemand,USD,Microsoft.SharedInfra,/subscriptions/a1b2c3d4-9999-9999-9999-000000000099/resourceGroups/rg-shared-infra/providers/Microsoft.SharedInfra/Monitor/monitor,monitor,{},"{""cpuUtilPct"": 1.96, ""memoryUtilPct"": 9.82, ""diskUtilPct"": 5.86, ""idleHours"": 639, ""lastActivityAt"": ""2025-12-15T09:52:18Z""}",Management,Usage,Azure,,
EA-9876543210,shared-infra-sub,shared-infra-sub,owner_infra@company.com,a1b2c3d4-9999-9999-9999-000000000099,shared-infra-sub,rg-shared-infra,eastus,2025-12-30,Virtual Network,Networking,Intra-Region,cc2ca1a8-2d13-5873-b301-4b8ed16ed2c0,Intra-Region,622.22,1 Unit,28.244056,0.045,0.045,0.045,OnDemand,USD,Microsoft.SharedInfra,/subscriptions/a1b2c3d4-9999-9999-9999-000000000099/resourceGroups/rg-shared-infra/providers/Microsoft.SharedInfra/Networking/networking,networking,{},"{""cpuUtilPct"": 2.44, ""memoryUtilPct"": 3.48, ""diskUtilPct"": 2.47, ""idleHours"": 356, ""lastActivityAt"": ""2025-11-16T12:18:04Z""}",Networking,Usage,Azure,,
EA-9876543210,shared-infra-sub,shared-infra-sub,owner_infra@company.com,a1b2c3d4-9999-9999-9999-000000000099,shared-infra-sub,rg-shared-infra,eastus,2025-12-30,API Management,API Management,Gateway Units,78998862-331b-5215-a4b4-8d4500189f89,Gateway Units,2666.67,1 Unit,120.177515,0.045,0.045,0.045,OnDemand,USD,Microsoft.SharedInfra,/subscriptions/a1b2c3d4-9999-9999-9999-000000000099/resourceGroups/rg-shared-infra/providers/Microsoft.SharedInfra/API Management/api-management,api-management,{},"{""cpuUtilPct"": 2.5, ""memoryUtilPct"": 3.91, ""diskUtilPct"": 7.73, ""idleHours"": 581, ""lastActivityAt"": ""2025-11-28T00:04:48Z""}",Integration,Usage,Azure,,
EA-9876543210,shared-infra-sub,shared-infra-sub,owner_infra@company.com,a1b2c3d4-9999-9999-9999-000000000099,shared-infra-sub,rg-shared-infra,eastus,2025-12-30,Azure Key Vault,Key Vault,Operations,3cb0172e-6732-5350-b439-97753364a78c,Operations,177.78,1 Unit,7.944762,0.045,0.045,0.045,OnDemand,USD,Microsoft.SharedInfra,/subscriptions/a1b2c3d4-9999-9999-9999-000000000099/resourceGroups/rg-shared-infra/providers/Microsoft.SharedInfra/Key Vault/key-vault,key-vault,{},"{""cpuUtilPct"": 3.75, ""memoryUtilPct"": 2.73, ""diskUtilPct"": 5.26, ""idleHours"": 556, ""lastActivityAt"": ""2025-12-05T01:20:42Z""}",Security,Usage,Azure,,
EA-9876543210,shared-infra-sub,shared-infra-sub,owner_infra@company.com,a1b2c3d4-9999-9999-9999-000000000099,shared-infra-sub,rg-shared-infra,eastus,2025-12-30,Azure Blob Storage,Storage,Data Stored,2e8ee991-b3b7-5136-98e5-4772405cdb0c,Data Stored,400.0,1 Unit,17.901058,0.045,0.045,0.045,OnDemand,USD,Microsoft.SharedInfra,/subscriptions/a1b2c3d4-9999-9999-9999-000000000099/resourceGroups/rg-shared-infra/providers/Microsoft.SharedInfra/Storage/storage,storage,{},"{""cpuUtilPct"": 3.24, ""memoryUtilPct"": 8.48, ""diskUtilPct"": 4.34, ""idleHours"": 400, ""lastActivityAt"": ""2025-11-28T03:18:33Z""}",Storage,Usage,Azure,,
EA-9876543210,platform-prod-sub,platform-prod-sub,owner_0001@company.com,a1b2c3d4-0001-0001-0001-000000000001,platform-prod-sub,rg-platform-prod,eastus,2025-12-31,Virtual Machines Standard_D2s_v3 - eastus,Virtual Machines,Standard_D2s_v3 Series,bbc4f1e6-b32a-5f02-86f0-702bf6097b8b,D2s v3,24.0,1 Hour,4.013846,0.168,0.167244,0.168,OnDemand,USD,Microsoft.Compute,/subscriptions/a1b2c3d4-0001-0001-0001-000000000001/resourceGroups/rg-platform-prod/providers/Microsoft.Compute/virtualMachines/vm-standard-d2s-v3-00,vm-standard-d2s-v3-00,"{""team"": ""platform"", ""environment"": ""prod"", ""costcenter"": ""CC100"", ""application"": ""platform-core"", ""business_unit"": ""engineering"", ""owner_email"": ""platform-owner@company.com"", ""support_group"": ""platform-operations"", ""workload_criticality"": ""mission_critical"", ""sla_tier"": ""platinum""}","{""ServiceType"": ""Standard"", ""VMName"": ""vm-standard-d2s-v3-00"", ""vCPUs"": 2, ""cpuUtilPct"": 42.61, ""memoryUtilPct"": 38.5, ""diskUtilPct"": 32.23, ""idleHours"": 20, ""lastActivityAt"": ""2025-12-28T20:09:48Z""}",Compute,Usage,Azure,,
EA-9876543210,platform-prod-sub,platform-prod-sub,owner_0001@company.com,a1b2c3d4-0001-0001-0001-000000000001,platform-prod-sub,rg-platform-prod,eastus,2025-12-31,Virtual Machines Standard_D2s_v3 - eastus,Virtual Machines,Standard_D2s_v3 Series,bbc4f1e6-b32a-5f02-86f0-702bf6097b8b,D2s v3,24.0,1 Hour,4.004868,0.168,0.16687,0.168,OnDemand,USD,Microsoft.Compute,/subscriptions/a1b2c3d4-0001-0001-0001-000000000001/resourceGroups/rg-platform-prod/providers/Microsoft.Compute/virtualMachines/vm-standard-d2s-v3-01,vm-standard-d2s-v3-01,"{""team"": ""platform"", ""environment"": ""prod"", ""costcenter"": ""CC100"", ""application"": ""platform-core"", ""business_unit"": ""engineering"", ""owner_email"": ""platform-owner@company.com"", ""support_group"": ""platform-operations"", ""workload_criticality"": ""mission_critical"", ""sla_tier"": ""platinum""}","{""ServiceType"": ""Standard"", ""VMName"": ""vm-standard-d2s-v3-01"", ""vCPUs"": 2, ""cpuUtilPct"": 49.06, ""memoryUtilPct"": 47.27, ""diskUtilPct"": 28.24, ""idleHours"": 7, ""lastActivityAt"": ""2025-12-29T06:12:52Z""}",Compute,Usage,Azure,,
EA-9876543210,app-prod-sub,app-prod-sub,owner_0003@company.com,a1b2c3d4-0003-0003-0003-000000000003,app-prod-sub,rg-app-prod,eastus,2025-12-31,Virtual Machines Standard_D4s_v3 - eastus,Virtual Machines,Standard_D4s_v3 Series,6c8e1236-a3aa-53d7-8e09-dadb98f69027,D4s v3,24.0,1 Hour,8.010812,0.336,0.333784,0.336,OnDemand,USD,Microsoft.Compute,/subscriptions/a1b2c3d4-0003-0003-0003-000000000003/resourceGroups/rg-app-prod/providers/Microsoft.Compute/virtualMachines/vm-standard-d4s-v3-02,vm-standard-d4s-v3-02,"{""team"": ""backend"", ""environment"": ""prod"", ""costcenter"": ""CC400"", ""application"": ""core-api"", ""business_unit"": ""product"", ""owner_email"": ""backend-owner@company.com"", ""support_group"": ""api-operations"", ""workload_criticality"": ""high"", ""sla_tier"": ""gold""}","{""ServiceType"": ""Standard"", ""VMName"": ""vm-standard-d4s-v3-02"", ""vCPUs"": 4, ""cpuUtilPct"": 29.14, ""memoryUtilPct"": 37.2, ""diskUtilPct"": 30.66, ""idleHours"": 54, ""lastActivityAt"": ""2025-12-27T13:10:35Z""}",Compute,Usage,Azure,,
EA-9876543210,data-eng-prod-sub,data-eng-prod-sub,owner_0002@company.com,a1b2c3d4-0002-0002-0002-000000000002,data-eng-prod-sub,rg-data-prod,westeurope,2025-12-31,Virtual Machines Standard_E4s_v3 - westeurope,Virtual Machines,Standard_E4s_v3 Series,7373fa15-5d45-5d30-a83f-72064e156f94,E4s v3,24.0,1 Hour,5.315432,0.364,0.221476,0.364,Reservation,USD,Microsoft.Compute,/subscriptions/a1b2c3d4-0002-0002-0002-000000000002/resourceGroups/rg-data-prod/providers/Microsoft.Compute/virtualMachines/vm-standard-e4s-v3-03,vm-standard-e4s-v3-03,{},"{""ServiceType"": ""Standard"", ""VMName"": ""vm-standard-e4s-v3-03"", ""vCPUs"": 4, ""cpuUtilPct"": 27.88, ""memoryUtilPct"": 51.39, ""diskUtilPct"": 20.99, ""idleHours"": 13, ""lastActivityAt"": ""2025-12-27T10:10:28Z""}",Compute,Usage,Azure,/providers/Microsoft.BillingBenefits/savingsPlanOrders/37c9c12b-e2ce-4d80-ac1d-f1c9abb864ce,Reserved VM Instance_westeurope_1Year
EA-9876543210,data-eng-prod-sub,data-eng-prod-sub,owner_0002@company.com,a1b2c3d4-0002-0002-0002-000000000002,data-eng-prod-sub,rg-data-prod,westeurope,2025-12-31,Virtual Machines Standard_E8s_v3 - westeurope,Virtual Machines,Standard_E8s_v3 Series,2b9593f7-8692-56d9-b10a-a624f400da47,E8s v3,24.0,1 Hour,10.937891,0.728,0.455745,0.728,Reservation,USD,Microsoft.Compute,/subscriptions/a1b2c3d4-0002-0002-0002-000000000002/resourceGroups/rg-data-prod/providers/Microsoft.Compute/virtualMachines/vm-standard-e8s-v3-04,vm-standard-e8s-v3-04,"{""team"": ""data-eng"", ""environment"": ""prod"", ""costcenter"": ""CC200"", ""application"": ""data-platform"", ""business_unit"": ""data"", ""owner_email"": ""data-eng-owner@company.com"", ""support_group"": ""data-platform-ops"", ""workload_criticality"": ""high"", ""sla_tier"": ""gold""}","{""ServiceType"": ""Standard"", ""VMName"": ""vm-standard-e8s-v3-04"", ""vCPUs"": 8, ""cpuUtilPct"": 41.09, ""memoryUtilPct"": 36.5, ""diskUtilPct"": 40.93, ""idleHours"": 29, ""lastActivityAt"": ""2025-12-27T14:34:32Z""}",Compute,Usage,Azure,/providers/Microsoft.BillingBenefits/savingsPlanOrders/cb869f31-c0cf-46a7-b38d-d1b36e1129f3,Reserved VM Instance_westeurope_1Year
EA-9876543210,data-eng-prod-sub,data-eng-prod-sub,owner_0002@company.com,a1b2c3d4-0002-0002-0002-000000000002,data-eng-prod-sub,rg-ml-prod,westeurope,2025-12-31,Virtual Machines Standard_F4s_v2 - westeurope,Virtual Machines,Standard_F4s_v2 Series,303bf71a-6d52-56d9-8e75-95552aa01c86,F4s v2,24.0,1 Hour,6.09722,0.252,0.254051,0.252,OnDemand,USD,Microsoft.Compute,/subscriptions/a1b2c3d4-0002-0002-0002-000000000002/resourceGroups/rg-ml-prod/providers/Microsoft.Compute/virtualMachines/vm-standard-f4s-v2-05,vm-standard-f4s-v2-05,"{""team"": ""ml"", ""environment"": ""prod"", ""costcenter"": ""CC500"", ""application"": ""ml-platform"", ""business_unit"": ""ai"", ""owner_email"": ""ml-owner@company.com"", ""support_group"": ""ml-platform-sre"", ""workload_criticality"": ""high"", ""sla_tier"": ""gold""}","{""ServiceType"": ""Standard"", ""VMName"": ""vm-standard-f4s-v2-05"", ""vCPUs"": 4, ""cpuUtilPct"": 39.76, ""memoryUtilPct"": 46.31, ""diskUtilPct"": 19.57, ""idleHours"": 54, ""lastActivityAt"": ""2025-12-27T15:40:08Z""}",Compute,Usage,Azure,,
EA-9876543210,data-eng-prod-sub,data-eng-prod-sub,owner_0002@company.com,a1b2c3d4-0002-0002-0002-000000000002,data-eng-prod-sub,rg-ml-prod,westeurope,2025-12-31,Virtual Machines Standard_D8s_v3 - westeurope,Virtual Machines,Standard_D8s_v3 Series,348575ff-7ae0-57e5-896e-037d67179117,D8s v3,24.0,1 Hour,10.238127,0.672,0.426589,0.672,Reservation,USD,Microsoft.Compute,/subscriptions/a1b2c3d4-0002-0002-0002-000000000002/resourceGroups/rg-ml-prod/providers/Microsoft.Compute/virtualMachines/vm-standard-d8s-v3-06,vm-standard-d8s-v3-06,"{""team"": ""ml"", ""environment"": ""prod"", ""costcenter"": ""CC500"", ""application"": ""ml-platform"", ""business_unit"": ""ai"", ""owner_email"": ""ml-owner@company.com"", ""support_group"": ""ml-platform-sre"", ""workload_criticality"": ""high"", ""sla_tier"": ""gold""}","{""ServiceType"": ""Standard"", ""VMName"": ""vm-standard-d8s-v3-06"", ""vCPUs"": 8, ""cpuUtilPct"": 32.49, ""memoryUtilPct"": 44.77, ""diskUtilPct"": 18.85, ""idleHours"": 14, ""lastActivityAt"": ""2025-12-27T00:29:48Z""}",Compute,Usage,Azure,/providers/Microsoft.BillingBenefits/savingsPlanOrders/2fcaf8bf-8e98-4b93-8aea-c0400218a2a2,Reserved VM Instance_westeurope_1Year
EA-9876543210,app-prod-sub,app-prod-sub,owner_0003@company.com,a1b2c3d4-0003-0003-0003-000000000003,app-prod-sub,rg-app-prod,southeastasia,2025-12-31,Virtual Machines Standard_B2s - southeastasia,Virtual Machines,Standard_B2s Series,78a50003-6630-5ba4-aad2-c10f0de71d3b,B2s,24.0,1 Hour,2.031985,0.084,0.084666,0.084,OnDemand,USD,Microsoft.Compute,/subscriptions/a1b2c3d4-0003-0003-0003-000000000003/resourceGroups/rg-app-prod/providers/Microsoft.Compute/virtualMachines/vm-standard-b2s-07,vm-standard-b2s-07,"{""team"": ""frontend"", ""environment"": ""prod"", ""costcenter"": ""CC300"", ""application"": ""customer-web"", ""business_unit"": ""product"", ""owner_email"": ""frontend-owner@company.com"", ""support_group"": ""customer-experience-support"", ""workload_criticality"": ""high"", ""sla_tier"": ""gold""}","{""ServiceType"": ""Standard"", ""VMName"": ""vm-standard-b2s-07"", ""vCPUs"": 2, ""cpuUtilPct"": 38.3, ""memoryUtilPct"": 40.45, ""diskUtilPct"": 18.51, ""idleHours"": 35, ""lastActivityAt"": ""2025-12-27T15:10:22Z""}",Compute,Usage,Azure,,
EA-9876543210,app-prod-sub,app-prod-sub,owner_0003@company.com,a1b2c3d4-0003-0003-0003-000000000003,app-prod-sub,rg-app-staging,southeastasia,2025-12-31,Virtual Machines Standard_B2s - southeastasia,Virtual Machines,Standard_B2s Series,78a50003-6630-5ba4-aad2-c10f0de71d3b,B2s,24.0,1 Hour,1.575732,0.084,0.065655,0.084,SavingsPlan,USD,Microsoft.Compute,/subscriptions/a1b2c3d4-0003-0003-0003-000000000003/resourceGroups/rg-app-staging/providers/Microsoft.Compute/virtualMachines/vm-standard-b2s-08,vm-standard-b2s-08,"{""team"": ""frontend"", ""environment"": ""staging"", ""costcenter"": ""CC300"", ""application"": ""customer-web"", ""business_unit"": ""product"", ""owner_email"": ""frontend-owner@company.com"", ""support_group"": ""customer-experience-support"", ""workload_criticality"": ""medium"", ""sla_tier"": ""silver""}","{""ServiceType"": ""Standard"", ""VMName"": ""vm-standard-b2s-08"", ""vCPUs"": 2, ""cpuUtilPct"": 14.31, ""memoryUtilPct"": 23.83, ""diskUtilPct"": 19.26, ""idleHours"": 177, ""lastActivityAt"": ""2025-12-20T12:49:46Z""}",Compute,Usage,Azure,/providers/Microsoft.BillingBenefits/savingsPlanOrders/4afcb383-0fb3-4fa7-a076-4285341dc729,Compute savings plan_1Year
EA-9876543210,app-prod-sub,app-prod-sub,owner_0003@company.com,a1b2c3d4-0003-0003-0003-000000000003,app-prod-sub,rg-app-staging,southeastasia,2025-12-31,Unused Reservation - vm-standard-b2s-08,Virtual Machines,Unused Capacity,c1a9e4c4-9b33-527d-a309-cf8ab027058e,Unused,0.0,1 Hour,0.321981,0.0,0.0,0.084,SavingsPlan,USD,Microsoft.Compute,,vm-standard-b2s-08,"{""team"": ""frontend"", ""environment"": ""staging"", ""costcenter"": ""CC300"", ""application"": ""customer-web"", ""business_unit"": ""product"", ""owner_email"": ""frontend-owner@company.com"", ""support_group"": ""customer-experience-support"", ""workload_criticality"": ""medium"", ""sla_tier"": ""silver""}","{""cpuUtilPct"": 14.31, ""memoryUtilPct"": 23.83, ""diskUtilPct"": 19.26, ""idleHours"": 177, ""lastActivityAt"": ""2025-12-20T12:49:46Z""}",Compute,UnusedSavingsPlan,Azure,/providers/Microsoft.BillingBenefits/savingsPlanOrders/7dad7b00-df3e-46ff-ad86-d2d659239e2b,Compute savings plan_1Year
EA-9876543210,app-prod-sub,app-prod-sub,owner_0003@company.com,a1b2c3d4-0003-0003-0003-000000000003,app-prod-sub,rg-app-staging,eastus,2025-12-31,Virtual Machines Standard_D2s_v3 - eastus,Virtual Machines,Standard_D2s_v3 Series,bbc4f1e6-b32a-5f02-86f0-702bf6097b8b,D2s v3,24.0,1 Hour,4.043094,0.168,0.168462,0.168,OnDemand,USD,Microsoft.Compute,/subscriptions/a1b2c3d4-0003-0003-0003-000000000003/resourceGroups/rg-app-staging/providers/Microsoft.Compute/virtualMachines/vm-standard-d2s-v3-09,vm-standard-d2s-v3-09,"{""team"": ""backend"", ""environment"": ""staging"", ""costcenter"": ""CC400"", ""application"": ""core-api"", ""business_unit"": ""product"", ""owner_email"": ""backend-owner@company.com"", ""support_group"": ""api-operations"", ""workload_criticality"": ""medium"", ""sla_tier"": ""silver""}","{""ServiceType"": ""Standard"", ""VMName"": ""vm-standard-d2s-v3-09"", ""vCPUs"": 2, ""cpuUtilPct"": 11.04, ""memoryUtilPct"": 24.83, ""diskUtilPct"": 16.22, ""idleHours"": 91, ""lastActivityAt"": ""2025-12-18T14:31:26Z""}",Compute,Usage,Azure,,
EA-9876543210,platform-prod-sub,platform-prod-sub,owner_0001@company.com,a1b2c3d4-0001-0001-0001-000000000001,platform-prod-sub,rg-platform-dev,eastus,2025-12-31,Virtual Machines Standard_B2s - eastus,Virtual Machines,Standard_B2s Series,7190101e-d2ab-5a56-ad8e-83f7122f17e8,B2s,24.0,1 Hour,2.004479,0.084,0.08352,0.084,OnDemand,USD,Microsoft.Compute,/subscriptions/a1b2c3d4-0001-0001-0001-000000000001/resourceGroups/rg-platform-dev/providers/Microsoft.Compute/virtualMachines/vm-standard-b2s-10,vm-standard-b2s-10,"{""team"": ""platform"", ""environment"": ""dev"", ""costcenter"": ""CC100"", ""application"": ""platform-core"", ""business_unit"": ""engineering"", ""owner_email"": ""platform-owner@company.com"", ""support_group"": ""platform-operations"", ""workload_criticality"": ""low"", ""sla_tier"": ""bronze""}","{""ServiceType"": ""Standard"", ""VMName"": ""vm-standard-b2s-10"", ""vCPUs"": 2, ""cpuUtilPct"": 3.0, ""memoryUtilPct"": 9.49, ""diskUtilPct"": 4.63, ""idleHours"": 594, ""lastActivityAt"": ""2025-12-10T18:01:36Z""}",Compute,Usage,Azure,,
EA-9876543210,app-prod-sub,app-prod-sub,owner_0003@company.com,a1b2c3d4-0003-0003-0003-000000000003,app-prod-sub,rg-app-dev,eastus,2025-12-31,Virtual Machines Standard_B2s - eastus,Virtual Machines,Standard_B2s Series,7190101e-d2ab-5a56-ad8e-83f7122f17e8,B2s,24.0,1 Hour,2.017596,0.084,0.084067,0.084,OnDemand,USD,Microsoft.Compute,/subscriptions/a1b2c3d4-0003-0003-0003-000000000003/resourceGroups/rg-app-dev/providers/Microsoft.Compute/virtualMachines/vm-standard-b2s-11,vm-standard-b2s-11,{},"{""ServiceType"": ""Standard"", ""VMName"": ""vm-standard-b2s-11"", ""vCPUs"": 2, ""cpuUtilPct"": 4.37, ""memoryUtilPct"": 6.3, ""diskUtilPct"": 1.75, ""idleHours"": 548, ""lastActivityAt"": ""2025-11-25T14:02:52Z""}",Compute,Usage,Azure,,
EA-9876543210,platform-prod-sub,platform-prod-sub,owner_0001@company.com,a1b2c3d4-0001-0001-0001-000000000001,platform-prod-sub,rg-platform-prod,eastus,2025-12-31,Blob Storage - LRS - Hot - eastus,Storage,Blobs - LRS - Hot,fb8faed0-f377-5fb0-92b7-78035153a7fa,Data Stored,850.7635,1 GB/Month,0.510226,0.018,0.018,0.018,OnDemand,USD,Microsoft.Storage,/subscriptions/a1b2c3d4-0001-0001-0001-000000000001/resourceGroups/rg-platform-prod/providers/Microsoft.Storage/storageAccounts/stplatformassets,stplatformassets,"{""team"": ""platform"", ""environment"": ""prod"", ""costcenter"": ""CC100"", ""application"": ""platform-core"", ""business_unit"": ""engineering"", ""owner_email"": ""platform-owner@company.com"", ""support_group"": ""platform-operations"", ""workload_criticality"": ""mission_critical"", ""sla_tier"": ""platinum""}","{""AccountType"": ""LRS"", ""cpuUtilPct"": 0.0, ""memoryUtilPct"": 0.0, ""diskUtilPct"": 38.34, ""idleHours"": 7, ""lastActivityAt"": ""2025-12-28T23:31:49Z""}",Storage,Usage,Azure,,
EA-9876543210,data-eng-prod-sub,data-eng-prod-sub,owner_0002@company.com,a1b2c3d4-0002-0002-0002-000000000002,data-eng-prod-sub,rg-data-prod,westeurope,2025-12-31,Blob Storage - ZRS - Hot - westeurope,Storage,Blobs - ZRS - Hot,9dd9b051-b91d-533a-9f70-e4838eb241bb,Data Stored,3197.5548,1 GB/Month,2.451171,0.023,0.023,0.023,OnDemand,USD,Microsoft.Storage,/subscriptions/a1b2c3d4-0002-0002-0002-000000000002/resourceGroups/rg-data-prod/providers/Microsoft.Storage/storageAccounts/stdatalake,stdatalake,"{""team"": ""data-eng"", ""environment"": ""prod"", ""costcenter"": ""CC200"", ""application"": ""data-platform"", ""business_unit"": ""data"", ""owner_email"": ""data-eng-owner@company.com"", ""support_group"": ""data-platform-ops"", ""workload_criticality"": ""high"", ""sla_tier"": ""gold""}","{""AccountType"": ""ZRS"", ""cpuUtilPct"": 0.0, ""memoryUtilPct"": 0.0, ""diskUtilPct"": 52.46, ""idleHours"": 18, ""lastActivityAt"": ""2025-12-30T12:59:47Z""}",Storage,Usage,Azure,,
EA-9876543210,app-prod-sub,app-prod-sub,owner_0003@company.com,a1b2c3d4-0003-0003-0003-000000000003,app-prod-sub,rg-app-prod,southeastasia,2025-12-31,Blob Storage - LRS - Hot - southeastasia,Storage,Blobs - LRS - Hot,3ae72a36-b458-5b93-9e16-84484844594d,Data Stored,399.7246,1 GB/Month,0.23946,0.018,0.018,0.018,OnDemand,USD,Microsoft.Storage,/subscriptions/a1b2c3d4-0003-0003-0003-000000000003/resourceGroups/rg-app-prod/providers/Microsoft.Storage/storageAccounts/stappassets,stappassets,"{""team"": ""frontend"", ""environment"": ""prod"", ""costcenter"": ""CC300"", ""application"": ""customer-web"", ""business_unit"": ""product"", ""owner_email"": ""frontend-owner@company.com"", ""support_group"": ""customer-experience-support"", ""workload_criticality"": ""high"", ""sla_tier"": ""gold""}","{""AccountType"": ""LRS"", ""cpuUtilPct"": 0.0, ""memoryUtilPct"": 0.0, ""diskUtilPct"": 51.22, ""idleHours"": 11, ""lastActivityAt"": ""2025-12-28T21:52:23Z""}",Storage,Usage,Azure,,
EA-9876543210,data-eng-prod-sub,data-eng-prod-sub,owner_0002@company.com,a1b2c3d4-0002-0002-0002-000000000002,data-eng-prod-sub,rg-ml-prod,westeurope,2025-12-31,Blob Storage - LRS - Hot - westeurope,Storage,Blobs - LRS - Hot,4ba045d2-b571-568f-be23-884194c5daba,Data Stored,1099.2465,1 GB/Month,0.66176,0.018,0.018,0.018,OnDemand,USD,Microsoft.Storage,/subscriptions/a1b2c3d4-0002-0002-0002-000000000002/resourceGroups/rg-ml-prod/providers/Microsoft.Storage/storageAccounts/stmlmodels,stmlmodels,"{""team"": ""ml"", ""environment"": ""prod"", ""costcenter"": ""CC500"", ""application"": ""ml-platform"", ""business_unit"": ""ai"", ""owner_email"": ""ml-owner@company.com"", ""support_group"": ""ml-platform-sre"", ""workload_criticality"": ""high"", ""sla_tier"": ""gold""}","{""AccountType"": ""LRS"", ""cpuUtilPct"": 0.0, ""memoryUtilPct"": 0.0, ""diskUtilPct"": 39.91, ""idleHours"": 22, ""lastActivityAt"": ""2025-12-28T19:18:34Z""}",Storage,Usage,Azure,,
EA-9876543210,platform-prod-sub,platform-prod-sub,owner_0001@company.com,a1b2c3d4-0001-0001-0001-000000000001,platform-prod-sub,rg-platform-prod,eastus,2025-12-31,Azure SQL Database Standard_S2 - eastus,SQL Database,Standard_S2,cd1e0b9a-8ff0-5779-9281-87ab698e2916,vCore Hours,24.0,1 Hour,7.4219,0.31,0.31,0.31,OnDemand,USD,Microsoft.Sql,/subscriptions/a1b2c3d4-0001-0001-0001-000000000001/resourceGroups/rg-platform-prod/providers/Microsoft.Sql/servers/databases/sqldb-standard-0001,sqldb-standard-0001,"{""team"": ""platform"", ""environment"": ""prod"", ""costcenter"": ""CC100"", ""application"": ""platform-core"", ""business_unit"": ""engineering"", ""owner_email"": ""platform-owner@company.com"", ""support_group"": ""platform-operations"", ""workload_criticality"": ""mission_critical"", ""sla_tier"": ""platinum""}","{""cpuUtilPct"": 44.55, ""memoryUtilPct"": 60.39, ""diskUtilPct"": 44.07, ""idleHours"": 14, ""lastActivityAt"": ""2025-12-30T03:45:56Z""}",Databases,Usage,Azure,,
EA-9876543210,data-eng-prod-sub,data-eng-prod-sub,owner_0002@company.com,a1b2c3d4-0002-0002-0002-000000000002,data-eng-prod-sub,rg-data-prod,westeurope,2025-12-31,Azure SQL Database Business Critical_BC_Gen5_4 - westeurope,SQL Database,Business Critical_BC_Gen5_4,4bab5ab0-7291-58c2-8564-3252f5053179,vCore Hours,24.0,1 Hour,52.783501,2.2,2.2,2.2,OnDemand,USD,Microsoft.Sql,/subscriptions/a1b2c3d4-0002-0002-0002-000000000002/resourceGroups/rg-data-prod/providers/Microsoft.Sql/servers/databases/sqldb-business critical-0002,sqldb-business critical-0002,"{""team"": ""data-eng"", ""environment"": ""prod"", ""costcenter"": ""CC200"", ""application"": ""data-platform"", ""business_unit"": ""data"", ""owner_email"": ""data-eng-owner@company.com"", ""support_group"": ""data-platform-ops"", ""workload_criticality"": ""high"", ""sla_tier"": ""gold""}","{""cpuUtilPct"": 39.22, ""memoryUtilPct"": 51.17, ""diskUtilPct"": 37.09, ""idleHours"": 71, ""lastActivityAt"": ""2025-12-26T17:21:53Z""}",Databases,Usage,Azure,,
EA-9876543210,app-prod-sub,app-prod-sub,owner_0003@company.com,a1b2c3d4-0003-0003-0003-000000000003,app-prod-sub,rg-app-prod,eastus,2025-12-31,Azure SQL Database General Purpose_GP_Gen5_2 - eastus,SQL Database,General Purpose_GP_Gen5_2,69e0198c-4ca3-5ac2-8540-db65f6d44c56,vCore Hours,24.0,1 Hour,14.478631,0.6,0.6,0.6,OnDemand,USD,Microsoft.Sql,/subscriptions/a1b2c3d4-0003-0003-0003-000000000003/resourceGroups/rg-app-prod/providers/Microsoft.Sql/servers/databases/sqldb-general purpose-0003,sqldb-general purpose-0003,"{""team"": ""backend"", ""environment"": ""prod"", ""costcenter"": ""CC400"", ""application"": ""core-api"", ""business_unit"": ""product"", ""owner_email"": ""backend-owner@company.com"", ""support_group"": ""api-operations"", ""workload_criticality"": ""high"", ""sla_tier"": ""gold""}","{""cpuUtilPct"": 37.08, ""memoryUtilPct"": 45.24, ""diskUtilPct"": 22.23, ""idleHours"": 59, ""lastActivityAt"": ""2025-12-26T23:32:28Z""}",Databases,Usage,Azure,,
EA-9876543210,shared-infra-sub,shared-infra-sub,owner_infra@company.com,a1b2c3d4-9999-9999-9999-000000000099,shared-infra-sub,rg-shared-infra,eastus,2025-12-31,Azure Monitor,Monitor,Data Ingested,aadff281-e00d-588e-bd69-a4630325bd50,Data Ingested,1000.0,1 Unit,44.947875,0.045,0.045,0.045,OnDemand,USD,Microsoft.SharedInfra,/subscriptions/a1b2c3d4-9999-9999-9999-000000000099/resourceGroups/rg-shared-infra/providers/Microsoft.SharedInfra/Monitor/monitor,monitor,{},"{""cpuUtilPct"": 1.99, ""memoryUtilPct"": 4.99, ""diskUtilPct"": 4.0, ""idleHours"": 606, ""lastActivityAt"": ""2025-12-08T12:47:33Z""}",Management,Usage,Azure,,
EA-9876543210,shared-infra-sub,shared-infra-sub,owner_infra@company.com,a1b2c3d4-9999-9999-9999-000000000099,shared-infra-sub,rg-shared-infra,eastus,2025-12-31,Virtual Network,Networking,Intra-Region,cc2ca1a8-2d13-5873-b301-4b8ed16ed2c0,Intra-Region,622.22,1 Unit,28.04244,0.045,0.045,0.045,OnDemand,USD,Microsoft.SharedInfra,/subscriptions/a1b2c3d4-9999-9999-9999-000000000099/resourceGroups/rg-shared-infra/providers/Microsoft.SharedInfra/Networking/networking,networking,{},"{""cpuUtilPct"": 4.78, ""memoryUtilPct"": 7.07, ""diskUtilPct"": 4.77, ""idleHours"": 506, ""lastActivityAt"": ""2025-12-01T01:04:42Z""}",Networking,Usage,Azure,,
EA-9876543210,shared-infra-sub,shared-infra-sub,owner_infra@company.com,a1b2c3d4-9999-9999-9999-000000000099,shared-infra-sub,rg-shared-infra,eastus,2025-12-31,API Management,API Management,Gateway Units,78998862-331b-5215-a4b4-8d4500189f89,Gateway Units,2666.67,1 Unit,120.650495,0.045,0.045,0.045,OnDemand,USD,Microsoft.SharedInfra,/subscriptions/a1b2c3d4-9999-9999-9999-000000000099/resourceGroups/rg-shared-infra/providers/Microsoft.SharedInfra/API Management/api-management,api-management,{},"{""cpuUtilPct"": 1.63, ""memoryUtilPct"": 9.85, ""diskUtilPct"": 6.01, ""idleHours"": 713, ""lastActivityAt"": ""2025-11-28T08:37:51Z""}",Integration,Usage,Azure,,
EA-9876543210,shared-infra-sub,shared-infra-sub,owner_infra@company.com,a1b2c3d4-9999-9999-9999-000000000099,shared-infra-sub,rg-shared-infra,eastus,2025-12-31,Azure Key Vault,Key Vault,Operations,3cb0172e-6732-5350-b439-97753364a78c,Operations,177.78,1 Unit,8.064796,0.045,0.045,0.045,OnDemand,USD,Microsoft.SharedInfra,/subscriptions/a1b2c3d4-9999-9999-9999-000000000099/resourceGroups/rg-shared-infra/providers/Microsoft.SharedInfra/Key Vault/key-vault,key-vault,{},"{""cpuUtilPct"": 4.9, ""memoryUtilPct"": 4.84, ""diskUtilPct"": 4.13, ""idleHours"": 554, ""lastActivityAt"": ""2025-11-25T22:08:47Z""}",Security,Usage,Azure,,
EA-9876543210,shared-infra-sub,shared-infra-sub,owner_infra@company.com,a1b2c3d4-9999-9999-9999-000000000099,shared-infra-sub,rg-shared-infra,eastus,2025-12-31,Azure Blob Storage,Storage,Data Stored,2e8ee991-b3b7-5136-98e5-4772405cdb0c,Data Stored,400.0,1 Unit,17.894318,0.045,0.045,0.045,OnDemand,USD,Microsoft.SharedInfra,/subscriptions/a1b2c3d4-9999-9999-9999-000000000099/resourceGroups/rg-shared-infra/providers/Microsoft.SharedInfra/Storage/storage,storage,{},"{""cpuUtilPct"": 2.38, ""memoryUtilPct"": 3.16, ""diskUtilPct"": 3.78, ""idleHours"": 579, ""lastActivityAt"": ""2025-11-27T22:43:13Z""}",Storage,Usage,Azure,,
